race_id,競輪場,レース番号,開始時間,買い目,a,b,odds,p,EV
3820260524010004,静岡競輪,4R,12:20,1-4,1,4,505.2,0.049296606114159036,23.904645408873144
3820260524010004,静岡競輪,4R,12:20,1-3,1,3,597.1,0.04135386908626473,23.69239523140867
3820260524010004,静岡競輪,4R,12:20,3-5,3,5,404.2,0.05095282667498931,19.595132542030676
3820260524010010,静岡競輪,10R,15:30,4-6,4,6,520.5,0.03507761037223739,17.25789619874956
3820260524010006,静岡競輪,6R,13:20,3-4,3,4,554.0,0.03174120186897868,16.584625835414187
3820260524010005,静岡競輪,5R,12:50,5-7,5,7,499.4,0.03455412839037932,16.256331718155433
3820260524010004,静岡競輪,4R,12:20,3-4,3,4,355.0,0.04694519487884597,15.66554418199032
3820260524010005,静岡競輪,5R,12:50,2-5,2,5,399.5,0.040798631628503626,15.2990533355872
3820260524010004,静岡競輪,4R,12:20,1-5,1,5,295.2,0.05325470608200532,14.720789235407969
2520260522030006,大宮競輪,6R,10:20,2-3,2,3,349.9,0.04404376083454988,14.410911916009002
5520260523020006,和歌山競輪,6R,10:10,2-6,2,6,500.2,0.030689366700266642,14.350821223473375
2520260522030001,大宮競輪,1R,08:40,3-4,3,4,712.0,0.021362551778323507,14.210136866166337
3820260524010005,静岡競輪,5R,12:50,6-7,6,7,374.5,0.038942764693514535,13.584065377721194
3820260524010005,静岡競輪,5R,12:50,1-5,1,5,599.3,0.02421648952133798,13.512942170137851
3820260524010008,静岡競輪,8R,14:20,6-7,6,7,248.6,0.05414098813891026,12.45944965133309
3520260522030001,平塚競輪,1R,16:11,3-6,3,6,159.6,0.08432369070750446,12.458061036917712
2520260522030006,大宮競輪,6R,10:20,3-6,3,6,349.9,0.03842734932181782,12.445729527704055
3820260524010006,静岡競輪,6R,13:20,4-5,4,5,383.5,0.03450069602463071,12.231016925445878
2520260522030006,大宮競輪,6R,10:20,4-6,4,6,368.3,0.03580454909308366,12.186815430982712
3820260524010004,静岡競輪,4R,12:20,1-7,1,7,430.7,0.030467979489884167,12.12255876629311
2520260522030006,大宮競輪,6R,10:20,2-6,2,6,333.2,0.03801975469002057,11.668182262714854
5520260523020007,和歌山競輪,7R,10:30,1-2,1,2,208.7,0.058755255218755346,11.26222176415424
4320260522030008,岐阜競輪,8R,23:00,4-5,4,5,288.0,0.04224892558024375,11.1676905671102
3820260524010006,静岡競輪,6R,13:20,5-6,5,6,356.1,0.03405504119467427,11.127000169423509
1120260523020010,函館競輪,10R,19:35,3-6,3,6,396.5,0.030044944748547357,10.912820592799028
3820260524010005,静岡競輪,5R,12:50,4-6,4,6,461.0,0.025435299397691093,10.725673022335593
2520260522030006,大宮競輪,6R,10:20,3-4,3,4,279.9,0.04152385717620864,10.622527623620797
3820260524010004,静岡競輪,4R,12:20,3-7,3,7,430.7,0.026855485629938114,10.566657660814345
3820260524010006,静岡競輪,6R,13:20,4-6,4,6,216.7,0.052269443947087296,10.326788503333816
2520260522030006,大宮競輪,6R,10:20,1-6,1,6,368.3,0.0306009721600043,10.270338046529584
6220260522030008,広島競輪,8R,23:10,1-6,1,6,222.7,0.050294278386404365,10.200535796652252
3820260524010005,静岡競輪,5R,12:50,4-5,4,5,499.4,0.022318472485064526,10.145845159041224
3820260524010006,静岡競輪,6R,13:20,3-6,3,6,356.1,0.030755094004366778,9.95188897495501
6220260522030008,広島競輪,8R,23:10,2-6,2,6,222.7,0.04728932468325393,9.53133260696065
3820260524010006,静岡競輪,6R,13:20,1-5,1,5,356.1,0.029007985608400184,9.329743675151306
6220260522030008,広島競輪,8R,23:10,4-5,4,5,222.7,0.04434959837348444,8.876655557774985
3820260524010006,静岡競輪,6R,13:20,5-7,5,7,226.6,0.04245027162760252,8.619231550814732
4320260522030008,岐阜競輪,8R,23:00,4-6,4,6,288.0,0.0332255522125584,8.56895903721682
5520260523020007,和歌山競輪,7R,10:30,3-5,3,5,365.3,0.025428764584148816,8.289127702589562
6220260522030008,広島競輪,8R,23:10,3-6,3,6,222.7,0.04166072691089324,8.277843883055924
4320260522030008,岐阜競輪,8R,23:00,5-6,5,6,288.0,0.03151694918828879,8.076881366227171
3820260524010007,静岡競輪,7R,13:50,5-6,5,6,263.5,0.03441935295289657,8.069499503088245
5520260523020006,和歌山競輪,6R,10:10,4-6,4,6,269.3,0.03343505894453927,8.004061373764426
3820260524010004,静岡競輪,4R,12:20,4-5,4,5,148.4,0.06043696460043142,7.968845546704024
3820260524010005,静岡競輪,5R,12:50,1-6,1,6,315.4,0.0275169716468878,7.678852857428412
4320260522030008,岐阜競輪,8R,23:00,4-7,4,7,288.0,0.02994120900792662,7.623068194282867
3820260524010004,静岡競輪,4R,12:20,1-6,1,6,906.0,0.009059390645051301,7.207807924416478
3820260524010004,静岡競輪,4R,12:20,4-6,4,6,796.2,0.010283841209761054,7.187994371211753
4320260522030008,岐阜競輪,8R,23:00,5-7,5,7,288.0,0.028330905965712395,7.1593009181251706
3820260524010010,静岡競輪,10R,15:30,6-7,6,7,108.0,0.07492260828198119,7.091641694453969
3820260524010005,静岡競輪,5R,12:50,1-4,1,4,221.9,0.036442488921318,7.086588291640465
3820260524010001,静岡競輪,1R,10:57,6-7,6,7,264.2,0.030467240654730054,7.049444980979681
3820260524010007,静岡競輪,7R,13:50,6-7,6,7,225.8,0.03558068114073011,7.03411780157686
5520260523020002,和歌山競輪,2R,08:50,2-3,2,3,205.5,0.03907447798046302,7.02980522498515
6220260522030008,広島競輪,8R,23:10,3-7,3,7,222.7,0.03583937457345499,6.981428717508426
2520260522030006,大宮競輪,6R,10:20,1-4,1,4,233.2,0.033162085495223884,6.733398337486209
3820260524010008,静岡競輪,8R,14:20,5-6,5,6,295.3,0.026102175866807784,6.707972533468339
4320260522030008,岐阜競輪,8R,23:00,2-5,2,5,144.0,0.053440998566745765,6.69550379361139
1120260523020010,函館競輪,10R,19:35,6-7,6,7,594.7,0.012371348614180998,6.35724102085344
1120260523020012,函館競輪,12R,20:30,3-6,3,6,204.0,0.03562767093594009,6.268044870931778
5520260523020002,和歌山競輪,2R,08:50,2-6,2,6,246.6,0.029458975152090054,6.264583272505408
1120260523020012,函館競輪,12R,20:30,1-7,1,7,153.0,0.0473614846328925,6.246307148832552
4320260522030008,岐阜競輪,8R,23:00,3-5,3,5,144.0,0.05030566824451024,6.244016227209475
2520260522030006,大宮競輪,6R,10:20,1-3,1,3,199.9,0.0358948495719509,6.175380429432986
2520260522030001,大宮競輪,1R,08:40,2-3,2,3,237.3,0.0300849449524594,6.139157437218616
3820260524010009,静岡競輪,9R,14:55,3-6,3,6,167.4,0.042597573112482454,6.130833739029563
2520260522030007,大宮競輪,7R,10:40,2-7,2,7,136.1,0.05237141777048364,6.127749958562823
3820260524010001,静岡競輪,1R,10:57,4-5,4,5,251.6,0.028286912339751766,6.116987144681544
8420260523020009,武雄競輪,9R,14:40,2-7,2,7,155.4,0.045593124115048914,6.085171487478601
5520260523020006,和歌山競輪,6R,10:10,2-7,2,7,166.7,0.04235093028701857,6.059900078845995
3820260524010010,静岡競輪,10R,15:30,3-6,3,6,272.6,0.025851534576427707,6.047128325534193
5520260523020003,和歌山競輪,3R,09:10,1-6,1,6,338.1,0.020698038342638246,5.998006763645991
1120260523020003,函館競輪,3R,16:44,6-7,6,7,178.8,0.039080547968870304,5.987601976834011
2520260522030001,大宮競輪,1R,08:40,4-5,4,5,323.6,0.021434593462297265,5.936234444399395
2520260522030007,大宮競輪,7R,10:40,2-6,2,6,120.6,0.05736704403359317,5.918465510451336
3820260524010005,静岡競輪,5R,12:50,3-5,3,5,157.7,0.043672380229140426,5.887134362135445
2520260522030001,大宮競輪,1R,08:40,3-6,3,6,136.9,0.04960024597512056,5.7902736739940055
3820260524010006,静岡競輪,6R,13:20,3-7,3,7,171.9,0.03947607862451186,5.785937915553588
2520260522030001,大宮競輪,1R,08:40,4-6,4,6,148.3,0.045372109348007075,5.72868381630945
3820260524010001,静岡競輪,1R,10:57,5-6,5,6,587.1,0.011374454382140492,5.677942167754683
2520260522030001,大宮競輪,1R,08:40,3-7,3,7,209.4,0.03176936961041619,5.65250599642115
3520260522030005,平塚競輪,5R,17:44,4-6,4,6,67.8,0.09807022700695185,5.649161391071336
3820260524010009,静岡競輪,9R,14:55,5-6,5,6,211.1,0.03146860389083085,5.643022281354392
1120260523020008,函館競輪,8R,18:44,1-2,1,2,95.2,0.06886149394279081,5.555614223353686
3820260524010004,静岡競輪,4R,12:20,4-7,4,7,189.0,0.03461730804147638,5.542671219839035
1120260523020008,函館競輪,8R,18:44,4-6,4,6,285.7,0.022815683936313814,5.5184409006048565
2520260522030006,大宮競輪,6R,10:20,1-2,1,2,184.1,0.03524818748423372,5.489191315847428
6220260522030008,広島競輪,8R,23:10,2-5,2,5,111.3,0.057571097634366145,5.4076631667049515
3520260522030001,平塚競輪,1R,16:11,1-6,1,6,66.2,0.09675808309845321,5.405385101117603
3820260524010006,静岡競輪,6R,13:20,1-3,1,3,249.3,0.025674175623166907,5.40057198285551
3820260524010004,静岡競輪,4R,12:20,3-6,3,6,750.7,0.008516866388459828,5.393611597816793
1120260523020012,函館競輪,12R,20:30,3-4,3,4,136.0,0.046974116775883645,5.388479881520176
2520260522030001,大宮競輪,1R,08:40,3-5,3,5,254.3,0.024963260454015933,5.348157133456252
3820260524010005,静岡競輪,5R,12:50,4-7,4,7,127.5,0.04960509182582415,5.324649207792579
5520260523020005,和歌山競輪,5R,09:50,3-7,3,7,84.2,0.07500390603106673,5.315328887815818
3820260524010005,静岡競輪,5R,12:50,5-6,5,6,399.5,0.015535920179894115,5.206600111867699
2520260522030001,大宮競輪,1R,08:40,4-7,4,7,222.5,0.027890566214766287,5.205650982785499
3820260524010010,静岡競輪,10R,15:30,3-5,3,5,318.0,0.01934149389439266,5.150595058416865
1120260523020003,函館競輪,3R,16:44,4-6,4,6,199.9,0.030514821721834066,5.09991286219463
1120260523020002,函館競輪,2R,16:20,3-6,3,6,177.0,0.034442002028106766,5.096234358974898
3520260522030001,平塚競輪,1R,16:11,2-6,2,6,339.2,0.017721511151012396,5.011136582423404
3820260524010006,静岡競輪,6R,13:20,1-4,1,4,127.8,0.046160017855020684,4.899250281871644
3820260524010004,静岡競輪,4R,12:20,5-6,5,6,525.4,0.011151923500194977,4.859220607002441
3820260524010005,静岡競輪,5R,12:50,2-6,2,6,124.8,0.04582270627920813,4.718673743645174
3820260524010009,静岡競輪,9R,14:55,6-7,6,7,173.4,0.03293294487213558,4.7105726408283095
3520260522030010,平塚競輪,10R,19:48,1-2,1,2,219.5,0.02517084943568692,4.525001451133279
5520260523020002,和歌山競輪,2R,08:50,5-6,5,6,164.4,0.033504763463042236,4.508183113324144
3820260524010010,静岡競輪,10R,15:30,1-4,1,4,112.2,0.04909202682044144,4.5081254092535294
3820260524010010,静岡競輪,10R,15:30,4-5,4,5,204.4,0.026374360829420473,4.390919353533545
3820260524010006,静岡競輪,6R,13:20,4-7,4,7,87.4,0.06158834978664549,4.382821771352816
3820260524010001,静岡競輪,1R,10:57,4-6,4,6,150.9,0.03538477212763335,4.339562114059873
6220260522030008,広島競輪,8R,23:10,3-4,3,4,111.3,0.04744625235209589,4.280767886788272
5520260523020006,和歌山競輪,6R,10:10,6-7,6,7,233.4,0.022619516322316378,4.279395109628643
1120260523020003,函館競輪,3R,16:44,2-6,2,6,94.4,0.05584690163586314,4.271947514425481
5520260523020005,和歌山競輪,5R,09:50,1-4,1,4,103.6,0.05075662695410569,4.258386552445349
3820260524010007,静岡競輪,7R,13:50,3-6,3,6,143.7,0.036556595484531114,4.253182771127121
5520260523020003,和歌山競輪,3R,09:10,2-6,2,6,206.6,0.025358762674116565,4.2391203684724825
2520260522030006,大宮競輪,6R,10:20,2-4,2,4,127.2,0.04113161898888598,4.231941935386297
2520260522030001,大宮競輪,1R,08:40,2-5,2,5,169.5,0.030826501809230987,4.225092056664653
6220260522030004,広島競輪,4R,21:50,1-4,1,4,62.2,0.08302667115809931,4.164258946033777
3520260522030010,平塚競輪,10R,19:48,2-6,2,6,146.3,0.03511747534809142,4.137686643425775
1120260523020012,函館競輪,12R,20:30,2-3,2,3,153.0,0.03317300135207327,4.07546920686721
3820260524010009,静岡競輪,9R,14:55,4-6,4,6,78.3,0.06476692906128587,4.071250545498683
5520260523020005,和歌山競輪,5R,09:50,3-5,3,5,179.6,0.028129058689460223,4.051978940627056
3520260522030005,平塚競輪,5R,17:44,3-6,3,6,135.7,0.036460452606171714,3.947683418657501
2520260522030003,大宮競輪,3R,09:20,5-6,5,6,117.9,0.041759573026704674,3.923453659848481
1120260523020012,函館競輪,12R,20:30,1-6,1,6,153.0,0.03199541372649034,3.895298300153022
1120260523020011,函館競輪,11R,20:02,1-6,1,6,156.1,0.03100066507390667,3.8392038180368306
3520260522030001,平塚競輪,1R,16:11,3-4,3,4,55.3,0.08738313399388176,3.8322873098616608
3820260524010003,静岡競輪,3R,11:50,5-6,5,6,305.8,0.0157988409676323,3.831285567901957
2520260522030002,大宮競輪,2R,09:00,3-7,3,7,97.0,0.0497134708725346,3.822206674635856
6220260522030001,広島競輪,1R,20:50,4-5,4,5,86.2,0.05585707323070082,3.8148797124864107
2520260522030003,大宮競輪,3R,09:20,6-7,6,7,64.6,0.07426989678742707,3.7978353324677885
3520260522030007,平塚競輪,7R,18:32,2-7,2,7,46.7,0.1025014275115547,3.7868166647896047
8420260523020008,武雄競輪,8R,14:05,5-7,5,7,160.9,0.029491198260534292,3.7451338001199677
5520260523020003,和歌山競輪,3R,09:10,6-7,6,7,97.8,0.04840840969246767,3.734342467923338
3820260524010010,静岡競輪,10R,15:30,5-6,5,6,381.7,0.012330449530356443,3.7065325857370546
3520260522030005,平塚競輪,5R,17:44,6-7,6,7,135.7,0.03467318536915574,3.7051512545944343
1120260523020004,函館競輪,4R,17:08,4-6,4,6,171.8,0.027276829813785458,3.6861593620083424
3820260524010003,静岡競輪,3R,11:50,1-6,1,6,220.9,0.021169259148170437,3.67628934583085
1120260523020012,函館競輪,12R,20:30,4-7,4,7,122.4,0.038193734257943424,3.6749130731722754
1120260523020008,函館競輪,8R,18:44,6-7,6,7,142.8,0.03259128503018147,3.654035502309915
6220260522030008,広島競輪,8R,23:10,2-7,2,7,111.3,0.0416483780920844,3.6354644816489943
3520260522030010,平塚競輪,10R,19:48,6-7,6,7,109.7,0.0421274662902172,3.621383052036827
5520260523020007,和歌山競輪,7R,10:30,2-7,2,7,171.9,0.02687739289827012,3.620223839212634
3820260524010007,静岡競輪,7R,13:50,1-6,1,6,62.4,0.07402875554588509,3.6193943460632294
8420260523020010,武雄競輪,10R,15:15,3-8,3,8,142.4,0.03215478869075992,3.578841909564212
3820260524010001,静岡競輪,1R,10:57,3-5,3,5,82.5,0.05545943698908431,3.5754035515994556
5520260523020007,和歌山競輪,7R,10:30,2-5,2,5,146.1,0.03128011936183159,3.5700254387635946
3820260524010007,静岡競輪,7R,13:50,4-6,4,6,395.2,0.01155911494165679,3.568162224942763
8420260523020012,武雄競輪,12R,16:30,1-6,1,6,245.6,0.018540304780075106,3.5534988539864463
8420260523020005,武雄競輪,5R,12:35,3-9,3,9,114.0,0.03970990065141339,3.526928674261126
2520260522030006,大宮競輪,6R,10:20,3-5,3,5,77.7,0.05804629326734166,3.5101969868724474
3820260524010002,静岡競輪,2R,11:22,1-5,1,5,81.7,0.055034065567261536,3.4962831568452675
1120260523020004,函館競輪,4R,17:08,3-6,3,6,101.1,0.04438870680456797,3.4876982579418216
2520260522030004,大宮競輪,4R,09:40,3-6,3,6,66.0,0.06781915315594308,3.4760641082922437
3820260524010008,静岡競輪,8R,14:20,2-6,2,6,98.4,0.045029216202782454,3.430874874353794
1120260523020012,函館競輪,12R,20:30,1-4,1,4,94.1,0.04663978202383977,3.3888034884433216
4320260522030009,岐阜競輪,9R,23:20,3-7,3,7,100.1,0.04366895889899354,3.371262785789253
3520260522030010,平塚競輪,10R,19:48,2-5,2,5,125.4,0.03477209658199334,3.360420911381965
3520260522030010,平塚競輪,10R,19:48,1-6,1,6,125.4,0.034742192417362455,3.356670929137252
5520260523020007,和歌山競輪,7R,10:30,3-4,3,4,78.9,0.05485487209544962,3.3280494083309753
5520260523020003,和歌山競輪,3R,09:10,4-6,4,6,619.8,0.006960587984239871,3.314172432631872
3820260524010006,静岡競輪,6R,13:20,3-5,3,5,249.3,0.017172594986517048,3.2811279301387
3820260524010003,静岡競輪,3R,11:50,5-7,5,7,180.7,0.023660179450595332,3.275394426722576
1120260523020001,函館競輪,1R,15:55,5-6,5,6,113.9,0.03734879618019132,3.254027884923791
3820260524010007,静岡競輪,7R,13:50,4-7,4,7,182.4,0.023203678007179523,3.2323508685095454
1120260523020002,函館競輪,2R,16:20,3-4,3,4,92.7,0.045420292504803145,3.210461115195252
5520260523020001,和歌山競輪,1R,08:30,1-6,1,6,111.5,0.03775005064504228,3.2091306469222136
3520260522030001,平塚競輪,1R,16:11,4-6,4,6,159.6,0.026368953768141294,3.20848502139535
1120260523020011,函館競輪,11R,20:02,3-6,3,6,104.1,0.0404185337334841,3.207569361655694
5520260523020002,和歌山競輪,2R,08:50,6-7,6,7,214.4,0.019518773486679054,3.184825035543989
8420260523020008,武雄競輪,8R,14:05,2-7,2,7,110.2,0.037902196767320664,3.1768220837587373
5520260523020004,和歌山競輪,4R,09:30,6-7,6,7,103.9,0.04015090727141117,3.1716792654996206
3820260524010010,静岡競輪,10R,15:30,1-3,1,3,104.1,0.03992799571738523,3.156504354179802
3820260524010002,静岡競輪,2R,11:22,1-3,1,3,126.6,0.03272565430053117,3.143067834447246
8420260523020003,武雄競輪,3R,11:35,1-2,1,2,141.5,0.029207113927735975,3.13280662077464
8420260523020005,武雄競輪,5R,12:35,6-9,6,9,248.9,0.016567448883280714,3.12363802704857
3820260524010001,静岡競輪,1R,10:57,1-6,1,6,155.4,0.026529047786758103,3.1226140260622097
2520260522030001,大宮競輪,1R,08:40,2-4,2,4,154.7,0.02644387268744231,3.0908671047473257
3820260524010004,静岡競輪,4R,12:20,5-7,5,7,106.8,0.03823803426145556,3.083822059123454
8420260523020007,武雄競輪,7R,13:35,6-9,6,9,88.9,0.04586495998967656,3.077394943082246
8420260523020005,武雄競輪,5R,12:35,2-9,2,9,79.4,0.051169957717615386,3.0628946427786623
8420260523020010,武雄競輪,10R,15:15,1-8,1,8,77.4,0.05209922534976466,3.032480042071785
8420260523020008,武雄競輪,8R,14:05,6-7,6,7,435.0,0.009236596577276103,3.017919511115105
3520260522030004,平塚競輪,4R,17:21,4-7,4,7,65.6,0.06123212948778352,3.0168276943985983
8420260523020006,武雄競輪,6R,13:05,1-2,1,2,85.6,0.04691975530336545,3.0163310539680825
1120260523020004,函館競輪,4R,17:08,5-6,5,6,147.3,0.027232515873622548,3.0113495881846015
6220260522030004,広島競輪,4R,21:50,6-7,6,7,62.2,0.06399802276690404,2.9806770161014318
3820260524010011,静岡競輪,11R,16:06,2-7,2,7,117.5,0.033865711906788096,2.9792211490476013
6220260522030009,広島競輪,9R,23:30,5-6,5,6,107.2,0.03710041565494256,2.977164558209843
2520260522030003,大宮競輪,3R,09:20,1-6,1,6,85.3,0.04633243734821447,2.952156905802694
3820260524010005,静岡競輪,5R,12:50,2-4,2,4,68.8,0.05739282282379745,2.9486262102772645
5520260523020001,和歌山競輪,1R,08:30,5-6,5,6,294.0,0.013394468481177372,2.9379737334661473
1120260523020010,函館競輪,10R,19:35,1-6,1,6,84.9,0.04633401949084931,2.9337582547731067
8420260523020009,武雄競輪,9R,14:40,2-6,2,6,192.6,0.02035677821738167,2.9207154846677095
1120260523020010,函館競輪,10R,19:35,2-7,2,7,132.1,0.029543375263834267,2.9026798723525067
2520260522030006,大宮競輪,6R,10:20,5-6,5,6,76.0,0.05134679406663306,2.902356349064113
8420260523020001,武雄競輪,1R,10:45,5-8,5,8,270.9,0.01440130557699867,2.9013136808089395
3820260524010002,静岡競輪,2R,11:22,6-7,6,7,245.3,0.01590424317769946,2.901310851489678
3820260524010003,静岡競輪,3R,11:50,2-6,2,6,265.1,0.014603380162298188,2.87135608102525
3520260522030001,平塚競輪,1R,16:11,5-6,5,6,452.3,0.008538413934877262,2.861924622744986
5520260523020003,和歌山競輪,3R,09:10,5-6,5,6,90.7,0.0425108067864388,2.8557301755299993
2520260522030001,大宮競輪,1R,08:40,2-7,2,7,98.8,0.03881066890522149,2.834494087835883
3520260522030010,平塚競輪,10R,19:48,1-7,1,7,125.4,0.030545697787543444,2.830430502557948
3820260524010004,静岡競輪,4R,12:20,6-7,6,7,640.8,0.0059720511031953255,2.826890346927564
8420260523020005,武雄競輪,5R,12:35,7-9,7,9,155.6,0.024586152541792874,2.825605335502971
3820260524010004,静岡競輪,4R,12:20,2-3,2,3,39.5,0.09635918668533877,2.8061878740708814
4320260522030009,岐阜競輪,9R,23:20,2-5,2,5,66.7,0.056949560782054306,2.7985357041630223
8420260523020005,武雄競輪,5R,12:35,5-9,5,9,59.5,0.06379915905176234,2.796049963579859
8420260523020011,武雄競輪,11R,15:50,1-6,1,6,182.2,0.020833314559504795,2.7958299127417736
8420260523020001,武雄競輪,1R,10:45,5-6,5,6,303.4,0.012494721732759772,2.7908985737193146
6220260522030008,広島競輪,8R,23:10,3-5,3,5,74.2,0.050950493875085594,2.780526645531351
3820260524010002,静岡競輪,2R,11:22,5-7,5,7,118.9,0.03172455997824468,2.7720501814132925
5520260523020006,和歌山競輪,6R,10:10,1-2,1,2,76.1,0.04935066371849338,2.755585508977346
5520260523020006,和歌山競輪,6R,10:10,2-3,2,3,106.1,0.035223179123336154,2.7371793049859656
3820260524010010,静岡競輪,10R,15:30,2-3,2,3,89.4,0.04177891067802781,2.7350346146156865
5520260523020006,和歌山競輪,6R,10:10,3-6,3,6,233.4,0.01598590613477738,2.731110491857041
3820260524010003,静岡競輪,3R,11:50,4-6,4,6,77.9,0.04783883371639661,2.7266451465072965
1120260523020004,函館競輪,4R,17:08,6-7,6,7,95.4,0.038992734058271354,2.7199068291590875
1120260523020010,函館競輪,10R,19:35,2-3,2,3,74.3,0.04997332874307366,2.713018325610373
2520260522030007,大宮競輪,7R,10:40,2-4,2,4,63.9,0.058030851859264806,2.708171433807021
1120260523020005,函館競輪,5R,17:32,5-7,5,7,135.7,0.02727234859967917,2.700857704976463
5520260523020007,和歌山競輪,7R,10:30,1-5,1,5,39.4,0.09383147010493058,2.6969599221342646
1120260523020009,函館競輪,9R,19:09,2-6,2,6,68.2,0.05383993651279828,2.671883670172843
3820260524010001,静岡競輪,1R,10:57,2-7,2,7,77.7,0.04668384927639548,2.6273350887759293
3520260522030004,平塚競輪,4R,17:21,1-7,1,7,137.2,0.026366303471980025,2.617456836355659
3520260522030004,平塚競輪,4R,17:21,3-7,3,7,137.2,0.026201135311227048,2.5947957647003506
1120260523020011,函館競輪,11R,20:02,6-7,6,7,56.7,0.06339099942400145,2.5942696673408823
4320260522030001,岐阜競輪,1R,20:40,3-5,3,5,95.6,0.03749822710680177,2.584830511410249
3520260522030011,平塚競輪,11R,20:16,5-6,5,6,53.1,0.06743770391444026,2.5809420778567778
4320260522030008,岐阜競輪,8R,23:00,1-5,1,5,57.6,0.06213391362340126,2.578913424707913
1120260523020010,函館競輪,10R,19:35,4-7,4,7,84.9,0.042150755402463505,2.578599133669152
3820260524010011,静岡競輪,11R,16:06,1-7,1,7,78.9,0.04528508624043834,2.572993304370585
2520260522030002,大宮競輪,2R,09:00,2-6,2,6,121.3,0.029405671020285823,2.56690789476067
3820260524010003,静岡競輪,3R,11:50,2-5,2,5,113.6,0.03137400136132264,2.5640865546462512
5520260523020004,和歌山競輪,4R,09:30,2-7,2,7,73.6,0.04833920229496873,2.5577652889096982
4320260522030008,岐阜競輪,8R,23:00,3-7,3,7,96.0,0.03705518774018939,2.5572980230581814
4320260522030009,岐阜競輪,9R,23:20,2-3,2,3,50.0,0.07105652007319777,2.5528260036598884
8420260523020007,武雄競輪,7R,13:35,5-6,5,6,97.0,0.036439482663735416,2.5346298183823355
8420260523020009,武雄競輪,9R,14:40,2-5,2,5,73.2,0.04803827531523919,2.5164017530755087
1120260523020012,函館競輪,12R,20:30,1-2,1,2,111.2,0.03159920014110867,2.5138310556912837
3820260524010002,静岡競輪,2R,11:22,1-2,1,2,48.4,0.0725678331919456,2.512283126490167
8420260523020012,武雄競輪,12R,16:30,6-7,6,7,224.1,0.015642432933324887,2.505469220358107
3520260522030002,平塚競輪,2R,16:37,1-6,1,6,46.0,0.07616560668265032,2.5036179074019147
1120260523020009,函館競輪,9R,19:09,4-6,4,6,91.0,0.038492908752691915,2.502854696494964
2520260522030007,大宮競輪,7R,10:40,3-6,3,6,120.6,0.029025270010952585,2.5004475633208814
8420260523020009,武雄競輪,9R,14:40,3-7,3,7,125.7,0.027708484724521486,2.482956529872351
1120260523020012,函館競輪,12R,20:30,6-7,6,7,122.4,0.028357855835988394,2.4710015543249795
8420260523020012,武雄競輪,12R,16:30,1-7,1,7,122.8,0.028162866706493515,2.4584000315574035
3820260524010003,静岡競輪,3R,11:50,3-6,3,6,101.9,0.03387155017662738,2.4515109629983303
3520260522030002,平塚競輪,2R,16:37,1-7,1,7,54.9,0.06275737006744475,2.445379616702717
8420260523020005,武雄競輪,5R,12:35,1-9,1,9,114.0,0.030181699199767032,2.440713708773442
8420260523020011,武雄競輪,11R,15:50,2-6,2,6,138.0,0.024855349154616242,2.4300381833370412
2520260522030003,大宮競輪,3R,09:20,4-6,4,6,97.8,0.03493008278321006,2.4161620961979438
2520260522030002,大宮競輪,2R,09:00,6-7,6,7,168.7,0.02020646478803424,2.408830609741376
2520260522030001,大宮競輪,1R,08:40,2-6,2,6,57.4,0.059337552942930874,2.405975538924232
4320260522030008,岐阜競輪,8R,23:00,1-7,1,7,72.0,0.04717688304396832,2.396735579165719
3520260522030005,平塚競輪,5R,17:44,3-4,3,4,33.9,0.10019860092881848,2.3967325714869463
8420260523020001,武雄競輪,1R,10:45,1-8,1,8,96.0,0.03527604159148992,2.3864999927830324
3520260522030010,平塚競輪,10R,19:48,2-7,2,7,109.7,0.03086783896266767,2.386201934204643
8420260523020004,武雄競輪,4R,12:05,3-6,3,6,221.9,0.015219520848703188,2.3772116763272373
4320260522030009,岐阜競輪,9R,23:20,2-7,2,7,66.7,0.05016290304599071,2.345865633167581
1120260523020010,函館競輪,10R,19:35,4-6,4,6,74.3,0.04471520873253708,2.322340008827505
3820260524010009,静岡競輪,9R,14:55,1-5,1,5,131.2,0.025283361767149917,2.317177063850069
6220260522030001,広島競輪,1R,20:50,3-5,3,5,57.5,0.05766807188092136,2.3159141331529782
6220260522030008,広島競輪,8R,23:10,1-7,1,7,74.2,0.044644551381058176,2.312625712474517
8420260523020012,武雄競輪,12R,16:30,6-8,6,8,373.0,0.00888096166078444,2.312598699472596
2520260522030004,大宮競輪,4R,09:40,2-5,2,5,123.3,0.02680128066534374,2.304597906036883
8420260523020008,武雄競輪,8R,14:05,7-9,7,9,137.5,0.023974555319345784,2.296501356410045
1120260523020001,函館競輪,1R,15:55,6-7,6,7,261.9,0.012572522399476187,2.292743616422813
6220260522030004,広島競輪,4R,21:50,4-7,4,7,62.2,0.0529090541811561,2.2909431700679095
8420260523020001,武雄競輪,1R,10:45,1-6,1,6,114.9,0.028637931195142477,2.290498294321871
8420260523020007,武雄競輪,7R,13:35,5-7,5,7,91.8,0.03567412211399067,2.274884410064343
1120260523020010,函館競輪,10R,19:35,1-7,1,7,74.3,0.04377731577832733,2.2526545623297207
3520260522030004,平塚競輪,4R,17:21,1-3,1,3,188.7,0.017209474979506905,2.247427928632953
8420260523020003,武雄競輪,3R,11:35,1-3,1,3,123.0,0.026339864223578452,2.23980329950015
8420260523020006,武雄競輪,6R,13:05,1-9,1,9,57.7,0.05545647318822872,2.1998385029607976
3820260524010008,静岡競輪,8R,14:20,1-7,1,7,46.3,0.06895984437334891,2.1928407944860546
2520260522030002,大宮競輪,2R,09:00,4-6,4,6,168.7,0.018908634549548053,2.1898866485087565
4320260522030001,岐阜競輪,1R,20:40,4-7,4,7,95.6,0.033294851430176756,2.182987796724898
6220260522030009,広島競輪,9R,23:30,1-6,1,6,53.6,0.059338387486542014,2.180537569278652
2520260522030004,大宮競輪,4R,09:40,6-7,6,7,92.5,0.03417344791504615,2.161043932141769
3820260524010003,静岡競輪,3R,11:50,1-7,1,7,101.9,0.0309613061519995,2.1549570968887495
1120260523020002,函館競輪,2R,16:20,2-6,2,6,92.7,0.03398376032686125,2.1502945823000377
3520260522030003,平塚競輪,3R,16:59,3-4,3,4,76.7,0.0410168287632338,2.1459907661400326
6220260522030004,広島競輪,4R,21:50,1-6,1,6,31.1,0.10107241322262696,2.1433520512236988
3820260524010002,静岡競輪,2R,11:22,5-6,5,6,49.0,0.06414642663401737,2.1431749050668514
3820260524010001,静岡競輪,1R,10:57,5-7,5,7,132.1,0.023788427812512548,2.1424513140329076
3820260524010008,静岡競輪,8R,14:20,3-6,3,6,214.7,0.014599979265620535,2.134615548328729
2520260522030006,大宮競輪,6R,10:20,4-5,4,5,56.4,0.0553673679481793,2.1227195522773123
3820260524010003,静岡競輪,3R,11:50,3-5,3,5,51.6,0.060477291996428054,2.1206282670156877
3820260524010010,静岡競輪,10R,15:30,3-7,3,7,39.2,0.07943181778189569,2.113727257050311
3820260524010002,静岡競輪,2R,11:22,1-4,1,4,106.0,0.02936302812688494,2.112480981449804
2520260522030003,大宮競輪,3R,09:20,1-4,1,4,53.4,0.058079411530249814,2.10144057571534
3520260522030007,平塚競輪,7R,18:32,4-6,4,6,109.0,0.02832893110166893,2.0878534900819132
3820260524010004,静岡競輪,4R,12:20,1-2,1,2,32.1,0.09595548593317808,2.0801710984550166
5520260523020004,和歌山競輪,4R,09:30,4-7,4,7,57.0,0.053979677271313226,2.0768416044648537
1120260523020012,函館競輪,12R,20:30,4-6,4,6,111.2,0.027616869988084644,2.0709959426750126
8420260523020006,武雄競輪,6R,13:05,1-6,1,6,117.7,0.02604508547456326,2.065506560356096
1120260523020003,函館競輪,3R,16:44,4-7,4,7,45.9,0.06674546125343317,2.0636166715325825
3820260524010001,静岡競輪,1R,10:57,3-6,3,6,46.3,0.06586275875365735,2.049445730294335
8420260523020001,武雄競輪,1R,10:45,5-7,5,7,98.5,0.03095649168990404,2.049214431455548
8420260523020012,武雄競輪,12R,16:30,5-6,5,6,132.0,0.023070640691294535,2.0453245712508785
1120260523020008,函館競輪,8R,18:44,1-6,1,6,71.4,0.04262437730393462,2.043380539500932
3820260524010007,静岡競輪,7R,13:50,1-4,1,4,63.2,0.0480374016289129,2.0359637829472956
3820260524010005,静岡競輪,5R,12:50,3-6,3,6,61.7,0.04900398025684874,2.0235455818475674
3820260524010010,静岡競輪,10R,15:30,2-6,2,6,89.4,0.03376520144351321,2.018609009050081
4320260522030001,岐阜競輪,1R,20:40,1-7,1,7,47.8,0.06307448647167793,2.014960453346205
5520260523020002,和歌山競輪,2R,08:50,3-5,3,5,67.5,0.044657459410101824,2.014378510181873
6220260522030008,広島競輪,8R,23:10,2-4,2,4,55.6,0.05409167902567004,2.0074973538272545
8420260523020008,武雄競輪,8R,14:05,4-7,4,7,211.7,0.014173377598773521,2.0005040376603542
3820260524010010,静岡競輪,10R,15:30,1-6,1,6,89.4,0.033518548560386496,1.996558241298553
4320260522030002,岐阜競輪,2R,21:00,1-6,1,6,27.0,0.11094237959517803,1.9954442490698066
2520260522030002,大宮競輪,2R,09:00,1-7,1,7,92.4,0.03230955349804307,1.9854027432191796
8420260523020011,武雄競輪,11R,15:50,2-7,2,7,62.6,0.04764652440017024,1.982672427450657
2520260522030005,大宮競輪,5R,10:00,1-5,1,5,62.9,0.04723321088674877,1.9709689647764974
5520260523020007,和歌山競輪,7R,10:30,2-3,2,3,365.3,0.008116180165322597,1.9648406143923447
8420260523020003,武雄競輪,3R,11:35,4-7,4,7,67.0,0.044241698167377844,1.9641937772143154
5520260523020006,和歌山競輪,6R,10:10,4-7,4,7,61.4,0.04822923430067591,1.9612749860615009
4320260522030008,岐阜競輪,8R,23:00,1-6,1,6,57.6,0.05133036796421873,1.9566291947389987
3520260522030003,平塚競輪,3R,16:59,3-7,3,7,75.6,0.03906405241757811,1.953242362768905
5520260523020007,和歌山競輪,7R,10:30,2-4,2,4,42.9,0.06856185962201443,1.941303777784419
5520260523020005,和歌山競輪,5R,09:50,6-7,6,7,149.7,0.01958591694518702,1.932011766694497
8420260523020003,武雄競輪,3R,11:35,1-4,1,4,198.6,0.014715613577075893,1.9225208564072722
2520260522030005,大宮競輪,5R,10:00,3-5,3,5,80.9,0.0361194634447521,1.922064592680445
5520260523020003,和歌山競輪,3R,09:10,2-4,2,4,132.8,0.021993988939012925,1.9208017311009167
5520260523020001,和歌山競輪,1R,08:30,3-6,3,6,147.0,0.019846930063901112,1.9174987193934636
3520260522030001,平塚競輪,1R,16:11,2-4,2,4,123.3,0.02365015892120586,1.9160645949846824
3520260522030003,平塚競輪,3R,16:59,3-6,3,6,40.8,0.07106191147716437,1.899325988268306
8420260523020012,武雄競輪,12R,16:30,4-6,4,6,223.1,0.012992700224175553,1.8986714200135655
3520260522030003,平塚競輪,3R,16:59,3-5,3,5,87.5,0.033124199350239025,1.8983674431459145
8420260523020005,武雄競輪,5R,12:35,8-9,8,9,199.1,0.014541623644517426,1.8952372676234193
8420260523020007,武雄競輪,7R,13:35,3-9,3,9,70.7,0.04092754465573215,1.8935774071602633
8420260523020010,武雄競輪,10R,15:15,3-5,3,5,100.1,0.02878076402177346,1.8809544785795231
1120260523020012,函館競輪,12R,20:30,1-3,1,3,48.9,0.058646653701262666,1.8678213659917442
4320260522030008,岐阜競輪,8R,23:00,2-7,2,7,72.0,0.03961308322542117,1.8521419922303242
8420260523020003,武雄競輪,3R,11:35,1-6,1,6,290.3,0.009819855990309987,1.8507041939869895
3820260524010005,静岡競輪,5R,12:50,1-7,1,7,54.4,0.0522144081702335,1.8404638044607022
3820260524010001,静岡競輪,1R,10:57,2-5,2,5,125.8,0.02241266995980215,1.8195138809431106
2520260522030002,大宮競輪,2R,09:00,4-7,4,7,215.6,0.013043962543633755,1.8122783244074374
8420260523020008,武雄競輪,8R,14:05,1-6,1,6,240.2,0.011691310475500392,1.8082527762151943
3520260522030001,平塚競輪,1R,16:11,6-7,6,7,246.7,0.011325804079481604,1.7940758664081113
2520260522030007,大宮競輪,7R,10:40,3-4,3,4,98.3,0.028421247367558286,1.7938086162309794
3520260522030011,平塚競輪,11R,20:16,1-6,1,6,46.8,0.0595635490940371,1.787574097600936
8420260523020010,武雄競輪,10R,15:15,7-8,7,8,137.6,0.020098400488045447,1.7655399071550533
4320260522030002,岐阜競輪,2R,21:00,1-5,1,5,27.0,0.10237353078736458,1.7640853312588436
6220260522030009,広島競輪,9R,23:30,6-7,6,7,107.2,0.025760639947284246,1.7615406023488713
3520260522030010,平塚競輪,10R,19:48,3-7,3,7,97.5,0.028320392031764355,1.7612382230970245
3520260522030008,平塚競輪,8R,18:56,1-6,1,6,58.2,0.04741789748751943,1.7597216337736308
5520260523020007,和歌山競輪,7R,10:30,2-6,2,6,584.5,0.004721426798396414,1.7596739636627041
3820260524010009,静岡競輪,9R,14:55,5-7,5,7,59.9,0.04604557919950408,1.7581301940502945
8420260523020008,武雄競輪,8R,14:05,5-6,5,6,123.8,0.02223693570590491,1.7529326403910277
5520260523020002,和歌山競輪,2R,08:50,3-4,3,4,104.9,0.02621709411606784,1.7501731727755163
8420260523020006,武雄競輪,6R,13:05,2-9,2,9,155.7,0.017660170719206753,1.7496885809804912
8420260523020008,武雄競輪,8R,14:05,3-7,3,7,211.7,0.012973373755753893,1.746463224093099
5520260523020005,和歌山競輪,5R,09:50,4-5,4,5,30.9,0.08884140843573948,1.7451995206643498
2520260522030001,大宮競輪,1R,08:40,1-4,1,4,47.4,0.057896511219198366,1.7442946317900025
4320260522030001,岐阜競輪,1R,20:40,3-7,3,7,63.7,0.04306409578797836,1.7431829016942215
8420260523020012,武雄競輪,12R,16:30,1-8,1,8,181.2,0.015080037673173521,1.7325028263790418
2520260522030007,大宮競輪,7R,10:40,1-6,1,6,69.8,0.03909624673026843,1.7289180217727362
1120260523020004,函館競輪,4R,17:08,2-4,2,4,81.8,0.033341467673723306,1.7273320557105665
3520260522030007,平塚競輪,7R,18:32,4-7,4,7,65.4,0.04145446942427375,1.7111223003475033
8420260523020004,武雄競輪,4R,12:05,1-8,1,8,106.6,0.025408464346436354,1.7085422993301154
1120260523020010,函館競輪,10R,19:35,5-6,5,6,99.1,0.02722551163487346,1.6980482030159596
2520260522030002,大宮競輪,2R,09:00,2-4,2,4,129.4,0.02080382601225606,1.6920150859859344
3520260522030001,平塚競輪,1R,16:11,4-5,4,5,271.4,0.009851658693609261,1.6737401694455531
3820260524010008,静岡競輪,8R,14:20,4-5,4,5,66.5,0.04010564941808406,1.66702568630259
8420260523020004,武雄競輪,4R,12:05,4-8,4,8,175.8,0.015151331841744178,1.6636041377786266
3520260522030002,平塚競輪,2R,16:37,5-7,5,7,92.0,0.028928414033129658,1.6614140910479285
3820260524010002,静岡競輪,2R,11:22,3-6,3,6,68.8,0.03865363822856871,1.659370310125527
5520260523020002,和歌山競輪,2R,08:50,1-6,1,6,205.5,0.012914264394305937,1.65388133302987
5520260523020004,和歌山競輪,4R,09:30,1-7,1,7,33.9,0.07813295809884768,1.648707279550936
8420260523020012,武雄競輪,12R,16:30,3-8,3,8,98.0,0.026994112860677596,1.6454230603464044
3520260522030007,平塚競輪,7R,18:32,4-5,4,5,65.4,0.04040162252207126,1.6422661129434606
1120260523020002,函館競輪,2R,16:20,4-6,4,6,105.2,0.025041540920195726,1.6343701048045904
8420260523020003,武雄競輪,3R,11:35,2-7,2,7,39.4,0.06673615699886334,1.6294045857552155
3520260522030003,平塚競輪,3R,16:59,5-6,5,6,45.5,0.05762700340045135,1.6220286547205363
4320260522030001,岐阜競輪,1R,20:40,6-7,6,7,95.6,0.02737675481185886,1.6172177600137068
4320260522030009,岐阜競輪,9R,23:20,1-6,1,6,66.7,0.03920658348840742,1.6150791186767752
3820260524010008,静岡競輪,8R,14:20,4-6,4,6,127.7,0.020420682277039384,1.6077211267779292
8420260523020009,武雄競輪,9R,14:40,6-9,6,9,162.6,0.015953078951586635,1.593970637527987
8420260523020007,武雄競輪,7R,13:35,5-9,5,9,26.5,0.09782176841813087,1.592276863080468
2520260522030007,大宮競輪,7R,10:40,2-3,2,3,25.6,0.10111631338808172,1.588577622734892
2520260522030004,大宮競輪,4R,09:40,5-7,5,7,137.0,0.01885674386666688,1.5833739097333623
5520260523020004,和歌山競輪,4R,09:30,3-4,3,4,47.7,0.054137967698671394,1.5823810592266256
3820260524010002,静岡競輪,2R,11:22,1-7,1,7,196.2,0.013127596228010324,1.5756343799356256
5520260523020005,和歌山競輪,5R,09:50,1-5,1,5,107.7,0.023851748664558317,1.568833331172931
3520260522030011,平塚競輪,11R,20:16,4-6,4,6,113.8,0.022545064121739795,1.5656282970539888
1120260523020002,函館競輪,2R,16:20,4-7,4,7,69.5,0.036799437243667237,1.5575608884348728
8420260523020006,武雄競輪,6R,13:05,4-9,4,9,100.1,0.02545183916506883,1.54772910042339
3820260524010006,静岡競輪,6R,13:20,6-7,6,7,40.2,0.06332063324299042,1.545489456368215
3520260522030001,平塚競輪,1R,16:11,2-3,2,3,32.3,0.07876875112059997,1.544230661195379
3820260524010010,静岡競輪,10R,15:30,2-4,2,4,48.5,0.05223568786501212,1.533430861453088
1120260523020003,函館競輪,3R,16:44,1-6,1,6,72.3,0.03495235404333831,1.5270551973333597
8420260523020001,武雄競輪,1R,10:45,8-9,8,9,93.6,0.026984439361712464,1.5257435242562867
8420260523020012,武雄競輪,12R,16:30,2-6,2,6,124.3,0.020301611246253997,1.5234902779093717
3520260522030011,平塚競輪,11R,20:16,6-7,6,7,132.8,0.018926082493818663,1.5133837551791185
8420260523020011,武雄競輪,11R,15:50,3-7,3,7,133.3,0.018839196705148963,1.511264920796357
5520260523020005,和歌山競輪,5R,09:50,3-4,3,4,41.4,0.06061082601858822,1.5092881971695524
8420260523020005,武雄競輪,5R,12:35,3-6,3,6,149.3,0.016705489851655857,1.4941296348522197
3520260522030006,平塚競輪,6R,18:08,4-6,4,6,53.4,0.046614032139095825,1.489189316227717
3520260522030011,平塚競輪,11R,20:16,5-7,5,7,39.8,0.06241554255377994,1.4841385936404414
8420260523020003,武雄競輪,3R,11:35,1-5,1,5,62.5,0.039664998635412625,1.479062414713289
3520260522030002,平塚競輪,2R,16:37,5-6,5,6,66.6,0.0372042941682493,1.4778059916054032
8420260523020009,武雄競輪,9R,14:40,5-7,5,7,290.5,0.008509371896087733,1.4719725358134865
8420260523020009,武雄競輪,9R,14:40,5-8,5,8,173.7,0.014190020626155493,1.464806582763209
1120260523020004,函館競輪,4R,17:08,2-3,2,3,43.6,0.05648533305989396,1.4627605214113766
3820260524010008,静岡競輪,8R,14:20,1-5,1,5,67.5,0.03645454161082628,1.4606815587307738
3520260522030004,平塚競輪,4R,17:21,5-7,5,7,58.0,0.04226433123073857,1.4513312113828372
2520260522030005,大宮競輪,5R,10:00,6-7,6,7,52.1,0.046838020498656104,1.4402608679799829
8420260523020012,武雄競輪,12R,16:30,1-4,1,4,109.8,0.022197009087967585,1.4372315978588408
3820260524010011,静岡競輪,11R,16:06,5-7,5,7,135.6,0.01796619054401062,1.43621543776784
1120260523020010,函館競輪,10R,19:35,3-4,3,4,34.9,0.06973366327514947,1.4337048483027166
1120260523020001,函館競輪,1R,15:55,4-7,4,7,119.0,0.020427458956481313,1.4308676158212763
1120260523020005,函館競輪,5R,17:32,6-7,6,7,90.5,0.026855650498328058,1.4304363700986893
5520260523020005,和歌山競輪,5R,09:50,5-6,5,6,269.4,0.009021119487932182,1.4302895900489294
6220260522030009,広島競輪,9R,23:30,5-7,5,7,53.6,0.04527267424683717,1.4266153396304722
3520260522030006,平塚競輪,6R,18:08,6-7,6,7,53.4,0.04543502492840466,1.426230331176809
8420260523020010,武雄競輪,10R,15:15,1-5,1,5,52.5,0.04615587609987973,1.423183495243686
2520260522030004,大宮競輪,4R,09:40,4-6,4,6,72.5,0.03336108042016428,1.4186783304619102
8420260523020001,武雄競輪,1R,10:45,7-8,7,8,93.6,0.025837077088489507,1.4183504154826179
8420260523020012,武雄競輪,12R,16:30,6-9,6,9,156.7,0.015430702211980537,1.4179910366173498
2520260522030002,大宮競輪,2R,09:00,1-6,1,6,62.6,0.038603101930784665,1.41655418086712
8420260523020011,武雄競輪,11R,15:50,6-7,6,7,231.8,0.010387661515067549,1.407859939192658
5520260523020004,和歌山競輪,4R,09:30,5-7,5,7,96.4,0.024907018525297604,1.401036585838689
1120260523020006,函館競輪,6R,17:56,4-6,4,6,46.7,0.05129097671365926,1.3952886125278874
8420260523020011,武雄競輪,11R,15:50,6-9,6,9,189.4,0.012641170053956895,1.394237608219436
1120260523020010,函館競輪,10R,19:35,2-5,2,5,54.0,0.04431133634335552,1.392812162541198
8420260523020006,武雄競輪,6R,13:05,1-4,1,4,39.3,0.0608522932503668,1.3914951247394152
2520260522030003,大宮競輪,3R,09:20,3-6,3,6,87.1,0.027416687996594816,1.387993524503408
8420260523020009,武雄競輪,9R,14:40,3-5,3,5,81.6,0.02924360626963879,1.3862782716025248
3520260522030003,平塚競輪,3R,16:59,4-7,4,7,62.2,0.03834735971052752,1.3852057739948123
1120260523020002,函館競輪,2R,16:20,5-6,5,6,46.3,0.05138609213204642,1.3791760657137488
1120260523020001,函館競輪,1R,15:55,1-6,1,6,48.5,0.049048500845504474,1.3788522910069672
4320260522030009,岐阜競輪,9R,23:20,3-6,3,6,100.1,0.023722623375601926,1.3746345998977527
8420260523020011,武雄競輪,11R,15:50,2-3,2,3,36.5,0.06497891896314253,1.3717305421547024
8420260523020009,武雄競輪,9R,14:40,1-5,1,5,115.8,0.020464075062899382,1.3697398922837483
8420260523020009,武雄競輪,9R,14:40,4-7,4,7,162.6,0.014572191199236442,1.3694382889958452
5520260523020004,和歌山競輪,4R,09:30,2-6,2,6,63.8,0.03702524525352075,1.3622106471746238
8420260523020004,武雄競輪,4R,12:05,1-6,1,6,175.8,0.013393355962833054,1.3545519782660511
5520260523020004,和歌山競輪,4R,09:30,4-6,4,6,57.6,0.04082800625866828,1.351693160499293
3820260524010010,静岡競輪,10R,15:30,3-4,3,4,56.1,0.04176485890254587,1.3430085844328237
5520260523020004,和歌山競輪,4R,09:30,3-6,3,6,57.6,0.04064421090639349,1.341106548208265
3520260522030007,平塚競輪,7R,18:32,3-4,3,4,81.7,0.028652080681498736,1.3408749916784468
8420260523020011,武雄競輪,11R,15:50,4-6,4,6,195.7,0.011957861808257642,1.3401535558760203
3820260524010002,静岡競輪,2R,11:22,3-7,3,7,135.3,0.017225416773805232,1.3305988894958483
8420260523020009,武雄競輪,9R,14:40,7-9,7,9,67.1,0.03466665985617023,1.326132876349022
3520260522030010,平塚競輪,10R,19:48,2-4,2,4,30.2,0.07700925004771293,1.3256793514409306
2520260522030005,大宮競輪,5R,10:00,5-6,5,6,96.7,0.024027130235134402,1.3234234937374967
8420260523020005,武雄競輪,5R,12:35,4-6,4,6,240.9,0.00962933587644488,1.3197070126355714
3820260524010004,静岡競輪,4R,12:20,2-4,2,4,21.3,0.10881687570118011,1.3177994524351364
1120260523020012,函館競輪,12R,20:30,3-7,3,7,48.9,0.047304717944475376,1.313200707484846
5520260523020005,和歌山競輪,5R,09:50,1-2,1,2,107.7,0.021461466286539575,1.3113999190603125
1120260523020006,函館競輪,6R,17:56,1-6,1,6,36.3,0.0636573362969948,1.3107613075809108
1120260523020006,函館競輪,6R,17:56,6-7,6,7,65.4,0.03531397036042604,1.3095336615718636
2520260522030001,大宮競輪,1R,08:40,5-6,5,6,43.9,0.0523532690761377,1.298308512442445
3820260524010011,静岡競輪,11R,16:06,2-6,2,6,44.4,0.05168265318120156,1.2947098012453493
5520260523020007,和歌山競輪,7R,10:30,1-3,1,3,48.7,0.04711830980559635,1.2946616875325425
3520260522030010,平塚競輪,10R,19:48,5-7,5,7,54.8,0.041824710016422254,1.2919941088999392
2520260522030007,大宮競輪,7R,10:40,1-4,1,4,58.9,0.038840770413620634,1.2877213773622551
3820260524010003,静岡競輪,3R,11:50,1-2,1,2,58.4,0.039093289145917524,1.2830480861215832
5520260523020005,和歌山競輪,5R,09:50,1-7,1,7,36.4,0.06264037085833592,1.2801094992434274
3520260522030010,平塚競輪,10R,19:48,2-3,2,3,97.5,0.023357289816580844,1.2773357571166324
8420260523020004,武雄競輪,4R,12:05,5-8,5,8,211.5,0.010756224453551157,1.2749414719260694
8420260523020001,武雄競輪,1R,10:45,1-7,1,7,31.3,0.07259598316138802,1.2722542729514448
8420260523020004,武雄競輪,4R,12:05,7-8,7,8,175.8,0.012917871593094047,1.2709618260659337
8420260523020006,武雄競輪,6R,13:05,4-6,4,6,183.5,0.01235726157095126,1.2675574982695563
3820260524010006,静岡競輪,6R,13:20,1-6,1,6,48.8,0.0463370053074144,1.2612458590018227
1120260523020008,函館競輪,8R,18:44,2-3,2,3,47.6,0.04747654675279704,1.2598836254331394
8420260523020010,武雄競輪,10R,15:15,8-9,8,9,91.9,0.024577828222574143,1.258702413654564
3520260522030005,平塚競輪,5R,17:44,4-7,4,7,20.8,0.1084839726025014,1.2564666301320289
2520260522030007,大宮競輪,7R,10:40,6-7,6,7,241.3,0.009342726245439088,1.2543998430244523
3820260524010009,静岡競輪,9R,14:55,1-6,1,6,167.4,0.013424192156879322,1.2472097670615985
1120260523020010,函館競輪,10R,19:35,2-4,2,4,33.0,0.06794374414820348,1.2421435568907149
2520260522030001,大宮競輪,1R,08:40,1-3,1,3,35.9,0.062439263461373774,1.2415695582633184
3520260522030004,平塚競輪,4R,17:21,6-7,6,7,23.9,0.09367049356890148,1.238724796296745
2520260522030002,大宮競輪,2R,09:00,3-6,3,6,40.0,0.05593990586577685,1.237596234631074
4320260522030001,岐阜競輪,1R,20:40,3-6,3,6,63.7,0.03507692343477419,1.234400022795116
2520260522030003,大宮競輪,3R,09:20,1-7,1,7,21.2,0.10501532145818938,1.2263248149136148
5520260523020006,和歌山競輪,6R,10:10,5-6,5,6,41.6,0.05345689408777058,1.223806794051256
2520260522030006,大宮競輪,6R,10:20,1-5,1,5,45.7,0.04860832451631829,1.2214004303957458
3520260522030003,平塚競輪,3R,16:59,4-5,4,5,68.2,0.03251745001300863,1.2176900908871886
3820260524010011,静岡競輪,11R,16:06,6-7,6,7,155.5,0.014256734469308207,1.2169222099774264
2520260522030007,大宮競輪,7R,10:40,5-7,5,7,89.9,0.024632917637141,1.214499295578976
5520260523020001,和歌山競輪,1R,08:30,4-5,4,5,32.8,0.06719696881386443,1.204060577094753
3820260524010006,静岡競輪,6R,13:20,2-3,2,3,47.0,0.04685296695111539,1.2020894467024235
2520260522030004,大宮競輪,4R,09:40,2-7,2,7,34.9,0.0629736456822695,1.1977802343112054
2520260522030003,大宮競輪,3R,09:20,1-3,1,3,42.2,0.051882902905949366,1.1894585026310636
8420260523020012,武雄競輪,12R,16:30,3-7,3,7,44.5,0.04908508558719196,1.1842863086300421
8420260523020003,武雄競輪,3R,11:35,1-9,1,9,130.1,0.01678216670206847,1.1833598879391078
8420260523020002,武雄競輪,2R,11:10,5-6,5,6,190.2,0.011472435419545107,1.182057216797479
8420260523020004,武雄競輪,4R,12:05,8-9,8,9,124.2,0.017566765510077496,1.1817922763516249
8420260523020006,武雄競輪,6R,13:05,2-6,2,6,248.7,0.008768158244872726,1.1806409554998467
3520260522030007,平塚競輪,7R,18:32,3-7,3,7,81.7,0.026648296399132448,1.1771658158091212
1120260523020001,函館競輪,1R,15:55,2-7,2,7,84.5,0.025695885492817143,1.1713023241430487
8420260523020009,武雄競輪,9R,14:40,6-7,6,7,454.5,0.004753275101625112,1.1603635336886136
3520260522030002,平塚競輪,2R,16:37,3-6,3,6,120.4,0.017852192656632158,1.149403995858512
8420260523020002,武雄競輪,2R,11:10,1-6,1,6,255.0,0.008372129086843474,1.1348929171450859
3820260524010003,静岡競輪,3R,11:50,2-7,2,7,96.9,0.022029975189799086,1.1347045958915314
8420260523020007,武雄競輪,7R,13:35,2-6,2,6,132.6,0.01606420075832988,1.1301130205545418
3520260522030004,平塚競輪,4R,17:21,3-4,3,4,52.0,0.04095197607179363,1.1295027557332684
1120260523020003,函館競輪,3R,16:44,5-6,5,6,178.8,0.01187717438556602,1.1236387801392045
4320260522030001,岐阜競輪,1R,20:40,2-7,2,7,38.2,0.055441908686861566,1.1178809118381121
1120260523020002,函館競輪,2R,16:20,3-7,3,7,45.8,0.046094916005210096,1.111147153038622
5520260523020001,和歌山競輪,1R,08:30,2-6,2,6,64.6,0.03254302425926554,1.102279367148554
8420260523020010,武雄競輪,10R,15:15,2-8,2,8,103.0,0.02035829363987339,1.096904244906959
5520260523020002,和歌山競輪,2R,08:50,3-6,3,6,328.8,0.006377261042522741,1.0968434307814774
1120260523020003,函館競輪,3R,16:44,4-5,4,5,82.9,0.02522736976084083,1.0913489531737048
6220260522030004,広島競輪,4R,21:50,1-7,1,7,20.7,0.10093624538523788,1.0893802794744238
3820260524010004,静岡競輪,4R,12:20,2-6,2,6,99.9,0.020903029786767446,1.0882126756980681
1120260523020002,函館競輪,2R,16:20,2-4,2,4,46.9,0.044473588824156564,1.085811315852943
4320260522030003,岐阜競輪,3R,21:20,2-7,2,7,36.7,0.05681243510386963,1.0850163683120155
2520260522030004,大宮競輪,4R,09:40,3-5,3,5,54.4,0.03832038220671567,1.0846287920453324
4320260522030007,岐阜競輪,7R,22:40,1-6,1,6,21.0,0.09864219814552364,1.0714861610559963
3820260524010003,静岡競輪,3R,11:50,2-3,2,3,35.1,0.058892433088578715,1.0671244014091128
1120260523020005,函館競輪,5R,17:32,4-7,4,7,60.3,0.03426680894390024,1.0662885793171841
8420260523020006,武雄競輪,6R,13:05,7-9,7,9,47.5,0.04348784650596349,1.0656727090332656
2520260522030004,大宮競輪,4R,09:40,1-6,1,6,71.1,0.028808419941574973,1.0482786578459802
5520260523020002,和歌山競輪,2R,08:50,1-3,1,3,123.3,0.01658899636860639,1.0454232522491678
3520260522030008,平塚競輪,8R,18:56,5-6,5,6,34.9,0.05859924769754185,1.0451137446442105
1120260523020007,函館競輪,7R,18:20,5-7,5,7,108.2,0.018883074949058398,1.0431487094881189
1120260523020010,函館競輪,10R,19:35,4-5,4,5,33.0,0.06173245091647113,1.037170880243547
1120260523020002,函館競輪,2R,16:20,4-5,4,5,30.6,0.0664456443913215,1.0332367183744382
3820260524010006,静岡競輪,6R,13:20,1-7,1,7,36.1,0.056230850684035424,1.0299337096936787
3520260522030002,平塚競輪,2R,16:37,3-4,3,4,57.9,0.035036232610074415,1.0285978681233088
5520260523020004,和歌山競輪,4R,09:30,3-5,3,5,79.1,0.025521331980748917,1.0187373596772393
5520260523020001,和歌山競輪,1R,08:30,6-7,6,7,208.6,0.009676230636559832,1.0184617107863807
8420260523020008,武雄競輪,8R,14:05,1-7,1,7,149.0,0.013546249210908717,1.018391132425399
1120260523020001,函館競輪,1R,15:55,1-4,1,4,34.9,0.05781535049858891,1.0177557324007527
4320260522030005,岐阜競輪,5R,22:00,1-6,1,6,26.2,0.07699312251817458,1.017219809976174
4320260522030008,岐阜競輪,8R,23:00,6-7,6,7,96.0,0.0208978105256382,1.006189810461267
3520260522030001,平塚競輪,1R,16:11,3-5,3,5,77.5,0.025805343661075678,0.999914133733365
8420260523020010,武雄競輪,10R,15:15,6-8,6,8,162.0,0.012341813133254316,0.9993737275871992
8420260523020010,武雄競輪,10R,15:15,5-9,5,9,90.9,0.021976048689072734,0.9976228258367117
3820260524010007,静岡競輪,7R,13:50,2-4,2,4,98.8,0.02017416252420852,0.9932072573918016
3520260522030001,平塚競輪,1R,16:11,1-4,1,4,20.1,0.09915841215722693,0.9930840843602613
5520260523020002,和歌山競輪,2R,08:50,4-6,4,6,98.6,0.020144782305428228,0.986275535315223
3520260522030007,平塚競輪,7R,18:32,2-6,2,6,27.2,0.07292432217508907,0.9835415631624227
3820260524010011,静岡競輪,11R,16:06,2-3,2,3,30.5,0.06496693419935953,0.9814914930804657
8420260523020002,武雄競輪,2R,11:10,5-9,5,9,38.1,0.05196982245291401,0.9800502354560239
8420260523020002,武雄競輪,2R,11:10,2-8,2,8,108.9,0.018100652610815324,0.9711610693177888
3820260524010007,静岡競輪,7R,13:50,5-7,5,7,40.1,0.04907983829085962,0.9681015154634709
1120260523020012,函館競輪,12R,20:30,2-6,2,6,111.2,0.017644525408029327,0.9620712253728612
3820260524010002,静岡競輪,2R,11:22,2-6,2,6,23.3,0.08417315170011985,0.9612344346127926
5520260523020001,和歌山競輪,1R,08:30,4-6,4,6,37.6,0.05204338702769955,0.9568313522415031
3520260522030003,平塚競輪,3R,16:59,5-7,5,7,62.9,0.031087441178874,0.9554000501511746
1120260523020007,函館競輪,7R,18:20,6-7,6,7,64.9,0.029891336706199024,0.9399477522323167
8420260523020011,武雄競輪,11R,15:50,3-4,3,4,73.6,0.02635347827240337,0.9396160008488879
3820260524010006,静岡競輪,6R,13:20,2-5,2,5,38.9,0.04976875085034067,0.9360044080782521
1120260523020003,函館競輪,3R,16:44,2-3,2,3,35.4,0.054662726007125975,0.9350605006522594
8420260523020001,武雄競輪,1R,10:45,1-5,1,5,44.8,0.04316489699509797,0.9337873853803889
8420260523020005,武雄競輪,5R,12:35,2-4,2,4,68.8,0.028103742345608154,0.933537473377841
3520260522030004,平塚競輪,4R,17:21,1-5,1,5,68.6,0.02818567125035687,0.9335370477744811
3520260522030008,平塚競輪,8R,18:56,4-6,4,6,43.6,0.04433840357844959,0.9331543960204023
3520260522030001,平塚競輪,1R,16:11,4-7,4,7,142.8,0.01352224705376395,0.9309768792774922
2520260522030003,大宮競輪,3R,09:20,3-5,3,5,41.3,0.04674727697618236,0.9306625391163315
5520260523020005,和歌山競輪,5R,09:50,4-6,4,6,117.1,0.016465192658763037,0.9280740603411515
1120260523020008,函館競輪,8R,18:44,4-7,4,7,35.7,0.05395731354021843,0.9262760933857981
8420260523020009,武雄競輪,9R,14:40,1-6,1,6,216.1,0.008903511897345286,0.9240489210163163
8420260523020004,武雄競輪,4R,12:05,3-4,3,4,34.4,0.05589499616965019,0.9227878682359665
2520260522030005,大宮競輪,5R,10:00,1-7,1,7,23.8,0.08063997336623868,0.9192313661164806
8420260523020011,武雄競輪,11R,15:50,1-3,1,3,38.0,0.050111088591900665,0.9042213664922252
1120260523020005,函館競輪,5R,17:32,2-7,2,7,60.3,0.03156677728794039,0.9034766704628054
2520260522030002,大宮競輪,2R,09:00,4-5,4,5,35.2,0.05392894528732217,0.8982988741137405
3520260522030009,平塚競輪,9R,19:21,3-5,3,5,44.9,0.042274251804068436,0.8981139060026726
3820260524010010,静岡競輪,10R,15:30,1-5,1,5,75.3,0.02520127707085368,0.8976561634352822
6220260522030001,広島競輪,1R,20:50,2-5,2,5,24.6,0.07713023065206626,0.89740367404083
1120260523020002,函館競輪,2R,16:20,2-3,2,3,35.4,0.05347369884558315,0.8929689391336435
5520260523020004,和歌山競輪,4R,09:30,4-5,4,5,76.8,0.02456246107763263,0.8863970107621859
2520260522030006,大宮競輪,6R,10:20,2-5,2,5,32.1,0.05863693719039846,0.8822456838117907
1120260523020010,函館競輪,10R,19:35,5-7,5,7,74.3,0.025314389304015687,0.8808591252883655
5520260523020002,和歌山競輪,2R,08:50,2-5,2,5,16.4,0.11468032503138398,0.8807573305146972
1120260523020010,函館競輪,10R,19:35,2-6,2,6,59.4,0.03148064256261959,0.8699501682196038
3820260524010001,静岡競輪,1R,10:57,1-4,1,4,37.7,0.04949132263778574,0.8658228634445224
1120260523020011,函館競輪,11R,20:02,2-3,2,3,48.0,0.03884427902859347,0.8645253933724866
3820260524010009,静岡競輪,9R,14:55,2-5,2,5,44.9,0.04142659550013487,0.8600541379560556
3520260522030005,平塚競輪,5R,17:44,3-7,3,7,45.2,0.0410792192822827,0.8567807115591781
8420260523020001,武雄競輪,1R,10:45,6-9,6,9,82.4,0.022488399816494357,0.8530441448791353
4320260522030002,岐阜競輪,2R,21:00,6-7,6,7,27.0,0.06855634426482202,0.8510212951501945
8420260523020003,武雄競輪,3R,11:35,2-4,2,4,63.6,0.028994590404474455,0.8440559497245754
3520260522030009,平塚競輪,9R,19:21,3-4,3,4,49.9,0.03690209181886056,0.8414143817611419
1120260523020001,函館競輪,1R,15:55,3-7,3,7,41.5,0.044265531546795855,0.837019559192028
3820260524010008,静岡競輪,8R,14:20,4-7,4,7,25.6,0.071700976832165,0.8355450069034243
2520260522030004,大宮競輪,4R,09:40,5-6,5,6,194.7,0.009416082697633672,0.8333113012292759
3520260522030011,平塚競輪,11R,20:16,1-7,1,7,33.2,0.055062367810354576,0.8280706113037721
3820260524010009,静岡競輪,9R,14:55,2-3,2,3,34.9,0.05235490031280872,0.8271860209170243
5520260523020007,和歌山競輪,7R,10:30,5-6,5,6,194.8,0.00937115811945383,0.8255016016696062
8420260523020008,武雄競輪,8R,14:05,1-5,1,5,53.2,0.03429213737952388,0.8243417085906704
8420260523020010,武雄競輪,10R,15:15,5-7,5,7,100.9,0.018074497474938077,0.8237167952212521
5520260523020006,和歌山競輪,6R,10:10,1-4,1,4,33.0,0.055155137606407945,0.8201195410114621
8420260523020002,武雄競輪,2R,11:10,1-9,1,9,49.5,0.03674445535010494,0.8188505398301946
8420260523020009,武雄競輪,9R,14:40,6-8,6,8,285.9,0.00634217016440689,0.8132264500039297
8420260523020004,武雄競輪,4R,12:05,6-8,6,8,436.7,0.0041496528672201865,0.8121534071150553
5520260523020004,和歌山競輪,4R,09:30,2-5,2,5,80.3,0.022513943604441686,0.8078696714366673
4320260522030003,岐阜競輪,3R,21:20,1-2,1,2,18.3,0.09874226611363439,0.8069834698795093
4320260522030001,岐阜競輪,1R,20:40,1-5,1,5,31.8,0.05682128476176382,0.8069168554240895
5520260523020005,和歌山競輪,5R,09:50,1-3,1,3,192.4,0.00937307544899051,0.8033797163857741
3820260524010003,静岡競輪,3R,11:50,6-7,6,7,180.7,0.009977454653024947,0.8029260558016078
3520260522030002,平塚競輪,2R,16:37,6-7,6,7,120.4,0.014965209235031888,0.8018111918978394
3820260524010007,静岡競輪,7R,13:50,3-7,3,7,33.4,0.053920366801208125,0.8009402511603514
3820260524010010,静岡競輪,10R,15:30,4-7,4,7,19.5,0.09219015862762546,0.7977080932386964
3520260522030007,平塚競輪,7R,18:32,5-7,5,7,46.7,0.03848619701058884,0.797305400394499
1120260523020002,函館競輪,2R,16:20,1-6,1,6,59.0,0.03041055807843561,0.794222926627701
1120260523020012,函館競輪,12R,20:30,2-4,2,4,68.0,0.02627938650642681,0.786998282437023
3820260524010009,静岡競輪,9R,14:55,3-7,3,7,30.3,0.05886992185902734,0.7837586323285284
4320260522030008,岐阜競輪,8R,23:00,2-6,2,6,41.1,0.043392869580359636,0.783446939752781
8420260523020003,武雄競輪,3R,11:35,3-4,3,4,72.5,0.024579512868738225,0.7820146829835213
4320260522030008,岐阜競輪,8R,23:00,2-4,2,4,32.0,0.05567515697694486,0.7816050232622356
8420260523020006,武雄競輪,6R,13:05,1-3,1,3,48.3,0.03684316022857332,0.7795246390400912
3520260522030002,平塚競輪,2R,16:37,1-3,1,3,22.8,0.07792075304471352,0.7765931694194683
5520260523020001,和歌山競輪,1R,08:30,4-7,4,7,29.0,0.06123152116580526,0.7757141138083525
3820260524010011,静岡競輪,11R,16:06,2-5,2,5,31.1,0.05696611936287431,0.7716463121853911
8420260523020004,武雄競輪,4R,12:05,3-7,3,7,37.7,0.046948612325629496,0.7699626846762322
1120260523020006,函館競輪,6R,17:56,1-2,1,2,40.8,0.04329206979726162,0.766316447728274
5520260523020001,和歌山競輪,1R,08:30,1-3,1,3,31.8,0.0555343013531263,0.7659907830294164
8420260523020007,武雄競輪,7R,13:35,1-6,1,6,78.6,0.022453886791413843,0.7648755018051279
8420260523020005,武雄競輪,5R,12:35,2-6,2,6,83.4,0.021156129055033265,0.7644211631897744
3520260522030010,平塚競輪,10R,19:48,3-6,3,6,54.8,0.032160355410842785,0.7623874765141845
8420260523020008,武雄競輪,8R,14:05,2-6,2,6,64.6,0.02725724643200468,0.7608181195075023
5520260523020001,和歌山競輪,1R,08:30,3-5,3,5,64.6,0.027252557698406323,0.7605152273170483
6220260522030003,広島競輪,3R,21:30,1-7,1,7,25.5,0.06870766587722339,0.7520454798691965
3520260522030008,平塚競輪,8R,18:56,6-7,6,7,34.9,0.05018952238888007,0.7516143313719144
1120260523020003,函館競輪,3R,16:44,1-4,1,4,29.5,0.05934698515361198,0.7507360620315535
1120260523020011,函館競輪,11R,20:02,2-7,2,7,28.3,0.06174238194690978,0.7473094090975467
8420260523020003,武雄競輪,3R,11:35,2-3,2,3,48.3,0.03616197396512283,0.7466233425154325
5520260523020006,和歌山競輪,6R,10:10,2-4,2,4,25.3,0.06902994913205047,0.7464577130408772
4320260522030003,岐阜競輪,3R,21:20,1-5,1,5,36.7,0.04752949176285222,0.7443323476966766
8420260523020009,武雄競輪,9R,14:40,1-7,1,7,89.9,0.019396722282823055,0.7437653332257927
8420260523020002,武雄競輪,2R,11:10,1-5,1,5,35.4,0.04923151996650513,0.7427958068142815
4320260522030009,岐阜競輪,9R,23:20,3-4,3,4,40.0,0.04341551038944311,0.7366204155777243
1120260523020004,函館競輪,4R,17:08,2-7,2,7,35.0,0.049501261264810394,0.7325441442683638
1120260523020005,函館競輪,5R,17:32,4-5,4,5,49.3,0.03512131526419067,0.7314808425246
2520260522030001,大宮競輪,1R,08:40,5-7,5,7,53.1,0.03252323774130738,0.7269839240634219
3520260522030011,平塚競輪,11R,20:16,2-6,2,6,88.5,0.01950638692333607,0.7263152427152424
1120260523020001,函館競輪,1R,15:55,4-5,4,5,38.5,0.04478874777719882,0.7243667894221546
8420260523020005,武雄競輪,5R,12:35,5-6,5,6,68.5,0.02514459152621878,0.7224045195459865
1120260523020012,函館競輪,12R,20:30,2-7,2,7,64.4,0.02673068402955521,0.7214560515033557
5520260523020005,和歌山競輪,5R,09:50,2-6,2,6,207.2,0.00830046830402685,0.7198570325943634
1120260523020010,函館競輪,10R,19:35,1-2,1,2,24.7,0.06955705110706484,0.7180591623445014
8420260523020012,武雄競輪,12R,16:30,1-3,1,3,28.5,0.06027916487905758,0.7179561990531411
1120260523020005,函館競輪,5R,17:32,3-6,3,6,41.7,0.04115250299608174,0.7160593749366087
6220260522030008,広島競輪,8R,23:10,2-3,2,3,27.8,0.06151962069601149,0.7102454553491195
3520260522030010,平塚競輪,10R,19:48,5-6,5,6,36.5,0.04679801928713473,0.7081277039804177
3520260522030006,平塚競輪,6R,18:08,4-5,4,5,53.4,0.031955066984509464,0.7064005769728054
3820260524010001,静岡競輪,1R,10:57,2-4,2,4,33.0,0.051588113539156086,0.7024077467921508
5520260523020004,和歌山競輪,4R,09:30,2-3,2,3,35.1,0.04838197537487242,0.6982073356580221
3520260522030005,平塚競輪,5R,17:44,5-7,5,7,45.2,0.037523982477127904,0.6960840079661814
8420260523020007,武雄競輪,7R,13:35,2-5,2,5,43.0,0.03937543424001612,0.6931436723206932
8420260523020011,武雄競輪,11R,15:50,5-6,5,6,179.5,0.009400448869560128,0.6873805720860429
6220260522030002,広島競輪,2R,21:10,2-7,2,7,30.0,0.05619474032317251,0.6858422096951753
1120260523020002,函館競輪,2R,16:20,6-7,6,7,60.8,0.027724975415605004,0.6856785052687842
3520260522030002,平塚競輪,2R,16:37,2-6,2,6,56.9,0.029581322577846927,0.6831772546794901
1120260523020003,函館競輪,3R,16:44,3-7,3,7,42.4,0.03967046516554365,0.6820277230190508
2520260522030003,大宮競輪,3R,09:20,5-7,5,7,17.5,0.09609926417246935,0.6817371230182137
3520260522030007,平塚競輪,7R,18:32,2-4,2,4,16.3,0.10304546635699197,0.6796411016189692
4320260522030009,岐阜競輪,9R,23:20,1-7,1,7,25.0,0.06715531710841682,0.6788829277104207
4320260522030008,岐阜競輪,8R,23:00,3-4,3,4,32.0,0.052445855826251664,0.6782673864400532
3520260522030006,平塚競輪,6R,18:08,3-7,3,7,53.4,0.031413318140618755,0.6774711887090414
5520260523020003,和歌山競輪,3R,09:10,1-3,1,3,39.1,0.04285680044696252,0.6757008974762346
1120260523020004,函館競輪,4R,17:08,1-6,1,6,87.3,0.019185254160069318,0.6748726881740514
8420260523020002,武雄競輪,2R,11:10,1-2,1,2,31.2,0.05361868714209127,0.6729030388332475
1120260523020011,函館競輪,11R,20:02,1-2,1,2,56.7,0.02945686916376014,0.6702044815852002
2520260522030003,大宮競輪,3R,09:20,1-5,1,5,25.8,0.06466989065144366,0.6684831788072463
2520260522030005,大宮競輪,5R,10:00,1-3,1,3,49.5,0.033696380693640844,0.6679708443352217
8420260523020012,武雄競輪,12R,16:30,4-7,4,7,103.2,0.016160956465483517,0.6678107072378989
5520260523020003,和歌山競輪,3R,09:10,3-4,3,4,86.4,0.01929886061679199,0.667421557290828
5520260523020005,和歌山競輪,5R,09:50,2-5,2,5,36.4,0.045772348152345335,0.6661134727453701
3820260524010011,静岡競輪,11R,16:06,3-6,3,6,45.6,0.03648494547021423,0.6637135134417691
4320260522030009,岐阜競輪,9R,23:20,2-4,2,4,33.3,0.0499202554291483,0.6623445057906381
2520260522030004,大宮競輪,4R,09:40,1-2,1,2,29.1,0.05700826172958189,0.6589404163308332
8420260523020007,武雄競輪,7R,13:35,3-6,3,6,226.4,0.0073223886949510385,0.6577888005369152
1120260523020005,函館競輪,5R,17:32,5-6,5,6,60.3,0.02744389312366203,0.6548667553568204
8420260523020007,武雄競輪,7R,13:35,3-5,3,5,50.4,0.03268521584264877,0.6473348784694979
8420260523020008,武雄競輪,8R,14:05,6-8,6,8,137.5,0.01197445696938992,0.6464878332911141
8420260523020002,武雄競輪,2R,11:10,1-8,1,8,141.0,0.011662613965362972,0.6444285691161791
1120260523020003,函館競輪,3R,16:44,2-5,2,5,33.3,0.049323396926156976,0.6424691176410271
8420260523020004,武雄競輪,4R,12:05,4-6,4,6,250.7,0.0065481574367532176,0.6416230693940315
8420260523020007,武雄競輪,7R,13:35,5-8,5,8,68.7,0.023867049590536683,0.6396663068698702
3520260522030004,平塚競輪,4R,17:21,2-7,2,7,62.9,0.026017607010756554,0.6365074809765872
8420260523020005,武雄競輪,5R,12:35,2-8,2,8,83.4,0.019561903069383615,0.6314627159865935
2520260522030002,大宮競輪,2R,09:00,2-3,2,3,25.8,0.06295967640180619,0.6243596511665999
1120260523020004,函館競輪,4R,17:08,3-4,3,4,21.6,0.07514473959138449,0.6231263751739049
8420260523020003,武雄競輪,3R,11:35,2-8,2,8,127.2,0.01272999670798784,0.6192555812560534
3820260524010007,静岡競輪,7R,13:50,4-5,4,5,71.8,0.02243901133988216,0.611121014203539
8420260523020010,武雄競輪,10R,15:15,1-9,1,9,27.9,0.05766650589777997,0.608895514548061
5520260523020001,和歌山競輪,1R,08:30,1-7,1,7,36.3,0.04431983034202791,0.6088098414156131
1120260523020005,函館競輪,5R,17:32,3-4,3,4,30.1,0.053375411947639353,0.6065998996239446
6220260522030003,広島競輪,3R,21:30,2-5,2,5,25.5,0.06299737964929913,0.606433181057128
3820260524010011,静岡競輪,11R,16:06,5-6,5,6,53.4,0.030066909873876127,0.6055729872649851
8420260523020004,武雄競輪,4R,12:05,3-5,3,5,40.6,0.03944626689011198,0.6015184357385464
8420260523020009,武雄競輪,9R,14:40,2-8,2,8,43.1,0.03712068038082168,0.5999013244134146
8420260523020002,武雄競輪,2R,11:10,8-9,8,9,136.2,0.011738093482548345,0.5987283323230845
1120260523020008,函館競輪,8R,18:44,3-4,3,4,31.7,0.05038924954716177,0.5973392106450282
3820260524010008,静岡競輪,8R,14:20,1-3,1,3,68.4,0.023271703699639497,0.5917845330553417
1120260523020011,函館競輪,11R,20:02,1-3,1,3,31.2,0.05095675175185233,0.5898506546577926
5520260523020002,和歌山競輪,2R,08:50,2-7,2,7,20.0,0.07941802102261503,0.5883604204523005
8420260523020003,武雄競輪,3R,11:35,6-7,6,7,69.0,0.0229976968198879,0.586841080572265
8420260523020009,武雄競輪,9R,14:40,1-2,1,2,33.3,0.04756982755691577,0.584075257645295
6220260522030001,広島競輪,1R,20:50,1-5,1,5,12.3,0.12875631791106165,0.5837027103060584
8420260523020001,武雄競輪,1R,10:45,2-8,2,8,113.2,0.013984590199574933,0.5830556105918825
2520260522030002,大宮競輪,2R,09:00,3-4,3,4,35.2,0.044936170426878766,0.5817531990261327
2520260522030005,大宮競輪,5R,10:00,4-5,4,5,26.4,0.059647646792923295,0.5746978753331748
8420260523020006,武雄競輪,6R,13:05,3-9,3,9,95.1,0.016551326821292858,0.5740311807049507
4320260522030007,岐阜競輪,7R,22:40,1-5,1,5,21.0,0.07493959094964135,0.5737314099424684
1120260523020004,函館競輪,4R,17:08,4-5,4,5,32.0,0.04888718061025617,0.5643897795281974
2520260522030002,大宮競輪,2R,09:00,1-2,1,2,36.2,0.043193677571584654,0.5636111280913647
4320260522030003,岐阜競輪,3R,21:20,2-5,2,5,36.7,0.0425688316279773,0.5622761207467668
3520260522030004,平塚競輪,4R,17:21,3-5,3,5,55.9,0.027938134926209945,0.5617417423751359
8420260523020002,武雄競輪,2R,11:10,2-5,2,5,20.2,0.07721751006402124,0.559793703293229
1120260523020005,函館競輪,5R,17:32,2-6,2,6,49.3,0.031530317614464475,0.5544446583930984
6220260522030006,広島競輪,6R,22:30,1-2,1,2,13.5,0.11514058587036582,0.5543979092499387
8420260523020005,武雄競輪,5R,12:35,3-4,3,4,72.8,0.02133190415608239,0.5529626225627979
8420260523020007,武雄競輪,7R,13:35,2-3,2,3,106.8,0.014517044172425572,0.5504203176150511
1120260523020006,函館競輪,6R,17:56,2-5,2,5,40.8,0.03794543825264079,0.5481738807077441
3820260524010009,静岡競輪,9R,14:55,1-3,1,3,45.3,0.03413241738939216,0.5461985077394649
8420260523020009,武雄競輪,9R,14:40,5-6,5,6,305.6,0.005055894744871036,0.5450814340325889
8420260523020009,武雄競輪,9R,14:40,4-5,4,5,100.1,0.015412135197597316,0.5427547332794913
3820260524010002,静岡競輪,2R,11:22,4-6,4,6,44.1,0.034818441451896616,0.5354932680286408
1120260523020006,函館競輪,6R,17:56,1-7,1,7,23.3,0.06575100882546527,0.5319985056333407
8420260523020008,武雄競輪,8R,14:05,1-3,1,3,86.0,0.017793682097658622,0.5302566603986416
1120260523020011,函館競輪,11R,20:02,4-6,4,6,36.7,0.04163268408698002,0.5279195059921666
5520260523020003,和歌山競輪,3R,09:10,3-7,3,7,18.6,0.0821232877910856,0.5274931529141924
1120260523020003,函館競輪,3R,16:44,3-4,3,4,48.5,0.03139487462393289,0.522651419260745
3520260522030009,平塚競輪,9R,19:21,5-7,5,7,44.9,0.03385873666269634,0.5202572761550657
8420260523020004,武雄競輪,4R,12:05,2-8,2,8,110.9,0.013691887694903126,0.5184303453647567
8420260523020012,武雄競輪,12R,16:30,1-5,1,5,35.3,0.04299597138507849,0.5177577898932706
1120260523020004,函館競輪,4R,17:08,2-6,2,6,109.7,0.013822246987428937,0.5163004945209544
8420260523020008,武雄競輪,8R,14:05,6-9,6,9,80.8,0.01874839771359499,0.514870535258475
3520260522030009,平塚競輪,9R,19:21,3-7,3,7,49.9,0.03034939644972221,0.5144348828411383
5520260523020001,和歌山競輪,1R,08:30,3-4,3,4,21.2,0.0714343679079515,0.5144085996485719
8420260523020005,武雄競輪,5R,12:35,4-7,4,7,121.4,0.012457933981787201,0.5123931853889663
1120260523020001,函館競輪,1R,15:55,4-6,4,6,97.0,0.01558221461539943,0.5114748176937447
3820260524010011,静岡競輪,11R,16:06,1-3,1,3,18.5,0.08166272192539308,0.510760355619772
8420260523020006,武雄競輪,6R,13:05,1-7,1,7,16.7,0.09041682932717732,0.5099610497638611
2520260522030005,大宮競輪,5R,10:00,4-6,4,6,50.8,0.029721426306544015,0.5098484563724359
5520260523020006,和歌山競輪,6R,10:10,3-4,3,4,38.0,0.03967089377329572,0.5074939633852373
2520260522030005,大宮競輪,5R,10:00,1-2,1,2,37.0,0.040688381206043525,0.5054701046236105
8420260523020010,武雄競輪,10R,15:15,7-9,7,9,61.7,0.024395211731294927,0.5051845638208972
3820260524010008,静岡競輪,8R,14:20,5-7,5,7,18.8,0.07975121634781988,0.49932286733901377
8420260523020006,武雄競輪,6R,13:05,2-8,2,8,183.5,0.008165343702392469,0.49834056938901816
8420260523020003,武雄競輪,3R,11:35,3-7,3,7,28.5,0.05256500450790673,0.4981026284753418
3520260522030009,平塚競輪,9R,19:21,4-6,4,6,44.9,0.033303585819587284,0.4953310032994689
3520260522030005,平塚競輪,5R,17:44,5-6,5,6,45.2,0.03308110400474935,0.4952659010146705
2520260522030002,大宮競輪,2R,09:00,5-7,5,7,25.0,0.0597695432810932,0.49423858202733006
6220260522030004,広島競輪,4R,21:50,1-5,1,5,62.2,0.0240186431142464,0.4939596017061261
6220260522030009,広島競輪,9R,23:30,3-7,3,7,35.7,0.04175730495660737,0.49073578695088327
8420260523020002,武雄競輪,2R,11:10,7-8,7,8,137.7,0.010816770420427618,0.48946928689288294
3520260522030004,平塚競輪,4R,17:21,3-6,3,6,23.5,0.06335532974468913,0.4888502490001947
8420260523020012,武雄競輪,12R,16:30,4-8,4,8,187.8,0.007909898853419039,0.4854790046720956
3520260522030003,平塚競輪,3R,16:59,2-3,2,3,30.9,0.0480648495563175,0.4852038512902106
8420260523020002,武雄競輪,2R,11:10,5-8,5,8,91.5,0.016202144984313445,0.4824962660646801
1120260523020001,函館競輪,1R,15:55,3-4,3,4,34.9,0.04233486186379046,0.47748667904628683
5520260523020007,和歌山競輪,7R,10:30,6-7,6,7,171.9,0.008586126221851351,0.4759550975362472
2520260522030007,大宮競輪,7R,10:40,1-7,1,7,41.8,0.03529081684158522,0.4751561439782621
5520260523020003,和歌山競輪,3R,09:10,2-5,2,5,20.3,0.07245201704904841,0.47077594609568285
2520260522030007,大宮競輪,7R,10:40,5-6,5,6,53.0,0.027618388209866944,0.46377457512294806
1120260523020006,函館競輪,6R,17:56,3-6,3,6,54.5,0.026809061622499242,0.46109385842620876
8420260523020007,武雄競輪,7R,13:35,8-9,8,9,50.1,0.02909772237136493,0.4577958908053832
1120260523020011,函館競輪,11R,20:02,5-6,5,6,62.4,0.023351189929005575,0.4571142515699478
3520260522030002,平塚競輪,2R,16:37,3-7,3,7,125.2,0.011618543642685969,0.4546416640642834
3520260522030005,平塚競輪,5R,17:44,2-7,2,7,54.3,0.026744150500460376,0.4522073721749984
8420260523020012,武雄競輪,12R,16:30,3-4,3,4,36.5,0.039621824120579324,0.4461965804011454
3520260522030011,平塚競輪,11R,20:16,4-5,4,5,18.1,0.0798143009360218,0.44463884694199485
1120260523020001,函館競輪,1R,15:55,3-5,3,5,18.0,0.0802399660027619,0.44431938804971427
6220260522030006,広島競輪,6R,22:30,1-5,1,5,13.5,0.10683834722779209,0.4423176875751933
4320260522030005,岐阜競輪,5R,22:00,2-3,2,3,26.2,0.05499970369580229,0.44099223683001987
8420260523020006,武雄競輪,6R,13:05,2-3,2,3,121.4,0.0118646705017673,0.44037099891455034
1120260523020009,函館競輪,9R,19:09,1-6,1,6,27.3,0.05260804952196173,0.4361997519495553
8420260523020010,武雄競輪,10R,15:15,3-6,3,6,73.3,0.019585866258696218,0.4356439967624326
8420260523020004,武雄競輪,4R,12:05,3-9,3,9,22.7,0.06315861298530578,0.4337005147664412
8420260523020003,武雄競輪,3R,11:35,4-8,4,8,182.6,0.007848499777148658,0.433136059307345
1120260523020007,函館競輪,7R,18:20,3-7,3,7,40.5,0.035304062041458896,0.4298145126790853
6220260522030004,広島競輪,4R,21:50,2-4,2,4,31.1,0.04595761985525053,0.42928197749829144
1120260523020005,函館競輪,5R,17:32,2-3,2,3,28.5,0.050079590149542316,0.42726831926195596
4320260522030005,岐阜競輪,5R,22:00,1-7,1,7,26.2,0.05447379500892336,0.4272134292337919
4320260522030008,岐阜競輪,8R,23:00,2-3,2,3,22.1,0.06447541876674656,0.4249067547450991
8420260523020002,武雄競輪,2R,11:10,5-7,5,7,29.1,0.048957905035061436,0.4246750365202878
8420260523020001,武雄競輪,1R,10:45,6-7,6,7,67.7,0.02103749855825964,0.4242386523941779
8420260523020002,武雄競輪,2R,11:10,7-9,7,9,39.9,0.03567129741080556,0.4232847666911419
8420260523020006,武雄競輪,6R,13:05,3-6,3,6,179.3,0.007923266254955675,0.4206416395135526
8420260523020004,武雄競輪,4R,12:05,4-9,4,9,44.1,0.03220075807517364,0.4200534311151576
5520260523020005,和歌山競輪,5R,09:50,1-6,1,6,336.8,0.004209363514840383,0.41771363179824106
1120260523020008,函館競輪,8R,18:44,1-7,1,7,17.8,0.0796102720750281,0.41706284293550033
8420260523020012,武雄競輪,12R,16:30,5-8,5,8,80.8,0.01753585888672945,0.41689739804773973
2520260522030004,大宮競輪,4R,09:40,1-5,1,5,90.2,0.015705501002514857,0.4166361904268401
1120260523020004,函館競輪,4R,17:08,1-3,1,3,20.3,0.06975570996092444,0.4160409122067661
4320260522030003,岐阜競輪,3R,21:20,1-4,1,4,18.3,0.07710360923042534,0.41099604891678365
3820260524010001,静岡競輪,1R,10:57,4-7,4,7,24.9,0.056620145001556196,0.40984161053874923
3820260524010001,静岡競輪,1R,10:57,1-2,1,2,34.5,0.04078189048498136,0.40697522173185696
8420260523020007,武雄競輪,7R,13:35,1-9,1,9,19.4,0.07244349341833692,0.4054037723157362
2520260522030005,大宮競輪,5R,10:00,3-6,3,6,101.7,0.013807229550009157,0.4041952452359312
8420260523020001,武雄競輪,1R,10:45,3-8,3,8,92.5,0.015172652456284987,0.4034703522063614
8420260523020005,武雄競輪,5R,12:35,6-7,6,7,129.9,0.010794237407016585,0.4021714391714546
3820260524010005,静岡競輪,5R,12:50,1-2,1,2,23.3,0.06013238589617724,0.4010845913809298
1120260523020005,函館競輪,5R,17:32,4-6,4,6,41.7,0.03358542076632264,0.40051204595565437
3820260524010009,静岡競輪,9R,14:55,1-2,1,2,55.8,0.025076543814655197,0.39927114485775994
3520260522030009,平塚競輪,9R,19:21,1-7,1,7,18.7,0.07476384355133683,0.3980838744099988
8420260523020005,武雄競輪,5R,12:35,2-3,2,3,27.1,0.05158754981798644,0.3980226000674325
5520260523020002,和歌山競輪,2R,08:50,1-2,1,2,23.7,0.05856968349020424,0.3881014987178406
3520260522030003,平塚競輪,3R,16:59,6-7,6,7,21.2,0.0653239743723355,0.38486825669351266
2520260522030003,大宮競輪,3R,09:20,4-5,4,5,26.2,0.052664298120058614,0.37980461074553573
8420260523020011,武雄競輪,11R,15:50,3-6,3,6,96.2,0.01433836293083986,0.37935051394679453
3820260524010010,静岡競輪,10R,15:30,5-7,5,7,24.3,0.05675961849411433,0.37925872940697825
1120260523020011,函館競輪,11R,20:02,2-6,2,6,89.2,0.015446444169173146,0.3778228198902447
8420260523020012,武雄競輪,12R,16:30,1-2,1,2,37.9,0.036352564931539544,0.37776221090534867
2520260522030004,大宮競輪,4R,09:40,2-6,2,6,28.6,0.04805738305643128,0.37444115541393463
3520260522030006,平塚競輪,6R,18:08,2-7,2,7,42.7,0.031957851129746216,0.3646002432401636
8420260523020001,武雄競輪,1R,10:45,3-5,3,5,83.3,0.01638118298976139,0.3645525430471237
8420260523020010,武雄競輪,10R,15:15,3-7,3,7,42.6,0.03201772102501013,0.3639549156654316
8420260523020007,武雄競輪,7R,13:35,1-7,1,7,60.6,0.022501007120740477,0.3635610315168729
6220260522030006,広島競輪,6R,22:30,2-5,2,5,13.5,0.10092839151397062,0.3625332854386034
8420260523020011,武雄競輪,11R,15:50,2-8,2,8,43.8,0.031098288725883903,0.362105046193715
8420260523020005,武雄競輪,5R,12:35,6-8,6,8,196.5,0.006920175245518944,0.3598144357444726
8420260523020011,武雄競輪,11R,15:50,4-7,4,7,86.1,0.015776598882675734,0.3583651637983807
6220260522030005,広島競輪,5R,22:10,1-2,1,2,15.7,0.08644575124832371,0.35719829459868224
8420260523020008,武雄競輪,8R,14:05,4-6,4,6,114.9,0.011809529461913916,0.35691493517390893
1120260523020007,函館競輪,7R,18:20,4-7,4,7,17.0,0.079662976812056,0.35427060580495207
2520260522030007,大宮競輪,7R,10:40,4-6,4,6,136.1,0.009936542311057893,0.35236340853497916
1120260523020007,函館競輪,7R,18:20,4-6,4,6,20.2,0.06684624786858681,0.35029420694545355
1120260523020004,函館競輪,4R,17:08,1-4,1,4,31.6,0.042639028441495364,0.3473932987512536
5520260523020007,和歌山競輪,7R,10:30,1-6,1,6,88.5,0.015188492810505664,0.3441816137297513
8420260523020010,武雄競輪,10R,15:15,2-9,2,9,52.6,0.025535709685776918,0.343178329471866
2520260522030002,大宮競輪,2R,09:00,5-6,5,6,20.1,0.06668826137620643,0.34043405366174917
4320260522030009,岐阜競輪,9R,23:20,5-7,5,7,40.0,0.033444055439972226,0.337762217598889
1120260523020011,函館競輪,11R,20:02,4-5,4,5,31.2,0.042869963953201466,0.3375428753398857
5520260523020007,和歌山競輪,7R,10:30,3-7,3,7,60.8,0.021992527838527905,0.3371456925824965
8420260523020010,武雄競輪,10R,15:15,1-3,1,3,17.5,0.0763347602188906,0.33585830383058557
3820260524010011,静岡競輪,11R,16:06,4-6,4,6,43.7,0.030549835590618746,0.3350278153100392
4320260522030007,岐阜競輪,7R,22:40,2-3,2,3,21.0,0.06354887837283729,0.33452644582958313
4320260522030009,岐阜競輪,9R,23:20,1-4,1,4,20.0,0.06635051750250767,0.32701035005015333
1120260523020011,函館競輪,11R,20:02,1-5,1,5,39.0,0.03396943602492995,0.32480800497226814
1120260523020010,函館競輪,10R,19:35,1-3,1,3,18.5,0.07158744946300732,0.3243678150656355
8420260523020008,武雄競輪,8R,14:05,3-5,3,5,37.9,0.03486472270259274,0.32137299042826495
1120260523020004,函館競輪,4R,17:08,1-2,1,2,62.1,0.021203049031815052,0.3167093448757148
3820260524010001,静岡競輪,1R,10:57,3-7,3,7,13.9,0.09464282245706855,0.31553523215325296
6220260522030002,広島競輪,2R,21:10,4-5,4,5,30.0,0.04384939254345363,0.31548177630360885
5520260523020003,和歌山競輪,3R,09:10,2-7,2,7,15.1,0.08710639313569014,0.31530653634892114
1120260523020005,函館競輪,5R,17:32,3-5,3,5,30.1,0.043579094452046496,0.31173074300659964
1120260523020003,函館競輪,3R,16:44,3-6,3,6,75.5,0.017364689151809373,0.31103403096160775
8420260523020007,武雄競輪,7R,13:35,6-7,6,7,157.2,0.008335219520583095,0.3102965086356624
3520260522030006,平塚競輪,6R,18:08,4-7,4,7,42.7,0.030681904623080875,0.31011732740555353
2520260522030007,大宮競輪,7R,10:40,4-7,4,7,156.1,0.008365364023653864,0.3058333240923681
3520260522030011,平塚競輪,11R,20:16,1-4,1,4,18.5,0.07050195171141896,0.3042861066612508
1120260523020005,函館競輪,5R,17:32,1-5,1,5,19.3,0.06756156845202269,0.30393827112403793
6220260522030007,広島競輪,7R,22:50,2-5,2,5,19.5,0.06686349927117663,0.30383823578794433
8420260523020012,武雄競輪,12R,16:30,2-7,2,7,47.5,0.02743979512746552,0.30339026855461215
3520260522030009,平塚競輪,9R,19:21,2-7,2,7,40.8,0.03190051159944157,0.301540873257216
8420260523020002,武雄競輪,2R,11:10,6-7,6,7,173.7,0.007491695628647299,0.3013075306960358
4320260522030008,岐阜競輪,8R,23:00,3-6,3,6,32.0,0.0406635541119579,0.30123373158265276
6220260522030007,広島競輪,7R,22:50,1-5,1,5,19.5,0.06656734777757135,0.2980632816626414
6220260522030001,広島競輪,1R,20:50,1-4,1,4,9.5,0.13649052620464394,0.29665999894411743
3820260524010011,静岡競輪,11R,16:06,4-7,4,7,71.4,0.01810281442336512,0.2925409498282696
5520260523020006,和歌山競輪,6R,10:10,1-7,1,7,36.8,0.03509123390361796,0.29135740765314067
8420260523020008,武雄競輪,8R,14:05,1-2,1,2,30.5,0.04225626720190317,0.2888161496580466
8420260523020001,武雄競輪,1R,10:45,7-9,7,9,22.8,0.05648786613569337,0.2879233478938088
8420260523020010,武雄競輪,10R,15:15,2-3,2,3,38.5,0.03341834119179982,0.2866061358842933
8420260523020002,武雄競輪,2R,11:10,2-7,2,7,23.6,0.05443506387498674,0.28466750744968716
1120260523020001,函館競輪,1R,15:55,2-6,2,6,65.4,0.01963138445518262,0.28389254336894343
3820260524010008,静岡競輪,8R,14:20,1-2,1,2,22.0,0.05831150599080118,0.28285313179762595
3820260524010008,静岡競輪,8R,14:20,3-4,3,4,46.7,0.027406209279239854,0.27986997334050123
6220260522030003,広島競輪,3R,21:30,2-7,2,7,25.5,0.05017504245749636,0.27946358266615734
8420260523020007,武雄競輪,7R,13:35,2-7,2,7,80.1,0.01589720915078343,0.27336645297775264
1120260523020004,函館競輪,4R,17:08,1-5,1,5,29.8,0.04264998006307359,0.27096940587959306
8420260523020008,武雄競輪,8R,14:05,1-9,1,9,44.1,0.028799561840968865,0.2700606771867271
3520260522030007,平塚競輪,7R,18:32,1-7,1,7,36.3,0.03493829057985621,0.2682599480487802
1120260523020009,函館競輪,9R,19:09,1-7,1,7,30.3,0.041808072916962195,0.26678460938395454
8420260523020010,武雄競輪,10R,15:15,6-9,6,9,84.9,0.01491743646597434,0.2664903559612215
4320260522030005,岐阜競輪,5R,22:00,2-7,2,7,26.2,0.048241031623058726,0.2639150285241385
8420260523020004,武雄競輪,4R,12:05,1-3,1,3,13.9,0.09075822468482517,0.2615393231190699
3520260522030001,平塚競輪,1R,16:11,1-2,1,2,13.9,0.09065142438341825,0.26005479892951366
1120260523020012,函館競輪,12R,20:30,4-5,4,5,16.7,0.07541772013236767,0.25947592621053994
8420260523020006,武雄競輪,6R,13:05,2-5,2,5,47.7,0.02637375804467692,0.25802825873108914
6220260522030009,広島競輪,9R,23:30,2-5,2,5,26.8,0.04693604845693225,0.25788609864578427
4320260522030001,岐阜競輪,1R,20:40,4-6,4,6,47.8,0.026311556901384037,0.257692419886157
8420260523020005,武雄競輪,5R,12:35,4-8,4,8,194.0,0.006477943965136977,0.25672112923657364
8420260523020004,武雄競輪,4R,12:05,1-4,1,4,25.8,0.048670036048417735,0.25568693004917753
5520260523020001,和歌山競輪,1R,08:30,1-4,1,4,11.1,0.11287465406162275,0.25290866008401247
8420260523020012,武雄競輪,12R,16:30,5-7,5,7,37.5,0.03339140551091059,0.25217770665914707
5520260523020001,和歌山競輪,1R,08:30,3-7,3,7,53.9,0.023215175974128324,0.2512979850055166
3520260522030007,平塚競輪,7R,18:32,1-4,1,4,32.7,0.038238388697262427,0.25039531040048146
8420260523020006,武雄競輪,6R,13:05,8-9,8,9,108.5,0.01151702465152073,0.2495971746899992
1120260523020009,函館競輪,9R,19:09,5-6,5,6,39.0,0.03203036758903352,0.24918433597230738
3520260522030002,平塚競輪,2R,16:37,4-5,4,5,21.8,0.05725243238500549,0.24810302599311984
6220260522030007,広島競輪,7R,22:50,2-6,2,6,19.5,0.06395673126828581,0.2471562597315733
1120260523020008,函館競輪,8R,18:44,2-7,2,7,23.8,0.05223060811116845,0.24308847304580916
8420260523020001,武雄競輪,1R,10:45,4-5,4,5,78.2,0.015886867545720832,0.242353042075369
8420260523020003,武雄競輪,3R,11:35,4-6,4,6,125.8,0.00986369798961919,0.24085320709409408
1120260523020009,函館競輪,9R,19:09,2-3,2,3,24.8,0.05001390577259427,0.24034486316033798
8420260523020012,武雄競輪,12R,16:30,2-8,2,8,88.5,0.013985967303129641,0.23775810632697336
8420260523020010,武雄競輪,10R,15:15,5-6,5,6,111.4,0.011091124726253641,0.23555129450465562
3520260522030003,平塚競輪,3R,16:59,4-6,4,6,17.7,0.06975379894758943,0.2346422413723328
8420260523020011,武雄競輪,11R,15:50,6-8,6,8,179.5,0.006876182196427228,0.23427470425868746
3520260522030009,平塚競輪,9R,19:21,5-6,5,6,32.0,0.038324257365209106,0.2263762356866914
1120260523020001,函館競輪,1R,15:55,2-4,2,4,46.7,0.02624170102743835,0.22548743798137094
1120260523020012,函館競輪,12R,20:30,3-5,3,5,13.4,0.09144694227528186,0.225389026488777
3820260524010003,静岡競輪,3R,11:50,4-7,4,7,18.0,0.06798769617187209,0.2237785310936975
4320260522030003,岐阜競輪,3R,21:20,3-6,3,6,36.7,0.03329808777284747,0.2220398212635022
8420260523020011,武雄競輪,11R,15:50,1-4,1,4,29.2,0.04182163657119367,0.22119178787885518
8420260523020007,武雄競輪,7R,13:35,7-8,7,8,150.3,0.008122691011130487,0.22084045897291227
2520260522030001,大宮競輪,1R,08:40,6-7,6,7,19.4,0.06286787858026463,0.21963684445713372
3520260522030007,平塚競輪,7R,18:32,6-7,6,7,46.7,0.026078404147166168,0.21786147367266007
6220260522030002,広島競輪,2R,21:10,1-5,1,5,15.0,0.08103132397820152,0.2154698596730229
1120260523020005,函館競輪,5R,17:32,3-7,3,7,28.5,0.042632733361814085,0.21503290081170134
8420260523020009,武雄競輪,9R,14:40,2-3,2,3,17.3,0.07015630132447234,0.2137040129133716
8420260523020004,武雄競輪,4R,12:05,5-6,5,6,250.7,0.004838850727999155,0.2130998775093882
8420260523020006,武雄競輪,6R,13:05,1-5,1,5,17.5,0.06928691304557676,0.2125209782975932
1120260523020006,函館競輪,6R,17:56,5-7,5,7,20.4,0.059245650485149834,0.20861126989705658
3820260524010002,静岡競輪,2R,11:22,2-7,2,7,28.0,0.043152237627537025,0.2082626535710368
8420260523020008,武雄競輪,8R,14:05,2-3,2,3,27.9,0.04321627863656227,0.2057341739600873
5520260523020003,和歌山競輪,3R,09:10,1-2,1,2,25.6,0.047032824326437725,0.20404030275680585
8420260523020007,武雄競輪,7R,13:35,3-8,3,8,163.3,0.007348868106170783,0.200070161737689
3520260522030011,平塚競輪,11R,20:16,3-6,3,6,66.4,0.018061733936671077,0.19929913339495964
8420260523020010,武雄競輪,10R,15:15,2-5,2,5,65.1,0.018411439287469838,0.19858469761428643
8420260523020005,武雄競輪,5R,12:35,1-4,1,4,72.8,0.016377323076252885,0.1922691199512101
5520260523020003,和歌山競輪,3R,09:10,3-6,3,6,53.9,0.022106815303817473,0.1915573448757617
1120260523020006,函館競輪,6R,17:56,2-6,2,6,65.4,0.018183783251696478,0.18921942466094976
5520260523020001,和歌山競輪,1R,08:30,2-5,2,5,27.6,0.043074737169839325,0.18886274588756535
3820260524010001,静岡競輪,1R,10:57,1-5,1,5,57.4,0.020680376087897002,0.18705358744528788
3520260522030002,平塚競輪,2R,16:37,2-3,2,3,45.3,0.026173041869700785,0.18563879669744554
3520260522030003,平塚競輪,3R,16:59,2-5,2,5,30.9,0.03826810572600584,0.18248446693358056
1120260523020001,函館競輪,1R,15:55,1-2,1,2,17.2,0.0686767905554255,0.18124079755331857
6220260522030001,広島競輪,1R,20:50,3-4,3,4,19.1,0.06184415792473471,0.1812234163624331
3820260524010003,静岡競輪,3R,11:50,1-5,1,5,29.0,0.04065187324612725,0.1789043241376902
2520260522030005,大宮競輪,5R,10:00,5-7,5,7,14.4,0.08164125940310113,0.17563413540465622
4320260522030004,岐阜競輪,4R,21:40,1-6,1,6,19.5,0.06024851477308076,0.17484603807507493
8420260523020006,武雄競輪,6R,13:05,5-9,5,9,35.4,0.03312927777370776,0.17277643318925473
3520260522030005,平塚競輪,5R,17:44,3-5,3,5,30.1,0.038936546769878205,0.17199005777333398
6220260522030001,広島競輪,1R,20:50,1-3,1,3,8.2,0.14269318662232333,0.17008413030305114
8420260523020008,武雄競輪,8R,14:05,1-4,1,4,64.9,0.01802307771626207,0.16969774378540836
8420260523020001,武雄競輪,1R,10:45,1-4,1,4,25.8,0.04532980407131418,0.16950894503990588
8420260523020001,武雄競輪,1R,10:45,4-7,4,7,35.4,0.03299748809369911,0.1681110785169484
1120260523020008,函館競輪,8R,18:44,2-6,2,6,57.1,0.020421372163792615,0.1660603505525584
3520260522030006,平塚競輪,6R,18:08,3-5,3,5,35.6,0.03269526505808869,0.16395143606795726
3520260522030010,平塚競輪,10R,19:48,1-5,1,5,33.7,0.034403574529963885,0.15940046165978305
4320260522030004,岐阜競輪,4R,21:40,1-2,1,2,9.7,0.11937194848824227,0.15790790033595004
3520260522030008,平塚競輪,8R,18:56,3-5,3,5,19.4,0.059590973175905344,0.15606487961256366
6220260522030003,広島競輪,3R,21:30,3-5,3,5,25.5,0.04526170519147713,0.15417348238266682
2520260522030004,大宮競輪,4R,09:40,1-3,1,3,15.1,0.07606796068641523,0.14862620636487
8420260523020001,武雄競輪,1R,10:45,3-6,3,6,91.4,0.012524318045646372,0.14472266937207845
5520260523020003,和歌山競輪,3R,09:10,3-5,3,5,16.6,0.0689206427357673,0.14408266941373715
8420260523020009,武雄競輪,9R,14:40,2-4,2,4,26.1,0.043804705021588064,0.1433028010634485
8420260523020003,武雄競輪,3R,11:35,1-7,1,7,24.6,0.046149498474452266,0.13527766247152573
3820260524010011,静岡競輪,11R,16:06,1-5,1,5,15.6,0.07270371948312059,0.1341780239366812
8420260523020003,武雄競輪,3R,11:35,1-8,1,8,150.9,0.007504810240209344,0.13247586524759014
8420260523020011,武雄競輪,11R,15:50,3-9,3,9,38.6,0.02933871474915682,0.13247438931745315
1120260523020009,函館競輪,9R,19:09,4-5,4,5,21.0,0.053754121285238265,0.1288365469900037
3820260524010003,静岡競輪,3R,11:50,1-3,1,3,16.8,0.06718023845775198,0.1286280060902334
8420260523020005,武雄競輪,5R,12:35,4-5,4,5,30.3,0.03708881937027881,0.12379122691944788
8420260523020004,武雄競輪,4R,12:05,1-9,1,9,19.5,0.057605586555121394,0.12330893782486707
3520260522030008,平塚競輪,8R,18:56,3-7,3,7,21.8,0.05138531485719769,0.12019986388690973
3820260524010011,静岡競輪,11R,16:06,3-7,3,7,49.4,0.02267483277999998,0.12013673933199898
4320260522030001,岐阜競輪,1R,20:40,1-6,1,6,21.2,0.05283095452659291,0.12001623596376954
8420260523020005,武雄競輪,5R,12:35,1-2,1,2,28.6,0.03912693418633864,0.1190303177292853
1120260523020002,函館競輪,2R,16:20,1-7,1,7,27.4,0.04078679132560299,0.11755808232152187
8420260523020010,武雄競輪,10R,15:15,1-2,1,2,20.7,0.05398090312817308,0.11740469475318283
3520260522030004,平塚競輪,4R,17:21,2-3,2,3,65.6,0.01697389527253493,0.11348752987829136
1120260523020007,函館競輪,7R,18:20,4-5,4,5,24.9,0.044667047312869725,0.11220947809045612
2520260522030005,大宮競輪,5R,10:00,3-4,3,4,25.1,0.04430149221206225,0.11196745452276247
8420260523020004,武雄競輪,4R,12:05,6-7,6,7,180.5,0.006155776352033699,0.11111763154208276
6220260522030006,広島競輪,6R,22:30,3-5,3,5,13.5,0.08208014434091164,0.10808194860230724
3520260522030008,平塚競輪,8R,18:56,3-6,3,6,29.1,0.03806733558629209,0.10775946556109983
8420260523020008,武雄競輪,8R,14:05,3-9,3,9,37.9,0.029151240417859367,0.10483201183686996
3520260522030008,平塚競輪,8R,18:56,1-7,1,7,17.4,0.06338504105940745,0.10289971443368962
3520260522030005,平塚競輪,5R,17:44,1-3,1,3,38.7,0.028473252490089557,0.10191487136646593
1120260523020010,函館競輪,10R,19:35,1-5,1,5,17.4,0.06331865089532335,0.10174452557862623
1120260523020010,函館競輪,10R,19:35,3-7,3,7,39.6,0.0278083745262947,0.10121163124127008
5520260523020002,和歌山競輪,2R,08:50,1-5,1,5,16.8,0.0654168688006734,0.09900339585131324
8420260523020001,武雄競輪,1R,10:45,4-8,4,8,69.6,0.01577607027325404,0.09801449101848103
8420260523020007,武雄競輪,7R,13:35,1-8,1,8,67.9,0.01616694748858583,0.09773573447497785
4320260522030003,岐阜競輪,3R,21:20,2-3,2,3,18.3,0.05993983067569241,0.0968989013651711
1120260523020005,函館競輪,5R,17:32,1-6,1,6,18.1,0.06056867786279295,0.09629306931655246
1120260523020005,函館競輪,5R,17:32,2-4,2,4,27.1,0.04044642124460622,0.0960980157288287
3520260522030002,平塚競輪,2R,16:37,1-4,1,4,10.4,0.1053926026313845,0.09608306736639882
1120260523020003,函館競輪,3R,16:44,2-7,2,7,9.9,0.11058748414305435,0.09481609301623806
1120260523020011,函館競輪,11R,20:02,1-4,1,4,21.5,0.05076662218429895,0.09148237696242734
3520260522030006,平塚競輪,6R,18:08,5-7,5,7,35.6,0.030443942391547345,0.08380434913908541
6220260522030009,広島競輪,9R,23:30,1-7,1,7,15.3,0.07077663008666574,0.0828824403259858
2520260522030004,大宮競輪,4R,09:40,3-7,3,7,13.1,0.08257077120798344,0.08167710282458307
4320260522030001,岐阜競輪,1R,20:40,5-6,5,6,47.8,0.022618574433655197,0.08116785792871828
8420260523020006,武雄競輪,6R,13:05,6-7,6,7,52.6,0.020554359729644124,0.08115932177928098
3520260522030001,平塚競輪,1R,16:11,1-5,1,5,37.1,0.02912518236388003,0.0805442656999491
5520260523020004,和歌山競輪,4R,09:30,1-3,1,3,14.0,0.07714602016394476,0.08004428229522653
1120260523020001,函館競輪,1R,15:55,5-7,5,7,22.2,0.04861771742782875,0.07931332689779813
4320260522030009,岐阜競輪,9R,23:20,2-6,2,6,40.0,0.026931971763908612,0.07727887055634453
3520260522030009,平塚競輪,9R,19:21,4-7,4,7,37.4,0.028737400334496392,0.07477877251016496
1120260523020007,函館競輪,7R,18:20,2-7,2,7,14.1,0.07575995836368168,0.06821541292791178
3820260524010008,静岡競輪,8R,14:20,3-5,3,5,32.1,0.03325748518806486,0.06756527453688199
3820260524010007,静岡競輪,7R,13:50,2-7,2,7,24.0,0.04438421105844256,0.06522106540262151
3520260522030004,平塚競輪,4R,17:21,4-5,4,5,17.1,0.06206077106453115,0.061239185203482815
6220260522030003,広島競輪,3R,21:30,1-5,1,5,12.7,0.08355737471071104,0.06117865882603013
8420260523020004,武雄競輪,4R,12:05,5-9,5,9,45.8,0.023144217195037654,0.06000514753272457
8420260523020003,武雄競輪,3R,11:35,3-8,3,8,101.1,0.010450715451275919,0.05656733212399523
8420260523020003,武雄競輪,3R,11:35,4-5,4,5,27.1,0.0389370416318137,0.05519382822215135
5520260523020002,和歌山競輪,2R,08:50,3-7,3,7,41.4,0.025468285030755586,0.05438700027328114
3520260522030007,平塚競輪,7R,18:32,2-3,2,3,14.8,0.07122515142968076,0.054132241159275285
3520260522030006,平塚競輪,6R,18:08,1-4,1,4,15.2,0.06923330839096825,0.05234628754271742
2520260522030007,大宮競輪,7R,10:40,3-7,3,7,40.5,0.025965452926988427,0.051600843543031294
5520260523020006,和歌山競輪,6R,10:10,2-5,2,5,11.2,0.0930166398695246,0.04178636653867551
8420260523020009,武雄競輪,9R,14:40,3-8,3,8,41.3,0.025105168162941352,0.03684344512947768
1120260523020007,函館競輪,7R,18:20,1-5,1,5,64.9,0.015968465182053287,0.036353390315258416
1120260523020005,函館競輪,5R,17:32,2-5,2,5,31.9,0.03246310335795026,0.03557299711861317
1120260523020005,函館競輪,5R,17:32,1-7,1,7,15.5,0.0668011193711354,0.035417350252598734
6220260522030002,広島競輪,2R,21:10,1-7,1,7,15.0,0.06879443093888754,0.03191646408331317
8420260523020002,武雄競輪,2R,11:10,3-9,3,9,32.3,0.0319251315158028,0.031181747960430384
3820260524010005,静岡競輪,5R,12:50,3-4,3,4,16.8,0.06108942694582098,0.026302372689792408
4320260522030003,岐阜競輪,3R,21:20,6-7,6,7,36.7,0.02795394349909043,0.025909726416618817
8420260523020006,武雄競輪,6R,13:05,3-4,3,4,60.2,0.017021608255661055,0.024700816990795627
3520260522030006,平塚競輪,6R,18:08,2-4,2,4,30.5,0.03348523388786892,0.021299633580001975
1120260523020007,函館競輪,7R,18:20,1-6,1,6,40.5,0.025182572853674152,0.0198942005738032
8420260523020007,武雄競輪,7R,13:35,3-7,3,7,125.8,0.00807552251278434,0.01590073210826981
8420260523020012,武雄競輪,12R,16:30,7-9,7,9,49.4,0.020479427481726438,0.011683717597285925
2520260522030004,大宮競輪,4R,09:40,2-4,2,4,16.2,0.0623612664769896,0.010252516927231392
3520260522030003,平塚競輪,3R,16:59,2-4,2,4,21.2,0.047182950623277986,0.0002785532134932378
2520260522030002,大宮競輪,2R,09:00,2-7,2,7,45.1,0.022173090202765425,6.368144720658719e-06
6220260522030007,広島競輪,7R,22:50,4-5,4,5,19.5,0.0512774678317676,-8.937728053182159e-05
3520260522030001,平塚競輪,1R,16:11,2-5,2,5,129.2,0.00773424580263698,-0.0007354422993022247
8420260523020004,武雄競輪,4R,12:05,4-5,4,5,58.8,0.01698716230047994,-0.0011548567317796188
2520260522030003,大宮競輪,3R,09:20,3-4,3,4,25.5,0.03901362418603071,-0.005152583256216925
8420260523020011,武雄競輪,11R,15:50,7-9,7,9,52.8,0.018832118569596712,-0.005664139525293654
1120260523020008,函館競輪,8R,18:44,2-4,2,4,23.8,0.041703999418217924,-0.007444813846413378
8420260523020005,武雄競輪,5R,12:35,7-8,7,8,120.4,0.008242418656507083,-0.00761279375654722
8420260523020003,武雄競輪,3R,11:35,2-9,2,9,34.7,0.02857362722260609,-0.008495135375568563
1120260523020001,函館競輪,1R,15:55,1-3,1,3,9.7,0.10213868984628591,-0.00925470849102672
3520260522030002,平塚競輪,2R,16:37,4-6,4,6,26.5,0.03738510748609662,-0.009294651618439564
8420260523020008,武雄競輪,8R,14:05,2-8,2,8,23.1,0.04277203361032357,-0.011966023601525433
8420260523020004,武雄競輪,4R,12:05,1-7,1,7,23.5,0.042000493282464094,-0.012988407862093765
3820260524010004,静岡競輪,4R,12:20,2-7,2,7,11.6,0.08496305594434807,-0.014428551045562399
6220260522030008,広島競輪,8R,23:10,1-4,1,4,17.1,0.057613928561289454,-0.014801821601950205
2520260522030005,大宮競輪,5R,10:00,1-6,1,6,45.5,0.021582377688177563,-0.018001815187920878
3520260522030006,平塚競輪,6R,18:08,1-7,1,7,14.2,0.069139517154129,-0.018218856411368223
3520260522030010,平塚競輪,10R,19:48,4-7,4,7,10.9,0.08994520244070693,-0.019597293396294457
6220260522030007,広島競輪,7R,22:50,4-6,4,6,19.5,0.05026461666546953,-0.019839975023344114
3520260522030011,平塚競輪,11R,20:16,3-5,3,5,14.4,0.0679808551732187,-0.021075685505650754
4320260522030007,岐阜競輪,7R,22:40,1-3,1,3,10.5,0.09295252768333129,-0.023998459325021537
8420260523020008,武雄競輪,8R,14:05,5-8,5,8,27.9,0.03485310220551822,-0.02759844846604176
8420260523020011,武雄競輪,11R,15:50,7-8,7,8,100.3,0.009682666151015224,-0.028828585053173095
5520260523020006,和歌山競輪,6R,10:10,5-7,5,7,15.2,0.06377691325598987,-0.030590918508954013
5520260523020007,和歌山競輪,7R,10:30,4-6,4,6,56.2,0.01724612790994086,-0.030767611461323674
4320260522030004,岐阜競輪,4R,21:40,2-7,2,7,19.5,0.049699206677389446,-0.030865469790905764
2520260522030004,大宮競輪,4R,09:40,1-4,1,4,23.2,0.04168494450462834,-0.03290928749262256
8420260523020011,武雄競輪,11R,15:50,1-2,1,2,10.3,0.09380434259991205,-0.033815271220905774
8420260523020011,武雄競輪,11R,15:50,5-7,5,7,72.1,0.013382344126347513,-0.03513298849034441
3520260522030010,平塚競輪,10R,19:48,3-5,3,5,30.2,0.03186464788669296,-0.03768763382187268
1120260523020006,函館競輪,6R,17:56,3-7,3,7,32.7,0.029361853814324837,-0.03986738027157777
3820260524010003,静岡競輪,3R,11:50,4-5,4,5,11.7,0.08205003292695492,-0.04001461475462742
8420260523020007,武雄競輪,7R,13:35,1-2,1,2,34.2,0.028040663143434223,-0.04100932049454953
2520260522030004,大宮競輪,4R,09:40,2-3,2,3,9.0,0.10652252913989695,-0.04129723774092753
4320260522030009,岐阜競輪,9R,23:20,4-6,4,6,66.7,0.014356767474599887,-0.04240360944418753
2520260522030006,大宮競輪,6R,10:20,4-7,4,7,16.9,0.056581840602119904,-0.04376689382417376
2520260522030005,大宮競輪,5R,10:00,2-6,2,6,51.5,0.018507533030853132,-0.046862048911063714
5520260523020005,和歌山競輪,5R,09:50,3-6,3,6,192.4,0.004952368015665245,-0.0471643937860069
8420260523020007,武雄競輪,7R,13:35,2-8,2,8,86.6,0.011001383894044729,-0.04728015477572656
8420260523020012,武雄競輪,12R,16:30,8-9,8,9,91.7,0.010350207008400909,-0.0508860173296366
3520260522030007,平塚競輪,7R,18:32,1-6,1,6,40.8,0.023209412100769426,-0.053055986288607526
6220260522030004,広島競輪,4R,21:50,2-7,2,7,15.5,0.06099829337721793,-0.05452645265312206
1120260523020003,函館競輪,3R,16:44,3-5,3,5,67.9,0.013895528995435162,-0.056493581209952404
8420260523020003,武雄競輪,3R,11:35,2-5,2,5,15.7,0.0599766464303311,-0.05836665104380179
6220260522030009,広島競輪,9R,23:30,4-6,4,6,35.7,0.02631815634069473,-0.060441818637198
3820260524010010,静岡競輪,10R,15:30,1-2,1,2,18.8,0.049943007917902286,-0.06107145114343693
4320260522030004,岐阜競輪,4R,21:40,2-3,2,3,19.5,0.04814617189730279,-0.06114964800259559
4320260522030009,岐阜競輪,9R,23:20,6-7,6,7,66.7,0.014039802808721288,-0.06354515265828997
8420260523020006,武雄競輪,6R,13:05,5-6,5,6,59.7,0.015675219380297128,-0.06418940299626141
8420260523020004,武雄競輪,4R,12:05,5-7,5,7,58.6,0.01596320001599091,-0.0645564790629326
8420260523020003,武雄競輪,3R,11:35,7-9,7,9,21.8,0.042853310491983966,-0.06579783127474947
8420260523020001,武雄競輪,1R,10:45,2-6,2,6,79.0,0.01182046395562616,-0.06618334750553334
1120260523020008,函館競輪,8R,18:44,2-5,2,5,25.9,0.035786928318159425,-0.07311855655967092
3520260522030005,平塚競輪,5R,17:44,2-3,2,3,33.9,0.027327506485423946,-0.07359753014412829
1120260523020002,函館競輪,2R,16:20,1-3,1,3,18.7,0.049443875048624464,-0.07539953659072252
8420260523020005,武雄競輪,5R,12:35,1-8,1,8,81.6,0.011317857384419944,-0.07646283743133264
3520260522030010,平塚競輪,10R,19:48,1-3,1,3,39.9,0.02311595456080736,-0.07767341302378639
8420260523020001,武雄競輪,1R,10:45,4-6,4,6,70.2,0.013130875929673309,-0.07821250973693372
4320260522030005,岐阜競輪,5R,22:00,2-6,2,6,13.1,0.07029331064288913,-0.0791576305781524
8420260523020008,武雄競輪,8R,14:05,3-4,3,4,50.7,0.018107918235422953,-0.08192854546405626
6220260522030004,広島競輪,4R,21:50,5-7,5,7,62.2,0.014755437991017487,-0.0822117569587123
5520260523020003,和歌山競輪,3R,09:10,2-3,2,3,18.5,0.04956410071847353,-0.08306413670823964
3520260522030010,平塚競輪,10R,19:48,4-6,4,6,9.6,0.0950232921860176,-0.08777639501423107
4320260522030006,岐阜競輪,6R,22:20,2-4,2,4,12.0,0.07589589878508218,-0.0892492145790138
3520260522030011,平塚競輪,11R,20:16,2-5,2,5,11.3,0.08052403677836331,-0.09007838440449456
8420260523020011,武雄競輪,11R,15:50,4-9,4,9,37.0,0.024494805894266593,-0.09369218191213602
8420260523020002,武雄競輪,2R,11:10,6-8,6,8,374.6,0.0024150276999611183,-0.09533062359456501
3520260522030003,平塚競輪,3R,16:59,1-3,1,3,22.6,0.03996604918354556,-0.09676728845187033
8420260523020006,武雄競輪,6R,13:05,4-5,4,5,25.4,0.03547007477534973,-0.09906010070611682
3820260524010011,静岡競輪,11R,16:06,3-4,3,4,21.2,0.0424261894102165,-0.10056478450341022
8420260523020005,武雄競輪,5R,12:35,1-7,1,7,47.4,0.018937366798909193,-0.10236881373170426
8420260523020004,武雄競輪,4R,12:05,7-9,7,9,31.7,0.02831033521997969,-0.10256237352664388
4320260522030002,岐阜競輪,2R,21:00,5-7,5,7,13.5,0.06636227516427626,-0.10410928528227048
6220260522030004,広島競輪,4R,21:50,1-3,1,3,12.4,0.07219602881336801,-0.10476924271423671
3820260524010007,静岡競輪,7R,13:50,2-3,2,3,19.1,0.04671369130046052,-0.10776849616120399
1120260523020002,函館競輪,2R,16:20,1-2,1,2,18.8,0.04736324433531258,-0.10957100649612339
5520260523020003,和歌山競輪,3R,09:10,4-5,4,5,24.7,0.03599796728555126,-0.11085020804688384
4320260522030001,岐阜競輪,1R,20:40,4-5,4,5,31.8,0.027937040567104617,-0.11160210996607323
8420260523020005,武雄競輪,5R,12:35,2-5,2,5,10.9,0.0814658370088241,-0.11202237660381731
1120260523020005,函館競輪,5R,17:32,1-2,1,2,11.5,0.0769757734741157,-0.11477860504766946
3820260524010009,静岡競輪,9R,14:55,4-5,4,5,11.9,0.07423187481742874,-0.116640689672598
5520260523020001,和歌山競輪,1R,08:30,2-7,2,7,23.1,0.03820033177060424,-0.11757233609904205
8420260523020001,武雄競輪,1R,10:45,1-2,1,2,21.6,0.04081715373264399,-0.11834947937488982
3520260522030006,平塚競輪,6R,18:08,3-4,3,4,26.7,0.03295753165505945,-0.12003390480991272
1120260523020011,函館競輪,11R,20:02,3-7,3,7,10.0,0.08769553007732572,-0.12304469922674277
1120260523020001,函館競輪,1R,15:55,2-5,2,5,16.4,0.05339796522030027,-0.12427337038707564
3820260524010007,静岡競輪,7R,13:50,2-5,2,5,20.6,0.04250043751008231,-0.12449098729230434
8420260523020008,武雄競輪,8R,14:05,2-9,2,9,13.4,0.06519221000732772,-0.1264243859018085
6220260522030004,広島競輪,4R,21:50,3-7,3,7,20.7,0.04206769009992036,-0.12919881493164853
8420260523020004,武雄競輪,4R,12:05,2-3,2,3,17.8,0.04886458620636967,-0.1302103655266198
2520260522030004,大宮競輪,4R,09:40,4-7,4,7,18.6,0.04674840236612164,-0.1304797159901374
1120260523020002,函館競輪,2R,16:20,2-5,2,5,12.0,0.0724441498884997,-0.13067020133800356
8420260523020010,武雄競輪,10R,15:15,4-8,4,8,50.7,0.017094970356941918,-0.13328500290304468
6220260522030005,広島競輪,5R,22:10,4-5,4,5,15.7,0.055122172439403996,-0.13458189270135734
8420260523020002,武雄競輪,2R,11:10,3-6,3,6,133.1,0.006495320757596108,-0.13547280716395804
8420260523020001,武雄競輪,1R,10:45,2-5,2,5,70.9,0.012174053132776752,-0.13685963288612824
6220260522030001,広島競輪,1R,20:50,2-3,2,3,10.1,0.08542793847073463,-0.13717782144558033
1120260523020007,函館競輪,7R,18:20,2-6,2,6,13.5,0.06385745182501724,-0.13792440036226716
8420260523020012,武雄競輪,12R,16:30,4-5,4,5,33.3,0.025866034728193266,-0.13866104355116438
3520260522030004,平塚競輪,4R,17:21,5-6,5,6,9.3,0.09249540272043351,-0.13979275469996832
5520260523020006,和歌山競輪,6R,10:10,1-6,1,6,43.7,0.019661279788116118,-0.1408020732593256
4320260522030001,岐阜競輪,1R,20:40,2-5,2,5,17.3,0.04950694351002842,-0.14352987727650834
3520260522030009,平塚競輪,9R,19:21,2-5,2,5,20.4,0.04195318701510873,-0.14415498489178202
4320260522030006,岐阜競輪,6R,22:20,2-5,2,5,12.0,0.07127292755423628,-0.14472486934916462
3820260524010009,静岡競輪,9R,14:55,2-7,2,7,18.6,0.04596550312142486,-0.1450416419414975
8420260523020011,武雄競輪,11R,15:50,3-5,3,5,39.9,0.02139024437980188,-0.14652924924590505
5520260523020001,和歌山競輪,1R,08:30,1-5,1,5,17.1,0.04987962158024913,-0.14705847097773972
8420260523020011,武雄競輪,11R,15:50,3-8,3,8,54.7,0.01557348963388581,-0.14813011702644618
8420260523020012,武雄競輪,12R,16:30,3-6,3,6,28.3,0.030063279837126297,-0.14920918060932575
1120260523020011,函館競輪,11R,20:02,2-5,2,5,39.0,0.021807678580806095,-0.14950053534856234
3520260522030009,平塚競輪,9R,19:21,1-4,1,4,10.9,0.07799985957390525,-0.1498015306444328
3520260522030006,平塚競輪,6R,18:08,3-6,3,6,17.8,0.04765060506554508,-0.15181922983329754
1120260523020003,函館競輪,3R,16:44,5-7,5,7,25.7,0.032914958261201686,-0.15408557268711665
1120260523020007,函館競輪,7R,18:20,1-2,1,2,13.5,0.06264382673540927,-0.15430833907197483
3520260522030011,平塚競輪,11R,20:16,3-4,3,4,39.8,0.021236597728016254,-0.15478341042495314
3520260522030011,平塚競輪,11R,20:16,4-7,4,7,37.9,0.02229416417621124,-0.15505117772159405
8420260523020007,武雄競輪,7R,13:35,7-9,7,9,18.9,0.044566689906129685,-0.15768956077414897
2520260522030007,大宮競輪,7R,10:40,1-2,1,2,6.9,0.12206927282876191,-0.1577220174815428
6220260522030009,広島競輪,9R,23:30,1-5,1,5,9.7,0.0867888754220163,-0.158147908406442
3820260524010009,静岡競輪,9R,14:55,3-5,3,5,16.1,0.052263424254239826,-0.1585588695067387
3520260522030002,平塚競輪,2R,16:37,2-5,2,5,17.1,0.049172143315342004,-0.15915634930765166
1120260523020006,函館競輪,6R,17:56,4-7,4,7,15.5,0.054236439535867126,-0.1593351871940596
3820260524010002,静岡競輪,2R,11:22,1-6,1,6,26.5,0.03171038916594593,-0.15967468710243282
4320260522030008,岐阜競輪,8R,23:00,1-4,1,4,13.0,0.06455373735645077,-0.16080141436613993
3820260524010009,静岡競輪,9R,14:55,2-6,2,6,26.8,0.031200818580897637,-0.16381806203194327
3520260522030008,平塚競輪,8R,18:56,2-7,2,7,29.1,0.028688445675541005,-0.16516623084175674
3520260522030005,平塚競輪,5R,17:44,1-7,1,7,30.1,0.027718099590069562,-0.16568520233890616
3820260524010008,静岡競輪,8R,14:20,1-6,1,6,52.5,0.01586948763777863,-0.1668518990166219
6220260522030003,広島競輪,3R,21:30,2-3,2,3,12.7,0.06551760810900682,-0.16792637701561342
3520260522030011,平塚競輪,11R,20:16,2-7,2,7,41.9,0.019796750044629635,-0.17051617313001832
8420260523020005,武雄競輪,5R,12:35,1-3,1,3,27.2,0.030426943011975266,-0.17238715007427274
3520260522030009,平塚競輪,9R,19:21,2-4,2,4,22.4,0.03692559948857439,-0.17286657145593365
1120260523020009,函館競輪,9R,19:09,5-7,5,7,34.1,0.024225827107655473,-0.17389929562894835
8420260523020011,武雄競輪,11R,15:50,2-5,2,5,19.4,0.042500373195631595,-0.17549276000474712
8420260523020011,武雄競輪,11R,15:50,2-9,2,9,14.4,0.05707024247896031,-0.1781885083029715
8420260523020002,武雄競輪,2R,11:10,3-7,3,7,28.0,0.029319391993641485,-0.17905702417803837
1120260523020008,函館競輪,8R,18:44,3-6,3,6,31.7,0.025881347295037656,-0.1795612907473063
1120260523020009,函館競輪,9R,19:09,4-7,4,7,27.3,0.029995442896712732,-0.18112440891974235
5520260523020004,和歌山競輪,4R,09:30,3-7,3,7,16.0,0.050997726904943835,-0.18403636952089863
5520260523020002,和歌山競輪,2R,08:50,1-7,1,7,19.8,0.0411347853419399,-0.18553125022958994
8420260523020002,武雄競輪,2R,11:10,2-6,2,6,63.0,0.01292669396292424,-0.18561828033577288
3820260524010001,静岡競輪,1R,10:57,1-3,1,3,9.8,0.08294391351154672,-0.18714964758684216
1120260523020007,函館競輪,7R,18:20,3-6,3,6,29.5,0.027501117965718223,-0.1887170200113124
5520260523020006,和歌山競輪,6R,10:10,4-5,4,5,7.6,0.10651693628618504,-0.1904712842249937
4320260522030005,岐阜競輪,5R,22:00,3-6,3,6,26.2,0.030820390494063238,-0.19250576905554317
3820260524010001,静岡競輪,1R,10:57,2-6,2,6,28.4,0.028427551680485254,-0.19265753227421878
6220260522030009,広島競輪,9R,23:30,1-2,1,2,10.7,0.07541280928380352,-0.19308294066330234
2520260522030005,大宮競輪,5R,10:00,1-4,1,4,14.0,0.05762783770005077,-0.1932102721992892
3520260522030008,平塚競輪,8R,18:56,1-4,1,4,14.5,0.05548390434741153,-0.19548338696253276
8420260523020001,武雄競輪,1R,10:45,4-9,4,9,24.5,0.032778610512956816,-0.196924042432558
4320260522030007,岐阜競輪,7R,22:40,4-6,4,6,21.0,0.038211577162189106,-0.1975568795940288
8420260523020005,武雄競輪,5R,12:35,5-7,5,7,19.3,0.04157190431852777,-0.19766224665241394
8420260523020002,武雄競輪,2R,11:10,4-5,4,5,23.3,0.03437250770263968,-0.1991205705284954
8420260523020005,武雄競輪,5R,12:35,3-7,3,7,32.3,0.024781204855053196,-0.19956708318178185
4320260522030001,岐阜競輪,1R,20:40,2-6,2,6,17.3,0.04610198101380575,-0.20243572846116054
8420260523020006,武雄競輪,6R,13:05,4-8,4,8,67.6,0.01179600404448311,-0.20259012659294184
1120260523020006,函館競輪,6R,17:56,1-5,1,5,8.8,0.0905570806968017,-0.20309768986814503
3820260524010007,静岡競輪,7R,13:50,3-4,3,4,33.4,0.02385881023572138,-0.20311573812690586
6220260522030005,広島競輪,5R,22:10,1-6,1,6,15.7,0.05074057809801743,-0.20337292386112638
3820260524010009,静岡競輪,9R,14:55,3-4,3,4,8.8,0.09037793354253737,-0.20467418482567112
4320260522030001,岐阜競輪,1R,20:40,5-7,5,7,27.3,0.02913187702031412,-0.20469975734542456
2520260522030006,大宮競輪,6R,10:20,3-7,3,7,13.4,0.05928941009165076,-0.20552190477187982
3520260522030003,平塚競輪,3R,16:59,1-5,1,5,25.1,0.031649389914941185,-0.20560031313497618
1120260523020002,函館競輪,2R,16:20,5-7,5,7,12.3,0.0644635038379539,-0.2070989027931669
1120260523020011,函館競輪,11R,20:02,3-4,3,4,13.0,0.06085504681441535,-0.2088843914126004
1120260523020011,函館競輪,11R,20:02,5-7,5,7,12.4,0.06347373102778897,-0.2129257352554167
2520260522030003,大宮競輪,3R,09:20,2-5,2,5,54.1,0.014512091145829142,-0.2148958690106434
8420260523020006,武雄競輪,6R,13:05,6-8,6,8,141.4,0.0055196484623399635,-0.2195217074251291
1120260523020009,函館競輪,9R,19:09,6-7,6,7,54.6,0.014292628285094758,-0.2196224956338262
1120260523020008,函館競輪,8R,18:44,4-5,4,5,20.4,0.03824190076130354,-0.21986522446940782
1120260523020010,函館競輪,10R,19:35,3-5,3,5,17.4,0.04479037581304101,-0.2206474608530865
3520260522030009,平塚競輪,9R,19:21,1-3,1,3,9.7,0.08018326574306463,-0.22222232229227312
1120260523020008,函館競輪,8R,18:44,1-4,1,4,10.9,0.0712615703995284,-0.2232488826451403
8420260523020008,武雄競輪,8R,14:05,2-5,2,5,10.2,0.07611729554940971,-0.223603585396021
8420260523020004,武雄競輪,4R,12:05,2-4,2,4,29.4,0.02637641972594861,-0.22453326005711094
5520260523020005,和歌山競輪,5R,09:50,2-7,2,7,7.8,0.09899275023991577,-0.22785654812865697
5520260523020004,和歌山競輪,4R,09:30,1-5,1,5,18.4,0.041918178882788495,-0.2287055085566917
6220260522030009,広島競輪,9R,23:30,4-5,4,5,17.8,0.04329742060503167,-0.22930591323043625
8420260523020001,武雄競輪,1R,10:45,3-7,3,7,24.4,0.03156404561462743,-0.2298372870030907
8420260523020003,武雄競輪,3R,11:35,5-7,5,7,8.7,0.08849765361170822,-0.2300704135781385
1120260523020012,函館競輪,12R,20:30,5-7,5,7,10.2,0.07540618371389415,-0.23085692611827968
1120260523020008,函館競輪,8R,18:44,5-6,5,6,40.8,0.018785824140891673,-0.23353837505161978
6220260522030003,広島競輪,3R,21:30,3-4,3,4,25.5,0.030020285158269107,-0.23448272846413776
3520260522030002,平塚競輪,2R,16:37,1-2,1,2,7.9,0.09663907332180491,-0.2365513207577412
3520260522030002,平塚競輪,2R,16:37,4-7,4,7,26.5,0.028719693065862594,-0.23892813375464128
4320260522030007,岐阜競輪,7R,22:40,2-4,2,4,10.5,0.07230502956829069,-0.24079718953294782
3520260522030006,平塚競輪,6R,18:08,5-6,5,6,16.4,0.04623076028257818,-0.24181553136571798
3820260524010007,静岡競輪,7R,13:50,2-6,2,6,24.5,0.030939245154356903,-0.24198849371825593
1120260523020007,函館競輪,7R,18:20,1-4,1,4,11.5,0.06590552641439978,-0.24208644623440245
1120260523020008,函館競輪,8R,18:44,5-7,5,7,15.8,0.047820121390757184,-0.24444208202603646
1120260523020009,函館競輪,9R,19:09,3-6,3,6,34.1,0.022143364808827972,-0.24491126001896613
5520260523020002,和歌山競輪,2R,08:50,4-7,4,7,12.5,0.06018882565211982,-0.24763967934850228
3820260524010002,静岡競輪,2R,11:22,4-5,4,5,13.0,0.05783726488701328,-0.24811555646882733
8420260523020002,武雄競輪,2R,11:10,3-8,3,8,78.8,0.00951427653267974,-0.2502750092248366
3520260522030009,平塚競輪,9R,19:21,1-5,1,5,8.6,0.08694357019956458,-0.25228529628374463
6220260522030007,広島競輪,7R,22:50,3-6,3,6,19.5,0.03834192129436597,-0.2523325347598636
5520260523020003,和歌山競輪,3R,09:10,1-4,1,4,41.3,0.01809957016505136,-0.2524877521833788
5520260523020007,和歌山競輪,7R,10:30,5-7,5,7,13.7,0.05454515292377955,-0.2527314049442202
5520260523020006,和歌山競輪,6R,10:10,1-3,1,3,27.1,0.02750437488793011,-0.25463144053709397
4320260522030009,岐阜競輪,9R,23:20,4-5,4,5,22.2,0.03349667133004258,-0.25637389647305475
6220260522030004,広島競輪,4R,21:50,2-5,2,5,62.2,0.011945643253008852,-0.2569809896628493
3820260524010005,静岡競輪,5R,12:50,2-7,2,7,9.6,0.07736472784121567,-0.2572986127243295
8420260523020007,武雄競輪,7R,13:35,4-9,4,9,14.9,0.049621026057594844,-0.26064671174183685
8420260523020010,武雄競輪,10R,15:15,2-6,2,6,57.4,0.012842207848999171,-0.2628572694674476
8420260523020007,武雄競輪,7R,13:35,4-7,4,7,59.8,0.012312858746756711,-0.26369104694394874
6220260522030006,広島競輪,6R,22:30,1-4,1,4,13.5,0.05414031221125509,-0.2691057851480563
4320260522030009,岐阜競輪,9R,23:20,4-7,4,7,25.0,0.02922220382394866,-0.26944490440128344
4320260522030001,岐阜競輪,1R,20:40,3-4,3,4,17.3,0.04216895222923438,-0.27047712643424526
3820260524010001,静岡競輪,1R,10:57,1-7,1,7,16.4,0.04446726363828209,-0.2707368763321738
2520260522030003,大宮競輪,3R,09:20,2-6,2,6,71.6,0.010183981346390855,-0.27082693559841486
8420260523020008,武雄競輪,8R,14:05,8-9,8,9,24.8,0.029359776501677953,-0.2718775427583867
1120260523020009,函館競輪,9R,19:09,3-5,3,5,22.7,0.03207036348899381,-0.27200274879984054
8420260523020003,武雄競輪,3R,11:35,6-8,6,8,166.5,0.004355682000909205,-0.2747789468486175
6220260522030007,広島競輪,7R,22:50,3-5,3,5,19.5,0.03707636935346084,-0.27701079760751357
3520260522030008,平塚競輪,8R,18:56,2-6,2,6,34.9,0.020705184700161985,-0.27738905396434677
5520260523020005,和歌山競輪,5R,09:50,2-3,2,3,28.6,0.025259641246756927,-0.2775742603427519
8420260523020001,武雄競輪,1R,10:45,1-3,1,3,16.7,0.04322946841639049,-0.2780678774462788
8420260523020011,武雄競輪,11R,15:50,1-8,1,8,29.6,0.024331479001174657,-0.2797882215652301
8420260523020010,武雄競輪,10R,15:15,5-8,5,8,40.7,0.017668101636778226,-0.28090826338312613
6220260522030008,広島競輪,8R,23:10,1-5,1,5,11.7,0.06113425210095637,-0.2847292504188106
3520260522030008,平塚競輪,8R,18:56,3-4,3,4,15.8,0.045234931941994315,-0.2852880753164898
3520260522030004,平塚競輪,4R,17:21,1-6,1,6,11.1,0.06438538790461333,-0.285322194258792
3520260522030008,平塚競輪,8R,18:56,5-7,5,7,9.1,0.07843162301293088,-0.286272230582329
8420260523020006,武雄競輪,6R,13:05,2-7,2,7,20.3,0.034934557369970545,-0.29082848538959793
8420260523020008,武雄競輪,8R,14:05,4-8,4,8,38.4,0.018466936784772923,-0.2908696274647198
1120260523020006,函館競輪,6R,17:56,5-6,5,6,12.5,0.0565722140619224,-0.29284732422597004
8420260523020002,武雄競輪,2R,11:10,2-3,2,3,14.2,0.049503593539618855,-0.2970489717374123
6220260522030007,広島競輪,7R,22:50,2-7,2,7,19.5,0.03603281622338184,-0.2973600836440541
4320260522030002,岐阜競輪,2R,21:00,2-7,2,7,13.5,0.05202487238239191,-0.2976642228377092
1120260523020008,函館競輪,8R,18:44,3-7,3,7,11.4,0.06160295229749126,-0.2977263438085995
6220260522030009,広島競輪,9R,23:30,1-4,1,4,10.7,0.06551552169894254,-0.29898391782131495
3520260522030004,平塚競輪,4R,17:21,1-4,1,4,16.9,0.0414700206395527,-0.29915665119155943
1120260523020009,函館競輪,9R,19:09,1-3,1,3,14.3,0.048982090180788695,-0.29955611041472163
8420260523020003,武雄競輪,3R,11:35,3-6,3,6,56.0,0.012493632198043511,-0.3003565969095634
6220260522030006,広島競輪,6R,22:30,2-4,2,4,13.5,0.05177949503690084,-0.30097681700183865
8420260523020010,武雄競輪,10R,15:15,1-7,1,7,13.9,0.050250817817534696,-0.3015136323362677
6220260522030007,広島競輪,7R,22:50,3-4,3,4,19.5,0.03563041941466902,-0.30520682141395417
1120260523020009,函館競輪,9R,19:09,1-5,1,5,9.7,0.07141058336482425,-0.3073173413612048
3820260524010011,静岡競輪,11R,16:06,4-5,4,5,19.4,0.03557924972544757,-0.30976255532631713
4320260522030003,岐阜競輪,3R,21:20,3-5,3,5,36.7,0.018790203345080136,-0.3103995372355589
6220260522030003,広島競輪,3R,21:30,1-2,1,2,6.3,0.10928696247261553,-0.31149213642252216
4320260522030004,岐阜競輪,4R,21:40,1-3,1,3,9.7,0.07076384535304045,-0.3135907000755077
3520260522030006,平塚競輪,6R,18:08,2-6,2,6,14.2,0.04832514178021648,-0.3137829867209261
2520260522030007,大宮競輪,7R,10:40,3-5,3,5,11.9,0.05764886941827046,-0.3139784539225815
3520260522030007,平塚競輪,7R,18:32,1-2,1,2,6.8,0.10087063498682118,-0.314079682089616
3520260522030006,平塚競輪,6R,18:08,1-3,1,3,9.7,0.0707030766131252,-0.31418015685268563
8420260523020008,武雄競輪,8R,14:05,3-8,3,8,37.3,0.018346447457826362,-0.31567750982307674
3520260522030011,平塚競輪,11R,20:16,3-7,3,7,37.9,0.018039437899645776,-0.3163053036034251
8420260523020007,武雄競輪,7R,13:35,6-8,6,8,85.7,0.007960379360967676,-0.31779548876507013
2520260522030005,大宮競輪,5R,10:00,4-7,4,7,6.9,0.09878369621683931,-0.3183924961038087
6220260522030004,広島競輪,4R,21:50,4-5,4,5,62.2,0.010923641249289294,-0.32054951429420586
6220260522030006,広島競輪,6R,22:30,4-5,4,5,13.5,0.05025176146283033,-0.3216012202517906
5520260523020007,和歌山競輪,7R,10:30,1-7,1,7,7.6,0.08916442152080062,-0.3223503964419153
6220260522030005,広島競輪,5R,22:10,3-4,3,4,15.7,0.04307128977626656,-0.3237807505126151
3520260522030009,平塚競輪,9R,19:21,4-5,4,5,16.6,0.040626448054713965,-0.3256009622917482
8420260523020010,武雄競輪,10R,15:15,6-7,6,7,54.2,0.012440548198381892,-0.3257222876477014
6220260522030009,広島競輪,9R,23:30,2-6,2,6,26.8,0.025131940106349497,-0.3264640051498334
3820260524010003,静岡競輪,3R,11:50,3-7,3,7,13.8,0.048618188994637275,-0.3290689918740056
3820260524010008,静岡競輪,8R,14:20,2-4,2,4,10.9,0.06128656160135082,-0.331976478545276
1120260523020007,函館競輪,7R,18:20,2-4,2,4,5.5,0.12141609682987763,-0.3322114674356731
8420260523020011,武雄競輪,11R,15:50,4-8,4,8,51.2,0.013005756552679344,-0.3341052645028175
2520260522030001,大宮競輪,1R,08:40,1-5,1,5,10.0,0.0665773712625274,-0.33422628737472604
3520260522030004,平塚競輪,4R,17:21,2-5,2,5,23.9,0.027840432383623007,-0.3346136660314102
6220260522030007,広島競輪,7R,22:50,1-7,1,7,19.5,0.03408315167888825,-0.33537854226167907
4320260522030006,岐阜競輪,6R,22:20,2-3,2,3,12.0,0.05529753715496592,-0.336429554140409
3520260522030009,平塚競輪,9R,19:21,6-7,6,7,24.9,0.02663111540214576,-0.3368852264865706
6220260522030002,広島競輪,2R,21:10,1-6,1,6,15.0,0.044196224059954735,-0.33705663910067896
3820260524010002,静岡競輪,2R,11:22,2-3,2,3,8.3,0.0798241732296778,-0.33745936219367423
1120260523020006,函館競輪,6R,17:56,2-7,2,7,29.7,0.022307388763679672,-0.3374705537187137
6220260522030009,広島競輪,9R,23:30,1-3,1,3,8.2,0.08078305214376974,-0.33757897242108814
3820260524010010,静岡競輪,10R,15:30,1-7,1,7,7.5,0.08819415213935565,-0.33854385895483263
1120260523020007,函館競輪,7R,18:20,2-3,2,3,10.4,0.06360093107168238,-0.3385503168545032
8420260523020006,武雄競輪,6R,13:05,7-8,7,8,32.6,0.02021134446916347,-0.3411101703052708
6220260522030003,広島競輪,3R,21:30,4-5,4,5,25.5,0.02579507063511623,-0.3422256988045361
8420260523020009,武雄競輪,9R,14:40,1-9,1,9,16.2,0.04054772008327277,-0.3431269346509811
8420260523020011,武雄競輪,11R,15:50,4-5,4,5,36.7,0.01786252690831795,-0.3444452624647313
1120260523020009,函館競輪,9R,19:09,3-7,3,7,39.0,0.016800725312704098,-0.3447717128045402
3520260522030003,平塚競輪,3R,16:59,1-4,1,4,16.7,0.039233440927852734,-0.34480153650485934
8420260523020008,武雄競輪,8R,14:05,4-9,4,9,22.6,0.028939439895351908,-0.34596865836504687
3520260522030003,平塚競輪,3R,16:59,2-7,2,7,14.6,0.04479598131153626,-0.3459786728515706
8420260523020009,武雄競輪,9R,14:40,3-9,3,9,11.0,0.05944599217482087,-0.34609408607697045
3520260522030007,平塚競輪,7R,18:32,3-6,3,6,36.3,0.01797386341033018,-0.3475487582050145
4320260522030003,岐阜競輪,3R,21:20,1-6,1,6,9.1,0.07154981054123258,-0.34889672407478356
2520260522030002,大宮競輪,2R,09:00,1-4,1,4,22.0,0.029588733646921505,-0.3490478597677269
8420260523020009,武雄競輪,9R,14:40,8-9,8,9,20.9,0.030968812918631433,-0.35275181000060307
3820260524010011,静岡競輪,11R,16:06,3-5,3,5,15.5,0.04144135252723406,-0.35765903582787206
8420260523020009,武雄競輪,9R,14:40,4-6,4,6,91.3,0.007030370144823042,-0.35812720577765633
3820260524010008,静岡競輪,8R,14:20,2-7,2,7,5.9,0.10877779926378336,-0.35821098434367815
8420260523020004,武雄競輪,4R,12:05,1-2,1,2,14.2,0.045157866248401235,-0.35875829927270253
8420260523020009,武雄競輪,9R,14:40,4-8,4,8,42.9,0.014892943456182273,-0.36109272572978046
2520260522030001,大宮競輪,1R,08:40,1-2,1,2,8.6,0.07416116390082973,-0.3622139904528643
1120260523020007,函館競輪,7R,18:20,3-5,3,5,36.0,0.017683038464778537,-0.3634106152679727
3520260522030009,平塚競輪,9R,19:21,2-3,2,3,16.6,0.03831016479620597,-0.36405126438298085
3520260522030006,平塚競輪,6R,18:08,1-5,1,5,9.2,0.06864372255617979,-0.36847775248314596
8420260523020002,武雄競輪,2R,11:10,4-9,4,9,25.5,0.024762118472201375,-0.3685659789588649
4320260522030006,岐阜競輪,6R,22:20,1-6,1,6,12.0,0.052493414322198576,-0.37007902813361704
1120260523020003,函館競輪,3R,16:44,1-3,1,3,17.8,0.035350482267112564,-0.37076141564539633
6220260522030007,広島競輪,7R,22:50,1-6,1,6,9.7,0.06477602719186604,-0.3716725362388995
1120260523020009,函館競輪,9R,19:09,3-4,3,4,17.0,0.03692837846293768,-0.3722175661300594
6220260522030008,広島競輪,8R,23:10,1-3,1,3,9.6,0.06531384969623234,-0.3729870429161696
3520260522030009,平塚競輪,9R,19:21,1-6,1,6,8.4,0.07462903580791869,-0.373116099213483
4320260522030007,岐阜競輪,7R,22:40,3-6,3,6,21.0,0.029841239834351545,-0.3733339634786176
8420260523020001,武雄競輪,1R,10:45,2-9,2,9,22.3,0.027972083154667805,-0.37622254565090796
8420260523020005,武雄競輪,5R,12:35,4-9,4,9,29.4,0.02116696662205616,-0.377691181311549
6220260522030005,広島競輪,5R,22:10,1-5,1,5,7.8,0.07977077962791282,-0.37778791890228003
6220260522030007,広島競輪,7R,22:50,2-4,2,4,9.7,0.06410768351372026,-0.3781554699169135
6220260522030007,広島競輪,7R,22:50,1-4,1,4,9.7,0.06385522562539549,-0.3806043114336638
3520260522030005,平塚競輪,5R,17:44,2-4,2,4,9.0,0.06864930907182025,-0.3821562183536178
1120260523020004,函館競輪,4R,17:08,3-7,3,7,6.6,0.09359221150167701,-0.3822914040889317
3820260524010007,静岡競輪,7R,13:50,1-3,1,3,6.4,0.0964619612994749,-0.38264344768336056
3520260522030007,平塚競輪,7R,18:32,5-6,5,6,23.3,0.026475864529955706,-0.383112356452032
8420260523020012,武雄競輪,12R,16:30,4-9,4,9,40.2,0.015331978238049743,-0.38365447483040027
1120260523020003,函館競輪,3R,16:44,1-2,1,2,6.3,0.0977994909374518,-0.38386320709405364
3820260524010005,静岡競輪,5R,12:50,1-3,1,3,9.6,0.06392160474255908,-0.3863525944714329
3520260522030011,平塚競輪,11R,20:16,1-2,1,2,8.6,0.07130595634537201,-0.3867687754298007
8420260523020009,武雄競輪,9R,14:40,4-9,4,9,17.0,0.03604141248002402,-0.3872959878395916
4320260522030002,岐阜競輪,2R,21:00,3-7,3,7,13.5,0.045264788667340516,-0.38892535299090303
1120260523020006,函館競輪,6R,17:56,4-5,4,5,7.9,0.07727644653299179,-0.3895160723893648
8420260523020006,武雄競輪,6R,13:05,3-8,3,8,79.4,0.007682273649286874,-0.39002747224662215
5520260523020005,和歌山競輪,5R,09:50,5-7,5,7,5.8,0.10513931761719222,-0.39019195782028515
3520260522030006,平塚競輪,6R,18:08,2-3,2,3,17.8,0.03425851359708815,-0.39019845797183095
3520260522030008,平塚競輪,8R,18:56,1-2,1,2,21.8,0.027783276044464407,-0.3943245822306759
4320260522030004,岐阜競輪,4R,21:40,4-6,4,6,19.5,0.031023644328304942,-0.3950389355980536
2520260522030003,大宮競輪,3R,09:20,1-2,1,2,37.8,0.015953066287235116,-0.39697409434251263
4320260522030006,岐阜競輪,6R,22:20,1-2,1,2,6.0,0.10036565272049688,-0.39780608367701875
3520260522030011,平塚競輪,11R,20:16,1-3,1,3,10.0,0.06011153773247498,-0.39888462267525016
5520260523020003,和歌山競輪,3R,09:10,1-5,1,5,9.1,0.06593245706557647,-0.4000146407032541
1120260523020006,函館競輪,6R,17:56,1-4,1,4,7.1,0.084369793859499,-0.4009744635975572
8420260523020009,武雄競輪,9R,14:40,1-3,1,3,17.9,0.03297120052325267,-0.4098155106337773
8420260523020002,武雄競輪,2R,11:10,4-7,4,7,26.0,0.02267413083034668,-0.41047259841098627
3820260524010009,静岡競輪,9R,14:55,2-4,2,4,7.9,0.07451083586069715,-0.4113643967004925
2520260522030002,大宮競輪,2R,09:00,1-5,1,5,7.0,0.0837854465686988,-0.41350187401910843
3520260522030001,平塚競輪,1R,16:11,2-7,2,7,57.7,0.010149647018647193,-0.4143653670240569
3820260524010001,静岡競輪,1R,10:57,2-3,2,3,6.9,0.08481155978143166,-0.41480023750812145
6220260522030009,広島競輪,9R,23:30,3-5,3,5,10.7,0.054338659165375516,-0.41857634693048207
8420260523020002,武雄競輪,2R,11:10,1-3,1,3,18.2,0.03194497312121987,-0.41860148919379836
3820260524010002,静岡競輪,2R,11:22,3-4,3,4,16.4,0.035422900256409054,-0.4190644357948916
6220260522030009,広島競輪,9R,23:30,4-7,4,7,17.8,0.0325184634324558,-0.42117135090228675
6220260522030009,広島競輪,9R,23:30,2-3,2,3,13.4,0.04317549647585731,-0.421448347223512
4320260522030009,岐阜競輪,9R,23:20,1-2,1,2,5.5,0.10501557097267125,-0.42241435965030816
4320260522030005,岐阜競輪,5R,22:00,1-4,1,4,8.7,0.0663247561565089,-0.4229746214383726
8420260523020008,武雄競輪,8R,14:05,4-5,4,5,16.8,0.03434172904630722,-0.4230589520220386
8420260523020009,武雄競輪,9R,14:40,5-9,5,9,15.7,0.03657877705747287,-0.425713200197676
8420260523020003,武雄競輪,3R,11:35,5-8,5,8,33.7,0.016999741583680613,-0.4271087086299633
8420260523020003,武雄競輪,3R,11:35,6-9,6,9,58.3,0.00977520840102302,-0.4301053502203579
3520260522030003,平塚競輪,3R,16:59,1-7,1,7,15.0,0.03739517631537838,-0.4390723552693243
2520260522030003,大宮競輪,3R,09:20,4-7,4,7,6.3,0.08895524441014725,-0.4395819602160723
3820260524010002,静岡競輪,2R,11:22,4-7,4,7,37.3,0.015016022582048486,-0.4399023576895915
1120260523020009,函館競輪,9R,19:09,2-7,2,7,13.0,0.04285003444200188,-0.4429495522539756
8420260523020002,武雄競輪,2R,11:10,2-9,2,9,9.7,0.057418862645614875,-0.4430370323375358
6220260522030005,広島競輪,5R,22:10,2-5,2,5,7.8,0.07114531049015592,-0.44506657817678386
6220260522030002,広島競輪,2R,21:10,2-4,2,4,10.0,0.055389588933304756,-0.44610411066695244
6220260522030002,広島競輪,2R,21:10,2-3,2,3,10.0,0.05534051741998282,-0.44659482580017185
6220260522030003,広島競輪,3R,21:30,2-4,2,4,12.7,0.04342557637107745,-0.4484951800873165
4320260522030001,岐阜競輪,1R,20:40,1-3,1,3,7.3,0.07542875461523796,-0.44937009130876293
1120260523020009,函館競輪,9R,19:09,2-4,2,4,6.8,0.08096064095578198,-0.4494676415006825
1120260523020002,函館競輪,2R,16:20,1-4,1,4,13.7,0.040130575727442955,-0.45021111253403157
6220260522030002,広島競輪,2R,21:10,1-2,1,2,6.0,0.09157044220873273,-0.45057734674760364
5520260523020003,和歌山競輪,3R,09:10,4-7,4,7,13.3,0.041216199625739997,-0.451824544977658
4320260522030002,岐阜競輪,2R,21:00,3-6,3,6,13.5,0.04056631764583569,-0.4523547117812182
6220260522030004,広島競輪,4R,21:50,1-2,1,2,5.6,0.09775924043181641,-0.45254825358182815
1120260523020009,函館競輪,9R,19:09,2-5,2,5,7.5,0.07292368802804838,-0.4530723397896371
5520260523020006,和歌山競輪,6R,10:10,3-5,3,5,9.9,0.0551536341194825,-0.4539790222171233
3820260524010011,静岡競輪,11R,16:06,1-2,1,2,5.3,0.10256976583782566,-0.456380241059524
1120260523020009,函館競輪,9R,19:09,1-2,1,2,5.2,0.10448910758648296,-0.45665664055028865
8420260523020004,武雄競輪,4R,12:05,2-5,2,5,28.9,0.018798074601136427,-0.4567356440271573
8420260523020009,武雄競輪,9R,14:40,1-4,1,4,27.1,0.02003594501130593,-0.4570258901936093
3520260522030008,平塚競輪,8R,18:56,4-5,4,5,7.9,0.0687059839959565,-0.4572227264319436
1120260523020008,函館競輪,8R,18:44,1-5,1,5,8.6,0.06305304106389045,-0.45774384685054215
8420260523020012,武雄競輪,12R,16:30,7-8,7,8,49.6,0.010925464980635588,-0.4580969369604748
3520260522030008,平塚競輪,8R,18:56,2-5,2,5,15.8,0.034215352442809044,-0.4593974314036171
1120260523020012,函館競輪,12R,20:30,5-6,5,6,8.7,0.06185785255262542,-0.46183668279215884
4320260522030001,岐阜競輪,1R,20:40,1-4,1,4,8.6,0.0625357392461335,-0.462192642483252
1120260523020004,函館競輪,4R,17:08,5-7,5,7,8.5,0.06312316527860747,-0.4634530951318365
4320260522030007,岐阜競輪,7R,22:40,1-2,1,2,3.5,0.15322957484648173,-0.463696488037314
5520260523020002,和歌山競輪,2R,08:50,1-4,1,4,12.5,0.042829730499383795,-0.4646283687577025
4320260522030007,岐阜競輪,7R,22:40,2-5,2,5,10.5,0.05094070713163114,-0.465122575117873
6220260522030005,広島競輪,5R,22:10,2-7,2,7,15.7,0.03391232438228807,-0.4675765071980773
3820260524010007,静岡競輪,7R,13:50,1-2,1,2,6.8,0.07807569482217218,-0.46908527520922916
1120260523020011,函館競輪,11R,20:02,3-5,3,5,12.4,0.04254807834424803,-0.47240382853132445
6220260522030006,広島競輪,6R,22:30,1-6,1,6,13.5,0.039028807357331746,-0.47311110067602147
3820260524010002,静岡競輪,2R,11:22,3-5,3,5,8.5,0.06181657760583334,-0.47455909035041666
3520260522030004,平塚競輪,4R,17:21,1-2,1,2,30.8,0.017050972008005434,-0.4748300621534326
6220260522030005,広島競輪,5R,22:10,1-4,1,4,7.8,0.0669631941556203,-0.4776870855861617
4320260522030007,岐阜競輪,7R,22:40,1-4,1,4,5.2,0.10021695927941433,-0.4788718117470454
8420260523020001,武雄競輪,1R,10:45,3-9,3,9,16.2,0.03215085361223166,-0.4791561714818471
3520260522030009,平塚競輪,9R,19:21,2-6,2,6,14.9,0.03495421686804716,-0.4791821686660973
1120260523020007,函館競輪,7R,18:20,5-6,5,6,40.5,0.012813726070417374,-0.48104409414809635
8420260523020004,武雄競輪,4R,12:05,3-8,3,8,18.9,0.02731711284035877,-0.4837065673172193
5520260523020001,和歌山競輪,1R,08:30,2-3,2,3,10.7,0.04812008761178606,-0.48511506255388925
2520260522030006,大宮競輪,6R,10:20,6-7,6,7,9.8,0.05247716059026924,-0.4857238262153615
3820260524010010,静岡競輪,10R,15:30,2-5,2,5,20.3,0.02531880239829029,-0.48602831131470703
8420260523020011,武雄競輪,11R,15:50,8-9,8,9,35.8,0.014338402279797586,-0.4866851983832464
8420260523020010,武雄競輪,10R,15:15,3-4,3,4,18.3,0.02802403980859236,-0.48716007150275975
3520260522030005,平塚競輪,5R,17:44,1-6,1,6,20.8,0.024492901616938182,-0.4905476463676858
1120260523020006,函館競輪,6R,17:56,2-3,2,3,29.7,0.017146390389789257,-0.49075220542325904
1120260523020001,函館競輪,1R,15:55,2-3,2,3,10.0,0.050882288767193265,-0.4911771123280674
3520260522030006,平塚競輪,6R,18:08,1-2,1,2,7.1,0.07156208524680849,-0.4919091947476598
6220260522030002,広島競輪,2R,21:10,2-5,2,5,7.5,0.06768181271654074,-0.4923864046259445
5520260523020007,和歌山競輪,7R,10:30,4-7,4,7,5.0,0.10141785172278359,-0.49291074138608204
8420260523020003,武雄競輪,3R,11:35,8-9,8,9,63.9,0.007923578739043497,-0.4936833185751206
6220260522030005,広島競輪,5R,22:10,1-3,1,3,7.8,0.06473991574825995,-0.49502865716357236
1120260523020008,函館競輪,8R,18:44,1-3,1,3,6.2,0.08134716371697126,-0.4956475849547781
3520260522030002,平塚競輪,2R,16:37,3-5,3,5,14.2,0.035402258532798964,-0.49728792883425477
6220260522030002,広島競輪,2R,21:10,1-3,1,3,7.5,0.06684520999445319,-0.4986609250416011
6220260522030002,広島競輪,2R,21:10,1-4,1,4,7.5,0.06682394488801421,-0.49882041333989335
1120260523020007,函館競輪,7R,18:20,1-3,1,3,17.0,0.029449816336255267,-0.49935312228366047
6220260522030003,広島競輪,3R,21:30,1-6,1,6,8.5,0.058838710646922115,-0.499870959501162
5520260523020005,和歌山競輪,5R,09:50,2-4,2,4,6.0,0.08328711895812793,-0.5002772862512324
1120260523020002,函館競輪,2R,16:20,1-5,1,5,7.3,0.06828478449261167,-0.5015210732039348
4320260522030007,岐阜競輪,7R,22:40,2-6,2,6,7.0,0.07120757123456288,-0.5015470013580599
3520260522030005,平塚競輪,5R,17:44,4-5,4,5,4.9,0.10154521847472822,-0.5024284294738317
3520260522030004,平塚競輪,4R,17:21,2-4,2,4,12.1,0.04102171666586975,-0.5036372283429761
6220260522030009,広島競輪,9R,23:30,2-7,2,7,15.3,0.03236430946140739,-0.5048260652404668
2520260522030005,大宮競輪,5R,10:00,2-4,2,4,9.4,0.052531435411642485,-0.5062045071305606
3520260522030010,平塚競輪,10R,19:48,4-5,4,5,5.1,0.09663946233189732,-0.5071387421073237
3520260522030008,平塚競輪,8R,18:56,1-3,1,3,10.2,0.04816613767436219,-0.5087053957215057
1120260523020006,函館競輪,6R,17:56,3-5,3,5,11.2,0.043862427689625574,-0.5087408098761936
8420260523020003,武雄競輪,3R,11:35,5-6,5,6,23.8,0.020624888839949458,-0.5091276456092029
8420260523020005,武雄競輪,5R,12:35,1-5,1,5,10.1,0.04851402872560946,-0.5100083098713444
5520260523020007,和歌山競輪,7R,10:30,3-6,3,6,127.0,0.0038553833911127225,-0.5103663093286843
4320260522030002,岐阜競輪,2R,21:00,2-5,2,5,13.5,0.03624694547506174,-0.5106662360866665
8420260523020006,武雄競輪,6R,13:05,5-7,5,7,8.8,0.05551807668002551,-0.5114409252157754
1120260523020003,函館競輪,3R,16:44,2-4,2,4,5.4,0.08993268669633224,-0.5143634918398059
8420260523020007,武雄競輪,7R,13:35,3-4,3,4,43.8,0.011064503328743933,-0.5153747542010158
8420260523020009,武雄競輪,9R,14:40,3-6,3,6,37.7,0.012811992676254921,-0.5169878761051894
8420260523020002,武雄競輪,2R,11:10,2-4,2,4,12.5,0.038579692273096496,-0.5177538465862939
1120260523020011,函館競輪,11R,20:02,1-7,1,7,6.5,0.07405715821753545,-0.5186284715860197
8420260523020002,武雄競輪,2R,11:10,6-9,6,9,58.4,0.008225781273094538,-0.519614373651279
8420260523020006,武雄競輪,6R,13:05,6-9,6,9,40.4,0.011888246998326218,-0.5197148212676208
1120260523020006,函館競輪,6R,17:56,1-3,1,3,9.9,0.04850182533617325,-0.5198319291718848
1120260523020001,函館競輪,1R,15:55,3-6,3,6,14.1,0.033939675907456696,-0.5214505697048606
8420260523020002,武雄競輪,2R,11:10,4-6,4,6,95.8,0.004989076986649455,-0.5220464246789822
8420260523020011,武雄競輪,11R,15:50,1-5,1,5,14.3,0.03333081380114402,-0.5233693626436404
1120260523020009,函館競輪,9R,19:09,1-4,1,4,6.0,0.07937976272786523,-0.5237214236328086
1120260523020007,函館競輪,7R,18:20,2-5,2,5,11.1,0.04276341502261715,-0.5253260932489496
8420260523020004,武雄競輪,4R,12:05,2-7,2,7,20.9,0.022707986074783512,-0.5254030910370246
4320260522030009,岐阜競輪,9R,23:20,5-6,5,6,28.6,0.01654802314512063,-0.52672653804955
2520260522030006,大宮競輪,6R,10:20,1-7,1,7,9.5,0.0497027039477294,-0.5278243124965707
1120260523020001,函館競輪,1R,15:55,1-7,1,7,7.4,0.06379493830449584,-0.5279174565467308
3520260522030008,平塚競輪,8R,18:56,4-7,4,7,7.9,0.059562548043017506,-0.5294558704601617
8420260523020001,武雄競輪,1R,10:45,2-4,2,4,28.5,0.0164465140252791,-0.5312743502795456
2520260522030005,大宮競輪,5R,10:00,2-5,2,5,10.9,0.042976013236255314,-0.5315614557248171
4320260522030003,岐阜競輪,3R,21:20,2-6,2,6,7.3,0.06406257147793476,-0.5323432282110763
8420260523020002,武雄競輪,2R,11:10,1-4,1,4,18.7,0.02492820709577461,-0.5338425273090148
6220260522030007,広島競輪,7R,22:50,2-3,2,3,9.7,0.047875478870191404,-0.5356078549591434
4320260522030002,岐阜競輪,2R,21:00,2-3,2,3,27.0,0.01707861877089494,-0.5388772931858367
3820260524010003,静岡競輪,3R,11:50,1-4,1,4,5.2,0.08845007172700434,-0.5400596270195774
6220260522030009,広島競輪,9R,23:30,3-6,3,6,13.4,0.03414336834933426,-0.5424788641189209
4320260522030002,岐阜競輪,2R,21:00,1-7,1,7,5.4,0.08429260629637805,-0.5448199259995585
6220260522030007,広島競輪,7R,22:50,1-3,1,3,9.7,0.04667975244893699,-0.5472064012453113
8420260523020008,武雄競輪,8R,14:05,7-8,7,8,31.5,0.0143189156053655,-0.5489541584309867
5520260523020001,和歌山競輪,1R,08:30,1-2,1,2,5.7,0.07868913880791081,-0.5514719087949084
8420260523020006,武雄競輪,6R,13:05,5-8,5,8,29.1,0.015395422218342773,-0.5519932134462253
6220260522030005,広島競輪,5R,22:10,2-3,2,3,7.8,0.057257876156723043,-0.5533885659775603
3520260522030008,平塚競輪,8R,18:56,2-4,2,4,17.4,0.025628479080165696,-0.5540644640051169
3820260524010009,静岡競輪,9R,14:55,1-7,1,7,16.8,0.026524758826972437,-0.554384051706863
1120260523020005,函館競輪,5R,17:32,1-3,1,3,4.6,0.09650524704151367,-0.5560758636090372
8420260523020001,武雄競輪,1R,10:45,2-3,2,3,27.0,0.016400369551625896,-0.5571900221061008
8420260523020012,武雄競輪,12R,16:30,3-5,3,5,6.0,0.07379663285496019,-0.5572202028702389
8420260523020012,武雄競輪,12R,16:30,3-9,3,9,9.2,0.047999296351374496,-0.5584064735673546
4320260522030006,岐阜競輪,6R,22:20,3-5,3,5,12.0,0.03665738058252478,-0.5601114330097026
8420260523020005,武雄競輪,5R,12:35,5-8,5,8,16.5,0.026656977442665958,-0.5601598721960117
5520260523020004,和歌山競輪,4R,09:30,1-4,1,4,5.2,0.08427890102721497,-0.5617497146584822
2520260522030007,大宮競輪,7R,10:40,2-5,2,5,4.4,0.09952225452799066,-0.562102080076841
6220260522030002,広島競輪,2R,21:10,3-5,3,5,10.0,0.043643394233339766,-0.5635660576666024
3820260524010002,静岡競輪,2R,11:22,2-5,2,5,3.9,0.11032203727634109,-0.5697440546222698
8420260523020010,武雄競輪,10R,15:15,4-5,4,5,27.8,0.015456260309400562,-0.5703159633986643
6220260522030003,広島競輪,3R,21:30,1-3,1,3,5.1,0.08410079045082758,-0.5710859687007794
3520260522030005,平塚競輪,5R,17:44,2-6,2,6,18.1,0.023660826364847683,-0.571739042796257
8420260523020007,武雄競輪,7R,13:35,1-3,1,3,20.9,0.020468952954852536,-0.572198883243582
3820260524010011,静岡競輪,11R,16:06,1-4,1,4,5.7,0.0750124628167316,-0.5724289619446299
1120260523020007,函館競輪,7R,18:20,1-7,1,7,12.9,0.033144166181918705,-0.5724402562532487
8420260523020012,武雄競輪,12R,16:30,2-3,2,3,6.7,0.06351433768223896,-0.574453937528999
2520260522030006,大宮競輪,6R,10:20,2-7,2,7,7.1,0.05991971552722129,-0.5745700197567288
8420260523020009,武雄競輪,9R,14:40,2-9,2,9,4.9,0.08597192814575702,-0.5787375520857906
3520260522030008,平塚競輪,8R,18:56,2-3,2,3,19.4,0.021709118766435383,-0.5788430959311536
4320260522030002,岐阜競輪,2R,21:00,2-6,2,6,9.0,0.04675104085754389,-0.579240632282105
6220260522030006,広島競輪,6R,22:30,1-3,1,3,4.5,0.09350207162722385,-0.5792406776774927
8420260523020010,武雄競輪,10R,15:15,4-9,4,9,19.6,0.021411095599889355,-0.5803425262421686
8420260523020006,武雄競輪,6R,13:05,3-7,3,7,14.4,0.028927931274731287,-0.5834377896438694
8420260523020012,武雄競輪,12R,16:30,1-9,1,9,15.2,0.027343142654403352,-0.5843842316530691
6220260522030001,広島競輪,1R,20:50,2-4,2,4,5.0,0.08232969794483849,-0.5883515102758076
8420260523020001,武雄競輪,1R,10:45,5-9,5,9,15.3,0.02687313251505506,-0.5888410725196576
2520260522030004,大宮競輪,4R,09:40,1-7,1,7,9.7,0.04231192531512097,-0.5895743244433267
3520260522030001,平塚競輪,1R,16:11,3-7,3,7,10.8,0.03780666271488392,-0.5916880426792537
2520260522030004,大宮競輪,4R,09:40,4-5,4,5,22.2,0.018365427382608296,-0.5922875121060959
3520260522030008,平塚競輪,8R,18:56,1-5,1,5,5.6,0.07271127844355604,-0.5928168407160862
3520260522030011,平塚競輪,11R,20:16,2-4,2,4,17.7,0.02290192386120452,-0.59463594765668
3820260524010008,静岡競輪,8R,14:20,2-3,2,3,7.6,0.05307934413025759,-0.5965969846100423
4320260522030006,岐阜競輪,6R,22:20,2-7,2,7,12.0,0.033598494082962845,-0.5968180710044458
8420260523020010,武雄競輪,10R,15:15,1-4,1,4,8.9,0.04521090484614794,-0.5976229468692833
8420260523020010,武雄競輪,10R,15:15,3-9,3,9,10.6,0.0379416881244114,-0.5978181058812392
8420260523020007,武雄競輪,7R,13:35,1-5,1,5,6.7,0.060022912895709116,-0.5978464835987489
8420260523020004,武雄競輪,4R,12:05,2-6,2,6,55.4,0.007251654899371458,-0.5982583185748213
4320260522030001,岐阜競輪,1R,20:40,2-4,2,4,7.3,0.05479002448909,-0.6000328212296431
8420260523020005,武雄競輪,5R,12:35,2-7,2,7,12.3,0.03231709666785859,-0.6024997109853393
5520260523020001,和歌山競輪,1R,08:30,5-7,5,7,25.5,0.0155329448363665,-0.6039099066726543
6220260522030009,広島競輪,9R,23:30,2-4,2,4,11.9,0.03321054733749639,-0.6047944866837929
5520260523020004,和歌山競輪,4R,09:30,5-6,5,6,24.2,0.016304111004755324,-0.6054405136849212
3520260522030003,平塚競輪,3R,16:59,2-6,2,6,4.9,0.08020854325575046,-0.6069781380468227
8420260523020006,武雄競輪,6R,13:05,2-4,2,4,24.9,0.015773878377693843,-0.6072304283954233
3520260522030005,平塚競輪,5R,17:44,1-4,1,4,5.4,0.07247353773051123,-0.6086428962552394
5520260523020003,和歌山競輪,3R,09:10,5-7,5,7,3.8,0.10296351797958264,-0.608738631677586
8420260523020007,武雄競輪,7R,13:35,4-5,4,5,9.7,0.040294369318488,-0.6091446176106664
8420260523020011,武雄競輪,11R,15:50,5-9,5,9,19.8,0.019662224223842194,-0.6106879603679245
5520260523020002,和歌山競輪,2R,08:50,4-5,4,5,4.2,0.09251339259775468,-0.6114437510894304
3820260524010007,静岡競輪,7R,13:50,1-5,1,5,4.5,0.08601208023490695,-0.6129456389429188
2520260522030005,大宮競輪,5R,10:00,2-7,2,7,5.1,0.07476910806539198,-0.6186775488665008
8420260523020003,武雄競輪,3R,11:35,3-9,3,9,16.2,0.023478162949799014,-0.6196537602132559
4320260522030004,岐阜競輪,4R,21:40,2-6,2,6,9.7,0.038769721032194664,-0.6239337059877118
5520260523020002,和歌山競輪,2R,08:50,2-4,2,4,4.5,0.0835309650147186,-0.6241106574337663
4320260522030001,岐阜競輪,1R,20:40,2-3,2,3,5.6,0.06680269731392804,-0.625904895042003
8420260523020011,武雄競輪,11R,15:50,2-4,2,4,6.9,0.05418454142682766,-0.6261266641548892
3520260522030004,平塚競輪,4R,17:21,2-6,2,6,5.8,0.06377689742505839,-0.6300939949346613
8420260523020004,武雄競輪,4R,12:05,6-9,6,9,41.4,0.008926994933748001,-0.6304224097428328
8420260523020007,武雄競輪,7R,13:35,2-4,2,4,20.1,0.018321210853543282,-0.63174366184378
3520260522030007,平塚競輪,7R,18:32,2-5,2,5,4.0,0.09197744305589459,-0.6320902277764217
5520260523020004,和歌山競輪,4R,09:30,1-2,1,2,4.9,0.0749182004136561,-0.6329008179730851
8420260523020011,武雄競輪,11R,15:50,1-7,1,7,10.9,0.03359805229474628,-0.6337812299872656
3820260524010006,静岡競輪,6R,13:20,2-6,2,6,5.0,0.07289095467877352,-0.6355452266061324
5520260523020006,和歌山競輪,6R,10:10,3-7,3,7,14.6,0.024764295073510106,-0.6384412919267525
3520260522030001,平塚競輪,1R,16:11,5-7,5,7,84.8,0.004246661584434508,-0.6398830976399537
1120260523020004,函館競輪,4R,17:08,4-7,4,7,5.4,0.06638222721021964,-0.641535973064814
3520260522030010,平塚競輪,10R,19:48,1-4,1,4,4.7,0.07611925047214277,-0.642239522780929
3520260522030006,平塚競輪,6R,18:08,1-6,1,6,3.8,0.0933958402163193,-0.6450958071779866
3820260524010003,静岡競輪,3R,11:50,2-4,2,4,4.4,0.08048146847521842,-0.6458815387090389
8420260523020008,武雄競輪,8R,14:05,3-6,3,6,30.0,0.011753274157324592,-0.6474017752802622
2520260522030007,大宮競輪,7R,10:40,1-5,1,5,4.8,0.07331957337388693,-0.6480660478053427
5520260523020007,和歌山競輪,7R,10:30,1-4,1,4,2.3,0.1529816381522059,-0.6481422322499264
3520260522030002,平塚競輪,2R,16:37,1-5,1,5,3.5,0.1003058590313674,-0.6489294933902141
8420260523020001,武雄競輪,1R,10:45,1-9,1,9,4.5,0.07763516464703558,-0.6506417590883399
2520260522030002,大宮競輪,2R,09:00,3-5,3,5,3.2,0.1080076770219727,-0.6543754335296874
6220260522030002,広島競輪,2R,21:10,3-4,3,4,10.0,0.0345018945935245,-0.654981054064755
8420260523020007,武雄競輪,7R,13:35,1-4,1,4,12.9,0.026526556113204963,-0.657807426139656
3520260522030007,平塚競輪,7R,18:32,1-3,1,3,14.2,0.024060444824792852,-0.6583416834879415
2520260522030002,大宮競輪,2R,09:00,2-5,2,5,4.5,0.0751208469135672,-0.6619561888889476
4320260522030002,岐阜競輪,2R,21:00,1-4,1,4,13.5,0.024903458029190723,-0.6638033166059252
3520260522030006,平塚競輪,6R,18:08,2-5,2,5,10.1,0.033218258159022074,-0.6644955925938771
1120260523020004,函館競輪,4R,17:08,3-5,3,5,4.7,0.07136611133462249,-0.6645792767272742
8420260523020007,武雄競輪,7R,13:35,2-9,2,9,7.1,0.047121136477655284,-0.6654399310086475
4320260522030009,岐阜競輪,9R,23:20,1-3,1,3,3.7,0.09034411879953237,-0.6657267604417302
3520260522030009,平塚競輪,9R,19:21,1-2,1,2,4.4,0.07566210387659572,-0.6670867429429788
4320260522030006,岐阜競輪,6R,22:20,3-6,3,6,12.0,0.027528553940116655,-0.6696573527186002
8420260523020003,武雄競輪,3R,11:35,7-8,7,8,17.2,0.019082626627072843,-0.6717788220143471
1120260523020006,函館競輪,6R,17:56,2-4,2,4,9.6,0.034064126357306414,-0.6729843869698584
8420260523020012,武雄競輪,12R,16:30,2-9,2,9,12.4,0.026300236842448588,-0.6738770631536375
8420260523020001,武雄競輪,1R,10:45,6-8,6,8,31.8,0.010221632946784135,-0.6749520722922645
1120260523020007,函館競輪,7R,18:20,3-4,3,4,4.8,0.0670551449922706,-0.6781353040371012
3820260524010009,静岡競輪,9R,14:55,1-4,1,4,6.2,0.051769691526701016,-0.6790279125344537
5520260523020007,和歌山競輪,7R,10:30,4-5,4,5,3.0,0.10610546873432225,-0.6816835937970332
8420260523020012,武雄競輪,12R,16:30,5-9,5,9,9.8,0.03225368834206579,-0.6839138542477552
1120260523020002,函館競輪,2R,16:20,2-7,2,7,7.1,0.044363777420979134,-0.6850171803110482
2520260522030003,大宮競輪,3R,09:20,2-7,2,7,13.1,0.023827122344804656,-0.687864697283059
4320260522030008,岐阜競輪,8R,23:00,1-3,1,3,4.2,0.07376352192490263,-0.690193207915409
3820260524010008,静岡競輪,8R,14:20,1-4,1,4,10.3,0.02999888696631402,-0.6910114642469656
6220260522030005,広島競輪,5R,22:10,2-4,2,4,5.2,0.05936255584733355,-0.6913147095938655
3820260524010007,静岡競輪,7R,13:50,1-7,1,7,3.4,0.0903739215676492,-0.6927286666699928
4320260522030001,岐阜競輪,1R,20:40,1-2,1,2,3.3,0.09218637164159796,-0.6957849735827267
3820260524010006,静岡競輪,6R,13:20,2-4,2,4,4.3,0.07041818420574306,-0.6972018079153048
8420260523020002,武雄競輪,2R,11:10,3-4,3,4,15.3,0.01978992386792496,-0.6972141648207482
3820260524010008,静岡競輪,8R,14:20,3-7,3,7,4.8,0.06274015306743577,-0.6988472652763082
4320260522030006,岐阜競輪,6R,22:20,2-6,2,6,6.0,0.050131760089547485,-0.6992094394627151
2520260522030001,大宮競輪,1R,08:40,1-7,1,7,3.8,0.07864987530177114,-0.7011304738532697
1120260523020004,函館競輪,4R,17:08,2-5,2,5,8.8,0.03377357252408829,-0.7027925617880231
8420260523020010,武雄競輪,10R,15:15,4-6,4,6,27.4,0.010774513955855082,-0.7047783176095708
8420260523020012,武雄競輪,12R,16:30,2-5,2,5,6.8,0.04302640013449495,-0.7074204790854344
2520260522030005,大宮競輪,5R,10:00,3-7,3,7,4.5,0.06500192253142721,-0.7074913486085775
3520260522030009,平塚競輪,9R,19:21,3-6,3,6,8.4,0.034767357768736545,-0.707954194742613
6220260522030006,広島競輪,6R,22:30,2-3,2,3,3.3,0.08845689325149006,-0.7080922522700828
3820260524010007,静岡競輪,7R,13:50,3-5,3,5,5.6,0.051680988158782616,-0.7105864663108173
4320260522030007,岐阜競輪,7R,22:40,2-7,2,7,21.0,0.013759593779786597,-0.7110485306244815
8420260523020002,武雄競輪,2R,11:10,1-7,1,7,8.2,0.03497163555205438,-0.7132325884731541
4320260522030002,岐阜競輪,2R,21:00,1-2,1,2,3.8,0.07544774124276554,-0.713298583277491
3820260524010011,静岡競輪,11R,16:06,1-6,1,6,4.2,0.06713130200437227,-0.7180485315816365
8420260523020003,武雄競輪,3R,11:35,2-6,2,6,18.2,0.01549167057789255,-0.7180515954823556
4320260522030009,岐阜競輪,9R,23:20,1-5,1,5,3.7,0.07548179552476873,-0.7207173565583557
6220260522030006,広島競輪,6R,22:30,3-4,3,4,6.7,0.041586216554954446,-0.7213723490818051
3820260524010005,静岡競輪,5R,12:50,3-7,3,7,3.4,0.0818977279851067,-0.7215477248506372
6220260522030005,広島競輪,5R,22:10,3-5,3,5,5.2,0.053297405911024484,-0.7228534892626727
6220260522030001,広島競輪,1R,20:50,1-2,1,2,1.6,0.17180279915797475,-0.7251155213472404
8420260523020004,武雄競輪,4R,12:05,1-5,1,5,7.9,0.034719425262915576,-0.725716540422967
3520260522030001,平塚競輪,1R,16:11,1-3,1,3,1.4,0.1941913609628967,-0.7281320946519447
6220260522030007,広島競輪,7R,22:50,1-2,1,2,3.2,0.08286026089942719,-0.7348471651218329
3520260522030011,平塚競輪,11R,20:16,2-3,2,3,14.7,0.017844804724111544,-0.7376813705555603
3820260524010006,静岡競輪,6R,13:20,1-2,1,2,4.0,0.06515849304287377,-0.7393660278285049
3520260522030003,平塚競輪,3R,16:59,1-6,1,6,3.8,0.06829559435400889,-0.7404767414547662
8420260523020008,武雄競輪,8R,14:05,1-8,1,8,14.2,0.018268139416166555,-0.7405924202904349
4320260522030009,岐阜競輪,9R,23:20,3-5,3,5,5.2,0.04951026882295208,-0.7425466021206493
1120260523020004,函館競輪,4R,17:08,1-7,1,7,4.2,0.061256674755662655,-0.7427219660262168
1120260523020011,函館競輪,11R,20:02,4-7,4,7,3.0,0.08546396862581966,-0.743608094122541
8420260523020012,武雄競輪,12R,16:30,2-4,2,4,12.3,0.020697999737095567,-0.7454146032337245
8420260523020010,武雄競輪,10R,15:15,2-7,2,7,12.1,0.020917738221810013,-0.7468953675160989
8420260523020002,武雄競輪,2R,11:10,3-5,3,5,5.7,0.04420013626523779,-0.7480592232881446
3520260522030004,平塚競輪,4R,17:21,4-6,4,6,2.1,0.11953191686183418,-0.7489829745901482
3520260522030011,平塚競輪,11R,20:16,1-5,1,5,2.0,0.1241292520411336,-0.7517414959177328
8420260523020005,武雄競輪,5R,12:35,3-8,3,8,16.9,0.014652225176014087,-0.752377394525362
3820260524010011,静岡競輪,11R,16:06,2-4,2,4,4.2,0.05860446822760364,-0.7538612334440647
3520260522030005,平塚競輪,5R,17:44,2-5,2,5,9.6,0.02540397473389218,-0.7561218425546351
3820260524010003,静岡競輪,3R,11:50,3-4,3,4,2.1,0.11483263479164293,-0.7588514669375498
2520260522030002,大宮競輪,2R,09:00,1-3,1,3,3.4,0.07091334022028609,-0.7588946432510273
5520260523020004,和歌山競輪,4R,09:30,1-6,1,6,3.7,0.06479075277065603,-0.7602742147485727
5520260523020005,和歌山競輪,5R,09:50,4-7,4,7,1.5,0.15834590747186228,-0.7624811387922066
5520260523020002,和歌山競輪,2R,08:50,5-7,5,7,2.7,0.08779226979914374,-0.7629608715423118
2520260522030007,大宮競輪,7R,10:40,4-5,4,5,8.8,0.02691302832202691,-0.7631653507661632
8420260523020003,武雄競輪,3R,11:35,5-9,5,9,6.2,0.03816322128483915,-0.7633880280339973
6220260522030009,広島競輪,9R,23:30,3-4,3,4,5.9,0.04005927934165398,-0.7636502518842415
8420260523020008,武雄競輪,8R,14:05,5-9,5,9,4.3,0.053626472946392015,-0.7694061663305143
8420260523020009,武雄競輪,9R,14:40,7-8,7,8,17.1,0.013431202012735547,-0.7703264455822221
6220260522030003,広島競輪,3R,21:30,4-7,4,7,12.7,0.018083832565624156,-0.7703353264165732
8420260523020006,武雄競輪,6R,13:05,1-8,1,8,8.9,0.02579058552073697,-0.770463788865441
8420260523020001,武雄競輪,1R,10:45,2-7,2,7,7.7,0.029547153345146238,-0.772486919242374
8420260523020010,武雄競輪,10R,15:15,2-4,2,4,12.7,0.017820626493323367,-0.7736780435347932
2520260522030003,大宮競輪,3R,09:20,2-4,2,4,17.5,0.01292898488013966,-0.773742764597556
1120260523020006,函館競輪,6R,17:56,3-4,3,4,5.5,0.04025471735622556,-0.7785990545407594
3520260522030002,平塚競輪,2R,16:37,2-7,2,7,10.1,0.021718684292877637,-0.7806412886419358
2520260522030007,大宮競輪,7R,10:40,1-3,1,3,2.9,0.07510563175950768,-0.7821936678974277
5520260523020004,和歌山競輪,4R,09:30,2-4,2,4,4.3,0.05052120321525254,-0.7827588261744141
8420260523020010,武雄競輪,10R,15:15,4-7,4,7,12.2,0.017551341142376435,-0.7858736380630075
1120260523020011,函館競輪,11R,20:02,2-4,2,4,5.2,0.04025198784196385,-0.790689663221788
2520260522030005,大宮競輪,5R,10:00,2-3,2,3,7.0,0.029858461523508024,-0.7909907693354439
8420260523020004,武雄競輪,4R,12:05,4-7,4,7,9.4,0.021900169266740138,-0.7941384088926426
8420260523020003,武雄競輪,3R,11:35,4-9,4,9,11.7,0.017587977922705812,-0.7942206583043421
8420260523020003,武雄競輪,3R,11:35,3-5,3,5,4.3,0.047831864057352416,-0.7943229845533846
1120260523020001,函館競輪,1R,15:55,1-5,1,5,2.0,0.10255901230938705,-0.794881975381226
3820260524010008,静岡競輪,8R,14:20,2-5,2,5,2.9,0.06873559284192975,-0.8006667807584038
8420260523020008,武雄競輪,8R,14:05,2-4,2,4,4.6,0.042123916339259965,-0.8062299848394041
6220260522030002,広島競輪,2R,21:10,4-6,4,6,10.0,0.019351102601054077,-0.8064889739894592
1120260523020012,函館競輪,12R,20:30,1-5,1,5,2.0,0.09662257702958023,-0.8067548459408396
8420260523020006,武雄競輪,6R,13:05,4-7,4,7,4.1,0.04672818556181566,-0.8084144391965558
4320260522030007,岐阜競輪,7R,22:40,1-7,1,7,10.5,0.01816129946637429,-0.80930635560307
8420260523020005,武雄競輪,5R,12:35,1-6,1,6,15.1,0.012598441367749187,-0.8097635353469873
5520260523020003,和歌山競輪,3R,09:10,1-7,1,7,2.4,0.07839795133550942,-0.8118449167947774
6220260522030003,広島競輪,3R,21:30,1-4,1,4,3.1,0.06052019705063444,-0.8123873891430332
6220260522030006,広島競輪,6R,22:30,2-7,2,7,13.5,0.013802329397739361,-0.8136685531305187
8420260523020011,武雄競輪,11R,15:50,1-9,1,9,4.1,0.04520839993722915,-0.8146455602573605
1120260523020003,函館競輪,3R,16:44,1-7,1,7,2.5,0.07392746237469838,-0.815181344063254
3520260522030003,平塚競輪,3R,16:59,1-2,1,2,4.0,0.04601589920038354,-0.8159364031984658
3520260522030001,平塚競輪,1R,16:11,1-7,1,7,4.2,0.0429186528283688,-0.819741658120851
3820260524010009,静岡競輪,9R,14:55,4-7,4,7,2.1,0.08477559653281456,-0.8219712472810894
5520260523020001,和歌山競輪,1R,08:30,2-4,2,4,1.8,0.09818966979266541,-0.8232585943732023
8420260523020011,武雄競輪,11R,15:50,5-8,5,8,16.6,0.010492379594917141,-0.8258264987243754
3820260524010002,静岡競輪,2R,11:22,2-4,2,4,2.3,0.07543434201020853,-0.8265010133765204
3520260522030007,平塚競輪,7R,18:32,1-5,1,5,4.8,0.03588567414626463,-0.8277487640979297
1120260523020003,函館競輪,3R,16:44,1-5,1,5,5.8,0.029584138526787,-0.8284119965446354
8420260523020010,武雄競輪,10R,15:15,1-6,1,6,5.6,0.03062259021250218,-0.8285134948099878
3520260522030002,平塚競輪,2R,16:37,2-4,2,4,3.4,0.049809165349300306,-0.830648837812379
3820260524010006,静岡競輪,6R,13:20,2-7,2,7,2.0,0.08417120988511104,-0.8316575802297779
4320260522030007,岐阜競輪,7R,22:40,6-7,6,7,21.0,0.0079706956185313,-0.8326153920108427
6220260522030004,広島競輪,4R,21:50,3-4,3,4,5.6,0.029202624660908734,-0.8364653018989111
1120260523020002,函館競輪,2R,16:20,3-5,3,5,2.1,0.07702279120698018,-0.8382521384653416
8420260523020005,武雄競輪,5R,12:35,3-5,3,5,2.5,0.06433077734293746,-0.8391730566426563
1120260523020005,函館競輪,5R,17:32,1-4,1,4,2.0,0.08021622419025161,-0.8395675516194968
8420260523020009,武雄競輪,9R,14:40,3-4,3,4,5.5,0.029158381673578433,-0.8396289007953186
1120260523020012,函館競輪,12R,20:30,2-5,2,5,2.9,0.05510362703625658,-0.8401994815948559
3520260522030005,平塚競輪,5R,17:44,1-5,1,5,6.0,0.026350355092621725,-0.8418978694442696
8420260523020002,武雄競輪,2R,11:10,4-8,4,8,21.4,0.007340721016927053,-0.8429085702377611
2520260522030001,大宮競輪,1R,08:40,1-6,1,6,1.5,0.10463519131635808,-0.8430472130254629
2520260522030003,大宮競輪,3R,09:20,3-7,3,7,1.8,0.0833625370955543,-0.8499474332280023
4320260522030004,岐阜競輪,4R,21:40,3-6,3,6,9.7,0.015282922841787639,-0.8517556484346599
3520260522030010,平塚競輪,10R,19:48,3-4,3,4,2.1,0.07007498215775085,-0.8528425374687232
4320260522030002,岐阜競輪,2R,21:00,4-7,4,7,9.0,0.016074279306253308,-0.8553314862437202
8420260523020009,武雄競輪,9R,14:40,1-8,1,8,8.3,0.017197263572514332,-0.857262712348131
8420260523020006,武雄競輪,6R,13:05,3-5,3,5,6.4,0.022042129457903323,-0.8589303714694188
2520260522030004,大宮競輪,4R,09:40,3-4,3,4,1.7,0.0820653905803496,-0.8604888360134056
3820260524010001,静岡競輪,1R,10:57,3-4,3,4,1.4,0.09929547109734368,-0.8609863404637188
3820260524010005,静岡競輪,5R,12:50,2-3,2,3,1.5,0.09212157013947692,-0.8618176447907846
4320260522030006,岐阜競輪,6R,22:20,4-5,4,5,2.4,0.055777601601850524,-0.8661337561555588
4320260522030004,岐阜競輪,4R,21:40,1-4,1,4,1.3,0.10146271166966409,-0.8680984748294367
5520260523020006,和歌山競輪,6R,10:10,1-5,1,5,1.6,0.07931796268469529,-0.8730912597044875
3520260522030005,平塚競輪,5R,17:44,1-2,1,2,6.6,0.01865357680095979,-0.8768863931136655
3520260522030007,平塚競輪,7R,18:32,3-5,3,5,4.6,0.026623614908336146,-0.8775313714216537
2520260522030003,大宮競輪,3R,09:20,2-3,2,3,10.7,0.011396304547174912,-0.8780595413452285
4320260522030002,岐阜競輪,2R,21:00,2-4,2,4,13.5,0.008970959035525215,-0.8788920530204096
8420260523020004,武雄競輪,4R,12:05,2-9,2,9,3.8,0.031093348556689875,-0.8818452754845785
4320260522030005,岐阜競輪,5R,22:00,1-2,1,2,1.0,0.11812041569199144,-0.8818795843080085
3820260524010004,静岡競輪,4R,12:20,2-5,2,5,1.0,0.11559931824307508,-0.8844006817569249
8420260523020001,武雄競輪,1R,10:45,3-4,3,4,6.0,0.018822798328793564,-0.8870632100272386
1120260523020008,函館競輪,8R,18:44,3-5,3,5,2.5,0.04353694879436411,-0.8911576280140897
3820260524010010,静岡競輪,10R,15:30,2-7,2,7,1.1,0.09697987809783462,-0.8933221340923819
1120260523020010,函館競輪,10R,19:35,1-4,1,4,1.1,0.09628606323676679,-0.8940853304395565
4320260522030008,岐阜競輪,8R,23:00,1-2,1,2,1.3,0.0778124305675629,-0.8988438402621682
2520260522030006,大宮競輪,6R,10:20,5-7,5,7,1.3,0.07616646743615935,-0.9009835923329929
6220260522030004,広島競輪,4R,21:50,2-3,2,3,3.2,0.030306807740219367,-0.903018215231298
8420260523020007,武雄競輪,7R,13:35,4-8,4,8,9.6,0.009880653465725309,-0.905145726729037
8420260523020007,武雄競輪,7R,13:35,4-6,4,6,7.4,0.01179492485108178,-0.9127175561019948
4320260522030003,岐阜競輪,3R,21:20,1-3,1,3,1.3,0.06694722402886269,-0.9129686087624785
6220260522030008,広島競輪,8R,23:10,1-2,1,2,1.0,0.07275654295356332,-0.9272434570464367
6220260522030004,広島競輪,4R,21:50,3-5,3,5,3.8,0.006720017809099808,-0.9744639323254207
