race_id,競輪場,レース番号,開始時間,買い目,a,b,odds,p,EV
8720260320010007,熊本競輪,7R,13:42,1-2,1,2,802.0,0.03512422804243279,27.169630890031094
8120260319020005,小倉競輪,5R,17:42,4-6,4,6,471.7,0.045100763449247745,20.27403011901016
8720260320010006,熊本競輪,6R,13:12,5-7,5,7,803.2,0.02315107521648925,17.594943613884166
8420260319020007,武雄競輪,7R,22:50,3-4,3,4,284.2,0.06454253602701077,17.34298873887646
8120260319020006,小倉競輪,6R,18:06,1-7,1,7,374.2,0.04750331439791139,16.77574024769844
8420260319020007,武雄競輪,7R,22:50,1-5,1,5,284.2,0.05183192588725937,13.730633337159112
2320260319020002,取手競輪,2R,09:10,6-7,6,7,301.2,0.04885210505966327,13.714254043970575
8720260320010007,熊本競輪,7R,13:42,1-3,1,3,374.3,0.0381246541670652,13.270058054732505
2220260320010002,前橋競輪,2R,16:16,5-6,5,6,278.1,0.051219112308720983,13.244035133055307
2320260319020007,取手競輪,7R,10:55,4-6,4,6,482.4,0.029137369357736802,13.055866978172233
8120260319020005,小倉競輪,5R,17:42,5-6,5,6,471.7,0.029165390775957305,12.75731482901906
2320260319020002,取手競輪,2R,09:10,2-6,2,6,376.5,0.03553001555284757,12.377050855647111
8720260320010007,熊本競輪,7R,13:42,1-5,1,5,401.0,0.03276903610839323,12.140383479465687
8120260319020006,小倉競輪,6R,18:06,3-6,3,6,374.2,0.034006480399793634,11.725224965602777
8720260320010007,熊本競輪,7R,13:42,5-7,5,7,255.2,0.049463934448261575,11.623196071196354
8720260320010006,熊本競輪,6R,13:12,3-7,3,7,481.9,0.026093218456677364,11.574321974272822
8720260320010006,熊本競輪,6R,13:12,5-6,5,6,535.5,0.02320023523396521,11.423725967788371
8720260320010006,熊本競輪,6R,13:12,6-7,6,7,370.7,0.03325908853856011,11.329144121244234
2220260320010011,前橋競輪,11R,20:02,1-6,1,6,406.5,0.02913000621405262,10.84134752601239
8720260320010004,熊本競輪,4R,12:12,4-6,4,6,230.5,0.04976621452014258,10.471112446892864
8120260319020006,小倉競輪,6R,18:06,1-2,1,2,374.2,0.028565433178692055,9.689185095466566
8720260320010007,熊本競輪,7R,13:42,2-3,2,3,431.8,0.0240627801644811,9.39030847502294
8720260320010007,熊本競輪,7R,13:42,5-6,5,6,431.8,0.023321681080091177,9.070301890383371
8720260320010006,熊本競輪,6R,13:12,3-6,3,6,370.7,0.02646969400747023,8.812315568569215
8720260320010006,熊本競輪,6R,13:12,1-3,1,3,240.9,0.04057853346216297,8.775368711035059
8120260319020003,小倉競輪,3R,16:54,4-6,4,6,381.9,0.025394138720963272,8.698021577535872
8720260320010011,熊本競輪,11R,15:35,4-6,4,6,217.3,0.04424603934582329,8.6146643498474
2320260319020007,取手競輪,7R,10:55,3-4,3,4,219.3,0.043801430027156224,8.60565360495536
8720260320010004,熊本競輪,4R,12:12,6-7,6,7,537.9,0.017123370575178272,8.210661032388392
8720260320010006,熊本競輪,6R,13:12,3-5,3,5,535.5,0.017142250854218253,8.179675332433874
8120260319020006,小倉競輪,6R,18:06,6-7,6,7,187.1,0.048385800387212734,8.052983252447502
8720260320010011,熊本競輪,11R,15:35,1-6,1,6,160.4,0.054788539736182154,7.7880817736836185
2220260320010002,前橋競輪,2R,16:16,3-6,3,6,303.4,0.028624096727247604,7.684550947046922
8720260320010006,熊本競輪,6R,13:12,4-7,4,7,166.1,0.052007134445367406,7.638385031375526
8720260320010007,熊本競輪,7R,13:42,2-7,2,7,160.4,0.052825138654371176,7.473152240161136
2220260320010002,前橋競輪,2R,16:16,6-7,6,7,333.8,0.02531511380681778,7.450184988715774
2320260319020007,取手競輪,7R,10:55,3-6,3,6,603.0,0.013970547054438245,7.424239873826261
8420260319020007,武雄競輪,7R,22:50,4-7,4,7,284.2,0.029376259834147003,7.348733044864577
8720260320010003,熊本競輪,3R,11:47,5-6,5,6,154.2,0.054057369307369374,7.3356463471963576
8720260320010003,熊本競輪,3R,11:47,4-6,4,6,407.5,0.020446488513941156,7.331944069431021
2320260319020007,取手競輪,7R,10:55,2-3,2,3,321.6,0.02573821545192448,7.277410089338913
8720260320010007,熊本競輪,7R,13:42,2-5,2,5,401.0,0.0204555831552046,7.202688845237043
2220260320010001,前橋競輪,1R,15:42,5-6,5,6,187.5,0.04328288795644166,7.115541491832811
2320260319020002,取手競輪,2R,09:10,1-6,1,6,194.3,0.041707047584713344,7.1036793457098035
6320260319020008,防府競輪,8R,14:05,4-5,4,5,272.3,0.029021008426002488,6.9024205944004775
8120260319020003,小倉競輪,3R,16:54,1-2,1,2,163.6,0.04817276954701045,6.881065097890909
2220260320010006,前橋競輪,6R,17:54,5-6,5,6,178.1,0.04359800502979487,6.7648046958064665
8120260319020006,小倉競輪,6R,18:06,5-6,5,6,374.2,0.020224147438994308,6.567875971671669
1320260319020001,いわき平競輪,1R,20:40,4-6,4,6,241.5,0.03128345319018017,6.554953945428512
2320260319020006,取手競輪,6R,10:34,2-5,2,5,220.6,0.03407597019551516,6.517159025130644
8720260320010007,熊本競輪,7R,13:42,2-6,2,6,295.5,0.025262077500850598,6.464943901501352
2320260319020007,取手競輪,7R,10:55,3-5,3,5,201.0,0.03683495298494996,6.4038255499749415
6320260319020008,防府競輪,8R,14:05,1-4,1,4,288.8,0.025598968018323807,6.392981963691916
6320260319020011,防府競輪,11R,15:50,4-9,4,9,315.0,0.023365489706145975,6.3601292574359825
2220260320010010,前橋競輪,10R,19:35,5-6,5,6,200.6,0.03656906433555251,6.335754305711832
8720260320010001,熊本競輪,1R,11:00,6-7,6,7,247.9,0.029564954495674516,6.329152219477713
8720260320010004,熊本競輪,4R,12:12,3-6,3,6,254.8,0.02873760656323067,6.322342152311175
8720260320010001,熊本競輪,1R,11:00,5-6,5,6,153.5,0.04742564564444825,6.279836606422806
1320260319020001,いわき平競輪,1R,20:40,3-7,3,7,241.5,0.029429299986301276,6.107175946691758
2220260320010010,前橋競輪,10R,19:35,4-6,4,6,401.2,0.017593504612749555,6.058514050635122
2220260320010003,前橋競輪,3R,16:42,5-6,5,6,178.8,0.039440332737938205,6.051931493543352
8720260320010004,熊本競輪,4R,12:12,3-5,3,5,220.0,0.032048514184094504,6.05067312050079
8720260320010011,熊本競輪,11R,15:35,5-6,5,6,396.3,0.017763020036349626,6.039484840405357
8720260320010003,熊本競輪,3R,11:47,2-6,2,6,146.3,0.04683874210491479,5.852507969949034
8120260319020006,小倉競輪,6R,18:06,1-6,1,6,374.2,0.018304368084345254,5.849494537161994
2220260320010003,前橋競輪,3R,16:42,1-5,1,5,70.5,0.09713662182576477,5.848131838716416
8720260320010004,熊本競輪,4R,12:12,5-6,5,6,691.6,0.009891910288991685,5.841245155866649
2320260319020007,取手競輪,7R,10:55,2-6,2,6,438.6,0.015127082070365474,5.6347381960622975
2320260319020005,取手競輪,5R,10:13,2-6,2,6,171.3,0.03859362736575808,5.61108836775436
8720260320010006,熊本競輪,6R,13:12,4-5,4,5,160.6,0.04111874843083692,5.603670997992409
8720260320010007,熊本競輪,7R,13:42,3-5,3,5,295.5,0.02221688283336238,5.565088877258583
8720260320010006,熊本競輪,6R,13:12,1-7,1,7,137.7,0.04736993702233361,5.522840327975337
2220260320010002,前橋競輪,2R,16:16,2-6,2,6,417.2,0.015589897577053268,5.504105269146623
2220260320010003,前橋競輪,3R,16:42,5-7,5,7,294.5,0.021990160236126148,5.476102189539151
2320260319020005,取手競輪,5R,10:13,5-6,5,6,124.9,0.051803993657279813,5.470318807794249
8720260320010007,熊本競輪,7R,13:42,1-6,1,6,160.4,0.040081629186664594,5.429093321541001
8720260320010003,熊本競輪,3R,11:47,1-2,1,2,172.9,0.0370537826687458,5.40659902342615
8720260320010011,熊本競輪,11R,15:35,6-7,6,7,83.1,0.07689844347433411,5.390260652717164
6320260319020009,防府競輪,9R,14:40,2-8,2,8,280.3,0.022788648433759714,5.387658155982848
2220260320010006,前橋競輪,6R,17:54,1-6,1,6,118.7,0.05350076955840716,5.35054134658293
8120260319020006,小倉競輪,6R,18:06,5-7,5,7,124.7,0.05059232058799363,5.308862377322805
6320260319020008,防府競輪,8R,14:05,4-8,4,8,465.0,0.013523292298441686,5.288330918775384
8720260320010002,熊本競輪,2R,11:23,3-4,3,4,193.0,0.032473137513105765,5.267315540029413
8720260320010003,熊本競輪,3R,11:47,1-5,1,5,142.6,0.04338518309431658,5.186727109249545
8420260319020007,武雄競輪,7R,22:50,2-5,2,5,142.1,0.043116713547953475,5.126884995164189
2320260319020006,取手競輪,6R,10:34,4-5,4,5,169.2,0.0362039100677118,5.125701583456836
8120260319020006,小倉競輪,6R,18:06,1-3,1,3,187.1,0.0327149019251912,5.120958150203273
8720260320010002,熊本競輪,2R,11:23,4-6,4,6,441.1,0.01387572356839064,5.120581666017111
6320260319020012,防府競輪,12R,16:30,3-8,3,8,184.9,0.03241676358108515,4.993859586142645
8120260319020003,小倉競輪,3R,16:54,2-7,2,7,136.4,0.04389131578785518,4.986775473463447
8720260320010004,熊本競輪,4R,12:12,2-6,2,6,79.3,0.07544651736250947,4.982908826847001
8720260320010008,熊本競輪,8R,14:10,3-4,3,4,127.5,0.045927499316743337,4.855756162884775
8720260320010011,熊本競輪,11R,15:35,4-5,4,5,204.1,0.028435391974533347,4.803663502002256
2220260320010004,前橋競輪,4R,17:06,4-7,4,7,181.5,0.03179655529085511,4.771074785290202
2220260320010002,前橋競輪,2R,16:16,4-6,4,6,208.6,0.027254453511540173,4.68527900250728
8720260320010003,熊本競輪,3R,11:47,3-6,3,6,167.8,0.03369703392995528,4.654362293446496
8120260319020002,小倉競輪,2R,16:22,6-7,6,7,171.0,0.032738811697739185,4.598336800313401
8720260320010002,熊本競輪,2R,11:23,3-6,3,6,92.1,0.06072351294437985,4.592635542177384
8120260319020006,小倉競輪,6R,18:06,2-6,2,6,187.1,0.02987731929960557,4.590046440956201
8120260319020003,小倉競輪,3R,16:54,1-6,1,6,173.6,0.03205125842919043,4.564098463307459
2320260319020004,取手競輪,4R,09:52,5-6,5,6,112.3,0.04935427194595502,4.542484739530749
2320260319020007,取手競輪,7R,10:55,2-5,2,5,141.9,0.039023144936457047,4.537384266483255
8120260319020004,小倉競輪,4R,17:18,3-7,3,7,81.5,0.06668285382349318,4.4346525866146935
1320260319020001,いわき平競輪,1R,20:40,2-7,2,7,120.7,0.04497860407816347,4.428917512234331
8120260319020003,小倉競輪,3R,16:54,2-6,2,6,440.7,0.012196913193401233,4.375179644331923
1320260319020001,いわき平競輪,1R,20:40,6-7,6,7,241.5,0.022239804642520282,4.370912821168648
8720260320010008,熊本競輪,8R,14:10,3-5,3,5,65.6,0.08186769272671654,4.370520642872605
8720260320010011,熊本競輪,11R,15:35,1-5,1,5,149.7,0.03559743608346903,4.328936181695314
2320260319020006,取手競輪,6R,10:34,5-6,5,6,230.7,0.023039332304271982,4.315173962595546
1320260319020001,いわき平競輪,1R,20:40,5-7,5,7,241.5,0.021782667341824102,4.26051416305052
8120260319020003,小倉競輪,3R,16:54,2-3,2,3,238.7,0.022031088667916317,4.258820865031624
2220260320010004,前橋競輪,4R,17:06,6-7,6,7,257.1,0.02032737632935265,4.226168454276567
6320260319020004,防府競輪,4R,12:05,3-5,3,5,231.8,0.02228929107819349,4.166657671925251
8720260320010011,熊本競輪,11R,15:35,2-6,2,6,168.4,0.030671531050740608,4.165085828944719
8720260320010004,熊本競輪,4R,12:12,4-5,4,5,93.1,0.0554663867767967,4.1639206089197724
6320260319020009,防府競輪,9R,14:40,1-8,1,8,302.5,0.01705184069411656,4.15818180997026
8720260320010011,熊本競輪,11R,15:35,1-3,1,3,105.2,0.049023378102631895,4.157259376396875
6320260319020003,防府競輪,3R,11:35,3-9,3,9,97.9,0.052121564475902125,4.102701162190819
8120260319020010,小倉競輪,10R,19:48,3-5,3,5,123.7,0.04124419059276671,4.101906376325243
8420260319020007,武雄競輪,7R,22:50,4-6,4,6,284.2,0.01794621257684663,4.100313614339812
2320260319020005,取手競輪,5R,10:13,4-6,4,6,239.8,0.021256130033012924,4.097219981916499
8420260319020007,武雄競輪,7R,22:50,1-6,1,6,142.1,0.035846878131914915,4.09384138254511
8420260319020007,武雄競輪,7R,22:50,1-4,1,4,71.0,0.0711156133606072,4.0492085486031115
8720260320010010,熊本競輪,10R,15:00,4-6,4,6,109.3,0.0458044575501047,4.006427210226444
2320260319020006,取手競輪,6R,10:34,1-5,1,5,92.2,0.05426773424807943,4.0034850976729235
8420260319020007,武雄競輪,7R,22:50,2-3,2,3,56.8,0.08762102445244521,3.976874188898888
2220260320010004,前橋競輪,4R,17:06,4-5,4,5,154.2,0.03219929842967618,3.965131817856066
8720260320010007,熊本競輪,7R,13:42,1-7,1,7,72.9,0.06797859811916747,3.955639802887309
2220260320010002,前橋競輪,2R,16:16,2-5,2,5,75.8,0.06518060531866245,3.9406898831546133
8720260320010006,熊本競輪,6R,13:12,3-4,3,4,109.5,0.04499793189102986,3.92727354206777
8120260319020005,小倉競輪,5R,17:42,1-7,1,7,157.2,0.031243320765371178,3.9114500243163484
8720260320010008,熊本競輪,8R,14:10,5-6,5,6,120.4,0.04063721852886032,3.892721110874783
8120260319020005,小倉競輪,5R,17:42,1-4,1,4,117.9,0.041482767734176994,3.890818315859468
6320260319020003,防府競輪,3R,11:35,3-8,3,8,185.3,0.026321987483425215,3.8774642806786925
2320260319020007,取手競輪,7R,10:55,1-3,1,3,63.4,0.07520220248053978,3.7678196372662223
8120260319020001,小倉競輪,1R,15:57,2-7,2,7,153.4,0.03083368630512816,3.72988747920666
2220260320010001,前橋競輪,1R,15:42,2-6,2,6,111.3,0.04241605134160625,3.7209065143207756
8120260319020003,小倉競輪,3R,16:54,3-4,3,4,116.9,0.04014333964243413,3.6927564042005496
8720260320010010,熊本競輪,10R,15:00,1-6,1,6,69.3,0.06770162943325046,3.691722919724257
8120260319020001,小倉競輪,1R,15:57,6-7,6,7,186.3,0.025158909604708464,3.687104859357187
6320260319020012,防府競輪,12R,16:30,3-4,3,4,85.2,0.054830577003803595,3.6715651607240662
2320260319020001,取手競輪,1R,08:50,1-6,1,6,133.1,0.03508814279869485,3.6702318065062842
8720260320010002,熊本競輪,2R,11:23,6-7,6,7,128.6,0.03623893719125259,3.6603273227950828
8420260319020007,武雄競輪,7R,22:50,1-2,1,2,47.3,0.09820089523623132,3.644902344673741
2320260319020003,取手競輪,3R,09:31,4-7,4,7,96.6,0.047753829705832126,3.613019949583383
2320260319020001,取手競輪,1R,08:50,2-6,2,6,59.4,0.07719399318944568,3.585323195453073
2320260319020007,取手競輪,7R,10:55,1-6,1,6,86.1,0.05323931815749049,3.5839052933599307
6320260319020007,防府競輪,7R,13:35,5-9,5,9,136.9,0.033443614217165935,3.578430786330016
6320260319020008,防府競輪,8R,14:05,4-9,4,9,91.6,0.049929716525453256,3.573562033731518
2320260319020002,取手競輪,2R,09:10,5-6,5,6,48.1,0.0944947780123872,3.5451988223958244
2220260320010011,前橋競輪,11R,20:02,6-7,6,7,101.6,0.04456839683007815,3.528149117935939
8120260319020011,小倉競輪,11R,20:16,6-7,6,7,147.0,0.030722103663620708,3.516149238552244
2320260319020003,取手競輪,3R,09:31,3-5,3,5,92.8,0.048363148328777,3.488100164910506
8720260320010003,熊本競輪,3R,11:47,1-4,1,4,317.0,0.014134769629077813,3.4807219724176663
8720260320010008,熊本競輪,8R,14:10,1-3,1,3,69.9,0.06389578554389556,3.4663154095183
1320260319020001,いわき平競輪,1R,20:40,3-5,3,5,120.7,0.03696053215716567,3.4611362313698963
2320260319020006,取手競輪,6R,10:34,1-6,1,6,112.8,0.03949185397967849,3.454681128907734
2220260320010004,前橋競輪,4R,17:06,4-6,4,6,85.7,0.051935708035741976,3.4508901786630872
6320260319020008,防府競輪,8R,14:05,4-7,4,7,284.5,0.015596214081919592,3.437122906306124
8720260320010009,熊本競輪,9R,14:33,3-6,3,6,110.0,0.04025316011025983,3.4278476121285815
8120260319020006,小倉競輪,6R,18:06,3-5,3,5,124.7,0.035378508358744815,3.4116999923354783
2320260319020005,取手競輪,5R,10:13,1-2,1,2,93.6,0.046423078356848696,3.345200134201038
2320260319020007,取手競輪,7R,10:55,6-7,6,7,192.9,0.022389447382016706,3.3189243999910225
2320260319020002,取手競輪,2R,09:10,4-6,4,6,240.9,0.01772364187996776,3.269625328884233
2320260319020007,取手競輪,7R,10:55,5-6,5,6,185.5,0.022997310640402387,3.266001123794643
2320260319020001,取手競輪,1R,08:50,4-6,4,6,80.2,0.053130797092246475,3.2610899267981672
8720260320010008,熊本競輪,8R,14:10,2-3,2,3,46.1,0.09203724646158373,3.2429170618790106
2220260320010008,前橋競輪,8R,18:43,1-6,1,6,64.5,0.06560493065863306,3.2315180274818323
8420260319020009,武雄競輪,9R,23:30,2-4,2,4,76.5,0.055097908492121137,3.2149899996472673
8420260319020007,武雄競輪,7R,22:50,2-4,2,4,71.0,0.05933307859663681,3.212648580361213
8120260319020008,小倉競輪,8R,18:56,1-5,1,5,121.5,0.03445101251106178,3.1857980200940066
8420260319020007,武雄競輪,7R,22:50,4-5,4,5,142.1,0.029293555516548005,3.1626142389014715
8120260319020005,小倉競輪,5R,17:42,1-5,1,5,157.2,0.02643385814465131,3.1554025003391857
2220260320010010,前橋競輪,10R,19:35,6-7,6,7,57.3,0.0724632871447095,3.1521463533918537
6320260319020009,防府競輪,9R,14:40,4-8,4,8,224.2,0.018466114055827574,3.140102771316542
6320260319020009,防府競輪,9R,14:40,1-2,1,2,154.9,0.026655930521112432,3.1290036377203156
8120260319020002,小倉競輪,2R,16:22,4-7,4,7,138.4,0.02961604100085373,3.0988600745181563
8120260319020001,小倉競輪,1R,15:57,1-2,1,2,86.9,0.046370968221427354,3.0296371384420375
6320260319020012,防府競輪,12R,16:30,3-6,3,6,221.0,0.0181914974394853,3.020320934126251
8720260320010004,熊本競輪,4R,12:12,1-4,1,4,268.9,0.01493274190509283,3.0154142982794614
6320260319020003,防府競輪,3R,11:35,1-3,1,3,100.5,0.039913348552900484,3.011291529566499
8720260320010010,熊本競輪,10R,15:00,5-6,5,6,210.6,0.019018132272700158,3.005218656630653
2320260319020002,取手競輪,2R,09:10,4-5,4,5,70.0,0.05721058694177544,3.004741085924281
2220260320010009,前橋競輪,9R,19:09,6-7,6,7,178.1,0.02241197429434105,2.9915726218221406
2220260320010009,前橋競輪,9R,19:09,5-7,5,7,118.7,0.033516121428038295,2.978363613508146
8120260319020004,小倉競輪,4R,17:18,6-7,6,7,375.1,0.01058912730426025,2.9719816518280195
8720260320010012,熊本競輪,12R,16:10,2-3,2,3,48.7,0.08115557306191727,2.952276408115371
6320260319020007,防府競輪,7R,13:35,5-8,5,8,104.7,0.037547177239647046,2.9311894569910457
8120260319020003,小倉競輪,3R,16:54,6-7,6,7,136.4,0.028668519044527663,2.9103859976735733
2220260320010012,前橋競輪,12R,20:30,3-4,3,4,85.6,0.0454024309678833,2.8864480908508106
8120260319020005,小倉競輪,5R,17:42,1-3,1,3,78.6,0.04930730862991259,2.875554458311129
1320260319020009,いわき平競輪,9R,23:20,1-4,1,4,51.0,0.07599045560830942,2.8755132360237803
6320260319020004,防府競輪,4R,12:05,5-6,5,6,317.0,0.012212424430879786,2.8713385445888924
2220260320010009,前橋競輪,9R,19:09,4-7,4,7,71.2,0.05362411964207148,2.8180373185154894
1320260319020006,いわき平競輪,6R,22:20,1-6,1,6,46.5,0.08193127812381848,2.8098044327575593
6320260319020009,防府競輪,9R,14:40,7-8,7,8,98.2,0.038685126654832494,2.798879437504551
8720260320010011,熊本競輪,11R,15:35,3-4,3,4,96.2,0.0394740419010818,2.7974028308840695
2220260320010004,前橋競輪,4R,17:06,3-7,3,7,108.2,0.03472294935489414,2.7570231201995457
8420260319020001,武雄競輪,1R,20:50,5-6,5,6,98.2,0.03813533016352567,2.7448894220582205
2220260320010012,前橋競輪,12R,20:30,4-6,4,6,107.0,0.03489273495735071,2.733522640436526
1320260319020001,いわき平競輪,1R,20:40,1-5,1,5,60.3,0.06186825964933096,2.7306560568546567
8420260319020009,武雄競輪,9R,23:30,2-6,2,6,76.5,0.04866689022143602,2.7230171019398557
6320260319020010,防府競輪,10R,15:15,1-7,1,7,65.7,0.056529608226862496,2.7139952605048663
2320260319020004,取手競輪,4R,09:52,1-6,1,6,79.3,0.04670106012218187,2.7033940676890222
6320260319020004,防府競輪,4R,12:05,3-8,3,8,298.7,0.012301189322826337,2.674365250728227
6320260319020003,防府競輪,3R,11:35,2-3,2,3,66.0,0.05549198444486574,2.662470973361139
1320260319020009,いわき平競輪,9R,23:20,2-7,2,7,102.0,0.03587584152980079,2.6593358360396806
6320260319020011,防府競輪,11R,15:50,4-6,4,6,513.9,0.007097760473374925,2.6475391072673737
8120260319020004,小倉競輪,4R,17:18,3-6,3,6,312.6,0.011644969030029253,2.640217318787145
8720260320010011,熊本競輪,11R,15:35,3-5,3,5,249.5,0.014564489558707486,2.6338401448975177
8420260319020007,武雄競輪,7R,22:50,5-6,5,6,284.2,0.01277260177777825,2.6299734252445783
6320260319020012,防府競輪,12R,16:30,2-8,2,8,306.1,0.01180386578690041,2.6131633173702156
2320260319020007,取手競輪,7R,10:55,3-7,3,7,109.6,0.032867034307936575,2.6022269601498484
2220260320010006,前橋競輪,6R,17:54,2-6,2,6,71.2,0.05037339430374937,2.586585674426955
8120260319020002,小倉競輪,2R,16:22,4-6,4,6,111.8,0.03206920512974515,2.5853371335055075
6320260319020008,防府競輪,8R,14:05,5-7,5,7,119.9,0.02984043388659071,2.5778680230022264
8120260319020002,小倉競輪,2R,16:22,2-7,2,7,138.4,0.025823813169756054,2.574015742694238
2320260319020003,取手競輪,3R,09:31,2-4,2,4,124.9,0.028471275582010513,2.556062320193113
8720260320010012,熊本競輪,12R,16:10,3-7,3,7,136.0,0.026131995520089865,2.5539513907322218
6320260319020011,防府競輪,11R,15:50,2-4,2,4,232.5,0.015217921084338792,2.538166652108769
8720260320010008,熊本競輪,8R,14:10,2-6,2,6,67.7,0.052192694841435155,2.5334454407651603
8720260320010007,熊本競輪,7R,13:42,3-7,3,7,61.6,0.057325836374344144,2.5312715206595993
2220260320010001,前橋競輪,1R,15:42,1-2,1,2,98.9,0.03567397505670521,2.528156133108145
2220260320010001,前橋競輪,1R,15:42,5-7,5,7,131.9,0.026724117136758797,2.5249110503384857
6320260319020011,防府競輪,11R,15:50,6-9,6,9,205.5,0.0171391111024767,2.5220873315589616
6320260319020009,防府競輪,9R,14:40,2-4,2,4,121.4,0.028914066444613994,2.510167666376139
2220260320010009,前橋競輪,9R,19:09,3-7,3,7,50.8,0.06896597030611282,2.503471291550531
2220260320010007,前橋競輪,7R,18:18,1-6,1,6,65.3,0.053603777436931815,2.5003266666316475
8720260320010003,熊本競輪,3R,11:47,2-4,2,4,135.8,0.025728209261437478,2.49389081770321
1320260319020002,いわき平競輪,2R,21:00,4-5,4,5,133.5,0.026069904298383115,2.4803322238341456
8120260319020010,小倉競輪,10R,19:48,2-3,2,3,123.7,0.028125566951881963,2.479132631947799
8120260319020001,小倉競輪,1R,15:57,1-3,1,3,96.6,0.03598199467581316,2.4758606856835508
8120260319020001,小倉競輪,1R,15:57,5-6,5,6,65.2,0.05329326990080535,2.474721197532509
8120260319020001,小倉競輪,1R,15:57,1-5,1,5,84.1,0.04100391163736267,2.4484289687022
2220260320010009,前橋競輪,9R,19:09,1-7,1,7,89.0,0.03865793982758088,2.4405566446546985
6320260319020011,防府競輪,11R,15:50,4-5,4,5,476.3,0.007179744354872895,2.4197122362259598
8120260319020008,小倉競輪,8R,18:56,1-6,1,6,121.5,0.028141555470722147,2.419198989692741
2320260319020002,取手競輪,2R,09:10,3-6,3,6,167.3,0.020409616762481406,2.4145288843631394
2220260320010010,前橋競輪,10R,19:35,4-5,4,5,80.2,0.042491122041650196,2.407787987740346
6320260319020008,防府競輪,8R,14:05,5-6,5,6,221.7,0.015334750145358716,2.399714107226027
8720260320010012,熊本競輪,12R,16:10,3-5,3,5,61.1,0.05563164001834762,2.3990932051210394
6320260319020010,防府競輪,10R,15:15,1-6,1,6,185.9,0.018102779660044265,2.365306738802229
2320260319020001,取手競輪,1R,08:50,5-6,5,6,99.3,0.03378781849522876,2.3551303765762155
6320260319020006,防府競輪,6R,13:05,6-9,6,9,139.4,0.024051533604851696,2.3527837845163266
8120260319020002,小倉競輪,2R,16:22,2-4,2,4,132.1,0.02519087468459818,2.3277145458354194
8420260319020004,武雄競輪,4R,21:50,2-6,2,6,45.7,0.07262524857820771,2.3189738600240926
2220260320010007,前橋競輪,7R,18:18,2-6,2,6,43.5,0.07606722322671519,2.308924210362111
6320260319020002,防府競輪,2R,11:10,6-9,6,9,120.5,0.02745147051973406,2.3079021976279543
2320260319020005,取手競輪,5R,10:13,3-6,3,6,146.2,0.022623377308059942,2.3075377624383635
8720260320010003,熊本競輪,3R,11:47,1-3,1,3,126.8,0.02595722266165403,2.2913758334977308
2220260320010002,前橋競輪,2R,16:16,2-3,2,3,81.4,0.04036858042615642,2.2860024466891327
6320260319020003,防府競輪,3R,11:35,1-2,1,2,265.1,0.012338356716365705,2.2708983655085486
6320260319020011,防府競輪,11R,15:50,3-4,3,4,153.7,0.021266955568727125,2.268731070913359
2220260320010004,前橋競輪,4R,17:06,3-6,3,6,57.6,0.05668842119780694,2.26525306099368
6320260319020011,防府競輪,11R,15:50,4-8,4,8,454.1,0.0071777232005547364,2.259404105371906
8720260320010001,熊本競輪,1R,11:00,1-6,1,6,59.6,0.054310312918563766,2.2368946499464006
8120260319020011,小倉競輪,11R,20:16,4-6,4,6,49.0,0.06592801912359192,2.230472937056004
6320260319020008,防府競輪,8R,14:05,2-8,2,8,110.2,0.029306248480606964,2.2295485825628876
8120260319020009,小倉競輪,9R,19:22,4-6,4,6,68.2,0.04711842029325216,2.2134762639997976
8720260320010005,熊本競輪,5R,12:42,5-6,5,6,108.8,0.029373832990948097,2.1958730294151527
6320260319020011,防府競輪,11R,15:50,5-9,5,9,172.8,0.018494470351844698,2.195844476798764
2320260319020002,取手競輪,2R,09:10,2-4,2,4,167.3,0.019073156880072186,2.1909391460360768
2320260319020005,取手競輪,5R,10:13,1-7,1,7,181.6,0.017564581694977467,2.189728035807908
8720260320010001,熊本競輪,1R,11:00,5-7,5,7,179.0,0.017798713176899367,2.1859696586649866
6320260319020003,防府競輪,3R,11:35,8-9,8,9,274.6,0.01159573266270662,2.184188189179238
2320260319020004,取手競輪,4R,09:52,2-6,2,6,103.7,0.030650204481505378,2.1784262047321077
1320260319020001,いわき平競輪,1R,20:40,1-7,1,7,60.3,0.05259136728367376,2.1712594472055273
8720260320010004,熊本競輪,4R,12:12,3-4,3,4,38.7,0.08191028358614941,2.1699279747839824
6320260319020012,防府競輪,12R,16:30,2-4,2,4,152.4,0.020789087737434802,2.168256971185064
2220260320010008,前橋競輪,8R,18:43,4-6,4,6,161.2,0.019648535026755565,2.167343846312997
8120260319020009,小倉競輪,9R,19:22,2-6,2,6,136.5,0.023082191203433605,2.150719099268687
8720260320010003,熊本競輪,3R,11:47,4-7,4,7,58.8,0.05356457585572398,2.14959706031657
8120260319020005,小倉競輪,5R,17:42,3-6,3,6,58.9,0.05342278041971372,2.146601766721138
6320260319020010,防府競輪,10R,15:15,3-6,3,6,237.3,0.013231365251181876,2.1398029741054594
2220260320010004,前橋競輪,4R,17:06,5-7,5,7,280.5,0.011178760617227317,2.1356423531322624
2220260320010002,前橋競輪,2R,16:16,1-2,1,2,90.2,0.034676151251651084,2.127788842898928
8720260320010004,熊本競輪,4R,12:12,3-7,3,7,74.4,0.041975610470618104,2.122985419013987
8120260319020008,小倉競輪,8R,18:56,6-7,6,7,121.5,0.02569074658852074,2.12142571050527
8120260319020002,小倉競輪,2R,16:22,3-6,3,6,100.2,0.03111448636805881,2.1176715340794927
2220260320010001,前橋競輪,1R,15:42,4-6,4,6,89.0,0.03498652749213368,2.1138009467998975
6320260319020008,防府競輪,8R,14:05,2-5,2,5,58.6,0.053045830482500216,2.108485666274513
2320260319020006,取手競輪,6R,10:34,4-6,4,6,130.1,0.023883308638787605,2.1072184539062673
8720260320010004,熊本競輪,4R,12:12,1-3,1,3,322.7,0.009612974417015887,2.1021068443710265
8120260319020002,小倉競輪,2R,16:22,2-3,2,3,126.4,0.024376935846741655,2.0812446910281452
2220260320010004,前橋競輪,4R,17:06,3-5,3,5,84.5,0.036265073286763684,2.0643986927315314
6320260319020001,防府競輪,1R,10:45,1-2,1,2,72.5,0.042186303959889856,2.0585070370920144
2220260320010011,前橋競輪,11R,20:02,1-3,1,3,58.0,0.052528649838807624,2.046661690650842
8720260320010007,熊本競輪,7R,13:42,6-7,6,7,50.5,0.060298618981618896,2.0450802585717542
2220260320010003,前橋競輪,3R,16:42,1-6,1,6,37.3,0.08149227633012006,2.039661907113478
2220260320010003,前橋競輪,3R,16:42,4-5,4,5,51.0,0.059599988939049414,2.03959943589152
8720260320010008,熊本競輪,8R,14:10,3-7,3,7,56.3,0.05374191128246589,2.0256696052028293
6320260319020009,防府競輪,9R,14:40,8-9,8,9,126.2,0.02395194444587789,2.0227353890697897
6320260319020007,防府競輪,7R,13:35,5-6,5,6,122.9,0.02459180332502281,2.0223326286453034
2320260319020007,取手競輪,7R,10:55,1-2,1,2,38.5,0.07846343906931767,2.0208424041687305
2220260320010007,前橋競輪,7R,18:18,4-6,4,6,196.1,0.015376325246261504,2.015297380791881
8720260320010001,熊本競輪,1R,11:00,3-5,3,5,52.8,0.057104420640677875,2.0151134098277916
2220260320010003,前橋競輪,3R,16:42,2-6,2,6,86.3,0.034738106268671576,1.997898570986357
1320260319020005,いわき平競輪,5R,22:00,3-4,3,4,87.0,0.034443253381232414,1.9965630441672202
2320260319020006,取手競輪,6R,10:34,3-6,3,6,133.5,0.02239328567984067,1.9895036382587294
8720260320010010,熊本競輪,10R,15:00,6-7,6,7,218.7,0.01365119511060946,1.9855163706902887
2220260320010010,前橋競輪,10R,19:35,5-7,5,7,30.8,0.0966024038633447,1.975354038991017
8720260320010005,熊本競輪,5R,12:42,4-6,4,6,140.7,0.021110362855264776,1.9702280537357537
8720260320010010,熊本競輪,10R,15:00,4-5,4,5,56.3,0.052620700673813345,1.9625454479356912
8720260320010011,熊本競輪,11R,15:35,2-3,2,3,110.4,0.026746665247414883,1.9528318433146032
2220260320010001,前橋競輪,1R,15:42,1-4,1,4,101.8,0.028995535149844133,1.9517454782541326
8120260319020008,小倉競輪,8R,18:56,5-6,5,6,121.5,0.024288147587260292,1.9510099318521257
8120260319020003,小倉競輪,3R,16:54,1-4,1,4,41.8,0.07005060655858905,1.9281153541490221
6320260319020004,防府競輪,4R,12:05,4-5,4,5,130.5,0.022413016065206258,1.9248985965094167
8720260320010003,熊本競輪,3R,11:47,1-7,1,7,41.9,0.06975659691533287,1.922801410752447
2320260319020007,取手競輪,7R,10:55,2-4,2,4,63.4,0.04605998409457856,1.9202029915962804
2320260319020005,取手競輪,5R,10:13,1-6,1,6,352.6,0.008273658637797582,1.9172920356874275
8720260320010002,熊本競輪,2R,11:23,1-6,1,6,85.7,0.03395627335710083,1.9100526267035414
6320260319020006,防府競輪,6R,13:05,6-7,6,7,76.7,0.03788985421443082,1.906151818246844
1320260319020001,いわき平競輪,1R,20:40,4-7,4,7,120.7,0.0240589578790099,1.9039162159964946
8120260319020006,小倉競輪,6R,18:06,2-5,2,5,93.5,0.0310355869900377,1.9018273835685249
1320260319020001,いわき平競輪,1R,20:40,1-6,1,6,48.3,0.05985447561295666,1.8909711721058065
8720260320010003,熊本競輪,3R,11:47,3-4,3,4,167.8,0.017198560803156467,1.8859185027696554
2220260320010008,前橋競輪,8R,18:43,6-7,6,7,107.5,0.026801782135078465,1.881191579520935
2220260320010002,前橋競輪,2R,16:16,2-4,2,4,75.8,0.03777114104918846,1.8630524915284852
8420260319020003,武雄競輪,3R,21:30,1-3,1,3,39.0,0.07334564460990506,1.8604801397862971
6320260319020012,防府競輪,12R,16:30,4-8,4,8,319.2,0.008951766616300955,1.8574039039232648
8120260319020006,小倉競輪,6R,18:06,1-4,1,4,53.4,0.05350657172126451,1.8572509299155247
8720260320010003,熊本競輪,3R,11:47,6-7,6,7,34.3,0.08267271269333692,1.8356740453814564
6320260319020002,防府競輪,2R,11:10,2-8,2,8,134.8,0.02097305809241251,1.8271682308572066
6320260319020004,防府競輪,4R,12:05,1-8,1,8,199.1,0.014183494205154388,1.8239336962462387
6320260319020007,防府競輪,7R,13:35,3-9,3,9,129.9,0.02173015213888003,1.822746762840516
8720260320010009,熊本競輪,9R,14:33,4-6,4,6,77.7,0.03631832665287035,1.8219339809280264
6320260319020005,防府競輪,5R,12:35,2-7,2,7,109.1,0.025790349061380127,1.813727082596572
8720260320010002,熊本競輪,2R,11:23,2-4,2,4,123.5,0.022638799709840833,1.7958917641653427
1320260319020009,いわき平競輪,9R,23:20,5-6,5,6,102.0,0.027398290328573494,1.7946256135144965
2320260319020003,取手競輪,3R,09:31,1-4,1,4,124.9,0.022331641294282056,1.789221997655829
2220260320010001,前橋競輪,1R,15:42,3-6,3,6,41.4,0.06706989405778196,1.7766936139921734
2320260319020006,取手競輪,6R,10:34,2-6,2,6,120.8,0.02295430467450579,1.7728800046802995
6320260319020003,防府競輪,3R,11:35,1-5,1,5,176.7,0.015690222897472517,1.7724623859833937
2320260319020004,取手競輪,4R,09:52,2-3,2,3,114.7,0.024142219150208713,1.7691125365289393
6320260319020011,防府競輪,11R,15:50,5-7,5,7,166.9,0.01659096100101796,1.7690313910698978
8720260320010008,熊本競輪,8R,14:10,1-6,1,6,100.8,0.027399700693568237,1.761889829911678
1320260319020002,いわき平競輪,2R,21:00,3-5,3,5,66.7,0.04129155567606752,1.7541467635937038
1320260319020005,いわき平競輪,5R,22:00,3-6,3,6,87.0,0.03144671812989567,1.735864477300923
6320260319020012,防府競輪,12R,16:30,4-9,4,9,69.4,0.03935620078009143,1.7313203341383456
8120260319020001,小倉競輪,1R,15:57,1-7,1,7,153.4,0.0177393582956248,1.7212175625488442
8420260319020007,武雄競輪,7R,22:50,2-6,2,6,94.7,0.02869323820897776,1.7172496583901942
1320260319020007,いわき平競輪,7R,22:40,2-3,2,3,46.5,0.05841605835470422,1.716346713493746
8420260319020006,武雄競輪,6R,22:30,1-5,1,5,27.7,0.09805003129137102,1.715985866770977
1320260319020002,いわき平競輪,2R,21:00,4-7,4,7,133.5,0.020281622338601774,1.7075965822033368
8120260319020002,小倉競輪,2R,16:22,1-2,1,2,60.5,0.044727404557551406,1.7060079757318602
8720260320010010,熊本競輪,10R,15:00,5-7,5,7,153.6,0.017600562952000257,1.7034464694272393
2220260320010006,前橋競輪,6R,17:54,4-6,4,6,178.1,0.015169116187310403,1.7016195929599829
8720260320010011,熊本競輪,11R,15:35,5-7,5,7,51.4,0.05255198502347765,1.7011720302067515
2220260320010001,前橋競輪,1R,15:42,2-7,2,7,101.8,0.026508303899430666,1.6985453369620416
6320260319020008,防府競輪,8R,14:05,6-7,6,7,307.5,0.008775358621225048,1.6984227760267023
2320260319020004,取手競輪,4R,09:52,3-4,3,4,56.1,0.04804107660984143,1.6951043978121043
6320260319020009,防府競輪,9R,14:40,5-8,5,8,443.2,0.006062367304729659,1.6868411894561848
2220260320010003,前橋競輪,3R,16:42,6-7,6,7,178.8,0.015025636807515848,1.6865838611838337
2220260320010003,前橋競輪,3R,16:42,3-5,3,5,79.4,0.0337601233460377,1.6805537936753936
6320260319020004,防府競輪,4R,12:05,6-9,6,9,239.0,0.011211338631592576,1.6795099329506256
6320260319020011,防府競輪,11R,15:50,7-9,7,9,54.0,0.04960506818177018,1.6786736818155896
8420260319020007,武雄競輪,7R,22:50,3-5,3,5,56.8,0.047159304078165334,1.6786484716397907
8720260320010004,熊本競輪,4R,12:12,1-6,1,6,537.9,0.0049715008560292095,1.6741703104581118
8720260320010002,熊本競輪,2R,11:23,5-6,5,6,40.3,0.06624859935350405,1.6698185539462131
6320260319020012,防府競輪,12R,16:30,8-9,8,9,121.6,0.02195412930340234,1.6696221232937245
2320260319020001,取手競輪,1R,08:50,2-7,2,7,48.9,0.05449546778918236,1.6648283748910173
6320260319020008,防府競輪,8R,14:05,1-5,1,5,72.7,0.03661365343455729,1.6618126046923152
8720260320010006,熊本競輪,6R,13:12,1-5,1,5,71.9,0.03690603389344148,1.6535438369384425
6320260319020001,防府競輪,1R,10:45,1-7,1,7,39.1,0.06779150559916991,1.6506478689275434
2320260319020001,取手競輪,1R,08:50,6-7,6,7,162.3,0.016317389493941535,1.6483123148667111
8420260319020004,武雄競輪,4R,21:50,2-5,2,5,45.7,0.05794827723653407,1.6482362697096073
6320260319020005,防府競輪,5R,12:35,4-9,4,9,58.9,0.04484504004722374,1.6413728587814784
2320260319020005,取手競輪,5R,10:13,6-7,6,7,176.3,0.014977441694226351,1.640522970692106
6320260319020012,防府競輪,12R,16:30,4-7,4,7,190.5,0.013822655535668343,1.633215879544819
2220260320010001,前橋競輪,1R,15:42,3-7,3,7,61.4,0.04251114263781194,1.610184157961653
2220260320010009,前橋競輪,9R,19:09,5-6,5,6,118.7,0.021966790472995233,1.6074580291445342
6320260319020004,防府競輪,4R,12:05,3-7,3,7,76.1,0.034205955286989456,1.6030731973398975
2320260319020006,取手競輪,6R,10:34,6-7,6,7,46.5,0.055925025642239154,1.6005136923641206
2220260320010011,前橋競輪,11R,20:02,3-5,3,5,58.0,0.04477109000389454,1.5967232202258832
6320260319020008,防府競輪,8R,14:05,7-8,7,8,165.7,0.015642603114585263,1.5919793360867778
6320260319020008,防府競輪,8R,14:05,4-6,4,6,443.4,0.005843637811957044,1.591069005821753
1320260319020001,いわき平競輪,1R,20:40,2-5,2,5,48.3,0.05360370187933998,1.5890588007721207
6320260319020007,防府競輪,7R,13:35,6-9,6,9,331.2,0.00781333139521924,1.5877753580966125
2220260320010008,前橋競輪,8R,18:43,1-7,1,7,26.8,0.09612012757808035,1.5760194190925532
2320260319020004,取手競輪,4R,09:52,4-6,4,6,43.8,0.058731160727315476,1.5724248398564176
2220260320010005,前橋競輪,5R,17:30,6-7,6,7,51.5,0.049832067869107044,1.566351495259013
8720260320010002,熊本競輪,2R,11:23,4-5,4,5,72.6,0.03534797275801428,1.5662628222318364
2320260319020003,取手競輪,3R,09:31,1-3,1,3,106.5,0.024085080331908284,1.5650610553482323
8720260320010009,熊本競輪,9R,14:33,3-5,3,5,47.7,0.05345810409400981,1.5499515652842684
8420260319020009,武雄競輪,9R,23:30,4-7,4,7,76.5,0.033266521970745935,1.5448889307620641
8720260320010006,熊本競輪,6R,13:12,1-6,1,6,50.7,0.050162361245744226,1.5432317151592323
2320260319020007,取手競輪,7R,10:55,4-5,4,5,41.5,0.06123655969717897,1.5413172274329274
2320260319020005,取手競輪,5R,10:13,1-3,1,3,93.6,0.02713624745713754,1.5399527619880735
2220260320010002,前橋競輪,2R,16:16,1-6,1,6,104.3,0.02431107968202165,1.535645610834858
1320260319020001,いわき平競輪,1R,20:40,2-6,2,6,48.3,0.052151821157376176,1.5189329619012693
6320260319020008,防府競輪,8R,14:05,3-4,3,4,280.3,0.008971179179243255,1.5146215239418845
8720260320010001,熊本競輪,1R,11:00,1-7,1,7,103.9,0.024172666032581062,1.5115400007851725
1320260319020001,いわき平競輪,1R,20:40,4-5,4,5,80.5,0.03110734768010656,1.5041414882485777
6320260319020004,防府競輪,4R,12:05,2-3,2,3,40.9,0.06109229878878431,1.4986750204612784
6320260319020009,防府競輪,9R,14:40,2-5,2,5,250.8,0.00994114239584495,1.4932385128779138
6320260319020006,防府競輪,6R,13:05,1-7,1,7,158.3,0.015676187414504182,1.481540467716012
8120260319020004,小倉競輪,4R,17:18,1-3,1,3,25.3,0.09763931344821278,1.4702746302397833
8720260320010009,熊本競輪,9R,14:33,2-6,2,6,135.5,0.018185578946235112,1.4641459472148575
6320260319020012,防府競輪,12R,16:30,2-3,2,3,45.5,0.05406463847317908,1.4599410505296482
6320260319020009,防府競輪,9R,14:40,2-7,2,7,41.8,0.058591400431585366,1.449120538040268
8720260320010006,熊本競輪,6R,13:12,4-6,4,6,44.2,0.05529157287452896,1.4438875210541804
8720260320010001,熊本競輪,1R,11:00,2-5,2,5,40.8,0.05980371371543438,1.4399915195897224
6320260319020001,防府競輪,1R,10:45,1-8,1,8,179.9,0.013560241298438554,1.4394874095890962
6320260319020010,防府競輪,10R,15:15,1-8,1,8,286.4,0.008506025678513452,1.4361257543262527
2220260320010008,前橋競輪,8R,18:43,5-6,5,6,107.5,0.022611539480710086,1.4307404941763342
6320260319020005,防府競輪,5R,12:35,5-9,5,9,64.5,0.03767490768884215,1.4300315459303188
6320260319020011,防府競輪,11R,15:50,2-6,2,6,191.4,0.01261711333822852,1.414915492936939
1320260319020002,いわき平競輪,2R,21:00,1-7,1,7,44.5,0.05421288838303444,1.4124735330450324
2320260319020006,取手競輪,6R,10:34,3-4,3,4,69.5,0.03469929360425369,1.4116009054956313
8720260320010011,熊本競輪,11R,15:35,3-7,3,7,34.5,0.06976987141853191,1.4070605639393512
6320260319020008,防府競輪,8R,14:05,2-4,2,4,72.7,0.033079140593786825,1.4048535211683024
6320260319020004,防府競輪,4R,12:05,1-6,1,6,189.4,0.01269656676705525,1.4047297456802643
8720260320010010,熊本競輪,10R,15:00,3-6,3,6,69.3,0.03469647251214491,1.4044655450916421
8120260319020010,小倉競輪,10R,19:48,3-4,3,4,123.7,0.019367542602389414,1.3957650199155704
8720260320010003,熊本競輪,3R,11:47,2-3,2,3,60.0,0.03991127544511071,1.3946765267066423
8420260319020007,武雄競輪,7R,22:50,3-6,3,6,71.0,0.033657469510376604,1.389680335236739
1320260319020005,いわき平競輪,5R,22:00,2-5,2,5,21.7,0.10996095008773374,1.3861526169038219
6320260319020003,防府競輪,3R,11:35,4-9,4,9,125.0,0.019085920216848296,1.3857400271060367
6320260319020008,防府競輪,8R,14:05,2-6,2,6,132.4,0.017986786542409088,1.3814505382149633
6320260319020003,防府競輪,3R,11:35,1-8,1,8,260.6,0.009121300915966345,1.3770110187008298
6320260319020009,防府競輪,9R,14:40,2-9,2,9,63.5,0.037386805527298395,1.3740621509834479
6320260319020002,防府競輪,2R,11:10,1-4,1,4,153.0,0.015476812669354459,1.3679523384112322
6320260319020010,防府競輪,10R,15:15,6-8,6,8,293.1,0.008076397459376333,1.3671920953432033
8120260319020002,小倉競輪,2R,16:22,1-6,1,6,42.7,0.05533343697053056,1.362737758641655
8720260320010012,熊本競輪,12R,16:10,2-7,2,7,48.4,0.04880628393657326,1.3622241425301458
6320260319020006,防府競輪,6R,13:05,2-7,2,7,104.7,0.022557323040795087,1.3617517223712454
8120260319020001,小倉競輪,1R,15:57,3-6,3,6,50.1,0.04712723811800634,1.361074629712118
2320260319020003,取手競輪,3R,09:31,5-6,5,6,39.3,0.06001802267945337,1.3587082913025172
6320260319020006,防府競輪,6R,13:05,2-6,2,6,271.1,0.008699980679528029,1.3585647622200487
8120260319020006,小倉競輪,6R,18:06,1-5,1,5,124.7,0.01886467479733142,1.3524249472272283
8420260319020004,武雄競輪,4R,21:50,2-3,2,3,45.7,0.05146762972631075,1.3520706784924013
8420260319020009,武雄競輪,9R,23:30,4-6,4,6,76.5,0.030688041146745844,1.347635147726057
6320260319020003,防府競輪,3R,11:35,5-9,5,9,129.2,0.01815775390963034,1.3459818051242394
2320260319020004,取手競輪,4R,09:52,5-7,5,7,51.8,0.04528150643906395,1.3455820335435127
8120260319020004,小倉競輪,4R,17:18,4-7,4,7,81.5,0.028640678167434305,1.3342152706458958
8120260319020001,小倉競輪,1R,15:57,5-7,5,7,89.9,0.0259394607441608,1.331957520900056
6320260319020011,防府競輪,11R,15:50,6-7,6,7,152.5,0.015290318775558559,1.3317736132726803
6320260319020012,防府競輪,12R,16:30,7-8,7,8,319.2,0.007288007146069609,1.326331881025419
8720260320010008,熊本競輪,8R,14:10,3-6,3,6,42.9,0.05409117359959105,1.320511347422456
8420260319020005,武雄競輪,5R,22:10,5-6,5,6,48.0,0.048282681971430576,1.3175687346286677
8120260319020007,小倉競輪,7R,18:30,5-6,5,6,58.5,0.03946171267937654,1.3085101917435273
6320260319020008,防府競輪,8R,14:05,1-7,1,7,85.1,0.027065573989897843,1.3032803465403062
8120260319020003,小倉競輪,3R,16:54,2-4,2,4,59.0,0.039032021565759974,1.3028892723798386
1320260319020009,いわき平競輪,9R,23:20,3-4,3,4,51.0,0.04509554419904632,1.2998727541513624
2320260319020005,取手競輪,5R,10:13,2-3,2,3,37.2,0.06177244988694958,1.2979351357945248
1320260319020009,いわき平競輪,9R,23:20,2-4,2,4,34.0,0.06744362492128773,1.293083247323783
6320260319020001,防府競輪,1R,10:45,1-3,1,3,85.9,0.02666227504499851,1.2902894263653724
8720260320010011,熊本競輪,11R,15:35,3-6,3,6,83.1,0.027510944608707393,1.2861594969835841
2220260320010012,前橋競輪,12R,20:30,6-7,6,7,50.3,0.04545001963424825,1.286135987602687
1320260319020005,いわき平競輪,5R,22:00,2-4,2,4,43.5,0.052260602084116516,1.2733361906590686
2220260320010011,前橋競輪,11R,20:02,4-6,4,6,81.3,0.02794173069123297,1.2716627051972407
8720260320010010,熊本競輪,10R,15:00,2-5,2,5,99.7,0.02273306471195082,1.2664865517814965
1320260319020001,いわき平競輪,1R,20:40,5-6,5,6,80.5,0.02814604172648855,1.2657563589823284
6320260319020004,防府競輪,4R,12:05,1-5,1,5,93.0,0.024342032056979393,1.2638089812990834
8120260319020001,小倉競輪,1R,15:57,2-6,2,6,38.3,0.059002754812996897,1.259805509337781
6320260319020003,防府競輪,3R,11:35,2-8,2,8,183.0,0.01234592597564881,1.2593044535437325
6320260319020011,防府競輪,11R,15:50,7-8,7,8,123.6,0.018243806268252116,1.2549344547559613
8120260319020004,小倉競輪,4R,17:18,1-7,1,7,23.1,0.09760032503025115,1.254567508198802
2220260320010001,前橋競輪,1R,15:42,1-5,1,5,62.5,0.03601742683953573,1.2510891774709831
8120260319020002,小倉競輪,2R,16:22,2-5,2,5,34.2,0.06577867853751883,1.249630805983144
6320260319020010,防府競輪,10R,15:15,6-7,6,7,56.2,0.03997177339173479,1.2464136646154955
2320260319020006,取手競輪,6R,10:34,2-4,2,4,62.6,0.035742392283646285,1.2374737569562573
6320260319020004,防府競輪,4R,12:05,3-9,3,9,143.8,0.015549171836202934,1.2359709100459821
2320260319020006,取手競輪,6R,10:34,2-3,2,3,68.5,0.03258004535290103,1.2317331066737207
8720260320010007,熊本競輪,7R,13:42,2-4,2,4,37.6,0.05903078471337849,1.2195575052230314
8720260320010007,熊本競輪,7R,13:42,4-5,4,5,40.1,0.0553240185176352,1.2184931425571714
6320260319020007,防府競輪,7R,13:35,3-8,3,8,98.2,0.022548690512480492,1.2142814083255842
8720260320010001,熊本競輪,1R,11:00,4-5,4,5,78.6,0.02812836498073385,1.2108894874856806
8120260319020003,小倉競輪,3R,16:54,4-7,4,7,33.9,0.0650045010719998,1.2036525863407932
2320260319020004,取手競輪,4R,09:52,3-5,3,5,55.0,0.04003630415074846,1.201996728291165
6320260319020010,防府競輪,10R,15:15,1-2,1,2,63.4,0.03467994869019124,1.1987087469581246
2320260319020006,取手競輪,6R,10:34,1-3,1,3,42.6,0.05139226671011369,1.189310561850843
8720260320010010,熊本競輪,10R,15:00,1-5,1,5,28.4,0.07683960759276345,1.1822448556344818
6320260319020007,防府競輪,7R,13:35,3-5,3,5,31.2,0.06989352683858147,1.1806780373637418
1320260319020008,いわき平競輪,8R,23:00,2-7,2,7,42.0,0.05164290521816451,1.1690020191629094
8720260320010009,熊本競輪,9R,14:33,2-3,2,3,36.2,0.05981970006319243,1.1654731422875662
8720260320010005,熊本競輪,5R,12:42,1-6,1,6,39.2,0.055179296498593995,1.1630284227448846
2320260319020006,取手競輪,6R,10:34,1-2,1,2,40.6,0.05316046667486163,1.1583149469993823
2320260319020001,取手競輪,1R,08:50,4-7,4,7,59.4,0.03616422367764069,1.1481548864518567
6320260319020001,防府競輪,1R,10:45,1-9,1,9,90.5,0.023733417244165278,1.1478742605969576
2220260320010007,前橋競輪,7R,18:18,5-6,5,6,78.4,0.02737906901388517,1.1465190106885976
2320260319020002,取手競輪,2R,09:10,3-7,3,7,66.9,0.03204039971926023,1.1435027412185095
2320260319020002,取手競輪,2R,09:10,3-4,3,4,215.1,0.009921743770012231,1.134167084929631
1320260319020009,いわき平競輪,9R,23:20,4-7,4,7,102.0,0.020880317723517977,1.1297924077988335
6320260319020001,防府競輪,1R,10:45,2-8,2,8,148.3,0.014336963390553509,1.1261716708190854
2320260319020003,取手競輪,3R,09:31,1-6,1,6,64.6,0.03290402753228816,1.125600178585815
6320260319020011,防府競輪,11R,15:50,2-7,2,7,57.2,0.03706346851296626,1.1200303989416702
1320260319020005,いわき平競輪,5R,22:00,1-2,1,2,21.7,0.0973665036942026,1.1128531301641966
8720260320010008,熊本競輪,8R,14:10,4-6,4,6,166.7,0.012630640974790835,1.1055278504976322
8120260319020011,小倉競輪,11R,20:16,3-7,3,7,73.5,0.028637639876074393,1.104866530891468
8720260320010012,熊本競輪,12R,16:10,3-6,3,6,63.7,0.03300516351380755,1.1024289158295408
6320260319020001,防府競輪,1R,10:45,2-7,2,7,29.0,0.07234728488207626,1.0980712615802113
1320260319020009,いわき平競輪,9R,23:20,3-7,3,7,102.0,0.020542800635375755,1.0953656648083272
6320260319020004,防府競輪,4R,12:05,5-8,5,8,158.5,0.01321542202674931,1.0946443912397656
6320260319020009,防府競輪,9R,14:40,6-8,6,8,235.3,0.008871477228222421,1.0874585918007358
1320260319020005,いわき平競輪,5R,22:00,2-6,2,6,43.5,0.04798410061593217,1.0873083767930494
6320260319020009,防府競輪,9R,14:40,1-4,1,4,95.7,0.02178721210198685,1.0850361981601417
8720260320010001,熊本競輪,1R,11:00,4-6,4,6,49.5,0.04209170210185779,1.0835392540419604
1320260319020005,いわき平競輪,5R,22:00,1-3,1,3,29.0,0.07155002035846172,1.0749505903953902
6320260319020002,防府競輪,2R,11:10,4-6,4,6,98.7,0.020989804369667454,1.0716936912861779
8420260319020004,武雄競輪,4R,21:50,4-6,4,6,45.7,0.04530435463174011,1.070409006670523
6320260319020001,防府競輪,1R,10:45,1-5,1,5,41.3,0.04999177791440594,1.0646604278649652
6320260319020007,防府競輪,7R,13:35,7-9,7,9,122.9,0.016777846077829242,1.0619972829652138
8120260319020004,小倉競輪,4R,17:18,2-3,2,3,208.4,0.00988865296010883,1.0607952768866804
8720260320010005,熊本競輪,5R,12:42,3-6,3,6,42.4,0.048570563098622246,1.059391875381583
6320260319020004,防府競輪,4R,12:05,4-9,4,9,120.4,0.017069927957986845,1.055219326141616
6320260319020005,防府競輪,5R,12:35,6-9,6,9,82.1,0.024977077398853936,1.0506180544459078
6320260319020001,防府競輪,1R,10:45,2-3,2,3,74.5,0.027461176301584806,1.0458576344680681
6320260319020002,防府競輪,2R,11:10,4-9,4,9,134.8,0.015145294638003324,1.0415857172028482
2220260320010004,前橋競輪,4R,17:06,1-7,1,7,37.6,0.0542281721105146,1.0389792713553492
6320260319020007,防府競輪,7R,13:35,2-9,2,9,81.1,0.025079945158251547,1.0339835523342003
8120260319020010,小倉競輪,10R,19:48,1-7,1,7,41.2,0.04930078646329904,1.0311924022879206
8720260320010009,熊本競輪,9R,14:33,5-6,5,6,166.5,0.012184272561001578,1.0286813814067628
8120260319020002,小倉競輪,2R,16:22,1-4,1,4,40.3,0.050315889055381514,1.027730328931875
8120260319020009,小倉競輪,9R,19:22,3-6,3,6,136.5,0.014854630778920564,1.027657101322657
2320260319020007,取手競輪,7R,10:55,2-7,2,7,58.8,0.034460913202748425,1.0263016963216072
6320260319020005,防府競輪,5R,12:35,6-7,6,7,234.4,0.008644585492801508,1.0262908395126735
8120260319020011,小倉競輪,11R,20:16,3-4,3,4,36.7,0.05520764326721672,1.026120507906854
2220260320010007,前橋競輪,7R,18:18,3-4,3,4,98.0,0.02063966795938743,1.0226874600199682
8720260320010002,熊本競輪,2R,11:23,2-7,2,7,43.8,0.04615935520088088,1.0217797577985825
6320260319020004,防府競輪,4R,12:05,6-7,6,7,116.8,0.01725380162384727,1.0152440296653613
8120260319020004,小倉競輪,4R,17:18,5-7,5,7,15.6,0.12913757155146088,1.0145461162027898
2220260320010011,前橋競輪,11R,20:02,3-7,3,7,27.1,0.07432812481033836,1.0142921823601698
8120260319020007,小倉競輪,7R,18:30,3-7,3,7,58.5,0.03442115598261569,1.013637624983018
6320260319020008,防府競輪,8R,14:05,1-2,1,2,41.3,0.04875489592374305,1.0135772016505875
8720260320010006,熊本競輪,6R,13:12,1-4,1,4,27.6,0.0728459988445708,1.0105495681101542
6320260319020002,防府競輪,2R,11:10,7-8,7,8,227.0,0.008829472117156253,1.0042901705944693
8420260319020003,武雄競輪,3R,21:30,2-5,2,5,39.0,0.05132653466036531,1.001734851754247
8720260320010007,熊本競輪,7R,13:42,3-6,3,6,72.9,0.027436123188291292,1.0000933804264354
1320260319020005,いわき平競輪,5R,22:00,1-4,1,4,43.5,0.04595795993604939,0.9991712572181486
6320260319020004,防府競輪,4R,12:05,2-6,2,6,72.9,0.027357928383362873,0.9943929791471535
2320260319020003,取手競輪,3R,09:31,3-4,3,4,226.4,0.008807191397313823,0.9939481323518495
6320260319020009,防府競輪,9R,14:40,1-5,1,5,268.4,0.0074094843233116475,0.988705592376846
8420260319020001,武雄競輪,1R,20:50,2-7,2,7,32.7,0.06068046563641231,0.9842512263106826
2320260319020006,取手競輪,6R,10:34,5-7,5,7,27.1,0.07250331490685227,0.9648398339756967
6320260319020003,防府競輪,3R,11:35,5-8,5,8,163.6,0.01198156449575717,0.960183951505873
6320260319020005,防府競輪,5R,12:35,2-9,2,9,26.6,0.07365781974135607,0.9592980051200717
8720260320010002,熊本競輪,2R,11:23,3-7,3,7,30.7,0.06376674932210412,0.9576392041885964
6320260319020002,防府競輪,2R,11:10,7-9,7,9,111.6,0.0175302503015317,0.9563759336509376
6320260319020011,防府競輪,11R,15:50,3-5,3,5,122.0,0.016023716897295155,0.9548934614700089
6320260319020004,防府競輪,4R,12:05,1-3,1,3,106.4,0.01836651722599573,0.9541974328459459
6320260319020004,防府競輪,4R,12:05,4-6,4,6,180.6,0.010810162201778791,0.9523152936412498
1320260319020009,いわき平競輪,9R,23:20,4-5,4,5,51.0,0.03826379572910961,0.95145358218459
8720260320010008,熊本競輪,8R,14:10,6-7,6,7,78.8,0.024748200505509438,0.9501581998341437
8120260319020004,小倉競輪,4R,17:18,2-7,2,7,208.4,0.009332617627731831,0.9449175136193138
2320260319020004,取手競輪,4R,09:52,3-6,3,6,141.9,0.01369256408859263,0.9429748441712944
8120260319020010,小倉競輪,10R,19:48,2-6,2,6,61.8,0.03134864583358114,0.9373463125153145
8120260319020006,小倉競輪,6R,18:06,4-5,4,5,34.0,0.05683909471319307,0.9325292202485642
6320260319020010,防府競輪,10R,15:15,2-3,2,3,76.4,0.02523156951679212,0.927691911082918
6320260319020010,防府競輪,10R,15:15,6-9,6,9,120.3,0.016017674147213872,0.9269261999098288
2220260320010006,前橋競輪,6R,17:54,6-7,6,7,59.3,0.032472193611209364,0.9256010811447153
6320260319020007,防府競輪,7R,13:35,4-9,4,9,125.2,0.015371262537917003,0.9244820697472087
6320260319020002,防府競輪,2R,11:10,4-7,4,7,127.3,0.015114533042216079,0.9240800562741067
2220260320010012,前橋競輪,12R,20:30,1-6,1,6,65.8,0.029180729622762837,0.9200920091777947
6320260319020004,防府競輪,4R,12:05,6-8,6,8,337.7,0.005676337495931716,0.9168991723761404
6320260319020002,防府競輪,2R,11:10,3-9,3,9,32.5,0.0588478798608043,0.9125560954761398
2220260320010005,前橋競輪,5R,17:30,4-6,4,6,137.3,0.013922887003465913,0.91161238557587
6320260319020004,防府競輪,4R,12:05,4-8,4,8,161.8,0.01180272438899431,0.9096808061392794
2220260320010003,前橋競輪,3R,16:42,3-7,3,7,125.1,0.015248707903958459,0.9076133587852031
2220260320010012,前橋競輪,12R,20:30,5-6,5,6,37.2,0.0512787293850311,0.907568733123157
6320260319020005,防府競輪,5R,12:35,7-9,7,9,41.3,0.04613903358911123,0.9055420872302935
8720260320010010,熊本競輪,10R,15:00,2-7,2,7,99.7,0.019106413301399807,0.9049094061495608
6320260319020005,防府競輪,5R,12:35,4-5,4,5,174.1,0.010920133072676,0.9011951679528913
8720260320010012,熊本競輪,12R,16:10,2-4,2,4,26.8,0.07090947105464115,0.9003738242643831
6320260319020005,防府競輪,5R,12:35,5-7,5,7,189.8,0.010011488363427808,0.900180491378598
2220260320010010,前橋競輪,10R,19:35,1-5,1,5,50.1,0.03784597212665242,0.8960832035452864
6320260319020001,防府競輪,1R,10:45,2-6,2,6,134.9,0.014047724046991738,0.8950379739391856
1320260319020002,いわき平競輪,2R,21:00,2-4,2,4,33.3,0.0565901991460834,0.8844536315645772
6320260319020002,防府競輪,2R,11:10,3-8,3,8,77.4,0.02432176378397559,0.8825045168797108
8120260319020007,小倉競輪,7R,18:30,5-7,5,7,58.5,0.03213286892910184,0.8797728323524576
2220260320010001,前橋競輪,1R,15:42,1-6,1,6,131.9,0.014243369753835229,0.8787004705308668
8120260319020001,小倉競輪,1R,15:57,1-4,1,4,31.8,0.0590138663248142,0.8766409491290916
8720260320010003,熊本競輪,3R,11:47,4-5,4,5,60.7,0.030855596772638695,0.872934724099169
2320260319020004,取手競輪,4R,09:52,6-7,6,7,117.2,0.015954895380317885,0.8699137385732563
6320260319020003,防府競輪,3R,11:35,6-9,6,9,90.4,0.020674469462178303,0.8689720393809188
2220260320010012,前橋競輪,12R,20:30,1-3,1,3,50.3,0.03707731798795189,0.86498909479398
8120260319020008,小倉競輪,8R,18:56,3-6,3,6,30.3,0.06145126225421938,0.8619732463028473
1320260319020007,いわき平競輪,7R,22:40,3-6,3,6,46.5,0.040025949341045024,0.8612066443585935
6320260319020011,防府競輪,11R,15:50,4-7,4,7,86.4,0.02152688678245721,0.8599230180043029
8720260320010012,熊本競輪,12R,16:10,1-3,1,3,33.2,0.055898717500227554,0.855837421007555
2220260320010012,前橋競輪,12R,20:30,3-5,3,5,28.5,0.06500093021212551,0.8525265110455771
6320260319020002,防府競輪,2R,11:10,1-2,1,2,40.5,0.04574125984888725,0.8525210238799337
2320260319020005,取手競輪,5R,10:13,1-5,1,5,29.6,0.06257971009148743,0.8523594187080279
6320260319020005,防府競輪,5R,12:35,1-5,1,5,57.7,0.03201698697346021,0.8473801483686543
1320260319020009,いわき平競輪,9R,23:20,2-6,2,6,34.0,0.05391176474987415,0.8330000014957211
6320260319020005,防府競輪,5R,12:35,5-6,5,6,237.3,0.007719536117133288,0.8318459205957294
8720260320010004,熊本競輪,4R,12:12,4-7,4,7,26.4,0.06910348475054552,0.8243319974144017
6320260319020004,防府競輪,4R,12:05,5-9,5,9,86.3,0.021113056980503808,0.8220568174174785
8720260320010012,熊本競輪,12R,16:10,4-7,4,7,88.5,0.020563615555841346,0.8198799766919591
1320260319020002,いわき平競輪,2R,21:00,2-5,2,5,33.3,0.0546413328136344,0.8195563826940253
8120260319020002,小倉競輪,2R,16:22,3-7,3,7,63.2,0.028776156411766556,0.8186530852236464
6320260319020010,防府競輪,10R,15:15,4-6,4,6,118.6,0.015324521700589124,0.8174882736898701
8420260319020004,武雄競輪,4R,21:50,3-6,3,6,45.7,0.03963309787850711,0.8112325730477752
2220260320010003,前橋競輪,3R,16:42,4-6,4,6,39.4,0.04595627205007481,0.8106771187729476
8120260319020003,小倉競輪,3R,16:54,1-3,1,3,36.2,0.04988054208021116,0.805675623303644
8720260320010010,熊本競輪,10R,15:00,2-6,2,6,93.2,0.019365856640620346,0.8048978389058163
6320260319020006,防府競輪,6R,13:05,3-6,3,6,41.7,0.043222000443528204,0.8023574184951263
2320260319020005,取手競輪,5R,10:13,4-7,4,7,50.8,0.035364006075664936,0.7964915086437787
8420260319020001,武雄競輪,1R,20:50,2-6,2,6,19.6,0.09132709623622409,0.7900110862299923
6320260319020005,防府競輪,5R,12:35,2-6,2,6,110.3,0.0162240234326394,0.7895097846201258
1320260319020006,いわき平競輪,6R,22:20,4-7,4,7,46.5,0.03841629602584207,0.786357765201656
6320260319020011,防府競輪,11R,15:50,1-5,1,5,60.4,0.02951195140546054,0.7825218648898167
6320260319020003,防府競輪,3R,11:35,1-9,1,9,153.8,0.011586055207699886,0.7819352909442427
2220260320010008,前橋競輪,8R,18:43,4-7,4,7,46.0,0.038703644896734495,0.7803676652497868
2320260319020001,取手競輪,1R,08:50,1-7,1,7,78.3,0.022729229301672423,0.7796986543209508
2220260320010004,前橋競輪,4R,17:06,2-4,2,4,43.4,0.040847493171449215,0.7727812036408959
8420260319020005,武雄競輪,5R,22:10,1-2,1,2,16.0,0.11051441527420476,0.7682306443872762
6320260319020004,防府競輪,4R,12:05,3-6,3,6,158.5,0.011145245991970592,0.7665214897273389
6320260319020011,防府競輪,11R,15:50,1-4,1,4,41.2,0.04286335918308132,0.7659703983429504
8420260319020003,武雄競輪,3R,21:30,1-2,1,2,19.5,0.09053982596560604,0.7655266063293178
6320260319020011,防府競輪,11R,15:50,5-8,5,8,271.2,0.006505080269171993,0.7641777689994445
6320260319020002,防府競輪,2R,11:10,5-9,5,9,112.5,0.015680700125919128,0.7640787641659019
6320260319020009,防府競輪,9R,14:40,1-7,1,7,39.6,0.04450864665568273,0.7625424075650362
8120260319020006,小倉競輪,6R,18:06,2-7,2,7,26.7,0.06583784798977196,0.7578705413269113
6320260319020002,防府競輪,2R,11:10,5-8,5,8,206.4,0.008494113897295489,0.7531851084017889
6320260319020007,防府競輪,7R,13:35,1-5,1,5,39.0,0.044891219920037584,0.7507575768814658
6320260319020008,防府競輪,8R,14:05,1-8,1,8,83.2,0.021002633342314003,0.7474190940805252
6320260319020003,防府競輪,3R,11:35,7-8,7,8,76.1,0.022915045621561016,0.7438349718007933
6320260319020011,防府競輪,11R,15:50,2-8,2,8,122.0,0.014209167102163373,0.7335183864639316
6320260319020004,防府競輪,4R,12:05,1-4,1,4,87.2,0.01987178601020678,0.7328197400900311
2320260319020002,取手競輪,2R,09:10,2-7,2,7,34.6,0.050032687957986655,0.7311310033463383
6320260319020006,防府競輪,6R,13:05,2-3,2,3,68.0,0.025402743594256625,0.7273865644094506
6320260319020005,防府競輪,5R,12:35,2-5,2,5,75.3,0.022919957079108898,0.7258727680568999
2320260319020002,取手競輪,2R,09:10,1-2,1,2,40.1,0.04296695606067432,0.7229749380330404
1320260319020004,いわき平競輪,4R,21:40,1-7,1,7,18.0,0.0952572200415691,0.7146299607482438
6320260319020001,防府競輪,1R,10:45,2-9,2,9,68.8,0.024902532904833824,0.713294263852567
8720260320010003,熊本競輪,3R,11:47,1-6,1,6,55.9,0.030648393676600078,0.7132452065219443
6320260319020009,防府競輪,9R,14:40,1-6,1,6,162.9,0.010513917272380966,0.7127171236708594
6320260319020003,防府競輪,3R,11:35,2-9,2,9,169.0,0.010106988614676404,0.7080810758803122
2220260320010006,前橋競輪,6R,17:54,3-5,3,5,35.6,0.047948288315199816,0.7069590640211136
6320260319020008,防府競輪,8R,14:05,6-8,6,8,229.7,0.007430723212021094,0.706837121801245
6320260319020005,防府競輪,5R,12:35,4-7,4,7,172.6,0.009878523501706704,0.7050331563945771
2320260319020002,取手競輪,2R,09:10,1-3,1,3,63.4,0.026888459087870742,0.704728306171005
6320260319020012,防府競輪,12R,16:30,4-6,4,6,296.4,0.005747753206972335,0.7036340505465999
1320260319020002,いわき平競輪,2R,21:00,3-6,3,6,44.5,0.03828244984401947,0.7035690180588663
1320260319020002,いわき平競輪,2R,21:00,2-6,2,6,33.3,0.05077460801148079,0.6907944467823102
6320260319020002,防府競輪,2R,11:10,4-5,4,5,120.5,0.013989071479596299,0.6856831132913541
1320260319020003,いわき平競輪,3R,21:20,1-7,1,7,34.5,0.04878862966239051,0.6832077233524727
8120260319020009,小倉競輪,9R,19:22,5-6,5,6,68.2,0.02464366319075921,0.6806978296097783
6320260319020007,防府競輪,7R,13:35,8-9,8,9,157.9,0.010621085535527878,0.6770694060598519
8720260320010012,熊本競輪,12R,16:10,5-6,5,6,46.0,0.036353031695883845,0.6722394580106568
2220260320010005,前橋競輪,5R,17:30,5-7,5,7,17.1,0.09767748870336168,0.670285056827485
6320260319020007,防府競輪,7R,13:35,7-8,7,8,96.4,0.01729476614093494,0.6672154559861283
2220260320010005,前橋競輪,5R,17:30,4-5,4,5,35.8,0.0465679743079286,0.6671334802238436
6320260319020006,防府競輪,6R,13:05,7-9,7,9,27.9,0.0597327439396962,0.6665435559175239
6320260319020002,防府競輪,2R,11:10,4-8,4,8,184.0,0.009050305586060865,0.665256227835199
6320260319020010,防府競輪,10R,15:15,2-8,2,8,106.9,0.015533769743113775,0.6605599855388626
2220260320010010,前橋競輪,10R,19:35,3-6,3,6,57.3,0.02895787287495783,0.6592861157350836
8420260319020005,武雄競輪,5R,22:10,2-6,2,6,16.0,0.10347453680944779,0.6555925889511647
6320260319020010,防府競輪,10R,15:15,1-3,1,3,103.4,0.01600863336870874,0.6552926903244836
6320260319020011,防府競輪,11R,15:50,5-6,5,6,291.4,0.005678855547166057,0.6548185064441889
8420260319020001,武雄競輪,1R,20:50,4-6,4,6,32.7,0.05031954582776203,0.6454491485678187
2320260319020003,取手競輪,3R,09:31,4-6,4,6,109.7,0.014952103851940513,0.6402457925578742
2220260320010003,前橋競輪,3R,16:42,1-7,1,7,32.9,0.04983593736130537,0.6396023391869468
8720260320010002,熊本競輪,2R,11:23,5-7,5,7,23.5,0.06973613456346181,0.6387991622413525
8420260319020008,武雄競輪,8R,23:10,2-5,2,5,30.7,0.05324978757927367,0.6347684786837016
6320260319020010,防府競輪,10R,15:15,1-5,1,5,46.9,0.034830836954177755,0.6335662531509367
2220260320010001,前橋競輪,1R,15:42,4-5,4,5,24.9,0.06547413029885449,0.6303058444414766
6320260319020010,防府競輪,10R,15:15,3-4,3,4,118.1,0.013786747749473137,0.6282149092127773
2220260320010012,前橋競輪,12R,20:30,3-7,3,7,27.6,0.058791725254813715,0.6226516170328587
2220260320010001,前橋競輪,1R,15:42,6-7,6,7,154.9,0.010465801806655888,0.6211526998509971
8720260320010005,熊本競輪,5R,12:42,1-4,1,4,26.2,0.06184077204517945,0.6202282275837017
2320260319020003,取手競輪,3R,09:31,4-5,4,5,36.2,0.04471620284133227,0.6187265428562283
8120260319020004,小倉競輪,4R,17:18,1-6,1,6,93.7,0.01716607582681241,0.6084613049723229
6320260319020010,防府競輪,10R,15:15,1-9,1,9,81.7,0.01968362183702872,0.6081519040852463
6320260319020003,防府競輪,3R,11:35,1-6,1,6,109.8,0.014639132173230823,0.6073767126207443
6320260319020003,防府競輪,3R,11:35,2-5,2,5,83.1,0.01933457786613205,0.6067034206755733
2220260320010005,前橋競輪,5R,17:30,1-6,1,6,68.6,0.023378788323650906,0.603784879002452
1320260319020009,いわき平競輪,9R,23:20,5-7,5,7,102.0,0.015721114714561425,0.6035537008852654
6320260319020005,防府競輪,5R,12:35,3-4,3,4,78.1,0.02051736992388036,0.6024065910550562
8420260319020003,武雄競輪,3R,21:30,1-5,1,5,19.5,0.08204679348420926,0.5999124729420806
8420260319020001,武雄競輪,1R,20:50,2-5,2,5,19.6,0.08154637655707503,0.5983089805186708
2220260320010009,前橋競輪,9R,19:09,1-6,1,6,59.3,0.026903014772600965,0.5953487760152372
6320260319020005,防府競輪,5R,12:35,1-6,1,6,73.0,0.021817120471312366,0.5926497944058027
8720260320010001,熊本競輪,1R,11:00,3-7,3,7,43.5,0.036610308246449466,0.5925484087205517
6320260319020004,防府競輪,4R,12:05,2-5,2,5,24.6,0.06472306821526973,0.5921874780956353
8420260319020009,武雄競輪,9R,23:30,4-5,4,5,76.5,0.02079842892368993,0.5910798126622796
8420260319020008,武雄競輪,8R,23:10,1-7,1,7,30.7,0.051718642590214414,0.5877623275195825
2220260320010005,前橋競輪,5R,17:30,2-6,2,6,54.9,0.02891393304098029,0.587374923949818
8420260319020004,武雄競輪,4R,21:50,4-5,4,5,45.7,0.034523814562380545,0.5777383255007911
6320260319020005,防府競輪,5R,12:35,2-3,2,3,40.8,0.03862879468626909,0.5760548231997789
8120260319020011,小倉競輪,11R,20:16,2-3,2,3,49.0,0.032155861498217364,0.5756372134126508
2320260319020001,取手競輪,1R,08:50,5-7,5,7,73.1,0.02155228719861675,0.5754721942188843
8120260319020003,小倉競輪,3R,16:54,3-6,3,6,143.2,0.01098803340149352,0.5734863830938719
6320260319020007,防府競輪,7R,13:35,6-7,6,7,124.4,0.01262326746610683,0.5703344727836899
6320260319020005,防府競輪,5R,12:35,1-2,1,2,24.3,0.06442659659097402,0.5655662971606688
6320260319020005,防府競輪,5R,12:35,4-6,4,6,177.4,0.0088176659480899,0.5642539391911483
6320260319020005,防府競輪,5R,12:35,1-4,1,4,41.7,0.037510171449934175,0.5641741494622552
8120260319020009,小倉競輪,9R,19:22,2-7,2,7,45.5,0.034359838300703,0.5633726426819865
8720260320010010,熊本競輪,10R,15:00,2-4,2,4,37.6,0.04153721532237753,0.5617992961213951
8720260320010009,熊本競輪,9R,14:33,4-5,4,5,32.0,0.04869995567754835,0.5583985816815471
6320260319020006,防府競輪,6R,13:05,7-8,7,8,54.8,0.028295312396164823,0.5505831193098323
6320260319020005,防府競輪,5R,12:35,8-9,8,9,56.6,0.027392148478932385,0.550395603907573
6320260319020002,防府競輪,2R,11:10,3-4,3,4,33.3,0.04655305423818293,0.5502167061314913
8120260319020004,小倉競輪,4R,17:18,1-4,1,4,27.9,0.055481358382677565,0.5479298988767041
2320260319020003,取手競輪,3R,09:31,6-7,6,7,24.2,0.06379014381400303,0.5437214802988732
2220260320010007,前橋競輪,7R,18:18,4-5,4,5,78.4,0.01963588028052543,0.5394530139931939
6320260319020006,防府競輪,6R,13:05,1-9,1,9,154.6,0.009957601174897045,0.5394451416390831
8120260319020007,小倉競輪,7R,18:30,4-6,4,6,29.2,0.052580320414045416,0.535345356090126
6320260319020010,防府競輪,10R,15:15,2-6,2,6,60.7,0.025251536114115007,0.532768242126781
8420260319020002,武雄競輪,2R,21:10,4-6,4,6,26.2,0.058456074165902205,0.5315491431466377
6320260319020006,防府競輪,6R,13:05,2-5,2,5,97.5,0.015702616896392792,0.5310051473982973
8120260319020004,小倉競輪,4R,17:18,4-6,4,6,312.6,0.00487739565384927,0.5246738813932821
1320260319020004,いわき平競輪,4R,21:40,2-5,2,5,36.0,0.04233976751392644,0.5242316305013519
8120260319020002,小倉競輪,2R,16:22,5-7,5,7,21.0,0.07256473711092715,0.5238594793294702
2320260319020005,取手競輪,5R,10:13,2-4,2,4,22.2,0.06851743301208098,0.5210870128681977
1320260319020009,いわき平競輪,9R,23:20,2-5,2,5,25.5,0.05963579693615227,0.5207128218718828
8120260319020009,小倉競輪,9R,19:22,2-3,2,3,45.5,0.03341676572358311,0.5204628404230316
6320260319020002,防府競輪,2R,11:10,1-9,1,9,102.4,0.014838529125273857,0.5194653824280431
8120260319020009,小倉競輪,9R,19:22,2-4,2,4,17.0,0.08931819592751805,0.5184093307678068
8720260320010010,熊本競輪,10R,15:00,3-4,3,4,21.3,0.07127845797721262,0.5182311549146288
2220260320010009,前橋競輪,9R,19:09,3-6,3,6,29.6,0.05114592854739032,0.5139194850027535
1320260319020006,いわき平競輪,6R,22:20,4-5,4,5,23.2,0.06510418708235967,0.5104171403107443
2220260320010008,前橋競輪,8R,18:43,2-6,2,6,53.7,0.02812059216276097,0.5100757991402642
2220260320010009,前橋競輪,9R,19:09,4-6,4,6,39.5,0.03822237014951772,0.5097836209059501
6320260319020005,防府競輪,5R,12:35,3-7,3,7,75.6,0.0198990559061529,0.5043686265051592
6320260319020009,防府競輪,9R,14:40,4-9,4,9,49.2,0.030570855914611398,0.5040861109988808
2320260319020005,取手競輪,5R,10:13,3-4,3,4,36.1,0.04165584619395053,0.5037760476016142
6320260319020009,防府競輪,9R,14:40,6-7,6,7,64.1,0.02342635481038007,0.5016293433453622
2220260320010010,前橋競輪,10R,19:35,2-6,2,6,50.1,0.029873631930493097,0.4966689597177043
8120260319020008,小倉競輪,8R,18:56,3-5,3,5,20.2,0.07393930446303074,0.4935739501532208
2220260320010010,前橋競輪,10R,19:35,1-7,1,7,21.1,0.07069400709855825,0.491643549779579
6320260319020012,防府競輪,12R,16:30,6-8,6,8,518.8,0.0028739978751582927,0.49103009763212224
6320260319020011,防府競輪,11R,15:50,3-8,3,8,84.1,0.017726375667068615,0.4907881936004703
2320260319020007,取手競輪,7R,10:55,5-7,5,7,33.0,0.045148297135405205,0.4898938054683717
1320260319020008,いわき平競輪,8R,23:00,5-6,5,6,42.0,0.035466816765012246,0.4896063041305143
6320260319020012,防府競輪,12R,16:30,4-5,4,5,87.0,0.017109371366035936,0.4885153088451264
6320260319020006,防府競輪,6R,13:05,1-3,1,3,83.1,0.01787563065482332,0.48546490741581794
6320260319020010,防府競輪,10R,15:15,5-8,5,8,98.1,0.01513417834216212,0.48466289536610385
6320260319020002,防府競輪,2R,11:10,8-9,8,9,139.0,0.010670347102876765,0.48317824729987024
6320260319020002,防府競輪,2R,11:10,1-8,1,8,136.2,0.010882963693876757,0.4822596551060141
1320260319020001,いわき平競輪,1R,20:40,3-6,3,6,40.2,0.036749264516315786,0.4773204335558947
6320260319020010,防府競輪,10R,15:15,3-8,3,8,214.8,0.006868648455049654,0.47538568814466564
8720260320010012,熊本競輪,12R,16:10,6-7,6,7,95.9,0.015369037742256147,0.4738907194823647
8120260319020010,小倉競輪,10R,19:48,1-4,1,4,61.8,0.023824511794773573,0.47235482891700675
6320260319020010,防府競輪,10R,15:15,3-5,3,5,56.1,0.02622158730587963,0.4710310478598474
8720260320010006,熊本競輪,6R,13:12,2-5,2,5,29.2,0.05036128587186131,0.4705495474583503
6320260319020006,防府競輪,6R,13:05,4-6,4,6,91.2,0.01610235604161316,0.46853487099512026
8420260319020005,武雄競輪,5R,22:10,2-4,2,4,24.0,0.061150334401153375,0.4676080256276811
8720260320010012,熊本競輪,12R,16:10,2-5,2,5,16.3,0.08990135290059421,0.4653920522796857
1320260319020003,いわき平競輪,3R,21:20,2-5,2,5,17.2,0.0851540444344322,0.4646495642722337
6320260319020012,防府競輪,12R,16:30,1-6,1,6,141.4,0.010337123379073887,0.4616692458010476
2220260320010002,前橋競輪,2R,16:16,3-4,3,4,26.9,0.05407688394226229,0.45466817804685555
2220260320010006,前橋競輪,6R,17:54,3-7,3,7,39.5,0.03679910895898526,0.4535648038799178
8720260320010002,熊本競輪,2R,11:23,2-3,2,3,21.8,0.06666032525414406,0.4531950905403406
8120260319020010,小倉競輪,10R,19:48,5-6,5,6,30.9,0.046979920373458994,0.45167953953988293
1320260319020005,いわき平競輪,5R,22:00,5-7,5,7,87.0,0.016530973267636372,0.4381946742843643
8720260320010009,熊本競輪,9R,14:33,5-7,5,7,30.2,0.04761444891118362,0.43795635711774517
8720260320010001,熊本競輪,1R,11:00,2-6,2,6,18.9,0.07603837677766989,0.4371253210979609
6320260319020006,防府競輪,6R,13:05,8-9,8,9,79.5,0.01805289414303705,0.43520508437144545
8120260319020001,小倉競輪,1R,15:57,3-5,3,5,29.9,0.04788965224248659,0.4319006020503491
6320260319020006,防府競輪,6R,13:05,5-7,5,7,22.7,0.06304946369593017,0.43122282589761496
2320260319020003,取手競輪,3R,09:31,2-3,2,3,46.4,0.030741030163331174,0.4263837995785664
6320260319020010,防府競輪,10R,15:15,4-8,4,8,190.2,0.007497745575097699,0.42607120838358226
6320260319020003,防府競輪,3R,11:35,1-4,1,4,86.8,0.016366021236548598,0.42057064333241834
2320260319020002,取手競輪,2R,09:10,1-4,1,4,61.4,0.02312557633903642,0.41991038721683616
6320260319020009,防府競輪,9R,14:40,5-9,5,9,136.1,0.010414012653371607,0.4173471221238756
8120260319020009,小倉競輪,9R,19:22,1-7,1,7,34.1,0.04155195176982916,0.4169215553511745
6320260319020007,防府競輪,7R,13:35,6-8,6,8,159.2,0.008895185516570526,0.41611353423802755
1320260319020009,いわき平競輪,9R,23:20,1-7,1,7,34.0,0.04164057029624642,0.4157793900723783
6320260319020003,防府競輪,3R,11:35,2-7,2,7,31.6,0.04480312329465449,0.41577869611108187
6320260319020007,防府競輪,7R,13:35,4-5,4,5,28.0,0.05055673935074703,0.415588701820917
8120260319020003,小倉競輪,3R,16:54,2-5,2,5,27.2,0.05203689181832413,0.41540345745841645
8120260319020009,小倉競輪,9R,19:22,1-2,1,2,22.7,0.06229521020201348,0.414101271585706
2220260320010001,前橋競輪,1R,15:42,1-7,1,7,178.1,0.007937334474304817,0.4136392698736877
8420260319020009,武雄競輪,9R,23:30,1-4,1,4,19.1,0.07400002227671051,0.41340042548517086
6320260319020012,防府競輪,12R,16:30,5-8,5,8,154.3,0.009134840577637348,0.40950590112944285
2220260320010002,前橋競輪,2R,16:16,4-7,4,7,29.5,0.04777628859957264,0.40940051368739283
8720260320010005,熊本競輪,5R,12:42,2-4,2,4,51.0,0.027564415080283046,0.4057851690944354
2320260319020004,取手競輪,4R,09:52,2-5,2,5,22.9,0.06134118903054402,0.40471322879945815
2320260319020004,取手競輪,4R,09:52,1-7,1,7,32.8,0.042795212104746974,0.40368295703570056
6320260319020004,防府競輪,4R,12:05,7-8,7,8,76.1,0.018419901324189417,0.4017544907708146
2220260320010002,前橋競輪,2R,16:16,5-7,5,7,18.3,0.0765415620233116,0.4007105850266022
6320260319020006,防府競輪,6R,13:05,6-8,6,8,136.5,0.010257226496191279,0.4001114167301094
6320260319020011,防府競輪,11R,15:50,2-9,2,9,34.0,0.041154407532977624,0.3992498561212392
2220260320010012,前橋競輪,12R,20:30,4-7,4,7,18.6,0.07514792623807878,0.39775142802826546
2220260320010009,前橋競輪,9R,19:09,2-6,2,6,59.3,0.023570094944913696,0.39770663023338204
2220260320010010,前橋競輪,10R,19:35,1-6,1,6,66.8,0.020881568221853893,0.39488875721984007
2320260319020003,取手競輪,3R,09:31,2-5,2,5,17.5,0.07970477540210882,0.3948335695369045
2320260319020003,取手競輪,3R,09:31,3-6,3,6,86.2,0.016080911596611534,0.38617457962791435
8420260319020009,武雄競輪,9R,23:30,3-6,3,6,38.2,0.03615411005740045,0.38108700419269725
2220260320010006,前橋競輪,6R,17:54,1-3,1,3,23.7,0.05821502256891334,0.3796960348832461
8720260320010005,熊本競輪,5R,12:42,6-7,6,7,45.7,0.030154655751748707,0.378067767854916
2320260319020004,取手競輪,4R,09:52,2-7,2,7,49.9,0.027555776156023268,0.375033230185561
8120260319020009,小倉競輪,9R,19:22,1-3,1,3,34.1,0.04025390243192979,0.37265807292880604
8420260319020001,武雄競輪,1R,20:50,4-5,4,5,32.7,0.04178180581089141,0.36626505001614906
6320260319020005,防府競輪,5R,12:35,7-8,7,8,158.2,0.00863413400636386,0.3659199998067626
8720260320010001,熊本競輪,1R,11:00,1-4,1,4,38.8,0.03518987337104712,0.3653670867966281
8720260320010009,熊本競輪,9R,14:33,1-5,1,5,50.7,0.026850680499419445,0.36132950132056596
2220260320010004,前橋競輪,4R,17:06,2-6,2,6,46.3,0.029349834336068685,0.35889732975998
2320260319020007,取手競輪,7R,10:55,4-7,4,7,28.2,0.048149141609288806,0.3578057933819443
8420260319020006,武雄競輪,6R,22:30,4-6,4,6,27.7,0.04884887835954951,0.3531139305595212
8420260319020008,武雄競輪,8R,23:10,2-6,2,6,30.7,0.043891896372464656,0.34748121863466497
8720260320010006,熊本競輪,6R,13:12,2-7,2,7,21.8,0.06178904226476657,0.3470011213719113
2220260320010004,前橋競輪,4R,17:06,2-5,2,5,75.2,0.01787148532175191,0.3439356961957436
1320260319020005,いわき平競輪,5R,22:00,2-7,2,7,87.0,0.015420388030882005,0.34157375868673445
2220260320010008,前橋競輪,8R,18:43,3-6,3,6,53.7,0.02496504155856584,0.3406227316949857
2220260320010011,前橋競輪,11R,20:02,3-6,3,6,58.0,0.023102250506959604,0.339930529403657
6320260319020005,防府競輪,5R,12:35,3-9,3,9,22.2,0.06021139786522377,0.33669303260796757
6320260319020001,防府競輪,1R,10:45,3-7,3,7,25.7,0.051964743290637244,0.33549390256937706
6320260319020003,防府競輪,3R,11:35,3-4,3,4,25.0,0.05335963307621255,0.33399082690531356
6320260319020001,防府競輪,1R,10:45,5-8,5,8,78.4,0.017005895887108036,0.3332622375492702
6320260319020004,防府競輪,4R,12:05,2-4,2,4,22.9,0.058172907645185415,0.33215958507474586
2220260320010006,前橋競輪,6R,17:54,2-3,2,3,23.7,0.05614498737032081,0.33063620067660304
8120260319020008,小倉競輪,8R,18:56,4-6,4,6,30.3,0.04386685753454316,0.3291657832966579
8420260319020009,武雄競輪,9R,23:30,1-5,1,5,25.5,0.05210661200477553,0.32871860612177595
8720260320010003,熊本競輪,3R,11:47,3-5,3,5,28.8,0.04613038618262577,0.32855512205962234
8420260319020006,武雄競輪,6R,22:30,3-4,3,4,27.7,0.04784673726006358,0.3253546221037611
8720260320010001,熊本競輪,1R,11:00,1-3,1,3,20.6,0.06425072623171377,0.32356496037330373
2220260320010007,前橋競輪,7R,18:18,6-7,6,7,49.0,0.02699797977420599,0.3229010089360935
8420260319020003,武雄競輪,3R,21:30,2-7,2,7,39.0,0.033778420413952695,0.31735839614415506
8720260320010005,熊本競輪,5R,12:42,4-5,4,5,38.9,0.03381112486693316,0.31525275732370006
6320260319020001,防府競輪,1R,10:45,3-9,3,9,95.7,0.01373915555113096,0.31483718624323287
2320260319020003,取手競輪,3R,09:31,1-7,1,7,17.7,0.07427345556499299,0.3146401635003757
8120260319020002,小倉競輪,2R,16:22,2-6,2,6,46.8,0.027896340290208245,0.30554872558174573
6320260319020008,防府競輪,8R,14:05,2-3,2,3,68.3,0.019061907415644064,0.3019282764884894
8120260319020006,小倉競輪,6R,18:06,2-3,2,3,26.7,0.048655552107445925,0.29910324126880616
2220260320010003,前橋競輪,3R,16:42,2-3,2,3,42.8,0.030329151789414796,0.2980876965869532
8420260319020005,武雄競輪,5R,22:10,1-4,1,4,24.0,0.05399419092554085,0.2958605822129803
6320260319020003,防府競輪,3R,11:35,2-6,2,6,58.7,0.022009598535963626,0.29196343406106484
8120260319020008,小倉競輪,8R,18:56,2-4,2,4,24.3,0.05306939219860866,0.28958623042619047
1320260319020008,いわき平競輪,8R,23:00,2-3,2,3,21.0,0.06133918134965445,0.2881228083427434
8120260319020010,小倉競輪,10R,19:48,6-7,6,7,30.9,0.0414784815058124,0.28168507852960323
6320260319020003,防府競輪,3R,11:35,6-8,6,8,149.3,0.008562414679887585,0.27836851170721655
2320260319020005,取手競輪,5R,10:13,3-5,3,5,16.7,0.07611912779270755,0.27118943413821595
2220260320010011,前橋競輪,11R,20:02,2-3,2,3,36.9,0.034441311766619145,0.27088440418824633
8720260320010008,熊本競輪,8R,14:10,1-4,1,4,57.8,0.02186291974120892,0.26367676104187554
1320260319020005,いわき平競輪,5R,22:00,1-7,1,7,87.0,0.014496982271003826,0.26123745757733285
8120260319020001,小倉競輪,1R,15:57,2-3,2,3,23.7,0.05318448356199168,0.2604722604192027
6320260319020012,防府競輪,12R,16:30,6-7,6,7,278.7,0.004521090473420941,0.26002791494241606
6320260319020006,防府競輪,6R,13:05,2-4,2,4,122.1,0.01028006591495444,0.255196048215937
2220260320010006,前橋競輪,6R,17:54,1-4,1,4,29.6,0.04232917352210458,0.25294353625429555
8720260320010009,熊本競輪,9R,14:33,2-7,2,7,23.6,0.053036482319078995,0.25166098273026427
1320260319020004,いわき平競輪,4R,21:40,4-7,4,7,36.0,0.03459597543785458,0.2454551157627649
8120260319020005,小倉競輪,5R,17:42,4-7,4,7,18.1,0.06868548421958254,0.24320726437444407
8420260319020005,武雄競輪,5R,22:10,1-5,1,5,24.0,0.05179199514665164,0.24300788351963942
8420260319020003,武雄競輪,3R,21:30,5-7,5,7,39.0,0.03186201455726873,0.24261856773348045
6320260319020011,防府競輪,11R,15:50,1-6,1,6,46.8,0.026513924571713622,0.24085166995619733
8420260319020001,武雄競輪,1R,20:50,2-3,2,3,14.0,0.08852240507416184,0.23931367103826573
8720260320010005,熊本競輪,5R,12:42,2-5,2,5,34.9,0.035477073838104764,0.23814987694985623
6320260319020011,防府競輪,11R,15:50,3-7,3,7,29.3,0.04219549037546171,0.23632786800102812
8720260320010010,熊本競輪,10R,15:00,3-7,3,7,35.7,0.03454038766882667,0.23309183977711223
8720260320010012,熊本競輪,12R,16:10,4-5,4,5,26.1,0.04691704162721257,0.22453478647024827
2320260319020003,取手競輪,3R,09:31,1-2,1,2,24.4,0.05015349768846658,0.22374534359858456
1320260319020005,いわき平競輪,5R,22:00,1-6,1,6,29.0,0.04207410869630199,0.22014915219275766
8720260320010009,熊本競輪,9R,14:33,2-4,2,4,22.0,0.05535181399368271,0.2177399078610196
8420260319020008,武雄競輪,8R,23:10,3-4,3,4,30.7,0.03950015473631554,0.21265475040488702
8420260319020002,武雄競輪,2R,21:10,4-5,4,5,26.2,0.04623828417836297,0.21144304547310977
8120260319020003,小倉競輪,3R,16:54,3-7,3,7,26.8,0.04519445174375299,0.21121130673258026
8720260320010008,熊本競輪,8R,14:10,1-5,1,5,23.1,0.05243143809193962,0.21116621992380535
8420260319020005,武雄競輪,5R,22:10,4-6,4,6,24.0,0.050456941419086375,0.21096659405807294
6320260319020004,防府競輪,4R,12:05,4-7,4,7,36.0,0.033602991426010115,0.20970769133636402
8720260320010012,熊本競輪,12R,16:10,5-7,5,7,42.2,0.028647114739634574,0.20890824201257918
6320260319020012,防府競輪,12R,16:30,1-3,1,3,13.8,0.08758756606874563,0.2087084117486897
6320260319020011,防府競輪,11R,15:50,6-8,6,8,195.3,0.006184168053707802,0.20776802088913393
2220260320010006,前橋競輪,6R,17:54,3-4,3,4,59.3,0.02029912313327478,0.20373800180319424
6320260319020011,防府競輪,11R,15:50,1-8,1,8,35.9,0.033472987170311615,0.201680239414187
8720260320010009,熊本競輪,9R,14:33,1-6,1,6,63.3,0.018955987338394736,0.19991399852038683
8120260319020006,小倉競輪,6R,18:06,4-6,4,6,22.0,0.054313309662826714,0.1948928125821876
6320260319020007,防府競輪,7R,13:35,2-8,2,8,45.6,0.02617157811203042,0.19342396190858713
8120260319020003,小倉競輪,3R,16:54,4-5,4,5,15.9,0.07460684172706342,0.18624878346030838
8720260320010009,熊本競輪,9R,14:33,1-3,1,3,19.3,0.06143248664705733,0.18564699228820647
6320260319020009,防府競輪,9R,14:40,7-9,7,9,19.0,0.06237596043369254,0.18514324824015826
2220260320010007,前橋競輪,7R,18:18,2-4,2,4,20.6,0.05740996231375986,0.18264522366345326
8120260319020005,小倉競輪,5R,17:42,4-5,4,5,18.8,0.06287386023503383,0.18202857241863613
6320260319020008,防府競輪,8R,14:05,3-7,3,7,115.5,0.01023338665228034,0.1819561583383793
6320260319020002,防府競輪,2R,11:10,2-7,2,7,32.9,0.03586594430142183,0.1799895675167782
6320260319020006,防府競輪,6R,13:05,2-8,2,8,179.9,0.006558676477978242,0.17990589838828575
6320260319020006,防府競輪,6R,13:05,1-6,1,6,210.5,0.005594721116564267,0.17768879503677826
6320260319020012,防府競輪,12R,16:30,2-6,2,6,171.3,0.006861561856203633,0.1753855459676823
2220260320010007,前橋競輪,7R,18:18,3-5,3,5,35.6,0.03299413491264644,0.17459120289021324
1320260319020002,いわき平競輪,2R,21:00,1-5,1,5,19.0,0.06171127234917617,0.17251417463434726
2220260320010008,前橋競輪,8R,18:43,5-7,5,7,32.2,0.03640589904530142,0.17226994925870587
1320260319020003,いわき平競輪,3R,21:20,1-5,1,5,17.2,0.06796010987232969,0.16891388980407052
6320260319020008,防府競輪,8R,14:05,7-9,7,9,22.8,0.051209192192365305,0.16756958198592908
8120260319020002,小倉競輪,2R,16:22,3-4,3,4,41.5,0.028106763836573123,0.16643069921778464
6320260319020009,防府競輪,9R,14:40,5-6,5,6,302.5,0.003843123198909582,0.16254476767014858
6320260319020010,防府競輪,10R,15:15,2-7,2,7,15.4,0.07536929893774856,0.16068720364132782
8720260320010005,熊本競輪,5R,12:42,4-7,4,7,33.9,0.03415194951221502,0.15775108846408914
8720260320010001,熊本競輪,1R,11:00,1-2,1,2,17.5,0.06606962620296349,0.1562184585518609
2320260319020005,取手競輪,5R,10:13,3-7,3,7,32.5,0.03549357142032074,0.15354107116042393
8720260320010003,熊本競輪,3R,11:47,2-7,2,7,12.5,0.09223815767199794,0.15297697089997442
8720260320010012,熊本競輪,12R,16:10,1-6,1,6,30.8,0.03740233830433949,0.1519920197736564
8720260320010009,熊本競輪,9R,14:33,1-2,1,2,34.7,0.03311693322271102,0.14915758282807245
1320260319020009,いわき平競輪,9R,23:20,3-6,3,6,34.0,0.0336766226757996,0.14500517097718646
1320260319020004,いわき平競輪,4R,21:40,1-2,1,2,12.0,0.09538663137156743,0.1446395764588091
8720260320010003,熊本競輪,3R,11:47,2-5,2,5,18.3,0.06239484656544464,0.14182569214763685
8120260319020010,小倉競輪,10R,19:48,3-7,3,7,30.9,0.03693958611085908,0.1414332108255456
6320260319020006,防府競輪,6R,13:05,4-9,4,9,40.3,0.028273373160556448,0.13941693837042468
6320260319020004,防府競輪,4R,12:05,7-9,7,9,33.7,0.03370759527958199,0.13594596092191313
6320260319020001,防府競輪,1R,10:45,6-7,6,7,49.0,0.023177458685300786,0.1356954755797386
2220260320010005,前橋競輪,5R,17:30,3-7,3,7,18.7,0.060706000569734984,0.13520221065404425
8120260319020001,小倉競輪,1R,15:57,4-7,4,7,28.0,0.04052100575995806,0.13458816127882578
8420260319020001,武雄競輪,1R,20:50,3-5,3,5,32.7,0.034690781854403774,0.13438856663900345
2220260320010012,前橋競輪,12R,20:30,3-6,3,6,45.0,0.025198064054581075,0.1339128824561484
6320260319020010,防府競輪,10R,15:15,3-9,3,9,75.9,0.01492964233728684,0.1331598534000713
6320260319020009,防府競輪,9R,14:40,4-6,4,6,99.2,0.011396651526583305,0.13054783143706383
6320260319020009,防府競輪,9R,14:40,6-9,6,9,76.5,0.014755835458063193,0.12882141254183432
6320260319020005,防府競輪,5R,12:35,2-8,2,8,64.8,0.017358941213682703,0.12485939064663909
2220260320010010,前橋競輪,10R,19:35,3-4,3,4,33.4,0.03363067627564737,0.12326458760662207
8720260320010011,熊本競輪,11R,15:35,1-2,1,2,22.6,0.04967143267099857,0.12257437836456786
1320260319020007,いわき平競輪,7R,22:40,2-6,2,6,23.2,0.048256114144410556,0.11954184815032476
6320260319020007,防府競輪,7R,13:35,1-8,1,8,104.7,0.01068201674699538,0.1184071534104163
2220260320010005,前橋競輪,5R,17:30,1-7,1,7,14.2,0.07875960752519198,0.11838642685772616
8720260320010004,熊本競輪,4R,12:12,2-5,2,5,13.3,0.08404974162779323,0.11786156364965006
2220260320010005,前橋競輪,5R,17:30,2-5,2,5,17.1,0.0653609975882915,0.11767305875978473
6320260319020007,防府競輪,7R,13:35,1-6,1,6,105.8,0.010563089162663125,0.1175748334097586
8420260319020009,武雄競輪,9R,23:30,1-7,1,7,15.3,0.07298354610284337,0.11664825537350354
6320260319020007,防府競輪,7R,13:35,3-7,3,7,31.7,0.03515663247847103,0.11446524956753157
8720260320010010,熊本競輪,10R,15:00,4-7,4,7,24.0,0.046418031075307294,0.1140327458073751
2220260320010003,前橋競輪,3R,16:42,2-5,2,5,24.5,0.04545088287993666,0.11354663055844827
2220260320010002,前橋競輪,2R,16:16,1-3,1,3,21.9,0.0507740632278964,0.11195198469093093
2220260320010005,前橋競輪,5R,17:30,3-4,3,4,41.2,0.026928832147330023,0.109467884469997
2220260320010004,前橋競輪,4R,17:06,2-7,2,7,61.7,0.017963992133618975,0.10837831464429071
6320260319020002,防府競輪,2R,11:10,1-7,1,7,61.9,0.017885046467368375,0.10708437633010237
8720260320010002,熊本競輪,2R,11:23,1-4,1,4,65.0,0.017031191645971576,0.10702745698815241
6320260319020001,防府競輪,1R,10:45,3-5,3,5,32.4,0.034146202679185965,0.10633696680562532
8120260319020007,小倉競輪,7R,18:30,1-3,1,3,19.5,0.05646852678141714,0.1011362722376341
6320260319020011,防府競輪,11R,15:50,3-9,3,9,23.1,0.04762760209697654,0.10019760844015813
8720260320010010,熊本競輪,10R,15:00,3-5,3,5,27.2,0.04044047027018427,0.09998079134901205
1320260319020003,いわき平競輪,3R,21:20,4-5,4,5,34.5,0.031863856214639386,0.09930303940505869
6320260319020001,防府競輪,1R,10:45,7-8,7,8,47.5,0.02311825025332502,0.09811688703293853
2320260319020002,取手競輪,2R,09:10,2-3,2,3,49.7,0.022052745970309092,0.09602147472436195
8720260320010005,熊本競輪,5R,12:42,5-7,5,7,26.5,0.04130446050469075,0.09456820337430494
6320260319020012,防府競輪,12R,16:30,2-7,2,7,69.9,0.015643792411392715,0.09350108955635084
2220260320010003,前橋競輪,3R,16:42,1-3,1,3,17.5,0.06247933508485769,0.09338836398500949
2220260320010003,前橋競輪,3R,16:42,2-7,2,7,57.5,0.019009238366312242,0.0930312060629539
2220260320010005,前橋競輪,5R,17:30,1-3,1,3,31.7,0.03445759922024096,0.09230589528163846
8720260320010010,熊本競輪,10R,15:00,2-3,2,3,32.6,0.03350104568696835,0.09213408939516832
2220260320010010,前橋競輪,10R,19:35,2-5,2,5,22.2,0.04903799354361254,0.0886434566681984
1320260319020007,いわき平競輪,7R,22:40,3-7,3,7,46.5,0.023410711500360063,0.08859808476674291
2220260320010004,前橋競輪,4R,17:06,1-5,1,5,18.5,0.05882190944121959,0.08820532466256226
6320260319020008,防府競輪,8R,14:05,1-6,1,6,79.7,0.013648542171482845,0.08778881106718273
6320260319020002,防府競輪,2R,11:10,2-6,2,6,26.6,0.040806428160049285,0.08545098905731097
6320260319020006,防府競輪,6R,13:05,5-9,5,9,25.7,0.04184393613153055,0.07538915858033501
8120260319020008,小倉競輪,8R,18:56,4-5,4,5,20.2,0.053197878903730546,0.07459715385535692
6320260319020003,防府競輪,3R,11:35,3-6,3,6,30.8,0.03488735464520195,0.07453052307221997
6320260319020008,防府競輪,8R,14:05,3-5,3,5,72.4,0.014841435974651575,0.07451996456477405
6320260319020002,防府競輪,2R,11:10,1-5,1,5,67.1,0.01600854073188475,0.07417308310946646
2220260320010002,前橋競輪,2R,16:16,4-5,4,5,13.6,0.0788692859983475,0.07262228957752592
6320260319020007,防府競輪,7R,13:35,2-5,2,5,13.3,0.08056731070242418,0.07154523234224164
1320260319020002,いわき平競輪,2R,21:00,4-6,4,6,44.5,0.024040763551061262,0.06981397802222622
8120260319020007,小倉競輪,7R,18:30,1-7,1,7,39.0,0.02736595718600802,0.06727233025431278
6320260319020012,防府競輪,12R,16:30,3-9,3,9,10.1,0.10561495430638776,0.06671103849451643
6320260319020007,防府競輪,7R,13:35,4-6,4,6,90.0,0.011847977045674855,0.06631793411073694
8720260320010004,熊本競輪,4R,12:12,2-3,2,3,9.5,0.11216376362012107,0.06555575439115002
6320260319020006,防府競輪,6R,13:05,1-4,1,4,159.6,0.006676010257446443,0.06549123708845217
6320260319020006,防府競輪,6R,13:05,1-8,1,8,250.5,0.004252835841230376,0.06533537822820912
6320260319020005,防府競輪,5R,12:35,4-8,4,8,117.9,0.009004953591736153,0.06168402846569254
6320260319020006,防府競輪,6R,13:05,5-8,5,8,54.3,0.01952695697204441,0.06031376358201124
6320260319020005,防府競輪,5R,12:35,6-8,6,8,180.8,0.005859276791677923,0.05935724393536845
8120260319020007,小倉競輪,7R,18:30,2-7,2,7,39.0,0.02711642387703959,0.057540531204544054
8120260319020008,小倉競輪,8R,18:56,1-2,1,2,30.3,0.03486639743106674,0.05645184216132226
6320260319020005,防府競輪,5R,12:35,3-5,3,5,58.2,0.018119369357985138,0.05454729663473512
6320260319020001,防府競輪,1R,10:45,1-4,1,4,39.9,0.026426758945556753,0.0544276819277143
6320260319020010,防府競輪,10R,15:15,8-9,8,9,123.9,0.008493572228120035,0.05235359906407244
6320260319020006,防府競輪,6R,13:05,1-2,1,2,291.1,0.003603987807345431,0.049120850718255005
8120260319020011,小倉競輪,11R,20:16,4-5,4,5,11.3,0.09266084300325526,0.04706752593678454
2220260320010008,前橋競輪,8R,18:43,3-7,3,7,24.8,0.04220531143479708,0.04669172358296758
2320260319020003,取手競輪,3R,09:31,2-6,2,6,25.8,0.040471891851734575,0.04417480977475208
2220260320010002,前橋競輪,2R,16:16,3-7,3,7,20.1,0.05177336840152269,0.04064470487060623
2220260320010011,前橋競輪,11R,20:02,5-7,5,7,14.0,0.07428882027407285,0.040043483837020055
8720260320010012,熊本競輪,12R,16:10,4-6,4,6,38.1,0.027262998324936297,0.03872023618007292
8120260319020001,小倉競輪,1R,15:57,3-7,3,7,46.5,0.022335148273657367,0.03858439472506747
2220260320010001,前橋競輪,1R,15:42,3-4,3,4,11.3,0.0918922006048041,0.03838186683428635
8120260319020011,小倉競輪,11R,20:16,2-4,2,4,8.6,0.12069054638450404,0.037938698906734736
6320260319020008,防府競輪,8R,14:05,2-7,2,7,27.9,0.03710844608397469,0.035325645742893874
8120260319020009,小倉競輪,9R,19:22,5-7,5,7,27.3,0.0378497733334162,0.03329881200226237
8720260320010008,熊本競輪,8R,14:10,1-2,1,2,16.2,0.06377767710378737,0.03319836908135532
6320260319020008,防府競輪,8R,14:05,3-8,3,8,127.1,0.008119973397988721,0.032048618884366276
2220260320010011,前橋競輪,11R,20:02,2-6,2,6,58.0,0.017780168614338263,0.031249779631619345
8720260320010005,熊本競輪,5R,12:42,3-5,3,5,16.0,0.06436023842350416,0.0297638147760666
2220260320010009,前橋競輪,9R,19:09,2-4,2,4,19.7,0.05215506663433959,0.02745481269648975
8120260319020009,小倉競輪,9R,19:22,6-7,6,7,68.2,0.015029696423202099,0.02502529606238313
8420260319020004,武雄競輪,4R,21:50,5-6,5,6,22.8,0.04479110362691694,0.021237162693706235
2220260320010005,前橋競輪,5R,17:30,2-3,2,3,25.7,0.03971452628435257,0.020663325507860986
8120260319020008,小倉競輪,8R,18:56,2-6,2,6,40.5,0.025183910418773426,0.01994837196032373
8120260319020011,小倉競輪,11R,20:16,2-6,2,6,29.4,0.03461859972593253,0.01778683194241637
8120260319020004,小倉競輪,4R,17:18,5-6,5,6,44.6,0.02279540041120164,0.016674858339593035
6320260319020008,防府競輪,8R,14:05,1-3,1,3,74.7,0.013606871200049234,0.01643327864367783
8120260319020004,小倉競輪,4R,17:18,1-2,1,2,72.1,0.014023741374966162,0.011111753135060187
8420260319020009,武雄競輪,9R,23:30,2-7,2,7,19.1,0.05290115490639646,0.010412058712172323
6320260319020004,防府競輪,4R,12:05,1-2,1,2,14.2,0.07102741110542676,0.008589237697059993
8420260319020005,武雄競輪,5R,22:10,1-3,1,3,12.0,0.08392648242190315,0.007117789062837776
2220260320010007,前橋競輪,7R,18:18,1-3,1,3,17.0,0.05919747406002239,0.006357059020380529
6320260319020008,防府競輪,8R,14:05,3-6,3,6,205.0,0.004905873402173211,0.005704047445508342
6320260319020005,防府競輪,5R,12:35,1-3,1,3,19.2,0.05231697904328108,0.004485997630996774
8120260319020005,小倉競輪,5R,17:42,5-7,5,7,20.5,0.048933411604129756,0.003134937884659905
1320260319020006,いわき平競輪,6R,22:20,3-6,3,6,46.5,0.021571331273289446,0.003066904207959187
1320260319020005,いわき平競輪,5R,22:00,3-7,3,7,87.0,0.01151722370015249,0.0019984619132666914
2220260320010008,前橋競輪,8R,18:43,1-3,1,3,11.9,0.084045365046207,0.00013984404986322474
6320260319020010,防府競輪,10R,15:15,2-4,2,4,34.1,0.029304627970978072,-0.0007121861896477455
2320260319020004,取手競輪,4R,09:52,1-2,1,2,17.1,0.05841824729480609,-0.0010479712588158385
2220260320010005,前橋競輪,5R,17:30,3-5,3,5,22.2,0.044942633723075165,-0.002273531347731339
2220260320010011,前橋競輪,11R,20:02,4-5,4,5,20.3,0.04911733148853453,-0.002918170782748919
2320260319020005,取手競輪,5R,10:13,1-4,1,4,39.4,0.025269302826682462,-0.004389468628711035
1320260319020008,いわき平競輪,8R,23:00,1-5,1,5,14.0,0.0708793419176842,-0.007689213152421104
8720260320010011,熊本競輪,11R,15:35,2-4,2,4,24.6,0.04028390618879802,-0.009015907755568597
8720260320010002,熊本競輪,2R,11:23,4-7,4,7,55.1,0.017979988919597522,-0.009302610530176558
2220260320010011,前橋競輪,11R,20:02,3-4,3,4,20.3,0.04860955633384562,-0.013226006422933811
8120260319020010,小倉競輪,10R,19:48,1-5,1,5,17.6,0.055929277759307124,-0.015644711436194503
6320260319020011,防府競輪,11R,15:50,2-3,2,3,27.4,0.035918013208374594,-0.015846438090536208
6320260319020002,防府競輪,2R,11:10,1-3,1,3,16.4,0.05994544588334839,-0.016894687513086537
8120260319020009,小倉競輪,9R,19:22,3-4,3,4,17.0,0.05777111269781484,-0.017891084137147684
1320260319020009,いわき平競輪,9R,23:20,2-3,2,3,14.5,0.06773051082929529,-0.017907592975218267
2220260320010001,前橋競輪,1R,15:42,2-5,2,5,13.2,0.07432580576646296,-0.01889936388268898
2220260320010001,前橋競輪,1R,15:42,1-3,1,3,17.1,0.05711323292876349,-0.023363716918144206
6320260319020007,防府競輪,7R,13:35,2-6,2,6,51.7,0.018810381203165215,-0.027503291796358353
1320260319020008,いわき平競輪,8R,23:00,1-6,1,6,14.0,0.06933729489745638,-0.02927787143561067
2220260320010002,前橋競輪,2R,16:16,1-7,1,7,21.6,0.04486294998406319,-0.030960280344235036
6320260319020003,防府競輪,3R,11:35,3-7,3,7,10.0,0.09685603170875765,-0.031439682912423494
8420260319020006,武雄競輪,6R,22:30,3-5,3,5,27.7,0.03491272613313921,-0.032917486112043814
8720260320010011,熊本競輪,11R,15:35,2-5,2,5,53.4,0.018053083237030178,-0.035965355142588584
8720260320010001,熊本競輪,1R,11:00,1-5,1,5,24.0,0.03985120800929452,-0.04357100777693146
1320260319020002,いわき平競輪,2R,21:00,1-6,1,6,16.6,0.05738913012038071,-0.04734044000168014
2220260320010012,前橋競輪,12R,20:30,1-4,1,4,20.3,0.04683906274733625,-0.049167026229074096
1320260319020007,いわき平競輪,7R,22:40,1-2,1,2,11.6,0.08192458832003043,-0.049674775487647094
2220260320010010,前橋競輪,10R,19:35,1-3,1,3,30.8,0.030800897012950773,-0.05133237200111618
6320260319020009,防府競輪,9R,14:40,2-3,2,3,18.2,0.052056845768117185,-0.05256540702026724
8720260320010001,熊本競輪,1R,11:00,2-7,2,7,24.0,0.039418671514478434,-0.053951883652517574
6320260319020001,防府競輪,1R,10:45,6-9,6,9,121.5,0.0077713647919284866,-0.05577917778068886
2220260320010001,前橋競輪,1R,15:42,4-7,4,7,43.9,0.021501831000288667,-0.05606961908732755
6320260319020002,防府競輪,2R,11:10,2-5,2,5,27.1,0.03477194110771336,-0.05768039598096786
8420260319020005,武雄競輪,5R,22:10,3-6,3,6,12.0,0.0784918733068912,-0.05809752031730564
6320260319020005,防府競輪,5R,12:35,3-8,3,8,67.8,0.013872313758910182,-0.05945712714588969
1320260319020006,いわき平競輪,6R,22:20,1-7,1,7,15.5,0.060496217390761664,-0.062308630443194235
1320260319020007,いわき平競輪,7R,22:40,1-5,1,5,11.6,0.08079679913366752,-0.06275713004945671
2220260320010006,前橋競輪,6R,17:54,2-5,2,5,12.2,0.0762731339509243,-0.06946776579872349
8720260320010012,熊本競輪,12R,16:10,1-2,1,2,10.7,0.08696294323188969,-0.06949650741878044
8120260319020002,小倉競輪,2R,16:22,1-7,1,7,18.5,0.050276198183308515,-0.06989033360879249
6320260319020006,防府競輪,6R,13:05,3-7,3,7,9.4,0.09885051822960834,-0.07080512864168154
2320260319020002,取手競輪,2R,09:10,4-7,4,7,33.8,0.02748841150002783,-0.07089169129905948
1320260319020008,いわき平競輪,8R,23:00,1-7,1,7,14.0,0.06635538109858721,-0.07102466461977897
1320260319020002,いわき平競輪,2R,21:00,2-3,2,3,12.1,0.07670060978607565,-0.07192262158848461
2220260320010003,前橋競輪,3R,16:42,3-4,3,4,23.4,0.0396404288745779,-0.07241396433487712
6320260319020001,防府競輪,1R,10:45,3-6,3,6,111.5,0.008316076879183783,-0.07275742797100815
8720260320010002,熊本競輪,2R,11:23,1-2,1,2,21.7,0.04241449535869113,-0.07960545071640257
6320260319020008,防府競輪,8R,14:05,5-9,5,9,13.7,0.0671657913991004,-0.07982865783232462
2320260319020001,取手競輪,1R,08:50,1-2,1,2,11.2,0.08213351985112465,-0.08010457766740409
8120260319020010,小倉競輪,10R,19:48,1-2,1,2,24.7,0.03722938055835802,-0.08043430020855691
2220260320010005,前橋競輪,5R,17:30,1-4,1,4,28.4,0.03218014843948631,-0.08608378431858887
6320260319020001,防府競輪,1R,10:45,5-9,5,9,30.5,0.0299493633861359,-0.08654441672285507
2220260320010004,前橋競輪,4R,17:06,2-3,2,3,21.2,0.043031992317730035,-0.08772176286412325
8120260319020002,小倉競輪,2R,16:22,5-6,5,6,11.3,0.08041989502695654,-0.09125518619539108
8120260319020001,小倉競輪,1R,15:57,1-6,1,6,22.6,0.04019990767733861,-0.0914820864921474
8120260319020011,小倉競輪,11R,20:16,2-7,2,7,13.3,0.06813198488881567,-0.09384460097875158
8120260319020009,小倉競輪,9R,19:22,4-7,4,7,15.1,0.05991235790952082,-0.0953233955662357
8720260320010009,熊本競輪,9R,14:33,1-4,1,4,15.9,0.05689685495533253,-0.09534000621021277
2220260320010008,前橋競輪,8R,18:43,1-5,1,5,12.9,0.07010371366160721,-0.09566209376526691
6320260319020001,防府競輪,1R,10:45,2-4,2,4,32.5,0.027766518925801183,-0.09758813491146157
6320260319020004,防府競輪,4R,12:05,8-9,8,9,71.5,0.01258613713611446,-0.10009119476781603
1320260319020006,いわき平競輪,6R,22:20,1-5,1,5,9.3,0.09639117597839852,-0.10356206340089369
8720260320010004,熊本競輪,4R,12:12,1-7,1,7,121.0,0.0073924895799475174,-0.10550876082635041
1320260319020007,いわき平競輪,7R,22:40,1-6,1,6,15.5,0.05760333853046687,-0.10714825277776352
2220260320010007,前橋競輪,7R,18:18,1-5,1,5,15.6,0.05708621366605899,-0.1094550668094798
8420260319020002,武雄競輪,2R,21:10,1-3,1,3,13.1,0.06792186464884067,-0.11022357310018716
6320260319020007,防府競輪,7R,13:35,3-4,3,4,27.4,0.03230097608180427,-0.11495325535856316
8120260319020008,小倉競輪,8R,18:56,2-3,2,3,12.1,0.07286128626226643,-0.11837843622657629
2320260319020004,取手競輪,4R,09:52,3-7,3,7,75.9,0.011573356804868502,-0.12158221851048068
8420260319020001,武雄競輪,1R,20:50,1-6,1,6,24.5,0.035819364782829016,-0.12242556282068906
1320260319020004,いわき平競輪,4R,21:40,3-4,3,4,36.0,0.02429287419348381,-0.12545652903458282
6320260319020007,防府競輪,7R,13:35,1-7,1,7,40.4,0.02157829478012804,-0.1282368908828272
2220260320010006,前橋競輪,6R,17:54,4-5,4,5,25.4,0.034314047258251414,-0.12842319964041415
8120260319020004,小倉競輪,4R,17:18,4-5,4,5,11.3,0.07672007914890742,-0.13306310561734602
6320260319020001,防府競輪,1R,10:45,3-8,3,8,96.4,0.008987162567447346,-0.13363752849807575
2220260320010007,前橋競輪,7R,18:18,3-6,3,6,30.1,0.028711068230936596,-0.1357968462488084
8720260320010004,熊本競輪,4R,12:12,2-4,2,4,5.4,0.1594052275884693,-0.13921177102226567
8420260319020008,武雄競輪,8R,23:10,2-4,2,4,15.3,0.05624949538125902,-0.13938272066673696
8120260319020011,小倉競輪,11R,20:16,1-6,1,6,73.5,0.011662016509251028,-0.14284178657004953
8120260319020003,小倉競輪,3R,16:54,5-6,5,6,24.4,0.03510336463884283,-0.14347790281223494
6320260319020007,防府競輪,7R,13:35,1-3,1,3,30.4,0.02803866091023592,-0.147624708328828
6320260319020002,防府競輪,2R,11:10,2-9,2,9,19.0,0.044861811891214395,-0.14762557406692645
8420260319020003,武雄競輪,3R,21:30,3-7,3,7,39.0,0.021795731171970596,-0.14996648429314674
8420260319020008,武雄競輪,8R,23:10,1-5,1,5,10.2,0.08330747411035935,-0.15026376407433462
8420260319020003,武雄競輪,3R,21:30,1-7,1,7,13.0,0.06529264342397358,-0.15119563548834347
6320260319020008,防府競輪,8R,14:05,2-9,2,9,9.3,0.09091954493430629,-0.1544482321109515
1320260319020008,いわき平競輪,8R,23:00,4-5,4,5,42.0,0.020101197655003414,-0.15574969848985665
8420260319020001,武雄競輪,1R,20:50,3-6,3,6,19.6,0.04302160184797239,-0.156776603779741
8120260319020002,小倉競輪,2R,16:22,4-5,4,5,11.5,0.07331375572998157,-0.15689180910521194
2220260320010010,前橋競輪,10R,19:35,4-7,4,7,10.0,0.08428435174824793,-0.15715648251752068
8720260320010004,熊本競輪,4R,12:12,5-7,5,7,44.0,0.019128684640023392,-0.15833787583897074
1320260319020007,いわき平競輪,7R,22:40,1-7,1,7,23.2,0.03625837766082553,-0.15880563826884775
1320260319020006,いわき平競輪,6R,22:20,4-6,4,6,15.5,0.05411175686892042,-0.16126776853173352
2320260319020001,取手競輪,1R,08:50,1-5,1,5,20.5,0.04089522044812212,-0.16164798081349652
1320260319020004,いわき平競輪,4R,21:40,2-6,2,6,36.0,0.023211815434585628,-0.16437464435491744
2220260320010011,前橋競輪,11R,20:02,1-5,1,5,15.6,0.0535484915687912,-0.1646435315268573
8120260319020011,小倉競輪,11R,20:16,3-5,3,5,36.7,0.02275635380573645,-0.16484181532947217
8420260319020008,武雄競輪,8R,23:10,4-7,4,7,30.7,0.027158824307578544,-0.1662240937573387
1320260319020006,いわき平競輪,6R,22:20,1-3,1,3,15.5,0.053751818901717374,-0.16684680702338073
8120260319020010,小倉競輪,10R,19:48,4-6,4,6,41.2,0.020217019925283766,-0.1670587790783088
1320260319020006,いわき平競輪,6R,22:20,3-4,3,4,23.2,0.03586520928605054,-0.16792714456362756
8720260320010010,熊本競輪,10R,15:00,1-3,1,3,8.4,0.09885855514993386,-0.1695881367405555
8720260320010005,熊本競輪,5R,12:42,2-3,2,3,15.4,0.053777367571796304,-0.17182853939433684
1320260319020008,いわき平競輪,8R,23:00,2-4,2,4,21.0,0.03934607505364475,-0.17373242387346022
2220260320010002,前橋競輪,2R,16:16,1-5,1,5,10.9,0.0757474606975698,-0.17435267839648916
2220260320010007,前橋競輪,7R,18:18,3-7,3,7,26.1,0.03162099328021779,-0.1746920753863156
2220260320010003,前橋競輪,3R,16:42,3-6,3,6,30.9,0.026691688316254972,-0.1752268310277214
2220260320010006,前橋競輪,6R,17:54,5-7,5,7,16.1,0.05119616318988503,-0.17574177264285096
8420260319020003,武雄競輪,3R,21:30,1-6,1,6,19.5,0.042190571047342404,-0.1772838645768231
1320260319020004,いわき平競輪,4R,21:40,1-5,1,5,7.2,0.11382874662035697,-0.18043302433342978
8120260319020004,小倉競輪,4R,17:18,3-4,3,4,23.7,0.03456328380958474,-0.18085017371284173
8120260319020010,小倉競輪,10R,19:48,2-7,2,7,8.8,0.09297118212963723,-0.18185359725919226
2220260320010012,前橋競輪,12R,20:30,2-4,2,4,27.6,0.029545425657722814,-0.18454625184685025
8120260319020008,小倉競輪,8R,18:56,1-4,1,4,15.1,0.053995131366740695,-0.18467351636221552
8120260319020011,小倉競輪,11R,20:16,1-2,1,2,21.0,0.0388221576769853,-0.1847346887833088
6320260319020006,防府競輪,6R,13:05,3-9,3,9,12.2,0.06676890242577137,-0.1854193904055894
8120260319020010,小倉競輪,10R,19:48,4-5,4,5,9.5,0.08573166215931358,-0.18554920948652098
2220260320010002,前橋競輪,2R,16:16,2-7,2,7,22.8,0.035682511162188124,-0.1864387455021107
8720260320010004,熊本競輪,4R,12:12,1-5,1,5,146.7,0.005545496870185826,-0.1864756091437394
6320260319020009,防府競輪,9R,14:40,1-3,1,3,20.5,0.03963211183065714,-0.18754170747152865
8720260320010002,熊本競輪,2R,11:23,1-3,1,3,13.9,0.05839123131650727,-0.18836188470054893
2220260320010007,前橋競輪,7R,18:18,2-3,2,3,10.0,0.08112183533093686,-0.18878164669063136
2220260320010005,前橋競輪,5R,17:30,3-6,3,6,41.2,0.01966640031570989,-0.18974430699275247
2220260320010011,前橋競輪,11R,20:02,1-4,1,4,14.0,0.0577931814332379,-0.1908954599346694
8420260319020002,武雄競輪,2R,21:10,2-3,2,3,13.1,0.06174625549193047,-0.1911240530557109
6320260319020011,防府競輪,11R,15:50,1-2,1,2,12.0,0.06709739986965955,-0.1948312015640854
2220260320010004,前橋競輪,4R,17:06,3-4,3,4,10.9,0.07378735045642908,-0.19571788002492307
6320260319020011,防府競輪,11R,15:50,1-9,1,9,9.4,0.08553456606444924,-0.1959750789941771
2220260320010009,前橋競輪,9R,19:09,2-3,2,3,12.2,0.06560020499211094,-0.19967749909624655
8420260319020004,武雄競輪,4R,21:50,1-5,1,5,9.1,0.08792969973498342,-0.19983973241165087
6320260319020004,防府競輪,4R,12:05,1-9,1,9,53.0,0.015084381963934138,-0.20052775591149063
2220260320010006,前橋競輪,6R,17:54,3-6,3,6,29.6,0.02693471602450797,-0.20273240567456408
6320260319020010,防府競輪,10R,15:15,7-9,7,9,16.2,0.049099928960052205,-0.20458115084715434
8120260319020007,小倉競輪,7R,18:30,1-5,1,5,14.6,0.05434148622042306,-0.20661430118182333
2320260319020006,取手競輪,6R,10:34,3-5,3,5,23.9,0.03306678509537182,-0.2097038362206135
8120260319020003,小倉競輪,3R,16:54,1-5,1,5,8.8,0.08953156121806688,-0.21212226128101141
2220260320010001,前橋競輪,1R,15:42,2-3,2,3,7.8,0.10077383514745915,-0.21396408584981863
1320260319020008,いわき平競輪,8R,23:00,2-6,2,6,14.0,0.05589653946151493,-0.217448447538791
2220260320010011,前橋競輪,11R,20:02,5-6,5,6,31.2,0.02501222617421015,-0.21961854336464337
8120260319020007,小倉競輪,7R,18:30,2-6,2,6,23.4,0.03334330394345543,-0.219766687723143
1320260319020003,いわき平競輪,3R,21:20,2-7,2,7,11.5,0.06758896076879753,-0.22272695115882846
8120260319020006,小倉競輪,6R,18:06,2-4,2,4,10.6,0.07325059155976926,-0.22354372946644585
1320260319020003,いわき平競輪,3R,21:20,3-5,3,5,17.2,0.04512430311506726,-0.2238619864208432
6320260319020005,防府競輪,5R,12:35,1-8,1,8,32.7,0.023677464932623862,-0.22574689670319958
8420260319020001,武雄競輪,1R,20:50,1-3,1,3,24.5,0.031586747988066696,-0.22612467429236593
8720260320010005,熊本競輪,5R,12:42,1-2,1,2,12.8,0.060445703914543195,-0.2262949898938471
6320260319020001,防府競輪,1R,10:45,6-8,6,8,170.8,0.004527789176170807,-0.22665360871002616
8720260320010010,熊本競輪,10R,15:00,1-2,1,2,13.3,0.05810853120581998,-0.22715653496259425
8420260319020004,武雄競輪,4R,21:50,1-6,1,6,7.6,0.10132951806026727,-0.22989566274196882
8120260319020007,小倉競輪,7R,18:30,1-2,1,2,16.7,0.04606545335852616,-0.23070692891261313
8720260320010002,熊本競輪,2R,11:23,2-6,2,6,17.8,0.0431183522178686,-0.232493330521939
6320260319020010,防府競輪,10R,15:15,4-7,4,7,16.1,0.04757176424452807,-0.2340945956630981
6320260319020012,防府競輪,12R,16:30,3-5,3,5,15.5,0.04932257263850455,-0.23550012410317944
2320260319020006,取手競輪,6R,10:34,1-4,1,4,13.3,0.05730317286758184,-0.23786780086116155
1320260319020001,いわき平競輪,1R,20:40,2-4,2,4,12.7,0.05996390877873765,-0.23845835851003194
2320260319020004,取手競輪,4R,09:52,4-5,4,5,8.1,0.09362407486421305,-0.24164499359987435
8120260319020009,小倉競輪,9R,19:22,3-7,3,7,34.1,0.022180712865993945,-0.24363769126960644
6320260319020008,防府競輪,8R,14:05,8-9,8,9,19.2,0.03935969820190014,-0.2442937945235173
2220260320010009,前橋競輪,9R,19:09,2-5,2,5,22.2,0.034025926662636756,-0.24462442808946405
8120260319020007,小倉競輪,7R,18:30,3-5,3,5,11.7,0.06432477517010636,-0.24740013050975562
6320260319020012,防府競輪,12R,16:30,1-2,1,2,21.9,0.03428252465659015,-0.2492127100206757
1320260319020007,いわき平競輪,7R,22:40,2-4,2,4,15.5,0.04839062079746946,-0.2499453776392233
8420260319020009,武雄競輪,9R,23:30,3-7,3,7,19.1,0.03926108083438602,-0.25011335606322693
6320260319020012,防府競輪,12R,16:30,5-6,5,6,133.8,0.005604470371983153,-0.2501218642286541
2320260319020006,取手競輪,6R,10:34,3-7,3,7,11.0,0.06813038255525802,-0.25056579189216177
2220260320010008,前橋競輪,8R,18:43,1-2,1,2,7.8,0.09543829373447807,-0.2555813088710711
8720260320010008,熊本競輪,8R,14:10,2-4,2,4,17.0,0.04375893147508752,-0.25609816492351223
8720260320010006,熊本競輪,6R,13:12,2-3,2,3,13.6,0.054585744711497707,-0.2576338719236312
1320260319020008,いわき平競輪,8R,23:00,3-7,3,7,21.0,0.035042334880015465,-0.2641109675196752
1320260319020004,いわき平競輪,4R,21:40,2-7,2,7,36.0,0.02042541145708799,-0.2646851875448324
1320260319020008,いわき平競輪,8R,23:00,4-7,4,7,42.0,0.01749800637831056,-0.2650837321109565
8120260319020011,小倉競輪,11R,20:16,5-7,5,7,14.7,0.04984397833665273,-0.26729351845120486
8120260319020001,小倉競輪,1R,15:57,4-6,4,6,9.9,0.07400797244264432,-0.26732107281782125
8120260319020007,小倉競輪,7R,18:30,4-7,4,7,16.7,0.04377904022571614,-0.26889002823054053
8120260319020001,小倉競輪,1R,15:57,4-5,4,5,9.8,0.07456775077898614,-0.2692360423659358
6320260319020002,防府競輪,2R,11:10,6-7,6,7,40.0,0.018267367157187596,-0.2693053137124961
8720260320010009,熊本競輪,9R,14:33,3-7,3,7,8.4,0.08663798499985806,-0.2722409260011923
8420260319020008,武雄競輪,8R,23:10,1-2,1,2,7.6,0.09575060445326963,-0.2722954061551508
8120260319020007,小倉競輪,7R,18:30,1-4,1,4,10.6,0.06821305666211663,-0.2769415993815637
2220260320010010,前橋競輪,10R,19:35,1-2,1,2,22.2,0.032555924194945504,-0.2772584828722098
6320260319020009,防府競輪,9R,14:40,4-5,4,5,89.9,0.008018706010387745,-0.2791183296661417
1320260319020003,いわき平競輪,3R,21:20,1-2,1,2,6.9,0.10434895986451298,-0.27999217693486045
6320260319020003,防府競輪,3R,11:35,5-6,5,6,39.8,0.018072651280266097,-0.2807084790454094
8420260319020006,武雄競輪,6R,22:30,2-3,2,3,13.8,0.05208019655866261,-0.2812932874904559
6320260319020001,防府競輪,1R,10:45,5-7,5,7,8.5,0.0843623685178968,-0.28291986759787724
6320260319020002,防府競輪,2R,11:10,5-6,5,6,38.5,0.018523382675184868,-0.28684976700538256
8420260319020001,武雄競輪,1R,20:50,3-7,3,7,32.7,0.02178416044580185,-0.2876579534222794
2220260320010009,前橋競輪,9R,19:09,1-2,1,2,18.7,0.038082860432965604,-0.2878505099035432
1320260319020002,いわき平競輪,2R,21:00,3-4,3,4,16.6,0.042824968341911976,-0.28910552552426116
6320260319020009,防府競輪,9R,14:40,3-5,3,5,46.4,0.015310981801228408,-0.28957044442300195
1320260319020002,いわき平競輪,2R,21:00,1-4,1,4,11.1,0.06388101619738765,-0.2909207202089972
2320260319020002,取手競輪,2R,09:10,3-5,3,5,10.5,0.06747060873246284,-0.29155860830914015
6320260319020006,防府競輪,6R,13:05,4-8,4,8,57.8,0.012214847697352418,-0.29398180309303024
2220260320010007,前橋競輪,7R,18:18,1-2,1,2,5.9,0.11938654332504,-0.2956193943822639
8420260319020002,武雄競輪,2R,21:10,3-4,3,4,13.1,0.05342591988750483,-0.30012044947368677
8420260319020002,武雄競輪,2R,21:10,2-5,2,5,13.1,0.05340064305332755,-0.30045157600140915
2220260320010012,前橋競輪,12R,20:30,4-5,4,5,8.5,0.08198453243821917,-0.3031314742751371
6320260319020008,防府競輪,8R,14:05,5-8,5,8,30.3,0.022954216152625922,-0.3044872505754346
8720260320010009,熊本競輪,9R,14:33,6-7,6,7,19.3,0.03595332390067161,-0.3061008487170379
2220260320010009,前橋競輪,9R,19:09,3-4,3,4,6.9,0.10013134968173557,-0.3090936871960246
8720260320010005,熊本競輪,5R,12:42,2-7,2,7,20.1,0.034354174337415264,-0.30948109581795313
8420260319020009,武雄競輪,9R,23:30,5-7,5,7,38.2,0.01802230817061092,-0.3115478278826629
2320260319020005,取手競輪,5R,10:13,5-7,5,7,8.9,0.07735005749861734,-0.31158448826230567
2220260320010009,前橋競輪,9R,19:09,4-5,4,5,12.7,0.054075940381336035,-0.31323555715703244
2220260320010012,前橋競輪,12R,20:30,1-5,1,5,10.5,0.06529694080410886,-0.31438212155685696
8420260319020006,武雄競輪,6R,22:30,1-6,1,6,6.9,0.0988087049414139,-0.318219935904244
6320260319020012,防府競輪,12R,16:30,7-9,7,9,22.8,0.0298126892444452,-0.32027068522664937
8720260320010011,熊本競輪,11R,15:35,1-7,1,7,6.5,0.1045198370956999,-0.32062105887795067
6320260319020007,防府競輪,7R,13:35,2-3,2,3,12.9,0.05253382879482489,-0.32231360854675883
6320260319020001,防府競輪,1R,10:45,5-6,5,6,40.4,0.016770407291970234,-0.3224755454044026
8420260319020009,武雄競輪,9R,23:30,2-5,2,5,19.1,0.035363039326836786,-0.3245659488574173
8720260320010005,熊本競輪,5R,12:42,1-7,1,7,10.5,0.0641994686587104,-0.3259055790835408
8720260320010005,熊本競輪,5R,12:42,2-6,2,6,28.2,0.023859659726605798,-0.3271575957097165
8720260320010009,熊本競輪,9R,14:33,4-7,4,7,8.2,0.081976408222056,-0.32779345257914083
6320260319020012,防府競輪,12R,16:30,1-7,1,7,27.9,0.02402979125992455,-0.32956882384810515
2320260319020006,取手競輪,6R,10:34,4-7,4,7,8.7,0.07696980191747485,-0.3303627233179689
8120260319020008,小倉競輪,8R,18:56,1-3,1,3,9.3,0.07175903027009685,-0.33264101848809924
8420260319020004,武雄競輪,4R,21:50,2-4,2,4,11.4,0.05845869816036708,-0.33357084097181533
2220260320010005,前橋競輪,5R,17:30,2-4,2,4,16.8,0.0395609799356037,-0.33537553708185774
2220260320010008,前橋競輪,8R,18:43,3-4,3,4,18.9,0.03514510746167042,-0.33575746897442915
1320260319020007,いわき平競輪,7R,22:40,2-5,2,5,9.3,0.07123727164801819,-0.3374933736734308
1320260319020001,いわき平競輪,1R,20:40,3-4,3,4,16.1,0.041113463140551615,-0.338073243437119
1320260319020005,いわき平競輪,5R,22:00,4-7,4,7,87.0,0.007602773189138066,-0.33855873254498825
6320260319020011,防府競輪,11R,15:50,2-5,2,5,49.3,0.013348828402207143,-0.3419027597711879
1320260319020003,いわき平競輪,3R,21:20,2-4,2,4,11.5,0.05722431458239155,-0.3419203823024972
1320260319020007,いわき平競輪,7R,22:40,2-7,2,7,23.2,0.02836171317977095,-0.342008254229314
2220260320010011,前橋競輪,11R,20:02,2-4,2,4,16.9,0.038901660918089845,-0.34256193048428163
8720260320010011,熊本競輪,11R,15:35,1-4,1,4,10.1,0.06508653899015054,-0.34262595619947955
8120260319020004,小倉競輪,4R,17:18,2-5,2,5,36.0,0.018250793577647858,-0.3429714312046771
8720260320010011,熊本競輪,11R,15:35,4-7,4,7,7.6,0.08603915582073234,-0.3461024157624343
8420260319020009,武雄競輪,9R,23:30,3-5,3,5,25.5,0.02563771911905862,-0.3462381624640052
8720260320010005,熊本競輪,5R,12:42,3-7,3,7,11.3,0.057744324749172626,-0.34748913033434925
8420260319020001,武雄競輪,1R,20:50,1-5,1,5,24.5,0.026610854658330668,-0.3480340608708986
2220260320010007,前橋競輪,7R,18:18,2-7,2,7,9.1,0.07156190921708543,-0.3487866261245226
8420260319020006,武雄競輪,6R,22:30,1-4,1,4,5.5,0.11833607175226867,-0.3491516053625223
1320260319020009,いわき平競輪,9R,23:20,1-3,1,3,8.5,0.0764143885654702,-0.3504776971935033
2320260319020007,取手競輪,7R,10:55,1-7,1,7,8.9,0.0727278498157882,-0.35272213663948504
1320260319020009,いわき平競輪,9R,23:20,3-5,3,5,17.0,0.038043671185379935,-0.35325758984854105
8120260319020008,小倉競輪,8R,18:56,2-7,2,7,20.2,0.03198887508542349,-0.3538247232744456
1320260319020008,いわき平競輪,8R,23:00,1-3,1,3,8.4,0.07663703051890247,-0.3562489436412192
1320260319020003,いわき平競輪,3R,21:20,2-3,2,3,8.6,0.07483152889921654,-0.35644885146673777
2220260320010003,前橋競輪,3R,16:42,2-4,2,4,12.1,0.053174674144531864,-0.3565864428511645
8120260319020007,小倉競輪,7R,18:30,4-5,4,5,8.3,0.07736109793069473,-0.35790288717523366
2220260320010012,前橋競輪,12R,20:30,2-6,2,6,40.7,0.015769087471700447,-0.3581981399017917
1320260319020006,いわき平競輪,6R,22:20,3-5,3,5,23.2,0.027622518003465067,-0.3591575823196105
8420260319020003,武雄競輪,3R,21:30,3-6,3,6,39.0,0.016411966468599604,-0.3599333077246154
8120260319020010,小倉競輪,10R,19:48,4-7,4,7,8.2,0.07801251045583331,-0.3602974142621669
2220260320010006,前橋競輪,6R,17:54,4-7,4,7,25.4,0.025172426610651683,-0.3606203640894473
2220260320010005,前橋競輪,5R,17:30,5-6,5,6,18.7,0.03415320210588019,-0.3613351206200405
8420260319020008,武雄競輪,8R,23:10,4-6,4,6,15.3,0.04167258123737402,-0.36240950706817743
2220260320010010,前橋競輪,10R,19:35,3-7,3,7,7.8,0.08173329531319189,-0.36248029655710334
6320260319020012,防府競輪,12R,16:30,1-4,1,4,20.2,0.03147266979904103,-0.3642520700593712
8420260319020002,武雄競輪,2R,21:10,2-4,2,4,6.5,0.09762387840189893,-0.365444790387657
1320260319020003,いわき平競輪,3R,21:20,4-7,4,7,34.5,0.018362534132939923,-0.3664925724135727
6320260319020012,防府競輪,12R,16:30,2-5,2,5,33.1,0.01910403893362425,-0.36765631129703724
6320260319020010,防府競輪,10R,15:15,3-7,3,7,15.5,0.04069890495988782,-0.36916697312173874
8120260319020004,小倉競輪,4R,17:18,2-4,2,4,133.9,0.004705368054674547,-0.3699512174790782
1320260319020006,いわき平競輪,6R,22:20,3-7,3,7,46.5,0.013533910776590543,-0.37067314888853975
8420260319020002,武雄競輪,2R,21:10,5-6,5,6,26.2,0.02389783230206593,-0.3738767936858727
6320260319020004,防府競輪,4R,12:05,2-7,2,7,7.0,0.08932906943126886,-0.3746965139811179
6320260319020010,防府競輪,10R,15:15,2-5,2,5,11.8,0.052885226100941,-0.37595433200889616
6320260319020006,防府競輪,6R,13:05,4-5,4,5,20.4,0.030566916109506535,-0.37643491136606677
1320260319020004,いわき平競輪,4R,21:40,2-3,2,3,36.0,0.01709943228055668,-0.3844204378999595
1320260319020008,いわき平競輪,8R,23:00,1-2,1,2,6.0,0.10259136542573806,-0.3844518074455716
6320260319020003,防府競輪,3R,11:35,4-5,4,5,27.4,0.022462203995456044,-0.38453561052450447
8720260320010007,熊本競輪,7R,13:42,1-4,1,4,8.2,0.07484333471853714,-0.3862846553079955
8720260320010012,熊本競輪,12R,16:10,1-4,1,4,12.8,0.0478980203965189,-0.38690533892455803
8120260319020011,小倉競輪,11R,20:16,3-6,3,6,49.0,0.012475196776097382,-0.38871535797122825
1320260319020004,いわき平競輪,4R,21:40,3-7,3,7,36.0,0.016946277816984604,-0.38993399858855426
2220260320010004,前橋競輪,4R,17:06,5-6,5,6,33.3,0.018319714372216193,-0.38995351140520085
2220260320010004,前橋競輪,4R,17:06,1-4,1,4,5.6,0.10867447654452833,-0.39142293135064143
6320260319020001,防府競輪,1R,10:45,8-9,8,9,75.3,0.008048446218855304,-0.39395199972019557
6320260319020010,防府競輪,10R,15:15,5-7,5,7,7.1,0.08483887558695884,-0.3976439833325923
8120260319020006,小倉競輪,6R,18:06,3-7,3,7,8.3,0.0723597569993393,-0.3994140169054837
1320260319020001,いわき平競輪,1R,20:40,2-3,2,3,8.9,0.06748110861425807,-0.39941813333310316
8420260319020005,武雄競輪,5R,22:10,2-5,2,5,9.6,0.06241274798614651,-0.40083761933299356
8120260319020011,小倉競輪,11R,20:16,1-4,1,4,8.1,0.07365003409592874,-0.4034347238229772
2320260319020001,取手競輪,1R,08:50,4-5,4,5,10.1,0.059062163459388556,-0.4034721490601756
6320260319020001,防府競輪,1R,10:45,4-7,4,7,12.7,0.04660852693315977,-0.40807170794887093
2220260320010005,前橋競輪,5R,17:30,1-5,1,5,10.3,0.057385325787634216,-0.40893114438736755
2220260320010006,前橋競輪,6R,17:54,1-7,1,7,9.6,0.0615545740718415,-0.40907608891032166
8420260319020003,武雄競輪,3R,21:30,4-5,4,5,9.7,0.06056842328418553,-0.41248629414340043
8120260319020010,小倉競輪,10R,19:48,1-3,1,3,61.8,0.009500664995904448,-0.41285890325310515
6320260319020002,防府競輪,2R,11:10,6-8,6,8,56.2,0.010422726786187768,-0.4142427546162474
8420260319020004,武雄競輪,4R,21:50,1-2,1,2,4.5,0.13016381183845033,-0.41426284672697355
6320260319020009,防府競輪,9R,14:40,3-6,3,6,28.0,0.02089453260051246,-0.41495308718565116
2220260320010006,前橋競輪,6R,17:54,1-2,1,2,6.4,0.09138081085902965,-0.41516281050221027
1320260319020008,いわき平競輪,8R,23:00,2-5,2,5,10.5,0.05566234946343373,-0.41554533063394583
1320260319020004,いわき平競輪,4R,21:40,1-6,1,6,7.2,0.0811646623713798,-0.4156144309260654
8120260319020008,小倉競輪,8R,18:56,3-7,3,7,8.6,0.0673620498910894,-0.4206863709366312
2220260320010010,前橋競輪,10R,19:35,2-4,2,4,16.7,0.03467854337022003,-0.4208683257173256
2220260320010011,前橋競輪,11R,20:02,4-7,4,7,7.3,0.07921716221302577,-0.42171471584491194
8720260320010004,熊本競輪,4R,12:12,1-2,1,2,27.9,0.020674538254289675,-0.4231803827053181
8120260319020010,小倉競輪,10R,19:48,2-5,2,5,5.8,0.09894679808502319,-0.4261085711068655
1320260319020006,いわき平競輪,6R,22:20,1-2,1,2,6.6,0.08692090041448174,-0.42632205726442063
2220260320010005,前橋競輪,5R,17:30,1-2,1,2,11.4,0.05028308713728208,-0.4267728066349843
2220260320010008,前橋競輪,8R,18:43,1-4,1,4,6.8,0.08428343418243113,-0.4268726475594683
2220260320010010,前橋競輪,10R,19:35,1-4,1,4,23.6,0.02421367988053071,-0.4285571548194752
8120260319020004,小倉競輪,4R,17:18,1-5,1,5,3.5,0.16249378060123473,-0.43127176789567845
8720260320010008,熊本競輪,8R,14:10,4-7,4,7,28.3,0.02002994778229602,-0.4331524777610226
6320260319020003,防府競輪,3R,11:35,4-6,4,6,30.5,0.018577999334972825,-0.43337102028332886
1320260319020006,いわき平競輪,6R,22:20,1-4,1,4,5.1,0.11106960067807606,-0.4335450365418121
2220260320010007,前橋競輪,7R,18:18,5-7,5,7,18.6,0.030361132977613024,-0.43528292661639767
6320260319020009,防府競輪,9R,14:40,3-4,3,4,13.1,0.04304356123691342,-0.4361293477964342
2220260320010011,前橋競輪,11R,20:02,2-7,2,7,9.4,0.05983018722143747,-0.43759624011848774
8420260319020008,武雄競輪,8R,23:10,3-5,3,5,15.3,0.03671123747557462,-0.4383180666237082
6320260319020006,防府競輪,6R,13:05,3-5,3,5,8.0,0.07013309679520274,-0.43893522563837806
8420260319020005,武雄競輪,5R,22:10,2-3,2,3,6.0,0.09299748924890855,-0.4420150645065487
8420260319020002,武雄競輪,2R,21:10,1-4,1,4,5.2,0.10716412763063657,-0.44274653632068983
6320260319020004,防府競輪,4R,12:05,5-7,5,7,14.5,0.038353212905658254,-0.44387841286795526
8420260319020004,武雄競輪,4R,21:50,3-5,3,5,22.8,0.024239361564627734,-0.4473425563264877
6320260319020003,防府競輪,3R,11:35,4-8,4,8,44.5,0.012395234110920889,-0.4484120820640205
6320260319020001,防府競輪,1R,10:45,4-9,4,9,36.2,0.0151869733183067,-0.4502315658772974
8120260319020001,小倉競輪,1R,15:57,2-5,2,5,9.2,0.059621299598930824,-0.4514840436898364
8720260320010002,熊本競輪,2R,11:23,2-5,2,5,7.5,0.0730893040286908,-0.4518302197848191
2220260320010011,前橋競輪,11R,20:02,1-2,1,2,13.1,0.04183808578682495,-0.45192107619259314
8420260319020001,武雄競輪,1R,20:50,4-7,4,7,19.6,0.027682727730492497,-0.457418536482347
8120260319020008,小倉競輪,8R,18:56,2-5,2,5,17.3,0.031122335055222106,-0.46158360354465755
2220260320010012,前橋競輪,12R,20:30,2-3,2,3,24.4,0.022047713436810622,-0.4620357921418209
6320260319020009,防府競輪,9R,14:40,2-6,2,6,38.4,0.013972862736937194,-0.4634420709016117
8720260320010001,熊本競輪,1R,11:00,3-4,3,4,10.5,0.05095244731471959,-0.46499930319544436
6320260319020007,防府競輪,7R,13:35,4-7,4,7,21.4,0.02490541749852896,-0.46702406553148024
8420260319020005,武雄競輪,5R,22:10,3-4,3,4,12.0,0.044148860739917015,-0.4702136711209959
8120260319020007,小倉競輪,7R,18:30,2-3,2,3,9.7,0.054572227610819604,-0.47064939217504986
2220260320010012,前橋競輪,12R,20:30,5-7,5,7,5.0,0.10551718974826264,-0.47241405125868674
6320260319020003,防府競輪,3R,11:35,5-7,5,7,12.0,0.04384517314180991,-0.47385792229828105
1320260319020007,いわき平競輪,7R,22:40,1-3,1,3,7.7,0.06814957624272222,-0.47524826293103883
2220260320010003,前橋競輪,3R,16:42,1-2,1,2,5.9,0.08874837758414804,-0.4763845722535266
8420260319020008,武雄競輪,8R,23:10,1-4,1,4,6.1,0.08558478135805482,-0.4779328337158656
2220260320010008,前橋競輪,8R,18:43,4-5,4,5,16.9,0.03083808297666736,-0.4788363976943216
8720260320010001,熊本競輪,1R,11:00,3-6,3,6,7.0,0.07439520807697653,-0.4792335434611643
2220260320010010,前橋競輪,10R,19:35,2-3,2,3,12.9,0.040367188826863465,-0.4792632641334613
2320260319020004,取手競輪,4R,09:52,1-4,1,4,5.8,0.08975150738143606,-0.47944125718767083
2220260320010004,前橋競輪,4R,17:06,1-2,1,2,8.1,0.064082484942479,-0.48093187196592
2220260320010010,前橋競輪,10R,19:35,3-5,3,5,11.4,0.04549047155391577,-0.48140862428536013
1320260319020003,いわき平競輪,3R,21:20,1-6,1,6,11.5,0.044826023280082,-0.484500732279057
8120260319020002,小倉競輪,2R,16:22,1-3,1,3,10.4,0.0494703033520495,-0.4855088451386852
2220260320010004,前橋競輪,4R,17:06,1-3,1,3,4.7,0.10942835140519505,-0.48568674839558323
1320260319020003,いわき平競輪,3R,21:20,2-6,2,6,8.6,0.05966794759937604,-0.48685565064536607
8420260319020006,武雄競輪,6R,22:30,2-6,2,6,9.2,0.05552594554845755,-0.4891613009541905
8720260320010008,熊本競輪,8R,14:10,5-7,5,7,11.3,0.04514627267351794,-0.48984711878924725
8120260319020011,小倉競輪,11R,20:16,2-5,2,5,9.1,0.055904956327070834,-0.4912648974236554
6320260319020011,防府競輪,11R,15:50,3-6,3,6,34.6,0.014696264127251456,-0.4915092611970996
8120260319020004,小倉競輪,4R,17:18,2-6,2,6,312.6,0.001626487002827378,-0.49156016291616167
2220260320010009,前橋競輪,9R,19:09,1-3,1,3,6.8,0.0747241736994022,-0.49187561884406505
8420260319020003,武雄競輪,3R,21:30,3-4,3,4,9.7,0.052108777563530474,-0.49454485763375444
8420260319020004,武雄競輪,4R,21:50,2-7,2,7,45.7,0.01103077931340626,-0.49589338537733385
6320260319020012,防府競輪,12R,16:30,3-7,3,7,12.4,0.04061403927015857,-0.49638591305003377
2220260320010001,前橋競輪,1R,15:42,2-4,2,4,8.2,0.06138627258541984,-0.4966325647995573
2220260320010007,前橋競輪,7R,18:18,1-4,1,4,12.6,0.039906028155669536,-0.49718404523856385
8420260319020003,武雄競輪,3R,21:30,3-5,3,5,13.0,0.03859442975163742,-0.4982724132287135
8120260319020009,小倉競輪,9R,19:22,3-5,3,5,13.6,0.03686753310245158,-0.4986015498066585
8120260319020010,小倉競輪,10R,19:48,3-6,3,6,61.8,0.008111139537787079,-0.4987315765647585
2320260319020003,取手競輪,3R,09:31,5-7,5,7,4.7,0.10644774572940854,-0.49969559507177985
2320260319020003,取手競輪,3R,09:31,1-5,1,5,7.1,0.07023615888855475,-0.5013232718912612
6320260319020011,防府競輪,11R,15:50,1-3,1,3,7.0,0.0707774054687367,-0.504558161718843
6320260319020006,防府競輪,6R,13:05,2-9,2,9,33.8,0.014653826981695317,-0.5047006480186984
6320260319020007,防府競輪,7R,13:35,1-4,1,4,26.2,0.01883716150600581,-0.5064663685426478
2220260320010009,前橋競輪,9R,19:09,1-5,1,5,12.7,0.03881050635755298,-0.5071065692590772
1320260319020007,いわき平競輪,7R,22:40,4-6,4,6,15.5,0.03178344175113738,-0.5073566528573706
8720260320010012,熊本競輪,12R,16:10,2-6,2,6,8.8,0.05588723331527994,-0.5081923468255365
6320260319020002,防府競輪,2R,11:10,2-3,2,3,5.1,0.09640397096763495,-0.5083397480650618
8120260319020011,小倉競輪,11R,20:16,5-6,5,6,21.0,0.023302372681016516,-0.5106501736986532
8120260319020007,小倉競輪,7R,18:30,3-4,3,4,6.1,0.07951254681786876,-0.5149734644110006
8420260319020006,武雄競輪,6R,22:30,2-4,2,4,6.9,0.0702890460963764,-0.5150055819350028
8420260319020001,武雄競輪,1R,20:50,1-4,1,4,12.2,0.03974370402674596,-0.5151268108736993
8120260319020008,小倉競輪,8R,18:56,3-4,3,4,5.0,0.09693848842258687,-0.5153075578870656
1320260319020003,いわき平競輪,3R,21:20,3-6,3,6,17.2,0.028128709090389892,-0.5161862036452939
6320260319020010,防府競輪,10R,15:15,4-5,4,5,16.2,0.02983356271285273,-0.5166962840517858
6320260319020002,防府競輪,2R,11:10,3-6,3,6,11.5,0.04184687055565894,-0.5187609886099223
6320260319020004,防府競輪,4R,12:05,2-8,2,8,16.8,0.02857345789211823,-0.5199659074124137
8120260319020007,小倉競輪,7R,18:30,2-4,2,4,7.3,0.06568363827892088,-0.5205094405638776
8420260319020004,武雄競輪,4R,21:50,1-4,1,4,5.7,0.08403844699719815,-0.5209808521159706
8420260319020004,武雄競輪,4R,21:50,1-3,1,3,5.7,0.08394358405569292,-0.5215215708825502
1320260319020007,いわき平競輪,7R,22:40,4-5,4,5,9.3,0.05131036164205473,-0.5228136367288909
8420260319020006,武雄競輪,6R,22:30,1-3,1,3,5.5,0.0867415173071371,-0.522921654810746
8420260319020003,武雄競輪,3R,21:30,1-4,1,4,4.8,0.09937666658163738,-0.5229920004081405
1320260319020006,いわき平競輪,6R,22:20,2-5,2,5,11.6,0.041097357368524004,-0.5232706545251216
8120260319020007,小倉競輪,7R,18:30,2-5,2,5,9.0,0.05262428345523165,-0.5263814489029152
2220260320010008,前橋競輪,8R,18:43,2-4,2,4,11.9,0.039714504494367496,-0.5273973965170268
6320260319020008,防府競輪,8R,14:05,3-9,3,9,18.5,0.025443900507077233,-0.5292878406190712
8720260320010012,熊本競輪,12R,16:10,3-4,3,4,11.0,0.042564833751447,-0.531786828734083
1320260319020003,いわき平競輪,3R,21:20,1-4,1,4,11.5,0.040708740657436425,-0.531849482439481
6320260319020007,防府競輪,7R,13:35,2-7,2,7,11.5,0.04057286884736745,-0.5334120082552742
6320260319020011,防府競輪,11R,15:50,8-9,8,9,23.1,0.020195976397731186,-0.5334729452124096
1320260319020007,いわき平競輪,7R,22:40,3-4,3,4,11.6,0.04011338988459439,-0.5346846773387051
8420260319020006,武雄競輪,6R,22:30,1-2,1,2,3.9,0.11925559658551713,-0.5349031733164833
2220260320010009,前橋競輪,9R,19:09,2-7,2,7,13.7,0.03389745679340879,-0.5356048419302997
1320260319020001,いわき平競輪,1R,20:40,1-3,1,3,6.0,0.0772372226263023,-0.5365766642421862
6320260319020005,防府競輪,5R,12:35,5-8,5,8,57.7,0.008024990628741145,-0.5369580407216359
6320260319020012,防府競輪,12R,16:30,1-8,1,8,26.9,0.017180748723885843,-0.5378378593274709
8420260319020003,武雄競輪,3R,21:30,2-6,2,6,19.5,0.02367179548035802,-0.5383999881330186
8420260319020001,武雄競輪,1R,20:50,1-7,1,7,32.7,0.01398689547384022,-0.5426285180054248
1320260319020007,いわき平競輪,7R,22:40,3-5,3,5,7.7,0.059288495525291536,-0.5434785844552552
6320260319020002,防府競輪,2R,11:10,2-4,2,4,12.2,0.03740280328108245,-0.5436857999707942
6320260319020009,防府競輪,9R,14:40,5-7,5,7,26.8,0.017021355521256845,-0.5438276720303166
8420260319020009,武雄競輪,9R,23:30,1-2,1,2,4.2,0.10693854662883495,-0.5508581041588931
8120260319020002,小倉競輪,2R,16:22,1-5,1,5,4.5,0.09959504047356081,-0.5518223178689763
8720260320010009,熊本競輪,9R,14:33,2-5,2,5,17.3,0.02585741403289695,-0.5526667372308827
2320260319020004,取手競輪,4R,09:52,1-3,1,3,11.8,0.03781760770634306,-0.553752229065152
2320260319020001,取手競輪,1R,08:50,1-4,1,4,7.5,0.05941927939255136,-0.5543554045558647
6320260319020010,防府競輪,10R,15:15,4-9,4,9,26.3,0.016910310864503394,-0.5552588242635608
1320260319020008,いわき平競輪,8R,23:00,1-4,1,4,8.4,0.05280437885599687,-0.5564432176096263
6320260319020003,防府競輪,3R,11:35,1-7,1,7,13.3,0.033280750462780805,-0.5573660188450154
2220260320010012,前橋競輪,12R,20:30,1-2,1,2,18.2,0.024307871682037945,-0.5575967353869093
6320260319020003,防府競輪,3R,11:35,4-7,4,7,9.7,0.04537209556710453,-0.559890672999086
6320260319020005,防府競輪,5R,12:35,2-4,2,4,16.6,0.02623717681461131,-0.5644628648774522
6320260319020003,防府競輪,3R,11:35,6-7,6,7,13.7,0.03166910032788972,-0.5661333255079108
8420260319020009,武雄競輪,9R,23:30,2-3,2,3,6.9,0.06267716087813341,-0.5675275899408794
8420260319020003,武雄競輪,3R,21:30,2-4,2,4,6.5,0.06641737802317442,-0.5682870428493663
8720260320010007,熊本競輪,7R,13:42,3-4,3,4,6.7,0.06405698782441477,-0.5708181815764211
8120260319020009,小倉競輪,9R,19:22,2-5,2,5,7.5,0.057118374087059276,-0.5716121943470555
2220260320010008,前橋競輪,8R,18:43,2-3,2,3,10.0,0.04263550745333085,-0.5736449254666915
2220260320010007,前橋競輪,7R,18:18,4-7,4,7,21.7,0.019610038408660636,-0.5744621665320642
6320260319020006,防府競輪,6R,13:05,3-4,3,4,8.4,0.05033584896989357,-0.577178868652894
6320260319020007,防府競輪,7R,13:35,3-6,3,6,25.9,0.01632160629589386,-0.5772703969363491
1320260319020004,いわき平競輪,4R,21:40,1-4,1,4,4.0,0.10543786382348372,-0.5782485447060651
8120260319020009,小倉競輪,9R,19:22,1-4,1,4,4.1,0.10267282526645136,-0.5790414164075495
8720260320010003,熊本競輪,3R,11:47,5-7,5,7,4.1,0.1024068457752304,-0.5801319323215554
8420260319020001,武雄競輪,1R,20:50,1-2,1,2,4.9,0.0853918169061513,-0.5815800971598586
1320260319020004,いわき平競輪,4R,21:40,2-4,2,4,12.0,0.03484532179131924,-0.5818561385041692
1320260319020008,いわき平競輪,8R,23:00,3-6,3,6,10.5,0.03980194057026886,-0.5820796240121769
8720260320010007,熊本競輪,7R,13:42,4-6,4,6,6.2,0.06738706182441682,-0.5822002166886157
1320260319020002,いわき平競輪,2R,21:00,1-3,1,3,4.9,0.08510710751018098,-0.5829751732001132
8120260319020010,小倉競輪,10R,19:48,5-7,5,7,3.3,0.1260275895261662,-0.5841089545636515
2220260320010007,前橋競輪,7R,18:18,2-5,2,5,5.3,0.07843958711211839,-0.5842701883057726
2320260319020005,取手競輪,5R,10:13,2-7,2,7,7.0,0.059387003089470924,-0.5842909783737036
1320260319020003,いわき平競輪,3R,21:20,3-4,3,4,17.2,0.024126818411036255,-0.5850187233301765
8120260319020011,小倉競輪,11R,20:16,1-3,1,3,29.4,0.014043561142864019,-0.5871193023997978
2220260320010005,前橋競輪,5R,17:30,4-7,4,7,6.1,0.06754655400915677,-0.5879660205441437
2320260319020002,取手競輪,2R,09:10,1-7,1,7,7.3,0.05638178768861582,-0.5884129498731046
6320260319020009,防府競輪,9R,14:40,4-7,4,7,8.5,0.0483221740439455,-0.5892615206264633
8720260320010006,熊本競輪,6R,13:12,2-6,2,6,6.2,0.06624114100393393,-0.5893049257756097
2220260320010006,前橋競輪,6R,17:54,2-4,2,4,10.4,0.03938265171547048,-0.590420422159107
8120260319020009,小倉競輪,9R,19:22,1-5,1,5,5.9,0.06930058987222355,-0.5911265197538811
8120260319020007,小倉競輪,7R,18:30,3-6,3,6,9.7,0.04191765239111093,-0.593398771806224
6320260319020010,防府競輪,10R,15:15,7-8,7,8,15.7,0.025548572232020172,-0.5988874159572832
8720260320010008,熊本競輪,8R,14:10,2-7,2,7,7.4,0.054144814884134154,-0.5993283698574072
6320260319020007,防府競輪,7R,13:35,5-7,5,7,7.4,0.054043569645753756,-0.6000775846214221
2320260319020005,取手競輪,5R,10:13,2-5,2,5,3.3,0.12104556991034929,-0.6005496192958474
6320260319020001,防府競輪,1R,10:45,4-6,4,6,45.9,0.008683860531160804,-0.601410801619719
8720260320010005,熊本競輪,5R,12:42,3-4,3,4,7.3,0.05458845340017769,-0.6015042901787029
6320260319020012,防府競輪,12R,16:30,6-9,6,9,30.5,0.01296095703468146,-0.6046908104422155
8720260320010005,熊本競輪,5R,12:42,1-3,1,3,4.1,0.0959185721693618,-0.6067338541056166
6320260319020007,防府競輪,7R,13:35,1-2,1,2,12.1,0.032450751778854744,-0.6073459034758576
1320260319020003,いわき平競輪,3R,21:20,1-3,1,3,6.9,0.05684031088323914,-0.6078018549056499
6320260319020009,防府競輪,9R,14:40,1-9,1,9,13.9,0.028192746384813304,-0.608120825251095
8420260319020005,武雄競輪,5R,22:10,3-5,3,5,9.6,0.04081671861731353,-0.6081595012737901
8120260319020011,小倉競輪,11R,20:16,1-7,1,7,11.3,0.034457278653600584,-0.6106327512143134
8420260319020001,武雄競輪,1R,20:50,2-4,2,4,4.0,0.0973338026266667,-0.6106647894933332
6320260319020009,防府競輪,9R,14:40,3-9,3,9,7.0,0.05552331813629223,-0.6113367730459545
6320260319020012,防府競輪,12R,16:30,1-9,1,9,5.9,0.06576500213411281,-0.6119864874087344
6320260319020001,防府競輪,1R,10:45,4-5,4,5,11.6,0.03331114395171714,-0.6135907301600811
2220260320010009,前橋競輪,9R,19:09,3-5,3,5,5.5,0.07007528635111543,-0.6145859250688651
8120260319020011,小倉競輪,11R,20:16,4-7,4,7,3.5,0.10814476933736569,-0.6214933073192201
1320260319020007,いわき平競輪,7R,22:40,4-7,4,7,23.2,0.016191342961944893,-0.6243608432828784
2320260319020004,取手競輪,4R,09:52,1-5,1,5,4.7,0.0795924940948878,-0.6259152777540273
6320260319020012,防府競輪,12R,16:30,5-7,5,7,28.4,0.013166360966801297,-0.6260753485428432
1320260319020006,いわき平競輪,6R,22:20,2-4,2,4,6.6,0.0564387577562085,-0.627504198809024
8120260319020009,小倉競輪,9R,19:22,4-5,4,5,3.7,0.10030948699807182,-0.6288548981071342
8720260320010001,熊本競輪,1R,11:00,2-3,2,3,4.2,0.08827376613973044,-0.6292501822131321
6320260319020002,防府競輪,2R,11:10,5-7,5,7,25.8,0.014311750596038057,-0.6307568346222181
1320260319020009,いわき平競輪,9R,23:20,1-2,1,2,3.5,0.10523284899314375,-0.6316850285239969
8120260319020003,小倉競輪,3R,16:54,3-5,3,5,6.8,0.05410943170416739,-0.6320558644116617
2320260319020002,取手競輪,2R,09:10,1-5,1,5,3.6,0.10044203397280607,-0.6384086776978981
8420260319020002,武雄競輪,2R,21:10,4-7,4,7,26.2,0.013790825958802655,-0.6386803598793704
6320260319020010,防府競輪,10R,15:15,5-9,5,9,11.3,0.03195262501002998,-0.6389353373866612
8420260319020004,武雄競輪,4R,21:50,1-7,1,7,22.8,0.015830161425667143,-0.6390723194947892
8720260320010002,熊本競輪,2R,11:23,1-5,1,5,5.6,0.06388523891108722,-0.6422426620979116
8120260319020008,小倉競輪,8R,18:56,4-7,4,7,7.1,0.050310496751178754,-0.6427954730666309
6320260319020005,防府競輪,5R,12:35,3-6,3,6,27.3,0.013046916671909355,-0.6438191748568747
1320260319020006,いわき平競輪,6R,22:20,2-6,2,6,11.6,0.030639818112900844,-0.6445781098903502
6320260319020001,防府競輪,1R,10:45,2-5,2,5,6.7,0.05295220948671439,-0.6452201964390136
2320260319020003,取手競輪,3R,09:31,3-7,3,7,6.8,0.051655580452829995,-0.648742052920756
8420260319020003,武雄競輪,3R,21:30,4-7,4,7,7.8,0.044970300073867445,-0.6492316594238339
1320260319020008,いわき平競輪,8R,23:00,3-4,3,4,14.0,0.025001875737470165,-0.6499737396754177
8120260319020011,小倉競輪,11R,20:16,1-5,1,5,13.3,0.02618408322620194,-0.6517516930915142
8720260320010008,熊本競輪,8R,14:10,4-5,4,5,10.3,0.03334386478545823,-0.6565581927097802
6320260319020006,防府競輪,6R,13:05,5-6,5,6,13.1,0.02608470058290114,-0.6582904223639952
1320260319020004,いわき平競輪,4R,21:40,3-5,3,5,12.0,0.028361892833495154,-0.6596572859980582
1320260319020007,いわき平競輪,7R,22:40,1-4,1,4,5.8,0.058273060330608126,-0.6620162500824729
8420260319020006,武雄競輪,6R,22:30,3-6,3,6,9.2,0.03673190270382479,-0.662066495124812
1320260319020003,いわき平競輪,3R,21:20,3-7,3,7,11.5,0.029379384872042467,-0.6621370739715116
2320260319020002,取手競輪,2R,09:10,5-7,5,7,3.0,0.11238225619413639,-0.6628532314175908
2220260320010008,前橋競輪,8R,18:43,2-5,2,5,9.2,0.036572443167132845,-0.6635335228623778
6320260319020003,防府競輪,3R,11:35,3-5,3,5,6.5,0.05165553663581485,-0.6642390118672035
2320260319020006,取手競輪,6R,10:34,1-7,1,7,3.3,0.10154929159873327,-0.6648873377241802
8420260319020004,武雄競輪,4R,21:50,3-4,3,4,11.4,0.029320438700354678,-0.6657469988159567
8720260320010010,熊本競輪,10R,15:00,1-7,1,7,4.8,0.06961004693054107,-0.6658717747334029
1320260319020001,いわき平競輪,1R,20:40,1-4,1,4,4.8,0.06930859895441273,-0.6673187250188188
6320260319020006,防府競輪,6R,13:05,1-5,1,5,30.7,0.01079552812773341,-0.6685772864785844
1320260319020006,いわき平競輪,6R,22:20,2-3,2,3,15.5,0.021378308843159166,-0.6686362129310329
6320260319020002,防府競輪,2R,11:10,3-7,3,7,7.8,0.04217933763776198,-0.6710011664254565
6320260319020005,防府競輪,5R,12:35,1-7,1,7,8.6,0.037900982834602207,-0.674051547622421
2220260320010012,前橋競輪,12R,20:30,1-7,1,7,5.4,0.060296545911810134,-0.6743986520762253
8720260320010005,熊本競輪,5R,12:42,1-5,1,5,4.5,0.07221353000612864,-0.6750391149724211
6320260319020010,防府競輪,10R,15:15,1-4,1,4,18.2,0.017762410048581923,-0.676724137115809
2320260319020002,取手競輪,2R,09:10,2-5,2,5,3.4,0.09380538433289326,-0.6810616932681629
8720260320010009,熊本競輪,9R,14:33,3-4,3,4,3.4,0.09294872148593127,-0.6839743469478337
2220260320010011,前橋競輪,11R,20:02,1-7,1,7,3.6,0.08755762619145077,-0.6847925457107772
8720260320010006,熊本競輪,6R,13:12,1-2,1,2,3.7,0.08480443877950734,-0.6862235765158229
8120260319020003,小倉競輪,3R,16:54,1-7,1,7,4.0,0.07842244517504102,-0.6863102192998359
8420260319020009,武雄競輪,9R,23:30,3-4,3,4,7.6,0.04125996586045391,-0.6864242594605503
6320260319020012,防府競輪,12R,16:30,2-9,2,9,7.5,0.04179963703587876,-0.6865027222309092
8720260320010002,熊本競輪,2R,11:23,1-7,1,7,8.2,0.03802300274419988,-0.688211377497561
2320260319020004,取手競輪,4R,09:52,4-7,4,7,5.7,0.05419660983789183,-0.6910793239240165
2220260320010012,前橋競輪,12R,20:30,2-5,2,5,7.2,0.04264644135247017,-0.6929456222622148
8120260319020010,小倉競輪,10R,19:48,2-4,2,4,5.1,0.059876357212789,-0.6946305782147761
8420260319020008,武雄競輪,8R,23:10,1-3,1,3,4.3,0.07087169439053599,-0.6952517141206953
8420260319020008,武雄競輪,8R,23:10,3-6,3,6,10.2,0.02961412172137813,-0.6979359584419431
6320260319020007,防府競輪,7R,13:35,1-9,1,9,22.6,0.013294169609443716,-0.699551766826572
1320260319020009,いわき平競輪,9R,23:20,1-5,1,5,4.4,0.06784075947102816,-0.7015006583274761
2220260320010003,前橋競輪,3R,16:42,4-7,4,7,11.7,0.02544007860067807,-0.7023510803720665
6320260319020009,防府競輪,9R,14:40,3-7,3,7,3.5,0.08496319882750977,-0.7026288041037159
2320260319020001,取手競輪,1R,08:50,2-4,2,4,2.8,0.10596160432067622,-0.7033075079021066
6320260319020012,防府競輪,12R,16:30,1-5,1,5,9.9,0.02949241966476579,-0.7080250453188186
6320260319020004,防府競輪,4R,12:05,3-4,3,4,15.5,0.018596664472319075,-0.7117517006790544
2220260320010008,前橋競輪,8R,18:43,3-5,3,5,8.9,0.0322632953967542,-0.7128566709688876
6320260319020002,防府競輪,2R,11:10,1-6,1,6,10.1,0.02794724565792348,-0.7177328188549729
2220260320010006,前橋競輪,6R,17:54,1-5,1,5,3.7,0.07627330011481608,-0.7177887895751804
2220260320010006,前橋競輪,6R,17:54,2-7,2,7,4.6,0.060668993645351874,-0.7209226292313814
2320260319020007,取手競輪,7R,10:55,1-4,1,4,2.7,0.10318772954705188,-0.7213931302229599
6320260319020001,防府競輪,1R,10:45,7-9,7,9,6.4,0.0421630942166274,-0.7301561970135846
8120260319020001,小倉競輪,1R,15:57,2-4,2,4,3.4,0.07935398925713938,-0.7301964365257261
6320260319020007,防府競輪,7R,13:35,4-8,4,8,18.8,0.014320178582434612,-0.7307806426502292
8420260319020008,武雄競輪,8R,23:10,1-6,1,6,3.8,0.0708309020619112,-0.7308425721647375
8120260319020006,小倉競輪,6R,18:06,4-7,4,7,2.7,0.0995130493526786,-0.7313147667477677
8120260319020005,小倉競輪,5R,17:42,3-4,3,4,2.8,0.09563430626392597,-0.7322239424610073
1320260319020008,いわき平競輪,8R,23:00,3-5,3,5,7.0,0.03825291181973885,-0.7322296172618281
2220260320010008,前橋競輪,8R,18:43,2-7,2,7,5.6,0.04777284844793599,-0.7324720486915586
1320260319020004,いわき平競輪,4R,21:40,1-3,1,3,4.5,0.05775696941098678,-0.7400936376505596
8720260320010012,熊本競輪,12R,16:10,1-7,1,7,8.4,0.03093405445506803,-0.7401539425774285
2320260319020004,取手競輪,4R,09:52,2-4,2,4,3.6,0.07074866162850844,-0.7453048181373696
8420260319020004,武雄競輪,4R,21:50,3-7,3,7,45.7,0.0055611122742234035,-0.7458571690679905
8720260320010001,熊本競輪,1R,11:00,4-7,4,7,17.0,0.014900120529030236,-0.746697951006486
6320260319020008,防府競輪,8R,14:05,6-9,6,9,9.6,0.026361571069533317,-0.7469289177324802
2220260320010012,前橋競輪,12R,20:30,2-7,2,7,6.6,0.03832858043469381,-0.7470313691310209
6320260319020010,防府競輪,10R,15:15,5-6,5,6,9.1,0.027798586160498334,-0.7470328659394652
8420260319020002,武雄競輪,2R,21:10,1-2,1,2,2.1,0.1181491627579884,-0.7518867582082244
2220260320010005,前橋競輪,5R,17:30,2-7,2,7,2.8,0.08806096596253532,-0.7534292953049011
8120260319020005,小倉競輪,5R,17:42,3-7,3,7,3.0,0.07939872289868716,-0.7618038313039386
6320260319020006,防府競輪,6R,13:05,3-8,3,8,7.4,0.032187145105792195,-0.7618151262171378
2220260320010007,前橋競輪,7R,18:18,1-7,1,7,4.5,0.052893156071321556,-0.761980797679053
2220260320010009,前橋競輪,9R,19:09,1-4,1,4,4.0,0.05943690362783379,-0.7622523854886648
8420260319020005,武雄競輪,5R,22:10,1-6,1,6,2.5,0.0943246926269451,-0.7641882684326373
6320260319020002,防府競輪,2R,11:10,3-5,3,5,5.6,0.0419687016495146,-0.7649752707627182
8420260319020003,武雄競輪,3R,21:30,4-6,4,6,7.8,0.029901965560567158,-0.7667646686275762
6320260319020009,防府競輪,9R,14:40,3-8,3,8,6.7,0.0346786866146335,-0.7676527996819555
8420260319020009,武雄競輪,9R,23:30,1-3,1,3,2.8,0.0822143716186683,-0.7697997594677288
6320260319020012,防府競輪,12R,16:30,5-9,5,9,6.3,0.036490837341153215,-0.7701077247507347
8420260319020002,武雄競輪,2R,21:10,1-7,1,7,13.1,0.01688197684214207,-0.7788461033679389
8420260319020001,武雄競輪,1R,20:50,3-4,3,4,4.6,0.04693821939117426,-0.7840841908005984
6320260319020003,防府競輪,3R,11:35,7-9,7,9,5.1,0.0420804346956136,-0.7853897830523706
1320260319020005,いわき平競輪,5R,22:00,3-5,3,5,2.5,0.08433131263218863,-0.7891717184195284
6320260319020004,防府競輪,4R,12:05,1-7,1,7,5.4,0.038404551102737945,-0.7926154240452151
8720260320010002,熊本競輪,2R,11:23,3-5,3,5,2.1,0.09824167412120642,-0.7936924843454665
1320260319020004,いわき平競輪,4R,21:40,3-6,3,6,12.0,0.01706657816481935,-0.7952010620221678
6320260319020001,防府競輪,1R,10:45,1-6,1,6,15.3,0.013333791529229966,-0.7959929896027815
6320260319020006,防府競輪,6R,13:05,4-7,4,7,4.6,0.04427263686425168,-0.7963458704244423
2220260320010004,前橋競輪,4R,17:06,1-6,1,6,2.3,0.08847860090448136,-0.7964992179196929
8120260319020004,小倉競輪,4R,17:18,3-5,3,5,1.6,0.12614012721263385,-0.7981757964597859
1320260319020006,いわき平競輪,6R,22:20,2-7,2,7,11.6,0.017236739394062683,-0.8000538230288728
2220260320010002,前橋競輪,2R,16:16,3-5,3,5,2.3,0.08666676472872469,-0.8006664411239333
8720260320010010,熊本競輪,10R,15:00,1-4,1,4,1.7,0.11656916596147066,-0.8018324178654999
2320260319020005,取手競輪,5R,10:13,4-5,4,5,2.2,0.08679378599661997,-0.8090536708074361
1320260319020009,いわき平競輪,9R,23:20,1-6,1,6,3.1,0.061582210538570735,-0.8090951473304308
8720260320010009,熊本競輪,9R,14:33,1-7,1,7,3.5,0.05445136136660837,-0.8094202352168707
6320260319020001,防府競輪,1R,10:45,4-8,4,8,21.1,0.008965831974404294,-0.8108209453400694
8720260320010008,熊本競輪,8R,14:10,1-7,1,7,5.7,0.03298655480049767,-0.8119766376371633
1320260319020001,いわき平競輪,1R,20:40,1-2,1,2,1.9,0.09809009910498433,-0.8136288117005298
2220260320010011,前橋競輪,11R,20:02,2-5,2,5,5.2,0.03569394112015774,-0.8143915061751797
2320260319020003,取手競輪,3R,09:31,2-7,2,7,2.2,0.0840422853028198,-0.8151069723337965
2220260320010003,前橋競輪,3R,16:42,1-4,1,4,1.6,0.11481198055272526,-0.8163008311156396
2220260320010010,前橋競輪,10R,19:35,2-7,2,7,2.0,0.08923454402935198,-0.821530911941296
8720260320010008,熊本競輪,8R,14:10,2-5,2,5,2.1,0.08334781418691241,-0.824969590207484
6320260319020010,防府競輪,10R,15:15,2-9,2,9,5.5,0.030513122477706083,-0.8321778263726165
8120260319020001,小倉競輪,1R,15:57,3-4,3,4,2.5,0.06685337176601883,-0.832866570584953
2220260320010001,前橋競輪,1R,15:42,3-5,3,5,1.5,0.1107003240651013,-0.8339495139023481
1320260319020002,いわき平競輪,2R,21:00,1-2,1,2,1.6,0.10357889097610352,-0.8342737744382344
2320260319020001,取手競輪,1R,08:50,2-5,2,5,2.0,0.08261440066773867,-0.8347711986645227
6320260319020004,防府競輪,4R,12:05,2-9,2,9,2.6,0.06323896134299337,-0.8355787005082173
6320260319020005,防府競輪,5R,12:35,1-9,1,9,1.7,0.09530671747338526,-0.8379785802952451
8120260319020005,小倉競輪,5R,17:42,3-5,3,5,2.2,0.07355956218221214,-0.8381689631991333
8120260319020003,小倉競輪,3R,16:54,5-7,5,7,1.9,0.08348996426338917,-0.8413690678995606
1320260319020005,いわき平競輪,5R,22:00,1-5,1,5,1.5,0.10489971937286777,-0.8426504209406984
8420260319020004,武雄競輪,4R,21:50,4-7,4,7,22.8,0.006780192446168021,-0.8454116122273692
8120260319020008,小倉競輪,8R,18:56,1-7,1,7,4.5,0.034002526269151415,-0.8469886317888187
8120260319020006,小倉競輪,6R,18:06,3-4,3,4,1.9,0.08027137004785678,-0.8474843969090722
2320260319020007,取手競輪,7R,10:55,1-5,1,5,1.5,0.10023803097722796,-0.8496429535341581
8720260320010006,熊本競輪,6R,13:12,2-4,2,4,1.6,0.09162453295103659,-0.8534007472783415
6320260319020007,防府競輪,7R,13:35,2-4,2,4,3.8,0.03732391684638013,-0.8581691159837554
6320260319020011,防府競輪,11R,15:50,1-7,1,7,1.8,0.07488766188644745,-0.8652022086043946
2320260319020006,取手競輪,6R,10:34,2-7,2,7,1.9,0.07066806100232152,-0.8657306840955892
8720260320010001,熊本競輪,1R,11:00,2-4,2,4,2.5,0.053649173879055684,-0.8658770653023609
8720260320010007,熊本競輪,7R,13:42,4-7,4,7,1.3,0.10261101039701723,-0.8666056864838776
2220260320010002,前橋競輪,2R,16:16,1-4,1,4,2.8,0.04691862957548122,-0.8686278371886526
8120260319020002,小倉競輪,2R,16:22,3-5,3,5,1.8,0.07249523256619295,-0.8695085813808527
6320260319020003,防府競輪,3R,11:35,2-4,2,4,6.4,0.020322711577176467,-0.8699346459060706
8720260320010012,熊本競輪,12R,16:10,1-5,1,5,2.1,0.061797539353493434,-0.8702251673576638
6320260319020001,防府競輪,1R,10:45,3-4,3,4,8.1,0.01569540242393668,-0.8728672403661129
8720260320010004,熊本競輪,4R,12:12,2-7,2,7,1.2,0.10065294156277503,-0.87921647012467
8420260319020007,武雄競輪,7R,22:50,1-3,1,3,1.0,0.10094794901100854,-0.8990520509889914
6320260319020008,防府競輪,8R,14:05,1-9,1,9,1.6,0.06269700113390951,-0.8996847981857448
8720260320010011,熊本競輪,11R,15:35,2-7,2,7,1.4,0.06830426843460542,-0.9043740241915524
8720260320010003,熊本競輪,3R,11:47,3-7,3,7,1.3,0.07092325047138928,-0.907799774387194
