race_id,競輪場,レース番号,開始時間,買い目,a,b,odds,p,EV
8520260705020002,佐世保競輪,2R,09:00,2-3,2,3,835.8,0.048755430872953684,39.74978912361469
8520260705020001,佐世保競輪,1R,08:40,1-5,1,5,776.8,0.045891422989304854,34.64845737809201
8520260705020002,佐世保競輪,2R,09:00,2-7,2,7,696.5,0.0463996481401619,31.31735492962276
4520260705020007,豊橋競輪,7R,18:22,1-6,1,6,698.0,0.04502147053800252,30.424986435525756
4520260705020006,豊橋競輪,6R,17:57,3-6,3,6,572.0,0.048408736563977206,26.689797314594962
4520260705020007,豊橋競輪,7R,18:22,1-5,1,5,558.4,0.04583271169850642,24.592986212445982
4520260705020007,豊橋競輪,7R,18:22,5-6,5,6,523.5,0.04858530991339291,24.434409739661188
8520260705020002,佐世保競輪,2R,09:00,2-6,2,6,522.3,0.04812776187597466,24.137130027821563
2320260706010006,取手競輪,6R,13:18,5-6,5,6,512.1,0.048425368267358125,23.798631089714096
8520260705020002,佐世保競輪,2R,09:00,1-2,1,2,522.3,0.04548309101022061,22.755818434638226
4520260705020007,豊橋競輪,7R,18:22,5-7,5,7,492.7,0.04803926435731132,22.668945548847287
8520260705020002,佐世保競輪,2R,09:00,1-3,1,3,522.3,0.04468227548681224,22.33755248676203
8520260705020001,佐世保競輪,1R,08:40,2-5,2,5,466.1,0.04899985765230362,21.83883365173872
2320260706010006,取手競輪,6R,13:18,4-6,4,6,512.1,0.04440874660898054,21.741719138458937
5620260704030005,岸和田競輪,5R,22:18,2-7,2,7,459.1,0.049476116376920135,21.714485028644035
8520260705020001,佐世保競輪,1R,08:40,5-7,5,7,466.1,0.048552328793917764,21.630240450845072
4520260705020006,豊橋競輪,6R,17:57,1-3,1,3,464.8,0.04598543577915078,20.374030550149282
4520260705020006,豊橋競輪,6R,17:57,3-7,3,7,464.8,0.04539517509488169,20.09967738410101
2320260706010006,取手競輪,6R,13:18,1-5,1,5,433.3,0.04841493366936745,19.97819075893692
4520260705020007,豊橋競輪,7R,18:22,6-7,6,7,418.8,0.04727376864560406,18.79825430877898
8520260705020004,佐世保競輪,4R,09:40,1-6,1,6,555.3,0.035299769422413724,18.60196196026634
8520260705020002,佐世保競輪,2R,09:00,3-7,3,7,417.9,0.04560957069108501,18.060239591804425
4520260705020007,豊橋競輪,7R,18:22,2-6,2,6,418.8,0.044887429290696196,17.79885538694357
8520260705020002,佐世保競輪,2R,09:00,2-5,2,5,379.9,0.04809374386065704,17.270813292663608
2320260706010006,取手競輪,6R,13:18,4-5,4,5,402.3,0.04534489016138955,17.24224931192702
4520260705020006,豊橋競輪,6R,17:57,3-4,3,4,371.8,0.048391523362860844,16.99196838631166
2320260706010006,取手競輪,6R,13:18,5-7,5,7,375.5,0.04620324816884643,16.349319687401834
4520260705020007,豊橋競輪,7R,18:22,3-6,3,6,364.1,0.047549854323732516,16.31290195927101
2320260706010005,取手競輪,5R,12:50,1-7,1,7,362.5,0.04693495547718213,16.01392136047852
8520260705020006,佐世保競輪,6R,10:20,3-6,3,6,357.1,0.047631927694830704,16.009361379824046
2320260706010005,取手競輪,5R,12:50,5-7,5,7,362.5,0.04530219723832604,15.422046498893192
4520260705020006,豊橋競輪,6R,17:57,1-6,1,6,354.1,0.045066555911974115,14.958067448430036
8520260705020001,佐世保競輪,1R,08:40,1-7,1,7,358.5,0.04381208265639075,14.706631632316084
8520260705020002,佐世保競輪,2R,09:00,1-7,1,7,348.2,0.0423496683285509,13.746154512001423
2720260704030004,京王閣競輪,4R,22:01,2-6,2,6,292.6,0.0496186418492862,13.518414605101144
8520260705020006,佐世保競輪,6R,10:20,1-6,1,6,306.1,0.046343638404865765,13.185787715729411
8520260705020002,佐世保競輪,2R,09:00,3-6,3,6,298.5,0.04735280273362248,13.13481161598631
8520260705020002,佐世保競輪,2R,09:00,3-5,3,5,298.5,0.047320525152730636,13.125176758090095
8620260704030006,別府競輪,6R,23:03,6-7,6,7,444.2,0.031657079996250434,13.062074934334442
5620260704030001,岸和田競輪,1R,20:41,3-6,3,6,257.5,0.054367620043502006,12.999662161201767
8520260705020006,佐世保競輪,6R,10:20,1-7,1,7,285.7,0.04859938605716052,12.88484459653076
4520260705020006,豊橋競輪,6R,17:57,3-5,3,5,286.0,0.048155088745613805,12.772355381245548
8520260705020001,佐世保競輪,1R,08:40,4-5,4,5,291.3,0.047036106728908,12.7016178901309
2320260706010005,取手競輪,5R,12:50,1-5,1,5,280.1,0.04886995204026083,12.68847356647706
4520260705020007,豊橋競輪,7R,18:22,3-5,3,5,279.2,0.04831497897422023,12.489542129602286
8520260705020001,佐世保競輪,1R,08:40,5-6,5,6,274.1,0.04860467059862057,12.3225402110819
8520260705020004,佐世保競輪,4R,09:40,3-6,3,6,333.2,0.03993435841018922,12.306128222275047
8520260705020003,佐世保競輪,3R,09:20,1-6,1,6,330.6,0.039976230888786775,12.216141931832908
2320260706010004,取手競輪,4R,12:22,5-6,5,6,318.6,0.04099499233046394,12.061004556485813
8620260704030005,別府競輪,5R,22:36,2-7,2,7,291.1,0.04354365277418079,11.67555732256403
2320260706010006,取手競輪,6R,13:18,1-4,1,4,281.6,0.04434137830120746,11.486532129620022
2320260706010005,取手競輪,5R,12:50,4-5,4,5,280.1,0.04432084452445406,11.414268551299584
8620260704030005,別府競輪,5R,22:36,3-7,3,7,291.1,0.04129922977663693,11.022205787979011
3720260704030006,伊東競輪,6R,10:10,1-6,1,6,279.0,0.04292191809655392,10.975215148938544
4520260705020007,豊橋競輪,7R,18:22,2-5,2,5,261.7,0.04569573822844969,10.958574694385284
8620260704030004,別府競輪,4R,22:09,6-7,6,7,330.1,0.035120251957251145,10.593195171088604
3720260704030003,伊東競輪,3R,09:10,2-3,2,3,252.2,0.04593177657201884,10.58399405146315
2320260706010009,取手競輪,9R,14:48,4-6,4,6,249.2,0.04612489418758056,10.494323631545075
2320260706010005,取手競輪,5R,12:50,1-4,1,4,246.5,0.04593598083329556,10.323219275407356
3720260704030006,伊東競輪,6R,10:10,4-6,4,6,264.3,0.04239384219291502,10.20469249158744
4520260705020005,豊橋競輪,5R,17:32,3-7,3,7,247.6,0.04523658228979687,10.200577774953706
4520260705020006,豊橋競輪,6R,17:57,6-7,6,7,247.9,0.04446715834610427,10.023408553999248
8520260705020004,佐世保競輪,4R,09:40,4-6,4,6,277.6,0.03957661143285819,9.986467333761436
5520260705020005,和歌山競輪,5R,12:36,2-6,2,6,243.0,0.04507269646600233,9.952665241238567
8520260705020007,佐世保競輪,7R,10:40,1-7,1,7,194.5,0.05575580591579779,9.84450425062267
8520260705020006,佐世保競輪,6R,10:20,5-6,5,6,306.1,0.035125240805453414,9.75183621054929
8620260704030006,別府競輪,6R,23:03,1-7,1,7,216.1,0.04858799071055318,9.499864792550543
5620260704030005,岸和田競輪,5R,22:18,2-6,2,6,203.0,0.05045271800656372,9.241901755332435
2320260706010006,取手競輪,6R,13:18,6-7,6,7,225.3,0.045297371848984566,9.205497877576223
5520260705020005,和歌山競輪,5R,12:36,3-6,3,6,232.0,0.04306523787204884,8.991135186315331
8520260705020004,佐世保競輪,4R,09:40,2-6,2,6,277.6,0.03554527421106687,8.867368120992163
8520260705020001,佐世保競輪,1R,08:40,1-2,1,2,221.9,0.044287680099695845,8.827436214122509
8620260704030006,別府競輪,6R,23:03,5-7,5,7,285.6,0.03411092073528753,8.74207896199812
5620260704030002,岸和田競輪,2R,21:05,4-5,4,5,174.5,0.05558342445272561,8.69930756700062
8520260705020002,佐世保競輪,2R,09:00,1-6,1,6,219.9,0.04400988212198337,8.677773078624142
8620260704030003,別府競輪,3R,21:45,5-6,5,6,190.7,0.04997006372132669,8.529291151656999
2320260706010006,取手競輪,6R,13:18,4-7,4,7,225.3,0.04218885259051087,8.5051484886421
3720260704030002,伊東競輪,2R,08:50,6-7,6,7,216.4,0.04386704211224757,8.492827913090373
3720260704030002,伊東競輪,2R,08:50,3-7,3,7,207.0,0.04567535888614474,8.45479928943196
8520260705020007,佐世保競輪,7R,10:40,6-7,6,7,251.7,0.03731453078786233,8.392067399304947
8520260705020003,佐世保競輪,3R,09:20,6-7,6,7,259.8,0.035922198208939465,8.332587094682474
3720260704030004,伊東競輪,4R,09:30,3-6,3,6,211.7,0.04407151894854155,8.329940561406245
5620260704030001,岸和田競輪,1R,20:41,2-6,2,6,166.1,0.056105160764679876,8.319067203013327
3720260704030002,伊東競輪,2R,08:50,3-6,3,6,216.4,0.042967420753542214,8.298149851066535
4520260705020006,豊橋競輪,6R,17:57,4-6,4,6,195.7,0.04748584838757142,8.292980529447727
5620260704030001,岸和田競輪,1R,20:41,5-6,5,6,183.9,0.050440519858409735,8.276011601961551
8620260704030005,別府競輪,5R,22:36,3-6,3,6,211.2,0.043839716761871046,8.258948180107165
8620260704030006,別府競輪,6R,23:03,5-6,5,6,249.9,0.03652206402466478,8.126863799763727
8520260705020006,佐世保競輪,6R,10:20,1-2,1,2,178.5,0.05105699909657307,8.113674338738292
8520260705020001,佐世保競輪,1R,08:40,2-7,2,7,186.4,0.04690284892614657,7.742691039833721
5520260705020002,和歌山競輪,2R,11:12,1-2,1,2,192.1,0.04542332447818598,7.725820632259525
3720260704030002,伊東競輪,2R,08:50,2-6,2,6,190.5,0.045752462964464634,7.715844194730513
4520260705020005,豊橋競輪,5R,17:32,2-3,2,3,187.7,0.04638393266946968,7.706264162059458
5620260704030005,岸和田競輪,5R,22:18,1-2,1,2,120.0,0.07166154184822321,7.5993850217867855
2320260706010005,取手競輪,5R,12:50,5-6,5,6,181.2,0.04696588545941824,7.5102184452465846
8620260704030003,別府競輪,3R,21:45,1-6,1,6,113.0,0.07524007477462191,7.502128449532275
4520260705020012,豊橋競輪,12R,20:30,3-7,3,7,181.9,0.04635543935516243,7.4320544187040465
3720260704030003,伊東競輪,3R,09:10,3-6,3,6,189.1,0.04457762715734012,7.429629295453017
8520260705020005,佐世保競輪,5R,10:00,5-6,5,6,250.9,0.03349055302799216,7.402779754723234
2320260706010006,取手競輪,6R,13:18,1-6,1,6,176.0,0.04753288534967927,7.365787821543551
4520260705020004,豊橋競輪,4R,17:07,4-5,4,5,173.4,0.04773893276083846,7.277930940729389
8520260705020001,佐世保競輪,1R,08:40,1-4,1,4,194.2,0.04236261530576881,7.226819892380304
5520260705020003,和歌山競輪,3R,11:40,4-5,4,5,176.2,0.046562128830108296,7.204247099865082
5520260705020011,和歌山競輪,11R,15:34,3-6,3,6,178.6,0.04588889941867112,7.195757436174663
2320260706010010,取手競輪,10R,15:18,2-6,2,6,186.0,0.043985842153235005,7.181366640501711
2320260706010007,取手競輪,7R,13:48,2-3,2,3,168.6,0.04790543517218879,7.076856370031029
5520260705020003,和歌山競輪,3R,11:40,5-7,5,7,176.2,0.04520455320884753,6.965042275398934
8520260705020003,佐世保競輪,3R,09:20,4-6,4,6,202.0,0.03933836396555196,6.946349521041496
5620260704030001,岸和田競輪,1R,20:41,2-5,2,5,114.4,0.06900055130644503,6.893663069457312
2320260706010007,取手競輪,7R,13:48,1-2,1,2,168.6,0.04662401370844403,6.8608087112436635
8620260704030006,別府競輪,6R,23:03,4-6,4,6,205.0,0.03828212198861798,6.847835007666686
4520260705020007,豊橋競輪,7R,18:22,1-2,1,2,186.1,0.04209692193616961,6.834237172321164
5620260704030001,岸和田競輪,1R,20:41,3-5,3,5,117.0,0.06687491616888652,6.824365191759723
8620260704030001,別府競輪,1R,20:57,1-3,1,3,43.2,0.18071903091918654,6.8070621357088585
4520260705020005,豊橋競輪,5R,17:32,2-7,2,7,171.1,0.04538111378367911,6.764708568387495
5520260705020005,和歌山競輪,5R,12:36,2-3,2,3,164.6,0.047086509900645154,6.750439529646192
2720260704030004,京王閣競輪,4R,22:01,3-6,3,6,184.8,0.04193017240156989,6.748695859810116
2320260706010009,取手競輪,9R,14:48,5-6,5,6,176.8,0.043822763226340364,6.747864538416977
4520260705020007,豊橋競輪,7R,18:22,2-7,2,7,174.5,0.044291073692198084,6.7287923592885655
4520260705020004,豊橋競輪,4R,17:07,1-4,1,4,167.5,0.04558565014734151,6.635596399679703
8520260705020006,佐世保競輪,6R,10:20,6-7,6,7,267.8,0.028407773748845663,6.607601809940869
5520260705020004,和歌山競輪,4R,12:08,2-4,2,4,171.7,0.04412987640300832,6.577099778396528
5620260704030006,岸和田競輪,6R,22:45,2-6,2,6,157.4,0.04789719149838166,6.539017941845274
8620260704030002,別府競輪,2R,21:21,4-5,4,5,112.8,0.06646577322631847,6.497339219928723
4520260705020006,豊橋競輪,6R,17:57,5-6,5,6,158.2,0.04724888713404926,6.474773944606593
2320260706010004,取手競輪,4R,12:22,5-7,5,7,159.3,0.04688667385037672,6.469047144365011
2320260706010009,取手競輪,9R,14:48,3-6,3,6,156.6,0.04754804050316262,6.446023142795267
8620260704030002,別府競輪,2R,21:21,2-5,2,5,82.7,0.08961888094789325,6.411481454390771
3720260704030001,伊東競輪,1R,08:30,6-7,6,7,169.0,0.04352457254712365,6.355652760463896
2320260706010002,取手競輪,2R,11:26,5-7,5,7,129.2,0.056546477797025936,6.30580493137575
2320260706010010,取手競輪,10R,15:18,5-6,5,6,168.0,0.043052022461623735,6.232739773552788
5620260704030003,岸和田競輪,3R,21:29,3-6,3,6,115.6,0.061402419062862285,6.098119643666879
3720260704030004,伊東競輪,4R,09:30,2-6,2,6,154.0,0.045535765058038497,6.012507818937928
2720260704030007,京王閣競輪,7R,23:21,5-7,5,7,220.6,0.03174047801387017,6.00194944985976
8620260704030006,別府競輪,6R,23:03,4-7,4,7,195.0,0.03580398562444022,5.981777196765843
8620260704030004,別府競輪,4R,22:09,4-7,4,7,184.5,0.037145023774869015,5.853256886463333
8620260704030006,別府競輪,6R,23:03,1-5,1,5,124.9,0.05478938943057536,5.843194739878863
5620260704030004,岸和田競輪,4R,21:53,3-7,3,7,162.6,0.04198630328295498,5.82697291380848
8520260705020004,佐世保競輪,4R,09:40,5-6,5,6,151.4,0.04495117233645414,5.805607491739157
4520260705020006,豊橋競輪,6R,17:57,2-3,2,3,126.0,0.05379706008623329,5.778429570865395
2320260706010004,取手競輪,4R,12:22,1-5,1,5,104.4,0.06492545364563668,5.7782173606044696
5520260705020002,和歌山競輪,2R,11:12,1-6,1,6,151.6,0.04469706650071971,5.776075281509108
8520260705020006,佐世保競輪,6R,10:20,3-7,3,7,133.9,0.04996695020508435,5.690574632460795
5620260704030005,岸和田競輪,5R,22:18,2-3,2,3,110.0,0.06050090246876266,5.655099271563893
5520260705020005,和歌山競輪,5R,12:36,6-7,6,7,152.3,0.04365116719058755,5.648072763126485
5620260704030005,岸和田競輪,5R,22:18,1-7,1,7,130.3,0.05087683854751002,5.629252062740556
5620260704030007,岸和田競輪,7R,23:12,1-2,1,2,94.0,0.06982849228397885,5.563878274694011
4520260705020005,豊橋競輪,5R,17:32,3-4,3,4,136.9,0.04791660538387718,5.559783277052786
5620260704030004,岸和田競輪,4R,21:53,2-7,2,7,147.8,0.044194566365822516,5.531956908868568
4520260705020002,豊橋競輪,2R,16:17,1-6,1,6,154.4,0.042213888991351575,5.517824460264683
2320260706010005,取手競輪,5R,12:50,1-2,1,2,133.9,0.048504452367983286,5.494746172072962
3720260704030002,伊東競輪,2R,08:50,5-6,5,6,140.0,0.046388094148640896,5.4943331808097255
2320260706010009,取手競輪,9R,14:48,4-5,4,5,148.1,0.04340011188283274,5.427556569847529
2320260706010003,取手競輪,3R,11:54,5-6,5,6,174.1,0.0368014069565989,5.407124951143868
5620260704030005,岸和田競輪,5R,22:18,6-7,6,7,188.5,0.03369544480877388,5.351591346453876
4520260705020009,豊橋競輪,9R,19:12,2-6,2,6,160.0,0.03954875696135185,5.327801113816296
5520260705020004,和歌山競輪,4R,12:08,2-3,2,3,138.0,0.04578248098441057,5.317982375848659
5620260704030001,岸和田競輪,1R,20:41,1-6,1,6,103.0,0.06109304811834322,5.292583956189352
2320260706010005,取手競輪,5R,12:50,2-5,2,5,133.9,0.04684947989913816,5.2731453584946
2320260706010005,取手競輪,5R,12:50,1-6,1,6,128.4,0.04862443344618908,5.243377254490678
2320260706010008,取手競輪,8R,14:18,4-6,4,6,153.0,0.04068657840652974,5.225046496199051
2720260704030007,京王閣競輪,7R,23:21,2-7,2,7,131.5,0.04726966714853302,5.215961230032092
8520260705020007,佐世保競輪,7R,10:40,1-2,1,2,101.9,0.06096917043193034,5.212758467013702
2720260704030005,京王閣競輪,5R,22:27,6-7,6,7,221.0,0.028070386774012523,5.203555477056768
8520260705020001,佐世保競輪,1R,08:40,1-6,1,6,141.2,0.04385620625725725,5.192496323524724
8520260705020005,佐世保競輪,5R,10:00,4-5,4,5,116.2,0.05327366092589728,5.190399399589264
8620260704030002,別府競輪,2R,21:21,1-5,1,5,66.7,0.09270309188002013,5.183296228397343
8520260705020006,佐世保競輪,6R,10:20,1-5,1,5,107.1,0.05769409677314446,5.1790377644037715
4520260705020010,豊橋競輪,10R,19:38,6-7,6,7,170.1,0.036193388446742,5.156495374790814
4520260705020010,豊橋競輪,10R,19:38,2-7,2,7,170.1,0.03616107642848668,5.150999100485584
3720260704030006,伊東競輪,6R,10:10,3-4,3,4,125.5,0.048938216438579596,5.14174616304174
8520260705020002,佐世保競輪,2R,09:00,1-5,1,5,139.3,0.043980995410593596,5.126552660695689
2320260706010011,取手競輪,11R,15:48,6-7,6,7,141.8,0.043043394777502283,5.103553379449824
3720260704030001,伊東競輪,1R,08:30,4-6,4,6,133.1,0.04579220694041969,5.0949427437698604
2320260706010004,取手競輪,4R,12:22,2-6,2,6,205.5,0.029648986439703477,5.092866713359064
3720260704030007,伊東競輪,7R,10:30,1-6,1,6,132.3,0.04591926559477105,5.075118838188211
2320260706010002,取手競輪,2R,11:26,6-7,6,7,175.9,0.03449474819840506,5.06762620809945
2720260704030003,京王閣競輪,3R,21:37,1-7,1,7,149.6,0.04052429940238216,5.062435190596371
2320260706010010,取手競輪,10R,15:18,6-7,6,7,130.2,0.04639460272244962,5.04057727446294
3720260704030006,伊東競輪,6R,10:10,3-6,3,6,135.7,0.04445732597105623,5.0328591342723294
5620260704030006,岸和田競輪,6R,22:45,2-5,2,5,116.1,0.051942654341121317,5.0305421690041845
3720260704030002,伊東競輪,2R,08:50,4-7,4,7,125.3,0.04775263307055278,4.983404923740263
2320260706010001,取手競輪,1R,10:58,2-3,2,3,147.2,0.040470359310565904,4.957236890515301
5520260705020009,和歌山競輪,9R,14:33,3-5,3,5,136.1,0.04353621261665807,4.925278537127163
2320260706010003,取手競輪,3R,11:54,1-6,1,6,120.8,0.04868743137359363,4.881441709930111
5520260705020004,和歌山競輪,4R,12:08,4-5,4,5,124.6,0.0471793268058778,4.878544120012374
8620260704030002,別府競輪,2R,21:21,3-5,3,5,85.0,0.06889689950091683,4.856236457577931
5520260705020006,和歌山競輪,6R,13:04,4-6,4,6,156.3,0.03743549586609743,4.851168003871028
8620260704030004,別府競輪,4R,22:09,1-7,1,7,112.0,0.0521869207601635,4.844935125138312
3720260704030005,伊東競輪,5R,09:50,1-2,1,2,123.0,0.047480995988883654,4.840162506632689
3720260704030003,伊東競輪,3R,09:10,5-6,5,6,126.1,0.0462808828324371,4.8360193251703185
2320260706010004,取手競輪,4R,12:22,6-7,6,7,199.1,0.029279916643748734,4.829631403770373
4520260705020012,豊橋競輪,12R,20:30,2-7,2,7,165.6,0.03510201751220202,4.812894100020655
2320260706010006,取手競輪,6R,13:18,2-5,2,5,108.3,0.05348924992949154,4.792885767363934
5520260705020004,和歌山競輪,4R,12:08,4-6,4,6,128.8,0.0448068238580462,4.771118912916351
3720260704030003,伊東競輪,3R,09:10,3-5,3,5,130.4,0.043670695923568495,4.694658748433332
8620260704030004,別府競輪,4R,22:09,3-7,3,7,145.8,0.03899890387433039,4.6860401848773705
2720260704030006,京王閣競輪,6R,22:54,1-6,1,6,114.5,0.04939635906134095,4.655883112523538
8620260704030005,別府競輪,5R,22:36,2-6,2,6,122.4,0.04620189243639179,4.6551116342143555
5520260705020011,和歌山競輪,11R,15:34,1-6,1,6,114.8,0.04899000348167556,4.624052399696354
4520260705020005,豊橋競輪,5R,17:32,4-7,4,7,119.9,0.04688395054706787,4.621385670593438
5620260704030007,岸和田競輪,7R,23:12,1-3,1,3,83.6,0.06712258730945966,4.611448299070828
8620260704030004,別府競輪,4R,22:09,4-6,4,6,133.4,0.041954114176113166,4.596678831093497
3720260704030004,伊東競輪,4R,09:30,6-7,6,7,118.1,0.04729553486110086,4.585602667096011
5520260705020009,和歌山競輪,9R,14:33,1-3,1,3,105.3,0.0529194563351507,4.572418752091369
5620260704030005,岸和田競輪,5R,22:18,4-7,4,7,153.0,0.036410673929530915,4.57083311121823
5620260704030006,岸和田競輪,6R,22:45,2-7,2,7,122.1,0.045529745405057255,4.559181913957491
2320260706010008,取手競輪,8R,14:18,5-6,5,6,137.7,0.04026451230086047,4.544423343828487
2320260706010009,取手競輪,9R,14:48,2-6,2,6,111.9,0.048896615467447724,4.4715312708074
5620260704030003,岸和田競輪,3R,21:29,3-5,3,5,86.2,0.06342170348421292,4.466950840339154
4520260705020008,豊橋競輪,8R,18:47,2-4,2,4,109.4,0.049846530912789164,4.453210481859135
8520260705020005,佐世保競輪,5R,10:00,2-6,2,6,122.2,0.04462167254386552,4.452768384860367
2320260706010011,取手競輪,11R,15:48,4-7,4,7,117.7,0.04629839711248131,4.44932134013905
2320260706010002,取手競輪,2R,11:26,2-7,2,7,134.7,0.04042704818100454,4.445523389981311
2320260706010007,取手競輪,7R,13:48,1-3,1,3,112.4,0.04838171480675284,4.438104744279019
5620260704030002,岸和田競輪,2R,21:05,5-6,5,6,104.7,0.05191381433313705,4.435376360679449
8520260705020004,佐世保競輪,4R,09:40,1-7,1,7,114.9,0.04715243489944479,4.417814769946206
4520260705020005,豊橋競輪,5R,17:32,6-7,6,7,125.1,0.04318401408140951,4.4023201615843295
8620260704030004,別府競輪,4R,22:09,3-6,3,6,123.0,0.04391170664162649,4.401139916920059
5520260705020006,和歌山競輪,6R,13:04,6-7,6,7,119.1,0.044914032044444815,4.349261216493377
4520260705020010,豊橋競輪,10R,19:38,4-7,4,7,120.5,0.04386483067799003,4.285712096697799
4520260705020006,豊橋競輪,6R,17:57,1-7,1,7,126.0,0.04193900918199213,4.284315156931008
2720260704030002,京王閣競輪,2R,21:13,3-6,3,6,130.1,0.04047621213129095,4.2659551982809525
2320260706010008,取手競輪,8R,14:18,4-5,4,5,110.1,0.047772669045153884,4.259770861871442
4520260705020002,豊橋競輪,2R,16:17,3-6,3,6,118.7,0.04420160731893123,4.246730788757137
5620260704030003,岸和田競輪,3R,21:29,1-6,1,6,77.0,0.06789733934397935,4.22809512948641
2320260706010001,取手競輪,1R,10:58,4-5,4,5,95.2,0.05487599545833951,4.2241947676339215
3720260704030003,伊東競輪,3R,09:10,3-7,3,7,111.2,0.04696083968728437,4.222045373226022
3720260704030005,伊東競輪,5R,09:50,2-4,2,4,112.8,0.04618694941663103,4.2098878941959805
4520260705020004,豊橋競輪,4R,17:07,1-5,1,5,105.1,0.04944876297239865,4.197064988399098
5520260705020008,和歌山競輪,8R,14:03,3-7,3,7,144.2,0.03598701816448735,4.189328019319076
3720260704030006,伊東競輪,6R,10:10,2-6,2,6,119.6,0.043356249573950345,4.185407449044461
8520260705020006,佐世保競輪,6R,10:20,2-6,2,6,171.4,0.030170634499768013,4.171246753260237
3720260704030001,伊東競輪,1R,08:30,2-6,2,6,113.7,0.04460287459417393,4.071346841357577
4520260705020011,豊橋競輪,11R,20:04,6-7,6,7,133.9,0.03775357672321247,4.0552039232381505
4520260705020002,豊橋競輪,2R,16:17,2-6,2,6,125.2,0.04032382834048705,4.048543308228979
8520260705020003,佐世保競輪,3R,09:20,5-6,5,6,145.5,0.034659597911180534,4.042971496076768
2720260704030003,京王閣競輪,3R,21:37,5-7,5,7,138.7,0.03630983444787622,4.036174037920431
2320260706010005,取手競輪,5R,12:50,4-7,4,7,118.5,0.04233009598812636,4.016116374592973
2720260704030005,京王閣競輪,5R,22:27,4-7,4,7,142.8,0.035054585871846476,4.005794862499677
2720260704030004,京王閣競輪,4R,22:01,5-6,5,6,132.5,0.0374684721402123,3.96457255857813
2720260704030005,京王閣競輪,5R,22:27,3-6,3,6,109.2,0.04509244471935118,3.9240949633531486
8520260705020001,佐世保競輪,1R,08:40,2-4,2,4,108.4,0.045403439683922873,3.9217328617372393
4520260705020002,豊橋競輪,2R,16:17,1-2,1,2,107.7,0.04566758311796257,3.918398701804569
3720260704030006,伊東競輪,6R,10:10,6-7,6,7,109.2,0.044834603502496934,3.895938702472665
4520260705020012,豊橋競輪,12R,20:30,5-7,5,7,117.4,0.04167019934019927,3.892081402539395
2320260706010003,取手競輪,3R,11:54,4-6,4,6,144.4,0.033551352101036123,3.8448152433896166
4520260705020008,豊橋競輪,8R,18:47,3-4,3,4,107.0,0.045255541492732594,3.8423429397223874
4520260705020009,豊橋競輪,9R,19:12,4-6,4,6,99.1,0.04871622235125379,3.8277776350092507
8520260705020007,佐世保競輪,7R,10:40,1-6,1,6,122.2,0.039266621575228415,3.798381156492913
2720260704030005,京王閣競輪,5R,22:27,3-7,3,7,109.2,0.04378369526843408,3.7811795233130017
4520260705020007,豊橋競輪,7R,18:22,2-3,2,3,107.3,0.044554684357747856,3.780717631586345
5620260704030001,岸和田競輪,1R,20:41,4-6,4,6,91.9,0.05197969253794401,3.7769337442370547
5520260705020004,和歌山競輪,4R,12:08,3-4,3,4,105.8,0.04507472003043342,3.7689053792198557
5620260704030004,岸和田競輪,4R,21:53,4-7,4,7,129.0,0.03696570793803959,3.768576324007107
5620260704030002,岸和田競輪,2R,21:05,1-5,1,5,57.5,0.08293079219385163,3.7685205511464686
3720260704030005,伊東競輪,5R,09:50,4-7,4,7,104.1,0.04573657265677729,3.761177213570515
8520260705020004,佐世保競輪,4R,09:40,6-7,6,7,119.0,0.03990268096118489,3.748419034381002
4520260705020006,豊橋競輪,6R,17:57,2-6,2,6,89.6,0.05293962667164551,3.743390549779437
3720260704030007,伊東競輪,7R,10:30,6-7,6,7,100.9,0.04700488962474465,3.7427933631367356
5520260705020002,和歌山競輪,2R,11:12,1-5,1,5,99.3,0.04762273375755802,3.7289374621255114
2320260706010007,取手競輪,7R,13:48,1-7,1,7,94.6,0.04989811024271969,3.7203612289612824
8620260704030006,別府競輪,6R,23:03,3-5,3,5,103.8,0.04539522861967692,3.7120247307224634
2320260706010010,取手競輪,10R,15:18,2-5,2,5,108.5,0.043284538264796696,3.696372401730441
5620260704030002,岸和田競輪,2R,21:05,1-6,1,6,58.1,0.08066933249674237,3.686888218060732
5520260705020003,和歌山競輪,3R,11:40,2-5,2,5,102.0,0.04580121942067737,3.671724380909092
2720260704030006,京王閣競輪,6R,22:54,3-6,3,6,97.3,0.047973053932643284,3.6677781476461915
2320260706010010,取手競輪,10R,15:18,5-7,5,7,102.1,0.04570483714564758,3.666463872570618
5620260704030005,岸和田競輪,5R,22:18,2-5,2,5,90.2,0.05168185434600665,3.6617032620098007
8620260704030003,別府競輪,3R,21:45,4-5,4,5,81.3,0.05700035495019802,3.634128857451099
2720260704030007,京王閣競輪,7R,23:21,4-7,4,7,131.5,0.03523685516718397,3.6336464544846923
4520260705020011,豊橋競輪,11R,20:04,3-7,3,7,132.3,0.0350212538664553,3.633311886532036
5520260705020005,和歌山競輪,5R,12:36,2-5,2,5,96.3,0.04808730269040727,3.63080724908622
4520260705020009,豊橋競輪,9R,19:12,6-7,6,7,123.2,0.0373617318684283,3.6029653661903662
5520260705020006,和歌山競輪,6R,13:04,4-5,4,5,105.7,0.04345826609813889,3.5935387265732803
4520260705020001,豊橋競輪,1R,15:55,4-7,4,7,95.6,0.04756749499266398,3.547452521298676
3720260704030003,伊東競輪,3R,09:10,4-6,4,6,99.5,0.04563922014695082,3.541102404621607
3720260704030003,伊東競輪,3R,09:10,3-4,3,4,105.0,0.04306727971679379,3.5220643702633483
2720260704030002,京王閣競輪,2R,21:13,4-6,4,6,112.1,0.04033025313697934,3.5210213766553835
8520260705020005,佐世保競輪,5R,10:00,1-5,1,5,128.8,0.03509184928187057,3.5198301875049296
5520260705020002,和歌山競輪,2R,11:12,2-3,2,3,94.4,0.04782767283764573,3.5149323158737573
2720260704030004,京王閣競輪,4R,22:01,2-5,2,5,87.7,0.05122656226908108,3.492569510998411
4520260705020009,豊橋競輪,9R,19:12,3-6,3,6,102.5,0.0435371768101833,3.462560623043788
4520260705020010,豊橋競輪,10R,19:38,4-6,4,6,99.3,0.04487530585850491,3.4561178717495373
2720260704030006,京王閣競輪,6R,22:54,2-3,2,3,69.4,0.06416640643913471,3.453148606875949
8520260705020006,佐世保競輪,6R,10:20,1-3,1,3,59.5,0.07442991017353143,3.4285796553251195
4520260705020005,豊橋競輪,5R,17:32,3-5,3,5,89.5,0.04931787429707307,3.41394974958804
2320260706010002,取手競輪,2R,11:26,1-7,1,7,95.9,0.0459083755837552,3.4026132184821236
8520260705020004,佐世保競輪,4R,09:40,3-7,3,7,83.3,0.052722440937703556,3.3917793301107064
8620260704030005,別府競輪,5R,22:36,5-7,5,7,134.6,0.032623592810680294,3.3911355923175677
2320260706010001,取手競輪,1R,10:58,3-4,3,4,113.0,0.03866701396558346,3.369372578110931
2320260706010011,取手競輪,11R,15:48,3-7,3,7,93.7,0.04642961800227912,3.350455206813554
8520260705020003,佐世保競輪,3R,09:20,1-5,1,5,93.2,0.04664073623204959,3.3469166168270217
3720260704030001,伊東競輪,1R,08:30,5-6,5,6,97.7,0.0443609821786421,3.3340679588533337
4520260705020011,豊橋競輪,11R,20:04,4-6,4,6,92.8,0.04669123870189576,3.3329469515359262
5620260704030001,岸和田競輪,1R,20:41,1-5,1,5,57.8,0.07457183829635733,3.3102522535294536
8520260705020007,佐世保競輪,7R,10:40,4-6,4,6,97.2,0.04413729081737604,3.290144667448951
5520260705020005,和歌山競輪,5R,12:36,5-6,5,6,97.2,0.043981683514827084,3.2750196376411926
4520260705020007,豊橋競輪,7R,18:22,1-7,1,7,96.2,0.04442313612213929,3.273505694949799
2320260706010001,取手競輪,1R,10:58,2-4,2,4,121.5,0.03509408631341321,3.263931487079705
3720260704030007,伊東競輪,7R,10:30,4-6,4,6,97.1,0.043882176928626476,3.2609593797696306
8520260705020003,佐世保競輪,3R,09:20,5-7,5,7,101.0,0.0421268538281885,3.254812236647039
4520260705020002,豊橋競輪,2R,16:17,2-3,2,3,89.0,0.04775204662616611,3.2499321497287843
8520260705020007,佐世保競輪,7R,10:40,2-6,2,6,101.9,0.04152240867242275,3.2311334437198784
5520260705020010,和歌山競輪,10R,15:03,3-6,3,6,90.4,0.04674228877302025,3.225502905081031
2720260704030004,京王閣競輪,4R,22:01,2-3,2,3,74.7,0.0565217006077899,3.2221710354019057
2720260704030002,京王閣競輪,2R,21:13,6-7,6,7,120.5,0.034942828079282284,3.2106107835535154
3720260704030006,伊東競輪,6R,10:10,2-4,2,4,88.1,0.04775852876342375,3.2075263840576325
2720260704030006,京王閣競輪,6R,22:54,1-2,1,2,63.5,0.06584631854805097,3.1812412278012365
3720260704030004,伊東競輪,4R,09:30,1-6,1,6,92.4,0.04519485123107978,3.1760042537517723
8520260705020002,佐世保競輪,2R,09:00,5-7,5,7,92.8,0.044904598053777285,3.167146699390532
5620260704030006,岸和田競輪,6R,22:45,1-7,1,7,87.4,0.04758729019857589,3.1591291633555327
2720260704030003,京王閣競輪,3R,21:37,6-7,6,7,117.3,0.0353547621096458,3.1471135954614518
8620260704030006,別府競輪,6R,23:03,3-6,3,6,97.5,0.04249419862971697,3.1431843663974046
4520260705020002,豊橋競輪,2R,16:17,4-6,4,6,92.6,0.04466955366266432,3.1364006691627155
8520260705020006,佐世保競輪,6R,10:20,5-7,5,7,112.7,0.03669310298348292,3.1353127062385253
8620260704030001,別府競輪,1R,20:57,1-4,1,4,24.0,0.17225171631870084,3.1340411916488202
2720260704030004,京王閣競輪,4R,22:01,1-6,1,6,75.5,0.0544482239718037,3.110840909871179
8620260704030003,別府競輪,3R,21:45,3-5,3,5,70.9,0.05764158043568057,3.0867880528897533
5520260705020007,和歌山競輪,7R,13:33,2-5,2,5,85.8,0.04746186931934735,3.0722283876000027
5520260705020002,和歌山競輪,2R,11:12,2-6,2,6,94.4,0.0431125976705142,3.0698292200965414
4520260705020002,豊橋競輪,2R,16:17,5-6,5,6,94.5,0.04273618139466101,3.038569141795466
5520260705020008,和歌山競輪,8R,14:03,3-6,3,6,112.9,0.03546938332600024,3.004493377505427
8520260705020004,佐世保競輪,4R,09:40,3-5,3,5,68.0,0.058724464107394486,2.993263559302825
4520260705020009,豊橋競輪,9R,19:12,5-6,5,6,82.9,0.048037178161589214,2.982282069595746
2720260704030005,京王閣競輪,5R,22:27,5-7,5,7,130.7,0.030204065104914985,2.9476713092123883
5520260705020007,和歌山競輪,7R,13:33,5-6,5,6,84.1,0.0468932764294748,2.9437245477188303
5520260705020005,和歌山競輪,5R,12:36,3-7,3,7,86.5,0.04557933561213398,2.942612530449589
4520260705020007,豊橋競輪,7R,18:22,4-5,4,5,73.4,0.05367635441207082,2.9398444138459983
4520260705020012,豊橋競輪,12R,20:30,2-3,2,3,83.9,0.04679241945491856,2.925883992267668
5520260705020002,和歌山競輪,2R,11:12,2-4,2,4,83.5,0.046738360100005545,2.902653068350463
5620260704030004,岸和田競輪,4R,21:53,2-3,2,3,64.0,0.06081930041811563,2.8924352267594005
5520260705020005,和歌山競輪,5R,12:36,5-7,5,7,83.6,0.04655897345163726,2.8923301805568746
5620260704030006,岸和田競輪,6R,22:45,1-6,1,6,77.8,0.05002335167720623,2.8918167604866447
3720260704030001,伊東競輪,1R,08:30,4-7,4,7,80.2,0.0484889091311633,2.8888105123192966
3720260704030005,伊東競輪,5R,09:50,1-4,1,4,84.6,0.04583728800809528,2.8778345654848603
2320260706010009,取手競輪,9R,14:48,1-4,1,4,83.0,0.04666502373514132,2.8731969700167297
5620260704030006,岸和田競輪,6R,22:45,4-7,4,7,104.2,0.03707174392158745,2.8628757166294125
2320260706010009,取手競輪,9R,14:48,1-5,1,5,87.0,0.044332227982991745,2.8569038345202817
2320260706010004,取手競輪,4R,12:22,3-5,3,5,70.0,0.05502605910606124,2.8518241374242868
2720260704030005,京王閣競輪,5R,22:27,5-6,5,6,123.7,0.031069426085350245,2.8432880067578252
5520260705020008,和歌山競輪,8R,14:03,4-7,4,7,81.1,0.047288625601889414,2.8351075363132314
5620260704030007,岸和田競輪,7R,23:12,2-6,2,6,81.4,0.047025712920336804,2.827893031715416
4520260705020012,豊橋競輪,12R,20:30,2-4,2,4,84.4,0.0452924109458227,2.8226794838274363
4520260705020012,豊橋競輪,12R,20:30,6-7,6,7,107.6,0.03531097807065103,2.799461240402051
2320260706010004,取手競輪,4R,12:22,1-7,1,7,76.7,0.04953010277128138,2.7989588825572818
8620260704030005,別府競輪,5R,22:36,1-6,1,6,78.0,0.0486706845664214,2.7963133961808695
8520260705020003,佐世保競輪,3R,09:20,2-6,2,6,103.9,0.036434393490001576,2.785533483611164
2320260706010008,取手競輪,8R,14:18,3-5,3,5,75.4,0.04998897227487399,2.769168509525499
8520260705020003,佐世保競輪,3R,09:20,3-6,3,6,77.3,0.048752237630820636,2.768547968862435
2320260706010007,取手競輪,7R,13:48,1-4,1,4,74.9,0.050276724968835285,2.765726700165763
5620260704030003,岸和田競輪,3R,21:29,5-6,5,6,66.9,0.056243035758914005,2.762659092271347
3720260704030006,伊東競輪,6R,10:10,4-5,4,5,78.4,0.047736790206266935,2.742564352171328
8620260704030006,別府競輪,6R,23:03,3-4,3,4,78.4,0.04736558272662252,2.713461685767206
2320260706010001,取手競輪,1R,10:58,4-7,4,7,93.4,0.03960896289359226,2.6994771342615174
2720260704030002,京王閣競輪,2R,21:13,3-7,3,7,95.6,0.0385551035914881,2.6858679033462622
2720260704030007,京王閣競輪,7R,23:21,2-5,2,5,74.7,0.04898124463912615,2.6588989745427236
5520260705020001,和歌山競輪,1R,10:45,3-6,3,6,86.0,0.042500680645812486,2.6550585355398737
4520260705020010,豊橋競輪,10R,19:38,2-6,2,6,97.7,0.037146042496111156,2.62916835187006
5520260705020003,和歌山競輪,3R,11:40,4-7,4,7,77.5,0.04676166423009405,2.624028977832289
8520260705020005,佐世保競輪,5R,10:00,4-6,4,6,79.4,0.04549936721588828,2.6126497569415297
2320260706010008,取手競輪,8R,14:18,3-4,3,4,71.5,0.05047574208258178,2.609015558904597
8520260705020004,佐世保競輪,4R,09:40,1-3,1,3,75.7,0.047172697840565124,2.57097322653078
4520260705020003,豊橋競輪,3R,16:42,1-4,1,4,75.6,0.04720682209430635,2.56883575032956
3720260704030003,伊東競輪,3R,09:10,1-3,1,3,75.6,0.047042490054017054,2.556412248083689
2320260706010002,取手競輪,2R,11:26,4-7,4,7,98.9,0.035904157394398756,2.550921166306037
4520260705020004,豊橋競輪,4R,17:07,3-4,3,4,79.0,0.04484010009281279,2.5423679073322107
2320260706010001,取手競輪,1R,10:58,3-6,3,6,91.6,0.03860074425969574,2.5358281741881297
5520260705020002,和歌山競輪,2R,11:12,4-6,4,6,76.8,0.045992778434433904,2.532245383764524
8520260705020001,佐世保競輪,1R,08:40,2-6,2,6,75.1,0.046952085666986464,2.526101633590683
8620260704030005,別府競輪,5R,22:36,6-7,6,7,126.7,0.027711910393823036,2.5110990468973786
2720260704030001,京王閣競輪,1R,20:49,4-6,4,6,77.5,0.04495600550329589,2.4840904265054315
2320260706010010,取手競輪,10R,15:18,2-7,2,7,74.4,0.046687934357546944,2.473582316201493
4520260705020004,豊橋競輪,4R,17:07,1-3,1,3,73.7,0.04647365148667937,2.4251081145682694
2720260704030006,京王閣競輪,6R,22:54,3-4,3,4,65.1,0.052525607568425926,2.4194170527045276
4520260705020005,豊橋競輪,5R,17:32,1-3,1,3,69.2,0.04928706666662198,2.4106650133302407
2320260706010007,取手競輪,7R,13:48,1-6,1,6,83.0,0.04082140631717232,2.3881767243253025
8620260704030005,別府競輪,5R,22:36,1-3,1,3,50.3,0.06714965468997983,2.377627630905985
4520260705020008,豊橋競輪,8R,18:47,1-2,1,2,72.1,0.04680782487742871,2.3748441736626096
2320260706010010,取手競輪,10R,15:18,4-5,4,5,69.4,0.04846308686457624,2.363338228401591
3720260704030002,伊東競輪,2R,08:50,1-7,1,7,70.0,0.04801937690398909,2.361356383279236
5520260705020004,和歌山競輪,4R,12:08,3-6,3,6,72.2,0.046471167879601816,2.3552183209072513
8520260705020002,佐世保競輪,2R,09:00,6-7,6,7,74.6,0.04493434634346383,2.352102237222401
2320260706010005,取手競輪,5R,12:50,3-5,3,5,63.5,0.052539767636494344,2.336275244917391
4520260705020001,豊橋競輪,1R,15:55,3-7,3,7,68.6,0.04847700288953776,2.32552239822229
5520260705020006,和歌山競輪,6R,13:04,4-7,4,7,70.8,0.04673112366942278,2.308563555795133
2720260704030005,京王閣競輪,5R,22:27,1-7,1,7,68.7,0.048102130390129505,2.304616357801897
2720260704030002,京王閣競輪,2R,21:13,1-3,1,3,52.4,0.06291314707200314,2.2966489065729645
3720260704030004,伊東競輪,4R,09:30,1-3,1,3,69.6,0.0473425836563676,2.295043822483185
8620260704030007,別府競輪,7R,23:30,1-7,1,7,58.7,0.055941144343598884,2.2837451729692546
5620260704030007,岸和田競輪,7R,23:12,3-6,3,6,73.0,0.04495755995833223,2.2819018769582526
5520260705020004,和歌山競輪,4R,12:08,1-4,1,4,70.2,0.04648735119968869,2.263412054218146
2720260704030002,京王閣競輪,2R,21:13,1-6,1,6,57.0,0.05724804660541362,2.2631386565085765
2320260706010004,取手競輪,4R,12:22,1-2,1,2,65.0,0.0500866701167386,2.2556335575880087
5620260704030001,岸和田競輪,1R,20:41,4-5,4,5,50.5,0.06434759485672678,2.2495535402647024
3720260704030004,伊東競輪,4R,09:30,4-6,4,6,77.0,0.04212648510244474,2.243739352888245
5520260705020011,和歌山競輪,11R,15:34,4-6,4,6,63.3,0.05118848142104178,2.2402308739519445
2720260704030007,京王閣競輪,7R,23:21,4-5,4,5,88.5,0.03651652259649858,2.2317122497901245
4520260705020010,豊橋競輪,10R,19:38,3-7,3,7,76.1,0.04244283278876495,2.2298995752250126
2320260706010003,取手競輪,3R,11:54,3-6,3,6,81.1,0.03980257552948321,2.227988875441088
2720260704030002,京王閣競輪,2R,21:13,3-4,3,4,72.3,0.044443226730457086,2.213245292612047
8620260704030004,別府競輪,4R,22:09,5-6,5,6,79.4,0.04046157860007774,2.212649340846173
3720260704030005,伊東競輪,5R,09:50,2-6,2,6,68.8,0.04651084777612609,2.1999463269974746
5520260705020006,和歌山競輪,6R,13:04,1-4,1,4,86.2,0.03709314898223012,2.1974294422682368
2720260704030003,京王閣競輪,3R,21:37,2-7,2,7,79.4,0.04015024335105201,2.1879293220735296
5620260704030002,岸和田競輪,2R,21:05,3-6,3,6,56.9,0.05598712151942009,2.185667214455003
8620260704030006,別府競輪,6R,23:03,1-3,1,3,51.2,0.0621287831779999,2.180993698713595
5520260705020008,和歌山競輪,8R,14:03,4-6,4,6,68.3,0.04657149675146058,2.1808332281247576
3720260704030001,伊東競輪,1R,08:30,1-7,1,7,67.9,0.046797834200328556,2.177572942202309
2320260706010004,取手競輪,4R,12:22,2-7,2,7,92.3,0.03442228246152891,2.1771766711991183
8520260705020001,佐世保競輪,1R,08:40,4-7,4,7,70.6,0.04492232319143501,2.1715160173153114
8520260705020006,佐世保競輪,6R,10:20,2-3,2,3,60.3,0.052465973290640164,2.1636981894256015
2320260706010007,取手競輪,7R,13:48,2-6,2,6,78.1,0.04047340553451779,2.160972972245839
5620260704030003,岸和田競輪,3R,21:29,2-3,2,3,45.4,0.0696200317267336,2.1607494403937055
8520260705020006,佐世保競輪,6R,10:20,1-4,1,4,48.1,0.06530367036353632,2.1411065444860973
2320260706010008,取手競輪,8R,14:18,3-6,3,6,73.4,0.04268060362698622,2.1327563062207884
4520260705020002,豊橋競輪,2R,16:17,1-3,1,3,62.6,0.0498654812875354,2.1215791285997163
3720260704030002,伊東競輪,2R,08:50,1-6,1,6,69.0,0.04516662415354722,2.116497066594758
5520260705020009,和歌山競輪,9R,14:33,3-6,3,6,67.0,0.04648228791616949,2.114313290383356
2320260706010003,取手競輪,3R,11:54,6-7,6,7,75.9,0.040941823296420765,2.1074843881983365
5620260704030006,岸和田競輪,6R,22:45,5-7,5,7,93.2,0.033330221866559664,2.106376677963361
5620260704030006,岸和田競輪,6R,22:45,6-7,6,7,102.6,0.03013279173243323,2.0916244317476496
8620260704030005,別府競輪,5R,22:36,5-6,5,6,89.0,0.03470382570548942,2.0886404877885583
5520260705020009,和歌山競輪,9R,14:33,5-7,5,7,85.1,0.03620982049599645,2.0814557242092975
2320260706010006,取手競輪,6R,13:18,3-5,3,5,64.0,0.04814525452199058,2.081296289407397
3720260704030005,伊東競輪,5R,09:50,1-7,1,7,65.5,0.04704091395881639,2.0811798643024737
5520260705020009,和歌山競輪,9R,14:33,1-5,1,5,74.3,0.04135587307649215,2.0727413695833663
4520260705020002,豊橋競輪,2R,16:17,1-4,1,4,60.9,0.050370528305582,2.067565173809944
8520260705020006,佐世保競輪,6R,10:20,4-6,4,6,75.1,0.0408121370950212,2.0649914958360918
2320260706010007,取手競輪,7R,13:48,3-6,3,6,72.9,0.04199990624959056,2.061793165595152
4520260705020011,豊橋競輪,11R,20:04,3-4,3,4,69.8,0.043754200786738126,2.054043214914321
3720260704030005,伊東競輪,5R,09:50,2-7,2,7,64.4,0.047385966991737805,2.051656274267915
4520260705020003,豊橋競輪,3R,16:42,1-2,1,2,63.2,0.04827798764863685,2.051168819393849
5620260704030002,岸和田競輪,2R,21:05,3-5,3,5,52.3,0.058166667905133744,2.0421167314384947
2320260706010004,取手競輪,4R,12:22,3-6,3,6,84.9,0.0357064599197739,2.031478447188804
2720260704030005,京王閣競輪,5R,22:27,2-6,2,6,66.7,0.045277246913236,2.0199923691128414
5620260704030006,岸和田競輪,6R,22:45,4-6,4,6,77.0,0.03918095893335327,2.016933837868202
2320260706010011,取手競輪,11R,15:48,1-7,1,7,62.1,0.04843060392458397,2.0075405037166645
3720260704030002,伊東競輪,2R,08:50,2-7,2,7,61.8,0.048643673934093426,2.0061790491269735
2320260706010004,取手競輪,4R,12:22,3-7,3,7,73.2,0.041065064327228964,2.0059627087531604
2720260704030003,京王閣競輪,3R,21:37,1-6,1,6,59.1,0.05066416769554942,1.9942523108069707
5520260705020004,和歌山競輪,4R,12:08,2-5,2,5,62.3,0.047896268681319146,1.9839375388461828
8520260705020001,佐世保競輪,1R,08:40,3-5,3,5,54.8,0.05428487631720216,1.9748112221826783
4520260705020011,豊橋競輪,11R,20:04,1-6,1,6,67.3,0.044185827780538756,1.973706209630258
3720260704030001,伊東競輪,1R,08:30,3-6,3,6,64.4,0.04613703951459987,1.971225344740232
3720260704030003,伊東競輪,3R,09:10,2-6,2,6,61.0,0.048682533219047,1.969634526361867
3720260704030005,伊東競輪,5R,09:50,4-5,4,5,62.4,0.047516658450981436,1.9650394873412416
5520260705020009,和歌山競輪,9R,14:33,2-3,2,3,53.6,0.05527658305468693,1.9628248517312197
2320260706010005,取手競輪,5R,12:50,1-3,1,3,54.5,0.05427230042726899,1.9578403732861598
2320260706010011,取手競輪,11R,15:48,5-7,5,7,62.8,0.04707468153857183,1.9562900006223112
5520260705020012,和歌山競輪,12R,16:06,3-6,3,6,63.2,0.046677536801718086,1.950020325868583
4520260705020011,豊橋競輪,11R,20:04,2-6,2,6,61.9,0.04763820484813963,1.9488048800998432
2720260704030007,京王閣競輪,7R,23:21,1-7,1,7,51.4,0.05709557121215962,1.9347123603050043
5520260705020002,和歌山競輪,2R,11:12,2-5,2,5,63.3,0.04596834450693238,1.9097962072888195
5520260705020010,和歌山競輪,10R,15:03,6-7,6,7,77.4,0.03728659963158641,1.8859828114847885
5520260705020007,和歌山競輪,7R,13:33,5-7,5,7,63.4,0.045414773072561435,1.879296612800395
8520260705020004,佐世保競輪,4R,09:40,2-3,2,3,60.5,0.04755425608920488,1.8770324933968956
3720260704030003,伊東競輪,3R,09:10,4-5,4,5,64.1,0.04466512094937837,1.8630342528551531
8620260704030005,別府競輪,5R,22:36,2-3,2,3,44.6,0.06410865925868581,1.859246202937387
5520260705020011,和歌山競輪,11R,15:34,5-6,5,6,62.7,0.0455852595731875,1.8581957752388565
2320260706010004,取手競輪,4R,12:22,1-6,1,6,65.6,0.04338102739033685,1.8457953968060972
4520260705020001,豊橋競輪,1R,15:55,2-7,2,7,63.1,0.04490850691341822,1.8337267862366895
4520260705020005,豊橋競輪,5R,17:32,4-6,4,6,61.9,0.04575908918713724,1.832487620683795
2320260706010010,取手競輪,10R,15:18,2-4,2,4,57.2,0.049483924011672606,1.8304804534676733
2320260706010008,取手競輪,8R,14:18,1-6,1,6,67.1,0.04203647208168643,1.820647276681159
8520260705020003,佐世保競輪,3R,09:20,1-7,1,7,58.6,0.04808626239921428,1.817854976593957
8520260705020002,佐世保競輪,2R,09:00,2-4,2,4,52.2,0.0536863903440226,1.80242957595798
5520260705020003,和歌山競輪,3R,11:40,1-5,1,5,57.8,0.04838976322515376,1.7969283144138872
3720260704030001,伊東競輪,1R,08:30,2-7,2,7,59.0,0.047238531951015794,1.7870733851099319
5520260705020008,和歌山競輪,8R,14:03,6-7,6,7,72.1,0.03859789541738327,1.7829082595933334
5520260705020010,和歌山競輪,10R,15:03,3-7,3,7,60.6,0.04574918745150599,1.772400759561263
4520260705020004,豊橋競輪,4R,17:07,5-6,5,6,59.2,0.0466782472104275,1.763352234857308
5520260705020003,和歌山競輪,3R,11:40,3-7,3,7,57.4,0.04804533396364819,1.7578021695134063
2720260704030004,京王閣競輪,4R,22:01,2-7,2,7,62.1,0.04412306128412401,1.740042105744101
4520260705020007,豊橋競輪,7R,18:22,1-3,1,3,60.6,0.04468755311307921,1.7080657186526
4520260705020003,豊橋競輪,3R,16:42,2-7,2,7,59.3,0.04565167890548799,1.707144559095438
5520260705020012,和歌山競輪,12R,16:06,2-6,2,6,71.1,0.03806730313980887,1.7065852532404104
4520260705020007,豊橋競輪,7R,18:22,4-6,4,6,51.0,0.05302329755252693,1.7041881751788734
4520260705020010,豊橋競輪,10R,19:38,2-3,2,3,62.0,0.0435073119082825,1.6974533383135149
8520260705020005,佐世保競輪,5R,10:00,2-4,2,4,40.0,0.06738279650190665,1.695311860076266
8620260704030002,別府競輪,2R,21:21,2-4,2,4,24.5,0.10934020575760678,1.6788350410613662
8620260704030007,別府競輪,7R,23:30,6-7,6,7,74.2,0.03598048535195357,1.6697520131149548
5520260705020006,和歌山競輪,6R,13:04,3-6,3,6,57.2,0.04651781989732525,1.6608192981270045
4520260705020010,豊橋競輪,10R,19:38,3-4,3,4,51.1,0.05194136719964733,1.6542038639019787
5620260704030001,岸和田競輪,1R,20:41,2-3,2,3,36.0,0.07359893757166201,1.6495617525798325
4520260705020002,豊橋競輪,2R,16:17,6-7,6,7,60.1,0.043972736856270726,1.6427614850618708
8520260705020006,佐世保競輪,6R,10:20,2-7,2,7,84.0,0.03143497043067311,1.6405375161765412
4520260705020008,豊橋競輪,8R,18:47,2-6,2,6,56.2,0.04694722314308181,1.6384339406411979
8520260705020006,佐世保競輪,6R,10:20,2-5,2,5,68.0,0.038786157953812225,1.6374587408592314
4520260705020008,豊橋競輪,8R,18:47,4-7,4,7,53.8,0.0487734258244885,1.6240103093574811
5520260705020011,和歌山競輪,11R,15:34,2-3,2,3,60.9,0.042990169389422364,1.6181013158158217
2320260706010001,取手競輪,1R,10:58,2-6,2,6,74.7,0.03500751722992914,1.6150615370757069
3720260704030007,伊東競輪,7R,10:30,1-2,1,2,53.6,0.04871791151628465,1.6112800572728574
5620260704030002,岸和田競輪,2R,21:05,3-4,3,4,43.6,0.059886793539774906,1.6110641983341858
5520260705020002,和歌山競輪,2R,11:12,4-5,4,5,53.3,0.04898761779700647,1.6110400285804447
2320260706010003,取手競輪,3R,11:54,2-4,2,4,67.2,0.03874242286465933,1.603490816505107
5520260705020002,和歌山競輪,2R,11:12,2-7,2,7,55.4,0.04697694348091272,1.6025226688425644
2720260704030003,京王閣競輪,3R,21:37,3-6,3,6,53.3,0.04862398167236148,1.591658223136867
2320260706010001,取手競輪,1R,10:58,3-5,3,5,41.8,0.0619537025366631,1.5896647660325174
2320260706010009,取手競輪,9R,14:48,3-5,3,5,57.7,0.04477184920723459,1.5833356992574363
2320260706010008,取手競輪,8R,14:18,2-4,2,4,52.9,0.0484096857358661,1.5608723754273166
5520260705020009,和歌山競輪,9R,14:33,1-7,1,7,57.1,0.04470700121321012,1.5527697692742977
4520260705020004,豊橋競輪,4R,17:07,4-7,4,7,54.3,0.04693764750665334,1.5487142596112764
5520260705020010,和歌山競輪,10R,15:03,1-7,1,7,68.3,0.03728872604353864,1.5468199887736889
3720260704030007,伊東競輪,7R,10:30,3-6,3,6,57.2,0.044430439997792975,1.5414211678737582
5620260704030006,岸和田競輪,6R,22:45,1-5,1,5,46.9,0.05418145541723289,1.5411102590682226
2320260706010008,取手競輪,8R,14:18,4-7,4,7,50.5,0.05023135617416294,1.5366834867952286
2320260706010007,取手競輪,7R,13:48,3-4,3,4,49.0,0.05164479874150957,1.5305951383339687
5520260705020004,和歌山競輪,4R,12:08,2-7,2,7,52.5,0.04812623680219612,1.5266274321152964
8620260704030004,別府競輪,4R,22:09,2-6,2,6,54.5,0.04610914944755566,1.5129486448917837
8620260704030005,別府競輪,5R,22:36,3-4,3,4,48.3,0.0519946259313658,1.511340432484968
5520260705020010,和歌山競輪,10R,15:03,2-6,2,6,55.6,0.045016416328295214,1.5029127478532138
8620260704030006,別府競輪,6R,23:03,1-4,1,4,43.9,0.05696377659766081,1.5007097926373096
5520260705020012,和歌山競輪,12R,16:06,2-3,2,3,54.3,0.046008907229190675,1.4982836625450537
8520260705020003,佐世保競輪,3R,09:20,1-2,1,2,51.2,0.04878400721676396,1.497741169498315
2720260704030006,京王閣競輪,6R,22:54,2-4,2,4,46.5,0.05361664469206198,1.4931739781808822
2320260706010009,取手競輪,9R,14:48,6-7,6,7,50.3,0.049525377685252045,1.4911264975681777
8520260705020003,佐世保競輪,3R,09:20,4-5,4,5,54.2,0.04592830782851977,1.4893142843057716
5520260705020001,和歌山競輪,1R,10:45,2-6,2,6,58.5,0.042550393291280034,1.489198007539882
4520260705020003,豊橋競輪,3R,16:42,2-4,2,4,56.7,0.043780253737859216,1.4823403869366176
5620260704030004,岸和田競輪,4R,21:53,3-6,3,6,52.8,0.046981311942762574,1.4806132705778636
5520260705020012,和歌山競輪,12R,16:06,5-6,5,6,66.4,0.03735022520970706,1.4800549539245487
8520260705020005,佐世保競輪,5R,10:00,3-5,3,5,62.7,0.03954667264195999,1.4795763746508914
5620260704030002,岸和田競輪,2R,21:05,1-4,1,4,28.9,0.0854721247845058,1.4701444062722175
4520260705020007,豊橋競輪,7R,18:22,3-7,3,7,52.6,0.04695292755715558,1.4697239895063836
2720260704030002,京王閣競輪,2R,21:13,2-6,2,6,54.2,0.04552270192116831,1.4673304441273225
5520260705020006,和歌山競輪,6R,13:04,5-6,5,6,59.1,0.041744929949469996,1.4671253600136769
5620260704030004,岸和田競輪,4R,21:53,5-7,5,7,74.6,0.03295190153993262,1.4582118548789733
3720260704030004,伊東競輪,4R,09:30,3-5,3,5,49.8,0.04931233563495763,1.4557543146208896
2320260706010011,取手競輪,11R,15:48,5-6,5,6,53.7,0.04572103703711168,1.4552196888928974
8620260704030007,別府競輪,7R,23:30,1-5,1,5,40.7,0.06024378831212199,1.4519221843033652
4520260705020011,豊橋競輪,11R,20:04,5-6,5,6,47.4,0.05170467892478746,1.4508017810349254
2320260706010002,取手競輪,2R,11:26,4-6,4,6,72.8,0.033616329924573876,1.4472688185089781
2320260706010002,取手競輪,2R,11:26,3-6,3,6,58.1,0.04200504361968582,1.4404930343037465
3720260704030002,伊東競輪,2R,08:50,2-3,2,3,51.2,0.04766123357571837,1.4402551590767807
2320260706010001,取手競輪,1R,10:58,6-7,6,7,61.5,0.03954779080749231,1.432189134660777
3720260704030002,伊東競輪,2R,08:50,3-5,3,5,50.1,0.04833847952844042,1.4217578243748652
5520260705020003,和歌山競輪,3R,11:40,1-4,1,4,48.4,0.05003208458529024,1.4215528939280473
4520260705020010,豊橋競輪,10R,19:38,1-6,1,6,50.8,0.04750159777166496,1.41308116680058
5620260704030002,岸和田競輪,2R,21:05,2-5,2,5,41.2,0.05840358206151922,1.4062275809345923
4520260705020003,豊橋競輪,3R,16:42,4-7,4,7,53.9,0.04456826798997094,1.4022296446594336
5520260705020001,和歌山競輪,1R,10:45,6-7,6,7,58.5,0.04103698925861998,1.400663871629269
8620260704030003,別府競輪,3R,21:45,1-3,1,3,28.1,0.08527641882442892,1.3962673689664529
5520260705020012,和歌山競輪,12R,16:06,2-4,2,4,51.8,0.04623739071456483,1.395096839014458
2320260706010004,取手競輪,4R,12:22,2-5,2,5,50.5,0.04741852083862,1.3946353023503097
2320260706010006,取手競輪,6R,13:18,2-4,2,4,48.5,0.04936888111738808,1.3943907341933222
5520260705020004,和歌山競輪,4R,12:08,5-6,5,6,49.2,0.0485986536429939,1.3910537592352998
5520260705020010,和歌山競輪,10R,15:03,1-3,1,3,51.0,0.046875587230365064,1.3906549487486184
5520260705020007,和歌山競輪,7R,13:33,2-6,2,6,62.9,0.03797612244071563,1.3886981015210131
3720260704030001,伊東競輪,1R,08:30,2-5,2,5,49.6,0.04814894291197212,1.3881875684338172
8620260704030005,別府競輪,5R,22:36,1-7,1,7,52.0,0.04588651876232622,1.3860989756409632
8620260704030003,別府競輪,3R,21:45,1-4,1,4,28.2,0.0845142928563016,1.383303058547705
5520260705020005,和歌山競輪,5R,12:36,3-4,3,4,48.6,0.048983635333839086,1.3806046772245795
4520260705020004,豊橋競輪,4R,17:07,1-6,1,6,53.4,0.04456794187496327,1.3799280961230385
5520260705020001,和歌山競輪,1R,10:45,3-4,3,4,49.0,0.04853958479049646,1.3784396547343265
4520260705020002,豊橋競輪,2R,16:17,1-5,1,5,49.2,0.048288404257529574,1.375789489470455
8520260705020007,佐世保競輪,7R,10:40,4-7,4,7,38.5,0.06161768877300368,1.3722810177606415
4520260705020001,豊橋競輪,1R,15:55,6-7,6,7,51.7,0.045778949961540846,1.3667717130116617
2320260706010006,取手競輪,6R,13:18,1-7,1,7,52.1,0.04523935746389047,1.3569705238686933
4520260705020012,豊橋競輪,12R,20:30,3-4,3,4,40.6,0.05800089418533297,1.3548363039245186
8520260705020004,佐世保競輪,4R,09:40,1-2,1,2,55.5,0.04230192437711555,1.3477568029299132
2320260706010003,取手競輪,3R,11:54,1-2,1,2,42.3,0.055383733756968624,1.3427319379197726
3720260704030003,伊東競輪,3R,09:10,2-5,2,5,49.1,0.04768572483312933,1.3413690893066499
4520260705020008,豊橋競輪,8R,18:47,4-5,4,5,47.4,0.0491805441399844,1.3311577922352607
8620260704030004,別府競輪,4R,22:09,4-5,4,5,54.5,0.042740234971265986,1.3293428059339965
4520260705020005,豊橋競輪,5R,17:32,2-6,2,6,52.6,0.044283085148503765,1.329290278811298
2720260704030007,京王閣競輪,7R,23:21,5-6,5,6,71.3,0.032662645043877114,1.3288465916284382
5520260705020006,和歌山競輪,6R,13:04,3-4,3,4,48.1,0.04838874127407572,1.3274984552830422
8620260704030004,別府競輪,4R,22:09,1-4,1,4,38.2,0.06086550060072315,1.3250621229476245
4520260705020010,豊橋競輪,10R,19:38,1-2,1,2,48.8,0.047611795304580866,1.323455610863546
8520260705020007,佐世保競輪,7R,10:40,1-4,1,4,36.2,0.06409900111639702,1.3203838404135722
8620260704030007,別府競輪,7R,23:30,3-7,3,7,58.0,0.039943409001388985,1.3167177220805613
5620260704030003,岸和田競輪,3R,21:29,1-5,1,5,33.0,0.07014607104601792,1.314820344518591
2720260704030001,京王閣競輪,1R,20:49,3-6,3,6,50.5,0.04575028823288953,1.310389555760921
8520260705020005,佐世保競輪,5R,10:00,5-7,5,7,43.3,0.053255285446214405,1.3059538598210838
5520260705020008,和歌山競輪,8R,14:03,3-5,3,5,56.8,0.040522107611519864,1.3016557123343282
5520260705020012,和歌山競輪,12R,16:06,4-7,4,7,44.3,0.05182899578141909,1.2960245131168655
5520260705020005,和歌山競輪,5R,12:36,2-7,2,7,48.1,0.047725885788157556,1.2956151064103785
8520260705020003,佐世保競輪,3R,09:20,2-7,2,7,51.9,0.04413983914314405,1.2908576515291763
2320260706010010,取手競輪,10R,15:18,3-5,3,5,53.1,0.04294867404972298,1.2805745920402902
5620260704030004,岸和田競輪,4R,21:53,2-4,2,4,41.7,0.054607827746346496,1.277146417022649
4520260705020011,豊橋競輪,11R,20:04,2-3,2,3,50.9,0.04466861559360972,1.2736325337147347
4520260705020002,豊橋競輪,2R,16:17,1-7,1,7,45.8,0.04961629215649698,1.2724261807675616
5520260705020004,和歌山競輪,4R,12:08,6-7,6,7,46.5,0.0488297172099635,1.2705818502633028
3720260704030002,伊東競輪,2R,08:50,3-4,3,4,48.5,0.04678796969706609,1.2692165303077054
5520260705020003,和歌山競輪,3R,11:40,4-6,4,6,48.4,0.04686620538388792,1.2683243405801754
5520260705020011,和歌山競輪,11R,15:34,2-6,2,6,59.5,0.038026031559529744,1.2625488777920197
5620260704030007,岸和田競輪,7R,23:12,2-7,2,7,48.1,0.047016178095938055,1.2614781664146206
2720260704030003,京王閣競輪,3R,21:37,1-3,1,3,41.2,0.054838337207543865,1.2593394929508075
4520260705020001,豊橋競輪,1R,15:55,4-5,4,5,47.1,0.047743579469317024,1.2487225930048318
2320260706010008,取手競輪,8R,14:18,6-7,6,7,52.9,0.042445073247756246,1.2453443748063053
2320260706010004,取手競輪,4R,12:22,2-3,2,3,54.0,0.041544848197521765,1.2434218026661754
2320260706010002,取手競輪,2R,11:26,3-7,3,7,49.8,0.0446280120185268,1.2224749985226344
5620260704030007,岸和田競輪,7R,23:12,2-5,2,5,46.1,0.04791877291628387,1.2090554314406865
5620260704030005,岸和田競輪,5R,22:18,3-7,3,7,52.8,0.041814316362939356,1.207795903963198
8520260705020007,佐世保競輪,7R,10:40,3-7,3,7,51.5,0.04284133416427902,1.2063287094603696
2320260706010006,取手競輪,6R,13:18,2-6,2,6,41.7,0.0527067904684311,1.1978731625335772
5620260704030006,岸和田競輪,6R,22:45,4-5,4,5,51.3,0.04280696439639834,1.1959972735352347
8620260704030003,別府競輪,3R,21:45,2-6,2,6,38.1,0.057543093907474405,1.1923918778747749
4520260705020003,豊橋競輪,3R,16:42,4-6,4,6,49.7,0.044042643283560945,1.1889193711929793
8620260704030006,別府競輪,6R,23:03,1-6,1,6,42.3,0.05155063726834236,1.1805919564508818
8620260704030003,別府競輪,3R,21:45,3-6,3,6,42.0,0.05169162305883278,1.1710481684709766
5520260705020005,和歌山競輪,5R,12:36,1-2,1,2,42.8,0.050655788148531146,1.168067732757133
2720260704030004,京王閣競輪,4R,22:01,3-7,3,7,58.5,0.037029496401825554,1.166225539506795
3720260704030007,伊東競輪,7R,10:30,4-7,4,7,44.3,0.04888528648749479,1.1656181913960189
5520260705020006,和歌山競輪,6R,13:04,1-7,1,7,48.4,0.044672061318635214,1.1621277678219442
8620260704030003,別府競輪,3R,21:45,1-5,1,5,26.1,0.08273584829227258,1.1594056404283144
5520260705020007,和歌山競輪,7R,13:33,2-7,2,7,59.0,0.036501112077014036,1.153565612543828
5520260705020012,和歌山競輪,12R,16:06,2-7,2,7,50.7,0.042379342075112604,1.148632643208209
4520260705020011,豊橋競輪,11R,20:04,5-7,5,7,43.1,0.04979071057588581,1.1459796258206785
5520260705020003,和歌山競輪,3R,11:40,1-7,1,7,44.0,0.048597535620203504,1.1382915672889542
4520260705020008,豊橋競輪,8R,18:47,1-4,1,4,54.1,0.03947743779211097,1.1357293845532035
8620260704030007,別府競輪,7R,23:30,3-6,3,6,50.4,0.04236641813735754,1.13526747412282
5620260704030006,岸和田競輪,6R,22:45,2-4,2,4,37.8,0.056462649556647794,1.1342881532412865
2320260706010010,取手競輪,10R,15:18,2-3,2,3,48.6,0.04389455566370803,1.1332754052562102
2720260704030003,京王閣競輪,3R,21:37,5-6,5,6,46.5,0.04584140194806456,1.131625190585002
8620260704030005,別府競輪,5R,22:36,2-4,2,4,39.0,0.05460086826137332,1.1294338621935598
5620260704030007,岸和田競輪,7R,23:12,1-7,1,7,42.5,0.050079073963568005,1.1283606434516402
4520260705020002,豊橋競輪,2R,16:17,2-4,2,4,44.1,0.048242671691826805,1.1275018216095622
5620260704030001,岸和田競輪,1R,20:41,1-3,1,3,26.8,0.07933612767326094,1.126208221643393
8520260705020004,佐世保競輪,4R,09:40,5-7,5,7,36.2,0.05873030841577084,1.1260371646509046
5520260705020011,和歌山競輪,11R,15:34,3-7,3,7,49.0,0.04329921265429951,1.121661420060676
4520260705020009,豊橋競輪,9R,19:12,2-5,2,5,44.0,0.048174601669329895,1.1196824734505153
5520260705020006,和歌山競輪,6R,13:04,5-7,5,7,41.0,0.051696270660858024,1.1195470970951789
5520260705020003,和歌山競輪,3R,11:40,3-4,3,4,42.6,0.04946975580224562,1.1074115971756635
2720260704030004,京王閣競輪,4R,22:01,6-7,6,7,66.2,0.031663557224571606,1.0961274882666405
3720260704030006,伊東競輪,6R,10:10,5-6,5,6,48.3,0.043326081786768986,1.092649750300942
5620260704030001,岸和田競輪,1R,20:41,3-4,3,4,30.4,0.0687893663753621,1.0911967378110075
4520260705020009,豊橋競輪,9R,19:12,4-7,4,7,45.1,0.04628637990413468,1.087515733676474
5520260705020006,和歌山競輪,6R,13:04,2-4,2,4,41.4,0.05042099117631085,1.0874290346992694
2320260706010007,取手競輪,7R,13:48,2-5,2,5,43.5,0.04795494378302499,1.0860400545615874
2720260704030004,京王閣競輪,4R,22:01,5-7,5,7,63.2,0.03292817362712977,1.0810605732346015
4520260705020009,豊橋競輪,9R,19:12,1-6,1,6,44.0,0.047287641715229846,1.080656235470113
5520260705020008,和歌山競輪,8R,14:03,5-6,5,6,48.0,0.04330176965555363,1.0784849434665742
2320260706010011,取手競輪,11R,15:48,3-6,3,6,46.1,0.04508271522975336,1.07831317209163
2320260706010001,取手競輪,1R,10:58,2-7,2,7,50.1,0.04144879298389196,1.0765845284929871
2720260704030006,京王閣競輪,6R,22:54,1-4,1,4,38.4,0.054027057307048855,1.0746390005906759
2720260704030007,京王閣競輪,7R,23:21,3-7,3,7,55.8,0.037126796788236,1.071675260783569
5620260704030007,岸和田競輪,7R,23:12,3-7,3,7,45.9,0.04493549211002839,1.0625390878503032
8520260705020007,佐世保競輪,7R,10:40,5-7,5,7,46.5,0.044338486122960825,1.0617396047176784
5620260704030003,岸和田競輪,3R,21:29,4-6,4,6,34.3,0.06009404013689651,1.0612255766955503
4520260705020003,豊橋競輪,3R,16:42,6-7,6,7,44.8,0.045930247604162686,1.0576750926664884
3720260704030001,伊東競輪,1R,08:30,1-6,1,6,46.3,0.044181618801303967,1.0456089505003736
4520260705020001,豊橋競輪,1R,15:55,2-3,2,3,43.2,0.04728757699253634,1.0428233260775701
4520260705020012,豊橋競輪,12R,20:30,3-5,3,5,37.5,0.054336611737227376,1.0376229401460266
4520260705020012,豊橋競輪,12R,20:30,4-6,4,6,44.8,0.04541362361165065,1.0345303378019488
5620260704030004,岸和田競輪,4R,21:53,1-3,1,3,32.6,0.06216792068191186,1.0266742142303267
8520260705020005,佐世保競輪,5R,10:00,1-6,1,6,70.1,0.028900109625112934,1.0258976847204164
4520260705020009,豊橋競輪,9R,19:12,2-3,2,3,46.7,0.04337211971407297,1.0254779906472078
3720260704030003,伊東競輪,3R,09:10,6-7,6,7,40.6,0.049776531480637466,1.0209271781138813
3720260704030005,伊東競輪,5R,09:50,2-3,2,3,40.6,0.049466341647846315,1.0083334709025604
8520260705020007,佐世保競輪,7R,10:40,1-3,1,3,44.5,0.04492128785020377,0.9989973093340678
5620260704030007,岸和田競輪,7R,23:12,1-5,1,5,39.1,0.05104113004841471,0.9957081848930152
4520260705020009,豊橋競輪,9R,19:12,5-7,5,7,43.8,0.0455597951919426,0.9955190294070857
8620260704030006,別府競輪,6R,23:03,2-7,2,7,42.9,0.0464896809576839,0.9944073130846394
4520260705020003,豊橋競輪,3R,16:42,1-7,1,7,40.5,0.0491931520708634,0.9923226588699678
4520260705020012,豊橋競輪,12R,20:30,4-7,4,7,44.4,0.04487038478068994,0.9922450842626334
2320260706010010,取手競輪,10R,15:18,3-6,3,6,45.6,0.04365629474405071,0.9907270403287123
2320260706010011,取手競輪,11R,15:48,3-4,3,4,40.9,0.04848697083987997,0.9831171073510907
4520260705020011,豊橋競輪,11R,20:04,1-3,1,3,47.9,0.04129915279186577,0.9782294187303704
5520260705020001,和歌山競輪,1R,10:45,4-7,4,7,42.1,0.04693332263448338,0.9758928829117504
5520260705020007,和歌山競輪,7R,13:33,4-5,4,5,34.6,0.05698731915262452,0.9717612426808084
4520260705020008,豊橋競輪,8R,18:47,2-3,2,3,37.1,0.05310577851458713,0.9702243828911825
2720260704030002,京王閣競輪,2R,21:13,2-4,2,4,39.4,0.04996248936457387,0.9685220809642103
2320260706010009,取手競輪,9R,14:48,1-3,1,3,40.9,0.0481130889306986,0.9678253372655727
8520260705020004,佐世保競輪,4R,09:40,4-7,4,7,37.4,0.052316305257729075,0.9566298166390672
2720260704030004,京王閣競輪,4R,22:01,2-4,2,4,35.4,0.05525618036253384,0.9560687848336977
5520260705020002,和歌山競輪,2R,11:12,1-3,1,3,39.4,0.04953004121638897,0.9514836239257254
8520260705020005,佐世保競輪,5R,10:00,6-7,6,7,42.9,0.04547386870382826,0.9508289673942323
5520260705020008,和歌山競輪,8R,14:03,2-3,2,3,44.7,0.04360776975550734,0.9492673080711782
2720260704030001,京王閣競輪,1R,20:49,2-6,2,6,41.5,0.04689495332146571,0.946140562840827
4520260705020012,豊橋競輪,12R,20:30,5-6,5,6,46.1,0.04221111641194149,0.9459324665905027
4520260705020011,豊橋競輪,11R,20:04,1-7,1,7,45.8,0.04234297272465453,0.9393081507891774
5520260705020008,和歌山競輪,8R,14:03,1-3,1,3,40.7,0.047292610470302136,0.9248092461412971
2320260706010011,取手競輪,11R,15:48,2-6,2,6,42.8,0.04471060230473116,0.9136137786424934
3720260704030007,伊東競輪,7R,10:30,2-7,2,7,38.3,0.0498522812159382,0.9093423705704331
5520260705020002,和歌山競輪,2R,11:12,3-6,3,6,40.5,0.0470678503795893,0.9062479403733665
8620260704030002,別府競輪,2R,21:21,1-4,1,4,16.9,0.11278075192658948,0.9059947075593622
8520260705020005,佐世保競輪,5R,10:00,2-5,2,5,36.3,0.05228622735368921,0.897990052938918
8520260705020007,佐世保競輪,7R,10:40,2-7,2,7,32.4,0.05854649553348759,0.8969064552849979
2720260704030001,京王閣競輪,1R,20:49,4-7,4,7,44.7,0.0423512958192524,0.8931029231205823
3720260704030006,伊東競輪,6R,10:10,1-2,1,2,38.9,0.048369949979321245,0.8815910541955962
2720260704030006,京王閣競輪,6R,22:54,3-7,3,7,43.2,0.04341892935214551,0.8756977480126862
4520260705020001,豊橋競輪,1R,15:55,2-4,2,4,40.4,0.046391380091522376,0.874211755697504
2320260706010005,取手競輪,5R,12:50,2-4,2,4,42.5,0.043848799042542234,0.8635739593080449
3720260704030002,伊東競輪,2R,08:50,1-3,1,3,39.6,0.047040858373505384,0.8628179915908132
3720260704030001,伊東競輪,1R,08:30,1-2,1,2,38.6,0.04795597396421321,0.8511005950186299
8620260704030004,別府競輪,4R,22:09,5-7,5,7,51.8,0.03573147880358706,0.8508906020258098
5520260705020005,和歌山競輪,5R,12:36,2-4,2,4,36.0,0.051223991572770536,0.8440636966197392
8620260704030006,別府競輪,6R,23:03,3-7,3,7,46.2,0.039859815848855576,0.8415234922171277
3720260704030007,伊東競輪,7R,10:30,1-7,1,7,36.0,0.05108570193625292,0.8390852697051052
5520260705020001,和歌山競輪,1R,10:45,4-6,4,6,43.9,0.04188776325281808,0.8388728067987137
4520260705020011,豊橋競輪,11R,20:04,3-5,3,5,37.7,0.04864024852012677,0.8337373692087795
2720260704030001,京王閣競輪,1R,20:49,6-7,6,7,46.8,0.03917556477387474,0.8334164314173376
4520260705020001,豊橋競輪,1R,15:55,1-7,1,7,37.5,0.04883756604897768,0.831408726836663
2320260706010002,取手競輪,2R,11:26,4-5,4,5,33.1,0.055170055613392874,0.8261288408033043
5520260705020012,和歌山競輪,12R,16:06,3-7,3,7,35.3,0.05159725309784594,0.8213830343539616
5620260704030004,岸和田競輪,4R,21:53,4-6,4,6,43.7,0.04161307357167187,0.8184913150820607
2320260706010003,取手競輪,3R,11:54,4-7,4,7,38.4,0.04731809205621641,0.8170147349587102
5520260705020003,和歌山競輪,3R,11:40,5-6,5,6,40.1,0.045304400225013794,0.8167064490230531
3720260704030001,伊東競輪,1R,08:30,5-7,5,7,38.6,0.04698448852715048,0.8136012571480087
3720260704030007,伊東競輪,7R,10:30,5-6,5,6,39.7,0.04560535333525716,0.8105325274097093
5520260705020003,和歌山競輪,3R,11:40,6-7,6,7,39.5,0.045498314801229435,0.7971834346485627
5520260705020009,和歌山競輪,9R,14:33,1-6,1,6,40.6,0.04422034830383502,0.7953461411357019
2320260706010011,取手競輪,11R,15:48,3-5,3,5,36.3,0.049298573501919296,0.7895382181196704
2320260706010006,取手競輪,6R,13:18,3-6,3,6,37.8,0.04725394699039666,0.7861991962369936
3720260704030007,伊東競輪,7R,10:30,2-4,2,4,38.3,0.046583158430764215,0.7841349678982694
2720260704030002,京王閣競輪,2R,21:13,2-3,2,3,35.5,0.05011325886470999,0.7790206896972047
2320260706010004,取手競輪,4R,12:22,1-3,1,3,30.7,0.05793688640496704,0.7786624126324881
2720260704030001,京王閣競輪,1R,20:49,1-4,1,4,33.2,0.05348894088016407,0.7758328372214474
4520260705020001,豊橋競輪,1R,15:55,3-4,3,4,35.4,0.05003719706466572,0.7713167760891666
3720260704030004,伊東競輪,4R,09:30,3-7,3,7,35.7,0.04957264707702929,0.7697435006499458
4520260705020010,豊橋競輪,10R,19:38,2-5,2,5,35.9,0.049255650721452215,0.7682778609001344
8520260705020003,佐世保競輪,3R,09:20,2-5,2,5,41.3,0.04273260537088651,0.7648566018176126
4520260705020003,豊橋競輪,3R,16:42,2-5,2,5,36.3,0.048602215717032306,0.7642604305282725
8620260704030007,別府競輪,7R,23:30,5-7,5,7,47.7,0.03690626886163277,0.7604290246998833
4520260705020009,豊橋競輪,9R,19:12,3-7,3,7,43.0,0.04091772844960201,0.7594623233328863
5520260705020012,和歌山競輪,12R,16:06,6-7,6,7,40.6,0.04306715277210477,0.7485264025474538
2320260706010007,取手競輪,7R,13:48,3-7,3,7,34.1,0.051259306314059436,0.7479423453094269
5520260705020008,和歌山競輪,8R,14:03,1-6,1,6,34.7,0.050306549800412693,0.7456372780743206
5520260705020001,和歌山競輪,1R,10:45,2-7,2,7,36.6,0.0476445219791652,0.7437895044374465
5520260705020005,和歌山競輪,5R,12:36,1-6,1,6,37.6,0.04633366652210757,0.7421458612312446
3720260704030005,伊東競輪,5R,09:50,4-6,4,6,38.6,0.044904331110316595,0.7333071808582206
5620260704030002,岸和田競輪,2R,21:05,4-6,4,6,32.3,0.05342762326941848,0.7257122316022169
5520260705020010,和歌山競輪,10R,15:03,1-2,1,2,38.2,0.04512651637317764,0.7238329254553859
5520260705020012,和歌山競輪,12R,16:06,4-5,4,5,37.8,0.0454610573797372,0.718427968954066
2320260706010008,取手競輪,8R,14:18,1-5,1,5,34.8,0.04929386778387407,0.7154265988788173
3720260704030001,伊東競輪,1R,08:30,4-5,4,5,34.7,0.04943148206796953,0.7152724277585429
5520260705020005,和歌山競輪,5R,12:36,1-3,1,3,35.3,0.04842709762965962,0.7094765463269843
8520260705020002,佐世保競輪,2R,09:00,5-6,5,6,36.6,0.046638876245200474,0.7069828705743375
8520260705020004,佐世保競輪,4R,09:40,1-5,1,5,32.3,0.05277941462140941,0.7047750922715237
2320260706010005,取手競輪,5R,12:50,2-7,2,7,38.0,0.04483911854778742,0.7038865048159217
2320260706010002,取手競輪,2R,11:26,5-6,5,6,31.8,0.053519355247803865,0.7019154968801629
5520260705020011,和歌山競輪,11R,15:34,1-7,1,7,36.7,0.046352843492493676,0.7011493561745181
3720260704030005,伊東競輪,5R,09:50,6-7,6,7,36.9,0.04608262258047128,0.70044877321939
5520260705020009,和歌山競輪,9R,14:33,5-6,5,6,47.3,0.03584680554751829,0.6955539023976149
2320260706010002,取手競輪,2R,11:26,2-4,2,4,43.0,0.039412854887298246,0.6947527601538246
2320260706010009,取手競輪,9R,14:48,2-4,2,4,34.9,0.048486002006280185,0.6921614700191785
5520260705020012,和歌山競輪,12R,16:06,4-6,4,6,36.0,0.046900772549887906,0.6884278117959646
4520260705020003,豊橋競輪,3R,16:42,3-4,3,4,36.5,0.04610230182421414,0.682734016583816
8620260704030007,別府競輪,7R,23:30,4-6,4,6,39.8,0.04219759686836867,0.6794643553610731
5520260705020002,和歌山競輪,2R,11:12,1-7,1,7,34.5,0.04866027886887908,0.6787796209763284
5520260705020005,和歌山競輪,5R,12:36,3-5,3,5,36.5,0.0459237070597322,0.6762153076802253
8520260705020005,佐世保競輪,5R,10:00,1-2,1,2,36.1,0.046373254658617996,0.6740744931761098
4520260705020009,豊橋競輪,9R,19:12,2-4,2,4,34.2,0.04891949510280926,0.6730467325160769
5620260704030005,岸和田競輪,5R,22:18,1-3,1,3,26.9,0.062113199020195894,0.6708450536432695
4520260705020008,豊橋競輪,8R,18:47,1-5,1,5,36.2,0.04614823194685363,0.6705659964761015
2720260704030006,京王閣競輪,6R,22:54,1-7,1,7,37.3,0.04476938872145412,0.6698981993102384
5520260705020011,和歌山競輪,11R,15:34,1-3,1,3,30.4,0.05483561257152102,0.6670026221742389
8520260705020004,佐世保競輪,4R,09:40,3-4,3,4,31.7,0.05232580231513328,0.6587279333897249
2320260706010007,取手競輪,7R,13:48,2-4,2,4,33.3,0.049768827106603096,0.657301942649883
2320260706010008,取手競輪,8R,14:18,5-7,5,7,33.3,0.04974560214078959,0.6565285512882932
5620260704030005,岸和田競輪,5R,22:18,1-4,1,4,29.8,0.0553245698334142,0.6486721810357432
3720260704030006,伊東競輪,6R,10:10,4-7,4,7,33.4,0.04933515897350371,0.6477943097150238
5520260705020001,和歌山競輪,1R,10:45,5-6,5,6,37.6,0.04373925213934769,0.6445958804394734
3720260704030001,伊東競輪,1R,08:30,1-4,1,4,33.4,0.04923861564911102,0.644569762680308
4520260705020012,豊橋競輪,12R,20:30,4-5,4,5,31.2,0.05270051466403265,0.6442560575178187
2320260706010009,取手競輪,9R,14:48,1-6,1,6,34.9,0.047084475981573067,0.6432482117569001
5520260705020009,和歌山競輪,9R,14:33,1-2,1,2,31.1,0.05278353680556444,0.6415679946530541
5520260705020010,和歌山競輪,10R,15:03,2-3,2,3,30.1,0.05442263430515014,0.6381212925850193
4520260705020008,豊橋競輪,8R,18:47,3-6,3,6,38.5,0.042530111743445946,0.637409302122669
8620260704030007,別府競輪,7R,23:30,1-3,1,3,25.5,0.06421126175569682,0.6373871747702688
2720260704030006,京王閣競輪,6R,22:54,4-6,4,6,42.0,0.03898246202393692,0.6372634050053505
5620260704030004,岸和田競輪,4R,21:53,3-5,3,5,34.6,0.04727528027087244,0.6357246973721864
8620260704030001,別府競輪,1R,20:57,2-3,2,3,26.1,0.06263492821548429,0.6347716264241401
5620260704030004,岸和田競輪,4R,21:53,2-6,2,6,33.1,0.04934612991254493,0.6333569001052373
5520260705020005,和歌山競輪,5R,12:36,4-7,4,7,32.9,0.04963047325112527,0.6328425699620213
5520260705020001,和歌山競輪,1R,10:45,1-3,1,3,31.7,0.05126764899285488,0.6251844730734997
8620260704030002,別府競輪,2R,21:21,2-3,2,3,14.4,0.11280620491540813,0.6244093507818771
5520260705020007,和歌山競輪,7R,13:33,3-5,3,5,30.5,0.052902953914780504,0.6135400944008054
5620260704030007,岸和田競輪,7R,23:12,3-5,3,5,35.2,0.045797781750609945,0.6120819176214702
8620260704030005,別府競輪,5R,22:36,4-6,4,6,44.6,0.03612410732861547,0.61113518685625
5620260704030004,岸和田競輪,4R,21:53,1-2,1,2,24.8,0.06495864475685095,0.6109743899699036
8620260704030004,別府競輪,4R,22:09,2-7,2,7,39.2,0.041078763746518705,0.6102875388635334
3720260704030002,伊東競輪,2R,08:50,4-6,4,6,35.8,0.044914416574586,0.6079361133701788
5620260704030002,岸和田競輪,2R,21:05,2-6,2,6,28.4,0.05621251041789006,0.5964352958680776
5520260705020010,和歌山競輪,10R,15:03,4-6,4,6,37.0,0.04309948546424361,0.5946809621770135
4520260705020004,豊橋競輪,4R,17:07,3-6,3,6,36.3,0.04383722411128345,0.5912912352395892
3720260704030004,伊東競輪,4R,09:30,1-2,1,2,32.5,0.04892008683147517,0.589902822022943
5520260705020004,和歌山競輪,4R,12:08,2-6,2,6,34.9,0.04550529010217491,0.5881346245659043
4520260705020011,豊橋競輪,11R,20:04,2-7,2,7,34.7,0.045761695000123205,0.5879308165042754
4520260705020005,豊橋競輪,5R,17:32,2-5,2,5,31.9,0.049469831790802,0.5780876341265837
5520260705020007,和歌山競輪,7R,13:33,2-3,2,3,36.4,0.043263960213853064,0.5748081517842514
2320260706010003,取手競輪,3R,11:54,2-5,2,5,37.2,0.04229590479134393,0.5734076582379943
2720260704030002,京王閣競輪,2R,21:13,5-6,5,6,40.9,0.038124962516055384,0.5593109669066652
3720260704030004,伊東競輪,4R,09:30,1-4,1,4,34.3,0.045246589636276036,0.5519580245242679
2320260706010004,取手競輪,4R,12:22,4-6,4,6,36.0,0.04310384062055405,0.5517382623399458
8520260705020007,佐世保競輪,7R,10:40,5-6,5,6,52.1,0.029763648419467242,0.5506860826542435
4520260705020006,豊橋競輪,6R,17:57,1-5,1,5,34.7,0.04468684102999505,0.5506333837408284
2320260706010011,取手競輪,11R,15:48,2-7,2,7,33.5,0.04604872285382233,0.5426322156030481
4520260705020006,豊橋競輪,6R,17:57,5-7,5,7,34.9,0.04407498971983542,0.5382171412222563
2320260706010006,取手競輪,6R,13:18,3-4,3,4,34.9,0.0440663355199498,0.5379151096462478
4520260705020009,豊橋競輪,9R,19:12,4-5,4,5,26.0,0.05910927978133903,0.5368412743148148
2720260704030003,京王閣競輪,3R,21:37,2-3,2,3,28.2,0.054454991953911305,0.5356307731002987
4520260705020004,豊橋競輪,4R,17:07,1-2,1,2,30.6,0.05009728568977019,0.5329769421069679
5520260705020012,和歌山競輪,12R,16:06,2-5,2,5,41.7,0.0366262541650283,0.5273147986816802
4520260705020005,豊橋競輪,5R,17:32,4-5,4,5,29.9,0.05106298524190986,0.5267832587331047
2720260704030007,京王閣競輪,7R,23:21,2-6,2,6,31.3,0.04863822917617556,0.5223765732142951
8620260704030007,別府競輪,7R,23:30,1-6,1,6,25.8,0.05893146368766429,0.5204317631417388
4520260705020006,豊橋競輪,6R,17:57,4-7,4,7,34.1,0.04430535566784194,0.5108126282734102
5520260705020012,和歌山競輪,12R,16:06,1-6,1,6,29.9,0.05049412720123538,0.5097744033169378
2720260704030007,京王閣競輪,7R,23:21,1-5,1,5,25.5,0.059159882401399216,0.5085770012356801
4520260705020010,豊橋競輪,10R,19:38,5-6,5,6,30.7,0.04912429628465485,0.508115895938904
2320260706010009,取手競輪,9R,14:48,3-4,3,4,32.0,0.04712688844668704,0.5080604302939853
2320260706010008,取手競輪,8R,14:18,2-6,2,6,36.9,0.040818736343404424,0.5062113710716232
5520260705020007,和歌山競輪,7R,13:33,4-7,4,7,33.5,0.04492019139593797,0.5048264117639218
8520260705020005,佐世保競輪,5R,10:00,4-7,4,7,21.9,0.06858239239347871,0.5019543934171837
5620260704030003,岸和田競輪,3R,21:29,2-6,2,6,24.1,0.06197354540503118,0.4935624442612516
3720260704030003,伊東競輪,3R,09:10,2-4,2,4,31.7,0.04702422016871206,0.4906677793481722
5520260705020007,和歌山競輪,7R,13:33,1-2,1,2,29.6,0.04976032666950836,0.4729056694174476
3720260704030004,伊東競輪,4R,09:30,3-4,3,4,33.4,0.04408312014983623,0.4723762130045299
2320260706010010,取手競輪,10R,15:18,4-6,4,6,29.9,0.04913632041142214,0.46917598030152186
2320260706010005,取手競輪,5R,12:50,4-6,4,6,33.4,0.04395891517387046,0.4682277668072734
5520260705020002,和歌山競輪,2R,11:12,1-4,1,4,30.3,0.04841958873439964,0.4671135386523091
8620260704030005,別府競輪,5R,22:36,1-2,1,2,20.9,0.07015727341091457,0.46628701428811437
4520260705020012,豊橋競輪,12R,20:30,2-6,2,6,41.1,0.035636358900124135,0.464654350795102
8620260704030007,別府競輪,7R,23:30,2-7,2,7,36.1,0.040539189969930604,0.4634647579144948
5520260705020006,和歌山競輪,6R,13:04,3-7,3,7,25.6,0.05711690871313526,0.46219286305626284
5520260705020009,和歌山競輪,9R,14:33,3-4,3,4,24.5,0.05957784896129832,0.4596572995518089
4520260705020012,豊橋競輪,12R,20:30,3-6,3,6,31.1,0.04690244816400872,0.45866613790067134
2720260704030003,京王閣競輪,3R,21:37,2-6,2,6,28.9,0.05027716657516497,0.45301011402226754
5520260705020001,和歌山競輪,1R,10:45,5-7,5,7,29.7,0.04889262309337805,0.45211090587332814
5620260704030003,岸和田競輪,3R,21:29,1-2,1,2,18.9,0.07670702800086014,0.44976282921625654
4520260705020011,豊橋競輪,11R,20:04,3-6,3,6,39.4,0.0367856883772078,0.44935612206198705
5520260705020007,和歌山競輪,7R,13:33,1-7,1,7,30.4,0.047644032353957616,0.44837858356031135
2720260704030005,京王閣競輪,5R,22:27,4-6,4,6,40.0,0.03607692625280836,0.44307705011233445
5520260705020008,和歌山競輪,8R,14:03,2-7,2,7,30.5,0.0472115129571407,0.4399511451927913
2720260704030003,京王閣競輪,3R,21:37,3-5,3,5,28.9,0.049814871107863465,0.4396497750172541
5520260705020004,和歌山競輪,4R,12:08,3-5,3,5,29.4,0.048906103570799025,0.4378394449814913
2320260706010010,取手競輪,10R,15:18,3-7,3,7,31.0,0.04634429673838775,0.4366731988900201
5520260705020012,和歌山競輪,12R,16:06,3-4,3,4,25.7,0.055865193488654694,0.4357354726584255
2320260706010003,取手競輪,3R,11:54,2-6,2,6,43.2,0.03321480517328237,0.43487958348579836
5520260705020001,和歌山競輪,1R,10:45,3-5,3,5,28.3,0.050541363716534414,0.4303205931779239
2320260706010001,取手競輪,1R,10:58,5-7,5,7,22.6,0.06319133933554144,0.42812426898323674
4520260705020008,豊橋競輪,8R,18:47,3-5,3,5,27.2,0.052434854024571,0.42622802946833116
4520260705020003,豊橋競輪,3R,16:42,2-3,2,3,30.1,0.04717875573627986,0.42008054766202374
5520260705020009,和歌山競輪,9R,14:33,6-7,6,7,36.5,0.03887212998182875,0.4188327443367492
2320260706010001,取手競輪,1R,10:58,1-4,1,4,30.5,0.04649265241817953,0.4180258987544756
2720260704030005,京王閣競輪,5R,22:27,3-4,3,4,26.1,0.054313111803773906,0.4175722180784991
2320260706010002,取手競輪,2R,11:26,3-5,3,5,21.3,0.06640021091343568,0.41432449245617997
4520260705020005,豊橋競輪,5R,17:32,1-7,1,7,29.3,0.04822820370603591,0.4130863685868522
2720260704030005,京王閣競輪,5R,22:27,2-5,2,5,29.3,0.048197111881112226,0.4121753781165882
5520260705020006,和歌山競輪,6R,13:04,1-3,1,3,30.5,0.04629771111611197,0.4120801890414152
2320260706010004,取手競輪,4R,12:22,4-5,4,5,21.7,0.06458579866410241,0.4015118310110224
4520260705020005,豊橋競輪,5R,17:32,2-4,2,4,29.1,0.04806649947632333,0.39873513476100886
4520260705020008,豊橋競輪,8R,18:47,2-5,2,5,24.2,0.05736933462491334,0.38833789792290263
3720260704030004,伊東競輪,4R,09:30,5-6,5,6,29.5,0.047050002482882616,0.3879750732450371
2720260704030001,京王閣競輪,1R,20:49,3-7,3,7,32.2,0.043103592447578096,0.3879356768120148
2720260704030007,京王閣競輪,7R,23:21,2-3,2,3,24.8,0.055684205969911305,0.38096830805380044
8620260704030003,別府競輪,3R,21:45,3-4,3,4,23.4,0.0589093680418957,0.3784792121803593
5520260705020004,和歌山競輪,4R,12:08,1-2,1,2,29.1,0.047201193231260014,0.3735547230296665
8520260705020001,佐世保競輪,1R,08:40,4-6,4,6,30.2,0.044967847872531067,0.3580290057504383
2320260706010011,取手競輪,11R,15:48,4-5,4,5,27.5,0.049157586084783864,0.35183361733155616
2720260704030002,京王閣競輪,2R,21:13,1-2,1,2,19.4,0.06964393403141911,0.35109232020953063
2320260706010011,取手競輪,11R,15:48,2-4,2,4,28.0,0.04808977199910615,0.3465136159749722
2720260704030001,京王閣競輪,1R,20:49,2-4,2,4,26.7,0.05038974192113409,0.3454061092942802
2320260706010003,取手競輪,3R,11:54,4-5,4,5,31.5,0.04270524191863176,0.3452151204369005
4520260705020004,豊橋競輪,4R,17:07,2-4,2,4,27.8,0.04837120866012441,0.3447196007514588
5520260705020002,和歌山競輪,2R,11:12,5-6,5,6,29.7,0.04523489703378544,0.3434764419034275
5620260704030007,岸和田競輪,7R,23:12,1-4,1,4,23.3,0.057310654528886645,0.3353382505230589
2320260706010001,取手競輪,1R,10:58,2-5,2,5,23.3,0.0572981800868337,0.3350475960232251
4520260705020006,豊橋競輪,6R,17:57,1-4,1,4,29.7,0.04491884300811193,0.3340896373409241
5620260704030007,岸和田競輪,7R,23:12,3-4,3,4,25.8,0.05170877759461291,0.3340864619410131
3720260704030006,伊東競輪,6R,10:10,2-5,2,5,27.3,0.048807454088325986,0.33244349661129946
5520260705020004,和歌山競輪,4R,12:08,4-7,4,7,28.1,0.047408808673810116,0.33218752373406435
8520260705020006,佐世保競輪,6R,10:20,3-5,3,5,22.5,0.059198427554052274,0.3319646199661761
5620260704030006,岸和田競輪,6R,22:45,2-3,2,3,22.2,0.05998125433555613,0.3315838462493461
8620260704030007,別府競輪,7R,23:30,4-7,4,7,33.4,0.03978146237429399,0.32870084330141913
2720260704030007,京王閣競輪,7R,23:21,6-7,6,7,41.9,0.03151640880297776,0.32053752884476827
2320260706010007,取手競輪,7R,13:48,4-6,4,6,30.1,0.04373635470527574,0.3164642766287997
2320260706010010,取手競輪,10R,15:18,4-7,4,7,25.2,0.052096206221661515,0.31282439678587015
8520260705020001,佐世保競輪,1R,08:40,2-3,2,3,24.9,0.052574705812196074,0.3091101747236822
5520260705020010,和歌山競輪,10R,15:03,5-6,5,6,25.7,0.05081318524233987,0.30589886072813455
5620260704030007,岸和田競輪,7R,23:12,6-7,6,7,41.2,0.03155848244113246,0.30020947657465746
5520260705020006,和歌山競輪,6R,13:04,3-5,3,5,24.2,0.05346204455530911,0.29378147823848044
2720260704030003,京王閣競輪,3R,21:37,4-6,4,6,27.0,0.047825864422852166,0.29129833941700856
8620260704030002,別府競輪,2R,21:21,3-4,3,4,15.0,0.08581951940828178,0.2872927911242267
4520260705020001,豊橋競輪,1R,15:55,2-5,2,5,28.4,0.04510792662717765,0.28106511621184516
5620260704030006,岸和田競輪,6R,22:45,5-6,5,6,36.1,0.03534002748656313,0.2757749922649291
4520260705020005,豊橋競輪,5R,17:32,1-4,1,4,25.0,0.051029721566078656,0.2757430391519664
8520260705020003,佐世保競輪,3R,09:20,2-4,2,4,26.5,0.04805018946240858,0.2733300207538272
4520260705020011,豊橋競輪,11R,20:04,1-4,1,4,24.4,0.05188860383781459,0.26608193364267585
3720260704030007,伊東競輪,7R,10:30,1-3,1,3,26.1,0.04836233513549365,0.26225694703638425
8520260705020001,佐世保競輪,1R,08:40,1-3,1,3,25.6,0.049298978717664754,0.2620538551722178
5520260705020003,和歌山競輪,3R,11:40,2-7,2,7,27.4,0.045997311437897356,0.2603263333983874
4520260705020010,豊橋競輪,10R,19:38,1-4,1,4,22.2,0.05644152616238905,0.25300188080503694
3720260704030003,伊東競輪,3R,09:10,1-6,1,6,24.7,0.049863839889896344,0.2316368452804396
5620260704030007,岸和田競輪,7R,23:12,5-6,5,6,38.2,0.03216132561389074,0.22856263845062652
2320260706010005,取手競輪,5R,12:50,6-7,6,7,27.3,0.04495149278508728,0.22717575303288284
8520260705020001,佐世保競輪,1R,08:40,6-7,6,7,26.3,0.046474697018082045,0.22228453157555772
5520260705020012,和歌山競輪,12R,16:06,1-2,1,2,24.5,0.04984839883310325,0.22128577141102967
5520260705020001,和歌山競輪,1R,10:45,1-6,1,6,27.5,0.04438863776579553,0.22068753855937717
5520260705020008,和歌山競輪,8R,14:03,5-7,5,7,27.7,0.043958503753728125,0.21765055397826893
5520260705020011,和歌山競輪,11R,15:34,4-7,4,7,25.0,0.0485241930275124,0.21310482568781008
2320260706010003,取手競輪,3R,11:54,3-4,3,4,26.3,0.04605102159178889,0.21114186786404798
5620260704030005,岸和田競輪,5R,22:18,3-6,3,6,28.4,0.04261226071566959,0.21018820432501628
2720260704030005,京王閣競輪,5R,22:27,2-3,2,3,18.4,0.06570927702299122,0.20905069722303837
4520260705020012,豊橋競輪,12R,20:30,1-7,1,7,24.7,0.0487386403140765,0.20384441575768952
4520260705020001,豊橋競輪,1R,15:55,5-7,5,7,26.0,0.04624886237724177,0.202470421808286
5520260705020002,和歌山競輪,2R,11:12,5-7,5,7,24.4,0.049228540127684545,0.2011763791155028
8620260704030007,別府競輪,7R,23:30,2-6,2,6,27.8,0.04298304330192531,0.1949286037935236
5620260704030007,岸和田競輪,7R,23:12,2-4,2,4,22.1,0.05399047799387999,0.19318956366474782
5520260705020011,和歌山競輪,11R,15:34,3-5,3,5,23.3,0.05115326156596928,0.19187099448708422
3720260704030005,伊東競輪,5R,09:50,3-7,3,7,24.3,0.04904764988130519,0.19185789211571613
5620260704030006,岸和田競輪,6R,22:45,3-6,3,6,28.3,0.041995699340536825,0.1884782913371923
8620260704030003,別府競輪,3R,21:45,2-5,2,5,18.6,0.06388770353816389,0.18831128580984857
4520260705020004,豊橋競輪,4R,17:07,4-6,4,6,27.6,0.042996792377439155,0.18671146961732066
8620260704030005,別府競輪,5R,22:36,3-5,3,5,23.6,0.05014795390384563,0.1834917121307571
4520260705020010,豊橋競輪,10R,19:38,5-7,5,7,24.6,0.04809721693601968,0.18319153662608412
5520260705020010,和歌山競輪,10R,15:03,5-7,5,7,23.7,0.049813709338382264,0.1805849113196596
5520260705020012,和歌山競輪,12R,16:06,1-7,1,7,21.2,0.055678130146882845,0.18037635911391625
2320260706010007,取手競輪,7R,13:48,5-6,5,6,27.9,0.042030383853785755,0.17264770952062247
5520260705020009,和歌山競輪,9R,14:33,2-7,2,7,25.0,0.04685947246569675,0.17148681164241886
5620260704030003,岸和田競輪,3R,21:29,1-3,1,3,15.4,0.07602565790420714,0.17079513172479
4520260705020005,豊橋競輪,5R,17:32,3-6,3,6,26.5,0.04414086790516475,0.16973299948686593
8620260704030001,別府競輪,1R,20:57,1-2,1,2,4.6,0.2535915640460166,0.16652119461167647
2720260704030002,京王閣競輪,2R,21:13,4-7,4,7,30.1,0.03839159473171678,0.1555870014246752
5520260705020010,和歌山競輪,10R,15:03,4-7,4,7,27.4,0.04211349198224161,0.15390968031342012
3720260704030003,伊東競輪,3R,09:10,5-7,5,7,23.6,0.0487753428401813,0.15109809102827865
2720260704030006,京王閣競輪,6R,22:54,2-7,2,7,25.9,0.04441495732994381,0.1503473948455447
3720260704030006,伊東競輪,6R,10:10,1-3,1,3,23.2,0.049567737912098404,0.149971519560683
5520260705020006,和歌山競輪,6R,13:04,2-6,2,6,23.7,0.048485217948825265,0.1490996653871588
5520260705020010,和歌山競輪,10R,15:03,3-4,3,4,21.9,0.05228835556924345,0.14511498696643144
5520260705020007,和歌山競輪,7R,13:33,3-7,3,7,27.7,0.04129687298514245,0.14392338168844598
4520260705020003,豊橋競輪,3R,16:42,1-6,1,6,23.4,0.048579164573275366,0.1367524510146434
2320260706010001,取手競輪,1R,10:58,5-6,5,6,20.7,0.0549055468396159,0.13654481958004894
4520260705020003,豊橋競輪,3R,16:42,4-5,4,5,23.9,0.047534484727389,0.136074184984597
5620260704030005,岸和田競輪,5R,22:18,4-6,4,6,30.6,0.03708358069202786,0.13475756917605253
2320260706010002,取手競輪,2R,11:26,2-3,2,3,23.2,0.04863750972643567,0.1283902256533076
3720260704030003,伊東競輪,3R,09:10,1-4,1,4,23.4,0.048196299240373885,0.1277934022247489
2720260704030003,京王閣競輪,3R,21:37,4-7,4,7,29.5,0.03803251468009697,0.12195918306286058
3720260704030006,伊東競輪,6R,10:10,1-5,1,5,23.1,0.048346895178208366,0.11681327861661339
3720260704030002,伊東競輪,2R,08:50,5-7,5,7,22.6,0.04932162200347235,0.1146686572784752
2720260704030002,京王閣競輪,2R,21:13,2-7,2,7,25.5,0.04364759817235663,0.11301375339509412
4520260705020008,豊橋競輪,8R,18:47,1-3,1,3,26.2,0.04236410063332327,0.1099394365930697
2720260704030001,京王閣競輪,1R,20:49,4-5,4,5,23.3,0.04725227730380742,0.100978061178713
3720260704030006,伊東競輪,6R,10:10,2-3,2,3,22.0,0.050032404849214895,0.1007129066827277
8520260705020005,佐世保競輪,5R,10:00,3-4,3,4,20.9,0.052645348926469424,0.10028779256321085
2720260704030007,京王閣競輪,7R,23:21,3-6,3,6,28.8,0.03820378734598255,0.10026907556429743
5520260705020008,和歌山競輪,8R,14:03,4-5,4,5,20.9,0.05257998332449756,0.09892165148199883
4520260705020010,豊橋競輪,10R,19:38,1-7,1,7,23.6,0.04648006220704186,0.09692946808618785
4520260705020004,豊橋競輪,4R,17:07,5-7,5,7,21.5,0.0508740697764847,0.09379250019442109
2320260706010010,取手競輪,10R,15:18,1-5,1,5,22.3,0.048845849797378646,0.0892624504815438
4520260705020005,豊橋競輪,5R,17:32,5-6,5,6,23.0,0.04710933922920878,0.08351480227180197
8620260704030007,別府競輪,7R,23:30,1-4,1,4,16.9,0.0639862172483683,0.08136707149742417
5620260704030006,岸和田競輪,6R,22:45,1-2,1,2,15.5,0.0696590276768041,0.07971492899046351
2320260706010003,取手競輪,3R,11:54,2-7,2,7,23.0,0.04687296681990344,0.07807823685777904
2320260706010011,取手競輪,11R,15:48,2-3,2,3,22.3,0.04822622169338017,0.07544474376237797
5520260705020011,和歌山競輪,11R,15:34,2-4,2,4,22.3,0.04822049199399295,0.07531697146604266
8620260704030006,別府競輪,6R,23:03,4-5,4,5,26.2,0.041021780576543064,0.07477065110542824
5520260705020009,和歌山競輪,9R,14:33,3-7,3,7,22.8,0.04700462269162334,0.07170539736901205
5520260705020005,和歌山競輪,5R,12:36,1-7,1,7,21.8,0.049072878390224534,0.0697887489068949
2720260704030005,京王閣競輪,5R,22:27,4-5,4,5,27.7,0.03861117063486596,0.06952942658578709
5520260705020011,和歌山競輪,11R,15:34,6-7,6,7,27.9,0.03832801153332728,0.06935152177983106
5520260705020001,和歌山競輪,1R,10:45,1-7,1,7,21.5,0.049599210064681015,0.06638301639064181
4520260705020001,豊橋競輪,1R,15:55,5-6,5,6,23.2,0.045958073876206484,0.0662273139279903
8620260704030007,別府競輪,7R,23:30,1-2,1,2,16.4,0.06498595688968946,0.06576969299090707
2720260704030005,京王閣競輪,5R,22:27,1-3,1,3,15.0,0.0710065280736642,0.06509792110496293
8620260704030004,別府競輪,4R,22:09,1-3,1,3,16.8,0.06330035641393902,0.06344598775417576
5520260705020011,和歌山競輪,11R,15:34,2-5,2,5,24.9,0.04268662351962226,0.06289692563859428
4520260705020005,豊橋競輪,5R,17:32,1-2,1,2,21.3,0.049438778543003714,0.053045982965979066
8620260704030003,別府競輪,3R,21:45,4-6,4,6,20.6,0.05107945215044688,0.05223671429920573
3720260704030002,伊東競輪,2R,08:50,2-4,2,4,21.1,0.049793876179506175,0.05065078738758033
2720260704030001,京王閣競輪,1R,20:49,5-6,5,6,23.9,0.043874642747443814,0.048603961663907125
8620260704030007,別府競輪,7R,23:30,5-6,5,6,26.7,0.039221492542752444,0.04721385089149033
2320260706010009,取手競輪,9R,14:48,1-2,1,2,21.0,0.049485063871519325,0.03918634130190579
2320260706010010,取手競輪,10R,15:18,3-4,3,4,21.1,0.04913578863172805,0.03676514012946197
2720260704030007,京王閣競輪,7R,23:21,4-6,4,6,28.4,0.03625942316925619,0.029767618006875773
5520260705020010,和歌山競輪,10R,15:03,1-4,1,4,23.7,0.04318059859964787,0.023380186811654324
8620260704030004,別府競輪,4R,22:09,2-4,2,4,20.9,0.048647248346090716,0.01672749043329591
5620260704030004,岸和田競輪,4R,21:53,1-4,1,4,18.2,0.0558604867686502,0.016660859189433497
5520260705020008,和歌山競輪,8R,14:03,2-4,2,4,18.1,0.05615542024293123,0.0164131063970554
2320260706010003,取手競輪,3R,11:54,1-5,1,5,16.8,0.06010088418034657,0.009694854229822525
4520260705020009,豊橋競輪,9R,19:12,3-5,3,5,19.0,0.052921555004529774,0.005509545086065604
5520260705020001,和歌山競輪,1R,10:45,2-3,2,3,20.4,0.04926845849205366,0.005076553237894688
5520260705020009,和歌山競輪,9R,14:33,2-6,2,6,21.6,0.04634058640597215,0.0009566663689983823
8520260705020005,佐世保競輪,5R,10:00,1-3,1,3,29.0,0.03449749774623237,0.00042743464073868864
2720260704030005,京王閣競輪,5R,22:27,1-5,1,5,19.0,0.052650066625050854,0.00035126587596612247
4520260705020009,豊橋競輪,9R,19:12,3-4,3,4,18.6,0.05368979584349456,-0.0013697973110011752
5520260705020003,和歌山競輪,3R,11:40,2-4,2,4,21.0,0.04737813181339774,-0.005059231918647433
2720260704030002,京王閣競輪,2R,21:13,3-5,3,5,23.6,0.04203641617681006,-0.007940578227282558
2320260706010002,取手競輪,2R,11:26,2-5,2,5,16.2,0.06115458085606752,-0.009295790131706227
5620260704030005,岸和田競輪,5R,22:18,2-4,2,4,18.3,0.05383072316481074,-0.014897766083963426
5520260705020007,和歌山競輪,7R,13:33,4-6,4,6,21.2,0.046420399055466605,-0.01588754002410797
2320260706010001,取手競輪,1R,10:58,1-3,1,3,18.6,0.05286115048322049,-0.01678260101209883
5520260705020007,和歌山競輪,7R,13:33,6-7,6,7,27.1,0.03616428834504844,-0.019947785849187327
8520260705020004,佐世保競輪,4R,09:40,2-5,2,5,18.4,0.053229309124187586,-0.020580712114948496
5520260705020005,和歌山競輪,5R,12:36,4-6,4,6,20.9,0.046854126236013795,-0.020748761667311766
4520260705020010,豊橋競輪,10R,19:38,3-6,3,6,22.5,0.043449118529211184,-0.022394833092748367
2320260706010009,取手競輪,9R,14:48,2-5,2,5,21.2,0.04607086533906262,-0.023297654811872515
2720260704030001,京王閣競輪,1R,20:49,2-3,2,3,19.0,0.05127063332413534,-0.025857966841428492
8620260704030006,別府競輪,6R,23:03,2-6,2,6,19.7,0.049382416724971706,-0.02716639051805747
2320260706010003,取手競輪,3R,11:54,2-3,2,3,21.3,0.04561562747486046,-0.028387134785472168
8520260705020003,佐世保競輪,3R,09:20,1-4,1,4,18.6,0.05217184413843544,-0.029603699025100738
2720260704030003,京王閣競輪,3R,21:37,1-2,1,2,17.1,0.05663183828049176,-0.031595565403590875
4520260705020003,豊橋競輪,3R,16:42,1-3,1,3,18.9,0.050814441780869246,-0.039607050341571304
4520260705020010,豊橋競輪,10R,19:38,1-3,1,3,17.5,0.054815389256091265,-0.04073068801840285
2320260706010007,取手競輪,7R,13:48,1-5,1,5,19.8,0.048430068641579005,-0.04108464089673569
8620260704030002,別府競輪,2R,21:21,1-2,1,2,6.6,0.14524412304791456,-0.04138878788376388
2320260706010002,取手競輪,2R,11:26,1-6,1,6,22.1,0.04323937719080766,-0.04440976408315067
3720260704030007,伊東競輪,7R,10:30,2-6,2,6,21.3,0.04476690292912289,-0.04646496760968244
5520260705020002,和歌山競輪,2R,11:12,3-5,3,5,19.0,0.050103876221162094,-0.04802635179792025
5520260705020011,和歌山競輪,11R,15:34,1-2,1,2,20.5,0.0460462281340588,-0.056052323251794545
5520260705020008,和歌山競輪,8R,14:03,1-4,1,4,15.6,0.06040573012763133,-0.05767061000895135
8620260704030004,別府競輪,4R,22:09,3-5,3,5,20.9,0.0447498661653534,-0.06472779714411403
2320260706010005,取手競輪,5R,12:50,3-4,3,4,18.9,0.04944297001456692,-0.06552786672468525
8520260705020003,佐世保競輪,3R,09:20,3-5,3,5,16.5,0.05636758378098103,-0.06993486761381307
4520260705020006,豊橋競輪,6R,17:57,2-7,2,7,18.7,0.04967373770437894,-0.07110110492811383
2720260704030006,京王閣競輪,6R,22:54,6-7,6,7,29.7,0.03123717143203717,-0.072256008468496
4520260705020011,豊橋競輪,11R,20:04,4-7,4,7,20.6,0.04483154757990591,-0.07647011985393826
2320260706010006,取手競輪,6R,13:18,2-7,2,7,18.1,0.050298198685212035,-0.08960260379766205
4520260705020011,豊橋競輪,11R,20:04,4-5,4,5,15.1,0.06013281965602077,-0.09199442319408635
4520260705020001,豊橋競輪,1R,15:55,2-6,2,6,20.3,0.04463870134492058,-0.09383436269811218
5520260705020006,和歌山競輪,6R,13:04,1-6,1,6,25.4,0.03558542912754768,-0.09613010016028889
5520260705020005,和歌山競輪,5R,12:36,4-5,4,5,18.0,0.0500070040092396,-0.09987392783368709
3720260704030005,伊東競輪,5R,09:50,2-5,2,5,18.3,0.04916846456735932,-0.1002170984173244
5520260705020001,和歌山競輪,1R,10:45,3-7,3,7,18.9,0.04758493787343655,-0.10064467419204925
5520260705020003,和歌山競輪,3R,11:40,1-2,1,2,18.2,0.04923668252781786,-0.10389237799371498
4520260705020004,豊橋競輪,4R,17:07,2-5,2,5,17.1,0.05238253100226027,-0.10425871986134927
2720260704030006,京王閣競輪,6R,22:54,1-3,1,3,13.8,0.06463948670802727,-0.10797508342922357
5520260705020010,和歌山競輪,10R,15:03,1-6,1,6,23.3,0.03826502896722564,-0.1084248250636426
8520260705020003,佐世保競輪,3R,09:20,1-3,1,3,14.0,0.06334394586126824,-0.1131847579422447
5520260705020005,和歌山競輪,5R,12:36,1-5,1,5,17.9,0.04944494120847407,-0.11493555236831421
2720260704030005,京王閣競輪,5R,22:27,2-4,2,4,16.2,0.05455904137879673,-0.11614352966349295
3720260704030003,伊東競輪,3R,09:10,1-2,1,2,17.2,0.051379051573820604,-0.11628031293028562
8520260705020002,佐世保競輪,2R,09:00,3-4,3,4,16.6,0.05303256736275881,-0.11965938177820368
2720260704030001,京王閣競輪,1R,20:49,2-7,2,7,19.9,0.04420642456056549,-0.12029215124474679
4520260705020003,豊橋競輪,3R,16:42,2-6,2,6,19.5,0.045092473973566485,-0.1206967575154535
2720260704030006,京王閣競輪,6R,22:54,4-5,4,5,21.7,0.04047813998844729,-0.12162436225069373
2720260704030001,京王閣競輪,1R,20:49,1-7,1,7,18.6,0.04710240224442276,-0.12389531825373656
8620260704030001,別府競輪,1R,20:57,3-5,3,5,33.0,0.02647063378095693,-0.12646908522842126
4520260705020001,豊橋競輪,1R,15:55,1-2,1,2,18.3,0.04764236003001526,-0.12814481145072065
4520260705020012,豊橋競輪,12R,20:30,2-5,2,5,20.7,0.04205959809643749,-0.1293663194037441
5620260704030003,岸和田競輪,3R,21:29,3-4,3,4,12.8,0.06759671260140523,-0.13476207870201296
2320260706010011,取手競輪,11R,15:48,4-6,4,6,19.2,0.044957948381720264,-0.13680739107097095
2320260706010004,取手競輪,4R,12:22,4-7,4,7,17.5,0.04922771855321209,-0.1385149253187884
4520260705020008,豊橋競輪,8R,18:47,5-6,5,6,18.6,0.04629594418497765,-0.13889543815941563
5620260704030007,岸和田競輪,7R,23:12,2-3,2,3,13.5,0.06350006792809146,-0.14274908297076527
2320260706010003,取手競輪,3R,11:54,1-4,1,4,15.3,0.055892885978638104,-0.14483884452683693
2720260704030003,京王閣競輪,3R,21:37,2-5,2,5,16.6,0.051498825403569544,-0.14511949830074555
2720260704030001,京王閣競輪,1R,20:49,1-3,1,3,15.7,0.054418386910477304,-0.1456313255055064
3720260704030004,伊東競輪,4R,09:30,4-7,4,7,18.0,0.04741767017043952,-0.14648193693208866
2720260704030002,京王閣競輪,2R,21:13,4-5,4,5,20.3,0.04187407613209052,-0.14995625451856232
2320260706010009,取手競輪,9R,14:48,4-7,4,7,17.3,0.04912086840163006,-0.15020897665179989
5520260705020001,和歌山競輪,1R,10:45,4-5,4,5,17.0,0.04986644166816227,-0.1522704916412414
4520260705020005,豊橋競輪,5R,17:32,1-6,1,6,17.9,0.04708069552692867,-0.15725555006797687
5520260705020004,和歌山競輪,4R,12:08,1-6,1,6,17.5,0.047899011561193895,-0.1617672976791068
2720260704030004,京王閣競輪,4R,22:01,3-4,3,4,17.8,0.047070403642902034,-0.16214681515634377
8620260704030007,別府競輪,7R,23:30,3-5,3,5,19.2,0.04340462563887524,-0.16663118773359542
5520260705020001,和歌山競輪,1R,10:45,1-4,1,4,16.4,0.05058537408624236,-0.17039986498562532
2320260706010009,取手競輪,9R,14:48,2-3,2,3,16.6,0.049971222655606384,-0.17047770391693395
2320260706010001,取手競輪,1R,10:58,1-6,1,6,17.8,0.046471524262275465,-0.1728068681314967
4520260705020003,豊橋競輪,3R,16:42,3-6,3,6,17.4,0.04747045567372801,-0.17401407127713264
3720260704030005,伊東競輪,5R,09:50,1-5,1,5,16.9,0.048851627963912486,-0.1744074874098791
2320260706010002,取手競輪,2R,11:26,1-4,1,4,18.4,0.04477060108107819,-0.17622094010816136
4520260705020002,豊橋競輪,2R,16:17,3-7,3,7,15.8,0.0518142354878426,-0.18133507929208692
3720260704030004,伊東競輪,4R,09:30,1-7,1,7,16.1,0.05081668239546083,-0.18185141343308053
4520260705020008,豊橋競輪,8R,18:47,6-7,6,7,17.8,0.04591036758706232,-0.18279545695029065
4520260705020001,豊橋競輪,1R,15:55,1-3,1,3,15.9,0.0513528657003753,-0.18348943536403273
8520260705020002,佐世保競輪,2R,09:00,4-7,4,7,16.1,0.050479583994207454,-0.1872786976932599
2320260706010008,取手競輪,8R,14:18,1-3,1,3,15.4,0.05206884543493433,-0.1981397803020113
2720260704030004,京王閣競輪,4R,22:01,4-6,4,6,19.6,0.04083766536033347,-0.199581758937464
2320260706010003,取手競輪,3R,11:54,1-3,1,3,12.4,0.06421868414758758,-0.20368831656991404
5520260705020012,和歌山競輪,12R,16:06,5-7,5,7,19.1,0.04162294081958581,-0.2050018303459109
8520260705020005,佐世保競輪,5R,10:00,1-7,1,7,16.8,0.04724963420579066,-0.20620614534271686
2720260704030004,京王閣競輪,4R,22:01,1-5,1,5,14.1,0.056146289209575206,-0.20833732214498957
3720260704030007,伊東競輪,7R,10:30,1-5,1,5,15.9,0.0496089533307581,-0.21121764204094617
2320260706010001,取手競輪,1R,10:58,4-6,4,6,23.5,0.033411651722096244,-0.2148261845307382
3720260704030007,伊東競輪,7R,10:30,2-3,2,3,16.6,0.047163672049926275,-0.2170830439712238
4520260705020010,豊橋競輪,10R,19:38,4-5,4,5,13.4,0.058241020392069895,-0.21957032674626342
8620260704030004,別府競輪,4R,22:09,3-4,3,4,16.8,0.04634873668865938,-0.22134122363052233
5520260705020011,和歌山競輪,11R,15:34,5-7,5,7,18.1,0.042996571613442225,-0.22176205379669567
8520260705020007,佐世保競輪,7R,10:40,3-4,3,4,15.5,0.05014738406322887,-0.22271554701995255
5520260705020004,和歌山競輪,4R,12:08,3-7,3,7,15.8,0.04913981842755373,-0.22359086884465107
4520260705020002,豊橋競輪,2R,16:17,3-5,3,5,15.3,0.05045208882179207,-0.22808304102658128
5520260705020006,和歌山競輪,6R,13:04,1-5,1,5,18.6,0.04145255092196001,-0.22898255285154367
5520260705020010,和歌山競輪,10R,15:03,2-7,2,7,17.5,0.044029248305315336,-0.22948815465698158
2320260706010005,取手競輪,5R,12:50,3-7,3,7,15.2,0.05050697758598009,-0.2322939406931026
5520260705020010,和歌山競輪,10R,15:03,2-4,2,4,15.2,0.050428344658695376,-0.23348916118783036
5520260705020002,和歌山競輪,2R,11:12,6-7,6,7,16.5,0.046228681341327606,-0.23722675786809455
4520260705020008,豊橋競輪,8R,18:47,1-7,1,7,16.6,0.04576288834113905,-0.24033605353709175
2320260706010006,取手競輪,6R,13:18,3-7,3,7,16.8,0.04496394584399095,-0.24460570982095198
8520260705020004,佐世保競輪,4R,09:40,2-4,2,4,16.0,0.04716039638345512,-0.24543365786471805
4520260705020012,豊橋競輪,12R,20:30,1-6,1,6,15.3,0.04928869356525958,-0.24588298845152845
3720260704030002,伊東競輪,2R,08:50,4-5,4,5,14.9,0.05047822800170572,-0.24787440277458472
4520260705020002,豊橋競輪,2R,16:17,2-7,2,7,15.8,0.047510667060048264,-0.24933146045123744
4520260705020004,豊橋競輪,4R,17:07,3-5,3,5,15.4,0.048663810706135555,-0.2505773151255124
8520260705020002,佐世保競輪,2R,09:00,1-4,1,4,15.0,0.049485107237511074,-0.2577233914373339
5520260705020011,和歌山競輪,11R,15:34,1-4,1,4,12.2,0.06077744747238333,-0.2585151408369234
2320260706010001,取手競輪,1R,10:58,3-7,3,7,16.3,0.04538246767658511,-0.26026577687166264
2320260706010010,取手競輪,10R,15:18,1-2,1,2,14.7,0.049872113801082835,-0.2668799271240824
8520260705020007,佐世保競輪,7R,10:40,3-6,3,6,25.7,0.028424187856757557,-0.26949837208133076
2320260706010003,取手競輪,3R,11:54,5-7,5,7,14.2,0.051210420982427354,-0.2728120220495316
5620260704030004,岸和田競輪,4R,21:53,4-5,4,5,17.3,0.041899438682838866,-0.2751397107868876
2720260704030003,京王閣競輪,3R,21:37,1-4,1,4,13.4,0.054006254984967375,-0.27631618320143714
5620260704030003,岸和田競輪,3R,21:29,2-4,2,4,10.6,0.06821791339708286,-0.2768901179909218
4520260705020001,豊橋競輪,1R,15:55,3-5,3,5,14.8,0.04864584483137614,-0.28004149649563304
4520260705020004,豊橋競輪,4R,17:07,2-3,2,3,14.6,0.04930681128115531,-0.28012055529513247
8620260704030004,別府競輪,4R,22:09,1-6,1,6,12.4,0.057797229809635434,-0.28331435036052055
2720260704030004,京王閣競輪,4R,22:01,1-7,1,7,14.6,0.04856142386087525,-0.29100321163122134
5520260705020003,和歌山競輪,3R,11:40,3-5,3,5,14.8,0.04784007348988864,-0.2919669123496481
4520260705020010,豊橋競輪,10R,19:38,2-4,2,4,15.7,0.04495249869812,-0.29424577043951605
8620260704030005,別府競輪,5R,22:36,4-7,4,7,20.7,0.033967356957690376,-0.2968757109758092
8620260704030004,別府競輪,4R,22:09,1-5,1,5,11.9,0.05900936260224908,-0.2977885850332359
2720260704030006,京王閣競輪,6R,22:54,3-5,3,5,14.1,0.04967284383180186,-0.29961290197159385
5520260705020004,和歌山競輪,4R,12:08,5-7,5,7,13.6,0.051349595250364324,-0.30164550459504524
3720260704030004,伊東競輪,4R,09:30,2-3,2,3,14.6,0.04770247732276171,-0.303543831087679
5520260705020008,和歌山競輪,8R,14:03,3-4,3,4,15.9,0.04368582488242681,-0.3053953843694137
2720260704030003,京王閣競輪,3R,21:37,3-7,3,7,17.9,0.03874894173408606,-0.30639394295985967
5520260705020009,和歌山競輪,9R,14:33,4-5,4,5,14.7,0.04713627082339607,-0.30709681889607787
2720260704030004,京王閣競輪,4R,22:01,4-7,4,7,19.2,0.03601827447830721,-0.30844913001650165
2320260706010001,取手競輪,1R,10:58,1-2,1,2,14.2,0.04859601418121183,-0.309936598626792
3720260704030007,伊東競輪,7R,10:30,1-4,1,4,14.4,0.047768189348706594,-0.312138073378625
8520260705020005,佐世保競輪,5R,10:00,2-3,2,3,13.3,0.051663769953432276,-0.3128718596193507
4520260705020001,豊橋競輪,1R,15:55,1-5,1,5,14.0,0.049004118465264423,-0.31394234148629807
2320260706010008,取手競輪,8R,14:18,2-5,2,5,14.3,0.047937507086663,-0.31449364866071905
4520260705020005,豊橋競輪,5R,17:32,5-7,5,7,14.2,0.048258146329828666,-0.31473432211643293
4520260705020001,豊橋競輪,1R,15:55,3-6,3,6,14.2,0.04816959850452167,-0.31599170123579234
2720260704030005,京王閣競輪,5R,22:27,1-6,1,6,13.7,0.04955067361790995,-0.3211557714346337
2320260706010007,取手競輪,7R,13:48,3-5,3,5,13.5,0.049762742546518676,-0.32820297562199785
5520260705020006,和歌山競輪,6R,13:04,2-7,2,7,11.3,0.059349964528004145,-0.3293454008335531
4520260705020004,豊橋競輪,4R,17:07,3-7,3,7,14.0,0.04784885680216438,-0.3301160047696987
4520260705020012,豊橋競輪,12R,20:30,1-2,1,2,13.6,0.04919982697031741,-0.3308823532036832
5520260705020003,和歌山競輪,3R,11:40,2-3,2,3,13.7,0.0486777890988953,-0.33311428934513443
4520260705020003,豊橋競輪,3R,16:42,5-6,5,6,13.6,0.04890635343790411,-0.33487359324450416
5620260704030005,岸和田競輪,5R,22:18,4-5,4,5,17.4,0.038098603468294384,-0.33708429965167774
2720260704030007,京王閣競輪,7R,23:21,2-4,2,4,12.4,0.05323734143174383,-0.3398569662463765
2720260704030007,京王閣競輪,7R,23:21,3-5,3,5,17.1,0.03847442754693124,-0.34208728894747575
3720260704030005,伊東競輪,5R,09:50,1-3,1,3,13.2,0.04914721780785218,-0.3512567249363513
2320260706010008,取手競輪,8R,14:18,2-3,2,3,12.8,0.05065205296718708,-0.35165372202000533
3720260704030004,伊東競輪,4R,09:30,2-5,2,5,12.7,0.050930789903810676,-0.35317896822160444
5620260704030004,岸和田競輪,4R,21:53,6-7,6,7,19.7,0.03268093686699542,-0.3561855437201903
5620260704030004,岸和田競輪,4R,21:53,3-4,3,4,12.2,0.05210491602540114,-0.36432002449010614
5520260705020008,和歌山競輪,8R,14:03,2-5,2,5,12.1,0.052508214452514884,-0.3646506051245699
2720260704030001,京王閣競輪,1R,20:49,1-2,1,2,11.4,0.05568563745541322,-0.3651837330082893
5620260704030006,岸和田競輪,6R,22:45,3-7,3,7,15.9,0.039791822862699604,-0.36731001648307626
3720260704030005,伊東競輪,5R,09:50,5-6,5,6,13.0,0.04785393311029064,-0.37789886956622165
2320260706010007,取手競輪,7R,13:48,6-7,6,7,14.3,0.04338403544921346,-0.37960829307624755
2320260706010010,取手競輪,10R,15:18,1-7,1,7,11.8,0.052496410834186796,-0.3805423521565958
8520260705020003,佐世保競輪,3R,09:20,4-7,4,7,13.0,0.047363495947231785,-0.38427455268598676
5520260705020009,和歌山競輪,9R,14:33,2-5,2,5,14.1,0.04339232138954789,-0.38816826840737473
2320260706010006,取手競輪,6R,13:18,1-2,1,2,11.6,0.05269860509947094,-0.3886961808461371
4520260705020008,豊橋競輪,8R,18:47,4-6,4,6,15.4,0.03965693428001797,-0.3892832120877232
3720260704030007,伊東競輪,7R,10:30,3-4,3,4,13.0,0.04623721041786309,-0.39891626456777984
3720260704030007,伊東競輪,7R,10:30,2-5,2,5,12.4,0.04839278200637799,-0.3999295031209129
3720260704030001,伊東競輪,1R,08:30,3-4,3,4,11.6,0.05138644166615275,-0.4039172766726281
2320260706010006,取手競輪,6R,13:18,1-3,1,3,12.6,0.047205154708316696,-0.4052150506752097
4520260705020003,豊橋競輪,3R,16:42,5-7,5,7,12.0,0.04952718920465564,-0.4056737295441324
2320260706010011,取手競輪,11R,15:48,1-3,1,3,11.7,0.05071531876435338,-0.4066307704570655
2720260704030006,京王閣競輪,6R,22:54,1-5,1,5,11.6,0.0511292200683552,-0.40690104720707976
5520260705020004,和歌山競輪,4R,12:08,1-3,1,3,12.3,0.0481990960282397,-0.40715111885265165
2320260706010003,取手競輪,3R,11:54,1-7,1,7,9.0,0.06576467687257806,-0.4081179081467975
5520260705020010,和歌山競輪,10R,15:03,1-5,1,5,11.6,0.05100573444880099,-0.4083334803939085
5520260705020003,和歌山競輪,3R,11:40,2-6,2,6,12.6,0.04609899644520672,-0.41915264479039527
5620260704030007,岸和田競輪,7R,23:12,1-6,1,6,11.6,0.0500655103592343,-0.41924007983288214
2720260704030006,京王閣競輪,6R,22:54,2-6,2,6,11.8,0.0490143017813567,-0.4216312389799909
2320260706010008,取手競輪,8R,14:18,1-2,1,2,11.5,0.04994938810398122,-0.425582036804216
4520260705020009,豊橋競輪,9R,19:12,1-3,1,3,11.0,0.052081785229604285,-0.4271003624743529
2320260706010010,取手競輪,10R,15:18,1-6,1,6,11.5,0.04951730016005468,-0.4305510481593712
5520260705020009,和歌山競輪,9R,14:33,4-7,4,7,11.2,0.05081037606902508,-0.4309237880269191
3720260704030006,伊東競輪,6R,10:10,1-4,1,4,12.0,0.047307678374789774,-0.4323078595025227
2320260706010009,取手競輪,9R,14:48,1-7,1,7,11.3,0.05012512663301842,-0.4335860690468918
4520260705020010,豊橋競輪,10R,19:38,3-5,3,5,10.0,0.056586702889286966,-0.43413297110713034
8520260705020004,佐世保競輪,4R,09:40,2-7,2,7,11.9,0.047532594670775315,-0.4343621234177737
3720260704030004,伊東競輪,4R,09:30,2-4,2,4,12.4,0.04559428771471677,-0.4346308323375121
2720260704030007,京王閣競輪,7R,23:21,1-2,1,2,7.0,0.08068172974150942,-0.4352278918094341
5520260705020007,和歌山競輪,7R,13:33,2-4,2,4,12.0,0.046971922375182634,-0.4363369314978084
2720260704030003,京王閣競輪,3R,21:37,2-4,2,4,10.4,0.05361924013745509,-0.4423599025704671
4520260705020002,豊橋競輪,2R,16:17,4-5,4,5,10.9,0.05096129901408683,-0.4445218407464535
8520260705020007,佐世保競輪,7R,10:40,2-3,2,3,11.7,0.04736657681741731,-0.44581105123621756
3720260704030005,伊東競輪,5R,09:50,5-7,5,7,11.3,0.04875271440582024,-0.44909432721423126
5620260704030005,岸和田競輪,5R,22:18,5-7,5,7,15.9,0.03464326880124452,-0.4491720260602121
4520260705020004,豊橋競輪,4R,17:07,6-7,6,7,12.0,0.04589290052580308,-0.449285193690363
2720260704030006,京王閣競輪,6R,22:54,5-7,5,7,16.9,0.03254823063883937,-0.44993490220361476
5620260704030005,岸和田競輪,5R,22:18,1-5,1,5,10.2,0.0531395261506639,-0.45797683326322824
2720260704030002,京王閣競輪,2R,21:13,1-4,1,4,8.6,0.06278170280970344,-0.4600773558365504
3720260704030003,伊東競輪,3R,09:10,1-5,1,5,10.9,0.04886504972911048,-0.4673709579526958
3720260704030006,伊東競輪,6R,10:10,1-7,1,7,10.6,0.04997144597097225,-0.4703026727076942
5620260704030002,岸和田競輪,2R,21:05,2-4,2,4,8.8,0.060130435645208466,-0.4708521663221654
2720260704030001,京王閣競輪,1R,20:49,1-6,1,6,10.6,0.04989162213213166,-0.4711488053994044
4520260705020002,豊橋競輪,2R,16:17,2-5,2,5,11.4,0.046218556444323156,-0.473108456534716
5620260704030003,岸和田競輪,3R,21:29,2-5,2,5,8.2,0.06401231400007333,-0.47509902519939873
4520260705020011,豊橋競輪,11R,20:04,1-2,1,2,9.9,0.05291174083371127,-0.47617376574625836
2720260704030001,京王閣競輪,1R,20:49,1-5,1,5,10.0,0.05234481942434285,-0.4765518057565714
8520260705020005,佐世保競輪,5R,10:00,3-6,3,6,15.8,0.03289022520203343,-0.4803344418078719
5520260705020007,和歌山競輪,7R,13:33,3-4,3,4,9.9,0.052424983711001294,-0.4809926612610872
8620260704030003,別府競輪,3R,21:45,2-3,2,3,7.8,0.06596620397578878,-0.48546360898884755
2320260706010011,取手競輪,11R,15:48,1-6,1,6,10.9,0.047059750059015186,-0.4870487243567344
5520260705020007,和歌山競輪,7R,13:33,1-4,1,4,8.6,0.05960543474157928,-0.4873932612224182
5620260704030001,岸和田競輪,1R,20:41,2-4,2,4,7.2,0.07097513507743822,-0.4889790274424448
8620260704030006,別府競輪,6R,23:03,2-5,2,5,9.7,0.052550756860098954,-0.49025765845704017
2720260704030001,京王閣競輪,1R,20:49,3-5,3,5,10.5,0.04808334627024652,-0.4951248641624115
8520260705020003,佐世保競輪,3R,09:20,2-3,2,3,8.5,0.058774905467961755,-0.500413303522325
3720260704030001,伊東競輪,1R,08:30,2-4,2,4,10.0,0.04969647678981984,-0.5030352321018017
5620260704030007,岸和田競輪,7R,23:12,5-7,5,7,15.5,0.032038272201237145,-0.5034067808808242
3720260704030004,伊東競輪,4R,09:30,4-5,4,5,10.5,0.04716469909544793,-0.5047706594977968
5520260705020011,和歌山競輪,11R,15:34,3-4,3,4,8.6,0.057209364088303225,-0.5079994688405922
5520260705020002,和歌山競輪,2R,11:12,4-7,4,7,9.8,0.0500516144126546,-0.5094941787559849
3720260704030006,伊東競輪,6R,10:10,5-7,5,7,9.7,0.05041834826566406,-0.5109420218230587
2720260704030004,京王閣競輪,4R,22:01,1-2,1,2,6.8,0.07126659697272868,-0.515387140585445
5520260705020010,和歌山競輪,10R,15:03,2-5,2,5,8.2,0.05888080925443662,-0.5171773641136198
3720260704030002,伊東競輪,2R,08:50,1-5,1,5,9.5,0.05077104551150184,-0.5176750676407325
5620260704030002,岸和田競輪,2R,21:05,1-3,1,3,5.4,0.08897062244700968,-0.5195586387861477
2720260704030007,京王閣競輪,7R,23:21,1-4,1,4,7.5,0.06384354765990113,-0.5211733925507415
8620260704030001,別府競輪,1R,20:57,1-5,1,5,3.4,0.13990166939730075,-0.5243343240491775
4520260705020012,豊橋競輪,12R,20:30,1-3,1,3,7.6,0.06248211283770161,-0.5251359424334678
5520260705020007,和歌山競輪,7R,13:33,1-6,1,6,9.6,0.04915118537096719,-0.528148620438715
5520260705020007,和歌山競輪,7R,13:33,1-5,1,5,7.8,0.06006365981762211,-0.5315034534225476
3720260704030001,伊東競輪,1R,08:30,2-3,2,3,9.3,0.050070766919283444,-0.5343418676506639
5520260705020008,和歌山競輪,8R,14:03,2-6,2,6,10.0,0.04649632606005187,-0.5350367393994813
5620260704030004,岸和田競輪,4R,21:53,1-5,1,5,9.1,0.05081990243279662,-0.5375388878615508
2320260706010009,取手競輪,9R,14:48,5-7,5,7,9.9,0.046678066444482885,-0.5378871421996194
3720260704030007,伊東競輪,7R,10:30,4-5,4,5,9.7,0.0474471984091096,-0.5397621754316368
2320260706010002,取手競輪,2R,11:26,2-6,2,6,12.0,0.03794899924253667,-0.54461200908956
2720260704030001,京王閣競輪,1R,20:49,3-4,3,4,9.2,0.04920018614866947,-0.5473582874322409
5520260705020008,和歌山競輪,8R,14:03,1-7,1,7,8.8,0.05109192254701138,-0.5503910815862998
2320260706010008,取手競輪,8R,14:18,1-4,1,4,9.0,0.04977634129862786,-0.5520129283123493
5620260704030005,岸和田競輪,5R,22:18,3-4,3,4,9.8,0.045707026104270805,-0.5520711441781461
5520260705020006,和歌山競輪,6R,13:04,2-3,2,3,7.3,0.06126252426033696,-0.5527835728995403
2320260706010002,取手競輪,2R,11:26,1-2,1,2,8.9,0.04998634301602706,-0.5551215471573592
5520260705020003,和歌山競輪,3R,11:40,1-3,1,3,8.5,0.05137502369271858,-0.563312298611892
5520260705020012,和歌山競輪,12R,16:06,1-5,1,5,8.9,0.049050480528602475,-0.563450723295438
5520260705020001,和歌山競輪,1R,10:45,1-2,1,2,8.5,0.05133408532272575,-0.5636602747568311
5620260704030004,岸和田競輪,4R,21:53,1-7,1,7,9.6,0.045281405589631785,-0.5652985063395348
5520260705020001,和歌山競輪,1R,10:45,2-5,2,5,8.5,0.050606596750302685,-0.5698439276224272
2720260704030005,京王閣競輪,5R,22:27,2-7,2,7,9.7,0.04396384834298618,-0.573550671073034
5620260704030006,岸和田競輪,6R,22:45,3-5,3,5,9.3,0.04577784364035879,-0.5742660541446631
5520260705020012,和歌山競輪,12R,16:06,3-5,3,5,9.4,0.04523161778063147,-0.5748227928620642
2720260704030006,京王閣競輪,6R,22:54,4-7,4,7,12.1,0.03487130631712077,-0.5780571935628387
2320260706010007,取手競輪,7R,13:48,5-7,5,7,8.1,0.05131461505992896,-0.5843516180145755
2320260706010007,取手競輪,7R,13:48,2-7,2,7,8.4,0.0493972932450337,-0.5850627367417169
8520260705020006,佐世保競輪,6R,10:20,3-4,3,4,6.2,0.06691679085593397,-0.5851158966932094
8620260704030005,別府競輪,5R,22:36,4-5,4,5,9.9,0.04186541060028737,-0.5855324350571551
2720260704030005,京王閣競輪,5R,22:27,1-2,1,2,5.8,0.07137068577462885,-0.5860500225071527
8620260704030001,別府競輪,1R,20:57,2-4,2,4,7.0,0.05894885626577699,-0.5873580061395611
4520260705020008,豊橋競輪,8R,18:47,5-7,5,7,7.3,0.056232417195207884,-0.5895033544749825
2320260706010005,取手競輪,5R,12:50,2-6,2,6,8.8,0.04652238076459696,-0.5906030492715467
5520260705020009,和歌山競輪,9R,14:33,4-6,4,6,8.1,0.050231158449726504,-0.5931276165572154
5620260704030005,岸和田競輪,5R,22:18,5-6,5,6,11.5,0.0352746527633913,-0.594341493221
2720260704030001,京王閣競輪,1R,20:49,2-5,2,5,8.2,0.049263506217802414,-0.5960392490140203
2320260706010001,取手競輪,1R,10:58,1-7,1,7,7.4,0.05399154392439022,-0.6004625749595123
4520260705020004,豊橋競輪,4R,17:07,1-7,1,7,8.2,0.048626563959846096,-0.601262175529262
8520260705020005,佐世保競輪,5R,10:00,3-7,3,7,7.5,0.05262553757466626,-0.6053084681900031
2320260706010002,取手競輪,2R,11:26,1-3,1,3,7.2,0.0546933702611178,-0.6062077341199519
4520260705020006,豊橋競輪,6R,17:57,1-2,1,2,7.8,0.05031467608971858,-0.607545526500195
3720260704030004,伊東競輪,4R,09:30,5-7,5,7,7.4,0.05287280095550019,-0.6087412729292986
2320260706010009,取手競輪,9R,14:48,3-7,3,7,7.7,0.050616722451601676,-0.6102512371226672
8620260704030004,別府競輪,4R,22:09,1-2,1,2,5.9,0.06603744411313203,-0.610379079732521
2320260706010008,取手競輪,8R,14:18,2-7,2,7,7.7,0.05040636372677495,-0.6118709993038329
3720260704030006,伊東競輪,6R,10:10,3-7,3,7,7.4,0.05166972693141522,-0.6176440207075273
5520260705020011,和歌山競輪,11R,15:34,4-5,4,5,6.7,0.05686852930468025,-0.6189808536586423
2320260706010004,取手競輪,4R,12:22,3-4,3,4,6.6,0.05761478825207849,-0.6197423975362819
8620260704030001,別府競輪,1R,20:57,3-4,3,4,10.8,0.03515812568268356,-0.6202922426270175
2720260704030007,京王閣競輪,7R,23:21,1-3,1,3,5.7,0.06661057167838585,-0.6203197414332007
5520260705020001,和歌山競輪,1R,10:45,2-4,2,4,7.8,0.04860071490078618,-0.6209144237738677
4520260705020009,豊橋競輪,9R,19:12,1-7,1,7,8.4,0.04479147120251548,-0.62375164189887
8520260705020005,佐世保競輪,5R,10:00,1-4,1,4,7.9,0.047272521658233924,-0.626547078899952
4520260705020008,豊橋競輪,8R,18:47,2-7,2,7,6.5,0.05690479089294906,-0.6301188591958311
8520260705020006,佐世保競輪,6R,10:20,2-4,2,4,8.2,0.04500647394583438,-0.6309469136441581
2320260706010004,取手競輪,4R,12:22,2-4,2,4,7.4,0.049781757073084104,-0.6316149976591776
8620260704030007,別府競輪,7R,23:30,4-5,4,5,8.4,0.043232631673878474,-0.6368458939394208
2720260704030006,京王閣競輪,6R,22:54,5-6,5,6,9.8,0.036536079040529315,-0.6419464254028127
2320260706010011,取手競輪,11R,15:48,1-2,1,2,7.0,0.05030268901253756,-0.647881176912237
2320260706010007,取手競輪,7R,13:48,4-5,4,5,6.8,0.05170131234287992,-0.6484310760684165
2320260706010011,取手競輪,11R,15:48,2-5,2,5,7.1,0.04889556244878312,-0.6528415066136399
2720260704030007,京王閣競輪,7R,23:21,3-4,3,4,8.2,0.042313970425261554,-0.6530254425128552
3720260704030007,伊東競輪,7R,10:30,5-7,5,7,6.8,0.05075615135969931,-0.6548581707540446
5620260704030007,岸和田競輪,7R,23:12,4-7,4,7,9.3,0.03705000910731848,-0.6554349153019381
8620260704030005,別府競輪,5R,22:36,2-5,2,5,6.5,0.052686010772145436,-0.6575409299810546
3720260704030003,伊東競輪,3R,09:10,1-7,1,7,6.5,0.05252039239305068,-0.6586174494451706
4520260705020002,豊橋競輪,2R,16:17,4-7,4,7,6.5,0.05233146925422595,-0.6598454498475312
8520260705020001,佐世保競輪,1R,08:40,3-7,3,7,6.5,0.052119144327327234,-0.661225561872373
2720260704030004,京王閣競輪,4R,22:01,3-5,3,5,7.8,0.043407471202094386,-0.6614217246236638
5520260705020004,和歌山競輪,4R,12:08,1-7,1,7,6.6,0.05062275258054603,-0.6658898329683962
5620260704030004,岸和田競輪,4R,21:53,2-5,2,5,6.7,0.04964384492711573,-0.6673862389883246
3720260704030002,伊東競輪,2R,08:50,1-2,1,2,6.6,0.050078487476785644,-0.6694819826532148
5520260705020012,和歌山競輪,12R,16:06,1-3,1,3,5.5,0.059885546420467284,-0.6706294946874299
8520260705020007,佐世保競輪,7R,10:40,3-5,3,5,9.3,0.03473127877428081,-0.6769991073991884
3720260704030002,伊東競輪,2R,08:50,1-4,1,4,6.5,0.04916125496177548,-0.6804518427484594
5620260704030004,岸和田競輪,4R,21:53,5-6,5,6,8.5,0.037321782783535304,-0.6827648463399499
8620260704030006,別府競輪,6R,23:03,2-3,2,3,5.3,0.05975722824143567,-0.6832866903203909
4520260705020001,豊橋競輪,1R,15:55,4-6,4,6,6.7,0.04726948172319198,-0.6832944724546137
5620260704030006,岸和田競輪,6R,22:45,3-4,3,4,6.3,0.05006455654973258,-0.6845932937366848
8620260704030007,別府競輪,7R,23:30,2-3,2,3,6.6,0.047375039146032014,-0.6873247416361887
5620260704030001,岸和田競輪,1R,20:41,1-2,1,2,3.8,0.08184839402906577,-0.6889761026895501
2720260704030002,京王閣競輪,2R,21:13,5-7,5,7,8.6,0.03615138557604464,-0.6890980840460161
5620260704030003,岸和田競輪,3R,21:29,4-5,4,5,5.0,0.06206564260482099,-0.689671786975895
8620260704030006,別府競輪,6R,23:03,2-4,2,4,5.6,0.05468433205917904,-0.6937677404685973
2720260704030002,京王閣競輪,2R,21:13,1-7,1,7,5.5,0.05554004333370795,-0.6945297616646062
5520260705020003,和歌山競輪,3R,11:40,3-6,3,6,6.3,0.04815430699205656,-0.6966278659500437
5520260705020009,和歌山競輪,9R,14:33,2-4,2,4,5.1,0.059451734331595625,-0.6967961549088624
2720260704030004,京王閣競輪,4R,22:01,1-4,1,4,5.0,0.06042384186717202,-0.6978807906641399
5520260705020008,和歌山競輪,8R,14:03,1-2,1,2,5.0,0.06034360313707602,-0.69828198431462
3720260704030001,伊東競輪,1R,08:30,1-5,1,5,6.3,0.04769499210334942,-0.6995215497488987
8620260704030007,別府競輪,7R,23:30,2-5,2,5,6.8,0.04403135977016399,-0.7005867535628849
8520260705020007,佐世保競輪,7R,10:40,2-5,2,5,6.1,0.04891897128370991,-0.7015942751693696
2320260706010011,取手競輪,11R,15:48,1-5,1,5,5.8,0.051401846848704594,-0.7018692882775134
8620260704030007,別府競輪,7R,23:30,3-4,3,4,6.4,0.04654421009010691,-0.7021170554233158
3720260704030005,伊東競輪,5R,09:50,1-6,1,6,6.4,0.04618074506716087,-0.7044432315701704
3720260704030007,伊東競輪,7R,10:30,3-5,3,5,6.1,0.04803780014128127,-0.7069694191381843
5520260705020006,和歌山競輪,6R,13:04,1-2,1,2,6.0,0.0482951894310969,-0.7102288634134186
2320260706010008,取手競輪,8R,14:18,1-7,1,7,5.5,0.05181971519384559,-0.7149915664338493
3720260704030003,伊東競輪,3R,09:10,4-7,4,7,5.9,0.048106118676209154,-0.7161738998103659
4520260705020009,豊橋競輪,9R,19:12,2-7,2,7,7.7,0.03669829177487639,-0.7174231533334517
2320260706010010,取手競輪,10R,15:18,1-3,1,3,5.7,0.04952321158084763,-0.7177176939891685
8520260705020007,佐世保競輪,7R,10:40,2-4,2,4,4.2,0.06715846841922252,-0.7179344326392654
3720260704030005,伊東競輪,5R,09:50,3-6,3,6,5.8,0.04814350858080973,-0.7207676502313036
2320260706010002,取手競輪,2R,11:26,3-4,3,4,6.4,0.0435192414295062,-0.7214768548511603
2720260704030004,京王閣競輪,4R,22:01,1-3,1,3,4.5,0.061755887538037804,-0.7220985060788299
4520260705020008,豊橋競輪,8R,18:47,1-6,1,6,7.5,0.03699116633855111,-0.7225662524608667
4520260705020011,豊橋競輪,11R,20:04,2-5,2,5,4.5,0.06126409276391222,-0.724311582562395
3720260704030005,伊東競輪,5R,09:50,3-5,3,5,5.4,0.050900653952351924,-0.7251364686572996
4520260705020009,豊橋競輪,9R,19:12,1-4,1,4,4.6,0.0582050569542747,-0.7322567380103364
5520260705020011,和歌山競輪,11R,15:34,2-7,2,7,7.5,0.035531884266177635,-0.7335108680036677
8620260704030004,別府競輪,4R,22:09,2-3,2,3,5.2,0.05080055291607002,-0.7358371248364359
3720260704030001,伊東競輪,1R,08:30,1-3,1,3,5.3,0.04960935436118872,-0.7370704218856998
8520260705020001,佐世保競輪,1R,08:40,3-4,3,4,5.2,0.05051967404456739,-0.7372976949682495
4520260705020003,豊橋競輪,3R,16:42,3-5,3,5,5.0,0.05115378950505391,-0.7442310524747304
2720260704030003,京王閣競輪,3R,21:37,4-5,4,5,5.2,0.04900652529484809,-0.7451660684667899
4520260705020009,豊橋競輪,9R,19:12,1-5,1,5,4.4,0.05740547950875634,-0.747415890161472
4520260705020003,豊橋競輪,3R,16:42,3-7,3,7,5.2,0.04806285491991934,-0.7500731544164194
2720260704030005,京王閣競輪,5R,22:27,3-5,3,5,5.2,0.04799427868753374,-0.7504297508248245
8620260704030001,別府競輪,1R,20:57,4-5,4,5,10.1,0.024590281715499252,-0.7516381546734576
4520260705020011,豊橋競輪,11R,20:04,2-4,2,4,4.4,0.05567646090658425,-0.7550235720110293
2720260704030003,京王閣競輪,3R,21:37,1-5,1,5,4.7,0.05188769553866908,-0.7561278309682553
5620260704030005,岸和田競輪,5R,22:18,1-6,1,6,4.7,0.051884981614017306,-0.7561405864141186
4520260705020006,豊橋競輪,6R,17:57,4-5,4,5,5.1,0.04713699791037219,-0.7596013106571019
3720260704030001,伊東競輪,1R,08:30,3-5,3,5,4.8,0.04980373588185119,-0.7609420677671143
5520260705020007,和歌山競輪,7R,13:33,1-3,1,3,4.3,0.055385733987105,-0.7618413438554485
4520260705020004,豊橋競輪,4R,17:07,2-7,2,7,4.6,0.05153300344877357,-0.7629481841356416
4520260705020007,豊橋競輪,7R,18:22,2-4,2,4,4.7,0.049887740820099745,-0.7655276181455312
5620260704030002,岸和田競輪,2R,21:05,2-3,2,3,3.7,0.06289574085366136,-0.767285758841453
8520260705020007,佐世保競輪,7R,10:40,1-5,1,5,5.0,0.04643687571235798,-0.7678156214382101
4520260705020009,豊橋競輪,9R,19:12,1-2,1,2,4.9,0.0473784568006817,-0.7678455616766596
4520260705020012,豊橋競輪,12R,20:30,1-5,1,5,4.0,0.05693933711621782,-0.7722426515351287
2720260704030002,京王閣競輪,2R,21:13,2-5,2,5,4.8,0.04740288248465552,-0.7724661640736535
8520260705020004,佐世保競輪,4R,09:40,1-4,1,4,4.8,0.0467844498315455,-0.7754346408085816
8520260705020007,佐世保競輪,7R,10:40,4-5,4,5,4.3,0.051722486892608305,-0.7775933063617844
5520260705020010,和歌山競輪,10R,15:03,4-5,4,5,3.9,0.05665813608718863,-0.7790332692599644
2320260706010003,取手競輪,3R,11:54,3-7,3,7,4.0,0.05493766248711848,-0.7802493500515261
8520260705020003,佐世保競輪,3R,09:20,3-4,3,4,3.5,0.06248109485481029,-0.781316168008164
5520260705020007,和歌山競輪,7R,13:33,3-6,3,6,5.1,0.04278958257110958,-0.7817731288873411
2720260704030004,京王閣競輪,4R,22:01,4-5,4,5,5.1,0.04229790372804595,-0.7842806909869657
8520260705020006,佐世保競輪,6R,10:20,4-7,4,7,5.0,0.042728852347640955,-0.7863557382617952
8620260704030005,別府競輪,5R,22:36,1-5,1,5,3.8,0.05536312774747404,-0.7896201145595987
4520260705020007,豊橋競輪,7R,18:22,1-4,1,4,4.2,0.050037353389231834,-0.7898431157652263
5520260705020002,和歌山競輪,2R,11:12,3-4,3,4,4.1,0.050941129202591216,-0.791141370269376
5620260704030007,岸和田競輪,7R,23:12,4-6,4,6,5.6,0.03713450891212281,-0.7920467500921122
4520260705020001,豊橋競輪,1R,15:55,1-4,1,4,4.0,0.05040627094405525,-0.798374916223779
3720260704030004,伊東競輪,4R,09:30,1-5,1,5,3.9,0.05055220072310047,-0.8028464171799081
8620260704030003,別府競輪,3R,21:45,2-4,2,4,3.0,0.06528298767936645,-0.8041510369619007
3720260704030001,伊東競輪,1R,08:30,3-7,3,7,4.0,0.04885415929916746,-0.8045833628033301
8620260704030007,別府競輪,7R,23:30,2-4,2,4,4.1,0.04719293503419975,-0.8065089663597811
3720260704030006,伊東競輪,6R,10:10,3-5,3,5,3.8,0.05001281846389684,-0.809951289837192
3720260704030005,伊東競輪,5R,09:50,3-4,3,4,3.9,0.04780399607645437,-0.813564415301828
2720260704030002,京王閣競輪,2R,21:13,1-5,1,5,3.1,0.05989813653807323,-0.814315776731973
4520260705020001,豊橋競輪,1R,15:55,1-6,1,6,3.8,0.04852664115147366,-0.8155987636244001
4520260705020006,豊橋競輪,6R,17:57,2-5,2,5,3.5,0.05267549365715256,-0.8156357721999661
3720260704030004,伊東競輪,4R,09:30,2-7,2,7,3.6,0.05119687104873198,-0.8156912642245648
5520260705020010,和歌山競輪,10R,15:03,3-5,3,5,3.0,0.060915915945599336,-0.817252252163202
5620260704030006,岸和田競輪,6R,22:45,1-4,1,4,3.1,0.05880996038782084,-0.8176891227977554
2720260704030001,京王閣競輪,1R,20:49,5-7,5,7,4.4,0.04129573236088725,-0.818298777612096
2720260704030007,京王閣競輪,7R,23:21,1-6,1,6,3.0,0.05874669404107968,-0.823759917876761
4520260705020007,豊橋競輪,7R,18:22,4-7,4,7,3.3,0.05243409039989234,-0.8269675016803553
2320260706010005,取手競輪,5R,12:50,2-3,2,3,3.3,0.05217513622903419,-0.8278220504441872
2720260704030003,京王閣競輪,3R,21:37,3-4,3,4,3.3,0.05188824205154842,-0.8287688012298902
4520260705020002,豊橋競輪,2R,16:17,5-7,5,7,3.4,0.050200668932335143,-0.8293177256300606
5620260704030006,岸和田競輪,6R,22:45,1-3,1,3,2.7,0.062432788775372935,-0.8314314703064931
8620260704030003,別府競輪,3R,21:45,1-2,1,2,1.8,0.09326093379320091,-0.8321303191722383
4520260705020003,豊橋競輪,3R,16:42,1-5,1,5,3.2,0.05232446559126422,-0.8325617101079545
2720260704030005,京王閣競輪,5R,22:27,1-4,1,4,2.8,0.059343298776602826,-0.8338387634255121
3720260704030007,伊東競輪,7R,10:30,3-7,3,7,3.3,0.049492339803734256,-0.836675278647677
5620260704030002,岸和田競輪,2R,21:05,1-2,1,2,1.8,0.08934941408000155,-0.8391710546559972
2320260706010002,取手競輪,2R,11:26,1-5,1,5,2.3,0.0680173078171166,-0.8435601920206318
5520260705020008,和歌山競輪,8R,14:03,1-5,1,5,2.7,0.056617731960473525,-0.8471321237067215
4520260705020002,豊橋競輪,2R,16:17,3-4,3,4,2.9,0.05259021097788059,-0.8474883881641463
2320260706010011,取手競輪,11R,15:48,1-4,1,4,3.0,0.0505679875849795,-0.8482960372450615
4520260705020011,豊橋競輪,11R,20:04,1-5,1,5,2.6,0.05725666920680976,-0.8511326600622946
3720260704030006,伊東競輪,6R,10:10,2-7,2,7,2.8,0.05043682448057743,-0.8587768914543832
5620260704030004,岸和田競輪,4R,21:53,1-6,1,6,2.7,0.050519317495208396,-0.8635978427629374
5520260705020011,和歌山競輪,11R,15:34,1-5,1,5,2.5,0.05450087991868805,-0.8637478002032799
4520260705020008,豊橋競輪,8R,18:47,3-7,3,7,2.6,0.05200455150978449,-0.8647881660745603
5620260704030003,岸和田競輪,3R,21:29,1-4,1,4,1.8,0.07457654552690245,-0.8657622180515756
2320260706010008,取手競輪,8R,14:18,3-7,3,7,2.5,0.052539914943460095,-0.8686502126413498
5520260705020009,和歌山競輪,9R,14:33,1-4,1,4,2.3,0.05698555306500777,-0.8689332279504821
8520260705020002,佐世保競輪,2R,09:00,4-5,4,5,2.5,0.05231800383190918,-0.869204990420227
2320260706010003,取手競輪,3R,11:54,3-5,3,5,2.6,0.04989037964651606,-0.8702850129190582
8620260704030002,別府競輪,2R,21:21,1-3,1,3,1.1,0.11632454938905046,-0.8720429956720445
4520260705020012,豊橋競輪,12R,20:30,1-4,1,4,2.1,0.06069637396602563,-0.8725376146713462
5520260705020001,和歌山競輪,1R,10:45,1-5,1,5,2.4,0.05263139928102345,-0.8736846417255437
5520260705020012,和歌山競輪,12R,16:06,1-4,1,4,2.1,0.06012137386471151,-0.8737451148841058
8620260704030001,別府競輪,1R,20:57,2-5,2,5,2.7,0.04573319365839438,-0.8765203771223352
4520260705020004,豊橋競輪,4R,17:07,2-6,2,6,2.6,0.047298007606644904,-0.8770251802227232
8520260705020003,佐世保競輪,3R,09:20,3-7,3,7,2.1,0.05792530637285509,-0.8783568566170044
8520260705020005,佐世保競輪,5R,10:00,2-7,2,7,1.8,0.06737775441281968,-0.8787200420569246
2320260706010001,取手競輪,1R,10:58,1-5,1,5,1.6,0.07212296331088346,-0.8846032587025865
8620260704030005,別府競輪,5R,22:36,1-4,1,4,2.0,0.0573539271498013,-0.8852921457003974
8620260704030006,別府競輪,6R,23:03,1-2,1,2,1.6,0.07060222920082326,-0.8870364332786828
4520260705020007,豊橋競輪,7R,18:22,3-4,3,4,2.1,0.05273434067777283,-0.8892578845766771
2720260704030006,京王閣競輪,6R,22:54,2-5,2,5,2.1,0.05073603521729815,-0.8934543260436739
2320260706010007,取手競輪,7R,13:48,4-7,4,7,2.0,0.05323460121036637,-0.8935307975792672
5520260705020006,和歌山競輪,6R,13:04,2-5,2,5,1.9,0.05561957846066349,-0.8943228009247394
8620260704030004,別府競輪,4R,22:09,2-5,2,5,2.2,0.04700557559078904,-0.8965877337002641
4520260705020006,豊橋競輪,6R,17:57,2-4,2,4,1.9,0.05293295994653897,-0.899427376101576
5620260704030001,岸和田競輪,1R,20:41,1-4,1,4,1.3,0.07667109732191663,-0.9003275734815084
5520260705020003,和歌山競輪,3R,11:40,1-6,1,6,2.0,0.04870872520572157,-0.9025825495885569
5620260704030005,岸和田競輪,5R,22:18,3-5,3,5,2.2,0.04371720097676893,-0.9038221578511083
2320260706010010,取手競輪,10R,15:18,1-4,1,4,1.7,0.05547618938421991,-0.9056904780468261
2320260706010004,取手競輪,4R,12:22,1-4,1,4,1.3,0.06783215239298063,-0.9118182018891252
3720260704030002,伊東競輪,2R,08:50,2-5,2,5,1.7,0.0514198411887139,-0.9125862699791863
3720260704030003,伊東競輪,3R,09:10,2-7,2,7,1.7,0.051288962916042756,-0.9128087630427273
5520260705020002,和歌山競輪,2R,11:12,3-7,3,7,1.7,0.05118606289762287,-0.9129836930740411
4520260705020010,豊橋競輪,10R,19:38,1-5,1,5,1.4,0.06131096904288767,-0.9141646433399573
2320260706010005,取手競輪,5R,12:50,3-6,3,6,1.6,0.052303864518397455,-0.916313816770564
2320260706010009,取手競輪,9R,14:48,2-7,2,7,1.6,0.05203470495985611,-0.9167444720642302
8520260705020004,佐世保競輪,4R,09:40,4-5,4,5,1.4,0.05830333435439847,-0.9183753319038421
5620260704030007,岸和田競輪,7R,23:12,4-5,4,5,2.1,0.03775913196264257,-0.9207058228784506
8520260705020002,佐世保競輪,2R,09:00,4-6,4,6,1.5,0.05235513090180316,-0.9214673036472952
8520260705020006,佐世保競輪,6R,10:20,4-5,4,5,1.5,0.05122688572011504,-0.9231596714198275
5520260705020004,和歌山競輪,4R,12:08,1-5,1,5,1.5,0.0503857070765188,-0.9244214393852218
8520260705020001,佐世保競輪,1R,08:40,3-6,3,6,1.3,0.05217640733977076,-0.932170670458298
4520260705020005,豊橋競輪,5R,17:32,1-5,1,5,1.2,0.05248161663007954,-0.9370220600439045
5520260705020005,和歌山競輪,5R,12:36,1-4,1,4,1.1,0.05263389815183564,-0.9421027120329808
2320260706010006,取手競輪,6R,13:18,2-3,2,3,1.1,0.052406604685146865,-0.9423527348463384
