race_id,競輪場,レース番号,開始時間,買い目,a,b,odds,p,EV
8420260319030005,武雄競輪,5R,22:10,1-6,1,6,255.3,0.1454896098731432,36.143497400613455
8120260319030009,小倉競輪,9R,19:22,6-7,6,7,489.7,0.043932793684545786,20.513889067322072
8720260320020007,熊本競輪,7R,13:42,5-6,5,6,390.7,0.051601051242807644,19.160530720564946
8420260319030005,武雄競輪,5R,22:10,1-5,1,5,170.2,0.10944836094721058,17.62811103321524
8420260319030005,武雄競輪,5R,22:10,5-6,5,6,255.3,0.06559917605317846,15.747469646376462
8720260320020006,熊本競輪,6R,13:12,5-6,5,6,629.1,0.02550753954347849,15.04679312680232
8420260319030005,武雄競輪,5R,22:10,4-5,4,5,255.3,0.06135476168211175,14.66387065744313
8120260319030010,小倉競輪,10R,19:48,1-6,1,6,351.7,0.04230716820282998,13.879431056935305
8120260319030008,小倉競輪,8R,18:56,5-6,5,6,126.0,0.1177061370736615,13.830973271281348
8720260320020007,熊本競輪,7R,13:42,4-6,4,6,558.2,0.02428733698326722,12.557191504059764
8720260320020010,熊本競輪,10R,15:00,4-6,4,6,390.4,0.03341620245830615,12.04568543972272
2320260319030003,取手競輪,3R,09:31,5-6,5,6,322.2,0.038929134396559734,11.542967102571545
8720260320020003,熊本競輪,3R,11:47,5-6,5,6,560.7,0.022189812700781446,11.441827981328158
2320260319030001,取手競輪,1R,08:50,4-6,4,6,151.3,0.08112565322758565,11.27431133333371
8420260319030005,武雄競輪,5R,22:10,4-6,4,6,127.6,0.09319859706403412,10.892140985370753
8720260320020006,熊本競輪,6R,13:12,1-2,1,2,419.4,0.028330715583270737,10.881902115623745
8720260320020004,熊本競輪,4R,12:12,6-7,6,7,507.4,0.022135350057216993,10.231476619031902
2320260319030001,取手競輪,1R,08:50,5-6,5,6,273.5,0.04053795252030555,10.087130014303568
8720260320020006,熊本競輪,6R,13:12,2-5,2,5,343.1,0.0319212498253925,9.952180815092168
8720260320020005,熊本競輪,5R,12:42,4-6,4,6,210.5,0.05096528523983014,9.728192542984244
8720260320020006,熊本競輪,6R,13:12,1-5,1,5,314.5,0.03387267819492284,9.652957292303233
8420260319030005,武雄競輪,5R,22:10,1-2,1,2,102.1,0.10413353934767104,9.632034367397212
2320260319030006,取手競輪,6R,10:34,4-7,4,7,240.8,0.04393296129793627,9.579057080543055
8120260319030010,小倉競輪,10R,19:48,1-3,1,3,234.5,0.044899950680648816,9.529038434612147
2320260319030002,取手競輪,2R,09:10,6-7,6,7,349.8,0.030043571255189833,9.509241225065404
8120260319030001,小倉競輪,1R,15:57,5-6,5,6,198.2,0.052290113653899295,9.36390052620284
2320260319030002,取手競輪,2R,09:10,2-6,2,6,186.5,0.054296064111153286,9.126215956730087
8120260319030009,小倉競輪,9R,19:22,5-7,5,7,244.8,0.04121121408812782,9.088505208773691
8720260320020007,熊本競輪,7R,13:42,4-7,4,7,390.7,0.025655403475201823,9.023566137761351
2320260319030006,取手競輪,6R,10:34,5-7,5,7,160.5,0.059329244558113906,8.522343751577282
8720260320020007,熊本競輪,7R,13:42,5-7,5,7,177.6,0.05355238543770809,8.510903653736957
8720260320020006,熊本競輪,6R,13:12,1-6,1,6,419.4,0.02229692518919576,8.351330424348701
8720260320020007,熊本競輪,7R,13:42,6-7,6,7,434.1,0.02151083024604781,8.337851409809355
8420260319030009,武雄競輪,9R,23:30,4-7,4,7,143.2,0.06447432983474301,8.232724032335199
8420260319030009,武雄競輪,9R,23:30,3-4,3,4,143.2,0.06330107671987895,8.064714186286665
8720260320020006,熊本競輪,6R,13:12,3-6,3,6,269.6,0.033081960496263815,7.918896549792725
8720260320020003,熊本競輪,3R,11:47,1-6,1,6,243.7,0.03624122906247913,7.831987522526164
2320260319030003,取手競輪,3R,09:31,1-6,1,6,414.3,0.021159382827024675,7.766332305236324
2320260319030006,取手競輪,6R,10:34,3-7,3,7,278.8,0.03126562498239477,7.7168562450916625
8120260319030010,小倉競輪,10R,19:48,3-6,3,6,234.5,0.03635297647417956,7.524772983195106
8720260320020007,熊本競輪,7R,13:42,3-7,3,7,355.2,0.023082957166549917,7.199066385558531
2220260320020002,前橋競輪,2R,16:16,5-7,5,7,144.8,0.05617468684291447,7.134094654854016
2220260320020011,前橋競輪,11R,20:02,6-7,6,7,230.2,0.0346730488247733,6.981735839462814
8720260320020006,熊本競輪,6R,13:12,3-5,3,5,171.5,0.046491152550712185,6.97323266244714
8720260320020007,熊本競輪,7R,13:42,3-4,3,4,300.5,0.026071823268893866,6.834582892302607
8720260320020007,熊本競輪,7R,13:42,3-6,3,6,355.2,0.02185459711124206,6.76275289391318
2320260319030006,取手競輪,6R,10:34,1-4,1,4,203.7,0.038048241935352535,6.750426882231311
1320260319030001,いわき平競輪,1R,20:40,6-7,6,7,247.5,0.031280460299902633,6.741913924225901
8720260320020006,熊本競輪,6R,13:12,4-5,4,5,134.8,0.05677447461255269,6.653199177772103
2320260319030003,取手競輪,3R,09:31,6-7,6,7,483.3,0.01573509553742332,6.60477167323669
8720260320020003,熊本競輪,3R,11:47,4-6,4,6,329.8,0.022965060964817215,6.573877106196718
8120260319030010,小倉競輪,10R,19:48,5-6,5,6,351.7,0.021445836180445006,6.542500584662508
2320260319030006,取手競輪,6R,10:34,4-5,4,5,189.2,0.03961405045856877,6.494978346761211
8420260319030009,武雄競輪,9R,23:30,5-7,5,7,143.2,0.05184501738794181,6.424206489953267
8720260320020007,熊本競輪,7R,13:42,3-5,3,5,134.7,0.0547594643624663,6.37609984962421
8720260320020005,熊本競輪,5R,12:42,3-4,3,4,197.4,0.036090798215408185,6.124323567721576
8720260320020004,熊本競輪,4R,12:12,5-6,5,6,369.0,0.019303862108007802,6.123125117854879
8720260320020007,熊本競輪,7R,13:42,2-7,2,7,229.8,0.030939737585760387,6.1099516972077375
8720260320020006,熊本競輪,6R,13:12,1-3,1,3,164.1,0.0432588971129792,6.098785016239886
8720260320020005,熊本競輪,5R,12:42,1-3,1,3,123.8,0.05685080582054887,6.03812976058395
2320260319030001,取手競輪,1R,08:50,1-6,1,6,142.2,0.049177967886995286,5.9931070335307295
2320260319030001,取手競輪,1R,08:50,3-6,3,6,136.7,0.05110181320790548,5.985617865520679
2320260319030001,取手競輪,1R,08:50,2-6,2,6,55.9,0.12365544566376716,5.912339412604584
8720260320020005,熊本競輪,5R,12:42,2-3,2,3,233.9,0.029461512268292293,5.891047719553567
2320260319030007,取手競輪,7R,10:55,5-6,5,6,229.3,0.02957044514129856,5.78050307089976
8720260320020005,熊本競輪,5R,12:42,3-5,3,5,574.2,0.01160813065192604,5.665388620335933
2320260319030004,取手競輪,4R,09:52,3-7,3,7,172.7,0.03827953049780481,5.61087491697089
8720260320020007,熊本競輪,7R,13:42,2-3,2,3,205.6,0.03150246824837806,5.476907471866529
2320260319030002,取手競輪,2R,09:10,5-6,5,6,233.2,0.027680135543859778,5.4550076088281
8120260319030003,小倉競輪,3R,16:54,2-5,2,5,118.9,0.05336800929266466,5.345456304897828
8420260319030005,武雄競輪,5R,22:10,1-3,1,3,127.6,0.04905096781753118,5.2589034935169785
8720260320020004,熊本競輪,4R,12:12,2-3,2,3,162.3,0.038284623462444024,5.213594387954665
8420260319030005,武雄競輪,5R,22:10,2-6,2,6,102.1,0.06081893212113405,5.209612969567787
8720260320020005,熊本競輪,5R,12:42,4-5,4,5,203.7,0.030449218591077437,5.202505827002474
6320260319030009,防府競輪,9R,14:40,1-5,1,5,160.0,0.03866968913577442,5.187150261723907
8720260320020011,熊本競輪,11R,15:35,2-6,2,6,254.4,0.024178192836501727,5.15093225760604
2220260320020006,前橋競輪,6R,17:54,6-7,6,7,161.2,0.037897269141767304,5.109039785652889
8720260320020005,熊本競輪,5R,12:42,5-6,5,6,350.9,0.017327300627116356,5.0801497900551285
2220260320020005,前橋競輪,5R,17:30,6-7,6,7,225.1,0.026818131824305542,5.036761473651177
2320260319030002,取手競輪,2R,09:10,1-6,1,6,109.7,0.05494415899290096,5.027374241521236
8120260319030004,小倉競輪,4R,17:18,1-5,1,5,183.6,0.03269609167906347,5.003002432276053
8120260319030002,小倉競輪,2R,16:22,3-6,3,6,205.2,0.029217083958580758,4.995345628300771
2320260319030003,取手競輪,3R,09:31,2-6,2,6,193.3,0.030745048767154958,4.943017926691054
8720260320020006,熊本競輪,6R,13:12,2-6,2,6,314.5,0.01877900096580941,4.905995803747059
2220260320020004,前橋競輪,4R,17:06,6-7,6,7,235.5,0.02493545816912163,4.872300398828144
8120260319030009,小倉競輪,9R,19:22,4-7,4,7,163.2,0.0359321414465752,4.864125484081073
6320260319030005,防府競輪,5R,12:35,1-8,1,8,118.3,0.04942754407798302,4.847278464425391
2320260319030007,取手競輪,7R,10:55,1-6,1,6,108.6,0.05360211746415507,4.821189956607241
8720260320020006,熊本競輪,6R,13:12,4-6,4,6,134.8,0.0431165239224501,4.812107424746274
8720260320020007,熊本競輪,7R,13:42,2-6,2,6,195.3,0.029451930015980423,4.7519619321209765
8120260319030002,小倉競輪,2R,16:22,3-4,3,4,97.7,0.0586778495863497,4.732825904586366
2320260319030002,取手競輪,2R,09:10,3-7,3,7,159.9,0.03578024180589183,4.721260664762104
8720260320020005,熊本競輪,5R,12:42,2-6,2,6,134.4,0.04220286542289156,4.672065112836626
8720260320020009,熊本競輪,9R,14:33,6-7,6,7,131.6,0.04291566826733152,4.647701943980828
8720260320020004,熊本競輪,4R,12:12,1-6,1,6,312.2,0.017993013067884225,4.617418679793455
6320260319030010,防府競輪,10R,15:15,3-4,3,4,193.7,0.028929980500399875,4.603737222927456
2320260319030004,取手競輪,4R,09:52,1-7,1,7,128.4,0.04343196891130792,4.576664808211937
2220260320020004,前橋競輪,4R,17:06,3-6,3,6,201.9,0.02734048155239393,4.520043225428334
2320260319030002,取手競輪,2R,09:10,2-3,2,3,83.5,0.0657351592150883,4.488885794459873
8720260320020006,熊本競輪,6R,13:12,1-4,1,4,102.0,0.05377406044630065,4.484954165522666
1320260319030008,いわき平競輪,8R,23:00,3-7,3,7,168.0,0.03234744648451757,4.4343710093989515
2220260320020005,前橋競輪,5R,17:30,4-6,4,6,150.1,0.03592792243545588,4.392781157561927
8720260320020004,熊本競輪,4R,12:12,2-7,2,7,79.6,0.06770241652427442,4.3891123553322435
2220260320020012,前橋競輪,12R,20:30,6-7,6,7,187.5,0.02856545558146227,4.3560229215241755
8720260320020009,熊本競輪,9R,14:33,4-5,4,5,85.4,0.062267045081306316,4.31760564994356
2320260319030007,取手競輪,7R,10:55,4-6,4,6,98.3,0.05403110390012676,4.31125751338246
8720260320020011,熊本競輪,11R,15:35,2-5,2,5,78.7,0.06727989544931076,4.294927771860757
2320260319030007,取手競輪,7R,10:55,3-7,3,7,294.9,0.017934949927650545,4.289016733664146
2220260320020002,前橋競輪,2R,16:16,4-7,4,7,190.0,0.02782045277069685,4.285886026432402
8120260319030009,小倉競輪,9R,19:22,3-6,3,6,122.4,0.04246041415942042,4.19715469311306
2320260319030002,取手競輪,2R,09:10,3-4,3,4,310.9,0.016495132140931568,4.128336582615624
6320260319030008,防府競輪,8R,14:05,2-8,2,8,153.0,0.03348094318427393,4.122584307193911
6320260319030008,防府競輪,8R,14:05,5-8,5,8,108.1,0.04662647533120382,4.040321983303133
8420260319030005,武雄競輪,5R,22:10,3-6,3,6,170.2,0.029562244399415495,4.031493996780517
6320260319030011,防府競輪,11R,15:50,1-8,1,8,387.7,0.012949974916281914,4.020705275042498
8720260320020004,熊本競輪,4R,12:12,2-6,2,6,135.3,0.036777061935672914,3.9759364798965455
6320260319030007,防府競輪,7R,13:35,6-9,6,9,309.0,0.016054664433834437,3.9608913100548406
2320260319030003,取手競輪,3R,09:31,4-6,4,6,78.3,0.06308386299324455,3.9394664723710475
6320260319030011,防府競輪,11R,15:50,4-5,4,5,147.0,0.03341380554849052,3.911829415628107
6320260319030004,防府競輪,4R,12:05,6-9,6,9,225.2,0.021673261057113997,3.880818390062072
6320260319030011,防府競輪,11R,15:50,3-6,3,6,122.7,0.03975017903279163,3.8773469673235326
6320260319030011,防府競輪,11R,15:50,1-4,1,4,278.7,0.017498700382490642,3.8768877966001414
6320260319030009,防府競輪,9R,14:40,5-9,5,9,144.0,0.0334854391864104,3.8219032428430975
1320260319030001,いわき平競輪,1R,20:40,2-7,2,7,123.7,0.03884262667947022,3.8048329202504663
8420260319030005,武雄競輪,5R,22:10,2-5,2,5,170.2,0.028196151630410386,3.7989850074958476
8720260320020010,熊本競輪,10R,15:00,1-6,1,6,237.0,0.019939750680050886,3.7257209111720604
8120260319030001,小倉競輪,1R,15:57,3-6,3,6,102.5,0.04605473835604898,3.72061068149502
8720260320020010,熊本競輪,10R,15:00,5-6,5,6,288.5,0.016297405671479234,3.701801536221759
2320260319030002,取手競輪,2R,09:10,4-6,4,6,329.2,0.01423427657750832,3.6859238493157385
6320260319030011,防府競輪,11R,15:50,4-8,4,8,504.8,0.009200677352322129,3.644501927452211
2320260319030007,取手競輪,7R,10:55,2-6,2,6,199.7,0.0232268054486236,3.6383930480901325
8720260320020010,熊本競輪,10R,15:00,3-6,3,6,100.5,0.04612345620080345,3.635407348180747
6320260319030007,防府競輪,7R,13:35,4-7,4,7,124.0,0.03734042661599958,3.630212900383948
6320260319030011,防府競輪,11R,15:50,1-6,1,6,287.7,0.01599895237077578,3.6028985970721914
6320260319030005,防府競輪,5R,12:35,1-6,1,6,180.4,0.025442236161089638,3.589779403460571
6320260319030011,防府競輪,11R,15:50,5-6,5,6,142.3,0.03218593885602799,3.580059099212783
8720260320020005,熊本競輪,5R,12:42,1-6,1,6,57.4,0.07948647371523912,3.5625235912547257
8120260319030002,小倉競輪,2R,16:22,2-3,2,3,146.5,0.030686864275436633,3.495625616351467
8720260320020003,熊本競輪,3R,11:47,2-6,2,6,400.5,0.011224090415380755,3.4952482113599928
8120260319030009,小倉競輪,9R,19:22,1-6,1,6,122.4,0.03666528696206399,3.4878311241566324
6320260319030011,防府競輪,11R,15:50,4-6,4,6,514.5,0.008673070719448249,3.4622948851561244
8120260319030002,小倉競輪,2R,16:22,3-5,3,5,205.2,0.021711749282639636,3.4552509527976527
2320260319030006,取手競輪,6R,10:34,3-4,3,4,264.9,0.016815333007646555,3.4543817137255717
2320260319030003,取手競輪,3R,09:31,1-7,1,7,252.1,0.017598878582934085,3.4366772907576824
8720260320020009,熊本競輪,9R,14:33,2-6,2,6,304.4,0.014526849985794106,3.4219731356757253
6320260319030006,防府競輪,6R,13:05,2-9,2,9,138.8,0.03177274419372091,3.410056894088463
6320260319030010,防府競輪,10R,15:15,3-7,3,7,227.6,0.01935292844468524,3.4047265140103598
8720260320020003,熊本競輪,3R,11:47,3-5,3,5,105.7,0.04135979010756766,3.3717298143699015
8720260320020005,熊本競輪,5R,12:42,2-5,2,5,191.4,0.0227215502657311,3.348904720860933
1320260319030008,いわき平競輪,8R,23:00,6-7,6,7,168.0,0.025799861383649682,3.334376712453147
8120260319030008,小倉競輪,8R,18:56,2-6,2,6,63.0,0.06843727444195775,3.311548289843339
2320260319030004,取手競輪,4R,09:52,3-4,3,4,122.1,0.035268563632214034,3.306291619493333
2320260319030002,取手競輪,2R,09:10,3-5,3,5,130.1,0.032923367154562164,3.2833300668085377
2320260319030004,取手競輪,4R,09:52,5-6,5,6,333.9,0.012826849548913853,3.2828850643823353
6320260319030007,防府競輪,7R,13:35,4-5,4,5,218.3,0.019532853106079058,3.2640218330570585
6320260319030001,防府競輪,1R,10:45,1-4,1,4,98.9,0.043092045991890565,3.2618033485979767
2220260320020002,前橋競輪,2R,16:16,1-7,1,7,95.0,0.04429769497459727,3.208281022586741
6320260319030011,防府競輪,11R,15:50,6-8,6,8,469.4,0.008962322848133142,3.206914344913697
8420260319030003,武雄競輪,3R,21:30,1-2,1,2,46.5,0.08992972964617513,3.1817324285471438
8120260319030004,小倉競輪,4R,17:18,1-3,1,3,122.4,0.033992353703034675,3.1606640932514445
2220260320020005,前橋競輪,5R,17:30,3-6,3,6,300.2,0.013811812375096728,3.1463060750040377
2320260319030002,取手競輪,2R,09:10,4-7,4,7,169.6,0.024441176962179106,3.1452236127855766
8720260320020003,熊本競輪,3R,11:47,2-3,2,3,143.7,0.02877124611229496,3.1344280663367856
2320260319030004,取手競輪,4R,09:52,3-5,3,5,135.3,0.03053164727515565,3.1309318763285594
1320260319030001,いわき平競輪,1R,20:40,3-7,3,7,123.7,0.03336465682494427,3.1272080492456062
6320260319030002,防府競輪,2R,11:10,4-5,4,5,143.3,0.02858304346147245,3.0959501280290027
8720260320020010,熊本競輪,10R,15:00,6-7,6,7,207.4,0.019704263917789514,3.0866643365495454
2320260319030007,取手競輪,7R,10:55,3-5,3,5,83.6,0.04883534392228237,3.0826347519028063
8720260320020004,熊本競輪,4R,12:12,3-6,3,6,507.4,0.00802196608207703,3.0703455900458847
6320260319030004,防府競輪,4R,12:05,4-9,4,9,120.7,0.03356834075524004,3.051698729157473
2220260320020012,前橋競輪,12R,20:30,2-7,2,7,62.5,0.0646801468870543,3.0425091804408932
2320260319030003,取手競輪,3R,09:31,1-2,1,2,113.7,0.035364859852740335,3.020984565256576
6320260319030005,防府競輪,5R,12:35,5-8,5,8,202.6,0.019786538075125124,3.0087526140203504
8720260320020009,熊本競輪,9R,14:33,5-6,5,6,286.5,0.013955222447356624,2.9981712311676727
8720260320020009,熊本競輪,9R,14:33,1-6,1,6,147.5,0.02703661579446208,2.9879008296831566
6320260319030007,防府競輪,7R,13:35,1-6,1,6,233.9,0.017020283092946918,2.981044215440284
6320260319030011,防府競輪,11R,15:50,8-9,8,9,469.4,0.008479370027913899,2.9802162911027836
8720260320020003,熊本競輪,3R,11:47,1-2,1,2,95.0,0.0418844183577475,2.9790197439860124
6320260319030004,防府競輪,4R,12:05,4-6,4,6,167.7,0.023593477950201943,2.9566262522488658
2220260320020004,前橋競輪,4R,17:06,4-7,4,7,120.2,0.0328956767604647,2.9540603466078568
8120260319030010,小倉競輪,10R,19:48,4-6,4,6,100.5,0.039299148260068154,2.9495644001368495
8120260319030004,小倉競輪,4R,17:18,1-6,1,6,58.4,0.06752838269848294,2.9436575495914035
8720260320020012,熊本競輪,12R,16:10,3-5,3,5,60.8,0.0647975247590714,2.9396895053515406
6320260319030008,防府競輪,8R,14:05,1-8,1,8,87.2,0.0450352041343193,2.927069800512643
8420260319030005,武雄競輪,5R,22:10,3-5,3,5,255.3,0.015209492574732003,2.8829834543290804
2220260320020002,前橋競輪,2R,16:16,3-4,3,4,132.2,0.029215604654804037,2.8623029353650935
6320260319030009,防府競輪,9R,14:40,1-6,1,6,165.6,0.02329644819400141,2.8578918209266333
8720260320020003,熊本競輪,3R,11:47,3-6,3,6,160.2,0.023959846628311483,2.838367429855499
8720260320020012,熊本競輪,12R,16:10,1-6,1,6,377.9,0.010154819535124978,2.837506302323729
8120260319030010,小倉競輪,10R,19:48,2-5,2,5,87.9,0.04350400208993321,2.824001783705129
6320260319030011,防府競輪,11R,15:50,3-8,3,8,147.0,0.02589942427582196,2.807215368545828
6320260319030001,防府競輪,1R,10:45,1-5,1,5,78.2,0.04837694666323765,2.783077229065184
8120260319030004,小倉競輪,4R,17:18,1-2,1,2,107.1,0.035171700422761985,2.7668891152778086
6320260319030009,防府競輪,9R,14:40,6-9,6,9,178.2,0.021123675066959818,2.7642388969322393
2220260320020004,前橋競輪,4R,17:06,1-4,1,4,72.4,0.05189526489228946,2.757217178201757
8720260320020002,熊本競輪,2R,11:23,5-7,5,7,151.2,0.02475725099231195,2.7432963500375664
8720260320020011,熊本競輪,11R,15:35,6-7,6,7,220.5,0.016974688383234,2.7429187885030966
8720260320020011,熊本競輪,11R,15:35,2-3,2,3,76.9,0.04837720270500799,2.720206888015115
2220260320020011,前橋競輪,11R,20:02,4-7,4,7,92.1,0.0402185461941234,2.7041281044787646
8720260320020012,熊本競輪,12R,16:10,1-4,1,4,239.3,0.015462067042802577,2.700072643342657
6320260319030006,防府競輪,6R,13:05,2-7,2,7,56.9,0.06482906444060108,2.688773766670201
2220260320020003,前橋競輪,3R,16:42,4-5,4,5,130.3,0.028268797763771635,2.6834243486194445
8120260319030010,小倉競輪,10R,19:48,4-5,4,5,140.7,0.026164631699927186,2.681363680179755
2320260319030004,取手競輪,4R,09:52,6-7,6,7,238.5,0.01543467520418965,2.6811700361992314
8720260320020011,熊本競輪,11R,15:35,2-4,2,4,112.1,0.03282113251134298,2.6792489545215474
8120260319030007,小倉競輪,7R,18:30,1-2,1,2,34.8,0.1057253296890811,2.679241473180022
6320260319030008,防府競輪,8R,14:05,3-8,3,8,350.9,0.010478909102534345,2.6770492040793017
8720260320020012,熊本競輪,12R,16:10,3-7,3,7,60.3,0.060882561119759857,2.6712184355215194
6320260319030009,防府競輪,9R,14:40,1-4,1,4,108.2,0.03389650432783089,2.667601768271302
6320260319030011,防府競輪,11R,15:50,5-8,5,8,161.1,0.022756991276396445,2.666151294627467
2220260320020003,前橋競輪,3R,16:42,5-6,5,6,60.8,0.0594057799265358,2.6118714195333763
2220260320020001,前橋競輪,1R,15:42,5-6,5,6,85.5,0.04219444241805705,2.607624826743878
2320260319030003,取手競輪,3R,09:31,3-7,3,7,141.4,0.025410365428399848,2.5930256715757385
2220260320020004,前橋競輪,4R,17:06,5-6,5,6,161.5,0.02222621036945704,2.589532974667312
6320260319030007,防府競輪,7R,13:35,4-6,4,6,380.8,0.00941955524003825,2.5869666354065655
2320260319030006,取手競輪,6R,10:34,6-7,6,7,117.7,0.03047435841439689,2.5868319853745136
2220260320020004,前橋競輪,4R,17:06,4-5,4,5,117.7,0.030464550100466295,2.585677546824883
8120260319030003,小倉競輪,3R,16:54,2-7,2,7,213.0,0.01677906504370877,2.5739408543099676
6320260319030004,防府競輪,4R,12:05,6-7,6,7,80.7,0.04424292681073717,2.5704041936264894
8720260320020012,熊本競輪,12R,16:10,1-3,1,3,217.6,0.016279764286014454,2.542476708636745
6320260319030005,防府競輪,5R,12:35,1-4,1,4,81.2,0.043538489534698493,2.535325350217518
6320260319030005,防府競輪,5R,12:35,4-8,4,8,192.1,0.018379913579371902,2.5307813985973424
8120260319030004,小倉競輪,4R,17:18,3-5,3,5,98.9,0.03563764378116002,2.5245629699567265
2220260320020002,前橋競輪,2R,16:16,3-7,3,7,304.1,0.01156332750719962,2.516407894939405
8720260320020007,熊本競輪,7R,13:42,4-5,4,5,57.4,0.060957916011608757,2.4989843790663424
6320260319030011,防府競輪,11R,15:50,4-9,4,9,411.6,0.00847774032640345,2.4894379183476603
6320260319030007,防府競輪,7R,13:35,5-6,5,6,233.9,0.014915740244415214,2.4887916431687187
2220260320020004,前橋競輪,4R,17:06,1-6,1,6,85.6,0.040745895263607175,2.487848634564774
8720260320020012,熊本競輪,12R,16:10,5-6,5,6,57.4,0.0607497800235864,2.4870373733538593
8720260320020009,熊本競輪,9R,14:33,5-7,5,7,66.7,0.05226999304349789,2.486408536001309
8720260320020012,熊本競輪,12R,16:10,2-6,2,6,99.7,0.03494188520918152,2.4837059553553975
1320260319030004,いわき平競輪,4R,21:40,1-5,1,5,39.7,0.08765318440428221,2.479831420850004
8120260319030004,小倉競輪,4R,17:18,2-5,2,5,95.2,0.03650884732972415,2.475642265789739
2320260319030006,取手競輪,6R,10:34,2-4,2,4,42.3,0.082085864098777,2.4722320513782665
6320260319030002,防府競輪,2R,11:10,5-7,5,7,101.5,0.03409102159898843,2.460238692297325
2320260319030007,取手競輪,7R,10:55,4-7,4,7,98.3,0.035191073992162196,2.459282573429544
8720260320020005,熊本競輪,5R,12:42,3-7,3,7,108.9,0.03158688195953503,2.439811445393365
8120260319030010,小倉競輪,10R,19:48,3-5,3,5,140.7,0.02435196380359832,2.4263213071662832
8420260319030004,武雄競輪,4R,21:50,1-4,1,4,28.5,0.12003558754200533,2.421014244947152
8720260320020001,熊本競輪,1R,11:00,1-3,1,3,49.5,0.06900237460600536,2.4156175429972655
8120260319030009,小倉競輪,9R,19:22,2-6,2,6,69.9,0.0487852493396091,2.410088928838676
6320260319030007,防府競輪,7R,13:35,6-7,6,7,129.9,0.02622374537325182,2.4064645239854117
6320260319030010,防府競輪,10R,15:15,1-3,1,3,226.0,0.01498102502416349,2.3857116554609488
8720260320020012,熊本競輪,12R,16:10,2-3,2,3,83.5,0.04053891938834346,2.384999768926679
6320260319030011,防府競輪,11R,15:50,5-9,5,9,110.5,0.0305088077457986,2.371223255910745
6320260319030011,防府競輪,11R,15:50,6-9,6,9,569.2,0.0059207126003788975,2.370069612135669
8720260320020001,熊本競輪,1R,11:00,4-6,4,6,113.7,0.029521583750740987,2.3566040724592505
8720260320020006,熊本競輪,6R,13:12,6-7,6,7,69.9,0.04801879579676549,2.356513826193908
6320260319030010,防府競輪,10R,15:15,2-3,2,3,104.6,0.032047529595155305,2.3521715956532447
6320260319030007,防府競輪,7R,13:35,2-6,2,6,251.9,0.013259251547914328,2.3400054649196194
6320260319030010,防府競輪,10R,15:15,3-8,3,8,242.8,0.013669774804816357,2.3190213226094114
6320260319030012,防府競輪,12R,16:30,4-7,4,7,246.5,0.013431630319039023,2.3108968736431192
2220260320020001,前橋競輪,1R,15:42,4-6,4,6,90.9,0.03637646419565166,2.306620595384736
8120260319030010,小倉競輪,10R,19:48,3-4,3,4,78.1,0.04228202496600323,2.302226149844852
2220260320020008,前橋競輪,8R,18:43,6-7,6,7,45.9,0.07192871819025554,2.301528164932729
8720260320020005,熊本競輪,5R,12:42,6-7,6,7,73.4,0.0448847026809125,2.2945371767789777
8420260319030003,武雄競輪,3R,21:30,1-5,1,5,46.5,0.0706862136804469,2.2869089361407813
8720260320020004,熊本競輪,4R,12:12,3-7,3,7,139.9,0.023441850276844464,2.2795148537305407
8720260320020007,熊本競輪,7R,13:42,2-5,2,5,48.2,0.06799264566803515,2.277245521199294
6320260319030001,防府競輪,1R,10:45,5-9,5,9,163.0,0.020076255916993305,2.272429714469909
2220260320020004,前橋競輪,4R,17:06,4-6,4,6,171.3,0.019020515067273057,2.258214231023875
2320260319030007,取手競輪,7R,10:55,6-7,6,7,412.9,0.007883580108606587,2.2551302268436593
8120260319030009,小倉競輪,9R,19:22,3-5,3,5,81.6,0.03981422045264493,2.248840388935826
8720260320020012,熊本競輪,12R,16:10,6-7,6,7,57.9,0.05598372049191527,2.2414574164818943
2320260319030003,取手競輪,3R,09:31,3-5,3,5,57.4,0.05644381262288521,2.239874844553611
6320260319030012,防府競輪,12R,16:30,4-9,4,9,191.9,0.016822689813123477,2.228274175138395
8720260320020002,熊本競輪,2R,11:23,3-4,3,4,82.5,0.03895413963944232,2.2137165202539912
8420260319030008,武雄競輪,8R,23:10,4-6,4,6,75.0,0.04283483581747687,2.2126126863107656
8720260320020003,熊本競輪,3R,11:47,1-5,1,5,56.6,0.05672909046241432,2.2108665201726505
8120260319030010,小倉競輪,10R,19:48,5-7,5,7,87.9,0.03617135275276272,2.179461906967843
8720260320020010,熊本競輪,10R,15:00,4-5,4,5,65.0,0.048890865199653785,2.177906237977496
8720260320020009,熊本競輪,9R,14:33,4-6,4,6,60.1,0.05272962397171352,2.1690504006999825
6320260319030012,防府競輪,12R,16:30,7-9,7,9,163.5,0.019276392778891684,2.15169021934879
8720260320020002,熊本競輪,2R,11:23,1-5,1,5,151.2,0.020739073483840388,2.1357479107566664
8120260319030003,小倉競輪,3R,16:54,3-7,3,7,138.2,0.02266732493340967,2.1326243057972163
1320260319030001,いわき平競輪,1R,20:40,5-7,5,7,123.7,0.025238225994977142,2.1219685555786727
8720260320020004,熊本競輪,4R,12:12,1-7,1,7,88.2,0.03533684648787225,2.1167098602303325
6320260319030011,防府競輪,11R,15:50,1-9,1,9,202.7,0.015302263454386835,2.1017688022042114
8120260319030003,小倉競輪,3R,16:54,1-2,1,2,72.0,0.04303129445085521,2.098253200461575
8720260320020003,熊本競輪,3R,11:47,4-5,4,5,73.7,0.041713754408541165,2.074303699909484
8720260320020003,熊本競輪,3R,11:47,6-7,6,7,57.2,0.05359880035156111,2.0658513801092955
8120260319030002,小倉競輪,2R,16:22,3-7,3,7,36.6,0.08331758188072357,2.0494234968344824
8720260320020001,熊本競輪,1R,11:00,3-6,3,6,85.8,0.03539869267015229,2.0372078310990664
6320260319030001,防府競輪,1R,10:45,1-9,1,9,56.1,0.053886244685007155,2.0230183268289013
6320260319030008,防府競輪,8R,14:05,4-5,4,5,80.8,0.03732011176543505,2.015465030647152
6320260319030003,防府競輪,3R,11:35,3-4,3,4,123.3,0.024441386428608283,2.013622946647401
8120260319030002,小倉競輪,2R,16:22,4-5,4,5,64.1,0.0469983606688326,2.0125949188721695
8120260319030004,小倉競輪,4R,17:18,5-6,5,6,45.1,0.06666697767585848,2.0066806931812176
2220260320020004,前橋競輪,4R,17:06,2-6,2,6,69.7,0.043126808691269156,2.0059385657814603
1320260319030008,いわき平競輪,8R,23:00,2-7,2,7,84.0,0.03569245892876764,1.998166550016482
2320260319030006,取手競輪,6R,10:34,4-6,4,6,182.6,0.016386473813449987,1.9921701183359675
6320260319030006,防府競輪,6R,13:05,2-3,2,3,189.9,0.01570843600968045,1.9830319982383178
6320260319030008,防府競輪,8R,14:05,2-4,2,4,111.5,0.026726393723981046,1.9799929002238867
8720260320020009,熊本競輪,9R,14:33,2-5,2,5,139.1,0.021355699711755202,1.9705778299051486
2320260319030003,取手競輪,3R,09:31,1-3,1,3,90.6,0.03259103290903727,1.9527475815587763
6320260319030012,防府競輪,12R,16:30,6-7,6,7,278.6,0.010585973014641373,1.949252081879087
8120260319030010,小倉競輪,10R,19:48,1-5,1,5,100.5,0.029228960620785265,1.9375105423889192
6320260319030011,防府競輪,11R,15:50,2-9,2,9,135.1,0.021732187746125124,1.936018564501504
2220260320020001,前橋競輪,1R,15:42,4-7,4,7,171.1,0.017146939852225568,1.9338414087157947
8720260320020002,熊本競輪,2R,11:23,3-5,3,5,206.2,0.014161356352991015,1.920071679986747
2220260320020012,前橋競輪,12R,20:30,2-3,2,3,68.1,0.04274094188230536,1.9106581421849946
6320260319030008,防府競輪,8R,14:05,6-8,6,8,221.3,0.013131427941973346,1.9059850035587016
1320260319030001,いわき平競輪,1R,20:40,1-7,1,7,49.5,0.058543844114664,1.8979202836758677
8120260319030004,小倉競輪,4R,17:18,1-4,1,4,33.3,0.08686242609082959,1.892518788824625
2220260320020005,前橋競輪,5R,17:30,1-2,1,2,75.0,0.03852383296114036,1.889287472085527
8720260320020011,熊本競輪,11R,15:35,4-6,4,6,189.0,0.015170594326147487,1.867242327641875
8720260320020005,熊本競輪,5R,12:42,1-5,1,5,56.4,0.05079643586663657,1.8649189828783026
2320260319030006,取手競輪,6R,10:34,5-6,5,6,105.9,0.027023606287666632,1.8617999058638963
6320260319030007,防府競輪,7R,13:35,5-9,5,9,79.5,0.035822213554122795,1.8478659775527624
6320260319030011,防府競輪,11R,15:50,2-4,2,4,121.0,0.023343138558288373,1.824519765552893
2320260319030005,取手競輪,5R,10:13,1-7,1,7,67.4,0.04169902711066578,1.810514427258874
6320260319030005,防府競輪,5R,12:35,2-8,2,8,164.3,0.017072664049097908,1.8050387032667863
8720260320020002,熊本競輪,2R,11:23,4-6,4,6,90.7,0.030920130933011002,1.804455875624098
8120260319030001,小倉競輪,1R,15:57,3-5,3,5,198.2,0.014113110348228824,1.7972184710189527
2220260320020004,前橋競輪,4R,17:06,2-4,2,4,50.9,0.05476176141731676,1.7873736561414226
6320260319030008,防府競輪,8R,14:05,7-8,7,8,142.4,0.019572311439404674,1.7870971489712257
6320260319030010,防府競輪,10R,15:15,1-4,1,4,130.7,0.021313319316972428,1.7856508347282962
6320260319030009,防府競輪,9R,14:40,5-7,5,7,110.1,0.02525547611263439,1.7806279200010464
2220260320020012,前橋競輪,12R,20:30,1-6,1,6,46.8,0.05900465170004743,1.7614176995622195
2320260319030005,取手競輪,5R,10:13,6-7,6,7,83.3,0.03298080880564589,1.7473013735103025
2220260320020003,前橋競輪,3R,16:42,1-6,1,6,37.0,0.07405719968860124,1.7401163884782456
6320260319030004,防府競輪,4R,12:05,3-4,3,4,171.5,0.015881640703167124,1.7237013805931616
1320260319030001,いわき平競輪,1R,20:40,4-5,4,5,82.5,0.032813623974827136,1.7071239779232386
8720260320020010,熊本競輪,10R,15:00,1-5,1,5,84.0,0.032218345268590465,1.706341002561599
6320260319030012,防府競輪,12R,16:30,2-7,2,7,112.8,0.023960904201986127,1.7027899939840352
2320260319030006,取手競輪,6R,10:34,1-5,1,5,54.0,0.050037702879028256,1.702035955467526
8720260320020002,熊本競輪,2R,11:23,1-3,1,3,88.9,0.030234072211210578,1.6878090195766204
8120260319030003,小倉競輪,3R,16:54,1-6,1,6,75.1,0.035704286872733484,1.6813919441422844
8120260319030003,小倉競輪,3R,16:54,5-7,5,7,67.2,0.03981260479885175,1.6754070424828376
6320260319030012,防府競輪,12R,16:30,1-7,1,7,60.3,0.044306259238592785,1.671667432087145
8120260319030003,小倉競輪,3R,16:54,3-6,3,6,94.6,0.028219363233498912,1.669551761888997
2220260320020001,前橋競輪,1R,15:42,4-5,4,5,64.6,0.04098518383585695,1.6476428757963584
2320260319030005,取手競輪,5R,10:13,5-7,5,7,71.4,0.03699856642265696,1.6416976425777072
8720260320020011,熊本競輪,11R,15:35,3-5,3,5,36.1,0.07299034859643012,1.6349515843311275
6320260319030010,防府競輪,10R,15:15,3-6,3,6,374.1,0.007021794890003083,1.6268534683501534
1320260319030001,いわき平競輪,1R,20:40,2-5,2,5,61.8,0.04221621431482821,1.608962044656383
8120260319030005,小倉競輪,5R,17:42,3-6,3,6,83.0,0.031337585542096064,1.6010195999939731
2220260320020007,前橋競輪,7R,18:18,5-6,5,6,240.7,0.010792870974843261,1.597844043644773
6320260319030012,防府競輪,12R,16:30,6-9,6,9,195.4,0.013294546810741274,1.5977544468188447
8120260319030001,小倉競輪,1R,15:57,2-6,2,6,21.8,0.11899995511700807,1.594199021550776
2320260319030002,取手競輪,2R,09:10,2-4,2,4,52.3,0.049277910254026766,1.5772347062855996
6320260319030002,防府競輪,2R,11:10,3-5,3,5,35.9,0.07171669652484336,1.5746294052418763
8120260319030010,小倉競輪,10R,19:48,2-3,2,3,41.3,0.06216278458749806,1.5673230034636698
8720260320020004,熊本競輪,4R,12:12,1-3,1,3,135.3,0.018953651375801146,1.5644290311458953
8720260320020002,熊本競輪,2R,11:23,3-7,3,7,73.1,0.034831315590376916,1.5461691696565523
8720260320020012,熊本競輪,12R,16:10,3-4,3,4,90.9,0.02798955760391833,1.5442507861961765
1320260319030008,いわき平競輪,8R,23:00,3-5,3,5,56.0,0.04529906460779215,1.5367476180363604
2220260320020012,前橋競輪,12R,20:30,5-6,5,6,68.1,0.03714477236480259,1.5295589980430564
6320260319030011,防府競輪,11R,15:50,4-7,4,7,156.4,0.016160888032691858,1.5275628883130068
6320260319030009,防府競輪,9R,14:40,4-9,4,9,85.0,0.02967498245848257,1.5223735089710186
6320260319030012,防府競輪,12R,16:30,1-4,1,4,52.7,0.04784676222623927,1.5215243693228095
8720260320020008,熊本競輪,8R,14:10,1-2,1,2,58.0,0.04344902344352617,1.520043359724518
6320260319030012,防府競輪,12R,16:30,3-4,3,4,145.6,0.0173061155598909,1.519770425520115
2320260319030004,取手競輪,4R,09:52,1-2,1,2,39.1,0.06439955716309056,1.5180226850768412
8720260320020012,熊本競輪,12R,16:10,4-6,4,6,113.9,0.0219506171924091,1.5001752982153969
8720260320020011,熊本競輪,11R,15:35,5-7,5,7,46.2,0.053995082920308336,1.494572830918245
8120260319030008,小倉競輪,8R,18:56,4-6,4,6,63.0,0.03957386588659051,1.4931535508552018
8720260320020002,熊本競輪,2R,11:23,5-6,5,6,266.9,0.009339496430982933,1.4927115974293446
6320260319030007,防府競輪,7R,13:35,8-9,8,9,154.5,0.01611737659282139,1.4901346835909046
2220260320020003,前橋競輪,3R,16:42,1-4,1,4,66.1,0.03764581163158218,1.4883881488475819
2320260319030007,取手競輪,7R,10:55,3-6,3,6,88.4,0.02811992775321695,1.4858016133843783
8120260319030001,小倉競輪,1R,15:57,3-4,3,4,46.4,0.053485182896730044,1.481712486408274
6320260319030008,防府競輪,8R,14:05,2-5,2,5,34.9,0.0709625986582497,1.4765946931729146
1320260319030007,いわき平競輪,7R,22:40,1-5,1,5,36.0,0.06875976355082197,1.4753514878295908
2320260319030001,取手競輪,1R,08:50,3-5,3,5,86.7,0.028475205222860907,1.4688002928220407
1320260319030001,いわき平競輪,1R,20:40,4-7,4,7,82.5,0.029909347359458913,1.4675211571553604
6320260319030004,防府競輪,4R,12:05,4-8,4,8,171.5,0.014360954983698264,1.4629037797042521
2320260319030002,取手競輪,2R,09:10,1-3,1,3,37.0,0.06641386450655666,1.4573129867425965
6320260319030007,防府競輪,7R,13:35,7-9,7,9,37.9,0.06481271033903452,1.4564017218494083
2320260319030004,取手競輪,4R,09:52,4-6,4,6,166.9,0.01470145570019223,1.453672956362083
8120260319030003,小倉競輪,3R,16:54,2-6,2,6,111.1,0.02207134382066142,1.4521262984754837
8720260320020008,熊本競輪,8R,14:10,6-7,6,7,90.4,0.02711352060717421,1.4510622628885486
8720260320020002,熊本競輪,2R,11:23,3-6,3,6,156.4,0.015618381783813357,1.4427149109884092
8120260319030009,小倉競輪,9R,19:22,1-5,1,5,69.9,0.034823073337050876,1.4341328262598565
6320260319030010,防府競輪,10R,15:15,3-5,3,5,77.8,0.031241266765602814,1.4305705543638987
6320260319030007,防府競輪,7R,13:35,1-9,1,9,67.1,0.036223067285176616,1.4305678148353507
8120260319030005,小倉競輪,5R,17:42,1-6,1,6,35.5,0.06843641708931172,1.429492806670566
6320260319030004,防府競輪,4R,12:05,3-6,3,6,228.6,0.010623537792059089,1.4285407392647076
8120260319030009,小倉競輪,9R,19:22,3-4,3,4,69.9,0.03473799528744857,1.4281858705926553
8120260319030003,小倉競輪,3R,16:54,3-5,3,5,42.2,0.05751598695636671,1.4271746495586752
1320260319030008,いわき平競輪,8R,23:00,1-5,1,5,42.0,0.057647252228818786,1.421184593610389
6320260319030009,防府競輪,9R,14:40,2-5,2,5,170.1,0.014228281428257484,1.420230670946598
2220260320020003,前橋競輪,3R,16:42,2-5,2,5,40.0,0.060229705132837694,1.4091882053135079
1320260319030001,いわき平競輪,1R,20:40,2-6,2,6,49.5,0.04862583400764332,1.4069787833783445
1320260319030005,いわき平競輪,5R,22:00,1-3,1,3,38.2,0.06289062422185845,1.402421845274993
6320260319030006,防府競輪,6R,13:05,2-5,2,5,74.7,0.03211910402287001,1.3992970705083896
8720260320020008,熊本競輪,8R,14:10,1-6,1,6,107.9,0.0221333490242631,1.3881883597179883
2320260319030007,取手競輪,7R,10:55,4-5,4,5,29.7,0.07994117631066862,1.374252936426858
2220260320020011,前橋競輪,11R,20:02,2-6,2,6,65.7,0.03604020905445017,1.3678417348773761
8420260319030009,武雄競輪,9R,23:30,1-7,1,7,28.6,0.08267971202870802,1.3646397640210495
8420260319030006,武雄競輪,6R,22:30,5-6,5,6,50.2,0.046791430214797036,1.3489297967828113
6320260319030012,防府競輪,12R,16:30,4-6,4,6,256.3,0.009160598054788539,1.3478612814423028
8120260319030003,小倉競輪,3R,16:54,6-7,6,7,204.5,0.011444712876676096,1.3404437832802616
8420260319030008,武雄競輪,8R,23:10,4-5,4,5,75.0,0.031168772639828583,1.3376579479871435
1320260319030009,いわき平競輪,9R,23:20,2-7,2,7,37.6,0.062029584509769836,1.3323123775673458
8120260319030010,小倉競輪,10R,19:48,2-6,2,6,39.0,0.05978186031842399,1.3314925524185357
2220260320020005,前橋競輪,5R,17:30,1-7,1,7,47.4,0.049064165970941764,1.3256414670226397
8420260319030001,武雄競輪,1R,20:50,5-7,5,7,106.5,0.021778607418388746,1.3194216900584013
6320260319030002,防府競輪,2R,11:10,4-7,4,7,146.8,0.015787448827463493,1.317597487871641
6320260319030012,防府競輪,12R,16:30,7-8,7,8,228.9,0.01009777878509502,1.3113815639082502
6320260319030007,防府競輪,7R,13:35,1-4,1,4,157.4,0.014673635256020712,1.30963018929766
1320260319030002,いわき平競輪,2R,21:00,2-7,2,7,34.5,0.06675614565794111,1.3030870251989684
8720260320020009,熊本競輪,9R,14:33,2-7,2,7,40.9,0.05615911894367093,1.2969079647961408
2220260320020001,前橋競輪,1R,15:42,3-6,3,6,40.4,0.056824193029764304,1.2956973984024778
2320260319030006,取手競輪,6R,10:34,1-3,1,3,82.7,0.027745348050859393,1.294540283806072
2320260319030004,取手競輪,4R,09:52,5-7,5,7,30.3,0.07572344327390436,1.2944203311993023
8420260319030001,武雄競輪,1R,20:50,2-7,2,7,35.5,0.0644691311949816,1.2886541574218469
2220260320020005,前橋競輪,5R,17:30,2-6,2,6,128.6,0.017773099570803558,1.2856206048053376
8120260319030009,小倉競輪,9R,19:22,3-7,3,7,27.2,0.083589000509084,1.2736208138470846
2220260320020004,前橋競輪,4R,17:06,5-7,5,7,58.8,0.03858875463407944,1.2690187724838706
6320260319030011,防府競輪,11R,15:50,6-7,6,7,143.0,0.015864956652043065,1.2686888012421584
8120260319030011,小倉競輪,11R,20:16,5-7,5,7,28.9,0.07835816235408694,1.264550892033112
8720260320020011,熊本競輪,11R,15:35,1-2,1,2,31.2,0.07243326396826222,1.2599178358097811
2220260320020002,前橋競輪,2R,16:16,1-4,1,4,30.7,0.07348913671306359,1.2561164970910523
2320260319030004,取手競輪,4R,09:52,1-3,1,3,217.7,0.010347478594947477,1.2526460901200656
8720260320020001,熊本競輪,1R,11:00,2-6,2,6,56.8,0.03962251820041253,1.2505590337834316
6320260319030001,防府競輪,1R,10:45,5-7,5,7,110.2,0.020346649801339236,1.242200808107584
2320260319030004,取手競輪,4R,09:52,1-6,1,6,385.2,0.0057850472680972325,1.2284002076710538
2320260319030003,取手競輪,3R,09:31,1-4,1,4,30.2,0.07366545646964716,1.224696785383344
2220260320020003,前橋競輪,3R,16:42,3-6,3,6,56.3,0.03950264058824002,1.223998665117913
2220260320020002,前橋競輪,2R,16:16,1-2,1,2,38.9,0.05716478167535996,1.2237100071715026
6320260319030010,防府競輪,10R,15:15,1-8,1,8,211.3,0.010497277300688924,1.21807469363557
6320260319030004,防府競輪,4R,12:05,7-9,7,9,38.2,0.05801618895522691,1.2162184180896682
6320260319030007,防府競輪,7R,13:35,7-8,7,8,73.4,0.030109916376945198,1.2100678620677776
6320260319030006,防府競輪,6R,13:05,1-2,1,2,28.5,0.07747005806985308,1.2078966549908126
8120260319030001,小倉競輪,1R,15:57,2-3,2,3,38.1,0.057934931435160916,1.2073208876796309
2220260320020006,前橋競輪,6R,17:54,5-7,5,7,64.5,0.03420699406221751,1.2063511170130297
2320260319030004,取手競輪,4R,09:52,4-7,4,7,25.6,0.08604510841719845,1.2027547754802805
6320260319030005,防府競輪,5R,12:35,3-8,3,8,88.5,0.02482700383345993,1.197189839261204
2220260320020002,前橋競輪,2R,16:16,4-5,4,5,24.3,0.09028989394089197,1.194044422763675
2220260320020001,前橋競輪,1R,15:42,5-7,5,7,103.9,0.021005354831264936,1.182456366968427
8720260320020004,熊本競輪,4R,12:12,2-5,2,5,33.0,0.06604837090222371,1.1795962397733826
2220260320020002,前橋競輪,2R,16:16,2-7,2,7,116.9,0.018592274986442163,1.173436945915089
6320260319030005,防府競輪,5R,12:35,7-8,7,8,46.2,0.04693929912402458,1.1685956195299356
6320260319030003,防府競輪,3R,11:35,4-5,4,5,102.0,0.02125950452380953,1.1684694614285718
8720260320020011,熊本競輪,11R,15:35,3-6,3,6,80.6,0.026855218850134924,1.164530639320875
6320260319030012,防府競輪,12R,16:30,5-7,5,7,60.7,0.03565255202687691,1.1641099080314286
2220260320020006,前橋競輪,6R,17:54,2-7,2,7,46.0,0.047036367558040984,1.163672907669885
6320260319030005,防府競輪,5R,12:35,5-6,5,6,227.6,0.009496160014790912,1.1613260193664114
8120260319030003,小倉競輪,3R,16:54,4-6,4,6,36.5,0.05919249020248497,1.1605258923907011
2220260320020012,前橋競輪,12R,20:30,1-7,1,7,30.0,0.07195916405779748,1.1587749217339245
2220260320020002,前橋競輪,2R,16:16,6-7,6,7,101.3,0.021260687266446827,1.1537076200910636
2220260320020012,前橋競輪,12R,20:30,2-4,2,4,41.6,0.051610364539323626,1.146991164835863
8720260320020011,熊本競輪,11R,15:35,3-7,3,7,56.0,0.03826535784018286,1.1428600390502401
8120260319030010,小倉競輪,10R,19:48,1-4,1,4,43.9,0.04873202721782256,1.1393359948624102
8120260319030003,小倉競輪,3R,16:54,2-4,2,4,32.1,0.06659137434388523,1.1375831164387162
6320260319030010,防府競輪,10R,15:15,1-7,1,7,146.6,0.01457739033678325,1.1370454233724243
8120260319030008,小倉競輪,8R,18:56,5-7,5,7,126.0,0.016924107428611813,1.1324375360050887
8720260320020004,熊本競輪,4R,12:12,1-2,1,2,40.1,0.05312214767517501,1.130198121774518
6320260319030002,防府競輪,2R,11:10,2-4,2,4,118.3,0.017992243480404825,1.1284824037318906
8420260319030007,武雄競輪,7R,22:50,1-7,1,7,30.0,0.07068503756256285,1.1205511268768853
2320260319030005,取手競輪,5R,10:13,4-6,4,6,38.9,0.054461793998840526,1.1185637865548963
8720260320020009,熊本競輪,9R,14:33,3-4,3,4,26.6,0.07955157609208804,1.116071924049542
8720260320020008,熊本競輪,8R,14:10,1-5,1,5,25.0,0.08438574815238442,1.1096437038096107
2220260320020003,前橋競輪,3R,16:42,1-2,1,2,28.3,0.07441788665434618,1.106026192317997
8720260320020003,熊本競輪,3R,11:47,2-4,2,4,74.7,0.028157255475801078,1.1033469840423407
8120260319030009,小倉競輪,9R,19:22,5-6,5,6,163.2,0.01287190406768662,1.1006947438464563
2320260319030005,取手競輪,5R,10:13,5-6,5,6,71.4,0.029414137807391473,1.1001694394477513
2320260319030005,取手競輪,5R,10:13,4-7,4,7,32.6,0.06435755069891708,1.0980561527846966
6320260319030001,防府競輪,1R,10:45,5-6,5,6,199.5,0.01051268146272075,1.0972799518127898
8720260320020009,熊本競輪,9R,14:33,1-2,1,2,56.6,0.03693290580060254,1.0904024683141036
6320260319030005,防府競輪,5R,12:35,4-5,4,5,114.6,0.01823297024848611,1.0894983904765083
8720260320020008,熊本競輪,8R,14:10,4-6,4,6,59.8,0.034894897806374586,1.0867148888212004
2220260320020001,前橋競輪,1R,15:42,2-6,2,6,47.6,0.04376041396544737,1.082995704755295
1320260319030005,いわき平競輪,5R,22:00,2-6,2,6,38.2,0.05430747549675083,1.0745455639758816
2220260320020001,前橋競輪,1R,15:42,6-7,6,7,126.4,0.01639651651026322,1.0725196868972713
6320260319030012,防府競輪,12R,16:30,1-6,1,6,67.3,0.030753189373720784,1.0696896448514086
2220260320020006,前橋競輪,6R,17:54,4-5,4,5,64.5,0.031945133545823984,1.0604611137056468
8720260320020004,熊本競輪,4R,12:12,4-6,4,6,36.9,0.055820786526294644,1.0597870228202724
6320260319030005,防府競輪,5R,12:35,2-5,2,5,127.5,0.016148662271785574,1.058954439652661
8120260319030002,小倉競輪,2R,16:22,1-3,1,3,93.2,0.02201701950326741,1.0519862177045227
2220260320020012,前橋競輪,12R,20:30,4-7,4,7,75.0,0.027337883420911716,1.0503412565683785
8420260319030001,武雄競輪,1R,20:50,4-5,4,5,53.2,0.03844231919985531,1.0451313814323027
2220260320020008,前橋競輪,8R,18:43,2-7,2,7,26.8,0.07618776451842678,1.0418320890938375
2320260319030001,取手競輪,1R,08:50,2-5,2,5,24.2,0.08429020562502865,1.0398229761256932
8120260319030008,小倉競輪,8R,18:56,1-6,1,6,31.5,0.06434316317303769,1.0268096399506872
6320260319030002,防府競輪,2R,11:10,3-4,3,4,47.4,0.04266481492524657,1.0223122274566872
2220260320020010,前橋競輪,10R,19:35,1-3,1,3,48.5,0.041613453329567715,1.0182524864840343
6320260319030012,防府競輪,12R,16:30,3-6,3,6,173.2,0.011651303126692412,1.0180057015431254
2220260320020001,前橋競輪,1R,15:42,3-7,3,7,69.2,0.029097449380103266,1.013543497103146
8720260320020007,熊本競輪,7R,13:42,1-6,1,6,33.6,0.059725768345595676,1.0067858164120147
2220260320020003,前橋競輪,3R,16:42,3-4,3,4,111.2,0.01803919431133263,1.0059584074201888
2220260320020006,前橋競輪,6R,17:54,2-5,2,5,107.5,0.018650989806124483,1.0049814041583818
2320260319030007,取手競輪,7R,10:55,2-7,2,7,134.6,0.01487951841160108,1.002783178201505
8720260320020002,熊本競輪,2R,11:23,4-5,4,5,69.8,0.0286898106153902,1.002548780954236
2220260320020006,前橋競輪,6R,17:54,5-6,5,6,161.2,0.01234154703511917,0.98945738206121
2220260320020005,前橋競輪,5R,17:30,2-3,2,3,64.3,0.03072843819834955,0.9758385761538759
8120260319030011,小倉競輪,11R,20:16,5-6,5,6,57.8,0.03416622452101112,0.9748077773144426
8720260320020010,熊本競輪,10R,15:00,1-4,1,4,34.9,0.05654254614978446,0.9733348606274776
2320260319030007,取手競輪,7R,10:55,3-4,3,4,25.2,0.07819247287964837,0.9704503165671388
6320260319030005,防府競輪,5R,12:35,6-8,6,8,211.3,0.009311377201469653,0.9674940026705376
8120260319030001,小倉競輪,1R,15:57,4-6,4,6,17.7,0.11113218497611811,0.9670396740772904
1320260319030003,いわき平競輪,3R,21:20,1-5,1,5,26.2,0.0749661913446745,0.9641142132304719
8420260319030009,武雄競輪,9R,23:30,1-4,1,4,17.9,0.1094182081880247,0.958585926565642
6320260319030003,防府競輪,3R,11:35,3-8,3,8,168.3,0.011615369880547552,0.954866750896153
8720260320020008,熊本競輪,8R,14:10,2-6,2,6,77.7,0.025134945939145583,0.9529852994716119
2220260320020004,前橋競輪,4R,17:06,3-5,3,5,46.3,0.042169881790646215,0.9524655269069195
6320260319030008,防府競輪,8R,14:05,3-4,3,4,232.0,0.008392110492218871,0.9469696341947782
6320260319030002,防府競輪,2R,11:10,1-4,1,4,58.8,0.033061771420484345,0.9440321595244794
8120260319030007,小倉競輪,7R,18:30,1-4,1,4,27.9,0.06961479081874239,0.9422526638429125
2220260320020002,前橋競輪,2R,16:16,2-3,2,3,98.1,0.019796638863488654,0.9420502725082369
2320260319030005,取手競輪,5R,10:13,3-6,3,6,38.9,0.04991501221180521,0.9416939750392226
8120260319030010,小倉競輪,10R,19:48,1-7,1,7,31.9,0.060861367134302805,0.9414776115842594
8720260320020009,熊本競輪,9R,14:33,3-6,3,6,121.7,0.015910363401135965,0.936291225918247
8720260320020011,熊本競輪,11R,15:35,4-5,4,5,37.8,0.05118673380052723,0.9348585376599292
6320260319030012,防府競輪,12R,16:30,3-9,3,9,91.5,0.02114051536572656,0.9343571559639801
2320260319030005,取手競輪,5R,10:13,1-4,1,4,30.4,0.06360311173793258,0.9335345968331503
2220260320020009,前橋競輪,9R,19:09,3-5,3,5,34.2,0.0564727437920275,0.9313678376873407
6320260319030004,防府競輪,4R,12:05,6-8,6,8,218.7,0.00880878522388507,0.9264813284636646
6320260319030001,防府競輪,1R,10:45,3-4,3,4,93.3,0.020634926851818773,0.9252386752746915
8720260320020008,熊本競輪,8R,14:10,3-5,3,5,37.3,0.051565597475902045,0.923396785851146
8720260320020002,熊本競輪,2R,11:23,4-7,4,7,33.6,0.057237899625398006,0.9231934274133731
6320260319030001,防府競輪,1R,10:45,4-7,4,7,114.6,0.016778714765632002,0.9228407121414273
2220260320020010,前橋競輪,10R,19:35,1-6,1,6,39.6,0.04826898991109162,0.9114520004792281
2320260319030005,取手競輪,5R,10:13,3-7,3,7,31.9,0.05985544171655538,0.9093885907581165
2220260320020011,前橋競輪,11R,20:02,5-6,5,6,92.1,0.020719137988074517,0.9082326087016628
2320260319030001,取手競輪,1R,08:50,1-5,1,5,71.8,0.0265757577843975,0.9081394089197405
8420260319030009,武雄競輪,9R,23:30,3-7,3,7,47.7,0.03997939923315079,0.9070173434212927
6320260319030003,防府競輪,3R,11:35,5-8,5,8,166.0,0.011484370510658898,0.9064055047693771
6320260319030005,防府競輪,5R,12:35,3-6,3,6,147.9,0.012863240824724193,0.9024733179767082
2220260320020005,前橋競輪,5R,17:30,1-6,1,6,100.0,0.019024376225696867,0.9024376225696866
6320260319030001,防府競輪,1R,10:45,2-5,2,5,51.6,0.03682962134627306,0.9004084614676899
6320260319030011,防府競輪,11R,15:50,7-8,7,8,178.3,0.010647655244735228,0.8984769301362912
6320260319030008,防府競輪,8R,14:05,4-6,4,6,179.8,0.010483746716043733,0.8849776595446635
6320260319030009,防府競輪,9R,14:40,5-6,5,6,234.0,0.008030078758186536,0.8790384294156492
6320260319030002,防府競輪,2R,11:10,5-9,5,9,82.3,0.022831370521014714,0.8790217938795108
6320260319030008,防府競輪,8R,14:05,4-7,4,7,120.9,0.015498851833746583,0.873811186699962
6320260319030007,防府競輪,7R,13:35,2-4,2,4,101.7,0.018407036736731105,0.8719956361255534
8720260320020012,熊本競輪,12R,16:10,1-2,1,2,74.8,0.025026666899299665,0.8719946840676149
8720260320020002,熊本競輪,2R,11:23,1-6,1,6,82.5,0.02266619790699532,0.8699613273271141
8720260320020009,熊本競輪,9R,14:33,1-5,1,5,54.1,0.03455955553422862,0.8696719544017684
2320260319030003,取手競輪,3R,09:31,2-3,2,3,41.1,0.045476169803776306,0.8690705789352062
6320260319030006,防府競輪,6R,13:05,3-4,3,4,250.3,0.007448327758469654,0.8643164379449544
2220260320020010,前橋競輪,10R,19:35,2-6,2,6,54.5,0.034178070939855615,0.862704866222131
1320260319030005,いわき平競輪,5R,22:00,2-3,2,3,38.2,0.04874868386383596,0.8621997235985339
8720260320020009,熊本競輪,9R,14:33,4-7,4,7,17.0,0.10947302404762323,0.8610414088095948
2320260319030003,取手競輪,3R,09:31,3-4,3,4,21.0,0.08860560723350769,0.8607177519036615
2220260320020007,前橋競輪,7R,18:18,4-6,4,6,120.3,0.015376869111194996,0.8498373540767579
8420260319030003,武雄競輪,3R,21:30,4-5,4,5,46.5,0.03974141150178431,0.8479756348329706
6320260319030008,防府競輪,8R,14:05,8-9,8,9,148.3,0.012444892334674634,0.8455775332322484
2220260320020010,前橋競輪,10R,19:35,2-3,2,3,62.3,0.029365410616286274,0.8294650813946347
2220260320020005,前橋競輪,5R,17:30,4-7,4,7,23.7,0.07699671097494987,0.8248220501063117
8420260319030001,武雄競輪,1R,20:50,1-7,1,7,26.6,0.06858981431428561,0.8244890607599973
6320260319030005,防府競輪,5R,12:35,6-9,6,9,176.1,0.010348992288840855,0.8224575420648745
8720260320020004,熊本競輪,4R,12:12,5-7,5,7,42.7,0.04267931726733875,0.8224068473153647
2320260319030006,取手競輪,6R,10:34,1-7,1,7,33.7,0.05402773480101301,0.8207346627941385
6320260319030003,防府競輪,3R,11:35,4-7,4,7,135.3,0.013408466036884064,0.814165454790414
6320260319030010,防府競輪,10R,15:15,1-9,1,9,46.4,0.03908623794924604,0.8136014408450161
6320260319030009,防府競輪,9R,14:40,4-6,4,6,249.6,0.007241849699294962,0.8075656849440225
1320260319030001,いわき平競輪,1R,20:40,3-5,3,5,49.5,0.036473274814224355,0.8054271033041056
6320260319030010,防府競輪,10R,15:15,1-2,1,2,77.1,0.023378003190805033,0.802444046011068
6320260319030006,防府競輪,6R,13:05,4-9,4,9,163.6,0.011015414231143796,0.8021217682151249
8720260320020010,熊本競輪,10R,15:00,3-5,3,5,28.0,0.06408691749777201,0.7944336899376163
8120260319030009,小倉競輪,9R,19:22,2-4,2,4,44.5,0.040189600948277227,0.7884372421983366
1320260319030007,いわき平競輪,7R,22:40,2-6,2,6,36.0,0.04964813546950196,0.7873328769020707
8120260319030002,小倉競輪,2R,16:22,5-6,5,6,93.2,0.019166464128195546,0.7863144567478249
6320260319030003,防府競輪,3R,11:35,1-4,1,4,58.1,0.030696555652937954,0.7834698834356952
8420260319030001,武雄競輪,1R,20:50,3-7,3,7,53.2,0.03350553215035865,0.78249431039908
6320260319030001,防府競輪,1R,10:45,1-6,1,6,79.8,0.022323106242948792,0.7813838781873135
8720260320020002,熊本競輪,2R,11:23,2-3,2,3,21.7,0.0820489415903046,0.7804620325096097
6320260319030012,防府競輪,12R,16:30,2-6,2,6,107.1,0.016568838578792728,0.774522611788701
8720260320020010,熊本競輪,10R,15:00,2-4,2,4,27.7,0.06404525680448045,0.7740536134841085
8720260320020003,熊本競輪,3R,11:47,1-3,1,3,29.5,0.06013565102073769,0.7740017051117618
6320260319030004,防府競輪,4R,12:05,3-7,3,7,68.6,0.02580350060388746,0.7701201414266796
8720260320020011,熊本競輪,11R,15:35,4-7,4,7,71.9,0.024567136358075586,0.7663771041456349
8120260319030006,小倉競輪,6R,18:06,4-5,4,5,66.7,0.0264766100810546,0.765989892406342
6320260319030003,防府競輪,3R,11:35,1-8,1,8,110.2,0.0160055781063441,0.7638147073191199
1320260319030002,いわき平競輪,2R,21:00,1-5,1,5,34.5,0.05078819195632018,0.7521926224930462
8720260320020005,熊本競輪,5R,12:42,1-2,1,2,19.4,0.09030811544706624,0.751977439673085
8720260320020002,熊本競輪,2R,11:23,2-5,2,5,26.6,0.06577662917040693,0.7496583359328244
8120260319030010,小倉競輪,10R,19:48,1-2,1,2,25.1,0.06968490524607451,0.7490911216764704
1320260319030008,いわき平競輪,8R,23:00,3-4,3,4,33.6,0.0520204015032663,0.7478854905097476
8720260320020002,熊本競輪,2R,11:23,1-4,1,4,33.6,0.051922064251351124,0.7445813588453978
8720260320020003,熊本競輪,3R,11:47,3-4,3,4,39.2,0.04444262926530869,0.7421510672001008
8120260319030007,小倉競輪,7R,18:30,1-7,1,7,34.8,0.04983148077283984,0.7341355308948263
2220260320020012,前橋競輪,12R,20:30,3-6,3,6,107.1,0.016186601236967593,0.733584992479229
8120260319030007,小倉競輪,7R,18:30,4-6,4,6,46.5,0.037250409607869385,0.7321440467659264
8720260320020007,熊本競輪,7R,13:42,2-4,2,4,49.4,0.03502916403774073,0.730440703464392
6320260319030012,防府競輪,12R,16:30,4-5,4,5,48.7,0.035489733110205327,0.7283500024669995
6320260319030007,防府競輪,7R,13:35,4-8,4,8,264.1,0.006532513615965047,0.7252368459763692
8720260320020004,熊本競輪,4R,12:12,3-5,3,5,82.8,0.020814946501779816,0.7234775703473688
1320260319030007,いわき平競輪,7R,22:40,2-7,2,7,36.0,0.04766658731527291,0.7159971433498247
6320260319030004,防府競輪,4R,12:05,8-9,8,9,130.1,0.013186074619006706,0.7155083079327724
8120260319030001,小倉競輪,1R,15:57,1-4,1,4,21.7,0.07903198423675303,0.7149940579375407
6320260319030006,防府競輪,6R,13:05,2-6,2,6,68.5,0.02503021439276131,0.7145696859041499
8120260319030010,小倉競輪,10R,19:48,6-7,6,7,33.5,0.051138175522306206,0.7131288799972579
8120260319030002,小倉競輪,2R,16:22,2-4,2,4,29.7,0.05765225761497089,0.7122720511646354
1320260319030006,いわき平競輪,6R,22:20,1-4,1,4,32.2,0.05305193043741704,0.7082721600848287
6320260319030004,防府競輪,4R,12:05,1-6,1,6,73.6,0.0232075497186565,0.7080756592931183
2320260319030005,取手競輪,5R,10:13,1-6,1,6,50.8,0.033533040930827124,0.7034784792860178
2220260320020009,前橋競輪,9R,19:09,5-7,5,7,45.6,0.03729118951861856,0.7004782420490063
2220260320020002,前橋競輪,2R,16:16,2-5,2,5,23.9,0.07108115013750146,0.698839488286285
6320260319030012,防府競輪,12R,16:30,2-9,2,9,56.4,0.030113021255246234,0.6983743987958875
6320260319030001,防府競輪,1R,10:45,6-9,6,9,152.2,0.011136287843644052,0.6949430098026246
8420260319030003,武雄競輪,3R,21:30,2-5,2,5,23.2,0.07293553786734641,0.6921044785224366
6320260319030005,防府競輪,5R,12:35,6-7,6,7,70.4,0.024007996950742724,0.6901629853322879
6320260319030002,防府競輪,2R,11:10,5-6,5,6,85.2,0.01979340849196712,0.6863984035155986
6320260319030005,防府競輪,5R,12:35,5-9,5,9,84.0,0.020075805813282492,0.6863676883157293
1320260319030001,いわき平競輪,1R,20:40,5-6,5,6,49.5,0.03405532352788211,0.6857385146301644
2320260319030002,取手競輪,2R,09:10,5-7,5,7,40.5,0.04161627342610792,0.6854590737573709
8120260319030006,小倉競輪,6R,18:06,3-6,3,6,44.5,0.03777312821670862,0.6809042056435335
6320260319030001,防府競輪,1R,10:45,4-6,4,6,183.7,0.009145238116855437,0.6799802420663437
2220260320020007,前橋競輪,7R,18:18,2-6,2,6,120.3,0.013963050585328395,0.6797549854150058
8720260320020012,熊本競輪,12R,16:10,4-5,4,5,25.7,0.06513980299941569,0.6740929370849831
6320260319030001,防府競輪,1R,10:45,4-9,4,9,113.4,0.014762540870752964,0.6740721347433862
8720260320020005,熊本競輪,5R,12:42,3-6,3,6,70.1,0.023832561319798665,0.6706625485178863
6320260319030007,防府競輪,7R,13:35,5-8,5,8,104.9,0.01590514066097456,0.6684492553362316
6320260319030009,防府競輪,9R,14:40,2-4,2,4,130.9,0.012735686711652094,0.6671013905552592
8420260319030009,武雄競輪,9R,23:30,1-3,1,3,20.4,0.08156612563068631,0.6639489628660007
6320260319030003,防府競輪,3R,11:35,1-3,1,3,40.0,0.04158948298290336,0.6635793193161343
2220260320020010,前橋競輪,10R,19:35,1-2,1,2,22.9,0.07261706759376585,0.6629308478972378
1320260319030008,いわき平競輪,8R,23:00,2-5,2,5,33.6,0.049244381219522126,0.6546112089759435
6320260319030001,防府競輪,1R,10:45,1-3,1,3,25.4,0.06506460562585151,0.6526409828966282
2320260319030002,取手競輪,2R,09:10,2-5,2,5,23.9,0.06911528871145609,0.6518554002038004
6320260319030002,防府競輪,2R,11:10,1-5,1,5,27.2,0.06063134645548614,0.649172623589223
2320260319030007,取手競輪,7R,10:55,5-7,5,7,87.2,0.01890727554917069,0.6487144278876842
1320260319030004,いわき平競輪,4R,21:40,1-4,1,4,19.8,0.08302110192564441,0.6438178181277594
8420260319030001,武雄競輪,1R,20:50,2-5,2,5,35.5,0.04598304259698143,0.6323980121928408
6320260319030006,防府競輪,6R,13:05,4-7,4,7,48.1,0.03391171767348672,0.6311536200947112
2220260320020012,前橋競輪,12R,20:30,2-6,2,6,31.2,0.05221790903012177,0.6291987617397994
6320260319030008,防府競輪,8R,14:05,2-3,2,3,102.7,0.015853418227412305,0.6281460519552438
2220260320020010,前橋競輪,10R,19:35,3-7,3,7,33.5,0.048573543309458865,0.6272137008668719
6320260319030009,防府競輪,9R,14:40,4-5,4,5,195.0,0.008342608377873621,0.626808633685356
6320260319030002,防府競輪,2R,11:10,2-7,2,7,72.5,0.02242926834431335,0.6261219549627179
2220260320020001,前橋競輪,1R,15:42,1-5,1,5,22.7,0.071267501457622,0.6177722830880195
8120260319030009,小倉競輪,9R,19:22,1-4,1,4,54.4,0.0297143410500896,0.6164601531248743
6320260319030007,防府競輪,7R,13:35,1-8,1,8,126.9,0.012698715671690477,0.6114670187375215
8720260320020008,熊本競輪,8R,14:10,1-3,1,3,74.7,0.021553926189720005,0.6100782863720844
1320260319030008,いわき平競輪,8R,23:00,3-6,3,6,33.6,0.0478973315332241,0.6093503395163298
2220260320020005,前橋競輪,5R,17:30,2-7,2,7,32.1,0.050016080888178764,0.6055161965105385
8720260320020009,熊本競輪,9R,14:33,2-3,2,3,63.2,0.02534084733570304,0.6015415516164322
8120260319030001,小倉競輪,1R,15:57,1-3,1,3,60.6,0.02642417977095965,0.6013052941201549
2220260320020001,前橋競輪,1R,15:42,2-7,2,7,72.7,0.022005062594360993,0.5997680506100442
6320260319030005,防府競輪,5R,12:35,1-2,1,2,53.0,0.030157329261628424,0.5983384508663065
2320260319030007,取手競輪,7R,10:55,1-7,1,7,45.8,0.03486534703830909,0.5968328943545562
6320260319030003,防府競輪,3R,11:35,5-7,5,7,83.0,0.019234780246548656,0.5964867604635384
8120260319030011,小倉競輪,11R,20:16,6-7,6,7,21.6,0.07385083059212552,0.5951779407899114
1320260319030003,いわき平競輪,3R,21:20,2-5,2,5,26.2,0.06049378174594054,0.5849370817436421
8120260319030005,小倉競輪,5R,17:42,6-7,6,7,41.5,0.03816247932191761,0.5837428918595808
8120260319030009,小倉競輪,9R,19:22,2-5,2,5,34.9,0.045310554017163045,0.5813383351989903
6320260319030001,防府競輪,1R,10:45,3-6,3,6,114.6,0.013788703732110453,0.5801854476998578
8720260320020006,熊本競輪,6R,13:12,2-4,2,4,29.9,0.052794515585353544,0.5785560160020708
2220260320020011,前橋競輪,11R,20:02,1-7,1,7,15.8,0.09987965270472611,0.5780985127346727
6320260319030009,防府競輪,9R,14:40,1-2,1,2,39.5,0.03956142445103572,0.562676265815911
6320260319030006,防府競輪,6R,13:05,5-7,5,7,39.4,0.039422241742094945,0.5532363246385408
2220260320020012,前橋競輪,12R,20:30,5-7,5,7,34.0,0.04566597776812158,0.5526432441161335
8120260319030004,小倉競輪,4R,17:18,3-6,3,6,20.9,0.07420385374047767,0.5508605431759832
2320260319030003,取手競輪,3R,09:31,5-7,5,7,40.8,0.037955192530686965,0.548571855252028
2320260319030004,取手競輪,4R,09:52,1-5,1,5,44.7,0.03446542024061579,0.5406042847555259
2220260320020011,前橋競輪,11R,20:02,4-5,4,5,65.7,0.023445412078697783,0.5403635735704444
2220260320020001,前橋競輪,1R,15:42,1-4,1,4,23.0,0.06691005851545744,0.5389313458555209
6320260319030011,防府競輪,11R,15:50,3-4,3,4,38.3,0.040068851565666336,0.5346370149650206
6320260319030009,防府競輪,9R,14:40,6-7,6,7,96.9,0.015833265476059122,0.5342434246301291
6320260319030001,防府競輪,1R,10:45,4-5,4,5,87.6,0.017481070558649274,0.5313417809376764
6320260319030004,防府競輪,4R,12:05,4-5,4,5,27.0,0.05658585093724886,0.5278179753057193
2320260319030006,取手競輪,6R,10:34,3-6,3,6,165.5,0.009231132991083368,0.5277525100242975
2220260320020001,前橋競輪,1R,15:42,2-4,2,4,35.9,0.042349984107818664,0.52036442947069
2320260319030007,取手競輪,7R,10:55,1-3,1,3,19.4,0.07836608572948237,0.5203020631519577
6320260319030003,防府競輪,3R,11:35,5-9,5,9,23.2,0.06551979618565301,0.5200592715071499
8120260319030003,小倉競輪,3R,16:54,4-7,4,7,30.2,0.05020669348047951,0.5162421431104811
6320260319030007,防府競輪,7R,13:35,1-2,1,2,45.3,0.0334589693408774,0.5156913111417463
6320260319030008,防府競輪,8R,14:05,5-6,5,6,54.5,0.027786320121889703,0.5143544466429888
8720260320020012,熊本競輪,12R,16:10,2-7,2,7,18.4,0.08229998263695244,0.5143196805199248
8120260319030010,小倉競輪,10R,19:48,3-7,3,7,28.1,0.05378212375251362,0.5112776774456329
1320260319030005,いわき平競輪,5R,22:00,1-5,1,5,19.1,0.07906175328620003,0.5100794877664208
6320260319030010,防府競輪,10R,15:15,8-9,8,9,41.2,0.03663792105905009,0.5094823476328638
8720260320020006,熊本競輪,6R,13:12,2-3,2,3,36.6,0.04117564173304605,0.5070284874294857
1320260319030002,いわき平競輪,2R,21:00,4-6,4,6,34.5,0.043667504301298274,0.5065288983947904
6320260319030005,防府競輪,5R,12:35,4-6,4,6,170.0,0.008861808488712725,0.5065074430811634
6320260319030008,防府競輪,8R,14:05,2-6,2,6,73.4,0.020521234171657115,0.5062585881996324
2220260320020007,前橋競輪,7R,18:18,5-7,5,7,34.3,0.04381621704566768,0.5028962446664014
8720260320020010,熊本競輪,10R,15:00,2-6,2,6,59.2,0.025325835684501675,0.4992894725224992
1320260319030006,いわき平競輪,6R,22:20,3-5,3,5,32.2,0.04644731973906277,0.49560369559782136
8120260319030005,小倉競輪,5R,17:42,3-7,3,7,31.1,0.04792422092148574,0.4904432706582065
6320260319030005,防府競輪,5R,12:35,1-9,1,9,34.0,0.04371967638401679,0.48646899705657076
8720260320020004,熊本競輪,4R,12:12,3-4,3,4,26.1,0.05692535518387024,0.4857517702990135
8120260319030004,小倉競輪,4R,17:18,2-6,2,6,20.0,0.07415319399249212,0.48306387984984234
8720260320020002,熊本競輪,2R,11:23,2-6,2,6,21.2,0.06978834331969153,0.47951287837746026
8420260319030002,武雄競輪,2R,21:10,1-5,1,5,29.2,0.050628113917272476,0.4783409263843563
2220260320020002,前橋競輪,2R,16:16,4-6,4,6,35.3,0.04183609242823755,0.4768140627167854
8120260319030007,小倉競輪,7R,18:30,2-6,2,6,23.2,0.06359575871612487,0.4754216022140969
6320260319030009,防府競輪,9R,14:40,1-3,1,3,24.3,0.06056961325803191,0.47184160217017546
2220260320020009,前橋競輪,9R,19:09,3-6,3,6,21.6,0.0680291164987439,0.4694289163728682
2220260320020004,前橋競輪,4R,17:06,2-5,2,5,22.7,0.06434623829214853,0.4606596092317716
8720260320020011,熊本競輪,11R,15:35,2-7,2,7,41.8,0.03491501386717962,0.4594475796481081
6320260319030003,防府競輪,3R,11:35,7-8,7,8,200.8,0.007265904269818326,0.45899357737951996
8720260320020004,熊本競輪,4R,12:12,1-5,1,5,42.7,0.033949284433380716,0.4496344453053567
1320260319030006,いわき平競輪,6R,22:20,2-7,2,7,32.2,0.04501491080654525,0.4494801279707572
2220260320020011,前橋競輪,11R,20:02,4-6,4,6,65.7,0.022046732055602834,0.4484702960531062
2220260320020003,前橋競輪,3R,16:42,4-6,4,6,80.0,0.01809605486497038,0.4476843891976303
8120260319030004,小倉競輪,4R,17:18,2-3,2,3,37.8,0.03826266031379005,0.44632855986126385
6320260319030005,防府競輪,5R,12:35,1-3,1,3,30.6,0.04726414256578934,0.4462827625131538
1320260319030008,いわき平競輪,8R,23:00,1-7,1,7,33.6,0.042926377116252495,0.4423262711060838
8120260319030001,小倉競輪,1R,15:57,1-6,1,6,20.5,0.07030253179970189,0.44120190189388864
8720260320020009,熊本競輪,9R,14:33,1-4,1,4,17.5,0.08235344602434029,0.44118530542595513
8720260320020008,熊本競輪,8R,14:10,2-3,2,3,58.8,0.024501485438891316,0.4406873438068093
8720260320020010,熊本競輪,10R,15:00,1-2,1,2,32.6,0.044182008468331604,0.4403334760676103
6320260319030003,防府競輪,3R,11:35,1-7,1,7,53.4,0.026968921669657454,0.4401404171597081
2220260320020012,前橋競輪,12R,20:30,2-5,2,5,19.2,0.07498618083482403,0.43973467202862127
2220260320020007,前橋競輪,7R,18:18,1-2,1,2,18.5,0.07781747896119334,0.43962336078207676
8120260319030001,小倉競輪,1R,15:57,1-5,1,5,48.7,0.029523410699080606,0.43779010104522564
6320260319030010,防府競輪,10R,15:15,4-9,4,9,21.1,0.06813735458609738,0.43769818176665476
6320260319030011,防府競輪,11R,15:50,7-9,7,9,95.9,0.014990636135496803,0.4376020053941434
1320260319030005,いわき平競輪,5R,22:00,4-6,4,6,38.2,0.037552185225194254,0.4344934756024206
6320260319030004,防府競輪,4R,12:05,5-9,5,9,28.4,0.05040440343282174,0.43148505749213717
2220260320020009,前橋競輪,9R,19:09,2-5,2,5,45.6,0.031381198787399534,0.4309826647054187
2320260319030006,取手競輪,6R,10:34,2-7,2,7,13.4,0.10678624061765873,0.4309356242766271
2220260320020008,前橋競輪,8R,18:43,5-7,5,7,24.7,0.05781648622862984,0.42806720984715696
8120260319030007,小倉競輪,7R,18:30,1-3,1,3,46.5,0.030685987268300303,0.4268984079759641
2320260319030005,取手競輪,5R,10:13,1-3,1,3,24.0,0.059416496772801086,0.42599592254722607
2220260320020006,前橋競輪,6R,17:54,4-6,4,6,40.3,0.03536231686510333,0.4251013696636641
6320260319030007,防府競輪,7R,13:35,2-5,2,5,46.9,0.0303844410234969,0.4250302840020046
6320260319030007,防府競輪,7R,13:35,3-4,3,4,78.3,0.01817727567112213,0.4232806850488626
6320260319030009,防府競輪,9R,14:40,2-6,2,6,152.2,0.009348121955343121,0.4227841616032231
8120260319030008,小倉競輪,8R,18:56,4-5,4,5,18.0,0.07864145473023967,0.4155461851443141
1320260319030009,いわき平競輪,9R,23:20,1-5,1,5,18.8,0.07527068134452024,0.41508880927698044
1320260319030001,いわき平競輪,1R,20:40,1-5,1,5,22.5,0.06285190185375283,0.41416779170943885
2220260320020009,前橋競輪,9R,19:09,2-7,2,7,45.6,0.030922828987404314,0.41008100182563667
8720260320020003,熊本競輪,3R,11:47,2-7,2,7,23.7,0.05947560231998219,0.4095717749835779
2320260319030003,取手競輪,3R,09:31,3-6,3,6,49.5,0.02846511517064814,0.4090232009470829
8120260319030003,小倉競輪,3R,16:54,1-5,1,5,19.0,0.07403644079882943,0.40669237517775914
6320260319030008,防府競輪,8R,14:05,1-4,1,4,39.0,0.03605316055638659,0.406073261699077
8420260319030008,武雄競輪,8R,23:10,2-6,2,6,25.0,0.05619690979057089,0.40492274476427226
2220260320020011,前橋競輪,11R,20:02,5-7,5,7,46.0,0.030517217107203728,0.4037919869313715
6320260319030004,防府競輪,4R,12:05,7-8,7,8,52.2,0.02688167957074163,0.40322367359271305
6320260319030006,防府競輪,6R,13:05,4-6,4,6,90.2,0.015514876718306822,0.39944187999127534
2220260320020011,前橋競輪,11R,20:02,3-7,3,7,46.0,0.030416415035762614,0.39915509164508034
2220260320020007,前橋競輪,7R,18:18,1-7,1,7,48.1,0.02904590687437604,0.3971081206574876
6320260319030010,防府競輪,10R,15:15,7-8,7,8,103.6,0.013446969699604168,0.3931060608789916
2220260320020003,前橋競輪,3R,16:42,6-7,6,7,36.2,0.03839613669322092,0.38994014829459744
8420260319030006,武雄競輪,6R,22:30,2-5,2,5,25.1,0.05532734982428604,0.38871648058957975
6320260319030002,防府競輪,2R,11:10,4-9,4,9,116.0,0.01196809867974448,0.38829944685035955
2220260320020012,前橋競輪,12R,20:30,4-6,4,6,93.7,0.014806054561027567,0.387327312368283
6320260319030008,防府競輪,8R,14:05,2-9,2,9,47.8,0.02901814646204241,0.3870674008856272
6320260319030001,防府競輪,1R,10:45,1-2,1,2,18.0,0.07671101067883632,0.38079819221905375
6320260319030002,防府競輪,2R,11:10,2-3,2,3,27.4,0.05037036623049945,0.3801480347156849
8720260320020001,熊本競輪,1R,11:00,1-4,1,4,22.7,0.060726717482512634,0.3784964868530367
6320260319030012,防府競輪,12R,16:30,8-9,8,9,108.6,0.01268347478300491,0.37742536143433303
2220260320020009,前橋競輪,9R,19:09,4-6,4,6,27.4,0.050257241009761186,0.3770484036674564
8720260320020010,熊本競輪,10R,15:00,5-7,5,7,44.2,0.031113954829936757,0.37523680348320476
1320260319030002,いわき平競輪,2R,21:00,2-5,2,5,34.5,0.039827776657558045,0.37405829468575247
2220260320020006,前橋競輪,6R,17:54,4-7,4,7,20.1,0.06833919340837877,0.37361778750841323
6320260319030003,防府競輪,3R,11:35,8-9,8,9,56.3,0.024389399057957548,0.37312316696300996
6320260319030008,防府競輪,8R,14:05,1-2,1,2,20.0,0.06840617667085588,0.3681235334171178
2220260320020011,前橋競輪,11R,20:02,2-4,2,4,32.8,0.0417031328441935,0.36786275728954654
2220260320020004,前橋競輪,4R,17:06,3-7,3,7,30.8,0.044285860258695194,0.3640044959678119
6320260319030008,防府競輪,8R,14:05,5-9,5,9,33.3,0.04091225931696196,0.36237823525483326
8720260320020008,熊本競輪,8R,14:10,1-4,1,4,24.2,0.0561936175387214,0.3598855444370579
8420260319030009,武雄競輪,9R,23:30,4-5,4,5,17.9,0.07582224041401558,0.3572181034108788
8120260319030007,小倉競輪,7R,18:30,4-5,4,5,34.8,0.03891641140354028,0.3542911168432017
8120260319030004,小倉競輪,4R,17:18,4-5,4,5,16.0,0.08460195683173748,0.3536313093077996
8120260319030011,小倉競輪,11R,20:16,3-7,3,7,14.4,0.09375680325707131,0.35009796690182693
1320260319030005,いわき平競輪,5R,22:00,2-7,2,7,38.2,0.035310075570772585,0.3488448868035128
6320260319030001,防府競輪,1R,10:45,2-6,2,6,78.2,0.017239709045901164,0.34814524738947106
8720260320020006,熊本競輪,6R,13:12,1-7,1,7,22.8,0.05908998892755826,0.3472517475483283
2220260320020009,前橋競輪,9R,19:09,6-7,6,7,37.3,0.03606108870681317,0.3450786087641311
8120260319030005,小倉競輪,5R,17:42,2-3,2,3,22.6,0.05943016746231511,0.34312178464832144
8120260319030008,小倉競輪,8R,18:56,1-4,1,4,31.5,0.04262973187913499,0.3428365541927523
8120260319030011,小倉競輪,11R,20:16,4-7,4,7,22.6,0.059221264540457626,0.3384005786143425
8420260319030008,武雄競輪,8R,23:10,3-4,3,4,37.5,0.035402358641614236,0.32758844906053386
1320260319030001,いわき平競輪,1R,20:40,3-6,3,6,30.9,0.04293167564280493,0.32658877736267233
2220260320020005,前橋競輪,5R,17:30,5-7,5,7,17.3,0.07666135669259326,0.3262414707818635
6320260319030001,防府競輪,1R,10:45,3-9,3,9,60.2,0.0220095741293051,0.32497636258416707
6320260319030001,防府競輪,1R,10:45,2-3,2,3,27.1,0.04888075548234316,0.32466847357149975
2220260320020003,前橋競輪,3R,16:42,2-3,2,3,32.8,0.04026070921527311,0.32055126226095787
8720260320020008,熊本競輪,8R,14:10,5-6,5,6,25.0,0.05281446902822844,0.320361725705711
8420260319030008,武雄競輪,8R,23:10,6-7,6,7,37.5,0.03514327277129818,0.3178727289236818
8420260319030004,武雄競輪,4R,21:50,1-5,1,5,14.2,0.09274894754758575,0.31703505517571773
6320260319030001,防府競輪,1R,10:45,7-9,7,9,68.8,0.019140374392057166,0.316857758173533
8720260320020011,熊本競輪,11R,15:35,1-7,1,7,22.3,0.059023015847731994,0.3162132534044235
8420260319030004,武雄競輪,4R,21:50,1-6,1,6,14.2,0.09247819835717294,0.31319041667185576
6320260319030004,防府競輪,4R,12:05,2-6,2,6,147.9,0.008873925817796384,0.31245362845208513
6320260319030009,防府競輪,9R,14:40,3-9,3,9,23.6,0.05541086230179881,0.30769635032245213
6320260319030007,防府競輪,7R,13:35,2-8,2,8,87.5,0.014885606402496232,0.30249056021842025
1320260319030009,いわき平競輪,9R,23:20,1-2,1,2,11.5,0.1131315444064368,0.30101276067402316
8420260319030003,武雄競輪,3R,21:30,1-3,1,3,11.6,0.11209384850800536,0.30028864269286215
8720260320020012,熊本競輪,12R,16:10,4-7,4,7,21.3,0.06101031924640958,0.2995197999485242
6320260319030008,防府競輪,8R,14:05,4-9,4,9,137.0,0.009458459243274514,0.2958089163286084
2220260320020012,前橋競輪,12R,20:30,1-2,1,2,11.0,0.1177333851297169,0.2950672364268858
8420260319030008,武雄競輪,8R,23:10,1-3,1,3,18.7,0.06917054463528123,0.29348918467975893
6320260319030009,防府競輪,9R,14:40,3-4,3,4,64.7,0.019971634564120492,0.29216475629859584
8120260319030006,小倉競輪,6R,18:06,1-6,1,6,19.0,0.06787545481146595,0.2896336414178531
2320260319030005,取手競輪,5R,10:13,1-2,1,2,35.5,0.036324919624754454,0.28953464667878315
6320260319030006,防府競輪,6R,13:05,3-5,3,5,146.2,0.008807777306534837,0.28769704221539305
6320260319030003,防府競輪,3R,11:35,3-7,3,7,64.5,0.01989948529464581,0.28351680150465475
8120260319030002,小倉競輪,2R,16:22,1-4,1,4,26.6,0.04821022791841412,0.28239206262981553
6320260319030007,防府競輪,7R,13:35,6-8,6,8,168.8,0.007571798973429465,0.27811966671489374
8720260320020001,熊本競輪,1R,11:00,5-6,5,6,19.5,0.06513147259973173,0.2700637156947687
8120260319030011,小倉競輪,11R,20:16,3-6,3,6,28.9,0.04386537513044575,0.2677093412698821
8120260319030011,小倉競輪,11R,20:16,2-5,2,5,32.5,0.038973947384295465,0.2666532899896026
6320260319030009,防府競輪,9R,14:40,5-8,5,8,98.0,0.012914124336636251,0.26558418499035263
2220260320020010,前橋競輪,10R,19:35,2-4,2,4,24.2,0.052155813138612714,0.2621706779544277
8120260319030006,小倉競輪,6R,18:06,1-2,1,2,13.3,0.09483343650933554,0.2612847055741627
6320260319030004,防府競輪,4R,12:05,3-5,3,5,55.0,0.022873438888750562,0.2580391388812808
8420260319030006,武雄競輪,6R,22:30,4-5,4,5,25.1,0.05010531160562263,0.257643321301128
6320260319030001,防府競輪,1R,10:45,6-7,6,7,123.1,0.010195878634647946,0.2551126599251621
1320260319030006,いわき平競輪,6R,22:20,2-6,2,6,32.2,0.038964638200071455,0.25466135004230095
2220260320020006,前橋競輪,6R,17:54,3-5,3,5,26.8,0.0468149645807412,0.2546410507638641
1320260319030005,いわき平競輪,5R,22:00,3-4,3,4,38.2,0.03280118816624299,0.2530053879504821
8120260319030006,小倉競輪,6R,18:06,4-6,4,6,33.3,0.03761566635273919,0.25260168954621487
8720260320020009,熊本競輪,9R,14:33,3-5,3,5,51.8,0.024122499824405768,0.24954549090421874
2320260319030002,取手競輪,2R,09:10,3-6,3,6,55.9,0.02232895726037623,0.24818871085503136
8720260320020008,熊本競輪,8R,14:10,3-6,3,6,114.3,0.010909895793663627,0.2470010892157526
6320260319030012,防府競輪,12R,16:30,5-9,5,9,27.8,0.044819579944854845,0.24598432246696467
6320260319030001,防府競輪,1R,10:45,3-7,3,7,49.4,0.025213294789649992,0.2455367626087095
8420260319030002,武雄競輪,2R,21:10,2-6,2,6,14.6,0.08521169090231318,0.24409068717377225
6320260319030006,防府競輪,6R,13:05,4-5,4,5,91.2,0.013525214127445616,0.23349952842304011
6320260319030010,防府競輪,10R,15:15,7-9,7,9,25.2,0.04891088585277303,0.23255432348988014
6320260319030004,防府競輪,4R,12:05,1-4,1,4,35.1,0.03510491889650298,0.23218265326725462
2220260320020003,前橋競輪,3R,16:42,4-7,4,7,76.0,0.01620648050905169,0.2316925186879284
6320260319030003,防府競輪,3R,11:35,4-8,4,8,151.8,0.008113652332188815,0.2316524240262623
8120260319030006,小倉競輪,6R,18:06,5-6,5,6,66.7,0.018463461238358618,0.23151286459851983
2220260320020011,前橋競輪,11R,20:02,2-3,2,3,38.3,0.03201174071082088,0.2260496692244396
2220260320020005,前橋競輪,5R,17:30,1-3,1,3,39.1,0.031337617255830154,0.22530083470295903
6320260319030011,防府競輪,11R,15:50,2-8,2,8,80.3,0.0152583246688733,0.225243470910526
6320260319030010,防府競輪,10R,15:15,4-6,4,6,112.2,0.010904169289258709,0.2234477942548272
2220260320020011,前橋競輪,11R,20:02,2-5,2,5,38.3,0.031938817634308475,0.2232567153940146
8420260319030007,武雄競輪,7R,22:50,1-6,1,6,15.0,0.08128540893518678,0.21928113402780158
2220260320020012,前橋競輪,12R,20:30,3-4,3,4,83.3,0.014637149809217449,0.21927457910781345
2220260320020009,前橋競輪,9R,19:09,1-7,1,7,25.6,0.04761381448106663,0.21891365071530577
6320260319030003,防府競輪,3R,11:35,3-5,3,5,38.9,0.03132443845390965,0.21852065585708536
2220260320020010,前橋競輪,10R,19:35,2-5,2,5,36.3,0.033518119815096344,0.2167077492879972
8720260320020012,熊本競輪,12R,16:10,3-6,3,6,52.8,0.022991755963992652,0.21396471489881197
1320260319030005,いわき平競輪,5R,22:00,3-6,3,6,38.2,0.03175735333312996,0.21313089732556478
6320260319030005,防府競輪,5R,12:35,5-7,5,7,26.8,0.04520131390081674,0.21139521254188876
6320260319030012,防府競輪,12R,16:30,3-8,3,8,110.1,0.011001505808344973,0.2112657894987815
2220260320020009,前橋競輪,9R,19:09,5-6,5,6,31.6,0.03830250202843695,0.21035906409860772
1320260319030007,いわき平競輪,7R,22:40,2-3,2,3,18.0,0.06709274884478535,0.2076694792061362
6320260319030002,防府競輪,2R,11:10,3-7,3,7,24.2,0.049803680223770144,0.20524906141523735
8120260319030007,小倉競輪,7R,18:30,1-5,1,5,34.8,0.03458918009820626,0.20370346741757772
6320260319030006,防府競輪,6R,13:05,5-6,5,6,68.5,0.01756616117234711,0.2032820403057769
1320260319030005,いわき平競輪,5R,22:00,2-5,2,5,19.1,0.06290251665947036,0.20143806819588383
1320260319030002,いわき平競輪,2R,21:00,1-4,1,4,17.2,0.06976643347517224,0.19998265577296248
6320260319030003,防府競輪,3R,11:35,2-5,2,5,32.7,0.03664189593154728,0.19818999696159612
8420260319030009,武雄競輪,9R,23:30,3-5,3,5,23.8,0.05028078031860417,0.19668257158277913
8120260319030007,小倉競輪,7R,18:30,3-4,3,4,34.8,0.034336958087534716,0.194926141446208
6320260319030006,防府競輪,6R,13:05,5-9,5,9,86.0,0.013892720171063855,0.1947739347114914
6320260319030012,防府競輪,12R,16:30,4-8,4,8,133.5,0.008948630451334079,0.1946421652530994
2220260320020006,前橋競輪,6R,17:54,3-6,3,6,23.0,0.05192849293827341,0.19435533758028845
6320260319030008,防府競輪,8R,14:05,1-5,1,5,12.9,0.09228969778659107,0.19053710144702496
6320260319030003,防府競輪,3R,11:35,2-4,2,4,43.0,0.027613494109474286,0.1873802467073944
6320260319030012,防府競輪,12R,16:30,2-3,2,3,47.1,0.025190153455169256,0.18645622773847204
2220260320020008,前橋競輪,8R,18:43,2-6,2,6,35.7,0.03307160223110102,0.18065619965030644
8420260319030007,武雄競輪,7R,22:50,1-5,1,5,15.0,0.07861095991328218,0.17916439869923262
1320260319030007,いわき平競輪,7R,22:40,3-6,3,6,36.0,0.03268282603610131,0.176581737299647
1320260319030002,いわき平競輪,2R,21:00,1-2,1,2,11.5,0.10212295700761254,0.17441400558754427
2220260320020002,前橋競輪,2R,16:16,1-3,1,3,25.7,0.04568957943714328,0.1742221915345823
8720260320020005,熊本競輪,5R,12:42,1-4,1,4,12.4,0.09465469448609765,0.1737182116276108
8720260320020006,熊本競輪,6R,13:12,5-7,5,7,18.9,0.06206033438061999,0.1729403197937176
8120260319030009,小倉競輪,9R,19:22,2-7,2,7,12.8,0.09152768193477262,0.17155432876508958
8120260319030009,小倉競輪,9R,19:22,4-5,4,5,122.4,0.009556303051064242,0.16969149345026335
6320260319030001,防府競輪,1R,10:45,3-5,3,5,44.5,0.026277560785291476,0.16935145494547066
6320260319030005,防府競輪,5R,12:35,1-7,1,7,12.5,0.09339371134816556,0.1674213918520695
2220260320020008,前橋競輪,8R,18:43,4-7,4,7,12.3,0.09483215602767245,0.16643551914037125
8120260319030005,小倉競輪,5R,17:42,1-4,1,4,24.9,0.046738258540911355,0.1637826376686926
2220260320020007,前橋競輪,7R,18:18,2-3,2,3,24.0,0.04844314363389083,0.16263544721337997
2220260320020007,前橋競輪,7R,18:18,4-7,4,7,17.1,0.0678063315195196,0.15948826898378532
1320260319030008,いわき平競輪,8R,23:00,2-3,2,3,18.6,0.06228802913768465,0.15855734196093452
8720260320020008,熊本競輪,8R,14:10,3-4,3,4,34.0,0.034064535063131854,0.15819419214648311
6320260319030010,防府競輪,10R,15:15,4-8,4,8,58.5,0.019743526915586118,0.1549963245617878
8420260319030001,武雄競輪,1R,20:50,1-3,1,3,17.7,0.06519207995015913,0.15389981511781659
6320260319030006,防府競輪,6R,13:05,1-3,1,3,49.4,0.02327398879508756,0.1497350464773255
8120260319030008,小倉競輪,8R,18:56,3-5,3,5,18.0,0.06387158012191854,0.1496884421945337
8120260319030002,小倉競輪,2R,16:22,1-7,1,7,15.7,0.07317373416680377,0.14882762641881908
8420260319030001,武雄競輪,1R,20:50,5-6,5,6,106.5,0.010780853796985727,0.14816092937898007
2220260320020010,前橋競輪,10R,19:35,3-6,3,6,87.3,0.013123279597381974,0.14566230885144615
6320260319030005,防府競輪,5R,12:35,3-5,3,5,48.1,0.023744394375552758,0.1421053694640877
2320260319030001,取手競輪,1R,08:50,4-5,4,5,23.3,0.048988387291015,0.1414294238806495
8720260320020007,熊本競輪,7R,13:42,1-3,1,3,18.0,0.06331759967712815,0.13971679418830663
8120260319030009,小倉競輪,9R,19:22,1-7,1,7,14.8,0.07678133617916658,0.13636377545166534
6320260319030004,防府競輪,4R,12:05,3-8,3,8,175.5,0.006456323239797885,0.1330847285845287
1320260319030007,いわき平競輪,7R,22:40,3-7,3,7,36.0,0.03139522229778401,0.1302280027202245
6320260319030005,防府競輪,5R,12:35,1-5,1,5,23.8,0.0474374541202882,0.12901140806285927
8720260320020003,熊本競輪,3R,11:47,2-5,2,5,42.1,0.026803054528535535,0.1284085956513461
6320260319030010,防府競輪,10R,15:15,6-9,6,9,52.9,0.021328181700027496,0.12826081193145455
1320260319030006,いわき平競輪,6R,22:20,1-6,1,6,16.1,0.06991491448903504,0.12563012327346423
8120260319030001,小倉競輪,1R,15:57,1-2,1,2,13.2,0.08508695407953261,0.12314779384983043
6320260319030005,防府競輪,5R,12:35,4-9,4,9,60.6,0.01849638185463073,0.12088074039062224
8120260319030008,小倉競輪,8R,18:56,6-7,6,7,126.0,0.008864501266262457,0.11692715954906951
8720260320020011,熊本競輪,11R,15:35,5-6,5,6,28.6,0.03905080769325503,0.11685310002709381
6320260319030012,防府競輪,12R,16:30,6-8,6,8,160.2,0.006967146833848421,0.11613692278251708
1320260319030008,いわき平競輪,8R,23:00,4-5,4,5,28.0,0.03979566290444368,0.11427856132442304
2320260319030004,取手競輪,4R,09:52,2-6,2,6,51.1,0.02176659551085984,0.11227303060493776
8720260320020003,熊本競輪,3R,11:47,5-7,5,7,14.8,0.07509033940406894,0.11133702318022043
8120260319030006,小倉競輪,6R,18:06,3-4,3,4,22.2,0.05005288824740803,0.11117411909245822
2220260320020002,前橋競輪,2R,16:16,2-6,2,6,36.2,0.030626076786429555,0.10866397966875008
1320260319030009,いわき平競輪,9R,23:20,2-5,2,5,16.7,0.066322501864904,0.10758578114389672
8420260319030005,武雄競輪,5R,22:10,2-3,2,3,85.1,0.013009518175124518,0.1071099967030964
6320260319030009,防府競輪,9R,14:40,2-9,2,9,30.7,0.03605945041865542,0.10702512785272145
8720260320020002,熊本競輪,2R,11:23,6-7,6,7,41.2,0.026866475370797935,0.10689878527687502
8120260319030007,小倉競輪,7R,18:30,2-3,2,3,19.9,0.05556756198276991,0.10579448345712117
6320260319030006,防府競輪,6R,13:05,3-9,3,9,134.3,0.008224860625798863,0.10459878204478734
2220260320020007,前橋競輪,7R,18:18,2-7,2,7,18.5,0.059589428567704196,0.10240442850252762
6320260319030008,防府競輪,8R,14:05,5-7,5,7,24.3,0.04529869904182716,0.10075838671639992
6320260319030007,防府競輪,7R,13:35,4-9,4,9,56.0,0.019624061480806417,0.09894744292515933
1320260319030003,いわき平競輪,3R,21:20,2-6,2,6,26.2,0.041914814549151594,0.09816814118777173
8120260319030006,小倉競輪,6R,18:06,2-3,2,3,19.0,0.057734164341722086,0.0969491224927197
8420260319030006,武雄競輪,6R,22:30,1-6,1,6,16.7,0.06555129536143037,0.09470663253588718
8720260320020009,熊本競輪,9R,14:33,2-4,2,4,16.3,0.06713768281388366,0.09434422986630375
1320260319030009,いわき平競輪,9R,23:20,1-4,1,4,21.5,0.05076162607646948,0.0913749606440939
8420260319030002,武雄競輪,2R,21:10,1-6,1,6,14.6,0.07466029958598965,0.09004037395544873
8720260320020001,熊本競輪,1R,11:00,1-2,1,2,15.4,0.07066312855608349,0.08821217976368567
1320260319030004,いわき平競輪,4R,21:40,1-2,1,2,4.4,0.24719647419660679,0.08766448646506997
2320260319030007,取手競輪,7R,10:55,2-5,2,5,27.8,0.03909246575193062,0.08677054790367134
1320260319030008,いわき平競輪,8R,23:00,1-3,1,3,15.2,0.07137385801481881,0.08488264182524596
2220260320020003,前橋競輪,3R,16:42,2-7,2,7,27.4,0.03950081042414591,0.08232220562159798
8720260320020010,熊本競輪,10R,15:00,2-7,2,7,25.6,0.04224187298444684,0.08139194840183928
8420260319030008,武雄競輪,8R,23:10,1-4,1,4,15.0,0.07174793336055198,0.07621900040827967
1320260319030001,いわき平競輪,1R,20:40,4-6,4,6,27.5,0.03913463540441148,0.0762024736213156
8420260319030002,武雄競輪,2R,21:10,1-3,1,3,14.6,0.07322551840345731,0.06909256869047664
2220260320020008,前橋競輪,8R,18:43,4-6,4,6,24.7,0.0432535115024998,0.06836173411174506
2220260320020010,前橋競輪,10R,19:35,5-6,5,6,62.3,0.017128809192217875,0.06712481267517356
8120260319030003,小倉競輪,3R,16:54,5-6,5,6,22.6,0.04716188810260887,0.0658586711189606
6320260319030006,防府競輪,6R,13:05,1-4,1,4,25.1,0.04245704134327771,0.06567173771627055
1320260319030006,いわき平競輪,6R,22:20,2-5,2,5,32.2,0.03299227389286445,0.062351219350235354
8120260319030006,小倉競輪,6R,18:06,4-7,4,7,33.3,0.03180559462814693,0.05912630111729267
8720260320020004,熊本競輪,4R,12:12,4-7,4,7,11.6,0.09101346061795404,0.055756143168266936
2220260320020010,前橋競輪,10R,19:35,6-7,6,7,18.9,0.05583601376402423,0.055300660140057856
2220260320020006,前橋競輪,6R,17:54,1-6,1,6,29.3,0.03582435489748321,0.049653598496258056
2220260320020010,前橋競輪,10R,19:35,1-4,1,4,14.5,0.0723890960154013,0.04964189222331883
6320260319030006,防府競輪,6R,13:05,1-9,1,9,20.8,0.050384632424772424,0.04800035443526651
2220260320020005,前橋競輪,5R,17:30,3-4,3,4,19.5,0.05374004636571206,0.04793090413138512
2320260319030006,取手競輪,6R,10:34,2-6,2,6,16.9,0.061945487622446276,0.04687874081934207
8120260319030008,小倉競輪,8R,18:56,2-3,2,3,31.5,0.0332180773513698,0.046369436568148625
6320260319030006,防府競輪,6R,13:05,3-6,3,6,132.1,0.007890673897341046,0.042358021838752036
8120260319030006,小倉競輪,6R,18:06,2-4,2,4,16.6,0.06273822764517849,0.04145457890996296
2320260319030003,取手競輪,3R,09:31,2-5,2,5,17.8,0.058317595131680944,0.038053193343920766
6320260319030002,防府競輪,2R,11:10,6-7,6,7,73.8,0.01401352973958163,0.034198494781124245
8420260319030007,武雄競輪,7R,22:50,3-5,3,5,30.0,0.03444435587402748,0.03333067622082431
8420260319030006,武雄競輪,6R,22:30,4-7,4,7,25.1,0.04110988753911793,0.03185817723186002
2220260320020012,前橋競輪,12R,20:30,3-5,3,5,34.0,0.03030722309614472,0.030445585268920494
2320260319030005,取手競輪,5R,10:13,4-5,4,5,17.9,0.05756419429235379,0.030399077833132893
8120260319030003,小倉競輪,3R,16:54,1-3,1,3,20.8,0.04952342556662439,0.030087251785787306
6320260319030005,防府競輪,5R,12:35,4-7,4,7,24.8,0.04152581355841891,0.029840176248788985
6320260319030010,防府競輪,10R,15:15,1-6,1,6,182.8,0.0056329738855562285,0.02970762627967871
2220260320020001,前橋競輪,1R,15:42,3-5,3,5,17.3,0.05946939556241157,0.028820543229720164
6320260319030003,防府競輪,3R,11:35,3-9,3,9,18.0,0.057140976644082186,0.028537579593479467
2220260320020012,前橋競輪,12R,20:30,1-3,1,3,21.4,0.047980444143066354,0.026781504661619993
6320260319030004,防府競輪,4R,12:05,2-4,2,4,73.6,0.01394528552565183,0.026373014687974594
8120260319030011,小倉競輪,11R,20:16,1-5,1,5,27.3,0.03729872843783365,0.01825528635285867
8120260319030008,小倉競輪,8R,18:56,1-2,1,2,14.0,0.07267790121707066,0.017490617038989242
2220260320020006,前橋競輪,6R,17:54,1-2,1,2,23.0,0.04412366789241959,0.014844361525650607
2220260320020010,前橋競輪,10R,19:35,3-5,3,5,72.7,0.01393505459631797,0.013078469152316474
2220260320020005,前橋競輪,5R,17:30,1-4,1,4,16.0,0.06324618896835384,0.011939023493661383
8720260320020007,熊本競輪,7R,13:42,1-7,1,7,16.3,0.06188792753423248,0.008773218807989425
6320260319030002,防府競輪,2R,11:10,2-9,2,9,65.1,0.015491478882878064,0.008495275275361758
8720260320020012,熊本競輪,12R,16:10,2-5,2,5,11.6,0.08686078131283874,0.0075850632289293785
2320260319030005,取手競輪,5R,10:13,2-6,2,6,34.2,0.029459739476937842,0.007523090111274389
2220260320020006,前橋競輪,6R,17:54,3-7,3,7,11.9,0.08454841345723235,0.00612612014106495
2320260319030003,取手競輪,3R,09:31,1-5,1,5,22.3,0.045045352031308154,0.004511350298171957
2220260320020008,前橋競輪,8R,18:43,3-7,3,7,11.9,0.0841025978906762,0.0008209148990467874
8720260320020006,熊本競輪,6R,13:12,3-4,3,4,14.0,0.07145509463950481,0.00037132495306724245
8420260319030009,武雄競輪,9R,23:30,1-6,1,6,20.4,0.048867046426192946,-0.0031122529056639703
6320260319030010,防府競輪,10R,15:15,6-7,6,7,136.1,0.0072825045957180005,-0.00885112452278014
2320260319030005,取手競輪,5R,10:13,3-5,3,5,18.5,0.05351343352490256,-0.010001479789302659
2220260320020004,前橋競輪,4R,17:06,3-4,3,4,27.4,0.035943103294154184,-0.015158969740175388
8720260320020010,熊本競輪,10R,15:00,2-3,2,3,12.0,0.08174641714865913,-0.01904299421609046
6320260319030010,防府競輪,10R,15:15,3-9,3,9,17.4,0.056346111884648886,-0.01957765320710947
8420260319030006,武雄競輪,6R,22:30,1-2,1,2,12.5,0.07843075976264136,-0.01961550296698311
2220260320020008,前橋競輪,8R,18:43,1-6,1,6,35.7,0.0273916444285845,-0.022118293899533237
6320260319030006,防府競輪,6R,13:05,6-7,6,7,32.7,0.029899579240557802,-0.02228375883375977
8120260319030006,小倉競輪,6R,18:06,1-4,1,4,11.1,0.08804370947327421,-0.022714824846656323
2320260319030007,取手競輪,7R,10:55,2-3,2,3,25.8,0.03787265127277854,-0.02288559716231353
6320260319030008,防府競輪,8R,14:05,4-8,4,8,76.1,0.012826034846786512,-0.02393874815954644
8420260319030008,武雄競輪,8R,23:10,2-4,2,4,18.7,0.052059578614016486,-0.026485879917891753
2220260320020007,前橋競輪,7R,18:18,1-6,1,6,120.3,0.008090342507700375,-0.026731796323644863
8420260319030001,武雄競輪,1R,20:50,6-7,6,7,53.2,0.018170176189172972,-0.033346626735997864
8720260320020010,熊本競輪,10R,15:00,2-5,2,5,25.4,0.0380495650540864,-0.03354104762620547
2220260320020010,前橋競輪,10R,19:35,4-5,4,5,29.1,0.033163536540523356,-0.03494108667077034
8720260320020002,熊本競輪,2R,11:23,2-7,2,7,8.7,0.11087754668916197,-0.035365343804290905
2220260320020011,前橋競輪,11R,20:02,3-6,3,6,41.8,0.023063196724878162,-0.03595837690009285
1320260319030002,いわき平競輪,2R,21:00,1-7,1,7,11.5,0.08380077057670084,-0.0362911383679404
2320260319030004,取手競輪,4R,09:52,3-6,3,6,185.5,0.005187477798199666,-0.03772286843396189
2220260320020003,前橋競輪,3R,16:42,5-7,5,7,17.0,0.056525669717870555,-0.039063614796200574
8120260319030002,小倉競輪,2R,16:22,1-2,1,2,46.6,0.020559303420697887,-0.0419364605954784
6320260319030008,防府競輪,8R,14:05,1-3,1,3,46.5,0.02060096997845652,-0.04205489600177181
8120260319030006,小倉競輪,6R,18:06,3-5,3,5,33.3,0.028762944909148123,-0.04219393452536757
8720260320020001,熊本競輪,1R,11:00,3-5,3,5,9.2,0.10372709505586657,-0.045710725486027615
8420260319030006,武雄競輪,6R,22:30,5-7,5,7,25.1,0.03801238729135887,-0.04588907898689232
8420260319030007,武雄競輪,7R,22:50,3-6,3,6,30.0,0.031794605961420204,-0.04616182115739387
8720260320020001,熊本競輪,1R,11:00,2-4,2,4,15.8,0.06031099391627962,-0.04708629612278192
8420260319030002,武雄競輪,2R,21:10,4-6,4,6,29.2,0.032630794325348905,-0.04718080569981198
2220260320020012,前橋競輪,12R,20:30,4-5,4,5,25.8,0.036827178448438,-0.049858796030299635
6320260319030007,防府競輪,7R,13:35,2-7,2,7,17.6,0.05389723288725742,-0.051408701184269434
2220260320020008,前橋競輪,8R,18:43,2-3,2,3,21.4,0.04429645787948276,-0.052055801379068956
2220260320020006,前橋競輪,6R,17:54,2-6,2,6,46.0,0.02059773426640154,-0.05250422374552921
2220260320020006,前橋競輪,6R,17:54,1-5,1,5,29.3,0.03232861652556532,-0.05277153580093619
2220260320020007,前橋競輪,7R,18:18,2-5,2,5,9.6,0.09845973584752549,-0.05478653586375537
1320260319030004,いわき平競輪,4R,21:40,2-6,2,6,19.8,0.04772805447236003,-0.054984521447271284
2220260320020008,前橋競輪,8R,18:43,4-5,4,5,26.8,0.035208389534709644,-0.056415160469781456
8720260320020001,熊本競輪,1R,11:00,2-3,2,3,14.0,0.06734253021410594,-0.05720457700251691
8420260319030003,武雄競輪,3R,21:30,1-6,1,6,23.2,0.04058071269327586,-0.05852746551600008
1320260319030006,いわき平競輪,6R,22:20,3-7,3,7,16.1,0.058253756186659296,-0.062114525394785236
6320260319030001,防府競輪,1R,10:45,2-7,2,7,26.2,0.03576368909714925,-0.06299134565468967
8420260319030002,武雄競輪,2R,21:10,1-2,1,2,7.3,0.12822088002035942,-0.06398757585137627
1320260319030004,いわき平競輪,4R,21:40,2-7,2,7,19.8,0.04726442593267935,-0.06416436653294888
6320260319030002,防府競輪,2R,11:10,2-6,2,6,66.6,0.014039372575842802,-0.06497778644886942
1320260319030002,いわき平競輪,2R,21:00,1-6,1,6,11.5,0.08113708174049168,-0.06692355998434563
8420260319030007,武雄競輪,7R,22:50,1-4,1,4,15.0,0.062192979263274537,-0.06710531105088191
8420260319030001,武雄競輪,1R,20:50,2-3,2,3,15.2,0.061251215376424265,-0.06898152627835119
8120260319030002,小倉競輪,2R,16:22,5-7,5,7,13.1,0.07105610334747614,-0.06916504614806263
2320260319030006,取手競輪,6R,10:34,3-5,3,5,33.5,0.02772607453628631,-0.07117650303440859
8720260320020008,熊本競輪,8R,14:10,2-7,2,7,18.7,0.04961027404054702,-0.07228787544177073
8420260319030004,武雄競輪,4R,21:50,1-2,1,2,5.7,0.16260579184225246,-0.07314698649916096
8420260319030001,武雄競輪,1R,20:50,3-4,3,4,17.7,0.05231721647679237,-0.07398526836077512
6320260319030007,防府競輪,7R,13:35,1-3,1,3,27.6,0.03352530769945407,-0.07470150749506765
8420260319030006,武雄競輪,6R,22:30,2-6,2,6,16.7,0.05515475390295692,-0.07891560982061951
8120260319030006,小倉競輪,6R,18:06,1-5,1,5,16.6,0.05536547661802916,-0.08093308814071587
1320260319030002,いわき平競輪,2R,21:00,3-7,3,7,34.5,0.026608906953127728,-0.08199271011709341
8420260319030006,武雄競輪,6R,22:30,1-7,1,7,16.7,0.05493721804970436,-0.0825484585699372
6320260319030004,防府競輪,4R,12:05,1-9,1,9,29.3,0.03129441812902928,-0.08307354881944218
8120260319030011,小倉競輪,11R,20:16,4-5,4,5,34.7,0.026377393433849712,-0.08470444784541487
8120260319030011,小倉競輪,11R,20:16,2-3,2,3,18.5,0.049342688613324505,-0.08716026065349669
8720260320020005,熊本競輪,5R,12:42,2-7,2,7,17.2,0.05299047760052522,-0.0885637852709662
6320260319030002,防府競輪,2R,11:10,7-9,7,9,61.5,0.014794105540540795,-0.09016250925674119
1320260319030007,いわき平競輪,7R,22:40,2-5,2,5,18.0,0.050502084112778414,-0.09096248596998857
8720260320020002,熊本競輪,2R,11:23,1-7,1,7,19.2,0.0471923396754048,-0.09390707823222788
8120260319030001,小倉競輪,1R,15:57,2-5,2,5,13.7,0.06613325306865336,-0.09397443295944896
2220260320020002,前橋競輪,2R,16:16,2-4,2,4,23.0,0.0393894674467969,-0.09404224872367128
1320260319030009,いわき平競輪,9R,23:20,2-6,2,6,13.7,0.06588777328329422,-0.09733750601886926
6320260319030006,防府競輪,6R,13:05,6-9,6,9,46.4,0.01936295296614074,-0.10155898237106975
6320260319030002,防府競輪,2R,11:10,1-9,1,9,33.0,0.0272116736785408,-0.10201476860815362
8420260319030002,武雄競輪,2R,21:10,2-5,2,5,14.6,0.06123058475153926,-0.10603346262752689
8420260319030008,武雄競輪,8R,23:10,2-3,2,3,18.7,0.0477989213762117,-0.10616017026484126
2320260319030001,取手競輪,1R,08:50,1-4,1,4,15.7,0.05691646388660819,-0.10641151698025142
1320260319030004,いわき平競輪,4R,21:40,1-3,1,3,19.8,0.045090310346814245,-0.10721185513307796
8420260319030002,武雄競輪,2R,21:10,1-4,1,4,14.6,0.06111064885266046,-0.10778452675115735
2220260320020007,前橋競輪,7R,18:18,3-4,3,4,16.0,0.05571815418337668,-0.10850953306597311
6320260319030010,防府競輪,10R,15:15,2-4,2,4,21.0,0.04238637926114047,-0.10988603551605003
6320260319030012,防府競輪,12R,16:30,1-3,1,3,20.3,0.04368556782081727,-0.11318297323740945
8420260319030004,武雄競輪,4R,21:50,2-4,2,4,9.5,0.09319930487311434,-0.11460660370541376
8120260319030005,小倉競輪,5R,17:42,1-5,1,5,13.1,0.06756925672626089,-0.11484273688598234
6320260319030007,防府競輪,7R,13:35,1-5,1,5,24.7,0.035748589583425305,-0.11700983728939496
6320260319030009,防府競輪,9R,14:40,4-7,4,7,39.5,0.02234802534144071,-0.11725299901309194
1320260319030006,いわき平競輪,6R,22:20,1-7,1,7,10.7,0.08246808734474972,-0.11759146541117804
6320260319030001,防府競輪,1R,10:45,1-8,1,8,22.0,0.04000570503209398,-0.1198744892939324
8420260319030009,武雄競輪,9R,23:30,4-6,4,6,23.8,0.03696382318032744,-0.12026100830820685
2220260320020009,前橋競輪,9R,19:09,1-6,1,6,18.6,0.04728784231635613,-0.12044613291577588
8420260319030007,武雄競輪,7R,22:50,1-2,1,2,7.5,0.11717516304408657,-0.12118627716935071
8420260319030006,武雄競輪,6R,22:30,1-4,1,4,12.5,0.07023809585242793,-0.12202380184465078
2220260320020011,前橋競輪,11R,20:02,1-5,1,5,12.1,0.07245266401846993,-0.12332276537651388
8720260320020005,熊本競輪,5R,12:42,5-7,5,7,34.1,0.025653106909233878,-0.12522905439512477
1320260319030009,いわき平競輪,9R,23:20,1-7,1,7,12.5,0.06984090294491313,-0.12698871318858584
2320260319030005,取手競輪,5R,10:13,2-5,2,5,26.9,0.03242867130145481,-0.12766874199086564
8420260319030007,武雄競輪,7R,22:50,2-5,2,5,15.0,0.058118491604764656,-0.12822262592853018
6320260319030012,防府競輪,12R,16:30,3-7,3,7,51.8,0.016812222408096156,-0.12912687926061917
8120260319030002,小倉競輪,2R,16:22,2-6,2,6,31.0,0.02796407950047088,-0.13311353548540272
2220260320020009,前橋競輪,9R,19:09,3-7,3,7,12.8,0.0675225032513236,-0.13571195838305794
2220260320020012,前橋競輪,12R,20:30,1-4,1,4,14.7,0.0586939905271712,-0.13719833925058345
6320260319030002,防府競輪,2R,11:10,1-2,1,2,20.7,0.0415705567416155,-0.13948947544855916
6320260319030004,防府競輪,4R,12:05,5-8,5,8,37.7,0.022783967812385363,-0.14104441347307173
8720260320020001,熊本競輪,1R,11:00,1-6,1,6,23.9,0.035934882529378695,-0.14115630754784925
8420260319030007,武雄競輪,7R,22:50,2-6,2,6,15.0,0.05722664758089857,-0.14160028628652144
1320260319030007,いわき平競輪,7R,22:40,1-6,1,6,12.0,0.07152435471047863,-0.1417077434742564
2320260319030004,取手競輪,4R,09:52,2-3,2,3,15.2,0.056459942618050256,-0.1418088722056362
2320260319030001,取手競輪,1R,08:50,3-4,3,4,14.6,0.05875140397142285,-0.1422295020172264
2320260319030002,取手競輪,2R,09:10,1-7,1,7,11.4,0.07519119078398669,-0.14282042506255177
1320260319030009,いわき平競輪,9R,23:20,1-6,1,6,11.5,0.07443726780200186,-0.14397142027697862
6320260319030006,防府競輪,6R,13:05,2-8,2,8,35.0,0.024447544862949474,-0.14433592979676846
1320260319030001,いわき平競輪,1R,20:40,2-4,2,4,17.6,0.0483717290684917,-0.14865756839454602
8120260319030005,小倉競輪,5R,17:42,1-2,1,2,8.0,0.10605379063755194,-0.1515696748995845
8420260319030008,武雄競輪,8R,23:10,5-6,5,6,25.0,0.033737325015995884,-0.15656687460010288
6320260319030002,防府競輪,2R,11:10,1-6,1,6,35.1,0.02402763627898813,-0.1566299666075166
6320260319030008,防府競輪,8R,14:05,3-7,3,7,83.1,0.010140521668180386,-0.15732264937421003
2220260320020005,前橋競輪,5R,17:30,3-5,3,5,16.0,0.052451899749728075,-0.1607696040043508
2220260320020011,前橋競輪,11R,20:02,2-7,2,7,17.7,0.04737323961785021,-0.1614936587640513
8420260319030001,武雄競輪,1R,20:50,4-7,4,7,15.2,0.05496321484730492,-0.16455913432096525
2320260319030001,取手競輪,1R,08:50,1-3,1,3,23.7,0.03522802464707629,-0.1650958158642919
8420260319030006,武雄競輪,6R,22:30,1-5,1,5,12.5,0.06667184064904727,-0.16660199188690916
6320260319030008,防府競輪,8R,14:05,3-9,3,9,90.4,0.00921831846454898,-0.1666640108047721
6320260319030009,防府競輪,9R,14:40,1-7,1,7,12.7,0.06560459849173546,-0.16682159915495975
2220260320020003,前橋競輪,3R,16:42,3-7,3,7,22.3,0.037297748394415825,-0.16826021080452702
1320260319030005,いわき平競輪,5R,22:00,4-7,4,7,38.2,0.021736502831443703,-0.16966559183885044
1320260319030005,いわき平競輪,5R,22:00,4-5,4,5,19.1,0.04343058979793969,-0.17047573485935186
2220260320020006,前橋競輪,6R,17:54,2-3,2,3,13.4,0.061804940674799094,-0.1718137949576921
1320260319030007,いわき平競輪,7R,22:40,1-7,1,7,12.0,0.06862303139721303,-0.17652362323344373
6320260319030012,防府競輪,12R,16:30,1-8,1,8,28.4,0.02894142142431402,-0.1780636315494819
8720260320020012,熊本競輪,12R,16:10,2-4,2,4,20.4,0.04021086457040865,-0.17969836276366358
6320260319030011,防府競輪,11R,15:50,1-2,1,2,25.2,0.0324546936097543,-0.18214172103419157
8120260319030001,小倉競輪,1R,15:57,4-5,4,5,13.4,0.06100302075670233,-0.18255952186018876
8720260320020010,熊本競輪,10R,15:00,4-7,4,7,15.1,0.053915905898974416,-0.18586982092548632
8120260319030003,小倉競輪,3R,16:54,1-7,1,7,28.5,0.02853630131018603,-0.18671541265969815
8420260319030001,武雄競輪,1R,20:50,4-6,4,6,26.6,0.030543449174150285,-0.18754425196760238
8720260320020011,熊本競輪,11R,15:35,1-6,1,6,18.4,0.04399373368257643,-0.1905153002405937
2320260319030006,取手競輪,6R,10:34,1-6,1,6,29.9,0.027044290239072274,-0.191375721851739
6320260319030005,防府競輪,5R,12:35,2-9,2,9,56.9,0.014207889325765447,-0.19157109736394606
8120260319030007,小倉競輪,7R,18:30,2-4,2,4,6.9,0.11701925866143574,-0.19256711523609338
6320260319030010,防府競輪,10R,15:15,2-7,2,7,27.2,0.029605969679602204,-0.19471762471482013
8420260319030007,武雄競輪,7R,22:50,5-7,5,7,30.0,0.026825330300842963,-0.19524009097471107
8120260319030009,小倉競輪,9R,19:22,4-6,4,6,97.9,0.008150085863674387,-0.2021065939462775
8420260319030003,武雄競輪,3R,21:30,5-6,5,6,23.2,0.034389348222242655,-0.2021671212439704
8720260320020002,熊本競輪,2R,11:23,1-2,1,2,7.6,0.1047945417099036,-0.20356148300473265
1320260319030005,いわき平競輪,5R,22:00,5-6,5,6,19.1,0.04161181133927455,-0.20521440341985597
8120260319030005,小倉競輪,5R,17:42,5-6,5,6,35.5,0.022382591547985175,-0.20541800004652633
8420260319030008,武雄競輪,8R,23:10,1-7,1,7,12.5,0.0633648147130812,-0.20793981608648504
8420260319030003,武雄競輪,3R,21:30,3-5,3,5,9.3,0.08512217430080571,-0.2083637790025068
2220260320020008,前橋競輪,8R,18:43,2-5,2,5,29.2,0.027061621859762675,-0.20980064169492996
8120260319030002,小倉競輪,2R,16:22,1-5,1,5,68.4,0.011513664794276665,-0.212465328071476
2220260320020005,前橋競輪,5R,17:30,3-7,3,7,19.1,0.04117579501910042,-0.21354231513518196
8120260319030004,小倉競輪,4R,17:18,2-4,2,4,8.2,0.09486538432372409,-0.2221038485454626
6320260319030008,防府競輪,8R,14:05,3-6,3,6,125.1,0.00620736437209805,-0.223458717050534
2220260320020008,前橋競輪,8R,18:43,5-6,5,6,32.1,0.024187952749583942,-0.22356671673835538
2220260320020004,前橋競輪,4R,17:06,1-7,1,7,12.4,0.06252697592426476,-0.224665498539117
1320260319030008,いわき平競輪,8R,23:00,5-6,5,6,21.0,0.03687680186786774,-0.22558716077477747
8120260319030011,小倉競輪,11R,20:16,3-4,3,4,22.6,0.03425976285836603,-0.22572935940092764
6320260319030010,防府競輪,10R,15:15,6-8,6,8,150.6,0.005136451505864566,-0.22645040321679644
1320260319030003,いわき平競輪,3R,21:20,1-2,1,2,13.1,0.059004577798764314,-0.2270400308361875
6320260319030007,防府競輪,7R,13:35,3-9,3,9,22.2,0.03477075490039096,-0.2280892412113208
8420260319030001,武雄競輪,1R,20:50,2-6,2,6,21.3,0.03623705639732281,-0.2281506987370241
8120260319030009,小倉競輪,9R,19:22,1-3,1,3,10.4,0.07407994595953611,-0.22956856202082443
1320260319030009,いわき平競輪,9R,23:20,1-3,1,3,12.5,0.06158782454419966,-0.23015219319750424
8420260319030007,武雄競輪,7R,22:50,3-7,3,7,30.0,0.025645423890926368,-0.230637283272209
8120260319030011,小倉競輪,11R,20:16,2-6,2,6,22.6,0.033962012852626455,-0.23245850953064207
2320260319030002,取手競輪,2R,09:10,1-2,1,2,7.4,0.10368818749834162,-0.232707412512272
1320260319030009,いわき平競輪,9R,23:20,5-7,5,7,21.5,0.03562364252951451,-0.23409168561543803
6320260319030003,防府競輪,3R,11:35,5-6,5,6,69.1,0.011070207574693455,-0.23504865658868235
8720260320020010,熊本競輪,10R,15:00,1-3,1,3,10.4,0.07351151552629047,-0.23548023852657907
6320260319030009,防府競輪,9R,14:40,1-9,1,9,8.7,0.08777826348533965,-0.2363291076775451
8420260319030003,武雄競輪,3R,21:30,2-3,2,3,6.6,0.11569772467814551,-0.2363950171242396
6320260319030002,防府競輪,2R,11:10,1-3,1,3,8.8,0.08670140131724124,-0.23702766840827694
8720260320020008,熊本競輪,8R,14:10,5-7,5,7,8.3,0.0916884664033547,-0.23898572885215597
2220260320020007,前橋競輪,7R,18:18,1-3,1,3,34.3,0.022118887009842672,-0.24132217556239643
2220260320020002,前橋競輪,2R,16:16,3-6,3,6,33.7,0.02240517943862837,-0.2449454529182239
8420260319030006,武雄競輪,6R,22:30,2-7,2,7,16.7,0.04514895662100385,-0.24601242442923577
6320260319030011,防府競輪,11R,15:50,2-5,2,5,13.3,0.05660226914180194,-0.24718982041403414
2220260320020003,前橋競輪,3R,16:42,1-5,1,5,7.3,0.10282293969928524,-0.24939254019521773
6320260319030012,防府競輪,12R,16:30,5-6,5,6,30.3,0.024682294067704297,-0.2521264897485598
8120260319030006,小倉競輪,6R,18:06,6-7,6,7,33.3,0.02241766420520171,-0.2534917819667831
6320260319030004,防府競輪,4R,12:05,1-3,1,3,52.4,0.014230585286175778,-0.25431733100438925
6320260319030009,防府競輪,9R,14:40,6-8,6,8,100.1,0.007438878758382791,-0.2553682362858827
2220260320020007,前橋競輪,7R,18:18,1-4,1,4,8.5,0.08746971160306208,-0.25650745137397235
1320260319030001,いわき平競輪,1R,20:40,3-4,3,4,17.6,0.04220428073590582,-0.25720465904805756
2220260320020002,前橋競輪,2R,16:16,1-6,1,6,12.7,0.05847933830618473,-0.257312403511454
6320260319030006,防府競輪,6R,13:05,1-7,1,7,7.9,0.09346006535848564,-0.2616654836679634
8120260319030008,小倉競輪,8R,18:56,1-3,1,3,25.2,0.029298177661343863,-0.2616859229341346
8120260319030002,小倉競輪,2R,16:22,4-7,4,7,6.1,0.12100739183374665,-0.2618549098141455
6320260319030005,防府競輪,5R,12:35,3-4,3,4,33.9,0.021771126714474946,-0.2619588043792993
8720260320020012,熊本競輪,12R,16:10,1-5,1,5,16.7,0.044096424600498146,-0.263589709171681
6320260319030012,防府競輪,12R,16:30,3-5,3,5,20.0,0.03676240003109449,-0.2647519993781102
8120260319030005,小倉競輪,5R,17:42,3-4,3,4,35.5,0.02069559003885907,-0.26530655362050304
8120260319030006,小倉競輪,6R,18:06,2-7,2,7,16.6,0.044125898428316344,-0.26751008608994864
2220260320020009,前橋競輪,9R,19:09,1-3,1,3,11.1,0.06585493749622862,-0.2690101937918624
2320260319030002,取手競輪,2R,09:10,2-7,2,7,9.9,0.07357334957377523,-0.2716238392196252
2220260320020008,前橋競輪,8R,18:43,1-4,1,4,17.8,0.040914896143553786,-0.2717148486447426
6320260319030003,防府競輪,3R,11:35,7-9,7,9,17.5,0.04158314557591239,-0.27229495242153323
8420260319030008,武雄競輪,8R,23:10,1-5,1,5,12.5,0.05797712420825363,-0.27528594739682966
6320260319030009,防府競輪,9R,14:40,1-8,1,8,24.5,0.02955166773339748,-0.2759841405317618
8420260319030007,武雄競輪,7R,22:50,2-7,2,7,15.0,0.04826007983510651,-0.27609880247340235
6320260319030001,防府競輪,1R,10:45,6-8,6,8,81.5,0.008867859955497562,-0.2772694136269487
2220260320020001,前橋競輪,1R,15:42,1-3,1,3,7.9,0.09137814657939691,-0.2781126420227643
6320260319030004,防府競輪,4R,12:05,2-9,2,9,57.1,0.012625021021679138,-0.2791112996621212
8720260320020011,熊本競輪,11R,15:35,1-3,1,3,9.2,0.07835164487699828,-0.2791648671316159
8420260319030006,武雄競輪,6R,22:30,3-6,3,6,25.1,0.028634840784435806,-0.2812654963106612
8420260319030008,武雄競輪,8R,23:10,3-6,3,6,18.7,0.03840631133708584,-0.28180197799649487
8120260319030004,小倉競輪,4R,17:18,3-4,3,4,7.5,0.095698192895399,-0.2822635532845075
1320260319030003,いわき平競輪,3R,21:20,1-6,1,6,13.1,0.054718661259913134,-0.283185537495138
8120260319030008,小倉競輪,8R,18:56,2-4,2,4,15.7,0.04547363076868462,-0.2860639969316515
8720260320020004,熊本競輪,4R,12:12,1-4,1,4,10.1,0.07065438113931033,-0.2863907504929657
2220260320020007,前橋競輪,7R,18:18,4-5,4,5,6.6,0.10791977953727891,-0.2877294550539592
2220260320020008,前橋競輪,8R,18:43,1-2,1,2,22.9,0.031099039952029738,-0.28783198509851904
1320260319030001,いわき平競輪,1R,20:40,1-6,1,6,10.3,0.06900256970128033,-0.2892735320768126
8120260319030010,小倉競輪,10R,19:48,2-4,2,4,10.5,0.06768230904828915,-0.28933575499296393
8120260319030006,小倉競輪,6R,18:06,2-6,2,6,14.8,0.04782959155937276,-0.29212204492128313
6320260319030003,防府競輪,3R,11:35,1-6,1,6,45.9,0.015405570639599422,-0.2928843076423865
8720260320020008,熊本競輪,8R,14:10,2-4,2,4,12.5,0.05651159996264932,-0.29360500046688354
6320260319030003,防府競輪,3R,11:35,2-3,2,3,21.5,0.032808726726013995,-0.29461237539069907
2320260319030005,取手競輪,5R,10:13,2-3,2,3,13.8,0.05109863220431794,-0.29483887558041233
8120260319030011,小倉競輪,11R,20:16,3-5,3,5,14.4,0.048870811218548825,-0.2962603184528969
1320260319030005,いわき平競輪,5R,22:00,3-5,3,5,19.1,0.03669466949122911,-0.29913181271752387
8120260319030011,小倉競輪,11R,20:16,1-3,1,3,14.8,0.0472894177382079,-0.3001166174745231
6320260319030003,防府競輪,3R,11:35,4-6,4,6,88.9,0.007846534136396136,-0.3024431152743835
8120260319030010,小倉競輪,10R,19:48,4-7,4,7,11.9,0.05845406216033704,-0.3043966602919892
6320260319030002,防府競輪,2R,11:10,5-8,5,8,36.6,0.018997245703198974,-0.3047008072629175
2220260320020012,前橋競輪,12R,20:30,3-7,3,7,28.8,0.024132680897638082,-0.3049787901480232
8120260319030005,小倉競輪,5R,17:42,5-7,5,7,17.7,0.03923919434316485,-0.3054662601259822
8720260320020011,熊本競輪,11R,15:35,1-4,1,4,12.3,0.05629145268232086,-0.3076151320074534
2320260319030001,取手競輪,1R,08:50,1-2,1,2,7.7,0.08927442508697343,-0.31258692683030453
2220260320020005,前橋競輪,5R,17:30,5-6,5,6,20.0,0.03436817720409813,-0.31263645591803746
2220260320020009,前橋競輪,9R,19:09,2-3,2,3,12.4,0.0554322392764557,-0.3126402329719493
8720260320020001,熊本競輪,1R,11:00,4-5,4,5,7.3,0.09383804386064319,-0.31498227981730476
8120260319030007,小倉競輪,7R,18:30,3-6,3,6,46.5,0.014703741786811778,-0.3162760069132523
8420260319030003,武雄競輪,3R,21:30,1-4,1,4,15.5,0.044049901133409536,-0.31722653243215215
8720260320020003,熊本競輪,3R,11:47,1-4,1,4,11.1,0.061462762888625316,-0.31776333193625905
6320260319030011,防府競輪,11R,15:50,1-3,1,3,12.3,0.05535990530756725,-0.3190731647169228
8420260319030004,武雄競輪,4R,21:50,3-6,3,6,28.5,0.023884654701988604,-0.3192873409933248
6320260319030002,防府競輪,2R,11:10,3-6,3,6,24.5,0.027781182831178523,-0.31936102063612615
2220260320020004,前橋競輪,4R,17:06,2-3,2,3,9.5,0.07156458464526147,-0.320136445870016
6320260319030010,防府競輪,10R,15:15,2-9,2,9,9.3,0.07306258602880211,-0.32051794993214033
6320260319030009,防府競輪,9R,14:40,2-3,2,3,27.5,0.024705170892316088,-0.32060780046130755
8420260319030002,武雄競輪,2R,21:10,2-7,2,7,14.6,0.046308252395849236,-0.3238995150206012
6320260319030006,防府競輪,6R,13:05,2-4,2,4,24.5,0.02755846030793052,-0.3248177224557023
8120260319030005,小倉競輪,5R,17:42,3-5,3,5,20.7,0.032420545541108,-0.32889470729906445
2220260320020008,前橋競輪,8R,18:43,3-5,3,5,20.1,0.03334341820019428,-0.32979729417609494
8120260319030005,小倉競輪,5R,17:42,1-3,1,3,8.8,0.07562568006233107,-0.3344940154514865
2320260319030004,取手競輪,4R,09:52,2-4,2,4,5.7,0.11663773871570723,-0.33516488932046873
2220260320020008,前橋競輪,8R,18:43,1-5,1,5,29.2,0.022640263913061454,-0.33890429373860553
8720260320020001,熊本競輪,1R,11:00,3-4,3,4,11.3,0.05846475268837694,-0.33934829462134053
1320260319030003,いわき平競輪,3R,21:20,3-4,3,4,13.1,0.0502619320579091,-0.3415686900413908
2220260320020009,前橋競輪,9R,19:09,1-2,1,2,17.1,0.038371776001505854,-0.3438426303742499
6320260319030010,防府競輪,10R,15:15,4-5,4,5,15.7,0.0416990661234942,-0.3453246618611411
1320260319030009,いわき平競輪,9R,23:20,3-4,3,4,50.2,0.013040885004254037,-0.34534757278644734
2320260319030001,取手競輪,1R,08:50,2-3,2,3,7.2,0.09074386526307707,-0.34664417010584514
6320260319030007,防府競輪,7R,13:35,3-6,3,6,44.2,0.01477642868398503,-0.3468818521678616
8120260319030002,小倉競輪,2R,16:22,6-7,6,7,8.2,0.07946621044953218,-0.34837707431383613
6320260319030004,防府競輪,4R,12:05,2-7,2,7,26.4,0.024679191675182333,-0.34846933977518646
6320260319030003,防府競輪,3R,11:35,1-9,1,9,7.4,0.08799938082922296,-0.3488045818637501
8120260319030005,小倉競輪,5R,17:42,2-7,2,7,9.2,0.07059561296065497,-0.35052036076197424
1320260319030005,いわき平競輪,5R,22:00,3-7,3,7,38.2,0.01697854372398,-0.351419629743964
2220260320020008,前橋競輪,8R,18:43,1-7,1,7,9.4,0.068997204163462,-0.3514262808634572
8420260319030003,武雄競輪,3R,21:30,2-6,2,6,15.5,0.04181899415359762,-0.3518055906192369
6320260319030001,防府競輪,1R,10:45,2-4,2,4,20.0,0.032397841185398873,-0.35204317629202253
8420260319030002,武雄競輪,2R,21:10,3-5,3,5,29.2,0.02217792965692498,-0.35240445401779064
6320260319030005,防府競輪,5R,12:35,2-3,2,3,44.1,0.014651549298559066,-0.35386667593354515
2220260320020011,前橋競輪,11R,20:02,3-4,3,4,24.2,0.026670805309926705,-0.3545665114997738
8120260319030006,小倉競輪,6R,18:06,3-7,3,7,19.0,0.03394394368097314,-0.35506507006151034
1320260319030006,いわき平競輪,6R,22:20,2-3,2,3,10.7,0.05997775831779906,-0.35823798599955015
8420260319030006,武雄競輪,6R,22:30,6-7,6,7,16.7,0.038402588761748326,-0.35867676767880297
8420260319030004,武雄競輪,4R,21:50,1-3,1,3,9.5,0.06728525966399251,-0.36079003319207115
1320260319030003,いわき平競輪,3R,21:20,2-3,2,3,13.1,0.04877973827276328,-0.36098542862680105
6320260319030008,防府競輪,8R,14:05,6-7,6,7,49.1,0.012983472574251441,-0.3625114966042542
2220260320020006,前橋競輪,6R,17:54,1-4,1,4,10.0,0.06361306517435981,-0.3638693482564018
2320260319030006,取手競輪,6R,10:34,2-3,2,3,10.0,0.06354509336304873,-0.3645490663695128
6320260319030001,防府競輪,1R,10:45,8-9,8,9,33.2,0.01908605909649135,-0.36634283799648715
8120260319030005,小倉競輪,5R,17:42,2-4,2,4,19.1,0.032998458982901005,-0.3697294334265907
2220260320020010,前橋競輪,10R,19:35,1-7,1,7,5.7,0.11035210868270828,-0.3709929805085628
8120260319030005,小倉競輪,5R,17:42,4-6,4,6,49.8,0.012620671827920775,-0.3714905429695454
1320260319030003,いわき平競輪,3R,21:20,2-7,2,7,26.2,0.023964532257295147,-0.37212925485886716
8720260320020003,熊本競輪,3R,11:47,4-7,4,7,7.6,0.08219787755186606,-0.375296130605818
8420260319030008,武雄競輪,8R,23:10,5-7,5,7,25.0,0.024928102731745595,-0.37679743170636015
8420260319030001,武雄競輪,1R,20:50,3-6,3,6,35.5,0.01754240723294284,-0.37724454323052914
2220260320020009,前橋競輪,9R,19:09,4-5,4,5,14.6,0.04260807139262013,-0.3779221576677462
6320260319030002,防府競輪,2R,11:10,2-5,2,5,17.8,0.03494492750398275,-0.37798029042910697
2320260319030005,取手競輪,5R,10:13,2-4,2,4,11.4,0.05447822194737742,-0.3789482697998974
8420260319030002,武雄競輪,2R,21:10,2-3,2,3,7.3,0.08473256837647644,-0.38145225085172196
8420260319030003,武雄競輪,3R,21:30,3-4,3,4,9.3,0.06641336718056856,-0.3823556852207123
2220260320020010,前橋競輪,10R,19:35,5-7,5,7,11.4,0.054115470607401656,-0.38308363507562115
8420260319030005,武雄競輪,5R,22:10,3-4,3,4,22.2,0.027683104626374504,-0.385435077294486
2320260319030003,取手競輪,3R,09:31,4-7,4,7,9.3,0.06604080075482033,-0.3858205529801709
8420260319030004,武雄競輪,4R,21:50,3-5,3,5,28.5,0.021538343826186284,-0.3861572009536909
6320260319030001,防府競輪,1R,10:45,4-8,4,8,38.5,0.01588722972423458,-0.38834165561696865
2220260320020005,前橋競輪,5R,17:30,2-5,2,5,9.6,0.06364508880781175,-0.3890071474450072
2220260320020003,前橋競輪,3R,16:42,2-6,2,6,14.6,0.041847510474623324,-0.38902634707049943
6320260319030011,防府競輪,11R,15:50,1-7,1,7,27.0,0.02256954015166675,-0.3906224159049977
6320260319030004,防府競輪,4R,12:05,2-8,2,8,112.6,0.005401403920626435,-0.3918019185374634
1320260319030004,いわき平競輪,4R,21:40,2-5,2,5,5.6,0.10835006968549303,-0.39323960976123906
2220260320020007,前橋競輪,7R,18:18,1-5,1,5,10.4,0.0583275201326148,-0.39339379062080604
8720260320020004,熊本競輪,4R,12:12,4-5,4,5,6.6,0.09157158005181626,-0.39562757165801277
1320260319030009,いわき平競輪,9R,23:20,2-3,2,3,11.5,0.052490986403618184,-0.3963536563583909
6320260319030004,防府競輪,4R,12:05,5-6,5,6,16.1,0.03747848752185697,-0.39659635089810275
2320260319030004,取手競輪,4R,09:52,2-7,2,7,5.2,0.1158940858299549,-0.39735075368423445
6320260319030003,防府競輪,3R,11:35,2-9,2,9,8.5,0.07080759082750018,-0.3981354779662485
1320260319030007,いわき平競輪,7R,22:40,1-4,1,4,9.0,0.06647470471493866,-0.40172765756555207
8420260319030002,武雄競輪,2R,21:10,3-6,3,6,14.6,0.04093723025824314,-0.40231643822965013
2220260320020003,前橋競輪,3R,16:42,1-3,1,3,8.5,0.07018354304135535,-0.40343988414847953
1320260319030009,いわき平競輪,9R,23:20,2-4,2,4,13.7,0.043444395498228316,-0.4048117816742721
2220260320020007,前橋競輪,7R,18:18,3-7,3,7,40.1,0.014831408497561678,-0.40526051924777673
8720260320020009,熊本競輪,9R,14:33,3-7,3,7,9.0,0.06604324597301417,-0.4056107862428725
6320260319030009,防府競輪,9R,14:40,3-6,3,6,41.1,0.014439776731533384,-0.4065251763339779
1320260319030006,いわき平競輪,6R,22:20,3-4,3,4,16.1,0.036841542795955855,-0.40685116098511065
8720260320020011,熊本競輪,11R,15:35,3-4,3,4,16.4,0.0360629755333354,-0.4085672012532995
1320260319030003,いわき平競輪,3R,21:20,3-6,3,6,13.1,0.045117466544886985,-0.40896118826198047
6320260319030005,防府競輪,5R,12:35,2-7,2,7,20.0,0.02954734654285822,-0.40905306914283557
6320260319030004,防府競輪,4R,12:05,4-7,4,7,9.0,0.06562168530792273,-0.4094048322286954
8420260319030001,武雄競輪,1R,20:50,2-4,2,4,7.1,0.08294766279300753,-0.41107159416964656
8120260319030007,小倉競輪,7R,18:30,2-5,2,5,8.7,0.06758871664515165,-0.41197816518718067
2220260320020011,前橋競輪,11R,20:02,3-5,3,5,28.7,0.020473667654086463,-0.41240573832771854
2220260320020009,前橋競輪,9R,19:09,1-5,1,5,15.2,0.03849100822103314,-0.4149366750402963
8120260319030003,小倉競輪,3R,16:54,4-5,4,5,6.0,0.09716824148207368,-0.416990551107558
6320260319030002,防府競輪,2R,11:10,6-9,6,9,63.8,0.009134419549360383,-0.41722403275080755
8420260319030004,武雄競輪,4R,21:50,4-6,4,6,14.2,0.040877822632057,-0.41953491862479064
8120260319030006,小倉競輪,6R,18:06,5-7,5,7,44.5,0.012996720984674404,-0.421645916181989
6320260319030010,防府競輪,10R,15:15,2-8,2,8,26.6,0.021697339107482654,-0.4228507797409614
2220260320020001,前橋競輪,1R,15:42,1-7,1,7,15.4,0.0374650996822955,-0.42303746489264926
8720260320020005,熊本競輪,5R,12:42,4-7,4,7,9.6,0.05990132035162091,-0.4249473246244393
8420260319030001,武雄競輪,1R,20:50,1-5,1,5,11.8,0.04872028401536928,-0.4251006486186425
6320260319030003,防府競輪,3R,11:35,1-2,1,2,11.6,0.049523265450143114,-0.42553012077833985
8120260319030005,小倉競輪,5R,17:42,4-7,4,7,22.6,0.025318326879551788,-0.42780581252212957
8420260319030002,武雄競輪,2R,21:10,6-7,6,7,29.2,0.019396508543445348,-0.43362195053139585
8120260319030005,小倉競輪,5R,17:42,2-5,2,5,11.3,0.04999328439779111,-0.4350758863049604
6320260319030011,防府競輪,11R,15:50,2-3,2,3,8.8,0.06408846740862068,-0.436021486804138
8120260319030003,小倉競輪,3R,16:54,3-4,3,4,7.9,0.07129969125977392,-0.436732439047786
6320260319030002,防府競輪,2R,11:10,7-8,7,8,41.8,0.01346014567498718,-0.4373659107855359
8420260319030002,武雄競輪,2R,21:10,1-7,1,7,14.6,0.03852377816904681,-0.4375528387319165
2220260320020011,前橋競輪,11R,20:02,1-2,1,2,5.3,0.10601820501162415,-0.43810351343839204
2320260319030006,取手競輪,6R,10:34,1-2,1,2,6.5,0.08640731773893055,-0.4383524346969514
6320260319030004,防府競輪,4R,12:05,5-7,5,7,6.0,0.0935964454102996,-0.4384213275382024
6320260319030009,防府競輪,9R,14:40,7-9,7,9,9.3,0.0603242198354655,-0.4389847555301708
6320260319030003,防府競輪,3R,11:35,2-7,2,7,24.0,0.023243174103714462,-0.4421638215108529
8120260319030006,小倉競輪,6R,18:06,2-5,2,5,14.8,0.037662780651170825,-0.44259084636267176
6320260319030006,防府競輪,6R,13:05,3-8,3,8,79.8,0.006974060609198145,-0.4434699633859881
6320260319030006,防府競輪,6R,13:05,1-6,1,6,16.3,0.03410564807820829,-0.44407793632520487
8420260319030007,武雄競輪,7R,22:50,4-6,4,6,30.0,0.0185110532410728,-0.44466840276781605
2220260320020011,前橋競輪,11R,20:02,1-6,1,6,6.3,0.08790167287360012,-0.44621946089631925
8120260319030006,小倉競輪,6R,18:06,1-3,1,3,7.0,0.07909540984565987,-0.44633213108038094
6320260319030007,防府競輪,7R,13:35,2-3,2,3,18.5,0.02991385274455299,-0.4465937242257697
1320260319030007,いわき平競輪,7R,22:40,1-3,1,3,6.0,0.09190102125623079,-0.4485938724626153
1320260319030001,いわき平競輪,1R,20:40,2-3,2,3,10.3,0.052978972964071974,-0.4543165784700586
8120260319030008,小倉競輪,8R,18:56,3-4,3,4,31.5,0.01726889345228236,-0.45602985625310566
2220260320020010,前橋競輪,10R,19:35,4-7,4,7,6.8,0.07981582406122625,-0.45725239638366144
1320260319030005,いわき平競輪,5R,22:00,2-4,2,4,9.5,0.05708028305965235,-0.4577373109333027
6320260319030009,防府競輪,9R,14:40,8-9,8,9,19.6,0.027661026553917497,-0.45784387954321704
8120260319030011,小倉競輪,11R,20:16,1-7,1,7,7.0,0.07727771791257192,-0.45905597461199654
6320260319030003,防府競輪,3R,11:35,3-6,3,6,47.9,0.011133717163287314,-0.4666949478785377
2220260320020011,前橋競輪,11R,20:02,1-3,1,3,7.8,0.06819768532978503,-0.4680580544276768
1320260319030006,いわき平競輪,6R,22:20,1-5,1,5,8.0,0.0663073265622212,-0.4695413875022304
6320260319030011,防府競輪,11R,15:50,3-9,3,9,14.1,0.037494424900263425,-0.4713286089062857
1320260319030004,いわき平競輪,4R,21:40,1-6,1,6,13.2,0.03992122230467586,-0.4730398655782787
2220260320020009,前橋競輪,9R,19:09,1-4,1,4,10.5,0.05018519020245617,-0.4730555028742103
8720260320020008,熊本競輪,8R,14:10,1-7,1,7,11.2,0.04698716775543535,-0.4737437211391241
8120260319030002,小倉競輪,2R,16:22,2-5,2,5,25.9,0.020316862336243337,-0.47379326549129763
1320260319030003,いわき平競輪,3R,21:20,3-5,3,5,8.7,0.06036209386715059,-0.47484978335578987
8120260319030007,小倉競輪,7R,18:30,3-5,3,5,34.8,0.015080663192961346,-0.47519292088494525
8120260319030005,小倉競輪,5R,17:42,1-7,1,7,5.9,0.08890282363418131,-0.47547334055833024
6320260319030010,防府競輪,10R,15:15,4-7,4,7,19.3,0.027052324535123358,-0.4778901364721192
1320260319030004,いわき平競輪,4R,21:40,1-7,1,7,13.2,0.039531345032502906,-0.4781862455709617
6320260319030004,防府競輪,4R,12:05,3-9,3,9,36.9,0.014088077424829218,-0.4801499430238019
8420260319030008,武雄競輪,8R,23:10,2-5,2,5,12.5,0.04134288847135001,-0.4832138941081249
6320260319030008,防府競輪,8R,14:05,3-5,3,5,24.1,0.021377457145618957,-0.48480328279058316
6320260319030006,防府競輪,6R,13:05,5-8,5,8,37.5,0.013718245093470567,-0.4855658089948538
6320260319030009,防府競輪,9R,14:40,3-7,3,7,12.4,0.041484627546031785,-0.4855906184292058
6320260319030010,防府競輪,10R,15:15,5-8,5,8,24.1,0.02124111808111973,-0.4880890542450145
8420260319030001,武雄競輪,1R,20:50,1-6,1,6,13.3,0.03846020244080087,-0.4884793075373485
8420260319030009,武雄競輪,9R,23:30,1-2,1,2,13.0,0.03912647480279708,-0.49135582756363794
2220260320020001,前橋競輪,1R,15:42,1-6,1,6,7.2,0.07058470487571267,-0.49179012489486873
6320260319030007,防府競輪,7R,13:35,3-7,3,7,8.5,0.05967189878619593,-0.4927888603173346
8420260319030008,武雄競輪,8R,23:10,3-7,3,7,18.7,0.027114538949579575,-0.492958121642862
2220260320020008,前橋競輪,8R,18:43,2-4,2,4,10.7,0.04729173450623274,-0.49397844078330977
1320260319030004,いわき平競輪,4R,21:40,2-4,2,4,4.9,0.1031123629163273,-0.49474942170999614
6320260319030012,防府競輪,12R,16:30,2-4,2,4,22.0,0.022946880823078247,-0.4951686218922786
2220260320020002,前橋競輪,2R,16:16,5-6,5,6,7.0,0.07209263807630047,-0.4953515334658968
8420260319030004,武雄競輪,4R,21:50,2-6,2,6,7.1,0.07081824641925341,-0.4971904504233008
2220260320020001,前橋競輪,1R,15:42,3-4,3,4,9.2,0.054621222587592354,-0.49748475219415034
2220260320020009,前橋競輪,9R,19:09,4-7,4,7,10.2,0.04909444673143981,-0.49923664333931395
2220260320020003,前橋競輪,3R,16:42,2-4,2,4,26.2,0.019081393683518674,-0.5000674854918108
8420260319030004,武雄競輪,4R,21:50,2-3,2,3,9.5,0.052511348285903606,-0.5011421912839158
8720260320020005,熊本競輪,5R,12:42,2-4,2,4,8.4,0.059299729434424464,-0.5018822727508345
8120260319030007,小倉競輪,7R,18:30,6-7,6,7,19.9,0.025018702913112145,-0.5021278120290684
6320260319030011,防府競輪,11R,15:50,2-6,2,6,21.6,0.023016432364661707,-0.502845060923307
1320260319030009,いわき平競輪,9R,23:20,3-6,3,6,18.8,0.02642966708680737,-0.5031222587680214
6320260319030005,防府競輪,5R,12:35,2-6,2,6,55.0,0.009026931568193822,-0.5035187637493398
8420260319030004,武雄競輪,4R,21:50,2-5,2,5,7.1,0.06964435266505435,-0.5055250960781141
8120260319030003,小倉競輪,3R,16:54,2-3,2,3,14.6,0.03382474540643456,-0.5061587170660554
8420260319030009,武雄競輪,9R,23:30,2-7,2,7,28.6,0.017238121744092106,-0.5069897181189658
6320260319030006,防府競輪,6R,13:05,4-8,4,8,42.4,0.011602828901657272,-0.5080400545697317
8420260319030003,武雄競輪,3R,21:30,5-7,5,7,46.5,0.010561049649738904,-0.5089111912871409
6320260319030012,防府競輪,12R,16:30,1-2,1,2,7.5,0.06547269258606249,-0.5089548056045313
8420260319030006,武雄競輪,6R,22:30,2-4,2,4,8.3,0.05906994901919322,-0.5097194231406963
6320260319030005,防府競輪,5R,12:35,3-9,3,9,22.5,0.021646636800896964,-0.5129506719798183
8720260320020012,熊本競輪,12R,16:10,1-7,1,7,12.0,0.04051655191880164,-0.5138013769743803
6320260319030003,防府競輪,3R,11:35,4-9,4,9,9.7,0.049995104892933795,-0.5150474825385423
1320260319030007,いわき平競輪,7R,22:40,3-4,3,4,18.0,0.02694064492698698,-0.5150683913142344
6320260319030004,防府競輪,4R,12:05,2-3,2,3,81.1,0.005972860607222359,-0.5156010047542667
2320260319030002,取手競輪,2R,09:10,4-5,4,5,21.7,0.022317572038342073,-0.515708686767977
8120260319030007,小倉競輪,7R,18:30,4-7,4,7,8.7,0.05564699257490052,-0.5158711645983656
1320260319030009,いわき平競輪,9R,23:20,3-5,3,5,18.8,0.025710435920331596,-0.5166438046977659
2220260320020006,前橋競輪,6R,17:54,1-3,1,3,6.2,0.07795764612376083,-0.5166625940326829
8420260319030008,武雄競輪,8R,23:10,1-2,1,2,5.3,0.09097587688396017,-0.5178278525150111
2220260320020009,前橋競輪,9R,19:09,2-4,2,4,11.7,0.04113701184866703,-0.5186969613705958
2220260320020009,前橋競輪,9R,19:09,2-6,2,6,14.1,0.03398762615847847,-0.5207744711654536
2320260319030003,取手競輪,3R,09:31,4-5,4,5,4.7,0.1018003776835075,-0.5215382248875147
6320260319030003,防府競輪,3R,11:35,6-8,6,8,114.2,0.0041709419098123045,-0.5236784338994348
6320260319030006,防府競輪,6R,13:05,3-7,3,7,24.8,0.019142447177451265,-0.5252673099992087
6320260319030012,防府競輪,12R,16:30,2-5,2,5,8.8,0.05391225803274309,-0.5255721293118607
2220260320020004,前橋競輪,4R,17:06,2-7,2,7,7.2,0.06583586388595901,-0.5259817800210951
1320260319030008,いわき平競輪,8R,23:00,1-4,1,4,7.3,0.0648941258514463,-0.526272881284442
2220260320020002,前橋競輪,2R,16:16,3-5,3,5,8.2,0.057729074712833256,-0.5266215873547673
2220260320020010,前橋競輪,10R,19:35,4-6,4,6,14.0,0.03376513900253052,-0.5272880539645728
1320260319030001,いわき平競輪,1R,20:40,1-2,1,2,5.6,0.0843866693770305,-0.5274346514886292
8420260319030004,武雄競輪,4R,21:50,3-4,3,4,14.2,0.03323777939341893,-0.5280235326134513
1320260319030008,いわき平競輪,8R,23:00,2-4,2,4,8.4,0.05615960825470921,-0.5282592906604426
6320260319030006,防府競輪,6R,13:05,7-8,7,8,15.8,0.029790229857169448,-0.5293143682567227
6320260319030008,防府競輪,8R,14:05,7-9,7,9,28.8,0.016339336618352532,-0.529427105391447
2320260319030005,取手競輪,5R,10:13,1-5,1,5,12.6,0.03724058179627225,-0.5307686693669696
2220260320020008,前橋競輪,8R,18:43,3-4,3,4,8.4,0.05576096956416509,-0.5316078556610132
8420260319030008,武雄競輪,8R,23:10,2-7,2,7,10.7,0.04375434489019537,-0.5318285096749096
8720260320020010,熊本競輪,10R,15:00,3-7,3,7,6.7,0.06971355287816582,-0.5329191957162891
8120260319030011,小倉競輪,11R,20:16,2-7,2,7,5.8,0.08035318294876839,-0.5339515388971434
1320260319030009,いわき平競輪,9R,23:20,4-5,4,5,21.5,0.02165712606924035,-0.5343717895113325
2220260320020006,前橋競輪,6R,17:54,3-4,3,4,5.4,0.08594822368848498,-0.535879592082181
8420260319030007,武雄競輪,7R,22:50,1-3,1,3,6.0,0.07704357492063295,-0.5377385504762023
8720260320020008,熊本競輪,8R,14:10,4-5,4,5,4.9,0.09428957640513363,-0.5379810756148451
1320260319030002,いわき平競輪,2R,21:00,4-5,4,5,17.2,0.026730060071619554,-0.5402429667681437
2320260319030007,取手競輪,7R,10:55,1-5,1,5,5.7,0.0801882088625295,-0.5429272094835818
6320260319030012,防府競輪,12R,16:30,5-8,5,8,19.5,0.023357996144193698,-0.544519075188223
6320260319030007,防府競輪,7R,13:35,2-9,2,9,14.0,0.03248154633338664,-0.545258351332587
1320260319030008,いわき平競輪,8R,23:00,2-6,2,6,8.8,0.05164123405690095,-0.5455571402992716
8120260319030011,小倉競輪,11R,20:16,2-4,2,4,17.3,0.02607784370295605,-0.5488533039388603
8720260320020006,熊本競輪,6R,13:12,2-7,2,7,7.7,0.058530538360256165,-0.5493148546260276
1320260319030006,いわき平競輪,6R,22:20,1-2,1,2,5.3,0.08502380713977786,-0.5493738221591773
8720260320020008,熊本競輪,8R,14:10,4-7,4,7,7.3,0.06137735249647463,-0.5519453267757353
1320260319030002,いわき平競輪,2R,21:00,2-6,2,6,6.9,0.06472470699220412,-0.5533995217537916
2320260319030005,取手競輪,5R,10:13,2-7,2,7,12.3,0.03630133418648318,-0.5534935895062569
1320260319030002,いわき平競輪,2R,21:00,3-6,3,6,17.2,0.02592236197194617,-0.5541353740825259
6320260319030011,防府競輪,11R,15:50,3-5,3,5,4.6,0.09617044439867464,-0.5576159557660967
8420260319030008,武雄競輪,8R,23:10,1-6,1,6,5.7,0.07722901848998576,-0.5597945946070813
8120260319030011,小倉競輪,11R,20:16,1-2,1,2,11.8,0.03729087618949718,-0.5599676609639332
8420260319030002,武雄競輪,2R,21:10,3-4,3,4,14.6,0.02993468607166149,-0.5629535833537422
6320260319030002,防府競輪,2R,11:10,2-8,2,8,32.4,0.013479935477440624,-0.5632500905309238
6320260319030010,防府競輪,10R,15:15,2-6,2,6,36.0,0.012087877731348153,-0.5648364016714665
8720260320020001,熊本競輪,1R,11:00,2-5,2,5,4.3,0.10095136211466899,-0.5659091429069234
6320260319030010,防府競輪,10R,15:15,5-7,5,7,14.9,0.02904764516329625,-0.5671900870668859
8120260319030008,小倉競輪,8R,18:56,1-5,1,5,3.5,0.1229017876778426,-0.5698437431275509
1320260319030009,いわき平競輪,9R,23:20,5-6,5,6,11.5,0.03738937892002515,-0.5700221424197108
8420260319030009,武雄競輪,9R,23:30,2-4,2,4,14.3,0.029837662516684318,-0.5733214260114142
1320260319030004,いわき平競輪,4R,21:40,2-3,2,3,7.9,0.05397795983236856,-0.5735741173242883
6320260319030010,防府競輪,10R,15:15,1-5,1,5,18.6,0.022909569384207323,-0.5738820094537438
6320260319030006,防府競輪,6R,13:05,7-9,7,9,10.8,0.03938769649042199,-0.5746128779034425
2220260320020010,前橋競輪,10R,19:35,1-5,1,5,9.0,0.04718565475726579,-0.5753291071846078
6320260319030009,防府競輪,9R,14:40,2-8,2,8,33.6,0.012565103855920107,-0.5778125104410844
8420260319030006,武雄競輪,6R,22:30,2-3,2,3,12.5,0.0337582745026315,-0.5780215687171063
8420260319030003,武雄競輪,3R,21:30,2-4,2,4,9.3,0.045349208182624834,-0.5782523639015891
1320260319030005,いわき平競輪,5R,22:00,1-2,1,2,4.2,0.10022407042374232,-0.5790589042202823
8120260319030008,小倉競輪,8R,18:56,2-7,2,7,42.0,0.010010751916765401,-0.5795484194958531
8420260319030001,武雄競輪,1R,20:50,1-2,1,2,4.2,0.10009495121562784,-0.5796012048943631
6320260319030010,防府競輪,10R,15:15,5-9,5,9,5.8,0.0724714553719106,-0.5796655588429185
6320260319030004,防府競輪,4R,12:05,1-7,1,7,7.2,0.05825915023876829,-0.5805341182808683
6320260319030007,防府競輪,7R,13:35,3-5,3,5,12.7,0.033012158265262104,-0.5807455900311713
1320260319030008,いわき平競輪,8R,23:00,4-6,4,6,9.8,0.04274416190047618,-0.5811072133753334
1320260319030003,いわき平競輪,3R,21:20,2-4,2,4,8.7,0.048069889109129085,-0.5817919647505769
6320260319030001,防府競輪,1R,10:45,7-8,7,8,23.3,0.01789655546803413,-0.5830102575948047
1320260319030004,いわき平競輪,4R,21:40,5-6,5,6,39.7,0.010490203042355121,-0.5835389392185016
1320260319030007,いわき平競輪,7R,22:40,3-5,3,5,12.0,0.034685839104116156,-0.5837699307506061
8420260319030003,武雄競輪,3R,21:30,4-6,4,6,23.2,0.01794074671256306,-0.583774676268537
1320260319030009,いわき平競輪,9R,23:20,6-7,6,7,11.5,0.03584448460039087,-0.5877884270955049
6320260319030008,防府競輪,8R,14:05,6-9,6,9,36.0,0.011388557777929364,-0.5900119199945428
6320260319030001,防府競輪,1R,10:45,2-8,2,8,13.3,0.030781593741015766,-0.5906048032444903
8420260319030001,武雄競輪,1R,20:50,1-4,1,4,4.6,0.08891318634030942,-0.5909993428345767
8120260319030009,小倉競輪,9R,19:22,2-3,2,3,4.6,0.08826798446110115,-0.5939672714789348
2320260319030003,取手競輪,3R,09:31,2-7,2,7,14.2,0.028551200275307442,-0.5945729560906343
2220260320020008,前橋競輪,8R,18:43,1-3,1,3,10.3,0.03935084907153219,-0.5946862545632183
8120260319030011,小倉競輪,11R,20:16,1-4,1,4,16.2,0.02487263830451328,-0.5970632594668849
6320260319030008,防府競輪,8R,14:05,1-7,1,7,9.2,0.04369599183863458,-0.5979968750845619
2320260319030004,取手競輪,4R,09:52,2-5,2,5,3.9,0.10302152797729208,-0.5982160408885608
2320260319030007,取手競輪,7R,10:55,1-2,1,2,6.5,0.06165158782723111,-0.5992646791229979
1320260319030003,いわき平競輪,3R,21:20,1-4,1,4,6.5,0.061505773378244526,-0.6002124730414106
8720260320020003,熊本競輪,3R,11:47,1-7,1,7,3.9,0.10234037601027371,-0.6008725335599325
8120260319030008,小倉競輪,8R,18:56,1-7,1,7,42.0,0.00949605284724591,-0.6011657804156718
1320260319030002,いわき平競輪,2R,21:00,2-4,2,4,6.9,0.05746405399460061,-0.6034980274372558
1320260319030006,いわき平競輪,6R,22:20,3-6,3,6,8.0,0.04948433847679905,-0.6041252921856076
6320260319030002,防府競輪,2R,11:10,4-6,4,6,32.4,0.01218298151626946,-0.6052713988728695
6320260319030011,防府競輪,11R,15:50,2-7,2,7,14.9,0.026398185367304136,-0.6066670380271684
1320260319030005,いわき平競輪,5R,22:00,1-4,1,4,5.4,0.07242932402647802,-0.6088816502570187
2220260320020001,前橋競輪,1R,15:42,2-3,2,3,6.4,0.060909597236590986,-0.6101785776858177
1320260319030007,いわき平競輪,7R,22:40,2-4,2,4,9.0,0.04322695520694636,-0.6109574031374827
2220260320020004,前橋競輪,4R,17:06,1-3,1,3,5.7,0.06798338629842884,-0.6124946980989556
8420260319030006,武雄競輪,6R,22:30,3-7,3,7,16.7,0.023078985919962873,-0.61458093513662
8420260319030009,武雄競輪,9R,23:30,2-3,2,3,23.8,0.016162314921758455,-0.6153369048621488
8420260319030005,武雄競輪,5R,22:10,2-4,2,4,6.8,0.056554966047813224,-0.6154262308748701
1320260319030009,いわき平競輪,9R,23:20,3-7,3,7,15.0,0.02550220595028489,-0.6174669107457267
8120260319030011,小倉競輪,11R,20:16,4-6,4,6,17.3,0.022101229863102822,-0.6176487233683212
6320260319030007,防府競輪,7R,13:35,1-7,1,7,5.6,0.06768087210631923,-0.6209871162046123
2220260320020007,前橋競輪,7R,18:18,2-4,2,4,2.8,0.13459569517411857,-0.623132053512468
1320260319030005,いわき平競輪,5R,22:00,1-7,1,7,7.6,0.04937340091659456,-0.6247621530338814
6320260319030004,防府競輪,4R,12:05,2-5,2,5,17.6,0.02128134998917594,-0.6254482401905035
8420260319030001,武雄競輪,1R,20:50,3-5,3,5,17.7,0.02109759687877836,-0.6265725352456231
1320260319030003,いわき平競輪,3R,21:20,3-7,3,7,13.1,0.028430157604449703,-0.6275649353817089
6320260319030006,防府競輪,6R,13:05,8-9,8,9,29.0,0.012819073150401903,-0.6282468786383448
2320260319030002,取手競輪,2R,09:10,1-4,1,4,7.5,0.04936126123137964,-0.6297905407646527
8120260319030008,小倉競輪,8R,18:56,4-7,4,7,63.0,0.005873186094696498,-0.6299892760341206
6320260319030003,防府競輪,3R,11:35,6-9,6,9,15.8,0.023406356874458356,-0.6301795613835579
8420260319030002,武雄競輪,2R,21:10,4-7,4,7,29.2,0.01265753662746602,-0.6303999304779921
6320260319030004,防府競輪,4R,12:05,1-5,1,5,7.2,0.05128349830434529,-0.630758812208714
8120260319030007,小倉競輪,7R,18:30,3-7,3,7,15.5,0.02377767267909671,-0.6314460734740011
1320260319030005,いわき平競輪,5R,22:00,1-6,1,6,5.4,0.06815296586626289,-0.6319739843221803
1320260319030006,いわき平競輪,6R,22:20,1-3,1,3,4.0,0.0916546451513407,-0.6333814193946372
8720260320020007,熊本競輪,7R,13:42,1-4,1,4,5.2,0.0704948863785048,-0.633426590831775
2220260320020007,前橋競輪,7R,18:18,3-5,3,5,10.4,0.035008677491902666,-0.6359097540842122
8120260319030002,小倉競輪,2R,16:22,4-6,4,6,6.5,0.05528721301463943,-0.6406331154048437
2220260320020010,前橋競輪,10R,19:35,3-4,3,4,12.4,0.028963583274961294,-0.64085156739048
6320260319030009,防府競輪,9R,14:40,4-8,4,8,32.0,0.011204188527010727,-0.6414659671356567
6320260319030008,防府競輪,8R,14:05,2-7,2,7,10.8,0.033135908618028974,-0.6421321869252871
6320260319030002,防府競輪,2R,11:10,3-8,3,8,13.4,0.026657831620070013,-0.6427850562910618
1320260319030009,いわき平競輪,9R,23:20,4-7,4,7,16.7,0.021390027677416476,-0.6427865377871449
6320260319030012,防府競輪,12R,16:30,1-9,1,9,6.4,0.05573450150108447,-0.6432991903930594
8120260319030005,小倉競輪,5R,17:42,4-5,4,5,24.9,0.014291259577259276,-0.6441476365262441
8420260319030006,武雄競輪,6R,22:30,3-5,3,5,12.5,0.02846574061455409,-0.6441782423180739
6320260319030005,防府競輪,5R,12:35,7-9,7,9,8.4,0.042092296147172394,-0.6464247123637519
6320260319030011,防府競輪,11R,15:50,5-7,5,7,8.9,0.03947146701711941,-0.6487039435476372
6320260319030003,防府競輪,3R,11:35,6-7,6,7,50.0,0.007004768350556712,-0.6497615824721644
6320260319030002,防府競輪,2R,11:10,4-8,4,8,29.5,0.011708594787514959,-0.6545964537683087
8420260319030002,武雄競輪,2R,21:10,2-4,2,4,4.8,0.07195381455224213,-0.6546216901492378
6320260319030009,防府競輪,9R,14:40,3-5,3,5,15.3,0.022423264244339415,-0.656924057061607
8420260319030004,武雄競輪,4R,21:50,4-5,4,5,9.5,0.03609746116031857,-0.6570741189769735
2220260320020005,前橋競輪,5R,17:30,4-5,4,5,3.5,0.09739250108345815,-0.6591262462078965
2220260320020009,前橋競輪,9R,19:09,3-4,3,4,4.6,0.07369562329316362,-0.6610001328514474
1320260319030008,いわき平競輪,8R,23:00,1-6,1,6,5.6,0.05952629988484193,-0.6666527206448852
1320260319030009,いわき平競輪,9R,23:20,4-6,4,6,15.0,0.02220705756337921,-0.6668941365493118
8420260319030007,武雄競輪,7R,22:50,3-4,3,4,15.0,0.022128142376816026,-0.6680778643477596
8420260319030004,武雄競輪,4R,21:50,5-6,5,6,14.2,0.02303690108969588,-0.6728760045263185
6320260319030007,防府競輪,7R,13:35,5-7,5,7,5.4,0.0604334445440127,-0.6736593994623314
8120260319030007,小倉競輪,7R,18:30,5-7,5,7,12.6,0.025868458918158165,-0.6740574176312071
2220260320020004,前橋競輪,4R,17:06,1-2,1,2,3.3,0.09837286792513988,-0.6753695358470384
6320260319030005,防府競輪,5R,12:35,8-9,8,9,15.7,0.020636162940999188,-0.6760122418263128
1320260319030002,いわき平競輪,2R,21:00,2-3,2,3,8.6,0.037637704764395416,-0.6763157390261995
8420260319030003,武雄競輪,3R,21:30,3-6,3,6,5.8,0.05579213709248518,-0.676405604863586
1320260319030002,いわき平競輪,2R,21:00,1-3,1,3,6.9,0.046674897845845345,-0.6779432048636671
2220260320020010,前橋競輪,10R,19:35,2-7,2,7,4.0,0.0799359612543045,-0.680256154982782
8420260319030003,武雄競輪,3R,21:30,2-7,2,7,23.2,0.013693191988186394,-0.6823179458740757
1320260319030007,いわき平競輪,7R,22:40,1-2,1,2,2.5,0.1264067727052783,-0.6839830682368042
6320260319030001,防府競輪,1R,10:45,1-7,1,7,6.7,0.047042486542355946,-0.6848153401662151
6320260319030009,防府競輪,9R,14:40,3-8,3,8,16.4,0.019164689176082522,-0.6856990975122467
8720260320020008,熊本競輪,8R,14:10,2-5,2,5,3.7,0.08439175833309333,-0.6877504941675547
2220260320020006,前橋競輪,6R,17:54,1-7,1,7,4.9,0.0636202889947919,-0.6882605839255197
8120260319030005,小倉競輪,5R,17:42,2-6,2,6,6.3,0.049263783964441366,-0.6896381610240194
8420260319030003,武雄競輪,3R,21:30,1-7,1,7,23.2,0.013275305513881296,-0.6920129120779539
6320260319030002,防府競輪,2R,11:10,1-8,1,8,13.3,0.023064941173977643,-0.6932362823860974
8420260319030006,武雄競輪,6R,22:30,3-4,3,4,10.0,0.030658007239321917,-0.6934199276067808
2320260319030004,取手競輪,4R,09:52,1-4,1,4,7.6,0.039851970972946724,-0.697125020605605
2220260320020003,前橋競輪,3R,16:42,3-5,3,5,5.3,0.056828595688816465,-0.6988084428492727
6320260319030002,防府競輪,2R,11:10,8-9,8,9,34.3,0.00876982805675131,-0.6991948976534301
2220260320020005,前橋競輪,5R,17:30,1-5,1,5,4.8,0.062325202112724506,-0.7008390298589224
6320260319030003,防府競輪,3R,11:35,2-6,2,6,22.6,0.013126369462993719,-0.7033440501363419
6320260319030005,防府競輪,5R,12:35,2-4,2,4,20.0,0.014759589235726503,-0.70480821528547
2320260319030007,取手競輪,7R,10:55,2-4,2,4,4.8,0.061418814138344296,-0.7051896921359474
6320260319030012,防府競輪,12R,16:30,1-5,1,5,3.1,0.0949035207588971,-0.705799085647419
8420260319030003,武雄競輪,3R,21:30,6-7,6,7,46.5,0.006303474280691711,-0.7068884459478355
1320260319030003,いわき平競輪,3R,21:20,1-7,1,7,8.7,0.033505541464819495,-0.7085017892560704
2220260320020001,前橋競輪,1R,15:42,1-2,1,2,4.0,0.07266107212828007,-0.7093557114868797
8420260319030006,武雄競輪,6R,22:30,1-3,1,3,7.1,0.04088549549852541,-0.7097129819604696
2220260320020007,前橋競輪,7R,18:18,3-6,3,6,60.1,0.00478044010742528,-0.7126955495437406
6320260319030011,防府競輪,11R,15:50,3-7,3,7,6.4,0.04477634701827835,-0.7134313790830185
2220260320020005,前橋競輪,5R,17:30,2-4,2,4,4.4,0.06497155531567049,-0.7141251566110498
6320260319030003,防府競輪,3R,11:35,1-5,1,5,6.7,0.042593045386723004,-0.7146265959089559
8720260320020001,熊本競輪,1R,11:00,1-5,1,5,2.6,0.10936385175504094,-0.7156539854368935
8420260319030007,武雄競輪,7R,22:50,2-3,2,3,5.0,0.056649093547667784,-0.7167545322616611
2220260320020011,前橋競輪,11R,20:02,1-4,1,4,2.7,0.10423880122704192,-0.7185552366869867
6320260319030011,防府競輪,11R,15:50,1-5,1,5,5.9,0.047552252976505255,-0.719441707438619
8420260319030009,武雄競輪,9R,23:30,1-5,1,5,2.9,0.09602666253629527,-0.7215226786447437
6320260319030006,防府競輪,6R,13:05,1-8,1,8,7.4,0.0362132687663385,-0.732021811129095
8120260319030002,小倉競輪,2R,16:22,1-6,1,6,13.8,0.01938101359168835,-0.7325420124347007
2220260320020006,前橋競輪,6R,17:54,2-4,2,4,5.9,0.045109779363111065,-0.7338523017576447
1320260319030003,いわき平競輪,3R,21:20,1-3,1,3,4.3,0.061110832246934504,-0.7372234213381816
6320260319030002,防府競輪,2R,11:10,1-7,1,7,6.5,0.04012818184360348,-0.7391668180165774
6320260319030008,防府競輪,8R,14:05,1-6,1,6,9.7,0.026784971152796447,-0.7401857798178745
6320260319030012,防府競輪,12R,16:30,2-8,2,8,16.5,0.015718949485067548,-0.7406373334963854
1320260319030001,いわき平競輪,1R,20:40,1-3,1,3,3.4,0.07627887883491644,-0.7406518119612842
8720260320020008,熊本競輪,8R,14:10,3-7,3,7,9.8,0.026428793102185294,-0.7409978275985841
8420260319030003,武雄競輪,3R,21:30,3-7,3,7,15.5,0.016580389457817285,-0.7430039634038321
8120260319030008,小倉競輪,8R,18:56,3-7,3,7,63.0,0.004038343785939882,-0.7455843414857874
8420260319030008,武雄競輪,8R,23:10,3-5,3,5,9.3,0.02725377987501216,-0.746539847162387
8420260319030002,武雄競輪,2R,21:10,3-7,3,7,14.6,0.017333994095192595,-0.7469236862101881
8420260319030007,武雄競輪,7R,22:50,2-4,2,4,6.0,0.0421346178483189,-0.7471922929100866
1320260319030008,いわき平競輪,8R,23:00,1-2,1,2,3.3,0.07618253615116276,-0.7485976307011629
6320260319030001,防府競輪,1R,10:45,5-8,5,8,13.6,0.018476055368366343,-0.7487256469902177
6320260319030001,防府競輪,1R,10:45,2-9,2,9,6.2,0.03995427534202207,-0.7522834928794632
6320260319030003,防府競輪,3R,11:35,2-8,2,8,18.1,0.01366864177786194,-0.7525975838206989
8120260319030008,小倉競輪,8R,18:56,2-5,2,5,2.0,0.12236674799151231,-0.7552665040169754
2220260320020001,前橋競輪,1R,15:42,2-5,2,5,5.2,0.04659119665382663,-0.7577257774001015
1320260319030004,いわき平競輪,4R,21:40,3-7,3,7,39.7,0.006091279942747119,-0.7581761862729394
6320260319030010,防府競輪,10R,15:15,2-5,2,5,5.3,0.04535578821483167,-0.7596143224613922
8720260320020010,熊本競輪,10R,15:00,1-7,1,7,6.5,0.03639076457033165,-0.7634600302928443
6320260319030006,防府競輪,6R,13:05,1-5,1,5,4.8,0.048981157878891256,-0.764890442181322
8120260319030011,小倉競輪,11R,20:16,1-6,1,6,7.2,0.03243308814633973,-0.7664817653463539
1320260319030004,いわき平競輪,4R,21:40,3-5,3,5,19.8,0.011754138268732554,-0.7672680622790954
1320260319030001,いわき平競輪,1R,20:40,1-4,1,4,3.3,0.07049525450451165,-0.7673656601351115
2320260319030007,取手競輪,7R,10:55,1-4,1,4,2.0,0.11622904857018312,-0.7675419028596338
6320260319030004,防府競輪,4R,12:05,1-2,1,2,16.9,0.013202619497858278,-0.7768757304861951
2320260319030004,取手競輪,4R,09:52,4-5,4,5,3.0,0.07393991484935719,-0.7781802554519284
6320260319030002,防府競輪,2R,11:10,3-9,3,9,6.7,0.032829552614865545,-0.7800419974804008
1320260319030002,いわき平競輪,2R,21:00,3-4,3,4,8.6,0.025475422106999948,-0.7809113698798005
8720260320020007,熊本競輪,7R,13:42,1-2,1,2,2.8,0.0780492091528848,-0.7814622143719225
8420260319030009,武雄競輪,9R,23:30,2-5,2,5,9.5,0.022621603837174622,-0.785094763546841
6320260319030009,防府競輪,9R,14:40,7-8,7,8,10.4,0.020647515767119207,-0.7852658360219602
2220260320020004,前橋競輪,4R,17:06,1-5,1,5,3.5,0.060969860767563375,-0.7866054873135282
8120260319030007,小倉競輪,7R,18:30,2-7,2,7,2.4,0.08758689586801496,-0.7897914499167641
8720260320020010,熊本競輪,10R,15:00,3-4,3,4,2.0,0.10254359710756483,-0.7949128057848703
8720260320020009,熊本競輪,9R,14:33,1-3,1,3,4.7,0.04293533119350877,-0.7982039433905088
8120260319030006,小倉競輪,6R,18:06,1-7,1,7,3.1,0.06438722757206128,-0.80039959452661
8120260319030002,小倉競輪,2R,16:22,2-7,2,7,2.4,0.08261896472701408,-0.8017144846551663
8720260320020007,熊本競輪,7R,13:42,1-5,1,5,1.8,0.10827489804996587,-0.8051051835100614
8720260320020006,熊本競輪,6R,13:12,3-7,3,7,2.5,0.07794517194457529,-0.8051370701385618
1320260319030006,いわき平競輪,6R,22:20,2-4,2,4,8.0,0.02377090542463875,-0.80983275660289
6320260319030006,防府競輪,6R,13:05,6-8,6,8,14.8,0.012271472144069387,-0.8183822122677731
2220260320020008,前橋競輪,8R,18:43,3-6,3,6,4.4,0.041262721444383775,-0.8184440256447114
2220260320020002,前橋競輪,2R,16:16,1-5,1,5,1.6,0.11100622303403895,-0.8223900431455377
2320260319030001,取手競輪,1R,08:50,2-4,2,4,1.3,0.135157428714981,-0.8242953426705247
8720260320020006,熊本競輪,6R,13:12,4-7,4,7,1.9,0.09172474018899208,-0.8257229936409151
1320260319030002,いわき平競輪,2R,21:00,3-5,3,5,11.5,0.01501698768970456,-0.8273046415683976
8120260319030004,小倉競輪,4R,17:18,4-6,4,6,1.2,0.14315033452146428,-0.8282195985742429
2220260320020003,前橋競輪,3R,16:42,1-7,1,7,2.4,0.07138539189620516,-0.8286750594491077
8720260320020004,熊本競輪,4R,12:12,2-4,2,4,1.3,0.12944972832276105,-0.8317153531804107
8420260319030003,武雄競輪,3R,21:30,4-7,4,7,23.2,0.007045533556207835,-0.8365436214959783
8720260320020012,熊本競輪,12R,16:10,5-7,5,7,1.3,0.1221156331992554,-0.841249676840968
8120260319030001,小倉競輪,1R,15:57,2-4,2,4,1.2,0.12848444880542217,-0.8458186614334934
2320260319030005,取手競輪,5R,10:13,3-4,3,4,1.8,0.08535528343110672,-0.8463604898240079
8120260319030003,小倉競輪,3R,16:54,1-4,1,4,1.6,0.09184471576719289,-0.8530484547724914
8720260320020002,熊本競輪,2R,11:23,2-4,2,4,1.3,0.11258399265721376,-0.853640809545622
1320260319030004,いわき平競輪,4R,21:40,3-4,3,4,13.2,0.010892092135406945,-0.8562243838126283
8420260319030009,武雄競輪,9R,23:30,2-6,2,6,20.4,0.007025224718601881,-0.8566854157405216
2320260319030003,取手競輪,3R,09:31,2-4,2,4,1.6,0.08901565899770529,-0.8575749456036715
8420260319030005,武雄競輪,5R,22:10,1-4,1,4,1.0,0.1406905776401154,-0.8593094223598846
8720260320020011,熊本競輪,11R,15:35,1-5,1,5,1.3,0.10721650727113603,-0.8606185405475232
8720260320020003,熊本競輪,3R,11:47,3-7,3,7,1.7,0.07925731196290389,-0.8652625696630634
6320260319030002,防府競輪,2R,11:10,6-8,6,8,18.3,0.007285897705871186,-0.8666680719825572
2320260319030006,取手競輪,6R,10:34,2-5,2,5,1.3,0.10052781830626971,-0.8693138362018493
8120260319030009,小倉競輪,9R,19:22,1-2,1,2,1.5,0.08159887320089777,-0.8776016901986533
1320260319030004,いわき平競輪,4R,21:40,3-6,3,6,19.8,0.006152596840961797,-0.8781785825489564
6320260319030009,防府競輪,9R,14:40,2-7,2,7,4.5,0.02700976684092829,-0.8784560492158227
8720260320020009,熊本競輪,9R,14:33,1-7,1,7,1.6,0.07242368471257786,-0.8841221044598754
6320260319030010,防府競輪,10R,15:15,5-6,5,6,9.8,0.0117793022241348,-0.8845628382034789
2220260320020012,前橋競輪,12R,20:30,1-5,1,5,1.3,0.08278184408384004,-0.8923836026910079
8420260319030009,武雄競輪,9R,23:30,5-6,5,6,3.9,0.027395603532357607,-0.8931571462238054
8720260320020005,熊本競輪,5R,12:42,1-7,1,7,1.2,0.08892803312608782,-0.8932863602486946
2320260319030002,取手競輪,2R,09:10,1-5,1,5,1.5,0.07054286095638597,-0.894185708565421
6320260319030004,防府競輪,4R,12:05,1-8,1,8,6.9,0.014109172370450573,-0.902646710643891
6320260319030005,防府競輪,5R,12:35,3-7,3,7,2.1,0.04595955151836015,-0.9034849418114437
6320260319030001,防府競輪,1R,10:45,3-8,3,8,3.9,0.023936851033582715,-0.9066462809690274
6320260319030008,防府競輪,8R,14:05,1-9,1,9,2.3,0.03954954668735972,-0.9090360426190727
8120260319030010,小倉競輪,10R,19:48,2-7,2,7,1.1,0.08171236928125078,-0.9101163937906241
6320260319030007,防府競輪,7R,13:35,3-8,3,8,4.7,0.014916914829567193,-0.9298905003010342
