race_id,競輪場,レース番号,開始時間,買い目,a,b,odds,p,EV
4720260404020007,松阪競輪,7R,23:12,3-4,3,4,996.0,0.04645203533439102,45.26622719305345
4520260404020005,豊橋競輪,5R,17:42,4-5,4,5,669.0,0.04758432807752781,30.833915483866107
4720260404020007,松阪競輪,7R,23:12,4-7,4,7,996.0,0.029208920897528606,28.092085213938493
4720260404020007,松阪競輪,7R,23:12,1-6,1,6,498.0,0.050863051611347375,24.32979970245099
4720260404020007,松阪競輪,7R,23:12,2-7,2,7,498.0,0.047650246937659735,22.729822974954548
4720260404020007,松阪競輪,7R,23:12,1-4,1,4,249.0,0.09307972250755739,22.17685090438179
4720260404020007,松阪競輪,7R,23:12,1-3,1,3,249.0,0.09246230980422042,22.023115141250884
2320260405010006,取手競輪,6R,10:14,4-6,4,6,554.7,0.03668187094301436,19.347433812090067
4520260404020006,豊橋競輪,6R,18:06,1-7,1,7,331.0,0.05758507812239403,18.060660858512424
2320260405010005,取手競輪,5R,09:53,5-6,5,6,575.3,0.032277432300605195,17.56920680253817
2320260405010006,取手競輪,6R,10:14,5-6,5,6,443.7,0.03991779632652626,16.711526230079702
2320260405010006,取手競輪,6R,10:14,4-7,4,7,583.9,0.027157881325550998,14.857486905989226
2320260405010005,取手競輪,5R,09:53,2-6,2,6,575.3,0.027428090164846895,14.779380271836418
8720260404020006,熊本競輪,6R,23:03,1-7,1,7,212.2,0.0733408202254145,14.562922051832954
4520260404020005,豊橋競輪,5R,17:42,3-4,3,4,669.0,0.02226538473016508,13.89554238448044
4720260404020007,松阪競輪,7R,23:12,2-4,2,4,199.2,0.07345485134988597,13.632206388897284
7420260405010004,高知競輪,4R,12:08,5-6,5,6,488.3,0.029731548192705896,13.51791498249829
4720260404020007,松阪競輪,7R,23:12,2-3,2,3,199.2,0.07152833692985543,13.2484447164272
2320260405010006,取手競輪,6R,10:14,3-4,3,4,346.7,0.040130207215884395,12.913142841747119
7420260405010003,高知競輪,3R,11:40,6-7,6,7,537.0,0.025023294431083226,12.437509109491693
2320260405010005,取手競輪,5R,09:53,1-6,1,6,267.1,0.04925652139811909,12.15641686543761
2320260405010006,取手競輪,6R,10:14,2-6,2,6,462.2,0.027269705840398444,11.60405803943216
2220260405010004,前橋競輪,4R,17:06,5-6,5,6,360.4,0.03492065067741828,11.585402504141546
4720260404020007,松阪競輪,7R,23:12,3-5,3,5,498.0,0.024567293369903712,11.234512098212049
7420260405010004,高知競輪,4R,12:08,1-6,1,6,147.6,0.07962359340979819,10.752442387286212
7420260405010003,高知競輪,3R,11:40,4-6,4,6,170.2,0.0674545002613691,10.480755944485018
2320260405010006,取手競輪,6R,10:14,2-3,2,3,357.8,0.03181193900367431,10.382311775514667
4720260404020001,松阪競輪,1R,20:41,2-5,2,5,249.7,0.04464155483400437,10.146996242050891
7420260405010003,高知競輪,3R,11:40,3-6,3,6,218.1,0.050246776504756466,9.958821955687386
4520260404020006,豊橋競輪,6R,18:06,4-6,4,6,496.5,0.021592509198264137,9.720680816938144
3720260402040009,伊東競輪,9R,14:46,3-4,3,4,281.7,0.03721152334836534,9.482486127234516
2320260405010006,取手競輪,6R,10:14,3-7,3,7,528.3,0.01943899333997918,9.269620181511
4520260404020005,豊橋競輪,5R,17:42,2-3,2,3,334.5,0.029906961381863776,9.003878582233433
2320260405010006,取手競輪,6R,10:14,3-5,3,5,226.4,0.04414636248520211,8.994736466649758
7420260405010004,高知競輪,4R,12:08,6-7,6,7,276.0,0.03599095215489014,8.933502794749678
2220260405010002,前橋競輪,2R,16:18,3-6,3,6,320.8,0.029324618258694198,8.407337537389099
7420260405010009,高知競輪,9R,14:31,6-7,6,7,240.0,0.03815791671075352,8.157900010580844
2320260405010003,取手競輪,3R,09:11,4-6,4,6,195.8,0.046662433188666044,8.136504418340811
4520260404020011,豊橋競輪,11R,20:16,2-3,2,3,207.0,0.04363384384621983,8.032205676167505
2320260405010004,取手競輪,4R,09:32,5-6,5,6,292.8,0.03059668588951095,7.958709628448807
4520260404020010,豊橋競輪,10R,19:48,1-7,1,7,148.5,0.059986467544963264,7.907990430427045
2320260405010006,取手競輪,6R,10:14,4-5,4,5,154.0,0.05686544683493298,7.757278812579678
3720260402040007,伊東競輪,7R,13:46,1-6,1,6,377.1,0.022795486565280573,7.596177983767305
7420260405010003,高知競輪,3R,11:40,1-6,1,6,249.3,0.03416503791726353,7.517343952773798
4520260404020006,豊橋競輪,6R,18:06,4-7,4,7,198.6,0.04271677227095785,7.48355097301223
7420260405010007,高知競輪,7R,13:32,6-7,6,7,262.2,0.03215538317755026,7.431141469153678
4720260404020001,松阪競輪,1R,20:41,4-7,4,7,249.7,0.032551395086956855,7.1280833532131265
2320260405010005,取手競輪,5R,09:53,4-6,4,6,623.3,0.01290226373257484,7.041980984513897
7420260405010009,高知競輪,9R,14:31,3-6,3,6,132.7,0.06030218563888035,7.002100034279422
4520260404020005,豊橋競輪,5R,17:42,4-6,4,6,334.5,0.023895926404957628,6.993187382458326
7420260405010010,高知競輪,10R,15:01,4-6,4,6,224.1,0.03561645315716316,6.981647152520263
7420260405010004,高知競輪,4R,12:08,3-6,3,6,264.5,0.03015106490868169,6.974956668346307
2320260405010004,取手競輪,4R,09:32,2-6,2,6,178.9,0.04426645817964928,6.919269368339257
3720260402040007,伊東競輪,7R,13:46,1-8,1,8,399.2,0.019834718682519407,6.918019698061747
7420260405010004,高知競輪,4R,12:08,2-5,2,5,218.9,0.035681780393259144,6.810741728084427
4520260404020006,豊橋競輪,6R,18:06,2-6,2,6,248.2,0.03138417275313063,6.7895516773270215
4520260404020006,豊橋競輪,6R,18:06,1-5,1,5,198.6,0.0391064902495315,6.766548963556955
4720260404020007,松阪競輪,7R,23:12,1-5,1,5,124.5,0.062185773039738365,6.742128743447426
4520260404020006,豊橋競輪,6R,18:06,3-4,3,4,141.8,0.053735613060157596,6.619709931930347
2220260405010004,前橋競輪,4R,17:06,2-6,2,6,225.2,0.033756161662768194,6.601887606455397
4520260404020002,豊橋競輪,2R,16:32,1-2,1,2,229.9,0.03303099226988449,6.593825122846445
2220260405010003,前橋競輪,3R,16:42,1-6,1,6,221.8,0.03406904474124062,6.556514123607169
7420260405010007,高知競輪,7R,13:32,2-6,2,6,106.0,0.07064263044682347,6.488118827363287
2320260405010006,取手競輪,6R,10:14,6-7,6,7,554.7,0.01340305473193551,6.4346744598046275
2320260405010003,取手競輪,3R,09:11,6-7,6,7,685.5,0.01074724667861316,6.3672375981893214
1320260404020001,いわき平競輪,1R,20:49,4-5,4,5,155.2,0.04685814392652673,6.272383937396948
7420260405010007,高知競輪,7R,13:32,3-6,3,6,110.7,0.06550089491357944,6.250949066933244
7420260405010009,高知競輪,9R,14:31,2-6,2,6,148.5,0.048407903660279666,6.188573693551531
4520260404020006,豊橋競輪,6R,18:06,1-4,1,4,248.2,0.02894553182536696,6.184280999056079
7420260405010002,高知競輪,2R,11:12,4-6,4,6,383.1,0.018747635999897417,6.1822193515607005
3720260402040011,伊東競輪,11R,15:48,5-6,5,6,435.4,0.016439227476571075,6.157639643299046
7420260405010010,高知競輪,10R,15:01,6-7,6,7,348.7,0.020493112321152036,6.145948266385715
3720260402040001,伊東競輪,1R,10:58,6-7,6,7,246.6,0.028532660784465598,6.036154149449216
2220260405010003,前橋競輪,3R,16:42,5-6,5,6,388.2,0.018103831538867264,6.027907403388272
7420260405010007,高知競輪,7R,13:32,4-6,4,6,207.5,0.03324343695381805,5.898013167917244
2320260405010005,取手競輪,5R,09:53,3-4,3,4,299.1,0.02274966430585144,5.804424593880166
2220260405010002,前橋競輪,2R,16:18,4-6,4,6,135.0,0.050128374406934045,5.7673305449360965
4520260404020005,豊橋競輪,5R,17:42,5-6,5,6,133.8,0.050374882177262686,5.740159235317748
2320260405010006,取手競輪,6R,10:14,1-6,1,6,85.3,0.07876275940099987,5.718463376905289
3720260402040009,伊東競輪,9R,14:46,1-4,1,4,321.9,0.020743429221642393,5.677309866446686
3720260402040008,伊東競輪,8R,14:16,4-7,4,7,155.6,0.04277555218139474,5.655875919425021
4520260404020006,豊橋競輪,6R,18:06,4-5,4,5,248.2,0.02651870964127514,5.581943732964489
2220260405010004,前橋競輪,4R,17:06,1-6,1,6,193.0,0.033923246548943325,5.547186583946062
3720260402040008,伊東競輪,8R,14:16,2-6,2,6,457.1,0.014304637419009343,5.538649764229171
4520260404020003,豊橋競輪,3R,16:54,3-6,3,6,148.4,0.04387760467216547,5.511436533349356
3720260402040008,伊東競輪,8R,14:16,4-6,4,6,504.4,0.012909225020011177,5.5114131000936375
2220260405010007,前橋競輪,7R,18:18,3-5,3,5,105.9,0.061382528647928,5.500409783815575
4520260404020010,豊橋競輪,10R,19:48,3-5,3,5,148.5,0.04345476330426273,5.4530323506830145
7420260405010004,高知競輪,4R,12:08,4-6,4,6,453.4,0.01415598313589888,5.418322753816551
4520260404020002,豊橋競輪,2R,16:32,2-7,2,7,300.6,0.021064428179635795,5.33196711079852
2320260405010001,取手競輪,1R,08:30,2-6,2,6,98.7,0.06374489391027835,5.291621028944474
2220260405010009,前橋競輪,9R,19:09,5-6,5,6,355.5,0.017643378073764926,5.272220905223431
2220260405010003,前橋競輪,3R,16:42,6-7,6,7,160.6,0.03872729408834451,5.219603430588128
2320260405010005,取手競輪,5R,09:53,3-5,3,5,155.8,0.039816113120720004,5.203350424208177
2320260405010005,取手競輪,5R,09:53,2-3,2,3,166.2,0.03723757592279457,5.188885118368457
3720260402040008,伊東競輪,8R,14:16,2-8,2,8,406.3,0.015194491857056312,5.17352204152198
3720260402040011,伊東競輪,11R,15:48,5-8,5,8,220.2,0.027757720988594373,5.112250161688481
2220260405010004,前橋競輪,4R,17:06,3-5,3,5,159.0,0.03837934121881318,5.1023152537912955
3720260402040009,伊東競輪,9R,14:46,2-3,2,3,155.4,0.03925654234826808,5.10046668092086
2220260405010001,前橋競輪,1R,15:55,5-6,5,6,116.0,0.05162809503351363,4.9888590238875805
7420260405010010,高知競輪,10R,15:01,1-6,1,6,118.4,0.05032653299101726,4.958661506136444
2320260405010003,取手競輪,3R,09:11,5-6,5,6,253.8,0.02336355511389159,4.929670287905687
3720260402040009,伊東競輪,9R,14:46,1-6,1,6,563.4,0.010435578513396637,4.879404934447665
7420260405010011,高知競輪,11R,15:32,2-3,2,3,113.9,0.0514508953967523,4.8602569856900875
7420260405010007,高知競輪,7R,13:32,5-6,5,6,332.1,0.017589318884394932,4.841412801507557
3720260402040008,伊東競輪,8R,14:16,7-8,7,8,192.4,0.03031014342022476,4.831671594051244
7420260405010004,高知競輪,4R,12:08,2-7,2,7,138.0,0.04224184941082523,4.829375218693882
7420260405010010,高知競輪,10R,15:01,2-6,2,6,174.3,0.032963869841224146,4.745602513325369
7420260405010001,高知競輪,1R,10:45,5-6,5,6,341.8,0.016425195880882083,4.614131952085496
7420260405010003,高知競輪,3R,11:40,5-6,5,6,465.4,0.012044506323327356,4.605513242876551
7420260405010001,高知競輪,1R,10:45,2-6,2,6,153.2,0.03634725337046003,4.568399216354476
4520260404020006,豊橋競輪,6R,18:06,1-6,1,6,165.5,0.03363151582895579,4.566015869692182
1320260404020001,いわき平競輪,1R,20:49,3-6,3,6,155.2,0.035494770606370254,4.508788398108663
7420260405010004,高知競輪,4R,12:08,2-3,2,3,154.8,0.03544123518221229,4.486303206206463
2320260405010005,取手競輪,5R,09:53,4-5,4,5,267.1,0.0204579697529291,4.464323721007363
4520260404020005,豊橋競輪,5R,17:42,3-6,3,6,223.0,0.02439746346300578,4.440634352250289
8720260404020006,熊本競輪,6R,23:03,2-5,2,5,106.1,0.051122449068954134,4.424091846216033
7420260405010003,高知競輪,3R,11:40,2-7,2,7,139.6,0.03873916841143528,4.407987910236365
3720260402040008,伊東競輪,8R,14:16,6-7,6,7,235.9,0.022757385604728737,4.368467264155509
7420260405010010,高知競輪,10R,15:01,5-6,5,6,69.7,0.07694069311620502,4.362766310199491
2320260405010004,取手競輪,4R,09:32,3-5,3,5,128.8,0.04129677658129616,4.319024823670945
7420260405010011,高知競輪,11R,15:32,2-5,2,5,109.3,0.048622921220254425,4.314485289373809
3720260402040011,伊東競輪,11R,15:48,6-9,6,9,260.0,0.020388178938606612,4.3009265240377195
4520260404020006,豊橋競輪,6R,18:06,2-4,2,4,198.6,0.026654684551736786,4.293620351974925
4520260404020002,豊橋競輪,2R,16:32,1-6,1,6,114.9,0.04587676752433753,4.271240588546383
7420260405010012,高知競輪,12R,16:03,5-7,5,7,70.8,0.07366911633392614,4.215773436441971
3720260402040011,伊東競輪,11R,15:48,2-6,2,6,445.7,0.011645999663800963,4.190622050156089
3720260402040011,伊東競輪,11R,15:48,2-8,2,8,263.7,0.01965973070553484,4.184270987049537
4520260404020006,豊橋競輪,6R,18:06,5-6,5,6,165.5,0.031137436737769923,4.153245780100923
7420260405010012,高知競輪,12R,16:03,1-7,1,7,97.8,0.05259518235937985,4.143808834747349
7420260405010008,高知競輪,8R,14:01,2-6,2,6,126.6,0.04057278295471026,4.1365143220663185
2220260405010003,前橋競輪,3R,16:42,1-7,1,7,125.9,0.04062542578513363,4.114741106348324
2220260405010009,前橋競輪,9R,19:09,4-6,4,6,177.7,0.028755640895961797,4.109877387212411
3720260402040001,伊東競輪,1R,10:58,3-6,3,6,90.8,0.05620687995768914,4.103584700158174
4520260404020005,豊橋競輪,5R,17:42,3-7,3,7,167.2,0.03036915462842408,4.077722653872506
3720260402040009,伊東競輪,9R,14:46,1-2,1,2,221.6,0.022770081495222444,4.045850059341293
4520260404020004,豊橋競輪,4R,17:18,4-6,4,6,199.5,0.025241111246224683,4.035601693621825
7420260405010004,高知競輪,4R,12:08,5-7,5,7,102.3,0.048824811279596994,3.9947781939027722
7420260405010009,高知競輪,9R,14:31,1-7,1,7,160.0,0.031179859596640956,3.988777535462553
2320260405010002,取手競輪,2R,08:50,4-6,4,6,153.5,0.032443042185939006,3.980006975541637
2320260405010001,取手競輪,1R,08:30,6-7,6,7,124.8,0.039851817761598435,3.973506856647485
2320260405010003,取手競輪,3R,09:11,1-6,1,6,87.8,0.05649644300559289,3.9603876958910558
2320260405010005,取手競輪,5R,09:53,1-5,1,5,92.3,0.05371744959877006,3.9581205979664764
4520260404020008,豊橋競輪,8R,18:56,1-3,1,3,135.7,0.03638768384588344,3.937808697886382
4520260404020007,豊橋競輪,7R,18:30,1-4,1,4,99.7,0.04938883948233387,3.924067296388687
3720260402040007,伊東競輪,7R,13:46,6-8,6,8,678.7,0.007242770596072123,3.9156684035541502
4520260404020008,豊橋競輪,8R,18:56,2-5,2,5,67.8,0.07208728634752987,3.8875180143625245
7420260405010004,高知競輪,4R,12:08,2-4,2,4,235.1,0.020743209728393885,3.8767286071454023
3720260402040007,伊東競輪,7R,13:46,6-7,6,7,348.0,0.013921563882276007,3.8447042310320505
7420260405010009,高知競輪,9R,14:31,4-7,4,7,148.5,0.03251524918858273,3.8285145045045352
2320260405010003,取手競輪,3R,09:11,5-7,5,7,185.2,0.02598883735669055,3.8131326784590893
8720260404020006,熊本競輪,6R,23:03,2-7,2,7,70.7,0.06791961577686834,3.801916835424591
2220260405010004,前橋競輪,4R,17:06,1-3,1,3,125.7,0.0375610114939216,3.721419144785946
7420260405010005,高知競輪,5R,12:36,1-5,1,5,127.8,0.0368966516550963,3.7153920815213066
3720260402040009,伊東競輪,9R,14:46,6-9,6,9,563.4,0.00829890217702144,3.6756014865338784
2220260405010001,前橋競輪,1R,15:55,1-6,1,6,193.4,0.024046102081353198,3.650516142533709
4520260404020005,豊橋競輪,5R,17:42,1-3,1,3,74.3,0.06221456690973147,3.6225423213930483
7420260405010002,高知競輪,2R,11:12,4-7,4,7,95.7,0.048235652077101177,3.616151903778583
3720260402040012,伊東競輪,12R,16:25,1-9,1,9,216.5,0.021221937659733434,3.5945495033322885
2220260405010003,前橋競輪,3R,16:42,1-3,1,3,113.6,0.040130254366551626,3.5587968960402643
2320260405010004,取手競輪,4R,09:32,1-6,1,6,113.0,0.04018831216176914,3.541279274279913
4520260404020004,豊橋競輪,4R,17:18,2-6,2,6,299.2,0.015133732614817711,3.5280127983534593
4720260404020007,松阪競輪,7R,23:12,2-5,2,5,99.6,0.045386387576227843,3.520484202592293
2320260405010005,取手競輪,5R,09:53,6-7,6,7,56.6,0.07981209243352808,3.517364431737689
3720260402040011,伊東競輪,11R,15:48,8-9,8,9,134.6,0.03350392884492912,3.5096288225274597
3720260402040011,伊東競輪,11R,15:48,7-8,7,8,312.0,0.01442113353994218,3.4993936644619605
3720260402040005,伊東競輪,5R,12:50,4-9,4,9,161.5,0.02785975930801831,3.4993511282449568
3720260402040008,伊東競輪,8R,14:16,2-7,2,7,92.5,0.04831637844522519,3.4692650061833303
4520260404020009,豊橋競輪,9R,19:22,4-6,4,6,168.0,0.026551301453974087,3.4606186442676465
2220260405010003,前橋競輪,3R,16:42,3-5,3,5,166.3,0.026754100458395335,3.4492069062311446
4520260404020004,豊橋競輪,4R,17:18,4-5,4,5,70.4,0.06311022358674458,3.4429597405068186
2220260405010004,前橋競輪,4R,17:06,2-3,2,3,115.0,0.03838050392926308,3.4137579518652545
7420260405010004,高知競輪,4R,12:08,4-5,4,5,181.3,0.024336016715792618,3.412119830573202
2320260405010002,取手競輪,2R,08:50,5-6,5,6,84.2,0.05238607302327215,3.4109073485595154
8720260404020006,熊本競輪,6R,23:03,1-4,1,4,70.7,0.06214826177168485,3.3938821072581193
4520260404020009,豊橋競輪,9R,19:22,1-3,1,3,84.0,0.052286102690076795,3.3920326259664506
4520260404020002,豊橋競輪,2R,16:32,4-7,4,7,83.1,0.05282008098878286,3.389348730167855
7420260405010003,高知競輪,3R,11:40,2-5,2,5,179.0,0.02451817591530252,3.388753488839151
3720260402040007,伊東競輪,7R,13:46,4-6,4,6,387.8,0.011306433245596466,3.38463481264231
7420260405010002,高知競輪,2R,11:12,3-4,3,4,116.6,0.03749975987641008,3.372472001589415
7420260405010011,高知競輪,11R,15:32,5-6,5,6,156.2,0.02772007311544323,3.3298754206322325
3720260402040008,伊東競輪,8R,14:16,6-8,6,8,487.6,0.008857346556486527,3.3188421809428306
3720260402040007,伊東競輪,7R,13:46,5-6,5,6,139.9,0.0307041764153693,3.295514280510165
2220260405010002,前橋競輪,2R,16:18,1-6,1,6,77.7,0.054965819624508805,3.270844184824334
2220260405010002,前橋競輪,2R,16:18,5-6,5,6,171.1,0.024956785321079974,3.2701059684367833
7420260405010002,高知競輪,2R,11:12,6-7,6,7,124.7,0.03403682838922539,3.2443925001364065
7420260405010003,高知競輪,3R,11:40,1-2,1,2,91.8,0.04623078161157568,3.243985751942647
8720260404020006,熊本競輪,6R,23:03,3-4,3,4,212.2,0.019869646536157144,3.2163389949725456
2220260405010002,前橋競輪,2R,16:18,6-7,6,7,98.7,0.04258428716298675,3.2030691429867924
3720260402040007,伊東競輪,7R,13:46,4-8,4,8,522.1,0.008046169937237314,3.200905324231602
3720260402040004,伊東競輪,4R,12:22,1-7,1,7,100.2,0.04174221869800358,3.1825703135399595
8720260404020001,熊本競輪,1R,20:57,1-4,1,4,55.5,0.07535587222095312,3.1822509082628985
4520260404020008,豊橋競輪,8R,18:56,3-6,3,6,135.7,0.030702908894261867,3.1663847369513354
1320260404020001,いわき平競輪,1R,20:49,5-6,5,6,155.2,0.026736906300705424,3.1495678578694815
3720260402040010,伊東競輪,10R,15:16,3-6,3,6,242.7,0.017019045248442558,3.130522281797009
3720260402040007,伊東競輪,7R,13:46,3-6,3,6,230.0,0.017941440766848726,3.1265313763752074
3720260402040008,伊東競輪,8R,14:16,1-6,1,6,562.6,0.00732430746987079,3.120655382549307
2320260405010004,取手競輪,4R,09:32,3-4,3,4,157.1,0.026201670754310315,3.1162824755021505
2220260405010007,前橋競輪,7R,18:18,4-5,4,5,264.7,0.015503624850241744,3.1038094978589896
8720260404020007,熊本競輪,7R,23:30,1-2,1,2,45.0,0.0911261553599269,3.1006769911967105
2220260405010001,前橋競輪,1R,15:55,6-7,6,7,55.7,0.0732368444473452,3.0792922357171273
3720260402040009,伊東競輪,9R,14:46,2-6,2,6,540.9,0.007520784133416015,3.0679921377647226
7420260405010001,高知競輪,1R,10:45,3-6,3,6,211.6,0.01918634358114938,3.0598303017712087
2220260405010001,前橋競輪,1R,15:55,4-5,4,5,116.0,0.034940754105377184,3.0531274762237537
2220260405010011,前橋競輪,11R,20:02,4-6,4,6,177.2,0.022859940191025725,3.0507814018497585
8720260404020006,熊本競輪,6R,23:03,1-6,1,6,53.0,0.07623752281439494,3.0405887091629316
2220260405010003,前橋競輪,3R,16:42,4-6,4,6,93.1,0.04338452852198767,3.039099605397052
7420260405010011,高知競輪,11R,15:32,3-6,3,6,127.2,0.031398122971511594,2.9938412419762748
4520260404020005,豊橋競輪,5R,17:42,4-7,4,7,133.8,0.029849153446263883,2.993816731110108
7420260405010003,高知競輪,3R,11:40,2-3,2,3,61.7,0.06442914626435445,2.9752783245106698
2320260405010003,取手競輪,3R,09:11,3-5,3,5,171.3,0.023188983541942203,2.9722728807346996
2320260405010002,取手競輪,2R,08:50,2-6,2,6,73.5,0.05395694114143107,2.965835173895184
2320260405010005,取手競輪,5R,09:53,1-3,1,3,69.9,0.05650769824721163,2.9498881074800933
3720260402040007,伊東競輪,7R,13:46,5-8,5,8,122.3,0.032204105435582144,2.938562094771696
7420260405010001,高知競輪,1R,10:45,4-5,4,5,123.4,0.03189121666892992,2.935376136945952
3720260402040007,伊東競輪,7R,13:46,6-9,6,9,387.8,0.01014595798046581,2.934602504824641
2220260405010004,前橋競輪,4R,17:06,5-7,5,7,128.7,0.030437815176383224,2.9173468132005205
8720260404020006,熊本競輪,6R,23:03,1-5,1,5,70.7,0.05540746606042212,2.917307850471844
4720260404020007,松阪競輪,7R,23:12,4-5,4,5,142.2,0.027502640751715653,2.9108755148939656
3720260402040009,伊東競輪,9R,14:46,2-5,2,5,193.1,0.020222177013990573,2.9049023814015795
7420260405010009,高知競輪,9R,14:31,5-6,5,6,124.8,0.031287285742425994,2.9046532606547637
7420260405010011,高知競輪,11R,15:32,2-4,2,4,109.3,0.03557672525039198,2.8885360698678433
7420260405010009,高知競輪,9R,14:31,4-6,4,6,367.1,0.010505077721677528,2.856414031627821
2220260405010004,前橋競輪,4R,17:06,1-5,1,5,72.0,0.05306769738770574,2.820874211914813
2220260405010007,前橋競輪,7R,18:18,5-7,5,7,88.2,0.04330700840134054,2.8196781409982354
4520260404020009,豊橋競輪,9R,19:22,2-6,2,6,84.0,0.04544122759690002,2.8170631181396018
7420260405010004,高知競輪,4R,12:08,1-2,1,2,47.3,0.08067129159713421,2.815752092544448
4520260404020004,豊橋競輪,4R,17:18,5-7,5,7,92.0,0.041348351912930445,2.804048375989601
3720260402040009,伊東競輪,9R,14:46,4-8,4,8,614.6,0.006175474553269953,2.7954466604397132
8720260404020006,熊本競輪,6R,23:03,3-5,3,5,212.2,0.017881874682440416,2.794533807613856
4520260404020003,豊橋競輪,3R,16:54,5-7,5,7,96.7,0.03921598921309496,2.7921861569062827
7420260405010007,高知競輪,7R,13:32,5-7,5,7,191.6,0.019754377375752925,2.7849387051942602
2320260405010006,取手競輪,6R,10:14,3-6,3,6,140.4,0.02694944277500194,2.7837017656102727
2320260405010006,取手競輪,6R,10:14,2-7,2,7,194.6,0.01941806016355188,2.778754507827196
3720260402040001,伊東競輪,1R,10:58,4-6,4,6,167.1,0.022532987703227463,2.765262245209309
2320260405010006,取手競輪,6R,10:14,2-4,2,4,90.2,0.04173610408484811,2.7645965884533
3720260402040010,伊東競輪,10R,15:16,3-7,3,7,135.9,0.027663889988561056,2.7595226494454477
3720260402040008,伊東競輪,8R,14:16,1-8,1,8,522.4,0.007162214919976196,2.7415410741955646
2320260405010001,取手競輪,1R,08:30,5-6,5,6,108.4,0.0345070014202199,2.7405589539518376
7420260405010010,高知競輪,10R,15:01,2-7,2,7,169.6,0.021978486724722617,2.727551348512956
7420260405010012,高知競輪,12R,16:03,4-7,4,7,116.8,0.031876300638156135,2.7231519145366363
4520260404020003,豊橋競輪,3R,16:54,5-6,5,6,392.8,0.009459271805305407,2.7156019651239642
2320260405010004,取手競輪,4R,09:32,6-7,6,7,55.5,0.06687044132416994,2.7113094934914317
2220260405010008,前橋競輪,8R,18:43,5-6,5,6,150.5,0.024517845800050037,2.6899357929075305
3720260402040003,伊東競輪,3R,11:54,3-6,3,6,129.6,0.028466368097637418,2.6892413054538093
7420260405010005,高知競輪,5R,12:36,5-7,5,7,115.0,0.03201972697072128,2.682268601632947
3720260402040012,伊東競輪,12R,16:25,4-9,4,9,247.6,0.014869594861427493,2.681711687689447
2220260405010006,前橋競輪,6R,17:54,4-6,4,6,114.7,0.032096821070481514,2.6815053767842296
3720260402040008,伊東競輪,8R,14:16,2-4,2,4,197.6,0.01853389856644107,2.6622983567287557
4520260404020004,豊橋競輪,4R,17:18,5-6,5,6,149.6,0.0244461960044598,2.657150922267186
7420260405010008,高知競輪,8R,14:01,3-6,3,6,190.0,0.019246874496584652,2.656906154351084
7420260405010011,高知競輪,11R,15:32,1-2,1,2,49.7,0.07342411206230995,2.6491783694968047
3720260402040011,伊東競輪,11R,15:48,6-8,6,8,624.1,0.00584517276840792,2.647972324763383
7420260405010009,高知競輪,9R,14:31,1-2,1,2,90.4,0.04031298843671235,2.6442941546787964
3720260402040009,伊東競輪,9R,14:46,2-4,2,4,241.4,0.014959137255681605,2.6111357335215395
4520260404020009,豊橋競輪,9R,19:22,3-4,3,4,84.0,0.04287625356726453,2.6016052996502204
2320260405010002,取手競輪,2R,08:50,6-7,6,7,348.0,0.010343019076608947,2.5993706386599134
3720260402040009,伊東競輪,9R,14:46,4-9,4,9,214.6,0.01672512062922186,2.5892108870310113
2320260405010005,取手競輪,5R,09:53,3-6,3,6,101.0,0.03550661516204544,2.5861681313665894
2220260405010003,前橋競輪,3R,16:42,3-7,3,7,75.1,0.04735522787868414,2.5563776136891785
2320260405010004,取手競輪,4R,09:32,4-6,4,6,268.4,0.01324939448939988,2.5561374809549275
4520260404020005,豊橋競輪,5R,17:42,2-6,2,6,111.5,0.031860345097291194,2.5524284783479683
2220260405010007,前橋競輪,7R,18:18,1-5,1,5,105.9,0.03349558064833351,2.547181990658519
2320260405010002,取手競輪,2R,08:50,3-6,3,6,106.5,0.03330676972303773,2.547170975503518
4520260404020004,豊橋競輪,4R,17:18,2-7,2,7,133.0,0.026499657683333566,2.5244544718833644
7420260405010010,高知競輪,10R,15:01,4-7,4,7,139.5,0.025034364854299662,2.492293897174803
7420260405010002,高知競輪,2R,11:12,2-4,2,4,87.9,0.039703470418330125,2.4899350497712183
3720260402040002,伊東競輪,2R,11:26,4-6,4,6,128.4,0.02712571313881862,2.482941567024311
4520260404020007,豊橋競輪,7R,18:30,4-7,4,7,28.5,0.1221620723560731,2.4816190621480834
2320260405010001,取手競輪,1R,08:30,3-5,3,5,64.2,0.05404706323143381,2.4698214594580508
8720260404020003,熊本競輪,3R,21:45,1-7,1,7,27.7,0.12524599801930777,2.4693141451348253
7420260405010011,高知競輪,11R,15:32,1-6,1,6,71.9,0.04823438738941051,2.4680524532986157
4520260404020006,豊橋競輪,6R,18:06,1-3,1,3,49.6,0.06971416596614682,2.4578226319208825
4720260404020002,松阪競輪,2R,21:05,2-3,2,3,47.2,0.07316752862033099,2.453507350879623
7420260405010009,高知競輪,9R,14:31,3-4,3,4,66.3,0.05208457197745174,2.4532071221050504
4520260404020002,豊橋競輪,2R,16:32,2-4,2,4,45.9,0.0752063131001718,2.4519697712978856
3720260402040009,伊東競輪,9R,14:46,4-5,4,5,225.3,0.015232478937866292,2.431877504701276
3720260402040007,伊東競輪,7R,13:46,1-4,1,4,105.2,0.032088519776318006,2.375712280468654
7420260405010003,高知競輪,3R,11:40,2-6,2,6,91.8,0.0366806178785588,2.367280721251698
3720260402040007,伊東競輪,7R,13:46,2-8,2,8,377.1,0.00891707284171944,2.3626281686124013
7420260405010011,高知競輪,11R,15:32,4-6,4,6,202.5,0.016601967168217224,2.3618983515639878
7420260405010009,高知競輪,9R,14:31,1-6,1,6,328.4,0.010211115437569005,2.353330309697661
2220260405010004,前橋競輪,4R,17:06,4-6,4,6,49.6,0.06741988327323531,2.3440262103524714
3720260402040004,伊東競輪,4R,12:22,7-9,7,9,62.3,0.05353668260645045,2.3353353263818626
7420260405010002,高知競輪,2R,11:12,4-5,4,5,52.5,0.06328784513418695,2.322611869544815
3720260402040003,伊東競輪,3R,11:54,2-8,2,8,126.6,0.026233324524300893,2.321138884776493
3720260402040008,伊東競輪,8R,14:16,1-4,1,4,406.3,0.008152122966631894,2.3122075613425386
2220260405010009,前橋競輪,9R,19:09,3-6,3,6,50.7,0.06520041801964827,2.3056611935961673
4720260404020001,松阪競輪,1R,20:41,1-7,1,7,62.4,0.05277550758077431,2.293191673040317
4720260404020002,松阪競輪,2R,21:05,3-6,3,6,94.5,0.03467228239240579,2.276530686082347
4520260404020002,豊橋競輪,2R,16:32,3-6,3,6,73.7,0.04444497591099801,2.2755947246405537
7420260405010012,高知競輪,12R,16:03,6-7,6,7,160.7,0.020373767397979907,2.2740644208553706
7420260405010001,高知競輪,1R,10:45,3-5,3,5,98.7,0.033141300349521716,2.2710463444977935
4520260404020003,豊橋競輪,3R,16:54,6-7,6,7,106.0,0.03083769127908179,2.2687952755826695
2220260405010011,前橋競輪,11R,20:02,1-4,1,4,66.4,0.04918557286731004,2.265922038389387
3720260402040011,伊東競輪,11R,15:48,1-8,1,8,130.9,0.02492082759208607,2.262136331804067
3720260402040009,伊東競輪,9R,14:46,4-6,4,6,643.9,0.005054811614481076,2.2547931985643643
3720260402040007,伊東競輪,7R,13:46,4-7,4,7,176.3,0.01846137003777977,2.2547395376605737
2320260405010003,取手競輪,3R,09:11,3-7,3,7,244.8,0.0132392582994343,2.240970431701517
3720260402040012,伊東競輪,12R,16:25,1-4,1,4,262.4,0.012338807218869196,2.237703014231277
4720260404020002,松阪競輪,2R,21:05,4-6,4,6,94.5,0.034188891453925965,2.230850242396004
7420260405010008,高知競輪,8R,14:01,4-6,4,6,139.0,0.02321898199255374,2.22743849696497
2220260405010010,前橋競輪,10R,19:35,4-6,4,6,197.2,0.016263106648185314,2.207084631022144
2320260405010003,取手競輪,3R,09:11,2-3,2,3,116.1,0.02755893054687547,2.199591836492242
3720260402040005,伊東競輪,5R,12:50,4-5,4,5,104.7,0.030504877679859592,2.1938606930812994
2320260405010001,取手競輪,1R,08:30,4-6,4,6,143.8,0.02219752208051816,2.1920036751785115
2220260405010010,前橋競輪,10R,19:35,5-6,5,6,98.6,0.03234774400228276,2.18948755862508
3720260402040005,伊東競輪,5R,12:50,3-9,3,9,97.5,0.032677093759956845,2.1860166415957925
2220260405010001,前橋競輪,1R,15:55,1-4,1,4,193.4,0.016452927510915975,2.18199618061115
3720260402040002,伊東競輪,2R,11:26,1-4,1,4,146.0,0.02176841655202478,2.178188816595618
3720260402040002,伊東競輪,2R,11:26,1-6,1,6,205.0,0.015470643906944326,2.1714820009235867
3720260402040003,伊東競輪,3R,11:54,2-3,2,3,79.8,0.03951324093658372,2.1531566267393805
3720260402040005,伊東競輪,5R,12:50,8-9,8,9,104.7,0.029989928642161,2.139945528834257
7420260405010002,高知競輪,2R,11:12,3-6,3,6,121.9,0.025752699534975873,2.139254073313559
2220260405010002,前橋競輪,2R,16:18,2-3,2,3,98.7,0.031799265352562875,2.138587490297956
8720260404020006,熊本競輪,6R,23:03,5-6,5,6,212.2,0.01476807294091672,2.1337850780625276
3720260402040010,伊東競輪,10R,15:16,4-7,4,7,232.7,0.013351238585739923,2.10683321890168
3720260402040004,伊東競輪,4R,12:22,6-7,6,7,159.3,0.01948550138478341,2.1040403705959974
3720260402040006,伊東競輪,6R,13:18,3-8,3,8,149.5,0.020735192011497375,2.0999112057188576
2320260405010006,取手競輪,6R,10:14,2-5,2,5,67.6,0.04583335353736432,2.098334699125828
4720260404020006,松阪競輪,6R,22:45,1-4,1,4,37.5,0.08260475465143356,2.0976782994287584
7420260405010008,高知競輪,8R,14:01,6-7,6,7,103.6,0.02986970806923338,2.094501755972578
7420260405010001,高知競輪,1R,10:45,1-6,1,6,64.4,0.04789817511396849,2.084642477339571
7420260405010006,高知競輪,6R,13:04,3-6,3,6,100.9,0.030471514688807502,2.074575832100677
3720260402040008,伊東競輪,8R,14:16,4-9,4,9,52.6,0.05836625560804149,2.0700650449829827
2320260405010003,取手競輪,3R,09:11,3-4,3,4,73.7,0.04164443199813885,2.0691946382628337
4520260404020011,豊橋競輪,11R,20:16,3-5,3,5,51.7,0.05932376501600733,2.067038651327579
7420260405010007,高知競輪,7R,13:32,1-7,1,7,95.8,0.031981466209450145,2.0638244628653237
7420260405010001,高知競輪,1R,10:45,6-7,6,7,134.6,0.022714819009426748,2.05741463866884
4520260404020011,豊橋競輪,11R,20:16,4-5,4,5,69.0,0.044289271551541574,2.0559597370563685
4720260404020002,松阪競輪,2R,21:05,4-7,4,7,94.5,0.032240608705898774,2.046737522707434
2220260405010011,前橋競輪,11R,20:02,4-7,4,7,40.9,0.07368723679388,2.0138079848696924
3720260402040005,伊東競輪,5R,12:50,5-8,5,8,91.7,0.032859553506654426,2.013221056560211
3720260402040010,伊東競輪,10R,15:16,6-7,6,7,242.7,0.012381442960900732,2.0049762066106074
2320260405010004,取手競輪,4R,09:32,2-3,2,3,53.6,0.05597558504317632,2.0002913583142505
2220260405010008,前橋競輪,8R,18:43,2-6,2,6,120.4,0.024873548320975762,1.9947752178454818
4520260404020002,豊橋競輪,2R,16:32,4-6,4,6,32.3,0.09246333662137717,1.986565772870482
3720260402040009,伊東競輪,9R,14:46,5-6,5,6,375.6,0.007929139842335536,1.9781849247812278
2220260405010008,前橋競輪,8R,18:43,4-6,4,6,43.0,0.06874060927753103,1.9558461989338345
3720260402040001,伊東競輪,1R,10:58,2-6,2,6,164.4,0.017950504662379893,1.9510629664952543
3720260402040009,伊東競輪,9R,14:46,2-8,2,8,307.3,0.00957249040692504,1.941626302048065
3720260402040006,伊東競輪,6R,13:18,3-4,3,4,84.2,0.03484124860155439,1.9336331322508795
1320260404020001,いわき平競輪,1R,20:49,4-6,4,6,77.6,0.03769769863584563,1.9253414141416205
2320260405010003,取手競輪,3R,09:11,3-6,3,6,244.8,0.011896712144762926,1.9123151330379642
3720260402040004,伊東競輪,4R,12:22,4-9,4,9,78.7,0.03696393202038983,1.9090614500046796
4520260404020011,豊橋競輪,11R,20:16,3-6,3,6,103.5,0.02800122725172251,1.89812702055328
7420260405010003,高知競輪,3R,11:40,2-4,2,4,36.3,0.07972588935250723,1.894049783496012
3720260402040009,伊東競輪,9R,14:46,3-8,3,8,121.8,0.02375139860264374,1.8929203498020075
7420260405010012,高知競輪,12R,16:03,5-6,5,6,50.5,0.05708619568580543,1.8828528821331743
7420260405010008,高知競輪,8R,14:01,5-6,5,6,70.3,0.04079439069876673,1.867845666123301
3720260402040009,伊東競輪,9R,14:46,1-3,1,3,52.4,0.05467236574742292,1.864831965164961
7420260405010003,高知競輪,3R,11:40,3-5,3,5,85.1,0.033650801285164636,1.8636831893675105
3720260402040012,伊東競輪,12R,16:25,1-3,1,3,53.8,0.05302763813261694,1.8528869315347913
8720260404020007,熊本競輪,7R,23:30,1-6,1,6,45.0,0.06330684266257224,1.8488079198157505
3720260402040009,伊東競輪,9R,14:46,5-8,5,8,287.7,0.009898315043058721,1.847745237887994
3720260402040005,伊東競輪,5R,12:50,3-6,3,6,119.2,0.023857777270225703,1.8438470506109037
7420260405010005,高知競輪,5R,12:36,6-7,6,7,138.0,0.02058268481906547,1.8404105050310346
4520260404020002,豊橋競輪,2R,16:32,2-3,2,3,84.9,0.033445552753142316,1.8395274287417829
7420260405010007,高知競輪,7R,13:32,1-4,1,4,85.9,0.03282485439096694,1.8196549921840601
3720260402040004,伊東競輪,4R,12:22,4-7,4,7,193.8,0.01447543137003064,1.8053385995119382
7420260405010005,高知競輪,5R,12:36,1-7,1,7,135.3,0.020729959472192985,1.8047635165877112
7420260405010012,高知競輪,12R,16:03,2-7,2,7,76.2,0.036798388483624614,1.8040372024521956
3720260402040012,伊東競輪,12R,16:25,1-5,1,5,134.3,0.02082844269161284,1.7972598534836046
3720260402040008,伊東競輪,8R,14:16,8-9,8,9,70.3,0.03978866282160354,1.7971429963587284
2220260405010008,前橋競輪,8R,18:43,3-5,3,5,54.7,0.0510728903088751,1.7936870998954682
3720260402040011,伊東競輪,11R,15:48,3-8,3,8,174.9,0.015963097708157556,1.7919457891567565
3720260402040012,伊東競輪,12R,16:25,3-9,3,9,47.9,0.05823921751948463,1.7896585191833139
2320260405010004,取手競輪,4R,09:32,4-5,4,5,137.0,0.02036017259057654,1.789343644908986
4520260404020002,豊橋競輪,2R,16:32,6-7,6,7,90.9,0.03055200863314811,1.7771775847531632
3720260402040006,伊東競輪,6R,13:18,4-9,4,9,103.2,0.026903587104516263,1.7764501891860784
4520260404020002,豊橋競輪,2R,16:32,3-7,3,7,134.7,0.020550497828439283,1.7681520574907714
4520260404020003,豊橋競輪,3R,16:54,2-6,2,6,166.9,0.0165795679604915,1.767129892606031
3720260402040003,伊東競輪,3R,11:54,5-6,5,6,75.4,0.036673659827360545,1.7651939509829853
1320260404020001,いわき平競輪,1R,20:49,6-7,6,7,155.2,0.017805963599662824,1.7634855506676699
2220260405010006,前橋競輪,6R,17:54,5-7,5,7,68.8,0.04013686662087789,1.761416423516399
4520260404020005,豊橋競輪,5R,17:42,1-4,1,4,44.6,0.06180316600066792,1.756421203629789
3720260402040006,伊東競輪,6R,13:18,2-6,2,6,318.6,0.008629325098219221,1.7493029762926442
7420260405010005,高知競輪,5R,12:36,1-3,1,3,40.3,0.06806699029061548,1.7430997087118039
3720260402040005,伊東競輪,5R,12:50,1-3,1,3,231.4,0.011809591103114778,1.7327393812607599
4520260404020009,豊橋競輪,9R,19:22,1-6,1,6,84.0,0.03252477838123249,1.732081384023529
7420260405010007,高知競輪,7R,13:32,1-5,1,5,146.5,0.018625582787974944,1.7286478784383292
7420260405010012,高知競輪,12R,16:03,1-6,1,6,72.5,0.03760437900931995,1.7263174781756963
1320260404020003,いわき平競輪,3R,21:37,1-4,1,4,40.5,0.06702720707262196,1.7146018864411894
1320260404020007,いわき平競輪,7R,23:21,1-6,1,6,44.2,0.06140148674326938,1.7139457140525067
7420260405010011,高知競輪,11R,15:32,2-6,2,6,58.8,0.045949756076593205,1.7018456573036804
4720260404020006,松阪競輪,6R,22:45,1-6,1,6,37.5,0.07200576569702916,1.7002162136385932
3720260402040006,伊東競輪,6R,13:18,2-4,2,4,81.4,0.033124269935676263,1.696315572764048
3720260402040009,伊東競輪,9R,14:46,1-5,1,5,95.9,0.028090106728144555,1.6938412352290628
3720260402040005,伊東競輪,5R,12:50,4-7,4,7,180.2,0.014906934725312494,1.6862296375013113
2220260405010006,前橋競輪,6R,17:54,1-6,1,6,68.8,0.03886610739236046,1.6739881885943997
2220260405010004,前橋競輪,4R,17:06,3-7,3,7,150.1,0.017762786631736083,1.666194273423586
3720260402040007,伊東競輪,7R,13:46,1-7,1,7,66.2,0.04011332339815729,1.6555020089580128
2220260405010003,前橋競輪,3R,16:42,1-5,1,5,122.6,0.021646156084609923,1.6538187359731764
2320260405010003,取手競輪,3R,09:11,2-6,2,6,91.4,0.029034422905590104,1.6537462535709357
4520260404020010,豊橋競輪,10R,19:48,3-4,3,4,148.5,0.017797187877355253,1.642882399787255
3720260402040006,伊東競輪,6R,13:18,3-6,3,6,281.8,0.009377939264836054,1.6427032848308003
3720260402040010,伊東競輪,10R,15:16,4-5,4,5,54.4,0.048451041016169816,1.635736631279638
2220260405010001,前橋競輪,1R,15:55,4-6,4,6,263.7,0.00994452120232419,1.6223702410528889
3720260402040008,伊東競輪,8R,14:16,3-8,3,8,170.0,0.015394543364237592,1.6170723719203908
3720260402040011,伊東競輪,11R,15:48,4-9,4,9,67.8,0.03859969359623115,1.6170592258244718
3720260402040003,伊東競輪,3R,11:54,2-5,2,5,52.4,0.04992175097650961,1.6158997511691036
4520260404020004,豊橋競輪,4R,17:18,1-6,1,6,171.0,0.015293877047376284,1.6152529751013445
3720260402040002,伊東競輪,2R,11:26,5-6,5,6,113.4,0.022991934177304447,1.6072853357063246
2220260405010006,前橋競輪,6R,17:54,3-6,3,6,68.8,0.037816348618669456,1.6017647849644585
4520260404020003,豊橋競輪,3R,16:54,4-5,4,5,106.0,0.024445642285279796,1.5912380822396583
2320260405010001,取手競輪,1R,08:30,2-4,2,4,66.8,0.0387106252609267,1.5858697674299038
3720260402040001,伊東競輪,1R,10:58,4-7,4,7,48.1,0.053644756132636334,1.5803127699798076
2220260405010001,前橋競輪,1R,15:55,2-6,2,6,85.3,0.03015060121513324,1.5718462836508653
3720260402040007,伊東競輪,7R,13:46,7-8,7,8,234.0,0.010887589720958001,1.5476959947041724
8720260404020002,熊本競輪,2R,21:21,1-6,1,6,27.7,0.09191681121120562,1.5460956705503959
3720260402040007,伊東競輪,7R,13:46,1-2,1,2,73.3,0.03468326002386656,1.5422829597494188
8720260404020001,熊本競輪,1R,20:57,3-5,3,5,18.5,0.13736029234036656,1.5411654082967816
3720260402040002,伊東競輪,2R,11:26,6-7,6,7,52.6,0.048205687246004124,1.535619149139817
3720260402040005,伊東競輪,5R,12:50,7-8,7,8,150.5,0.016813568439854227,1.5304420501980611
3720260402040010,伊東競輪,10R,15:16,4-6,4,6,242.7,0.010398428815902572,1.5236986736195544
3720260402040002,伊東競輪,2R,11:26,4-5,4,5,76.8,0.03283806950688919,1.5219637381290894
3720260402040002,伊東競輪,2R,11:26,2-4,2,4,85.2,0.02949610921464671,1.5130685050878996
3720260402040006,伊東競輪,6R,13:18,1-4,1,4,85.7,0.029312844424468968,1.5121107671769907
2220260405010010,前橋競輪,10R,19:35,4-7,4,7,35.8,0.07016028854249602,1.5117383298213576
3720260402040006,伊東競輪,6R,13:18,4-6,4,6,396.1,0.006329863795715369,1.5072590494828577
2220260405010005,前橋競輪,5R,17:30,3-6,3,6,84.2,0.029519790265999598,1.4855663403971664
3720260402040005,伊東競輪,5R,12:50,3-8,3,8,292.5,0.008490944749003465,1.4836013390835134
4520260404020009,豊橋競輪,9R,19:22,4-7,4,7,56.0,0.0443461973497265,1.483387051584684
3720260402040005,伊東競輪,5R,12:50,2-4,2,4,161.5,0.01535740666840437,1.480221176947306
2220260405010007,前橋競輪,7R,18:18,2-3,2,3,44.1,0.056124140593292515,1.4750746001642
3720260402040010,伊東競輪,10R,15:16,5-6,5,6,81.2,0.030363725113757782,1.465534479237132
2220260405010011,前橋競輪,11R,20:02,4-5,4,5,66.4,0.03700494627141897,1.4571284324222198
7420260405010011,高知競輪,11R,15:32,4-5,4,5,127.2,0.01931382434572515,1.456718456776239
3720260402040009,伊東競輪,9R,14:46,6-7,6,7,101.6,0.024153234365596604,1.4539686115446147
3720260402040008,伊東競輪,8R,14:16,6-9,6,9,88.6,0.027670010156730228,1.451562899886298
3720260402040008,伊東競輪,8R,14:16,1-3,1,3,208.9,0.011727826909168269,1.4499430413252514
7420260405010002,高知競輪,2R,11:12,1-6,1,6,89.4,0.027363459882339763,1.446293313481175
2220260405010012,前橋競輪,12R,20:30,4-5,4,5,54.2,0.04513269129163322,1.4461918680065207
3720260402040005,伊東競輪,5R,12:50,6-8,6,8,109.9,0.022210130969649817,1.4408933935645152
3720260402040009,伊東競輪,9R,14:46,3-6,3,6,131.2,0.01859949185948035,1.440253331963822
3720260402040003,伊東競輪,3R,11:54,1-2,1,2,102.9,0.02367728884459758,1.4363930221090913
3720260402040005,伊東競輪,5R,12:50,1-8,1,8,209.5,0.011627331000611325,1.4359258446280725
2320260405010005,取手競輪,5R,09:53,1-2,1,2,47.9,0.05080556502413173,1.4335865646559096
7420260405010010,高知競輪,10R,15:01,1-2,1,2,45.8,0.053126453748903596,1.4331915816997847
3720260402040001,伊東競輪,1R,10:58,1-7,1,7,52.8,0.045898675748144144,1.4234500795020106
7420260405010001,高知競輪,1R,10:45,5-7,5,7,64.4,0.0375893507772839,1.420754190057083
1320260404020001,いわき平競輪,1R,20:49,2-5,2,5,51.7,0.046730699698319195,1.4159771744031024
4520260404020004,豊橋競輪,4R,17:18,4-7,4,7,57.0,0.04233950911695619,1.4133520196665028
2320260405010006,取手競輪,6R,10:14,5-7,5,7,82.1,0.029368055703236542,1.41111737323572
3720260402040008,伊東競輪,8R,14:16,1-2,1,2,228.5,0.010530772567951936,1.4062815317770174
2220260405010004,前橋競輪,4R,17:06,6-7,6,7,186.4,0.012892281906513552,1.403121347374126
7420260405010006,高知競輪,6R,13:04,4-6,4,6,105.1,0.02286289172640596,1.4028899204452663
4520260404020009,豊橋競輪,9R,19:22,5-7,5,7,84.0,0.02854912506368988,1.3981265053499499
1320260404020003,いわき平競輪,3R,21:37,2-6,2,6,40.5,0.05916222473561383,1.3960701017923602
1320260404020004,いわき平競輪,4R,22:01,4-5,4,5,33.0,0.07259869631632465,1.3957569784387136
3720260402040001,伊東競輪,1R,10:58,5-6,5,6,121.8,0.019610923755968217,1.3886105134769289
4520260404020001,豊橋競輪,1R,16:10,4-6,4,6,49.6,0.04813172372251474,1.3873334966367312
2320260405010004,取手競輪,4R,09:32,1-3,1,3,47.7,0.04999930929886426,1.3849670535558252
1320260404020003,いわき平競輪,3R,21:37,1-7,1,7,40.5,0.058689031596932145,1.3769057796757518
7420260405010006,高知競輪,6R,13:04,1-6,1,6,33.0,0.07198536112213315,1.375516917030394
3720260402040011,伊東競輪,11R,15:48,3-6,3,6,246.3,0.009626420515121772,1.3709873728744926
4520260404020007,豊橋競輪,7R,18:30,2-7,2,7,19.9,0.11910875188479009,1.3702641625073224
2320260405010004,取手競輪,4R,09:32,3-7,3,7,31.7,0.07477100089028174,1.370240728221931
7420260405010009,高知競輪,9R,14:31,1-5,1,5,93.1,0.02545386069593661,1.3697544307916982
4720260404020002,松阪競輪,2R,21:05,2-5,2,5,47.2,0.05018705419832044,1.3688289581607247
3720260402040004,伊東競輪,4R,12:22,5-7,5,7,117.5,0.020144408196995763,1.366967963147002
7420260405010005,高知競輪,5R,12:36,1-2,1,2,71.1,0.033242003310955885,1.3635064354089632
2320260405010002,取手競輪,2R,08:50,5-7,5,7,56.7,0.04138986919495853,1.3468055833541488
3720260402040003,伊東競輪,3R,11:54,1-6,1,6,155.1,0.015129374672063444,1.34656601163704
3720260402040006,伊東競輪,6R,13:18,4-8,4,8,176.6,0.013230543250187075,1.3365139379830375
2220260405010012,前橋競輪,12R,20:30,5-6,5,6,71.4,0.03271343254984882,1.335739084059206
3720260402040005,伊東競輪,5R,12:50,4-8,4,8,329.8,0.007079504301072685,1.3348205184937716
4520260404020002,豊橋競輪,2R,16:32,1-4,1,4,31.7,0.07362340537755527,1.3338619504685019
3720260402040001,伊東競輪,1R,10:58,1-4,1,4,62.4,0.037378399179316533,1.3324121087893515
3720260402040011,伊東競輪,11R,15:48,2-7,2,7,92.2,0.02513229042630645,1.317197177305455
4520260404020003,豊橋競輪,3R,16:54,1-5,1,5,47.3,0.04893518358156434,1.314634183407993
4520260404020009,豊橋競輪,9R,19:22,2-3,2,3,33.6,0.06882342656899075,1.3124671327180892
4720260404020002,松阪競輪,2R,21:05,1-7,1,7,47.2,0.04889295348580195,1.3077474045298523
2320260405010003,取手競輪,3R,09:11,2-7,2,7,71.4,0.03228749502672067,1.3053271449078556
4520260404020011,豊橋競輪,11R,20:16,2-7,2,7,69.0,0.033400589836273205,1.3046406987028512
3720260402040002,伊東競輪,2R,11:26,3-6,3,6,63.1,0.03636659492349056,1.294732139672254
2320260405010004,取手競輪,4R,09:32,5-7,5,7,33.5,0.06835656152487554,1.2899448110833305
3720260402040007,伊東競輪,7R,13:46,2-7,2,7,114.0,0.02007057766480083,1.288045853787295
3720260402040003,伊東競輪,3R,11:54,2-4,2,4,84.1,0.027111541201491722,1.2800806150454536
4720260404020002,松阪競輪,2R,21:05,2-6,2,6,47.2,0.048207060604009255,1.275373260509237
3720260402040012,伊東競輪,12R,16:25,3-4,3,4,53.6,0.04244306500896485,1.2749482844805162
3720260402040002,伊東競輪,2R,11:26,4-7,4,7,32.1,0.07085809325172218,1.274544793380282
2220260405010011,前橋競輪,11R,20:02,5-6,5,6,75.9,0.029963046277418907,1.2741952124560951
4520260404020003,豊橋競輪,3R,16:54,2-5,2,5,104.3,0.021785975062564772,1.2722771990255057
3720260402040008,伊東競輪,8R,14:16,2-3,2,3,94.3,0.02405572660991314,1.2684550193148092
4520260404020001,豊橋競輪,1R,16:10,2-3,2,3,47.8,0.04725587714415887,1.2588309274907936
2320260405010003,取手競輪,3R,09:11,2-4,2,4,29.0,0.07786333497667353,1.2580367143235325
3720260402040011,伊東競輪,11R,15:48,7-9,7,9,53.4,0.042283264438507676,1.2579263210163099
7420260405010010,高知競輪,10R,15:01,2-5,2,5,27.9,0.08091077169882198,1.257410530397133
4520260404020009,豊橋競輪,9R,19:22,5-6,5,6,168.0,0.013429172191409943,1.2561009281568705
4520260404020010,豊橋競輪,10R,19:48,2-6,2,6,74.2,0.030326836371065147,1.250251258733034
3720260402040005,伊東競輪,5R,12:50,2-3,2,3,125.0,0.01799837155557349,1.249796444446686
3720260402040007,伊東競輪,7R,13:46,2-4,2,4,144.4,0.015578692419846819,1.2495631854258806
1320260404020004,いわき平競輪,4R,22:01,4-7,4,7,33.0,0.06806835148030807,1.2462555988501665
2220260405010006,前橋競輪,6R,17:54,1-7,1,7,86.0,0.02610019166138542,1.2446164828791462
3720260402040009,伊東競輪,9R,14:46,6-8,6,8,676.1,0.0033189821483320097,1.2439638304872718
4520260404020007,豊橋競輪,7R,18:30,3-4,3,4,49.8,0.044938216957269,1.237923204471996
3720260402040008,伊東競輪,8R,14:16,3-4,3,4,108.3,0.020657311984005108,1.237186887867753
3720260402040004,伊東競輪,4R,12:22,2-4,2,4,124.7,0.01789787732392165,1.2318653022930297
2320260405010003,取手競輪,3R,09:11,4-5,4,5,31.7,0.07033858601891284,1.2297331767995368
3720260402040003,伊東競輪,3R,11:54,4-6,4,6,128.1,0.01740158593933548,1.229143158828875
1320260404020007,いわき平競輪,7R,23:21,3-4,3,4,44.2,0.05033701188430412,1.224895925286242
4520260404020007,豊橋競輪,7R,18:30,2-6,2,6,199.5,0.01113018290627577,1.2204714898020161
7420260405010005,高知競輪,5R,12:36,1-4,1,4,51.5,0.04291278375590208,1.210008363428957
7420260405010008,高知競輪,8R,14:01,1-4,1,4,58.7,0.03758317212512198,1.2061322037446605
2220260405010008,前橋競輪,8R,18:43,2-5,2,5,86.0,0.02552933507740364,1.195522816656713
7420260405010005,高知競輪,5R,12:36,5-6,5,6,60.0,0.036532777866302685,1.191966671978161
7420260405010011,高知競輪,11R,15:32,2-7,2,7,26.8,0.08178411538483853,1.1918142923136728
3720260402040011,伊東競輪,11R,15:48,4-7,4,7,145.1,0.015061418355072638,1.1854118033210397
2220260405010003,前橋競輪,3R,16:42,2-6,2,6,28.5,0.07638603308688229,1.177001942976145
3720260402040010,伊東競輪,10R,15:16,5-9,5,9,68.5,0.03176537372808059,1.1759281003735205
7420260405010003,高知競輪,3R,11:40,4-5,4,5,47.8,0.045484724475776166,1.1741698299421004
2220260405010003,前橋競輪,3R,16:42,3-4,3,4,44.7,0.04862424633518219,1.173503811182644
2320260405010002,取手競輪,2R,08:50,3-7,3,7,81.5,0.026576900985627074,1.1660174303286066
4520260404020010,豊橋競輪,10R,19:48,4-6,4,6,74.2,0.029085325460411524,1.1581311491625352
3720260402040003,伊東競輪,3R,11:54,6-7,6,7,45.5,0.04733610277805767,1.1537926764016242
3720260402040011,伊東競輪,11R,15:48,4-6,4,6,398.3,0.0053986125451858935,1.1502673767475415
7420260405010004,高知競輪,4R,12:08,2-6,2,6,84.6,0.025384209910850268,1.1475041584579326
3720260402040010,伊東競輪,10R,15:16,3-8,3,8,176.9,0.012113696315825729,1.1429128782695717
2320260405010004,取手競輪,4R,09:32,3-6,3,6,56.0,0.038125561397049174,1.135031438234754
7420260405010010,高知競輪,10R,15:01,1-4,1,4,38.5,0.055268143435448586,1.1278235222647703
2320260405010001,取手競輪,1R,08:30,2-3,2,3,24.0,0.08851626307670829,1.124390313840999
2220260405010004,前橋競輪,4R,17:06,2-7,2,7,74.0,0.0285884137097447,1.1155426145211078
4720260404020001,松阪競輪,1R,20:41,1-5,1,5,35.6,0.059261108860826195,1.1096954754454127
2320260405010001,取手競輪,1R,08:30,3-4,3,4,52.0,0.040521964164960435,1.1071421365779428
2320260405010002,取手競輪,2R,08:50,1-4,1,4,74.5,0.0282572582817697,1.1051657419918426
2320260405010001,取手競輪,1R,08:30,4-5,4,5,110.2,0.01908427545231372,1.1030871548449719
1320260404020007,いわき平競輪,7R,23:21,1-4,1,4,22.1,0.09511723596314528,1.102090914785511
8720260404020006,熊本競輪,6R,23:03,3-6,3,6,70.7,0.029697955659997378,1.0996454651618146
4520260404020004,豊橋競輪,4R,17:18,3-6,3,6,42.7,0.049165808048733314,1.0993800036809125
3720260402040008,伊東競輪,8R,14:16,2-9,2,9,32.5,0.06442913973910802,1.0939470415210106
2220260405010009,前橋競輪,9R,19:09,1-6,1,6,39.5,0.05299690561429597,1.093377771764691
3720260402040010,伊東競輪,10R,15:16,5-8,5,8,82.8,0.025243133799353484,1.0901314785864682
2320260405010005,取手競輪,5R,09:53,2-5,2,5,60.3,0.03455040941271343,1.0833896875866196
3720260402040004,伊東競輪,4R,12:22,4-6,4,6,179.2,0.011625844926509815,1.0833514108305589
2220260405010010,前橋競輪,10R,19:35,1-7,1,7,24.6,0.08465211879356392,1.0824421223216727
2220260405010007,前橋競輪,7R,18:18,5-6,5,6,35.3,0.058722343355683757,1.0728987204556364
3720260402040011,伊東競輪,11R,15:48,5-7,5,7,58.3,0.035488356726155426,1.0689711971348612
8720260404020004,熊本競輪,4R,22:09,1-4,1,4,26.2,0.07874115866437627,1.063018357006658
3720260402040010,伊東競輪,10R,15:16,7-8,7,8,320.5,0.006428938500655848,1.0604747894601991
3720260402040009,伊東競輪,9R,14:46,3-9,3,9,51.4,0.04002580083169131,1.0573261627489337
1320260404020003,いわき平競輪,3R,21:37,2-3,2,3,40.5,0.050764931922977624,1.0559797428805937
2320260405010003,取手競輪,3R,09:11,1-3,1,3,41.2,0.049748802084686225,1.0496506458890726
3720260402040006,伊東競輪,6R,13:18,2-3,2,3,50.7,0.04042010269117778,1.0492992064427136
4520260404020002,豊橋競輪,2R,16:32,2-6,2,6,42.0,0.048773966876601973,1.048506608817283
2220260405010008,前橋競輪,8R,18:43,4-5,4,5,31.6,0.06475223695266148,1.046170687704103
3720260402040010,伊東競輪,10R,15:16,5-7,5,7,33.0,0.061687499041858336,1.035687468381325
3720260402040010,伊東競輪,10R,15:16,1-8,1,8,124.0,0.016350644392059206,1.0274799046153413
2220260405010009,前橋競輪,9R,19:09,2-5,2,5,88.8,0.02282913634714144,1.02722730762616
3720260402040004,伊東競輪,4R,12:22,1-6,1,6,68.6,0.02943737639380546,1.0194040206150543
2220260405010010,前橋競輪,10R,19:35,1-4,1,4,49.3,0.04095033534541126,1.018851532528775
7420260405010004,高知競輪,4R,12:08,1-5,1,5,21.9,0.09212802403342277,1.0176037263319584
3720260402040004,伊東競輪,4R,12:22,3-7,3,7,86.3,0.02332894011737604,1.013287532129552
4520260404020003,豊橋競輪,3R,16:54,1-2,1,2,36.0,0.05592098288115962,1.0131553837217462
3720260402040010,伊東競輪,10R,15:16,2-7,2,7,65.3,0.030812550883058964,1.0120595726637505
2220260405010005,前橋競輪,5R,17:30,5-6,5,6,37.4,0.05372938273941429,1.0094789144540943
2220260405010009,前橋競輪,9R,19:09,2-3,2,3,27.3,0.0733354521369124,1.0020578433377083
2220260405010004,前橋競輪,4R,17:06,1-2,1,2,36.5,0.05478980764113932,0.9998279789015851
3720260402040010,伊東競輪,10R,15:16,4-8,4,8,314.6,0.006355763761646583,0.9995232794140152
3720260402040010,伊東競輪,10R,15:16,6-9,6,9,287.9,0.006941267499170922,0.9983909130113082
4520260404020001,豊橋競輪,1R,16:10,6-7,6,7,50.6,0.039329109609423166,0.9900529462368122
3720260402040005,伊東競輪,5R,12:50,1-7,1,7,90.6,0.02192457316037673,0.9863663283301314
2220260405010001,前橋競輪,1R,15:55,3-6,3,6,120.8,0.016347606453353404,0.9747908595650912
3720260402040006,伊東競輪,6R,13:18,5-8,5,8,94.5,0.02084103094014218,0.969477423843436
3720260402040003,伊東競輪,3R,11:54,6-8,6,8,125.2,0.015698433524594952,0.9654438772792879
7420260405010007,高知競輪,7R,13:32,3-5,3,5,45.2,0.04342843852056464,0.9629654211295218
4520260404020005,豊橋競輪,5R,17:42,6-7,6,7,60.8,0.03226421508055029,0.9616642768974575
4520260404020006,豊橋競輪,6R,18:06,2-5,2,5,52.2,0.03740616678276904,0.9526019060605442
2220260405010001,前橋競輪,1R,15:55,1-7,1,7,21.3,0.09164349909516228,0.9520065307269567
7420260405010001,高知競輪,1R,10:45,3-4,3,4,57.7,0.033768029462735674,0.9484152999998485
4520260404020008,豊橋競輪,8R,18:56,1-2,1,2,67.8,0.028722648026886205,0.9473955362228845
4520260404020007,豊橋競輪,7R,18:30,4-5,4,5,66.5,0.02916526518381798,0.9394901347238958
4720260404020005,松阪競輪,5R,22:18,4-6,4,6,32.2,0.06019309393975222,0.9382176248600216
3720260402040007,伊東競輪,7R,13:46,4-5,4,5,40.0,0.048305466248436985,0.9322186499374794
4520260404020011,豊橋競輪,11R,20:16,1-2,1,2,29.5,0.06544584663390791,0.9306524757002834
2320260405010004,取手競輪,4R,09:32,2-5,2,5,39.2,0.049128732479286286,0.9258463131880226
3720260402040006,伊東競輪,6R,13:18,1-8,1,8,110.2,0.017448754070073347,0.9228526985220828
2320260405010002,取手競輪,2R,08:50,1-6,1,6,180.0,0.010664087986831976,0.9195358376297558
2320260405010001,取手競輪,1R,08:30,3-6,3,6,29.4,0.06521600844521683,0.9173506482893747
7420260405010001,高知競輪,1R,10:45,1-5,1,5,26.2,0.07311485388699795,0.9156091718393464
3720260402040009,伊東競輪,9R,14:46,5-9,5,9,87.8,0.02181542543724989,0.9153943533905402
2220260405010001,前橋競輪,1R,15:55,3-4,3,4,170.6,0.011168753056975945,0.9053892715200962
3720260402040011,伊東競輪,11R,15:48,6-7,6,7,237.0,0.008027296899905478,0.9024693652775984
3720260402040005,伊東競輪,5R,12:50,1-2,1,2,92.2,0.020623655349589386,0.9015010232321414
2320260405010006,取手競輪,6R,10:14,1-7,1,7,30.7,0.06185205158881053,0.8988579837764834
2220260405010011,前橋競輪,11R,20:02,6-7,6,7,31.2,0.06078349935562163,0.8964451798953947
1320260404020001,いわき平競輪,1R,20:49,2-6,2,6,51.7,0.03668096361760597,0.8964058190302289
3720260402040007,伊東競輪,7R,13:46,8-9,8,9,196.7,0.009577634042848419,0.883920616228284
4720260404020001,松阪競輪,1R,20:41,2-6,2,6,41.6,0.04527414547643986,0.8834044518198982
3720260402040010,伊東競輪,10R,15:16,3-5,3,5,25.6,0.07329424192179412,0.8763325931979296
4520260404020004,豊橋競輪,4R,17:18,1-4,1,4,41.2,0.045112437015341955,0.8586324050320886
2220260405010007,前橋競輪,7R,18:18,1-4,1,4,88.2,0.02103448359187971,0.8552414528037906
4720260404020006,松阪競輪,6R,22:45,2-5,2,5,37.5,0.049269775978755384,0.8476165992033269
2220260405010012,前橋競輪,12R,20:30,4-6,4,6,84.7,0.021799132273241484,0.8463865035435538
4520260404020003,豊橋競輪,3R,16:54,2-4,2,4,57.0,0.032342961905571885,0.8435488286175974
8720260404020007,熊本競輪,7R,23:30,1-5,1,5,22.5,0.08193519246649487,0.8435418304961346
3720260402040006,伊東競輪,6R,13:18,6-8,6,8,488.6,0.0037700673162380585,0.8420548907139154
7420260405010009,高知競輪,9R,14:31,1-4,1,4,231.1,0.007949605173881706,0.8371537556840623
7420260405010008,高知競輪,8R,14:01,2-4,2,4,30.6,0.060007930236986695,0.8362426652517929
3720260402040011,伊東競輪,11R,15:48,2-4,2,4,83.5,0.021990880707131538,0.8362385390454834
1320260404020002,いわき平競輪,2R,21:13,5-6,5,6,83.2,0.02200991869290412,0.8312252352496228
2220260405010002,前橋競輪,2R,16:18,1-3,1,3,31.2,0.05851693051646254,0.8257282321136312
2220260405010002,前橋競輪,2R,16:18,2-5,2,5,62.5,0.029190116640811885,0.8243822900507427
2320260405010007,取手競輪,7R,10:35,1-2,1,2,22.5,0.08103308504907564,0.8232444136042019
3720260402040012,伊東競輪,12R,16:25,5-9,5,9,77.5,0.023515242896414452,0.82243132447212
4720260404020002,松阪競輪,2R,21:05,5-6,5,6,94.5,0.01926802196379486,0.8208280755786141
4720260404020006,松阪競輪,6R,22:45,1-2,1,2,18.7,0.09713685177408787,0.8164591281754432
2220260405010009,前橋競輪,9R,19:09,1-2,1,2,29.6,0.06120954490097767,0.8118025290689392
8720260404020004,熊本競輪,4R,22:09,4-6,4,6,26.2,0.06910017575587386,0.8104246048038952
1320260404020001,いわき平競輪,1R,20:49,2-7,2,7,51.7,0.03476526309282864,0.7973641018992408
3720260402040012,伊東競輪,12R,16:25,1-8,1,8,150.2,0.011961090072993265,0.7965557289635883
4520260404020004,豊橋競輪,4R,17:18,3-7,3,7,22.5,0.07975364177424724,0.7944569399205628
2220260405010001,前橋競輪,1R,15:55,3-5,3,5,40.8,0.04392465706877465,0.7921260084060056
2220260405010007,前橋競輪,7R,18:18,2-7,2,7,44.1,0.04059137490966899,0.7900796335164026
3720260402040010,伊東競輪,10R,15:16,7-9,7,9,188.7,0.00947095105471713,0.7871684640251224
3720260402040012,伊東競輪,12R,16:25,1-2,1,2,47.0,0.03798589032687195,0.7853368453629814
7420260405010008,高知競輪,8R,14:01,4-5,4,5,30.3,0.058809091238155586,0.7819154645161144
2220260405010008,前橋競輪,8R,18:43,1-4,1,4,35.4,0.050247241517017406,0.778752349702416
1320260404020004,いわき平競輪,4R,22:01,1-6,1,6,33.0,0.05386161994071327,0.777433458043538
3720260402040003,伊東競輪,3R,11:54,2-7,2,7,28.9,0.06138115867407809,0.7739154856808568
3720260402040005,伊東競輪,5R,12:50,3-4,3,4,258.4,0.006860950226458076,0.7728695385167665
3720260402040002,伊東競輪,2R,11:26,1-3,1,3,53.6,0.03302874774912283,0.7703408793529838
2220260405010011,前橋競輪,11R,20:02,1-6,1,6,44.3,0.03993980159336949,0.7693332105862682
3720260402040005,伊東競輪,5R,12:50,1-9,1,9,46.9,0.03770151485987649,0.7682010469282072
4520260404020003,豊橋競輪,3R,16:54,4-7,4,7,34.4,0.051395534139775885,0.7680063744082903
4520260404020004,豊橋競輪,4R,17:18,2-4,2,4,38.6,0.04560571037101652,0.7603804203212376
8720260404020003,熊本競輪,3R,21:45,4-7,4,7,27.7,0.0634639561072998,0.7579515841722042
2320260405010007,取手競輪,7R,10:35,1-4,1,4,34.5,0.050935209877159465,0.7572647407620015
3720260402040001,伊東競輪,1R,10:58,2-7,2,7,38.0,0.04623033511195501,0.7567527342542903
2220260405010003,前橋競輪,3R,16:42,3-6,3,6,43.5,0.04034624161992737,0.7550615104668406
8720260404020004,熊本競輪,4R,22:09,5-6,5,6,26.2,0.06691351218561623,0.753134019263145
3720260402040012,伊東競輪,12R,16:25,4-6,4,6,136.5,0.012823647638804244,0.7504279026967793
1320260404020001,いわき平競輪,1R,20:49,3-7,3,7,51.7,0.03365911246500007,0.7401761144405037
4520260404020005,豊橋競輪,5R,17:42,1-6,1,6,26.7,0.06485368752652904,0.7315934569583251
3720260402040005,伊東競輪,5R,12:50,2-8,2,8,104.7,0.016462067204872095,0.7235784363501083
7420260405010006,高知競輪,6R,13:04,3-4,3,4,35.7,0.04826721114528386,0.7231394378866338
3720260402040004,伊東競輪,4R,12:22,3-4,3,4,112.9,0.015233272676207573,0.719836485143835
7420260405010002,高知競輪,2R,11:12,5-6,5,6,36.7,0.046565212385477575,0.7089432945470271
4520260404020009,豊橋競輪,9R,19:22,1-4,1,4,24.0,0.07112756902706366,0.7070616566495278
3720260402040010,伊東競輪,10R,15:16,1-3,1,3,32.6,0.052264705806455466,0.7038294092904482
8720260404020004,熊本競輪,4R,22:09,1-2,1,2,26.2,0.06490986272937094,0.7006384035095186
4520260404020007,豊橋競輪,7R,18:30,5-7,5,7,19.9,0.08537135040242881,0.6988898730083333
2220260405010007,前橋競輪,7R,18:18,1-2,1,2,52.9,0.03201939770884401,0.6938261387978482
3720260402040012,伊東競輪,12R,16:25,2-4,2,4,59.4,0.028514062997040346,0.6937353420241965
3720260402040011,伊東競輪,11R,15:48,1-4,1,4,59.8,0.02831056100340174,0.692971548003424
2320260405010001,取手競輪,1R,08:30,5-7,5,7,50.5,0.03352229253527156,0.6928757730312136
1320260404020003,いわき平競輪,3R,21:37,3-4,3,4,40.5,0.041755310979300034,0.6910900946616514
2320260405010007,取手競輪,7R,10:35,6-7,6,7,97.0,0.017405839833029624,0.6883664638038736
3720260402040006,伊東競輪,6R,13:18,6-9,6,9,229.0,0.007354892755200465,0.6842704409409064
2220260405010006,前橋競輪,6R,17:54,2-5,2,5,20.2,0.08335007953027074,0.6836716065114687
7420260405010007,高知競輪,7R,13:32,1-2,1,2,24.9,0.06761672881909606,0.6836565475954917
3720260402040009,伊東競輪,9R,14:46,2-7,2,7,35.0,0.04804745063475788,0.6816607722165258
4720260404020001,松阪競輪,1R,20:41,2-4,2,4,27.7,0.0606925685046303,0.6811841475782592
4520260404020009,豊橋競輪,9R,19:22,3-7,3,7,56.0,0.029925107903551837,0.6758060425989028
8720260404020005,熊本競輪,5R,22:36,1-4,1,4,20.2,0.08291250386869012,0.6748325781475404
2320260405010001,取手競輪,1R,08:30,1-6,1,6,34.4,0.04864000588221848,0.6732162023483157
3720260402040007,伊東競輪,7R,13:46,3-4,3,4,65.5,0.02553993743222748,0.6728659018109
4720260404020005,松阪競輪,5R,22:18,2-3,2,3,32.2,0.051929986729674665,0.6721455726955243
1320260404020002,いわき平競輪,2R,21:13,2-4,2,4,27.7,0.060278171786903215,0.669705358497219
8720260404020002,熊本競輪,2R,21:21,4-5,4,5,27.7,0.06023239221144447,0.6684372642570118
7420260405010003,高知競輪,3R,11:40,3-7,3,7,31.8,0.052462512872274145,0.6683079093383177
3720260402040006,伊東競輪,6R,13:18,1-2,1,2,46.8,0.03561738457714161,0.6668935982102271
4520260404020004,豊橋競輪,4R,17:18,3-4,3,4,16.3,0.10225925954765858,0.6668259306268349
2220260405010009,前橋競輪,9R,19:09,5-7,5,7,59.2,0.028135850625167068,0.6656423570098906
7420260405010011,高知競輪,11R,15:32,1-5,1,5,32.1,0.051875878017366886,0.665215684357477
8720260404020006,熊本競輪,6R,23:03,4-5,4,5,212.2,0.007845780513938035,0.6648746250576509
2220260405010006,前橋競輪,6R,17:54,2-7,2,7,57.3,0.029023008061320046,0.6630183619136385
3720260402040009,伊東競輪,9R,14:46,1-9,1,9,70.8,0.023471857929397596,0.6618075414013498
8720260404020002,熊本競輪,2R,21:21,1-5,1,5,13.8,0.1202522024647936,0.6594803940141516
3720260402040005,伊東競輪,5R,12:50,1-5,1,5,40.1,0.04133189421582856,0.6574089580547251
3720260402040010,伊東競輪,10R,15:16,1-6,1,6,74.8,0.022142161491173557,0.6562336795397821
7420260405010009,高知競輪,9R,14:31,2-4,2,4,39.2,0.042205545591211584,0.6544573871754942
2320260405010007,取手競輪,7R,10:35,4-7,4,7,17.6,0.09397645889180609,0.6539856764957872
3720260402040004,伊東競輪,4R,12:22,7-8,7,8,79.6,0.02071345373100772,0.6487909169882145
7420260405010010,高知競輪,10R,15:01,4-5,4,5,20.0,0.08222086306673852,0.6444172613347705
2220260405010002,前橋競輪,2R,16:18,3-7,3,7,36.1,0.045518962572723046,0.643234548875302
2320260405010001,取手競輪,1R,08:30,3-7,3,7,26.8,0.06121929867457175,0.6406772044785229
4520260404020005,豊橋競輪,5R,17:42,2-4,2,4,55.7,0.02934902580761018,0.6347407374838872
3720260402040009,伊東競輪,9R,14:46,8-9,8,9,153.6,0.010641434010912077,0.6345242640760949
2220260405010010,前橋競輪,10R,19:35,2-7,2,7,19.7,0.08281510358431415,0.6314575406109888
2220260405010012,前橋競輪,12R,20:30,1-4,1,4,64.6,0.0252442294878061,0.6307772249122741
4520260404020001,豊橋競輪,1R,16:10,1-6,1,6,47.8,0.034116382859194105,0.630763100669478
7420260405010008,高知競輪,8R,14:01,4-7,4,7,35.8,0.04548192557610807,0.6282529356246689
2220260405010002,前橋競輪,2R,16:18,2-4,2,4,32.9,0.04939867209236499,0.6252163118388081
2320260405010002,取手競輪,2R,08:50,1-2,1,2,34.5,0.04706370353047717,0.6236977718014622
2320260405010007,取手競輪,7R,10:35,3-4,3,4,66.3,0.024442307936375217,0.6205250161816769
3720260402040011,伊東競輪,11R,15:48,2-5,2,5,36.7,0.044135397782221975,0.6197690986075466
4520260404020007,豊橋競輪,7R,18:30,2-5,2,5,49.8,0.032414559622937,0.6142450692222627
3720260402040012,伊東競輪,12R,16:25,3-7,3,7,26.0,0.062051965275761005,0.6133510971697862
7420260405010011,高知競輪,11R,15:32,3-4,3,4,71.0,0.022669407304153177,0.6095279185948757
4520260404020002,豊橋競輪,2R,16:32,1-7,1,7,86.8,0.018542909915167754,0.609524580636561
3720260402040012,伊東競輪,12R,16:25,6-9,6,9,94.4,0.01700478732094695,0.6052519230973921
3720260402040004,伊東競輪,4R,12:22,1-4,1,4,62.0,0.025827514554270743,0.601305902364786
3720260402040012,伊東競輪,12R,16:25,7-9,7,9,75.4,0.021214593687392015,0.599580364029358
4520260404020002,豊橋競輪,2R,16:32,2-5,2,5,33.6,0.04751259121788477,0.5964230649209283
1320260404020006,いわき平競輪,6R,22:54,1-6,1,6,23.2,0.06851944174806536,0.5896510485551163
2220260405010003,前橋競輪,3R,16:42,4-5,4,5,54.8,0.02894996808061944,0.5864582508179452
1320260404020001,いわき平競輪,1R,20:49,1-6,1,6,31.0,0.051126609599418595,0.5849248975819765
3720260402040008,伊東競輪,8R,14:16,5-6,5,6,120.8,0.013114566897372115,0.5842396812025514
2320260405010006,取手競輪,6R,10:14,1-3,1,3,20.5,0.07708909297563432,0.5803264060005036
2220260405010003,前橋競輪,3R,16:42,1-2,1,2,21.9,0.07209161635625815,0.5788063982020533
7420260405010011,高知競輪,11R,15:32,6-7,6,7,27.6,0.05716525940941178,0.5777611596997652
8720260404020001,熊本競輪,1R,20:57,2-5,2,5,13.8,0.11427480375553703,0.576992291826411
4520260404020008,豊橋競輪,8R,18:56,1-4,1,4,27.1,0.05814981855505795,0.5758600828420706
1320260404020001,いわき平競輪,1R,20:49,2-4,2,4,25.8,0.06090493287860688,0.5713472682680574
4720260404020001,松阪競輪,1R,20:41,3-7,3,7,49.9,0.031476377495546895,0.57067123702779
7420260405010007,高知競輪,7R,13:32,1-6,1,6,50.3,0.031218951519066805,0.5703132614090602
1320260404020003,いわき平競輪,3R,21:37,6-7,6,7,40.5,0.03870790014053419,0.5676699556916347
2220260405010011,前橋競輪,11R,20:02,2-6,2,6,59.0,0.026562910791810394,0.5672117367168132
3720260402040009,伊東競輪,9R,14:46,3-5,3,5,31.6,0.049516344434044665,0.5647164841158114
8720260404020007,熊本競輪,7R,23:30,2-6,2,6,45.0,0.034713973852005676,0.5621288233402555
3720260402040006,伊東競輪,6R,13:18,1-6,1,6,195.4,0.0079672557451469,0.5568017726017043
2220260405010001,前橋競輪,1R,15:55,1-2,1,2,37.1,0.04193967341957833,0.555961883866356
7420260405010009,高知競輪,9R,14:31,5-7,5,7,25.4,0.06099529107544456,0.5492803933162917
3720260402040010,伊東競輪,10R,15:16,1-4,1,4,48.4,0.031921638975305255,0.5450073264047743
7420260405010012,高知競輪,12R,16:03,3-6,3,6,77.5,0.01991133601724139,0.5431285413362077
7420260405010006,高知競輪,6R,13:04,2-6,2,6,31.4,0.04899933097252661,0.5385789925373354
7420260405010007,高知競輪,7R,13:32,1-3,1,3,24.3,0.06318111204612357,0.5353010227208028
3720260402040003,伊東競輪,3R,11:54,3-8,3,8,51.2,0.029948844764394092,0.5333808519369776
7420260405010006,高知競輪,6R,13:04,5-6,5,6,99.0,0.015429830564445988,0.527553225880153
3720260402040006,伊東競輪,6R,13:18,4-5,4,5,43.6,0.0350336843819905,0.5274686390547858
4520260404020006,豊橋競輪,6R,18:06,6-7,6,7,31.0,0.04919348090760209,0.5249979081356648
3720260402040001,伊東競輪,1R,10:58,5-7,5,7,31.4,0.04845883148039791,0.5216073084844943
8720260404020002,熊本競輪,2R,21:21,3-4,3,4,27.7,0.05486368526888593,0.5197240819481401
1320260404020001,いわき平競輪,1R,20:49,3-4,3,4,25.8,0.05877097280341395,0.51629109832808
3720260402040008,伊東競輪,8R,14:16,1-9,1,9,45.7,0.03311368317166072,0.5132953209448949
1320260404020007,いわき平競輪,7R,23:21,2-7,2,7,44.2,0.03416367153821919,0.5100342819892882
3720260402040012,伊東競輪,12R,16:25,4-5,4,5,100.2,0.015044041399482722,0.5074129482281688
3720260402040003,伊東競輪,3R,11:54,1-3,1,3,57.0,0.026435371795626474,0.5068161923507091
7420260405010010,高知競輪,10R,15:01,2-3,2,3,49.4,0.030436417005520557,0.5035590000727155
2220260405010001,前橋競輪,1R,15:55,1-3,1,3,63.0,0.023767529659862535,0.49735436857133974
2320260405010007,取手競輪,7R,10:35,3-7,3,7,22.0,0.06779376246279384,0.49146277418146456
3720260402040001,伊東競輪,1R,10:58,1-2,1,2,47.5,0.03123422916706682,0.4836258854356741
8720260404020004,熊本競輪,4R,22:09,1-6,1,6,13.1,0.11300334283059105,0.48034379108074265
2220260405010008,前橋競輪,8R,18:43,2-3,2,3,26.1,0.056700247976363166,0.47987647218307883
3720260402040006,伊東競輪,6R,13:18,7-8,7,8,66.0,0.022419628556823907,0.4796954847503778
7420260405010006,高知競輪,6R,13:04,1-4,1,4,14.9,0.09901425377783346,0.47531238128971864
7420260405010010,高知競輪,10R,15:01,3-4,3,4,45.8,0.03218673507590489,0.4741524664764438
4720260404020001,松阪競輪,1R,20:41,1-6,1,6,24.9,0.05910579235993492,0.47173422976237944
2320260405010002,取手競輪,2R,08:50,4-5,4,5,17.9,0.08209306968658892,0.4694659473899414
2220260405010009,前橋競輪,9R,19:09,2-7,2,7,32.3,0.04545497959495477,0.46819584091703903
4520260404020010,豊橋競輪,10R,19:48,3-7,3,7,29.7,0.04942198599941106,0.4678329841825086
7420260405010008,高知競輪,8R,14:01,1-3,1,3,45.2,0.032451772211268035,0.46682010394931517
2220260405010002,前橋競輪,2R,16:18,3-5,3,5,46.6,0.03146882229542604,0.46644711896685354
7420260405010012,高知競輪,12R,16:03,2-5,2,5,17.3,0.08465160426719417,0.46447275382245934
3720260402040007,伊東競輪,7R,13:46,2-5,2,5,28.3,0.05169047758031674,0.4628405155229638
3720260402040004,伊東競輪,4R,12:22,6-9,6,9,40.3,0.036117732287780514,0.4555446111975545
2320260405010005,取手競輪,5R,09:53,1-4,1,4,45.6,0.031830805960018055,0.45148475177682346
2220260405010011,前橋競輪,11R,20:02,3-4,3,4,48.3,0.030038662809425163,0.4508674136952353
8720260404020004,熊本競輪,4R,22:09,2-6,2,6,26.2,0.05524465484793918,0.4474099570160066
4520260404020007,豊橋競輪,7R,18:30,1-2,1,2,28.5,0.050754688852615304,0.4465086322995362
3720260402040006,伊東競輪,6R,13:18,8-9,8,9,89.9,0.01601665219363661,0.4398970322079312
7420260405010001,高知競輪,1R,10:45,4-7,4,7,37.9,0.03795412239480344,0.4384612387630502
1320260404020007,いわき平競輪,7R,23:21,1-5,1,5,22.1,0.06503117774009266,0.437189028056048
2320260405010002,取手競輪,2R,08:50,4-7,4,7,55.5,0.02587211141340901,0.43590218344420006
3720260402040002,伊東競輪,2R,11:26,1-2,1,2,98.1,0.01463595955788939,0.43578763262894915
4720260404020005,松阪競輪,5R,22:18,1-2,1,2,16.1,0.0891551449399019,0.4353978335324207
2320260405010003,取手競輪,3R,09:11,1-5,1,5,17.2,0.08335873853749519,0.43377030284491713
3720260402040002,伊東競輪,2R,11:26,2-5,2,5,60.2,0.023808076226574548,0.4332461888397878
8720260404020007,熊本競輪,7R,23:30,5-6,5,6,45.0,0.03178100062713739,0.4301450282211825
7420260405010009,高知競輪,9R,14:31,1-3,1,3,28.7,0.04982897455169425,0.43009156963362494
1320260404020006,いわき平競輪,6R,22:54,1-7,1,7,23.2,0.06161472315905459,0.4294615772900665
7420260405010003,高知競輪,3R,11:40,1-3,1,3,23.0,0.062100878779256186,0.4283202119228924
4720260404020005,松阪競輪,5R,22:18,1-5,1,5,32.2,0.04435596973501725,0.42826222546755566
2220260405010011,前橋競輪,11R,20:02,3-6,3,6,59.0,0.02418780613976299,0.4270805622460163
7420260405010011,高知競輪,11R,15:32,1-3,1,3,25.4,0.05596111408904916,0.42141229786184864
2320260405010005,取手競輪,5R,09:53,2-4,2,4,84.0,0.016895277839977935,0.4192033385581464
2220260405010012,前橋競輪,12R,20:30,2-5,2,5,14.7,0.09651611036509747,0.41878682236693265
3720260402040003,伊東競輪,3R,11:54,1-5,1,5,41.7,0.03397816673523941,0.41688955285948337
2320260405010002,取手競輪,2R,08:50,1-5,1,5,31.0,0.0456843373296172,0.4162144572181332
3720260402040005,伊東競輪,5R,12:50,3-5,3,5,39.5,0.03578424178170486,0.413477550377342
2220260405010002,前橋競輪,2R,16:18,4-7,4,7,21.7,0.06511793014349494,0.4130590841138402
4520260404020005,豊橋競輪,5R,17:42,5-7,5,7,23.8,0.05936895116396873,0.41298103770245587
1320260404020004,いわき平競輪,4R,22:01,5-7,5,7,33.0,0.042799329639140085,0.41237787809162274
3720260402040001,伊東競輪,1R,10:58,1-3,1,3,17.6,0.08003937478355833,0.4086929961906267
3720260402040011,伊東競輪,11R,15:48,4-5,4,5,45.3,0.03104110660877292,0.40616212937741314
1320260404020007,いわき平競輪,7R,23:21,2-3,2,3,22.1,0.06357971867749995,0.40511178277274906
2220260405010001,前橋競輪,1R,15:55,3-7,3,7,23.5,0.059652166124216685,0.4018259039190921
2320260405010006,取手競輪,6R,10:14,1-4,1,4,14.8,0.09470261254000235,0.40159866559203494
4520260404020002,豊橋競輪,2R,16:32,5-6,5,6,22.8,0.06144082816674164,0.4008508822017094
1320260404020001,いわき平競輪,1R,20:49,4-7,4,7,38.8,0.03607995976714414,0.3999024389651926
3720260402040006,伊東競輪,6R,13:18,6-7,6,7,136.9,0.010221542058892263,0.3993291078623509
1320260404020006,いわき平競輪,6R,22:54,1-5,1,5,23.2,0.06000742876866268,0.39217234743297413
8720260404020006,熊本競輪,6R,23:03,4-7,4,7,106.1,0.013094959367087445,0.38937518884797795
7420260405010004,高知競輪,4R,12:08,3-5,3,5,33.9,0.040969061789621314,0.38885119466816254
2320260405010007,取手競輪,7R,10:35,4-6,4,6,175.7,0.00788085323934841,0.38466591415351536
2220260405010001,前橋競輪,1R,15:55,2-4,2,4,67.4,0.02052049734912498,0.3830815213310239
2220260405010010,前橋競輪,10R,19:35,6-7,6,7,28.1,0.04900978661010575,0.3771750037439716
2220260405010012,前橋競輪,12R,20:30,4-7,4,7,42.3,0.03235634391448611,0.36867334758276216
4720260404020006,松阪競輪,6R,22:45,3-6,3,6,37.5,0.03647453795515518,0.3677951733183191
2220260405010010,前橋競輪,10R,19:35,3-4,3,4,56.3,0.024257700496131174,0.36570853793218516
3720260402040004,伊東競輪,4R,12:22,1-5,1,5,40.3,0.03387154383741998,0.36502321664802495
1320260404020004,いわき平競輪,4R,22:01,2-6,2,6,33.0,0.041161361452442966,0.35832492793061776
3720260402040004,伊東競輪,4R,12:22,3-6,3,6,84.3,0.016111303493629426,0.35818288451296065
2220260405010009,前橋競輪,9R,19:09,2-4,2,4,39.5,0.0343467145988396,0.3566952266541643
1320260404020003,いわき平競輪,3R,21:37,3-7,3,7,40.5,0.03348568446367062,0.3561702207786599
2320260405010007,取手競輪,7R,10:35,1-6,1,6,132.7,0.010203158672204619,0.3539591558015527
1320260404020003,いわき平競輪,3R,21:37,4-5,4,5,40.5,0.0334165332376566,0.35336959612509244
8720260404020005,熊本競輪,5R,22:36,1-5,1,5,20.2,0.0669874290231373,0.3531460662673733
4520260404020006,豊橋競輪,6R,18:06,3-6,3,6,22.0,0.06139766740528851,0.3507486829163471
3720260402040012,伊東競輪,12R,16:25,3-5,3,5,24.4,0.05533842141423133,0.3502574825072444
2220260405010003,前橋競輪,3R,16:42,2-3,2,3,17.0,0.07942547418100125,0.35023306107702123
4520260404020003,豊橋競輪,3R,16:54,2-3,2,3,21.6,0.062412903263386554,0.34811871048914966
7420260405010001,高知競輪,1R,10:45,4-6,4,6,76.6,0.01759186962804391,0.3475372135081636
2220260405010012,前橋競輪,12R,20:30,3-6,3,6,33.0,0.040798873309089594,0.3463628191999566
1320260404020007,いわき平競輪,7R,23:21,4-5,4,5,44.2,0.0304567972937397,0.3461904403832947
2220260405010010,前橋競輪,10R,19:35,3-6,3,6,98.6,0.013637711726927243,0.34467837627502607
4720260404020001,松阪競輪,1R,20:41,3-6,3,6,35.6,0.03744916170818263,0.3331901568113018
7420260405010005,高知競輪,5R,12:36,4-5,4,5,23.5,0.0566587091758341,0.3314796656321013
7420260405010008,高知競輪,8R,14:01,1-7,1,7,28.2,0.04717636077613332,0.3303733738869594
4520260404020010,豊橋競輪,10R,19:48,1-6,1,6,74.2,0.01791591025924134,0.32936054123570746
3720260402040012,伊東競輪,12R,16:25,1-7,1,7,76.0,0.01743664328361698,0.32518488955489033
2220260405010002,前橋競輪,2R,16:18,2-7,2,7,30.9,0.042786351402192925,0.3220982583277614
7420260405010001,高知競輪,1R,10:45,2-4,2,4,23.0,0.0574621388232549,0.3216291929348627
3720260402040010,伊東競輪,10R,15:16,1-9,1,9,62.0,0.021310467286956198,0.3212489717912843
7420260405010009,高知競輪,9R,14:31,2-7,2,7,17.4,0.07560637305117772,0.3155508910904923
2320260405010004,取手競輪,4R,09:32,1-4,1,4,47.7,0.027456124126602394,0.30965712083893426
8720260404020001,熊本競輪,1R,20:57,1-5,1,5,9.2,0.14194209887107265,0.3058673096138682
4520260404020011,豊橋競輪,11R,20:16,4-6,4,6,69.0,0.018843875280689263,0.3002273943675591
4520260404020010,豊橋競輪,10R,19:48,1-5,1,5,24.7,0.052577378389084314,0.2986612462103826
2320260405010001,取手競輪,1R,08:30,2-7,2,7,21.5,0.06026858169482641,0.2957745064387678
4720260404020001,松阪競輪,1R,20:41,3-5,3,5,35.6,0.036368412571427575,0.29471548754282173
3720260402040009,伊東競輪,9R,14:46,4-7,4,7,26.5,0.04885329482909745,0.2946123129710825
3720260402040007,伊東競輪,7R,13:46,2-3,2,3,46.9,0.027576007936522914,0.29331477222292457
7420260405010003,高知競輪,3R,11:40,5-7,5,7,78.4,0.01645390197223304,0.28998591462307055
2220260405010010,前橋競輪,10R,19:35,2-6,2,6,49.3,0.02614501473619757,0.28894922649454013
2320260405010007,取手競輪,7R,10:35,2-3,2,3,29.2,0.04409154773395984,0.2874731938316273
3720260402040008,伊東競輪,8R,14:16,3-7,3,7,29.1,0.04412488023143723,0.2840340147348235
8720260404020005,熊本競輪,5R,22:36,2-3,2,3,20.2,0.06324970036958749,0.27764394746566734
8720260404020005,熊本競輪,5R,22:36,1-6,1,6,20.2,0.0632423084266601,0.27749463021853393
2220260405010009,前橋競輪,9R,19:09,6-7,6,7,32.3,0.0394298304402514,0.27358352322012003
7420260405010010,高知競輪,10R,15:01,3-7,3,7,62.1,0.020486860244488224,0.2722340211827188
2320260405010001,取手競輪,1R,08:30,1-5,1,5,31.3,0.040574140658087586,0.26997060259814143
7420260405010006,高知競輪,6R,13:04,2-3,2,3,14.6,0.08698038864286285,0.2699136741857977
4520260404020003,豊橋競輪,3R,16:54,3-4,3,4,18.0,0.07040892551205225,0.2673606592169404
2220260405010012,前橋競輪,12R,20:30,3-4,3,4,25.1,0.05039382802031675,0.26488508330995053
3720260402040007,伊東競輪,7R,13:46,7-9,7,9,68.5,0.018453978876068963,0.2640975530107239
2320260405010002,取手競輪,2R,08:50,1-7,1,7,141.1,0.008954394688405042,0.2634650905339515
8720260404020006,熊本競輪,6R,23:03,5-7,5,7,106.1,0.011860020198176424,0.25834814302651843
4720260404020005,松阪競輪,5R,22:18,1-7,1,7,32.2,0.03881407036253341,0.24981306567357597
3720260402040003,伊東競輪,3R,11:54,4-8,4,8,72.4,0.017222527065789445,0.24691095956315579
2220260405010007,前橋競輪,7R,18:18,1-3,1,3,18.9,0.0659229459726316,0.24594367888273716
4520260404020009,豊橋競輪,9R,19:22,1-5,1,5,24.0,0.05181393376470335,0.24353441035288048
3720260402040007,伊東競輪,7R,13:46,1-3,1,3,23.5,0.05285626524260628,0.2421222332012476
7420260405010007,高知競輪,7R,13:32,2-7,2,7,18.8,0.06605595560739855,0.2418519654190927
2320260405010005,取手競輪,5R,09:53,5-7,5,7,15.7,0.07892355925522283,0.23909988030699836
1320260404020005,いわき平競輪,5R,22:27,1-4,1,4,18.0,0.06882179420802774,0.23879229574449923
3720260402040010,伊東競輪,10R,15:16,4-9,4,9,140.4,0.008815912158666351,0.23775406707675573
1320260404020006,いわき平競輪,6R,22:54,2-6,2,6,23.2,0.05334134536970436,0.23751921257714126
3720260402040003,伊東競輪,3R,11:54,2-6,2,6,48.7,0.025384908008447764,0.23624502001140613
8720260404020003,熊本競輪,3R,21:45,2-5,2,5,27.7,0.04461946633364849,0.23595921744206305
8720260404020004,熊本競輪,4R,22:09,1-7,1,7,26.2,0.04713013272738083,0.23480947745737768
7420260405010005,高知競輪,5R,12:36,3-6,3,6,18.3,0.06728141965900888,0.2312499797598626
7420260405010002,高知競輪,2R,11:12,1-7,1,7,22.0,0.05593601230032476,0.2305922706071446
8720260404020005,熊本競輪,5R,22:36,2-6,2,6,20.2,0.060849664358476295,0.22916322004122103
7420260405010012,高知競輪,12R,16:03,4-5,4,5,16.4,0.07482662884081374,0.22715671298934526
2220260405010006,前橋競輪,6R,17:54,2-6,2,6,28.6,0.04284192532995874,0.2252790644368199
3720260402040005,伊東競輪,5R,12:50,4-6,4,6,60.3,0.02027131391719701,0.2223602292069795
2220260405010008,前橋競輪,8R,18:43,1-6,1,6,75.2,0.016250884663516547,0.22206652669644433
8720260404020002,熊本競輪,2R,21:21,2-5,2,5,27.7,0.04404966379770148,0.22017568719633096
2220260405010002,前橋競輪,2R,16:18,2-6,2,6,45.0,0.02707858488715239,0.2185363199218575
2220260405010008,前橋競輪,8R,18:43,3-6,3,6,22.3,0.05452660402857058,0.21594326983712397
8720260404020006,熊本競輪,6R,23:03,2-4,2,4,21.2,0.05732288856713924,0.2152452376233518
2220260405010008,前橋競輪,8R,18:43,6-7,6,7,27.3,0.04449256533625246,0.21464703367969218
3720260402040001,伊東競輪,1R,10:58,1-6,1,6,70.4,0.017249245051651065,0.21434685163623501
2220260405010011,前橋競輪,11R,20:02,5-7,5,7,15.6,0.07781010248252898,0.21383759872745212
3720260402040006,伊東競輪,6R,13:18,2-9,2,9,36.1,0.03357451522327291,0.2120399995601523
1320260404020001,いわき平競輪,1R,20:49,1-5,1,5,19.4,0.06243246882741735,0.21118989525189646
4720260404020006,松阪競輪,6R,22:45,4-6,4,6,37.5,0.03220382497227384,0.20764343646026884
3720260402040007,伊東競輪,7R,13:46,2-9,2,9,74.5,0.01611635569506978,0.2006684992826986
4720260404020002,松阪競輪,2R,21:05,1-6,1,6,23.6,0.05072649627505189,0.19714531209122454
3720260402040009,伊東競輪,9R,14:46,1-8,1,8,89.5,0.01327765072000324,0.18834973944029
3720260402040011,伊東競輪,11R,15:48,1-6,1,6,79.3,0.014972058647837098,0.18728425077348176
4720260404020001,松阪競輪,1R,20:41,2-3,2,3,19.2,0.06171663641114223,0.18495941909393077
7420260405010008,高知競輪,8R,14:01,3-7,3,7,29.2,0.040538315078954675,0.18371880030547638
2220260405010002,前橋競輪,2R,16:18,1-2,1,2,21.5,0.05502327277087819,0.18300036457388114
7420260405010004,高知競輪,4R,12:08,3-4,3,4,47.7,0.02475677252822192,0.1808980495961856
4520260404020008,豊橋競輪,8R,18:56,1-5,1,5,15.0,0.0785616994934631,0.1784254924019466
4720260404020005,松阪競輪,5R,22:18,3-4,3,4,32.2,0.036535587743573,0.1764459253430508
1320260404020007,いわき平競輪,7R,23:21,4-7,4,7,44.2,0.026546846276534544,0.173370605422827
1320260404020002,いわき平競輪,2R,21:13,4-7,4,7,41.6,0.028197826500511735,0.17302958242128819
3720260402040010,伊東競輪,10R,15:16,2-4,2,4,45.7,0.02566730274848681,0.17299573560584736
4520260404020011,豊橋競輪,11R,20:16,1-6,1,6,25.8,0.04540138628714478,0.17135576620833537
4520260404020003,豊橋競輪,3R,16:54,1-6,1,6,30.3,0.038635233550556314,0.17064757658185625
1320260404020007,いわき平競輪,7R,23:21,3-5,3,5,44.2,0.02645499566110396,0.16931080822079503
3720260402040003,伊東競輪,3R,11:54,1-7,1,7,26.8,0.04361183668389474,0.16879722312837897
7420260405010006,高知競輪,6R,13:04,4-5,4,5,38.1,0.030665206050012817,0.16834435050548846
2220260405010007,前橋競輪,7R,18:18,2-6,2,6,22.0,0.052950362578235655,0.1649079767211843
2220260405010010,前橋競輪,10R,19:35,1-6,1,6,43.8,0.02652807523722476,0.16192969539044433
4520260404020006,豊橋競輪,6R,18:06,5-7,5,7,20.6,0.05623536530029592,0.1584485251860961
8720260404020006,熊本競輪,6R,23:03,4-6,4,6,70.7,0.016381419247467978,0.15816634079598613
1320260404020003,いわき平競輪,3R,21:37,1-3,1,3,20.2,0.05699737164300993,0.1513469071888005
8720260404020003,熊本競輪,3R,21:45,1-4,1,4,9.2,0.12514097114515849,0.151296934535458
1320260404020002,いわき平競輪,2R,21:13,2-3,2,3,16.6,0.0690984479839816,0.14703423653409464
2320260405010003,取手競輪,3R,09:11,1-2,1,2,12.5,0.09162809714998571,0.14535121437482146
3720260402040004,伊東競輪,4R,12:22,5-9,5,9,24.8,0.04614017554789128,0.14427635358770385
3720260402040012,伊東競輪,12R,16:25,8-9,8,9,85.6,0.013302768046849042,0.13871694481027785
2220260405010005,前橋競輪,5R,17:30,2-3,2,3,17.7,0.0642778524314298,0.13771798803630753
3720260402040003,伊東競輪,3R,11:54,5-8,5,8,29.2,0.03894463090987654,0.1371832225683951
2220260405010008,前橋競輪,8R,18:43,1-5,1,5,66.9,0.016989112538105422,0.1365716287992529
2220260405010007,前橋競輪,7R,18:18,4-7,4,7,40.7,0.02792382633072772,0.13649973166061824
3720260402040008,伊東競輪,8R,14:16,1-7,1,7,46.8,0.024275457660606837,0.13609141851639994
4520260404020009,豊橋競輪,9R,19:22,1-7,1,7,21.0,0.054046113810192864,0.13496839001405014
4720260404020004,松阪競輪,4R,21:53,1-4,1,4,12.7,0.08933841324332518,0.13459784819022969
2220260405010006,前橋競輪,6R,17:54,1-2,1,2,19.1,0.059357720338694096,0.13373245846905735
3720260402040006,伊東競輪,6R,13:18,1-3,1,3,28.0,0.04046661948146166,0.1330653454809263
4520260404020010,豊橋競輪,10R,19:48,3-6,3,6,74.2,0.0152620741383904,0.13244590106856768
4520260404020009,豊橋競輪,9R,19:22,3-5,3,5,42.0,0.026907951248314153,0.13013395242919445
3720260402040010,伊東競輪,10R,15:16,2-3,2,3,27.0,0.04163326088874205,0.1240980439960353
2220260405010006,前橋競輪,6R,17:54,1-5,1,5,13.7,0.08191573282013216,0.12224553963581064
3720260402040012,伊東競輪,12R,16:25,5-7,5,7,51.9,0.02159099980250701,0.12057288975011371
2220260405010007,前橋競輪,7R,18:18,2-4,2,4,66.1,0.016858479468805736,0.11434549288805917
1320260404020003,いわき平競輪,3R,21:37,3-5,3,5,40.5,0.027491386262810356,0.11340114364381937
8720260404020003,熊本競輪,3R,21:45,1-2,1,2,9.2,0.12073450378650662,0.11075743483586087
4520260404020001,豊橋競輪,1R,16:10,1-2,1,2,30.6,0.03624711495015053,0.10916171747460623
3720260402040004,伊東競輪,4R,12:22,6-8,6,8,75.0,0.014770730738780317,0.10780480540852388
7420260405010010,高知競輪,10R,15:01,1-7,1,7,29.3,0.037805166110920094,0.10769136704995885
4720260404020002,松阪競輪,2R,21:05,2-4,2,4,15.7,0.07054441269147271,0.10754727925612162
2220260405010009,前橋競輪,9R,19:09,2-6,2,6,32.3,0.034238458930080165,0.10590222344158917
2220260405010012,前橋競輪,12R,20:30,6-7,6,7,48.4,0.022816584731453846,0.10432270100236618
8720260404020002,熊本競輪,2R,21:21,2-3,2,3,27.7,0.03976478124016602,0.10148444035259874
3720260402040002,伊東競輪,2R,11:26,1-7,1,7,23.6,0.046667098835970665,0.10134353252890782
3720260402040002,伊東競輪,2R,11:26,2-7,2,7,18.8,0.058406380202073074,0.09803994779897374
4520260404020003,豊橋競輪,3R,16:54,4-6,4,6,59.0,0.01858877447784986,0.09673769419314171
7420260405010008,高知競輪,8R,14:01,1-2,1,2,17.4,0.06297517088860893,0.09576797346179533
3720260402040007,伊東競輪,7R,13:46,1-9,1,9,36.2,0.0302445880244857,0.0948540864863825
4520260404020011,豊橋競輪,11R,20:16,4-7,4,7,25.8,0.0422001345415826,0.08876347117283112
7420260405010005,高知競輪,5R,12:36,3-5,3,5,12.9,0.08430044266959791,0.08747571043781299
2320260405010002,取手競輪,2R,08:50,3-4,3,4,18.7,0.05790320899355117,0.08279000817940685
2220260405010003,前橋競輪,3R,16:42,4-7,4,7,21.3,0.050799117319503234,0.08202119890541892
7420260405010005,高知競輪,5R,12:36,2-6,2,6,32.8,0.03293587837248238,0.080296810617422
2220260405010009,前橋競輪,9R,19:09,3-5,3,5,22.2,0.04858169775514458,0.07851369016420962
2220260405010005,前橋競輪,5R,17:30,4-5,4,5,21.7,0.049663462787797555,0.07769714249520687
4720260404020003,松阪競輪,3R,21:29,1-5,1,5,16.5,0.06521017602787695,0.0759679044599697
7420260405010006,高知競輪,6R,13:04,2-5,2,5,16.4,0.06549104014682834,0.07405305840798482
8720260404020007,熊本競輪,7R,23:30,2-7,2,7,45.0,0.023859562881462418,0.07368032966580884
3720260402040001,伊東競輪,1R,10:58,4-5,4,5,26.9,0.03982929961899906,0.07140815975107473
2220260405010001,前橋競輪,1R,15:55,4-7,4,7,21.6,0.049421318053852116,0.0675004699632058
8720260404020003,熊本競輪,3R,21:45,4-5,4,5,27.7,0.038531489838907834,0.06732226853774703
2220260405010006,前橋競輪,6R,17:54,2-3,2,3,18.1,0.05889312970133801,0.06596564759421808
8720260404020003,熊本競輪,3R,21:45,5-7,5,7,27.7,0.03842858832604413,0.06447189663142239
3720260402040010,伊東競輪,10R,15:16,6-8,6,8,199.8,0.005326630554802136,0.06426078484946696
1320260404020004,いわき平競輪,4R,22:01,1-3,1,3,33.0,0.03204178475832952,0.05737889702487409
2220260405010005,前橋競輪,5R,17:30,2-7,2,7,19.2,0.055059257712755896,0.05713774808491312
2320260405010007,取手競輪,7R,10:35,2-6,2,6,84.4,0.01249295542300054,0.05440543770124551
4520260404020001,豊橋競輪,1R,16:10,2-7,2,7,25.3,0.04161570998557787,0.052877462635120054
7420260405010002,高知競輪,2R,11:12,1-5,1,5,14.8,0.07100446387927457,0.05086606541326377
1320260404020003,いわき平競輪,3R,21:37,1-2,1,2,13.5,0.07777819203074415,0.050005592415045985
2220260405010008,前橋競輪,8R,18:43,5-7,5,7,25.0,0.0419646905841284,0.049117264603209865
8720260404020004,熊本競輪,4R,22:09,6-7,6,7,26.2,0.040033580174534525,0.04887980057280461
2320260405010002,取手競輪,2R,08:50,2-5,2,5,8.9,0.11735664903500123,0.04447417641151108
2220260405010008,前橋競輪,8R,18:43,2-4,2,4,14.6,0.07148821832082532,0.04372798748404949
3720260402040011,伊東競輪,11R,15:48,1-2,1,2,26.9,0.03871128715553765,0.041333624483962605
7420260405010008,高知競輪,8R,14:01,1-6,1,6,51.8,0.020059630701997046,0.03908887036344688
3720260402040008,伊東競輪,8R,14:16,1-5,1,5,97.5,0.010627152271538496,0.036147346475003284
3720260402040008,伊東競輪,8R,14:16,4-5,4,5,55.2,0.0187101631352082,0.032801005063492816
7420260405010005,高知競輪,5R,12:36,1-6,1,6,42.0,0.024567590259965383,0.03183879091854602
2220260405010007,前橋競輪,7R,18:18,3-4,3,4,25.2,0.040849928761307885,0.029418204784958712
3720260402040004,伊東競輪,4R,12:22,1-3,1,3,30.7,0.03351139721995445,0.028799894652601576
7420260405010001,高知競輪,1R,10:45,2-3,2,3,18.2,0.05651538303205608,0.028579971183420705
3720260402040006,伊東競輪,6R,13:18,2-5,2,5,27.9,0.03686186459836639,0.02844602229442228
2220260405010004,前橋競輪,4R,17:06,2-5,2,5,18.4,0.05576388420187499,0.026055469314499646
2220260405010010,前橋競輪,10R,19:35,5-7,5,7,10.6,0.09673668803936918,0.025408893217313322
4520260404020005,豊橋競輪,5R,17:42,2-5,2,5,17.1,0.059931927585692046,0.024835961715333976
7420260405010004,高知競輪,4R,12:08,3-7,3,7,21.2,0.04826284859508406,0.0231723902157821
1320260404020001,いわき平競輪,1R,20:49,2-3,2,3,17.2,0.059468761576489365,0.022862699115617113
2320260405010007,取手競輪,7R,10:35,2-7,2,7,7.5,0.13618405688926807,0.021380426669510566
2220260405010001,前橋競輪,1R,15:55,2-3,2,3,36.7,0.027781640499088586,0.01958620631655128
4520260404020009,豊橋競輪,9R,19:22,4-5,4,5,24.0,0.0424248720626393,0.018196929503343284
4520260404020006,豊橋競輪,6R,18:06,2-7,2,7,17.7,0.057453884961312235,0.016933763815226488
3720260402040004,伊東競輪,4R,12:22,4-5,4,5,107.8,0.00941017758174334,0.014417143311932001
8720260404020007,熊本競輪,7R,23:30,4-5,4,5,22.5,0.04498679800254033,0.012202955057157405
7420260405010005,高知競輪,5R,12:36,2-7,2,7,35.5,0.02850923679936551,0.012077906377475633
3720260402040004,伊東競輪,4R,12:22,2-6,2,6,48.7,0.020775292477967194,0.011756743677002524
3720260402040006,伊東競輪,6R,13:18,3-9,3,9,26.8,0.037743669356231566,0.011530338747006041
7420260405010005,高知競輪,5R,12:36,4-7,4,7,26.9,0.037571078836262206,0.0106620206954533
7420260405010008,高知競輪,8R,14:01,3-5,3,5,19.1,0.05290857988393018,0.010553875783066546
3720260402040011,伊東競輪,11R,15:48,5-9,5,9,14.0,0.0719464538603617,0.0072503540450639115
3720260402040003,伊東競輪,3R,11:54,1-4,1,4,61.2,0.016397273979628674,0.0035131675532749096
2220260405010005,前橋競輪,5R,17:30,5-7,5,7,15.3,0.0653491920188904,-0.00015736211097683306
4720260404020002,松阪競輪,2R,21:05,1-5,1,5,18.9,0.05282723007261922,-0.0015653516274968249
3720260402040008,伊東競輪,8R,14:16,5-8,5,8,67.7,0.014723830023147918,-0.0031967074328859146
2220260405010001,前橋競輪,1R,15:55,1-5,1,5,14.8,0.06705069943143645,-0.007649648414740584
7420260405010005,高知競輪,5R,12:36,4-6,4,6,23.3,0.042468415747844095,-0.010485913075232611
2220260405010005,前橋競輪,5R,17:30,1-7,1,7,24.0,0.04115293296493156,-0.01232960884164247
8720260404020007,熊本競輪,7R,23:30,5-7,5,7,45.0,0.021914625719599994,-0.013841842618000255
4520260404020007,豊橋競輪,7R,18:30,1-6,1,6,99.7,0.009876278000218421,-0.015335083378223424
3720260402040010,伊東競輪,10R,15:16,3-9,3,9,61.5,0.015970858347036734,-0.017792211657240875
3720260402040004,伊東競輪,4R,12:22,2-5,2,5,41.5,0.023618251105400518,-0.0198425791258785
1320260404020003,いわき平競輪,3R,21:37,1-5,1,5,20.2,0.0484522522733247,-0.021264504078841173
3720260402040007,伊東競輪,7R,13:46,2-6,2,6,80.3,0.012164265418488925,-0.023209486895339415
7420260405010010,高知競輪,10R,15:01,3-6,3,6,33.9,0.02875345076111371,-0.02525801919824522
2220260405010012,前橋競輪,12R,20:30,2-7,2,7,13.9,0.07006371648843551,-0.026114340810746373
4520260404020010,豊橋競輪,10R,19:48,4-5,4,5,13.5,0.07207839245945039,-0.026941701797419837
2320260405010006,取手競輪,6R,10:14,1-2,1,2,11.9,0.08169234366706944,-0.027861110361873664
2220260405010007,前橋競輪,7R,18:18,2-5,2,5,35.3,0.02744375154927888,-0.03123557031045554
2320260405010004,取手競輪,4R,09:32,4-7,4,7,20.5,0.047101130889651885,-0.034426816762136325
4520260404020004,豊橋競輪,4R,17:18,1-7,1,7,36.2,0.026645347568096993,-0.035438418034888786
4520260404020001,豊橋競輪,1R,16:10,2-4,2,4,18.9,0.05101463837999713,-0.035823334618054314
3720260402040011,伊東競輪,11R,15:48,1-5,1,5,17.6,0.05468100901622222,-0.03761424131448887
1320260404020004,いわき平競輪,4R,22:01,1-5,1,5,16.5,0.058300884143228496,-0.038035411636729854
7420260405010007,高知競輪,7R,13:32,4-5,4,5,46.1,0.020810174071260935,-0.04065097531487083
1320260404020006,いわき平競輪,6R,22:54,4-7,4,7,23.2,0.0413266876508631,-0.04122084649997615
1320260404020006,いわき平競輪,6R,22:54,4-5,4,5,23.2,0.04116288802695156,-0.04502099777472379
3720260402040006,伊東競輪,6R,13:18,2-7,2,7,21.0,0.045436627606019644,-0.045830820273587425
2220260405010007,前橋競輪,7R,18:18,4-6,4,6,24.0,0.039748417494732444,-0.04603798012642135
7420260405010002,高知競輪,2R,11:12,2-3,2,3,21.6,0.044163366516366875,-0.04607128324647547
4720260404020004,松阪競輪,4R,21:53,1-3,1,3,12.7,0.07506936117642021,-0.04661911305946331
7420260405010006,高知競輪,6R,13:04,1-2,1,2,6.2,0.1537558777506468,-0.04671355794598975
3720260402040004,伊東競輪,4R,12:22,3-5,3,5,48.9,0.01949158018884402,-0.04686172876552741
8720260404020004,熊本競輪,4R,22:09,3-4,3,4,26.2,0.036288595769780455,-0.04923879083175209
3720260402040002,伊東競輪,2R,11:26,3-5,3,5,20.4,0.04648863326406028,-0.05163188141317032
4520260404020011,豊橋競輪,11R,20:16,5-7,5,7,20.7,0.04578942809114315,-0.0521588385133368
1320260404020006,いわき平競輪,6R,22:54,2-3,2,3,23.2,0.04077293984815618,-0.05406779552277674
3720260402040005,伊東競輪,5R,12:50,7-9,7,9,20.5,0.046068433416232034,-0.05559711496724329
8720260404020003,熊本競輪,3R,21:45,2-7,2,7,13.8,0.06842735268354525,-0.05570253296707561
2220260405010005,前橋競輪,5R,17:30,1-6,1,6,30.6,0.030804359958183085,-0.05738658527959761
3720260402040001,伊東競輪,1R,10:58,3-4,3,4,10.7,0.08785435079899155,-0.059958446450790515
2320260405010007,取手競輪,7R,10:35,1-5,1,5,21.9,0.04290736052206366,-0.060328804566805894
7420260405010010,高知競輪,10R,15:01,2-4,2,4,24.9,0.03772674006766479,-0.0606041723151467
2320260405010007,取手競輪,7R,10:35,2-4,2,4,14.8,0.06330470641895496,-0.06309034499946664
4720260404020003,松阪競輪,3R,21:29,1-3,1,3,16.5,0.0564717023788776,-0.06821691074851954
8720260404020005,熊本競輪,5R,22:36,2-7,2,7,20.2,0.04609397806594554,-0.06890164306790014
3720260402040005,伊東競輪,5R,12:50,2-6,2,6,32.8,0.028351387762515542,-0.07007448138949024
7420260405010008,高知競輪,8R,14:01,5-7,5,7,12.9,0.07189805972296476,-0.07251502957375455
4720260404020001,松阪競輪,1R,20:41,3-4,3,4,17.8,0.05184343839814774,-0.07718679651297011
2220260405010011,前橋競輪,11R,20:02,2-5,2,5,24.1,0.038274081915047845,-0.07759462584734689
2220260405010005,前橋競輪,5R,17:30,2-4,2,4,22.4,0.04113804411149914,-0.07850781190241929
7420260405010012,高知競輪,12R,16:03,3-5,3,5,14.8,0.06169449088488331,-0.086921534903727
4520260404020008,豊橋競輪,8R,18:56,1-6,1,6,33.9,0.026907749193353897,-0.0878273023453029
3720260402040012,伊東競輪,12R,16:25,7-8,7,8,68.7,0.013274197999427424,-0.08806259743933587
1320260404020006,いわき平競輪,6R,22:54,1-4,1,4,11.6,0.07824491861025176,-0.09235894412107959
2220260405010012,前橋競輪,12R,20:30,2-4,2,4,13.0,0.06980404805189937,-0.09254737532530821
2220260405010012,前橋競輪,12R,20:30,1-6,1,6,46.7,0.01942485287762536,-0.09285937061489558
4520260404020010,豊橋競輪,10R,19:48,6-7,6,7,13.5,0.06695222670637474,-0.09614493946394098
4520260404020004,豊橋競輪,4R,17:18,1-5,1,5,20.2,0.04473436359604449,-0.09636585535990128
4520260404020011,豊橋競輪,11R,20:16,2-5,2,5,25.8,0.03500293819194083,-0.09692419464792656
2320260405010003,取手競輪,3R,09:11,4-7,4,7,17.4,0.05187075869032136,-0.0974487987884084
1320260404020004,いわき平競輪,4R,22:01,1-4,1,4,11.0,0.08201930898716894,-0.0977876011411416
1320260404020004,いわき平競輪,4R,22:01,3-5,3,5,33.0,0.027305084701051474,-0.09893220486530141
2220260405010005,前橋競輪,5R,17:30,3-5,3,5,12.0,0.07505644661616198,-0.09932264060605622
4720260404020006,松阪競輪,6R,22:45,2-7,2,7,37.5,0.023924730027526216,-0.10282262396776687
4520260404020001,豊橋競輪,1R,16:10,4-7,4,7,12.0,0.0742548182510365,-0.10894218098756203
1320260404020005,いわき平競輪,5R,22:27,1-3,1,3,9.0,0.09893035739211356,-0.10962678347097798
4520260404020003,豊橋競輪,3R,16:54,3-7,3,7,10.2,0.08716058238640935,-0.11096205965862471
7420260405010008,高知競輪,8R,14:01,2-3,2,3,16.5,0.0537487417566527,-0.11314576101523044
2320260405010005,取手競輪,5R,09:53,3-7,3,7,10.8,0.08146124535731102,-0.12021855014104099
2220260405010002,前橋競輪,2R,16:18,1-4,1,4,10.5,0.08338819101879187,-0.12442399430268536
2320260405010005,取手競輪,5R,09:53,4-7,4,7,16.5,0.053028067672080896,-0.1250368834106652
2220260405010009,前橋競輪,9R,19:09,3-4,3,4,14.2,0.061597647639755955,-0.1253134035154655
7420260405010002,高知競輪,2R,11:12,1-3,1,3,19.7,0.044372938328430964,-0.12585311492991003
2220260405010010,前橋競輪,10R,19:35,4-5,4,5,17.9,0.04873555089257568,-0.12763363902289537
7420260405010002,高知競輪,2R,11:12,1-4,1,4,21.9,0.039791245494922585,-0.1285717236611954
4520260404020008,豊橋競輪,8R,18:56,4-7,4,7,19.3,0.045049663426919795,-0.13054149586044794
3720260402040011,伊東競輪,11R,15:48,3-4,3,4,47.6,0.018209171633114068,-0.1332434302637704
1320260404020006,いわき平競輪,6R,22:54,3-4,3,4,23.2,0.03729188538298307,-0.1348282591147928
7420260405010002,高知競輪,2R,11:12,2-7,2,7,15.5,0.05563557087329772,-0.13764865146388527
2220260405010008,前橋競輪,8R,18:43,1-3,1,3,21.5,0.040029647614861885,-0.13936257628046944
4520260404020008,豊橋競輪,8R,18:56,2-7,2,7,45.2,0.019039232482421207,-0.13942669179456135
1320260404020003,いわき平競輪,3R,21:37,2-5,2,5,20.2,0.04256474017032216,-0.1401922485594923
2220260405010007,前橋競輪,7R,18:18,1-6,1,6,13.9,0.0618543919475531,-0.14022395192901194
4520260404020010,豊橋競輪,10R,19:48,2-7,2,7,9.9,0.08679609472046637,-0.14071866226738294
8720260404020007,熊本競輪,7R,23:30,3-6,3,6,22.5,0.03813398076771872,-0.1419854327263288
4720260404020006,松阪競輪,6R,22:45,3-5,3,5,18.7,0.045767846156819794,-0.14414127686746991
3720260402040008,伊東競輪,8R,14:16,4-8,4,8,67.7,0.012609700692750754,-0.14632326310077393
7420260405010004,高知競輪,4R,12:08,1-3,1,3,9.6,0.08889794844219996,-0.14657969495488044
2220260405010008,前橋競輪,8R,18:43,1-2,1,2,50.1,0.01693418572953401,-0.15159729495034602
4520260404020003,豊橋競輪,3R,16:54,1-7,1,7,10.7,0.0791128796585025,-0.15349218765402328
3720260402040011,伊東競輪,11R,15:48,1-9,1,9,13.5,0.06255934450474912,-0.15544884918588686
3720260402040002,伊東競輪,2R,11:26,2-3,2,3,19.9,0.04242872734314601,-0.15566832587139445
7420260405010007,高知競輪,7R,13:32,4-7,4,7,25.6,0.032942790628588535,-0.15666455990813344
3720260402040002,伊東競輪,2R,11:26,4-8,4,8,32.1,0.026176326361614363,-0.15973992379217894
2220260405010005,前橋競輪,5R,17:30,2-5,2,5,8.6,0.09761749219377999,-0.16048956713349205
2220260405010004,前橋競輪,4R,17:06,3-6,3,6,38.6,0.021654595902110635,-0.16413259817852943
2220260405010005,前橋競輪,5R,17:30,1-2,1,2,12.4,0.0673607641356063,-0.16472652471848193
1320260404020004,いわき平競輪,4R,22:01,3-6,3,6,33.0,0.02520886111607998,-0.16810758316936059
8720260404020002,熊本競輪,2R,21:21,1-4,1,4,6.9,0.12049514095628687,-0.16858352740162053
2220260405010011,前橋競輪,11R,20:02,2-7,2,7,11.5,0.07212947117467737,-0.1705110814912102
3720260402040012,伊東競輪,12R,16:25,4-7,4,7,95.2,0.008706755556860814,-0.17111687098685047
1320260404020005,いわき平競輪,5R,22:27,1-6,1,6,9.0,0.09200234827003377,-0.1719788655696961
8720260404020001,熊本競輪,1R,20:57,1-2,1,2,7.9,0.10427356638473614,-0.17623882556058446
1320260404020004,いわき平競輪,4R,22:01,2-3,2,3,33.0,0.024945251554493036,-0.17680669870172983
4720260404020006,松阪競輪,6R,22:45,5-7,5,7,37.5,0.021930374896579945,-0.17761094137825206
2320260405010001,取手競輪,1R,08:30,2-5,2,5,15.5,0.05301663368552933,-0.17824217787429542
1320260404020003,いわき平競輪,3R,21:37,4-7,4,7,20.2,0.04065141341129326,-0.17884144909187616
3720260402040004,伊東競輪,4R,12:22,2-3,2,3,34.5,0.02379481554037024,-0.17907886385722682
7420260405010011,高知競輪,11R,15:32,4-7,4,7,18.7,0.043875132319203036,-0.1795350256309033
3720260402040005,伊東競輪,5R,12:50,2-7,2,7,32.8,0.024998253796428872,-0.18005727547713302
2220260405010007,前橋競輪,7R,18:18,3-7,3,7,10.1,0.08113962086464929,-0.18048982926704216
1320260404020006,いわき平競輪,6R,22:54,6-7,6,7,23.2,0.03526481430503735,-0.18185630812313358
3720260402040003,伊東競輪,3R,11:54,7-8,7,8,15.9,0.05138852994935891,-0.18292237380519327
7420260405010006,高知競輪,6R,13:04,1-5,1,5,8.5,0.09607120136938938,-0.1833947883601903
2220260405010004,前橋競輪,4R,17:06,2-4,2,4,8.3,0.09807311531374249,-0.18599314289593727
4720260404020003,松阪競輪,3R,21:29,4-7,4,7,16.5,0.049302480494444495,-0.18650907184166587
8720260404020007,熊本競輪,7R,23:30,1-3,1,3,9.0,0.09038787937547263,-0.1865090856207463
4720260404020006,松阪競輪,6R,22:45,3-4,3,4,18.7,0.04347296278092781,-0.1870555959966499
4720260404020005,松阪競輪,5R,22:18,3-6,3,6,10.7,0.07594345370894001,-0.18740504531434188
3720260402040003,伊東競輪,3R,11:54,4-5,4,5,20.9,0.03881159835024234,-0.1888375944799352
7420260405010001,高知競輪,1R,10:45,1-3,1,3,11.5,0.07030814088614795,-0.19145637980929853
4520260404020011,豊橋競輪,11R,20:16,1-5,1,5,9.8,0.08249554792960134,-0.19154363028990673
2320260405010007,取手競輪,7R,10:35,5-7,5,7,9.4,0.08598803932836788,-0.19171243031334195
7420260405010011,高知競輪,11R,15:32,3-7,3,7,12.5,0.06459134696565874,-0.19260816292926575
3720260402040012,伊東競輪,12R,16:25,5-8,5,8,63.2,0.012755516305163642,-0.19385136951365778
7420260405010011,高知競輪,11R,15:32,1-4,1,4,22.3,0.03605401515168688,-0.1959954621173825
3720260402040003,伊東競輪,3R,11:54,3-4,3,4,26.6,0.03022145015307729,-0.19610942592814407
4720260404020003,松阪競輪,3R,21:29,5-7,5,7,16.5,0.048714900130525915,-0.19620414784632245
3720260402040012,伊東競輪,12R,16:25,2-7,2,7,19.5,0.041219085872750395,-0.1962278254813673
4520260404020011,豊橋競輪,11R,20:16,2-4,2,4,25.8,0.031054975592540376,-0.19878162971245827
2220260405010001,前橋競輪,1R,15:55,5-7,5,7,5.9,0.13564636872428415,-0.19968642452672347
7420260405010010,高知競輪,10R,15:01,5-7,5,7,12.9,0.06194710710518595,-0.20088231834310122
7420260405010002,高知競輪,2R,11:12,3-5,3,5,11.9,0.06702577741176736,-0.20239324879996834
2220260405010002,前橋競輪,2R,16:18,3-4,3,4,15.2,0.05245613938391902,-0.2026666813644309
2220260405010012,前橋競輪,12R,20:30,1-2,1,2,15.2,0.05244372791894412,-0.2028553356320495
2220260405010005,前橋競輪,5R,17:30,6-7,6,7,35.4,0.02251634810205544,-0.20292127718723751
8720260404020004,熊本競輪,4R,22:09,3-6,3,6,13.1,0.06078313247098597,-0.20374096463008384
7420260405010012,高知競輪,12R,16:03,1-3,1,3,17.5,0.04542686375831291,-0.20502988422952406
1320260404020004,いわき平競輪,4R,22:01,3-7,3,7,33.0,0.024073595270432055,-0.20557135607574217
4720260404020001,松阪競輪,1R,20:41,1-4,1,4,10.4,0.07634708878872502,-0.20599027659725977
7420260405010004,高知競輪,4R,12:08,1-4,1,4,11.9,0.06672206228679113,-0.20600745878718552
3720260402040012,伊東競輪,12R,16:25,1-6,1,6,50.8,0.015603059282755275,-0.20736458843603212
4720260404020006,松阪競輪,6R,22:45,1-5,1,5,9.3,0.08510939807324089,-0.2084825979188597
2220260405010006,前橋競輪,6R,17:54,3-7,3,7,31.2,0.025337657451032544,-0.2094650875277846
4520260404020004,豊橋競輪,4R,17:18,6-7,6,7,66.5,0.011876565099567459,-0.210208420878764
8720260404020007,熊本競輪,7R,23:30,2-5,2,5,15.0,0.052531467792225256,-0.2120279831166212
8720260404020002,熊本競輪,2R,21:21,3-5,3,5,13.8,0.056868629830133396,-0.21521290834415907
8720260404020001,熊本競輪,1R,20:57,1-3,1,3,6.1,0.128641230261082,-0.2152884954073998
2320260405010001,取手競輪,1R,08:30,1-3,1,3,11.3,0.06941468310565099,-0.21561408090614376
4720260404020005,松阪競輪,5R,22:18,2-5,2,5,32.2,0.02435367418888127,-0.215811691118023
3720260402040005,伊東競輪,5R,12:50,6-9,6,9,14.8,0.05267494774362244,-0.22041077339438786
2220260405010006,前橋競輪,6R,17:54,1-3,1,3,13.7,0.056647671306290476,-0.22392690310382057
7420260405010009,高知競輪,9R,14:31,2-3,2,3,7.7,0.10078795752651411,-0.22393272704584133
2220260405010006,前橋競輪,6R,17:54,2-4,2,4,15.6,0.049562164153347854,-0.22683023920777345
2220260405010010,前橋競輪,10R,19:35,1-3,1,3,21.9,0.03526998956425961,-0.22758722854271451
7420260405010007,高知競輪,7R,13:32,3-4,3,4,12.4,0.062257714281176164,-0.22800434291341554
3720260402040010,伊東競輪,10R,15:16,2-5,2,5,10.5,0.07347964676734811,-0.22846370894284485
3720260402040010,伊東競輪,10R,15:16,2-9,2,9,45.0,0.01709754300527622,-0.23061056476257014
4720260404020005,松阪競輪,5R,22:18,5-6,5,6,16.1,0.04778652731356155,-0.230636910251659
3720260402040004,伊東競輪,4R,12:22,5-8,5,8,46.5,0.01653887262829875,-0.23094242278410815
2220260405010005,前橋競輪,5R,17:30,3-4,3,4,26.9,0.028558483918798824,-0.23177678258431167
4520260404020007,豊橋競輪,7R,18:30,3-5,3,5,28.5,0.026863463905542354,-0.2343912786920429
1320260404020001,いわき平競輪,1R,20:49,1-7,1,7,15.5,0.049268598458283144,-0.2363367238966113
7420260405010002,高知競輪,2R,11:12,1-2,1,2,16.3,0.04681435636905704,-0.2369259911843702
3720260402040004,伊東競輪,4R,12:22,2-9,2,9,14.4,0.05296020141753818,-0.23737309958745012
4520260404020004,豊橋競輪,4R,17:18,2-3,2,3,9.3,0.08113184257177598,-0.24547386408248328
3720260402040012,伊東競輪,12R,16:25,5-6,5,6,46.9,0.01606634541909522,-0.24648839984443427
3720260402040004,伊東競輪,4R,12:22,2-8,2,8,34.1,0.022022961991894303,-0.24901699607640426
1320260404020004,いわき平競輪,4R,22:01,2-4,2,4,11.0,0.06827029817189137,-0.2490267201091949
2220260405010004,前橋競輪,4R,17:06,1-7,1,7,25.5,0.029387458443446656,-0.2506198096921103
1320260404020002,いわき平競輪,2R,21:13,1-6,1,6,13.8,0.054246268544771034,-0.2514014940821597
3720260402040007,伊東競輪,7R,13:46,5-7,5,7,12.8,0.05842435058741103,-0.2521683124811388
4520260404020005,豊橋競輪,5R,17:42,2-7,2,7,19.1,0.03909374768445123,-0.25330941922698147
4720260404020006,松阪競輪,6R,22:45,4-7,4,7,37.5,0.01983438778278759,-0.2562104581454654
3720260402040005,伊東競輪,5R,12:50,6-7,6,7,20.8,0.03573643216449724,-0.25668221097845734
4520260404020007,豊橋競輪,7R,18:30,1-3,1,3,18.1,0.04103746514934173,-0.25722188079691466
3720260402040004,伊東競輪,4R,12:22,1-9,1,9,10.0,0.07426025744114127,-0.25739742558858725
3720260402040005,伊東競輪,5R,12:50,5-6,5,6,12.8,0.057895325865290496,-0.2589398289242816
4720260404020003,松阪競輪,3R,21:29,4-5,4,5,16.5,0.04474765679197623,-0.2616636629323922
4520260404020010,豊橋競輪,10R,19:48,5-6,5,6,12.3,0.059922398260461585,-0.2629545013963225
7420260405010001,高知競輪,1R,10:45,2-5,2,5,12.8,0.05748794252701094,-0.26415433565425994
4720260404020004,松阪競輪,4R,21:53,4-5,4,5,12.7,0.05776457522301195,-0.2663898946677483
2220260405010002,前橋競輪,2R,16:18,4-5,4,5,14.2,0.051578347150403374,-0.2675874704642721
3720260402040012,伊東競輪,12R,16:25,2-5,2,5,17.9,0.040863135601442294,-0.26854987273418296
3720260402040004,伊東競輪,4R,12:22,3-8,3,8,42.9,0.017045063442291147,-0.26876677832570983
7420260405010012,高知競輪,12R,16:03,1-4,1,4,13.6,0.0535578656564772,-0.27161302707191004
2220260405010003,前橋競輪,3R,16:42,5-7,5,7,30.8,0.023634676878080997,-0.27205195215510525
2320260405010005,取手競輪,5R,09:53,2-7,2,7,9.3,0.07776345055021555,-0.2767999098829953
3720260402040002,伊東競輪,2R,11:26,6-8,6,8,39.0,0.018508092074884675,-0.2781844090794977
3720260402040005,伊東競輪,5R,12:50,1-4,1,4,72.7,0.009894652244267197,-0.28065878184177473
3720260402040006,伊東競輪,6R,13:18,2-8,2,8,36.5,0.0196996571032827,-0.2809625157301814
2220260405010004,前橋競輪,4R,17:06,3-4,3,4,10.3,0.06979110228494492,-0.2811516464650673
2220260405010010,前橋競輪,10R,19:35,2-3,2,3,20.7,0.03467200844847034,-0.282289425116664
7420260405010011,高知競輪,11R,15:32,5-7,5,7,11.8,0.060740064743726604,-0.28326723602402604
1320260404020002,いわき平競輪,2R,21:13,1-5,1,5,11.8,0.06065139700332116,-0.2843135153608103
3720260402040006,伊東競輪,6R,13:18,1-5,1,5,18.4,0.03888044339089452,-0.2845998416075409
1320260404020005,いわき平競輪,5R,22:27,3-4,3,4,18.0,0.03965157843683278,-0.28627158813701004
4520260404020008,豊橋競輪,8R,18:56,2-4,2,4,13.5,0.05286098957018542,-0.2863766408024969
3720260402040008,伊東競輪,8R,14:16,3-9,3,9,12.6,0.05645036470186695,-0.28872540475647646
4720260404020005,松阪競輪,5R,22:18,2-6,2,6,8.0,0.08852676418265226,-0.2917858865387819
2220260405010002,前橋競輪,2R,16:18,5-7,5,7,16.0,0.04418317577892443,-0.2930691875372091
3720260402040005,伊東競輪,5R,12:50,5-9,5,9,10.0,0.0706831829595489,-0.29316817040451104
4520260404020008,豊橋競輪,8R,18:56,5-7,5,7,11.3,0.0625060204131817,-0.2936819693310466
3720260402040010,伊東競輪,10R,15:16,8-9,8,9,160.2,0.004407135062349138,-0.2939769630116681
3720260402040007,伊東競輪,7R,13:46,3-8,3,8,44.3,0.015918027606661972,-0.2948313770248747
8720260404020005,熊本競輪,5R,22:36,4-6,4,6,20.2,0.03487295846982491,-0.2955662389095368
2220260405010005,前橋競輪,5R,17:30,4-6,4,6,48.1,0.014629881120640186,-0.296302718097207
2320260405010003,取手競輪,3R,09:11,2-5,2,5,14.6,0.04818540682848093,-0.29649306030417844
4520260404020002,豊橋競輪,2R,16:32,5-7,5,7,22.9,0.030694660398341143,-0.2970922768779879
2320260405010004,取手競輪,4R,09:32,1-2,1,2,11.7,0.060032763877391725,-0.2976166626345169
7420260405010003,高知競輪,3R,11:40,4-7,4,7,10.4,0.0675364192276094,-0.29762124003286217
2220260405010003,前橋競輪,3R,16:42,2-5,2,5,12.9,0.05442809694583607,-0.2978775493987147
7420260405010012,高知競輪,12R,16:03,3-7,3,7,25.2,0.027819062643530117,-0.2989596213830411
4720260404020003,松阪競輪,3R,21:29,1-2,1,2,8.2,0.08491782117247423,-0.30367386638571137
2220260405010011,前橋競輪,11R,20:02,1-5,1,5,12.6,0.05515158610103228,-0.3050900151269933
2220260405010012,前橋競輪,12R,20:30,2-3,2,3,6.8,0.10192648258084493,-0.30689991845025455
4720260404020003,松阪競輪,3R,21:29,3-7,3,7,16.5,0.04194136659193903,-0.30796745123300595
3720260402040005,伊東競輪,5R,12:50,2-5,2,5,18.3,0.037806724170035874,-0.30813694768834343
2320260405010007,取手競輪,7R,10:35,4-5,4,5,23.8,0.028683590792081076,-0.3173305391484703
1320260404020007,いわき平競輪,7R,23:21,3-6,3,6,22.1,0.03067653930879024,-0.3220484812757357
2220260405010008,前橋競輪,8R,18:43,1-7,1,7,20.7,0.03249081172660181,-0.3274401972593426
2220260405010006,前橋競輪,6R,17:54,4-7,4,7,31.2,0.02152689210135778,-0.32836096643763735
8720260404020004,熊本競輪,4R,22:09,1-5,1,5,8.7,0.07717408300113736,-0.32858547789010506
2220260405010005,前橋競輪,5R,17:30,2-6,2,6,15.3,0.04378395743391167,-0.33010545126115143
4520260404020011,豊橋競輪,11R,20:16,1-3,1,3,6.6,0.10075519173250706,-0.3350157345654534
8720260404020005,熊本競輪,5R,22:36,1-3,1,3,10.1,0.06582059375716193,-0.3352120030526645
4520260404020001,豊橋競輪,1R,16:10,2-6,2,6,37.0,0.01792513568585416,-0.33676997962339605
3720260402040009,伊東競輪,9R,14:46,5-7,5,7,10.5,0.06308891291468768,-0.3375664143957793
4520260404020011,豊橋競輪,11R,20:16,2-6,2,6,51.7,0.012754481762009409,-0.34059329290411355
4720260404020005,松阪競輪,5R,22:18,1-4,1,4,10.7,0.0615897524022635,-0.3409896492957806
2320260405010007,取手競輪,7R,10:35,3-6,3,6,120.4,0.005450739884323436,-0.34373091792745825
1320260404020006,いわき平競輪,6R,22:54,1-3,1,3,11.6,0.05645203710412065,-0.3451563695922004
2220260405010011,前橋競輪,11R,20:02,3-7,3,7,10.0,0.06530356225396078,-0.3469643774603922
4720260404020002,松阪競輪,2R,21:05,1-3,1,3,8.5,0.07667333166764631,-0.3482766808250064
8720260404020005,熊本競輪,5R,22:36,2-5,2,5,10.1,0.06446134396732629,-0.3489404259300045
3720260402040001,伊東競輪,1R,10:58,2-5,2,5,19.2,0.033739592521029774,-0.35219982359622837
3720260402040008,伊東競輪,8R,14:16,5-7,5,7,14.4,0.044892257841056195,-0.3535514870887908
4520260404020007,豊橋競輪,7R,18:30,2-4,2,4,11.7,0.05515650220460328,-0.3546689242061416
2220260405010009,前橋競輪,9R,19:09,4-7,4,7,16.9,0.03817854871291759,-0.35478252675169275
1320260404020004,いわき平競輪,4R,22:01,3-4,3,4,16.5,0.0390901991626673,-0.3550117138159895
2220260405010012,前橋競輪,12R,20:30,3-5,3,5,9.3,0.06934724411662023,-0.3550706297154318
7420260405010004,高知競輪,4R,12:08,4-7,4,7,21.8,0.029558498623516533,-0.3556247300073395
4720260404020006,松阪競輪,6R,22:45,2-3,2,3,12.5,0.051513642020942566,-0.3560794747382179
7420260405010012,高知競輪,12R,16:03,3-4,3,4,22.7,0.02832733041615089,-0.3569695995533748
7420260405010009,高知競輪,9R,14:31,3-7,3,7,6.3,0.10203394810634453,-0.3571861269300295
1320260404020003,いわき平競輪,3R,21:37,5-6,5,6,20.2,0.031767220173482005,-0.35830215249566355
4520260404020002,豊橋競輪,2R,16:32,3-4,3,4,9.8,0.06545301385040156,-0.3585604642660647
1320260404020007,いわき平競輪,7R,23:21,1-7,1,7,11.0,0.05824687059239494,-0.35928442348365563
4520260404020004,豊橋競輪,4R,17:18,1-2,1,2,21.0,0.03044269785714364,-0.3607033449999836
2220260405010009,前橋競輪,9R,19:09,1-7,1,7,9.8,0.06474943160393276,-0.3654555702814589
2320260405010004,取手競輪,4R,09:32,1-7,1,7,7.8,0.08085837310634988,-0.36930468977047093
7420260405010012,高知競輪,12R,16:03,2-3,2,3,19.4,0.03236421540183622,-0.37213422120437745
2220260405010008,前橋競輪,8R,18:43,3-4,3,4,6.2,0.10079942456992218,-0.3750435676664825
8720260404020004,熊本競輪,4R,22:09,2-3,2,3,26.2,0.02373666465449354,-0.3780993860522692
4520260404020002,豊橋競輪,2R,16:32,1-3,1,3,19.8,0.031256945118143656,-0.3811124866607556
4720260404020004,松阪競輪,4R,21:53,1-6,1,6,12.7,0.048706933845535046,-0.38142194016170494
7420260405010001,高知競輪,1R,10:45,1-7,1,7,8.3,0.07446780571263088,-0.38191721258516365
4520260404020007,豊橋競輪,7R,18:30,2-3,2,3,13.3,0.04626597947253647,-0.3846624730152649
7420260405010009,高知競輪,9R,14:31,3-5,3,5,7.0,0.08789138024981319,-0.3847603382513076
4520260404020010,豊橋競輪,10R,19:48,5-7,5,7,4.5,0.1364473346397922,-0.38598699412093507
2220260405010005,前橋競輪,5R,17:30,1-3,1,3,12.4,0.04938825449643523,-0.38758564424420305
3720260402040005,伊東競輪,5R,12:50,3-7,3,7,34.4,0.017644823668116233,-0.39301806581680165
4520260404020001,豊橋競輪,1R,16:10,3-7,3,7,9.4,0.0644622187556845,-0.3940551436965657
7420260405010012,高知競輪,12R,16:03,1-2,1,2,9.9,0.061198074223338235,-0.3941390651889515
4520260404020009,豊橋競輪,9R,19:22,1-2,1,2,5.6,0.10790875045569157,-0.3957109974481273
3720260402040006,伊東競輪,6R,13:18,1-7,1,7,13.5,0.04457921514334193,-0.39818059556488394
2220260405010012,前橋競輪,12R,20:30,1-5,1,5,17.1,0.035078814997882596,-0.4001522635362076
4520260404020007,豊橋競輪,7R,18:30,3-6,3,6,66.5,0.009007383981886559,-0.4010089652045439
2220260405010011,前橋競輪,11R,20:02,2-3,2,3,18.9,0.03156044361861723,-0.4035076156081344
3720260402040011,伊東競輪,11R,15:48,3-7,3,7,29.4,0.020234605616613773,-0.4051025948715551
2220260405010012,前橋競輪,12R,20:30,1-7,1,7,23.3,0.02540159158395526,-0.40814291609384246
7420260405010010,高知競輪,10R,15:01,1-3,1,3,13.4,0.0441603270173888,-0.40825161796699005
8720260404020003,熊本競輪,3R,21:45,1-5,1,5,6.9,0.08575785451661674,-0.4082708038353444
4720260404020003,松阪競輪,3R,21:29,1-6,1,6,16.5,0.03570429464379998,-0.4108791383773003
1320260404020004,いわき平競輪,4R,22:01,1-2,1,2,11.0,0.05347306535257054,-0.41179628112172406
4520260404020004,豊橋競輪,4R,17:18,2-5,2,5,13.0,0.04513941168185591,-0.41318764813587316
2320260405010002,取手競輪,2R,08:50,2-3,2,3,6.8,0.08607310527958001,-0.4147028840988559
3720260402040004,伊東競輪,4R,12:22,8-9,8,9,15.3,0.03814068717639149,-0.4164474862012102
3720260402040011,伊東競輪,11R,15:48,2-3,2,3,23.6,0.024642066508278132,-0.41844723040463605
3720260402040010,伊東競輪,10R,15:16,1-7,1,7,15.3,0.03799671834327127,-0.4186502093479495
4720260404020005,松阪競輪,5R,22:18,4-5,4,5,32.2,0.018042539062281808,-0.4190302421945258
1320260404020007,いわき平競輪,7R,23:21,1-2,1,2,4.9,0.11787091590985754,-0.42243251204169796
8720260404020007,熊本競輪,7R,23:30,3-4,3,4,11.2,0.05151961644228748,-0.4229802958463802
2220260405010004,前橋競輪,4R,17:06,4-5,4,5,6.3,0.09116280829086304,-0.4256743077675629
3720260402040010,伊東競輪,10R,15:16,1-2,1,2,10.6,0.054035986848929865,-0.42721853940134347
7420260405010007,高知競輪,7R,13:32,2-3,2,3,5.0,0.11448410492494149,-0.4275794753752926
2220260405010010,前橋競輪,10R,19:35,3-5,3,5,13.6,0.0420715373964376,-0.42782709140844866
3720260402040006,伊東競輪,6R,13:18,5-9,5,9,15.6,0.03648847163946328,-0.43077984242437284
2220260405010004,前橋競輪,4R,17:06,4-7,4,7,9.2,0.06157008298024747,-0.43355523658172335
2220260405010010,前橋競輪,10R,19:35,3-7,3,7,9.3,0.060869385792565435,-0.43391471212914146
7420260405010011,高知競輪,11R,15:32,3-5,3,5,16.5,0.03428594092534533,-0.4342819747318021
1320260404020005,いわき平競輪,5R,22:27,3-7,3,7,18.0,0.031391747746247645,-0.4349485405675424
4520260404020011,豊橋競輪,11R,20:16,3-4,3,4,10.3,0.05484281835502791,-0.4351189709432125
3720260402040002,伊東競輪,2R,11:26,1-5,1,5,33.5,0.016860817800700617,-0.43516260367652937
2220260405010011,前橋競輪,11R,20:02,2-4,2,4,17.1,0.03301588352295952,-0.43542839175739223
3720260402040004,伊東競輪,4R,12:22,1-2,1,2,12.9,0.04374843032860681,-0.4356452487609721
2220260405010012,前橋競輪,12R,20:30,2-6,2,6,10.2,0.055148268156122934,-0.4374876648075461
1320260404020005,いわき平競輪,5R,22:27,1-5,1,5,9.0,0.062472076965687295,-0.4377513073088144
7420260405010012,高知競輪,12R,16:03,4-6,4,6,26.7,0.02097511521737344,-0.4399644236961291
4520260404020001,豊橋競輪,1R,16:10,3-4,3,4,6.7,0.08350167565154243,-0.4405387731346657
1320260404020006,いわき平競輪,6R,22:54,4-6,4,6,11.6,0.048162488959539014,-0.4413151280693475
2220260405010003,前橋競輪,3R,16:42,1-4,1,4,13.0,0.04296586035204096,-0.44144381542346756
3720260402040009,伊東競輪,9R,14:46,3-7,3,7,4.9,0.11383269010833104,-0.4422198184691779
4520260404020004,豊橋競輪,4R,17:18,1-3,1,3,7.0,0.07959388614169952,-0.44284279700810336
2320260405010001,取手競輪,1R,08:30,1-4,1,4,19.2,0.028966186619122126,-0.44384921691285517
3720260402040006,伊東競輪,6R,13:18,7-9,7,9,13.4,0.041476303961758276,-0.4442175269124391
2320260405010007,取手競輪,7R,10:35,1-3,1,3,15.8,0.0351658056548521,-0.44438027065333685
3720260402040002,伊東競輪,2R,11:26,1-8,1,8,45.8,0.012120703759569524,-0.4448717678117159
3720260402040002,伊東競輪,2R,11:26,7-8,7,8,10.2,0.05420980264127567,-0.4470600130589881
3720260402040008,伊東競輪,8R,14:16,3-6,3,6,43.5,0.012622080192423241,-0.450939511629589
2320260405010007,取手競輪,7R,10:35,3-5,3,5,30.5,0.017923860609660263,-0.453322251405362
3720260402040006,伊東競輪,6R,13:18,5-6,5,6,59.1,0.009248155765555294,-0.4534339942556821
4720260404020004,松阪競輪,4R,21:53,3-4,3,4,12.7,0.04270401560106549,-0.45765900186646835
1320260404020005,いわき平競輪,5R,22:27,2-5,2,5,18.0,0.030098426320035114,-0.45822832623936793
3720260402040007,伊東競輪,7R,13:46,3-9,3,9,22.7,0.023808562143756935,-0.45954563933671755
3720260402040002,伊東競輪,2R,11:26,3-7,3,7,6.2,0.0867472539747888,-0.4621670253563094
4720260404020006,松阪競輪,6R,22:45,1-3,1,3,6.2,0.08662533790344865,-0.46292290499861843
3720260402040001,伊東競輪,1R,10:58,3-5,3,5,6.6,0.08114586976614763,-0.46443725954342574
3720260402040002,伊東競輪,2R,11:26,5-8,5,8,25.9,0.020654904519976657,-0.4650379729326046
3720260402040007,伊東競輪,7R,13:46,5-9,5,9,13.1,0.04081320020720303,-0.4653470772856403
7420260405010002,高知競輪,2R,11:12,2-6,2,6,19.5,0.027398881199658012,-0.4657218166066688
2220260405010006,前橋競輪,6R,17:54,4-5,4,5,7.8,0.06840225301335068,-0.4664624264958648
4720260404020004,松阪競輪,4R,21:53,4-7,4,7,12.7,0.04199410013141432,-0.4666749283310381
4720260404020003,松阪競輪,3R,21:29,2-6,2,6,16.5,0.03229722977191633,-0.46709570876338047
3720260402040012,伊東競輪,12R,16:25,3-6,3,6,15.1,0.035169930678306816,-0.4689340467575671
4520260404020011,豊橋競輪,11R,20:16,3-7,3,7,9.4,0.05646251032991552,-0.4692524028987941
4520260404020003,豊橋競輪,3R,16:54,2-7,2,7,11.6,0.04558280830160631,-0.47123942370136684
4520260404020006,豊橋競輪,6R,18:06,3-5,3,5,7.6,0.06910780698946978,-0.47478066688002973
7420260405010002,高知競輪,2R,11:12,5-7,5,7,6.3,0.08333974052987436,-0.4749596346617916
2220260405010009,前橋競輪,9R,19:09,4-5,4,5,27.3,0.0191722916993683,-0.4765964366072454
2220260405010005,前橋競輪,5R,17:30,4-7,4,7,23.2,0.02250408455841408,-0.47790523824479336
8720260404020004,熊本競輪,4R,22:09,4-5,4,5,13.1,0.03970863624668797,-0.4798168651683876
2320260405010001,取手競輪,1R,08:30,1-2,1,2,7.5,0.06931299484339484,-0.48015253867453866
7420260405010008,高知競輪,8R,14:01,2-5,2,5,5.5,0.09411732796988012,-0.4823546961656593
1320260404020002,いわき平競輪,2R,21:13,3-4,3,4,10.4,0.04950604783503389,-0.48513710251564757
3720260402040006,伊東競輪,6R,13:18,3-7,3,7,9.9,0.05177229014613792,-0.4874543275532346
7420260405010010,高知競輪,10R,15:01,3-5,3,5,7.8,0.06526082323414777,-0.49096557877364744
7420260405010009,高知競輪,9R,14:31,4-5,4,5,19.1,0.026519510617660735,-0.4934773472026799
1320260404020006,いわき平競輪,6R,22:54,1-2,1,2,5.8,0.08700474935128905,-0.4953724537625236
4520260404020006,豊橋競輪,6R,18:06,2-3,2,3,7.1,0.07086306701248285,-0.4968722242113718
7420260405010003,高知競輪,3R,11:40,1-5,1,5,22.0,0.022769825920708253,-0.49906382974441843
4720260404020005,松阪競輪,5R,22:18,1-3,1,3,6.4,0.07803209706658237,-0.5005945787738728
7420260405010001,高知競輪,1R,10:45,2-7,2,7,8.2,0.06072999074182889,-0.5020140759170031
7420260405010007,高知競輪,7R,13:32,2-5,2,5,10.4,0.04768760080933104,-0.5040489515829571
7420260405010003,高知競輪,3R,11:40,1-4,1,4,6.4,0.07748802655056253,-0.5040766300763998
8720260404020005,熊本競輪,5R,22:36,4-7,4,7,20.2,0.02436567615208502,-0.5078133417278826
3720260402040003,伊東競輪,3R,11:54,3-7,3,7,7.7,0.06350102722647775,-0.5110420903561212
8720260404020007,熊本競輪,7R,23:30,3-5,3,5,9.0,0.05420657359624658,-0.5121408376337808
2220260405010010,前橋競輪,10R,19:35,1-2,1,2,9.3,0.05212977052919847,-0.5151931340784541
2220260405010011,前橋競輪,11R,20:02,1-2,1,2,9.6,0.05045596852207325,-0.5156227021880968
4520260404020010,豊橋競輪,10R,19:48,2-4,2,4,13.5,0.0358005939239219,-0.5166919820270544
3720260402040008,伊東競輪,8R,14:16,3-5,3,5,21.0,0.0228113091615664,-0.5209625076071056
2220260405010010,前橋競輪,10R,19:35,2-4,2,4,11.9,0.04024545827515992,-0.521079046525597
8720260404020001,熊本競輪,1R,20:57,3-4,3,4,6.9,0.06937937662209773,-0.5212823013075256
1320260404020005,いわき平競輪,5R,22:27,6-7,6,7,18.0,0.026503367682326962,-0.5229393817181147
4520260404020003,豊橋競輪,3R,16:54,3-5,3,5,8.6,0.05539350246056703,-0.5236158788391235
2220260405010007,前橋競輪,7R,18:18,6-7,6,7,6.3,0.07556980346309117,-0.5239102381825256
2220260405010012,前橋競輪,12R,20:30,3-7,3,7,9.4,0.05046084307912324,-0.5256680750562415
2220260405010009,前橋競輪,9R,19:09,1-3,1,3,4.7,0.10066940504256064,-0.526853796299965
7420260405010001,高知競輪,1R,10:45,1-2,1,2,4.5,0.10498916201904679,-0.5275487709142894
3720260402040004,伊東競輪,4R,12:22,2-7,2,7,16.0,0.029314241079140064,-0.530972142733759
7420260405010005,高知競輪,5R,12:36,2-4,2,4,8.8,0.05322551949891256,-0.5316154284095694
2320260405010001,取手競輪,1R,08:30,4-7,4,7,20.9,0.022406212660787878,-0.5317101553895334
3720260402040009,伊東競輪,9R,14:46,2-9,2,9,27.8,0.01684342245108744,-0.5317528558597693
4520260404020008,豊橋競輪,8R,18:56,4-5,4,5,4.5,0.10387288648884144,-0.5325720108002135
2220260405010005,前橋競輪,5R,17:30,1-4,1,4,15.6,0.02983539071061314,-0.534567904914435
2320260405010002,取手競輪,2R,08:50,1-3,1,3,16.0,0.029007182341923232,-0.5358850825292283
2320260405010002,取手競輪,2R,08:50,2-7,2,7,10.9,0.042567034382595965,-0.536019325229704
2320260405010004,取手競輪,4R,09:32,1-5,1,5,10.4,0.04411213629085167,-0.5412337825751425
3720260402040011,伊東競輪,11R,15:48,2-9,2,9,9.0,0.05093089507313192,-0.5416219443418127
2220260405010011,前橋競輪,11R,20:02,1-3,1,3,10.0,0.04575762861880271,-0.5424237138119729
8720260404020004,熊本競輪,4R,22:09,1-3,1,3,6.5,0.07000077472295793,-0.5449949643007734
8720260404020002,熊本競輪,2R,21:21,1-2,1,2,4.6,0.09855201806803139,-0.5466607168870556
8720260404020007,熊本競輪,7R,23:30,4-7,4,7,22.5,0.02012227190706214,-0.5472488820911019
3720260402040003,伊東競輪,3R,11:54,4-7,4,7,9.0,0.04971318649036969,-0.5525813215866728
3720260402040007,伊東競輪,7R,13:46,3-5,3,5,6.1,0.07326623915057834,-0.5530759411814722
8720260404020005,熊本競輪,5R,22:36,3-5,3,5,20.2,0.022031119042897084,-0.554971395333479
3720260402040012,伊東競輪,12R,16:25,6-8,6,8,52.2,0.008517884184913295,-0.555366445547526
8720260404020004,熊本競輪,4R,22:09,3-7,3,7,26.2,0.016951522198963093,-0.555870118387167
1320260404020001,いわき平競輪,1R,20:49,1-4,1,4,5.7,0.07751037927911843,-0.558190838109025
4520260404020010,豊橋競輪,10R,19:48,1-2,1,2,21.2,0.02083525324864345,-0.5582926311287588
3720260402040011,伊東競輪,11R,15:48,3-9,3,9,11.1,0.03972838491716793,-0.559014927419436
3720260402040002,伊東競輪,2R,11:26,3-4,3,4,8.3,0.053069226437257006,-0.5595254205707668
7420260405010007,高知競輪,7R,13:32,3-7,3,7,7.0,0.06214589938008948,-0.5649787043393737
3720260402040002,伊東競輪,2R,11:26,2-6,2,6,20.9,0.020721615583476453,-0.5669182343053422
3720260402040010,伊東競輪,10R,15:16,3-4,3,4,18.1,0.023783535564985823,-0.5695180062737566
2220260405010010,前橋競輪,10R,19:35,2-5,2,5,7.1,0.060622816602441114,-0.5695780021226682
8720260404020004,熊本競輪,4R,22:09,3-5,3,5,13.1,0.03264803354491386,-0.5723107605616284
4720260404020003,松阪競輪,3R,21:29,2-3,2,3,8.2,0.05174857196474125,-0.5756617098891217
2220260405010007,前橋競輪,7R,18:18,1-7,1,7,8.8,0.0481351040999105,-0.5764110839207875
3720260402040001,伊東競輪,1R,10:58,2-4,2,4,11.1,0.03779928238391196,-0.5804279655385772
2320260405010007,取手競輪,7R,10:35,1-7,1,7,3.7,0.1132437409712726,-0.5809981584062913
2220260405010009,前橋競輪,9R,19:09,1-5,1,5,11.1,0.03768821957159787,-0.5816607627552637
8720260404020005,熊本競輪,5R,22:36,3-6,3,6,20.2,0.020582558663118616,-0.5842323150050039
3720260402040012,伊東競輪,12R,16:25,2-3,2,3,4.3,0.0965649804628876,-0.5847705840095834
2220260405010006,前橋競輪,6R,17:54,3-4,3,4,8.8,0.04716657229296919,-0.5849341638218711
1320260404020007,いわき平競輪,7R,23:21,2-4,2,4,6.3,0.06577403762381015,-0.5856235629699961
7420260405010005,高知競輪,5R,12:36,2-3,2,3,5.1,0.08107346245288931,-0.5865253414902645
3720260402040002,伊東競輪,2R,11:26,3-8,3,8,10.6,0.03879828521317438,-0.5887381767403516
3720260402040011,伊東競輪,11R,15:48,4-8,4,8,37.6,0.01093071194855139,-0.5890052307344678
7420260405010005,高知競輪,5R,12:36,2-5,2,5,8.8,0.04651899558952918,-0.5906328388121431
4720260404020004,松阪競輪,4R,21:53,1-5,1,5,4.2,0.09714220484567065,-0.5920027396481833
4520260404020007,豊橋競輪,7R,18:30,3-7,3,7,4.3,0.09458066686185379,-0.5933031324940288
3720260402040001,伊東競輪,1R,10:58,2-3,2,3,5.1,0.07923423013895195,-0.595905426291345
4720260404020005,松阪競輪,5R,22:18,1-6,1,6,3.5,0.11516454204886079,-0.5969241028289872
7420260405010006,高知競輪,6R,13:04,2-4,2,4,5.6,0.07159069317512476,-0.5990921182193014
4520260404020011,豊橋競輪,11R,20:16,6-7,6,7,18.8,0.021235517957087526,-0.6007722624067545
4520260404020008,豊橋競輪,8R,18:56,3-5,3,5,5.0,0.07976080189144016,-0.6011959905427992
2220260405010008,前橋競輪,8R,18:43,2-7,2,7,8.6,0.046272039568108644,-0.6020604597142657
8720260404020004,熊本競輪,4R,22:09,2-4,2,4,13.1,0.030255166961281693,-0.6036573128072098
2220260405010006,前橋競輪,6R,17:54,6-7,6,7,31.2,0.012686105170974994,-0.6041935186655802
1320260404020005,いわき平競輪,5R,22:27,1-2,1,2,3.6,0.109007934166992,-0.6075714369988288
7420260405010008,高知競輪,8R,14:01,3-4,3,4,12.0,0.03259600252404355,-0.6088479697114774
1320260404020002,いわき平競輪,2R,21:13,1-2,1,2,4.1,0.0953205787092189,-0.6091856272922025
2220260405010001,前橋競輪,1R,15:55,2-5,2,5,5.3,0.07319920171742524,-0.6120442308976463
4520260404020003,豊橋競輪,3R,16:54,1-3,1,3,3.7,0.10483791750508574,-0.6120997052311827
4520260404020001,豊橋競輪,1R,16:10,1-7,1,7,6.8,0.05674739519491567,-0.6141177126745734
4520260404020005,豊橋競輪,5R,17:42,1-7,1,7,5.1,0.0753107461715151,-0.615915194525273
8720260404020002,熊本競輪,2R,21:21,2-4,2,4,9.2,0.04149222260347169,-0.6182715520480604
4520260404020010,豊橋競輪,10R,19:48,2-5,2,5,4.9,0.07727908444451878,-0.6213324862218579
2320260405010004,取手競輪,4R,09:32,2-4,2,4,12.5,0.030090539348651822,-0.6238682581418522
3720260402040010,伊東競輪,10R,15:16,2-6,2,6,21.3,0.01759350332015105,-0.6252583792807827
3720260402040001,伊東競輪,1R,10:58,1-5,1,5,11.0,0.03326951810808633,-0.6340353008110504
2220260405010005,前橋競輪,5R,17:30,3-7,3,7,9.3,0.039348195046260845,-0.6340617860697741
3720260402040008,伊東競輪,8R,14:16,5-9,5,9,6.2,0.05890910545162052,-0.6347635461999528
3720260402040011,伊東競輪,11R,15:48,1-3,1,3,12.0,0.030359112854902944,-0.6356906457411646
4520260404020009,豊橋競輪,9R,19:22,2-5,2,5,5.2,0.06960785252215278,-0.6380391668848056
2220260405010003,前橋競輪,3R,16:42,2-4,2,4,4.2,0.0844441927370522,-0.6453343905043807
8720260404020007,熊本競輪,7R,23:30,1-4,1,4,4.5,0.07858993254521301,-0.6463453035465414
4520260404020001,豊橋競輪,1R,16:10,3-6,3,6,7.9,0.044674624627643475,-0.6470704654416165
4520260404020009,豊橋競輪,9R,19:22,2-7,2,7,5.0,0.07055574033255838,-0.6472212983372081
2220260405010009,前橋競輪,9R,19:09,3-7,3,7,4.7,0.07437543209246955,-0.6504354691653931
4520260404020007,豊橋競輪,7R,18:30,6-7,6,7,15.3,0.02283234600492575,-0.650665106124636
3720260402040006,伊東競輪,6R,13:18,5-7,5,7,7.0,0.049659526007622745,-0.6523833179466407
7420260405010012,高知競輪,12R,16:03,2-6,2,6,13.9,0.02498355956844306,-0.6527285219986414
3720260402040002,伊東競輪,2R,11:26,2-8,2,8,19.2,0.018075794763324944,-0.6529447405441611
3720260402040007,伊東競輪,7R,13:46,3-7,3,7,10.9,0.0318173594139419,-0.6531907823880333
8720260404020005,熊本競輪,5R,22:36,1-2,1,2,2.8,0.12234949489415574,-0.6574214142963639
3720260402040003,伊東競輪,3R,11:54,1-8,1,8,22.9,0.014934851216754978,-0.6579919071363111
7420260405010012,高知競輪,12R,16:03,1-5,1,5,2.9,0.11673122766029553,-0.6614794397851429
7420260405010002,高知競輪,2R,11:12,3-7,3,7,6.4,0.05277941428150369,-0.6622117485983763
8720260404020004,熊本競輪,4R,22:09,2-5,2,5,13.1,0.0256885538164663,-0.6634799450042914
7420260405010005,高知競輪,5R,12:36,3-4,3,4,3.6,0.09305115239860892,-0.6650158513650078
7420260405010001,高知競輪,1R,10:45,1-4,1,4,4.6,0.07247559167950485,-0.6666122782742777
2220260405010005,前橋競輪,5R,17:30,1-5,1,5,4.2,0.07870642667642112,-0.6694330079590313
4520260404020011,豊橋競輪,11R,20:16,1-4,1,4,4.2,0.07850159355054692,-0.6702933070877028
3720260402040012,伊東競輪,12R,16:25,2-8,2,8,14.6,0.022543394901552327,-0.6708664344373361
3720260402040012,伊東競輪,12R,16:25,2-6,2,6,11.8,0.027809483879362905,-0.6718480902235178
1320260404020003,いわき平競輪,3R,21:37,5-7,5,7,13.5,0.024220986165902843,-0.6730166867603116
3720260402040004,伊東競輪,4R,12:22,4-8,4,8,26.2,0.012433526395534026,-0.6742416084370085
2220260405010012,前橋競輪,12R,20:30,5-7,5,7,7.1,0.045660311841370795,-0.6758117859262673
8720260404020005,熊本競輪,5R,22:36,2-4,2,4,4.0,0.08006660316019171,-0.6797335873592332
8720260404020001,熊本競輪,1R,20:57,2-4,2,4,6.9,0.04594789963992171,-0.6829594924845401
7420260405010006,高知競輪,6R,13:04,3-5,3,5,7.7,0.04081384888566855,-0.6857333635803522
4720260404020003,松阪競輪,3R,21:29,3-5,3,5,8.2,0.03809108277609785,-0.6876531212359976
4520260404020007,豊橋競輪,7R,18:30,1-5,1,5,10.5,0.02969705812984171,-0.6881808896366621
3720260402040004,伊東競輪,4R,12:22,5-6,5,6,20.0,0.015508789171962013,-0.6898242165607598
2220260405010008,前橋競輪,8R,18:43,4-7,4,7,3.6,0.08556851521286474,-0.691953345233687
4520260404020011,豊橋競輪,11R,20:16,1-7,1,7,3.9,0.07836934780412133,-0.6943595435639268
2220260405010006,前橋競輪,6R,17:54,1-4,1,4,6.4,0.047755517220644195,-0.6943646897878771
2220260405010011,前橋競輪,11R,20:02,1-7,1,7,3.0,0.10160785506467797,-0.6951764348059661
7420260405010005,高知競輪,5R,12:36,3-7,3,7,5.0,0.06085452039884726,-0.6957273980057637
3720260402040006,伊東競輪,6R,13:18,4-7,4,7,8.0,0.037664880947736706,-0.6986809524181063
1320260404020003,いわき平競輪,3R,21:37,2-4,2,4,5.0,0.059874865064095735,-0.7006256746795213
8720260404020003,熊本競輪,3R,21:45,1-3,1,3,6.9,0.0431674824279746,-0.7021443712469753
3720260402040003,伊東競輪,3R,11:54,5-7,5,7,3.8,0.07818471471364935,-0.7028980840881325
3720260402040012,伊東競輪,12R,16:25,3-8,3,8,9.7,0.029708700690814847,-0.7118256032990959
8720260404020005,熊本競輪,5R,22:36,5-7,5,7,20.2,0.014105384810625609,-0.7150712268253627
8720260404020004,熊本競輪,4R,22:09,4-7,4,7,13.1,0.021728649641158795,-0.7153546897008198
3720260402040006,伊東競輪,6R,13:18,3-5,3,5,6.4,0.044473706752858694,-0.7153682767817043
3720260402040007,伊東競輪,7R,13:46,4-9,4,9,19.0,0.014976488218801196,-0.7154467238427773
7420260405010003,高知競輪,3R,11:40,1-7,1,7,7.7,0.03670700347853596,-0.7173560732152731
7420260405010006,高知競輪,6R,13:04,1-3,1,3,2.4,0.11760134998202984,-0.7177567600431284
3720260402040011,伊東競輪,11R,15:48,1-7,1,7,8.9,0.03164615279493056,-0.7183492401251179
4520260404020001,豊橋競輪,1R,16:10,1-4,1,4,3.9,0.0721272043094669,-0.7187039031930791
2320260405010002,取手競輪,2R,08:50,3-5,3,5,3.3,0.08494321554587268,-0.7196873886986201
3720260402040009,伊東競輪,9R,14:46,7-9,7,9,5.8,0.04798278971284348,-0.7216998196655078
2320260405010007,取手競輪,7R,10:35,5-6,5,6,41.6,0.006661668321418459,-0.7228745978289921
3720260402040012,伊東競輪,12R,16:25,2-9,2,9,6.4,0.04246224139237058,-0.7282416550888282
8720260404020007,熊本競輪,7R,23:30,2-3,2,3,4.5,0.060016173127936695,-0.7299272209242849
2320260405010003,取手競輪,3R,09:11,1-7,1,7,4.3,0.06279737836911806,-0.7299712730127923
4520260404020008,豊橋競輪,8R,18:56,3-7,3,7,10.4,0.025907958157066188,-0.7305572351665116
3720260402040006,伊東競輪,6R,13:18,1-9,1,9,8.3,0.03237824410286114,-0.7312605739462525
4520260404020002,豊橋競輪,2R,16:32,3-5,3,5,6.2,0.042792767805670956,-0.73468483960484
3720260402040005,伊東競輪,5R,12:50,1-6,1,6,9.3,0.02832060405951391,-0.7366183822465207
4520260404020001,豊橋競輪,1R,16:10,1-3,1,3,4.1,0.06394899630421436,-0.7378091151527212
3720260402040008,伊東競輪,8R,14:16,2-5,2,5,11.6,0.022533106143393527,-0.7386159687366352
1320260404020005,いわき平競輪,5R,22:27,5-6,5,6,9.0,0.02903501090048508,-0.7386849018956343
3720260402040012,伊東競輪,12R,16:25,4-8,4,8,28.5,0.009151111703267514,-0.7391933164568758
4520260404020010,豊橋競輪,10R,19:48,4-7,4,7,3.2,0.08068010583449958,-0.7418236613296013
7420260405010008,高知競輪,8R,14:01,1-5,1,5,4.1,0.06236622066092243,-0.7442984952902181
3720260402040001,伊東競輪,1R,10:58,3-7,3,7,2.5,0.10216005314542523,-0.7445998671364369
4520260404020008,豊橋競輪,8R,18:56,1-7,1,7,11.3,0.02249458381233054,-0.7458112029206649
4720260404020005,松阪競輪,5R,22:18,4-7,4,7,16.1,0.015761685652174683,-0.7462368609999877
8720260404020007,熊本競輪,7R,23:30,2-4,2,4,5.0,0.04964420942387972,-0.7517789528806014
3720260402040002,伊東競輪,2R,11:26,5-7,5,7,3.9,0.063472291773275,-0.7524580620842275
2220260405010011,前橋競輪,11R,20:02,3-5,3,5,7.1,0.03471999363457878,-0.7534880451944906
4520260404020008,豊橋競輪,8R,18:56,3-4,3,4,4.1,0.05998931415562072,-0.754043811961955
2320260405010002,取手競輪,2R,08:50,2-4,2,4,2.9,0.08315802617350221,-0.7588417240968436
4520260404020009,豊橋競輪,9R,19:22,2-4,2,4,2.7,0.0889991787042417,-0.7597022174985474
8720260404020004,熊本競輪,4R,22:09,5-7,5,7,13.1,0.018328978378122723,-0.7598903832465923
4720260404020001,松阪競輪,1R,20:41,1-3,1,3,3.0,0.07898165193453027,-0.7630550441964092
4520260404020007,豊橋競輪,7R,18:30,1-7,1,7,2.3,0.10300929789281593,-0.7630786148465234
2220260405010012,前橋競輪,12R,20:30,1-3,1,3,6.3,0.03746887236420226,-0.7639461041055258
1320260404020002,いわき平競輪,2R,21:13,1-4,1,4,3.2,0.07354178157725111,-0.7646662989527965
8720260404020003,熊本競輪,3R,21:45,2-4,2,4,3.4,0.06842865641803632,-0.7673425681786765
4520260404020009,豊橋競輪,9R,19:22,6-7,6,7,14.0,0.016547099324056933,-0.7683406094632029
4520260404020008,豊橋競輪,8R,18:56,6-7,6,7,13.5,0.01708513054932871,-0.7693507375840624
2220260405010008,前橋競輪,8R,18:43,3-7,3,7,3.5,0.0657593448758306,-0.7698422929345929
7420260405010008,高知競輪,8R,14:01,2-7,2,7,3.1,0.07357896043642323,-0.7719052226470879
4720260404020002,松阪競輪,2R,21:05,1-4,1,4,3.0,0.0738849060347521,-0.7783452818957437
2220260405010002,前橋競輪,2R,16:18,1-7,1,7,3.0,0.07359659560436266,-0.7792102131869121
3720260402040012,伊東競輪,12R,16:25,6-7,6,7,11.7,0.018831318813408413,-0.7796735698831216
2220260405010006,前橋競輪,6R,17:54,3-5,3,5,2.7,0.08128450634601639,-0.7805318328657558
3720260402040005,伊東競輪,5R,12:50,2-9,2,9,6.3,0.03435303375958705,-0.7835758873146016
4720260404020005,松阪競輪,5R,22:18,2-4,2,4,5.3,0.040705956234570656,-0.7842584319567756
4520260404020002,豊橋競輪,2R,16:32,4-5,4,5,2.5,0.08529252030352644,-0.786768699241184
1320260404020007,いわき平競輪,7R,23:21,1-3,1,3,2.2,0.09629938885888867,-0.7881413445104449
4720260404020004,松阪競輪,4R,21:53,1-2,1,2,2.5,0.08473126765860842,-0.788171830853479
4520260404020005,豊橋競輪,5R,17:42,1-5,1,5,2.1,0.1007086493621405,-0.788511836339505
2220260405010009,前橋競輪,9R,19:09,1-4,1,4,4.1,0.05141101570425742,-0.7892148356125446
1320260404020001,いわき平競輪,1R,20:49,1-3,1,3,2.7,0.07746117332203349,-0.7908548320305095
1320260404020001,いわき平競輪,1R,20:49,1-2,1,2,2.6,0.08031792545591808,-0.791173393814613
8720260404020003,熊本競輪,3R,21:45,1-6,1,6,6.9,0.030261249019930624,-0.7911973817624787
1320260404020002,いわき平競輪,2R,21:13,1-3,1,3,2.5,0.08292193542154117,-0.792695161446147
4520260404020005,豊橋競輪,5R,17:42,1-2,1,2,2.7,0.07654588519785968,-0.7933261099657789
8720260404020002,熊本競輪,2R,21:21,1-3,1,3,1.8,0.11155711089157919,-0.7991972003951575
1320260404020007,いわき平競輪,7R,23:21,3-7,3,7,8.8,0.022611904604073807,-0.8010152394841505
2220260405010010,前橋競輪,10R,19:35,1-5,1,5,3.1,0.06187980873668253,-0.8081725929162842
4720260404020004,松阪競輪,4R,21:53,2-4,2,4,4.2,0.04538900923244522,-0.8093661612237301
2320260405010007,取手競輪,7R,10:35,2-5,2,5,3.5,0.05423125148898404,-0.8101906197885559
2220260405010007,前橋競輪,7R,18:18,3-6,3,6,1.9,0.0994228847618634,-0.8110965189524596
3720260402040009,伊東競輪,9R,14:46,1-7,1,7,2.8,0.06697695084344264,-0.8124645376383606
3720260402040007,伊東競輪,7R,13:46,1-5,1,5,2.0,0.09350756678387899,-0.812984866432242
3720260402040010,伊東競輪,10R,15:16,1-5,1,5,2.0,0.09328539634352609,-0.8134292073129479
8720260404020001,熊本競輪,1R,20:57,2-3,2,3,1.9,0.09797389473567103,-0.8138496000022251
2320260405010003,取手競輪,3R,09:11,1-4,1,4,1.5,0.12210014753740739,-0.8168497786938889
7420260405010002,高知競輪,2R,11:12,2-5,2,5,2.5,0.07054566911757762,-0.823635827206056
3720260402040003,伊東競輪,3R,11:54,3-5,3,5,3.3,0.05277725196056129,-0.8258350685301478
1320260404020005,いわき平競輪,5R,22:27,2-4,2,4,4.5,0.03856479326209037,-0.8264584303205933
3720260402040008,伊東競輪,8R,14:16,7-9,7,9,1.7,0.1012643882365345,-0.8278505399978914
4720260404020006,松阪競輪,6R,22:45,2-4,2,4,3.7,0.046441840757009335,-0.8281651891990655
3720260402040004,伊東競輪,4R,12:22,3-9,3,9,4.4,0.038807937157437786,-0.8292450765072737
4520260404020004,豊橋競輪,4R,17:18,3-5,3,5,1.6,0.1051263695139752,-0.8317978087776396
3720260402040004,伊東競輪,4R,12:22,1-8,1,8,5.3,0.031193577750230166,-0.8346740379237801
4520260404020003,豊橋競輪,3R,16:54,1-4,1,4,2.6,0.06307006809792845,-0.8360178229453861
7420260405010001,高知競輪,1R,10:45,3-7,3,7,4.3,0.037941314454315506,-0.8368523478464434
8720260404020003,熊本競輪,3R,21:45,3-6,3,6,27.7,0.00575204020639444,-0.840668486282874
7420260405010012,高知競輪,12R,16:03,2-4,2,4,4.2,0.03752929553591774,-0.8423769587491455
2220260405010001,前橋競輪,1R,15:55,2-7,2,7,1.6,0.0975365437509021,-0.8439415299985566
4720260404020002,松阪競輪,2R,21:05,1-2,1,2,1.6,0.09645421684412009,-0.8456732530494079
4720260404020001,松阪競輪,1R,20:41,1-2,1,2,1.7,0.08996983179180257,-0.8470512859539356
8720260404020004,熊本競輪,4R,22:09,2-7,2,7,13.1,0.011630788677367249,-0.8476366683264891
1320260404020005,いわき平競輪,5R,22:27,4-7,4,7,9.0,0.016638986243003532,-0.8502491238129682
3720260402040009,伊東競輪,9R,14:46,7-8,7,8,4.8,0.031034409156670408,-0.851034836047982
7420260405010010,高知競輪,10R,15:01,1-5,1,5,1.4,0.10635662842196869,-0.8511007202092439
7420260405010003,高知競輪,3R,11:40,3-4,3,4,1.4,0.1060880105663461,-0.8514767852071154
3720260402040005,伊東競輪,5R,12:50,5-7,5,7,2.9,0.05056921399496861,-0.853349279414591
2220260405010004,前橋競輪,4R,17:06,1-4,1,4,1.6,0.09071735132518419,-0.8548522378797053
2220260405010002,前橋競輪,2R,16:18,1-5,1,5,2.5,0.056938757615324985,-0.8576531059616875
8720260404020006,熊本競輪,6R,23:03,1-2,1,2,1.0,0.14108104177632305,-0.8589189582236769
4520260404020002,豊橋競輪,2R,16:32,1-5,1,5,3.1,0.04516143716004736,-0.8599995448038532
2220260405010003,前橋競輪,3R,16:42,2-7,2,7,1.6,0.08710861264380126,-0.8606262197699179
4720260404020007,松阪競輪,7R,23:12,1-2,1,2,1.0,0.1311266664390514,-0.8688733335609486
2320260405010004,取手競輪,4R,09:32,2-7,2,7,1.4,0.09096226975628507,-0.8726528223412009
1320260404020003,いわき平競輪,3R,21:37,1-6,1,6,1.9,0.0664799872661082,-0.8736880241943944
7420260405010007,高知競輪,7R,13:32,2-4,2,4,1.9,0.0658525842520517,-0.8748800899211018
8720260404020003,熊本競輪,3R,21:45,3-5,3,5,9.2,0.013376956017579295,-0.8769320046382705
4720260404020003,松阪競輪,3R,21:29,2-4,2,4,2.0,0.0606614687891392,-0.8786770624217216
3720260402040010,伊東競輪,10R,15:16,2-8,2,8,9.2,0.013174723858842722,-0.878792540498647
7420260405010011,高知競輪,11R,15:32,1-7,1,7,1.3,0.09270494069295024,-0.8794835770991647
2320260405010005,取手競輪,5R,09:53,1-7,1,7,1.1,0.10707213278833234,-0.8822206539328344
1320260404020006,いわき平競輪,6R,22:54,2-4,2,4,1.9,0.06131394343119666,-0.8835035074807264
7420260405010004,高知競輪,4R,12:08,1-7,1,7,1.1,0.10572723768110295,-0.8837000385507867
4720260404020006,松阪競輪,6R,22:45,4-5,4,5,2.8,0.041512930835146705,-0.8837637936615892
4520260404020006,豊橋競輪,6R,18:06,3-7,3,7,1.2,0.09582393812296908,-0.8850112742524371
2320260405010006,取手競輪,6R,10:14,1-5,1,5,1.0,0.10577286551638221,-0.8942271344836178
7420260405010009,高知競輪,9R,14:31,2-5,2,5,1.6,0.06576339924934724,-0.8947785612010444
3720260402040011,伊東競輪,11R,15:48,3-5,3,5,2.7,0.034808427637956184,-0.9060172453775183
2320260405010001,取手競輪,1R,08:30,1-7,1,7,1.6,0.04626153483636448,-0.9259815442618169
1320260404020004,いわき平競輪,4R,22:01,2-5,2,5,1.5,0.04470117309604818,-0.9329482403559277
