race_id,競輪場,レース番号,開始時間,買い目,a,b,odds,p,EV
5620260325010006,岸和田競輪,6R,23:04,2-4,2,4,1512.7,0.07504173789766906,112.51563691780399
5620260325010006,岸和田競輪,6R,23:04,2-6,2,6,1512.7,0.05458772285030185,81.57484835565161
4220260325010002,名古屋競輪,2R,21:07,2-5,2,5,615.7,0.04964045058779562,29.563625426905766
5620260325010006,岸和田競輪,6R,23:04,1-3,1,3,378.1,0.07327688968196105,26.705991988749478
4220260325010002,名古屋競輪,2R,21:07,2-6,2,6,615.7,0.040256150793036384,23.785712043272504
4220260325010006,名古屋競輪,6R,22:51,1-3,1,3,192.0,0.10797571418242258,19.731337123025135
4220260325010002,名古屋競輪,2R,21:07,4-7,4,7,615.7,0.03285954507676987,19.231621903767213
4220260325010002,名古屋競輪,2R,21:07,3-7,3,7,615.7,0.0324447727439469,18.97624657844811
8620260324020012,別府競輪,12R,20:17,4-6,4,6,681.7,0.02754024875999931,17.77418757969153
2320260324020007,取手競輪,7R,13:34,4-7,4,7,348.4,0.05129764670547085,16.872100112186043
5620260325010006,岸和田競輪,6R,23:04,2-3,2,3,216.1,0.08112291341404533,16.530661588775196
4420260325010001,大垣競輪,1R,11:05,6-7,6,7,224.4,0.0708539676513895,14.899630340971804
2320260324020007,取手競輪,7R,13:34,1-7,1,7,566.2,0.027125601685944772,14.358515674581932
5620260325010006,岸和田競輪,6R,23:04,1-5,1,5,378.1,0.03996321950266939,14.110093293959299
4220260325010006,名古屋競輪,6R,22:51,1-7,1,7,128.0,0.10607172544999628,12.577180857599524
4420260325010004,大垣競輪,4R,12:09,5-7,5,7,178.2,0.07166935069642726,11.771478294103336
2320260324020006,取手競輪,6R,13:07,3-5,3,5,201.7,0.06091355409206638,11.286263860369788
8620260324020012,別府競輪,12R,20:17,5-6,5,6,681.7,0.01798073985240909,11.257470357387279
8620260324020009,別府競輪,9R,19:04,2-3,2,3,237.7,0.05005686280247566,10.898516288148464
2320260324020007,取手競輪,7R,13:34,2-7,2,7,283.1,0.04132235172257599,10.698357772661264
4220260325010002,名古屋競輪,2R,21:07,2-7,2,7,307.8,0.037254679041317816,10.466990208917624
8620260324020010,別府競輪,10R,19:28,2-6,2,6,321.7,0.03555212916132801,10.43711995119922
2320260324020012,取手競輪,12R,16:10,5-6,5,6,314.8,0.03478790822090515,9.951233507940941
4220260325010006,名古屋競輪,6R,22:51,4-6,4,6,384.0,0.028272447707775733,9.856619919785881
2320260324020007,取手競輪,7R,13:34,1-3,1,3,503.3,0.02102430761141095,9.581534020823131
4220260325010001,名古屋競輪,1R,20:41,5-6,5,6,331.5,0.03171918637846128,9.514910284459914
4420260325010004,大垣競輪,4R,12:09,4-7,4,7,328.2,0.030884971061700926,9.136447502450244
2320260324020001,取手競輪,1R,11:12,6-7,6,7,376.6,0.02680871549647661,9.096162255973091
5620260325010001,岸和田競輪,1R,20:54,1-6,1,6,197.2,0.05118872405195254,9.09441638304504
2320260324020007,取手競輪,7R,13:34,5-7,5,7,348.4,0.027877425265701458,8.712494962570387
4220260325010002,名古屋競輪,2R,21:07,2-4,2,4,153.9,0.06310500289840076,8.711859946063878
4420260325010011,大垣競輪,11R,15:22,2-5,2,5,214.8,0.04414565608030714,8.482486926049974
2320260324020006,取手競輪,6R,13:07,5-6,5,6,209.5,0.04425673545048246,8.271786076876076
2320260324020005,取手競輪,5R,12:41,6-7,6,7,242.6,0.03741374361724151,8.076574201542789
5620260325010001,岸和田競輪,1R,20:54,1-7,1,7,197.2,0.045899067093727174,8.051296030882998
2320260324020006,取手競輪,6R,13:07,4-5,4,5,236.8,0.03776737389324438,7.94331413792027
5620260325010006,岸和田競輪,6R,23:04,3-5,3,5,378.1,0.023649565462865993,7.941900701509633
2320260324020004,取手競輪,4R,12:17,4-6,4,6,144.2,0.06167832906756912,7.894015051543466
4220260325010002,名古屋競輪,2R,21:07,3-4,3,4,153.9,0.057180919135718426,7.800143454987067
4220260325010006,名古屋競輪,6R,22:51,1-4,1,4,96.0,0.09002977055458303,7.64285797323997
2320260324020007,取手競輪,7R,13:34,3-7,3,7,453.0,0.01854224038590603,7.399634894815431
4220260325010006,名古屋競輪,6R,22:51,2-3,2,3,128.0,0.06387885349991544,7.1764932479891765
4420260325010006,大垣競輪,6R,12:58,6-7,6,7,194.9,0.04191769704969081,7.169759154984739
2320260324020008,取手競輪,8R,14:01,1-6,1,6,148.2,0.05446247556475416,7.071338878696567
5620260325010002,岸和田競輪,2R,21:20,3-7,3,7,209.2,0.038360679254022735,7.025054099941556
4220260325010001,名古屋競輪,1R,20:41,2-6,2,6,165.7,0.04818497919228081,6.98425105216093
8620260324020004,別府競輪,4R,17:04,3-6,3,6,265.2,0.029632840337654336,6.858629257545929
4420260325010004,大垣競輪,4R,12:09,2-6,2,6,389.8,0.01998390230831268,6.789725119780282
8620260324020004,別府競輪,4R,17:04,1-6,1,6,159.1,0.04829795128541804,6.684204049510011
6220260323030012,広島競輪,12R,16:22,4-5,4,5,181.1,0.04228160209414644,6.65719813924992
2320260324020004,取手競輪,4R,12:17,6-7,6,7,592.9,0.012729926166917982,6.547573224365671
8620260324020002,別府競輪,2R,16:16,4-6,4,6,171.0,0.04408522083366961,6.538572762557503
4420260325010004,大垣競輪,4R,12:09,4-6,4,6,328.2,0.02288927782568114,6.5122609823885504
2320260324020004,取手競輪,4R,12:17,5-6,5,6,190.5,0.03937147729948076,6.500266425551085
4420260325010004,大垣競輪,4R,12:09,6-7,6,7,567.0,0.013227396933805743,6.499934061467856
4420260325010011,大垣競輪,11R,15:22,4-5,4,5,358.1,0.020921540639136493,6.492003702874778
2320260324020012,取手競輪,12R,16:10,1-6,1,6,150.6,0.0496635325587797,6.479328003352222
4220260325010003,名古屋競輪,3R,21:33,1-6,1,6,111.7,0.06677997196872172,6.4593228689062165
2320260324020002,取手競輪,2R,11:33,1-4,1,4,109.9,0.06771420650858012,6.441791295292956
8620260324020006,別府競輪,6R,17:52,5-6,5,6,190.5,0.03853510262225278,6.340937049539154
4420260325010009,大垣競輪,9R,14:20,1-4,1,4,166.7,0.04375721992650231,6.2943285617479345
5620260325010006,岸和田競輪,6R,23:04,2-5,2,5,151.2,0.047374839368026986,6.163075712445679
5620260325010007,岸和田競輪,7R,23:30,1-4,1,4,110.6,0.06444283874845086,6.127377965578665
2320260324020003,取手競輪,3R,11:54,4-6,4,6,324.4,0.021878441717762803,6.097366493242252
4420260325010004,大垣競輪,4R,12:09,3-7,3,7,129.9,0.054193911139614234,6.03978905703589
2320260324020003,取手競輪,3R,11:54,1-6,1,6,144.1,0.048028811970014545,5.9209518048790954
8620260324020004,別府競輪,4R,17:04,5-6,5,6,361.7,0.019054554727838614,5.892032445059226
2320260324020003,取手競輪,3R,11:54,6-7,6,7,243.3,0.02791287076488599,5.791201457096762
4420260325010011,大垣競輪,11R,15:22,5-6,5,6,223.8,0.03026222213693043,5.772685314245031
4220260325010006,名古屋競輪,6R,22:51,1-6,1,6,96.0,0.07034744349350298,5.753354575376287
2320260324020006,取手競輪,6R,13:07,4-6,4,6,115.9,0.05815581669079911,5.740259154463617
2320260324020007,取手競輪,7R,13:34,3-4,3,4,151.0,0.044405855614188354,5.705284197742442
2320260324020001,取手競輪,1R,11:12,3-6,3,6,269.0,0.024802212184966043,5.671795077755865
4420260325010004,大垣競輪,4R,12:09,2-7,2,7,239.8,0.027749611773583392,5.654356903305298
2320260324020001,取手競輪,1R,11:12,5-6,5,6,418.5,0.015777342654079908,5.6028179007324415
2320260324020012,取手競輪,12R,16:10,6-7,6,7,577.3,0.011342833801172562,5.54821795341692
5620260325010001,岸和田競輪,1R,20:54,3-7,3,7,197.2,0.033151167406581146,5.537410212577802
6220260323030001,広島競輪,1R,11:19,5-6,5,6,102.9,0.06344489248370595,5.528479436573343
2320260324020003,取手競輪,3R,11:54,5-7,5,7,139.0,0.046915314464281016,5.521228710535061
2320260324020002,取手競輪,2R,11:33,6-7,6,7,206.0,0.031643310701503766,5.518522004509776
2320260324020005,取手競輪,5R,12:41,4-6,4,6,112.9,0.057335918803319376,5.473225232894758
2320260324020004,取手競輪,4R,12:17,2-6,2,6,190.5,0.03395783454803301,5.468967481400288
2320260324020007,取手競輪,7R,13:34,1-4,1,4,116.1,0.055032212786214424,5.389239904479495
4420260325010001,大垣競輪,1R,11:05,2-6,2,6,293.4,0.02176754533681859,5.386597801822574
2320260324020007,取手競輪,7R,13:34,1-5,1,5,205.9,0.030886369951491223,5.359503573012043
2320260324020002,取手競輪,2R,11:33,4-6,4,6,366.3,0.017295682899655395,5.3354086461437715
6220260323030012,広島競輪,12R,16:22,4-7,4,7,155.6,0.04064263361636446,5.323993790706309
4220260325010002,名古屋競輪,2R,21:07,1-6,1,6,123.1,0.051147763176895004,5.296289647075775
8620260324020003,別府競輪,3R,16:40,4-7,4,7,93.5,0.06645564560824531,5.2136028643709365
7420260324020001,高知競輪,1R,08:50,5-6,5,6,108.6,0.056617866028400445,5.148700250684288
8620260324020006,別府競輪,6R,17:52,1-6,1,6,190.5,0.032260200821794954,5.145568256551939
2320260324020005,取手競輪,5R,12:41,1-6,1,6,116.9,0.051865181299855165,5.063039693953069
2320260324020002,取手競輪,2R,11:33,1-6,1,6,94.2,0.06434100145259458,5.06092233683441
2320260324020002,取手競輪,2R,11:33,4-7,4,7,157.0,0.03856379417473069,5.054515685432718
6220260323030012,広島競輪,12R,16:22,3-7,3,7,128.4,0.046847644486246676,5.0152375520340735
2320260324020006,取手競輪,6R,13:07,3-4,3,4,77.8,0.07721973913151012,5.007695704431487
6220260323030012,広島競輪,12R,16:22,4-6,4,6,220.9,0.02717822156595912,5.003669143920369
5620260325010001,岸和田競輪,1R,20:54,5-6,5,6,197.2,0.03043483801810431,5.001750057170169
4220260325010006,名古屋競輪,6R,22:51,3-6,3,6,192.0,0.031247182913415494,4.999459119375775
8620260324020003,別府競輪,3R,16:40,4-6,4,6,213.0,0.02799393059134166,4.962707215955773
4420260325010004,大垣競輪,4R,12:09,1-6,1,6,366.8,0.016231177420397667,4.953595877801865
4220260325010002,名古屋競輪,2R,21:07,1-7,1,7,123.1,0.04825401938716875,4.940069786560473
2320260324020009,取手競輪,9R,14:30,6-7,6,7,155.1,0.038131647794665706,4.914218572952651
8620260324020011,別府競輪,11R,19:52,2-6,2,6,279.0,0.021115060397244152,4.891101850831118
2320260324020004,取手競輪,4R,12:17,2-7,2,7,296.4,0.019801044623128053,4.869029626295155
4420260325010011,大垣競輪,11R,15:22,2-3,2,3,105.3,0.055523509016576184,4.846625499445472
2320260324020007,取手競輪,7R,13:34,3-5,3,5,283.1,0.020592147203416768,4.829636873287288
8620260324020002,別府競輪,2R,16:16,2-4,2,4,116.5,0.04989420705354545,4.812675121738045
2320260324020003,取手競輪,3R,11:54,4-5,4,5,139.0,0.04153456637253457,4.773304725782305
8620260324020012,別府競輪,12R,20:17,3-6,3,6,136.3,0.042045021020454286,4.730736365087919
4420260325010006,大垣競輪,6R,12:58,5-7,5,7,99.4,0.057598111328432025,4.725252266046144
3820260323030007,静岡競輪,7R,18:28,5-6,5,6,115.5,0.04875148225871165,4.630796200881195
5620260325010001,岸和田競輪,1R,20:54,4-6,4,6,197.2,0.02853606873791157,4.6273127551161615
2320260324020005,取手競輪,5R,12:41,4-5,4,5,155.9,0.036041607238406576,4.618886568467586
8620260324020004,別府競輪,4R,17:04,4-6,4,6,137.1,0.04085328042950938,4.600984746885736
8620260324020003,別府競輪,3R,16:40,1-7,1,7,93.5,0.059245323652317106,4.53943776149165
2320260324020012,取手競輪,12R,16:10,3-6,3,6,238.8,0.023053296054633434,4.505127097846464
4220260325010003,名古屋競輪,3R,21:33,5-6,5,6,111.7,0.04927591339694929,4.5041195264392355
3820260323030003,静岡競輪,3R,16:52,5-7,5,7,132.7,0.041315577478138264,4.482577131348947
3820260323030009,静岡競輪,9R,19:16,3-7,3,7,110.2,0.0496550169457865,4.471982867425672
6220260323030011,広島競輪,11R,15:46,5-6,5,6,107.8,0.05037078217686709,4.429970318666273
4220260325010003,名古屋競輪,3R,21:33,2-5,2,5,111.7,0.04740330348229241,4.294948998972062
8620260324020009,別府競輪,9R,19:04,1-2,1,2,79.2,0.06655516339594456,4.271168940958809
8620260324020008,別府競輪,8R,18:40,6-7,6,7,96.7,0.0540036132945734,4.222149405585248
8620260324020009,別府競輪,9R,19:04,1-3,1,3,237.7,0.021931311291655885,4.213072694026604
8620260324020003,別府競輪,3R,16:40,5-7,5,7,119.8,0.043098285992169354,4.163174661861889
4420260325010009,大垣競輪,9R,14:20,3-4,3,4,176.0,0.02926497468493014,4.150635544547704
4420260325010009,大垣競輪,9R,14:20,4-7,4,7,288.0,0.01788304056791153,4.150315683558521
2320260324020011,取手競輪,11R,15:34,2-6,2,6,131.0,0.03919177673079502,4.1341227517341474
5620260325010001,岸和田競輪,1R,20:54,5-7,5,7,197.2,0.025729812151546023,4.073918956284875
3820260323030002,静岡競輪,2R,16:28,2-7,2,7,158.1,0.032042606346833584,4.065936063434389
4420260325010012,大垣競輪,12R,15:58,4-7,4,7,159.2,0.03150710905679312,4.015931761841464
4420260325010002,大垣競輪,2R,11:26,4-6,4,6,92.8,0.05365126880602185,3.9788377451988275
2320260324020006,取手競輪,6R,13:07,3-6,3,6,56.1,0.08783628785546906,3.9276157486918137
7420260324020001,高知競輪,1R,08:50,1-6,1,6,99.1,0.049667727993760916,3.9220718441817066
5620260325010002,岸和田競輪,2R,21:20,3-5,3,5,104.6,0.04694073349006772,3.910000723061083
2320260324020007,取手競輪,7R,13:34,6-7,6,7,90.6,0.05402023364795128,3.8942331685043854
7420260324020003,高知競輪,3R,09:31,2-5,2,5,59.8,0.08159420462977433,3.879333436860505
5620260325010007,岸和田競輪,7R,23:30,3-7,3,7,221.2,0.021922597082541486,3.8492784746581767
4420260325010006,大垣競輪,6R,12:58,2-6,2,6,105.9,0.045743067502452585,3.8441908485097294
8620260324020003,別府競輪,3R,16:40,1-6,1,6,201.8,0.023881298271993676,3.819245991288324
6220260323030001,広島競輪,1R,11:19,6-7,6,7,81.9,0.05879406934006184,3.815234278951065
4420260325010011,大垣競輪,11R,15:22,3-5,3,5,91.0,0.052356816698358746,3.7644703195506457
7420260324020006,高知競輪,6R,10:34,4-7,4,7,146.6,0.032139748004155894,3.7116870574092538
3820260323030002,静岡競輪,2R,16:28,1-2,1,2,90.3,0.05197718482353436,3.6935397895651523
2320260324020007,取手競輪,7R,13:34,2-3,2,3,137.2,0.034139941292042425,3.68399994526822
4420260325010003,大垣競輪,3R,11:47,3-6,3,6,93.9,0.04962427404102501,3.659719332452249
8620260324020012,別府競輪,12R,20:17,5-7,5,7,97.3,0.047882583604524714,3.6589753847202546
8620260324020011,別府競輪,11R,19:52,6-7,6,7,279.0,0.016690013078297115,3.6565136488448955
4420260325010006,大垣競輪,6R,12:58,1-6,1,6,203.0,0.02288834041677345,3.6463331046050103
7420260324020002,高知競輪,2R,09:10,4-6,4,6,100.9,0.04594473845041741,3.6358241096471167
2320260324020009,取手競輪,9R,14:30,1-6,1,6,85.8,0.053926333972446165,3.6268794548358807
8620260324020002,別府競輪,2R,16:16,6-7,6,7,183.2,0.0251580661527497,3.6089577191837448
2320260324020006,取手競輪,6R,13:07,1-4,1,4,113.5,0.040550506199336034,3.6024824536246403
6220260323030007,広島競輪,7R,13:43,1-6,1,6,119.6,0.03847249014388829,3.601309821209039
8620260324020012,別府競輪,12R,20:17,1-6,1,6,85.2,0.05391884154260933,3.5938852994303145
2320260324020005,取手競輪,5R,12:41,5-6,5,6,363.9,0.012608373154731095,3.588186991006645
2320260324020008,取手競輪,8R,14:01,5-6,5,6,130.2,0.03523522725487427,3.5876265885846292
8620260324020010,別府競輪,10R,19:28,5-6,5,6,80.4,0.05687173576887622,3.5724875558176485
4420260325010005,大垣競輪,5R,12:33,4-6,4,6,258.1,0.0177041658247006,3.5694451993552256
4420260325010001,大垣競輪,1R,11:05,4-6,4,6,476.9,0.009581201960887957,3.5692752151474663
4420260325010011,大垣競輪,11R,15:22,2-4,2,4,185.2,0.024575935050549558,3.551463171361778
2320260324020010,取手競輪,10R,15:00,5-6,5,6,124.3,0.03617707686126991,3.4968106538558503
6220260323030001,広島競輪,1R,11:19,4-6,4,6,39.5,0.11383696570672155,3.4965601454155015
8620260324020005,別府競輪,5R,17:28,1-3,1,3,104.2,0.043003848224331495,3.481000984975342
6220260323030012,広島競輪,12R,16:22,2-4,2,4,129.9,0.034444855920169964,3.474386784030078
4420260325010011,大垣競輪,11R,15:22,1-2,1,2,116.7,0.03779608811946866,3.4108034835419927
8620260324020007,別府競輪,7R,18:16,2-3,2,3,118.5,0.037066701705955066,3.3924041521556756
4220260325010001,名古屋競輪,1R,20:41,4-5,4,5,110.5,0.039372631579220135,3.350675789503825
2320260324020003,取手競輪,3R,11:54,5-6,5,6,229.0,0.018982659196176834,3.347028955924495
8620260324020003,別府競輪,3R,16:40,5-6,5,6,295.0,0.014726120275091376,3.344205481151956
2320260324020008,取手競輪,8R,14:01,4-6,4,6,143.2,0.030187722325679355,3.3228818370372837
4420260325010008,大垣競輪,8R,13:52,4-6,4,6,140.3,0.03077012701114197,3.317048819663219
4420260325010003,大垣競輪,3R,11:47,6-7,6,7,191.2,0.02256338476726958,3.3141191675019437
2320260324020006,取手競輪,6R,13:07,2-5,2,5,61.2,0.06917447796031725,3.2334780511714163
5620260325010002,岸和田競輪,2R,21:20,4-7,4,7,209.2,0.020233261924515144,3.232798394608568
3820260323030001,静岡競輪,1R,16:04,1-3,1,3,75.7,0.05588777732541365,3.2307047435338134
6220260323030012,広島競輪,12R,16:22,5-7,5,7,124.1,0.033896336742680194,3.2065353897666116
4420260325010007,大垣競輪,7R,13:25,1-6,1,6,171.3,0.024280253783220775,3.1592074730657194
2320260324020012,取手競輪,12R,16:10,3-7,3,7,238.8,0.01740575670654112,3.1564947015220195
2320260324020012,取手競輪,12R,16:10,1-5,1,5,59.2,0.07011383885047748,3.150739259948267
2320260324020012,取手競輪,12R,16:10,4-6,4,6,62.4,0.06641709188447749,3.1444265335913952
2320260324020008,取手競輪,8R,14:01,5-7,5,7,119.3,0.03471555304563454,3.1415654783442006
2320260324020010,取手競輪,10R,15:00,2-6,2,6,71.3,0.0580474673032368,3.1387844187207836
5620260325010001,岸和田競輪,1R,20:54,6-7,6,7,197.2,0.020875152871186457,3.116580146197969
4220260325010001,名古屋競輪,1R,20:41,3-6,3,6,110.5,0.03703098398976863,3.091923730869434
7420260324020002,高知競輪,2R,09:10,3-4,3,4,136.4,0.029979870878070358,3.089254387768797
2320260324020002,取手競輪,2R,11:33,4-5,4,5,117.7,0.0347430091890219,3.089252181547878
2320260324020005,取手競輪,5R,12:41,2-6,2,6,131.0,0.03112899709321614,3.0778986192113145
4420260325010010,大垣競輪,10R,14:50,2-6,2,6,124.2,0.03271993449642404,3.063815864455866
7420260324020005,高知競輪,5R,10:13,5-7,5,7,101.9,0.03984875956365937,3.0605885995368896
3820260323030002,静岡競輪,2R,16:28,1-7,1,7,175.6,0.02299464612870586,3.037859860200749
4220260325010006,名古屋競輪,6R,22:51,2-6,2,6,128.0,0.031437349322806854,3.0239807133192773
2320260324020012,取手競輪,12R,16:10,2-7,2,7,209.9,0.019071346571334368,3.003075645323084
7420260324020006,高知競輪,6R,10:34,1-4,1,4,87.6,0.0455759887888107,2.9924566178998173
8620260324020002,別府競輪,2R,16:16,3-6,3,6,67.5,0.058984303674985014,2.9814404980614886
8620260324020002,別府競輪,2R,16:16,5-6,5,6,88.4,0.0449703085403057,2.9753752749630245
7420260324020006,高知競輪,6R,10:34,2-4,2,4,156.2,0.025436551314734122,2.9731893153614695
4420260325010011,大垣競輪,11R,15:22,3-6,3,6,95.9,0.04117635943684686,2.9488128699936142
8620260324020004,別府競輪,4R,17:04,2-5,2,5,147.3,0.026774500344729366,2.943883900778636
6220260323030004,広島競輪,4R,12:25,1-2,1,2,130.2,0.030241967244248727,2.9375041352011837
4420260325010006,大垣競輪,6R,12:58,5-6,5,6,286.6,0.01366073710173997,2.9151672533586757
2320260324020011,取手競輪,11R,15:34,4-7,4,7,108.4,0.03609390817568976,2.9125796462447706
8620260324020004,別府競輪,4R,17:04,6-7,6,7,54.5,0.07157478783461967,2.900825936986772
4220260325010002,名古屋競輪,2R,21:07,2-3,2,3,61.5,0.06314749634529901,2.8835710252358893
5620260325010002,岸和田競輪,2R,21:20,6-7,6,7,209.2,0.018541412825212798,2.878863563034517
4420260325010002,大垣競輪,2R,11:26,4-5,4,5,124.9,0.031007389698241402,2.872822973310351
6220260323030012,広島競輪,12R,16:22,3-5,3,5,79.4,0.04874117080065876,2.870048961572306
5620260325010001,岸和田競輪,1R,20:54,3-6,3,6,98.6,0.038486422119936796,2.7947612210257677
4420260325010010,大垣競輪,10R,14:50,3-7,3,7,117.5,0.032263955731303,2.791014798428103
6220260323030001,広島競輪,1R,11:19,3-6,3,6,60.6,0.0625281215298165,2.78920416470688
3820260323030008,静岡競輪,8R,18:52,3-6,3,6,66.5,0.05690989758534263,2.784508189425285
4420260325010001,大垣競輪,1R,11:05,4-5,4,5,165.8,0.022818473365159322,2.7833028839434157
3820260323030004,静岡競輪,4R,17:16,4-6,4,6,66.9,0.05648509750151841,2.7788530228515818
4420260325010012,大垣競輪,12R,15:58,4-5,4,5,63.6,0.059028887622262965,2.754237252775925
7420260324020007,高知競輪,7R,10:55,3-7,3,7,90.0,0.04153425674747553,2.738083107272798
8620260324020009,別府競輪,9R,19:04,2-6,2,6,237.7,0.015707623001656023,2.7337019874936366
8620260324020004,別府競輪,4R,17:04,2-3,2,3,94.7,0.039252163709167204,2.7171799032581343
4420260325010007,大垣競輪,7R,13:25,1-2,1,2,48.0,0.07730160231943581,2.710476911332919
2320260324020008,取手競輪,8R,14:01,3-7,3,7,143.2,0.02583503319305499,2.699576753245474
6220260323030011,広島競輪,11R,15:46,5-7,5,7,80.3,0.04605514078184909,2.6982278047824817
7420260324020006,高知競輪,6R,10:34,4-5,4,5,80.7,0.04572121055199468,2.6897016915459706
2320260324020011,取手競輪,11R,15:34,4-6,4,6,116.4,0.031685288323303466,2.6881675608325235
2320260324020003,取手競輪,3R,11:54,2-6,2,6,169.2,0.021675242855409983,2.667451091135369
4420260325010004,大垣競輪,4R,12:09,1-4,1,4,107.5,0.03409561149927924,2.6652782361725182
6220260323030009,広島競輪,9R,14:40,4-6,4,6,72.6,0.05030858159349201,2.6524030236875196
2320260324020005,取手競輪,5R,12:41,2-5,2,5,211.3,0.017245244489008486,2.6439201605274936
3820260323030003,静岡競輪,3R,16:52,2-5,2,5,82.5,0.04416315678445016,2.643460434717138
4420260325010001,大垣競輪,1R,11:05,3-6,3,6,123.0,0.029589704705740155,2.639533678806039
2320260324020001,取手競輪,1R,11:12,5-7,5,7,71.0,0.05118667085542031,2.634253630734842
7420260324020005,高知競輪,5R,10:13,1-6,1,6,84.6,0.042873010903773164,2.6270567224592094
8620260324020004,別府競輪,4R,17:04,1-3,1,3,82.8,0.04367480155975336,2.616273569147578
2320260324020004,取手競輪,4R,12:17,1-6,1,6,92.0,0.039296969725947734,2.6153212147871914
4220260325010001,名古屋競輪,1R,20:41,2-7,2,7,82.8,0.04363272979456557,2.612790026990029
4420260325010010,大垣競輪,10R,14:50,2-3,2,3,66.9,0.05392383036971701,2.6075042517340683
4420260325010007,大垣競輪,7R,13:25,4-5,4,5,231.8,0.015556190931808964,2.605925057993318
4420260325010001,大垣競輪,1R,11:05,1-6,1,6,127.1,0.028336498767894812,2.6015689933994306
7420260324020007,高知競輪,7R,10:55,3-6,3,6,115.5,0.031035828630957447,2.584638206875585
8620260324020001,別府競輪,1R,15:52,6-7,6,7,99.0,0.036046931694359005,2.5686462377415413
2320260324020006,取手競輪,6R,13:07,1-5,1,5,121.0,0.029321797188823585,2.547937459847654
8620260324020003,別府競輪,3R,16:40,3-4,3,4,76.7,0.046172927993384155,2.5414635770925647
4420260325010009,大垣競輪,9R,14:20,2-7,2,7,105.6,0.03341257728671048,2.5283681614766267
4420260325010008,大垣競輪,8R,13:52,1-6,1,6,48.5,0.07248262528150096,2.5154073261527965
2320260324020012,取手競輪,12R,16:10,2-5,2,5,84.4,0.041645213798186205,2.514856044566916
8620260324020002,別府競輪,2R,16:16,1-4,1,4,102.6,0.033975859404827474,2.485923174935299
3820260323030004,静岡競輪,4R,17:16,2-6,2,6,50.2,0.06935783594545895,2.4817633644620396
6220260323030002,広島競輪,2R,11:40,1-6,1,6,102.2,0.034066832112574476,2.4816302419051115
4420260325010012,大垣競輪,12R,15:58,2-4,2,4,45.9,0.07499182633150978,2.4421248286162984
3820260323030009,静岡競輪,9R,19:16,2-3,2,3,110.2,0.031220095638212014,2.4404545393309642
6220260323030012,広島競輪,12R,16:22,6-7,6,7,167.4,0.0205267507356577,2.436178073149099
4420260325010009,大垣競輪,9R,14:20,5-7,5,7,103.8,0.03304462668457178,2.430032249858551
2320260324020010,取手競輪,10R,15:00,4-6,4,6,57.7,0.05926722251178738,2.419718738930132
8620260324020009,別府競輪,9R,19:04,3-4,3,4,237.7,0.01438592850483227,2.419535205598631
4420260325010005,大垣競輪,5R,12:33,4-5,4,5,79.2,0.04313326660685328,2.41615471526278
8620260324020010,別府競輪,10R,19:28,4-6,4,6,107.2,0.03184551789743292,2.4138395186048096
6220260323030001,広島競輪,1R,11:19,4-7,4,7,54.6,0.06232209532547242,2.402786404770794
2320260324020011,取手競輪,11R,15:34,5-6,5,6,128.3,0.026510523113602344,2.401300115475181
4420260325010003,大垣競輪,3R,11:47,5-6,5,6,114.7,0.029640415118553892,2.3997556140981313
8620260324020004,別府競輪,4R,17:04,1-2,1,2,59.3,0.05725013528629353,2.3949330224772063
8620260324020012,別府競輪,12R,20:17,4-7,4,7,52.4,0.06467745282458605,2.389098528008309
5620260325010007,岸和田競輪,7R,23:30,1-5,1,5,55.3,0.061256402707180115,2.38747906970706
8620260324020002,別府競輪,2R,16:16,1-6,1,6,256.5,0.013178016918574344,2.380161339614319
2320260324020012,取手競輪,12R,16:10,4-7,4,7,64.7,0.0521966436268358,2.3771228426562763
8620260324020003,別府競輪,3R,16:40,6-7,6,7,166.7,0.02022668650474988,2.371788640341805
2320260324020001,取手競輪,1R,11:12,3-7,3,7,55.3,0.06093861501219634,2.3699054101744577
6220260323030007,広島競輪,7R,13:43,5-6,5,6,81.0,0.04154662764512994,2.365276839255525
2320260324020011,取手競輪,11R,15:34,1-4,1,4,93.8,0.035808137390886355,2.35880328726514
2320260324020004,取手競輪,4R,12:17,3-7,3,7,136.8,0.02451215856038882,2.3532632910611913
2320260324020005,取手競輪,5R,12:41,3-5,3,5,181.9,0.01839086511070385,2.345298363637031
6220260323030004,広島競輪,4R,12:25,5-6,5,6,117.4,0.028186453163819847,2.3090896014324502
4420260325010009,大垣競輪,9R,14:20,4-6,4,6,115.2,0.028586695077463406,2.2931872729237845
6220260323030012,広島競輪,12R,16:22,3-6,3,6,104.2,0.0315116083886502,2.283509594097351
6220260323030012,広島競輪,12R,16:22,2-3,2,3,82.4,0.03977035444229492,2.277077206045101
2320260324020004,取手競輪,4R,12:17,4-7,4,7,84.7,0.03863993430641747,2.27280243575356
2320260324020009,取手競輪,9R,14:30,2-6,2,6,134.4,0.024252178562492614,2.2594927987990077
6220260323030008,広島競輪,8R,14:10,6-7,6,7,127.9,0.025389040778803985,2.24725831560903
2320260324020003,取手競輪,3R,11:54,3-7,3,7,69.5,0.046639152985397815,2.241421132485148
4420260325010006,大垣競輪,6R,12:58,1-7,1,7,44.7,0.07234037541716098,2.233614781147096
4420260325010008,大垣競輪,8R,13:52,2-7,2,7,119.0,0.02699627336393909,2.2125565303087513
2320260324020011,取手競輪,11R,15:34,3-7,3,7,55.1,0.0582261383143924,2.2082602211230213
2320260324020012,取手競輪,12R,16:10,5-7,5,7,119.4,0.026867739026404377,2.208008039752683
6220260323030003,広島競輪,3R,12:01,5-7,5,7,93.8,0.034097634905797494,2.1983581541638046
4420260325010008,大垣競輪,8R,13:52,6-7,6,7,196.5,0.016138090739115433,2.1711348302361824
2320260324020005,取手競輪,5R,12:41,5-7,5,7,142.4,0.02224035559316421,2.1670266364665833
2320260324020007,取手競輪,7R,13:34,1-2,1,2,70.7,0.04478189345871699,2.1660798675312916
3820260323030002,静岡競輪,2R,16:28,4-7,4,7,68.7,0.04583501907620562,2.148865810535326
3820260323030002,静岡競輪,2R,16:28,1-5,1,5,75.2,0.04163872075612374,2.131231800860505
8620260324020003,別府競輪,3R,16:40,4-5,4,5,53.2,0.05871890740782923,2.1238458740965154
8620260324020006,別府競輪,6R,17:52,2-3,2,3,38.1,0.08177341441031352,2.1155670890329454
6220260323030002,広島競輪,2R,11:40,6-7,6,7,111.3,0.027908104956020238,2.1061720816050524
8620260324020006,別府競輪,6R,17:52,3-4,3,4,95.2,0.032622543340000594,2.1056661259680567
4420260325010010,大垣競輪,10R,14:50,1-3,1,3,41.8,0.07411380207259322,2.0979569266343963
4420260325010007,大垣競輪,7R,13:25,1-4,1,4,187.7,0.016479643832833776,2.0932291474228997
4420260325010003,大垣競輪,3R,11:47,4-7,4,7,89.0,0.03468645003022315,2.0870940526898605
6220260323030007,広島競輪,7R,13:43,2-6,2,6,73.8,0.04173051937818884,2.0797123301103366
2320260324020007,取手競輪,7R,13:34,1-6,1,6,53.2,0.05787026880369334,2.0786983003564856
4220260325010003,名古屋競輪,3R,21:33,3-4,3,4,111.7,0.027445909312874533,2.0657080702480854
3820260323030003,静岡競輪,3R,16:52,4-5,4,5,27.7,0.11054475476899521,2.0620897071011672
3820260323030009,静岡競輪,9R,19:16,5-6,5,6,44.1,0.06936491554489316,2.0589927755297883
6220260323030012,広島競輪,12R,16:22,2-5,2,5,108.3,0.028207708719025684,2.0548948542704815
4220260325010001,名古屋競輪,1R,20:41,1-7,1,7,66.3,0.045902044326494876,2.04330553884661
4220260325010003,名古屋競輪,3R,21:33,3-6,3,6,111.7,0.02723019395093679,2.0416126643196395
7420260324020006,高知競輪,6R,10:34,2-3,2,3,60.9,0.04980749735207925,2.033276588741626
6220260323030007,広島競輪,7R,13:43,6-7,6,7,106.9,0.028304088651371666,2.0257070768316314
8620260324020012,別府競輪,12R,20:17,1-5,1,5,85.2,0.03540924538183297,2.0168677065321687
7420260324020004,高知競輪,4R,09:52,2-3,2,3,115.4,0.02607361422817483,2.008895081931376
7420260324020002,高知競輪,2R,09:10,6-7,6,7,186.9,0.016092161798298373,2.0076250401019657
2320260324020008,取手競輪,8R,14:01,3-6,3,6,116.1,0.025833447866487627,1.9992632972992133
2320260324020003,取手競輪,3R,11:54,2-7,2,7,58.1,0.05160794106357956,1.9984213757939728
8620260324020005,別府競輪,5R,17:28,1-6,1,6,69.5,0.04306654155116457,1.9931246378059377
5620260325010001,岸和田競輪,1R,20:54,3-5,3,5,65.7,0.045529428090959966,1.99128342557607
4220260325010005,名古屋競輪,5R,22:25,1-4,1,4,42.0,0.07116203529522375,1.9888054823993975
6220260323030006,広島競輪,6R,13:16,4-5,4,5,55.8,0.05333440515552137,1.9760598076780922
7420260324020007,高知競輪,7R,10:55,5-7,5,7,49.6,0.059633248933791794,1.9578091471160732
4420260325010006,大垣競輪,6R,12:58,2-5,2,5,47.3,0.06252603916174067,1.9574816523503333
8620260324020001,別府競輪,1R,15:52,2-6,2,6,57.5,0.051423074970503135,1.9568268108039302
6220260323030009,広島競輪,9R,14:40,3-4,3,4,51.7,0.057191747168296295,1.9568133286009184
3820260323030006,静岡競輪,6R,18:04,3-7,3,7,78.7,0.03754359547657496,1.9546809640064495
6220260323030002,広島競輪,2R,11:40,3-6,3,6,157.6,0.01873498509052765,1.9526336502671575
6220260323030009,広島競輪,9R,14:40,1-6,1,6,40.2,0.07342883095416926,1.9518390043576046
6220260323030010,広島競輪,10R,15:10,2-7,2,7,65.5,0.04497901318866793,1.9461253638577491
4420260325010007,大垣競輪,7R,13:25,1-7,1,7,89.5,0.032761487161775155,1.9321531009788764
3820260323030012,静岡競輪,12R,20:30,3-6,3,6,123.2,0.023799571007030833,1.9321071480661987
6220260323030008,広島競輪,8R,14:10,5-6,5,6,84.5,0.034634961389246786,1.9266542373913533
4220260325010001,名古屋競輪,1R,20:41,2-5,2,5,47.3,0.061774642725302115,1.9219406009067899
6220260323030009,広島競輪,9R,14:40,3-7,3,7,93.3,0.03128946291787221,1.9193068902374772
6220260323030008,広島競輪,8R,14:10,1-6,1,6,50.9,0.056780437157342115,1.8901242513087135
5620260325010007,岸和田競輪,7R,23:30,5-7,5,7,221.2,0.013047534676435615,1.886114670427558
8620260324020012,別府競輪,12R,20:17,3-7,3,7,32.4,0.08896261922990759,1.8823888630490058
2320260324020007,取手競輪,7R,13:34,3-6,3,6,61.2,0.04706172029647624,1.8801772821443459
3820260323030010,静岡競輪,10R,19:40,4-5,4,5,56.7,0.050794225521836135,1.8800325870881092
7420260324020005,高知競輪,5R,10:13,5-6,5,6,214.2,0.013444190373034084,1.879745577903901
6220260323030011,広島競輪,11R,15:46,4-6,4,6,127.0,0.0225153934234094,1.8594549647729939
6220260323030001,広島競輪,1R,11:19,1-6,1,6,33.0,0.08650126924513216,1.8545418850893611
8620260324020003,別府競輪,3R,16:40,3-6,3,6,273.9,0.010402215338178204,1.8491667811270096
8620260324020002,別府競輪,2R,16:16,2-5,2,5,57.0,0.04995180314238459,1.8472527791159217
8620260324020003,別府競輪,3R,16:40,1-3,1,3,71.0,0.040048729279405344,1.8434597788377793
7420260324020004,高知競輪,4R,09:52,4-7,4,7,39.9,0.07112146363444917,1.837746399014522
5620260325010002,岸和田競輪,2R,21:20,4-5,4,5,104.6,0.027128058534374125,1.8375949226955335
4420260325010010,大垣競輪,10R,14:50,1-6,1,6,53.7,0.052665693898651354,1.828147762357578
5620260325010002,岸和田競輪,2R,21:20,1-7,1,7,52.3,0.05389676936294499,1.818801037682023
4420260325010004,大垣競輪,4R,12:09,1-5,1,5,37.1,0.07591584344579001,1.8164777918388095
7420260324020007,高知競輪,7R,10:55,6-7,6,7,113.8,0.024733989738650868,1.8147280322584685
6220260323030003,広島競輪,3R,12:01,1-7,1,7,85.6,0.0328671198737516,1.8134254611931366
3820260323030009,静岡競輪,9R,19:16,6-7,6,7,73.5,0.03803370960167273,1.7954776557229457
8620260324020009,別府競輪,9R,19:04,1-7,1,7,29.7,0.09412249764189132,1.7954381799641719
8620260324020012,別府競輪,12R,20:17,6-7,6,7,40.1,0.06954023279261681,1.7885633349839343
2320260324020009,取手競輪,9R,14:30,4-7,4,7,55.2,0.050153272903005475,1.7684606642459024
2320260324020012,取手競輪,12R,16:10,4-5,4,5,32.6,0.08467323621272178,1.7603475005347304
8620260324020009,別府競輪,9R,19:04,5-6,5,6,237.7,0.011599709054001657,1.7572508421361936
2320260324020001,取手競輪,1R,11:12,2-6,2,6,107.6,0.025615912578212358,1.7562721934156493
7420260324020006,高知競輪,6R,10:34,4-6,4,6,224.5,0.012254285292514898,1.7510870481695946
4420260325010007,大垣競輪,7R,13:25,2-5,2,5,35.5,0.0774660989001569,1.75004651095557
2320260324020006,取手競輪,6R,13:07,1-6,1,6,57.9,0.04748066228624734,1.749130346373721
8620260324020002,別府競輪,2R,16:16,4-5,4,5,35.1,0.07823035367626284,1.7458854140368256
6220260323030006,広島競輪,6R,13:16,5-7,5,7,68.7,0.03995283570975749,1.7447598132603397
7420260324020004,高知競輪,4R,09:52,4-5,4,5,115.4,0.023773504341461076,1.7434624010046083
4420260325010009,大垣競輪,9R,14:20,2-3,2,3,54.6,0.05021168486871008,1.7415579938315706
3820260323030010,静岡競輪,10R,19:40,2-5,2,5,32.4,0.08453259510147272,1.7388560812877158
3820260323030008,静岡競輪,8R,18:52,2-3,2,3,24.2,0.11306366180146599,1.7361406155954766
4420260325010007,大垣競輪,7R,13:25,5-7,5,7,85.6,0.03194804588547622,1.7347527277967645
3820260323030003,静岡競輪,3R,16:52,1-5,1,5,73.5,0.03709704442530035,1.726632765259576
2320260324020011,取手競輪,11R,15:34,5-7,5,7,89.8,0.03033569960295207,1.7241458243450958
5620260325010002,岸和田競輪,2R,21:20,2-4,2,4,52.3,0.052076641762537915,1.7236083641807327
5620260325010002,岸和田競輪,2R,21:20,3-6,3,6,69.7,0.03900940801535914,1.718955738670532
5620260325010007,岸和田競輪,7R,23:30,1-3,1,3,36.8,0.07388364489885346,1.7189181322778073
3820260323030007,静岡競輪,7R,18:28,3-6,3,6,77.0,0.03527715878077175,1.7163412261194249
2320260324020007,取手競輪,7R,13:34,4-5,4,5,45.7,0.059412825588179397,1.7151661293797984
4420260325010008,大垣競輪,8R,13:52,5-6,5,6,68.9,0.03930222552409608,1.7079233386102204
6220260323030002,広島競輪,2R,11:40,2-3,2,3,97.0,0.0279082153913617,1.707096892962085
7420260324020004,高知競輪,4R,09:52,3-4,3,4,91.8,0.029436378213737402,1.7022595200210935
6220260323030009,広島競輪,9R,14:40,1-3,1,3,33.9,0.07964771133021857,1.7000574140944096
8620260324020011,別府競輪,11R,19:52,1-6,1,6,69.7,0.03873109069932336,1.6995570217428382
7420260324020002,高知競輪,2R,09:10,1-6,1,6,64.7,0.04158815545263751,1.6907536577856472
6220260323030010,広島競輪,10R,15:10,4-7,4,7,107.6,0.02499143588954509,1.6890785017150516
7420260324020006,高知競輪,6R,10:34,3-6,3,6,89.8,0.02978037475636347,1.6742776531214396
2320260324020005,取手競輪,5R,12:41,2-7,2,7,56.4,0.04725206142657538,1.6650162644588513
7420260324020006,高知競輪,6R,10:34,6-7,6,7,104.1,0.025586666211553075,1.663571952622675
6220260323030009,広島競輪,9R,14:40,4-5,4,5,64.5,0.04123612072087442,1.6597297864964
4420260325010010,大垣競輪,10R,14:50,3-4,3,4,38.4,0.06924515929954919,1.6590141171026889
4220260325010001,名古屋競輪,1R,20:41,3-7,3,7,82.8,0.031978758156797675,1.6478411753828475
4420260325010010,大垣競輪,10R,14:50,4-6,4,6,51.1,0.05169788923437903,1.6417621398767683
3820260323030001,静岡競輪,1R,16:04,6-7,6,7,54.6,0.04838238797756544,1.6416783835750728
3820260323030007,静岡競輪,7R,18:28,2-6,2,6,77.0,0.034176712619435126,1.6316068716965049
4420260325010002,大垣競輪,2R,11:26,1-6,1,6,62.4,0.04215125392337066,1.630238244818329
6220260323030011,広島競輪,11R,15:46,3-6,3,6,81.1,0.032410213002719734,1.62846827452057
4420260325010009,大垣競輪,9R,14:20,1-2,1,2,37.7,0.06964526522144196,1.6256264988483622
2320260324020001,取手競輪,1R,11:12,1-6,1,6,179.3,0.014621873050194474,1.6217018378998693
2320260324020008,取手競輪,8R,14:01,6-7,6,7,268.6,0.00975574915926628,1.620394224178923
7420260324020001,高知競輪,1R,08:50,6-7,6,7,120.2,0.021723860427972547,1.6112080234423
2320260324020011,取手競輪,11R,15:34,2-7,2,7,58.2,0.044773763627232385,1.605833043104925
7420260324020001,高知競輪,1R,08:50,1-2,1,2,50.5,0.05157198759897344,1.6043853737481588
8620260324020003,別府競輪,3R,16:40,2-6,2,6,75.2,0.03451881203215028,1.5958146648177012
2320260324020002,取手競輪,2R,11:33,2-6,2,6,76.6,0.0338763113999007,1.5949254532323938
8620260324020012,別府競輪,12R,20:17,1-4,1,4,52.4,0.04949434910970442,1.5935038933485113
2320260324020011,取手競輪,11R,15:34,1-3,1,3,44.6,0.0579217737956173,1.5833111112845315
8620260324020006,別府競輪,6R,17:52,2-6,2,6,31.7,0.08147103765666129,1.582631893716163
5620260325010002,岸和田競輪,2R,21:20,5-6,5,6,104.6,0.024619025179852608,1.5751500338125828
8620260324020007,別府競輪,7R,18:16,2-6,2,6,118.5,0.02170300974753589,1.571806655083003
4420260325010012,大垣競輪,12R,15:58,2-6,2,6,58.2,0.044019525176713085,1.5619363652847018
5620260325010001,岸和田競輪,1R,20:54,2-6,2,6,49.3,0.05190117541574933,1.558727947996442
2320260324020008,取手競輪,8R,14:01,1-7,1,7,48.2,0.0530126330743779,1.5552089141850152
8620260324020012,別府競輪,12R,20:17,4-5,4,5,170.4,0.014872078338957437,1.5342021489583475
6220260323030004,広島競輪,4R,12:25,1-7,1,7,60.5,0.04176423212117816,1.5267360433312787
4420260325010010,大垣競輪,10R,14:50,3-5,3,5,65.9,0.038340094025846254,1.5266121963032684
7420260324020005,高知競輪,5R,10:13,6-7,6,7,93.7,0.02696191610332761,1.5263315388817973
3820260323030001,静岡競輪,1R,16:04,2-7,2,7,60.5,0.04173718046109451,1.5250994178962176
8620260324020003,別府競輪,3R,16:40,1-5,1,5,49.1,0.05138775462867093,1.5231387522677426
3820260323030006,静岡競輪,6R,18:04,3-4,3,4,78.7,0.03204234766926583,1.5217327615712208
7420260324020007,高知競輪,7R,10:55,5-6,5,6,56.4,0.04454476537508345,1.5123247671547064
7420260324020007,高知競輪,7R,10:55,2-7,2,7,101.8,0.024677924971840758,1.5122127621333892
4420260325010005,大垣競輪,5R,12:33,2-4,2,4,65.7,0.03812861427918912,1.5050499581427252
6220260323030004,広島競輪,4R,12:25,4-6,4,6,57.0,0.04383365931418841,1.4985185809087391
3820260323030004,静岡競輪,4R,17:16,3-6,3,6,94.5,0.02639030604544322,1.4938839212943842
6220260323030011,広島競輪,11R,15:46,4-5,4,5,45.0,0.05535862516360224,1.4911381323621007
4420260325010011,大垣競輪,11R,15:22,1-6,1,6,97.6,0.02550675354764842,1.4894591462504856
6220260323030004,広島競輪,4R,12:25,2-5,2,5,55.9,0.04449609178456333,1.48733153075709
4420260325010002,大垣競輪,2R,11:26,6-7,6,7,49.9,0.04970355200341147,1.4802072449702321
4420260325010008,大垣競輪,8R,13:52,3-6,3,6,78.6,0.03154934414127176,1.4797784495039599
4220260325010003,名古屋競輪,3R,21:33,1-2,1,2,37.2,0.06645052243189907,1.4719594344666458
4420260325010003,大垣競輪,3R,11:47,4-6,4,6,122.9,0.020081983677809934,1.468075794002841
2320260324020004,取手競輪,4R,12:17,2-5,2,5,49.8,0.04955282656857499,1.4677307631150343
2320260324020006,取手競輪,6R,13:07,1-3,1,3,37.8,0.06521243344352069,1.4650299841650818
3820260323030005,静岡競輪,5R,17:40,4-5,4,5,39.3,0.06257052257733856,1.4590215372894049
8620260324020009,別府競輪,9R,19:04,1-4,1,4,118.8,0.020667044868725882,1.4552449304046347
4420260325010007,大垣競輪,7R,13:25,5-6,5,6,106.5,0.023036026013839257,1.4533367704738809
2320260324020009,取手競輪,9R,14:30,1-4,1,4,36.3,0.06738124377252035,1.4459391489424882
6220260323030010,広島競輪,10R,15:10,5-7,5,7,34.1,0.07169443647660802,1.4447802838523334
2320260324020004,取手競輪,4R,12:17,2-3,2,3,50.8,0.0480943463830039,1.4431927962565982
2320260324020011,取手競輪,11R,15:34,1-6,1,6,251.5,0.009707264483471197,1.4413770175930063
6220260323030012,広島競輪,12R,16:22,3-4,3,4,42.3,0.05763814886458908,1.438093696972118
6220260323030011,広島競輪,11R,15:46,6-7,6,7,171.1,0.014200603363978654,1.4297232355767475
4420260325010002,大垣競輪,2R,11:26,2-4,2,4,28.7,0.08438080577711987,1.4217291258033402
7420260324020001,高知競輪,1R,08:50,1-3,1,3,49.5,0.04875395536938755,1.4133207907846836
6220260323030004,広島競輪,4R,12:25,1-6,1,6,187.1,0.012892865079199147,1.4122550563181604
6220260323030010,広島競輪,10R,15:10,2-4,2,4,99.2,0.024253380636149326,1.4059353591060133
4220260325010001,名古屋競輪,1R,20:41,4-6,4,6,82.8,0.029024438701313167,1.4032235244687303
8620260324020010,別府競輪,10R,19:28,6-7,6,7,107.2,0.022373046089907617,1.3983905408380966
2320260324020001,取手競輪,1R,11:12,3-4,3,4,30.8,0.0776481935279374,1.391564360660472
4220260325010007,名古屋競輪,7R,23:17,1-6,1,6,36.3,0.06543396669133368,1.3752529908954125
7420260324020003,高知競輪,3R,09:31,1-2,1,2,24.9,0.09518374113775373,1.3700751543300678
4420260325010004,大垣競輪,4R,12:09,1-3,1,3,40.7,0.058159262455615965,1.3670819819435698
7420260324020002,高知競輪,2R,09:10,2-7,2,7,129.4,0.018166454769612005,1.3507392471877937
6220260323030007,広島競輪,7R,13:43,1-7,1,7,70.7,0.033176594010233845,1.3455851965235328
4420260325010007,大垣競輪,7R,13:25,6-7,6,7,89.5,0.026206390713045577,1.3454719688175794
4420260325010003,大垣競輪,3R,11:47,1-6,1,6,77.0,0.030339667271668914,1.3361543799185065
6220260323030001,広島競輪,1R,11:19,2-6,2,6,96.1,0.02425027035301267,1.3304509809245175
6220260323030011,広島競輪,11R,15:46,3-7,3,7,81.1,0.02872094955652443,1.3292690090341313
4420260325010008,大垣競輪,8R,13:52,2-4,2,4,57.7,0.040157664180037494,1.3170972231881635
7420260324020004,高知競輪,4R,09:52,1-4,1,4,71.7,0.03225646070617569,1.3127882326327969
8620260324020010,別府競輪,10R,19:28,1-6,1,6,45.9,0.050343288370122544,1.3107569361886249
4420260325010005,大垣競輪,5R,12:33,5-6,5,6,35.5,0.0650288662479397,1.3085247518018592
6220260323030004,広島競輪,4R,12:25,3-6,3,6,51.6,0.044660576062631796,1.304485724831801
6220260323030005,広島競輪,5R,12:49,3-5,3,5,54.2,0.0425038028853196,1.3037061163843227
4420260325010006,大垣競輪,6R,12:58,4-7,4,7,34.3,0.06707221922757015,1.3005771195056557
7420260324020002,高知競輪,2R,09:10,4-7,4,7,77.6,0.029586803113115775,1.295935921577784
3820260323030005,静岡競輪,5R,17:40,3-6,3,6,91.7,0.02499150148211101,1.2917206859095796
7420260324020004,高知競輪,4R,09:52,1-3,1,3,39.9,0.05743634886467023,1.291710319700342
6220260323030012,広島競輪,12R,16:22,2-6,2,6,147.3,0.015535424458635998,1.2883680227570826
8620260324020012,別府競輪,12R,20:17,1-3,1,3,32.4,0.0702103056052215,1.2748139016091766
7420260324020002,高知競輪,2R,09:10,1-3,1,3,84.1,0.027016418468396926,1.2720807931921811
4220260325010003,名古屋競輪,3R,21:33,4-6,4,6,55.8,0.04063042492181823,1.267177710637457
2320260324020010,取手競輪,10R,15:00,2-7,2,7,59.8,0.03790050535948537,1.2664502204972252
3820260323030002,静岡競輪,2R,16:28,6-7,6,7,105.4,0.021416232508665995,1.257270906413396
2320260324020008,取手競輪,8R,14:01,2-6,2,6,130.2,0.017274741941253436,1.2491714007511971
7420260324020001,高知競輪,1R,08:50,3-4,3,4,83.5,0.026934491711306487,1.2490300578940916
6220260323030007,広島競輪,7R,13:43,1-3,1,3,55.2,0.04074040600845268,1.248870411666588
5620260325010007,岸和田競輪,7R,23:30,1-6,1,6,36.8,0.06107871308820338,1.2476966416458843
4420260325010009,大垣競輪,9R,14:20,2-6,2,6,46.5,0.04809651825179345,1.2364880987083957
5620260325010002,岸和田競輪,2R,21:20,4-6,4,6,104.6,0.021376068262552023,1.2359367402629413
4420260325010007,大垣競輪,7R,13:25,2-6,2,6,32.3,0.0691816813277629,1.2345683068867412
8620260324020010,別府競輪,10R,19:28,4-7,4,7,64.3,0.03470708014642667,1.231665253415235
4420260325010001,大垣競輪,1R,11:05,5-6,5,6,88.7,0.025132126744381988,1.2292196422266826
6220260323030001,広島競輪,1R,11:19,5-7,5,7,100.5,0.022091430178976895,1.220188732987178
2320260324020009,取手競輪,9R,14:30,4-6,4,6,130.0,0.017058316359470985,1.2175811267312282
7420260324020006,高知競輪,6R,10:34,2-6,2,6,114.0,0.01943838306021587,1.2159756688646093
6220260323030010,広島競輪,10R,15:10,1-7,1,7,32.0,0.06923448372825576,1.2155034793041843
6220260323030001,広島競輪,1R,11:19,3-7,3,7,70.2,0.031495740271679305,1.2110009670718873
8620260324020002,別府競輪,2R,16:16,1-2,1,2,122.1,0.018046406507209012,1.2034662345302203
4420260325010004,大垣競輪,4R,12:09,1-2,1,2,70.8,0.031034891157973664,1.1972702939845354
8620260324020012,別府競輪,12R,20:17,2-3,2,3,52.4,0.04188865883692252,1.19496572305474
7420260324020002,高知競輪,2R,09:10,3-6,3,6,132.8,0.016494572854475344,1.1904792750743258
7420260324020003,高知競輪,3R,09:31,5-7,5,7,86.1,0.025411521190476415,1.1879319745000192
3820260323030003,静岡競輪,3R,16:52,3-7,3,7,57.3,0.03811351904100953,1.1839046410498457
4420260325010009,大垣競輪,9R,14:20,4-5,4,5,129.3,0.016859225046705423,1.1798977985390113
7420260324020002,高知競輪,2R,09:10,3-7,3,7,229.4,0.009474264570697291,1.1733962925179586
4420260325010011,大垣競輪,11R,15:22,4-6,4,6,162.7,0.013351654726034497,1.1723142239258126
6220260323030010,広島競輪,10R,15:10,2-6,2,6,68.3,0.03177612344882727,1.1703092315549024
4420260325010010,大垣競輪,10R,14:50,5-6,5,6,111.5,0.019460747473443486,1.1698733432889488
8620260324020012,別府競輪,12R,20:17,3-4,3,4,56.8,0.0381676603518962,1.1679231079877042
4420260325010005,大垣競輪,5R,12:33,6-7,6,7,71.1,0.030420422434083556,1.1628920350633405
4420260325010002,大垣競輪,2R,11:26,3-4,3,4,48.5,0.04435137806648386,1.1510418362244672
2320260324020003,取手競輪,3R,11:54,2-5,2,5,56.4,0.03813750587118278,1.1509553311347087
3820260323030011,静岡競輪,11R,20:04,6-7,6,7,63.5,0.03383621364572088,1.1485995665032762
4420260325010002,大垣競輪,2R,11:26,3-6,3,6,58.0,0.036957367907688436,1.1435273386459293
3820260323030007,静岡競輪,7R,18:28,1-6,1,6,25.6,0.08362281000027375,1.140743936007008
4420260325010001,大垣競輪,1R,11:05,3-5,3,5,45.4,0.046927424452790065,1.1305050701566688
4420260325010008,大垣競輪,8R,13:52,1-2,1,2,25.8,0.08257757738851285,1.1305014966236313
8620260324020009,別府競輪,9R,19:04,4-5,4,5,59.4,0.03584915902967267,1.1294400463625567
3820260323030001,静岡競輪,1R,16:04,5-7,5,7,55.5,0.03834396982126753,1.1280903250803478
4220260325010003,名古屋競輪,3R,21:33,2-7,2,7,55.8,0.0380146915386696,1.1212197878577634
8620260324020010,別府競輪,10R,19:28,2-4,2,4,45.9,0.04596745468708815,1.109906170137346
4420260325010001,大垣競輪,1R,11:05,3-4,3,4,79.4,0.0265670445854064,1.109423340081268
6220260323030006,広島競輪,6R,13:16,4-6,4,6,55.8,0.0377796704159009,1.10810560920727
3820260323030001,静岡競輪,1R,16:04,1-2,1,2,92.5,0.02277508875760928,1.1066957100788586
2320260324020009,取手競輪,9R,14:30,3-7,3,7,52.3,0.04022763410052398,1.103905263457404
2320260324020009,取手競輪,9R,14:30,3-6,3,6,168.0,0.012511325144341147,1.1019026242493126
2320260324020007,取手競輪,7R,13:34,2-5,2,5,43.9,0.047507386135793764,1.0855742513613462
8620260324020006,別府競輪,6R,17:52,1-3,1,3,63.5,0.032838697732542416,1.0852573060164432
6220260323030008,広島競輪,8R,14:10,3-6,3,6,43.7,0.047670272520009736,1.0831909091244256
4420260325010006,大垣競輪,6R,12:58,4-5,4,5,67.6,0.030770891246372174,1.0801122482547587
6220260323030011,広島競輪,11R,15:46,1-6,1,6,80.3,0.025796098065380444,1.0714266746500494
3820260323030004,静岡競輪,4R,17:16,3-7,3,7,94.5,0.021904879581266672,1.0700111204297005
8620260324020012,別府競輪,12R,20:17,2-7,2,7,30.9,0.06695176667439123,1.068809590238689
3820260323030002,静岡競輪,2R,16:28,1-3,1,3,47.1,0.04384528437436232,1.065112894032465
2320260324020008,取手競輪,8R,14:01,1-3,1,3,22.7,0.09091267703704577,1.063717768740939
3820260323030003,静岡競輪,3R,16:52,3-5,3,5,23.5,0.08714521882300802,1.0479126423406884
3820260323030012,静岡競輪,12R,20:30,3-5,3,5,55.2,0.03708772674820654,1.0472425165010013
7420260324020007,高知競輪,7R,10:55,2-3,2,3,66.1,0.030938480467989863,1.0450335589341297
8620260324020005,別府競輪,5R,17:28,6-7,6,7,52.1,0.03912273937783838,1.03829472158538
2320260324020010,取手競輪,10R,15:00,1-6,1,6,98.9,0.020585974445403523,1.0359528726504084
6220260323030002,広島競輪,2R,11:40,2-6,2,6,157.6,0.012910218450231416,1.0346504277564712
6220260323030009,広島競輪,9R,14:40,2-6,2,6,70.6,0.028814900930864917,1.034332005719063
3820260323030006,静岡競輪,6R,18:04,4-7,4,7,39.3,0.051669676867512684,1.0306183008932481
6220260323030003,広島競輪,3R,12:01,1-5,1,5,72.8,0.027872789192780134,1.0291390532343936
6220260323030004,広島競輪,4R,12:25,6-7,6,7,34.4,0.05897913792541901,1.0288823446344137
2320260324020010,取手競輪,10R,15:00,5-7,5,7,86.5,0.023413316619999062,1.0252518876299188
6220260323030005,広島競輪,5R,12:49,1-3,1,3,44.9,0.04508893713452463,1.0244932773401558
4220260325010001,名古屋競輪,1R,20:41,3-5,3,5,41.4,0.04886585902869295,1.0230465637878878
3820260323030010,静岡競輪,10R,19:40,5-6,5,6,28.3,0.07142513723752399,1.021331383821929
8620260324020001,別府競輪,1R,15:52,4-6,4,6,63.6,0.031719383634862444,1.0173527991772513
6220260323030002,広島競輪,2R,11:40,2-5,2,5,35.0,0.05759356825871611,1.0157748890550637
4420260325010005,大垣競輪,5R,12:33,2-6,2,6,34.3,0.05876668101838361,1.0156971589305575
4420260325010011,大垣競輪,11R,15:22,2-6,2,6,58.3,0.03451766583967262,1.0123799184529134
8620260324020005,別府競輪,5R,17:28,4-6,4,6,69.5,0.02891661828928544,1.009704971105338
4420260325010007,大垣競輪,7R,13:25,1-3,1,3,30.3,0.06628170531310362,1.00833567098704
8620260324020007,別府競輪,7R,18:16,1-6,1,6,59.2,0.033903443209434427,1.0070838379985183
8620260324020012,別府競輪,12R,20:17,3-5,3,5,75.7,0.02649002344627545,1.0052947748830516
8620260324020010,別府競輪,10R,19:28,4-5,4,5,29.2,0.06833595354595753,0.99540984354196
7420260324020005,高知競輪,5R,10:13,4-7,4,7,35.3,0.05646812589933451,0.9933248442465081
7420260324020005,高知競輪,5R,10:13,3-5,3,5,69.9,0.028510182785920185,0.992861776735821
4420260325010012,大垣競輪,12R,15:58,1-7,1,7,116.5,0.017088529076629128,0.9908136374272933
6220260323030007,広島競輪,7R,13:43,3-7,3,7,63.6,0.0312394509352154,0.9868290794796994
5620260325010007,岸和田競輪,7R,23:30,5-6,5,6,73.7,0.02690581388720816,0.9829584834872414
4420260325010011,大垣競輪,11R,15:22,5-7,5,7,22.3,0.08888104030430877,0.9820471987860855
3820260323030006,静岡競輪,6R,18:04,6-7,6,7,78.7,0.025180095406480425,0.9816735084900094
3820260323030007,静岡競輪,7R,18:28,2-3,2,3,57.7,0.03424595318641214,0.9759914988559806
4420260325010003,大垣競輪,3R,11:47,2-3,2,3,26.6,0.07425334049047731,0.9751388570466966
7420260324020003,高知競輪,3R,09:31,4-5,4,5,48.5,0.04067762655393208,0.972864887865706
3820260323030002,静岡競輪,2R,16:28,2-4,2,4,23.5,0.0838394777888525,0.9702277280380338
8620260324020002,別府競輪,2R,16:16,1-3,1,3,41.3,0.04756973015847969,0.9646298555452111
4420260325010012,大垣競輪,12R,15:58,6-7,6,7,170.5,0.011521951877074192,0.9644927950411497
2320260324020002,取手競輪,2R,11:33,1-3,1,3,33.3,0.05897255456269184,0.9637860669376381
8620260324020004,別府競輪,4R,17:04,1-4,1,4,34.5,0.05683264828362353,0.9607263657850116
3820260323030001,静岡競輪,1R,16:04,1-6,1,6,70.8,0.02764678499757336,0.9573923778281939
8620260324020011,別府競輪,11R,19:52,5-7,5,7,39.8,0.04901455313842913,0.9507792149094794
2320260324020001,取手競輪,1R,11:12,1-3,1,3,46.5,0.04190932229620005,0.9487834867733023
7420260324020006,高知競輪,6R,10:34,3-7,3,7,33.2,0.05860024947568053,0.9455282825925937
7420260324020001,高知競輪,1R,08:50,2-5,2,5,33.2,0.05853385537882447,0.9433239985769726
8620260324020002,別府競輪,2R,16:16,1-5,1,5,54.5,0.03548181317907995,0.9337588182598575
4220260325010006,名古屋競輪,6R,22:51,2-4,2,4,34.9,0.05537021853435518,0.9324206268489956
6220260323030008,広島競輪,8R,14:10,4-7,4,7,80.6,0.023951576126021657,0.9304970357573454
5620260325010002,岸和田競輪,2R,21:20,2-5,2,5,34.8,0.05540362257066278,0.9280460654590645
3820260323030011,静岡競輪,11R,20:04,1-4,1,4,26.4,0.07294903088906708,0.9258544154713708
8620260324020011,別府競輪,11R,19:52,1-7,1,7,34.8,0.05528849192672565,0.9240395190500525
6220260323030006,広島競輪,6R,13:16,4-7,4,7,27.5,0.06945425618337345,0.9099920450427699
5620260325010002,岸和田競輪,2R,21:20,1-5,1,5,29.8,0.06387410425325138,0.9034483067468912
8620260324020004,別府競輪,4R,17:04,4-5,4,5,78.0,0.02433826784047255,0.8983848915568589
2320260324020002,取手競輪,2R,11:33,5-7,5,7,32.9,0.057679426392834465,0.8976531283242539
7420260324020005,高知競輪,5R,10:13,2-7,2,7,28.6,0.06629828192171938,0.8961308629611744
8620260324020009,別府競輪,9R,19:04,3-7,3,7,26.4,0.0717450732502992,0.8940699338078988
6220260323030009,広島競輪,9R,14:40,3-5,3,5,90.1,0.02094886190495802,0.8874924576367176
6220260323030007,広島競輪,7R,13:43,4-6,4,6,29.9,0.06307427490089572,0.8859208195367818
3820260323030005,静岡競輪,5R,17:40,3-4,3,4,91.7,0.02051158140750882,0.8809120150685588
6220260323030007,広島競輪,7R,13:43,1-2,1,2,39.2,0.047981221730019355,0.8808638918167588
5620260325010005,岸和田競輪,5R,22:38,1-7,1,7,24.7,0.07614214160017488,0.8807108975243194
4420260325010010,大垣競輪,10R,14:50,2-7,2,7,66.9,0.02803402230929159,0.8754760924916076
6220260323030006,広島競輪,6R,13:16,1-5,1,5,81.7,0.0229503880088774,0.8750467003252838
3820260323030002,静岡競輪,2R,16:28,2-3,2,3,33.2,0.05644711915859872,0.8740443560654778
4420260325010012,大垣競輪,12R,15:58,3-7,3,7,38.2,0.04901722305280882,0.8724579206172971
3820260323030011,静岡競輪,11R,20:04,1-7,1,7,37.3,0.05005651451587229,0.8671079914420363
7420260324020005,高知競輪,5R,10:13,1-7,1,7,20.9,0.08921850969842332,0.8646668526970474
2320260324020002,取手競輪,2R,11:33,1-7,1,7,18.0,0.1035710665054776,0.8642791970985968
8620260324020009,別府競輪,9R,19:04,2-5,2,5,21.6,0.08615216062257935,0.8608866694477142
2320260324020011,取手競輪,11R,15:34,1-5,1,5,62.2,0.02980635484493129,0.8539552713547263
8620260324020001,別府競輪,1R,15:52,1-6,1,6,89.1,0.020751226357807066,0.8489342684806096
4420260325010004,大垣競輪,4R,12:09,1-7,1,7,77.0,0.023967196948421633,0.8454741650284656
3820260323030006,静岡競輪,6R,18:04,4-5,4,5,19.6,0.09396708657996987,0.8417548969674096
8620260324020005,別府競輪,5R,17:28,1-7,1,7,16.0,0.11460962410647949,0.8337539857036718
4220260325010007,名古屋競輪,7R,23:17,4-5,4,5,36.3,0.05047406170470399,0.8322084398807548
7420260324020004,高知競輪,4R,09:52,2-7,2,7,26.3,0.0696426395517011,0.8316014202097388
3820260323030004,静岡競輪,4R,17:16,5-6,5,6,64.2,0.028512178633841288,0.8304818682926107
7420260324020002,高知競輪,2R,09:10,2-3,2,3,98.9,0.018508109450781372,0.8304520246822777
3820260323030007,静岡競輪,7R,18:28,3-4,3,4,77.0,0.023770894878844796,0.8303589056710494
3820260323030007,静岡競輪,7R,18:28,6-7,6,7,57.7,0.03167355357833643,0.8275640414700121
7420260324020002,高知競輪,2R,09:10,3-5,3,5,27.2,0.06692872004712877,0.8204611852819026
3820260323030009,静岡競輪,9R,19:16,3-5,3,5,22.0,0.08274026452468042,0.8202858195429692
4420260325010006,大垣競輪,6R,12:58,4-6,4,6,84.0,0.021668652677794296,0.8201668249347209
5620260325010002,岸和田競輪,2R,21:20,3-4,3,4,41.8,0.0434479740397766,0.8161253148626617
6220260323030006,広島競輪,6R,13:16,1-6,1,6,120.0,0.015070397367993729,0.8084476841592474
7420260324020003,高知競輪,3R,09:31,1-7,1,7,47.7,0.037910134603003964,0.8083134205632891
5620260325010007,岸和田競輪,7R,23:30,3-4,3,4,44.2,0.040857628033619725,0.8059071590859919
6220260323030009,広島競輪,9R,14:40,6-7,6,7,69.7,0.02590613041330983,0.8056572898076952
8620260324020012,別府競輪,12R,20:17,2-6,2,6,56.8,0.03175138615060707,0.8034787333544813
2320260324020003,取手競輪,3R,11:54,1-7,1,7,19.3,0.09336260272621,0.801898232615853
7420260324020005,高知競輪,5R,10:13,3-6,3,6,97.1,0.01851363992652019,0.7976744368651103
3820260323030010,静岡競輪,10R,19:40,1-5,1,5,19.7,0.09093808890134522,0.7914803513565007
6220260323030005,広島競輪,5R,12:49,1-2,1,2,20.8,0.0860516329117606,0.7898739645646204
2320260324020003,取手競輪,3R,11:54,3-4,3,4,45.2,0.039529856644042266,0.7867495203107104
8620260324020006,別府競輪,6R,17:52,3-7,3,7,95.2,0.018761744530129233,0.7861180792683029
2320260324020003,取手競輪,3R,11:54,3-6,3,6,111.2,0.01603839548656559,0.7834695781060936
7420260324020001,高知競輪,1R,08:50,2-4,2,4,61.0,0.02921097102910351,0.7818692327753141
7420260324020004,高知競輪,4R,09:52,2-5,2,5,87.1,0.020328759687515904,0.770634968782635
3820260323030009,静岡競輪,9R,19:16,3-6,3,6,55.1,0.03207743600613832,0.7674667239382216
7420260324020002,高知競輪,2R,09:10,5-6,5,6,18.0,0.09814618466744393,0.7666313240139908
3820260323030010,静岡競輪,10R,19:40,3-4,3,4,113.4,0.015574847780208447,0.7661877382756381
2320260324020011,取手競輪,11R,15:34,6-7,6,7,165.4,0.010664025605601436,0.7638298351664776
6220260323030003,広島競輪,3R,12:01,4-7,4,7,41.0,0.04300378174390566,0.763155051500132
7420260324020007,高知競輪,7R,10:55,4-7,4,7,61.4,0.028699703671071282,0.7621618054037766
3820260323030002,静岡競輪,2R,16:28,2-5,2,5,33.6,0.05242332402906417,0.7614236873765561
3820260323030001,静岡競輪,1R,16:04,4-7,4,7,20.9,0.08414387858080241,0.7586070623387702
3820260323030001,静岡競輪,1R,16:04,1-7,1,7,35.8,0.04903076061341116,0.7553012299601194
2320260324020003,取手競輪,3R,11:54,1-5,1,5,24.4,0.07190024157613517,0.7543658944576981
8620260324020005,別府競輪,5R,17:28,1-5,1,5,34.7,0.05039252747536397,0.74862070339513
6220260323030010,広島競輪,10R,15:10,1-2,1,2,24.5,0.0713399049764249,0.74782767192241
3820260323030009,静岡競輪,9R,19:16,1-3,1,3,27.5,0.06339192898005228,0.7432780469514375
2320260324020011,取手競輪,11R,15:34,2-4,2,4,23.4,0.07447439324923846,0.7427008020321799
6220260323030008,広島競輪,8R,14:10,1-4,1,4,32.7,0.053207312614517555,0.7398791224947241
6220260323030003,広島競輪,3R,12:01,1-3,1,3,33.6,0.05173204407800569,0.7381966810209912
4420260325010001,大垣競輪,1R,11:05,2-3,2,3,40.5,0.0429001428264556,0.7374557844714518
6220260323030003,広島競輪,3R,12:01,3-5,3,5,32.1,0.05407866629366119,0.7359251880265243
4220260325010002,名古屋競輪,2R,21:07,1-5,1,5,27.9,0.06216193095233724,0.734317873570209
8620260324020006,別府競輪,6R,17:52,6-7,6,7,95.2,0.01817674228856148,0.730425865871053
2320260324020010,取手競輪,10R,15:00,3-5,3,5,36.1,0.04789402698502308,0.7289743741593333
2320260324020001,取手競輪,1R,11:12,4-6,4,6,48.2,0.035838447933705976,0.7274131904046282
4220260325010003,名古屋競輪,3R,21:33,1-7,1,7,22.3,0.07743695965705616,0.7268442003523523
3820260323030009,静岡競輪,9R,19:16,3-4,3,4,73.5,0.023413364026575043,0.7208822559532657
3820260323030012,静岡競輪,12R,20:30,1-3,1,3,57.2,0.030084741397741477,0.7208472079508126
4420260325010006,大垣競輪,6R,12:58,3-7,3,7,29.0,0.059234075826432246,0.7177881989665351
6220260323030003,広島競輪,3R,12:01,2-7,2,7,24.5,0.07010345437714408,0.7175346322400298
8620260324020012,別府競輪,12R,20:17,2-5,2,5,85.2,0.02009390996629818,0.712001129128605
8620260324020007,別府競輪,7R,18:16,3-5,3,5,39.5,0.04331563913707534,0.7109677459144759
2320260324020001,取手競輪,1R,11:12,4-5,4,5,25.4,0.06725264370754275,0.7082171501715857
2320260324020012,取手競輪,12R,16:10,1-7,1,7,44.4,0.038377847366781515,0.7039764230850991
2320260324020009,取手競輪,9R,14:30,1-3,1,3,31.0,0.0548169096937893,0.6993242005074682
4420260325010004,大垣競輪,4R,12:09,3-6,3,6,39.9,0.04258666741724905,0.699208029948237
4420260325010011,大垣競輪,11R,15:22,1-5,1,5,49.2,0.03447434893467867,0.6961379675861907
5620260325010001,岸和田競輪,1R,20:54,2-5,2,5,28.1,0.060254397488905334,0.69314856943824
2320260324020002,取手競輪,2R,11:33,3-4,3,4,99.9,0.016923432737447668,0.690650930471022
8620260324020008,別府競輪,8R,18:40,3-7,3,7,16.1,0.10491124489521211,0.6890710428129152
7420260324020004,高知競輪,4R,09:52,2-4,2,4,133.5,0.012638607464005918,0.6872540964447902
4220260325010002,名古屋競輪,2R,21:07,1-3,1,3,21.9,0.07699055971157978,0.6860932576835972
5620260325010007,岸和田競輪,7R,23:30,3-6,3,6,44.2,0.038121402226376916,0.6849659784058597
3820260323030012,静岡競輪,12R,20:30,5-6,5,6,47.1,0.0357665687574412,0.6846053884754806
6220260323030004,広島競輪,4R,12:25,1-3,1,3,53.4,0.03152998008635794,0.6837009366115141
3820260323030006,静岡競輪,6R,18:04,4-6,4,6,78.7,0.021387253962014637,0.6831768868105519
4420260325010012,大垣競輪,12R,15:58,2-7,2,7,40.4,0.041614384162368456,0.6812211201596856
6220260323030006,広島競輪,6R,13:16,1-7,1,7,43.3,0.03871841580769876,0.6765074044733563
8620260324020004,別府競輪,4R,17:04,3-5,3,5,113.6,0.014728453166542279,0.6731522797192029
3820260323030011,静岡競輪,11R,20:04,1-3,1,3,37.3,0.044602767515324014,0.6636832283215857
2320260324020002,取手競輪,2R,11:33,2-4,2,4,43.3,0.03840791408289431,0.6630626797893235
7420260324020005,高知競輪,5R,10:13,4-6,4,6,72.8,0.0227835223512945,0.6586404271742397
3820260323030012,静岡競輪,12R,20:30,1-6,1,6,76.2,0.021765226233247427,0.6585102389734541
4420260325010008,大垣競輪,8R,13:52,5-7,5,7,50.3,0.03281266450959273,0.650477024832514
5620260325010002,岸和田競輪,2R,21:20,5-7,5,7,69.7,0.023675393617499166,0.6501749351396919
6220260323030005,広島競輪,5R,12:49,2-3,2,3,18.9,0.0872358277876327,0.6487571451862579
6220260323030002,広島競輪,2R,11:40,1-2,1,2,35.7,0.046129994435428576,0.6468408013448004
2320260324020001,取手競輪,1R,11:12,1-5,1,5,53.8,0.03058794441289337,0.6456314094136633
3820260323030006,静岡競輪,6R,18:04,3-6,3,6,118.1,0.01389341124534243,0.6408118680749408
3820260323030008,静岡競輪,8R,18:52,6-7,6,7,88.7,0.01848536339710306,0.6396517333230414
4420260325010003,大垣競輪,3R,11:47,2-6,2,6,67.0,0.024466828871515297,0.6392775343915249
4420260325010009,大垣競輪,9R,14:20,1-5,1,5,24.1,0.06800213377124509,0.6388514238870067
3820260323030008,静岡競輪,8R,18:52,1-3,1,3,22.1,0.07408832670553098,0.6373520201922347
6220260323030006,広島競輪,6R,13:16,1-2,1,2,42.7,0.03833095475677082,0.636731768114114
4420260325010011,大垣競輪,11R,15:22,1-3,1,3,36.2,0.04485810068019057,0.6238632446228987
7420260324020004,高知競輪,4R,09:52,6-7,6,7,19.0,0.08545468667948852,0.6236390469102819
2320260324020003,取手競輪,3R,11:54,4-7,4,7,28.4,0.05715323868652737,0.6231519786973774
5620260325010002,岸和田競輪,2R,21:20,2-6,2,6,34.8,0.0465790075311078,0.6209494620825513
4420260325010012,大垣競輪,12R,15:58,3-6,3,6,31.6,0.05126903592459206,0.6201015352171091
3820260323030009,静岡競輪,9R,19:16,2-5,2,5,27.5,0.05887161847914982,0.61896950817662
6220260323030011,広島競輪,11R,15:46,2-7,2,7,28.0,0.05779181859242403,0.6181709205878727
5620260325010002,岸和田競輪,2R,21:20,2-3,2,3,20.9,0.07739665380664379,0.617590064558855
4420260325010004,大垣競輪,4R,12:09,5-6,5,6,28.0,0.057767842322381205,0.6174995850266738
4420260325010003,大垣競輪,3R,11:47,1-7,1,7,33.7,0.04794915010018154,0.615886358376118
3820260323030009,静岡競輪,9R,19:16,4-5,4,5,31.5,0.051284122706699346,0.6154498652610294
8620260324020009,別府競輪,9R,19:04,1-5,1,5,33.9,0.04752235518098211,0.6110078406352935
2320260324020004,取手競輪,4R,12:17,3-4,3,4,20.4,0.0789242622996763,0.6100549509133966
4420260325010007,大垣競輪,7R,13:25,2-4,2,4,33.1,0.04853895487727657,0.6066394064378546
4420260325010001,大垣競輪,1R,11:05,5-7,5,7,16.5,0.09709192291075051,0.6020167280273834
3820260323030005,静岡競輪,5R,17:40,1-6,1,6,39.3,0.04072871152705821,0.6006383630133876
6220260323030005,広島競輪,5R,12:49,1-6,1,6,29.3,0.05448823879563622,0.5965053967121412
8620260324020005,別府競輪,5R,17:28,5-7,5,7,34.7,0.04600822595932428,0.5964854407885527
4420260325010003,大垣競輪,3R,11:47,1-4,1,4,35.3,0.045113282368162595,0.5924988675961396
8620260324020007,別府競輪,7R,18:16,1-3,1,3,29.6,0.05368491902182759,0.5890736030460968
8620260324020001,別府競輪,1R,15:52,3-6,3,6,104.9,0.01513746589656793,0.5879201725499759
8620260324020008,別府競輪,8R,18:40,1-6,1,6,96.7,0.016414189368299636,0.5872521119145748
8620260324020001,別府競輪,1R,15:52,3-5,3,5,27.0,0.05865825123251132,0.5837727832778055
4420260325010012,大垣競輪,12R,15:58,5-6,5,6,47.2,0.03355170292354541,0.5836403779913435
8620260324020002,別府競輪,2R,16:16,2-3,2,3,24.6,0.06433686198894337,0.582686804928007
4420260325010006,大垣競輪,6R,12:58,1-4,1,4,37.2,0.042320531955449936,0.5743237887427377
6220260323030003,広島競輪,3R,12:01,4-5,4,5,41.3,0.03810628430998584,0.573789542002415
6220260323030001,広島競輪,1R,11:19,2-7,2,7,147.5,0.010660109656975541,0.5723661744038924
6220260323030010,広島競輪,10R,15:10,4-5,4,5,35.1,0.0447319832707555,0.570092612803518
2320260324020012,取手競輪,12R,16:10,2-6,2,6,61.8,0.025398268265164583,0.5696129787871711
6220260323030008,広島競輪,8R,14:10,4-5,4,5,48.1,0.03258131370255473,0.5671611890928825
6220260323030007,広島競輪,7R,13:43,5-7,5,7,41.8,0.03747261371846832,0.5663552534319758
8620260324020010,別府競輪,10R,19:28,3-4,3,4,53.6,0.0291491401116554,0.5623939099847295
4420260325010010,大垣競輪,10R,14:50,6-7,6,7,120.8,0.01293353241779804,0.5623707160700033
4420260325010011,大垣競輪,11R,15:22,6-7,6,7,20.5,0.07620389178179827,0.5621797815268645
6220260323030006,広島競輪,6R,13:16,5-6,5,6,100.7,0.015505085301493221,0.5613620898603675
4420260325010006,大垣競輪,6R,12:58,3-5,3,5,67.6,0.023077880384298227,0.56006471397856
8620260324020007,別府競輪,7R,18:16,3-4,3,4,23.7,0.06582545470943994,0.5600632766137266
3820260323030007,静岡競輪,7R,18:28,2-5,2,5,33.0,0.04724386217216549,0.5590474516814612
6220260323030009,広島競輪,9R,14:40,5-6,5,6,108.9,0.014311396876551183,0.5585111198564239
4420260325010004,大垣競輪,4R,12:09,3-4,3,4,25.4,0.061331341525467806,0.5578160747468821
4420260325010009,大垣競輪,9R,14:20,3-5,3,5,31.5,0.049335568420855236,0.5540704052569398
4420260325010005,大垣競輪,5R,12:33,1-4,1,4,58.0,0.026782713754695594,0.5533973977723445
6220260323030008,広島競輪,8R,14:10,5-7,5,7,33.4,0.046481002411088684,0.5524654805303619
6220260323030012,広島競輪,12R,16:22,5-6,5,6,73.1,0.02123366323923853,0.5521807827883365
2320260324020008,取手競輪,8R,14:01,1-2,1,2,23.3,0.06660003895755529,0.5517809077110383
6220260323030002,広島競輪,2R,11:40,1-5,1,5,14.7,0.10549529848428663,0.5507808877190132
4420260325010001,大垣競輪,1R,11:05,1-4,1,4,60.5,0.025604834786910936,0.5490925046081117
2320260324020010,取手競輪,10R,15:00,3-4,3,4,20.8,0.07439503874744133,0.5474168059467797
7420260324020006,高知競輪,6R,10:34,1-2,1,2,26.6,0.05798779855297115,0.5424754415090327
5620260325010004,岸和田競輪,4R,22:12,1-4,1,4,22.5,0.06818875519540545,0.5342469918966226
3820260323030008,静岡競輪,8R,18:52,2-5,2,5,26.6,0.05767333931536099,0.5341108257886025
4420260325010005,大垣競輪,5R,12:33,3-6,3,6,49.4,0.03102939895025017,0.5328523081423584
4420260325010005,大垣競輪,5R,12:33,5-7,5,7,23.1,0.06633362948382698,0.5323068410764034
3820260323030001,静岡競輪,1R,16:04,3-7,3,7,19.6,0.0780746129748104,0.530262414306284
2320260324020008,取手競輪,8R,14:01,2-7,2,7,87.7,0.017425556992270278,0.5282213482221034
5620260325010007,岸和田競輪,7R,23:30,2-4,2,4,22.1,0.0688969376049729,0.522622321069901
3820260323030009,静岡競輪,9R,19:16,4-6,4,6,110.2,0.013811965270148724,0.5220785727703894
7420260324020004,高知競輪,4R,09:52,1-5,1,5,31.7,0.0479454796257996,0.5198717041378473
4220260325010003,名古屋競輪,3R,21:33,3-7,3,7,55.8,0.027196990452870606,0.5175920672701797
6220260323030012,広島競輪,12R,16:22,2-7,2,7,55.8,0.027173946471214627,0.5163062130937761
8620260324020012,別府競輪,12R,20:17,2-4,2,4,52.4,0.028857306917914077,0.5121228824986976
3820260323030005,静岡競輪,5R,17:40,2-3,2,3,55.0,0.02720884166990351,0.49648629184469306
4420260325010003,大垣競輪,3R,11:47,3-4,3,4,22.6,0.06613147723294567,0.49457138546457236
6220260323030006,広島競輪,6R,13:16,2-4,2,4,20.8,0.07181249861206163,0.4936999711308818
3820260323030001,静岡競輪,1R,16:04,1-4,1,4,23.9,0.062329890140470655,0.48968437435724854
3820260323030001,静岡競輪,1R,16:04,1-5,1,5,59.5,0.025028968047653727,0.4892235988353968
6220260323030006,広島競輪,6R,13:16,6-7,6,7,52.7,0.028193233253141672,0.4857833924405661
3820260323030004,静岡競輪,4R,17:16,4-7,4,7,30.3,0.04899711519911308,0.48461259053312644
6220260323030006,広島競輪,6R,13:16,2-7,2,7,27.2,0.05446808715738303,0.4815319706808183
6220260323030009,広島競輪,9R,14:40,4-7,4,7,27.9,0.053073165703649755,0.48074132313182805
2320260324020008,取手競輪,8R,14:01,3-4,3,4,26.2,0.05648034319562898,0.4797849917254793
4220260325010005,名古屋競輪,5R,22:25,3-6,3,6,42.0,0.035223741684872655,0.4793971507646515
4420260325010012,大垣競輪,12R,15:58,1-6,1,6,79.6,0.01855996190924595,0.4773729679759775
4420260325010008,大垣競輪,8R,13:52,2-5,2,5,29.1,0.05074864269996249,0.4767855025689085
6220260323030006,広島競輪,6R,13:16,3-5,3,5,25.7,0.0574570218427988,0.47664546135992913
8620260324020010,別府競輪,10R,19:28,2-3,2,3,45.9,0.032088664037803326,0.47286967933517254
4220260325010002,名古屋競輪,2R,21:07,1-4,1,4,19.2,0.07669238273688109,0.4724937485481169
6220260323030006,広島競輪,6R,13:16,3-6,3,6,35.7,0.041073766912416904,0.46633347877328357
7420260324020003,高知競輪,3R,09:31,1-5,1,5,56.3,0.026005585368471883,0.46411445624496683
2320260324020010,取手競輪,10R,15:00,2-3,2,3,20.7,0.07059028053563252,0.4612188070875931
2320260324020011,取手競輪,11R,15:34,4-5,4,5,27.9,0.052258933987588733,0.4580242582537255
3820260323030003,静岡競輪,3R,16:52,4-7,4,7,27.8,0.05226335024789418,0.4529211368914581
2320260324020005,取手競輪,5R,12:41,1-5,1,5,45.8,0.031698989839955345,0.45181373466995467
7420260324020002,高知競輪,2R,09:10,5-7,5,7,21.8,0.06650722269551355,0.44985745476219563
8620260324020003,別府競輪,3R,16:40,3-5,3,5,54.7,0.0263907778794426,0.4435755500055103
7420260324020004,高知競輪,4R,09:52,5-6,5,6,59.7,0.024178519627650143,0.4434576217707136
7420260324020004,高知競輪,4R,09:52,4-6,4,6,97.0,0.014870220822515066,0.4424114197839615
6220260323030002,広島競輪,2R,11:40,5-6,5,6,33.1,0.04354886020206996,0.4414672726885158
4420260325010010,大垣競輪,10R,14:50,3-6,3,6,39.9,0.03609344589010287,0.44012849101510443
4220260325010005,名古屋競輪,5R,22:25,1-2,1,2,14.0,0.10280827840970055,0.4393158977358078
8620260324020010,別府競輪,10R,19:28,1-4,1,4,22.9,0.06284997917941697,0.4392645232086485
3820260323030012,静岡競輪,12R,20:30,3-7,3,7,48.5,0.02966185316839161,0.4385998786669931
2320260324020008,取手競輪,8R,14:01,2-5,2,5,31.1,0.046185894970912994,0.4363813335953941
8620260324020002,別府競輪,2R,16:16,2-7,2,7,47.5,0.030216005630529695,0.43526026745016044
4420260325010009,大垣競輪,9R,14:20,2-4,2,4,85.6,0.01674425153875917,0.43330793171778503
8620260324020002,別府競輪,2R,16:16,2-6,2,6,57.0,0.025035700148569883,0.42703490846848324
2320260324020011,取手競輪,11R,15:34,1-7,1,7,123.3,0.011545060271423366,0.42350593146650106
7420260324020002,高知競輪,2R,09:10,2-6,2,6,48.5,0.02932430192105573,0.4222286431712028
4420260325010008,大垣競輪,8R,13:52,2-3,2,3,35.4,0.04014470962817736,0.42112272083747837
2320260324020002,取手競輪,2R,11:33,3-6,3,6,137.3,0.010346253226734166,0.42054056803060114
6220260323030005,広島競輪,5R,12:49,3-6,3,6,25.5,0.05556424708474102,0.4168883006608959
3820260323030004,静岡競輪,4R,17:16,4-5,4,5,20.3,0.06973604779173789,0.4156417701722792
2320260324020009,取手競輪,9R,14:30,4-5,4,5,35.0,0.040369410740966186,0.4129293759338164
4220260325010005,名古屋競輪,5R,22:25,2-5,2,5,42.0,0.03363791009743406,0.4127922240922306
4420260325010010,大垣競輪,10R,14:50,5-7,5,7,92.5,0.015271675999191258,0.41263002992519127
8620260324020009,別府競輪,9R,19:04,4-6,4,6,237.7,0.005941010433678118,0.4121781800852886
3820260323030003,静岡競輪,3R,16:52,3-6,3,6,26.3,0.05349796953522399,0.40699659877639105
5620260325010002,岸和田競輪,2R,21:20,1-4,1,4,23.2,0.060640038767183935,0.4068488993986672
6220260323030010,広島競輪,10R,15:10,2-3,2,3,38.2,0.03675122385900133,0.40389675141385073
3820260323030002,静岡競輪,2R,16:28,5-7,5,7,55.4,0.02525383912387773,0.39906268746282625
8620260324020009,別府競輪,9R,19:04,3-5,3,5,39.6,0.03532392513771942,0.3988274354536889
3820260323030012,静岡競輪,12R,20:30,2-5,2,5,12.7,0.10991849509290982,0.39596488767995464
3820260323030009,静岡競輪,9R,19:16,1-6,1,6,27.5,0.05075790154644758,0.3958422925273086
4420260325010002,大垣競輪,2R,11:26,3-5,3,5,64.9,0.021500766927135356,0.3953997735710848
6220260323030010,広島競輪,10R,15:10,6-7,6,7,42.9,0.03250211921361808,0.3943409142642156
4420260325010007,大垣競輪,7R,13:25,3-5,3,5,21.1,0.06608195121297127,0.39432917059369377
7420260324020007,高知競輪,7R,10:55,1-6,1,6,25.2,0.05532133301156034,0.39409759189132054
3820260323030010,静岡競輪,10R,19:40,1-2,1,2,30.2,0.04615810340187562,0.3939747227366437
7420260324020005,高知競輪,5R,10:13,2-3,2,3,28.2,0.04942854456061087,0.3938849566092264
4220260325010007,名古屋競輪,7R,23:17,2-4,2,4,24.2,0.057479335856471046,0.3909999277265992
6220260323030001,広島競輪,1R,11:19,2-3,2,3,102.9,0.013491228333065512,0.38824739547244125
4420260325010012,大垣競輪,12R,15:58,1-4,1,4,40.4,0.03434693847224804,0.3876163142788207
8620260324020006,別府競輪,6R,17:52,1-2,1,2,14.6,0.09490611103446919,0.38562922110325015
8620260324020005,別府競輪,5R,17:28,3-7,3,7,34.7,0.03992008204121436,0.3852268468301385
7420260324020001,高知競輪,1R,08:50,2-7,2,7,58.3,0.02369243939516843,0.38126921673831937
4220260325010003,名古屋競輪,3R,21:33,2-4,2,4,37.2,0.03712193357641712,0.380935929042717
2320260324020003,取手競輪,3R,11:54,2-4,2,4,29.9,0.04618233165775258,0.38085171656680217
2320260324020001,取手競輪,1R,11:12,2-3,2,3,23.1,0.05976959245482147,0.380677585706376
5620260325010007,岸和田競輪,7R,23:30,3-5,3,5,36.8,0.03739520032784133,0.37614337206456083
4420260325010001,大垣競輪,1R,11:05,2-5,2,5,35.0,0.03921801216617122,0.3726304258159927
3820260323030003,静岡競輪,3R,16:52,4-6,4,6,18.2,0.07519723751189815,0.3685897227165462
5620260325010001,岸和田競輪,1R,20:54,4-5,4,5,39.4,0.03465697876794117,0.365484963456882
6220260323030009,広島競輪,9R,14:40,2-3,2,3,40.2,0.03393732619980705,0.36428051323224353
6220260323030011,広島競輪,11R,15:46,1-5,1,5,22.9,0.059504343944345756,0.3626494763255177
2320260324020001,取手競輪,1R,11:12,4-7,4,7,16.8,0.0810430525928427,0.36152328355975727
4220260325010007,名古屋競輪,7R,23:17,2-3,2,3,36.3,0.0374834502364381,0.3606492435827029
3820260323030001,静岡競輪,1R,16:04,3-5,3,5,32.0,0.04249150166543181,0.35972805329381785
4420260325010009,大垣競輪,9R,14:20,5-6,5,6,28.8,0.047182352531455446,0.358851752905917
3820260323030011,静岡競輪,11R,20:04,4-6,4,6,26.4,0.05136143802091786,0.3559419637522314
3820260323030006,静岡競輪,6R,18:04,2-3,2,3,47.2,0.028717937609319608,0.35548665515988565
6220260323030002,広島競輪,2R,11:40,1-3,1,3,22.1,0.061134455393825164,0.3510714642035362
4220260325010003,名古屋競輪,3R,21:33,2-6,2,6,37.2,0.03629067579888548,0.35001313971854
6220260323030008,広島競輪,8R,14:10,2-7,2,7,47.6,0.028286778453166565,0.34645065437072864
6220260323030001,広島競輪,1R,11:19,3-5,3,5,41.3,0.03258590741809975,0.3457979763675194
3820260323030005,静岡競輪,5R,17:40,1-4,1,4,39.3,0.034238089586816726,0.34555692076189715
8620260324020001,別府競輪,1R,15:52,3-4,3,4,52.4,0.02567785379419936,0.34551953881604636
7420260324020006,高知競輪,6R,10:34,2-5,2,5,22.6,0.05949157105846822,0.34450950592138185
6220260323030002,広島競輪,2R,11:40,2-7,2,7,34.0,0.03947818097896582,0.3422581532848379
3820260323030005,静岡競輪,5R,17:40,2-5,2,5,16.1,0.08314536106047696,0.33864031307367903
7420260324020007,高知競輪,7R,10:55,3-4,3,4,37.3,0.03586171524599106,0.3376419786754665
3820260323030012,静岡競輪,12R,20:30,6-7,6,7,45.7,0.029191373090225174,0.3340457502232905
6220260323030008,広島競輪,8R,14:10,1-7,1,7,18.9,0.0705818134646386,0.33399627448166935
6220260323030003,広島競輪,3R,12:01,1-2,1,2,21.6,0.061720896361335285,0.33317136140484216
7420260324020001,高知競輪,1R,08:50,3-7,3,7,61.5,0.021664607247813366,0.332373345740522
4420260325010001,大垣競輪,1R,11:05,4-7,4,7,21.3,0.06252107990582075,0.33169900199398183
3820260323030010,静岡競輪,10R,19:40,5-7,5,7,11.6,0.11432232261564546,0.3261389423414873
2320260324020002,取手競輪,2R,11:33,5-6,5,6,49.2,0.026953841894581047,0.3261290212133876
4220260325010005,名古屋競輪,5R,22:25,6-7,6,7,42.0,0.03149342726023148,0.3227239449297221
6220260323030002,広島競輪,2R,11:40,3-4,3,4,46.7,0.028312302387666154,0.32218452150400956
6220260323030007,広島競輪,7R,13:43,2-3,2,3,30.4,0.043486254716532086,0.32198214338257536
6220260323030002,広島競輪,2R,11:40,4-6,4,6,118.2,0.01115327112708964,0.3183166472219956
8620260324020001,別府競輪,1R,15:52,1-5,1,5,21.4,0.06157309562123394,0.31766424629440615
3820260323030010,静岡競輪,10R,19:40,4-7,4,7,41.2,0.03197968439345553,0.31756299701036816
6220260323030005,広島競輪,5R,12:49,5-6,5,6,25.5,0.05158765378367266,0.31548517148365285
3820260323030004,静岡競輪,4R,17:16,6-7,6,7,94.5,0.01391878560642913,0.3153252398075528
6220260323030011,広島競輪,11R,15:46,3-4,3,4,35.6,0.03687323710154203,0.3126872408148962
7420260324020004,高知競輪,4R,09:52,1-6,1,6,38.4,0.03410680514567339,0.3097013175938581
3820260323030011,静岡競輪,11R,20:04,5-7,5,7,39.7,0.03294650622895741,0.3079762972896092
4220260325010004,名古屋競輪,4R,21:59,1-3,1,3,17.6,0.07429731954809962,0.30763282404655334
6220260323030009,広島競輪,9R,14:40,1-4,1,4,10.8,0.12102709439014481,0.3070926194135639
7420260324020001,高知競輪,1R,08:50,3-6,3,6,146.9,0.008894888511020736,0.3066591222689461
2320260324020010,取手競輪,10R,15:00,6-7,6,7,131.0,0.009972391989230823,0.3063833505892377
5620260325010001,岸和田競輪,1R,20:54,1-5,1,5,21.9,0.05956989619557031,0.30458072668298963
3820260323030002,静岡競輪,2R,16:28,1-6,1,6,33.6,0.03854952481323852,0.29526403372481425
7420260324020007,高知競輪,7R,10:55,2-5,2,5,29.2,0.04434665157482606,0.2949222259849209
4420260325010010,大垣競輪,10R,14:50,2-4,2,4,17.9,0.07232915986772843,0.2946919616323389
4420260325010002,大垣競輪,2R,11:26,1-3,1,3,34.2,0.037812319741415544,0.29318133515641165
3820260323030003,静岡競輪,3R,16:52,6-7,6,7,58.8,0.021983976392753395,0.2926578118938996
2320260324020002,取手競輪,2R,11:33,3-7,3,7,42.8,0.03018084878791609,0.2917403281228086
4420260325010009,大垣競輪,9R,14:20,3-7,3,7,25.6,0.05045466300088232,0.29163937282258745
4220260325010001,名古屋競輪,1R,20:41,1-6,1,6,25.5,0.05056639581376199,0.28944309325093065
7420260324020001,高知競輪,1R,08:50,3-5,3,5,23.2,0.055499870243815155,0.2875969896565116
8620260324020011,別府競輪,11R,19:52,4-6,4,6,55.8,0.023038573652332056,0.28555240980012875
4420260325010010,大垣競輪,10R,14:50,1-2,1,2,16.9,0.0760596619680902,0.2854082872607244
2320260324020009,取手競輪,9R,14:30,1-7,1,7,12.0,0.10707196615964056,0.2848635939156867
7420260324020005,高知競輪,5R,10:13,2-5,2,5,30.8,0.04169920509094561,0.2843355168011248
8620260324020007,別府競輪,7R,18:16,4-5,4,5,14.8,0.08677140258333402,0.28421675823334347
6220260323030010,広島競輪,10R,15:10,5-6,5,6,22.3,0.05748523834603872,0.28192081511666345
4420260325010003,大垣競輪,3R,11:47,2-7,2,7,32.0,0.04005303177582578,0.281697016826425
8620260324020010,別府競輪,10R,19:28,3-6,3,6,64.3,0.019805023751186805,0.27346302720131144
8620260324020004,別府競輪,4R,17:04,2-4,2,4,26.1,0.048735192628138996,0.2719885275944278
4420260325010011,大垣競輪,11R,15:22,2-7,2,7,14.2,0.08940307627208427,0.26952368306359653
8620260324020006,別府競輪,6R,17:52,1-4,1,4,31.7,0.04000315744099017,0.26810009087938846
8620260324020011,別府競輪,11R,19:52,1-2,1,2,19.9,0.06357866315104135,0.2652153967057229
7420260324020001,高知競輪,1R,08:50,4-6,4,6,46.6,0.027117536718864573,0.26367721109908904
4420260325010006,大垣競輪,6R,12:58,1-3,1,3,36.3,0.03475594120866121,0.26164066587440193
6220260323030007,広島競輪,7R,13:43,3-6,3,6,35.6,0.03541345566249129,0.26071902158468996
8620260324020005,別府競輪,5R,17:28,3-4,3,4,41.7,0.030210719139904016,0.2597869881339976
7420260324020004,高知競輪,4R,09:52,3-7,3,7,11.2,0.11241997918046188,0.2591037668211731
4420260325010008,大垣競輪,8R,13:52,4-5,4,5,26.0,0.04829712854543616,0.25572534218134013
5620260325010002,岸和田競輪,2R,21:20,1-6,1,6,23.2,0.054106143730774624,0.2552625345539712
7420260324020007,高知競輪,7R,10:55,1-3,1,3,14.3,0.08767045415787193,0.25368749445756866
3820260323030011,静岡競輪,11R,20:04,5-6,5,6,57.7,0.021705938222465773,0.25243263543627514
7420260324020002,高知競輪,2R,09:10,1-2,1,2,30.4,0.041180479201671616,0.2518865677308171
2320260324020002,取手競輪,2R,11:33,3-5,3,5,47.7,0.026132142977798263,0.24650322004097713
4420260325010002,大垣競輪,2R,11:26,2-3,2,3,22.2,0.05602617778210489,0.24378114676272844
8620260324020008,別府競輪,8R,18:40,1-7,1,7,19.3,0.06442688134361539,0.24343880993177702
4420260325010001,大垣競輪,1R,11:05,2-4,2,4,62.5,0.01988050493601494,0.24253155850093377
4220260325010007,名古屋競輪,7R,23:17,5-7,5,7,36.3,0.03413760583055743,0.2391950916492347
7420260324020005,高知競輪,5R,10:13,1-3,1,3,18.3,0.06760263236171593,0.23712817221940163
4420260325010008,大垣競輪,8R,13:52,3-7,3,7,46.7,0.026458727827697703,0.23562258955348292
6220260323030005,広島競輪,5R,12:49,2-5,2,5,15.1,0.08171189514379101,0.23384961667124426
2320260324020004,取手競輪,4R,12:17,5-7,5,7,53.3,0.023124073048673796,0.23251309349431337
4420260325010009,大垣競輪,9R,14:20,6-7,6,7,25.6,0.048134521333301504,0.23224374613251864
8620260324020006,別府競輪,6R,17:52,1-7,1,7,47.6,0.025830150121061605,0.2295151457625324
3820260323030001,静岡競輪,1R,16:04,5-6,5,6,50.4,0.02437014526838016,0.22825532152636008
2320260324020003,取手競輪,3R,11:54,2-3,2,3,32.7,0.037282287010508536,0.21913078524362928
4420260325010005,大垣競輪,5R,12:33,3-4,3,4,67.6,0.018009084992828356,0.21741414551519678
8620260324020011,別府競輪,11R,19:52,3-7,3,7,27.9,0.043628020737607555,0.21722177857925073
3820260323030010,静岡競輪,10R,19:40,6-7,6,7,26.6,0.04566442140908768,0.2146736094817323
7420260324020004,高知競輪,4R,09:52,3-6,3,6,38.8,0.03127955772178887,0.2136468396054081
8620260324020009,別府競輪,9R,19:04,4-7,4,7,15.8,0.07658027205729662,0.20996829850528664
8620260324020005,別府競輪,5R,17:28,2-3,2,3,41.7,0.029001342992714244,0.20935600279618405
6220260323030005,広島競輪,5R,12:49,1-4,1,4,19.5,0.06196597953624637,0.20833660095680417
7420260324020004,高知競輪,4R,09:52,3-5,3,5,27.6,0.04366106306545221,0.20504534060648116
8620260324020001,別府競輪,1R,15:52,4-5,4,5,15.7,0.07671698416426187,0.20445665137891122
3820260323030008,静岡競輪,8R,18:52,3-5,3,5,20.4,0.05899186142556247,0.20343397308147426
2320260324020010,取手競輪,10R,15:00,3-7,3,7,62.1,0.019376636784903915,0.2032891443425331
7420260324020003,高知競輪,3R,09:31,2-3,2,3,13.4,0.08969315874266305,0.20188832715168492
3820260323030008,静岡競輪,8R,18:52,4-6,4,6,38.0,0.03157452700710833,0.19983202627011654
2320260324020012,取手競輪,12R,16:10,1-2,1,2,20.2,0.05934063392416881,0.19868080526820986
8620260324020003,別府競輪,3R,16:40,3-7,3,7,35.5,0.0337034698109862,0.1964731782900102
6220260323030004,広島競輪,4R,12:25,1-5,1,5,61.1,0.01954275774986461,0.19406249851672763
4220260325010007,名古屋競輪,7R,23:17,4-6,4,6,36.3,0.03281603587735642,0.19122210234803783
3820260323030011,静岡競輪,11R,20:04,1-2,1,2,18.1,0.06572594929770052,0.18963968228837946
2320260324020004,取手競輪,4R,12:17,4-5,4,5,14.1,0.08408946388562138,0.18566144078726143
3820260323030007,静岡競輪,7R,18:28,2-7,2,7,38.5,0.03073087926458682,0.1831388516865926
6220260323030012,広島競輪,12R,16:22,1-4,1,4,12.7,0.09312836139645157,0.18273018973493493
3820260323030011,静岡競輪,11R,20:04,1-5,1,5,33.4,0.03532143353746266,0.17973588015125275
4220260325010007,名古屋競輪,7R,23:17,1-3,1,3,18.1,0.06511398873241651,0.1785631960567391
8620260324020008,別府競輪,8R,18:40,2-6,2,6,48.3,0.02439378000587893,0.1782195742839523
8620260324020002,別府競輪,2R,16:16,3-4,3,4,11.9,0.0987790822663123,0.1754710789691163
8620260324020008,別府競輪,8R,18:40,3-6,3,6,32.2,0.0364888630365594,0.17494138977721274
4220260325010007,名古屋競輪,7R,23:17,3-6,3,6,72.7,0.01612156669146641,0.17203789846960804
3820260323030005,静岡競輪,5R,17:40,1-3,1,3,25.0,0.046870681363567576,0.17176703408918947
2320260324020006,取手競輪,6R,13:07,2-6,2,6,11.9,0.09834341853497278,0.17028668056617602
3820260323030005,静岡競輪,5R,17:40,5-6,5,6,16.1,0.07253780450512394,0.16785865253249543
6220260323030009,広島競輪,9R,14:40,2-5,2,5,50.2,0.023262194634629158,0.16776217065838384
5620260325010005,岸和田競輪,5R,22:38,1-2,1,2,12.3,0.09492028036896631,0.1675194485382856
5620260325010007,岸和田競輪,7R,23:30,2-7,2,7,27.6,0.042176674223520234,0.1640762085691585
4420260325010011,大垣競輪,11R,15:22,1-4,1,4,66.3,0.017510145062030462,0.1609226176126195
8620260324020011,別府競輪,11R,19:52,5-6,5,6,34.8,0.033333215450909455,0.1599958976916489
4420260325010002,大垣競輪,2R,11:26,2-6,2,6,16.5,0.07029913834119278,0.15993578262968078
4420260325010002,大垣競輪,2R,11:26,5-6,5,6,57.0,0.02030413087902644,0.15733546010450694
4220260325010005,名古屋競輪,5R,22:25,1-7,1,7,14.0,0.08264592966373985,0.15704301529235787
6220260323030008,広島競輪,8R,14:10,4-6,4,6,85.9,0.013454800881155006,0.15576739569121512
4420260325010012,大垣競輪,12R,15:58,1-2,1,2,26.8,0.043086236814728854,0.1547111466347333
3820260323030011,静岡競輪,11R,20:04,2-6,2,6,25.4,0.04543478868215927,0.1540436325268455
8620260324020005,別府競輪,5R,17:28,2-6,2,6,41.7,0.027660579510064676,0.15344616556969704
8620260324020007,別府競輪,7R,18:16,3-6,3,6,59.2,0.0194619369114742,0.15214666515927266
2320260324020004,取手競輪,4R,12:17,3-5,3,5,20.8,0.05523754500652184,0.14894093613565418
2320260324020003,取手競輪,3R,11:54,3-5,3,5,34.4,0.03329530334876844,0.14535843519763447
7420260324020004,高知競輪,4R,09:52,5-7,5,7,11.5,0.0995664478813356,0.1450141506353595
4420260325010007,大垣競輪,7R,13:25,4-7,4,7,63.5,0.017929387348010986,0.13851609659869757
3820260323030004,静岡競輪,4R,17:16,1-4,1,4,24.3,0.046851120355403016,0.13848222463629334
7420260324020007,高知競輪,7R,10:55,4-6,4,6,53.0,0.02144895959056702,0.136794858300052
6220260323030002,広島競輪,2R,11:40,1-4,1,4,22.1,0.05120219403416894,0.13156848815513356
3820260323030003,静岡競輪,3R,16:52,1-3,1,3,32.8,0.03444938308918482,0.12993976532526208
6220260323030002,広島競輪,2R,11:40,4-5,4,5,17.2,0.06537028172076126,0.12436884559709349
4220260325010003,名古屋競輪,3R,21:33,1-4,1,4,15.9,0.07061120535176565,0.12271816509307398
4420260325010012,大垣競輪,12R,15:58,3-4,3,4,13.3,0.08406477446494923,0.11806150038382479
5620260325010005,岸和田競輪,5R,22:38,2-3,2,3,24.7,0.04520671691504621,0.11660590780164148
4420260325010008,大垣競輪,8R,13:52,4-7,4,7,43.6,0.025604052736753292,0.1163366993224435
3820260323030010,静岡競輪,10R,19:40,1-3,1,3,32.4,0.03437126156738312,0.11362887478321304
5620260325010003,岸和田競輪,3R,21:46,3-4,3,4,30.0,0.03708448127660974,0.11253443829829202
4420260325010004,大垣競輪,4R,12:09,4-5,4,5,14.4,0.07722792155253347,0.11208207035648199
8620260324020011,別府競輪,11R,19:52,2-4,2,4,27.9,0.03985904449848356,0.11206734150769138
3820260323030007,静岡競輪,7R,18:28,1-4,1,4,17.7,0.06248980254513699,0.10606950504892465
5620260325010005,岸和田競輪,5R,22:38,3-4,3,4,24.7,0.04474815406144762,0.10527940531775637
4420260325010011,大垣競輪,11R,15:22,3-4,3,4,37.5,0.02942376293869849,0.10339111020119329
2320260324020010,取手競輪,10R,15:00,1-2,1,2,19.6,0.05623039441813674,0.10211573059548007
8620260324020011,別府競輪,11R,19:52,1-4,1,4,17.4,0.06329658935153314,0.10136065471667655
4420260325010011,大垣競輪,11R,15:22,4-7,4,7,19.2,0.05726573832760564,0.0995021758900283
8620260324020004,別府競輪,4R,17:04,1-5,1,5,37.8,0.029047820321452315,0.09800760815089737
7420260324020006,高知競輪,6R,10:34,1-6,1,6,29.2,0.03757082805350615,0.09706817916237953
3820260323030010,静岡競輪,10R,19:40,1-4,1,4,45.3,0.024194798506498805,0.09602437234439587
6220260323030008,広島競輪,8R,14:10,3-5,3,5,14.0,0.07819019336434076,0.09466270710077063
5620260325010004,岸和田競輪,4R,22:12,5-6,5,6,22.5,0.04858656603106583,0.09319773569898104
2320260324020005,取手競輪,5R,12:41,4-7,4,7,14.2,0.07686952490180234,0.09154725360559302
7420260324020007,高知競輪,7R,10:55,2-6,2,6,59.0,0.01844410364497408,0.08820211505347086
4420260325010005,大垣競輪,5R,12:33,1-7,1,7,25.2,0.04301846075096892,0.08406521092441666
4220260325010001,名古屋競輪,1R,20:41,2-4,2,4,18.4,0.05884889292163614,0.08281962975810497
4220260325010005,名古屋競輪,5R,22:25,2-4,2,4,21.0,0.051447647668603574,0.08040060104067503
3820260323030006,静岡競輪,6R,18:04,5-6,5,6,19.6,0.055106952924635924,0.08009627732286417
2320260324020005,取手競輪,5R,12:41,3-7,3,7,23.2,0.04654965500408684,0.07995199609481451
2320260324020012,取手競輪,12R,16:10,3-5,3,5,29.3,0.036807583460535254,0.07846219539368304
5620260325010005,岸和田競輪,5R,22:38,1-6,1,6,24.7,0.04359060636909826,0.07668797731672705
4420260325010003,大垣競輪,3R,11:47,1-2,1,2,20.7,0.05177571818421678,0.07175736641328734
2320260324020001,取手競輪,1R,11:12,2-5,2,5,21.7,0.04938404759365763,0.07163383278237045
5620260325010005,岸和田競輪,5R,22:38,4-7,4,7,24.7,0.04312885675923228,0.0652827619530374
3820260323030006,静岡競輪,6R,18:04,5-7,5,7,9.8,0.10867585438103196,0.0650233729341132
7420260324020001,高知競輪,1R,08:50,2-6,2,6,100.4,0.010596446312298623,0.0638832097547819
8620260324020006,別府競輪,6R,17:52,3-5,3,5,27.2,0.03905870300741475,0.06239672180168121
6220260323030004,広島競輪,4R,12:25,5-7,5,7,17.6,0.060349258631945055,0.062146951922233074
8620260324020011,別府競輪,11R,19:52,2-5,2,5,18.6,0.057050904511052034,0.061146823905567915
8620260324020001,別府競輪,1R,15:52,1-7,1,7,31.8,0.03333415298029488,0.06002606477337724
7420260324020002,高知競輪,2R,09:10,2-4,2,4,23.4,0.04519051156738766,0.057457970676871195
3820260323030008,静岡競輪,8R,18:52,1-2,1,2,14.7,0.07180599860852015,0.05554817954524616
2320260324020012,取手競輪,12R,16:10,2-3,2,3,35.5,0.029711858332735663,0.054770970812116015
8620260324020003,別府競輪,3R,16:40,1-4,1,4,13.2,0.07988898468886349,0.05453459789299808
3820260323030004,静岡競輪,4R,17:16,1-6,1,6,59.5,0.01771032422988707,0.053764291678280784
8620260324020007,別府競輪,7R,18:16,1-5,1,5,14.8,0.07116029294053075,0.05317233551985523
2320260324020010,取手競輪,10R,15:00,1-5,1,5,28.5,0.03688672698173874,0.05127171897955418
7420260324020002,高知競輪,2R,09:10,1-7,1,7,39.4,0.026643136496619157,0.049739577966794846
2320260324020008,取手競輪,8R,14:01,2-3,2,3,28.6,0.03669568454040921,0.049496577855703494
7420260324020001,高知競輪,1R,08:50,4-5,4,5,11.4,0.09180664083710059,0.046595705542946675
3820260323030005,静岡競輪,5R,17:40,4-6,4,6,68.8,0.015175161619818564,0.04405111944351714
3820260323030007,静岡競輪,7R,18:28,4-5,4,5,33.0,0.03155770260847507,0.04140418607967722
6220260323030007,広島競輪,7R,13:43,3-5,3,5,24.3,0.04273823706548595,0.03853916069130858
2320260324020005,取手競輪,5R,12:41,1-2,1,2,16.0,0.0648718528996943,0.03794964639510878
4420260325010006,大垣競輪,6R,12:58,1-2,1,2,13.4,0.07731881870656505,0.03607217066797186
3820260323030012,静岡競輪,12R,20:30,4-5,4,5,26.2,0.039441791664713496,0.03337494161549359
6220260323030009,広島競輪,9R,14:40,3-6,3,6,38.7,0.02656597492996137,0.02810322978950519
4420260325010010,大垣競輪,10R,14:50,1-5,1,5,18.5,0.05548222849808953,0.02642122721465623
8620260324020007,別府競輪,7R,18:16,4-7,4,7,16.9,0.060693998771894936,0.025728579245024363
2320260324020010,取手競輪,10R,15:00,4-5,4,5,12.4,0.08269691528382203,0.025441749519393264
2320260324020008,取手競輪,8R,14:01,4-7,4,7,34.3,0.029857203407064985,0.024102076862328792
3820260323030004,静岡競輪,4R,17:16,2-3,2,3,13.1,0.07802317588053792,0.02210360403504663
8620260324020006,別府競輪,6R,17:52,4-6,4,6,31.7,0.0322296270683693,0.02167917806730668
4420260325010007,大垣競輪,7R,13:25,1-5,1,5,33.6,0.030350937901474338,0.019791513489537893
4420260325010003,大垣競輪,3R,11:47,5-7,5,7,22.9,0.0444616336238118,0.0181714099852901
4420260325010010,大垣競輪,10R,14:50,4-5,4,5,18.8,0.05405211656823766,0.016179791482868078
4420260325010008,大垣競輪,8R,13:52,1-5,1,5,10.3,0.09861721958698294,0.015757361745924348
8620260324020009,別府競輪,9R,19:04,6-7,6,7,47.5,0.021337208403190994,0.01351739915157224
8620260324020004,別府競輪,4R,17:04,3-7,3,7,14.7,0.0687865971180592,0.01116297763547025
6220260323030007,広島競輪,7R,13:43,1-5,1,5,21.2,0.04756792731506576,0.008440059079394047
8620260324020008,別府競輪,8R,18:40,3-5,3,5,19.3,0.05223181201946784,0.008073971975729233
8620260324020007,別府競輪,7R,18:16,3-7,3,7,39.5,0.025513574744483486,0.007786202407097598
8620260324020009,別府競輪,9R,19:04,5-7,5,7,8.8,0.11433821190761126,0.006176264786979191
4420260325010002,大垣競輪,2R,11:26,4-7,4,7,16.5,0.06094768490340555,0.005636800906191564
6220260323030004,広島競輪,4R,12:25,1-4,1,4,32.5,0.03093700817881172,0.0054527658113809885
7420260324020006,高知競輪,6R,10:34,1-3,1,3,12.9,0.07766014460359844,0.0018158653864197571
3820260323030006,静岡競輪,6R,18:04,2-7,2,7,21.4,0.0468107652630049,0.001750376628304684
8620260324020011,別府競輪,11R,19:52,4-5,4,5,17.4,0.057518551638786025,0.0008227985148767658
4420260325010012,大垣競輪,12R,15:58,4-6,4,6,29.6,0.0337897580079087,0.00017683703409754337
3820260323030004,静岡競輪,4R,17:16,3-4,3,4,15.3,0.06513538671963959,-0.0034285831895142227
6220260323030001,広島競輪,1R,11:19,1-7,1,7,24.0,0.04148935087228525,-0.004255579065153947
3820260323030005,静岡競輪,5R,17:40,2-7,2,7,25.0,0.03980229270737841,-0.004942682315539737
3820260323030011,静岡競輪,11R,20:04,2-7,2,7,17.1,0.05779587562782318,-0.011690526764223552
3820260323030007,静岡競輪,7R,18:28,1-2,1,2,12.1,0.0815705793224459,-0.012995990198404694
2320260324020012,取手競輪,12R,16:10,1-3,1,3,18.8,0.05243619576228139,-0.014199519669109817
3820260323030009,静岡競輪,9R,19:16,1-2,1,2,22.0,0.04479882670912677,-0.014425812399211035
4220260325010007,名古屋競輪,7R,23:17,2-6,2,6,24.2,0.040701917041831286,-0.015013607587682887
5620260325010004,岸和田競輪,4R,22:12,1-7,1,7,22.5,0.04349005723605575,-0.02147371218874561
4220260325010004,名古屋競輪,4R,21:59,3-4,3,4,35.2,0.02777720350957791,-0.022242436462857396
2320260324020010,取手競輪,10R,15:00,1-3,1,3,30.8,0.03173462883737501,-0.02257343180884963
2320260324020008,取手競輪,8R,14:01,1-5,1,5,9.4,0.10376408475356126,-0.024617603316524073
3820260323030008,静岡競輪,8R,18:52,1-6,1,6,29.5,0.03299242220168795,-0.026723545050205466
4220260325010006,名古屋競輪,6R,22:51,1-5,1,5,38.4,0.025283093284894555,-0.029129217860049073
2320260324020009,取手競輪,9R,14:30,2-4,2,4,28.6,0.03394614394543673,-0.02914028316050954
3820260323030004,静岡競輪,4R,17:16,2-4,2,4,7.3,0.13289053259069886,-0.029899112087898416
7420260324020004,高知競輪,4R,09:52,2-6,2,6,89.9,0.010790061263979786,-0.029973492368217225
7420260324020005,高知競輪,5R,10:13,2-6,2,6,33.1,0.029125245680961857,-0.03595436796016249
8620260324020001,別府競輪,1R,15:52,5-6,5,6,13.6,0.07083516976629373,-0.03664169117840532
3820260323030009,静岡競輪,9R,19:16,2-6,2,6,44.1,0.021843437239058294,-0.036704417757529195
4220260325010003,名古屋競輪,3R,21:33,4-5,4,5,18.6,0.05175939417268112,-0.03727526838813111
8620260324020004,別府競輪,4R,17:04,2-6,2,6,22.8,0.04215410364584133,-0.03888643687481763
3820260323030004,静岡競輪,4R,17:16,3-5,3,5,26.3,0.03630087985806588,-0.04528685973286728
6220260323030001,広島競輪,1R,11:19,2-4,2,4,36.5,0.026147009003886917,-0.04563417135812753
8620260324020010,別府競輪,10R,19:28,2-5,2,5,12.8,0.0744489679916295,-0.04705320970714233
6220260323030002,広島競輪,2R,11:40,3-7,3,7,17.9,0.05322538470111231,-0.04726561385008976
8620260324020011,別府競輪,11R,19:52,4-7,4,7,27.9,0.034139343815039046,-0.047512307560410694
8620260324020006,別府競輪,6R,17:52,4-5,4,5,21.1,0.045118306018591126,-0.04800374300772714
2320260324020009,取手競輪,9R,14:30,5-6,5,6,32.2,0.029479639810669197,-0.050755598096451804
6220260323030001,広島競輪,1R,11:19,3-4,3,4,13.7,0.06907246717307333,-0.05370719972889537
8620260324020001,別府競輪,1R,15:52,5-7,5,7,11.2,0.08442021497199971,-0.05449359231360329
4220260325010005,名古屋競輪,5R,22:25,3-7,3,7,21.0,0.044893967951130063,-0.057226673026268715
6220260323030010,広島競輪,10R,15:10,2-5,2,5,12.7,0.0742237216554879,-0.05735873497530364
8620260324020003,別府競輪,3R,16:40,2-4,2,4,10.3,0.09137435239432722,-0.05884417033842959
7420260324020007,高知競輪,7R,10:55,4-5,4,5,18.4,0.05114629572141692,-0.058908158725928694
4420260325010004,大垣競輪,4R,12:09,2-3,2,3,15.9,0.05911886833088207,-0.06000999353897507
8620260324020001,別府競輪,1R,15:52,2-3,2,3,22.2,0.042297556687761924,-0.06099424153168531
8620260324020004,別府競輪,4R,17:04,5-7,5,7,19.5,0.04814531456842106,-0.06116636591578928
6220260323030004,広島競輪,4R,12:25,2-4,2,4,15.9,0.05902411350692373,-0.06151659523991271
3820260323030010,静岡競輪,10R,19:40,3-6,3,6,41.2,0.022631923128122095,-0.0675647671213696
6220260323030005,広島競輪,5R,12:49,4-5,4,5,15.8,0.05865459568491913,-0.07325738817827765
2320260324020009,取手競輪,9R,14:30,5-7,5,7,13.1,0.07067505932011783,-0.07415672290645636
4420260325010012,大垣競輪,12R,15:58,1-5,1,5,27.4,0.03375519627251488,-0.0751076221330923
2320260324020009,取手競輪,9R,14:30,3-5,3,5,28.8,0.03203318201702349,-0.0774443579097236
7420260324020005,高知競輪,5R,10:13,3-4,3,4,22.2,0.04150242819899158,-0.07864609398238698
3820260323030009,静岡競輪,9R,19:16,1-4,1,4,24.5,0.03739697446807073,-0.08377412553226715
4420260325010001,大垣競輪,1R,11:05,3-7,3,7,9.4,0.0973725716162385,-0.08469782680735816
3820260323030003,静岡競輪,3R,16:52,5-6,5,6,15.4,0.05936736439160667,-0.0857425883692573
5620260325010003,岸和田競輪,3R,21:46,3-6,3,6,30.0,0.030457201737547936,-0.08628394787356197
5620260325010005,岸和田競輪,5R,22:38,1-3,1,3,12.3,0.07426805711816335,-0.08650289744659068
2320260324020007,取手競輪,7R,13:34,2-4,2,4,11.7,0.07789209662317217,-0.08866246950888557
6220260323030005,広島競輪,5R,12:49,4-6,4,6,12.8,0.07108487602733038,-0.09011358685017112
3820260323030003,静岡競輪,3R,16:52,2-3,2,3,22.3,0.04065141504580677,-0.09347344447850892
3820260323030003,静岡競輪,3R,16:52,2-7,2,7,52.4,0.01728898879620612,-0.09405698707879928
2320260324020008,取手競輪,8R,14:01,3-5,3,5,14.1,0.06420091234212781,-0.09476713597599784
7420260324020006,高知競輪,6R,10:34,3-4,3,4,24.1,0.037509502715470114,-0.09602098455717023
5620260325010005,岸和田競輪,5R,22:38,5-7,5,7,24.7,0.03654224757777543,-0.09740648482894687
3820260323030007,静岡競輪,7R,18:28,3-7,3,7,28.8,0.031292285511647346,-0.0987821772645564
7420260324020001,高知競輪,1R,08:50,2-3,2,3,82.6,0.010869510760886693,-0.10217841115075921
4420260325010003,大垣競輪,3R,11:47,1-3,1,3,10.3,0.08715909501446145,-0.10226132135104693
2320260324020001,取手競輪,1R,11:12,2-7,2,7,14.3,0.0627680943579171,-0.1024162506817855
2320260324020003,取手競輪,3R,11:54,1-3,1,3,12.0,0.07473940340032882,-0.10312715919605409
3820260323030011,静岡競輪,11R,20:04,4-7,4,7,14.1,0.06349777335604034,-0.10468139567983115
3820260323030006,静岡競輪,6R,18:04,2-6,2,6,47.2,0.018947852486333846,-0.10566136264504244
4420260325010011,大垣競輪,11R,15:22,1-7,1,7,11.6,0.07699424840504207,-0.10686671850151197
6220260323030008,広島競輪,8R,14:10,2-6,2,6,44.4,0.02011503080369041,-0.10689263231614587
4220260325010001,名古屋競輪,1R,20:41,3-4,3,4,19.5,0.04575197924470663,-0.10783640472822076
8620260324020008,別府競輪,8R,18:40,2-7,2,7,10.7,0.08323001960707678,-0.10943879020427849
4220260325010005,名古屋競輪,5R,22:25,1-3,1,3,10.5,0.08474922070062092,-0.11013318264348027
8620260324020001,別府競輪,1R,15:52,1-3,1,3,54.0,0.016447993618275265,-0.11180834461313571
2320260324020010,取手競輪,10R,15:00,2-4,2,4,7.6,0.1167004674844835,-0.11307644711792542
3820260323030008,静岡競輪,8R,18:52,4-5,4,5,26.6,0.033209879197545304,-0.11661721334529485
4420260325010008,大垣競輪,8R,13:52,2-6,2,6,27.2,0.03241759780827588,-0.11824133961489602
7420260324020003,高知競輪,3R,09:31,2-7,2,7,7.1,0.12403201915459186,-0.11937266400239788
4420260325010009,大垣競輪,9R,14:20,1-3,1,3,9.4,0.09351841054247091,-0.12092694090077338
8620260324020002,別府競輪,2R,16:16,5-7,5,7,17.1,0.05137564576360672,-0.12147645744232505
7420260324020005,高知競輪,5R,10:13,3-7,3,7,18.3,0.04800266022284602,-0.12155131792191776
8620260324020011,別府競輪,11R,19:52,2-3,2,3,17.4,0.05038670427626093,-0.12327134559305997
7420260324020006,高知競輪,6R,10:34,5-7,5,7,12.7,0.06894718176051032,-0.12437079164151899
3820260323030010,静岡競輪,10R,19:40,1-6,1,6,25.2,0.034725117977706416,-0.12492702696179836
8620260324020003,別府競輪,3R,16:40,2-7,2,7,12.7,0.06890304138340252,-0.12493137443078806
3820260323030002,静岡競輪,2R,16:28,1-4,1,4,12.6,0.06936674923463737,-0.1259789596435692
3820260323030008,静岡競輪,8R,18:52,5-6,5,6,38.0,0.022947989385208,-0.12797640336209604
3820260323030008,静岡競輪,8R,18:52,5-7,5,7,44.3,0.01965413562104896,-0.12932179198753124
8620260324020008,別府競輪,8R,18:40,1-3,1,3,19.3,0.045005123091619706,-0.13140112433173967
4420260325010005,大垣競輪,5R,12:33,2-5,2,5,8.4,0.1032832271863301,-0.13242089163482718
4420260325010005,大垣競輪,5R,12:33,3-7,3,7,28.9,0.030000502670877664,-0.13298547281163553
3820260323030004,静岡競輪,4R,17:16,1-5,1,5,34.1,0.025341606273868347,-0.13585122606108935
2320260324020009,取手競輪,9R,14:30,1-2,1,2,10.9,0.07912739035456826,-0.13751144513520597
8620260324020001,別府競輪,1R,15:52,4-7,4,7,19.3,0.044685365811166715,-0.13757243984448242
3820260323030005,静岡競輪,5R,17:40,3-5,3,5,11.0,0.07832863957784153,-0.13838496464374317
3820260323030007,静岡競輪,7R,18:28,3-5,3,5,17.7,0.04864556860906559,-0.13897343561953912
4420260325010004,大垣競輪,4R,12:09,2-5,2,5,11.4,0.07546095010216196,-0.1397451688353536
6220260323030010,広島競輪,10R,15:10,1-5,1,5,7.7,0.11167686574748767,-0.14008813374434492
6220260323030008,広島競輪,8R,14:10,3-4,3,4,19.2,0.04476506266251158,-0.14051079687977763
8620260324020001,別府競輪,1R,15:52,2-4,2,4,14.7,0.05845416724291072,-0.1407237415292124
2320260324020004,取手競輪,4R,12:17,3-6,3,6,21.5,0.03981598473481086,-0.14395632820156656
3820260323030010,静岡競輪,10R,19:40,4-6,4,6,64.8,0.013182534725702461,-0.1457717497744806
6220260323030012,広島競輪,12R,16:22,1-7,1,7,11.0,0.07748627524433048,-0.14765097231236468
8620260324020005,別府競輪,5R,17:28,4-7,4,7,9.9,0.08604476049122091,-0.148156871136913
6220260323030006,広島競輪,6R,13:16,3-4,3,4,9.0,0.09434754895359418,-0.15087205941765236
6220260323030003,広島競輪,3R,12:01,3-6,3,6,19.6,0.043267846985471065,-0.15195019908476703
6220260323030011,広島競輪,11R,15:46,2-4,2,4,12.7,0.0667047896414906,-0.15284917155306943
7420260324020003,高知競輪,3R,09:31,3-5,3,5,32.1,0.026319786115127843,-0.15513486570439616
8620260324020011,別府競輪,11R,19:52,3-6,3,6,27.9,0.030245926710208065,-0.156138644785195
4420260325010005,大垣競輪,5R,12:33,1-5,1,5,10.5,0.08033137470869055,-0.15652056555874927
3820260323030007,静岡競輪,7R,18:28,2-4,2,4,38.5,0.021858404505496656,-0.15845142653837874
3820260323030002,静岡競輪,2R,16:28,5-6,5,6,20.9,0.04024016899939121,-0.1589804679127238
8620260324020007,別府競輪,7R,18:16,2-7,2,7,29.6,0.028394232944702745,-0.15953070483679865
3820260323030011,静岡競輪,11R,20:04,4-5,4,5,15.8,0.05313553943193762,-0.1604584769753855
7420260324020003,高知競輪,3R,09:31,3-7,3,7,21.5,0.03887212368030485,-0.16424934087344578
8620260324020012,別府競輪,12R,20:17,1-2,1,2,15.8,0.05289490167588673,-0.16426055352098967
3820260323030005,静岡競輪,5R,17:40,1-7,1,7,13.7,0.06091489378071672,-0.16546595520418106
6220260323030003,広島競輪,3R,12:01,2-6,2,6,15.9,0.05239209823146032,-0.16696563811978082
3820260323030010,静岡競輪,10R,19:40,2-7,2,7,14.1,0.05905063820408141,-0.16738600132245218
3820260323030001,静岡競輪,1R,16:04,2-5,2,5,40.1,0.02072128561120748,-0.16907644699058
2320260324020012,取手競輪,12R,16:10,2-4,2,4,11.1,0.07473580411752251,-0.17043257429550018
6220260323030003,広島競輪,3R,12:01,3-4,3,4,13.0,0.0637474273270184,-0.1712834447487609
5620260325010003,岸和田競輪,3R,21:46,1-2,1,2,7.5,0.1101008973018396,-0.174243270236203
6220260323030011,広島競輪,11R,15:46,1-7,1,7,37.1,0.02224379090969832,-0.1747553572501923
6220260323030004,広島競輪,4R,12:25,4-5,4,5,18.0,0.04575440420706368,-0.17642072427285382
3820260323030008,静岡競輪,8R,18:52,3-7,3,7,19.0,0.04331009880846294,-0.17710812263920417
3820260323030008,静岡競輪,8R,18:52,2-4,2,4,12.1,0.06796683182823389,-0.17760133487836993
4420260325010007,大垣競輪,7R,13:25,3-7,3,7,12.5,0.0657737575528448,-0.17782803058943997
6220260323030007,広島競輪,7R,13:43,4-7,4,7,14.0,0.05870561282298807,-0.17812142047816704
6220260323030004,広島競輪,4R,12:25,2-3,2,3,13.7,0.05996322519463888,-0.17850381483344735
6220260323030002,広島競輪,2R,11:40,2-4,2,4,42.0,0.01955810198776897,-0.17855971651370328
4420260325010006,大垣競輪,6R,12:58,2-4,2,4,11.4,0.07159364313605282,-0.1838324682489978
8620260324020001,別府競輪,1R,15:52,1-2,1,2,17.8,0.04567772645774809,-0.18693646905208394
4420260325010005,大垣競輪,5R,12:33,2-3,2,3,14.7,0.05493963952968478,-0.19238729891363382
3820260323030006,静岡競輪,6R,18:04,1-4,1,4,19.6,0.04111292155548073,-0.19418673751257765
4420260325010005,大垣競輪,5R,12:33,4-7,4,7,53.2,0.01513703068537805,-0.19470996753788772
2320260324020007,取手競輪,7R,13:34,5-6,5,6,12.8,0.06263068340189563,-0.1983272524557358
5620260325010001,岸和田競輪,1R,20:54,1-3,1,3,10.9,0.07334556436921913,-0.2005333483755115
5620260325010005,岸和田競輪,5R,22:38,3-7,3,7,24.7,0.0323548394128465,-0.20083546650269135
3820260323030002,静岡競輪,2R,16:28,3-7,3,7,31.6,0.025249901684922717,-0.20210310675644205
4420260325010010,大垣競輪,10R,14:50,4-7,4,7,16.6,0.04786300424861706,-0.20547412947295673
4420260325010002,大垣競輪,2R,11:26,1-5,1,5,33.1,0.023980845918768416,-0.20623400008876536
7420260324020001,高知競輪,1R,08:50,1-5,1,5,6.1,0.1301088773514163,-0.20633584815636064
4220260325010007,名古屋競輪,7R,23:17,3-5,3,5,24.2,0.03275682608785074,-0.207284808674012
3820260323030001,静岡競輪,1R,16:04,4-6,4,6,12.6,0.06276271225740324,-0.20918982555671928
5620260325010001,岸和田競輪,1R,20:54,3-4,3,4,17.9,0.044154969908842254,-0.2096260386317237
6220260323030003,広島競輪,3R,12:01,6-7,6,7,31.2,0.025184007523792375,-0.21425896525767796
6220260323030003,広島競輪,3R,12:01,1-6,1,6,40.3,0.01947810061355295,-0.2150325452738162
3820260323030011,静岡競輪,11R,20:04,1-6,1,6,21.1,0.03715680913847785,-0.2159913271781172
8620260324020007,別府競輪,7R,18:16,5-6,5,6,29.6,0.026349945486184443,-0.22004161360894048
7420260324020003,高知競輪,3R,09:31,5-6,5,6,109.6,0.0070896033145751314,-0.22297947672256568
3820260323030007,静岡競輪,7R,18:28,5-7,5,7,17.7,0.04370238483019351,-0.22646778850557492
3820260323030004,静岡競輪,4R,17:16,1-7,1,7,53.5,0.014440053605431713,-0.22745713210940333
4420260325010003,大垣競輪,3R,11:47,4-5,4,5,18.3,0.04216358369464973,-0.22840641838790987
8620260324020006,別府競輪,6R,17:52,3-6,3,6,31.7,0.02432662118805266,-0.22884610833873065
2320260324020010,取手競輪,10R,15:00,3-6,3,6,25.6,0.030118307617706314,-0.22897132498671835
6220260323030010,広島競輪,10R,15:10,3-6,3,6,30.4,0.02535646059623405,-0.22916359787448493
4220260325010003,名古屋競輪,3R,21:33,2-3,2,3,37.2,0.02070872814472237,-0.22963531301632778
6220260323030005,広島競輪,5R,12:49,2-4,2,4,7.2,0.10653322769651014,-0.23296076058512705
3820260323030003,静岡競輪,3R,16:52,1-7,1,7,51.6,0.014853494607452607,-0.23355967825544544
6220260323030011,広島競輪,11R,15:46,1-3,1,3,19.0,0.04032279201310139,-0.23386695175107353
7420260324020006,高知競輪,6R,10:34,5-6,5,6,20.7,0.036968145156415146,-0.23475939526220646
6220260323030001,広島競輪,1R,11:19,2-5,2,5,72.5,0.010549570622086484,-0.23515612989872992
3820260323030006,静岡競輪,6R,18:04,1-6,1,6,39.3,0.019348959174280353,-0.2395859044507822
6220260323030010,広島競輪,10R,15:10,3-4,3,4,39.2,0.019331637037256096,-0.24219982813956098
6220260323030006,広島競輪,6R,13:16,1-3,1,3,13.6,0.05565908508405514,-0.2430364428568501
4220260325010004,名古屋競輪,4R,21:59,1-5,1,5,8.8,0.0860079564947844,-0.24312998284589715
6220260323030003,広島競輪,3R,12:01,5-6,5,6,38.1,0.019849108870445595,-0.24374895203602276
7420260324020005,高知競輪,5R,10:13,1-2,1,2,8.5,0.0889367180629374,-0.24403789646503204
8620260324020007,別府競輪,7R,18:16,1-7,1,7,16.9,0.044684684112418306,-0.2448288385001307
8620260324020006,別府競輪,6R,17:52,5-7,5,7,23.8,0.03163130211829742,-0.24717500958452132
2320260324020005,取手競輪,5R,12:41,1-3,1,3,11.9,0.06323719301914286,-0.2474774030721999
5620260325010004,岸和田競輪,4R,22:12,3-4,3,4,22.5,0.03343974971913981,-0.2476056313193543
6220260323030008,広島競輪,8R,14:10,1-2,1,2,13.5,0.05536072009285094,-0.25263027874651234
6220260323030008,広島競輪,8R,14:10,2-5,2,5,20.4,0.03654427979857075,-0.2544966921091567
3820260323030008,静岡競輪,8R,18:52,2-7,2,7,17.7,0.04209619744608077,-0.2548973052043704
2320260324020011,取手競輪,11R,15:34,3-6,3,6,14.5,0.05117915889791739,-0.2579021959801978
2320260324020001,取手競輪,1R,11:12,3-5,3,5,15.5,0.047859969637690555,-0.25817047061579634
8620260324020010,別府競輪,10R,19:28,3-7,3,7,32.1,0.023102967282799453,-0.25839475022213754
3820260323030012,静岡競輪,12R,20:30,5-7,5,7,15.7,0.047111674684176374,-0.2603467074584309
4220260325010001,名古屋競輪,1R,20:41,1-5,1,5,11.4,0.0647266365764066,-0.2621163430289648
7420260324020005,高知競輪,5R,10:13,4-5,4,5,21.5,0.03419458883550375,-0.26481634003666943
6220260323030010,広島競輪,10R,15:10,3-5,3,5,12.3,0.05973116540588389,-0.26530666550762805
7420260324020003,高知競輪,3R,09:31,1-4,1,4,14.1,0.0520890158330085,-0.26554487675458016
8620260324020010,別府競輪,10R,19:28,1-2,1,2,10.7,0.06861854280698501,-0.2657815919652604
7420260324020001,高知競輪,1R,08:50,4-7,4,7,16.5,0.04444618508298179,-0.2666379461308005
6220260323030001,広島競輪,1R,11:19,1-2,1,2,40.5,0.01800129600165511,-0.27094751193296807
2320260324020004,取手競輪,4R,12:17,1-3,1,3,12.6,0.057661457200252716,-0.2734656392768158
3820260323030010,静岡競輪,10R,19:40,2-3,2,3,22.6,0.0320463587915811,-0.275752291310267
8620260324020008,別府競輪,8R,18:40,2-3,2,3,12.0,0.059865947605189804,-0.2816086287377224
3820260323030002,静岡競輪,2R,16:28,3-6,3,6,17.0,0.04204788946126494,-0.285185879158496
6220260323030011,広島競輪,11R,15:46,4-7,4,7,37.6,0.018974314024926033,-0.28656579266278115
6220260323030003,広島競輪,3R,12:01,2-4,2,4,9.4,0.07522068101372822,-0.2929255984709547
5620260325010005,岸和田競輪,5R,22:38,2-4,2,4,12.3,0.05730343584760734,-0.2951677390744297
2320260324020005,取手競輪,5R,12:41,3-4,3,4,10.3,0.06841971872919389,-0.29527689708930294
7420260324020006,高知競輪,6R,10:34,3-5,3,5,8.7,0.08095901364130653,-0.2956565813206332
3820260323030003,静岡競輪,3R,16:52,2-6,2,6,30.2,0.023316751227141004,-0.2958341129403417
7420260324020006,高知競輪,6R,10:34,2-7,2,7,16.5,0.042550178064359845,-0.2979220619380626
2320260324020002,取手競輪,2R,11:33,2-5,2,5,12.3,0.056899456885073633,-0.3001366803135943
6220260323030004,広島競輪,4R,12:25,2-7,2,7,9.1,0.07684772739340208,-0.3006856807200411
4220260325010007,名古屋競輪,7R,23:17,6-7,6,7,36.3,0.01924035689164753,-0.30157504483319475
3820260323030007,静岡競輪,7R,18:28,4-7,4,7,33.0,0.021079448126592307,-0.30437821182245384
5620260325010004,岸和田競輪,4R,22:12,1-2,1,2,7.5,0.09239437352387825,-0.3070421985709131
7420260324020004,高知競輪,4R,09:52,1-2,1,2,24.3,0.02845757260799358,-0.308480985625756
5620260325010007,岸和田競輪,7R,23:30,2-6,2,6,10.5,0.06563001345959445,-0.3108848586742583
6220260323030007,広島競輪,7R,13:43,2-5,2,5,13.7,0.05021923571244187,-0.3119964707395464
3820260323030012,静岡競輪,12R,20:30,4-7,4,7,21.6,0.03184245283318782,-0.31220301880314305
3820260323030012,静岡競輪,12R,20:30,4-6,4,6,30.8,0.022232890828312007,-0.3152269624879902
2320260324020008,取手競輪,8R,14:01,4-5,4,5,10.1,0.06779792910613379,-0.3152409160280487
2320260324020009,取手競輪,9R,14:30,2-5,2,5,13.7,0.049904826357898016,-0.31630387889679723
5620260325010005,岸和田競輪,5R,22:38,1-5,1,5,8.2,0.08327301717490912,-0.3171612591657452
8620260324020007,別府競輪,7R,18:16,5-7,5,7,19.7,0.03460526672549315,-0.318276245507785
8620260324020011,別府競輪,11R,19:52,1-3,1,3,8.7,0.07825629669888694,-0.31917021871968365
3820260323030012,静岡競輪,12R,20:30,1-4,1,4,23.9,0.028311024549537094,-0.32336651326606347
4420260325010005,大垣競輪,5R,12:33,1-2,1,2,9.2,0.07351390306733749,-0.32367209178049516
8620260324020005,別府競輪,5R,17:28,3-6,3,6,69.5,0.00973089783933521,-0.3237026001662029
8620260324020008,別府競輪,8R,18:40,4-5,4,5,19.3,0.035040859075874294,-0.3237114198356261
2320260324020005,取手競輪,5R,12:41,2-3,2,3,16.6,0.04060544788777523,-0.32594956506293116
5620260325010004,岸和田競輪,4R,22:12,2-5,2,5,11.2,0.06016246930060288,-0.3261803438332478
4420260325010003,大垣競輪,3R,11:47,3-5,3,5,8.6,0.07833074231059821,-0.32635561612885544
3820260323030004,静岡競輪,4R,17:16,1-3,1,3,28.6,0.023537193235613686,-0.3268362734614485
6220260323030002,広島競輪,2R,11:40,3-5,3,5,8.9,0.07558775407265281,-0.32726898875338994
5620260325010003,岸和田競輪,3R,21:46,1-5,1,5,7.5,0.08961006577795655,-0.3279245066653259
6220260323030009,広島競輪,9R,14:40,2-7,2,7,21.1,0.03180575441374129,-0.3288985818700587
2320260324020009,取手競輪,9R,14:30,3-4,3,4,33.3,0.02011153933926992,-0.3302857400023118
4420260325010009,大垣競輪,9R,14:20,2-5,2,5,20.6,0.03221549599261621,-0.3363607825521061
3820260323030012,静岡競輪,12R,20:30,2-6,2,6,8.6,0.07713768747138766,-0.3366158877460661
8620260324020004,別府競輪,4R,17:04,2-7,2,7,8.5,0.07804069763923771,-0.3366540700664795
3820260323030001,静岡競輪,1R,16:04,2-3,2,3,13.6,0.04872750667367336,-0.3373059092380424
3820260323030012,静岡競輪,12R,20:30,1-5,1,5,14.6,0.0453388581699922,-0.33805267071811396
2320260324020004,取手競輪,4R,12:17,1-2,1,2,13.0,0.050895475415798766,-0.338358819594616
6220260323030004,広島競輪,4R,12:25,2-6,2,6,15.4,0.04281715549884388,-0.3406158053178042
2320260324020011,取手競輪,11R,15:34,1-2,1,2,14.9,0.04414626437049238,-0.3422206608796635
2320260324020008,取手競輪,8R,14:01,2-4,2,4,16.2,0.040419245879689314,-0.3452082167490331
6220260323030007,広島競輪,7R,13:43,3-4,3,4,10.3,0.06349487050977075,-0.34600283374936125
3820260323030011,静岡競輪,11R,20:04,3-4,3,4,11.1,0.058773029915874866,-0.347619367933789
6220260323030011,広島競輪,11R,15:46,2-6,2,6,10.5,0.06203482958616919,-0.34863428934522356
8620260324020009,別府競輪,9R,19:04,2-4,2,4,12.5,0.05203909901095842,-0.34951126236301977
3820260323030011,静岡競輪,11R,20:04,3-6,3,6,21.9,0.029578276056469364,-0.352235754363321
3820260323030002,静岡競輪,2R,16:28,4-5,4,5,9.5,0.06818342873768979,-0.35225742699194695
4220260325010007,名古屋競輪,7R,23:17,5-6,5,6,18.1,0.03565027868973685,-0.35472995571576293
2320260324020004,取手競輪,4R,12:17,1-4,1,4,7.3,0.08828286109454403,-0.3555351140098286
6220260323030009,広島競輪,9R,14:40,5-7,5,7,31.1,0.02067901266523874,-0.3568827061110752
6220260323030007,広島競輪,7R,13:43,2-7,2,7,17.4,0.036907402533760736,-0.3578111959125633
6220260323030011,広島競輪,11R,15:46,2-5,2,5,5.8,0.10969971727506975,-0.3637416398045955
6220260323030010,広島競輪,10R,15:10,4-6,4,6,56.7,0.011195193424647148,-0.3652325328225067
6220260323030003,広島競輪,3R,12:01,4-6,4,6,21.9,0.028928990698744505,-0.36645510369749534
2320260324020006,取手競輪,6R,13:07,2-4,2,4,7.3,0.08677882508825385,-0.36651457685574684
4420260325010003,大垣競輪,3R,11:47,2-5,2,5,13.2,0.04798016987163336,-0.36666175769443965
4420260325010002,大垣競輪,2R,11:26,1-2,1,2,8.8,0.07193361729211048,-0.3669841678294278
4220260325010007,名古屋競輪,7R,23:17,2-5,2,5,10.3,0.06135853461788089,-0.3680070934358268
3820260323030012,静岡競輪,12R,20:30,1-2,1,2,6.5,0.09706533974850615,-0.3690752916347101
6220260323030004,広島競輪,4R,12:25,3-4,3,4,10.2,0.06182965059244339,-0.3693375639570774
2320260324020012,取手競輪,12R,16:10,3-4,3,4,9.6,0.06557648749654643,-0.37046572003315426
8620260324020004,別府競輪,4R,17:04,3-4,3,4,17.1,0.036757763008298985,-0.37144225255808727
4420260325010002,大垣競輪,2R,11:26,5-7,5,7,21.8,0.0287826469137047,-0.37253829728123755
7420260324020003,高知競輪,3R,09:31,1-6,1,6,69.2,0.009023466555276813,-0.3755761143748445
3820260323030005,静岡競輪,5R,17:40,1-2,1,2,13.7,0.045455876679831024,-0.377254489486315
3820260323030004,静岡競輪,4R,17:16,1-2,1,2,11.0,0.05656085963455886,-0.3778305440198525
7420260324020003,高知競輪,3R,09:31,2-6,2,6,25.0,0.02485312094106075,-0.3786719764734813
2320260324020005,取手競輪,5R,12:41,1-4,1,4,6.1,0.10171443887858655,-0.37954192284062205
3820260323030003,静岡競輪,3R,16:52,2-4,2,4,11.1,0.05587240796457514,-0.37981627159321596
3820260323030005,静岡競輪,5R,17:40,1-5,1,5,5.7,0.10867849009838865,-0.38053260643918474
6220260323030011,広島競輪,11R,15:46,3-5,3,5,9.0,0.06875036292718886,-0.38124673365530026
2320260324020009,取手競輪,9R,14:30,2-3,2,3,23.1,0.02678281904962625,-0.3813168799536336
8620260324020006,別府競輪,6R,17:52,1-5,1,5,12.7,0.04831358325450602,-0.3864174926677736
3820260323030005,静岡競輪,5R,17:40,2-6,2,6,30.5,0.02010446037671327,-0.38681395851024525
6220260323030012,広島競輪,12R,16:22,1-3,1,3,5.7,0.10694988155445398,-0.3903856751396123
6220260323030006,広島競輪,6R,13:16,1-4,1,4,11.7,0.051680371824058255,-0.3953396496585184
3820260323030009,静岡競輪,9R,19:16,5-7,5,7,7.1,0.08449421487402006,-0.40009107439445757
4420260325010007,大垣競輪,7R,13:25,4-6,4,6,52.5,0.01136911354194977,-0.40312153904763703
4420260325010008,大垣競輪,8R,13:52,1-3,1,3,7.7,0.07702298057678339,-0.4069230495587679
2320260324020005,取手競輪,5R,12:41,3-6,3,6,18.6,0.031841495574932224,-0.40774818230626053
8620260324020005,別府競輪,5R,17:28,4-5,4,5,17.3,0.03419590934068054,-0.4084107684062266
8620260324020008,別府競輪,8R,18:40,1-5,1,5,24.1,0.024495341605363416,-0.4096622673107416
2320260324020003,取手競輪,3R,11:54,1-4,1,4,6.6,0.08902624272084561,-0.412426798042419
4420260325010002,大垣競輪,2R,11:26,3-7,3,7,14.4,0.04064449955633497,-0.41471920638877635
5620260325010003,岸和田競輪,3R,21:46,5-7,5,7,30.0,0.019451560631373065,-0.416453181058808
5620260325010007,岸和田競輪,7R,23:30,2-5,2,5,8.8,0.06627842527646222,-0.41674985756713245
3820260323030012,静岡競輪,12R,20:30,2-3,2,3,8.7,0.06700916027422012,-0.41702030561428505
3820260323030006,静岡競輪,6R,18:04,1-2,1,2,15.7,0.03712265150005513,-0.4171743714491345
3820260323030006,静岡競輪,6R,18:04,2-5,2,5,6.7,0.08681419461534741,-0.4183448960771723
4220260325010001,名古屋競輪,1R,20:41,1-4,1,4,9.4,0.061719160679415075,-0.4198398896134983
2320260324020010,取手競輪,10R,15:00,1-7,1,7,44.0,0.013084509573489295,-0.424281578766471
5620260325010004,岸和田競輪,4R,22:12,5-7,5,7,22.5,0.025546371372718406,-0.4252066441138359
4420260325010001,大垣競輪,1R,11:05,1-3,1,3,11.3,0.0505369559841383,-0.42893239737923716
5620260325010003,岸和田競輪,3R,21:46,4-7,4,7,30.0,0.01902825868393822,-0.4291522394818533
3820260323030012,静岡競輪,12R,20:30,3-4,3,4,22.5,0.02536941508937479,-0.42918816048906716
8620260324020010,別府競輪,10R,19:28,5-7,5,7,9.7,0.058667722946854545,-0.430923087415511
8620260324020011,別府競輪,11R,19:52,2-7,2,7,17.4,0.032658805018856554,-0.431736792671896
7420260324020006,高知競輪,6R,10:34,1-7,1,7,8.6,0.0660531598102092,-0.4319428256322009
4420260325010006,大垣競輪,6R,12:58,1-5,1,5,17.4,0.03262007365265797,-0.43241071844375134
8620260324020005,別府競輪,5R,17:28,2-5,2,5,17.3,0.03273829794809353,-0.43362744549798193
8620260324020008,別府競輪,8R,18:40,4-7,4,7,6.9,0.08196817038356796,-0.434419624353381
5620260325010001,岸和田競輪,1R,20:54,2-4,2,4,9.3,0.06066946143544458,-0.4357740086503654
7420260324020007,高知競輪,7R,10:55,1-7,1,7,7.6,0.07407719247487636,-0.4370133371909397
3820260323030010,静岡競輪,10R,19:40,3-7,3,7,12.6,0.04438177340816499,-0.4407896550571212
3820260323030012,静岡競輪,12R,20:30,1-7,1,7,15.1,0.03697035333656981,-0.4417476646177959
8620260324020007,別府競輪,7R,18:16,1-2,1,2,9.1,0.061278234940610826,-0.44236806204044155
5620260325010005,岸和田競輪,5R,22:38,2-6,2,6,24.7,0.02254561430408715,-0.4431233266890474
5620260325010001,岸和田競輪,1R,20:54,2-3,2,3,7.5,0.07404028283059502,-0.44469787877053735
5620260325010001,岸和田競輪,1R,20:54,1-4,1,4,9.3,0.05969661829577927,-0.44482144984925276
4220260325010004,名古屋競輪,4R,21:59,2-4,2,4,11.7,0.04741143369582607,-0.44528622575883503
3820260323030006,静岡競輪,6R,18:04,1-5,1,5,6.2,0.0894059658946714,-0.44568301145303735
4420260325010012,大垣競輪,12R,15:58,5-7,5,7,17.6,0.03140499525833486,-0.4472720834533065
8620260324020006,別府競輪,6R,17:52,2-5,2,5,5.4,0.1022922952579455,-0.4476216056070943
6220260323030002,広島競輪,2R,11:40,5-7,5,7,5.6,0.09810269226165394,-0.450624923334738
6220260323030003,広島競輪,3R,12:01,2-3,2,3,5.6,0.09793260430846612,-0.4515774158725898
6220260323030006,広島競輪,6R,13:16,2-3,2,3,7.3,0.07502297643587963,-0.4523322720180787
4420260325010003,大垣競輪,3R,11:47,2-4,2,4,14.6,0.03749136555632661,-0.4526260628776315
4220260325010004,名古屋競輪,4R,21:59,1-2,1,2,5.0,0.10927075532032726,-0.4536462233983637
8620260324020010,別府競輪,10R,19:28,1-3,1,3,12.3,0.04431032868325474,-0.4549829571959667
4420260325010001,大垣競輪,1R,11:05,1-2,1,2,12.7,0.04286980501913924,-0.45555347625693166
3820260323030003,静岡競輪,3R,16:52,1-6,1,6,26.9,0.020205551977448194,-0.4564706518066436
3820260323030005,静岡競輪,5R,17:40,6-7,6,7,15.2,0.03571029045044526,-0.457203585153232
8620260324020002,別府競輪,2R,16:16,4-7,4,7,10.6,0.05112831853385978,-0.4580398235410863
3820260323030010,静岡競輪,10R,19:40,2-4,2,4,23.8,0.02261879124767878,-0.46167276830524506
8620260324020011,別府競輪,11R,19:52,3-5,3,5,7.5,0.07174236138519471,-0.4619322896110396
7420260324020007,高知競輪,7R,10:55,1-4,1,4,8.5,0.06324827706976724,-0.4623896449069784
6220260323030001,広島競輪,1R,11:19,1-3,1,3,10.8,0.04974314718776046,-0.462774010372187
2320260324020001,取手競輪,1R,11:12,1-4,1,4,9.2,0.058340428976266484,-0.4632680534183484
4220260325010004,名古屋競輪,4R,21:59,2-5,2,5,7.0,0.076518034339125,-0.4643737596261249
5620260325010003,岸和田競輪,3R,21:46,2-4,2,4,10.0,0.05322057145902828,-0.46779428540971724
3820260323030006,静岡競輪,6R,18:04,1-3,1,3,18.1,0.029395727999526104,-0.4679373232085775
3820260323030006,静岡競輪,6R,18:04,3-5,3,5,7.1,0.07475199933550948,-0.4692608047178827
3820260323030011,静岡競輪,11R,20:04,2-3,2,3,10.0,0.052813292197964365,-0.4718670780203563
4220260325010005,名古屋競輪,5R,22:25,2-3,2,3,8.4,0.06279955379908925,-0.47248374808765026
2320260324020011,取手競輪,11R,15:34,2-3,2,3,4.5,0.11705462250586124,-0.4732541987236244
4420260325010012,大垣競輪,12R,15:58,3-5,3,5,6.4,0.08214856750543113,-0.47424916796524075
6220260323030012,広島競輪,12R,16:22,1-2,1,2,7.7,0.06794784209139612,-0.4768016158962498
2320260324020004,取手競輪,4R,12:17,2-4,2,4,7.1,0.07330520274819562,-0.4795330604878112
6220260323030008,広島競輪,8R,14:10,2-4,2,4,27.4,0.01896977924371932,-0.4802280487220906
3820260323030002,静岡競輪,2R,16:28,3-4,3,4,6.9,0.0750925280691691,-0.4818615563227331
3820260323030001,静岡競輪,1R,16:04,3-4,3,4,5.8,0.08914291298569166,-0.48297110468298843
8620260324020006,別府競輪,6R,17:52,2-7,2,7,7.3,0.07060905296941802,-0.4845539133232485
8620260324020008,別府競輪,8R,18:40,2-4,2,4,12.0,0.042764594811741344,-0.4868248622591038
8620260324020001,別府競輪,1R,15:52,1-4,1,4,17.3,0.029588970257742528,-0.4881108145410542
3820260323030005,静岡競輪,5R,17:40,5-7,5,7,5.3,0.09618555851531752,-0.4902165398688172
4420260325010005,大垣競輪,5R,12:33,1-3,1,3,12.4,0.041107305072992775,-0.4902694170948896
3820260323030002,静岡競輪,2R,16:28,4-6,4,6,7.5,0.06794755875324446,-0.4903933093506666
3820260323030008,静岡競輪,8R,18:52,4-7,4,7,20.4,0.02497845726183471,-0.49043947185857195
3820260323030008,静岡競輪,8R,18:52,2-6,2,6,9.1,0.055828807443526016,-0.4919578522639133
8620260324020008,別府競輪,8R,18:40,1-2,1,2,16.1,0.03149531539328143,-0.4929254221681689
3820260323030010,静岡競輪,10R,19:40,2-6,2,6,15.6,0.032444007185522206,-0.4938734879058536
4420260325010012,大垣競輪,12R,15:58,2-3,2,3,4.9,0.10323477508676468,-0.49414960207485303
4220260325010005,名古屋競輪,5R,22:25,2-7,2,7,8.4,0.06016338592146218,-0.4946275582597177
3820260323030012,静岡競輪,12R,20:30,2-4,2,4,6.5,0.07762272871493583,-0.49545226335291703
4220260325010001,名古屋競輪,1R,20:41,2-3,2,3,7.2,0.07002406445605089,-0.49582673591643356
2320260324020011,取手競輪,11R,15:34,3-5,3,5,6.1,0.08231547672639064,-0.4978755919690171
7420260324020007,高知競輪,7R,10:55,1-2,1,2,9.1,0.055026465873485926,-0.49925916055127806
8620260324020008,別府競輪,8R,18:40,1-4,1,4,16.1,0.030947747530820927,-0.5017412647537831
8620260324020005,別府競輪,5R,17:28,1-2,1,2,5.7,0.08712466420254647,-0.5033894140454851
4420260325010006,大垣競輪,6R,12:58,2-3,2,3,7.7,0.06396242890499221,-0.5074892974315599
4420260325010006,大垣競輪,6R,12:58,3-6,3,6,31.4,0.015655931538215154,-0.5084037497000442
3820260323030011,静岡競輪,11R,20:04,3-5,3,5,17.6,0.027929900958160017,-0.5084337431363837
4420260325010009,大垣競輪,9R,14:20,1-6,1,6,5.6,0.08726449971010236,-0.5113188016234268
2320260324020001,取手競輪,1R,11:12,1-7,1,7,10.9,0.04466476936731686,-0.5131540138962463
7420260324020005,高知競輪,5R,10:13,1-4,1,4,6.2,0.07827197392622423,-0.5147137616574098
3820260323030009,静岡競輪,9R,19:16,1-7,1,7,7.3,0.06638255553358731,-0.5154073446048126
8620260324020003,別府競輪,3R,16:40,1-2,1,2,5.8,0.08350794882016158,-0.5156538968430628
6220260323030007,広島競輪,7R,13:43,2-4,2,4,6.5,0.07447857007977582,-0.5158892944814572
6220260323030006,広島競輪,6R,13:16,2-6,2,6,17.5,0.027608291768152264,-0.5168548940573354
4420260325010003,大垣競輪,3R,11:47,3-7,3,7,7.0,0.06887583603188005,-0.5178691477768397
7420260324020003,高知競輪,3R,09:31,1-3,1,3,14.5,0.0330893519033037,-0.5202043974020963
4420260325010010,大垣競輪,10R,14:50,2-5,2,5,13.4,0.03539218487263948,-0.525744722706631
8620260324020009,別府競輪,9R,19:04,3-6,3,6,79.2,0.005986681528800181,-0.5258548229190256
3820260323030007,静岡競輪,7R,18:28,1-3,1,3,6.0,0.07891123681722323,-0.5265325790966606
7420260324020003,高知競輪,3R,09:31,6-7,6,7,45.4,0.010418158530998383,-0.5270156026926734
3820260323030010,静岡競輪,10R,19:40,3-5,3,5,7.2,0.06553655449473496,-0.5281368076379083
6220260323030008,広島競輪,8R,14:10,1-3,1,3,4.1,0.11446809612206242,-0.5306808058995441
8620260324020006,別府競輪,6R,17:52,4-7,4,7,17.3,0.026664361208204562,-0.5387065510980611
8620260324020010,別府競輪,10R,19:28,1-5,1,5,4.5,0.1008392559928674,-0.5462233480320967
3820260323030002,静岡競輪,2R,16:28,2-6,2,6,9.0,0.050356830635750846,-0.5467885242782424
3820260323030011,静岡競輪,11R,20:04,3-7,3,7,11.3,0.04009441965199752,-0.5469330579324281
7420260324020001,高知競輪,1R,08:50,1-7,1,7,6.4,0.07078833667370907,-0.5469546452882619
4220260325010007,名古屋競輪,7R,23:17,1-7,1,7,7.2,0.06286810582513813,-0.5473496380590055
7420260324020002,高知競輪,2R,09:10,1-4,1,4,7.7,0.058701397111458886,-0.5479992422417665
4220260325010007,名古屋競輪,7R,23:17,1-5,1,5,5.1,0.08847434667717036,-0.5487808319464312
2320260324020001,取手競輪,1R,11:12,1-2,1,2,10.4,0.04323057804982677,-0.5504019882818015
7420260324020003,高知競輪,3R,09:31,2-4,2,4,3.1,0.14457955010338971,-0.5518033946794918
8620260324020001,別府競輪,1R,15:52,3-7,3,7,15.3,0.029266295888027875,-0.5522256729131735
5620260325010004,岸和田競輪,4R,22:12,4-7,4,7,22.5,0.019867768077209552,-0.5529752182627851
8620260324020005,別府競輪,5R,17:28,2-4,2,4,6.9,0.06453790424778134,-0.5546884606903086
3820260323030012,静岡競輪,12R,20:30,2-7,2,7,5.1,0.0872710671398925,-0.5549175575865484
8620260324020002,別府競輪,2R,16:16,3-7,3,7,6.7,0.06641080917376929,-0.5550475785357457
3820260323030008,静岡競輪,8R,18:52,3-4,3,4,6.3,0.07017728610596488,-0.5578830975324213
6220260323030009,広島競輪,9R,14:40,1-2,1,2,5.8,0.07610673927162723,-0.5585809122245621
3820260323030004,静岡競輪,4R,17:16,5-7,5,7,18.6,0.023718847788760704,-0.5588294311290509
3820260323030001,静岡競輪,1R,16:04,2-4,2,4,7.9,0.05529912616140276,-0.5631369033249182
8620260324020008,別府競輪,8R,18:40,3-4,3,4,7.4,0.05891728823101504,-0.5640120670904887
3820260323030005,静岡競輪,5R,17:40,2-4,2,4,27.5,0.015640731749480302,-0.5698798768892916
7420260324020007,高知競輪,7R,10:55,2-4,2,4,20.0,0.021395277141901235,-0.5720944571619753
6220260323030009,広島競輪,9R,14:40,2-4,2,4,7.6,0.056217455615108436,-0.5727473373251759
7420260324020002,高知競輪,2R,09:10,2-5,2,5,4.7,0.08995770559184607,-0.5771987837183234
6220260323030008,広島競輪,8R,14:10,2-3,2,3,8.7,0.04856438254838239,-0.5774898718290733
8620260324020007,別府競輪,7R,18:16,1-4,1,4,4.0,0.1055868985504872,-0.5776524057980512
6220260323030008,広島競輪,8R,14:10,3-7,3,7,6.8,0.061833503678720425,-0.5795321749847011
6220260323030003,広島競輪,3R,12:01,3-7,3,7,7.1,0.05917094670327007,-0.5798862784067825
4220260325010005,名古屋競輪,5R,22:25,5-7,5,7,21.0,0.01990406902877949,-0.5820145503956307
2320260324020002,取手競輪,2R,11:33,1-5,1,5,4.2,0.09924613803427786,-0.583166220256033
7420260324020003,高知競輪,3R,09:31,3-6,3,6,47.1,0.00878982218458415,-0.5859993751060866
3820260323030001,静岡競輪,1R,16:04,4-5,4,5,8.9,0.04638358378095346,-0.5871861043495141
2320260324020010,取手競輪,10R,15:00,4-7,4,7,10.7,0.03857338479319626,-0.5872647827128
2320260324020010,取手競輪,10R,15:00,2-5,2,5,5.3,0.07784622094260105,-0.5874150290042144
5620260325010005,岸和田競輪,5R,22:38,4-5,4,5,8.2,0.05028771901375676,-0.5876407040871946
7420260324020003,高知競輪,3R,09:31,4-7,4,7,6.9,0.05962534317989511,-0.5885851320587236
3820260323030003,静岡競輪,3R,16:52,1-2,1,2,26.0,0.015797403165915377,-0.5892675176862002
3820260323030006,静岡競輪,6R,18:04,2-4,2,4,10.2,0.04008425006394833,-0.5911406493477271
5620260325010003,岸和田競輪,3R,21:46,1-3,1,3,5.0,0.08158676257967773,-0.5920661871016113
3820260323030009,静岡競輪,9R,19:16,1-5,1,5,4.0,0.10175496509518026,-0.592980139619279
8620260324020008,別府競輪,8R,18:40,5-7,5,7,5.3,0.07612732745920338,-0.5965251644662222
5620260325010004,岸和田競輪,4R,22:12,3-7,3,7,22.5,0.01786630086645506,-0.5980082305047612
8620260324020007,別府競輪,7R,18:16,2-4,2,4,5.3,0.07558151015920761,-0.5994179961561996
8620260324020001,別府競輪,1R,15:52,2-5,2,5,3.9,0.10266407524868551,-0.5996101065301265
3820260323030003,静岡競輪,3R,16:52,1-4,1,4,8.5,0.046909283553629125,-0.6012710897941524
8620260324020005,別府競輪,5R,17:28,2-7,2,7,4.8,0.08300720580978466,-0.6015654121130336
8620260324020004,別府競輪,4R,17:04,4-7,4,7,4.9,0.08111053064523069,-0.6025583998383697
8620260324020003,別府競輪,3R,16:40,2-3,2,3,7.4,0.05356745176175579,-0.6036008569630071
6220260323030005,広島競輪,5R,12:49,1-5,1,5,9.6,0.04125445078612216,-0.6039572724532273
3820260323030009,静岡競輪,9R,19:16,2-4,2,4,24.5,0.01591332286696696,-0.6101235897593095
4420260325010009,大垣競輪,9R,14:20,1-7,1,7,5.6,0.06887049709961031,-0.6143252162421823
4220260325010007,名古屋競輪,7R,23:17,1-2,1,2,3.8,0.10047801205247707,-0.6181835542005871
3820260323030007,静岡競輪,7R,18:28,1-7,1,7,5.3,0.0720014774067701,-0.6183921697441185
4420260325010001,大垣競輪,1R,11:05,2-7,2,7,4.2,0.09072300437998677,-0.6189633816040555
7420260324020007,高知競輪,7R,10:55,3-5,3,5,5.2,0.0718049007749228,-0.6266145159704015
8620260324020002,別府競輪,2R,16:16,1-7,1,7,20.8,0.017868099423111444,-0.628343531999282
8620260324020011,別府競輪,11R,19:52,1-5,1,5,4.1,0.09003701620134662,-0.630848233574479
7420260324020005,高知競輪,5R,10:13,1-5,1,5,6.3,0.05851853341338538,-0.6313332394956721
6220260323030009,広島競輪,9R,14:40,1-5,1,5,6.0,0.0613427956785075,-0.631943225928955
2320260324020005,取手競輪,5R,12:41,1-7,1,7,5.1,0.07168189639993947,-0.6344223283603088
6220260323030004,広島競輪,4R,12:25,4-7,4,7,4.6,0.07928427142805411,-0.6352923514309512
6220260323030006,広島競輪,6R,13:16,2-5,2,5,9.2,0.03954001222877572,-0.6362318874952634
4420260325010002,大垣競輪,2R,11:26,1-4,1,4,6.5,0.055858453656238524,-0.6369200512344496
8620260324020010,別府競輪,10R,19:28,1-7,1,7,6.8,0.05311085137101919,-0.6388462106770696
4420260325010012,大垣競輪,12R,15:58,2-5,2,5,4.9,0.07341985616252512,-0.6402427048036269
7420260324020002,高知競輪,2R,09:10,1-5,1,5,3.3,0.10828737021942661,-0.6426516782758922
4220260325010007,名古屋競輪,7R,23:17,1-4,1,4,4.2,0.0840161149248842,-0.6471323173154864
4420260325010007,大垣競輪,7R,13:25,2-3,2,3,2.8,0.12474686467687762,-0.6507087789047427
4420260325010001,大垣競輪,1R,11:05,1-7,1,7,3.4,0.10249326374101382,-0.651522903280553
6220260323030010,広島競輪,10R,15:10,3-7,3,7,9.6,0.036139393871628574,-0.6530618188323657
6220260323030011,広島競輪,11R,15:46,2-3,2,3,4.3,0.08058588450142876,-0.6534806966438564
8620260324020005,別府競輪,5R,17:28,1-4,1,4,3.8,0.09023755383002366,-0.6570972954459101
5620260325010007,岸和田競輪,7R,23:30,1-2,1,2,3.1,0.11054115298151895,-0.6573224257572912
8620260324020008,別府競輪,8R,18:40,2-5,2,5,9.6,0.035677653176053495,-0.6574945295098864
4420260325010002,大垣競輪,2R,11:26,2-7,2,7,4.4,0.077329216313839,-0.6597514482191084
2320260324020009,取手競輪,9R,14:30,2-7,2,7,5.6,0.06066847805563144,-0.6602565228884639
2320260324020002,取手競輪,2R,11:33,1-2,1,2,3.6,0.09413529301485363,-0.661112945146527
4420260325010008,大垣競輪,8R,13:52,1-7,1,7,5.4,0.06272056420000138,-0.6613089533199925
7420260324020002,高知競輪,2R,09:10,4-5,4,5,2.9,0.11628142067394552,-0.662783880045558
3820260323030008,静岡競輪,8R,18:52,1-4,1,4,7.8,0.043228733691483834,-0.6628158772064261
4220260325010001,名古屋競輪,1R,20:41,1-2,1,2,3.8,0.088221188458114,-0.6647594838591668
6220260323030005,広島競輪,5R,12:49,3-4,3,4,5.3,0.06321686575776826,-0.6649506114838282
4420260325010007,大垣競輪,7R,13:25,2-7,2,7,4.4,0.07599231017779476,-0.665633835217703
3820260323030011,静岡競輪,11R,20:04,2-4,2,4,4.2,0.07951063520818274,-0.6660553321256324
4420260325010005,大垣競輪,5R,12:33,3-5,3,5,5.5,0.06047444571059917,-0.6673905485917045
3820260323030008,静岡競輪,8R,18:52,1-7,1,7,12.6,0.0262428048975666,-0.6693406582906609
7420260324020003,高知競輪,3R,09:31,3-4,3,4,6.5,0.050850450257927206,-0.6694720733234731
4420260325010002,大垣競輪,2R,11:26,1-7,1,7,6.4,0.05148115281215622,-0.6705206220022002
5620260325010005,岸和田競輪,5R,22:38,3-5,3,5,8.2,0.03968127447558935,-0.6746135493001674
4420260325010008,大垣競輪,8R,13:52,3-4,3,4,8.5,0.038213925727679454,-0.6751816313147246
6220260323030001,広島競輪,1R,11:19,4-5,4,5,4.9,0.0660156378066659,-0.676523374747337
6220260323030004,広島競輪,4R,12:25,3-7,3,7,4.0,0.08053028090791983,-0.6778788763683207
6220260323030010,広島競輪,10R,15:10,1-3,1,3,5.6,0.05737168908780598,-0.6787185411082866
4420260325010005,大垣競輪,5R,12:33,1-6,1,6,7.3,0.043457771541811074,-0.6827582677447792
7420260324020007,高知競輪,7R,10:55,1-5,1,5,2.7,0.11441017518097799,-0.6910925270113595
6220260323030003,広島競輪,3R,12:01,1-4,1,4,8.4,0.03663796271260701,-0.6922411132141011
3820260323030009,静岡競輪,9R,19:16,4-7,4,7,11.0,0.02792355515704483,-0.6928408932725069
4420260325010004,大垣競輪,4R,12:09,2-4,2,4,8.4,0.03628565751898302,-0.6952004768405426
2320260324020006,取手競輪,6R,13:07,1-2,1,2,4.1,0.0740115940352179,-0.6965524644556067
4420260325010007,大垣競輪,7R,13:25,3-6,3,6,5.2,0.05811777127755753,-0.6977875893567008
6220260323030008,広島競輪,8R,14:10,1-5,1,5,3.4,0.0881696421866055,-0.7002232165655413
5620260325010004,岸和田競輪,4R,22:12,3-5,3,5,7.5,0.039727867610829845,-0.7020409929187761
6220260323030011,広島競輪,11R,15:46,1-2,1,2,4.2,0.0708917006575819,-0.7022548572381561
7420260324020001,高知競輪,1R,08:50,1-4,1,4,3.6,0.08220746074227643,-0.7040531413278048
5620260325010003,岸和田競輪,3R,21:46,2-3,2,3,6.0,0.0490246521167523,-0.7058520872994862
2320260324020004,取手競輪,4R,12:17,1-7,1,7,13.2,0.022278072969152345,-0.7059294368071891
6220260323030007,広島競輪,7R,13:43,4-5,4,5,4.1,0.07153832874561512,-0.7066928521429781
7420260324020003,高知競輪,3R,09:31,4-6,4,6,20.7,0.013892216019880523,-0.7124311283884732
2320260324020011,取手競輪,11R,15:34,2-5,2,5,4.2,0.06829080361717822,-0.7131786248078514
6220260323030004,広島競輪,4R,12:25,3-5,3,5,6.1,0.04653518392848274,-0.7161353780362553
6220260323030001,広島競輪,1R,11:19,1-5,1,5,6.6,0.04228341175957243,-0.720929482386822
4420260325010010,大垣競輪,10R,14:50,1-7,1,7,5.8,0.04795994097422486,-0.7218323423494959
5620260325010003,岸和田競輪,3R,21:46,2-5,2,5,5.0,0.055294148533313825,-0.7235292573334309
8620260324020005,別府競輪,5R,17:28,3-5,3,5,23.1,0.011942043482188788,-0.7241387955614389
6220260323030012,広島競輪,12R,16:22,1-5,1,5,3.4,0.08075892758902857,-0.7254196461973028
6220260323030011,広島競輪,11R,15:46,1-4,1,4,9.0,0.0301946132907022,-0.7282484803836802
3820260323030011,静岡競輪,11R,20:04,2-5,2,5,5.9,0.04577386790142442,-0.7299341793815959
3820260323030005,静岡競輪,5R,17:40,3-7,3,7,6.5,0.04121944326654561,-0.7320736187674535
3820260323030004,静岡競輪,4R,17:16,2-5,2,5,3.2,0.08344498637462482,-0.7329760436012005
4420260325010008,大垣競輪,8R,13:52,3-5,3,5,5.5,0.04822175028470206,-0.7347803734341387
6220260323030003,広島競輪,3R,12:01,2-5,2,5,4.1,0.0646075538750765,-0.7351090291121865
8620260324020010,別府競輪,10R,19:28,2-7,2,7,6.9,0.03829714777497125,-0.7357496803526984
3820260323030007,静岡競輪,7R,18:28,1-5,1,5,2.3,0.11470480555822034,-0.7361789472160932
4420260325010008,大垣競輪,8R,13:52,1-4,1,4,3.3,0.07874610823833961,-0.7401378428134793
3820260323030005,静岡競輪,5R,17:40,4-7,4,7,8.6,0.029981065997617767,-0.7421628324204872
6220260323030002,広島競輪,2R,11:40,1-7,1,7,3.2,0.08053142759126403,-0.7422994317079551
5620260325010002,岸和田競輪,2R,21:20,1-3,1,3,2.9,0.08765538653718738,-0.7457993790421567
5620260325010003,岸和田競輪,3R,21:46,3-7,3,7,15.0,0.016506140455432347,-0.7524078931685148
2320260324020011,取手競輪,11R,15:34,3-4,3,4,2.8,0.08801063236543433,-0.7535702293767839
4420260325010007,大垣競輪,7R,13:25,3-4,3,4,5.9,0.040599825250783365,-0.7604610310203781
6220260323030005,広島競輪,5R,12:49,2-6,2,6,2.5,0.09305776898402504,-0.7673555775399374
4420260325010005,大垣競輪,5R,12:33,2-7,2,7,3.9,0.0593994954825784,-0.7683419676179443
3820260323030004,静岡競輪,4R,17:16,2-7,2,7,3.8,0.06074278714810119,-0.7691774088372155
6220260323030010,広島競輪,10R,15:10,1-6,1,6,4.3,0.05367247528053916,-0.7692083562936816
7420260324020001,高知競輪,1R,08:50,5-7,5,7,2.9,0.07929248458491889,-0.7700517947037352
8620260324020010,別府競輪,10R,19:28,3-5,3,5,4.7,0.0487152024024165,-0.7710385487086424
2320260324020007,取手競輪,7R,13:34,4-6,4,6,2.4,0.09498800604030841,-0.7720287855032598
5620260325010004,岸和田競輪,4R,22:12,2-7,2,7,7.5,0.03025685703082734,-0.7730735722687949
2320260324020002,取手競輪,2R,11:33,2-7,2,7,3.7,0.06070772973243037,-0.7753813999900077
3820260323030001,静岡競輪,1R,16:04,3-6,3,6,4.0,0.05579563452972808,-0.7768174618810877
6220260323030007,広島競輪,7R,13:43,1-4,1,4,3.1,0.07171181771420845,-0.7776933650859538
3820260323030006,静岡競輪,6R,18:04,1-7,1,7,4.6,0.04802049998969411,-0.7791057000474071
6220260323030010,広島競輪,10R,15:10,1-4,1,4,5.3,0.041562054859137776,-0.7797211092465698
8620260324020001,別府競輪,1R,15:52,2-7,2,7,3.4,0.06462404370278697,-0.7802782514105243
4420260325010002,大垣競輪,2R,11:26,2-5,2,5,5.3,0.04089633278022969,-0.7832494362647826
5620260325010004,岸和田競輪,4R,22:12,2-3,2,3,4.5,0.047650561210732315,-0.7855724745517045
4420260325010006,大垣競輪,6R,12:58,2-7,2,7,1.9,0.1105994115555427,-0.7898611180444689
5620260325010005,岸和田競輪,5R,22:38,2-5,2,5,4.1,0.05088422158894987,-0.7913746914853056
8620260324020011,別府競輪,11R,19:52,3-4,3,4,4.0,0.05039077366244261,-0.7984369053502296
8620260324020007,別府競輪,7R,18:16,2-5,2,5,4.0,0.04933298682732357,-0.8026680526907057
5620260325010003,岸和田競輪,3R,21:46,3-5,3,5,5.0,0.03833348092762992,-0.8083325953618504
3820260323030003,静岡競輪,3R,16:52,3-4,3,4,1.7,0.10996615117236315,-0.8130575430069826
2320260324020009,取手競輪,9R,14:30,1-5,1,5,2.0,0.09137068254589634,-0.8172586349082074
8620260324020006,別府競輪,6R,17:52,2-4,2,4,2.2,0.08257724591042331,-0.8183300589970687
6220260323030001,広島競輪,1R,11:19,1-4,1,4,1.9,0.09469600973029413,-0.8200775815124411
4420260325010001,大垣競輪,1R,11:05,1-5,1,5,3.8,0.04721391415689054,-0.820587126203816
4220260325010004,名古屋競輪,4R,21:59,2-3,2,3,2.7,0.06563752730567374,-0.8227786762746809
8620260324020009,別府競輪,9R,19:04,2-7,2,7,1.2,0.14401891799422795,-0.8271772984069264
2320260324020005,取手競輪,5R,12:41,2-4,2,4,2.4,0.07098743903866908,-0.8296301463071942
6220260323030009,広島競輪,9R,14:40,1-7,1,7,2.3,0.07289874168697813,-0.8323328941199504
3820260323030008,静岡競輪,8R,18:52,1-5,1,5,4.8,0.03477338026536156,-0.8330877747262645
5620260325010004,岸和田競輪,4R,22:12,2-4,2,4,3.2,0.052035062318446054,-0.8334878005809726
6220260323030006,広島競輪,6R,13:16,3-7,3,7,2.3,0.07204069722029585,-0.8343063963933195
6220260323030002,広島競輪,2R,11:40,4-7,4,7,3.9,0.04204787636185431,-0.8360132821887682
7420260324020004,高知競輪,4R,09:52,1-7,1,7,1.3,0.12456182968596988,-0.8380696214082392
2320260324020006,取手競輪,6R,13:07,2-3,2,3,1.3,0.12297677814973912,-0.8401301884053392
5620260325010002,岸和田競輪,2R,21:20,1-2,1,2,1.6,0.09887357959639795,-0.8418022726457632
2320260324020002,取手競輪,2R,11:33,2-3,2,3,4.9,0.03166658483900163,-0.844833734288892
4220260325010001,名古屋競輪,1R,20:41,1-3,1,3,2.1,0.07331785753171619,-0.8460324991833961
4420260325010006,大垣競輪,6R,12:58,3-4,3,4,4.7,0.0326751320014054,-0.8464268795933946
7420260324020006,高知競輪,6R,10:34,1-5,1,5,1.7,0.08996152177508249,-0.8470654129823598
8620260324020004,別府競輪,4R,17:04,1-7,1,7,1.6,0.09495759561969795,-0.8480678470084833
4420260325010012,大垣競輪,12R,15:58,1-3,1,3,3.1,0.04857876484105167,-0.8494058289927398
4420260325010010,大垣競輪,10R,14:50,1-4,1,4,1.6,0.0940979197840822,-0.8494433283454684
4220260325010004,名古屋競輪,4R,21:59,3-5,3,5,2.9,0.050478242623983885,-0.8536130963904467
2320260324020012,取手競輪,12R,16:10,1-4,1,4,1.2,0.12037688396179447,-0.8555477392458466
8620260324020002,別府競輪,2R,16:16,3-5,3,5,1.5,0.09532338782922412,-0.8570149182561638
5620260325010007,岸和田競輪,7R,23:30,2-3,2,3,1.8,0.07802758170900595,-0.8595503529237893
3820260323030010,静岡競輪,10R,19:40,1-7,1,7,2.2,0.06342681440037307,-0.8604610083191793
7420260324020005,高知競輪,5R,10:13,2-4,2,4,2.4,0.05779733011887096,-0.8612864077147097
5620260325010001,岸和田競輪,1R,20:54,1-2,1,2,1.5,0.09214320508195971,-0.8617851923770604
2320260324020001,取手競輪,1R,11:12,2-4,2,4,1.7,0.07995157325983493,-0.8640823254582806
6220260323030012,広島競輪,12R,16:22,1-6,1,6,2.3,0.05809864157880675,-0.8663731243687445
4420260325010004,大垣競輪,4R,12:09,3-5,3,5,1.2,0.1102183465637378,-0.8677379841235147
4220260325010005,名古屋競輪,5R,22:25,4-7,4,7,3.8,0.034679243933020173,-0.8682188730545234
2320260324020008,取手競輪,8R,14:01,1-4,1,4,1.4,0.09334784539221766,-0.8693130164508953
2320260324020007,取手競輪,7R,13:34,2-6,2,6,1.6,0.08158878577944939,-0.869457942752881
2320260324020010,取手競輪,10R,15:00,1-4,1,4,2.2,0.05850850592403748,-0.8712812869671176
4420260325010009,大垣競輪,9R,14:20,3-6,3,6,1.9,0.0675157784419609,-0.8717200209602742
4420260325010003,大垣競輪,3R,11:47,1-5,1,5,2.2,0.05685856996676334,-0.8749111460731207
4220260325010006,名古屋競輪,6R,22:51,1-2,1,2,1.0,0.12496165612985641,-0.8750383438701436
3820260323030009,静岡競輪,9R,19:16,2-7,2,7,3.5,0.03486980878648862,-0.8779556692472898
3820260323030001,静岡競輪,1R,16:04,2-6,2,6,5.8,0.020924291368455798,-0.8786391100629564
5620260325010005,岸和田競輪,5R,22:38,5-6,5,6,6.1,0.019803926769304918,-0.87919604670724
5620260325010006,岸和田競輪,6R,23:04,1-2,1,2,1.0,0.1165988533713268,-0.8834011466286732
4420260325010011,大垣競輪,11R,15:22,3-7,3,7,1.1,0.1048514460020332,-0.8846634093977634
3820260323030002,静岡競輪,2R,16:28,3-5,3,5,2.5,0.04525196549586634,-0.8868700862603341
2320260324020004,取手競輪,4R,12:17,1-5,1,5,1.9,0.05875075434729038,-0.8883735667401482
8620260324020012,別府競輪,12R,20:17,1-7,1,7,1.0,0.1103706679169853,-0.8896293320830146
4220260325010003,名古屋競輪,3R,21:33,1-3,1,3,2.1,0.05205746943091725,-0.8906793141950737
4220260325010005,名古屋競輪,5R,22:25,3-4,3,4,2.8,0.03799896434983879,-0.8936028998204514
8620260324020003,別府競輪,3R,16:40,2-5,2,5,1.6,0.06578733568553412,-0.8947402629031453
2320260324020003,取手競輪,3R,11:54,1-2,1,2,1.3,0.07817758948108967,-0.8983691336745834
4220260325010003,名古屋競輪,3R,21:33,6-7,6,7,2.0,0.04345523007586824,-0.9130895398482635
4220260325010002,名古屋競輪,2R,21:07,1-2,1,2,1.0,0.08368251137423637,-0.9163174886257637
