race_id,競輪場,レース番号,開始時間,買い目,a,b,odds,p,EV
8720260329010008,熊本競輪,8R,23:00,1-7,1,7,247.5,0.11743720850392345,28.06570910472105
6220260329010005,広島競輪,5R,10:10,1-6,1,6,1016.2,0.027045423302518665,26.483559160019468
2820260328020006,立川競輪,6R,13:09,6-7,6,7,1332.5,0.019967850699389396,25.60716105693637
8320260327030010,久留米競輪,10R,19:38,5-6,5,6,589.8,0.043466955161543,24.63681015427806
6220260329010005,広島競輪,5R,10:10,3-6,3,6,580.7,0.03858621847242366,21.407017066936422
2820260328020007,立川競輪,7R,13:35,1-6,1,6,628.6,0.03443562586360063,20.646234417859358
2820260328020007,立川競輪,7R,13:35,5-6,5,6,488.9,0.04313677858648468,20.08957105093236
6220260329010007,広島競輪,7R,10:50,1-6,1,6,548.0,0.03754259588428621,19.573342544588844
8720260329010003,熊本競輪,3R,21:20,2-4,2,4,319.5,0.0637536259375949,19.36928348706157
3720260329010007,伊東競輪,7R,18:10,1-6,1,6,626.2,0.032426056223343686,19.305196407057817
6220260329010004,広島競輪,4R,09:50,4-6,4,6,584.9,0.03131855259712647,17.318221414059273
3720260329010007,伊東競輪,7R,18:10,1-4,1,4,626.2,0.02923839829155779,17.30908501017349
6220260329010006,広島競輪,6R,10:30,5-6,5,6,353.3,0.051559818487386416,17.21608387159362
8720260329010001,熊本競輪,1R,20:40,5-6,5,6,494.2,0.03665728550257303,17.11603049537159
8720260329010003,熊本競輪,3R,21:20,1-4,1,4,159.7,0.11164382342680551,16.82951860126084
6220260329010007,広島競輪,7R,10:50,4-6,4,6,657.6,0.02671079266637434,16.565017257407767
2820260328020006,立川競輪,6R,13:09,4-7,4,7,399.7,0.04054946807890507,15.207622391138354
6220260329010004,広島競輪,4R,09:50,6-7,6,7,275.2,0.05878603570886498,15.17791702707964
8720260329010001,熊本競輪,1R,20:40,4-5,4,5,247.1,0.06348934983760823,14.688218344872993
3720260329010007,伊東競輪,7R,18:10,6-7,6,7,313.1,0.04858849077361459,14.213056461218729
3720260329010010,伊東競輪,10R,19:25,2-6,2,6,404.2,0.036026794721069025,13.562030426256099
8720260329010008,熊本競輪,8R,23:00,2-7,2,7,247.5,0.056317882116045194,12.938675823721185
6220260329010006,広島競輪,6R,10:30,3-6,3,6,431.8,0.032266283790616586,12.932581340788243
8320260327030010,久留米競輪,10R,19:38,4-6,4,6,393.2,0.035286809743139885,12.874773591002603
8720260329010003,熊本競輪,3R,21:20,4-6,4,6,319.5,0.04271035262623902,12.645957664083367
3720260329010004,伊東競輪,4R,16:58,5-6,5,6,413.9,0.029928665735123032,11.387474747767422
3520260329010008,平塚競輪,8R,23:10,1-7,1,7,204.0,0.05940341388855738,11.118296433265707
8720260329010008,熊本競輪,8R,23:00,1-5,1,5,123.7,0.09506358117884903,10.759364991823626
6220260329010007,広島競輪,7R,10:50,5-6,5,6,411.0,0.02811360632414616,10.554692199224071
8720260329010001,熊本競輪,1R,20:40,4-6,4,6,494.2,0.023354031547538193,10.541562390793375
3520260329010001,平塚競輪,1R,20:50,3-7,3,7,299.2,0.03833317586076983,10.469286217542331
6220260329010004,広島競輪,4R,09:50,1-6,1,6,1559.7,0.007339123197618037,10.446830451324852
3120260327030007,松戸競輪,7R,11:00,2-7,2,7,354.4,0.032285091284188855,10.44183635111653
3120260327030007,松戸競輪,7R,11:00,2-6,2,6,322.1,0.03464795944138496,10.160107736070097
8720260329010003,熊本競輪,3R,21:20,3-5,3,5,319.5,0.034724077974122414,10.094342912732111
2820260328020004,立川競輪,4R,12:17,5-6,5,6,214.4,0.0512295540512382,9.98361638858547
2820260328020002,立川競輪,2R,11:28,3-5,3,5,102.0,0.10426376530344342,9.634904060951229
8720260329010003,熊本競輪,3R,21:20,4-5,4,5,319.5,0.033221603373831496,9.614302277939164
3720260329010002,伊東競輪,2R,16:14,3-6,3,6,500.4,0.020938920727537398,9.477835932059714
2820260328020004,立川競輪,4R,12:17,3-6,3,6,367.6,0.02835635509113318,9.423796131500557
3520260329010008,平塚競輪,8R,23:10,1-5,1,5,102.0,0.09936982708686065,9.135722362859786
8720260329010003,熊本競輪,3R,21:20,2-3,2,3,159.7,0.06217002991429425,8.928553777312791
6220260329010006,広島競輪,6R,10:30,1-3,1,3,298.9,0.033013526734518406,8.867743140947551
3120260327030007,松戸競輪,7R,11:00,2-5,2,5,295.3,0.032791530220503115,8.68333887411457
6220260329010007,広島競輪,7R,10:50,2-6,2,6,365.3,0.0260001402094022,8.497851218494624
6220260329010005,広島競輪,5R,10:10,4-7,4,7,290.3,0.032556167521330184,8.451055431442153
3720260329010007,伊東競輪,7R,18:10,4-7,4,7,208.7,0.0446657769556876,8.321747650652002
6220260329010007,広島競輪,7R,10:50,1-2,1,2,219.2,0.041295113202545745,8.051888813998026
2820260328020004,立川競輪,4R,12:17,4-6,4,6,321.6,0.028123266161032015,8.044442397387897
4520260328020010,豊橋競輪,10R,15:12,3-6,3,6,462.8,0.019021758301436743,7.803269741904925
2820260328020007,立川競輪,7R,13:35,6-7,6,7,440.0,0.019629208031439468,7.636851533833365
2820260328020006,立川競輪,6R,13:09,5-7,5,7,266.5,0.03239780967784249,7.634016279145024
2820260328020001,立川競輪,1R,11:05,5-6,5,6,204.0,0.04207732893882664,7.583775103520635
2820260328020004,立川競輪,4R,12:17,1-6,1,6,125.5,0.06800830272480266,7.535041991962734
3720260329010004,伊東競輪,4R,16:58,6-7,6,7,156.6,0.054430210080306116,7.523770898575938
2820260328020011,立川競輪,11R,15:28,3-5,3,5,149.3,0.056408354761035104,7.421767365822541
6220260329010006,広島競輪,6R,10:30,3-4,3,4,647.7,0.012984987754342339,7.410376568487534
8720260329010001,熊本競輪,1R,20:40,3-5,3,5,98.8,0.085026173929884,7.4005859842725386
3120260327030007,松戸競輪,7R,11:00,1-6,1,6,236.2,0.03547248675397152,7.378601371288074
3720260329010006,伊東競輪,6R,17:46,1-2,1,2,133.2,0.06278773886615618,7.363326816972004
3520260329010008,平塚競輪,8R,23:10,1-3,1,3,102.0,0.0818759357903272,7.351345450613374
2820260328020010,立川競輪,10R,14:58,5-6,5,6,598.5,0.01392041107320701,7.331366027314395
2820260328020010,立川競輪,10R,14:58,1-6,1,6,157.5,0.052715634579573914,7.302712446282891
8320260327030010,久留米競輪,10R,19:38,4-5,4,5,393.2,0.02108422919149707,7.290318918096649
3120260327030005,松戸競輪,5R,10:20,4-7,4,7,209.9,0.03914836442279214,7.21724169234407
2820260328020011,立川競輪,11R,15:28,5-6,5,6,177.7,0.04621123600934755,7.21173663886106
3720260329010007,伊東競輪,7R,18:10,3-7,3,7,156.5,0.05244548104948227,7.207717784243975
6220260329010007,広島競輪,7R,10:50,2-5,2,5,234.8,0.034955650462797555,7.207586728664866
8720260329010001,熊本競輪,1R,20:40,2-5,2,5,98.8,0.08215014313564625,7.11643414180185
2820260328020007,立川競輪,7R,13:35,2-6,2,6,440.0,0.018276967853870667,7.041865855703094
6220260329010006,広島競輪,6R,10:30,3-7,3,7,485.8,0.016440483917122165,6.986787086937948
8320260327030001,久留米競輪,1R,16:06,1-2,1,2,104.6,0.07502933798234898,6.848068752953703
3120260327030007,松戸競輪,7R,11:00,5-6,5,6,154.0,0.04998424355621825,6.69757350765761
4520260328020010,豊橋競輪,10R,15:12,1-6,1,6,432.9,0.017728294485539947,6.6745786827902425
4520260328020010,豊橋競輪,10R,15:12,2-4,2,4,216.4,0.03543184218713329,6.6674506492956445
2820260328020003,立川競輪,3R,11:52,5-6,5,6,252.8,0.02997906464976146,6.578707543459697
3120260327030007,松戸競輪,7R,11:00,1-7,1,7,228.6,0.03313736933731562,6.575202630510351
2820260328020004,立川競輪,4R,12:17,6-7,6,7,514.6,0.014686898700659012,6.557878071359128
3120260327030007,松戸競輪,7R,11:00,1-2,1,2,354.4,0.021251623086572635,6.531575221881342
4520260328020006,豊橋競輪,6R,13:22,3-6,3,6,379.3,0.019321760166346767,6.328743631095329
2820260328020005,立川競輪,5R,12:43,3-4,3,4,176.0,0.04162264358562019,6.325585271069154
3720260329010004,伊東競輪,4R,16:58,3-7,3,7,181.1,0.04025353420534365,6.289915044587735
4520260328020010,豊橋競輪,10R,15:12,3-4,3,4,273.9,0.02649289264205476,6.256403294658798
2820260328020007,立川競輪,7R,13:35,5-7,5,7,151.7,0.04776387899889415,6.245780444132242
4520260328020006,豊橋競輪,6R,13:22,1-6,1,6,335.9,0.021541394029031106,6.235754254351548
4520260328020006,豊橋競輪,6R,13:22,6-7,6,7,286.8,0.025210235274695233,6.230295476782593
2820260328020007,立川競輪,7R,13:35,1-2,1,2,191.3,0.03778300196660085,6.227888276210743
3120260327030007,松戸競輪,7R,11:00,5-7,5,7,154.0,0.04686965017334133,6.217926126694565
3720260329010002,伊東競輪,2R,16:14,1-6,1,6,200.1,0.03604872182631748,6.213349237446128
3720260329010006,伊東競輪,6R,17:46,2-3,2,3,186.6,0.038273448308169665,6.14182545430446
4520260328020012,豊橋競輪,12R,16:20,4-6,4,6,479.8,0.014825497696861253,6.113273794954029
2820260328020007,立川競輪,7R,13:35,1-7,1,7,183.3,0.03871192082850028,6.095895087864101
2820260328020006,立川競輪,6R,13:09,3-6,3,6,210.3,0.03369877239125,6.086851833879876
3120260327030003,松戸競輪,3R,09:40,3-6,3,6,147.7,0.047621990822353424,6.0337680444616
6220260329010003,広島競輪,3R,09:30,1-2,1,2,104.1,0.06630363504530792,5.902208408216555
4520260328020009,豊橋競輪,9R,14:44,1-6,1,6,295.7,0.023307799479599232,5.892116306117493
4520260328020010,豊橋競輪,10R,15:12,2-8,2,8,335.5,0.020452160753798684,5.861699932899459
4520260328020007,豊橋競輪,7R,13:48,3-8,3,8,326.6,0.02097736767744346,5.851208283453034
2820260328020007,立川競輪,7R,13:35,4-6,4,6,293.3,0.023251512664044318,5.819668664364198
6220260329010004,広島競輪,4R,09:50,1-3,1,3,425.3,0.015906459899517996,5.765017395265004
4520260328020006,豊橋競輪,6R,13:22,5-6,5,6,391.9,0.017240122088210325,5.756403846369626
2820260328020006,立川競輪,6R,13:09,3-7,3,7,222.0,0.030380991628494045,5.744580141525678
6220260329010006,広島競輪,6R,10:30,4-5,4,5,298.9,0.022560779786976064,5.743417078327145
6220260329010005,広島競輪,5R,10:10,5-6,5,6,109.8,0.061149408732883645,5.7142050788706245
8320260327030009,久留米競輪,9R,19:12,2-6,2,6,142.8,0.046960797067720494,5.706001821270487
3520260329010008,平塚競輪,8R,23:10,1-4,1,4,102.0,0.06560465501629308,5.691674811661894
2820260328020006,立川競輪,6R,13:09,2-6,2,6,285.5,0.023437780771925834,5.691486410384826
6220260329010004,広島競輪,4R,09:50,1-2,1,2,259.9,0.025723876387828998,5.685635473196756
2820260328020007,立川競輪,7R,13:35,4-7,4,7,244.4,0.027337704498270356,5.681334979377275
2820260328020010,立川競輪,10R,14:58,4-6,4,6,260.2,0.025642910363288134,5.672285276527572
3720260329010004,伊東競輪,4R,16:58,1-6,1,6,386.3,0.01715171058503357,5.625705798998468
8320260327030010,久留米競輪,10R,19:38,2-5,2,5,196.6,0.03363490137562154,5.612621610447195
3720260329010008,伊東競輪,8R,18:34,2-6,2,6,260.2,0.025404470225956127,5.610243152793784
3520260329010008,平塚競輪,8R,23:10,5-7,5,7,204.0,0.031765459091508574,5.480153654667749
4520260328020012,豊橋競輪,12R,16:20,6-9,6,9,328.7,0.019661694535262023,5.462798993740627
3720260329010004,伊東競輪,4R,16:58,3-5,3,5,289.7,0.02228031921112136,5.454608475461858
3720260329010007,伊東競輪,7R,18:10,3-4,3,4,313.1,0.020575671814608735,5.442242845153995
3720260329010004,伊東競輪,4R,16:58,2-3,2,3,105.3,0.061046585906406076,5.428205495944559
8720260329010009,熊本競輪,9R,23:20,1-2,1,2,74.2,0.0863442747031736,5.406745182975482
6220260329010004,広島競輪,4R,09:50,3-6,3,6,389.9,0.01623853206644717,5.331403652707752
6220260329010001,広島競輪,1R,08:50,3-6,3,6,92.5,0.06835836591333225,5.323148846983233
3120260327030003,松戸競輪,3R,09:40,6-7,6,7,135.0,0.04682344268160823,5.321164762017111
8720260329010008,熊本競輪,8R,23:00,3-4,3,4,247.5,0.0254844888642472,5.307410993901183
4520260328020006,豊橋競輪,6R,13:22,4-7,4,7,183.7,0.03432216311264098,5.304981363792148
8720260329010008,熊本競輪,8R,23:00,1-6,1,6,247.5,0.025398349403681034,5.2860914774110555
8720260329010008,熊本競輪,8R,23:00,3-5,3,5,247.5,0.02538241585639401,5.282147924457518
6220260329010005,広島競輪,5R,10:10,1-3,1,3,76.6,0.08189485417057155,5.27314582946578
3720260329010004,伊東競輪,4R,16:58,3-4,3,4,206.9,0.030088734469638653,5.225359161768237
6220260329010004,広島競輪,4R,09:50,2-6,2,6,233.9,0.02660437687941021,5.222763752094048
2820260328020006,立川競輪,6R,13:09,4-6,4,6,142.7,0.043555227104743396,5.215330907846882
8320260327030010,久留米競輪,10R,19:38,3-7,3,7,131.0,0.04738808927230302,5.207839694671696
8720260329010008,熊本競輪,8R,23:00,2-4,2,4,123.7,0.049744864251682536,5.1534397079331296
2820260328020010,立川競輪,10R,14:58,3-6,3,6,352.1,0.017333249623506422,5.103037192436612
4520260328020007,豊橋競輪,7R,13:48,6-7,6,7,299.4,0.02036271465415605,5.09659676745432
3120260327030004,松戸競輪,4R,10:00,3-6,3,6,102.7,0.058784816626351835,5.037200667526333
8320260327030010,久留米競輪,10R,19:38,2-7,2,7,196.6,0.03046058308110325,4.988550633744898
4520260328020006,豊橋競輪,6R,13:22,1-4,1,4,217.7,0.027241361393861827,4.930444375443719
4520260328020012,豊橋競輪,12R,16:20,6-7,6,7,286.3,0.02052531385837699,4.876397357653333
2820260328020003,立川競輪,3R,11:52,3-6,3,6,213.9,0.02743403220359323,4.868139488348592
6220260329010006,広島競輪,6R,10:30,6-7,6,7,228.6,0.025666514787756296,4.867365280481089
8320260327030003,久留米競輪,3R,16:46,6-7,6,7,107.7,0.0544277141532759,4.861864814307815
2820260328020001,立川競輪,1R,11:05,1-6,1,6,216.7,0.027018067106530506,4.854815141985161
3720260329010006,伊東競輪,6R,17:46,2-5,2,5,133.2,0.043776024557638196,4.830966471077407
2820260328020010,立川競輪,10R,14:58,2-6,2,6,80.8,0.0720944181973178,4.825228990343278
6220260329010004,広島競輪,4R,09:50,3-4,3,4,119.9,0.04837749353614913,4.8004614749842816
6220260329010004,広島競輪,4R,09:50,5-6,5,6,222.8,0.025941327809264416,4.779727835904112
3120260327030004,松戸競輪,4R,10:00,5-6,5,6,271.6,0.021145497451066593,4.743117107709687
8320260327030003,久留米競輪,3R,16:46,5-6,5,6,151.9,0.03764951814244169,4.718961805836893
8320260327030010,久留米競輪,10R,19:38,4-7,4,7,294.9,0.01934583797095584,4.705087617634877
6220260329010005,広島競輪,5R,10:10,1-4,1,4,101.6,0.05611611134127234,4.701396912273269
6220260329010001,広島競輪,1R,08:50,6-7,6,7,248.7,0.022867881800103906,4.687242203685841
2820260328020002,立川競輪,2R,11:28,1-3,1,3,247.7,0.022931263017393833,4.680073849408452
6220260329010001,広島競輪,1R,08:50,4-6,4,6,468.2,0.012098054563599622,4.664309146677343
6220260329010001,広島競輪,1R,08:50,1-6,1,6,142.1,0.03974146293329625,4.647261882821397
3720260329010002,伊東競輪,2R,16:14,5-6,5,6,333.6,0.016917299682962062,4.643611174236145
4520260328020012,豊橋競輪,12R,16:20,3-6,3,6,422.6,0.013327259914054167,4.632100039679291
4520260328020007,豊橋競輪,7R,13:48,3-6,3,6,179.6,0.03122080005701628,4.607255690240124
3120260327030004,松戸競輪,4R,10:00,4-6,4,6,211.2,0.0265241890260568,4.601908722303196
3720260329010011,伊東競輪,11R,19:51,5-6,5,6,150.0,0.0372444697010707,4.586670455160604
4520260328020007,豊橋競輪,7R,13:48,2-6,2,6,283.6,0.019575460483028176,4.551600592986791
8320260327030002,久留米競輪,2R,16:26,1-6,1,6,81.9,0.06703464103292851,4.490137100596845
3720260329010002,伊東競輪,2R,16:14,6-7,6,7,125.1,0.04368517931185966,4.465015931913643
8720260329010004,熊本競輪,4R,21:40,4-6,4,6,115.5,0.04722534672543624,4.454527546787886
3720260329010007,伊東競輪,7R,18:10,4-6,4,6,313.1,0.01722363961979805,4.392721564958769
2820260328020002,立川競輪,2R,11:28,4-5,4,5,44.4,0.12104337683393424,4.37432593142668
6220260329010006,広島競輪,6R,10:30,1-6,1,6,117.7,0.045620293906174766,4.3695085927567705
2820260328020003,立川競輪,3R,11:52,1-6,1,6,347.7,0.015372254314899716,4.344932825290631
8720260329010003,熊本競輪,3R,21:20,1-3,1,3,53.2,0.09990555010579227,4.314975265628149
2820260328020007,立川競輪,7R,13:35,2-5,2,5,112.8,0.04704406726762814,4.306570787788454
3120260327030007,松戸競輪,7R,11:00,1-5,1,5,157.5,0.033660727708554355,4.301564614097311
4520260328020012,豊橋競輪,12R,16:20,1-4,1,4,149.1,0.035323099537325583,4.266674141015244
3520260329010009,平塚競輪,9R,23:30,4-5,4,5,129.7,0.04057002674518246,4.261932468850165
2820260328020001,立川競輪,1R,11:05,4-6,4,6,133.3,0.03926496378207788,4.234019672150982
6220260329010005,広島競輪,5R,10:10,4-6,4,6,225.8,0.02313924083961628,4.224840581585356
2820260328020006,立川競輪,6R,13:09,2-3,2,3,148.0,0.035202111797355065,4.20991254600855
8320260327030010,久留米競輪,10R,19:38,2-4,2,4,196.6,0.026452364570419988,4.200534874544569
2820260328020010,立川競輪,10R,14:58,6-7,6,7,272.0,0.019110645652568113,4.198095617498526
6220260329010003,広島競輪,3R,09:30,2-5,2,5,123.8,0.04191757472725779,4.189395751234514
4520260328020006,豊橋競輪,6R,13:22,2-6,2,6,178.1,0.028855347305607005,4.139137355128607
4520260328020012,豊橋競輪,12R,16:20,4-9,4,9,181.1,0.028365121728404004,4.136923545013965
3720260329010006,伊東競輪,6R,17:46,2-6,2,6,77.7,0.06586548849953673,4.117748456414004
4520260328020010,豊橋競輪,10R,15:12,1-8,1,8,353.1,0.014440093539787303,4.098797028898897
4520260328020011,豊橋競輪,11R,15:44,1-4,1,4,138.1,0.0369103889511474,4.097324714153456
8320260327030004,久留米競輪,4R,17:10,5-6,5,6,77.3,0.0658726902882287,4.0919589592800785
2820260328020007,立川競輪,7R,13:35,2-7,2,7,231.5,0.021986335026453422,4.0898365586239676
4520260328020011,豊橋競輪,11R,15:44,4-7,4,7,158.1,0.03215100606754862,4.083074059279437
4520260328020004,豊橋競輪,4R,12:30,4-7,4,7,212.1,0.023961982989060757,4.082336591979787
3120260327030006,松戸競輪,6R,10:40,1-6,1,6,109.4,0.046398513689135515,4.075997397591426
3520260329010001,平塚競輪,1R,20:50,4-7,4,7,149.6,0.03389713445485359,4.071011314446096
3720260329010004,伊東競輪,4R,16:58,2-6,2,6,61.0,0.08284816191359945,4.053737876729566
2820260328020009,立川競輪,9R,14:30,5-6,5,6,144.3,0.034855333905097347,4.029624682505547
4520260328020009,豊橋競輪,9R,14:44,6-9,6,9,359.6,0.013966790214595223,4.022457761168442
3720260329010006,伊東競輪,6R,17:46,3-4,3,4,116.6,0.04298894793575412,4.01251132930893
3520260329010001,平塚競輪,1R,20:50,4-6,4,6,149.6,0.03348796473417501,4.009799524232581
4520260328020010,豊橋競輪,10R,15:12,4-6,4,6,958.6,0.005225456641702829,4.009122736736332
6220260329010005,広島競輪,5R,10:10,3-7,3,7,90.3,0.05493764126379866,3.960869006121019
4520260328020012,豊橋競輪,12R,16:20,1-6,1,6,206.4,0.023940871477961388,3.9413958730512304
3520260329010002,平塚競輪,2R,21:10,2-6,2,6,111.7,0.04411829652347921,3.9280137216726283
3720260329010007,伊東競輪,7R,18:10,3-6,3,6,208.7,0.023595607984703077,3.9244033864075316
3520260329010008,平塚競輪,8R,23:10,3-5,3,5,102.0,0.048165835852731084,3.912915256978571
3720260329010004,伊東競輪,4R,16:58,4-6,4,6,120.7,0.04059188170191464,3.8994401214210974
3720260329010001,伊東競輪,1R,15:54,5-6,5,6,186.7,0.02618415941500367,3.8885825627811847
6220260329010006,広島競輪,6R,10:30,3-5,3,5,134.0,0.03641040881934035,3.878994781791607
4520260328020006,豊橋競輪,6R,13:22,3-4,3,4,186.6,0.026139069360772944,3.877550342720231
6220260329010001,広島競輪,1R,08:50,2-7,2,7,173.0,0.028113674487169456,3.8636656862803163
2820260328020006,立川競輪,6R,13:09,2-7,2,7,249.8,0.01938738629384447,3.8429690962023484
3520260329010001,平塚競輪,1R,20:50,6-7,6,7,299.2,0.016145450645853456,3.830718833239354
6220260329010004,広島競輪,4R,09:50,3-7,3,7,58.4,0.08259370653326407,3.8234724615426217
3520260329010008,平塚競輪,8R,23:10,3-4,3,4,204.0,0.023607856853587246,3.816002798131798
6220260329010006,広島競輪,6R,10:30,4-6,4,6,242.9,0.01974547771198918,3.7961765362421724
4520260328020004,豊橋競輪,4R,12:30,6-8,6,8,424.2,0.011301996322662006,3.794306840073223
4520260328020006,豊橋競輪,6R,13:22,6-8,6,8,534.5,0.00895195618024919,3.784820578343192
8720260329010001,熊本競輪,1R,20:40,1-5,1,5,44.9,0.10603034391317005,3.760762441701335
8720260329010004,熊本競輪,4R,21:40,2-3,2,3,115.5,0.04121760732191393,3.760633645681059
8320260327030004,久留米競輪,4R,17:10,6-7,6,7,242.1,0.019625989764712,3.751452122036775
8320260327030003,久留米競輪,3R,16:46,1-6,1,6,155.9,0.03043235623081479,3.744404336384026
8720260329010004,熊本競輪,4R,21:40,2-4,2,4,115.5,0.04102394755575708,3.7382659426899423
4520260328020002,豊橋競輪,2R,11:40,5-7,5,7,97.1,0.04838922182569932,3.6985934392754034
8320260327030010,久留米競輪,10R,19:38,3-4,3,4,107.2,0.04372186561662588,3.6869839941022944
3120260327030002,松戸競輪,2R,09:20,4-5,4,5,169.0,0.027591600968152157,3.6629805636177144
8720260329010001,熊本競輪,1R,20:40,3-6,3,6,123.5,0.03773472914448137,3.660239049343449
6220260329010004,広島競輪,4R,09:50,2-3,2,3,116.9,0.0398421866177437,3.6575516156142385
6220260329010002,広島競輪,2R,09:10,4-5,4,5,96.5,0.04807923060987611,3.6396457538530447
3120260327030004,松戸競輪,4R,10:00,4-7,4,7,84.5,0.05478982243209175,3.629739995511753
3120260327030005,松戸競輪,5R,10:20,1-7,1,7,77.8,0.05928457417705968,3.6123398709752426
6220260329010003,広島競輪,3R,09:30,5-6,5,6,305.4,0.015098008200872056,3.610931704546326
3720260329010001,伊東競輪,1R,15:54,2-6,2,6,101.8,0.0452048908705558,3.60185789062258
2820260328020011,立川競輪,11R,15:28,1-3,1,3,118.5,0.03880794480499142,3.5987414593914826
3720260329010007,伊東競輪,7R,18:10,2-6,2,6,125.2,0.03648855693110162,3.568367327773923
3720260329010002,伊東競輪,2R,16:14,3-4,3,4,117.7,0.03880857385069255,3.5677691422265134
4520260328020010,豊橋競輪,10R,15:12,4-9,4,9,432.9,0.010411046417549374,3.506941994157124
6220260329010005,広島競輪,5R,10:10,2-3,2,3,369.5,0.01215242457237176,3.4903208794913656
8320260327030010,久留米競輪,10R,19:38,3-5,3,5,84.2,0.052870775255303405,3.451719276496547
4520260328020012,豊橋競輪,12R,16:20,5-6,5,6,433.0,0.0102807441150285,3.4515622018073406
4520260328020012,豊橋競輪,12R,16:20,4-7,4,7,144.3,0.030796678755047727,3.4439607443533875
3520260329010007,平塚競輪,7R,22:50,1-4,1,4,84.7,0.05223359925321085,3.424185856746959
2820260328020011,立川競輪,11R,15:28,1-6,1,6,149.3,0.029452307866610704,3.397229564484978
4520260328020010,豊橋競輪,10R,15:12,5-6,5,6,559.2,0.007844587368807747,3.386693256637292
3120260327030005,松戸競輪,5R,10:20,2-6,2,6,254.1,0.017159696628554485,3.3602789133156943
3120260327030005,松戸競輪,5R,10:20,1-6,1,6,185.7,0.023441069189839108,3.3530065485531217
8720260329010008,熊本競輪,8R,23:00,1-4,1,4,41.2,0.10546923435998629,3.3453324556314357
8320260327030004,久留米競輪,4R,17:10,4-6,4,6,111.3,0.03880372926267701,3.318855066935951
2820260328020011,立川競輪,11R,15:28,3-7,3,7,126.5,0.03413642248894026,3.3182574448509436
4520260328020012,豊橋競輪,12R,16:20,4-5,4,5,328.7,0.013130172984685228,3.3158878600660344
3720260329010005,伊東競輪,5R,17:22,1-6,1,6,96.3,0.044791782595023234,3.3134486639007372
8720260329010008,熊本競輪,8R,23:00,2-3,2,3,82.5,0.05216624340066553,3.3037150805549063
4520260328020004,豊橋競輪,4R,12:30,1-4,1,4,173.1,0.024861949310746857,3.303603425690281
6220260329010007,広島競輪,7R,10:50,2-7,2,7,219.2,0.01962437185028283,3.301662309581996
2820260328020005,立川競輪,5R,12:43,4-6,4,6,100.1,0.04247741557830033,3.251989299387863
3720260329010003,伊東競輪,3R,16:35,2-6,2,6,99.7,0.04261407804608394,3.248623581194569
8720260329010008,熊本競輪,8R,23:00,4-7,4,7,247.5,0.01714712962302461,3.2439145816985917
3720260329010003,伊東競輪,3R,16:35,6-7,6,7,81.3,0.05192660351961102,3.2216328661443763
4520260328020011,豊橋競輪,11R,15:44,4-8,4,8,504.8,0.008354608256604773,3.2174062479340897
3720260329010008,伊東競輪,8R,18:34,3-6,3,6,86.7,0.0486362810675795,3.2167655685591425
8320260327030004,久留米競輪,4R,17:10,4-7,4,7,84.3,0.04975597487964118,3.1944286823537515
2820260328020009,立川競輪,9R,14:30,4-6,4,6,107.5,0.039013744861188276,3.1939775725777393
6220260329010002,広島競輪,2R,09:10,5-7,5,7,52.7,0.0794232478956384,3.185605164100144
2820260328020005,立川競輪,5R,12:43,2-5,2,5,212.7,0.019579300966681742,3.1645173156132067
2820260328020002,立川競輪,2R,11:28,3-7,3,7,74.3,0.05597404146335809,3.1588712807275057
6220260329010002,広島競輪,2R,09:10,5-6,5,6,222.3,0.018660422328067007,3.148211883529296
3120260327030005,松戸競輪,5R,10:20,4-6,4,6,402.3,0.010304221728999485,3.1453884015764926
6220260329010002,広島競輪,2R,09:10,3-7,3,7,170.5,0.024294327236038582,3.1421827937445785
3120260327030004,松戸競輪,4R,10:00,6-7,6,7,102.7,0.04031427385471332,3.1402759248790577
3120260327030004,松戸競輪,4R,10:00,3-4,3,4,56.7,0.07298480999726316,3.138238726844821
2820260328020006,立川競輪,6R,13:09,2-4,2,4,88.8,0.046496106574682436,3.1288542638318004
2820260328020005,立川競輪,5R,12:43,2-3,2,3,98.1,0.04202290888809705,3.1224473619223208
3720260329010007,伊東競輪,7R,18:10,2-4,2,4,125.2,0.03279718395826426,3.1062074315746857
4520260328020009,豊橋競輪,9R,14:44,4-9,4,9,109.0,0.03764248639711377,3.1030310172854003
2820260328020007,立川競輪,7R,13:35,2-4,2,4,157.1,0.02598138158033265,3.0816750462702593
2820260328020003,立川競輪,3R,11:52,4-6,4,6,67.0,0.060734058948463225,3.069181949547036
4520260328020011,豊橋競輪,11R,15:44,4-9,4,9,77.2,0.05267353725104488,3.0663970757806647
6220260329010003,広島競輪,3R,09:30,3-4,3,4,147.7,0.027523007091205916,3.0651481473711133
3520260329010008,平塚競輪,8R,23:10,2-3,2,3,68.0,0.059604135791400926,3.053081233815263
6220260329010006,広島競輪,6R,10:30,4-7,4,7,431.8,0.00936591973608725,3.0442041420424752
2820260328020008,立川競輪,8R,14:02,6-7,6,7,82.3,0.04893869177499692,3.0276543330822463
6220260329010007,広島競輪,7R,10:50,1-5,1,5,84.3,0.04770428607608858,3.0214713162142672
4520260328020011,豊橋競輪,11R,15:44,4-5,4,5,187.5,0.021288620879198618,2.991616414849741
3520260329010009,平塚競輪,9R,23:30,2-6,2,6,129.7,0.03076137196559768,2.989749943938019
3720260329010011,伊東競輪,11R,19:51,1-6,1,6,75.0,0.053169038848053525,2.9876779136040144
3120260327030005,松戸競輪,5R,10:20,6-7,6,7,134.1,0.029717589512167797,2.9851287535817015
3720260329010001,伊東競輪,1R,15:54,1-6,1,6,152.7,0.02604666464584002,2.9773256914197708
3520260329010008,平塚競輪,8R,23:10,2-7,2,7,102.0,0.03881186478153273,2.9588102077163385
2820260328020007,立川競輪,7R,13:35,3-6,3,6,68.7,0.05755879885885151,2.954289481603099
4520260328020005,豊橋競輪,5R,12:56,3-8,3,8,272.0,0.014506104192420991,2.9456603403385095
4520260328020006,豊橋競輪,6R,13:22,4-5,4,5,180.9,0.02173275187432698,2.931454814065751
4520260328020004,豊橋競輪,4R,12:30,1-8,1,8,176.7,0.02219371855877797,2.921630069336067
2820260328020005,立川競輪,5R,12:43,2-6,2,6,91.1,0.0427164044123383,2.891464441964019
4520260328020005,豊橋競輪,5R,12:56,2-8,2,8,265.0,0.014678469018824433,2.8897942899884748
2820260328020005,立川競輪,5R,12:43,1-6,1,6,76.2,0.051035962333785406,2.888940329834448
4520260328020009,豊橋競輪,9R,14:44,4-6,4,6,369.6,0.010517185863093435,2.887151894999334
3520260329010001,平塚競輪,1R,20:50,3-5,3,5,74.8,0.05183559810465434,2.877302738228144
3520260329010008,平塚競輪,8R,23:10,2-5,2,5,51.0,0.07598163195691995,2.8750632298029175
4520260328020003,豊橋競輪,3R,12:04,3-5,3,5,87.3,0.044316682643222687,2.8688463947533402
2820260328020002,立川競輪,2R,11:28,5-6,5,6,200.1,0.019233733282490225,2.848670029826294
2820260328020005,立川競輪,5R,12:43,3-5,3,5,204.2,0.018832460268305866,2.845588386788058
4520260328020007,豊橋競輪,7R,13:48,2-8,2,8,371.7,0.010328611298674335,2.83914481971725
4520260328020011,豊橋競輪,11R,15:44,6-9,6,9,238.6,0.016033140294699214,2.8255072743152323
3720260329010003,伊東競輪,3R,16:35,1-6,1,6,162.7,0.023368349468597227,2.8020304585407687
4520260328020003,豊橋競輪,3R,12:04,6-7,6,7,273.8,0.013871262463990909,2.797951662640711
4520260328020004,豊橋競輪,4R,12:30,3-6,3,6,339.3,0.01118118338726842,2.793775523300175
8720260329010004,熊本競輪,4R,21:40,2-7,2,7,115.5,0.03271573482695929,2.778667372513798
2820260328020002,立川競輪,2R,11:28,1-4,1,4,102.0,0.03692692834567338,2.7665466912586845
2820260328020009,立川競輪,9R,14:30,1-6,1,6,45.1,0.08264773388465849,2.727412798198098
3720260329010003,伊東競輪,3R,16:35,3-6,3,6,99.7,0.03731177179609403,2.719983648070575
3120260327030006,松戸競輪,6R,10:40,4-6,4,6,83.2,0.04456205740743743,2.7075631762987946
8320260327030010,久留米競輪,10R,19:38,5-7,5,7,147.4,0.02514848841795511,2.7068871928065836
6220260329010006,広島競輪,6R,10:30,1-5,1,5,74.7,0.04959152635424737,2.7044870186622787
3720260329010004,伊東競輪,4R,16:58,1-4,1,4,131.7,0.028110483708584166,2.7021507044205344
2820260328020005,立川競輪,5R,12:43,5-6,5,6,212.7,0.017344904655432477,2.6892612202104877
4520260328020006,豊橋競輪,6R,13:22,1-8,1,8,255.6,0.014422847193342858,2.6864797426184346
2820260328020004,立川競輪,4R,12:17,3-7,3,7,177.4,0.020676789526727843,2.6680624620415196
3120260327030006,松戸競輪,6R,10:40,1-4,1,4,98.2,0.03731249462450214,2.66408697212611
4520260328020002,豊橋競輪,2R,11:40,4-7,4,7,50.2,0.07277432415252201,2.6532710724566053
4520260328020003,豊橋競輪,3R,12:04,2-3,2,3,167.6,0.021784570396634766,2.6510939984759867
6220260329010001,広島競輪,1R,08:50,1-2,1,2,82.9,0.043998831797724035,2.647503156031323
6220260329010003,広島競輪,3R,09:30,2-7,2,7,120.5,0.029945991698471754,2.6084919996658464
3120260327030007,松戸競輪,7R,11:00,6-7,6,7,73.0,0.04919881953317971,2.591513825922119
6220260329010001,広島競輪,1R,08:50,2-6,2,6,69.2,0.05178296016669806,2.583380843535506
3720260329010003,伊東競輪,3R,16:35,5-6,5,6,99.7,0.035875773556193535,2.5768146235524956
4520260328020010,豊橋競輪,10R,15:12,6-8,6,8,958.6,0.0037119422858576286,2.5582678752231227
3720260329010001,伊東競輪,1R,15:54,3-4,3,4,90.8,0.03912548671624379,2.5525941938349357
4520260328020004,豊橋競輪,4R,12:30,4-6,4,6,282.8,0.0125564128601863,2.550953556860686
4520260328020010,豊橋競輪,10R,15:12,6-7,6,7,118.7,0.02978988971902796,2.536059909648619
4520260328020009,豊橋競輪,9R,14:44,3-6,3,6,511.8,0.00689855250934838,2.5306791742845007
4520260328020004,豊橋競輪,4R,12:30,4-9,4,9,97.5,0.03613826948664479,2.523481274947867
4520260328020003,豊橋競輪,3R,12:04,1-3,1,3,105.3,0.033235945504812944,2.499745061656803
2820260328020006,立川競輪,6R,13:09,5-6,5,6,97.5,0.0358598052644003,2.4963310132790295
8320260327030001,久留米競輪,1R,16:06,1-6,1,6,186.8,0.018713584444368464,2.4956975742080294
6220260329010003,広島競輪,3R,09:30,1-6,1,6,157.9,0.02213298234084327,2.4947979116191523
8320260327030007,久留米競輪,7R,18:22,2-6,2,6,92.7,0.037683344654460924,2.4932460494685276
4520260328020004,豊橋競輪,4R,12:30,6-7,6,7,206.9,0.016849585285215418,2.48617919551107
2820260328020006,立川競輪,6R,13:09,1-7,1,7,64.4,0.05411949814253063,2.485295680378973
8320260327030004,久留米競輪,4R,17:10,2-6,2,6,123.7,0.02817370606437934,2.485087440163724
4520260328020007,豊橋競輪,7R,13:48,6-8,6,8,449.1,0.00774194981378004,2.476909661368616
3720260329010006,伊東競輪,6R,17:46,4-5,4,5,71.7,0.04845532146535945,2.4742465490662724
3520260329010001,平塚競輪,1R,20:50,4-5,4,5,74.8,0.046410651220967776,2.4715167113283893
4520260328020011,豊橋競輪,11R,15:44,1-6,1,6,312.5,0.011106359219425831,2.4707372560705725
4520260328020002,豊橋競輪,2R,11:40,3-5,3,5,97.1,0.035732936739464316,2.4696681574019848
4520260328020003,豊橋競輪,3R,12:04,4-6,4,6,315.9,0.01095742500724743,2.461450559789463
4520260328020010,豊橋競輪,10R,15:12,4-5,4,5,335.5,0.010315389958549324,2.4608133310932985
6220260329010003,広島競輪,3R,09:30,1-4,1,4,35.7,0.09662699290736775,2.449583646793029
8720260329010009,熊本競輪,9R,23:20,1-6,1,6,74.2,0.046486755505724085,2.449317258524727
2820260328020009,立川競輪,9R,14:30,4-5,4,5,100.2,0.03434543819517047,2.441412907156081
6220260329010004,広島競輪,4R,09:50,2-5,2,5,67.8,0.05075526869417889,2.4412072174653283
3720260329010004,伊東競輪,4R,16:58,1-5,1,5,175.6,0.019577542877577382,2.437816529302588
4520260328020006,豊橋競輪,6R,13:22,4-8,4,8,511.2,0.006685850508447076,2.4178067799181453
3720260329010006,伊東競輪,6R,17:46,2-4,2,4,116.6,0.02930537171611852,2.4170063420994192
3720260329010010,伊東競輪,10R,19:25,3-6,3,6,134.7,0.02536144327456931,2.4161864090844856
6220260329010002,広島競輪,2R,09:10,1-6,1,6,204.6,0.01666872291769842,2.4104207089610967
4520260328020007,豊橋競輪,7R,13:48,4-7,4,7,141.8,0.023949643572979355,2.3960594586484727
6220260329010006,広島競輪,6R,10:30,1-7,1,7,121.4,0.02794226400777123,2.3921908505434275
2820260328020008,立川競輪,8R,14:02,2-6,2,6,132.1,0.025660237898431554,2.3897174263828083
4520260328020007,豊橋競輪,7R,13:48,1-6,1,6,128.3,0.02641660677462004,2.3892506491837513
4520260328020006,豊橋競輪,6R,13:22,2-4,2,4,87.1,0.038855041751628745,2.3842741365668636
8320260327030001,久留米競輪,1R,16:06,5-6,5,6,145.3,0.023277379928301235,2.3822033035821697
2820260328020010,立川競輪,10R,14:58,2-5,2,5,50.7,0.06668794164962165,2.381078641635818
3120260327030006,松戸競輪,6R,10:40,1-3,1,3,67.2,0.050222339372248,2.3749412058150656
3720260329010001,伊東競輪,1R,15:54,4-6,4,6,160.0,0.021092383674453624,2.37478138791258
6220260329010001,広島競輪,1R,08:50,1-3,1,3,58.1,0.058032103092959295,2.371665189700935
8320260327030003,久留米競輪,3R,16:46,2-4,2,4,95.5,0.035289301529165054,2.3701282960352628
6220260329010002,広島競輪,2R,09:10,3-4,3,4,284.1,0.011856371237108447,2.36839506846251
2820260328020008,立川競輪,8R,14:02,1-2,1,2,77.2,0.043624114306919426,2.36778162449418
6220260329010002,広島競輪,2R,09:10,2-4,2,4,79.9,0.04201167906017639,2.356733156908094
8320260327030002,久留米競輪,2R,16:26,4-5,4,5,79.4,0.04225671832723648,2.355183435182577
4520260328020006,豊橋競輪,6R,13:22,6-9,6,9,309.4,0.010841442941683557,2.3543424461568923
3120260327030005,松戸競輪,5R,10:20,5-6,5,6,91.1,0.03677758493697142,2.350437987758096
8320260327030002,久留米競輪,2R,16:26,1-4,1,4,67.2,0.04980233603597385,2.346716981617443
8720260329010003,熊本競輪,3R,21:20,2-7,2,7,319.5,0.010435805033161494,2.3342397080950974
4520260328020006,豊橋競輪,6R,13:22,3-8,3,8,239.9,0.013855222404246522,2.3238678547787406
6220260329010007,広島競輪,7R,10:50,1-7,1,7,117.4,0.02830256743128504,2.322721416432864
8320260327030011,久留米競輪,11R,20:04,6-7,6,7,74.6,0.044430740348335176,2.314533229985804
3720260329010004,伊東競輪,4R,16:58,1-2,1,2,53.6,0.06174967703564042,2.3097826891103264
3720260329010003,伊東競輪,3R,16:35,4-6,4,6,99.7,0.033139073664121214,2.303965644312885
3120260327030005,松戸競輪,5R,10:20,2-4,2,4,134.1,0.0245869196923301,2.2971059307414663
4520260328020002,豊橋競輪,2R,11:40,4-5,4,5,108.5,0.030381168379172308,2.2963567691401954
4520260328020012,豊橋競輪,12R,16:20,3-8,3,8,348.1,0.009462744071379287,2.29398121124713
4520260328020011,豊橋競輪,11R,15:44,5-6,5,6,525.0,0.006272377658336855,2.292998270626849
3520260329010007,平塚競輪,7R,22:50,3-6,3,6,84.7,0.03887561158003216,2.2927643008287237
2820260328020003,立川競輪,3R,11:52,1-3,1,3,120.9,0.027223713113875406,2.2913469154675368
2820260328020011,立川競輪,11R,15:28,2-3,2,3,47.2,0.06946139432715001,2.2785778122414806
6220260329010005,広島競輪,5R,10:10,3-4,3,4,46.7,0.07000198997824153,2.2690929319838795
8320260327030003,久留米競輪,3R,16:46,2-6,2,6,237.0,0.01375683040656891,2.2603688063568317
4520260328020009,豊橋競輪,9R,14:44,2-4,2,4,101.5,0.0320919606302023,2.257334003965534
2820260328020003,立川競輪,3R,11:52,2-5,2,5,47.1,0.06913790691924132,2.2563954158962662
2820260328020007,立川競輪,7R,13:35,1-4,1,4,72.1,0.04511465181732893,2.2527663960294158
8720260329010001,熊本競輪,1R,20:40,2-6,2,6,98.8,0.03286267643471212,2.2468324317495574
3120260327030006,松戸競輪,6R,10:40,1-2,1,2,35.4,0.09163515427908786,2.24388446147971
2820260328020008,立川競輪,8R,14:02,3-6,3,6,62.7,0.05145844945562465,2.226444780867666
8320260327030003,久留米競輪,3R,16:46,1-2,1,2,179.5,0.017895874282663315,2.2123094337380653
4520260328020012,豊橋競輪,12R,16:20,4-8,4,8,281.7,0.011368036689649856,2.202375935474364
4520260328020009,豊橋競輪,9R,14:44,4-8,4,8,277.2,0.011536151970011933,2.1978213260873076
2820260328020004,立川競輪,4R,12:17,4-5,4,5,55.3,0.05782469880330509,2.1977058438227712
4520260328020004,豊橋競輪,4R,12:30,2-6,2,6,292.5,0.010931530920636728,2.197472794286243
3720260329010007,伊東競輪,7R,18:10,1-3,1,3,89.4,0.03575725885663272,2.196698941782966
6220260329010005,広島競輪,5R,10:10,6-7,6,7,290.3,0.0109276909612499,2.172308686050846
2820260328020005,立川競輪,5R,12:43,5-7,5,7,75.0,0.042293704568112205,2.1720278426084154
8320260327030009,久留米競輪,9R,19:12,6-7,6,7,142.8,0.022196675778758453,2.1696853012067074
3520260329010009,平塚競輪,9R,23:30,4-6,4,6,129.7,0.024367326106966083,2.1604421960735007
3120260327030002,松戸競輪,2R,09:20,5-6,5,6,70.6,0.044726950040948864,2.1577226728909897
3720260329010007,伊東競輪,7R,18:10,2-3,2,3,78.2,0.04037577927329844,2.157385939171938
4520260328020009,豊橋競輪,9R,14:44,3-4,3,4,146.2,0.021526134867119788,2.147120917572913
2820260328020011,立川競輪,11R,15:28,3-4,3,4,152.3,0.020653932267556296,2.1455938843488243
4520260328020010,豊橋競輪,10R,15:12,4-8,4,8,671.0,0.00467988289289709,2.1402014211339475
2820260328020008,立川競輪,8R,14:02,1-6,1,6,69.7,0.04500512599156609,2.1368572816121567
3720260329010001,伊東競輪,1R,15:54,4-5,4,5,81.9,0.03829495519549604,2.1363568305111262
8320260327030010,久留米競輪,10R,19:38,3-6,3,6,43.6,0.07178992190406361,2.1300405950171735
8320260327030012,久留米競輪,12R,20:30,2-5,2,5,43.2,0.07239885715337968,2.1276306290260023
8720260329010003,熊本競輪,3R,21:20,4-7,4,7,319.5,0.009779480391061402,2.124543984944118
4520260328020009,豊橋競輪,9R,14:44,5-6,5,6,511.8,0.006104859950935574,2.124467322888827
4520260328020001,豊橋競輪,1R,11:16,7-8,7,8,52.2,0.05985539569010365,2.1244516550234107
4520260328020004,豊橋競輪,4R,12:30,3-4,3,4,229.2,0.013550975984581716,2.105883695666129
2820260328020005,立川競輪,5R,12:43,1-3,1,3,62.2,0.049867222791119006,2.1017412576076024
4520260328020006,豊橋競輪,6R,13:22,4-9,4,9,221.8,0.013982626790776295,2.1013466221941823
4520260328020011,豊橋競輪,11R,15:44,6-7,6,7,320.1,0.009670795352677317,2.0956215923920096
4520260328020005,豊橋競輪,5R,12:56,2-3,2,3,93.9,0.032946102411105176,2.093639016402776
4520260328020007,豊橋競輪,7R,13:48,4-6,4,6,207.3,0.014919985128179134,2.092912917071535
6220260329010002,広島競輪,2R,09:10,4-6,4,6,568.3,0.005441096577616888,2.092175185059677
3720260329010012,伊東競輪,12R,20:17,1-2,1,2,52.0,0.0594599893110826,2.091919444176295
3520260329010007,平塚競輪,7R,22:50,1-6,1,6,42.3,0.07302915721877316,2.0891333503541047
4520260328020007,豊橋競輪,7R,13:48,6-9,6,9,176.7,0.017470049050584392,2.086957667238262
4520260328020012,豊橋競輪,12R,16:20,3-5,3,5,300.9,0.010218686252069103,2.0748026932475927
4520260328020003,豊橋競輪,3R,12:04,1-6,1,6,132.4,0.023208881144897674,2.072855863584452
4520260328020003,豊橋競輪,3R,12:04,4-8,4,8,164.2,0.018697651652646204,2.0701544013645066
2820260328020009,立川競輪,9R,14:30,3-5,3,5,83.3,0.036827794449897075,2.0677552776764263
3120260327030006,松戸競輪,6R,10:40,1-5,1,5,72.2,0.0423155221833497,2.0551807016378483
8320260327030007,久留米競輪,7R,18:22,1-6,1,6,69.5,0.04388606476645654,2.0500815012687297
2820260328020005,立川競輪,5R,12:43,4-5,4,5,154.7,0.01970134915366503,2.0477987140719796
2820260328020002,立川競輪,2R,11:28,4-6,4,6,289.0,0.010534628515139925,2.0445076408754383
3720260329010006,伊東競輪,6R,17:46,1-4,1,4,44.4,0.06825729758405925,2.030624012732231
3720260329010002,伊東競輪,2R,16:14,2-5,2,5,100.0,0.03027154331266757,2.027154331266757
3720260329010002,伊東競輪,2R,16:14,2-6,2,6,200.1,0.015113700648118742,2.0242514996885603
8320260327030003,久留米競輪,3R,16:46,2-3,2,3,137.8,0.02194330814459812,2.023787862325621
8320260327030003,久留米競輪,3R,16:46,4-6,4,6,54.3,0.05556363713361814,2.017105496355465
3120260327030005,松戸競輪,5R,10:20,4-5,4,5,62.7,0.04808613015358888,2.015000360630023
4520260328020005,豊橋競輪,5R,12:56,8-9,8,9,161.5,0.018661158948185586,2.013777170131972
3120260327030005,松戸競輪,5R,10:20,3-4,3,4,67.0,0.04480546343016176,2.0019660498208376
4520260328020010,豊橋競輪,10R,15:12,6-9,6,9,394.7,0.007602859997128844,2.0008488408667544
4520260328020002,豊橋競輪,2R,11:40,3-6,3,6,182.1,0.016458384927143094,1.9970718952327573
3720260329010004,伊東競輪,4R,16:58,1-3,1,3,231.8,0.01291791798135563,1.9943733880782353
6220260329010003,広島競輪,3R,09:30,4-6,4,6,352.3,0.008481480999069684,1.9880257559722496
6220260329010002,広島競輪,2R,09:10,1-3,1,3,55.0,0.05422519702987576,1.9823858366431666
4520260328020010,豊橋競輪,10R,15:12,2-6,2,6,117.7,0.02527827745298903,1.975253256216809
3120260327030002,松戸競輪,2R,09:20,3-5,3,5,32.1,0.09255581443580044,1.971041643389194
2820260328020009,立川競輪,9R,14:30,6-7,6,7,87.0,0.03411045374297718,1.9676094756390143
8720260329010004,熊本競輪,4R,21:40,4-7,4,7,115.5,0.025682644464623015,1.9663454356639583
8320260327030010,久留米競輪,10R,19:38,2-6,2,6,58.9,0.05033101718941449,1.9644969124565135
2820260328020011,立川競輪,11R,15:28,6-7,6,7,118.5,0.025004628688720044,1.963048499613325
8320260327030004,久留米競輪,4R,17:10,1-4,1,4,60.5,0.0488071604557919,1.9528332075754098
2820260328020011,立川競輪,11R,15:28,2-6,2,6,50.4,0.0584957994189639,1.9481882907157804
3520260329010007,平塚競輪,7R,22:50,3-7,3,7,84.7,0.03472583482202343,1.9412782094253846
3520260329010009,平塚競輪,9R,23:30,3-6,3,6,129.7,0.02264324109157008,1.9368283695766388
2820260328020004,立川競輪,4R,12:17,4-7,4,7,147.0,0.019953351157744777,1.933142620188482
3720260329010005,伊東競輪,5R,17:22,3-6,3,6,144.5,0.020298336397771913,1.9331096094780413
4520260328020006,豊橋競輪,6R,13:22,7-8,7,8,161.0,0.01819463799481126,1.9293367171646132
3120260327030001,松戸競輪,1R,09:00,1-4,1,4,57.0,0.05133999295265739,1.9263795983014713
3720260329010010,伊東競輪,10R,19:25,6-7,6,7,134.7,0.02170416437053456,1.9235509407110047
3720260329010002,伊東競輪,2R,16:14,2-3,2,3,87.0,0.03342496336659613,1.9079718128938632
4520260328020011,豊橋競輪,11R,15:44,1-2,1,2,108.4,0.026761013490295308,1.9008938623480116
3120260327030004,松戸競輪,4R,10:00,2-4,2,4,52.0,0.05574000437611783,1.8984802275581272
3120260327030004,松戸競輪,4R,10:00,1-6,1,6,271.6,0.010655904451563435,1.8941436490446293
8320260327030002,久留米競輪,2R,16:26,5-6,5,6,50.4,0.05721198470530237,1.8834840291472394
2820260328020010,立川競輪,10R,14:58,4-5,4,5,130.1,0.022137078224840925,1.8800338770518041
3120260327030003,松戸競輪,3R,09:40,5-6,5,6,189.0,0.015223810209989641,1.877300129688042
3720260329010003,伊東競輪,3R,16:35,1-2,1,2,71.9,0.03997267315099042,1.8740351995562117
3120260327030004,松戸競輪,4R,10:00,2-5,2,5,54.3,0.0526588766855617,1.8593770040260003
4520260328020005,豊橋競輪,5R,12:56,3-9,3,9,69.8,0.04093454342116818,1.857231130797539
4520260328020004,豊橋競輪,4R,12:30,6-9,6,9,119.4,0.023856685832835775,1.8484882884405915
4520260328020012,豊橋競輪,12R,16:20,3-7,3,7,105.0,0.02709106425435536,1.844561746707313
8720260329010001,熊本競輪,1R,20:40,3-4,3,4,44.9,0.06317309665946605,1.8364720400100256
3520260329010005,平塚競輪,5R,22:10,1-2,1,2,29.2,0.09712225011382633,1.835969703323729
3120260327030001,松戸競輪,1R,09:00,3-4,3,4,58.7,0.048308837286605184,1.8357287487237244
4520260328020011,豊橋競輪,11R,15:44,2-3,2,3,116.1,0.024410566849621465,1.834066811241052
6220260329010003,広島競輪,3R,09:30,6-7,6,7,254.5,0.011134274572371412,1.8336728786685241
3520260329010001,平塚競輪,1R,20:50,3-6,3,6,74.8,0.03778379397043424,1.8262277889884815
8320260327030005,久留米競輪,5R,17:34,1-7,1,7,48.6,0.058140384998090024,1.8256227109071754
3720260329010009,伊東競輪,9R,18:59,4-6,4,6,45.3,0.0622277966026936,1.8189191861020197
3720260329010009,伊東競輪,9R,18:59,3-6,3,6,63.4,0.04445220643681228,1.8182698880938988
3720260329010007,伊東競輪,7R,18:10,1-7,1,7,44.7,0.06303395453551837,1.8176177677376715
2820260328020005,立川競輪,5R,12:43,6-7,6,7,35.4,0.07917696247451667,1.8028644715978897
4520260328020007,豊橋競輪,7R,13:48,5-7,5,7,125.3,0.02232157521403816,1.796893374318981
3120260327030003,松戸競輪,3R,09:40,1-6,1,6,71.6,0.038967117797364656,1.7900456342913094
4520260328020008,豊橋競輪,8R,14:16,1-4,1,4,162.8,0.01711029737412416,1.7855564125074133
4520260328020005,豊橋競輪,5R,12:56,3-4,3,4,175.2,0.01589342133806502,1.7845274184289912
4520260328020011,豊橋競輪,11R,15:44,2-4,2,4,201.9,0.01378845975923551,1.7838900253896495
2820260328020012,立川競輪,12R,16:02,2-3,2,3,37.2,0.07452857647717773,1.7724630449510115
2820260328020011,立川競輪,11R,15:28,4-6,4,6,191.4,0.014472305809782695,1.769999331992408
4520260328020012,豊橋競輪,12R,16:20,3-9,3,9,113.8,0.02429318450719528,1.7645643969188227
8720260329010009,熊本競輪,9R,23:20,4-7,4,7,74.2,0.037252122997845985,1.764107526440172
6220260329010005,広島競輪,5R,10:10,2-6,2,6,677.5,0.0040649773982457315,1.7540221873114832
2820260328020003,立川競輪,3R,11:52,1-5,1,5,92.7,0.02970719700014354,1.7538571619133063
4520260328020012,豊橋競輪,12R,16:20,5-9,5,9,162.8,0.01689496293322298,1.7504999655287015
8320260327030001,久留米競輪,1R,16:06,4-6,4,6,174.4,0.015754259072527293,1.7475427822487601
8720260329010004,熊本競輪,4R,21:40,3-6,3,6,57.7,0.04754041337043942,1.7430818514743547
4520260328020010,豊橋競輪,10R,15:12,1-3,1,3,58.3,0.04704713325573172,1.742847868809159
8320260327030011,久留米競輪,11R,20:04,2-6,2,6,68.4,0.03997132133756021,1.7340383794891188
4520260328020005,豊橋競輪,5R,12:56,5-8,5,8,161.5,0.016906744751412805,1.730439277353168
3720260329010009,伊東競輪,9R,18:59,1-6,1,6,79.3,0.03426166010583366,1.7169496463926093
4520260328020009,豊橋競輪,9R,14:44,2-5,2,5,124.3,0.02176508625138243,1.7054002210468364
2820260328020002,立川競輪,2R,11:28,2-3,2,3,96.3,0.02801939054041548,1.6982673090420106
4520260328020012,豊橋競輪,12R,16:20,1-3,1,3,87.8,0.03072570786817854,1.697717150826076
8320260327030008,久留米競輪,8R,18:46,5-6,5,6,45.1,0.05964400911363834,1.6899448110250894
8320260327030003,久留米競輪,3R,16:46,2-5,2,5,116.1,0.02311837642562213,1.6840435030147294
4520260328020010,豊橋競輪,10R,15:12,1-5,1,5,103.2,0.025952802376653455,1.6783292052706367
4520260328020002,豊橋競輪,2R,11:40,5-6,5,6,377.8,0.007088994702891805,1.678222198752524
2820260328020006,立川競輪,6R,13:09,2-5,2,5,71.3,0.037512886259018004,1.6746687902679835
4520260328020001,豊橋競輪,1R,11:16,6-7,6,7,99.9,0.02675651579793388,1.672975928213595
3520260329010002,平塚競輪,2R,21:10,3-6,3,6,111.7,0.02392971034764433,1.6729486458318719
6220260329010001,広島競輪,1R,08:50,3-4,3,4,144.7,0.018471649754586456,1.6728477194886597
3720260329010009,伊東競輪,9R,18:59,4-5,4,5,45.3,0.05898700179649872,1.6721111813813918
2820260328020012,立川競輪,12R,16:02,1-3,1,3,55.9,0.04742126741200016,1.650848848330809
2820260328020003,立川競輪,3R,11:52,1-2,1,2,52.4,0.05058027176670209,1.6504062405751894
6220260329010007,広島競輪,7R,10:50,6-7,6,7,193.4,0.013703683711967566,1.6502924298945274
3120260327030007,松戸競輪,7R,11:00,2-4,2,4,54.5,0.04858685132158268,1.6479833970262558
4520260328020007,豊橋競輪,7R,13:48,2-7,2,7,79.2,0.03342576278745643,1.6473204127665495
4520260328020004,豊橋競輪,4R,12:30,5-6,5,6,94.2,0.028097444036277876,1.646779228217376
2820260328020009,立川競輪,9R,14:30,2-6,2,6,74.9,0.03532164691255518,1.6455913537503832
3720260329010007,伊東競輪,7R,18:10,1-2,1,2,52.1,0.050777950979386074,1.6455312460260147
8320260327030012,久留米競輪,12R,20:30,2-4,2,4,35.7,0.07379807885832737,1.6345914152422871
4520260328020002,豊橋競輪,2R,11:40,3-7,3,7,33.4,0.07885524758986952,1.6337652695016418
4520260328020012,豊橋競輪,12R,16:20,8-9,8,9,177.5,0.01482891355474844,1.6321321559678483
4520260328020009,豊橋競輪,9R,14:44,5-9,5,9,96.4,0.027203779262330797,1.6224443208886892
2820260328020003,立川競輪,3R,11:52,6-7,6,7,142.6,0.01837293528652173,1.6199805718579987
2820260328020009,立川競輪,9R,14:30,1-5,1,5,33.6,0.07796426037876633,1.6195991487265489
6220260329010004,広島競輪,4R,09:50,2-7,2,7,30.5,0.08587662998612655,1.6192372145768599
6220260329010001,広島競輪,1R,08:50,5-6,5,6,26.4,0.09919174481581072,1.618662063137403
2820260328020008,立川競輪,8R,14:02,5-6,5,6,78.4,0.033393651858440475,1.6180623057017334
3720260329010011,伊東競輪,11R,19:51,3-6,3,6,33.3,0.07859159865011817,1.6171002350489347
4520260328020011,豊橋競輪,11R,15:44,3-8,3,8,187.5,0.013953272912385708,1.6162386710723204
3120260327030001,松戸競輪,1R,09:00,3-6,3,6,51.1,0.051190276482913355,1.6158231282768725
6220260329010003,広島競輪,3R,09:30,3-7,3,7,65.4,0.03994237850504607,1.612231554230013
3520260329010001,平塚競輪,1R,20:50,5-7,5,7,99.7,0.026075706824258464,1.5997479703785689
4520260328020005,豊橋競輪,5R,12:56,4-5,4,5,139.7,0.01858765059304164,1.596694787847917
3520260329010001,平塚競輪,1R,20:50,5-6,5,6,99.7,0.026044901928139543,1.5966767222355127
2820260328020012,立川競輪,12R,16:02,3-6,3,6,94.6,0.027448122718488403,1.596592409169003
8320260327030001,久留米競輪,1R,16:06,1-7,1,7,37.9,0.06819733794989918,1.584679108301179
4520260328020009,豊橋競輪,9R,14:44,6-8,6,8,665.3,0.0038783358585719905,1.580256846707945
3720260329010003,伊東競輪,3R,16:35,1-3,1,3,73.6,0.03500406757602864,1.5762993735957078
4520260328020004,豊橋競輪,4R,12:30,2-8,2,8,257.0,0.010012441058969267,1.573197352155102
2820260328020001,立川競輪,1R,11:05,6-7,6,7,44.4,0.05789941916049913,1.5707342107261613
8320260327030008,久留米競輪,8R,18:46,6-7,6,7,105.2,0.024426991794359497,1.5697195367666192
3520260329010002,平塚競輪,2R,21:10,3-4,3,4,55.8,0.04597483593983205,1.5653958454426284
4520260328020011,豊橋競輪,11R,15:44,8-9,8,9,110.2,0.023219146482524516,1.558749942374202
6220260329010003,広島競輪,3R,09:30,4-5,4,5,38.8,0.06586764393517094,1.5556645846846324
4520260328020009,豊橋競輪,9R,14:44,2-3,2,3,115.7,0.02207815534894528,1.554442573872969
3720260329010012,伊東競輪,12R,20:17,1-5,1,5,26.0,0.09817366842661504,1.5525153790919912
2820260328020012,立川競輪,12R,16:02,3-7,3,7,65.4,0.03872065129368239,1.5323305946068286
4520260328020010,豊橋競輪,10R,15:12,7-8,7,8,105.6,0.023976527764307136,1.5319213319108336
4520260328020007,豊橋競輪,7R,13:48,4-8,4,8,399.2,0.006337971657545245,1.5301182856920619
4520260328020003,豊橋競輪,3R,12:04,5-6,5,6,82.1,0.03081114437212034,1.5295949529510797
4520260328020012,豊橋競輪,12R,16:20,2-6,2,6,79.9,0.03161026858718577,1.5256604601161432
8320260327030005,久留米競輪,5R,17:34,1-3,1,3,90.4,0.027742860145779494,1.5079545571784663
2820260328020002,立川競輪,2R,11:28,3-6,3,6,306.0,0.008193299001154506,1.5071494943532788
3720260329010001,伊東競輪,1R,15:54,2-4,2,4,42.0,0.05957928441567478,1.502329945458341
4520260328020001,豊橋競輪,1R,11:16,1-8,1,8,44.5,0.05606040857275034,1.49468818148739
4520260328020012,豊橋競輪,12R,16:20,1-8,1,8,132.4,0.018799608185596707,1.489068123773004
3720260329010004,伊東競輪,4R,16:58,4-5,4,5,61.0,0.0404508691524547,1.4675030182997366
4520260328020004,豊橋競輪,4R,12:30,8-9,8,9,75.0,0.03286507491088811,1.464880618316608
8320260327030004,久留米競輪,4R,17:10,1-6,1,6,163.7,0.01499516672833331,1.4547087934281624
4520260328020009,豊橋競輪,9R,14:44,2-8,2,8,207.9,0.011801889620786906,1.4536128521615979
4520260328020004,豊橋競輪,4R,12:30,1-3,1,3,111.6,0.021955153141084392,1.450195090545018
3120260327030004,松戸競輪,4R,10:00,5-7,5,7,48.7,0.05024084960311195,1.4467293756715525
8320260327030002,久留米競輪,2R,16:26,2-4,2,4,90.4,0.027035699769093757,1.4440272591260759
3120260327030005,松戸競輪,5R,10:20,2-7,2,7,48.2,0.050662558157490885,1.4419353031910607
2820260328020004,立川競輪,4R,12:17,1-4,1,4,32.9,0.07420065698128467,1.4412016146842657
8720260329010009,熊本競輪,9R,23:20,2-7,2,7,74.2,0.03289660860792756,1.4409283587082253
2820260328020009,立川競輪,9R,14:30,3-7,3,7,66.4,0.0366904016664124,1.4362426706497837
4520260328020008,豊橋競輪,8R,14:16,3-6,3,6,174.8,0.013897068744763015,1.4292076165845753
3720260329010002,伊東競輪,2R,16:14,4-7,4,7,33.3,0.07289424888620359,1.4273784879105795
4520260328020007,豊橋競輪,7R,13:48,8-9,8,9,195.9,0.012370015258721254,1.4232859891834937
8720260329010001,熊本競輪,1R,20:40,1-3,1,3,23.5,0.1030011011474517,1.4205258769651148
8320260327030005,久留米競輪,5R,17:34,3-4,3,4,70.3,0.03437217315144929,1.4163637725468852
4520260328020002,豊橋競輪,2R,11:40,7-8,7,8,38.3,0.06291314533750139,1.4095734664263033
4520260328020001,豊橋競輪,1R,11:16,6-8,6,8,206.7,0.011615664851948246,1.4009579248977024
8320260327030007,久留米競輪,7R,18:22,5-6,5,6,139.1,0.01726048621511827,1.4009336325229511
4520260328020005,豊橋競輪,5R,12:56,3-7,3,7,86.1,0.027884739465940674,1.4008760680174919
2820260328020010,立川競輪,10R,14:58,5-7,5,7,153.4,0.015612865667939934,1.3950135934619858
3720260329010002,伊東競輪,2R,16:14,2-7,2,7,39.2,0.06105555756490966,1.3933778565444586
4520260328020010,豊橋競輪,10R,15:12,2-3,2,3,38.0,0.06298333732874048,1.3933668184921384
3720260329010001,伊東競輪,1R,15:54,4-7,4,7,45.4,0.05269859606658463,1.392516261422942
2820260328020001,立川競輪,1R,11:05,3-6,3,6,165.1,0.014489420605823897,1.3922033420215252
6220260329010002,広島競輪,2R,09:10,3-5,3,5,38.7,0.061770793013130154,1.3905296896081372
4520260328020004,豊橋競輪,4R,12:30,5-8,5,8,58.9,0.04055733687620933,1.3888271420087293
4520260328020004,豊橋競輪,4R,12:30,4-5,4,5,54.0,0.04414062148362403,1.3835935601156977
2820260328020011,立川競輪,11R,15:28,1-5,1,5,34.5,0.06896415672498096,1.3792634070118432
3720260329010005,伊東競輪,5R,17:22,3-4,3,4,64.2,0.03699250771142748,1.3749189950736445
2820260328020009,立川競輪,9R,14:30,5-7,5,7,84.5,0.02804547644641624,1.3698427597221725
4520260328020008,豊橋競輪,8R,14:16,1-8,1,8,139.8,0.016939452900213994,1.3681355154499166
2820260328020003,立川競輪,3R,11:52,5-7,5,7,80.6,0.029346165173214367,1.3653009129610778
2820260328020005,立川競輪,5R,12:43,3-7,3,7,32.1,0.07361090052477007,1.3629099068451191
2820260328020007,立川競輪,7R,13:35,4-5,4,5,42.3,0.05548197558166439,1.3468875671044036
2820260328020002,立川競輪,2R,11:28,2-4,2,4,60.4,0.03880899257858418,1.3440631517464845
4520260328020002,豊橋競輪,2R,11:40,4-6,4,6,170.0,0.013754173109706074,1.3382094286500323
4520260328020011,豊橋競輪,11R,15:44,2-8,2,8,486.1,0.004792951892417732,1.3298539149042594
4520260328020003,豊橋競輪,3R,12:04,7-8,7,8,98.9,0.023531907486587282,1.3273056504234821
4520260328020008,豊橋競輪,8R,14:16,2-8,2,8,167.4,0.013880793658514374,1.3236448584353062
8320260327030009,久留米競輪,9R,19:12,1-6,1,6,57.1,0.04066997020707774,1.322255298824139
4520260328020001,豊橋競輪,1R,11:16,5-8,5,8,103.3,0.022415917027360396,1.3155642289263287
8720260329010002,熊本競輪,2R,21:00,2-4,2,4,30.7,0.0754171367922542,1.315306099522204
3520260329010004,平塚競輪,4R,21:50,1-6,1,6,31.5,0.07350020895908188,1.315256582211079
6220260329010006,広島競輪,6R,10:30,1-4,1,4,111.0,0.020844637808154494,1.3137547967051488
3120260327030001,松戸競輪,1R,09:00,1-6,1,6,42.4,0.054370654413792165,1.3053157471447876
3720260329010005,伊東競輪,5R,17:22,4-5,4,5,52.5,0.04387830806786483,1.3036111735629037
4520260328020008,豊橋競輪,8R,14:16,1-6,1,6,339.6,0.006776099418328154,1.3011633624642411
3520260329010001,平塚競輪,1R,20:50,3-4,3,4,37.4,0.06139199929111608,1.2960607734877412
4520260328020008,豊橋競輪,8R,14:16,6-9,6,9,143.2,0.01600460228844436,1.2918590477052319
3720260329010012,伊東競輪,12R,20:17,5-6,5,6,39.0,0.05853483104243123,1.2828584106548178
3520260329010008,平塚競輪,8R,23:10,4-6,4,6,204.0,0.011176046120146815,1.2799134085099504
4520260328020009,豊橋競輪,9R,14:44,3-5,3,5,162.2,0.014047709336698126,1.2785384544124359
8320260327030007,久留米競輪,7R,18:22,6-7,6,7,46.3,0.04911425241425128,1.2739898867798343
3720260329010010,伊東競輪,10R,19:25,5-6,5,6,50.5,0.04500109965551056,1.2725555326032834
4520260328020004,豊橋競輪,4R,12:30,3-7,3,7,107.3,0.02115137690998559,1.2695427424414536
8320260327030003,久留米競輪,3R,16:46,1-3,1,3,54.8,0.04117821087810522,1.2565659561201659
2820260328020012,立川競輪,12R,16:02,2-6,2,6,62.7,0.035899373387552135,1.250890711399519
3520260329010001,平塚競輪,1R,20:50,1-7,1,7,49.8,0.04512024732259225,1.2469883166650937
4520260328020005,豊橋競輪,5R,12:56,1-4,1,4,71.3,0.03149388469396025,1.2455139786793659
3120260327030004,松戸競輪,4R,10:00,1-4,1,4,111.8,0.020035416753794978,1.2399595930742784
8320260327030011,久留米競輪,11R,20:04,1-6,1,6,39.1,0.05703290460076418,1.2299865698898795
4520260328020011,豊橋競輪,11R,15:44,2-7,2,7,95.8,0.02326776407475517,1.2290517983615454
4520260328020005,豊橋競輪,5R,12:56,2-5,2,5,61.5,0.0359721956357443,1.2122900315982745
3520260329010008,平塚競輪,8R,23:10,2-4,2,4,51.0,0.04330353279634586,1.2084801726136392
4520260328020008,豊橋競輪,8R,14:16,1-5,1,5,114.3,0.019302451864396133,1.206270248100478
4520260328020010,豊橋競輪,10R,15:12,3-8,3,8,142.7,0.015457591929322187,1.2057983683142757
6220260329010007,広島競輪,7R,10:50,2-4,2,4,67.1,0.032830396810971836,1.20291962601621
8720260329010003,熊本競輪,3R,21:20,1-5,1,5,29.0,0.07584928492037028,1.1996292626907383
2820260328020011,立川競輪,11R,15:28,3-6,3,6,96.9,0.022686823467097467,1.1983531939617444
3120260327030002,松戸競輪,2R,09:20,1-5,1,5,49.2,0.04451995507221955,1.1903817895532018
3720260329010008,伊東競輪,8R,18:34,4-6,4,6,28.9,0.07572990761770353,1.188594330151632
3520260329010007,平塚競輪,7R,22:50,1-5,1,5,42.3,0.051704698574478465,1.187108749700439
8320260327030012,久留米競輪,12R,20:30,4-5,4,5,45.6,0.04787134692439508,1.1829334197524157
4520260328020008,豊橋競輪,8R,14:16,2-5,2,5,139.8,0.01560256493584713,1.181238578031429
6220260329010007,広島競輪,7R,10:50,5-7,5,7,102.7,0.02123560141945967,1.1808962657785083
2820260328020002,立川競輪,2R,11:28,1-5,1,5,23.8,0.09161788820197792,1.1805057392070744
2820260328020012,立川競輪,12R,16:02,1-2,1,2,35.9,0.060694434531963,1.1789301996974717
6220260329010002,広島競輪,2R,09:10,2-7,2,7,31.0,0.07019452415538319,1.176030248816879
6220260329010001,広島競輪,1R,08:50,1-4,1,4,209.4,0.010360370255544813,1.1694615315110841
2820260328020012,立川競輪,12R,16:02,1-4,1,4,86.6,0.02504211124070837,1.1686468334453446
3520260329010009,平塚競輪,9R,23:30,2-5,2,5,43.2,0.0501430269160979,1.1661787627754294
3520260329010007,平塚競輪,7R,22:50,2-3,2,3,28.2,0.0766703098480886,1.1621027377160984
8720260329010004,熊本競輪,4R,21:40,4-5,4,5,115.5,0.01871673142197102,1.1617824792376528
3120260327030005,松戸競輪,5R,10:20,1-2,1,2,50.2,0.04301468895049515,1.1593373853148567
4520260328020007,豊橋競輪,7R,13:48,3-4,3,4,52.5,0.0411014772148001,1.1578275537770053
2820260328020002,立川競輪,2R,11:28,2-5,2,5,27.0,0.07990328110447042,1.1573885898207017
3720260329010004,伊東競輪,4R,16:58,3-6,3,6,103.4,0.020826642004069952,1.1534747832208332
4520260328020012,豊橋競輪,12R,16:20,7-8,7,8,129.5,0.016603557211066877,1.1501606588331605
3720260329010002,伊東競輪,2R,16:14,4-5,4,5,62.5,0.03439280291984727,1.1495501824904544
3120260327030007,松戸競輪,7R,11:00,2-3,2,3,52.1,0.04119254699380137,1.1461316983770513
6220260329010004,広島競輪,4R,09:50,1-5,1,5,85.0,0.025191810382665696,1.141303882526584
4520260328020012,豊橋競輪,12R,16:20,2-4,2,4,43.7,0.04896141215263018,1.1396137110699391
4520260328020005,豊橋競輪,5R,12:56,2-4,2,4,132.5,0.01610372807168532,1.1337439694983047
2820260328020005,立川競輪,5R,12:43,2-4,2,4,48.6,0.043903319025524246,1.1337013046404785
8720260329010004,熊本競輪,4R,21:40,3-5,3,5,115.5,0.01846795100639074,1.1330483412381303
6220260329010002,広島競輪,2R,09:10,6-7,6,7,222.3,0.00958976192340717,1.131804075573414
4520260328020008,豊橋競輪,8R,14:16,4-9,4,9,48.9,0.04344712979111354,1.1245646467854518
4520260328020012,豊橋競輪,12R,16:20,1-5,1,5,95.9,0.022129050864662235,1.1221759779211085
6220260329010007,広島競輪,7R,10:50,3-6,3,6,24.1,0.0878045028054978,1.1160885176124973
4520260328020001,豊橋競輪,1R,11:16,4-8,4,8,64.9,0.0325754381671109,1.1141459370454974
2820260328020004,立川競輪,4R,12:17,2-4,2,4,56.5,0.03741410088015017,1.1138966997284845
3520260329010007,平塚競輪,7R,22:50,2-5,2,5,42.3,0.049961302439958104,1.1133630932102276
4520260328020004,豊橋競輪,4R,12:30,3-8,3,8,184.4,0.011433872221950723,1.1084060377277134
4520260328020005,豊橋競輪,5R,12:56,2-6,2,6,124.5,0.016882552920633637,1.1018778386188877
8320260327030002,久留米競輪,2R,16:26,1-3,1,3,43.7,0.04796906106384201,1.0962479684898958
4520260328020010,豊橋競輪,10R,15:12,1-2,1,2,34.8,0.060105826766858265,1.0916827714866675
6220260329010001,広島競輪,1R,08:50,4-7,4,7,379.0,0.0055041484945789025,1.0860722794454039
4520260328020006,豊橋競輪,6R,13:22,1-3,1,3,52.4,0.03978350945236272,1.0846558953038063
8320260327030006,久留米競輪,6R,17:58,4-6,4,6,23.7,0.08789674676016412,1.0831528982158898
6220260329010004,広島競輪,4R,09:50,2-4,2,4,36.2,0.05748309351774228,1.0808879853422706
2820260328020005,立川競輪,5R,12:43,3-6,3,6,51.0,0.04064599730565033,1.072945862588167
6220260329010003,広島競輪,3R,09:30,3-6,3,6,327.2,0.006325070220302287,1.0695629760829082
2820260328020004,立川競輪,4R,12:17,3-5,3,5,37.2,0.05541559173463885,1.0614600125285656
4520260328020003,豊橋競輪,3R,12:04,3-8,3,8,248.9,0.008279140272741315,1.0606780138853131
6220260329010001,広島競輪,1R,08:50,2-3,2,3,28.7,0.07170156457856253,1.0578349034047445
2820260328020004,立川競輪,4R,12:17,1-3,1,3,29.4,0.06992893030141498,1.0559105508616002
3520260329010002,平塚競輪,2R,21:10,4-6,4,6,55.8,0.03683179347187661,1.0552140757307145
8720260329010009,熊本競輪,9R,23:20,2-4,2,4,37.1,0.055272945017292185,1.0506262601415401
3120260327030003,松戸競輪,3R,09:40,3-4,3,4,23.1,0.08874019482504095,1.049898500458446
4520260328020010,豊橋競輪,10R,15:12,8-9,8,9,327.3,0.006249175426456695,1.0453551170792763
3720260329010007,伊東競輪,7R,18:10,2-7,2,7,28.4,0.07191114256941009,1.0422764489712462
4520260328020011,豊橋競輪,11R,15:44,5-8,5,8,243.0,0.008403408699945792,1.0420283140868274
4520260328020009,豊橋競輪,9R,14:44,2-9,2,9,53.2,0.0382918286218045,1.0371252826799995
6220260329010001,広島競輪,1R,08:50,1-7,1,7,103.3,0.01971790122672414,1.0368591967206036
8320260327030005,久留米競輪,5R,17:34,3-7,3,7,33.3,0.06112207414751279,1.0353650691121756
8320260327030010,久留米競輪,10R,19:38,2-3,2,3,33.7,0.06021608113243078,1.0292819341629174
3120260327030001,松戸競輪,1R,09:00,1-2,1,2,30.0,0.06756203617352137,1.026861085205641
2820260328020010,立川競輪,10R,14:58,1-3,1,3,34.4,0.05885730336493568,1.0246912357537874
8320260327030005,久留米競輪,5R,17:34,1-6,1,6,48.6,0.04165770643621226,1.024564532799916
6220260329010002,広島競輪,2R,09:10,1-4,1,4,47.8,0.04234041280097227,1.0238717318864743
4520260328020007,豊橋競輪,7R,13:48,2-5,2,5,101.6,0.01991691853047592,1.023558922696353
2820260328020006,立川競輪,6R,13:09,3-5,3,5,39.5,0.05122886441361849,1.0235401443379306
6220260329010006,広島競輪,6R,10:30,5-7,5,7,68.1,0.029694567308093833,1.02220003368119
4520260328020009,豊橋競輪,9R,14:44,8-9,8,9,146.2,0.01382581544816521,1.0213342185217535
2820260328020007,立川競輪,7R,13:35,3-7,3,7,32.3,0.06252268546625421,1.0194827405600106
3520260329010005,平塚競輪,5R,22:10,1-7,1,7,29.2,0.06912362517162704,1.0184098550115097
3720260329010001,伊東競輪,1R,15:54,6-7,6,7,50.9,0.03963028692748748,1.0171816046091129
3520260329010002,平塚競輪,2R,21:10,3-5,3,5,55.8,0.036123553276883665,1.0156942728501082
2820260328020012,立川競輪,12R,16:02,2-4,2,4,47.7,0.042244724202500146,1.0150733444592572
4520260328020007,豊橋競輪,7R,13:48,3-5,3,5,52.0,0.03870927989606823,1.012882554595548
3120260327030003,松戸競輪,3R,09:40,5-7,5,7,36.9,0.0543927407494717,1.0070921336555059
2820260328020004,立川競輪,4R,12:17,2-3,2,3,54.7,0.036667579380404304,1.0057165921081155
3720260329010011,伊東競輪,11R,19:51,4-7,4,7,100.0,0.019979999170463753,0.9979999170463754
3520260329010009,平塚競輪,9R,23:30,1-5,1,5,32.4,0.0615840842179044,0.9953243286601026
3120260327030006,松戸競輪,6R,10:40,4-5,4,5,49.1,0.040628139269757696,0.9948416381451028
4520260328020004,豊橋競輪,4R,12:30,7-8,7,8,93.2,0.02138127483584807,0.9927348147010402
6220260329010003,広島競輪,3R,09:30,2-6,2,6,416.4,0.004780648204973123,0.9906619125508083
4520260328020001,豊橋競輪,1R,11:16,2-6,2,6,174.9,0.011351226276624216,0.9853294757815754
8320260327030003,久留米競輪,3R,16:46,3-7,3,7,29.3,0.06768408821264726,0.9831437846305648
4520260328020008,豊橋競輪,8R,14:16,5-6,5,6,371.5,0.005336503192367529,0.9825109359645372
4520260328020011,豊橋競輪,11R,15:44,2-6,2,6,504.8,0.0039250227704954715,0.9813514945461141
6220260329010001,広島競輪,1R,08:50,2-4,2,4,142.1,0.013907874556680834,0.9763089745043465
3520260329010002,平塚競輪,2R,21:10,2-4,2,4,27.9,0.0708166595243028,0.9757848007280481
2820260328020003,立川競輪,3R,11:52,4-5,4,5,24.5,0.0797011643596666,0.9526785268118316
4520260328020005,豊橋競輪,5R,12:56,4-7,4,7,147.6,0.013221164781451054,0.9514439217421755
3520260329010002,平塚競輪,2R,21:10,4-7,4,7,55.8,0.034912107580311436,0.9480956029813781
4520260328020009,豊橋競輪,9R,14:44,1-4,1,4,31.8,0.060932228348611756,0.9376448614858539
4520260328020006,豊橋競輪,6R,13:22,8-9,8,9,261.3,0.007405609043475113,0.9350856430600472
2820260328020003,立川競輪,3R,11:52,2-3,2,3,28.3,0.0682813760574786,0.9323629424266444
8320260327030001,久留米競輪,1R,16:06,2-4,2,4,33.9,0.056884824193027504,0.9283955401436323
4520260328020012,豊橋競輪,12R,16:20,5-8,5,8,311.4,0.006141808047364442,0.9125590259492871
4520260328020005,豊橋競輪,5R,12:56,6-9,6,9,90.6,0.021086614648238758,0.9104472871304314
2820260328020008,立川競輪,8R,14:02,2-3,2,3,38.6,0.04948472394855835,0.9101103444143523
4520260328020004,豊橋競輪,4R,12:30,2-3,2,3,192.8,0.009898106977338533,0.9083550252308694
3520260329010004,平塚競輪,4R,21:50,1-3,1,3,31.5,0.06041694113527368,0.903133645761121
4520260328020001,豊橋競輪,1R,11:16,5-6,5,6,202.1,0.009413679709887022,0.9025046693681671
2820260328020010,立川競輪,10R,14:58,1-7,1,7,33.6,0.05642335523108553,0.8958247357644737
6220260329010001,広島競輪,1R,08:50,4-5,4,5,68.6,0.027593473668448738,0.8929122936555833
3720260329010001,伊東競輪,1R,15:54,3-5,3,5,42.5,0.04446310089387317,0.8896817879896097
4520260328020009,豊橋競輪,9R,14:44,1-3,1,3,43.7,0.04312533276695902,0.8845770419161092
4520260328020008,豊橋競輪,8R,14:16,4-8,4,8,150.4,0.01250351650359606,0.8805288821408475
3520260329010001,平塚競輪,1R,20:50,2-7,2,7,49.8,0.037707269861395505,0.877822039097496
4520260328020003,豊橋競輪,3R,12:04,2-8,2,8,71.4,0.026298941609922723,0.8777444309484825
8320260327030012,久留米競輪,12R,20:30,2-3,2,3,41.0,0.045787027825482884,0.8772681408447982
4520260328020008,豊橋競輪,8R,14:16,6-8,6,8,383.5,0.00488839674942928,0.8747001534061287
8320260327030003,久留米競輪,3R,16:46,3-5,3,5,38.2,0.04882093165461747,0.8649595892063875
4520260328020008,豊橋競輪,8R,14:16,1-3,1,3,39.7,0.04674199008383255,0.8556570063281523
3120260327030001,松戸競輪,1R,09:00,4-6,4,6,18.9,0.09797999184777405,0.8518218459229294
6220260329010006,広島競輪,6R,10:30,2-3,2,3,20.8,0.08898943244634785,0.8509801948840354
4520260328020006,豊橋競輪,6R,13:22,4-6,4,6,109.8,0.016803466856195427,0.8450206608102577
3720260329010011,伊東競輪,11R,19:51,4-6,4,6,60.0,0.03074677408427716,0.8448064450566295
6220260329010003,広島競輪,3R,09:30,2-3,2,3,147.7,0.012483559973151193,0.8438218080344311
3120260327030002,松戸競輪,2R,09:20,2-6,2,6,26.5,0.06955026003410286,0.8430818909037259
2820260328020011,立川競輪,11R,15:28,4-5,4,5,47.8,0.03853961725499866,0.8421937047889358
8320260327030010,久留米競輪,10R,19:38,1-7,1,7,34.6,0.05318618789222118,0.840242101070853
3720260329010008,伊東競輪,8R,18:34,1-4,1,4,37.1,0.04959173263326216,0.8398532806940262
8320260327030005,久留米競輪,5R,17:34,3-6,3,6,42.2,0.043423461600956226,0.8324700795603528
8320260327030004,久留米競輪,4R,17:10,3-7,3,7,76.2,0.02403066376921724,0.8311365792143537
3720260329010008,伊東競輪,8R,18:34,1-2,1,2,130.1,0.01402845187715595,0.8251015892179889
8320260327030010,久留米競輪,10R,19:38,1-4,1,4,36.8,0.04957202513628636,0.824250525015338
3720260329010003,伊東競輪,3R,16:35,3-5,3,5,36.3,0.050148638290230065,0.8203955699353511
4520260328020003,豊橋競輪,3R,12:04,3-4,3,4,122.6,0.014845654385450383,0.8200772276562169
3520260329010008,平塚競輪,8R,23:10,4-7,4,7,204.0,0.008919165083595457,0.8195096770534731
2820260328020002,立川競輪,2R,11:28,3-4,3,4,39.1,0.04648319666568582,0.8174929896283158
8320260327030002,久留米競輪,2R,16:26,2-6,2,6,48.5,0.0373378217421141,0.8108843544925339
3720260329010002,伊東競輪,2R,16:14,5-7,5,7,24.1,0.0751363994370143,0.8107872264320448
6220260329010005,広島競輪,5R,10:10,1-2,1,2,184.7,0.009781560644532061,0.8066542510450716
3720260329010002,伊東競輪,2R,16:14,1-4,1,4,29.0,0.061926634359389304,0.7958723964222898
4520260328020009,豊橋競輪,9R,14:44,1-5,1,5,39.8,0.045004925967715007,0.7911960535150571
8720260329010001,熊本競輪,1R,20:40,1-6,1,6,38.0,0.04699426284461471,0.7857819880953592
4520260328020012,豊橋競輪,12R,16:20,7-9,7,9,43.9,0.04064869223787092,0.7844775892425333
4520260328020005,豊橋競輪,5R,12:56,5-9,5,9,40.2,0.04438939078561021,0.7844535095815306
2820260328020001,立川競輪,1R,11:05,2-4,2,4,38.1,0.046726488920280286,0.7802792278626789
8320260327030006,久留米競輪,6R,17:58,2-6,2,6,26.1,0.06820847592873377,0.7802412217399517
3720260329010003,伊東競輪,3R,16:35,1-4,1,4,57.2,0.031073010203842573,0.7773761836597952
2820260328020008,立川競輪,8R,14:02,1-7,1,7,25.5,0.06969748399035107,0.7772858417539523
6220260329010002,広島競輪,2R,09:10,2-6,2,6,106.5,0.016674072219368927,0.7757886913627907
4520260328020008,豊橋競輪,8R,14:16,3-5,3,5,43.7,0.040509706090081116,0.7702741561365449
3720260329010003,伊東競輪,3R,16:35,2-3,2,3,30.0,0.058802607726723445,0.7640782318017034
4520260328020011,豊橋競輪,11R,15:44,6-8,6,8,729.1,0.0024110666327369005,0.7579086819284742
2820260328020008,立川競輪,8R,14:02,2-5,2,5,54.0,0.03250619122171679,0.7553343259727066
3720260329010006,伊東競輪,6R,17:46,3-5,3,5,29.1,0.060303185808976194,0.7548227070412072
3720260329010004,伊東競輪,4R,16:58,1-7,1,7,45.2,0.0388082452797903,0.7541326866465217
2820260328020006,立川競輪,6R,13:09,3-4,3,4,28.7,0.06106919691237418,0.7526859513851389
8320260327030001,久留米競輪,1R,16:06,2-6,2,6,34.4,0.0508518035639547,0.7493020426000416
4520260328020010,豊橋競輪,10R,15:12,4-7,4,7,41.5,0.042071706638524754,0.7459758254987774
8320260327030002,久留米競輪,2R,16:26,6-7,6,7,72.8,0.023922776091769987,0.741578099480855
4520260328020004,豊橋競輪,4R,12:30,1-7,1,7,51.1,0.03407954538862834,0.7414647693589083
4520260328020008,豊橋競輪,8R,14:16,2-3,2,3,45.0,0.038676678856213724,0.7404505485296176
3720260329010008,伊東競輪,8R,18:34,2-3,2,3,52.0,0.03342841171045111,0.7382774089434578
4520260328020003,豊橋競輪,3R,12:04,1-4,1,4,32.8,0.05291437986459957,0.7355916595588659
3720260329010010,伊東競輪,10R,19:25,2-3,2,3,26.9,0.06400913679833259,0.7218457798751465
4520260328020008,豊橋競輪,8R,14:16,2-6,2,6,312.8,0.005499937271371448,0.7203803784849889
3720260329010009,伊東競輪,9R,18:59,2-7,2,7,45.3,0.037926144202468245,0.7180543323718114
6220260329010002,広島競輪,2R,09:10,1-5,1,5,14.4,0.11928571385111669,0.7177142794560805
8720260329010002,熊本競輪,2R,21:00,3-4,3,4,30.7,0.05554800919964173,0.7053238824290011
3520260329010007,平塚競輪,7R,22:50,1-3,1,3,21.1,0.0808075231578747,0.7050387386311563
2820260328020010,立川競輪,10R,14:58,3-5,3,5,127.3,0.013373309288291205,0.7024222723994704
8320260327030001,久留米競輪,1R,16:06,3-6,3,6,96.8,0.017572618717186576,0.7010294918236604
6220260329010007,広島競輪,7R,10:50,4-7,4,7,84.3,0.020172079030871582,0.7005062623024743
4520260328020007,豊橋競輪,7R,13:48,3-7,3,7,29.4,0.05779278359977095,0.6991078378332658
3520260329010009,平塚競輪,9R,23:30,1-6,1,6,43.2,0.039309613723549325,0.6981753128573309
3520260329010006,平塚競輪,6R,22:30,1-6,1,6,24.0,0.07064565213135543,0.6954956511525303
2820260328020004,立川競輪,4R,12:17,2-6,2,6,53.6,0.03158445882978043,0.692926993276231
4520260328020003,豊橋競輪,3R,12:04,6-8,6,8,264.9,0.006389096278656635,0.6924716042161423
3720260329010001,伊東競輪,1R,15:54,1-2,1,2,26.4,0.06377495082459,0.683658701769176
3520260329010007,平塚競輪,7R,22:50,4-6,4,6,84.7,0.019862695319159226,0.6823702935327864
8320260327030012,久留米競輪,12R,20:30,4-7,4,7,23.8,0.07064001791825375,0.6812324264544394
4520260328020005,豊橋競輪,5R,12:56,2-7,2,7,60.8,0.02761247612676037,0.6788385485070305
2820260328020001,立川競輪,1R,11:05,2-6,2,6,96.3,0.017418920988564415,0.6774420911987531
4520260328020010,豊橋競輪,10R,15:12,2-5,2,5,46.4,0.03613974228890207,0.6768840422050562
3120260327030004,松戸競輪,4R,10:00,1-5,1,5,108.6,0.015408881011622244,0.6734044778621757
4520260328020009,豊橋競輪,9R,14:44,5-8,5,8,214.6,0.007779713043907117,0.6695264192224673
8320260327030005,久留米競輪,5R,17:34,1-5,1,5,52.7,0.03157021483405863,0.6637503217548897
2820260328020002,立川競輪,2R,11:28,1-6,1,6,247.7,0.006707892612302108,0.6615450000672323
3520260329010001,平塚競輪,1R,20:50,2-4,2,4,27.2,0.06106157302836921,0.6608747863716424
4520260328020012,豊橋競輪,12R,16:20,2-8,2,8,61.2,0.027022521607541282,0.6537783223815266
3520260329010006,平塚競輪,6R,22:30,1-5,1,5,24.0,0.06889212737088966,0.6534110569013518
3720260329010009,伊東競輪,9R,18:59,6-7,6,7,79.3,0.02083928371101379,0.6525551982833935
8320260327030012,久留米競輪,12R,20:30,2-6,2,6,35.7,0.046275916550906425,0.6520502208673595
4520260328020011,豊橋競輪,11R,15:44,2-5,2,5,119.3,0.013794964943901197,0.6457393178074127
4520260328020011,豊橋競輪,11R,15:44,1-8,1,8,105.0,0.015662551052545434,0.6445678605172704
4520260328020003,豊橋競輪,3R,12:04,3-6,3,6,342.2,0.0047740724656057405,0.6336875977302843
3720260329010010,伊東競輪,10R,19:25,1-6,1,6,101.0,0.016149933389633803,0.6311432723530142
3720260329010008,伊東競輪,8R,18:34,5-6,5,6,43.3,0.037588789181425775,0.6275945715557358
3120260327030001,松戸競輪,1R,09:00,2-6,2,6,13.8,0.11780172405088994,0.6256637919022814
2820260328020004,立川競輪,4R,12:17,3-4,3,4,49.0,0.03315433129057747,0.6245622332382958
3720260329010003,伊東競輪,3R,16:35,4-5,4,5,35.5,0.04527465159654081,0.6072501316771988
8320260327030005,久留米競輪,5R,17:34,1-4,1,4,48.6,0.032986567971448,0.6031472034123728
2820260328020008,立川競輪,8R,14:02,2-4,2,4,54.0,0.029584766874585083,0.5975774112275944
3120260327030004,松戸競輪,4R,10:00,4-5,4,5,46.9,0.03406199518889464,0.5975075743591587
3120260327030005,松戸競輪,5R,10:20,2-3,2,3,27.5,0.05807989450105708,0.5971970987790696
4520260328020009,豊橋競輪,9R,14:44,3-8,3,8,201.6,0.007921980126548916,0.5970711935122615
8320260327030011,久留米競輪,11R,20:04,4-6,4,6,43.2,0.03682084854175505,0.5906606570038182
6220260329010004,広島競輪,4R,09:50,1-7,1,7,28.1,0.05659251216675413,0.5902495918857911
3520260329010003,平塚競輪,3R,21:30,1-3,1,3,21.7,0.07324720163971199,0.5894642755817501
4520260328020007,豊橋競輪,7R,13:48,2-3,2,3,28.8,0.05501673346198355,0.5844819237051262
3520260329010005,平塚競輪,5R,22:10,1-6,1,6,29.2,0.05424410451392334,0.5839278518065616
4520260328020001,豊橋競輪,1R,11:16,2-5,2,5,72.2,0.02187298384739623,0.5792294337820081
3520260329010003,平塚競輪,3R,21:30,1-5,1,5,21.7,0.07261547340887267,0.5757557729725369
4520260328020004,豊橋競輪,4R,12:30,2-4,2,4,128.5,0.012253555520602326,0.5745818843973989
6220260329010007,広島競輪,7R,10:50,4-5,4,5,42.7,0.036838374249559006,0.5729985804561697
4520260328020008,豊橋競輪,8R,14:16,2-4,2,4,114.3,0.013750493020505542,0.5716813522437834
6220260329010006,広島競輪,6R,10:30,2-6,2,6,13.5,0.11635816503391122,0.5708352279578015
3120260327030003,松戸競輪,3R,09:40,3-5,3,5,28.1,0.055865259433750813,0.5698137900883979
3520260329010002,平塚競輪,2R,21:10,2-7,2,7,37.2,0.04212856839638203,0.5671827443454116
4520260328020001,豊橋競輪,1R,11:16,1-2,1,2,28.1,0.05555119419542631,0.5609885568914794
6220260329010003,広島競輪,3R,09:30,2-4,2,4,75.0,0.020805362620371547,0.560402196527866
4520260328020002,豊橋競輪,2R,11:40,1-7,1,7,23.7,0.0658294807174053,0.5601586930025055
6220260329010005,広島競輪,5R,10:10,1-7,1,7,41.0,0.03804982439835579,0.5600428003325872
3720260329010007,伊東競輪,7R,18:10,3-5,3,5,27.2,0.05734426466225606,0.5597639988133649
3720260329010002,伊東競輪,2R,16:14,1-2,1,2,29.8,0.0522908267639771,0.5582666375665177
2820260328020006,立川競輪,6R,13:09,1-6,1,6,27.7,0.05620618062676684,0.5569112033614414
3720260329010004,伊東競輪,4R,16:58,4-7,4,7,24.0,0.06476000410467941,0.5542400985123059
8720260329010007,熊本競輪,7R,22:40,2-4,2,4,21.0,0.0737673010616916,0.5491133222955238
8320260327030012,久留米競輪,12R,20:30,3-4,3,4,51.3,0.030064740601230946,0.5423211928431475
8320260327030002,久留米競輪,2R,16:26,4-6,4,6,138.0,0.011176137264440035,0.5423069424927249
4520260328020008,豊橋競輪,8R,14:16,3-8,3,8,46.9,0.03286204910718003,0.5412301031267435
2820260328020003,立川競輪,3R,11:52,1-7,1,7,84.2,0.018237170679314525,0.535569771198283
8320260327030008,久留米競輪,8R,18:46,1-6,1,6,52.6,0.029173655168503357,0.5345342618632767
6220260329010001,広島競輪,1R,08:50,1-5,1,5,18.3,0.08385148396473342,0.5344821565546216
3720260329010002,伊東競輪,2R,16:14,3-7,3,7,19.8,0.07749272547975891,0.5343559644992264
2820260328020012,立川競輪,12R,16:02,4-6,4,6,150.0,0.010211528330028388,0.531729249504258
8320260327030006,久留米競輪,6R,17:58,5-6,5,6,43.5,0.03519147501387586,0.5308291631036
3720260329010005,伊東競輪,5R,17:22,5-7,5,7,26.8,0.056974772862366324,0.5269239127114176
8320260327030002,久留米競輪,2R,16:26,3-4,3,4,154.2,0.009874575820699796,0.5226595915519086
3520260329010002,平塚競輪,2R,21:10,5-7,5,7,55.8,0.027166731325463725,0.5159036079608759
2820260328020001,立川競輪,1R,11:05,1-2,1,2,43.3,0.03491833678697782,0.5119639828761393
3720260329010008,伊東競輪,8R,18:34,3-4,3,4,18.5,0.0816773511040714,0.5110309954253209
2820260328020002,立川競輪,2R,11:28,2-6,2,6,226.2,0.006678786282138485,0.5107414570197253
4520260328020010,豊橋競輪,10R,15:12,3-9,3,9,69.1,0.021859535448932106,0.5104938995212085
8320260327030004,久留米競輪,4R,17:10,3-6,3,6,85.6,0.01761342477751378,0.5077091609551796
2820260328020005,立川競輪,5R,12:43,1-5,1,5,63.0,0.023869628607626883,0.5037866022804935
8320260327030009,久留米競輪,9R,19:12,2-7,2,7,20.4,0.07362573086840543,0.5019649097154706
4520260328020012,豊橋競輪,12R,16:20,2-3,2,3,34.1,0.0439592445073594,0.49901023770095554
3720260329010012,伊東競輪,12R,20:17,1-6,1,6,55.0,0.027236243013965288,0.49799336576809083
8320260327030011,久留米競輪,11R,20:04,2-5,2,5,48.3,0.030984811714865612,0.49656640582800904
2820260328020012,立川競輪,12R,16:02,6-7,6,7,102.5,0.014575518123060703,0.49399060761372215
8320260327030009,久留米競輪,9R,19:12,2-3,2,3,20.4,0.0731849091945479,0.49297214756877694
4520260328020006,豊橋競輪,6R,13:22,3-7,3,7,31.1,0.04796956609378687,0.49185350551677187
3120260327030001,松戸競輪,1R,09:00,4-5,4,5,19.8,0.07529801387842064,0.4909006747927287
8320260327030003,久留米競輪,3R,16:46,1-7,1,7,24.3,0.061329459378921404,0.4903058629077901
3520260329010001,平塚競輪,1R,20:50,1-4,1,4,21.3,0.06996557031805845,0.4902666477746449
4520260328020008,豊橋競輪,8R,14:16,4-5,4,5,116.5,0.012786555438431359,0.4896337085772533
3720260329010006,伊東競輪,6R,17:46,1-3,1,3,17.9,0.08309068670776557,0.4873232920690036
3120260327030004,松戸競輪,4R,10:00,3-5,3,5,21.0,0.07061092839293052,0.4828294962515409
3720260329010009,伊東競輪,9R,18:59,2-5,2,5,35.2,0.04206571590193367,0.48071319974806537
4520260328020009,豊橋競輪,9R,14:44,2-6,2,6,135.7,0.010877720104563048,0.4761066181892055
3520260329010009,平塚競輪,9R,23:30,1-7,1,7,21.6,0.06833079017623693,0.47594506780671786
4520260328020004,豊橋競輪,4R,12:30,1-2,1,2,69.5,0.021185681871736632,0.47240489008569586
8720260329010004,熊本競輪,4R,21:40,3-7,3,7,57.7,0.025489487077418504,0.47074340436704776
2820260328020011,立川競輪,11R,15:28,5-7,5,7,23.7,0.062040528052387856,0.47036051484159214
4520260328020007,豊橋競輪,7R,13:48,5-9,5,9,64.9,0.022634364233060773,0.46897023872564425
3520260329010006,平塚競輪,6R,22:30,2-6,2,6,24.0,0.06110758679238541,0.4665820830172498
3720260329010007,伊東競輪,7R,18:10,4-5,4,5,29.8,0.04911017007798167,0.4634830683238538
8320260327030005,久留米競輪,5R,17:34,4-7,4,7,21.8,0.06695173177949389,0.4595477527929668
3120260327030006,松戸競輪,6R,10:40,2-4,2,4,15.1,0.09662615618175346,0.4590549583444772
3520260329010009,平塚競輪,9R,23:30,2-7,2,7,25.9,0.05630912063100185,0.45840622434294787
8720260329010001,熊本競輪,1R,20:40,2-4,2,4,24.7,0.058986925667821585,0.4569770639951931
4520260328020003,豊橋競輪,3R,12:04,5-8,5,8,28.1,0.05184333254639966,0.45679764455383043
3720260329010012,伊東競輪,12R,20:17,2-6,2,6,42.5,0.03423548281009853,0.45500801942918745
4520260328020002,豊橋競輪,2R,11:40,2-5,2,5,90.2,0.01612837262235783,0.45477921053667636
2820260328020012,立川競輪,12R,16:02,1-7,1,7,47.7,0.03047572221771183,0.4536919497848544
4520260328020001,豊橋競輪,1R,11:16,1-5,1,5,29.5,0.04921374340931887,0.45180543057490663
3720260329010012,伊東競輪,12R,20:17,1-7,1,7,42.5,0.03415909463579159,0.4517615220211424
2820260328020007,立川競輪,7R,13:35,1-5,1,5,20.7,0.06991846880072523,0.4473123041750122
3520260329010004,平塚競輪,4R,21:50,5-6,5,6,31.5,0.045921789560802104,0.44653637116526634
8720260329010001,熊本競輪,1R,20:40,1-4,1,4,18.3,0.07874344226206839,0.44100499339585153
8720260329010009,熊本競輪,9R,23:20,1-5,1,5,18.5,0.07771035790348091,0.43764162121439676
2820260328020001,立川競輪,1R,11:05,2-5,2,5,27.5,0.05226466693953521,0.4372783408372183
4520260328020002,豊橋競輪,2R,11:40,1-6,1,6,106.2,0.01352069385368838,0.43589768726170597
4520260328020008,豊橋競輪,8R,14:16,8-9,8,9,38.7,0.037103231468554584,0.4358950578330625
3720260329010005,伊東競輪,5R,17:22,5-6,5,6,60.8,0.023589678593088963,0.43425245845980887
8320260327030008,久留米競輪,8R,18:46,2-6,2,6,24.2,0.05917509830372146,0.43203737895005934
8320260327030008,久留米競輪,8R,18:46,4-5,4,5,28.7,0.049895106843208435,0.4319895664000821
3720260329010004,伊東競輪,4R,16:58,2-5,2,5,18.3,0.07812266066935464,0.42964469024918994
4520260328020005,豊橋競輪,5R,12:56,1-3,1,3,25.0,0.057119413852651305,0.4279853463162826
3120260327030003,松戸競輪,3R,09:40,2-7,2,7,105.0,0.013587900987603218,0.4267296036983379
4520260328020005,豊橋競輪,5R,12:56,4-8,4,8,265.0,0.005366458148861377,0.422111409448265
4520260328020002,豊橋競輪,2R,11:40,6-8,6,8,145.7,0.009728451548799876,0.4174353906601418
3520260329010004,平塚競輪,4R,21:50,4-5,4,5,31.5,0.04489128625572843,0.41407551705544554
8320260327030001,久留米競輪,1R,16:06,1-3,1,3,50.3,0.028076262123667706,0.4122359848204855
8320260327030003,久留米競輪,3R,16:46,1-5,1,5,32.5,0.04341479512200893,0.41098084146529024
3720260329010003,伊東競輪,3R,16:35,2-5,2,5,24.5,0.05753235368355534,0.4095426652471057
8320260327030011,久留米競輪,11R,20:04,5-6,5,6,63.1,0.02228238124003861,0.4060182562464363
4520260328020002,豊橋競輪,2R,11:40,4-8,4,8,34.8,0.04036774976319659,0.4047976917592413
3720260329010009,伊東競輪,9R,18:59,4-7,4,7,26.4,0.053083850175199496,0.4014136446252665
4520260328020011,豊橋競輪,11R,15:44,4-6,4,6,226.2,0.0061949731820012555,0.401302933768684
3520260329010007,平塚競輪,7R,22:50,2-7,2,7,21.1,0.06637873250421723,0.4005912558389837
8320260327030001,久留米競輪,1R,16:06,1-4,1,4,52.3,0.026727267064440362,0.3978360674702308
4520260328020010,豊橋競輪,10R,15:12,1-9,1,9,67.4,0.02071463301608526,0.39616626528414667
4520260328020001,豊橋競輪,1R,11:16,2-7,2,7,23.5,0.05939819287842413,0.39585753264296697
3520260329010002,平塚競輪,2R,21:10,1-7,1,7,27.9,0.04997787110104935,0.3943826037192768
3520260329010009,平塚競輪,9R,23:30,1-4,1,4,18.5,0.07536397514797538,0.39423354023754453
2820260328020002,立川競輪,2R,11:28,6-7,6,7,118.2,0.011783585078723556,0.39281975630512433
8320260327030004,久留米競輪,4R,17:10,3-4,3,4,35.4,0.039333047870013654,0.3923898945984834
8320260327030009,久留米競輪,9R,19:12,4-6,4,6,71.4,0.01948047449489335,0.3909058789353852
8320260327030002,久留米競輪,2R,16:26,2-7,2,7,30.1,0.046190475756409936,0.3903333202679391
8320260327030007,久留米競輪,7R,18:22,1-2,1,2,19.8,0.07006527606509975,0.38729246608897516
8720260329010004,熊本競輪,4R,21:40,1-6,1,6,12.8,0.10830198675856502,0.38626543050963225
8320260327030002,久留米競輪,2R,16:26,1-2,1,2,14.3,0.09676867024958388,0.3837919845690496
4520260328020008,豊橋競輪,8R,14:16,1-2,1,2,71.1,0.019356354554473792,0.3762368088230865
3720260329010010,伊東競輪,10R,19:25,2-4,2,4,23.7,0.05805159055215266,0.37582269608601804
3720260329010005,伊東競輪,5R,17:22,1-3,1,3,18.9,0.07278957130335306,0.37572289763337285
3720260329010002,伊東競輪,2R,16:14,1-5,1,5,21.5,0.06388322274965669,0.3734892891176187
3720260329010010,伊東競輪,10R,19:25,3-5,3,5,17.5,0.07846880687294017,0.3732041202764529
2820260328020007,立川競輪,7R,13:35,2-3,2,3,22.0,0.062298275067663327,0.3705620514885932
4520260328020005,豊橋競輪,5R,12:56,3-6,3,6,80.7,0.01697521794947863,0.36990008852292533
2820260328020002,立川競輪,2R,11:28,1-2,1,2,63.4,0.021601868092559616,0.3695584370682796
3520260329010006,平塚競輪,6R,22:30,1-7,1,7,24.0,0.057011228693716595,0.3682694886491982
3720260329010012,伊東競輪,12R,20:17,4-7,4,7,40.6,0.03368744263328995,0.3677101709115722
2820260328020001,立川競輪,1R,11:05,2-3,2,3,70.7,0.019261900417291318,0.36181635950249613
8320260327030001,久留米競輪,1R,16:06,2-3,2,3,24.2,0.05625614090457927,0.3613986098908182
3120260327030002,松戸競輪,2R,09:20,2-5,2,5,22.0,0.06184708346884202,0.36063583631452434
8320260327030007,久留米競輪,7R,18:22,1-3,1,3,23.1,0.058795201224263474,0.3581691482804863
3120260327030007,松戸競輪,7R,11:00,3-6,3,6,22.5,0.0602634142611474,0.3559268208758164
6220260329010007,広島競輪,7R,10:50,2-3,2,3,15.8,0.08576159247683712,0.3550331611340265
2820260328020009,立川競輪,9R,14:30,3-4,3,4,34.0,0.03984245079682294,0.35464332709198
4520260328020007,豊橋競輪,7R,13:48,4-5,4,5,105.6,0.012814997787268606,0.35326376633556467
3720260329010010,伊東競輪,10R,19:25,3-4,3,4,31.0,0.04363262612304877,0.3526114098145119
3720260329010005,伊東競輪,5R,17:22,4-6,4,6,82.6,0.016366219273888344,0.35184971202317716
6220260329010003,広島競輪,3R,09:30,5-7,5,7,16.8,0.08044390028846728,0.35145752484625037
8320260327030005,久留米競輪,5R,17:34,1-2,1,2,39.5,0.034186868359969785,0.35038130021880654
8720260329010002,熊本競輪,2R,21:00,1-2,1,2,15.3,0.0879357211798249,0.3454165340513211
2820260328020010,立川競輪,10R,14:58,4-7,4,7,48.2,0.02785243643930118,0.3424874363743169
3720260329010010,伊東競輪,10R,19:25,1-2,1,2,26.9,0.04983797509150716,0.3406415299615426
3720260329010003,伊東競輪,3R,16:35,2-4,2,4,25.1,0.05326058383721098,0.3368406543139957
4520260328020007,豊橋競輪,7R,13:48,1-8,1,8,80.4,0.016625083845241213,0.3366567411573935
4520260328020007,豊橋競輪,7R,13:48,7-8,7,8,113.4,0.011784249490280532,0.3363338921978123
6220260329010002,広島競輪,2R,09:10,3-6,3,6,196.7,0.006786237158613743,0.3348528490993232
6220260329010003,広島競輪,3R,09:30,1-7,1,7,11.9,0.11195917525857452,0.33231418557703685
2820260328020012,立川競輪,12R,16:02,3-5,3,5,14.0,0.0951535013265384,0.33214901857153745
3720260329010003,伊東競輪,3R,16:35,1-7,1,7,27.3,0.04877137561093012,0.3314585541783923
4520260328020010,豊橋競輪,10R,15:12,1-4,1,4,53.9,0.02460702753235693,0.32631878399403846
4520260328020010,豊橋競輪,10R,15:12,5-8,5,8,200.3,0.0066178070767151185,0.32554675746603823
4520260328020008,豊橋競輪,8R,14:16,5-9,5,9,28.1,0.047017599446369664,0.32119454444298756
4520260328020007,豊橋競輪,7R,13:48,1-4,1,4,39.9,0.03308378742626722,0.3200431183080621
4520260328020001,豊橋競輪,1R,11:16,4-5,4,5,47.6,0.027656834484946338,0.31646532148344564
4520260328020008,豊橋競輪,8R,14:16,4-6,4,6,283.0,0.004643145523995903,0.3140101832908404
8320260327030012,久留米競輪,12R,20:30,5-7,5,7,19.0,0.0690422733414468,0.3118031934874892
3120260327030003,松戸競輪,3R,09:40,2-3,2,3,92.6,0.014126071425637533,0.30807421401403534
3520260329010009,平塚競輪,9R,23:30,1-2,1,2,14.4,0.09042088550394482,0.3020607512568054
3120260327030001,松戸競輪,1R,09:00,1-3,1,3,86.8,0.01498852508643981,0.30100397750297536
4520260328020006,豊橋競輪,6R,13:22,5-8,5,8,113.0,0.011505683723348661,0.3001422607383988
3120260327030003,松戸競輪,3R,09:40,1-3,1,3,12.7,0.10202888892273268,0.2957668893187049
3520260329010002,平塚競輪,2R,21:10,2-5,2,5,22.3,0.058078780625899315,0.29515680795755483
4520260328020005,豊橋競輪,5R,12:56,7-9,7,9,37.7,0.034332201324496325,0.2943239899335115
3720260329010005,伊東競輪,5R,17:22,2-5,2,5,26.8,0.048221903525877845,0.2923470144935263
4520260328020007,豊橋競輪,7R,13:48,2-9,2,9,40.8,0.03160353702947905,0.2894243108027452
8320260327030004,久留米競輪,4R,17:10,1-7,1,7,53.0,0.024289962498070812,0.2873680123977531
4520260328020006,豊橋競輪,6R,13:22,1-9,1,9,59.0,0.02181699656110258,0.28720279710505214
3720260329010012,伊東競輪,12R,20:17,2-7,2,7,28.3,0.04530241950405268,0.2820584719646908
8720260329010009,熊本競輪,9R,23:20,2-3,2,3,24.7,0.05181490520333481,0.27982815852236964
3720260329010007,伊東競輪,7R,18:10,5-6,5,6,24.0,0.053284260219446336,0.2788222452667122
4520260328020005,豊橋競輪,5R,12:56,6-8,6,8,181.3,0.007046135529858187,0.2774643715632894
8720260329010006,熊本競輪,6R,22:20,1-2,1,2,15.0,0.08505005134654849,0.27575077019822736
2820260328020012,立川競輪,12R,16:02,4-5,4,5,21.7,0.05872975808354781,0.2744357504129873
2820260328020003,立川競輪,3R,11:52,2-7,2,7,27.4,0.04639207223758174,0.2711427793097396
2820260328020005,立川競輪,5R,12:43,1-2,1,2,24.1,0.05262165346955737,0.26818184861633276
8320260327030004,久留米競輪,4R,17:10,2-3,2,3,40.0,0.03165055440248973,0.26602217609958934
8320260327030007,久留米競輪,7R,18:22,4-6,4,6,46.3,0.027289004344655424,0.2634809011575461
8320260327030008,久留米競輪,8R,18:46,1-4,1,4,52.6,0.02399866010268338,0.26232952140114585
8720260329010008,熊本競輪,8R,23:00,1-3,1,3,14.5,0.08704281881837186,0.26212087286639196
2820260328020003,立川競輪,3R,11:52,3-7,3,7,45.2,0.027911674233231105,0.261607675342046
4520260328020005,豊橋競輪,5R,12:56,5-6,5,6,66.7,0.01890649256412115,0.2610630540268808
4520260328020011,豊橋競輪,11R,15:44,3-6,3,6,131.2,0.009576946924007932,0.25649543642984063
3120260327030007,松戸競輪,7R,11:00,3-5,3,5,21.8,0.05751805301125337,0.2538935556453237
8320260327030009,久留米競輪,9R,19:12,5-6,5,6,71.4,0.017490621329295176,0.2488303629116757
3720260329010001,伊東競輪,1R,15:54,1-5,1,5,29.4,0.042474267820555085,0.2487434739243195
8320260327030006,久留米競輪,6R,17:58,2-4,2,4,9.6,0.1297693290823993,0.24578555919103318
3720260329010012,伊東競輪,12R,20:17,1-3,1,3,42.5,0.02929897758511634,0.24520654736744452
4520260328020006,豊橋競輪,6R,13:22,3-5,3,5,39.1,0.03179977142855754,0.24337106285659993
4520260328020007,豊橋競輪,7R,13:48,5-8,5,8,219.9,0.005653267082495793,0.24315343144082502
3720260329010011,伊東競輪,11R,19:51,2-3,2,3,18.7,0.06644451561727688,0.24251244204307754
2820260328020010,立川競輪,10R,14:58,3-4,3,4,45.3,0.027396223724867823,0.24104893473651234
4520260328020006,豊橋競輪,6R,13:22,1-5,1,5,36.0,0.034322121724339,0.23559638207620415
2820260328020010,立川競輪,10R,14:58,3-7,3,7,63.6,0.01941758749436259,0.2349585646414607
3520260329010007,平塚競輪,7R,22:50,4-7,4,7,84.7,0.014574497322658824,0.2344599232292024
3120260327030007,松戸競輪,7R,11:00,4-5,4,5,18.8,0.06562788201482135,0.23380418187864138
4520260328020004,豊橋競輪,4R,12:30,3-5,3,5,30.7,0.040129735779861904,0.23198288844176052
8720260329010002,熊本競輪,2R,21:00,3-6,3,6,30.7,0.04009972657594449,0.23106160588149582
4520260328020004,豊橋競輪,4R,12:30,1-9,1,9,25.1,0.04887267872217689,0.22670423592664002
6220260329010002,広島競輪,2R,09:10,1-2,1,2,11.3,0.1084177597631262,0.22512068532332608
3120260327030001,松戸競輪,1R,09:00,3-5,3,5,34.7,0.03529181477507488,0.22462597269509832
3520260329010002,平塚競輪,2R,21:10,3-7,3,7,55.8,0.02194389839849321,0.224469530635921
6220260329010005,広島競輪,5R,10:10,2-7,2,7,213.9,0.0057235426291621485,0.22426576837778356
4520260328020007,豊橋競輪,7R,13:48,4-9,4,9,50.8,0.023950364444876276,0.2166785137997147
2820260328020009,立川競輪,9R,14:30,3-6,3,6,29.7,0.04091172684489636,0.21507828729342182
3720260329010009,伊東競輪,9R,18:59,5-6,5,6,52.8,0.022993139583801295,0.21403777002470825
6220260329010002,広島競輪,2R,09:10,4-7,4,7,60.8,0.019959775915599897,0.21355437566847368
6220260329010005,広島競輪,5R,10:10,2-4,2,4,145.1,0.008363555639061278,0.21355192322779137
2820260328020001,立川競輪,1R,11:05,1-4,1,4,23.1,0.052501351244925464,0.21278121375777825
3720260329010002,伊東競輪,2R,16:14,1-3,1,3,18.0,0.06685613522283977,0.2034104340111158
2820260328020012,立川競輪,12R,16:02,4-7,4,7,66.1,0.018196102872173114,0.2027623998506427
3720260329010002,伊東競輪,2R,16:14,4-6,4,6,74.1,0.016231541501988866,0.20275722529737483
8720260329010004,熊本競輪,4R,21:40,1-4,1,4,14.4,0.08335636751290217,0.20033169218579117
4520260328020003,豊橋競輪,3R,12:04,4-5,4,5,17.3,0.06932592672004746,0.19933853225682108
6220260329010004,広島競輪,4R,09:50,3-5,3,5,29.0,0.04124300896221303,0.19604725990417782
3120260327030004,松戸競輪,4R,10:00,1-2,1,2,35.2,0.03384231685928383,0.19124955344679084
2820260328020006,立川競輪,6R,13:09,1-2,1,2,19.4,0.061395675896993296,0.19107611240166977
3720260329010005,伊東競輪,5R,17:22,3-7,3,7,25.1,0.04734461342314711,0.1883497969209924
3720260329010010,伊東競輪,10R,19:25,4-7,4,7,31.0,0.03827002672786227,0.18637082856373044
2820260328020010,立川競輪,10R,14:58,1-5,1,5,24.8,0.04775463784075226,0.18431501845065612
4520260328020003,豊橋競輪,3R,12:04,2-6,2,6,76.0,0.01553501896289083,0.18066144117970317
6220260329010001,広島競輪,1R,08:50,2-5,2,5,11.9,0.0992129012543638,0.1806335249269293
4520260328020003,豊橋競輪,3R,12:04,2-4,2,4,31.3,0.03761224125566613,0.17726315130234993
4520260328020007,豊橋競輪,7R,13:48,1-5,1,5,37.9,0.031019500902610346,0.17563908420893215
4520260328020005,豊橋競輪,5R,12:56,4-9,4,9,57.1,0.020500587641253273,0.17058355431556205
6220260329010003,広島競輪,3R,09:30,4-7,4,7,24.1,0.04856162072751487,0.17033505953310835
4520260328020009,豊橋競輪,9R,14:44,1-9,1,9,17.3,0.06762832291363004,0.16996998640579974
4520260328020010,豊橋競輪,10R,15:12,5-9,5,9,101.6,0.01148535468197753,0.16691203568891688
2820260328020006,立川競輪,6R,13:09,4-5,4,5,18.0,0.06482725179989621,0.16689053239813179
3720260329010001,伊東競輪,1R,15:54,2-3,2,3,17.7,0.06591371163004621,0.16667269585181788
2820260328020002,立川競輪,2R,11:28,4-7,4,7,16.4,0.07104602689340686,0.1651548410518724
4520260328020005,豊橋競輪,5R,12:56,1-2,1,2,20.9,0.05564520222508541,0.16298472650428497
8320260327030005,久留米競輪,5R,17:34,4-6,4,6,23.4,0.04969529080251185,0.16286980477877733
3720260329010005,伊東競輪,5R,17:22,1-5,1,5,13.1,0.08855315464663435,0.16004632587090994
2820260328020003,立川競輪,3R,11:52,3-5,3,5,26.7,0.04338523791713397,0.15838585238747704
4520260328020001,豊橋競輪,1R,11:16,3-8,3,8,53.5,0.021622163590578912,0.1567857520959719
4520260328020002,豊橋競輪,2R,11:40,1-5,1,5,39.3,0.029434152250423822,0.15676218344165616
4520260328020005,豊橋競輪,5R,12:56,4-6,4,6,149.8,0.0076968070140505974,0.15298169070477963
4520260328020011,豊橋競輪,11R,15:44,3-5,3,5,35.7,0.03227413360733807,0.15218656978196932
3520260329010005,平塚競輪,5R,22:10,5-7,5,7,29.2,0.039433300786550704,0.15145238296728047
8320260327030008,久留米競輪,8R,18:46,2-5,2,5,8.5,0.13529686909317534,0.1500233872919905
3520260329010003,平塚競輪,3R,21:30,3-6,3,6,21.7,0.052889192945339544,0.14769548691386802
4520260328020009,豊橋競輪,9R,14:44,1-2,1,2,18.5,0.06186718235995413,0.14454287365915142
2820260328020012,立川競輪,12R,16:02,1-6,1,6,54.9,0.020846029549668,0.1444470222767733
8720260329010005,熊本競輪,5R,22:00,2-5,2,5,17.2,0.06645879718438694,0.14309131157145516
8320260327030004,久留米競輪,4R,17:10,1-3,1,3,52.0,0.0219692365796987,0.1424003021443323
8320260327030002,久留米競輪,2R,16:26,3-5,3,5,27.6,0.04131898047749208,0.14040386117878145
4520260328020012,豊橋競輪,12R,16:20,2-5,2,5,33.6,0.03382749457411172,0.13660381769015384
3720260329010008,伊東競輪,8R,18:34,1-6,1,6,52.0,0.02178813372533272,0.1329829537173013
4520260328020007,豊橋競輪,7R,13:48,7-9,7,9,34.3,0.03296751081343046,0.1307856209006646
3720260329010006,伊東競輪,6R,17:46,4-6,4,6,15.8,0.07147314725700957,0.12927572666075116
8320260327030008,久留米競輪,8R,18:46,2-3,2,3,18.5,0.06102047227865516,0.12887873715512055
8320260327030005,久留米競輪,5R,17:34,4-5,4,5,28.7,0.03926550021841212,0.12691985626842772
4520260328020001,豊橋競輪,1R,11:16,2-4,2,4,35.1,0.032088803800394375,0.1263170133938425
2820260328020001,立川競輪,1R,11:05,1-3,1,3,45.0,0.024980383469984737,0.12411725614931313
4520260328020006,豊橋競輪,6R,13:22,2-3,2,3,20.5,0.05465716586728484,0.1204719002793393
3120260327030005,松戸競輪,5R,10:20,1-5,1,5,15.6,0.07176139938491934,0.11947783040474169
2820260328020008,立川競輪,8R,14:02,5-7,5,7,20.9,0.05340264437954122,0.1161152675324113
3120260327030005,松戸競輪,5R,10:20,1-3,1,3,16.4,0.06804893258846914,0.11600249445089372
3720260329010005,伊東競輪,5R,17:22,4-7,4,7,24.6,0.04530976590707931,0.11462024131415105
8320260327030001,久留米競輪,1R,16:06,4-5,4,5,35.8,0.031124580668490713,0.11425998793196745
3520260329010001,平塚競輪,1R,20:50,2-6,2,6,29.9,0.037216418603331865,0.11277091623962265
4520260328020003,豊橋競輪,3R,12:04,2-7,2,7,26.4,0.042006189740483896,0.10896340914877478
3720260329010001,伊東競輪,1R,15:54,1-3,1,3,26.0,0.04262681107728762,0.10829708800947824
4520260328020002,豊橋競輪,2R,11:40,3-8,3,8,23.5,0.04713461083709216,0.10766335467166566
2820260328020008,立川競輪,8R,14:02,3-7,3,7,14.8,0.07483900683207881,0.1076173011147663
4520260328020005,豊橋競輪,5R,12:56,7-8,7,8,91.4,0.012071803508187425,0.10336284064833068
3120260327030006,松戸競輪,6R,10:40,3-6,3,6,18.1,0.06085897572202771,0.10154746056870168
4520260328020004,豊橋競輪,4R,12:30,2-9,2,9,34.0,0.032300519296925304,0.0982176560954604
3720260329010004,伊東競輪,4R,16:58,5-7,5,7,20.6,0.053110921921261836,0.09408499157799399
3520260329010001,平塚競輪,1R,20:50,2-5,2,5,21.3,0.051360195447044614,0.09397216302205025
3720260329010008,伊東競輪,8R,18:34,3-7,3,7,16.2,0.06746548290038701,0.09294082298626938
8320260327030012,久留米競輪,12R,20:30,1-5,1,5,27.8,0.039243868127488965,0.09097953394419322
4520260328020012,豊橋競輪,12R,16:20,3-4,3,4,58.5,0.018605296533836482,0.08840984722943412
8320260327030009,久留米競輪,9R,19:12,3-7,3,7,28.5,0.03815815758011348,0.0875074910332343
4520260328020001,豊橋競輪,1R,11:16,3-5,3,5,59.8,0.018173396522230472,0.08676911202938209
8320260327030009,久留米競輪,9R,19:12,3-4,3,4,31.7,0.03409905867429437,0.0809401599751316
6220260329010005,広島競輪,5R,10:10,4-5,4,5,10.4,0.1039350557490578,0.08092457979020118
8320260327030009,久留米競輪,9R,19:12,2-5,2,5,16.8,0.0643197358250391,0.08057156186065684
3720260329010001,伊東競輪,1R,15:54,5-7,5,7,18.2,0.059294304453781754,0.07915634105882785
4520260328020008,豊橋競輪,8R,14:16,2-9,2,9,24.4,0.04413861912076873,0.07698230654675697
6220260329010001,広島競輪,1R,08:50,5-7,5,7,18.1,0.0595006151980352,0.07696113508443725
4520260328020002,豊橋競輪,2R,11:40,2-4,2,4,36.5,0.029465143813703777,0.0754777492001879
3720260329010012,伊東競輪,12R,20:17,4-5,4,5,12.6,0.08506446153031011,0.0718122152819074
3720260329010011,伊東競輪,11R,19:51,4-5,4,5,27.2,0.03939870767995711,0.07164484889483336
3520260329010009,平塚競輪,9R,23:30,3-4,3,4,21.6,0.04959764610805858,0.07130915593406528
6220260329010006,広島競輪,6R,10:30,2-4,2,4,18.3,0.05846366621090425,0.0698850916595477
8320260327030011,久留米競輪,11R,20:04,2-3,2,3,22.1,0.04833135985762914,0.0681230528536041
3520260329010003,平塚競輪,3R,21:30,5-6,5,6,21.7,0.04921358366735955,0.0679347655817022
3520260329010007,平塚競輪,7R,22:50,3-5,3,5,42.3,0.025145586815149633,0.06365832228082935
8320260327030004,久留米競輪,4R,17:10,1-2,1,2,30.1,0.0351410966590653,0.05774700943786559
3720260329010011,伊東競輪,11R,19:51,3-4,3,4,13.0,0.08101668674219893,0.0532169276485861
8320260327030003,久留米競輪,3R,16:46,2-7,2,7,30.2,0.03475448549513467,0.04958546195306712
3720260329010006,伊東競輪,6R,17:46,1-5,1,5,11.9,0.08811427675983788,0.04855989344207079
4520260328020004,豊橋競輪,4R,12:30,7-9,7,9,22.2,0.04718394183619638,0.04748350876355967
3720260329010010,伊東競輪,10R,19:25,2-7,2,7,18.3,0.057193030537200894,0.04663245883077649
3520260329010006,平塚競輪,6R,22:30,2-4,2,4,24.0,0.04351329996705804,0.04431919920939298
3720260329010008,伊東競輪,8R,18:34,1-7,1,7,26.0,0.04012134609509146,0.043154998472377804
8320260327030004,久留米競輪,4R,17:10,4-5,4,5,9.3,0.11216632481642386,0.0431468207927419
3120260327030007,松戸競輪,7R,11:00,3-7,3,7,18.4,0.05661070985968399,0.04163706141818535
8320260327030012,久留米競輪,12R,20:30,3-7,3,7,24.1,0.04317470917230962,0.04051049105266191
3120260327030003,松戸競輪,3R,09:40,4-7,4,7,12.2,0.08519397394247483,0.039366482098192934
4520260328020009,豊橋競輪,9R,14:44,3-9,3,9,39.3,0.026445433457412033,0.039305534876292736
3120260327030006,松戸競輪,6R,10:40,3-4,3,4,21.0,0.04933385034819232,0.03601085731203879
2820260328020009,立川競輪,9R,14:30,2-3,2,3,28.3,0.036602452355523986,0.035849401661328884
3720260329010010,伊東競輪,10R,19:25,1-5,1,5,16.8,0.061591028960542554,0.034729286537114934
8320260327030006,久留米競輪,6R,17:58,4-5,4,5,12.4,0.08315473360772226,0.031118696735755957
3520260329010006,平塚競輪,6R,22:30,3-5,3,5,24.0,0.04295352911129573,0.030884698671097333
3120260327030002,松戸競輪,2R,09:20,1-2,1,2,14.7,0.06983284596434114,0.026542835675814613
3120260327030003,松戸競輪,3R,09:40,4-5,4,5,26.5,0.03869659308479548,0.025459716747080252
4520260328020008,豊橋競輪,8R,14:16,1-7,1,7,31.4,0.032639943944523776,0.024894239858046507
8720260329010007,熊本競輪,7R,22:40,1-5,1,5,21.0,0.04879046727502342,0.024599812775491836
8320260327030011,久留米競輪,11R,20:04,3-7,3,7,19.0,0.05389189479865024,0.023946001174354636
8320260327030007,久留米競輪,7R,18:22,1-5,1,5,25.2,0.04062507692920875,0.02375193861606051
3520260329010002,平塚競輪,2R,21:10,2-3,2,3,18.6,0.05496432583476805,0.02233646052668581
8320260327030006,久留米競輪,6R,17:58,1-2,1,2,12.4,0.08165348983906506,0.012503274004406872
8720260329010002,熊本競輪,2R,21:00,4-5,4,5,30.7,0.03295865326959222,0.011830655376481092
3720260329010008,伊東競輪,8R,18:34,2-7,2,7,23.6,0.04272548415334272,0.00832142601888819
2820260328020003,立川競輪,3R,11:52,2-6,2,6,19.7,0.0511793254285465,0.008232710942366106
8320260327030008,久留米競輪,8R,18:46,5-7,5,7,14.3,0.07045853666585196,0.007557074321683066
3720260329010008,伊東競輪,8R,18:34,1-3,1,3,32.5,0.03098677398503486,0.007070154513632909
3120260327030002,松戸競輪,2R,09:20,1-4,1,4,27.6,0.03643854519489554,0.005703847379116889
3720260329010009,伊東競輪,9R,18:59,2-6,2,6,22.6,0.044335386710592894,0.00197973965939946
3120260327030003,松戸競輪,3R,09:40,1-5,1,5,21.7,0.046173844674296805,0.001972429432240519
8320260327030010,久留米競輪,10R,19:38,1-5,1,5,16.8,0.05944576058963488,-0.0013112220941339237
3720260329010012,伊東競輪,12R,20:17,4-6,4,6,39.0,0.025551222275329067,-0.0035023312621663694
3120260327030005,松戸競輪,5R,10:20,3-6,3,6,29.2,0.033960515730578664,-0.008352940667103015
8720260329010002,熊本競輪,2R,21:00,1-3,1,3,15.3,0.06476592570827426,-0.009081336663403716
3520260329010009,平塚競輪,9R,23:30,3-5,3,5,25.9,0.0380997400894925,-0.013216731682144434
2820260328020009,立川競輪,9R,14:30,1-3,1,3,12.4,0.07953325506916664,-0.013787637142333664
2820260328020009,立川競輪,9R,14:30,4-7,4,7,29.1,0.03375013927792504,-0.017870947012381233
8720260329010007,熊本競輪,7R,22:40,4-7,4,7,21.0,0.046763369003785395,-0.01796925092050672
4520260328020005,豊橋競輪,5R,12:56,6-7,6,7,68.9,0.014197182532488663,-0.021814123511531003
4520260328020008,豊橋競輪,8R,14:16,4-7,4,7,38.3,0.025528287663527563,-0.022266582486894393
3520260329010009,平塚競輪,9R,23:30,2-3,2,3,16.2,0.06033041110322415,-0.02264734012776881
6220260329010004,広島競輪,4R,09:50,1-4,1,4,32.2,0.030349239126382967,-0.022754500130468425
4520260328020001,豊橋競輪,1R,11:16,4-6,4,6,68.9,0.01417372245819622,-0.023430522630280337
2820260328020011,立川競輪,11R,15:28,4-7,4,7,42.9,0.022740783631520035,-0.024420382207790525
4520260328020008,豊橋競輪,8R,14:16,5-7,5,7,34.8,0.02803343245026394,-0.024436550730814965
3720260329010009,伊東競輪,9R,18:59,2-4,2,4,11.7,0.08334531628812542,-0.024859799428932683
8720260329010009,熊本競輪,9R,23:20,3-6,3,6,37.1,0.026233332098497486,-0.026743379145743207
2820260328020008,立川競輪,8R,14:02,1-4,1,4,20.5,0.04744107895598393,-0.02745788140232941
4520260328020003,豊橋競輪,3R,12:04,1-7,1,7,17.2,0.05640627812098669,-0.029812016319028967
4520260328020012,豊橋競輪,12R,16:20,6-8,6,8,118.3,0.008193963099593438,-0.030654165318096283
3520260329010004,平塚競輪,4R,21:50,1-2,1,2,10.5,0.09226656157746398,-0.031201103436628297
8320260327030004,久留米競輪,4R,17:10,2-7,2,7,25.1,0.03843834577453631,-0.03519752105913865
2820260328020004,立川競輪,4R,12:17,2-7,2,7,42.5,0.022689736214188107,-0.03568621089700541
2820260328020010,立川競輪,10R,14:58,2-7,2,7,12.5,0.07665306657933248,-0.04183666775834405
3720260329010003,伊東競輪,3R,16:35,3-7,3,7,14.1,0.06791795602487358,-0.04235682004928254
8720260329010002,熊本競輪,2R,21:00,6-7,6,7,30.7,0.031171151072081967,-0.0430456620870836
8720260329010004,熊本競輪,4R,21:40,1-7,1,7,12.8,0.0746839230758466,-0.04404578462916342
4520260328020007,豊橋競輪,7R,13:48,5-6,5,6,67.7,0.01411936766063052,-0.04411880937531376
2820260328020004,立川競輪,4R,12:17,1-7,1,7,17.8,0.053322361545643446,-0.05086196448754665
4520260328020006,豊橋競輪,6R,13:22,1-2,1,2,16.0,0.059279131103877405,-0.05153390233796151
4520260328020009,豊橋競輪,9R,14:44,6-7,6,7,62.1,0.015267796200770673,-0.05186985593214122
8720260329010007,熊本競輪,7R,22:40,2-3,2,3,21.0,0.04507054109704687,-0.05351863696201575
3720260329010008,伊東競輪,8R,18:34,2-5,2,5,37.1,0.025503280524086673,-0.05382829255638444
4520260328020001,豊橋競輪,1R,11:16,3-6,3,6,101.0,0.009346972223137963,-0.055955805463065666
8320260327030006,久留米競輪,6R,17:58,2-3,2,3,15.3,0.06165733805621697,-0.05664272773988033
8320260327030012,久留米競輪,12R,20:30,5-6,5,6,32.8,0.028732840801966447,-0.05756282169550064
3720260329010009,伊東競輪,9R,18:59,3-4,3,4,10.9,0.08642945165438407,-0.05791897696721371
3720260329010012,伊東競輪,12R,20:17,2-4,2,4,17.6,0.053405283104249794,-0.06006701736520359
3720260329010005,伊東競輪,5R,17:22,2-4,2,4,25.1,0.037246282485165094,-0.0651183096223561
8720260329010002,熊本競輪,2R,21:00,4-6,4,6,15.3,0.06104900235867804,-0.06595026391222603
3720260329010010,伊東競輪,10R,19:25,1-3,1,3,25.2,0.0370414288214104,-0.06655599370045795
8320260327030007,久留米競輪,7R,18:22,1-4,1,4,17.3,0.05382641629444458,-0.06880299810610868
3720260329010010,伊東競輪,10R,19:25,4-5,4,5,13.0,0.07157717232956919,-0.06949675971560054
8320260327030001,久留米競輪,1R,16:06,6-7,6,7,20.5,0.04534810850279833,-0.0703637756926343
3720260329010009,伊東競輪,9R,18:59,3-7,3,7,24.4,0.0380540244222355,-0.07148180409745375
8320260327030001,久留米競輪,1R,16:06,2-5,2,5,11.0,0.08432035954589082,-0.072476044995201
8320260327030002,久留米競輪,2R,16:26,5-7,5,7,13.5,0.06862886367002259,-0.07351034045469507
8320260327030007,久留米競輪,7R,18:22,3-4,3,4,21.4,0.04320682006052964,-0.07537405070466585
4520260328020001,豊橋競輪,1R,11:16,4-7,4,7,14.3,0.0645882032025285,-0.07638869420384231
4520260328020012,豊橋競輪,12R,16:20,2-9,2,9,14.2,0.06491528300060241,-0.07820298139144577
3720260329010003,伊東競輪,3R,16:35,5-7,5,7,13.7,0.06727241475245577,-0.078367917891356
4520260328020007,豊橋競輪,7R,13:48,1-2,1,2,20.3,0.045095015754474145,-0.08457118018417487
3520260329010006,平塚競輪,6R,22:30,1-3,1,3,12.0,0.07616293225591622,-0.08604481292900534
4520260328020005,豊橋競輪,5R,12:56,1-6,1,6,30.3,0.030072525167378877,-0.08880248742842001
8320260327030002,久留米競輪,2R,16:26,3-7,3,7,47.6,0.01912574974251486,-0.08961431225629268
8320260327030005,久留米競輪,5R,17:34,2-4,2,4,21.8,0.041593938508848655,-0.09325214050709929
8720260329010001,熊本競輪,1R,20:40,2-3,2,3,11.2,0.08091335494122842,-0.0937704246582417
4520260328020011,豊橋競輪,11R,15:44,1-3,1,3,18.1,0.050060862031458826,-0.09389839723059512
4520260328020003,豊橋競輪,3R,12:04,3-7,3,7,46.9,0.019277659445861548,-0.09587777198909342
3120260327030002,松戸競輪,2R,09:20,4-6,4,6,24.5,0.03687689455764523,-0.0965160833376919
4520260328020005,豊橋競輪,5R,12:56,2-9,2,9,22.4,0.040307988719734913,-0.097101052677938
4520260328020012,豊橋競輪,12R,16:20,5-7,5,7,45.1,0.019990060303239063,-0.09844828032391828
6220260329010003,広島競輪,3R,09:30,1-3,1,3,10.1,0.08920516809209315,-0.09902780226985919
8320260327030006,久留米競輪,6R,17:58,1-5,1,5,18.6,0.04838088080493292,-0.10011561702824767
4520260328020008,豊橋競輪,8R,14:16,7-8,7,8,39.1,0.023006655281942963,-0.10043977847603014
2820260328020008,立川競輪,8R,14:02,1-3,1,3,12.4,0.072509105299838,-0.1008870942820087
8320260327030008,久留米競輪,8R,18:46,4-7,4,7,45.1,0.01992265391116314,-0.10148830860654234
8720260329010007,熊本競輪,7R,22:40,2-7,2,7,21.0,0.04270754512921468,-0.10314155228649169
2820260328020001,立川競輪,1R,11:05,1-7,1,7,11.7,0.07644410588678335,-0.10560396112463477
3720260329010006,伊東競輪,6R,17:46,3-6,3,6,10.3,0.08680753615009802,-0.10588237765399033
8320260327030008,久留米競輪,8R,18:46,4-6,4,6,78.9,0.011306719972332934,-0.10789979418293139
8320260327030007,久留米競輪,7R,18:22,2-5,2,5,25.2,0.03518832308808118,-0.11325425818035428
8720260329010002,熊本競輪,2R,21:00,2-5,2,5,30.7,0.028833113867864052,-0.11482340425657367
3720260329010004,伊東競輪,4R,16:58,2-7,2,7,7.9,0.1117412488325157,-0.11724413422312596
3720260329010011,伊東競輪,11R,19:51,6-7,6,7,50.0,0.017652853673879143,-0.11735731630604285
8320260327030004,久留米競輪,4R,17:10,3-5,3,5,14.1,0.06231937899171705,-0.12129675621678959
3520260329010004,平塚競輪,4R,21:50,5-7,5,7,31.5,0.027761486128297333,-0.125513186958634
4520260328020011,豊橋競輪,11R,15:44,3-7,3,7,19.9,0.043694084775681194,-0.13048771296394435
8320260327030009,久留米競輪,9R,19:12,4-5,4,5,28.5,0.030335198365839103,-0.13544684657358552
3120260327030005,松戸競輪,5R,10:20,1-4,1,4,26.9,0.03200302466304229,-0.13911863656416235
3120260327030003,松戸競輪,3R,09:40,1-2,1,2,72.7,0.01181838314969498,-0.14080354501717485
4520260328020001,豊橋競輪,1R,11:16,2-3,2,3,40.4,0.0212618243119222,-0.1410222977983432
8320260327030006,久留米競輪,6R,17:58,3-5,3,5,26.1,0.03289825909415907,-0.1413554376424483
3720260329010001,伊東競輪,1R,15:54,3-6,3,6,30.2,0.02824082624644043,-0.14712704735749904
3120260327030001,松戸競輪,1R,09:00,2-3,2,3,13.3,0.0638724662272391,-0.15049619917771984
4520260328020011,豊橋競輪,11R,15:44,1-5,1,5,22.5,0.03774654006953208,-0.15070284843552828
4520260328020006,豊橋競輪,6R,13:22,7-9,7,9,32.1,0.026407560573408997,-0.15231730559357115
6220260329010005,広島競輪,5R,10:10,3-5,3,5,6.3,0.13444157401031254,-0.153018083735031
4520260328020009,豊橋競輪,9R,14:44,3-7,3,7,28.3,0.02992641073033725,-0.15308257633145583
8320260327030011,久留米競輪,11R,20:04,3-5,3,5,30.4,0.02778888759689292,-0.15521781705445536
8320260327030008,久留米競輪,8R,18:46,1-2,1,2,10.8,0.07815938777883491,-0.15587861198858288
2820260328020001,立川競輪,1R,11:05,3-7,3,7,18.6,0.04528901225563603,-0.15762437204516977
3120260327030004,松戸競輪,4R,10:00,1-3,1,3,18.0,0.04662463859717466,-0.16075650525085616
6220260329010001,広島競輪,1R,08:50,3-7,3,7,22.2,0.03777649500320115,-0.16136181092893453
3120260327030007,松戸競輪,7R,11:00,1-4,1,4,17.3,0.04846832544504537,-0.16149796980071507
3520260329010004,平塚競輪,4R,21:50,2-4,2,4,15.7,0.05333880312429973,-0.1625807909484943
8720260329010005,熊本競輪,5R,22:00,2-4,2,4,17.2,0.04861650779635861,-0.16379606590263196
3520260329010004,平塚競輪,4R,21:50,1-5,1,5,10.5,0.07959536326438495,-0.164248685723958
2820260328020008,立川競輪,8R,14:02,4-7,4,7,16.6,0.050339597423817474,-0.16436268276462984
4520260328020012,豊橋競輪,12R,16:20,1-7,1,7,16.6,0.05007854159991959,-0.16869620944133468
3120260327030003,松戸競輪,3R,09:40,1-7,1,7,8.5,0.09761633867228278,-0.17026112128559634
8320260327030011,久留米競輪,11R,20:04,5-7,5,7,24.1,0.03440320814101859,-0.17088268380145188
4520260328020002,豊橋競輪,2R,11:40,2-3,2,3,24.0,0.03454614942508875,-0.17089241379787
3520260329010002,平塚競輪,2R,21:10,1-6,1,6,15.9,0.05203374615637885,-0.17266343611357626
3720260329010012,伊東競輪,12R,20:17,3-5,3,5,14.6,0.0564555731664194,-0.17574863177027678
4520260328020010,豊橋競輪,10R,15:12,3-5,3,5,29.8,0.02761943822174367,-0.1769407409920386
8320260327030008,久留米競輪,8R,18:46,2-4,2,4,16.6,0.04943059822761097,-0.1794520694216578
3120260327030002,松戸競輪,2R,09:20,3-6,3,6,8.2,0.10004669558052327,-0.17961709623970923
4520260328020004,豊橋競輪,4R,12:30,1-5,1,5,14.1,0.05800334067886209,-0.18215289642804455
4520260328020011,豊橋競輪,11R,15:44,7-8,7,8,59.9,0.013626594999793858,-0.1837669595123479
4520260328020012,豊橋競輪,12R,16:20,1-9,1,9,17.5,0.046509576142467,-0.18608241750682752
8720260329010003,熊本競輪,3R,21:20,5-7,5,7,159.7,0.005083818729495008,-0.18811414889964728
3720260329010001,伊東競輪,1R,15:54,2-7,2,7,9.4,0.08618743512235699,-0.18983810984984428
8320260327030002,久留米競輪,2R,16:26,2-3,2,3,29.1,0.027793592329439593,-0.1912064632133078
4520260328020005,豊橋競輪,5R,12:56,5-7,5,7,26.3,0.03069914660712767,-0.1926124442325422
2820260328020011,立川競輪,11R,15:28,1-4,1,4,30.9,0.026054500945460107,-0.19491592078528275
8320260327030005,久留米競輪,5R,17:34,2-3,2,3,22.6,0.03546164155762869,-0.19856690079759154
3520260329010006,平塚競輪,6R,22:30,2-3,2,3,12.0,0.06674078990416826,-0.19911052114998085
8320260327030009,久留米競輪,9R,19:12,2-4,2,4,11.9,0.06699628173029072,-0.20274424740954033
4520260328020010,豊橋競輪,10R,15:12,3-7,3,7,11.3,0.07047250911451021,-0.2036606470060346
4520260328020002,豊橋競輪,2R,11:40,6-7,6,7,34.5,0.02303690702740806,-0.20522670755442185
8320260327030011,久留米競輪,11R,20:04,2-4,2,4,16.4,0.048394638335970325,-0.20632793129008675
8320260327030007,久留米競輪,7R,18:22,4-5,4,5,30.9,0.02562264823032518,-0.2082601696829519
8320260327030005,久留米競輪,5R,17:34,3-5,3,5,24.3,0.03256359932958015,-0.20870453629120223
3120260327030007,松戸競輪,7R,11:00,1-3,1,3,19.0,0.041628196685480665,-0.20906426297586733
3520260329010003,平塚競輪,3R,21:30,5-7,5,7,21.7,0.03641613974723638,-0.20976976748497067
8320260327030009,久留米競輪,9R,19:12,4-7,4,7,21.9,0.03600299786051887,-0.21153434685463668
3520260329010003,平塚競輪,3R,21:30,1-4,1,4,21.7,0.036262824213870164,-0.21309671455901746
6220260329010005,広島競輪,5R,10:10,2-5,2,5,43.7,0.01800378847796653,-0.21323444351286258
8720260329010007,熊本競輪,7R,22:40,1-3,1,3,21.0,0.03745877142237651,-0.21336580013009332
2820260328020012,立川競輪,12R,16:02,3-4,3,4,24.2,0.0324814358737439,-0.2139492518553977
3720260329010008,伊東競輪,8R,18:34,4-7,4,7,7.8,0.10038650274305183,-0.2169852786041957
6220260329010007,広島競輪,7R,10:50,1-4,1,4,17.5,0.04457978491469835,-0.2198537639927789
3520260329010001,平塚競輪,1R,20:50,1-5,1,5,13.0,0.059745727351907155,-0.223305544425207
8720260329010002,熊本競輪,2R,21:00,3-7,3,7,30.7,0.02525917795181595,-0.22454323687925037
3720260329010003,伊東競輪,3R,16:35,1-5,1,5,23.0,0.03364110246728252,-0.2262546432525021
3720260329010012,伊東競輪,12R,20:17,3-4,3,4,29.2,0.02642074603164679,-0.2285142158759137
8320260327030011,久留米競輪,11R,20:04,1-3,1,3,11.4,0.0673747384841913,-0.2319279812802192
4520260328020011,豊橋競輪,11R,15:44,5-7,5,7,23.3,0.03287461105967542,-0.23402156230956261
2820260328020011,立川競輪,11R,15:28,1-2,1,2,9.0,0.08440052425506159,-0.24039528170444568
4520260328020006,豊橋競輪,6R,13:22,5-9,5,9,43.5,0.017435896838072625,-0.24153848754384089
3720260329010005,伊東競輪,5R,17:22,2-6,2,6,38.5,0.019641364704957066,-0.2438074588591529
8320260327030011,久留米競輪,11R,20:04,1-7,1,7,9.1,0.08222986082784342,-0.2517082664666249
3720260329010008,伊東競輪,8R,18:34,1-5,1,5,32.5,0.02294811564835946,-0.25418624142831747
8320260327030006,久留米競輪,6R,17:58,3-6,3,6,23.7,0.03145991752172287,-0.25439995473516797
8720260329010006,熊本競輪,6R,22:20,4-5,4,5,15.0,0.049236598838718414,-0.26145101741922383
3520260329010003,平塚競輪,3R,21:30,2-5,2,5,10.8,0.06832130197704953,-0.26212993864786505
8720260329010006,熊本競輪,6R,22:20,4-7,4,7,15.0,0.04917544726335781,-0.2623682910496328
2820260328020008,立川競輪,8R,14:02,1-5,1,5,14.5,0.05073114918574108,-0.2643983368067544
3520260329010001,平塚競輪,1R,20:50,1-6,1,6,16.6,0.04430424713544011,-0.2645494975516941
4520260328020004,豊橋競輪,4R,12:30,4-8,4,8,53.6,0.013702166532763741,-0.2655638738438635
3120260327030002,松戸競輪,2R,09:20,2-4,2,4,13.5,0.054247174137729615,-0.26766314914065026
4520260328020001,豊橋競輪,1R,11:16,1-3,1,3,17.4,0.04192237567650588,-0.27055066322879784
8320260327030009,久留米競輪,9R,19:12,1-4,1,4,12.4,0.05822492999762094,-0.27801086802950037
8320260327030003,久留米競輪,3R,16:46,3-6,3,6,20.2,0.03571937220004003,-0.27846868155919136
4520260328020011,豊橋競輪,11R,15:44,3-9,3,9,10.8,0.06675793103048949,-0.2790143448707134
2820260328020005,立川競輪,5R,12:43,1-4,1,4,13.8,0.052093609026491974,-0.2811081954344107
2820260328020001,立川競輪,1R,11:05,4-5,4,5,10.2,0.0704273517742631,-0.28164101190251645
3720260329010011,伊東競輪,11R,19:51,1-5,1,5,12.0,0.059856947874842116,-0.2817166255018946
8720260329010007,熊本競輪,7R,22:40,3-5,3,5,21.0,0.034123351964706373,-0.28340960874116616
4520260328020011,豊橋競輪,11R,15:44,3-4,3,4,22.7,0.03137887182388918,-0.28769960959771557
8320260327030011,久留米競輪,11R,20:04,1-2,1,2,9.7,0.07331343760220102,-0.2888596552586502
8320260327030007,久留米競輪,7R,18:22,3-6,3,6,19.8,0.03551477045974275,-0.2968075448970935
8320260327030011,久留米競輪,11R,20:04,3-6,3,6,19.5,0.03594567976455129,-0.2990592445912498
3720260329010007,伊東競輪,7R,18:10,1-5,1,5,10.2,0.06853620436663485,-0.30093071546032457
8720260329010009,熊本競輪,9R,23:20,3-5,3,5,14.8,0.04721057850503582,-0.30128343812546976
8320260327030010,久留米競輪,10R,19:38,1-6,1,6,8.8,0.07930505466717841,-0.30211551892882993
3720260329010009,伊東競輪,9R,18:59,5-7,5,7,35.2,0.019822980178273407,-0.30223109772477597
8320260327030012,久留米競輪,12R,20:30,4-6,4,6,23.1,0.030128458342689183,-0.3040326122838798
3520260329010004,平塚競輪,4R,21:50,4-7,4,7,31.5,0.02202422795778948,-0.3062368193296314
3120260327030005,松戸競輪,5R,10:20,5-7,5,7,8.7,0.07970400344956631,-0.3065751699887732
3120260327030006,松戸競輪,6R,10:40,5-6,5,6,13.6,0.05092735729096294,-0.307387940842904
4520260328020003,豊橋競輪,3R,12:04,1-2,1,2,11.7,0.058917835926175076,-0.31066131966375166
3720260329010012,伊東競輪,12R,20:17,3-7,3,7,31.2,0.022030426651713224,-0.3126506884665474
3720260329010010,伊東競輪,10R,19:25,1-7,1,7,21.2,0.03235747434722454,-0.31402154383883985
8720260329010002,熊本競輪,2R,21:00,1-4,1,4,7.6,0.090032831595887,-0.3157504798712588
8720260329010005,熊本競輪,5R,22:00,1-2,1,2,8.6,0.07914790001971109,-0.31932805983048473
3720260329010011,伊東競輪,11R,19:51,3-7,3,7,11.5,0.05913080720923625,-0.31999571709378316
8720260329010004,熊本競輪,4R,21:40,1-5,1,5,11.5,0.05910522980204415,-0.3202898572764923
8320260327030007,久留米競輪,7R,18:22,3-7,3,7,10.7,0.06342563807507237,-0.32134567259672564
4520260328020008,豊橋競輪,8R,14:16,3-9,3,9,7.2,0.09410729886742092,-0.32242744815456936
8720260329010009,熊本競輪,9R,23:20,1-3,1,3,8.2,0.08255454937447089,-0.32305269512933876
8320260327030007,久留米競輪,7R,18:22,2-3,2,3,12.0,0.056096675811313654,-0.3268398902642362
8720260329010005,熊本競輪,5R,22:00,2-7,2,7,17.2,0.03907050404768561,-0.32798733037980754
6220260329010006,広島競輪,6R,10:30,1-2,1,2,6.8,0.0987368572208349,-0.32858937089832263
8720260329010005,熊本競輪,5R,22:00,3-4,3,4,17.2,0.03903110738828878,-0.32866495292143305
8720260329010007,熊本競輪,7R,22:40,1-2,1,2,10.5,0.06392318204675299,-0.3288065885090936
3120260327030004,松戸競輪,4R,10:00,2-7,2,7,9.0,0.07456178323899476,-0.32894395084904715
3520260329010003,平塚競輪,3R,21:30,3-5,3,5,10.8,0.06190548549703771,-0.33142075663199266
4520260328020003,豊橋競輪,3R,12:04,4-7,4,7,19.4,0.034409287780052984,-0.33245981706697214
3720260329010003,伊東競輪,3R,16:35,4-7,4,7,10.7,0.06237255865753517,-0.33261362236437375
3120260327030006,松戸競輪,6R,10:40,2-6,2,6,5.8,0.11350929937211506,-0.34164606364173267
4520260328020003,豊橋競輪,3R,12:04,1-8,1,8,16.8,0.039093262223774725,-0.34323319464058455
4520260328020010,豊橋競輪,10R,15:12,5-7,5,7,15.7,0.04179770795270494,-0.3437759851425325
3120260327030002,松戸競輪,2R,09:20,1-3,1,3,6.5,0.10085918851746815,-0.34441527463645705
2820260328020009,立川競輪,9R,14:30,2-7,2,7,22.1,0.029648786370926737,-0.3447618212025191
8320260327030002,久留米競輪,2R,16:26,4-7,4,7,39.7,0.016459218644317215,-0.3465690198206065
4520260328020006,豊橋競輪,6R,13:22,2-8,2,8,31.7,0.02059383587928657,-0.34717540262661584
8720260329010009,熊本競輪,9R,23:20,1-4,1,4,7.4,0.08796912491029518,-0.3490284756638157
8320260327030002,久留米競輪,2R,16:26,3-6,3,6,45.2,0.014362480986866929,-0.3508158593936148
8320260327030009,久留米競輪,9R,19:12,1-3,1,3,10.2,0.06354841519659805,-0.35180616499469985
3120260327030003,松戸競輪,3R,09:40,2-6,2,6,131.2,0.004923751158214655,-0.3540038480422374
8320260327030003,久留米競輪,3R,16:46,4-5,4,5,8.8,0.07331406051304462,-0.35483626748520725
8720260329010009,熊本競輪,9R,23:20,1-7,1,7,10.6,0.06085043104384377,-0.35498543093525603
8320260327030011,久留米競輪,11R,20:04,4-7,4,7,11.9,0.054121552715044735,-0.3559535226909676
4520260328020003,豊橋競輪,3R,12:04,5-7,5,7,8.8,0.07309815462209555,-0.3567362393255591
3720260329010005,伊東競輪,5R,17:22,6-7,6,7,25.1,0.025592744927344688,-0.3576221023236483
4520260328020007,豊橋競輪,7R,13:48,2-4,2,4,29.8,0.02151779549976096,-0.35876969410712334
3720260329010011,伊東競輪,11R,19:51,1-2,1,2,14.2,0.045121238119803606,-0.35927841869878885
8320260327030003,久留米競輪,3R,16:46,3-4,3,4,9.2,0.06951004617616602,-0.3605075751792727
8720260329010006,熊本競輪,6R,22:20,3-5,3,5,15.0,0.04244293267967309,-0.3633560098049037
3720260329010011,伊東競輪,11R,19:51,1-3,1,3,5.8,0.10973930760863328,-0.363512015869927
4520260328020011,豊橋競輪,11R,15:44,7-9,7,9,8.6,0.07396396308014844,-0.36390991751072344
8720260329010005,熊本競輪,5R,22:00,1-5,1,5,8.6,0.07372459239799095,-0.3659685053772779
4520260328020009,豊橋競輪,9R,14:44,1-8,1,8,28.3,0.02236995308247744,-0.3669303277658884
3520260329010006,平塚競輪,6R,22:30,5-7,5,7,24.0,0.02637327471203946,-0.3670414069110529
4520260328020009,豊橋競輪,9R,14:44,7-9,7,9,12.6,0.050083223155553865,-0.36895138824002127
4520260328020011,豊橋競輪,11R,15:44,2-9,2,9,15.6,0.04044746091099665,-0.3690196097884523
4520260328020004,豊橋競輪,4R,12:30,1-6,1,6,36.1,0.01745879583420632,-0.3697374703851518
8320260327030006,久留米競輪,6R,17:58,2-5,2,5,9.6,0.06564804041564004,-0.36977881200985563
8320260327030012,久留米競輪,12R,20:30,2-7,2,7,5.9,0.10669184888835245,-0.3705180915587205
2820260328020008,立川競輪,8R,14:02,2-7,2,7,13.3,0.04714066962488975,-0.37302909398896633
4520260328020001,豊橋競輪,1R,11:16,1-7,1,7,6.4,0.09770027114138635,-0.37471826469512726
4520260328020012,豊橋競輪,12R,16:20,1-2,1,2,7.9,0.07909673937394299,-0.3751357589458504
8320260327030008,久留米競輪,8R,18:46,1-5,1,5,8.0,0.07794650602064716,-0.3764279518348227
8720260329010002,熊本競輪,2R,21:00,2-7,2,7,15.3,0.04062954599270302,-0.3783679463116437
3520260329010003,平塚競輪,3R,21:30,4-5,4,5,21.7,0.028602657092865916,-0.37932234108480967
8720260329010006,熊本競輪,6R,22:20,3-7,3,7,15.0,0.04137458516151228,-0.37938122257731577
2820260328020003,立川競輪,3R,11:52,3-4,3,4,7.8,0.07926841171868884,-0.381706388594227
3720260329010005,伊東競輪,5R,17:22,1-7,1,7,7.2,0.0858330611843297,-0.3820019594728261
3720260329010001,伊東競輪,1R,15:54,1-7,1,7,10.9,0.056592467611143366,-0.38314210303853724
3520260329010004,平塚競輪,4R,21:50,4-6,4,6,15.7,0.039230185066130546,-0.38408609446175046
3720260329010005,伊東競輪,5R,17:22,2-3,2,3,15.2,0.04039176859199918,-0.3860451174016125
3120260327030001,松戸競輪,1R,09:00,2-5,2,5,6.6,0.09252729851713509,-0.3893198297869084
3720260329010011,伊東競輪,11R,19:51,1-7,1,7,15.7,0.03857457452538656,-0.394379179951431
3720260329010009,伊東競輪,9R,18:59,1-5,1,5,18.6,0.03253305888354401,-0.3948851047660813
4520260328020005,豊橋競輪,5R,12:56,1-9,1,9,8.9,0.06798857486544863,-0.3949016836975072
3520260329010007,平塚競輪,7R,22:50,5-7,5,7,42.3,0.014273200265598692,-0.3962436287651754
3720260329010012,伊東競輪,12R,20:17,2-3,2,3,17.0,0.035293173010418906,-0.4000160588228786
3720260329010011,伊東競輪,11R,19:51,5-7,5,7,23.0,0.026058395027017105,-0.4006569143786066
2820260328020012,立川競輪,12R,16:02,5-7,5,7,8.9,0.06721895723135686,-0.4017512806409239
8320260327030001,久留米競輪,1R,16:06,4-7,4,7,11.5,0.05198555838757071,-0.40216607854293684
3520260329010004,平塚競輪,4R,21:50,3-5,3,5,15.7,0.03800649782304521,-0.4032979841781903
8320260327030005,久留米競輪,5R,17:34,5-7,5,7,8.5,0.07014820647380092,-0.40374024497269223
8320260327030001,久留米競輪,1R,16:06,3-5,3,5,18.5,0.03222404534261359,-0.40385516116164855
2820260328020011,立川競輪,11R,15:28,2-7,2,7,7.8,0.07638085778763494,-0.4042293092564475
4520260328020009,豊橋競輪,9R,14:44,5-7,5,7,19.7,0.0301347804999246,-0.4063448241514853
3520260329010004,平塚競輪,4R,21:50,3-7,3,7,31.5,0.018788425152810165,-0.4081646076864798
2820260328020012,立川競輪,12R,16:02,2-5,2,5,4.9,0.12026504983922601,-0.4107012557877925
8720260329010002,熊本競輪,2R,21:00,1-5,1,5,15.3,0.03842580568509539,-0.4120851730180405
3520260329010006,平塚競輪,6R,22:30,2-7,2,7,12.0,0.04890152147123687,-0.4131817423451576
4520260328020001,豊橋競輪,1R,11:16,3-7,3,7,13.2,0.04440077321855653,-0.41390979351505386
2820260328020009,立川競輪,9R,14:30,1-2,1,2,7.8,0.07510728144117483,-0.4141632047588363
8320260327030001,久留米競輪,1R,16:06,1-5,1,5,14.8,0.03955579639816732,-0.41457421330712363
8320260327030004,久留米競輪,4R,17:10,5-7,5,7,7.2,0.0811358297144338,-0.41582202605607665
8320260327030009,久留米競輪,9R,19:12,1-2,1,2,5.3,0.11007037534455794,-0.416627010673843
2820260328020004,立川競輪,4R,12:17,1-2,1,2,7.2,0.08087488742017188,-0.4177008105747625
3720260329010009,伊東競輪,9R,18:59,1-7,1,7,19.8,0.029376821260975308,-0.41833893903268893
8720260329010006,熊本競輪,6R,22:20,1-4,1,4,7.5,0.07685185077376848,-0.42361111919673644
4520260328020009,豊橋競輪,9R,14:44,7-8,7,8,36.4,0.015823772852296324,-0.42401466817641387
3720260329010012,伊東競輪,12R,20:17,5-7,5,7,6.9,0.08344611944057478,-0.42422177586003396
3520260329010001,平塚競輪,1R,20:50,2-3,2,3,8.5,0.0677133129308092,-0.42443684008812177
3720260329010011,伊東競輪,11R,19:51,2-7,2,7,37.5,0.015338767012504365,-0.42479623703108627
8320260327030008,久留米競輪,8R,18:46,3-6,3,6,39.4,0.014466202774606068,-0.430031610680521
6220260329010007,広島競輪,7R,10:50,3-4,3,4,6.0,0.09499204021147291,-0.4300477587311625
6220260329010005,広島競輪,5R,10:10,5-7,5,7,6.5,0.08751545879850553,-0.431149517809714
6220260329010004,広島競輪,4R,09:50,5-7,5,7,5.7,0.09975936633819459,-0.4313716118722909
3720260329010002,伊東競輪,2R,16:14,2-4,2,4,19.4,0.029253979824631165,-0.43247279140215544
4520260328020004,豊橋競輪,4R,12:30,2-7,2,7,27.7,0.020396239696812132,-0.43502416039830394
6220260329010002,広島競輪,2R,09:10,1-7,1,7,8.0,0.07045104203172213,-0.43639166374622296
8720260329010009,熊本競輪,9R,23:20,5-6,5,6,24.7,0.02278367159575157,-0.43724331158493623
8320260327030001,久留米競輪,1R,16:06,5-7,5,7,7.3,0.07704471784040995,-0.43757355976500734
3720260329010008,伊東競輪,8R,18:34,4-5,4,5,8.3,0.0676841222504938,-0.4382217853209014
4520260328020008,豊橋競輪,8R,14:16,5-8,5,8,40.1,0.01400029695876899,-0.43858809195336346
3720260329010006,伊東競輪,6R,17:46,5-6,5,6,6.1,0.09181315593002029,-0.43993974882687625
8320260327030008,久留米競輪,8R,18:46,3-7,3,7,22.5,0.02487607487298449,-0.44028831535784896
4520260328020008,豊橋競輪,8R,14:16,3-4,3,4,15.1,0.03705290067569692,-0.44050119979697644
3520260329010001,平塚競輪,1R,20:50,1-3,1,3,7.2,0.07731374159500082,-0.4433410605159941
4520260328020005,豊橋競輪,5R,12:56,3-5,3,5,15.2,0.03658711949758639,-0.4438757836366869
8320260327030012,久留米競輪,12R,20:30,1-2,1,2,9.1,0.061098210810769674,-0.44400628162199596
4520260328020002,豊橋競輪,2R,11:40,1-4,1,4,11.6,0.04790500510929554,-0.4443019407321718
4520260328020003,豊橋競輪,3R,12:04,1-5,1,5,6.0,0.09258842017166141,-0.44446947897003153
3720260329010011,伊東競輪,11R,19:51,3-5,3,5,6.6,0.08413508822607518,-0.4447084177079038
2820260328020005,立川競輪,5R,12:43,4-7,4,7,7.2,0.07684142266804918,-0.4467417567900459
3720260329010012,伊東競輪,12R,20:17,6-7,6,7,31.2,0.017727054804496795,-0.4469158900997
8320260327030011,久留米競輪,11R,20:04,1-5,1,5,12.4,0.044572654351766425,-0.4472990860380963
8320260327030012,久留米競輪,12R,20:30,1-3,1,3,22.8,0.02421164523815169,-0.44797448857014144
2820260328020001,立川競輪,1R,11:05,3-5,3,5,15.2,0.036124933387079616,-0.4509010125163898
3120260327030004,松戸競輪,4R,10:00,2-3,2,3,6.0,0.09114204032006601,-0.45314775807960395
4520260328020002,豊橋競輪,2R,11:40,2-6,2,6,78.4,0.006973575159099604,-0.45327170752659096
3520260329010009,平塚競輪,9R,23:30,2-4,2,4,8.6,0.06357162438012884,-0.45328403033089204
2820260328020010,立川競輪,10R,14:58,2-4,2,4,6.5,0.08396328894019402,-0.45423862188873887
8720260329010005,熊本競輪,5R,22:00,1-3,1,3,8.6,0.06335048797916817,-0.4551858033791537
3120260327030007,松戸競輪,7R,11:00,4-6,4,6,7.9,0.06864636357554674,-0.45769372775318073
3520260329010005,平塚競輪,5R,22:10,2-7,2,7,9.7,0.05578669091615219,-0.45886909811332377
8720260329010005,熊本競輪,5R,22:00,4-6,4,6,17.2,0.031452796200205836,-0.45901190535645964
4520260328020010,豊橋競輪,10R,15:12,2-9,2,9,19.2,0.02813835975328155,-0.4597434927369942
3120260327030002,松戸競輪,2R,09:20,3-4,3,4,6.3,0.08565179092110957,-0.4603937171970097
8320260327030011,久留米競輪,11R,20:04,3-4,3,4,12.2,0.044163067240348214,-0.4612105796677518
8720260329010002,熊本競輪,2R,21:00,1-7,1,7,10.2,0.052766117445499666,-0.46178560205590347
6220260329010007,広島競輪,7R,10:50,1-3,1,3,5.2,0.1032672141573231,-0.4630104863819199
8320260327030007,久留米競輪,7R,18:22,3-5,3,5,16.3,0.03283406599790551,-0.4648047242341401
4520260328020009,豊橋競輪,9R,14:44,4-5,4,5,25.2,0.021113817997949272,-0.4679317864516783
3120260327030003,松戸競輪,3R,09:40,4-6,4,6,16.6,0.03200272694182399,-0.46875473276572177
4520260328020009,豊橋競輪,9R,14:44,4-7,4,7,12.3,0.04305460637265841,-0.47042834161630154
3520260329010002,平塚競輪,2R,21:10,1-5,1,5,7.9,0.06701627053670717,-0.4705714627600134
4520260328020004,豊橋競輪,4R,12:30,5-9,5,9,6.9,0.07653554119157424,-0.47190476577813767
3720260329010011,伊東競輪,11R,19:51,2-4,2,4,20.0,0.026369711576700636,-0.47260576846598723
2820260328020009,立川競輪,9R,14:30,2-4,2,4,15.2,0.034651642360619836,-0.4732950361185785
8320260327030007,久留米競輪,7R,18:22,4-7,4,7,8.9,0.059150216298129624,-0.4735630749466463
4520260328020006,豊橋競輪,6R,13:22,2-9,2,9,17.5,0.03007180560808813,-0.47374340185845776
8720260329010002,熊本競輪,2R,21:00,2-3,2,3,10.2,0.05129486344937091,-0.4767923928164167
3720260329010010,伊東競輪,10R,19:25,2-5,2,5,5.3,0.09839679631966718,-0.478496979505764
8320260327030007,久留米競輪,7R,18:22,5-7,5,7,11.5,0.04533572171391971,-0.47863920028992335
4520260328020002,豊橋競輪,2R,11:40,5-8,5,8,23.3,0.022352986427342993,-0.47917541624290827
3720260329010009,伊東競輪,9R,18:59,1-2,1,2,9.6,0.05397787518499515,-0.48181239822404653
2820260328020001,立川競輪,1R,11:05,1-5,1,5,8.3,0.062346806971508725,-0.4825215021364775
4520260328020002,豊橋競輪,2R,11:40,2-8,2,8,23.7,0.021831131933224543,-0.48260217318257836
8320260327030008,久留米競輪,8R,18:46,2-7,2,7,7.3,0.07049244777488878,-0.48540513124331197
8320260327030007,久留米競輪,7R,18:22,2-7,2,7,6.7,0.07654643633888905,-0.4871388765294433
8720260329010006,熊本競輪,6R,22:20,2-4,2,4,7.5,0.06817577174810877,-0.4886817118891843
8320260327030009,久留米競輪,9R,19:12,5-7,5,7,15.0,0.033885553596595314,-0.49171669605107027
3120260327030006,松戸競輪,6R,10:40,2-5,2,5,4.9,0.10359243085984159,-0.49239708878677624
8720260329010006,熊本競輪,6R,22:20,1-3,1,3,7.5,0.06754481552892007,-0.49341388353309945
8320260327030006,久留米競輪,6R,17:58,1-4,1,4,5.0,0.1012051119938763,-0.4939744400306185
8320260327030012,久留米競輪,12R,20:30,3-6,3,6,30.4,0.016609706719285182,-0.49506491573373046
3720260329010010,伊東競輪,10R,19:25,4-6,4,6,25.2,0.020007283877872876,-0.4958164462776036
3520260329010006,平塚競輪,6R,22:30,4-6,4,6,24.0,0.020978119291360044,-0.4965251370073589
8320260327030007,久留米競輪,7R,18:22,1-7,1,7,6.3,0.07974158993923203,-0.4976279833828382
4520260328020001,豊橋競輪,1R,11:16,1-6,1,6,20.1,0.024927884443915343,-0.4989495226773015
3720260329010005,伊東競輪,5R,17:22,1-2,1,2,6.5,0.07690953856006544,-0.5000879993595746
8320260327030003,久留米競輪,3R,16:46,5-7,5,7,7.0,0.07139038228806173,-0.5002673239835679
3720260329010011,伊東競輪,11R,19:51,2-5,2,5,15.7,0.03172159321136579,-0.5019709865815571
8320260327030005,久留米競輪,5R,17:34,5-6,5,6,10.0,0.04961493509228625,-0.5038506490771375
8320260327030008,久留米競輪,8R,18:46,1-3,1,3,16.6,0.02984277630015409,-0.504609913417442
4520260328020002,豊橋競輪,2R,11:40,1-3,1,3,9.2,0.05373688535375519,-0.5056206547454523
4520260328020006,豊橋競輪,6R,13:22,1-7,1,7,9.4,0.052068249842006545,-0.5105584514851385
3120260327030005,松戸競輪,5R,10:20,3-7,3,7,6.4,0.07612103059177085,-0.5128254042126665
2820260328020003,立川競輪,3R,11:52,4-7,4,7,9.0,0.05392492376745216,-0.5146756860929306
3720260329010008,伊東競輪,8R,18:34,2-4,2,4,9.2,0.052496185535784806,-0.5170350930707799
3120260327030006,松戸競輪,6R,10:40,3-5,3,5,8.7,0.05550875907630899,-0.5170737960361118
3720260329010008,伊東競輪,8R,18:34,6-7,6,7,7.8,0.06180253479899463,-0.5179402285678419
6220260329010004,広島競輪,4R,09:50,4-5,4,5,7.6,0.06310778914823263,-0.520380802473432
8320260327030012,久留米競輪,12R,20:30,3-5,3,5,16.5,0.029034225198433215,-0.5209352842258519
3520260329010006,平塚競輪,6R,22:30,2-5,2,5,8.0,0.05987925218362389,-0.5209659825310089
8320260327030004,久留米競輪,4R,17:10,2-5,2,5,4.8,0.09968263069227946,-0.5215233726770586
2820260328020001,立川競輪,1R,11:05,3-4,3,4,15.4,0.031025284445122737,-0.5222106195451098
8720260329010007,熊本競輪,7R,22:40,3-7,3,7,21.0,0.0227049634407383,-0.5231957677444956
4520260328020005,豊橋競輪,5R,12:56,1-5,1,5,7.9,0.0601509092663281,-0.524807816796008
3120260327030003,松戸競輪,3R,09:40,3-7,3,7,4.1,0.11564132897154827,-0.5258705512166522
2820260328020001,立川競輪,1R,11:05,4-7,4,7,6.0,0.07887876771306276,-0.5267273937216235
8720260329010005,熊本競輪,5R,22:00,1-4,1,4,8.6,0.05490637761486636,-0.5278051525121493
6220260329010006,広島競輪,6R,10:30,2-7,2,7,5.8,0.08128142332555349,-0.5285677447117898
8720260329010007,熊本競輪,7R,22:40,1-4,1,4,7.0,0.06721043216875142,-0.5295269748187401
3520260329010002,平塚競輪,2R,21:10,1-4,1,4,5.8,0.08109560595293432,-0.529645485472981
8320260327030003,久留米競輪,3R,16:46,4-7,4,7,4.7,0.09999313746709215,-0.5300322539046669
8320260327030012,久留米競輪,12R,20:30,1-6,1,6,19.7,0.023727608117348732,-0.53256612008823
3720260329010009,伊東競輪,9R,18:59,2-3,2,3,7.0,0.06676667784708842,-0.5326332550703811
3120260327030004,松戸競輪,4R,10:00,2-6,2,6,10.8,0.043146385945499875,-0.5340190317886013
2820260328020010,立川競輪,10R,14:58,1-2,1,2,3.4,0.13687749841024743,-0.5346165054051588
4520260328020001,豊橋競輪,1R,11:16,3-4,3,4,18.5,0.02515308639807295,-0.5346679016356504
8720260329010009,熊本競輪,9R,23:20,4-5,4,5,9.2,0.05035441611729069,-0.5367393717209257
3520260329010003,平塚競輪,3R,21:30,2-7,2,7,10.8,0.0428531224388845,-0.5371862776600473
8320260327030008,久留米競輪,8R,18:46,3-5,3,5,7.5,0.06155125148469501,-0.5383656138647874
8720260329010006,熊本競輪,6R,22:20,1-5,1,5,7.5,0.061349859312744726,-0.5398760551544146
4520260328020004,豊橋競輪,4R,12:30,3-9,3,9,14.1,0.032516184783611526,-0.5415217945510775
8720260329010009,熊本競輪,9R,23:20,3-4,3,4,8.2,0.05498767332595647,-0.549101078727157
3520260329010004,平塚競輪,4R,21:50,1-4,1,4,6.3,0.07153090770191622,-0.5493552814779278
8320260327030002,久留米競輪,2R,16:26,1-5,1,5,3.4,0.131280573376744,-0.5536460505190703
3720260329010005,伊東競輪,5R,17:22,1-4,1,4,6.1,0.07316043086668263,-0.553721371713236
3720260329010005,伊東競輪,5R,17:22,3-5,3,5,9.4,0.047108351872137966,-0.5571814924019032
4520260328020005,豊橋競輪,5R,12:56,1-8,1,8,15.5,0.028524772105223608,-0.5578660323690341
8320260327030009,久留米競輪,9R,19:12,1-7,1,7,6.9,0.06400716534025956,-0.558350559152209
2820260328020007,立川競輪,7R,13:35,3-4,3,4,6.1,0.07231956489395741,-0.5588506541468599
4520260328020008,豊橋競輪,8R,14:16,3-7,3,7,7.3,0.06031027781468118,-0.5597349719528274
2820260328020012,立川競輪,12R,16:02,2-7,2,7,8.8,0.04996250008767632,-0.5603299992284484
8720260329010002,熊本競輪,2R,21:00,1-6,1,6,6.1,0.07118165733897322,-0.5657918902322634
4520260328020001,豊橋競輪,1R,11:16,2-8,2,8,16.2,0.026682848723083324,-0.5677378506860502
2820260328020011,立川競輪,11R,15:28,1-7,1,7,10.1,0.04270632555426781,-0.5686661119018952
2820260328020008,立川競輪,8R,14:02,3-4,3,4,8.2,0.05258137963422992,-0.5688326869993147
3520260329010009,平塚競輪,9R,23:30,3-7,3,7,9.9,0.04317920112209865,-0.5725259088912233
8320260327030011,久留米競輪,11R,20:04,2-7,2,7,7.2,0.05935731622647512,-0.5726273231693791
3720260329010012,伊東競輪,12R,20:17,1-4,1,4,9.6,0.04444913453716577,-0.5732883084432085
3120260327030001,松戸競輪,1R,09:00,1-5,1,5,11.3,0.03770971602633766,-0.5738802089023844
3520260329010003,平塚競輪,3R,21:30,4-6,4,6,21.7,0.019537298769441977,-0.5760406167031091
4520260328020006,豊橋競輪,6R,13:22,2-7,2,7,5.9,0.07150358750999819,-0.5781288336910106
3520260329010009,平塚競輪,9R,23:30,4-7,4,7,9.2,0.045840545635699954,-0.5782669801515605
3720260329010002,伊東競輪,2R,16:14,3-5,3,5,10.5,0.040115196475436724,-0.5787904370079144
8320260327030009,久留米競輪,9R,19:12,1-5,1,5,7.5,0.055866949355336454,-0.5809978798349766
8320260327030006,久留米競輪,6R,17:58,1-3,1,3,9.3,0.04495617022595012,-0.5819076168986639
3720260329010001,伊東競輪,1R,15:54,1-4,1,4,11.2,0.03712849399945963,-0.5841608672060521
8320260327030005,久留米競輪,5R,17:34,2-7,2,7,5.7,0.07233025346980801,-0.5877175552220943
8320260327030001,久留米競輪,1R,16:06,3-7,3,7,7.9,0.051767905886311145,-0.591033543498142
2820260328020006,立川競輪,6R,13:09,1-3,1,3,5.3,0.07708372521570368,-0.5914562563567705
3520260329010006,平塚競輪,6R,22:30,1-4,1,4,8.0,0.05085964951513011,-0.5931228038789591
8320260327030004,久留米競輪,4R,17:10,2-4,2,4,6.4,0.06291507546267326,-0.5973435170388911
8320260327030011,久留米競輪,11R,20:04,1-4,1,4,6.1,0.06596414711962106,-0.5976187025703115
8720260329010006,熊本競輪,6R,22:20,2-7,2,7,7.5,0.05309813109558931,-0.6017640167830802
2820260328020001,立川競輪,1R,11:05,2-7,2,7,5.8,0.06855148497084454,-0.6024013871691016
8720260329010006,熊本競輪,6R,22:20,4-6,4,6,15.0,0.026470753410459607,-0.6029386988431059
8720260329010005,熊本競輪,5R,22:00,4-5,4,5,8.6,0.04605856322605603,-0.6038963562559181
3120260327030003,松戸競輪,3R,09:40,2-5,2,5,65.6,0.006027759072331941,-0.6045790048550247
3720260329010001,伊東競輪,1R,15:54,2-5,2,5,5.9,0.06688698963111317,-0.6053667611764323
2820260328020008,立川競輪,8R,14:02,4-5,4,5,11.0,0.03577915813292344,-0.6064292605378421
8720260329010005,熊本競輪,5R,22:00,4-7,4,7,17.2,0.022764389972895344,-0.6084524924662
8320260327030009,久留米競輪,9R,19:12,3-6,3,6,20.4,0.01919156759533409,-0.6084920210551845
8320260327030002,久留米競輪,2R,16:26,1-7,1,7,4.9,0.07966004748239769,-0.6096657673362513
8320260327030008,久留米競輪,8R,18:46,3-4,3,4,35.0,0.011144724939755095,-0.6099346271085717
6220260329010007,広島競輪,7R,10:50,3-7,3,7,5.9,0.06608299848302378,-0.6101103089501596
4520260328020011,豊橋競輪,11R,15:44,1-9,1,9,4.6,0.08475705985745362,-0.6101175246557133
8320260327030006,久留米競輪,6R,17:58,1-6,1,6,7.9,0.04916369560524865,-0.6116068047185357
2820260328020004,立川競輪,4R,12:17,2-5,2,5,6.1,0.06348858709808937,-0.6127196187016548
2820260328020005,立川競輪,5R,12:43,1-7,1,7,4.2,0.09148124715725349,-0.6157787619395354
3120260327030002,松戸競輪,2R,09:20,2-3,2,3,3.1,0.1228320249940868,-0.6192207225183309
3720260329010011,伊東競輪,11R,19:51,2-6,2,6,15.7,0.02416799975174272,-0.6205624038976394
4520260328020006,豊橋競輪,6R,13:22,5-7,5,7,9.1,0.0416201269559492,-0.6212568447008623
2820260328020011,立川競輪,11R,15:28,2-4,2,4,7.9,0.047770598426970665,-0.6226122724269317
4520260328020002,豊橋競輪,2R,11:40,1-2,1,2,13.2,0.028470759808201296,-0.624185970531743
3520260329010005,平塚競輪,5R,22:10,2-5,2,5,5.8,0.0640607568169482,-0.6284476104617005
3720260329010009,伊東競輪,9R,18:59,3-5,3,5,8.8,0.042186961449617824,-0.6287547392433631
6220260329010002,広島競輪,2R,09:10,2-3,2,3,6.9,0.053705516162966656,-0.62943193847553
2820260328020008,立川競輪,8R,14:02,4-6,4,6,12.2,0.030224999279840445,-0.6312550087859465
3720260329010009,伊東競輪,9R,18:59,1-3,1,3,6.7,0.05494499878269986,-0.631868508155911
8320260327030005,久留米競輪,5R,17:34,2-6,2,6,7.0,0.05249874083201897,-0.6325088141758672
4520260328020010,豊橋競輪,10R,15:12,7-9,7,9,11.5,0.03188101073731129,-0.6333683765209202
4520260328020007,豊橋競輪,7R,13:48,1-3,1,3,4.8,0.07569913822109346,-0.6366441365387514
3520260329010009,平塚競輪,9R,23:30,5-7,5,7,10.8,0.033594988293138964,-0.6371741264340991
8320260327030005,久留米競輪,5R,17:34,6-7,6,7,4.3,0.08426080446997034,-0.6376785407791276
8320260327030012,久留米競輪,12R,20:30,6-7,6,7,8.2,0.043037113989531854,-0.6470956652858388
3120260327030007,松戸競輪,7R,11:00,4-7,4,7,5.4,0.06458836360980807,-0.6512228365070364
2820260328020001,立川競輪,1R,11:05,5-7,5,7,3.4,0.10209100423438192,-0.6528905856031015
3520260329010006,平塚競輪,6R,22:30,3-6,3,6,8.0,0.0432976578794807,-0.6536187369641544
8720260329010009,熊本競輪,9R,23:20,2-5,2,5,7.4,0.0465025843803326,-0.6558808755855388
8720260329010002,熊本競輪,2R,21:00,4-7,4,7,7.6,0.045257445665321756,-0.6560434129435546
3520260329010004,平塚競輪,4R,21:50,3-4,3,4,10.5,0.032593956091417346,-0.6577634610401178
8720260329010002,熊本競輪,2R,21:00,5-7,5,7,30.7,0.01103742411196891,-0.6611510797625544
8320260327030006,久留米競輪,6R,17:58,3-4,3,4,4.3,0.07875633605029285,-0.6613477549837408
4520260328020010,豊橋競輪,10R,15:12,2-7,2,7,3.8,0.08895544847427203,-0.6619692957977663
2820260328020004,立川競輪,4R,12:17,5-7,5,7,8.7,0.0388111649330081,-0.6623428650828296
6220260329010003,広島競輪,3R,09:30,3-5,3,5,6.0,0.056058914795022584,-0.6636465112298645
3720260329010003,伊東競輪,3R,16:35,3-4,3,4,7.2,0.0464326696063089,-0.6656847788345759
3720260329010010,伊東競輪,10R,19:25,3-7,3,7,7.6,0.043798159229070766,-0.6671339898590622
8720260329010002,熊本競輪,2R,21:00,5-6,5,6,15.3,0.021725996532666898,-0.6675922530501964
8720260329010006,熊本競輪,6R,22:20,3-6,3,6,15.0,0.02202792489064267,-0.66958112664036
3520260329010005,平塚競輪,5R,22:10,2-3,2,3,7.3,0.04522231296509785,-0.6698771153547858
4520260328020001,豊橋競輪,1R,11:16,5-7,5,7,6.2,0.05297151967967281,-0.6715765779860285
8720260329010005,熊本競輪,5R,22:00,2-3,2,3,5.7,0.05695168915678985,-0.6753753718062978
8720260329010009,熊本競輪,9R,23:20,5-7,5,7,10.6,0.030587895702834596,-0.6757683055499533
3520260329010006,平塚競輪,6R,22:30,4-7,4,7,24.0,0.013412560635901745,-0.6780985447383581
8720260329010009,熊本競輪,9R,23:20,3-7,3,7,9.2,0.034903390656651725,-0.6788888059588041
3720260329010010,伊東競輪,10R,19:25,1-4,1,4,10.1,0.031279521124335505,-0.6840768366442114
3520260329010004,平塚競輪,4R,21:50,2-5,2,5,5.2,0.060701492902824214,-0.6843522369053141
8320260327030011,久留米競輪,11R,20:04,4-5,4,5,11.0,0.02862454915447748,-0.6851299593007477
4520260328020008,豊橋競輪,8R,14:16,1-9,1,9,5.9,0.05310303659209023,-0.6866920841066676
4520260328020002,豊橋競輪,2R,11:40,3-4,3,4,5.4,0.05782888671554334,-0.6877240117360659
8320260327030005,久留米競輪,5R,17:34,2-5,2,5,7.7,0.040413045820163696,-0.6888195471847396
3120260327030001,松戸競輪,1R,09:00,5-6,5,6,3.9,0.07909158070730782,-0.6915428352414995
3520260329010006,平塚競輪,6R,22:30,1-2,1,2,3.0,0.10256807328321177,-0.6922957801503646
8320260327030007,久留米競輪,7R,18:22,2-4,2,4,6.3,0.04879197107890024,-0.6926105822029285
8320260327030001,久留米競輪,1R,16:06,2-7,2,7,2.4,0.12753374275903462,-0.693919017378317
3120260327030004,松戸競輪,4R,10:00,1-7,1,7,9.6,0.031148318744741523,-0.7009761400504814
8720260329010006,熊本競輪,6R,22:20,2-3,2,3,5.0,0.05970729856063593,-0.7014635071968203
4520260328020011,豊橋競輪,11R,15:44,5-9,5,9,5.5,0.05411759814160037,-0.702353210221198
2820260328020010,立川競輪,10R,14:58,1-4,1,4,4.6,0.06412544414028482,-0.7050229569546899
3120260327030003,松戸競輪,3R,09:40,2-4,2,4,28.9,0.010142088579662,-0.7068936400477682
3720260329010009,伊東競輪,9R,18:59,1-4,1,4,4.1,0.07138964882121326,-0.7073024398330257
2820260328020002,立川競輪,2R,11:28,2-7,2,7,6.4,0.045266470803631526,-0.7102945868567583
3720260329010008,伊東競輪,8R,18:34,5-7,5,7,5.2,0.05561201492517464,-0.7108175223890918
4520260328020002,豊橋競輪,2R,11:40,2-7,2,7,6.2,0.04649080586491554,-0.7117570036375236
4520260328020008,豊橋競輪,8R,14:16,7-9,7,9,4.3,0.06683646936644821,-0.7126031817242726
3520260329010004,平塚競輪,4R,21:50,2-3,2,3,6.3,0.0451285829391499,-0.7156899274833557
3720260329010012,伊東競輪,12R,20:17,2-5,2,5,2.5,0.11326701091822125,-0.7168324727044468
2820260328020007,立川競輪,7R,13:35,1-3,1,3,3.2,0.08764874643738124,-0.71952401140038
2820260328020009,立川競輪,9R,14:30,1-4,1,4,3.5,0.0797753647280461,-0.7207862234518387
3720260329010011,伊東競輪,11R,19:51,1-4,1,4,5.0,0.055540925689396864,-0.7222953715530157
3520260329010005,平塚競輪,5R,22:10,1-5,1,5,3.6,0.07690686630802177,-0.7231352812911216
2820260328020012,立川競輪,12R,16:02,5-6,5,6,5.4,0.05104232793115232,-0.7243714291717774
8320260327030010,久留米競輪,10R,19:38,1-2,1,2,4.1,0.06718704870617269,-0.724533100304692
8320260327030012,久留米競輪,12R,20:30,1-4,1,4,6.8,0.0403290595716765,-0.7257623949125998
8320260327030012,久留米競輪,12R,20:30,1-7,1,7,4.7,0.05810244584857348,-0.7269185045117046
3520260329010003,平塚競輪,3R,21:30,6-7,6,7,10.8,0.025273630370365854,-0.7270447920000487
4520260328020008,豊橋競輪,8R,14:16,2-7,2,7,10.1,0.026957163763775202,-0.7277326459858704
3520260329010004,平塚競輪,4R,21:50,2-7,2,7,7.8,0.03418765462368028,-0.7333362939352939
2820260328020003,立川競輪,3R,11:52,1-4,1,4,4.4,0.05998210196632223,-0.7360787513481821
8320260327030001,久留米競輪,1R,16:06,3-4,3,4,12.1,0.021754368724411437,-0.7367721384346216
8720260329010002,熊本競輪,2R,21:00,3-5,3,5,15.3,0.01685275089004713,-0.7421529113822789
8720260329010009,熊本競輪,9R,23:20,4-6,4,6,9.2,0.02800404442339908,-0.7423627913047285
3120260327030005,松戸競輪,5R,10:20,3-5,3,5,2.8,0.09161970083892743,-0.7434648376510032
4520260328020007,豊橋競輪,7R,13:48,1-7,1,7,5.3,0.04778093746675663,-0.7467610314261899
4520260328020006,豊橋競輪,6R,13:22,3-9,3,9,12.5,0.02017982668143343,-0.7477521664820821
3120260327030001,松戸競輪,1R,09:00,2-4,2,4,2.2,0.11266707157389147,-0.7521324425374387
3120260327030002,松戸競輪,2R,09:20,1-6,1,6,4.7,0.052423176112134685,-0.753611072272967
8320260327030009,久留米競輪,9R,19:12,3-5,3,5,7.7,0.03168443459690336,-0.7560298536038441
3520260329010002,平塚競輪,2R,21:10,1-3,1,3,3.7,0.06472636275662899,-0.7605124578004727
2820260328020009,立川競輪,9R,14:30,1-7,1,7,3.0,0.07982660991345426,-0.7605201702596371
3520260329010003,平塚競輪,3R,21:30,4-7,4,7,21.7,0.01082806887621826,-0.7650309053860638
3120260327030006,松戸競輪,6R,10:40,2-3,2,3,2.0,0.11656895032327963,-0.7668620993534407
2820260328020009,立川競輪,9R,14:30,2-5,2,5,7.6,0.03052800639830426,-0.7679871513728876
3520260329010002,平塚競輪,2R,21:10,1-2,1,2,2.5,0.09209052117812108,-0.7697736970546973
8720260329010005,熊本競輪,5R,22:00,3-5,3,5,4.3,0.05319617076209959,-0.7712564657229718
4520260328020009,豊橋競輪,9R,14:44,1-7,1,7,2.8,0.08024358825532808,-0.7753179528850813
2820260328020010,立川競輪,10R,14:58,2-3,2,3,2.7,0.08205069351448112,-0.778463127510901
4520260328020008,豊橋競輪,8R,14:16,6-7,6,7,22.9,0.00964899921794405,-0.7790379179090813
2820260328020012,立川競輪,12R,16:02,1-5,1,5,2.8,0.07884230727004418,-0.7792415396438763
8320260327030002,久留米競輪,2R,16:26,2-5,2,5,2.6,0.08478959543081038,-0.779547051879893
3720260329010010,伊東競輪,10R,19:25,5-7,5,7,3.1,0.07024450687594502,-0.7822420286845704
2820260328020006,立川競輪,6R,13:09,1-4,1,4,2.3,0.09390258760540231,-0.7840240485075747
3720260329010012,伊東競輪,12R,20:17,3-6,3,6,12.8,0.01680164556701086,-0.784938936742261
4520260328020011,豊橋競輪,11R,15:44,1-7,1,7,3.9,0.05367734501438995,-0.7906583544438792
4520260328020007,豊橋競輪,7R,13:48,1-9,1,9,4.8,0.04288839597348888,-0.7941356993272534
3520260329010005,平塚競輪,5R,22:10,1-3,1,3,3.6,0.05702521303571873,-0.7947092330714125
2820260328020003,立川競輪,3R,11:52,2-4,2,4,1.8,0.11384894225816776,-0.795071903935298
8720260329010004,熊本競輪,4R,21:40,1-2,1,2,2.1,0.09754642714222977,-0.7951525030013175
2820260328020002,立川競輪,2R,11:28,5-7,5,7,1.6,0.1267115455009755,-0.7972615271984392
4520260328020001,豊橋競輪,1R,11:16,1-4,1,4,3.3,0.06124895970058765,-0.7978784329880608
3520260329010009,平塚競輪,9R,23:30,1-3,1,3,2.8,0.07179220396531412,-0.7989818288971204
3720260329010005,伊東競輪,5R,17:22,2-7,2,7,4.1,0.049005842499795366,-0.799076045750839
8320260327030004,久留米競輪,4R,17:10,1-5,1,5,2.4,0.08328001054810376,-0.800127974684551
3720260329010007,伊東競輪,7R,18:10,2-5,2,5,2.5,0.07823608219069227,-0.8044097945232693
3720260329010008,伊東競輪,8R,18:34,3-5,3,5,4.3,0.04439462729725971,-0.8091031026217832
4520260328020007,豊橋競輪,7R,13:48,3-9,3,9,3.7,0.050806980237463974,-0.8120141731213832
2820260328020006,立川競輪,6R,13:09,1-5,1,5,2.3,0.08172082284486372,-0.8120421074568135
6220260329010003,広島競輪,3R,09:30,1-5,1,5,1.3,0.14440260979654485,-0.8122766072644917
3520260329010003,平塚競輪,3R,21:30,2-3,2,3,2.7,0.06913647235635632,-0.8133315246378379
3520260329010009,平塚競輪,9R,23:30,6-7,6,7,9.9,0.018777967769334884,-0.8140981190835846
6220260329010007,広島競輪,7R,10:50,3-5,3,5,1.8,0.1024826076211087,-0.8155313062820043
2820260328020011,立川競輪,11R,15:28,2-5,2,5,1.6,0.11461095745652192,-0.816622468069565
3520260329010003,平塚競輪,3R,21:30,2-4,2,4,5.4,0.03377578218559312,-0.8176107761977971
2820260328020004,立川競輪,4R,12:17,1-5,1,5,1.6,0.11358839717400564,-0.818258564521591
8720260329010008,熊本競輪,8R,23:00,1-2,1,2,1.0,0.17853074208586006,-0.8214692579141399
8720260329010004,熊本競輪,4R,21:40,1-3,1,3,2.1,0.08468454778863502,-0.8221624496438664
8320260327030008,久留米競輪,8R,18:46,1-7,1,7,4.7,0.03777125657853067,-0.8224750940809058
2820260328020002,立川競輪,2R,11:28,1-7,1,7,3.8,0.04627003988254088,-0.8241738484463447
3120260327030005,松戸競輪,5R,10:20,2-5,2,5,2.8,0.06171263727121806,-0.8272046156405894
6220260329010002,広島競輪,2R,09:10,2-5,2,5,1.4,0.12016409611249694,-0.8317702654425043
3120260327030003,松戸競輪,3R,09:40,1-4,1,4,2.2,0.07438579389732133,-0.836351253425893
3120260327030004,松戸競輪,4R,10:00,3-7,3,7,1.7,0.09557825044309864,-0.8375169742467323
4520260328020004,豊橋競輪,4R,12:30,5-7,5,7,2.9,0.056020146045416656,-0.8375415764682916
4520260328020003,豊橋競輪,3R,12:04,2-5,2,5,2.1,0.07596963693476755,-0.8404637624369882
4520260328020002,豊橋競輪,2R,11:40,1-8,1,8,4.1,0.038870655005487455,-0.8406303144775015
6220260329010006,広島競輪,6R,10:30,2-5,2,5,1.3,0.12246296485187187,-0.8407981456925666
4520260328020009,豊橋競輪,9R,14:44,2-7,2,7,3.6,0.04391469013269808,-0.8419071155222869
3720260329010006,伊東競輪,6R,17:46,1-6,1,6,1.3,0.11868837245350042,-0.8457051158104495
2820260328020007,立川競輪,7R,13:35,3-5,3,5,1.5,0.10179844991005414,-0.8473023251349188
3720260329010007,伊東競輪,7R,18:10,5-7,5,7,1.6,0.0935880686665814,-0.8502590901334698
6220260329010005,広島競輪,5R,10:10,1-5,1,5,1.2,0.12161349109852265,-0.8540638106817728
4520260328020004,豊橋競輪,4R,12:30,2-5,2,5,3.6,0.04048493342983281,-0.8542542396526018
6220260329010001,広島競輪,1R,08:50,3-5,3,5,1.1,0.1282164424738465,-0.8589619132787688
8320260327030003,久留米競輪,3R,16:46,1-4,1,4,2.2,0.06281411416539232,-0.8618089488361369
3720260329010002,伊東競輪,2R,16:14,1-7,1,7,1.2,0.11326182608759508,-0.8640858086948859
4520260328020010,豊橋競輪,10R,15:12,1-7,1,7,2.0,0.0674409495703519,-0.8651181008592962
2820260328020008,立川競輪,8R,14:02,3-5,3,5,2.4,0.055657773929925554,-0.8664213425681787
6220260329010004,広島競輪,4R,09:50,4-7,4,7,1.2,0.11096961044427406,-0.8668364674668712
3520260329010007,平塚競輪,7R,22:50,1-2,1,2,1.0,0.13057743068026634,-0.8694225693197337
8720260329010003,熊本競輪,3R,21:20,1-2,1,2,1.0,0.12893151169692274,-0.8710684883030773
3520260329010005,平塚競輪,5R,22:10,3-5,3,5,4.1,0.030725325399777407,-0.8740261658609126
3720260329010003,伊東競輪,3R,16:35,2-7,2,7,1.6,0.07828768676479073,-0.8747397011763348
3520260329010008,平塚競輪,8R,23:10,1-2,1,2,1.0,0.12423135431871571,-0.8757686456812843
3120260327030007,松戸競輪,7R,11:00,3-4,3,4,1.6,0.07756979212659862,-0.8758883325974423
4520260328020006,豊橋競輪,6R,13:22,2-5,2,5,2.5,0.047382257886747395,-0.8815443552831315
8320260327030010,久留米競輪,10R,19:38,1-3,1,3,1.3,0.09099496355077524,-0.8817065473839922
2820260328020005,立川競輪,5R,12:43,2-7,2,7,1.5,0.0782609825391023,-0.8826085261913466
3720260329010001,伊東競輪,1R,15:54,3-7,3,7,2.0,0.05855993276201271,-0.8828801344759746
3520260329010001,平塚競輪,1R,20:50,1-2,1,2,1.5,0.07708531937082846,-0.8843720209437573
4520260328020005,豊橋競輪,5R,12:56,1-7,1,7,2.1,0.048050519676391,-0.899093908679579
8720260329010001,熊本競輪,1R,20:40,1-2,1,2,1.0,0.10088308303173596,-0.899116916968264
3720260329010004,伊東競輪,4R,16:58,2-4,2,4,1.0,0.09120398262422934,-0.9087960173757706
4520260328020012,豊橋競輪,12R,16:20,2-7,2,7,1.3,0.0678471272372036,-0.9117987345916353
8720260329010007,熊本競輪,7R,22:40,2-5,2,5,1.4,0.05667267896212282,-0.9206582494530281
