race_id,競輪場,レース番号,開始時間,買い目,a,b,odds,p,EV
2220260307010006,前橋競輪,6R,18:04,1-7,1,7,381.2,0.04104810317318426,14.64753692961784
2220260307010005,前橋競輪,5R,17:38,6-7,6,7,500.5,0.02937271676165905,13.701044739210353
8320260307010003,久留米競輪,3R,21:20,5-6,5,6,223.2,0.06116442282321098,12.65189917414069
2220260307010005,前橋競輪,5R,17:38,2-6,2,6,333.6,0.039980933263634055,12.337639336748321
8320260307010004,久留米競輪,4R,21:40,5-6,5,6,265.1,0.04998266537876966,12.250404591911837
8320260307010003,久留米競輪,3R,21:20,1-7,1,7,240.4,0.05332304312397182,11.818859567002825
2220260307010005,前橋競輪,5R,17:38,1-6,1,6,462.0,0.02692499515491456,11.439347761570527
2220260307010005,前橋競輪,5R,17:38,3-7,3,7,400.4,0.028793070448754746,10.528745407681399
2220260307010006,前橋競輪,6R,18:04,6-7,6,7,519.8,0.021871115591967128,10.368605884704513
2220260307010003,前橋競輪,3R,16:50,5-6,5,6,285.2,0.03962277800380724,10.300416286685824
2820260307010005,立川競輪,5R,10:13,5-6,5,6,316.1,0.034943859348795125,10.04575394015414
4320260307010005,岐阜競輪,5R,22:10,1-7,1,7,152.9,0.07223490009623845,10.04471622471486
4320260307010007,岐阜競輪,7R,22:50,4-5,4,5,249.2,0.043468223715928254,9.832281350009321
8320260307010006,久留米競輪,6R,22:20,5-7,5,7,458.7,0.023448446740328005,9.755802519788455
8320260307010004,久留米競輪,4R,21:40,2-5,2,5,138.9,0.07644101003907844,9.617656294427995
2220260307010003,前橋競輪,3R,16:50,6-7,6,7,332.7,0.03191193493853605,9.617100754050943
2220260307010005,前橋競輪,5R,17:38,1-7,1,7,240.2,0.04414483302419403,9.603588892411405
8320260307010006,久留米競輪,6R,22:20,6-7,6,7,524.3,0.01945306535121317,9.199242163641065
2220260307010006,前橋競輪,6R,18:04,1-6,1,6,248.6,0.040802767822287714,9.143568080620726
2220260307010001,前橋競輪,1R,16:03,3-7,3,7,258.3,0.03890557371296249,9.049309690058212
2820260307010005,立川競輪,5R,10:13,1-6,1,6,143.0,0.0693939128899082,8.923329543256873
2220260307010006,前橋競輪,6R,18:04,4-7,4,7,300.9,0.03288360444375726,8.894676577126559
8320260307010003,久留米競輪,3R,21:20,3-6,3,6,347.3,0.028362927540978015,8.850444734981664
2220260307010005,前橋競輪,5R,17:38,2-3,2,3,250.2,0.03921427025398122,8.811410417546101
8320260307010003,久留米競輪,3R,21:20,6-7,6,7,312.6,0.030838070254000673,8.639980761400611
2220260307010001,前橋競輪,1R,16:03,3-6,3,6,279.8,0.03396266981460607,8.502755014126778
2220260307010010,前橋競輪,10R,19:48,6-7,6,7,325.2,0.02897039345223916,8.421171950668175
2820260307010006,立川競輪,6R,10:34,1-4,1,4,518.0,0.01813535906637354,8.394115996381494
4320260307010005,岐阜競輪,5R,22:10,3-7,3,7,275.2,0.03397398693240417,8.349641203797628
8320260307010003,久留米競輪,3R,21:20,1-6,1,6,135.9,0.068406452064066,8.296436835506569
8320260307010003,久留米競輪,3R,21:20,1-5,1,5,100.8,0.09022279536267766,8.094457772557908
8320260307010004,久留米競輪,4R,21:40,3-6,3,6,277.8,0.03271144840577419,8.08724036712407
2220260307010006,前橋競輪,6R,18:04,2-3,2,3,228.7,0.03963992198723688,8.065650158481073
2220260307010006,前橋競輪,6R,18:04,3-7,3,7,204.2,0.044273275583944526,8.040602874241472
8120260306020011,小倉競輪,11R,20:02,6-7,6,7,250.6,0.03515964425415563,7.811006850091401
2220260307010005,前橋競輪,5R,17:38,1-3,1,3,333.6,0.026345250514908797,7.788775571773575
2220260307010005,前橋競輪,5R,17:38,5-6,5,6,273.0,0.031871992199865626,7.701053870563316
2220260307010006,前橋競輪,6R,18:04,3-6,3,6,197.1,0.044131764731159706,7.698370828511578
2220260307010004,前橋競輪,4R,17:14,4-6,4,6,490.9,0.017688000033573785,7.683039216481371
8120260306020011,小倉競輪,11R,20:02,1-7,1,7,120.8,0.07122504284621026,7.603985175822199
2220260307010005,前橋競輪,5R,17:38,3-6,3,6,546.0,0.015605401238765287,7.520549076365846
8120260306020011,小倉競輪,11R,20:02,1-6,1,6,155.6,0.05462062625800214,7.498969445745132
8320260307010003,久留米競輪,3R,21:20,3-5,3,5,189.4,0.04480266800813866,7.4856253207414625
2220260307010001,前橋競輪,1R,16:03,1-3,1,3,152.6,0.055170678537203185,7.419045544777205
2220260307010003,前橋競輪,3R,16:50,1-6,1,6,121.0,0.06909697700025172,7.360734217030458
8320260307010003,久留米競輪,3R,21:20,5-7,5,7,173.6,0.04714345165162854,7.184103206722714
2220260307010009,前橋競輪,9R,19:22,1-6,1,6,174.3,0.04672044529251678,7.143373614485675
4320260307010004,岐阜競輪,4R,21:50,5-6,5,6,199.0,0.040892645089218624,7.137636372754507
2820260307010006,立川競輪,6R,10:34,1-7,1,7,168.0,0.04747534202470553,6.97585746015053
2820260307010002,立川競輪,2R,09:10,5-6,5,6,221.5,0.035972646239364164,6.967941142019162
2820260307010004,立川競輪,4R,09:52,5-6,5,6,203.3,0.038497333255455235,6.82650785083405
2820260307010005,立川競輪,5R,10:13,2-6,2,6,316.1,0.024587594497538917,6.772138620672052
8320260307010003,久留米競輪,3R,21:20,2-7,2,7,115.7,0.06661023233358263,6.70680388099551
2220260307010003,前橋競輪,3R,16:50,5-7,5,7,443.6,0.01726383809482536,6.6582385788645295
4320260307010005,岐阜競輪,5R,22:10,4-7,4,7,250.2,0.030426600620495126,6.61273547524788
2820260307010002,立川競輪,2R,09:10,4-6,4,6,303.1,0.02508374932337691,6.602884419915542
8120260306020010,小倉競輪,10R,19:35,6-7,6,7,232.1,0.03272469758451032,6.595402309364845
8320260307010008,久留米競輪,8R,23:00,6-7,6,7,649.5,0.011599170712913654,6.533661378037419
8320260307010002,久留米競輪,2R,21:00,6-7,6,7,353.3,0.02079664487640186,6.347454634832777
2820260307010005,立川競輪,5R,10:13,4-6,4,6,500.5,0.014670840639266436,6.342755739952851
8320260307010005,久留米競輪,5R,22:00,1-6,1,6,148.7,0.04931325695324096,6.33288130894693
7520260305030011,松山競輪,11R,15:49,4-6,4,6,425.6,0.017018521997625373,6.2430829621893595
8320260307010006,久留米競輪,6R,22:20,1-7,1,7,124.4,0.05806507369468659,6.223295167619012
2820260307010006,立川競輪,6R,10:34,1-5,1,5,172.6,0.04178339845057083,6.211814572568525
2220260307010010,前橋競輪,10R,19:48,2-7,2,7,176.5,0.040695440672310096,6.182745278662732
4320260307010008,岐阜競輪,8R,23:10,4-6,4,6,219.5,0.032640350512984154,6.164556937600022
8320260307010004,久留米競輪,4R,21:40,3-5,3,5,201.1,0.035415863958857215,6.122130242126186
2220260307010006,前橋競輪,6R,18:04,4-6,4,6,219.9,0.03233218967970735,6.109848510567646
8320260307010002,久留米競輪,2R,21:00,4-7,4,7,190.2,0.0373330543106832,6.100746929891944
8120260306020001,小倉競輪,1R,15:53,1-6,1,6,109.8,0.06459944498882074,6.093019059772517
7520260305030012,松山競輪,12R,16:20,7-9,7,9,163.6,0.04248345265643895,5.950292854593412
4320260307010007,岐阜競輪,7R,22:50,4-7,4,7,405.0,0.01703580373086815,5.899500511001601
2220260307010006,前橋競輪,6R,18:04,2-7,2,7,357.3,0.019252715550640405,5.878995266243817
8320260307010006,久留米競輪,6R,22:20,4-7,4,7,349.5,0.019626058437503237,5.8593074239073815
4320260307010006,岐阜競輪,6R,22:30,2-7,2,7,133.4,0.05107097919238464,5.812868624264111
8120260306020010,小倉競輪,10R,19:35,5-6,5,6,162.9,0.04174598614461163,5.8004211429572345
7520260305030011,松山競輪,11R,15:49,3-6,3,6,289.6,0.023203359589726996,5.719692937184939
8320260307010007,久留米競輪,7R,22:40,6-7,6,7,230.7,0.0290496046624593,5.70174379562936
2220260307010001,前橋競輪,1R,16:03,2-3,2,3,79.9,0.08381962843623196,5.6971883120549345
2220260307010005,前橋競輪,5R,17:38,5-7,5,7,136.5,0.049031064358765905,5.692740284971546
4320260307010002,岐阜競輪,2R,21:10,6-7,6,7,313.0,0.021351382142318475,5.682982610545682
8120260306020011,小倉競輪,11R,20:02,1-2,1,2,138.8,0.048060300428273486,5.67076969944436
4320260307010006,岐阜競輪,6R,22:30,4-7,4,7,179.3,0.03719462776154889,5.668996757645716
2820260307010005,立川競輪,5R,10:13,6-7,6,7,139.6,0.04765141945988667,5.652138156600179
2220260307010003,前橋競輪,3R,16:50,2-3,2,3,210.1,0.03163972718607442,5.647506681794235
2220260307010002,前橋競輪,2R,16:26,5-6,5,6,101.3,0.06521976449896243,5.606762143744894
2220260307010006,前橋競輪,6R,18:04,1-2,1,2,178.6,0.03658668684988816,5.534382271390025
2220260307010002,前橋競輪,2R,16:26,1-6,1,6,122.4,0.05304904818911878,5.493203498348139
2220260307010009,前橋競輪,9R,19:22,5-6,5,6,216.4,0.02965258461979065,5.416819311722697
2220260307010001,前橋競輪,1R,16:03,3-5,3,5,134.3,0.04756981172788492,5.388625715054945
4320260307010001,岐阜競輪,1R,20:50,2-7,2,7,137.4,0.04628036101104605,5.358921602917728
8320260307010008,久留米競輪,8R,23:00,4-6,4,6,216.5,0.029288779407711657,5.341020741769574
7520260305030011,松山競輪,11R,15:49,3-4,3,4,248.2,0.025278423188911714,5.2741046354878875
2820260307010005,立川競輪,5R,10:13,4-5,4,5,200.2,0.03116851219461097,5.239936141361116
7520260305030006,松山競輪,6R,13:22,4-8,4,8,329.3,0.018900252117239193,5.223853022206867
4320260307010001,岐阜競輪,1R,20:50,4-5,4,5,153.1,0.040419418654572756,5.188212996015088
8320260307010004,久留米競輪,4R,21:40,5-7,5,7,416.7,0.014805546700926552,5.169471310276094
2820260307010006,立川競輪,6R,10:34,1-2,1,2,177.6,0.034475649235730495,5.122875304265736
8120260306020011,小倉競輪,11R,20:02,3-7,3,7,174.1,0.03508035364904917,5.10748957029946
4320260307010007,岐阜競輪,7R,22:50,6-7,6,7,294.5,0.020715935624759693,5.100843041491729
2220260307010003,前橋競輪,3R,16:50,1-3,1,3,133.1,0.045763865470642096,5.091170494142463
4320260307010008,岐阜競輪,8R,23:10,3-6,3,6,198.6,0.030600118541135077,5.0771835422694265
2220260307010005,前橋競輪,5R,17:38,3-5,3,5,193.7,0.03122745798899379,5.048758612468097
2220260307010009,前橋競輪,9R,19:22,4-7,4,7,298.8,0.02011940067754648,5.011676922450889
2820260307010004,立川競輪,4R,09:52,1-6,1,6,209.6,0.02848958068205978,4.97141611095973
4320260307010007,岐阜競輪,7R,22:50,5-6,5,6,122.2,0.04869189776193311,4.950149906508226
7520260305030011,松山競輪,11R,15:49,5-6,5,6,208.5,0.02852725464701903,4.9479325939034675
4320260307010001,岐阜競輪,1R,20:50,4-7,4,7,191.4,0.031034172817971217,4.939940677359691
4320260307010001,岐阜競輪,1R,20:50,1-7,1,7,83.7,0.0704810941788188,4.899267582767134
2820260307010004,立川競輪,4R,09:52,4-6,4,6,156.0,0.037755392229863224,4.889841187858663
2220260307010009,前橋競輪,9R,19:22,3-4,3,4,165.1,0.03563018757893574,4.882543969282291
8120260306020012,小倉競輪,12R,20:30,3-6,3,6,207.5,0.02800754927871583,4.811566475333535
8320260307010004,久留米競輪,4R,21:40,6-7,6,7,416.7,0.013933834259636405,4.80622873599049
7520260305030008,松山競輪,8R,14:19,4-9,4,9,105.2,0.054938202718958835,4.77949892603447
8320260307010008,久留米競輪,8R,23:00,3-7,3,7,487.1,0.011865100614850396,4.779490509493629
8320260307010008,久留米競輪,8R,23:00,2-7,2,7,153.8,0.0375209142418293,4.770716610393347
8320260307010008,久留米競輪,8R,23:00,1-7,1,7,99.0,0.0582523716588904,4.766984794230149
8120260306020004,小倉競輪,4R,17:02,5-6,5,6,286.6,0.019977852645767805,4.725652568277053
2220260307010009,前橋競輪,9R,19:22,1-3,1,3,96.5,0.0590746934547384,4.700707918382255
2220260307010006,前橋競輪,6R,18:04,2-4,2,4,197.1,0.028794699536056262,4.675435278556689
8120260306020004,小倉競輪,4R,17:02,5-7,5,7,173.7,0.03266618730234147,4.674116734416713
8320260307010003,久留米競輪,3R,21:20,3-7,3,7,367.7,0.015208614899882848,4.592207698686923
8320260307010003,久留米競輪,3R,21:20,2-6,2,6,69.4,0.0804331754484444,4.582062376122042
8120260306020004,小倉競輪,4R,17:02,3-6,3,6,260.5,0.021380253337074228,4.569555994307836
4320260307010003,岐阜競輪,3R,21:30,5-7,5,7,150.0,0.03683117277121119,4.524675915681678
2220260307010010,前橋競輪,10R,19:48,1-2,1,2,75.3,0.0733515315313907,4.52337032431372
2220260307010009,前橋競輪,9R,19:22,3-7,3,7,251.0,0.02198620484009999,4.518537414865097
8120260306020011,小倉競輪,11R,20:02,2-6,2,6,270.4,0.020390508602169323,4.513593526026584
7520260305030006,松山競輪,6R,13:22,6-7,6,7,190.6,0.028640439309913474,4.458867732469508
4320260307010004,岐阜競輪,4R,21:50,3-5,3,5,83.7,0.0651497897967826,4.453037405990703
8120260306020004,小倉競輪,4R,17:02,6-7,6,7,358.3,0.015063964427519432,4.397418454380213
2220260307010003,前橋競輪,3R,16:50,3-7,3,7,307.1,0.017488711204704008,4.370783210964601
4320260307010006,岐阜競輪,6R,22:30,4-6,4,6,212.5,0.025226483147447645,4.360627668832625
2820260307010002,立川競輪,2R,09:10,1-6,1,6,76.8,0.069691771843523,4.352328077582566
2220260307010008,前橋競輪,8R,18:56,5-6,5,6,82.5,0.06484226328499745,4.34948672101229
4320260307010004,岐阜競輪,4R,21:50,4-5,4,5,113.7,0.04702480679214033,4.346720532266356
8320260307010008,久留米競輪,8R,23:00,5-6,5,6,167.0,0.03192004311788629,4.330647200687011
8320260307010006,久留米競輪,6R,22:20,1-6,1,6,69.2,0.07696620723501574,4.32606154066309
2220260307010010,前橋競輪,10R,19:48,2-3,2,3,176.5,0.0301747053935817,4.325835501967171
7520260305030006,松山競輪,6R,13:22,5-6,5,6,391.6,0.013532028038136459,4.299142179734238
8120260306020012,小倉競輪,12R,20:30,6-7,6,7,199.8,0.02651389362396656,4.297475946068519
2820260307010006,立川競輪,6R,10:34,5-6,5,6,115.1,0.04600959966095387,4.2957049209757905
4320260307010003,岐阜競輪,3R,21:30,2-7,2,7,97.4,0.05408051626943915,4.267442284643373
7520260305030006,松山競輪,6R,13:22,2-6,2,6,183.4,0.02844773071531013,4.217313813187879
4320260307010001,岐阜競輪,1R,20:50,6-7,6,7,412.4,0.012634375406444402,4.2104164176176715
8120260306020003,小倉競輪,3R,16:38,6-7,6,7,310.7,0.01669114738916687,4.185939493814146
2220260307010009,前橋競輪,9R,19:22,1-7,1,7,133.5,0.03883914695370918,4.185026118320176
8120260306020005,小倉競輪,5R,17:26,4-6,4,6,132.0,0.039129964363747494,4.165155296014669
7520260305030012,松山競輪,12R,16:20,3-7,3,7,163.6,0.031020734626975417,4.074992184973178
4320260307010001,岐阜競輪,1R,20:50,3-7,3,7,178.7,0.0283801990210205,4.071541565056363
8120260306020005,小倉競輪,5R,17:26,6-7,6,7,368.5,0.013758576807671237,4.070035553626851
2820260307010002,立川競輪,2R,09:10,3-4,3,4,205.7,0.024618108720256267,4.063944963756714
2820260307010005,立川競輪,5R,10:13,3-5,3,5,130.5,0.038562318951198646,4.032382623131423
2820260307010006,立川競輪,6R,10:34,6-7,6,7,97.1,0.051814148047676534,4.031153775429391
4320260307010004,岐阜競輪,4R,21:50,1-6,1,6,77.0,0.06494247668127086,4.000570704457856
8120260306020011,小倉競輪,11R,20:02,4-6,4,6,233.5,0.021361749998242533,3.987968624589631
8120260306020001,小倉競輪,1R,15:53,6-7,6,7,243.1,0.02050094360812417,3.983779391134986
8120260306020003,小倉競輪,3R,16:38,4-6,4,6,144.0,0.034292039988046835,3.9380537582787447
8320260307010002,久留米競輪,2R,21:00,2-7,2,7,57.5,0.08585149041959465,3.936460699126693
8320260307010002,久留米競輪,2R,21:00,3-6,3,6,224.8,0.02192058887288171,3.927748378623808
8320260307010007,久留米競輪,7R,22:40,4-6,4,6,136.5,0.03603997017794672,3.919455929289727
8320260307010004,久留米競輪,4R,21:40,2-6,2,6,66.2,0.07424837174154206,3.915242209290084
7520260305030010,松山競輪,10R,15:18,1-5,1,5,107.6,0.045591859820400295,3.9056841166750713
8120260306020003,小倉競輪,3R,16:38,4-7,4,7,85.5,0.05721824486416933,3.892159935886477
7520260305030007,松山競輪,7R,13:50,4-5,4,5,213.4,0.02265870407120474,3.8353674487950915
2820260307010006,立川競輪,6R,10:34,2-6,2,6,132.2,0.03656671137109685,3.8341192432590034
8120260306020005,小倉競輪,5R,17:26,1-6,1,6,107.8,0.04473295526643012,3.8222125777211664
4320260307010008,岐阜競輪,8R,23:10,4-7,4,7,166.8,0.02887191158319316,3.8158348520766197
2220260307010010,前橋競輪,10R,19:48,4-6,4,6,228.8,0.021025603614214503,3.8106581069322782
2220260307010010,前橋競輪,10R,19:48,2-6,2,6,268.6,0.01784867950930025,3.794155316198048
2220260307010006,前橋競輪,6R,18:04,2-6,2,6,259.9,0.018333398629712633,3.764850303862313
2220260307010003,前橋競輪,3R,16:50,3-5,3,5,199.6,0.02385092203222663,3.760644037632435
2820260307010001,立川競輪,1R,08:50,5-6,5,6,172.6,0.02751913114478111,3.7498020355892194
7520260305030011,松山競輪,11R,15:49,2-4,2,4,278.0,0.017078460943205826,3.7478121422112194
7520260305030006,松山競輪,6R,13:22,6-8,6,8,402.5,0.011767662444460005,3.7364841338951518
8320260307010006,久留米競輪,6R,22:20,3-7,3,7,244.6,0.019200858974788085,3.6965301052331654
2220260307010002,前橋競輪,2R,16:26,4-5,4,5,97.9,0.04790146375082626,3.6895533012058914
2820260307010006,立川競輪,6R,10:34,1-3,1,3,64.0,0.07312945816140162,3.680285322329704
4320260307010005,岐阜競輪,5R,22:10,2-7,2,7,105.8,0.0439726017573412,3.652301265926699
8320260307010004,久留米競輪,4R,21:40,2-7,2,7,201.1,0.02305964429983136,3.637294468696086
4320260307010008,岐阜競輪,8R,23:10,2-4,2,4,109.7,0.04222133781654275,3.6316807584747393
7520260305030009,松山競輪,9R,14:48,5-6,5,6,92.9,0.04985284016207138,3.6313288510564314
8120260306020004,小倉競輪,4R,17:02,3-5,3,5,112.4,0.04103446911302775,3.612274328304319
2220260307010009,前橋競輪,9R,19:22,2-3,2,3,57.5,0.08012532772185935,3.6072063440069124
2220260307010011,前橋競輪,11R,20:16,3-4,3,4,56.8,0.08083897190422185,3.5916536041598004
7520260305030011,松山競輪,11R,15:49,2-6,2,6,293.7,0.01557966460274138,3.5757474938251432
4320260307010003,岐阜競輪,3R,21:30,1-7,1,7,51.4,0.08899531698948288,3.5743592932594197
2220260307010004,前橋競輪,4R,17:14,3-6,3,6,540.0,0.00845878744525407,3.5677452204371978
2820260307010004,立川競輪,4R,09:52,1-2,1,2,119.8,0.03805624896555895,3.5591386260739624
2820260307010003,立川競輪,3R,09:31,1-4,1,4,166.6,0.02731125558193409,3.5500551799502196
8320260307010008,久留米競輪,8R,23:00,3-6,3,6,343.8,0.013225576154894596,3.546953082052762
2220260307010005,前橋競輪,5R,17:38,2-7,2,7,78.0,0.05827125928404374,3.5451582241554114
4320260307010001,岐阜競輪,1R,20:50,5-6,5,6,255.3,0.017787930691478854,3.5412587055345517
8320260307010006,久留米競輪,6R,22:20,4-6,4,6,141.1,0.03212819608748196,3.533288467943704
2220260307010003,前橋競輪,3R,16:50,2-6,2,6,90.7,0.04994789334136023,3.5302739260613736
2220260307010003,前橋競輪,3R,16:50,1-5,1,5,97.3,0.04610742066633465,3.486252030834361
8120260306020003,小倉競輪,3R,16:38,2-7,2,7,131.2,0.034090493427040396,3.4726727376276996
8320260307010002,久留米競輪,2R,21:00,1-6,1,6,120.6,0.03704746459427157,3.4679242300691513
4320260307010003,岐阜競輪,3R,21:30,2-4,2,4,108.8,0.04100078865254845,3.460885805397271
8320260307010007,久留米競輪,7R,22:40,5-7,5,7,155.6,0.028628252100870805,3.4545560268954967
2220260307010004,前橋競輪,4R,17:14,3-5,3,5,225.0,0.019776142320828728,3.4496320221864636
4320260307010001,岐阜競輪,1R,20:50,2-5,2,5,75.5,0.05880366525769033,3.4396767269556197
8120260306020011,小倉競輪,11R,20:02,2-3,2,3,197.6,0.02242316395644946,3.430817197794413
8120260306020005,小倉競輪,5R,17:26,5-6,5,6,136.0,0.03249534819835427,3.419367354976181
8320260307010005,久留米競輪,5R,22:00,2-6,2,6,89.6,0.04917973562281637,3.4065043118043468
2220260307010006,前橋競輪,6R,18:04,5-7,5,7,78.3,0.055970036922733946,3.3824538910500674
2820260307010007,立川競輪,7R,10:55,1-3,1,3,65.4,0.0665962952552745,3.3553977096949525
2820260307010002,立川競輪,2R,09:10,4-5,4,5,84.7,0.05111001151634226,3.3290179754341898
2220260307010001,前橋競輪,1R,16:03,5-6,5,6,129.1,0.033528735945257515,3.328559810532745
4320260307010006,岐阜競輪,6R,22:30,1-7,1,7,58.5,0.07395403428540374,3.3263110056961187
8320260307010004,久留米競輪,4R,21:40,4-5,4,5,343.1,0.012598540630025287,3.322559290161676
8320260307010007,久留米競輪,7R,22:40,4-7,4,7,148.7,0.029039057905547526,3.318107910554917
4320260307010002,岐阜競輪,2R,21:10,2-7,2,7,194.2,0.02223124368902454,3.317307524408565
8320260307010004,久留米競輪,4R,21:40,1-5,1,5,37.1,0.11635311883781821,3.3167007088830553
2820260307010006,立川競輪,6R,10:34,4-5,4,5,188.3,0.02288039437438146,3.3083782606960295
2220260307010009,前橋競輪,9R,19:22,2-6,2,6,64.0,0.06723273612170101,3.3028951117888647
2220260307010004,前橋競輪,4R,17:14,2-4,2,4,58.7,0.07325284464086525,3.29994198041879
4320260307010008,岐阜競輪,8R,23:10,4-5,4,5,97.0,0.04424874634067007,3.2921283950449967
8320260307010005,久留米競輪,5R,22:00,4-6,4,6,105.1,0.04076122040181038,3.28400426423027
8320260307010002,久留米競輪,2R,21:00,3-7,3,7,107.5,0.039723820287493494,3.270310680905551
7520260305030010,松山競輪,10R,15:18,5-7,5,7,119.4,0.035724983310999506,3.2655630073333413
8120260306020004,小倉競輪,4R,17:02,4-5,4,5,92.4,0.045964339876235515,3.247105004564162
4320260307010001,岐阜競輪,1R,20:50,1-5,1,5,48.7,0.08703318216365748,3.238515971370119
4320260307010004,岐阜競輪,4R,21:50,3-6,3,6,199.0,0.021206620099359103,3.2201173997724615
8320260307010002,久留米競輪,2R,21:00,2-6,2,6,79.7,0.05266815470545784,3.19765193002499
8120260306020011,小倉競輪,11R,20:02,1-3,1,3,79.0,0.053094628429869936,3.1944756459597246
8120260306020003,小倉競輪,3R,16:38,1-6,1,6,159.5,0.0262770062662794,3.191182499471564
7520260305030006,松山競輪,6R,13:22,1-7,1,7,115.0,0.036431783283384735,3.1896550775892445
8120260306020012,小倉競輪,12R,20:30,3-7,3,7,82.3,0.05043122810052741,3.1504900726734055
4320260307010008,岐阜競輪,8R,23:10,2-6,2,6,143.8,0.028837408733121184,3.146819375822827
8120260306020003,小倉競輪,3R,16:38,2-6,2,6,218.6,0.018922548421983466,3.1364690850455856
7520260305030011,松山競輪,11R,15:49,2-3,2,3,144.8,0.02848605027974882,3.1247800805076293
8120260306020003,小倉競輪,3R,16:38,2-3,2,3,125.6,0.03283338247333145,3.1238728386504304
2220260307010009,前橋競輪,9R,19:22,4-6,4,6,165.1,0.02492548946280122,3.1151983103084815
8320260307010001,久留米競輪,1R,20:40,1-3,1,3,58.5,0.07028964443125307,3.1119441992283043
8120260306020009,小倉競輪,9R,19:09,6-7,6,7,185.7,0.02213666318897868,3.110778354193341
7520260305030004,松山競輪,4R,12:26,1-6,1,6,220.7,0.018520760729834867,3.087531893074555
8120260306020010,小倉競輪,10R,19:35,5-7,5,7,92.2,0.044228396527785534,3.077858159861826
7520260305030007,松山競輪,7R,13:50,4-9,4,9,93.8,0.04345985180577365,3.0765340993815684
8120260306020006,小倉競輪,6R,17:51,3-6,3,6,148.2,0.027064771207735212,3.010999092986358
8120260306020010,小倉競輪,10R,19:35,4-6,4,6,73.6,0.05448756782998919,3.010284992287204
2820260307010005,立川競輪,5R,10:13,1-5,1,5,47.2,0.08459043491342051,2.9926685279134486
2820260307010002,立川競輪,2R,09:10,6-7,6,7,108.6,0.03652439564974407,2.966549367562206
2820260307010004,立川競輪,4R,09:52,1-5,1,5,45.3,0.0874051042927313,2.9594512244607274
2220260307010002,前橋競輪,2R,16:26,6-7,6,7,68.3,0.05796159121420324,2.958776679930081
2820260307010006,立川競輪,6R,10:34,1-6,1,6,103.6,0.03807587206919863,2.9446603463689778
7520260305030012,松山競輪,12R,16:20,4-9,4,9,81.8,0.04820830696028722,2.943439509351494
8320260307010007,久留米競輪,7R,22:40,2-7,2,7,91.6,0.04298939632822207,2.937828703665141
8120260306020001,小倉競輪,1R,15:53,5-6,5,6,170.2,0.023113548901282515,2.9339260229982838
2220260307010003,前橋競輪,3R,16:50,3-6,3,6,99.8,0.03941133890604716,2.9332516228235064
2220260307010004,前橋競輪,4R,17:14,1-3,1,3,91.5,0.04298037857501606,2.9327046396139695
2220260307010007,前橋競輪,7R,18:30,6-7,6,7,82.1,0.04763624117765993,2.9109354006858803
8320260307010008,久留米競輪,8R,23:00,1-6,1,6,74.0,0.05265653956983361,2.8965839281676873
4320260307010006,岐阜競輪,6R,22:30,6-7,6,7,358.6,0.01083839996869185,2.8866502287728975
4320260307010009,岐阜競輪,9R,23:30,4-6,4,6,112.0,0.03466592528576373,2.882583632005538
2220260307010008,前橋競輪,8R,18:56,1-3,1,3,99.6,0.03864493041498401,2.8490350693324076
8320260307010007,久留米競輪,7R,22:40,1-7,1,7,55.3,0.06957109941917763,2.847281797880523
8320260307010007,久留米競輪,7R,22:40,2-6,2,6,75.1,0.05116887401413986,2.842782438461903
8120260306020005,小倉競輪,5R,17:26,2-6,2,6,68.5,0.05587137051471166,2.8271888802577485
8320260307010006,久留米競輪,6R,22:20,3-6,3,6,122.3,0.03125771083157691,2.8228180347018563
2220260307010007,前橋競輪,7R,18:30,2-6,2,6,156.6,0.024386401573908444,2.818910486474062
2820260307010004,立川競輪,4R,09:52,1-3,1,3,91.9,0.04149949611194796,2.813803692688018
8320260307010008,久留米競輪,8R,23:00,2-6,2,6,108.2,0.03513810143202198,2.8019425749447784
7520260305030011,松山競輪,11R,15:49,6-7,6,7,224.2,0.016935805559930236,2.7970076065363587
2820260307010002,立川競輪,2R,09:10,2-5,2,5,120.0,0.031604319286853845,2.7925183144224612
2220260307010002,前橋競輪,2R,16:26,1-3,1,3,104.9,0.03614077729296285,2.791167538031803
2220260307010006,前橋競輪,6R,18:04,2-5,2,5,74.2,0.050929230643584615,2.7789489137539785
2820260307010003,立川競輪,3R,09:31,4-5,4,5,152.7,0.024719506391871596,2.7746686260387925
7520260305030008,松山競輪,8R,14:19,4-5,4,5,141.3,0.026645778206712992,2.765048460608546
2220260307010009,前橋競輪,9R,19:22,6-7,6,7,313.8,0.011994594724974376,2.7639038246969596
4320260307010005,岐阜競輪,5R,22:10,3-6,3,6,134.2,0.028027988739995673,2.761356088907419
2220260307010008,前橋競輪,8R,18:56,3-6,3,6,85.1,0.04407522981500934,2.7508020572572947
7520260305030012,松山競輪,12R,16:20,4-7,4,7,298.9,0.012534977674180653,2.746704826812597
8120260306020004,小倉競輪,4R,17:02,2-7,2,7,88.2,0.04245944519741297,2.7449230664118245
4320260307010003,岐阜競輪,3R,21:30,4-5,4,5,142.3,0.026274329456692412,2.7388370816873304
8120260306020003,小倉競輪,3R,16:38,1-2,1,2,76.6,0.04842649167551545,2.7094692623444834
7520260305030011,松山競輪,11R,15:49,4-5,4,5,104.2,0.035463023498204696,2.6952470485129294
2220260307010001,前橋競輪,1R,16:03,6-7,6,7,159.9,0.023103697006506843,2.6942811513404443
8120260306020007,小倉競輪,7R,18:17,1-7,1,7,93.7,0.03941782105690817,2.693449833032296
4320260307010003,岐阜競輪,3R,21:30,4-7,4,7,213.5,0.017291059963181237,2.6916413021391943
4320260307010006,岐阜競輪,6R,22:30,2-6,2,6,106.2,0.034749942261795785,2.6904438682027125
2220260307010008,前橋競輪,8R,18:56,5-7,5,7,240.0,0.015356897372279726,2.6856553693471343
2820260307010006,立川競輪,6R,10:34,4-6,4,6,207.2,0.01778290251690934,2.6846174015036155
2820260307010005,立川競輪,5R,10:13,2-3,2,3,133.4,0.02753328197379308,2.672939815303997
7520260305030004,松山競輪,4R,12:26,6-7,6,7,223.8,0.016406721050523237,2.671824171107101
2820260307010007,立川競輪,7R,10:55,3-7,3,7,91.5,0.040066697794888195,2.6661028482322697
8320260307010005,久留米競輪,5R,22:00,3-6,3,6,114.2,0.03204196029734049,2.659191865956284
8120260306020006,小倉競輪,6R,17:51,2-6,2,6,71.8,0.050754475246048154,2.6441713226662573
8320260307010002,久留米競輪,2R,21:00,1-7,1,7,57.5,0.0632499765579998,2.6368736520849883
8320260307010002,久留米競輪,2R,21:00,4-5,4,5,154.5,0.023506734783451402,2.6317905240432418
2220260307010004,前橋競輪,4R,17:14,2-5,2,5,225.0,0.016112084460054025,2.6252190035121554
8320260307010005,久留米競輪,5R,22:00,1-7,1,7,54.3,0.066703000932968,2.6219729506601626
7520260305030006,松山競輪,6R,13:22,1-2,1,2,99.9,0.03621927255910865,2.6183053286549547
2220260307010009,前橋競輪,9R,19:22,3-5,3,5,89.6,0.04024965401398933,2.606368999653444
4320260307010002,岐阜競輪,2R,21:10,4-7,4,7,170.7,0.02100545828513727,2.5856317292729316
2820260307010007,立川競輪,7R,10:55,3-5,3,5,88.2,0.04034197503832457,2.558162198380227
7520260305030010,松山競輪,10R,15:18,5-6,5,6,383.0,0.009236645120536128,2.537635081165337
8320260307010007,久留米競輪,7R,22:40,5-6,5,6,99.8,0.03539488365823132,2.5324093890914856
4320260307010003,岐阜競輪,3R,21:30,6-7,6,7,252.4,0.013981020356944915,2.5288095380928968
8320260307010008,久留米競輪,8R,23:00,5-7,5,7,102.5,0.034410289548757106,2.527054678747603
7520260305030011,松山競輪,11R,15:49,2-5,2,5,96.1,0.0366425791111003,2.521351852576738
4320260307010004,岐阜競輪,4R,21:50,5-7,5,7,265.3,0.013235189267879578,2.511295712768452
2220260307010002,前橋競輪,2R,16:26,2-6,2,6,139.9,0.0250678389953206,2.5069906754453517
2220260307010007,前橋競輪,7R,18:30,1-6,1,6,46.4,0.07557965159452747,2.5068958339860745
2820260307010007,立川競輪,7R,10:55,2-5,2,5,118.1,0.029610759668442323,2.4970307168430383
4320260307010003,岐阜競輪,3R,21:30,3-7,3,7,120.7,0.028819101378550364,2.478465536391029
8120260306020012,小倉競輪,12R,20:30,5-7,5,7,60.3,0.05751860487064479,2.4683718736998808
8320260307010005,久留米競輪,5R,22:00,1-5,1,5,98.5,0.035177799188232044,2.465013220040856
4320260307010007,岐阜競輪,7R,22:50,1-4,1,4,80.0,0.04319359806880888,2.4554878455047104
2220260307010002,前橋競輪,2R,16:26,1-4,1,4,89.0,0.03877991157282047,2.451412129981022
4320260307010002,岐阜競輪,2R,21:10,3-7,3,7,148.2,0.023285248108672073,2.450873769705201
8120260306020012,小倉競輪,12R,20:30,5-6,5,6,106.8,0.03229944928998509,2.4495811841704076
2220260307010003,前橋競輪,3R,16:50,3-4,3,4,56.2,0.061266625579792934,2.443184357584363
2820260307010001,立川競輪,1R,08:50,2-6,2,6,129.4,0.026551513060502404,2.435765790029011
2820260307010007,立川競輪,7R,10:55,3-6,3,6,83.2,0.04122770083978681,2.4301447098702624
7520260305030007,松山競輪,7R,13:50,5-7,5,7,177.5,0.019323342362865075,2.429893269408551
8120260306020009,小倉競輪,9R,19:09,2-6,2,6,115.4,0.029640088221252837,2.4204661807325776
7520260305030006,松山競輪,6R,13:22,4-6,4,6,483.0,0.007058599154379888,2.409303391565486
7520260305030002,松山競輪,2R,11:32,1-8,1,8,126.4,0.026637760124053587,2.3670128796803733
7520260305030004,松山競輪,4R,12:26,3-7,3,7,80.2,0.041888647347704505,2.3594695172859015
8120260306020009,小倉競輪,9R,19:09,3-6,3,6,133.4,0.025117280886371503,2.3506452702419587
7520260305030012,松山競輪,12R,16:20,2-4,2,4,126.6,0.026344543120778822,2.335219159090599
7520260305030012,松山競輪,12R,16:20,4-5,4,5,228.8,0.014560740172932383,2.3314973515669295
8120260306020001,小倉競輪,1R,15:53,3-7,3,7,189.1,0.01759547959923847,2.327305192215994
2220260307010011,前橋競輪,11R,20:16,3-5,3,5,36.3,0.09163502133314114,2.326351274393023
7520260305030011,松山競輪,11R,15:49,4-8,4,8,408.9,0.008130412878922471,2.3245258261913984
2220260307010003,前橋競輪,3R,16:50,4-6,4,6,38.0,0.08744747251581513,2.3230039556009747
4320260307010007,岐阜競輪,7R,22:50,2-4,2,4,40.2,0.08262724608731732,2.3216152927101565
8320260307010003,久留米競輪,3R,21:20,2-5,2,5,32.5,0.10189282058751774,2.3115166690943263
2220260307010008,前橋競輪,8R,18:56,1-5,1,5,56.1,0.05839307430018596,2.2758514682404325
8120260306020012,小倉競輪,12R,20:30,4-7,4,7,99.9,0.03278365495502813,2.2750871300073103
2220260307010001,前橋競輪,1R,16:03,3-4,3,4,111.9,0.029236046459532386,2.271513598821674
2220260307010005,前橋競輪,5R,17:38,4-6,4,6,66.0,0.04954073649538286,2.269688608695269
8120260306020005,小倉競輪,5R,17:26,2-7,2,7,73.0,0.04449252060778394,2.2479540043682276
2820260307010003,立川競輪,3R,09:31,2-4,2,4,55.9,0.058025761996394434,2.243640095598449
2220260307010010,前橋競輪,10R,19:48,3-4,3,4,98.0,0.03299198856439754,2.233214879310959
2220260307010011,前橋競輪,11R,20:16,1-3,1,3,42.2,0.07658600708542612,2.2319294990049827
4320260307010001,岐阜競輪,1R,20:50,4-6,4,6,162.4,0.019891320257330015,2.2303504097903946
7520260305030004,松山競輪,4R,12:26,5-8,5,8,160.5,0.020030901634255013,2.2149597122979294
2820260307010001,立川競輪,1R,08:50,4-5,4,5,75.2,0.04268862453299383,2.210184564881136
7520260305030012,松山競輪,12R,16:20,3-9,3,9,34.1,0.09402723870230359,2.2063288397485525
8320260307010006,久留米競輪,6R,22:20,2-6,2,6,58.7,0.05430562565778278,2.1877402261118495
7520260305030012,松山競輪,12R,16:20,2-5,2,5,126.6,0.025092056844680494,2.1766543965365504
8120260306020004,小倉競輪,4R,17:02,3-4,3,4,67.4,0.047024956265709524,2.169482052308822
8320260307010004,久留米競輪,4R,21:40,4-6,4,6,265.1,0.011943827138845859,2.1663085745080375
8320260307010005,久留米競輪,5R,22:00,2-7,2,7,48.0,0.06595468783254695,2.1658250159622536
8120260306020010,小倉競輪,10R,19:35,2-6,2,6,178.1,0.01774500762597681,2.1603858581864697
4320260307010006,岐阜競輪,6R,22:30,3-7,3,7,114.7,0.027449284103663305,2.148432886690181
7520260305030009,松山競輪,9R,14:48,3-6,3,6,122.8,0.025593241811983043,2.1428500945115174
8120260306020005,小倉競輪,5R,17:26,5-7,5,7,130.0,0.024118066851046383,2.1353486906360297
4320260307010002,岐阜競輪,2R,21:10,1-7,1,7,62.6,0.05006931571111133,2.1343391635155693
2220260307010010,前橋競輪,10R,19:48,4-7,4,7,71.8,0.04349954467517264,2.1232673076773954
2220260307010006,前橋競輪,6R,18:04,1-4,1,4,56.0,0.05568074555904714,2.11812175130664
4320260307010004,岐阜競輪,4R,21:50,2-6,2,6,83.7,0.03724577978210787,2.117471767762429
2220260307010003,前橋競輪,3R,16:50,4-5,4,5,49.9,0.06205362081481394,2.096475678659216
4320260307010002,岐阜競輪,2R,21:10,2-5,2,5,75.1,0.04121655419353064,2.0953632199341508
2220260307010004,前橋競輪,4R,17:14,4-5,4,5,63.5,0.048745677893284246,2.0953505462235498
7520260305030003,松山競輪,3R,11:59,3-8,3,8,214.6,0.014398539040924935,2.089926478182491
8320260307010008,久留米競輪,8R,23:00,3-5,3,5,80.0,0.03861836859772098,2.089469487817678
8120260306020010,小倉競輪,10R,19:35,1-6,1,6,45.3,0.06809057864422356,2.084503212583327
7520260305030004,松山競輪,4R,12:26,5-6,5,6,345.4,0.008906018376864692,2.0761387473690647
8120260306020012,小倉競輪,12R,20:30,3-5,3,5,49.0,0.06274059931519825,2.0742893664447144
4320260307010005,岐阜競輪,5R,22:10,2-6,2,6,84.6,0.03624015927641423,2.065917474784644
8320260307010006,久留米競輪,6R,22:20,2-7,2,7,81.5,0.03761032399232722,2.0652414053746684
8320260307010005,久留米競輪,5R,22:00,5-7,5,7,135.9,0.022458088444825053,2.052054219651725
2820260307010005,立川競輪,5R,10:13,3-4,3,4,176.6,0.01727572331998488,2.0508927383093294
8120260306020007,小倉競輪,7R,18:17,4-5,4,5,65.8,0.046326860018339716,2.0483073892067534
8320260307010002,久留米競輪,2R,21:00,5-6,5,6,260.3,0.01171068512118896,2.0482913370454865
8320260307010004,久留米競輪,4R,21:40,1-7,1,7,79.9,0.03803066901955208,2.038650454662211
8120260306020012,小倉競輪,12R,20:30,4-5,4,5,75.4,0.040209033421808524,2.031761120004363
7520260305030002,松山競輪,2R,11:32,3-8,3,8,62.6,0.04832514160218423,2.025153864296733
7520260305030008,松山競輪,8R,14:19,4-7,4,7,173.2,0.017453198174901655,2.0228939238929664
7520260305030007,松山競輪,7R,13:50,3-5,3,5,123.6,0.02438907322032002,2.0144894500315544
2820260307010002,立川競輪,2R,09:10,2-6,2,6,250.4,0.012036957827166433,2.014054239922475
7520260305030011,松山競輪,11R,15:49,2-7,2,7,142.8,0.020959547300567552,1.9930233545210467
2220260307010002,前橋競輪,2R,16:26,3-7,3,7,75.3,0.039733126325964825,1.9919044123451513
2820260307010006,立川競輪,6R,10:34,3-6,3,6,35.7,0.08379835337767594,1.9916012155830312
4320260307010004,岐阜競輪,4R,21:50,2-7,2,7,238.8,0.012458254191371563,1.9750311008995292
2220260307010002,前橋競輪,2R,16:26,3-6,3,6,244.8,0.01214918922942936,1.9741215233643077
2820260307010007,立川競輪,7R,10:55,1-6,1,6,83.2,0.035723348222550036,1.972182572116163
4320260307010008,岐阜競輪,8R,23:10,3-7,3,7,109.7,0.02708664059519223,1.971404473292588
8120260306020006,小倉競輪,6R,17:51,4-6,4,6,44.3,0.06691302394695442,1.9642469608500805
8320260307010009,久留米競輪,9R,23:20,3-4,3,4,59.6,0.049506592128102225,1.9505928908348928
2220260307010005,前橋競輪,5R,17:38,3-4,3,4,60.6,0.04863206512408333,1.9471031465194497
7520260305030006,松山競輪,6R,13:22,3-4,3,4,188.2,0.015646049504944918,1.9445865168306335
4320260307010009,岐阜競輪,9R,23:30,4-7,4,7,100.8,0.029165584354942653,1.9398909029782194
8120260306020005,小倉競輪,5R,17:26,3-7,3,7,147.4,0.01994310852522694,1.939614196618451
4320260307010001,岐阜競輪,1R,20:50,3-5,3,5,78.8,0.0372888468424719,1.9383611311867854
8320260307010001,久留米競輪,1R,20:40,3-4,3,4,90.3,0.03241950622849683,1.9274814124332638
2220260307010004,前橋競輪,4R,17:14,1-6,1,6,337.5,0.00866920262124792,1.925855884671173
2820260307010004,立川競輪,4R,09:52,2-6,2,6,305.0,0.009587720389949532,1.9242547189346073
7520260305030005,松山競輪,5R,12:54,3-5,3,5,62.2,0.04699504948578722,1.9230920780159653
7520260305030007,松山競輪,7R,13:50,7-9,7,9,79.3,0.03678628959903784,1.9171527652037006
7520260305030009,松山競輪,9R,14:48,6-9,6,9,172.5,0.0167830619470156,1.895078185860191
2220260307010006,前橋競輪,6R,18:04,3-4,3,4,48.4,0.059645577858437944,1.8868459683483962
7520260305030009,松山競輪,9R,14:48,6-7,6,7,195.9,0.014621977168142486,1.864445327239113
8120260306020009,小倉競輪,9R,19:09,3-7,3,7,63.2,0.044853908098316145,1.8347669918135803
7520260305030005,松山競輪,5R,12:54,1-5,1,5,91.2,0.03082151514528981,1.8109221812504308
2820260307010001,立川競輪,1R,08:50,3-5,3,5,66.7,0.041938911031566495,1.7973253658054853
2220260307010004,前橋競輪,4R,17:14,2-3,2,3,78.2,0.03573681246429894,1.7946187347081772
2220260307010011,前橋競輪,11R,20:16,1-6,1,6,113.6,0.024457159251267787,1.7783332909440204
7520260305030012,松山競輪,12R,16:20,8-9,8,9,137.5,0.020170519093289405,1.773446375327293
8320260307010005,久留米競輪,5R,22:00,5-6,5,6,192.3,0.014410266412382675,1.7710942311011886
2820260307010007,立川競輪,7R,10:55,6-7,6,7,170.3,0.016264333407612006,1.7698159793163248
2820260307010007,立川競輪,7R,10:55,1-5,1,5,78.7,0.03503939922091983,1.757600718686391
7520260305030010,松山競輪,10R,15:18,3-5,3,5,87.1,0.03161154124392561,1.7533652423459203
8120260306020009,小倉競輪,9R,19:09,1-7,1,7,88.9,0.030952829148968637,1.7517065113433121
4320260307010006,岐阜競輪,6R,22:30,1-5,1,5,49.0,0.0559287498677844,1.7405087435214357
2220260307010008,前橋競輪,8R,18:56,4-6,4,6,72.3,0.03790368203142222,1.7404362108718265
2220260307010002,前橋競輪,2R,16:26,2-3,2,3,163.2,0.016781459182760767,1.738734138626557
2220260307010008,前橋競輪,8R,18:56,3-4,3,4,44.0,0.06210470918052795,1.7326072039432296
4320260307010008,岐阜競輪,8R,23:10,6-7,6,7,143.8,0.01898908832065436,1.7306309005100968
8120260306020005,小倉競輪,5R,17:26,1-7,1,7,78.9,0.034565990993404405,1.7272566893796077
7520260305030012,松山競輪,12R,16:20,2-3,2,3,49.7,0.054840148315454196,1.7255553712780736
4320260307010007,岐阜競輪,7R,22:50,1-7,1,7,117.8,0.023048295705876153,1.7150892341522108
2820260307010003,立川競輪,3R,09:31,6-7,6,7,198.1,0.01367280094503949,1.708581867212323
7520260305030008,松山競輪,8R,14:19,6-9,6,9,146.4,0.018477634399429413,1.7051256760764661
7520260305030008,松山競輪,8R,14:19,3-5,3,5,78.5,0.0343502437919831,1.6964941376706735
8120260306020007,小倉競輪,7R,18:17,1-2,1,2,56.0,0.04814141253561123,1.695919101994229
2220260307010004,前橋競輪,4R,17:14,1-2,1,2,73.9,0.036449328665363524,1.6936053883703646
2820260307010002,立川競輪,2R,09:10,2-4,2,4,125.2,0.021420043541051252,1.681789451339617
7520260305030005,松山競輪,5R,12:54,1-8,1,8,165.2,0.016230132298515665,1.6812178557147877
2220260307010010,前橋競輪,10R,19:48,1-7,1,7,31.0,0.08617664916604638,1.6714761241474378
2820260307010002,立川競輪,2R,09:10,3-6,3,6,198.6,0.013414691239030666,1.6641576800714901
8320260307010006,久留米競輪,6R,22:20,4-5,4,5,75.6,0.03518708131296009,1.6601433472597829
7520260305030011,松山競輪,11R,15:49,3-7,3,7,85.1,0.031155727043416695,1.6513523713947604
7520260305030012,松山競輪,12R,16:20,3-5,3,5,72.1,0.03675077755349997,1.6497310616073477
8320260307010007,久留米競輪,7R,22:40,3-7,3,7,121.6,0.021692791510610605,1.6378434476902495
7520260305030003,松山競輪,3R,11:59,7-8,7,8,175.1,0.015028952861995336,1.6315696461353832
7520260305030005,松山競輪,5R,12:54,4-5,4,5,163.5,0.016082641425584045,1.6295118730829916
7520260305030004,松山競輪,4R,12:26,1-8,1,8,64.6,0.04066171091980375,1.626746525419322
7520260305030012,松山競輪,12R,16:20,2-9,2,9,39.1,0.06712092061635125,1.624427996099334
7520260305030010,松山競輪,10R,15:18,3-7,3,7,72.7,0.035990640130853006,1.6165195375130135
7520260305030012,松山競輪,12R,16:20,4-8,4,8,344.9,0.0075828357208748455,1.6153200401297338
7520260305030004,松山競輪,4R,12:26,2-5,2,5,184.7,0.01412454553214274,1.608803559786764
8120260306020002,小倉競輪,2R,16:14,3-6,3,6,64.5,0.040308326346985945,1.5998870493805937
7520260305030002,松山競輪,2R,11:32,4-8,4,8,161.1,0.016101140636449584,1.5938937565320277
7520260305030003,松山競輪,3R,11:59,1-8,1,8,155.5,0.016659538155148847,1.5905581831256455
7520260305030012,松山競輪,12R,16:20,7-8,7,8,439.6,0.005888361022845428,1.5885235056428502
8320260307010007,久留米競輪,7R,22:40,2-4,2,4,50.6,0.05112843955534891,1.5870990415006547
2820260307010007,立川競輪,7R,10:55,2-6,2,6,85.1,0.030191400180113785,1.569288155327683
8320260307010005,久留米競輪,5R,22:00,2-5,2,5,72.3,0.03552048285150616,1.5681309101638954
4320260307010007,岐阜競輪,7R,22:50,5-7,5,7,102.8,0.024912542733312865,1.5610093929845625
7520260305030006,松山競輪,6R,13:22,1-6,1,6,452.8,0.005654118980447885,1.5601850743468022
2820260307010003,立川競輪,3R,09:31,2-6,2,6,122.2,0.020925770042434677,1.5571290991855178
2820260307010005,立川競輪,5R,10:13,1-3,1,3,33.9,0.07532164479040832,1.553403758394842
2220260307010008,前橋競輪,8R,18:56,4-5,4,5,28.5,0.08949755566293922,1.5506803363937678
7520260305030011,松山競輪,11R,15:49,6-9,6,9,182.9,0.013925398295770105,1.5469553482963523
7520260305030011,松山競輪,11R,15:49,5-8,5,8,156.8,0.01622620188402497,1.5442684554151156
8120260306020004,小倉競輪,4R,17:02,2-3,2,3,48.5,0.05243280100217296,1.5429908486053883
8120260306020009,小倉競輪,9R,19:09,5-6,5,6,152.5,0.016671221436369572,1.54236126904636
7520260305030006,松山競輪,6R,13:22,1-4,1,4,308.3,0.008240217310836233,1.5404589969308105
7520260305030009,松山競輪,9R,14:48,1-2,1,2,96.6,0.026271974927081373,1.5378727779560606
2820260307010001,立川競輪,1R,08:50,4-6,4,6,101.2,0.025053696125439662,1.5354340478944941
8120260306020002,小倉競輪,2R,16:14,5-6,5,6,208.5,0.01215227730673442,1.5337498184541265
2220260307010008,前橋競輪,8R,18:56,1-6,1,6,138.9,0.018209326597433895,1.5292754643835682
4320260307010007,岐阜競輪,7R,22:50,1-6,1,6,51.0,0.049380659091395385,1.5184136136611648
7520260305030002,松山競輪,2R,11:32,5-8,5,8,121.1,0.020735580051130728,1.5110787441919311
8320260307010001,久留米競輪,1R,20:40,2-4,2,4,40.6,0.061726075915260095,1.50607868215956
8120260306020002,小倉競輪,2R,16:14,1-7,1,7,21.8,0.11484832058699924,1.5036933887965835
8120260306020010,小倉競輪,10R,19:35,2-7,2,7,121.5,0.020593767375127994,1.502142736078051
7520260305030006,松山競輪,6R,13:22,1-3,1,3,204.1,0.01224821782112637,1.4998612572918923
4320260307010006,岐阜競輪,6R,22:30,5-7,5,7,212.5,0.011751440341419239,1.4971810725515882
7520260305030005,松山競輪,5R,12:54,5-8,5,8,182.5,0.013660979033496168,1.4931286736130507
7520260305030006,松山競輪,6R,13:22,4-9,4,9,176.7,0.014103514379954824,1.4920909909380171
7520260305030010,松山競輪,10R,15:18,4-5,4,5,108.9,0.022883733216142323,1.492038547237899
7520260305030004,松山競輪,4R,12:26,6-9,6,9,273.9,0.009057738972750681,1.4809147046364113
7520260305030007,松山競輪,7R,13:50,2-5,2,5,66.1,0.037499797519916035,1.47873661606645
2220260307010011,前橋競輪,11R,20:16,4-6,4,6,90.6,0.027345730701642076,1.477523201568772
7520260305030005,松山競輪,5R,12:54,3-4,3,4,82.6,0.029987099174126956,1.4769343917828865
8120260306020009,小倉競輪,9R,19:09,5-7,5,7,71.7,0.03453556017420774,1.4761996644906947
7520260305030008,松山競輪,8R,14:19,1-4,1,4,118.4,0.020905357296133926,1.4751943038622568
8320260307010002,久留米競輪,2R,21:00,5-7,5,7,105.2,0.023521852526007376,1.4744988857359762
7520260305030006,松山競輪,6R,13:22,7-8,7,8,51.7,0.04773970313715026,1.4681426521906684
8320260307010007,久留米競輪,7R,22:40,1-6,1,6,31.7,0.0778220010056578,1.4669574318793521
7520260305030004,松山競輪,4R,12:26,7-8,7,8,68.4,0.036008467925844785,1.4629792061277835
7520260305030004,松山競輪,4R,12:26,3-8,3,8,203.7,0.012066203451052865,1.4578856429794684
2220260307010004,前橋競輪,4R,17:14,1-4,1,4,30.0,0.08192439558068584,1.4577318674205753
7520260305030012,松山競輪,12R,16:20,5-7,5,7,303.0,0.008069951727521667,1.445195373439065
4320260307010008,岐阜競輪,8R,23:10,1-4,1,4,27.6,0.08853843358481694,1.4436607669409476
4320260307010002,岐阜競輪,2R,21:10,1-2,1,2,27.7,0.08821333475609297,1.443509372743775
7520260305030004,松山競輪,4R,12:26,3-6,3,6,481.5,0.005071004005513418,1.441688428654711
8120260306020011,小倉競輪,11R,20:02,4-7,4,7,71.3,0.03423449638406514,1.4409195921838442
2820260307010001,立川競輪,1R,08:50,3-6,3,6,115.8,0.021005244092814464,1.4324072659479148
8320260307010004,久留米競輪,4R,21:40,3-7,3,7,307.0,0.007921858545728282,1.4320105735385829
8120260306020007,小倉競輪,7R,18:17,2-6,2,6,63.4,0.03823789720639405,1.4242826828853827
2220260307010008,前橋競輪,8R,18:56,3-7,3,7,229.5,0.010548420950056198,1.4208626080378974
8120260306020011,小倉競輪,11R,20:02,3-6,3,6,93.4,0.025887233865676807,1.417867643054214
8320260307010001,久留米競輪,1R,20:40,3-6,3,6,72.9,0.033131066288253685,1.4152547324136937
8120260306020001,小倉競輪,1R,15:53,2-6,2,6,47.9,0.05038034817342204,1.4132186775069155
2220260307010001,前橋競輪,1R,16:03,2-6,2,6,36.9,0.0653556948414681,1.4116251396501727
7520260305030003,松山競輪,3R,11:59,4-7,4,7,62.7,0.03841912659348165,1.4088792374112997
4320260307010007,岐阜競輪,7R,22:50,3-4,3,4,92.5,0.025991746073776037,1.4042365118242834
4320260307010002,岐阜競輪,2R,21:10,5-6,5,6,60.5,0.039564586433307146,1.3936574792150824
7520260305030005,松山競輪,5R,12:54,5-7,5,7,112.1,0.021325543326535686,1.3905934069046504
2820260307010003,立川競輪,3R,09:31,5-7,5,7,36.1,0.06602845403545016,1.3836271906797508
4320260307010004,岐阜競輪,4R,21:50,2-4,2,4,55.5,0.042855404636880985,1.3784749573468948
8120260306020002,小倉競輪,2R,16:14,1-5,1,5,180.7,0.013120181159723649,1.3708167355620633
7520260305030010,松山競輪,10R,15:18,6-7,6,7,226.4,0.010466509119142965,1.3696176645739673
8120260306020012,小倉競輪,12R,20:30,4-6,4,6,186.1,0.012703889339732093,1.3641938061241423
7520260305030012,松山競輪,12R,16:20,1-7,1,7,107.2,0.02199194584265769,1.3575365943329043
4320260307010005,岐阜競輪,5R,22:10,3-5,3,5,152.9,0.01540947791556883,1.3561091732904744
2220260307010002,前橋競輪,2R,16:26,4-6,4,6,183.6,0.012748140908610716,1.3405586708209274
4320260307010008,岐阜競輪,8R,23:10,1-6,1,6,31.8,0.0735877070678272,1.3400890847569054
7520260305030003,松山競輪,3R,11:59,5-9,5,9,69.5,0.03364988692195765,1.3386671410760567
2820260307010004,立川競輪,4R,09:52,3-5,3,5,42.4,0.055037786848613816,1.3336021623812258
8120260306020006,小倉競輪,6R,17:51,5-6,5,6,100.9,0.023125052911845394,1.3333178388052005
2820260307010005,立川競輪,5R,10:13,5-7,5,7,36.4,0.06402286677004908,1.3304323504297861
8120260306020002,小倉競輪,2R,16:14,1-3,1,3,50.1,0.04646965127082742,1.3281295286684536
8120260306020007,小倉競輪,7R,18:17,2-5,2,5,89.8,0.025828946856957365,1.3194394277547712
7520260305030012,松山競輪,12R,16:20,2-8,2,8,203.8,0.01136121302661914,1.3154152148249807
7520260305030003,松山競輪,3R,11:59,4-5,4,5,145.1,0.015894954598064177,1.306357912179112
2820260307010002,立川競輪,2R,09:10,1-4,1,4,24.7,0.09297367268039901,1.2964497152058554
4320260307010002,岐阜競輪,2R,21:10,2-4,2,4,52.6,0.043645766766245514,1.2957673319045142
7520260305030010,松山競輪,10R,15:18,7-8,7,8,160.7,0.01427347362366167,1.29374721132243
8320260307010002,久留米競輪,2R,21:00,2-5,2,5,37.4,0.06124248570719085,1.2904689654489374
7520260305030008,松山競輪,8R,14:19,3-4,3,4,157.9,0.014436321007138906,1.2794950870272332
2220260307010010,前橋競輪,10R,19:48,1-6,1,6,40.1,0.056765686435098564,1.2763040260474523
7520260305030012,松山競輪,12R,16:20,3-6,3,6,102.8,0.022062876654119996,1.2680637200435356
4320260307010005,岐阜競輪,5R,22:10,6-7,6,7,250.2,0.009057512003316956,1.2661895032299024
8120260306020008,小倉競輪,8R,18:43,2-6,2,6,91.9,0.024627342627418995,1.2632527874598058
7520260305030006,松山競輪,6R,13:22,2-8,2,8,47.9,0.0471033691862231,1.2562513840200862
7520260305030011,松山競輪,11R,15:49,4-9,4,9,156.8,0.014376902521995201,1.2542983154488478
4320260307010006,岐阜競輪,6R,22:30,1-6,1,6,44.4,0.050677217038423525,1.2500684365060044
8120260306020004,小倉競輪,4R,17:02,4-7,4,7,58.5,0.03831953260924256,1.24169265764069
2220260307010009,前橋競輪,9R,19:22,3-6,3,6,82.5,0.02717009838221224,1.2415331165325099
7520260305030012,松山競輪,12R,16:20,3-8,3,8,138.4,0.01618234174998246,1.2396360981975727
8120260306020007,小倉競輪,7R,18:17,4-7,4,7,44.9,0.049865089206055584,1.2389425053518957
7520260305030009,松山競輪,9R,14:48,1-6,1,6,284.2,0.007859982434125399,1.233807007778438
7520260305030003,松山競輪,3R,11:59,4-8,4,8,185.8,0.012009802126927375,1.2314212351831064
4320260307010004,岐阜競輪,4R,21:50,1-5,1,5,17.0,0.13121213893977107,1.230606361976108
8120260306020004,小倉競輪,4R,17:02,2-6,2,6,83.0,0.02683068989652817,1.226947261411838
7520260305030004,松山競輪,4R,12:26,3-9,3,9,94.0,0.023675217822477057,1.2254704753128434
8120260306020005,小倉競輪,5R,17:26,1-3,1,3,44.2,0.05034220320959523,1.2251253818641095
7520260305030006,松山競輪,6R,13:22,3-8,3,8,120.7,0.01843284390083276,1.224844258830514
2220260307010004,前橋競輪,4R,17:14,6-7,6,7,112.5,0.019767119475231427,1.2238009409635353
2220260307010007,前橋競輪,7R,18:30,4-6,4,6,161.7,0.013749516378226766,1.223296798359268
7520260305030005,松山競輪,5R,12:54,3-6,3,6,81.3,0.02730083131201377,1.2195575856667196
2820260307010003,立川競輪,3R,09:31,1-7,1,7,30.5,0.07271637461173909,1.2178494256580423
8320260307010008,久留米競輪,8R,23:00,2-5,2,5,32.6,0.06802848799374288,1.217728708596018
7520260305030010,松山競輪,10R,15:18,4-7,4,7,85.3,0.025998540787822107,1.2176755292012258
2820260307010002,立川競輪,2R,09:10,1-2,1,2,35.5,0.06234763241708964,1.2133409508066824
2220260307010002,前橋競輪,2R,16:26,3-4,3,4,267.1,0.008240591020083309,1.201061861464252
2820260307010001,立川競輪,1R,08:50,2-4,2,4,51.7,0.042555407659987,1.200114576021328
2820260307010001,立川競輪,1R,08:50,1-2,1,2,57.5,0.0382459061005504,1.1991396007816477
8120260306020003,小倉競輪,3R,16:38,5-6,5,6,55.1,0.0397745333655198,1.1915767884401411
4320260307010003,岐阜競輪,3R,21:30,1-6,1,6,42.3,0.05157232236507927,1.181509236042853
2220260307010005,前橋競輪,5R,17:38,1-5,1,5,44.8,0.04854817517477858,1.1749582478300802
8320260307010002,久留米競輪,2R,21:00,4-6,4,6,105.2,0.02065621198498313,1.1730335008202255
7520260305030011,松山競輪,11R,15:49,3-9,3,9,86.5,0.024964505857626794,1.1594297566847178
2220260307010006,前橋競輪,6R,18:04,5-6,5,6,38.3,0.056354025488223825,1.1583591761989722
7520260305030003,松山競輪,3R,11:59,2-8,2,8,200.5,0.01071024673860705,1.1474044710907134
7520260305030003,松山競輪,3R,11:59,3-5,3,5,107.3,0.019911426377844575,1.1364960503427226
8120260306020011,小倉競輪,11R,20:02,5-6,5,6,33.2,0.06434649872445694,1.1363037576519708
2220260307010011,前橋競輪,11R,20:16,1-2,1,2,79.8,0.02675019359586326,1.134665448949888
4320260307010006,岐阜競輪,6R,22:30,2-5,2,5,55.7,0.03825511616620309,1.1308099704575123
8120260306020002,小倉競輪,2R,16:14,6-7,6,7,19.5,0.10894398467086666,1.1244077010818998
8320260307010005,久留米競輪,5R,22:00,3-5,3,5,96.1,0.022078127557500965,1.1217080582758427
2820260307010004,立川競輪,4R,09:52,1-4,1,4,25.1,0.08445128309345461,1.1197272056457108
8120260306020010,小倉競輪,10R,19:35,1-2,1,2,45.0,0.047065462866680376,1.1179458290006168
2220260307010009,前橋競輪,9R,19:22,5-7,5,7,87.1,0.024247553903716405,1.1119619450136988
2820260307010004,立川競輪,4R,09:52,3-6,3,6,163.6,0.012878836436165572,1.1069776409566874
4320260307010005,岐阜競輪,5R,22:10,5-7,5,7,323.8,0.006498066246100843,1.104073850487453
2220260307010010,前橋競輪,10R,19:48,2-5,2,5,46.4,0.04520369190773374,1.0974513045188456
4320260307010003,岐阜競輪,3R,21:30,4-6,4,6,241.4,0.008685605454257186,1.0967051566576846
4320260307010001,岐阜競輪,1R,20:50,5-7,5,7,73.4,0.028527378135460087,1.0939095551427704
8120260306020001,小倉競輪,1R,15:53,2-7,2,7,33.7,0.0621308344367473,1.0938091205183844
7520260305030012,松山競輪,12R,16:20,5-8,5,8,303.0,0.006910179017656363,1.0937842423498783
4320260307010009,岐阜競輪,9R,23:30,2-4,2,4,43.8,0.04777432055369963,1.0925152402520437
4320260307010009,岐阜競輪,9R,23:30,4-5,4,5,112.0,0.01865782353864081,1.0896762363277706
8120260306020007,小倉競輪,7R,18:17,3-5,3,5,47.1,0.04434826465827403,1.088803265404707
7520260305030010,松山競輪,10R,15:18,1-7,1,7,39.5,0.05284722568374001,1.0874654145077303
8320260307010002,久留米競輪,2R,21:00,3-4,3,4,54.9,0.03797162788293709,1.0846423707732464
8120260306020009,小倉競輪,9R,19:09,1-3,1,3,59.7,0.03489686611370119,1.0833429069879612
8120260306020008,小倉競輪,8R,18:43,3-7,3,7,28.3,0.073611907290056,1.0832169763085848
4320260307010006,岐阜競輪,6R,22:30,5-6,5,6,273.2,0.007619700944478563,1.0817022980315434
8120260306020009,小倉競輪,9R,19:09,1-2,1,2,50.8,0.040976949188524986,1.0816290187770692
2820260307010003,立川競輪,3R,09:31,1-6,1,6,178.8,0.01163981650561615,1.0811991912041679
7520260305030011,松山競輪,11R,15:49,3-8,3,8,162.9,0.012770788202261994,1.080361398148479
2220260307010001,前橋競輪,1R,16:03,2-4,2,4,34.9,0.059286038143408194,1.0690827312049458
8120260306020007,小倉競輪,7R,18:17,6-7,6,7,64.8,0.0318694539086746,1.065140613282114
8120260306020001,小倉競輪,1R,15:53,3-5,3,5,100.1,0.02044386564033108,1.046430950597141
4320260307010005,岐阜競輪,5R,22:10,3-4,3,4,34.4,0.059059652773620575,1.0316520554125477
8120260306020004,小倉競輪,4R,17:02,2-4,2,4,34.7,0.05853048404077131,1.0310077962147646
7520260305030005,松山競輪,5R,12:54,1-6,1,6,114.5,0.017698588696323337,1.026488405729022
8120260306020002,小倉競輪,2R,16:14,4-6,4,6,71.3,0.028415579331635923,1.0260308063456414
2220260307010002,前橋競輪,2R,16:26,4-7,4,7,47.3,0.042762719165588936,1.0226766165323564
8320260307010004,久留米競輪,4R,21:40,1-6,1,6,17.6,0.1148075085610089,1.0206121506737569
8320260307010006,久留米競輪,6R,22:20,1-5,1,5,25.9,0.07795527244004363,1.0190415561971298
7520260305030010,松山競輪,10R,15:18,3-6,3,6,238.9,0.008450791432216345,1.0188940731564848
7520260305030005,松山競輪,5R,12:54,1-3,1,3,40.6,0.049413938078669464,1.0062058859939804
7520260305030005,松山競輪,5R,12:54,8-9,8,9,58.5,0.03421651683700761,1.0016662349649454
7520260305030003,松山競輪,3R,11:59,3-4,3,4,54.8,0.036338616024556895,0.9913561581457178
7520260305030011,松山競輪,11R,15:49,5-7,5,7,49.8,0.03998074069119705,0.9910408864216131
8120260306020009,小倉競輪,9R,19:09,2-5,2,5,44.2,0.04502180687486661,0.9899638638691042
2220260307010001,前橋競輪,1R,16:03,4-5,4,5,68.5,0.028973305860201956,0.9846714514238339
7520260305030010,松山競輪,10R,15:18,5-9,5,9,78.2,0.025379260282183815,0.9846581540667745
4320260307010006,岐阜競輪,6R,22:30,3-5,3,5,98.9,0.020045230891523026,0.9824733351716275
4320260307010007,岐阜競輪,7R,22:50,4-6,4,6,53.1,0.03723908466801827,0.9773953958717703
2220260307010005,前橋競輪,5R,17:38,2-5,2,5,30.3,0.06507700563859979,0.9718332708495738
8320260307010005,久留米競輪,5R,22:00,4-7,4,7,35.8,0.05504305874778509,0.9705415031707061
2220260307010009,前橋競輪,9R,19:22,2-7,2,7,34.8,0.05660546819367198,0.9698702931397847
8320260307010008,久留米競輪,8R,23:00,3-4,3,4,56.2,0.035011042051427174,0.9676205632902073
2820260307010001,立川競輪,1R,08:50,1-5,1,5,50.8,0.03862914716288803,0.9623606758747119
7520260305030004,松山競輪,4R,12:26,3-5,3,5,94.5,0.02075145792691864,0.9610127740938115
8120260306020012,小倉競輪,12R,20:30,2-6,2,6,140.1,0.013972176841239236,0.9575019754576168
7520260305030009,松山競輪,9R,14:48,1-9,1,9,118.8,0.01643719380097443,0.952738623555762
7520260305030006,松山競輪,6R,13:22,1-9,1,9,176.7,0.011036647166453861,0.9501755543123971
7520260305030002,松山競輪,2R,11:32,4-7,4,7,89.4,0.021797267479448917,0.9486757126627332
7520260305030004,松山競輪,4R,12:26,2-8,2,8,233.7,0.008331990214807617,0.9471861132005399
7520260305030007,松山競輪,7R,13:50,4-8,4,8,130.8,0.014870955595208788,0.9451209918533097
7520260305030005,松山競輪,5R,12:54,1-7,1,7,80.5,0.024148162274374347,0.943927063087135
7520260305030002,松山競輪,2R,11:32,4-6,4,6,88.8,0.021874132050698283,0.9424229261020074
7520260305030011,松山競輪,11R,15:49,4-7,4,7,102.7,0.018904856649118226,0.9415287778644419
8320260307010005,久留米競輪,5R,22:00,1-2,1,2,22.2,0.08730126689885451,0.9380881251545701
7520260305030004,松山競輪,4R,12:26,1-2,1,2,62.0,0.0312311411419878,0.9363307508032437
4320260307010006,岐阜競輪,6R,22:30,1-4,1,4,19.7,0.0981251611185042,0.9330656740345327
8120260306020008,小倉競輪,8R,18:43,1-7,1,7,48.5,0.03978174747222553,0.9294147524029381
8120260306020011,小倉競輪,11R,20:02,2-4,2,4,112.9,0.017085909715831776,0.9289992069174076
4320260307010008,岐阜競輪,8R,23:10,5-7,5,7,67.2,0.028704745119328943,0.928958872018905
8320260307010009,久留米競輪,9R,23:20,1-4,1,4,26.9,0.07168542990369234,0.9283380644093238
8320260307010006,久留米競輪,6R,22:20,3-5,3,5,56.4,0.03417258965112277,0.9273340563233241
8120260306020011,小倉競輪,11R,20:02,2-7,2,7,63.0,0.030566694044563192,0.925701724807481
2220260307010002,前橋競輪,2R,16:26,3-5,3,5,43.2,0.044573114595555526,0.9255585505279988
4320260307010004,岐阜競輪,4R,21:50,4-6,4,6,191.0,0.010032924120871398,0.916288507086437
8120260306020003,小倉競輪,3R,16:38,2-4,2,4,32.8,0.05839122299657328,0.9152321142876034
8320260307010007,久留米競輪,7R,22:40,3-4,3,4,68.9,0.027785982098675895,0.9144541665987693
4320260307010003,岐阜競輪,3R,21:30,3-6,3,6,123.4,0.015502595445477567,0.9130202779719319
8120260306020003,小倉競輪,3R,16:38,3-7,3,7,62.8,0.030430968856849313,0.9110648442101368
2820260307010001,立川競輪,1R,08:50,2-3,2,3,46.3,0.041227339458679874,0.9088258169368781
8120260306020010,小倉競輪,10R,19:35,2-5,2,5,69.6,0.027308757949585052,0.9006895532911194
8120260306020006,小倉競輪,6R,17:51,1-6,1,6,18.0,0.10558831918888661,0.9005897453999592
8120260306020003,小倉競輪,3R,16:38,5-7,5,7,30.9,0.06148621439766988,0.8999240248879992
7520260305030010,松山競輪,10R,15:18,2-5,2,5,34.8,0.05458156844366986,0.899438581839711
8320260307010009,久留米競輪,9R,23:20,4-6,4,6,48.0,0.03955458725316552,0.8986201881519449
8120260306020001,小倉競輪,1R,15:53,5-7,5,7,65.4,0.02891308029397767,0.8909154512261397
2820260307010001,立川競輪,1R,08:50,1-6,1,6,89.8,0.021038835512802705,0.8892874290496828
8120260306020001,小倉競輪,1R,15:53,1-3,1,3,31.8,0.059213466893232085,0.8829882472047803
8320260307010003,久留米競輪,3R,21:20,4-5,4,5,113.6,0.016556920116258155,0.8808661252069263
8120260306020008,小倉競輪,8R,18:43,3-6,3,6,35.8,0.05248894063264016,0.8791040746485177
7520260305030001,松山競輪,1R,11:05,2-3,2,3,58.6,0.032047425474264514,0.8779791327919007
7520260305030007,松山競輪,7R,13:50,4-7,4,7,151.9,0.01235906514309857,0.8773419952366728
4320260307010007,岐阜競輪,7R,22:50,3-6,3,6,63.5,0.029499877537084294,0.8732422236048527
8120260306020008,小倉競輪,8R,18:43,5-7,5,7,36.9,0.05072912832702145,0.8719048352670915
2820260307010005,立川競輪,5R,10:13,3-7,3,7,35.5,0.052325865383501806,0.8575682211143141
7520260305030006,松山競輪,6R,13:22,3-5,3,5,82.8,0.02240812172840065,0.8553924791115737
8320260307010005,久留米競輪,5R,22:00,3-7,3,7,41.7,0.04435119399299409,0.8494447895078536
8120260306020011,小倉競輪,11R,20:02,3-4,3,4,73.9,0.024938329898743807,0.8429425795171674
8120260306020007,小倉競輪,7R,18:17,5-7,5,7,82.9,0.022215453313568174,0.8416610796948019
8120260306020005,小倉競輪,5R,17:26,3-5,3,5,48.0,0.03834787913720387,0.8406981985857858
8120260306020007,小倉競輪,7R,18:17,3-6,3,6,31.2,0.058912600183315775,0.838073125719452
7520260305030009,松山競輪,9R,14:48,2-6,2,6,68.7,0.026752417975768116,0.8378911149352697
7520260305030001,松山競輪,1R,11:05,3-6,3,6,95.8,0.019144266622694004,0.8340207424540855
8120260306020001,小倉競輪,1R,15:53,4-7,4,7,50.8,0.0359922605270471,0.8284068347739926
7520260305030011,松山競輪,11R,15:49,7-8,7,8,194.9,0.00937566101057644,0.827316330961348
4320260307010002,岐阜競輪,2R,21:10,4-6,4,6,43.6,0.041888992414386116,0.8263600692672346
7520260305030008,松山競輪,8R,14:19,5-9,5,9,24.0,0.07603893185768199,0.8249343645843676
7520260305030010,松山競輪,10R,15:18,1-8,1,8,99.7,0.018259715046778632,0.8204935901638297
8120260306020009,小倉競輪,9R,19:09,2-3,2,3,31.7,0.05731934879747882,0.8170233568800784
7520260305030007,松山競輪,7R,13:50,3-4,3,4,107.3,0.016922302570012867,0.8157630657623807
7520260305030001,松山競輪,1R,11:05,5-6,5,6,35.8,0.05066815206110258,0.8139198437874724
7520260305030004,松山競輪,4R,12:26,8-9,8,9,91.8,0.019745357899826736,0.8126238552040943
2220260307010010,前橋競輪,10R,19:48,3-6,3,6,90.8,0.019934156941910707,0.8100214503254921
7520260305030003,松山競輪,3R,11:59,2-4,2,4,64.8,0.027931190891632946,0.8099411697778149
4320260307010009,岐阜競輪,9R,23:30,2-5,2,5,56.0,0.03230260342418798,0.8089457917545271
4320260307010007,岐阜競輪,7R,22:50,3-7,3,7,127.0,0.014237498388412135,0.8081622953283412
8120260306020006,小倉競輪,6R,17:51,1-3,1,3,19.5,0.09256628354686898,0.8050425291639451
2820260307010003,立川競輪,3R,09:31,5-6,5,6,170.5,0.010570491461300006,0.8022687941516511
8120260306020007,小倉競輪,7R,18:17,3-7,3,7,37.1,0.04856034840839701,0.801588925951529
2820260307010007,立川競輪,7R,10:55,1-2,1,2,35.2,0.05087295170425981,0.7907278999899454
4320260307010004,岐阜競輪,4R,21:50,2-5,2,5,19.5,0.09170136360384934,0.7881765902750621
8320260307010001,久留米競輪,1R,20:40,4-7,4,7,197.3,0.009054751935553428,0.7865025568846915
2820260307010007,立川競輪,7R,10:55,2-7,2,7,65.4,0.027283020208029567,0.7843095216051339
8120260306020007,小倉競輪,7R,18:17,4-6,4,6,29.6,0.06015187334569673,0.7804954510326232
2220260307010008,前橋競輪,8R,18:56,2-6,2,6,31.0,0.057250232641238456,0.7747572118783921
8120260306020002,小倉競輪,2R,16:14,5-7,5,7,79.7,0.022246052574857497,0.7730103902161425
4320260307010004,岐阜競輪,4R,21:50,3-7,3,7,217.0,0.008145327161661931,0.767535994080639
8320260307010009,久留米競輪,9R,23:20,1-7,1,7,32.8,0.053861231204161905,0.7666483834965103
4320260307010004,岐阜競輪,4R,21:50,2-3,2,3,28.9,0.06111776268950218,0.7663033417266127
7520260305030007,松山競輪,7R,13:50,5-8,5,8,115.6,0.015242849753491713,0.7620734315036419
8120260306020008,小倉競輪,8R,18:43,6-7,6,7,69.1,0.02539201788528518,0.7545884358732058
8320260307010008,久留米競輪,8R,23:00,4-7,4,7,56.2,0.031145193444364838,0.750359871573304
4320260307010006,岐阜競輪,6R,22:30,4-5,4,5,63.0,0.027739073982375462,0.747561660889654
8120260306020002,小倉競輪,2R,16:14,1-6,1,6,30.8,0.05648112349152472,0.7396186035389614
7520260305030002,松山競輪,2R,11:32,1-6,1,6,54.9,0.03157484394490759,0.7334589325754266
7520260305030003,松山競輪,3R,11:59,5-8,5,8,293.0,0.005906461414912558,0.7305931945693795
7520260305030012,松山競輪,12R,16:20,4-6,4,6,163.6,0.01054940963960031,0.7258834170386106
2820260307010002,立川競輪,2R,09:10,3-5,3,5,46.4,0.037166324797209084,0.7245174705905015
8120260306020004,小倉競輪,4R,17:02,1-7,1,7,25.9,0.06649094617285514,0.7221155058769482
2820260307010002,立川競輪,2R,09:10,2-3,2,3,160.0,0.010756793672186502,0.7210869875498402
2820260307010006,立川競輪,6R,10:34,3-4,3,4,37.4,0.04588325540067904,0.7160337519853961
2820260307010007,立川競輪,7R,10:55,5-7,5,7,106.1,0.016106096174009155,0.7088568040623713
7520260305030008,松山競輪,8R,14:19,6-7,6,7,240.4,0.007101290974971152,0.707150350383065
2220260307010011,前橋競輪,11R,20:16,4-7,4,7,56.8,0.030048757009346262,0.7067693981308676
7520260305030006,松山競輪,6R,13:22,6-9,6,9,193.2,0.008822894601665148,0.7045832370417064
2820260307010004,立川競輪,4R,09:52,2-3,2,3,98.6,0.017269686934008183,0.7027911316932067
4320260307010009,岐阜競輪,9R,23:30,5-6,5,6,77.5,0.021949306033782853,0.701071217618171
7520260305030007,松山競輪,7R,13:50,7-8,7,8,137.9,0.012328460987235505,0.7000947701397762
8120260306020003,小倉競輪,3R,16:38,3-4,3,4,30.1,0.05620885335634701,0.6918864860260452
2220260307010010,前橋競輪,10R,19:48,1-3,1,3,23.7,0.07108895560533715,0.6848082478464905
7520260305030001,松山競輪,1R,11:05,1-2,1,2,51.0,0.033028339880328925,0.6844453338967751
7520260305030004,松山競輪,4R,12:26,3-4,3,4,108.1,0.015561460283816903,0.6821938566806072
7520260305030002,松山競輪,2R,11:32,6-7,6,7,87.2,0.01927276656490406,0.6805852444596341
2220260307010001,前橋競輪,1R,16:03,4-7,4,7,93.2,0.018031548960640686,0.680540363131712
7520260305030006,松山競輪,6R,13:22,4-7,4,7,35.6,0.04689533250381383,0.6694738371357725
8120260306020002,小倉競輪,2R,16:14,1-2,1,2,27.1,0.06132603566219916,0.6619355664455973
7520260305030010,松山競輪,10R,15:18,1-3,1,3,35.9,0.04629289682896481,0.6619149961598365
8120260306020012,小倉競輪,12R,20:30,2-3,2,3,49.2,0.03375876985761219,0.6609314769945198
2220260307010002,前橋競輪,2R,16:26,2-5,2,5,25.3,0.06554765535737922,0.6583556805416944
7520260305030004,松山競輪,4R,12:26,2-6,2,6,467.4,0.0035466057480484947,0.6576835266378662
8320260307010001,久留米競輪,1R,20:40,1-7,1,7,102.4,0.016171637783291525,0.6559757090090521
7520260305030008,松山競輪,8R,14:19,3-6,3,6,233.4,0.007075208588232645,0.6513536844934995
4320260307010004,岐阜競輪,4R,21:50,6-7,6,7,367.3,0.00448476978920111,0.6472559435735679
8120260306020006,小倉競輪,6R,17:51,3-4,3,4,30.0,0.054887733016761156,0.6466319905028346
2220260307010003,前橋競輪,3R,16:50,2-5,2,5,51.8,0.03173648061573185,0.6439496958949098
2220260307010011,前橋競輪,11R,20:16,1-4,1,4,110.5,0.014868315133921905,0.6429488222983706
2220260307010004,前橋競輪,4R,17:14,3-4,3,4,19.4,0.08464264591769599,0.642067330803302
7520260305030007,松山競輪,7R,13:50,4-6,4,6,98.5,0.016657963372564647,0.6408093921976177
8120260306020007,小倉競輪,7R,18:17,1-3,1,3,23.6,0.06950123170708089,0.640229068287109
8120260306020008,小倉競輪,8R,18:43,2-3,2,3,22.1,0.07420626217857726,0.6399583941465576
7520260305030010,松山競輪,10R,15:18,1-4,1,4,49.0,0.033467422466520916,0.639903700859525
4320260307010003,岐阜競輪,3R,21:30,1-4,1,4,23.0,0.07114556830637345,0.6363480710465892
2220260307010007,前橋競輪,7R,18:30,2-3,2,3,45.5,0.03581930203577253,0.6297782426276499
4320260307010006,岐阜競輪,6R,22:30,3-4,3,4,32.7,0.049835617270934246,0.6296246847595499
2220260307010011,前橋競輪,11R,20:16,2-4,2,4,55.2,0.029511992539834914,0.6290619881988873
2820260307010005,立川競輪,5R,10:13,3-6,3,6,76.0,0.02141528885862701,0.6275619532556529
8320260307010004,久留米競輪,4R,21:40,2-4,2,4,84.5,0.019235160171647645,0.625371034504226
4320260307010008,岐阜競輪,8R,23:10,2-7,2,7,65.1,0.024950051488386943,0.6242483518939899
8120260306020008,小倉競輪,8R,18:43,4-7,4,7,41.5,0.039023885780181414,0.6194912598775286
2220260307010008,前橋競輪,8R,18:56,6-7,6,7,264.0,0.006127927946686089,0.6177729779251275
7520260305030001,松山競輪,1R,11:05,2-6,2,6,53.3,0.030351451179068102,0.6177323478443297
8120260306020002,小倉競輪,2R,16:14,3-4,3,4,73.2,0.022071425260331404,0.615628329056259
8120260306020007,小倉競輪,7R,18:17,1-5,1,5,45.6,0.035358988509492865,0.6123698760328746
4320260307010002,岐阜競輪,2R,21:10,2-3,2,3,33.9,0.0473765185861183,0.6060639800694103
8120260306020012,小倉競輪,12R,20:30,3-4,3,4,45.9,0.03498347497604094,0.6057415014002792
8320260307010009,久留米競輪,9R,23:20,3-6,3,6,45.8,0.035046346493986885,0.6051226694245992
8320260307010001,久留米競輪,1R,20:40,2-6,2,6,26.5,0.06041133112665842,0.600900274856448
2820260307010004,立川競輪,4R,09:52,3-4,3,4,29.8,0.05369944336972864,0.6002434124179137
7520260305030012,松山競輪,12R,16:20,6-7,6,7,188.4,0.008448808885245513,0.5917555939802546
8320260307010009,久留米競輪,9R,23:20,1-3,1,3,24.3,0.06537421098080656,0.5885933268335994
4320260307010008,岐阜競輪,8R,23:10,2-3,2,3,40.1,0.0395681979116054,0.5866847362553766
4320260307010005,岐阜競輪,5R,22:10,2-5,2,5,79.7,0.01985516031290039,0.5824562769381612
8120260306020008,小倉競輪,8R,18:43,1-6,1,6,66.4,0.023816841098941503,0.5814382489697159
7520260305030009,松山競輪,9R,14:48,6-8,6,8,381.4,0.004146367871378068,0.5814247061435951
7520260305030001,松山競輪,1R,11:05,1-3,1,3,72.7,0.021722078855843673,0.579195132819835
2220260307010011,前橋競輪,11R,20:16,4-5,4,5,91.6,0.01721831045416868,0.5771972376018508
8120260306020011,小倉競輪,11R,20:02,5-7,5,7,19.3,0.08147031421086573,0.5723770642697086
8120260306020010,小倉競輪,10R,19:35,2-4,2,4,42.5,0.03698426666287437,0.5718313331721607
8120260306020010,小倉競輪,10R,19:35,1-5,1,5,18.5,0.08450762957492988,0.5633911471362028
8120260306020002,小倉競輪,2R,16:14,4-7,4,7,22.5,0.06946408919616882,0.5629420069137985
8120260306020001,小倉競輪,1R,15:53,1-5,1,5,21.8,0.07163790615877533,0.5617063542613021
7520260305030010,松山競輪,10R,15:18,3-8,3,8,126.4,0.0123540764506491,0.5615552633620462
8120260306020008,小倉競輪,8R,18:43,1-2,1,2,39.6,0.03939407527715536,0.5600053809753525
7520260305030010,松山競輪,10R,15:18,2-6,2,6,92.6,0.016833528871185284,0.5587847734717573
4320260307010007,岐阜競輪,7R,22:50,1-5,1,5,27.1,0.05750732845284523,0.5584486010721059
7520260305030005,松山競輪,5R,12:54,2-3,2,3,40.6,0.038316909013981514,0.5556665059676495
8120260306020006,小倉競輪,6R,17:51,4-5,4,5,34.3,0.04531600120341209,0.5543388412770345
8120260306020009,小倉競輪,9R,19:09,4-7,4,7,18.3,0.08468853369362153,0.5498001665932741
7520260305030002,松山競輪,2R,11:32,5-6,5,6,60.5,0.02560524942704074,0.5491175903359649
8120260306020007,小倉競輪,7R,18:17,2-7,2,7,50.4,0.030718045172214777,0.5481894766796247
8320260307010001,久留米競輪,1R,20:40,5-7,5,7,166.5,0.009292317963831665,0.5471709409779721
2220260307010005,前橋競輪,5R,17:38,1-2,1,2,26.1,0.05915993643275749,0.5440743408949706
8320260307010009,久留米競輪,9R,23:20,3-7,3,7,44.7,0.0345401396288038,0.54394424140753
7520260305030012,松山競輪,12R,16:20,5-6,5,6,154.6,0.0099672312310281,0.5409339483169442
8320260307010001,久留米競輪,1R,20:40,4-6,4,6,29.6,0.051905119338746586,0.5363915324268991
7520260305030005,松山競輪,5R,12:54,4-7,4,7,142.7,0.010765279599456038,0.5362053988423765
2820260307010006,立川競輪,6R,10:34,5-7,5,7,27.3,0.05618054452208081,0.5337288654528061
7520260305030002,松山競輪,2R,11:32,4-5,4,5,49.5,0.03067837023692163,0.5185793267276209
2220260307010006,前橋競輪,6R,18:04,1-3,1,3,21.4,0.07095028389604847,0.5183360753754374
2820260307010007,立川競輪,7R,10:55,4-5,4,5,25.1,0.06047231791286646,0.5178551796129482
2820260307010003,立川競輪,3R,09:31,2-5,2,5,14.8,0.10245881987848218,0.5163905342015365
8120260306020008,小倉競輪,8R,18:43,5-6,5,6,48.0,0.031590258688121146,0.5163324170298149
4320260307010009,岐阜競輪,9R,23:30,6-7,6,7,45.8,0.032869965767371785,0.5054444321456277
7520260305030010,松山競輪,10R,15:18,1-6,1,6,111.3,0.013486669043663878,0.5010662645597896
7520260305030005,松山競輪,5R,12:54,2-8,2,8,148.0,0.010116476458429578,0.4972385158475776
7520260305030002,松山競輪,2R,11:32,1-4,1,4,39.1,0.038276738842228916,0.4966204887311507
7520260305030012,松山競輪,12R,16:20,5-9,5,9,29.3,0.050883481907941064,0.4908860199026732
7520260305030002,松山競輪,2R,11:32,6-8,6,8,100.4,0.014844496316783473,0.4903874302050608
7520260305030001,松山競輪,1R,11:05,2-8,2,8,52.4,0.028335187268541024,0.4847638128715497
8120260306020008,小倉競輪,8R,18:43,2-5,2,5,29.4,0.05042476636933993,0.4824881312585938
7520260305030012,松山競輪,12R,16:20,2-7,2,7,69.6,0.021245028046692527,0.4786539520497999
4320260307010005,岐阜競輪,5R,22:10,1-6,1,6,25.2,0.05863604372417722,0.47762830184926575
8320260307010008,久留米競輪,8R,23:00,2-4,2,4,22.7,0.06492340285551698,0.4737612448202355
8120260306020009,小倉競輪,9R,19:09,1-5,1,5,61.0,0.024134300380321688,0.472192323199623
2220260307010004,前橋競輪,4R,17:14,2-6,2,6,207.7,0.0070801237562727855,0.47054170417785746
7520260305030003,松山競輪,3R,11:59,4-6,4,6,173.1,0.008484096426697977,0.4685970914614199
4320260307010008,岐阜競輪,8R,23:10,3-4,3,4,35.9,0.04090555114477171,0.46850928609730413
7520260305030006,松山競輪,6R,13:22,1-5,1,5,87.2,0.016819976832291913,0.4667019797758549
7520260305030011,松山競輪,11R,15:49,1-6,1,6,41.9,0.03499906791206864,0.46646094551567585
8120260306020010,小倉競輪,10R,19:35,3-5,3,5,38.3,0.038279223616509914,0.4660942645123296
8120260306020004,小倉競輪,4R,17:02,3-7,3,7,43.1,0.03400376034582109,0.4655620709048889
8120260306020001,小倉競輪,1R,15:53,3-6,3,6,106.3,0.013786284644639178,0.4654820577251446
8120260306020004,小倉競輪,4R,17:02,2-5,2,5,28.6,0.05114610677029773,0.4627786536305152
7520260305030007,松山競輪,7R,13:50,3-9,3,9,31.3,0.04665217670188135,0.46021313076888615
2820260307010001,立川競輪,1R,08:50,1-3,1,3,42.9,0.03403499250832622,0.4601011786071949
7520260305030011,松山競輪,11R,15:49,5-9,5,9,44.9,0.0323634512478611,0.45311896102896343
8320260307010003,久留米競輪,3R,21:20,4-7,4,7,189.4,0.007665974778852073,0.4519356231145826
8120260306020001,小倉競輪,1R,15:53,1-7,1,7,18.2,0.07950003270179418,0.4469005951726539
2220260307010007,前橋競輪,7R,18:30,2-4,2,4,80.8,0.01782276689302305,0.44007956495626255
7520260305030006,松山競輪,6R,13:22,4-5,4,5,67.0,0.021433615649512315,0.43605224851732505
2820260307010006,立川競輪,6R,10:34,2-4,2,4,87.5,0.01638811127193353,0.43395973629418405
4320260307010003,岐阜競輪,3R,21:30,1-5,1,5,14.1,0.10166309265018193,0.43344960636756524
7520260305030002,松山競輪,2R,11:32,1-7,1,7,42.0,0.03410246801468861,0.4323036566169216
2220260307010004,前橋競輪,4R,17:14,5-6,5,6,385.7,0.0037133458359055052,0.43223748890875324
2220260307010011,前橋競輪,11R,20:16,5-7,5,7,45.3,0.03157654026801382,0.43041727414102593
2820260307010003,立川競輪,3R,09:31,1-2,1,2,12.7,0.11259352486237437,0.42993776575215437
7520260305030007,松山競輪,7R,13:50,8-9,8,9,47.6,0.029877980010668874,0.4221918485078384
7520260305030006,松山競輪,6R,13:22,8-9,8,9,85.7,0.01650735492473851,0.41468031705009034
8120260306020005,小倉競輪,5R,17:26,3-4,3,4,32.1,0.044055123122384424,0.41416945222853996
7520260305030005,松山競輪,5R,12:54,5-6,5,6,90.7,0.015577041099124368,0.4128376276905803
8120260306020007,小倉競輪,7R,18:17,1-4,1,4,20.2,0.06989100276289201,0.4117982558104185
8120260306020010,小倉競輪,10R,19:35,4-7,4,7,24.8,0.056685099454359476,0.4057904664681151
7520260305030004,松山競輪,4R,12:26,2-3,2,3,206.3,0.006807328259787006,0.40435181999405945
7520260305030005,松山競輪,5R,12:54,1-2,1,2,56.2,0.024967462470269923,0.40317139082916964
2220260307010011,前橋競輪,11R,20:16,5-6,5,6,48.8,0.02872667018531521,0.40186150504338225
4320260307010001,岐阜競輪,1R,20:50,3-6,3,6,77.7,0.018029616983827924,0.4009012396434297
7520260305030007,松山競輪,7R,13:50,2-9,2,9,18.9,0.0740273398211672,0.39911672262006004
8120260306020010,小倉競輪,10R,19:35,2-3,2,3,75.8,0.018372774124906552,0.39265627866791664
7520260305030002,松山競輪,2R,11:32,2-6,2,6,54.3,0.025621695511947304,0.3912580662987386
7520260305030011,松山競輪,11R,15:49,3-5,3,5,25.5,0.054504402962550706,0.38986227554504294
4320260307010007,岐阜競輪,7R,22:50,3-5,3,5,40.5,0.034218247200546614,0.38583901162213796
8120260306020002,小倉競輪,2R,16:14,1-4,1,4,41.7,0.03319394197172265,0.38418738022083465
8320260307010007,久留米競輪,7R,22:40,1-4,1,4,17.7,0.07773904799475946,0.3759811495072425
8120260306020006,小倉競輪,6R,17:51,3-5,3,5,91.2,0.01505980178268403,0.3734539225807836
8120260306020008,小倉競輪,8R,18:43,4-6,4,6,61.7,0.02224390886056313,0.37244917669674527
8120260306020003,小倉競輪,3R,16:38,2-5,2,5,22.4,0.061225921245013235,0.37146063588829636
8320260307010006,久留米競輪,6R,22:20,1-4,1,4,18.6,0.07367861457775945,0.3704222311463259
4320260307010003,岐阜競輪,3R,21:30,5-6,5,6,67.7,0.020233782579591117,0.3698270806383186
7520260305030007,松山競輪,7R,13:50,1-4,1,4,48.8,0.02805003027879517,0.36884147760520425
2820260307010005,立川競輪,5R,10:13,1-2,1,2,19.5,0.0701927868051159,0.36875934269975996
2820260307010003,立川競輪,3R,09:31,4-6,4,6,261.8,0.005223951576989402,0.3676305228558254
7520260305030007,松山競輪,7R,13:50,3-7,3,7,109.3,0.012511396341195712,0.3674956200926913
2220260307010007,前橋競輪,7R,18:30,3-6,3,6,43.5,0.031425926202613017,0.36702778981366624
7520260305030003,松山競輪,3R,11:59,1-4,1,4,32.7,0.04166549363074963,0.3624616417255131
2820260307010005,立川競輪,5R,10:13,1-4,1,4,21.1,0.064509097183174,0.36114195056497156
2820260307010005,立川競輪,5R,10:13,2-4,2,4,64.5,0.02110126162679461,0.3610313749282523
2820260307010004,立川競輪,4R,09:52,6-7,6,7,65.1,0.020819364419229207,0.3553406236918213
2220260307010008,前橋競輪,8R,18:56,4-7,4,7,146.6,0.009238624376079956,0.3543823335333216
7520260305030008,松山競輪,8R,14:19,4-8,4,8,116.7,0.011602508133846902,0.3540126992199335
7520260305030002,松山競輪,2R,11:32,1-2,1,2,30.4,0.044532711335549716,0.3537944246007112
8320260307010009,久留米競輪,9R,23:20,2-4,2,4,20.7,0.06504557154169749,0.34644333091313806
8320260307010001,久留米競輪,1R,20:40,4-5,4,5,24.8,0.0542314961348209,0.3449411041435584
8120260306020006,小倉競輪,6R,17:51,2-5,2,5,41.2,0.03263214077326667,0.344444199858587
8120260306020003,小倉競輪,3R,16:38,1-4,1,4,17.0,0.07903486186383611,0.3435926516852139
7520260305030006,松山競輪,6R,13:22,2-3,2,3,32.9,0.04073154247059696,0.3400677472826399
7520260305030008,松山競輪,8R,14:19,5-7,5,7,41.7,0.03212636621825233,0.33966947130112213
7520260305030003,松山競輪,3R,11:59,6-8,6,8,401.0,0.0033405235241180282,0.3395499331713294
4320260307010002,岐阜競輪,2R,21:10,1-6,1,6,15.8,0.08462639073090956,0.3370969735483711
2220260307010010,前橋競輪,10R,19:48,5-7,5,7,22.8,0.05852229331213356,0.3343082875166452
4320260307010009,岐阜競輪,9R,23:30,1-6,1,6,17.0,0.07837336521281203,0.33234720861780453
8120260306020001,小倉競輪,1R,15:53,4-6,4,6,46.0,0.028929235713074722,0.33074484280143723
7520260305030002,松山競輪,2R,11:32,3-6,3,6,27.9,0.04768225475159312,0.33033490756944794
7520260305030010,松山競輪,10R,15:18,4-8,4,8,148.8,0.008917183493755495,0.3268769038708177
8120260306020012,小倉競輪,12R,20:30,1-4,1,4,19.2,0.06909552937329644,0.3266341639672916
2220260307010007,前橋競輪,7R,18:30,3-4,3,4,60.3,0.02199911025337785,0.3265463482786841
7520260305030007,松山競輪,7R,13:50,5-6,5,6,88.7,0.014936733905099656,0.3248882973823395
4320260307010004,岐阜競輪,4R,21:50,1-7,1,7,68.2,0.019390471158202215,0.32243013298939105
4320260307010002,岐阜競輪,2R,21:10,4-5,4,5,34.7,0.03806290916747909,0.3207829481115245
4320260307010001,岐阜競輪,1R,20:50,1-6,1,6,27.6,0.047521553614887455,0.31159487977089384
2820260307010001,立川競輪,1R,08:50,1-4,1,4,36.2,0.03617092277433913,0.3093874044310765
7520260305030012,松山競輪,12R,16:20,6-9,6,9,48.3,0.027097699659508673,0.30881889355426884
8320260307010003,久留米競輪,3R,21:20,4-6,4,6,113.6,0.011499115514887824,0.3062995224912568
7520260305030007,松山競輪,7R,13:50,2-3,2,3,30.6,0.04261376792556425,0.3039812985222661
7520260305030006,松山競輪,6R,13:22,3-7,3,7,31.6,0.041251117918366755,0.3035353262203895
7520260305030005,松山競輪,5R,12:54,3-8,3,8,51.4,0.025352368481315998,0.30311173993964213
2820260307010007,立川競輪,7R,10:55,5-6,5,6,66.0,0.019742447953803813,0.3030015649510518
2220260307010004,前橋競輪,4R,17:14,5-7,5,7,23.7,0.054690223429650464,0.296158295282716
4320260307010001,岐阜競輪,1R,20:50,2-3,2,3,23.3,0.05518224548252429,0.28574631974281606
4320260307010009,岐阜競輪,9R,23:30,1-4,1,4,17.0,0.07558963500286646,0.28502379504872977
2220260307010010,前橋競輪,10R,19:48,3-7,3,7,31.5,0.040722524366601294,0.2827595175479407
7520260305030009,松山競輪,9R,14:48,2-8,2,8,168.5,0.007600367425448668,0.2806619111881006
7520260305030005,松山競輪,5R,12:54,1-4,1,4,66.7,0.019177872145113285,0.279164072079056
8320260307010002,久留米競輪,2R,21:00,3-5,3,5,51.0,0.024930823965296087,0.27147202223010036
7520260305030001,松山競輪,1R,11:05,4-6,4,6,33.0,0.038515239421429336,0.27100290090716816
7520260305030008,松山競輪,8R,14:19,1-3,1,3,47.5,0.026734084550409234,0.2698690161444386
7520260305030010,松山競輪,10R,15:18,4-6,4,6,210.0,0.006041223543833468,0.26865694420502817
7520260305030012,松山競輪,12R,16:20,3-4,3,4,33.6,0.03775307865161828,0.26850344269437443
2820260307010005,立川競輪,5R,10:13,2-5,2,5,33.0,0.038280785191346665,0.26326591131444
8120260306020012,小倉競輪,12R,20:30,2-5,2,5,32.6,0.038708296869986246,0.2618904779615516
2820260307010001,立川競輪,1R,08:50,5-7,5,7,14.8,0.08499989013197529,0.25799837395323433
2820260307010007,立川競輪,7R,10:55,2-3,2,3,22.4,0.05611775968690353,0.25703781698663897
2220260307010011,前橋競輪,11R,20:16,6-7,6,7,28.8,0.043627215367973,0.25646380259762247
7520260305030012,松山競輪,12R,16:20,1-4,1,4,46.9,0.026784918390731993,0.2562126725253304
8320260307010006,久留米競輪,6R,22:20,2-4,2,4,23.9,0.05250252198498892,0.25481027544123513
2220260307010004,前橋競輪,4R,17:14,2-7,2,7,15.3,0.08182040575489656,0.2518522080499175
7520260305030002,松山競輪,2R,11:32,2-5,2,5,34.8,0.035972493769309714,0.25184278317197806
8120260306020002,小倉競輪,2R,16:14,2-5,2,5,96.8,0.012915938897609083,0.2502628852885591
2220260307010004,前橋競輪,4R,17:14,3-7,3,7,13.2,0.0944746212814782,0.2470650009155122
4320260307010008,岐阜競輪,8R,23:10,1-7,1,7,18.7,0.06668137197777928,0.24694165598447237
4320260307010005,岐阜競輪,5R,22:10,2-4,2,4,16.4,0.07584661235751972,0.24388444266332332
8120260306020005,小倉競輪,5R,17:26,3-6,3,6,46.7,0.02662811481303745,0.2435329617688491
2220260307010011,前橋競輪,11R,20:16,1-5,1,5,86.7,0.014330671313492905,0.24246920287983498
4320260307010008,岐阜競輪,8R,23:10,3-5,3,5,30.0,0.0413755041852729,0.24126512555818702
7520260305030003,松山競輪,3R,11:59,1-5,1,5,52.9,0.02339957442078438,0.23783748685949369
7520260305030001,松山競輪,1R,11:05,1-5,1,5,23.6,0.05233804695550912,0.23517790815001538
7520260305030008,松山競輪,8R,14:19,4-6,4,6,236.9,0.005190099289999907,0.2295345218009781
7520260305030004,松山競輪,4R,12:26,4-5,4,5,44.7,0.027479802441143238,0.2283471691191028
7520260305030003,松山競輪,3R,11:59,3-7,3,7,27.9,0.04400332814439324,0.2276928552285713
7520260305030009,松山競輪,9R,14:48,2-5,2,5,17.3,0.07090818065026233,0.22671152524953841
7520260305030005,松山競輪,5R,12:54,2-4,2,4,103.2,0.011871122284415224,0.22509981975165116
7520260305030009,松山競輪,9R,14:48,2-7,2,7,38.5,0.031820197630425616,0.22507760877138616
7520260305030005,松山競輪,5R,12:54,7-8,7,8,133.0,0.009196415957948845,0.22312332240719623
8320260307010005,久留米競輪,5R,22:00,6-7,6,7,36.3,0.0335720270148933,0.21866458064062666
7520260305030008,松山競輪,8R,14:19,2-3,2,3,35.1,0.034691442235784145,0.2176696224760235
4320260307010001,岐阜競輪,1R,20:50,2-4,2,4,20.7,0.058594687490576544,0.21291003105493433
7520260305030008,松山競輪,8R,14:19,3-8,3,8,80.5,0.015058686539319301,0.21222426641520364
7520260305030005,松山競輪,5R,12:54,6-7,6,7,108.2,0.011188161117643338,0.21055903292900924
8320260307010001,久留米競輪,1R,20:40,1-6,1,6,13.4,0.08996123891372085,0.2054806014438595
7520260305030009,松山競輪,9R,14:48,1-3,1,3,48.4,0.02489572625203899,0.20495315059868702
4320260307010003,岐阜競輪,3R,21:30,3-5,3,5,31.0,0.0387759294588141,0.202053813223237
7520260305030003,松山競輪,3R,11:59,3-9,3,9,19.1,0.06284104206538522,0.2002639034488578
2820260307010004,立川競輪,4R,09:52,1-7,1,7,20.8,0.05757651056068516,0.19759141966225147
7520260305030010,松山競輪,10R,15:18,6-8,6,8,333.9,0.0035863966945373898,0.19749785630603434
7520260305030007,松山競輪,7R,13:50,6-7,6,7,83.7,0.014270581567962863,0.19444767723849177
7520260305030003,松山競輪,3R,11:59,6-7,6,7,115.4,0.010331347348944381,0.19223748406818175
7520260305030001,松山競輪,1R,11:05,3-8,3,8,65.5,0.018170000564664494,0.19013503698552436
8120260306020002,小倉競輪,2R,16:14,4-5,4,5,159.4,0.007466145751854293,0.1901036328455743
8320260307010006,久留米競輪,6R,22:20,5-6,5,6,32.9,0.036143653208085276,0.18912619054600555
8120260306020012,小倉競輪,12R,20:30,1-3,1,3,12.3,0.09656953307511382,0.18780525682389992
8120260306020005,小倉競輪,5R,17:26,2-3,2,3,19.6,0.060511551199289415,0.18602640350607258
8120260306020002,小倉競輪,2R,16:14,2-6,2,6,21.5,0.05509955956461414,0.18464053063920405
7520260305030003,松山競輪,3R,11:59,6-9,6,9,78.9,0.01500451692554727,0.1838563854256796
8320260307010002,久留米競輪,2R,21:00,1-4,1,4,20.1,0.05873256662632857,0.18052458918920444
2220260307010009,前橋競輪,9R,19:22,1-5,1,5,19.6,0.06007010680784422,0.17737409343374688
2220260307010008,前橋競輪,8R,18:56,2-7,2,7,86.5,0.01360761040357662,0.1770582999093775
2220260307010008,前橋競輪,8R,18:56,1-7,1,7,240.0,0.004875398910512186,0.1700957385229247
7520260305030008,松山競輪,8R,14:19,1-7,1,7,47.3,0.024731345466030293,0.16979264054323284
8120260306020005,小倉競輪,5R,17:26,4-5,4,5,21.4,0.0545197862212321,0.166723425134367
2220260307010008,前橋競輪,8R,18:56,3-5,3,5,12.0,0.09721927886355049,0.1666313463626059
7520260305030005,松山競輪,5R,12:54,5-9,5,9,19.5,0.05980176443018349,0.16613440638857813
2820260307010003,立川競輪,3R,09:31,3-4,3,4,75.5,0.01541444423485991,0.16379053973192326
4320260307010003,岐阜競輪,3R,21:30,2-6,2,6,38.0,0.030557664374152894,0.16119124621781
7520260305030003,松山競輪,3R,11:59,2-9,2,9,21.5,0.053919340940680495,0.1592658302246306
7520260305030004,松山競輪,4R,12:26,5-7,5,7,20.6,0.05612563712222856,0.15618812471790844
7520260305030002,松山競輪,2R,11:32,2-4,2,4,37.9,0.03046848069345795,0.1547554182820563
4320260307010005,岐阜競輪,5R,22:10,4-5,4,5,79.7,0.014413648082772363,0.14876775219695748
7520260305030007,松山競輪,7R,13:50,1-7,1,7,48.4,0.023640563011977662,0.14420324977971877
7520260305030006,松山競輪,6R,13:22,1-8,1,8,77.4,0.014768934413780662,0.14311552362662328
8120260306020008,小倉競輪,8R,18:43,4-5,4,5,23.5,0.04847323351450475,0.13912098759086167
2220260307010011,前橋競輪,11R,20:16,2-7,2,7,24.9,0.04571702972400232,0.13835404012765773
7520260305030003,松山競輪,3R,11:59,2-3,2,3,34.3,0.033174415441389174,0.13788244963964846
4320260307010002,岐阜競輪,2R,21:10,5-7,5,7,61.9,0.018361535422218946,0.1365790426353528
8120260306020012,小倉競輪,12R,20:30,1-7,1,7,13.0,0.0873814093211719,0.13595832117523465
7520260305030012,松山競輪,12R,16:20,6-8,6,8,249.1,0.004559541812997717,0.13578186561773142
2820260307010001,立川競輪,1R,08:50,2-7,2,7,13.1,0.08666217669348607,0.13527451468466745
2220260307010010,前橋競輪,10R,19:48,2-4,2,4,35.3,0.03205793491096841,0.13164510235718474
4320260307010009,岐阜競輪,9R,23:30,2-7,2,7,24.5,0.04613323803475574,0.13026433185151554
8320260307010008,久留米競輪,8R,23:00,1-5,1,5,12.5,0.09027065388393166,0.12838317354914563
8120260306020011,小倉競輪,11R,20:02,3-5,3,5,18.5,0.060954222880826914,0.127653123295298
7520260305030005,松山競輪,5R,12:54,4-8,4,8,198.7,0.005642195016979288,0.12110414987378437
7520260305030008,松山競輪,8R,14:19,2-6,2,6,115.0,0.00974521275005237,0.12069946625602257
8320260307010008,久留米競輪,8R,23:00,4-5,4,5,19.5,0.05745194522817759,0.12031293194946313
4320260307010009,岐阜競輪,9R,23:30,2-6,2,6,21.9,0.05113520615237481,0.11986101473700828
7520260305030006,松山競輪,6R,13:22,3-6,3,6,114.1,0.009799569782941463,0.11813091223362093
7520260305030001,松山競輪,1R,11:05,1-4,1,4,27.4,0.040759843258857086,0.11681970529268404
2820260307010003,立川競輪,3R,09:31,4-7,4,7,34.5,0.03236183119836335,0.11648317634353544
7520260305030005,松山競輪,5R,12:54,6-9,6,9,31.2,0.03575765672267872,0.11563888974757597
8320260307010009,久留米競輪,9R,23:20,2-7,2,7,23.4,0.04748714291435692,0.1111991441959519
2220260307010008,前橋競輪,8R,18:56,2-5,2,5,9.0,0.1229702571443726,0.10673231429935326
8320260307010004,久留米競輪,4R,21:40,2-3,2,3,19.0,0.05791341758541503,0.10035493412288554
7520260305030001,松山競輪,1R,11:05,2-5,2,5,15.0,0.07334447982000687,0.10016719730010304
8120260306020004,小倉競輪,4R,17:02,4-6,4,6,44.7,0.024496980554802174,0.09501503079965734
4320260307010009,岐阜競輪,9R,23:30,3-6,3,6,25.8,0.04227484500178688,0.0906910010461015
7520260305030010,松山競輪,10R,15:18,7-9,7,9,37.9,0.02873625732656739,0.08910415267690408
2820260307010002,立川競輪,2R,09:10,3-7,3,7,29.2,0.03726101761422497,0.0880217143353692
8320260307010006,久留米競輪,6R,22:20,2-5,2,5,19.1,0.05693059858785589,0.08737443302804748
8120260306020004,小倉競輪,4R,17:02,1-5,1,5,14.1,0.07697298634836965,0.08531910751201188
7520260305030005,松山競輪,5R,12:54,2-7,2,7,65.9,0.016442931464452505,0.08358918350742028
8320260307010004,久留米競輪,4R,21:40,4-7,4,7,324.1,0.003320749069402277,0.07625477339327813
2820260307010007,立川競輪,7R,10:55,1-7,1,7,33.4,0.03218876744926233,0.07510483280536184
7520260305030003,松山競輪,3R,11:59,5-6,5,6,234.4,0.004568676813134674,0.07089784499876761
2220260307010002,前橋競輪,2R,16:26,2-4,2,4,59.9,0.01785218513745616,0.0693458897336241
8320260307010009,久留米競輪,9R,23:20,2-6,2,6,22.3,0.047303794283569775,0.054874612523605926
8320260307010001,久留米競輪,1R,20:40,3-5,3,5,31.9,0.03304924074569722,0.05427077978774131
4320260307010002,岐阜競輪,2R,21:10,2-6,2,6,23.1,0.045588452257606785,0.05309324715071684
7520260305030003,松山競輪,3R,11:59,3-6,3,6,109.6,0.009598471384958689,0.051992463791472154
7520260305030007,松山競輪,7R,13:50,2-8,2,8,38.5,0.02730067448653803,0.05107596773171408
7520260305030008,松山競輪,8R,14:19,5-8,5,8,54.2,0.01938736869548498,0.0507953832952861
7520260305030010,松山競輪,10R,15:18,2-4,2,4,25.2,0.0415984502036658,0.04828094513237824
7520260305030008,松山競輪,8R,14:19,3-7,3,7,44.7,0.023407899712721156,0.04633311715863564
2820260307010006,立川競輪,6R,10:34,2-7,2,7,22.3,0.046857104388744686,0.04491342786900643
8320260307010004,久留米競輪,4R,21:40,1-3,1,3,10.3,0.10135999853254711,0.044007984885235274
8120260306020012,小倉競輪,12R,20:30,2-4,2,4,55.6,0.018771843571504004,0.043714502575622705
7520260305030001,松山競輪,1R,11:05,5-8,5,8,22.5,0.046365995230757864,0.04323489269205205
8320260307010009,久留米競輪,9R,23:20,3-5,3,5,29.3,0.035201437335097494,0.03140211391835668
8120260306020005,小倉競輪,5R,17:26,4-7,4,7,34.1,0.030226139537117322,0.030711358215700812
7520260305030003,松山競輪,3R,11:59,7-9,7,9,14.8,0.06949077344526053,0.028463446989855923
7520260305030002,松山競輪,2R,11:32,7-8,7,8,81.4,0.012509343789866761,0.01826058449515444
2220260307010003,前橋競輪,3R,16:50,1-2,1,2,17.8,0.05718806303256074,0.01794752197958127
8120260306020010,小倉競輪,10R,19:35,3-7,3,7,33.1,0.030748496275587643,0.017775226721951087
7520260305030012,松山競輪,12R,16:20,1-8,1,8,88.6,0.011483829541637992,0.017467297389126113
7520260305030011,松山競輪,11R,15:49,2-8,2,8,118.4,0.008587457955442636,0.016755021924408142
4320260307010005,岐阜競輪,5R,22:10,4-6,4,6,40.1,0.025352071220953603,0.016618055960239575
7520260305030010,松山競輪,10R,15:18,2-3,2,3,17.7,0.05734417244690154,0.014991852310157316
7520260305030006,松山競輪,6R,13:22,5-9,5,9,50.3,0.02009162305844369,0.010608639839717604
8120260306020012,小倉競輪,12R,20:30,1-6,1,6,17.3,0.0582896917691921,0.008411667607023388
8320260307010005,久留米競輪,5R,22:00,1-4,1,4,13.7,0.07351649126923929,0.007175930388578111
7520260305030004,松山競輪,4R,12:26,2-4,2,4,91.8,0.010897325667453654,0.00037449627224539483
7520260305030002,松山競輪,2R,11:32,3-7,3,7,17.3,0.057791404455589175,-0.0002087029183072131
7520260305030001,松山競輪,1R,11:05,3-7,3,7,50.6,0.019720359497768306,-0.0021498094129237533
8120260306020008,小倉競輪,8R,18:43,2-4,2,4,25.9,0.038469210833474224,-0.0036474394130177057
8120260306020006,小倉競輪,6R,17:51,2-3,2,3,25.7,0.03876061320316466,-0.003852240678668295
8120260306020007,小倉競輪,7R,18:17,2-4,2,4,16.0,0.06225371969528595,-0.0039404848754247546
7520260305030011,松山競輪,11R,15:49,7-9,7,9,53.7,0.018394447680150482,-0.012218159575919096
4320260307010004,岐阜競輪,4R,21:50,4-7,4,7,191.0,0.005170985723959196,-0.012341726723793633
7520260305030003,松山競輪,3R,11:59,8-9,8,9,41.9,0.023569728722687967,-0.012428366519374179
8320260307010007,久留米競輪,7R,22:40,3-5,3,5,36.1,0.027342518725865995,-0.0129350739962375
2220260307010007,前橋競輪,7R,18:30,1-2,1,2,12.6,0.07821068382454763,-0.014545383810699919
2220260307010011,前橋競輪,11R,20:16,3-6,3,6,9.6,0.10253438633156545,-0.01566989121697171
7520260305030005,松山競輪,5R,12:54,4-6,4,6,126.5,0.00776487260650653,-0.01774361527692403
2820260307010004,立川競輪,4R,09:52,3-7,3,7,30.5,0.03201900205165853,-0.02342043742441491
8320260307010007,久留米競輪,7R,22:40,1-3,1,3,15.4,0.0633942223422857,-0.02372897592880019
8320260307010009,久留米競輪,9R,23:20,6-7,6,7,37.8,0.025801976944958914,-0.024685271480553106
4320260307010008,岐阜競輪,8R,23:10,2-5,2,5,23.1,0.04218116182325712,-0.025615161882760584
7520260305030006,松山競輪,6R,13:22,5-7,5,7,16.3,0.05971785081895977,-0.026599031650955673
2220260307010001,前橋競輪,1R,16:03,5-7,5,7,25.2,0.03855039948884702,-0.02852993288105521
7520260305030005,松山競輪,5R,12:54,2-6,2,6,80.9,0.011977840260535211,-0.030992722922701277
8120260306020001,小倉競輪,1R,15:53,3-4,3,4,37.4,0.025898336703194552,-0.03140220730052379
2220260307010007,前橋競輪,7R,18:30,4-7,4,7,29.6,0.032579945789677975,-0.03563360462553189
8120260306020009,小倉競輪,9R,19:09,3-4,3,4,10.4,0.09231015043653296,-0.03997443546005719
2820260307010007,立川競輪,7R,10:55,4-6,4,6,15.5,0.061917047397995265,-0.04028576533107342
7520260305030009,松山競輪,9R,14:48,2-3,2,3,21.0,0.04569973118343802,-0.04030564514780155
2820260307010004,立川競輪,4R,09:52,2-7,2,7,34.4,0.02785841758903662,-0.04167043493714029
8120260306020002,小倉競輪,2R,16:14,2-4,2,4,29.7,0.03217470295230527,-0.04441132231653355
7520260305030004,松山競輪,4R,12:26,4-6,4,6,131.3,0.007261426746604062,-0.04657466817088651
8320260307010007,久留米競輪,7R,22:40,2-5,2,5,19.0,0.05007716032955751,-0.0485339537384073
7520260305030001,松山競輪,1R,11:05,2-7,2,7,32.2,0.02947152383818108,-0.05101693241056915
7520260305030004,松山競輪,4R,12:26,1-4,1,4,16.5,0.05727469763920044,-0.0549674889531927
7520260305030008,松山競輪,8R,14:19,1-9,1,9,16.4,0.05759795285884502,-0.05539357311494175
7520260305030001,松山競輪,1R,11:05,1-8,1,8,49.1,0.019236775163346046,-0.055474339479709145
7520260305030008,松山競輪,8R,14:19,2-5,2,5,23.0,0.04104426592032552,-0.05598188383251301
2220260307010003,前橋競輪,3R,16:50,2-7,2,7,38.0,0.02479974135044349,-0.057609828683147346
8120260306020001,小倉競輪,1R,15:53,2-5,2,5,16.5,0.056932172960600616,-0.06061914615008979
2220260307010009,前橋競輪,9R,19:22,1-2,1,2,8.7,0.10782081341047384,-0.061958923328877646
7520260305030009,松山競輪,9R,14:48,7-9,7,9,45.7,0.020505758717988837,-0.06288682658791012
2220260307010002,前橋競輪,2R,16:26,1-2,1,2,17.1,0.05453882362457452,-0.06738611601977573
8320260307010008,久留米競輪,8R,23:00,1-3,1,3,14.3,0.06517802448565714,-0.06795424985510279
7520260305030007,松山競輪,7R,13:50,5-9,5,9,22.7,0.041034452536287847,-0.06851792742626595
2220260307010004,前橋競輪,4R,17:14,1-5,1,5,43.9,0.021151971385323556,-0.07142845618429594
4320260307010008,岐阜競輪,8R,23:10,5-6,5,6,28.3,0.0325570394271026,-0.07863578421299644
7520260305030010,松山競輪,10R,15:18,2-8,2,8,41.4,0.022094181974574745,-0.08530086625260558
8120260306020003,小倉競輪,3R,16:38,4-5,4,5,9.7,0.09419271007129429,-0.08633071230844547
8120260306020004,小倉競輪,4R,17:02,1-3,1,3,11.8,0.07737640433342194,-0.0869584288656211
7520260305030001,松山競輪,1R,11:05,1-6,1,6,44.6,0.020462169697713167,-0.08738723148199268
4320260307010009,岐阜競輪,9R,23:30,1-2,1,2,9.2,0.09892868504705855,-0.08985609756706137
7520260305030012,松山競輪,12R,16:20,1-3,1,3,16.5,0.05506974407752013,-0.09134922272091783
7520260305030004,松山競輪,4R,12:26,1-3,1,3,19.2,0.047230816580031185,-0.09316832166340128
7520260305030011,松山競輪,11R,15:49,1-3,1,3,13.0,0.06970447848501173,-0.09384177969484753
7520260305030010,松山競輪,10R,15:18,4-9,4,9,54.8,0.01653073919898147,-0.09411549189581547
8120260306020008,小倉競輪,8R,18:43,2-7,2,7,22.3,0.04061778415079969,-0.09422341343716689
2220260307010001,前橋競輪,1R,16:03,1-4,1,4,25.8,0.03510394084401971,-0.09431832622429148
8120260306020006,小倉競輪,6R,17:51,1-2,1,2,6.8,0.1324777616058303,-0.09915122108035401
7520260305030010,松山競輪,10R,15:18,3-9,3,9,38.9,0.023133926324707826,-0.10009026596886561
7520260305030001,松山競輪,1R,11:05,3-4,3,4,22.1,0.040331992176464965,-0.10866297290012428
2820260307010007,立川競輪,7R,10:55,3-4,3,4,9.0,0.09892714057608938,-0.10965573481519553
2220260307010001,前橋競輪,1R,16:03,1-5,1,5,16.5,0.05391968213591628,-0.11032524475738137
8120260306020001,小倉競輪,1R,15:53,4-5,4,5,25.2,0.03527802092881705,-0.11099387259381033
8120260306020009,小倉競輪,9R,19:09,2-7,2,7,17.1,0.051932141844236834,-0.11196037446355
8320260307010001,久留米競輪,1R,20:40,3-7,3,7,161.4,0.00548440163537131,-0.11481757605107057
4320260307010009,岐阜競輪,9R,23:30,3-5,3,5,33.6,0.026159306743300956,-0.1210472934250878
4320260307010003,岐阜競輪,3R,21:30,2-3,2,3,15.8,0.05546355544594055,-0.12367582395413923
7520260305030005,松山競輪,5R,12:54,6-8,6,8,131.9,0.006637431282577226,-0.12452281382806396
2220260307010011,前橋競輪,11R,20:16,2-3,2,3,8.6,0.101649545569235,-0.12581390810457904
2220260307010010,前橋競輪,10R,19:48,1-4,1,4,11.4,0.07623543961893621,-0.1309159883441272
8120260306020003,小倉競輪,3R,16:38,3-6,3,6,58.4,0.014817472587734436,-0.13465960087630902
7520260305030001,松山競輪,1R,11:05,4-8,4,8,24.3,0.035571194673136124,-0.1356199694427922
4320260307010002,岐阜競輪,2R,21:10,3-6,3,6,19.0,0.04546727060019888,-0.13612185859622128
7520260305030009,松山競輪,9R,14:48,3-9,3,9,28.8,0.02998782434360233,-0.1363506589042529
4320260307010003,岐阜競輪,3R,21:30,3-4,3,4,44.0,0.01961721207869326,-0.1368426685374966
4320260307010001,岐阜競輪,1R,20:50,1-3,1,3,10.8,0.07973092097381389,-0.13890605348280993
4320260307010007,岐阜競輪,7R,22:50,2-7,2,7,16.0,0.05375936643730549,-0.1398501370031121
8120260306020011,小倉競輪,11R,20:02,1-4,1,4,15.6,0.055051503095102754,-0.1411965517163971
7520260305030002,松山競輪,2R,11:32,5-7,5,7,31.8,0.026982165733890257,-0.14196712966228986
2820260307010006,立川競輪,6R,10:34,2-3,2,3,11.3,0.07517361563281688,-0.15053814334916915
7520260305030007,松山競輪,7R,13:50,3-8,3,8,53.6,0.01584466916441942,-0.15072573278711898
7520260305030007,松山競輪,7R,13:50,1-5,1,5,31.5,0.026958882151684,-0.15079521222195402
8320260307010001,久留米競輪,1R,20:40,1-2,1,2,7.9,0.10714659335773065,-0.1535419124739278
7520260305030008,松山競輪,8R,14:19,1-6,1,6,109.5,0.0077162755631121575,-0.15506782583921874
7520260305030009,松山競輪,9R,14:48,5-9,5,9,17.7,0.04771673634781012,-0.15541376664376094
8120260306020002,小倉競輪,2R,16:14,3-5,3,5,82.1,0.010273989640258548,-0.15650545053477327
2820260307010006,立川競輪,6R,10:34,2-5,2,5,20.3,0.041545720541081216,-0.15662187301605124
2220260307010005,前橋競輪,5R,17:38,4-7,4,7,12.1,0.06901234246202137,-0.1649506562095414
8320260307010007,久留米競輪,7R,22:40,2-3,2,3,20.7,0.04032044123711044,-0.16536686639181386
8120260306020012,小倉競輪,12R,20:30,2-7,2,7,26.5,0.03140612125023609,-0.16773778686874363
8120260306020009,小倉競輪,9R,19:09,1-6,1,6,63.7,0.013062612953763746,-0.16791155484524933
8320260307010007,久留米競輪,7R,22:40,3-6,3,6,29.8,0.02779943263568771,-0.17157690745650622
7520260305030006,松山競輪,6R,13:22,2-5,2,5,14.0,0.05901941512917183,-0.1737281881915944
8120260306020007,小倉競輪,7R,18:17,5-6,5,6,29.7,0.02778009174547982,-0.17493127515924933
8120260306020005,小倉競輪,5R,17:26,2-4,2,4,9.9,0.08329058187464637,-0.1754232394410009
2820260307010005,立川競輪,5R,10:13,2-7,2,7,16.1,0.050997922787461125,-0.17893344312187576
8320260307010009,久留米競輪,9R,23:20,4-5,4,5,20.7,0.039458892413380825,-0.18320092704301694
7520260305030005,松山競輪,5R,12:54,3-7,3,7,21.9,0.03721298851473968,-0.18503555152720108
8320260307010005,久留米競輪,5R,22:00,4-5,4,5,27.9,0.029148240782044553,-0.18676408218095697
8120260306020003,小倉競輪,3R,16:38,1-3,1,3,18.0,0.04506695278039595,-0.18879484995287288
7520260305030009,松山競輪,9R,14:48,8-9,8,9,162.8,0.0049744190782163925,-0.19016457406637122
7520260305030004,松山競輪,4R,12:26,2-9,2,9,52.1,0.01553665876691758,-0.1905400782435941
7520260305030009,松山競輪,9R,14:48,1-7,1,7,57.5,0.014077028217566725,-0.1905708774899133
7520260305030011,松山競輪,11R,15:49,8-9,8,9,106.9,0.0075692428111797,-0.19084794348488998
7520260305030001,松山競輪,1R,11:05,6-8,6,8,47.3,0.01700735137836322,-0.19555227980341972
7520260305030004,松山競輪,4R,12:26,6-8,6,8,148.5,0.005405816762525752,-0.19723621076492592
8320260307010002,久留米競輪,2R,21:00,2-4,2,4,10.3,0.07780085810517957,-0.1986511615166503
4320260307010007,岐阜競輪,7R,22:50,2-6,2,6,9.0,0.08881837660871496,-0.2006346105215654
7520260305030009,松山競輪,9R,14:48,3-8,3,8,95.3,0.008375055546197729,-0.2018572064473565
7520260305030008,松山競輪,8R,14:19,8-9,8,9,23.4,0.03407702826348011,-0.20259753863456553
7520260305030004,松山競輪,4R,12:26,4-7,4,7,15.7,0.05073865704650926,-0.2034030843698046
4320260307010002,岐阜競輪,2R,21:10,1-4,1,4,10.0,0.07927996802830468,-0.20720031971695319
8120260306020010,小倉競輪,10R,19:35,3-6,3,6,27.6,0.028718734050825423,-0.20736294019721824
4320260307010009,岐阜競輪,9R,23:30,1-5,1,5,14.1,0.056194487412417546,-0.20765772748491262
8320260307010009,久留米競輪,9R,23:20,4-7,4,7,20.0,0.03953473378933108,-0.20930532421337833
4320260307010009,岐阜競輪,9R,23:30,2-3,2,3,14.1,0.056053140495604545,-0.20965071901197596
8120260306020011,小倉競輪,11R,20:02,2-5,2,5,13.8,0.05727143244847672,-0.2096542322110212
7520260305030002,松山競輪,2R,11:32,2-3,2,3,11.5,0.06856696273059158,-0.21147992859819675
4320260307010002,岐阜競輪,2R,21:10,3-5,3,5,19.0,0.04147472816888065,-0.2119801647912677
7520260305030005,松山競輪,5R,12:54,7-9,7,9,16.2,0.04862346364209535,-0.2122998889980554
2220260307010001,前橋競輪,1R,16:03,1-7,1,7,16.8,0.04668201638763014,-0.21574212468781362
4320260307010005,岐阜競輪,5R,22:10,5-6,5,6,141.1,0.0055523604324066046,-0.21656194298742815
7520260305030007,松山競輪,7R,13:50,2-4,2,4,19.5,0.03969926132950012,-0.22586440407474762
2220260307010004,前橋競輪,4R,17:14,4-7,4,7,5.1,0.15154278333107363,-0.22713180501152452
7520260305030011,松山競輪,11R,15:49,1-2,1,2,16.5,0.0468284363041972,-0.2273308009807461
7520260305030007,松山競輪,7R,13:50,6-9,6,9,26.0,0.029628084300875452,-0.22966980817723825
7520260305030003,松山競輪,3R,11:59,2-6,2,6,99.6,0.007715183760810948,-0.2315676974232297
2220260307010008,前橋競輪,8R,18:56,1-2,1,2,15.0,0.05109161322513578,-0.2336258016229633
4320260307010005,岐阜競輪,5R,22:10,1-5,1,5,25.1,0.030423061524997307,-0.23638115572256757
7520260305030010,松山競輪,10R,15:18,5-8,5,8,61.5,0.012356913311463092,-0.2400498313450199
2220260307010001,前橋競輪,1R,16:03,4-6,4,6,43.6,0.017321093754016047,-0.2448003123249003
4320260307010004,岐阜競輪,4R,21:50,3-4,3,4,30.8,0.024464039484735425,-0.24650758387014893
7520260305030004,松山競輪,4R,12:26,1-7,1,7,7.4,0.10177688685421685,-0.24685103727879532
4320260307010001,岐阜競輪,1R,20:50,1-4,1,4,9.0,0.08357670827640166,-0.24780962551238506
7520260305030003,松山競輪,3R,11:59,2-5,2,5,53.8,0.013952510517613238,-0.24935493415240784
7520260305030001,松山競輪,1R,11:05,6-7,6,7,40.2,0.018655419264345253,-0.2500521455733208
2220260307010007,前橋競輪,7R,18:30,1-3,1,3,9.0,0.08326630210938345,-0.25060328101554896
2820260307010006,立川競輪,6R,10:34,4-7,4,7,29.7,0.025171041960505604,-0.2524200537729836
4320260307010001,岐阜競輪,1R,20:50,3-4,3,4,19.2,0.038691372767265725,-0.25712564286849815
4320260307010008,岐阜競輪,8R,23:10,1-3,1,3,9.0,0.08245405928576453,-0.2579134664281192
2820260307010004,立川競輪,4R,09:52,2-4,2,4,14.7,0.050396680399988646,-0.2591687981201669
7520260305030009,松山競輪,9R,14:48,7-8,7,8,135.4,0.005464471412638755,-0.2601105707287126
8120260306020005,小倉競輪,5R,17:26,1-5,1,5,11.8,0.06230294145447875,-0.2648252908371508
2220260307010010,前橋競輪,10R,19:48,4-5,4,5,15.1,0.04865611126936721,-0.2652927198325551
8120260306020007,小倉競輪,7R,18:17,1-6,1,6,15.2,0.04810036079846185,-0.26887451586337996
2820260307010002,立川競輪,2R,09:10,4-7,4,7,13.7,0.053116015473722016,-0.2723105880100084
7520260305030006,松山競輪,6R,13:22,2-4,2,4,15.6,0.04663980354890513,-0.27241906463708
7520260305030003,松山競輪,3R,11:59,1-7,1,7,14.5,0.05004338431716738,-0.27437092740107305
8320260307010004,久留米競輪,4R,21:40,3-4,3,4,97.2,0.007382687911461557,-0.2824027350059366
8120260306020010,小倉競輪,10R,19:35,4-5,4,5,10.4,0.06883501551823915,-0.28411583861031287
2820260307010001,立川競輪,1R,08:50,4-7,4,7,8.7,0.08216711662991263,-0.28514608531976016
2820260307010003,立川競輪,3R,09:31,3-7,3,7,13.6,0.0524974531051814,-0.286034637769533
7520260305030003,松山競輪,3R,11:59,4-9,4,9,12.2,0.058376477202084595,-0.287806978134568
8320260307010005,久留米競輪,5R,22:00,2-3,2,3,11.7,0.06013344308413278,-0.2964387159156465
8320260307010008,久留米競輪,8R,23:00,1-4,1,4,8.0,0.08780515954925562,-0.29755872360595503
7520260305030010,松山競輪,10R,15:18,8-9,8,9,71.1,0.009843763954587836,-0.3001083828288049
2220260307010011,前橋競輪,11R,20:16,1-7,1,7,25.9,0.026881263860936883,-0.30377526600173477
7520260305030004,松山競輪,4R,12:26,4-9,4,9,24.8,0.028028835381594928,-0.30488488253644574
8320260307010003,久留米競輪,3R,21:20,2-3,2,3,10.7,0.06482101640752429,-0.30641512443949015
4320260307010009,岐阜競輪,9R,23:30,3-7,3,7,18.3,0.037784143869992404,-0.30855016717913897
4320260307010006,岐阜競輪,6R,22:30,2-3,2,3,10.3,0.06705247946450722,-0.3093594615155756
4320260307010007,岐阜競輪,7R,22:50,1-3,1,3,20.0,0.034506626038247716,-0.30986747923504565
2220260307010008,前橋競輪,8R,18:56,2-3,2,3,7.9,0.08681935324213047,-0.31412710938716926
2220260307010001,前橋競輪,1R,16:03,2-7,2,7,8.7,0.07874314270320114,-0.3149346584821502
2220260307010003,前橋競輪,3R,16:50,4-7,4,7,12.5,0.054753423330453146,-0.3155822083693357
2820260307010004,立川競輪,4R,09:52,5-7,5,7,9.1,0.07513287774322583,-0.31629081253664504
2820260307010002,立川競輪,2R,09:10,5-7,5,7,10.5,0.06494561402280621,-0.3180710527605347
2820260307010003,立川競輪,3R,09:31,1-5,1,5,12.1,0.05617133799285229,-0.32032681028648735
7520260305030008,松山競輪,8R,14:19,1-8,1,8,45.2,0.014851043043265798,-0.3287328544443858
2820260307010006,立川競輪,6R,10:34,3-5,3,5,8.0,0.083723432228894,-0.330212542168848
8120260306020009,小倉競輪,9R,19:09,3-5,3,5,17.3,0.038602220198217914,-0.3321815905708301
2220260307010007,前橋競輪,7R,18:30,3-7,3,7,11.5,0.0578573545495598,-0.33464042268006233
7520260305030001,松山競輪,1R,11:05,1-7,1,7,32.6,0.02037811427323291,-0.3356734746926071
4320260307010001,岐阜競輪,1R,20:50,2-6,2,6,21.8,0.030388998378927452,-0.33751983533938157
8320260307010001,久留米競輪,1R,20:40,6-7,6,7,74.0,0.008907312781382154,-0.34085885417772066
2220260307010009,前橋競輪,9R,19:22,4-5,4,5,17.6,0.0373711140680226,-0.34226839240280227
8320260307010001,久留米競輪,1R,20:40,2-7,2,7,61.9,0.010591745417153294,-0.3443709586782111
7520260305030004,松山競輪,4R,12:26,5-9,5,9,21.4,0.030498518454898794,-0.34733170506516586
8120260306020008,小倉競輪,8R,18:43,1-3,1,3,8.9,0.07320592565725216,-0.3484672616504557
7520260305030012,松山競輪,12R,16:20,1-2,1,2,16.6,0.03892452346335079,-0.35385291050837686
8320260307010009,久留米競輪,9R,23:20,5-6,5,6,23.4,0.027411406768926574,-0.3585730816071182
8320260307010009,久留米競輪,9R,23:20,1-2,1,2,7.5,0.08494148071343967,-0.3629388946492025
8320260307010007,久留米競輪,7R,22:40,1-5,1,5,8.4,0.07581849982482908,-0.36312460147143577
7520260305030007,松山競輪,7R,13:50,2-6,2,6,23.5,0.027076627816738398,-0.36369924630664763
8320260307010002,久留米競輪,2R,21:00,2-3,2,3,7.6,0.08333085893407716,-0.36668547210101365
8320260307010004,久留米競輪,4R,21:40,1-4,1,4,20.3,0.030901125055672753,-0.37270716136984305
4320260307010004,岐阜競輪,4R,21:50,1-4,1,4,8.4,0.07458283361753099,-0.3735041976127397
8320260307010006,久留米競輪,6R,22:20,2-3,2,3,12.3,0.0509139923894508,-0.3737578936097551
4320260307010006,岐阜競輪,6R,22:30,3-6,3,6,34.1,0.01833149183726922,-0.37489612834911956
8320260307010009,久留米競輪,9R,23:20,5-7,5,7,23.4,0.026655629009753844,-0.3762582811717601
2820260307010001,立川競輪,1R,08:50,3-7,3,7,7.2,0.08658202714264623,-0.3766094045729471
7520260305030010,松山競輪,10R,15:18,1-2,1,2,7.6,0.08122927419957182,-0.38265751608325416
7520260305030005,松山競輪,5R,12:54,3-9,3,9,6.7,0.09182289758509485,-0.3847865861798645
2820260307010004,立川競輪,4R,09:52,4-7,4,7,8.4,0.07297209406288846,-0.3870344098717369
7520260305030009,松山競輪,9R,14:48,5-8,5,8,43.2,0.014158560579604271,-0.38835018296109547
8120260306020009,小倉競輪,9R,19:09,4-5,4,5,7.8,0.07770448265626091,-0.39390503528116494
4320260307010004,岐阜競輪,4R,21:50,1-2,1,2,4.7,0.1283993650149003,-0.3965229844299686
2220260307010010,前橋競輪,10R,19:48,3-5,3,5,13.0,0.045593395994809466,-0.4072858520674769
7520260305030008,松山競輪,8R,14:19,6-8,6,8,134.2,0.004416527185525409,-0.4073020517024901
7520260305030008,松山競輪,8R,14:19,2-7,2,7,19.0,0.031020080124777437,-0.41061847762922865
8320260307010001,久留米競輪,1R,20:40,1-5,1,5,6.1,0.0965301434020897,-0.41116612524725293
7520260305030002,松山競輪,2R,11:32,1-3,1,3,7.3,0.08045783128106392,-0.41265783164823344
7520260305030002,松山競輪,2R,11:32,3-5,3,5,8.7,0.06725117545153153,-0.4149147735716757
7520260305030004,松山競輪,4R,12:26,2-7,2,7,21.1,0.027688599324365668,-0.4157705542558844
7520260305030011,松山競輪,11R,15:49,1-5,1,5,6.7,0.08678066803969309,-0.41856952413405635
8320260307010006,久留米競輪,6R,22:20,3-4,3,4,19.0,0.030596189315760528,-0.41867240300055
2220260307010002,前橋競輪,2R,16:26,5-7,5,7,5.5,0.10534643327790388,-0.42059461697152867
8320260307010006,久留米競輪,6R,22:20,1-3,1,3,8.1,0.07129863631632272,-0.422481045837786
8320260307010001,久留米競輪,1R,20:40,5-6,5,6,10.8,0.05331578476932594,-0.4241895244912798
2820260307010004,立川競輪,4R,09:52,2-5,2,5,11.2,0.051395068906515504,-0.42437522824702645
7520260305030003,松山競輪,3R,11:59,5-7,5,7,28.1,0.02031682398116953,-0.42909724612913624
8120260306020009,小倉競輪,9R,19:09,2-4,2,4,5.4,0.10548788070027734,-0.4303654442185023
7520260305030009,松山競輪,9R,14:48,3-7,3,7,17.0,0.03334896033397386,-0.4330676743224444
2820260307010007,立川競輪,7R,10:55,4-7,4,7,8.9,0.06364038771377517,-0.433600549347401
4320260307010005,岐阜競輪,5R,22:10,1-3,1,3,5.2,0.10877996909130212,-0.43434416072522897
8120260306020001,小倉競輪,1R,15:53,2-3,2,3,12.3,0.04597415681779849,-0.43451787114107854
7520260305030006,松山競輪,6R,13:22,7-9,7,9,15.3,0.036869770471957455,-0.43589251177905086
4320260307010003,岐阜競輪,3R,21:30,1-2,1,2,4.5,0.12487376397688313,-0.43806806210402593
8320260307010003,久留米競輪,3R,21:20,1-3,1,3,11.0,0.05087203675753809,-0.440407595667081
4320260307010003,岐阜競輪,3R,21:30,2-5,2,5,8.5,0.06559894348935638,-0.4424089803404707
7520260305030006,松山競輪,6R,13:22,5-8,5,8,21.1,0.026355157638095237,-0.44390617383619047
7520260305030008,松山競輪,8R,14:19,2-9,2,9,8.1,0.0685043023875349,-0.4451151506609674
4320260307010005,岐阜競輪,5R,22:10,1-2,1,2,3.9,0.13896044898092832,-0.4580542489743795
2220260307010009,前橋競輪,9R,19:22,1-4,1,4,9.8,0.05507393547352557,-0.46027543235944934
7520260305030008,松山競輪,8R,14:19,5-6,5,6,53.7,0.010001778908914603,-0.46290447259128575
7520260305030008,松山競輪,8R,14:19,7-8,7,8,37.5,0.014211449901462853,-0.46707062869514304
2220260307010003,前橋競輪,3R,16:50,2-4,2,4,7.2,0.07385624736088679,-0.4682350190016151
2220260307010003,前橋競輪,3R,16:50,1-7,1,7,13.9,0.03815621672946326,-0.46962858746046066
7520260305030006,松山競輪,6R,13:22,2-9,2,9,14.5,0.03640011267636803,-0.47219836619266353
4320260307010008,岐阜競輪,8R,23:10,1-5,1,5,5.8,0.09096194682731848,-0.4724207084015528
8320260307010008,久留米競輪,8R,23:00,2-3,2,3,12.5,0.042157129056675575,-0.4730358867915553
7520260305030008,松山競輪,8R,14:19,2-4,2,4,18.9,0.027788404362681693,-0.4747991575453161
8320260307010007,久留米競輪,7R,22:40,4-5,4,5,14.8,0.03537259265466072,-0.4764856287110213
2220260307010008,前橋競輪,8R,18:56,1-4,1,4,16.5,0.03164091397655731,-0.4779249193868045
2820260307010003,立川競輪,3R,09:31,3-5,3,5,13.0,0.040133357262900696,-0.4782663555822909
8120260306020004,小倉競輪,4R,17:02,1-2,1,2,5.4,0.09598811806193185,-0.481664162465568
8320260307010009,久留米競輪,9R,23:20,2-3,2,3,8.7,0.05895620856730162,-0.487080985464476
7520260305030011,松山競輪,11R,15:49,1-8,1,8,25.0,0.020514376119623114,-0.48714059700942214
4320260307010006,岐阜競輪,6R,22:30,2-4,2,4,6.8,0.07468052202815403,-0.4921724502085526
7520260305030008,松山競輪,8R,14:19,3-9,3,9,7.5,0.06728314283717453,-0.49537642872119103
7520260305030007,松山競輪,7R,13:50,2-7,2,7,15.0,0.03359970233707025,-0.49600446494394623
7520260305030001,松山競輪,1R,11:05,3-5,3,5,9.5,0.052684727182637316,-0.49949509176494555
2820260307010002,立川競輪,2R,09:10,1-3,1,3,6.7,0.07435556525487187,-0.5018177127923584
2820260307010001,立川競輪,1R,08:50,2-5,2,5,11.0,0.04509573485666171,-0.5039469165767212
4320260307010006,岐阜競輪,6R,22:30,1-2,1,2,3.9,0.12675928990935884,-0.5056387693535005
7520260305030011,松山競輪,11R,15:49,6-8,6,8,72.9,0.006766482680245287,-0.5067234126101186
8320260307010001,久留米競輪,1R,20:40,1-4,1,4,5.2,0.09368123731380584,-0.5128575659682095
4320260307010005,岐阜競輪,5R,22:10,2-3,2,3,6.3,0.07727584731015054,-0.5131621619460516
8320260307010009,久留米競輪,9R,23:20,1-5,1,5,9.2,0.05250145951375694,-0.5169865724734362
7520260305030003,松山競輪,3R,11:59,1-9,1,9,6.9,0.06968764285582493,-0.519155264294808
4320260307010009,岐阜競輪,9R,23:30,3-4,3,4,12.2,0.039302917941580175,-0.5205044011127219
7520260305030007,松山競輪,7R,13:50,1-9,1,9,9.0,0.053136533065273765,-0.521771202412536
8120260306020010,小倉競輪,10R,19:35,3-4,3,4,9.7,0.04874120555687855,-0.527210306098278
2820260307010007,立川競輪,7R,10:55,2-4,2,4,5.8,0.08119778608309476,-0.5290528407180504
7520260305030001,松山競輪,1R,11:05,4-5,4,5,5.5,0.08475099252225889,-0.5338695411275761
7520260305030012,松山競輪,12R,16:20,2-6,2,6,29.8,0.015546090632593422,-0.536726499148716
7520260305030001,松山競輪,1R,11:05,4-7,4,7,12.7,0.035933103135276756,-0.5436495901819852
7520260305030002,松山競輪,2R,11:32,2-8,2,8,22.4,0.02019919692643904,-0.5475379888477656
8120260306020003,小倉競輪,3R,16:38,1-7,1,7,9.6,0.04660940443913117,-0.5525497173843408
2820260307010001,立川競輪,1R,08:50,6-7,6,7,7.2,0.0618637236646569,-0.5545811896144703
7520260305030010,松山競輪,10R,15:18,3-4,3,4,21.0,0.02119898150340128,-0.5548213884285731
7520260305030004,松山競輪,4R,12:26,1-9,1,9,8.2,0.05393168499596375,-0.5577601830330973
7520260305030008,松山競輪,8R,14:19,1-2,1,2,14.1,0.03121862688361922,-0.559817360940969
7520260305030001,松山競輪,1R,11:05,7-8,7,8,25.2,0.017442005023850182,-0.5604614733989755
7520260305030009,松山競輪,9R,14:48,1-8,1,8,108.9,0.004028323358576584,-0.56131558625101
7520260305030009,松山競輪,9R,14:48,2-9,2,9,17.0,0.025618487451728837,-0.5644857133206098
7520260305030003,松山競輪,3R,11:59,1-2,1,2,11.3,0.03825177158557879,-0.5677549810829596
7520260305030007,松山競輪,7R,13:50,1-3,1,3,14.3,0.030063620602346013,-0.5700902253864519
8120260306020009,小倉競輪,9R,19:09,4-6,4,6,7.7,0.0556423250903575,-0.5715540968042472
7520260305030005,松山競輪,5R,12:54,2-9,2,9,8.6,0.04955898606297196,-0.5737927198584412
7520260305030011,松山競輪,11R,15:49,2-9,2,9,25.0,0.0168023806011158,-0.5799404849721049
8120260306020002,小倉競輪,2R,16:14,2-3,2,3,9.3,0.045156692400963774,-0.5800427606710369
2220260307010010,前橋競輪,10R,19:48,5-6,5,6,13.2,0.03147214020737537,-0.5845677492626451
7520260305030001,松山競輪,1R,11:05,5-7,5,7,9.0,0.04563955503696607,-0.5892440046673054
8120260306020008,小倉競輪,8R,18:43,3-5,3,5,4.5,0.09123433500749206,-0.5894454924662857
2220260307010002,前橋競輪,2R,16:26,1-5,1,5,3.8,0.10757175816621031,-0.5912273189684008
8320260307010005,久留米競輪,5R,22:00,3-4,3,4,8.0,0.050378428753686644,-0.5969725699705069
2820260307010003,立川競輪,3R,09:31,2-3,2,3,4.3,0.09318479978172992,-0.5993053609385615
8120260306020004,小倉競輪,4R,17:02,1-6,1,6,8.6,0.04653866390429183,-0.5997674904230903
8120260306020005,小倉競輪,5R,17:26,1-2,1,2,4.2,0.09514470250985334,-0.600392249458616
8320260307010002,久留米競輪,2R,21:00,1-2,1,2,3.5,0.11257754181373893,-0.6059786036519137
8120260306020010,小倉競輪,10R,19:35,1-7,1,7,5.6,0.0701772131416121,-0.6070076064069723
2820260307010003,立川競輪,3R,09:31,3-6,3,6,46.1,0.0084690885186973,-0.6095750192880545
4320260307010009,岐阜競輪,9R,23:30,5-7,5,7,23.4,0.016404218171895593,-0.6161412947776431
7520260305030007,松山競輪,7R,13:50,1-8,1,8,19.6,0.019521392691940198,-0.6173807032379721
8120260306020005,小倉競輪,5R,17:26,1-4,1,4,5.4,0.07033581980280465,-0.6201865730648548
2820260307010001,立川競輪,1R,08:50,3-4,3,4,9.6,0.038966226661696274,-0.6259242240477159
2220260307010001,前橋競輪,1R,16:03,1-6,1,6,9.3,0.04003043615821103,-0.6277169437286374
8120260306020008,小倉競輪,8R,18:43,1-4,1,4,9.9,0.037521428543626535,-0.6285378574180973
2820260307010005,立川競輪,5R,10:13,4-7,4,7,8.6,0.043042841409129014,-0.6298315638814904
8120260306020001,小倉競輪,1R,15:53,1-4,1,4,4.6,0.08044389744765534,-0.6299580717407854
8120260306020002,小倉競輪,2R,16:14,3-7,3,7,3.9,0.09425751212968203,-0.6323957026942402
8120260306020006,小倉競輪,6R,17:51,1-4,1,4,2.4,0.15316601964741342,-0.6324015528462078
2220260307010002,前橋競輪,2R,16:26,1-7,1,7,4.0,0.0910680598396385,-0.635727760641446
7520260305030007,松山競輪,7R,13:50,1-2,1,2,7.5,0.04855652027998354,-0.6358260979001235
2820260307010003,立川競輪,3R,09:31,2-7,2,7,2.7,0.1315502188437741,-0.6448144091218099
8320260307010002,久留米競輪,2R,21:00,1-5,1,5,8.3,0.04267858857747652,-0.6457677148069448
4320260307010007,岐阜競輪,7R,22:50,2-3,2,3,5.6,0.06315120024096844,-0.6463532786505768
2220260307010006,前橋競輪,6R,18:04,4-5,4,5,4.8,0.07352870651077359,-0.6470622087482868
2220260307010009,前橋競輪,9R,19:22,2-4,2,4,4.7,0.07496960672166195,-0.6476428484081889
8320260307010001,久留米競輪,1R,20:40,2-3,2,3,8.9,0.03929862147745802,-0.6502422688506235
8120260306020012,小倉競輪,12R,20:30,1-2,1,2,5.4,0.06412288638250141,-0.6537364135344923
8120260306020006,小倉競輪,6R,17:51,1-5,1,5,4.6,0.07511624704882564,-0.654465263575402
7520260305030009,松山競輪,9R,14:48,3-5,3,5,4.0,0.0851313009479728,-0.6594747962081088
7520260305030012,松山競輪,12R,16:20,1-6,1,6,21.6,0.015659280171875296,-0.6617595482874936
8120260306020003,小倉競輪,3R,16:38,1-5,1,5,4.1,0.08233677749355199,-0.6624192122764369
7520260305030008,松山競輪,8R,14:19,1-5,1,5,10.1,0.03336939356707718,-0.6629691249725205
7520260305030004,松山競輪,4R,12:26,1-5,1,5,5.3,0.06340652290952091,-0.6639454285795392
2820260307010002,立川競輪,2R,09:10,2-7,2,7,10.4,0.03186285787315037,-0.668626278119236
2220260307010005,前橋競輪,5R,17:38,1-4,1,4,4.6,0.07158839390495472,-0.6706933880372083
8120260306020001,小倉競輪,1R,15:53,2-4,2,4,5.1,0.06453674946247154,-0.6708625777413952
7520260305030008,松山競輪,8R,14:19,7-9,7,9,5.6,0.05846876039464291,-0.6725749417899998
4320260307010007,岐阜競輪,7R,22:50,1-2,1,2,3.0,0.10814525041790919,-0.6755642487462724
4320260307010009,岐阜競輪,9R,23:30,1-3,1,3,3.8,0.08322320236756506,-0.6837518310032529
8120260306020006,小倉競輪,6R,17:51,2-4,2,4,3.6,0.08657175567030323,-0.6883416795869084
7520260305030004,松山競輪,4R,12:26,4-8,4,8,18.6,0.016663150510823604,-0.6900654004986809
8120260306020008,小倉競輪,8R,18:43,1-5,1,5,6.2,0.0493927010657048,-0.6937652533926302
2820260307010002,立川競輪,2R,09:10,1-7,1,7,2.7,0.11164033674350118,-0.6985710907925468
2220260307010011,前橋競輪,11R,20:16,2-5,2,5,9.5,0.03155932455519626,-0.7001864167256355
2220260307010007,前橋競輪,7R,18:30,1-7,1,7,2.6,0.11234334249392208,-0.7079073095158026
2220260307010001,前橋競輪,1R,16:03,1-2,1,2,3.2,0.0912535055901478,-0.7079887821115269
7520260305030002,松山競輪,2R,11:32,1-5,1,5,6.5,0.044380378275234965,-0.7115275412109727
2820260307010002,立川競輪,2R,09:10,1-5,1,5,2.8,0.10209747426413036,-0.714127072060435
7520260305030001,松山競輪,1R,11:05,2-4,2,4,4.9,0.057924210543392016,-0.7161713683373792
2220260307010007,前橋競輪,7R,18:30,1-4,1,4,5.6,0.050117310154040286,-0.7193430631373744
8120260306020010,小倉競輪,10R,19:35,1-4,1,4,2.7,0.10382321377504514,-0.7196773228073781
8320260307010003,久留米競輪,3R,21:20,1-4,1,4,14.9,0.018587934992405693,-0.7230397686131551
7520260305030009,松山競輪,9R,14:48,1-5,1,5,5.6,0.04895853990777203,-0.7258321765164766
7520260305030011,松山競輪,11R,15:49,1-4,1,4,5.6,0.048575861927436695,-0.7279751732063545
7520260305030005,松山競輪,5R,12:54,2-5,2,5,12.1,0.022361477534574795,-0.7294261218316449
4320260307010009,岐阜競輪,9R,23:30,1-7,1,7,3.6,0.07505807958759989,-0.7297909134846404
4320260307010002,岐阜競輪,2R,21:10,1-5,1,5,3.4,0.07941843328426262,-0.729977326833507
8320260307010009,久留米競輪,9R,23:20,1-6,1,6,5.0,0.05304404545399952,-0.7347797727300024
4320260307010002,岐阜競輪,2R,21:10,1-3,1,3,3.0,0.08456224667546722,-0.7463132599735983
8120260306020001,小倉競輪,1R,15:53,1-2,1,2,2.2,0.11419993339895584,-0.748760146522297
7520260305030002,松山競輪,2R,11:32,2-7,2,7,9.4,0.026572410258824786,-0.750219343567047
4320260307010007,岐阜競輪,7R,22:50,2-5,2,5,2.5,0.09985119541597183,-0.7503720114600705
7520260305030003,松山競輪,3R,11:59,2-7,2,7,7.0,0.034797232748107136,-0.75641937076325
8120260306020008,小倉競輪,8R,18:43,3-4,3,4,3.3,0.07375429873961865,-0.7566108141592585
7520260305030010,松山競輪,10R,15:18,6-9,6,9,36.9,0.006565309114169472,-0.7577400936871466
4320260307010005,岐阜競輪,5R,22:10,1-4,1,4,2.2,0.11000383060039551,-0.7579915726791299
8120260306020011,小倉競輪,11R,20:02,4-5,4,5,3.6,0.06697752503664284,-0.7588809098680858
2820260307010003,立川競輪,3R,09:31,1-3,1,3,5.4,0.04433094117201532,-0.7606129176711173
7520260305030010,松山競輪,10R,15:18,2-9,2,9,5.1,0.04628796070812878,-0.7639314003885432
4320260307010002,岐阜競輪,2R,21:10,3-4,3,4,5.4,0.043309664578727106,-0.7661278112748736
7520260305030002,松山競輪,2R,11:32,3-4,3,4,3.7,0.06118553974366961,-0.7736135029484225
2220260307010011,前橋競輪,11R,20:16,3-7,3,7,2.0,0.11250228048391087,-0.7749954390321783
7520260305030003,松山競輪,3R,11:59,1-3,1,3,4.9,0.04574547620595072,-0.7758471665908414
7520260305030010,松山競輪,10R,15:18,2-7,2,7,3.5,0.06376507576117645,-0.7768222348358824
8120260306020010,小倉競輪,10R,19:35,1-3,1,3,3.7,0.06013690569974128,-0.7774934489109573
8320260307010009,久留米競輪,9R,23:20,2-5,2,5,4.7,0.047087683157710024,-0.7786878891587629
2220260307010011,前橋競輪,11R,20:16,2-6,2,6,5.3,0.041634613331524066,-0.7793365493429225
2220260307010005,前橋競輪,5R,17:38,4-5,4,5,2.8,0.07756258426733201,-0.7828247640514704
7520260305030005,松山競輪,5R,12:54,4-9,4,9,5.3,0.040566910513735455,-0.7849953742772021
8320260307010005,久留米競輪,5R,22:00,2-4,2,4,2.9,0.07185035845803683,-0.7916339604716932
7520260305030011,松山競輪,11R,15:49,1-9,1,9,5.0,0.041636797937676176,-0.7918160103116192
2220260307010006,前橋競輪,6R,18:04,1-5,1,5,2.4,0.08593277857515277,-0.7937613314196333
8120260306020002,小倉競輪,2R,16:14,2-7,2,7,1.8,0.11361446983213543,-0.7954939543021562
8120260306020007,小倉競輪,7R,18:17,2-3,2,3,3.4,0.05997525532772885,-0.7960841318857219
8320260307010001,久留米競輪,1R,20:40,2-5,2,5,3.2,0.06340073304009877,-0.7971176542716839
7520260305030005,松山競輪,5R,12:54,1-9,1,9,3.3,0.06141847864745281,-0.7973190204634057
7520260305030010,松山競輪,10R,15:18,1-9,1,9,5.3,0.03703910931691994,-0.8036927206203244
7520260305030007,松山競輪,7R,13:50,1-6,1,6,10.0,0.01948484632494022,-0.8051515367505978
7520260305030006,松山競輪,6R,13:22,3-9,3,9,13.8,0.01409075480223526,-0.8055475837291535
8320260307010003,久留米競輪,3R,21:20,3-4,3,4,28.2,0.00689153608560747,-0.8056586823858694
2820260307010001,立川競輪,1R,08:50,1-7,1,7,2.4,0.07700343305329357,-0.8151917606720954
2220260307010001,前橋競輪,1R,16:03,2-5,2,5,2.2,0.08145235349210664,-0.8208048223173654
7520260305030004,松山競輪,4R,12:26,7-9,7,9,3.7,0.04766168355204091,-0.8236517708574487
8120260306020005,小倉競輪,5R,17:26,2-5,2,5,2.3,0.07518725498998081,-0.8270693135230441
2220260307010005,前橋競輪,5R,17:38,2-4,2,4,1.9,0.09009551600760901,-0.8288185195855429
7520260305030006,松山競輪,6R,13:22,2-7,2,7,1.7,0.10017460201985273,-0.8297031765662504
8120260306020011,小倉競輪,11R,20:02,1-5,1,5,1.4,0.11979982127232558,-0.8322802502187442
8120260306020012,小倉競輪,12R,20:30,1-5,1,5,1.5,0.10973236451649933,-0.835401453225251
2220260307010006,前橋競輪,6R,18:04,3-5,3,5,1.8,0.09105837096645542,-0.8360949322603802
8120260306020009,小倉競輪,9R,19:09,1-4,1,4,2.2,0.07431282991737304,-0.8365117741817794
2820260307010004,立川競輪,4R,09:52,4-5,4,5,1.5,0.10720207165723522,-0.8391968925141472
7520260305030011,松山競輪,11R,15:49,1-7,1,7,3.1,0.05098856158205564,-0.8419354590956275
8320260307010004,久留米競輪,4R,21:40,1-2,1,2,1.0,0.15763295415645895,-0.842367045843541
4320260307010006,岐阜競輪,6R,22:30,1-3,1,3,1.7,0.09271515841812913,-0.8423842306891804
8120260306020007,小倉競輪,7R,18:17,3-4,3,4,1.9,0.08254528358317043,-0.8431639611919762
2820260307010007,立川競輪,7R,10:55,1-4,1,4,1.6,0.09647236751199882,-0.8456442119808019
7520260305030009,松山競輪,9R,14:48,5-7,5,7,2.6,0.05928436855474167,-0.8458606417576716
8320260307010003,久留米競輪,3R,21:20,2-4,2,4,6.8,0.022318273180458974,-0.848235742372879
7520260305030008,松山競輪,8R,14:19,2-8,2,8,8.2,0.018333787189515505,-0.8496629450459728
2220260307010007,前橋競輪,7R,18:30,2-7,2,7,2.8,0.052115331239433724,-0.8540770725295856
8320260307010007,久留米競輪,7R,22:40,1-2,1,2,1.4,0.10182573181835486,-0.8574439754543032
4320260307010003,岐阜競輪,3R,21:30,1-3,1,3,1.6,0.0890366585371485,-0.8575413463405623
2220260307010002,前橋競輪,2R,16:26,2-7,2,7,2.5,0.05696634865462934,-0.8575841283634267
8320260307010006,久留米競輪,6R,22:20,1-2,1,2,1.3,0.10855928321294626,-0.8588729318231698
8120260306020004,小倉競輪,4R,17:02,1-4,1,4,1.6,0.08530105779440499,-0.863518307528952
8320260307010003,久留米競輪,3R,21:20,1-2,1,2,1.2,0.11237851806836767,-0.8651457783179588
4320260307010004,岐阜競輪,4R,21:50,1-3,1,3,1.4,0.09628705235880325,-0.8651981266976755
8320260307010008,久留米競輪,8R,23:00,1-2,1,2,1.3,0.10353370639394063,-0.8654061816878772
8320260307010005,久留米競輪,5R,22:00,1-3,1,3,2.2,0.061106864503162855,-0.8655648980930417
4320260307010001,岐阜競輪,1R,20:50,1-2,1,2,1.2,0.10972195159381264,-0.8683336580874248
4320260307010008,岐阜競輪,8R,23:10,1-2,1,2,1.4,0.09403862771327513,-0.8683459212014148
7520260305030012,松山競輪,12R,16:20,1-5,1,5,5.0,0.026051040657890115,-0.8697447967105494
7520260305030003,松山競輪,3R,11:59,1-6,1,6,11.9,0.010863425844907078,-0.8707252324456057
2220260307010010,前橋競輪,10R,19:48,1-5,1,5,1.3,0.09901313285107538,-0.871282927293602
7520260305030007,松山競輪,7R,13:50,6-8,6,8,11.5,0.011055805981308219,-0.8728582312149555
8320260307010002,久留米競輪,2R,21:00,1-3,1,3,2.0,0.06274796934736049,-0.874504061305279
7520260305030007,松山競輪,7R,13:50,3-6,3,6,6.8,0.01795970136605228,-0.8778740307108445
2220260307010009,前橋競輪,9R,19:22,2-5,2,5,1.5,0.08012083757620864,-0.879818743635687
2820260307010005,立川競輪,5R,10:13,1-7,1,7,1.1,0.10841174100598905,-0.880747084893412
2220260307010004,前橋競輪,4R,17:14,1-7,1,7,1.3,0.09132310513199947,-0.8812799633284006
8120260306020003,小倉競輪,3R,16:38,3-5,3,5,1.9,0.06167275204055041,-0.8828217711229542
2820260307010006,立川競輪,6R,10:34,3-7,3,7,1.2,0.09714998569658961,-0.8834200171640925
2220260307010003,前橋競輪,3R,16:50,1-4,1,4,1.2,0.09663670182522911,-0.8840359578097251
2220260307010008,前橋競輪,8R,18:56,2-4,2,4,1.4,0.079582699660324,-0.8885842204755464
7520260305030012,松山競輪,12R,16:20,1-9,1,9,1.6,0.06677217213031804,-0.8931645245914911
