race_id,競輪場,レース番号,開始時間,買い目,a,b,odds,p,EV
2320260319010005,取手競輪,5R,10:20,6-7,6,7,1494.0,0.018675090298965726,26.900584906654792
2320260319010001,取手競輪,1R,09:00,6-7,6,7,480.7,0.047011297041839206,21.598330488012106
8120260319010002,小倉競輪,2R,16:21,4-6,4,6,448.0,0.04917500231844052,21.030401038661353
8120260319010002,小倉競輪,2R,16:21,6-7,6,7,1120.1,0.01915038205073266,20.450342935025652
8120260319010005,小倉競輪,5R,17:38,3-4,3,4,551.2,0.03737387304930456,19.600478824776676
2320260319010001,取手競輪,1R,09:00,3-6,3,6,224.3,0.08941423400743861,19.055612687868482
8120260319010003,小倉競輪,3R,16:50,3-5,3,5,614.2,0.032346643294971375,18.86730831177142
8120260319010003,小倉競輪,3R,16:50,5-6,5,6,511.8,0.03877590892716711,18.845510188924127
8120260319010005,小倉競輪,5R,17:38,4-7,4,7,551.2,0.03268042329433499,17.013449319837445
2320260319010005,取手競輪,5R,10:20,2-4,2,4,332.0,0.049799941133853436,15.533580456439342
8120260319010004,小倉競輪,4R,17:14,3-5,3,5,401.4,0.04089855186694808,15.416678719392959
2320260319010004,取手競輪,4R,10:00,2-7,2,7,657.1,0.024781716321713585,15.284065794997996
2320260319010003,取手競輪,3R,09:40,5-6,5,6,1110.2,0.014470084895783053,15.064688251298346
2320260319010006,取手競輪,6R,10:40,1-7,1,7,328.9,0.04433816440537378,13.582822272927435
1320260319010001,いわき平競輪,1R,20:40,4-5,4,5,346.5,0.04207014365565821,13.57730477668557
2320260319010005,取手競輪,5R,10:20,4-7,4,7,149.4,0.09581568940434368,13.314863997008946
8120260319010005,小倉競輪,5R,17:38,3-5,3,5,275.6,0.049929623749039836,12.76060430523538
2320260319010007,取手競輪,7R,11:00,6-7,6,7,849.9,0.01585951206127101,12.47899930087423
2420260317030010,宇都宮競輪,10R,15:30,4-5,4,5,435.9,0.02994290963903265,12.052114311654332
2420260317030010,宇都宮競輪,10R,15:30,5-6,5,6,376.5,0.03377629525677317,11.716775164175099
2320260319010006,取手競輪,6R,10:40,1-6,1,6,427.5,0.02967459200777745,11.685888083324858
8120260319010003,小倉競輪,3R,16:50,3-7,3,7,767.8,0.01630046207633548,11.515494782210382
2420260317030010,宇都宮競輪,10R,15:30,3-4,3,4,345.1,0.03539350741591641,11.214299409232755
8120260319010005,小倉競輪,5R,17:38,5-7,5,7,275.6,0.04404740529052677,11.139464898069178
8120260319010005,小倉競輪,5R,17:38,3-6,3,6,551.2,0.02195141109221032,11.09961779402633
2320260319010006,取手競輪,6R,10:40,5-6,5,6,388.7,0.030810744455504954,10.976136369854775
2320260319010007,取手競輪,7R,11:00,4-7,4,7,377.7,0.03098128717783758,10.701632167069254
2420260317030010,宇都宮競輪,10R,15:30,3-5,3,5,435.9,0.02595020923870473,10.311696207151392
2320260319010005,取手競輪,5R,10:20,4-6,4,6,747.0,0.014756090276194738,10.02279943631747
2320260319010007,取手競輪,7R,11:00,1-7,1,7,242.8,0.044858898837599505,9.89174063776916
2320260319010007,取手競輪,7R,11:00,1-2,1,2,242.8,0.044765636618297064,9.869096570922528
8120260319010010,小倉競輪,10R,19:45,2-4,2,4,153.0,0.07028204980543001,9.753153620230792
2320260319010006,取手競輪,6R,10:40,4-6,4,6,534.4,0.0196790272771126,9.516472176888971
8120260319010005,小倉競輪,5R,17:38,6-7,6,7,551.2,0.018956028822569252,9.448563087000172
2320260319010004,取手競輪,4R,10:00,2-6,2,6,985.6,0.010584386572362192,9.431971405720176
2320260319010006,取手競輪,6R,10:40,2-6,2,6,185.9,0.055709423860976236,9.356381895755483
8120260319010003,小倉競輪,3R,16:50,3-4,3,4,255.9,0.03919024568941065,9.028783871920186
8120260319010002,小倉競輪,2R,16:21,1-6,1,6,560.0,0.01788185879795986,9.01384092685752
8120260319010004,小倉競輪,4R,17:14,4-5,4,5,250.8,0.039913948853465796,9.010418372449221
4220260317030006,名古屋競輪,6R,17:50,5-6,5,6,321.0,0.03105480882469089,8.968593632725776
8120260319010004,小倉競輪,4R,17:14,3-7,3,7,669.0,0.014860981477932134,8.941996608736597
2320260319010003,取手競輪,3R,09:40,4-5,4,5,195.9,0.05047582757988961,8.888214622900374
4220260317030009,名古屋競輪,9R,19:04,2-6,2,6,354.7,0.026298336345556166,8.328019901768771
8120260319010002,小倉競輪,2R,16:21,1-3,1,3,373.3,0.02485001879845322,8.276512017462588
2320260319010004,取手競輪,4R,10:00,4-5,4,5,231.9,0.03993443908819876,8.260796424553293
8120260319010003,小倉競輪,3R,16:50,2-3,2,3,236.2,0.03902045217423614,8.216630803554574
2320260319010003,取手競輪,3R,09:40,2-4,2,4,158.6,0.05716512342330434,8.066388574936068
2320260319010003,取手競輪,3R,09:40,2-6,2,6,555.1,0.01631712821594361,8.057637872670298
8120260319010010,小倉競輪,10R,19:45,2-7,2,7,306.0,0.02934094360972806,7.978328744576787
4220260317030007,名古屋競輪,7R,18:14,2-6,2,6,274.5,0.03245765465523709,7.909626202862581
8120260319010002,小倉競輪,2R,16:21,1-7,1,7,746.7,0.011843124246774056,7.843260875066187
2320260319010007,取手競輪,7R,11:00,4-6,4,6,485.6,0.018123474414189766,7.800759175530551
8120260319010003,小倉競輪,3R,16:50,6-7,6,7,438.7,0.019936555067336582,7.746166708040558
2320260319010002,取手競輪,2R,09:20,3-4,3,4,894.5,0.009767146900437979,7.736712902441772
2420260317030004,宇都宮競輪,4R,12:20,2-5,2,5,301.7,0.028823326955070245,7.695997742344693
2320260319010004,取手競輪,4R,10:00,5-6,5,6,657.1,0.013172941432843848,7.655939815521693
1320260319010001,いわき平競輪,1R,20:40,2-6,2,6,173.2,0.049926784592413335,7.64731909140599
4220260317030001,名古屋競輪,1R,15:42,6-7,6,7,107.3,0.08020069870840572,7.6055349714119345
8120260319010004,小倉競輪,4R,17:14,1-3,1,3,182.4,0.04700261163599769,7.573276362405979
8120260319010002,小倉競輪,2R,16:21,2-6,2,6,72.2,0.11798491764654154,7.5185110540802995
2320260319010007,取手競輪,7R,11:00,3-7,3,7,188.8,0.04444399975688938,7.3910271541007155
2320260319010007,取手競輪,7R,11:00,3-4,3,4,169.9,0.049281674533468996,7.372956503236383
2420260317030002,宇都宮競輪,2R,11:20,5-6,5,6,177.5,0.0470906018230427,7.358581823590079
8120260319010002,小倉競輪,2R,16:21,1-4,1,4,248.9,0.03344749398461491,7.3250812527706515
2320260319010004,取手競輪,4R,10:00,2-4,2,4,281.6,0.02931339882738529,7.254653109791699
1320260319010001,いわき平競輪,1R,20:40,3-7,3,7,346.5,0.023408564519654666,7.111067606060342
2320260319010001,取手競輪,1R,09:00,4-6,4,6,168.2,0.04812333248215324,7.094344523498174
2320260319010007,取手競輪,7R,11:00,2-6,2,6,485.6,0.016525106891978,7.024591906744517
2320260319010005,取手競輪,5R,10:20,2-5,2,5,373.5,0.021480449519587427,7.022947895565904
2420260317030010,宇都宮競輪,10R,15:30,3-6,3,6,202.0,0.03955529205828008,6.990168995772576
2420260317030002,宇都宮競輪,2R,11:20,6-7,6,7,168.2,0.047385416002883644,6.970226971685029
2320260319010006,取手競輪,6R,10:40,6-7,6,7,855.1,0.009257512966914126,6.916099338008269
8120260319010010,小倉競輪,10R,19:45,3-7,3,7,153.0,0.051614019448045785,6.896944975551005
8120260319010001,小倉競輪,1R,15:57,6-7,6,7,395.8,0.019496514558528064,6.716720462265408
2420260317030008,宇都宮競輪,8R,14:20,6-7,6,7,292.0,0.026280791875483156,6.673991227641082
2420260317030010,宇都宮競輪,10R,15:30,2-5,2,5,236.6,0.031982124184317465,6.566970582009512
6320260319010010,防府競輪,10R,15:15,6-9,6,9,427.3,0.017598929039839145,6.520022378723267
8120260319010003,小倉競輪,3R,16:50,2-6,2,6,161.6,0.04633749667507889,6.4881394626927475
2320260319010002,取手競輪,2R,09:20,5-6,5,6,596.3,0.01247592868621132,6.439396275587809
2420260317030007,宇都宮競輪,7R,13:50,4-6,4,6,160.4,0.04625578267643771,6.4194275413006086
2320260319010003,取手競輪,3R,09:40,4-7,4,7,87.6,0.0830825715676703,6.278033269327917
2320260319010006,取手競輪,6R,10:40,1-4,1,4,112.5,0.06419179716586468,6.221577181159776
2420260317030008,宇都宮競輪,8R,14:20,4-6,4,6,233.6,0.030747286874903572,6.182566213977474
2320260319010002,取手競輪,2R,09:20,3-5,3,5,275.2,0.02584032250197402,6.11125675254325
1320260319010001,いわき平競輪,1R,20:40,5-7,5,7,346.5,0.02052200425543286,6.110874474507486
8120260319010004,小倉競輪,4R,17:14,3-4,3,4,334.5,0.02124910331503295,6.107825058878522
2320260319010006,取手競輪,6R,10:40,1-5,1,5,82.2,0.08508751565673368,5.994193786983509
8120260319010003,小倉競輪,3R,16:50,4-5,4,5,180.6,0.03857807401305434,5.967200166757613
8120260319010001,小倉競輪,1R,15:57,2-6,2,6,164.9,0.04222397250449916,5.962733065991912
6320260319010010,防府競輪,10R,15:15,4-6,4,6,549.4,0.012649700846251312,5.949745644930471
8120260319010005,小倉競輪,5R,17:38,5-6,5,6,183.7,0.0377511564740486,5.934887444282728
2420260317030004,宇都宮競輪,4R,12:20,4-5,4,5,258.6,0.026718470386914488,5.909396442056087
2320260319010005,取手競輪,5R,10:20,2-7,2,7,106.7,0.0645075142811886,5.882951773802824
4220260317030002,名古屋競輪,2R,16:13,1-7,1,7,190.3,0.03616691641490569,5.8825641937565525
8120260319010003,小倉競輪,3R,16:50,4-6,4,6,146.2,0.0469102450746199,5.8582778299094285
1320260319010002,いわき平競輪,2R,21:00,2-7,2,7,134.2,0.05074666239439586,5.810202093327924
2320260319010003,取手競輪,3R,09:40,3-5,3,5,195.9,0.034712144092714094,5.800109027762691
8120260319010004,小倉競輪,4R,17:14,1-6,1,6,118.0,0.0573970089550937,5.772847056701057
2420260317030010,宇都宮競輪,10R,15:30,2-3,2,3,180.0,0.03752600603609259,5.7546810864966655
6320260319010010,防府競輪,10R,15:15,4-9,4,9,292.1,0.023068819150845188,5.73840207396188
2320260319010007,取手競輪,7R,11:00,2-4,2,4,212.4,0.03148818391068162,5.688090262628777
2320260319010001,取手競輪,1R,09:00,2-6,2,6,373.9,0.017868604134686453,5.681071085959264
8120260319010004,小倉競輪,4R,17:14,5-6,5,6,133.8,0.04979415967394354,5.662458564373646
2320260319010004,取手競輪,4R,10:00,1-4,1,4,179.2,0.03708185194696356,5.64506786889587
5520260317030002,和歌山競輪,2R,09:10,1-6,1,6,181.1,0.03651697058709842,5.613223373323524
5520260317030002,和歌山競輪,2R,09:10,6-7,6,7,154.5,0.04264521107980269,5.588685111829515
2320260319010007,取手競輪,7R,11:00,1-6,1,6,212.4,0.030862065398312488,5.555102690601573
2320260319010005,取手競輪,5R,10:20,5-7,5,7,106.7,0.060759353706608336,5.48302304049511
1320260319010008,いわき平競輪,8R,23:00,1-7,1,7,66.5,0.09733601499583387,5.4728449972229525
8120260319010010,小倉競輪,10R,19:45,3-6,3,6,102.0,0.06262557258609776,5.387808403781971
5520260317030002,和歌山競輪,2R,09:10,3-6,3,6,103.0,0.061784982570033474,5.363853204713448
1320260319010001,いわき平競輪,1R,20:40,2-5,2,5,115.5,0.05478069495413808,5.327170267202948
2320260319010004,取手競輪,4R,10:00,4-6,4,6,985.6,0.006373543673249829,5.2817646443550315
2420260317030006,宇都宮競輪,6R,13:20,1-6,1,6,87.2,0.07162003445992751,5.2452670049056795
4220260317030001,名古屋競輪,1R,15:42,4-6,4,6,80.5,0.07705034124250831,5.202552470021919
8120260319010011,小倉競輪,11R,20:15,1-4,1,4,150.0,0.04112032827917366,5.168049241876049
8120260319010010,小倉競輪,10R,19:45,4-5,4,5,153.0,0.040173773094990005,5.146587283533471
8120260319010001,小倉競輪,1R,15:57,1-6,1,6,164.9,0.03723620311249784,5.140249893250894
2420260317030002,宇都宮競輪,2R,11:20,1-6,1,6,168.2,0.03601091939348802,5.057036641984685
2420260317030004,宇都宮競輪,4R,12:20,5-6,5,6,109.7,0.05513360334139768,5.048156286551325
1320260319010001,いわき平競輪,1R,20:40,4-7,4,7,173.2,0.03488612205781516,5.0422763404135855
4220260317030001,名古屋競輪,1R,15:42,1-6,1,6,161.0,0.03740130363480919,5.021609885204279
2320260319010007,取手競輪,7R,11:00,1-4,1,4,121.4,0.04952258556174448,5.01204188719578
2420260317030004,宇都宮競輪,4R,12:20,1-6,1,6,124.8,0.04730727488445383,4.903947905579838
2320260319010001,取手競輪,1R,09:00,2-7,2,7,197.9,0.029738387768526366,4.885226939391368
8120260319010005,小倉競輪,5R,17:38,1-3,1,3,137.8,0.04254618698985055,4.862864567201406
8120260319010005,小倉競輪,5R,17:38,1-6,1,6,183.7,0.03173376080355028,4.829491859612187
2420260317030008,宇都宮競輪,8R,14:20,2-6,2,6,97.3,0.059743942084482034,4.813085564820102
2420260317030008,宇都宮競輪,8R,14:20,1-6,1,6,95.3,0.060302654470294065,4.746842971019024
2320260319010005,取手競輪,5R,10:20,1-2,1,2,55.3,0.10247634507467113,4.666941882629313
1320260319010008,いわき平競輪,8R,23:00,4-7,4,7,199.5,0.028223464609985406,4.630581189692088
6320260319010005,防府競輪,5R,12:35,4-5,4,5,266.1,0.02115451320601167,4.629215964119705
2320260319010001,取手競輪,1R,09:00,1-6,1,6,101.9,0.055228203204709815,4.6277539065599305
6320260319010007,防府競輪,7R,13:35,4-9,4,9,165.3,0.033959441797884495,4.613495729190308
1320260319010009,いわき平競輪,9R,23:20,2-5,2,5,85.5,0.06548607523814755,4.5990594328616154
8120260319010010,小倉競輪,10R,19:45,2-3,2,3,102.0,0.05483687637815559,4.59336139057187
2420260317030004,宇都宮競輪,4R,12:20,1-2,1,2,241.4,0.023114289330349196,4.579789444346296
2420260317030009,宇都宮競輪,9R,14:55,1-2,1,2,85.6,0.06473307330480366,4.541151074891193
2420260317030004,宇都宮競輪,4R,12:20,1-5,1,5,241.4,0.022950068807251027,4.540146610070398
8120260319010001,小倉競輪,1R,15:57,5-6,5,6,282.7,0.01959215208833014,4.53870139537093
5520260317030007,和歌山競輪,7R,10:50,5-7,5,7,118.8,0.046562064439940334,4.531573255464911
5520260317030007,和歌山競輪,7R,10:50,2-7,2,7,126.7,0.04346065116693104,4.506464502850163
8120260319010003,小倉競輪,3R,16:50,5-7,5,7,341.2,0.015931487045478924,4.435823379917409
2420260317030004,宇都宮競輪,4R,12:20,2-4,2,4,201.1,0.026898037854407312,4.40919541252131
2320260319010006,取手競輪,6R,10:40,3-4,3,4,610.8,0.008842326425201406,4.400892980513019
6320260319010008,防府競輪,8R,14:05,3-5,3,5,214.3,0.025096208580713604,4.378117498846926
2320260319010002,取手競輪,2R,09:20,4-7,4,7,94.1,0.057145792313746106,4.377419056723508
6320260319010011,防府競輪,11R,15:50,1-8,1,8,220.2,0.024339490726817053,4.359555858045114
2320260319010006,取手競輪,6R,10:40,4-5,4,5,80.6,0.06629435558741711,4.343325060345819
8120260319010001,小倉競輪,1R,15:57,4-6,4,6,179.9,0.029563777489781153,4.31852357041163
6320260319010005,防府競輪,5R,12:35,3-4,3,4,285.1,0.01843900058196348,4.256959065917789
6320260319010010,防府競輪,10R,15:15,5-6,5,6,366.3,0.0142925981452083,4.2353787005898
1320260319010001,いわき平競輪,1R,20:40,3-5,3,5,173.2,0.03017560776830381,4.226415265470219
6320260319010010,防府競輪,10R,15:15,3-6,3,6,233.1,0.022339130428903453,4.207251302977395
6320260319010001,防府競輪,1R,10:45,3-4,3,4,242.2,0.021469573435573243,4.199930686095839
2420260317030010,宇都宮競輪,10R,15:30,2-4,2,4,120.0,0.042952627260623696,4.154315271274844
6320260319010009,防府競輪,9R,14:40,2-4,2,4,150.0,0.03418051189165813,4.12707678374872
2320260319010004,取手競輪,4R,10:00,4-7,4,7,438.0,0.011683762173393595,4.117487831946395
2420260317030006,宇都宮競輪,6R,13:20,3-6,3,6,200.6,0.025265427715976646,4.068244799824915
4220260317030009,名古屋競輪,9R,19:04,5-6,5,6,118.2,0.04279800382827009,4.058724052501525
2320260319010007,取手競輪,7R,11:00,2-3,2,3,113.3,0.04459816425026571,4.052972009555105
6320260319010010,防府競輪,10R,15:15,3-4,3,4,177.5,0.028461109569652983,4.051846948613404
8420260319010001,武雄競輪,1R,20:50,3-7,3,7,90.0,0.05519989123257394,3.9679902109316547
5520260317030003,和歌山競輪,3R,09:30,2-7,2,7,80.3,0.061701684314635685,3.954645250465245
6320260319010011,防府競輪,11R,15:50,6-9,6,9,245.0,0.02016058422858069,3.939343136002269
2320260319010004,取手競輪,4R,10:00,1-2,1,2,83.8,0.05875604389572196,3.9237564784615007
4220260317030001,名古屋競輪,1R,15:42,3-6,3,6,153.3,0.03208323032821318,3.9183592093150814
2320260319010004,取手競輪,4R,10:00,3-4,3,4,57.1,0.08608682463910958,3.915557686893157
1320260319010002,いわき平競輪,2R,21:00,3-5,3,5,134.2,0.03654812251712291,3.904758041797894
2420260317030009,宇都宮競輪,9R,14:55,2-5,2,5,268.6,0.018203277712900794,3.889400393685154
2420260317030011,宇都宮競輪,11R,16:05,3-6,3,6,241.1,0.020206932435912518,3.871891410298508
2420260317030004,宇都宮競輪,4R,12:20,2-6,2,6,84.2,0.05770784832737248,3.8590008291647635
5520260317030006,和歌山競輪,6R,10:30,4-6,4,6,51.7,0.0936252467677128,3.840425257890752
5520260317030002,和歌山競輪,2R,09:10,1-4,1,4,164.2,0.029379010288091572,3.824033489304636
2320260319010002,取手競輪,2R,09:20,1-4,1,4,108.4,0.044359690265957735,3.808590424829819
8120260319010001,小倉競輪,1R,15:57,3-7,3,7,152.2,0.031280826607908964,3.760941809723744
5520260317030004,和歌山競輪,4R,09:50,3-7,3,7,132.7,0.035643103390288096,3.7298398198912297
2320260319010007,取手競輪,7R,11:00,3-6,3,6,161.8,0.029199428956906866,3.724467605227531
6320260319010004,防府競輪,4R,12:05,3-5,3,5,212.7,0.022185576041037578,3.718872023928693
4220260317030002,名古屋競輪,2R,16:13,5-7,5,7,87.0,0.05392967480787299,3.69188170828495
5520260317030003,和歌山競輪,3R,09:30,3-7,3,7,82.8,0.056353716995356996,3.6660877672155587
8120260319010002,小倉競輪,2R,16:21,1-2,1,2,54.6,0.08508688178804,3.6457437456269837
2320260319010003,取手競輪,3R,09:40,1-4,1,4,128.1,0.03617280212460504,3.6337359521619055
8420260319010008,武雄競輪,8R,23:10,1-7,1,7,61.5,0.07505260119608946,3.615734973559502
2420260317030007,宇都宮競輪,7R,13:50,4-5,4,5,176.0,0.026202740025002436,3.611682244400429
5520260317030002,和歌山競輪,2R,09:10,4-6,4,6,350.3,0.013068285503701557,3.5778204119466555
2420260317030005,宇都宮競輪,5R,12:50,4-7,4,7,137.1,0.033140867547008346,3.5436129406948442
2320260319010005,取手競輪,5R,10:20,1-6,1,6,157.2,0.0288398197368804,3.533619662637599
2420260317030004,宇都宮競輪,4R,12:20,2-3,2,3,134.1,0.033599450344000685,3.505686291130492
8120260319010010,小倉競輪,10R,19:45,3-5,3,5,153.0,0.029401529469881567,3.4984340088918797
4220260317030006,名古屋競輪,6R,17:50,1-6,1,6,107.0,0.04180442629791524,3.473073613876931
4220260317030004,名古屋競輪,4R,17:02,2-6,2,6,225.6,0.019821286079948652,3.4716821396364157
2320260319010002,取手競輪,2R,09:20,4-5,4,5,155.5,0.028657957293760108,3.456312359179697
6320260319010003,防府競輪,3R,11:35,5-9,5,9,171.4,0.025981663828746983,3.453257180247233
8120260319010002,小倉競輪,2R,16:21,5-6,5,6,448.0,0.00992875460595273,3.448082063466823
6320260319010012,防府競輪,12R,16:30,4-8,4,8,606.5,0.0073241861774693265,3.4421189166351462
6320260319010003,防府競輪,3R,11:35,5-7,5,7,110.9,0.0399488750268754,3.4303302404804823
6320260319010009,防府競輪,9R,14:40,3-4,3,4,159.8,0.027663578818858902,3.420639895253653
6320260319010010,防府競輪,10R,15:15,2-6,2,6,152.8,0.028834874778519166,3.405968866157729
6320260319010011,防府競輪,11R,15:50,8-9,8,9,234.5,0.01878413087521049,3.4048786902368597
6320260319010010,防府競輪,10R,15:15,4-5,4,5,271.5,0.016190643773505754,3.3957597845068124
4220260317030009,名古屋競輪,9R,19:04,6-7,6,7,118.2,0.03715589468461852,3.3918267517219096
8120260319010005,小倉競輪,5R,17:38,2-3,2,3,68.9,0.06365416131497938,3.38577171460208
2320260319010007,取手競輪,7R,11:00,1-3,1,3,69.3,0.0632663665223876,3.3843592000014606
2420260317030010,宇都宮競輪,10R,15:30,2-6,2,6,92.0,0.047571103100840756,3.3765414852773494
6320260319010010,防府競輪,10R,15:15,6-7,6,7,320.5,0.013631349819998508,3.3688476173095214
8120260319010006,小倉競輪,6R,18:02,1-2,1,2,124.5,0.03502391608025788,3.3604775519921057
2420260317030005,宇都宮競輪,5R,12:50,3-4,3,4,62.6,0.06809729455127732,3.26289063890996
6320260319010007,防府競輪,7R,13:35,6-9,6,9,200.1,0.02122987304750123,3.248097596804996
2420260317030002,宇都宮競輪,2R,11:20,5-7,5,7,81.9,0.05157501411904074,3.223993656349437
2420260317030011,宇都宮競輪,11R,16:05,4-6,4,6,128.9,0.03223392531519984,3.1549529731292596
6320260319010005,防府競輪,5R,12:35,1-4,1,4,325.8,0.012677846761326158,3.1304424748400628
2420260317030002,宇都宮競輪,2R,11:20,2-6,2,6,33.6,0.12279575181013741,3.125937260820617
8120260319010005,小倉競輪,5R,17:38,1-7,1,7,110.2,0.03738221203248525,3.1195197659798746
2420260317030009,宇都宮競輪,9R,14:55,1-7,1,7,93.7,0.04385992669843583,3.1096751316434377
2320260319010004,取手競輪,4R,10:00,5-7,5,7,123.2,0.03324238404199826,3.095461713974186
5520260317030006,和歌山競輪,6R,10:30,2-6,2,6,48.2,0.0847937222861915,3.0870574141944305
4220260317030001,名古屋競輪,1R,15:42,2-6,2,6,92.0,0.04437587344257579,3.0825803567169725
4220260317030007,名古屋競輪,7R,18:14,3-6,3,6,137.2,0.029643056788165548,3.067027391336313
1320260319010009,いわき平競輪,9R,23:20,1-2,1,2,42.7,0.09469629219247244,3.0435316766185734
8120260319010002,小倉競輪,2R,16:21,3-5,3,5,320.0,0.012610169134533201,3.035254123050624
4220260317030010,名古屋競輪,10R,19:31,5-6,5,6,110.0,0.03635987540119319,2.9995862941312508
6320260319010011,防府競輪,11R,15:50,5-7,5,7,191.3,0.020872304125452795,2.99287177919912
2420260317030010,宇都宮競輪,10R,15:30,4-6,4,6,88.1,0.045245316498629826,2.9861123835292873
6320260319010004,防府競輪,4R,12:05,5-6,5,6,385.5,0.010320687379075018,2.9786249846334196
4220260317030005,名古屋競輪,5R,17:26,1-6,1,6,203.7,0.019526785911210275,2.977606290113533
2420260317030004,宇都宮競輪,4R,12:20,3-5,3,5,120.7,0.03294184490720724,2.976080680299914
8120260319010002,小倉競輪,2R,16:21,3-6,3,6,106.6,0.03713503401973284,2.9585946265035203
6320260319010010,防府競輪,10R,15:15,2-4,2,4,94.5,0.041838485687846885,2.9537368975015306
4220260317030011,名古屋競輪,11R,20:00,5-7,5,7,123.3,0.03194076448430201,2.938296260914438
6320260319010008,防府競輪,8R,14:05,3-4,3,4,177.9,0.022114610583039332,2.934189222722697
6320260319010011,防府競輪,11R,15:50,7-8,7,8,382.6,0.010273953757650943,2.930814707677251
8120260319010004,小倉競輪,4R,17:14,1-4,1,4,83.6,0.04669248221876084,2.9034915134884063
4220260317030007,名古屋競輪,7R,18:14,5-6,5,6,137.2,0.02825367369538445,2.8764040310067465
8120260319010005,小倉競輪,5R,17:38,2-6,2,6,78.7,0.04910483373133656,2.8645504146561875
6320260319010003,防府競輪,3R,11:35,6-9,6,9,356.8,0.010825143872454519,2.8624113336917727
6320260319010011,防府競輪,11R,15:50,2-5,2,5,215.9,0.017847631209703556,2.853303578174998
2420260317030004,宇都宮競輪,4R,12:20,1-4,1,4,181.0,0.02111601652011113,2.8219989901401146
2320260319010002,取手競輪,2R,09:20,3-6,3,6,715.6,0.005309453081710087,2.799444625271738
2320260319010005,取手競輪,5R,10:20,2-3,2,3,426.8,0.008895696681904675,2.796683343836915
6320260319010003,防府競輪,3R,11:35,5-6,5,6,330.0,0.011502042098575766,2.7956738925300026
8120260319010005,小倉競輪,5R,17:38,4-6,4,6,137.8,0.02742481129372965,2.779138996275946
6320260319010004,防府競輪,4R,12:05,5-7,5,7,143.4,0.026269075542027676,2.7669854327267687
6320260319010010,防府競輪,10R,15:15,4-8,4,8,512.8,0.00726749634516931,2.726772125802822
8120260319010010,小倉競輪,10R,19:45,2-6,2,6,102.0,0.03652271721986903,2.725317156426641
1320260319010002,いわき平競輪,2R,21:00,4-5,4,5,134.2,0.02772853057568881,2.721168803257438
5520260317030006,和歌山競輪,6R,10:30,3-4,3,4,85.0,0.043767972012461395,2.7202776210592186
6320260319010005,防府競輪,5R,12:35,1-5,1,5,134.1,0.027713079369764963,2.7163239434854813
2320260319010006,取手競輪,6R,10:40,4-7,4,7,129.5,0.028609672371799007,2.7049525721479712
6320260319010010,防府競輪,10R,15:15,5-8,5,8,384.6,0.009625193693414746,2.7018494944873117
6320260319010010,防府競輪,10R,15:15,3-8,3,8,237.9,0.015544263366970937,2.697980255002386
6320260319010008,防府競輪,8R,14:05,5-9,5,9,88.9,0.04134417794197351,2.675497419041445
2320260319010007,取手競輪,7R,11:00,2-7,2,7,130.7,0.028119998193356848,2.67528376387174
4220260317030004,名古屋競輪,4R,17:02,4-6,4,6,100.2,0.03663903857575654,2.6712316652908052
5520260317030001,和歌山競輪,1R,08:50,3-6,3,6,115.6,0.03173536483730452,2.6686081751924022
2320260319010005,取手競輪,5R,10:20,3-7,3,7,186.7,0.019624658411718524,2.663923725467848
2320260319010003,取手競輪,3R,09:40,4-6,4,6,475.8,0.007692501035331012,2.6600919926104956
5520260317030001,和歌山競輪,1R,08:50,6-7,6,7,115.6,0.03162129668156472,2.655421896388882
2420260317030009,宇都宮競輪,9R,14:55,5-6,5,6,151.5,0.024121311375970962,2.654378673459601
6320260319010012,防府競輪,12R,16:30,1-8,1,8,145.4,0.02511534933249359,2.6517717929445683
2320260319010004,取手競輪,4R,10:00,1-6,1,6,281.6,0.012903944334977865,2.6337507247297673
2320260319010006,取手競輪,6R,10:40,1-3,1,3,305.4,0.011831322478039554,2.6132858847932794
6320260319010009,防府競輪,9R,14:40,4-9,4,9,450.0,0.008017707892027954,2.607968551412579
8120260319010010,小倉競輪,10R,19:45,1-6,1,6,76.5,0.047135295614267984,2.605850114491501
6320260319010011,防府競輪,11R,15:50,5-8,5,8,681.5,0.005267706749541636,2.5899421498126247
2420260317030006,宇都宮競輪,6R,13:20,4-6,4,6,92.5,0.0386100506827879,2.571429688157881
2420260317030009,宇都宮競輪,9R,14:55,3-5,3,5,46.5,0.07671189230180062,2.5671029920337287
6320260319010003,防府競輪,3R,11:35,7-9,7,9,94.3,0.037811589032185434,2.5656328457350863
5520260317030006,和歌山競輪,6R,10:30,4-5,4,5,35.7,0.09952803861415713,2.5531509785254096
6320260319010003,防府競輪,3R,11:35,4-9,4,9,227.6,0.015575629418913241,2.545013255744654
2320260319010005,取手競輪,5R,10:20,5-6,5,6,498.0,0.007116599067831333,2.5440663357800037
2320260319010005,取手競輪,5R,10:20,2-6,2,6,426.8,0.008264522299263454,2.527298117325642
6320260319010008,防府競輪,8R,14:05,1-4,1,4,75.0,0.04698948952135384,2.5242117141015377
6320260319010006,防府競輪,6R,13:05,4-7,4,7,85.1,0.04128626484007412,2.513461137890307
4220260317030006,名古屋競輪,6R,17:50,5-7,5,7,53.5,0.06567081953947375,2.5133888453618454
5520260317030002,和歌山競輪,2R,09:10,2-7,2,7,72.9,0.048068289704916764,2.504178319488432
2420260317030008,宇都宮競輪,8R,14:20,5-6,5,6,212.3,0.016485797538044283,2.4999348173268015
2320260319010003,取手競輪,3R,09:40,3-4,3,4,222.0,0.015747531810649147,2.4959520619641107
2320260319010002,取手競輪,2R,09:20,4-6,4,6,596.3,0.005852993967061817,2.4901403025589612
6320260319010010,防府競輪,10R,15:15,8-9,8,9,281.4,0.012348444807342648,2.474852368786221
8120260319010010,小倉競輪,10R,19:45,4-7,4,7,51.0,0.067411208013699,2.437971608698649
2420260317030007,宇都宮競輪,7R,13:50,6-7,6,7,60.6,0.05668805087362415,2.4352958829416234
5520260317030007,和歌山競輪,7R,10:50,4-5,4,5,118.8,0.028861179540862376,2.42870812945445
8120260319010009,小倉競輪,9R,19:17,1-6,1,6,37.1,0.09225178948691394,2.422541389964507
1320260319010002,いわき平競輪,2R,21:00,4-7,4,7,134.2,0.025403361556900303,2.40913112093602
6320260319010008,防府競輪,8R,14:05,4-8,4,8,317.6,0.010723814147856583,2.405883373359251
6320260319010012,防府競輪,12R,16:30,7-8,7,8,331.5,0.01019023427470606,2.3780626620650587
2320260319010006,取手競輪,6R,10:40,1-2,1,2,25.9,0.1303928484286704,2.3771747743025635
6320260319010011,防府競輪,11R,15:50,2-8,2,8,363.4,0.009265406211802293,2.367048617368953
8120260319010010,小倉競輪,10R,19:45,6-7,6,7,102.0,0.03288144913074286,2.353907811335772
8120260319010010,小倉競輪,10R,19:45,1-5,1,5,153.0,0.021827494063550928,2.339606591723292
5520260317030003,和歌山競輪,3R,09:30,2-4,2,4,99.7,0.03346564410645951,2.3365247174140134
6320260319010004,防府競輪,4R,12:05,3-7,3,7,79.5,0.04193124981487475,2.3335343602825422
2420260317030002,宇都宮競輪,2R,11:20,3-6,3,6,138.9,0.023994940538851508,2.3328972408464748
6320260319010001,防府競輪,1R,10:45,2-4,2,4,84.5,0.039407272518637716,2.329914527824887
8120260319010010,小倉競輪,10R,19:45,1-3,1,3,51.0,0.0651934353358479,2.324865202128243
4220260317030006,名古屋競輪,6R,17:50,6-7,6,7,45.8,0.07232448732770876,2.312461519609061
4220260317030007,名古屋競輪,7R,18:14,6-7,6,7,54.9,0.06013447946229951,2.301382922480243
6320260319010009,防府競輪,9R,14:40,3-9,3,9,119.5,0.02758288039103556,2.2961542067287493
6320260319010003,防府競輪,3R,11:35,1-5,1,5,55.0,0.0599148183913698,2.295315011525339
2420260317030007,宇都宮競輪,7R,13:50,3-6,3,6,69.9,0.047089325408344804,2.291543846043302
5520260317030006,和歌山競輪,6R,10:30,6-7,6,7,119.0,0.027620335592956593,2.2868199355618346
4220260317030004,名古屋競輪,4R,17:02,6-7,6,7,77.3,0.04249691744314599,2.2850117183551846
1320260319010002,いわき平競輪,2R,21:00,5-7,5,7,134.2,0.02438710006271238,2.272748828416001
6320260319010009,防府競輪,9R,14:40,5-9,5,9,335.3,0.00973808300765292,2.265179232466024
6320260319010007,防府競輪,7R,13:35,2-9,2,9,84.4,0.03858344511973175,2.25644276810536
2420260317030009,宇都宮競輪,9R,14:55,5-7,5,7,218.8,0.014869920777391278,2.253538666093212
6320260319010008,防府競輪,8R,14:05,3-8,3,8,195.5,0.01660167059255826,2.2456266008451395
2320260319010003,取手競輪,3R,09:40,6-7,6,7,138.7,0.023364428058639176,2.2406461717332533
5520260317030003,和歌山競輪,3R,09:30,1-2,1,2,94.4,0.03426523112183255,2.234637817900993
8120260319010008,小倉競輪,8R,18:51,4-7,4,7,66.7,0.04841210555273411,2.2290874403673655
6320260319010004,防府競輪,4R,12:05,6-7,6,7,173.7,0.01849357535152312,2.212334038559566
2420260317030006,宇都宮競輪,6R,13:20,1-3,1,3,41.7,0.0769492387793413,2.2087832570985326
2320260319010002,取手競輪,2R,09:20,2-6,2,6,178.9,0.017883853375053105,2.1994213687970006
5520260317030006,和歌山競輪,6R,10:30,2-3,2,3,81.1,0.03929649368464433,2.186945637824655
6320260319010007,防府競輪,7R,13:35,4-5,4,5,60.1,0.05300244645858083,2.185447032160708
8420260319010001,武雄競輪,1R,20:50,1-6,1,6,90.0,0.03529363201200034,2.1764268810800305
6320260319010001,防府競輪,1R,10:45,4-9,4,9,174.7,0.018069236607851015,2.1566956353915723
6320260319010012,防府競輪,12R,16:30,3-4,3,4,85.7,0.03677724444233265,2.151809848707908
2420260317030002,宇都宮競輪,2R,11:20,1-7,1,7,79.9,0.039401945123963805,2.1482154154047084
8420260319010001,武雄競輪,1R,20:50,1-4,1,4,45.0,0.06995622528166581,2.1480301376749615
2420260317030005,宇都宮競輪,5R,12:50,4-5,4,5,126.8,0.02471998086060162,2.1344935731242853
6320260319010007,防府競輪,7R,13:35,4-7,4,7,211.2,0.014761892002436473,2.117711590914583
8120260319010005,小倉競輪,5R,17:38,2-7,2,7,55.1,0.05649554888533571,2.1129047435819976
8420260319010009,武雄競輪,9R,23:30,1-6,1,6,60.0,0.051670917497969655,2.100255049878179
2420260317030009,宇都宮競輪,9R,14:55,2-3,2,3,40.4,0.07657066881847319,2.0934550202663167
6320260319010001,防府競輪,1R,10:45,3-9,3,9,121.1,0.02553445512291296,2.0922225153847593
6320260319010008,防府競輪,8R,14:05,2-5,2,5,211.7,0.014603514978599,2.0915641209694082
8120260319010001,小倉競輪,1R,15:57,3-5,3,5,98.9,0.031246200050209075,2.0902491849656775
6320260319010007,防府競輪,7R,13:35,2-6,2,6,323.5,0.009550718398084574,2.0896574017803595
2420260317030001,宇都宮競輪,1R,10:55,3-6,3,6,53.3,0.05760950248459251,2.0705864824287805
1320260319010001,いわき平競輪,1R,20:40,1-6,1,6,57.7,0.05318470378558636,2.068757408428333
2420260317030002,宇都宮競輪,2R,11:20,4-6,4,6,245.8,0.012482562670323664,2.0682139043655567
2320260319010004,取手競輪,4R,10:00,2-5,2,5,51.2,0.05986660687268856,2.0651702718816547
2420260317030006,宇都宮競輪,6R,13:20,1-2,1,2,39.3,0.07759980681952224,2.0496724080072237
8120260319010001,小倉競輪,1R,15:57,4-5,4,5,63.8,0.04773769969316454,2.0456652404238977
2420260317030002,宇都宮競輪,2R,11:20,2-7,2,7,25.1,0.12125705105322138,2.043551981435857
8120260319010011,小倉競輪,11R,20:15,3-6,3,6,75.0,0.040475501540679394,2.0356626155509545
4220260317030010,名古屋競輪,10R,19:31,6-7,6,7,146.7,0.02064271870629583,2.0282868342135982
6320260319010011,防府競輪,11R,15:50,1-5,1,5,59.1,0.051211716512668634,2.0266124458987163
5520260317030004,和歌山競輪,4R,09:50,5-6,5,6,81.6,0.03702421657843029,2.0211760727999115
6320260319010012,防府競輪,12R,16:30,4-9,4,9,184.2,0.016399853749784744,2.0208530607103494
6320260319010010,防府競輪,10R,15:15,5-9,5,9,106.8,0.028249786497917595,2.017077197977599
2420260317030006,宇都宮競輪,6R,13:20,6-7,6,7,250.7,0.01202618179584191,2.0149637762175665
2320260319010002,取手競輪,2R,09:20,1-6,1,6,162.6,0.01851784316164155,2.011001298082916
2420260317030006,宇都宮競輪,6R,13:20,5-6,5,6,67.6,0.04450961462743292,2.0088499488144653
8120260319010006,小倉競輪,6R,18:02,2-3,2,3,124.5,0.024157683197193455,2.0076315580505852
6320260319010001,防府競輪,1R,10:45,6-9,6,9,296.0,0.010121876949630331,1.9960755770905778
8120260319010004,小倉競輪,4R,17:14,6-7,6,7,167.2,0.01780965152142312,1.9777737343819455
6320260319010011,防府競輪,11R,15:50,1-6,1,6,114.1,0.026031540527189194,1.970198774152287
8120260319010001,小倉競輪,1R,15:57,4-7,4,7,61.8,0.04802589573648093,1.9680003565145214
4220260317030003,名古屋競輪,3R,16:38,1-7,1,7,74.3,0.0397451187121306,1.9530623203113033
6320260319010009,防府競輪,9R,14:40,3-6,3,6,183.8,0.01604538528338622,1.9491418150863873
2420260317030004,宇都宮競輪,4R,12:20,1-3,1,3,109.7,0.026773638610255075,1.9370681555449818
2420260317030006,宇都宮競輪,6R,13:20,2-3,2,3,100.3,0.029116466152512552,1.9203815550970087
6320260319010010,防府競輪,10R,15:15,2-8,2,8,139.8,0.020872946216367858,1.9180378810482268
6320260319010008,防府競輪,8R,14:05,4-5,4,5,348.8,0.008343342070491774,1.9101577141875308
6320260319010011,防府競輪,11R,15:50,4-5,4,5,232.0,0.012500461569515552,1.9001070841276082
6320260319010012,防府競輪,12R,16:30,2-4,2,4,210.7,0.013763088203214889,1.8998826844173768
5520260317030004,和歌山競輪,4R,09:50,1-3,1,3,68.5,0.04205664793061678,1.8808803832472494
2320260319010001,取手競輪,1R,09:00,5-6,5,6,336.5,0.008542819932243411,1.8746589071999078
6320260319010007,防府競輪,7R,13:35,7-9,7,9,69.7,0.04114657935855953,1.8679165812915994
8120260319010004,小倉競輪,4R,17:14,4-6,4,6,111.5,0.02565579823188762,1.8606215028554698
1320260319010001,いわき平競輪,1R,20:40,1-7,1,7,57.7,0.04955847734634532,1.859524142884125
5520260317030005,和歌山競輪,5R,10:10,3-4,3,4,94.5,0.030144970715334417,1.8486997325991026
6320260319010005,防府競輪,5R,12:35,5-6,5,6,168.0,0.01694273692674199,1.846379803692654
5520260317030007,和歌山競輪,7R,10:50,6-7,6,7,84.5,0.033658276933135015,1.8441244008499087
5520260317030002,和歌山競輪,2R,09:10,2-4,2,4,169.5,0.01668212890807256,1.8276208499182989
5520260317030006,和歌山競輪,6R,10:30,5-6,5,6,53.3,0.05293049655786008,1.821195466533942
6320260319010010,防府競輪,10R,15:15,1-6,1,6,142.4,0.01980876898715673,1.8207687037711184
5520260317030004,和歌山競輪,4R,09:50,3-4,3,4,68.5,0.0411222281670269,1.8168726294413426
6320260319010010,防府競輪,10R,15:15,3-5,3,5,79.0,0.03552568437483574,1.8065290656120236
1320260319010002,いわき平競輪,2R,21:00,1-7,1,7,44.7,0.06275697151812527,1.8052366268602
2320260319010001,取手競輪,1R,09:00,2-3,2,3,46.7,0.059816494581006255,1.7934302969329923
6320260319010012,防府競輪,12R,16:30,2-8,2,8,307.0,0.009078494933962651,1.787097944726534
6320260319010001,防府競輪,1R,10:45,3-5,3,5,122.5,0.022717222862400372,1.7828598006440455
6320260319010008,防府競輪,8R,14:05,2-3,2,3,118.6,0.023437797924767703,1.7797228338774493
2420260317030007,宇都宮競輪,7R,13:50,5-7,5,7,86.6,0.03206962813055138,1.777229796105749
1320260319010008,いわき平競輪,8R,23:00,1-3,1,3,24.9,0.11042093549070547,1.7494812937185662
6320260319010001,防府競輪,1R,10:45,1-3,1,3,94.3,0.029144773354440386,1.7483521273237281
8120260319010004,小倉競輪,4R,17:14,3-6,3,6,100.3,0.027348884467641017,1.7430931121043938
2420260317030006,宇都宮競輪,6R,13:20,2-7,2,7,182.3,0.01502288061117375,1.7386711354169746
8120260319010006,小倉競輪,6R,18:02,2-5,2,5,49.8,0.05484710666413624,1.7313859118739847
2320260319010005,取手競輪,5R,10:20,1-7,1,7,17.3,0.15775866033179933,1.7292248237401284
2420260317030010,宇都宮競輪,10R,15:30,3-7,3,7,57.1,0.047695012196311115,1.7233851964093647
6320260319010009,防府競輪,9R,14:40,4-6,4,6,349.0,0.007803395827597412,1.7233851438314969
5520260317030003,和歌山競輪,3R,09:30,4-7,4,7,28.9,0.09409315878514718,1.7192922888907534
6320260319010003,防府競輪,3R,11:35,3-5,3,5,77.2,0.03511769785983172,1.7110862747790092
4220260317030001,名古屋競輪,1R,15:42,2-7,2,7,35.7,0.07579638645718355,1.7059309965214529
4220260317030006,名古屋競輪,6R,17:50,3-6,3,6,80.2,0.03373198627978007,1.7053052996383617
6320260319010001,防府競輪,1R,10:45,3-6,3,6,226.7,0.011918055479615452,1.7018231772288228
6320260319010004,防府競輪,4R,12:05,5-9,5,9,150.4,0.017945175931190507,1.6989544600510524
6320260319010009,防府競輪,9R,14:40,4-5,4,5,271.4,0.009943523484619028,1.6986722737256041
6320260319010010,防府競輪,10R,15:15,7-8,7,8,303.6,0.008879651647739902,1.6958622402538346
4220260317030011,名古屋競輪,11R,20:00,2-6,2,6,92.5,0.029045079642219883,1.6866698669053393
8120260319010007,小倉競輪,7R,18:26,5-7,5,7,102.7,0.026159866373359597,1.6866182765440305
2420260317030009,宇都宮競輪,9R,14:55,3-7,3,7,52.2,0.051215487536188584,1.6734484493890442
6320260319010004,防府競輪,4R,12:05,4-7,4,7,104.5,0.02554779291770659,1.6697443599003385
6320260319010005,防府競輪,5R,12:35,2-4,2,4,266.1,0.01001803746996094,1.6657997707566063
4220260317030002,名古屋競輪,2R,16:13,1-2,1,2,60.9,0.043701280808660446,1.661408001247421
4220260317030001,名古屋競輪,1R,15:42,5-6,5,6,201.3,0.01321919364752833,1.6610236812474528
6320260319010006,防府競輪,6R,13:05,1-3,1,3,86.0,0.030901765633917222,1.657551844516881
5520260317030007,和歌山競輪,7R,10:50,4-7,4,7,115.2,0.022993374332625355,1.6488367231184409
5520260317030004,和歌山競輪,4R,09:50,2-3,2,3,45.1,0.05870455994575841,1.6475756535537043
5520260317030004,和歌山競輪,4R,09:50,5-7,5,7,44.7,0.05917088922381761,1.6449387483046474
2320260319010002,取手競輪,2R,09:20,2-3,2,3,67.5,0.0391144283011126,1.6402239103251004
6320260319010011,防府競輪,11R,15:50,5-6,5,6,454.3,0.005804480648399618,1.6369755585679462
4220260317030004,名古屋競輪,4R,17:02,3-6,3,6,150.4,0.017499717659009102,1.6319575359149692
2420260317030009,宇都宮競輪,9R,14:55,6-7,6,7,168.8,0.015536888667971375,1.6226268071535683
6320260319010003,防府競輪,3R,11:35,4-5,4,5,153.5,0.017073233222727687,1.6207412996886998
5520260317030006,和歌山競輪,6R,10:30,3-6,3,6,170.0,0.015411052099487984,1.6198788569129574
8120260319010006,小倉競輪,6R,18:02,3-5,3,5,49.8,0.052599646340155425,1.6194623877397398
6320260319010008,防府競輪,8R,14:05,1-3,1,3,35.9,0.07289252205133105,1.6168415416427848
8420260319010008,武雄競輪,8R,23:10,5-6,5,6,61.5,0.04233088245871202,1.603349271210789
1320260319010008,いわき平競輪,8R,23:00,1-5,1,5,33.2,0.07836639413237625,1.601764285194892
6320260319010003,防府競輪,3R,11:35,6-7,6,7,155.3,0.016736095167036787,1.599115579440813
6320260319010008,防府競輪,8R,14:05,5-7,5,7,117.8,0.022053950682392017,1.5979553903857795
6320260319010005,防府競輪,5R,12:35,5-9,5,9,44.6,0.05821764677705718,1.5965070462567503
6320260319010006,防府競輪,6R,13:05,3-5,3,5,79.7,0.032559432466254236,1.5949867675604628
6320260319010004,防府競輪,4R,12:05,5-8,5,8,198.9,0.012993237628757585,1.5843549643598838
6320260319010001,防府競輪,1R,10:45,3-7,3,7,43.3,0.05958451100128706,1.5800093263557295
2420260317030007,宇都宮競輪,7R,13:50,3-4,3,4,43.6,0.059161716001800174,1.5794508176784876
6320260319010004,防府競輪,4R,12:05,3-4,3,4,119.7,0.021546329014097428,1.579095582987462
4220260317030008,名古屋競輪,8R,18:38,2-5,2,5,31.6,0.08158791848362941,1.5781782240826896
4220260317030005,名古屋競輪,5R,17:26,1-2,1,2,50.9,0.05064107958499572,1.5776309508762818
4220260317030003,名古屋競輪,3R,16:38,5-7,5,7,57.2,0.045032467354501754,1.5758571326775006
4220260317030002,名古屋競輪,2R,16:13,1-3,1,3,101.5,0.025350432786482947,1.573068927828019
8120260319010006,小倉競輪,6R,18:02,2-4,2,4,124.5,0.020614847938939883,1.5665485683980154
2420260317030011,宇都宮競輪,11R,16:05,3-4,3,4,74.9,0.03422488864396406,1.5634441594329083
2320260319010001,取手競輪,1R,09:00,5-7,5,7,224.3,0.011424428613647413,1.562499338041115
1320260319010009,いわき平競輪,9R,23:20,3-5,3,5,85.5,0.029879054028793657,1.5546591194618578
2420260317030006,宇都宮競輪,6R,13:20,2-4,2,4,59.5,0.04290172201670811,1.5526524599941327
2420260317030007,宇都宮競輪,7R,13:50,3-5,3,5,92.4,0.027613891748874516,1.5515235975960056
1320260319010006,いわき平競輪,6R,22:20,1-7,1,7,30.0,0.08489818883938939,1.5469456651816818
8120260319010010,小倉競輪,10R,19:45,5-6,5,6,153.0,0.016626316722834544,1.5438264585936854
6320260319010011,防府競輪,11R,15:50,4-7,4,7,131.3,0.019327767977996808,1.5377359355109812
2420260317030001,宇都宮競輪,1R,10:55,3-5,3,5,28.0,0.09053658673544004,1.5350244285923211
6320260319010007,防府競輪,7R,13:35,1-4,1,4,114.3,0.02216673298682639,1.533657580394256
6320260319010004,防府競輪,4R,12:05,1-6,1,6,90.7,0.02793226008859219,1.5334559900353115
8120260319010010,小倉競輪,10R,19:45,1-2,1,2,61.2,0.04133286636629223,1.5295714216170846
4220260317030003,名古屋競輪,3R,16:38,6-7,6,7,83.3,0.030352487451440514,1.5283622047049947
2420260317030005,宇都宮競輪,5R,12:50,2-4,2,4,50.2,0.05030743073513309,1.5254330229036812
8120260319010009,小倉競輪,9R,19:17,1-4,1,4,37.1,0.06806113499082765,1.5250681081597062
2320260319010004,取手競輪,4R,10:00,3-6,3,6,101.0,0.024977255747265555,1.522702830473821
6320260319010007,防府競輪,7R,13:35,2-4,2,4,276.5,0.009122025060707811,1.5222399292857096
4220260317030008,名古屋競輪,8R,18:38,1-6,1,6,95.0,0.026542807828582256,1.5215667437153142
2320260319010006,取手競輪,6R,10:40,2-4,2,4,23.1,0.10900940433225989,1.5181172400752034
6320260319010006,防府競輪,6R,13:05,3-6,3,6,132.9,0.01892102332054743,1.5146039993007538
8120260319010008,小倉競輪,8R,18:51,4-5,4,5,33.3,0.07530956712941395,1.5078085854094843
6320260319010003,防府競輪,3R,11:35,4-7,4,7,101.5,0.024667023742835973,1.5037029098978514
2420260317030011,宇都宮競輪,11R,16:05,1-3,1,3,79.2,0.03152250558576715,1.4965824423927585
4220260317030001,名古屋競輪,1R,15:42,5-7,5,7,103.9,0.023976088953586747,1.4911156422776632
6320260319010007,防府競輪,7R,13:35,5-6,5,6,85.4,0.029150763420513016,1.4894751961118118
6320260319010010,防府競輪,10R,15:15,4-7,4,7,183.1,0.013547740026198725,1.4805911987969864
2420260317030006,宇都宮競輪,6R,13:20,2-5,2,5,50.1,0.04945711254952487,1.477801338731196
2420260317030002,宇都宮競輪,2R,11:20,1-5,1,5,62.6,0.03943519846623723,1.4686434239864505
2420260317030005,宇都宮競輪,5R,12:50,6-7,6,7,89.0,0.02771629972788136,1.4667506757814408
6320260319010009,防府競輪,9R,14:40,7-9,7,9,53.6,0.045980221178595494,1.4645398551727187
1320260319010009,いわき平競輪,9R,23:20,2-6,2,6,42.7,0.05746068138150495,1.4535710949902616
4220260317030010,名古屋競輪,10R,19:31,4-6,4,6,36.6,0.06694860331367809,1.4503188812806185
6320260319010005,防府競輪,5R,12:35,4-7,4,7,57.2,0.04278812621106636,1.4474808192729962
6320260319010005,防府競輪,5R,12:35,3-5,3,5,70.9,0.03450720901234604,1.4465611189753345
8120260319010002,小倉競輪,2R,16:21,3-4,3,4,40.0,0.06113369775850899,1.4453479103403595
2420260317030002,宇都宮競輪,2R,11:20,3-7,3,7,88.7,0.027559139758174117,1.4444956965500442
4220260317030003,名古屋競輪,3R,16:38,1-6,1,6,101.8,0.023997000620053385,1.4428946631214346
8420260319010001,武雄競輪,1R,20:50,2-7,2,7,45.0,0.05427915838315716,1.4425621272420721
2320260319010003,取手競輪,3R,09:40,2-5,2,5,29.2,0.08362047954598695,1.4417180027428187
2420260317030011,宇都宮競輪,11R,16:05,2-3,2,3,49.5,0.04926634895784901,1.438684273413526
6320260319010012,防府競輪,12R,16:30,2-7,2,7,120.1,0.020291252988157846,1.4369794838777574
4220260317030012,名古屋競輪,12R,20:30,3-5,3,5,41.2,0.05907798112109484,1.4340128221891075
6320260319010009,防府競輪,9R,14:40,5-6,5,6,316.7,0.007683262761495616,1.4332893165656615
5520260317030006,和歌山競輪,6R,10:30,1-6,1,6,274.7,0.008841625710982523,1.428794582806899
6320260319010003,防府競輪,3R,11:35,1-6,1,6,94.3,0.025685954331237118,1.4221854934356601
5520260317030003,和歌山競輪,3R,09:30,2-5,2,5,59.8,0.04047979280946926,1.4206916100062617
6320260319010001,防府競輪,1R,10:45,2-6,2,6,118.4,0.020432795832409173,1.419243026557246
5520260317030003,和歌山競輪,3R,09:30,6-7,6,7,37.6,0.06431528759609674,1.4182548136132374
6320260319010001,防府競輪,1R,10:45,2-3,2,3,46.5,0.051764612119701625,1.4070544635661255
6320260319010012,防府競輪,12R,16:30,6-7,6,7,224.0,0.010730677363910979,1.4036717295160592
8120260319010004,小倉競輪,4R,17:14,4-7,4,7,182.4,0.01314166940116512,1.397040498772518
1320260319010009,いわき平競輪,9R,23:20,2-4,2,4,42.7,0.056121224079142516,1.3963762681793854
6320260319010006,防府競輪,6R,13:05,6-7,6,7,102.1,0.023465798644118248,1.3958580415644728
1320260319010002,いわき平競輪,2R,21:00,2-5,2,5,44.7,0.05349143402173692,1.3910671007716404
6320260319010010,防府競輪,10R,15:15,5-7,5,7,118.3,0.020128757142151496,1.3812319699165219
5520260317030005,和歌山競輪,5R,10:10,4-7,4,7,94.5,0.02518278955324712,1.3797736127818525
2420260317030004,宇都宮競輪,4R,12:20,4-6,4,6,43.1,0.0551822576663167,1.3783553054182498
6320260319010008,防府競輪,8R,14:05,5-8,5,8,193.3,0.012295050581744706,1.3766332774512517
8420260319010001,武雄競輪,1R,20:50,1-7,1,7,45.0,0.052773070569570396,1.374788175630668
6320260319010012,防府競輪,12R,16:30,4-6,4,6,292.5,0.008116403360400964,1.3740479829172818
6320260319010009,防府競輪,9R,14:40,2-5,2,5,73.7,0.03220153626715054,1.3732532228889949
6320260319010004,防府競輪,4R,12:05,1-3,1,3,36.7,0.06463293222044142,1.3720286124902001
2420260317030002,宇都宮競輪,2R,11:20,4-7,4,7,177.5,0.013335886064169206,1.3671197763900342
2420260317030005,宇都宮競輪,5R,12:50,3-6,3,6,41.5,0.05699426652349588,1.3652620607250792
2320260319010004,取手競輪,4R,10:00,6-7,6,7,438.0,0.005396390875813074,1.3636192036061265
8120260319010011,小倉競輪,11R,20:15,1-5,1,5,37.5,0.062483546510215676,1.343132994133088
5520260317030001,和歌山競輪,1R,08:50,4-6,4,6,46.9,0.04994363575912561,1.3423565171029912
8120260319010005,小倉競輪,5R,17:38,4-5,4,5,39.3,0.05937412868289795,1.3334032572378893
2320260319010001,取手競輪,1R,09:00,3-5,3,5,112.1,0.020663486199622435,1.316376802977675
8120260319010010,小倉競輪,10R,19:45,2-5,2,5,153.0,0.015109182752133295,1.3117049610763942
6320260319010011,防府競輪,11R,15:50,7-9,7,9,48.8,0.04735597893863644,1.3109717722054581
4220260317030004,名古屋競輪,4R,17:02,1-6,1,6,96.6,0.023867795067027194,1.3056290034748268
6320260319010004,防府競輪,4R,12:05,2-5,2,5,92.7,0.024824338748064348,1.3012162019455653
5520260317030006,和歌山競輪,6R,10:30,2-5,2,5,24.6,0.09349332517578778,1.2999357993243792
4220260317030009,名古屋競輪,9R,19:04,4-5,4,5,50.6,0.045424767012485066,1.2984932108317446
4220260317030011,名古屋競輪,11R,20:00,5-6,5,6,74.0,0.031034745789621978,1.2965711884320266
8420260319010009,武雄競輪,9R,23:30,1-5,1,5,30.0,0.07642908970203938,1.2928726910611812
2320260319010002,取手競輪,2R,09:20,2-4,2,4,52.6,0.043544995266529093,1.2904667510194305
6320260319010002,防府競輪,2R,11:10,3-6,3,6,85.2,0.026877675717306343,1.2899779711145003
6320260319010009,防府競輪,9R,14:40,4-8,4,8,132.5,0.017273057158174572,1.288680073458131
5520260317030002,和歌山競輪,2R,09:10,4-5,4,5,87.5,0.02615123896414759,1.2882334093629142
8120260319010004,小倉競輪,4R,17:14,1-5,1,5,31.8,0.07162982147674382,1.2778283229604535
4220260317030010,名古屋競輪,10R,19:31,3-5,3,5,73.3,0.03086849624851492,1.2626607750161436
1320260319010008,いわき平競輪,8R,23:00,2-3,2,3,33.2,0.0681283652321258,1.2618617257065767
4220260317030002,名古屋競輪,2R,16:13,1-4,1,4,121.8,0.018498216269870887,1.2530827416702741
6320260319010011,防府競輪,11R,15:50,1-4,1,4,51.6,0.0436021467805803,1.2498707738779435
1320260319010001,いわき平競輪,1R,20:40,1-5,1,5,38.5,0.058300020017938874,1.2445507706906467
6320260319010011,防府競輪,11R,15:50,4-9,4,9,63.9,0.03491840832886835,1.2312862922146874
6320260319010010,防府競輪,10R,15:15,1-8,1,8,166.0,0.013440592550835233,1.2311383634386486
6320260319010007,防府競輪,7R,13:35,2-8,2,8,143.4,0.015485280427750428,1.2205892133394114
4220260317030004,名古屋競輪,4R,17:02,2-5,2,5,59.5,0.037282127464372,1.218286584130134
2420260317030011,宇都宮競輪,11R,16:05,1-6,1,6,74.9,0.029549285789680992,1.2132415056471064
2320260319010002,取手競輪,2R,09:20,3-7,3,7,43.1,0.051241745784155336,1.2085192432970953
2420260317030008,宇都宮競輪,8R,14:20,2-7,2,7,33.3,0.06611009886371727,1.201466292161785
5520260317030002,和歌山競輪,2R,09:10,4-7,4,7,63.3,0.034736465450289036,1.1988182630032957
4220260317030012,名古屋競輪,12R,20:30,1-7,1,7,42.3,0.05187462243971687,1.1942965292000234
6320260319010003,防府競輪,3R,11:35,3-9,3,9,65.0,0.03354914553852701,1.1806944600042555
5520260317030001,和歌山競輪,1R,08:50,2-6,2,6,51.6,0.04218940132941632,1.176973108597882
6320260319010001,防府競輪,1R,10:45,4-6,4,6,247.8,0.008733203132142837,1.164087736144995
2320260319010003,取手競輪,3R,09:40,5-7,5,7,19.4,0.1113162380681729,1.1595350185225541
2320260319010002,取手競輪,2R,09:20,6-7,6,7,94.1,0.02282521733158501,1.1478529509021493
4220260317030010,名古屋競輪,10R,19:31,4-5,4,5,27.5,0.07809682749091651,1.1476627560002042
6320260319010012,防府競輪,12R,16:30,2-6,2,6,224.0,0.009576086801085284,1.1450434434431038
2420260317030006,宇都宮競輪,6R,13:20,3-7,3,7,115.7,0.018511951781917682,1.1418328211678759
2420260317030011,宇都宮競輪,11R,16:05,1-2,1,2,33.2,0.06436781186153753,1.1370113538030462
4220260317030009,名古屋競輪,9R,19:04,1-6,1,6,27.2,0.07841631946898356,1.132923889556353
8120260319010008,小倉競輪,8R,18:51,5-7,5,7,66.7,0.03189843404536089,1.1276255508255715
4220260317030002,名古屋競輪,2R,16:13,6-7,6,7,33.4,0.06355430097655972,1.1227136526170942
8120260319010003,小倉競輪,3R,16:50,3-6,3,6,53.8,0.03937027896829654,1.118121008494354
4220260317030012,名古屋競輪,12R,20:30,2-3,2,3,58.6,0.03606369206487386,1.1133323550016083
5520260317030005,和歌山競輪,5R,10:10,5-7,5,7,97.4,0.02164372499899862,1.1080988149024655
2420260317030002,宇都宮競輪,2R,11:20,1-3,1,3,103.1,0.020444466562262502,1.107824502569264
6320260319010012,防府競輪,12R,16:30,4-7,4,7,134.4,0.015614076987154146,1.0985319470735173
6320260319010011,防府競輪,11R,15:50,3-6,3,6,161.5,0.012956263388436765,1.0924365372325373
5520260317030005,和歌山競輪,5R,10:10,4-6,4,6,60.6,0.03449240465651524,1.090239722184824
6320260319010002,防府競輪,2R,11:10,3-7,3,7,47.7,0.04381133761666162,1.0898008043147596
6320260319010001,防府競輪,1R,10:45,1-4,1,4,99.6,0.02088078029991467,1.0797257178715012
1320260319010009,いわき平競輪,9R,23:20,3-6,3,6,85.5,0.02431936508405783,1.0793057146869445
2320260319010004,取手競輪,4R,10:00,2-3,2,3,18.4,0.11294359672674686,1.0781621797721423
2420260317030003,宇都宮競輪,3R,11:50,4-5,4,5,64.0,0.032440368086852134,1.0761835575585366
6320260319010009,防府競輪,9R,14:40,2-3,2,3,33.7,0.06153877675181994,1.0738567765363323
4220260317030008,名古屋競輪,8R,18:38,2-3,2,3,76.0,0.02728120179727779,1.073371336593112
2420260317030003,宇都宮競輪,3R,11:50,3-5,3,5,35.0,0.059182828981045425,1.0713990143365897
5520260317030007,和歌山競輪,7R,10:50,2-6,2,6,55.1,0.03759143285262752,1.0712879501797765
6320260319010006,防府競輪,6R,13:05,4-9,4,9,75.3,0.027472785985465775,1.0687007847055727
2420260317030007,宇都宮競輪,7R,13:50,1-6,1,6,70.8,0.028967995449375256,1.0509340778157679
2320260319010003,取手競輪,3R,09:40,1-6,1,6,195.9,0.01046350353377097,1.0498003422657334
6320260319010012,防府競輪,12R,16:30,7-9,7,9,87.2,0.023396654881122587,1.0401883056338899
2420260317030005,宇都宮競輪,5R,12:50,3-5,3,5,27.2,0.07496298435686835,1.0389931745068193
2320260319010002,取手競輪,2R,09:20,5-7,5,7,22.6,0.08984603692714768,1.0305204345535377
5520260317030007,和歌山競輪,7R,10:50,2-4,2,4,79.2,0.02556503604524003,1.0247508547830106
8120260319010002,小倉競輪,2R,16:21,4-5,4,5,124.4,0.016274675855146137,1.0245696763801795
6320260319010003,防府競輪,3R,11:35,4-6,4,6,293.4,0.006862030724107133,1.0133198144530327
2420260317030003,宇都宮競輪,3R,11:50,5-6,5,6,44.1,0.04560329563815015,1.0111053376424217
8120260319010006,小倉競輪,6R,18:02,4-5,4,5,41.5,0.04844601591978978,1.0105096606712758
2320260319010001,取手競輪,1R,09:00,4-7,4,7,33.6,0.05982066765346447,1.0099744331564064
5520260317030001,和歌山競輪,1R,08:50,1-3,1,3,51.9,0.0386448149993244,1.0056658984649363
4220260317030003,名古屋競輪,3R,16:38,5-6,5,6,72.3,0.02773996553639738,1.0055995082815303
4220260317030003,名古屋競輪,3R,16:38,2-6,2,6,59.7,0.03356769521428312,1.0039914042927025
8120260319010001,小倉競輪,1R,15:57,3-6,3,6,131.9,0.015189745639015902,1.0035274497861977
2420260317030001,宇都宮競輪,1R,10:55,1-3,1,3,21.7,0.09174092959009295,0.9907781721050168
6320260319010011,防府競輪,11R,15:50,3-5,3,5,78.7,0.025294898819627137,0.9907085371046558
6320260319010012,防府競輪,12R,16:30,8-9,8,9,191.2,0.010409338925588004,0.9902656025724264
8420260319010008,武雄競輪,8R,23:10,1-4,1,4,30.7,0.06475254486731903,0.9879031274266943
5520260317030006,和歌山競輪,6R,10:30,1-4,1,4,99.2,0.020034342581793825,0.9874067841139476
5520260317030001,和歌山競輪,1R,08:50,2-3,2,3,49.0,0.04046023462002048,0.9825514963810034
6320260319010006,防府競輪,6R,13:05,5-7,5,7,44.7,0.04426164868829137,0.9784956963666243
5520260317030005,和歌山競輪,5R,10:10,2-6,2,6,40.6,0.048729727580422835,0.9784269397651673
8120260319010010,小倉競輪,10R,19:45,1-7,1,7,51.0,0.03873492160745672,0.9754810019802929
5520260317030007,和歌山競輪,7R,10:50,1-4,1,4,36.5,0.05403737842643169,0.9723643125647567
2420260317030009,宇都宮競輪,9R,14:55,1-5,1,5,29.9,0.06586143657639841,0.9692569536343123
4220260317030007,名古屋競輪,7R,18:14,3-4,3,4,91.5,0.02149335151651361,0.9666416637609954
2420260317030011,宇都宮競輪,11R,16:05,2-4,2,4,29.0,0.06772735086074683,0.9640931749616579
6320260319010003,防府競輪,3R,11:35,2-5,2,5,92.3,0.021263876744489832,0.9626558235164113
2420260317030007,宇都宮競輪,7R,13:50,1-3,1,3,37.6,0.0521944753988251,0.9625122749958239
1320260319010009,いわき平競輪,9R,23:20,5-6,5,6,42.7,0.04593492758611937,0.9614214079272971
6320260319010002,防府競輪,2R,11:10,6-7,6,7,164.6,0.011879104988687404,0.9553006811379467
4220260317030012,名古屋競輪,12R,20:30,5-7,5,7,20.8,0.09388364960009271,0.9527799116819284
5520260317030006,和歌山競輪,6R,10:30,5-7,5,7,44.0,0.04435271286257399,0.9515193659532555
8120260319010003,小倉競輪,3R,16:50,1-6,1,6,20.0,0.09722795207374509,0.9445590414749017
6320260319010005,防府競輪,5R,12:35,4-8,4,8,280.1,0.006939334155735393,0.9437074970214836
5520260317030005,和歌山競輪,5R,10:10,1-7,1,7,31.8,0.061008955137025915,0.9400847733574242
6320260319010001,防府競輪,1R,10:45,6-7,6,7,82.6,0.023465389324865034,0.9382411582338517
2420260317030008,宇都宮競輪,8R,14:20,3-7,3,7,65.8,0.029446431440991475,0.937575188817239
2420260317030005,宇都宮競輪,5R,12:50,4-6,4,6,133.5,0.014506343052002432,0.9365967974423246
2420260317030008,宇都宮競輪,8R,14:20,5-7,5,7,97.3,0.019865479881313347,0.9329111924517886
1320260319010002,いわき平競輪,2R,21:00,1-6,1,6,33.5,0.057627728223165434,0.930528895476042
2420260317030009,宇都宮競輪,9R,14:55,2-7,2,7,168.8,0.011435425079296662,0.9302997533852766
5520260317030002,和歌山競輪,2R,09:10,5-6,5,6,59.0,0.03259691102870817,0.9232177506937818
8120260319010007,小倉競輪,7R,18:26,4-6,4,6,34.2,0.05621413333621153,0.9225233600984344
6320260319010002,防府競輪,2R,11:10,2-5,2,5,56.6,0.03390754478024585,0.9191670345619152
5520260317030007,和歌山競輪,7R,10:50,2-3,2,3,46.9,0.04090149437998801,0.9182800864214375
2420260317030005,宇都宮競輪,5R,12:50,5-7,5,7,48.7,0.039375317853769694,0.9175779794785841
4220260317030008,名古屋競輪,8R,18:38,1-2,1,2,54.3,0.03523795857485529,0.9134211506146421
4220260317030012,名古屋競輪,12R,20:30,3-4,3,4,84.7,0.022570716313819496,0.9117396717805113
4220260317030008,名古屋競輪,8R,18:38,2-6,2,6,76.0,0.02514408465388585,0.9109504336953245
6320260319010006,防府競輪,6R,13:05,4-5,4,5,179.6,0.010634591864534283,0.9099726988703571
8120260319010009,小倉競輪,9R,19:17,2-4,2,4,74.2,0.025731405837141307,0.909270313115885
6320260319010002,防府競輪,2R,11:10,5-6,5,6,107.8,0.01764128539336706,0.9017305654049692
4220260317030002,名古屋競輪,2R,16:13,4-7,4,7,38.0,0.05000377915520425,0.9001436078977616
4220260317030001,名古屋競輪,1R,15:42,2-4,2,4,25.5,0.07446189024545155,0.8987782012590146
1320260319010004,いわき平競輪,4R,21:40,1-7,1,7,22.5,0.08435696431978115,0.8980316971950759
1320260319010009,いわき平競輪,9R,23:20,3-4,3,4,85.5,0.02215179252547673,0.8939782609282605
8120260319010001,小倉競輪,1R,15:57,5-7,5,7,53.4,0.035314557041231605,0.8857973460017676
2320260319010003,取手競輪,3R,09:40,2-7,2,7,15.5,0.12159048991217913,0.8846525936387766
2420260317030011,宇都宮競輪,11R,16:05,2-7,2,7,46.6,0.040420377068845166,0.8835895714081847
4220260317030012,名古屋競輪,12R,20:30,1-3,1,3,58.6,0.03202766280659783,0.8768210404666328
6320260319010009,防府競輪,9R,14:40,6-7,6,7,75.3,0.02491584894589838,0.8761634256261481
8120260319010005,小倉競輪,5R,17:38,1-4,1,4,36.7,0.051083430343355635,0.8747618936011519
6320260319010011,防府競輪,11R,15:50,4-6,4,6,265.9,0.0070438251036475255,0.872953095059877
5520260317030005,和歌山競輪,5R,10:10,3-7,3,7,160.7,0.011620060903896716,0.8673437872562022
6320260319010010,防府競輪,10R,15:15,7-9,7,9,70.5,0.02647883959968632,0.8667581917778855
5520260317030001,和歌山競輪,1R,08:50,5-6,5,6,35.3,0.052664151275542914,0.8590445400266646
8120260319010006,小倉競輪,6R,18:02,1-4,1,4,62.2,0.029841497161555167,0.8561411234487315
2420260317030001,宇都宮競輪,1R,10:55,5-6,5,6,15.5,0.11939589226549391,0.8506363301151556
5520260317030007,和歌山競輪,7R,10:50,3-4,3,4,86.4,0.021405313860078337,0.8494191175107684
4220260317030003,名古屋競輪,3R,16:38,2-5,2,5,36.6,0.05029244378212884,0.8407034424259157
2420260317030008,宇都宮競輪,8R,14:20,4-7,4,7,51.9,0.0353433913401638,0.8343220105545013
4220260317030008,名古屋競輪,8R,18:38,1-5,1,5,22.3,0.08212743184700387,0.8314417301881865
8120260319010009,小倉競輪,9R,19:17,2-5,2,5,24.7,0.07408047164353701,0.829787649595364
8120260319010008,小倉競輪,8R,18:51,3-6,3,6,66.7,0.027426211601791678,0.8293283138395049
6320260319010001,防府競輪,1R,10:45,5-6,5,6,197.3,0.00924541781990143,0.8241209358665522
5520260317030006,和歌山競輪,6R,10:30,1-5,1,5,155.2,0.011747041605991083,0.823140857249816
6320260319010011,防府競輪,11R,15:50,2-9,2,9,36.9,0.049343772256507906,0.8207851962651416
4220260317030004,名古屋競輪,4R,17:02,2-3,2,3,56.4,0.03228264771610376,0.8207413311882519
6320260319010004,防府競輪,4R,12:05,4-5,4,5,195.8,0.009279338728557655,0.8168945230515889
6320260319010011,防府競輪,11R,15:50,1-7,1,7,32.0,0.0567545598749396,0.8161459159980673
6320260319010009,防府競輪,9R,14:40,6-9,6,9,234.2,0.0077385616938938275,0.8123711487099343
6320260319010006,防府競輪,6R,13:05,3-7,3,7,21.4,0.08463220759735751,0.8111292425834506
2320260319010004,取手競輪,4R,10:00,1-5,1,5,25.2,0.07186519644738353,0.8110029504740648
6320260319010001,防府競輪,1R,10:45,1-6,1,6,156.7,0.011544989688794933,0.8090998842341659
6320260319010009,防府競輪,9R,14:40,8-9,8,9,104.2,0.01736164188562067,0.8090830844816739
6320260319010012,防府競輪,12R,16:30,6-9,6,9,165.7,0.010912251996657012,0.8081601558460667
5520260317030002,和歌山競輪,2R,09:10,1-2,1,2,43.0,0.042050149998220404,0.8081564499234775
5520260317030007,和歌山競輪,7R,10:50,1-7,1,7,22.3,0.0810146849824446,0.8066274751085147
2320260319010003,取手競輪,3R,09:40,2-3,2,3,45.6,0.03958839134788147,0.8052306454633951
6320260319010009,防府競輪,9R,14:40,5-7,5,7,42.6,0.04212858594616273,0.7946777613065323
2420260317030008,宇都宮競輪,8R,14:20,3-4,3,4,53.0,0.03384241971063974,0.7936482446639062
2320260319010002,取手競輪,2R,09:20,1-5,1,5,23.6,0.07569673475078002,0.7864429401184088
2420260317030010,宇都宮競輪,10R,15:30,4-7,4,7,32.8,0.0542653296242062,0.7799028116739632
6320260319010003,防府競輪,3R,11:35,3-4,3,4,77.6,0.022894457638211095,0.7766099127251809
6320260319010012,防府競輪,12R,16:30,1-6,1,6,69.8,0.025421730109290473,0.7744367616284749
6320260319010007,防府競輪,7R,13:35,1-6,1,6,131.1,0.013529871809426927,0.77376619421587
6320260319010008,防府競輪,8R,14:05,2-4,2,4,137.9,0.012860183622086126,0.7734193214856768
2420260317030007,宇都宮競輪,7R,13:50,5-6,5,6,121.2,0.014605341086961678,0.7701673397397555
5520260317030005,和歌山競輪,5R,10:10,2-3,2,3,39.6,0.044677221636028434,0.769217976786726
8120260319010004,小倉競輪,4R,17:14,2-3,2,3,27.4,0.06452982189014775,0.7681171197900483
5520260317030006,和歌山競輪,6R,10:30,3-7,3,7,155.2,0.011379108284562015,0.7660376057640246
6320260319010012,防府競輪,12R,16:30,3-7,3,7,37.3,0.047258597166974635,0.7627456743281538
8420260319010008,武雄競輪,8R,23:10,2-4,2,4,61.5,0.028654784765567983,0.762269263082431
5520260317030006,和歌山競輪,6R,10:30,3-5,3,5,72.8,0.024180593892752608,0.7603472353923899
6320260319010004,防府競輪,4R,12:05,7-8,7,8,75.6,0.02327064513364507,0.7592607721035671
2420260317030008,宇都宮競輪,8R,14:20,1-3,1,3,28.4,0.06185865336341209,0.7567857555209032
5520260317030004,和歌山競輪,4R,09:50,4-5,4,5,27.5,0.06356396420153265,0.7480090155421479
6320260319010002,防府競輪,2R,11:10,4-5,4,5,59.1,0.029575487232894427,0.7479112954640608
5520260317030001,和歌山競輪,1R,08:50,1-7,1,7,43.2,0.04037073576595329,0.7440157850891824
6320260319010002,防府競輪,2R,11:10,3-4,3,4,36.5,0.0476916080367562,0.7407436933416012
5520260317030003,和歌山競輪,3R,09:30,2-3,2,3,128.1,0.013574672848525485,0.7389155918961146
1320260319010006,いわき平競輪,6R,22:20,1-6,1,6,30.0,0.05786327541953569,0.7358982625860706
6320260319010011,防府競輪,11R,15:50,3-8,3,8,143.4,0.012103093889423936,0.7355836637433926
2420260317030011,宇都宮競輪,11R,16:05,6-7,6,7,108.7,0.015919155986568158,0.7304122557399588
2320260319010006,取手競輪,6R,10:40,3-7,3,7,305.4,0.005665428456839319,0.7302218507187279
4220260317030005,名古屋競輪,5R,17:26,2-7,2,7,47.0,0.03675999567735338,0.7277197968356088
6320260319010009,防府競輪,9R,14:40,1-9,1,9,110.3,0.015581346085231576,0.7186224732010429
4220260317030012,名古屋競輪,12R,20:30,2-7,2,7,28.7,0.05945011578187351,0.7062183229397696
8120260319010008,小倉競輪,8R,18:51,4-6,4,6,33.3,0.05106580042379607,0.700491154112409
1320260319010002,いわき平競輪,2R,21:00,3-4,3,4,44.7,0.0379740370796686,0.6974394574611866
6320260319010005,防府競輪,5R,12:35,4-6,4,6,175.4,0.009644103873488673,0.6915758194099133
2320260319010003,取手競輪,3R,09:40,1-5,1,5,29.7,0.05694642470192622,0.6913088136472088
2420260317030005,宇都宮競輪,5R,12:50,5-6,5,6,81.8,0.02065629103639663,0.6896846067772442
1320260319010007,いわき平競輪,7R,22:40,1-4,1,4,15.7,0.10755210360585948,0.6885680266119938
6320260319010008,防府競輪,8R,14:05,1-2,1,2,40.4,0.04174729835878668,0.6865908536949819
4220260317030011,名古屋競輪,11R,20:00,2-5,2,5,24.6,0.06855075459170418,0.686348562955923
6320260319010005,防府競輪,5R,12:35,1-3,1,3,70.6,0.023868564464562654,0.6851206511981232
5520260317030006,和歌山競輪,6R,10:30,1-2,1,2,91.5,0.01840062787474468,0.6836574505391382
6320260319010012,防府競輪,12R,16:30,2-3,2,3,39.8,0.0422148847003426,0.6801524110736352
1320260319010005,いわき平競輪,5R,22:00,2-5,2,5,24.0,0.06981286282311705,0.6755087077548092
6320260319010004,防府競輪,4R,12:05,3-8,3,8,85.6,0.01957179056735493,0.6753452725655817
8120260319010008,小倉競輪,8R,18:51,2-5,2,5,66.7,0.025061584204757816,0.6716076664573465
2420260317030001,宇都宮競輪,1R,10:55,4-5,4,5,20.9,0.07963279175690259,0.6643253477192641
6320260319010006,防府競輪,6R,13:05,4-6,4,6,196.9,0.008442793307137299,0.6623860021753343
4220260317030004,名古屋競輪,4R,17:02,3-4,3,4,29.4,0.05625658943578284,0.6539437294120154
6320260319010006,防府競輪,6R,13:05,1-7,1,7,41.7,0.0395503695624897,0.6492504107558208
6320260319010006,防府競輪,6R,13:05,1-4,1,4,130.7,0.012558775981619941,0.6414320207977262
5520260317030002,和歌山競輪,2R,09:10,1-7,1,7,25.2,0.06500738294917177,0.6381860503191286
5520260317030007,和歌山競輪,7R,10:50,3-6,3,6,52.0,0.03148109793209313,0.6370170924688427
4220260317030007,名古屋競輪,7R,18:14,1-6,1,6,34.3,0.04771262836733823,0.6365431529997012
6320260319010002,防府競輪,2R,11:10,2-4,2,4,65.8,0.024838078997362848,0.6343455980264754
6320260319010002,防府競輪,2R,11:10,2-7,2,7,79.1,0.020649982146744544,0.6334135878074934
1320260319010008,いわき平競輪,8R,23:00,2-5,2,5,39.9,0.04087008483226289,0.6307163848072894
2420260317030003,宇都宮競輪,3R,11:50,1-3,1,3,42.1,0.0387331948648881,0.630667503811789
6320260319010005,防府競輪,5R,12:35,2-3,2,3,87.2,0.018667989800525177,0.6278487106057955
8120260319010009,小倉競輪,9R,19:17,5-7,5,7,24.7,0.06581542626244821,0.6256410286824707
6320260319010005,防府競輪,5R,12:35,1-9,1,9,39.9,0.04062382565192304,0.6208906435117292
6320260319010011,防府競輪,11R,15:50,2-4,2,4,86.8,0.01863959880496127,0.6179171762706384
4220260317030009,名古屋競輪,9R,19:04,5-7,5,7,29.5,0.05477908530533295,0.6159830165073221
2420260317030011,宇都宮競輪,11R,16:05,4-7,4,7,58.3,0.027717174299189774,0.6159112616427638
6320260319010011,防府競輪,11R,15:50,6-7,6,7,146.3,0.01103956276344527,0.6150880322920431
2420260317030010,宇都宮競輪,10R,15:30,5-7,5,7,39.0,0.041352292270215855,0.6127393985384184
4220260317030009,名古屋競輪,9R,19:04,2-4,2,4,59.1,0.02722533742051793,0.6090174415526095
2420260317030003,宇都宮競輪,3R,11:50,2-6,2,6,32.0,0.050276163788015915,0.6088372412165093
6320260319010007,防府競輪,7R,13:35,8-9,8,9,50.8,0.03157812925065214,0.6041689659331286
6320260319010007,防府競輪,7R,13:35,5-9,5,9,14.4,0.11042838845786612,0.5901687937932723
4220260317030005,名古屋競輪,5R,17:26,5-7,5,7,27.7,0.057344053339939416,0.5884302775163217
6320260319010009,防府競輪,9R,14:40,1-4,1,4,101.1,0.015698761513983236,0.5871447890637052
6320260319010007,防府競輪,7R,13:35,2-7,2,7,94.4,0.016800702343480182,0.5859863012245292
6320260319010002,防府競輪,2R,11:10,3-5,3,5,24.6,0.06434886721088277,0.5829821333877163
6320260319010012,防府競輪,12R,16:30,6-8,6,8,336.0,0.004708516308730941,0.5820614797335963
6320260319010002,防府競輪,2R,11:10,5-7,5,7,64.4,0.024522600658520747,0.5792554824087361
2420260317030002,宇都宮競輪,2R,11:20,1-2,1,2,15.9,0.09920920103746945,0.5774262964957644
2320260319010006,取手競輪,6R,10:40,2-3,2,3,80.6,0.019566117817416837,0.5770290960837969
8420260319010004,武雄競輪,4R,21:50,1-7,1,7,18.0,0.08715200430236622,0.568736077442592
4220260317030008,名古屋競輪,8R,18:38,1-3,1,3,54.3,0.028837919043053765,0.5658990040378193
8120260319010011,小倉競輪,11R,20:15,4-5,4,5,21.4,0.07309693947007306,0.5642745046595634
6320260319010002,防府競輪,2R,11:10,6-9,6,9,71.6,0.0218452653294412,0.5641209975879897
8120260319010003,小倉競輪,3R,16:50,2-4,2,4,33.7,0.04640415690837049,0.5638200878120858
5520260317030001,和歌山競輪,1R,08:50,1-2,1,2,31.3,0.049909196009785384,0.5621578351062826
8420260319010001,武雄競輪,1R,20:50,3-4,3,4,22.5,0.06936463569111136,0.5607043030500056
4220260317030011,名古屋競輪,11R,20:00,3-6,3,6,30.8,0.05066209110972706,0.5603924061795935
8120260319010003,小倉競輪,3R,16:50,1-3,1,3,18.7,0.08326632232506401,0.5570802274786968
6320260319010006,防府競輪,6R,13:05,3-8,3,8,43.8,0.03545138764114239,0.5527707786820366
2320260319010004,取手競輪,4R,10:00,3-7,3,7,22.0,0.07023842559408716,0.5452453630699177
8120260319010010,小倉競輪,10R,19:45,4-6,4,6,19.1,0.08077393259638059,0.5427821125908694
4220260317030004,名古屋競輪,4R,17:02,4-5,4,5,23.9,0.06422509896407297,0.5349798652413438
5520260317030004,和歌山競輪,4R,09:50,3-6,3,6,80.1,0.019159319597351877,0.5346614997478853
2420260317030003,宇都宮競輪,3R,11:50,3-4,3,4,45.0,0.034043769840188476,0.5319696428084815
4220260317030010,名古屋競輪,10R,19:31,4-7,4,7,24.4,0.06276000248728214,0.5313440606896842
6320260319010009,防府競輪,9R,14:40,1-5,1,5,99.4,0.015357560768637285,0.5265415404025462
2420260317030007,宇都宮競輪,7R,13:50,1-5,1,5,101.0,0.015097115310495006,0.5248086463599957
5520260317030003,和歌山競輪,3R,09:30,1-3,1,3,49.3,0.03088337056230965,0.5225501687218657
6320260319010006,防府競輪,6R,13:05,5-8,5,8,88.3,0.01722768219218215,0.5212043375696838
1320260319010005,いわき平競輪,5R,22:00,3-5,3,5,24.0,0.06322314872849147,0.5173555694837952
1320260319010003,いわき平競輪,3R,21:20,2-4,2,4,25.5,0.05948621223755105,0.5168984120575517
8120260319010004,小倉競輪,4R,17:14,1-7,1,7,39.3,0.03852618334938479,0.5140790056308222
5520260317030007,和歌山競輪,7R,10:50,5-6,5,6,36.2,0.041646140811240955,0.5075902973669226
8120260319010004,小倉競輪,4R,17:14,2-6,2,6,19.1,0.07889338803481664,0.5068637114649981
4220260317030005,名古屋競輪,5R,17:26,6-7,6,7,122.2,0.012329924835300645,0.5067168148737389
2420260317030006,宇都宮競輪,6R,13:20,1-7,1,7,27.1,0.05558080346067206,0.506239773784213
6320260319010005,防府競輪,5R,12:35,5-8,5,8,109.3,0.013757667673602994,0.5037130767248073
6320260319010008,防府競輪,8R,14:05,3-9,3,9,25.0,0.06011499162133867,0.5028747905334667
6320260319010004,防府競輪,4R,12:05,4-6,4,6,152.3,0.009827886667836712,0.4967871395115313
2420260317030010,宇都宮競輪,10R,15:30,2-7,2,7,26.4,0.05649538515272425,0.49147816803192024
2320260319010006,取手競輪,6R,10:40,3-5,3,5,122.1,0.01220261723771926,0.4899395647255216
8120260319010003,小倉競輪,3R,16:50,2-7,2,7,71.4,0.020853304331614007,0.4889259292772401
2420260317030007,宇都宮競輪,7R,13:50,2-3,2,3,24.8,0.05994001931982697,0.4865124791317088
4220260317030006,名古屋競輪,6R,17:50,1-5,1,5,40.1,0.037022336315383514,0.484595686246879
6320260319010002,防府競輪,2R,11:10,5-8,5,8,107.8,0.013763934597807056,0.4837521496436006
6320260319010006,防府競輪,6R,13:05,5-6,5,6,170.2,0.00871124518485939,0.4826539304630679
2320260319010003,取手競輪,3R,09:40,3-6,3,6,302.7,0.0048956162091852475,0.4819030265203743
8420260319010009,武雄競輪,9R,23:30,3-5,3,5,60.0,0.024686926091258235,0.48121556547549416
4220260317030009,名古屋競輪,9R,19:04,2-7,2,7,39.4,0.037576052049937594,0.4804964507675411
4220260317030005,名古屋競輪,5R,17:26,2-6,2,6,40.7,0.03636806025579392,0.48018005241081263
5520260317030001,和歌山競輪,1R,08:50,3-4,3,4,31.7,0.04667608857428303,0.479632007804772
6320260319010005,防府競輪,5R,12:35,3-9,3,9,29.7,0.049818150853868766,0.4795990803599024
5520260317030007,和歌山競輪,7R,10:50,4-6,4,6,77.6,0.019042257316341876,0.4776791677481296
8120260319010001,小倉競輪,1R,15:57,2-5,2,5,23.5,0.06281518075269041,0.4761567476882247
8120260319010003,小倉競輪,3R,16:50,1-5,1,5,17.8,0.0826222470469846,0.47067599743632615
4220260317030002,名古屋競輪,2R,16:13,2-7,2,7,16.5,0.08909907519769053,0.47013474076189365
6320260319010007,防府競輪,7R,13:35,6-7,6,7,139.5,0.01052507823417773,0.46824841366779335
1320260319010006,いわき平競輪,6R,22:20,4-7,4,7,30.0,0.04891901992789831,0.4675705978369493
8420260319010009,武雄競輪,9R,23:30,3-7,3,7,60.0,0.024452778843337426,0.4671667306002456
6320260319010005,防府競輪,5R,12:35,1-6,1,6,122.8,0.011936472711695357,0.46579884899618973
8420260319010005,武雄競輪,5R,22:10,1-5,1,5,15.0,0.09767145268911684,0.4650717903367525
1320260319010002,いわき平競輪,2R,21:00,1-5,1,5,22.3,0.06562728074843023,0.4634883606899942
2320260319010001,取手競輪,1R,09:00,3-4,3,4,14.1,0.10351866305849755,0.45961314912481543
4220260317030003,名古屋競輪,3R,16:38,4-5,4,5,34.3,0.04248412612303689,0.4572055260201653
6320260319010012,防府競輪,12R,16:30,3-6,3,6,68.8,0.021150957162542776,0.4551858527829429
6320260319010008,防府競輪,8R,14:05,2-8,2,8,152.0,0.009507537611012138,0.4451457168738451
6320260319010004,防府競輪,4R,12:05,1-4,1,4,32.9,0.043917307533432606,0.4448794178499327
6320260319010006,防府競輪,6R,13:05,6-9,6,9,88.8,0.016227204550623337,0.4409757640953522
6320260319010004,防府競輪,4R,12:05,6-9,6,9,120.9,0.011918375962688913,0.4409316538890897
4220260317030012,名古屋競輪,12R,20:30,4-7,4,7,38.1,0.03780588562745949,0.4404042424062067
8120260319010004,小倉競輪,4R,17:14,2-4,2,4,22.3,0.06455098221390197,0.43948690337001395
2420260317030007,宇都宮競輪,7R,13:50,3-7,3,7,19.7,0.07299773819903703,0.43805544252102946
8120260319010007,小倉競輪,7R,18:26,1-6,1,6,25.6,0.056074362385040974,0.43550367705704907
6320260319010003,防府競輪,3R,11:35,1-9,1,9,24.7,0.0578861101992445,0.42978692192133905
5520260317030002,和歌山競輪,2R,09:10,1-3,1,3,16.2,0.08802356518424945,0.4259817559848409
6320260319010001,防府競輪,1R,10:45,4-8,4,8,174.7,0.008146866181832387,0.4232575219661179
6320260319010010,防府競輪,10R,15:15,3-7,3,7,42.9,0.03316684311477752,0.4228575696239556
6320260319010008,防府競輪,8R,14:05,4-7,4,7,73.5,0.019356935810625014,0.4227347820809386
8420260319010008,武雄競輪,8R,23:10,2-5,2,5,30.7,0.04631896242368952,0.42199214640726823
4220260317030008,名古屋競輪,8R,18:38,2-4,2,4,38.0,0.03741635263729079,0.42182140021704995
2420260317030008,宇都宮競輪,8R,14:20,2-3,2,3,23.1,0.061410434509879236,0.4185810371782104
2420260317030007,宇都宮競輪,7R,13:50,2-5,2,5,54.0,0.026259113965171256,0.4179921541192477
6320260319010011,防府競輪,11R,15:50,1-2,1,2,23.0,0.06150384610841147,0.41458846049346376
6320260319010006,防府競輪,6R,13:05,1-6,1,6,166.8,0.008416382286851045,0.4038525654467544
8120260319010006,小倉競輪,6R,18:02,1-3,1,3,41.5,0.033801203457697965,0.40274994349446547
4220260317030003,名古屋競輪,3R,16:38,1-2,1,2,31.6,0.044361224929454296,0.4018147077707559
2320260319010001,取手競輪,1R,09:00,1-7,1,7,20.6,0.06795650269497937,0.3999039555165751
4220260317030010,名古屋競輪,10R,19:31,3-6,3,6,62.8,0.02227105525813951,0.39862227021116126
2320260319010006,取手競輪,6R,10:40,5-7,5,7,30.3,0.04610082084584653,0.39685487162915
6320260319010009,防府競輪,9R,14:40,1-6,1,6,141.3,0.009883268369618236,0.39650582062705686
8420260319010001,武雄競輪,1R,20:50,1-2,1,2,15.0,0.09308276568693441,0.39624148530401615
6320260319010003,防府競輪,3R,11:35,2-4,2,4,107.3,0.013011677969839626,0.3961530461637919
4220260317030002,名古屋競輪,2R,16:13,1-6,1,6,58.5,0.02385383446411321,0.39544931615062273
5520260317030005,和歌山競輪,5R,10:10,2-5,2,5,25.3,0.05503578999808363,0.3924054869515159
6320260319010012,防府競輪,12R,16:30,3-8,3,8,67.5,0.020622706363471348,0.3920326795343161
2420260317030008,宇都宮競輪,8R,14:20,3-6,3,6,54.3,0.025608550942851895,0.3905443161968578
2420260317030006,宇都宮競輪,6R,13:20,3-5,3,5,27.1,0.05127625734849073,0.3895865741440987
6320260319010003,防府競輪,3R,11:35,3-7,3,7,27.1,0.05127549674045366,0.3895659616662943
5520260317030005,和歌山競輪,5R,10:10,3-6,3,6,66.9,0.020717171600536037,0.38597878007586095
4220260317030005,名古屋競輪,5R,17:26,5-6,5,6,24.4,0.05659337550929995,0.38087836242691875
2320260319010004,取手競輪,4R,10:00,1-7,1,7,44.3,0.031147304932460162,0.3798256085079852
2420260317030003,宇都宮競輪,3R,11:50,2-4,2,4,38.5,0.03583939142753272,0.3798165699600098
2420260317030001,宇都宮競輪,1R,10:55,1-5,1,5,8.2,0.16822010785901087,0.3794048844438891
4220260317030001,名古屋競輪,1R,15:42,2-3,2,3,41.2,0.03346796308171461,0.378880078966642
6320260319010005,防府競輪,5R,12:35,1-2,1,2,95.6,0.014420742818478629,0.3786230134465569
4220260317030010,名古屋競輪,10R,19:31,1-6,1,6,22.0,0.06260954117584519,0.37740990586859424
8420260319010002,武雄競輪,2R,21:10,2-4,2,4,12.7,0.10829116885407737,0.3752978444467825
6320260319010006,防府競輪,6R,13:05,2-4,2,4,82.5,0.016633280615081132,0.37224565074419336
8120260319010004,小倉競輪,4R,17:14,5-7,5,7,43.6,0.03134596058043225,0.36668388130684604
6320260319010005,防府競輪,5R,12:35,2-6,2,6,146.4,0.009324318918864195,0.36508028972171824
5520260317030002,和歌山競輪,2R,09:10,5-7,5,7,22.9,0.05929205830351099,0.35778813515040153
4220260317030003,名古屋競輪,3R,16:38,3-6,3,6,24.9,0.054493477611767066,0.35688759253299995
5520260317030003,和歌山競輪,3R,09:30,4-6,4,6,40.4,0.03355462393043889,0.3556068067897311
6320260319010012,防府競輪,12R,16:30,1-2,1,2,26.0,0.0520966240725608,0.3545122258865807
2420260317030011,宇都宮競輪,11R,16:05,2-6,2,6,28.8,0.046974424489786185,0.35286342530584225
6320260319010007,防府競輪,7R,13:35,1-2,1,2,53.7,0.025177733155081254,0.35204427042786346
8420260319010008,武雄競輪,8R,23:10,2-3,2,3,30.7,0.04403789860758544,0.35196348725287296
4220260317030009,名古屋競輪,9R,19:04,3-5,3,5,35.4,0.03805653408941131,0.34720130676516026
5520260317030001,和歌山競輪,1R,08:50,2-7,2,7,32.1,0.04191500060924814,0.3454715195568654
8120260319010003,小倉競輪,3R,16:50,2-5,2,5,34.9,0.03851033140537587,0.3440105660476176
6320260319010009,防府競輪,9R,14:40,5-8,5,8,88.1,0.01523268475980664,0.3419995273389649
8120260319010009,小倉競輪,9R,19:17,4-7,4,7,74.2,0.01803870123214156,0.3384716314249039
6320260319010012,防府競輪,12R,16:30,3-9,3,9,27.9,0.047932632040640535,0.3373204339338709
8420260319010007,武雄競輪,7R,22:50,1-4,1,4,18.0,0.07422405900829893,0.3360330621493808
6320260319010007,防府競輪,7R,13:35,1-7,1,7,50.5,0.02636849958590953,0.33160922908843116
4220260317030007,名古屋競輪,7R,18:14,2-4,2,4,54.9,0.024229446874590325,0.3301966334150088
4220260317030009,名古屋競輪,9R,19:04,4-6,4,6,59.1,0.022396364853405834,0.32362516283628473
4220260317030012,名古屋競輪,12R,20:30,3-7,3,7,41.2,0.03197492354683781,0.317366850129718
6320260319010006,防府競輪,6R,13:05,7-8,7,8,30.3,0.0433662431228431,0.31399716662214594
6320260319010011,防府競輪,11R,15:50,6-8,6,8,403.8,0.0032365253447375567,0.3069089342050255
8120260319010009,小倉競輪,9R,19:17,1-2,1,2,18.5,0.0704237961130035,0.3028402280905649
6320260319010009,防府競輪,9R,14:40,1-3,1,3,41.1,0.03168093297844737,0.3020863454141869
6320260319010011,防府競輪,11R,15:50,5-9,5,9,33.8,0.03849951294447705,0.30128353752332426
5520260317030004,和歌山競輪,4R,09:50,1-7,1,7,30.3,0.04292645175271196,0.30067148810717237
8120260319010011,小倉競輪,11R,20:15,5-7,5,7,21.4,0.06077549057012255,0.3005954982006225
4220260317030003,名古屋競輪,3R,16:38,4-7,4,7,29.2,0.04450859902444907,0.2996510915139128
2420260317030006,宇都宮競輪,6R,13:20,4-7,4,7,44.2,0.029291674687807516,0.2946920212010924
6320260319010001,防府競輪,1R,10:45,4-5,4,5,154.4,0.008383534270503437,0.2944176913657308
2420260317030009,宇都宮競輪,9R,14:55,4-5,4,5,50.5,0.025600934297230708,0.2928471820101508
1320260319010009,いわき平競輪,9R,23:20,6-7,6,7,42.7,0.030267198576874217,0.2924093792325291
8120260319010010,小倉競輪,10R,19:45,5-7,5,7,102.0,0.012666100965042695,0.29194229843435493
4220260317030011,名古屋競輪,11R,20:00,1-7,1,7,46.2,0.027930758028146898,0.29040102090038666
2320260319010003,取手競輪,3R,09:40,1-2,1,2,20.4,0.06324437360783777,0.2901852215998906
8120260319010007,小倉競輪,7R,18:26,1-2,1,2,25.6,0.05028030567487102,0.28717582527669805
6320260319010012,防府競輪,12R,16:30,5-8,5,8,120.1,0.010686301398581465,0.2834247979696338
6320260319010002,防府競輪,2R,11:10,2-3,2,3,23.7,0.05396052776342575,0.2788645079931902
6320260319010005,防府競輪,5R,12:35,6-7,6,7,43.5,0.029382571788251016,0.2781418727889191
2420260317030008,宇都宮競輪,8R,14:20,3-5,3,5,64.8,0.019697232855944616,0.27638068906521096
8420260319010008,武雄競輪,8R,23:10,1-3,1,3,15.3,0.08323568043503975,0.2735059106561082
4220260317030001,名古屋競輪,1R,15:42,1-2,1,2,32.2,0.039437935992876115,0.269901538970611
8120260319010007,小倉競輪,7R,18:26,3-6,3,6,25.6,0.04959332233508408,0.2695890517781525
4220260317030005,名古屋競輪,5R,17:26,1-5,1,5,16.9,0.07507636422004417,0.2687905553187464
6320260319010003,防府競輪,3R,11:35,8-9,8,9,96.3,0.01317463542390954,0.26871739132248873
6320260319010010,防府競輪,10R,15:15,1-5,1,5,41.4,0.03062422631524487,0.2678429694511375
4220260317030008,名古屋競輪,8R,18:38,5-6,5,6,18.1,0.06995359616758683,0.2661600906333217
6320260319010002,防府競輪,2R,11:10,2-9,2,9,30.1,0.04202051147995535,0.2648173955466562
2420260317030005,宇都宮競輪,5R,12:50,2-6,2,6,30.0,0.04209481260880298,0.26284437826408946
2420260317030009,宇都宮競輪,9R,14:55,2-4,2,4,56.2,0.022458960189477933,0.26219356264866
8120260319010007,小倉競輪,7R,18:26,4-7,4,7,34.2,0.036791187154709144,0.2582586006910528
4220260317030012,名古屋競輪,12R,20:30,6-7,6,7,46.2,0.027195740696742684,0.25644322018951216
4220260317030002,名古屋競輪,2R,16:13,3-5,3,5,30.1,0.04166965459370395,0.25425660327048893
1320260319010003,いわき平競輪,3R,21:20,1-7,1,7,25.5,0.04913257410710839,0.25288063973126396
8120260319010008,小倉競輪,8R,18:51,2-4,2,4,33.3,0.03751237911882466,0.249162224656861
2320260319010002,取手競輪,2R,09:20,1-3,1,3,31.3,0.03988787508507581,0.24849049016287283
4220260317030006,名古屋競輪,6R,17:50,1-3,1,3,32.1,0.038882729827040996,0.24813562744801598
8120260319010006,小倉競輪,6R,18:02,3-4,3,4,62.2,0.020056733129825255,0.24752880067513083
4220260317030001,名古屋競輪,1R,15:42,2-5,2,5,92.0,0.013512223300835336,0.243124543676851
6320260319010001,防府競輪,1R,10:45,5-7,5,7,24.9,0.049924192111504784,0.24311238357646903
2320260319010007,取手競輪,7R,11:00,1-5,1,5,13.8,0.08990190000043524,0.24064622000600644
6320260319010007,防府競輪,7R,13:35,4-6,4,6,147.6,0.008401600830521659,0.2400762825849967
4220260317030008,名古屋競輪,8R,18:38,4-6,4,6,42.2,0.029373483947663405,0.23956102259139578
2420260317030006,宇都宮競輪,6R,13:20,2-6,2,6,58.4,0.02119162006063746,0.23759061154122763
1320260319010005,いわき平競輪,5R,22:00,2-6,2,6,24.0,0.051511507731113806,0.23627618554673147
1320260319010002,いわき平競輪,2R,21:00,2-4,2,4,22.3,0.05542660830267636,0.23601336514968274
8420260319010008,武雄競輪,8R,23:10,3-4,3,4,61.5,0.020065987212845145,0.23405821358997647
2420260317030005,宇都宮競輪,5R,12:50,1-6,1,6,55.7,0.022146893002842307,0.23358194025831658
8120260319010011,小倉競輪,11R,20:15,3-7,3,7,18.7,0.06594027117860143,0.23308307103984682
5520260317030004,和歌山競輪,4R,09:50,2-5,2,5,14.0,0.08805082242424497,0.23271151393942957
6320260319010001,防府競輪,1R,10:45,5-9,5,9,64.2,0.019116048461210306,0.22725031120970174
4220260317030010,名古屋競輪,10R,19:31,1-3,1,3,23.1,0.05311455427447655,0.22694620374040841
8120260319010011,小倉競輪,11R,20:15,3-5,3,5,11.5,0.10668758964281358,0.22690728089235623
6320260319010004,防府競輪,4R,12:05,3-9,3,9,45.1,0.027182939718523626,0.22595058130541545
2420260317030009,宇都宮競輪,9R,14:55,1-6,1,6,17.7,0.06924503405144958,0.2256371027106574
5520260317030005,和歌山競輪,5R,10:10,2-7,2,7,32.8,0.037294049832474134,0.22324483450515142
6320260319010003,防府競輪,3R,11:35,2-6,2,6,137.5,0.008893195616882489,0.22281439732134234
6320260319010001,防府競輪,1R,10:45,1-5,1,5,55.2,0.0220958498048266,0.2196909092264283
4220260317030004,名古屋競輪,4R,17:02,3-5,3,5,34.4,0.03538975586088697,0.21740760161451167
5520260317030005,和歌山競輪,5R,10:10,4-5,4,5,30.6,0.03967366271166537,0.21401407897696045
4220260317030007,名古屋競輪,7R,18:14,2-3,2,3,27.4,0.044287157103722684,0.2134681046420015
8420260319010009,武雄競輪,9R,23:30,1-3,1,3,20.0,0.06056052662258822,0.21121053245176435
6320260319010008,防府競輪,8R,14:05,8-9,8,9,52.3,0.023131747533065065,0.20979039597930282
8420260319010001,武雄競輪,1R,20:50,4-5,4,5,45.0,0.026712256833187946,0.2020515574934576
6320260319010004,防府競輪,4R,12:05,6-8,6,8,140.1,0.008575666085684445,0.20145081860439062
4220260317030005,名古屋競輪,5R,17:26,1-7,1,7,61.1,0.019657668878607853,0.20108356848293973
4220260317030010,名古屋競輪,10R,19:31,2-4,2,4,20.0,0.059992690489007745,0.199853809780155
6320260319010006,防府競輪,6R,13:05,3-9,3,9,20.4,0.058787491017252044,0.19926481675194152
5520260317030002,和歌山競輪,2R,09:10,2-3,2,3,17.5,0.06837067941029167,0.1964868896801042
6320260319010006,防府競輪,6R,13:05,4-8,4,8,72.6,0.016421212633960038,0.1921800372254987
6320260319010010,防府競輪,10R,15:15,2-9,2,9,20.1,0.059240676525572016,0.1907375981639976
6320260319010004,防府競輪,4R,12:05,2-3,2,3,32.8,0.03626672908648097,0.1895487140365757
4220260317030005,名古屋競輪,5R,17:26,3-6,3,6,76.4,0.015556984873236906,0.18855364431529975
4220260317030010,名古屋競輪,10R,19:31,2-7,2,7,62.8,0.018902083965397817,0.18705087302698287
5520260317030004,和歌山競輪,4R,09:50,1-5,1,5,17.9,0.06629020757676163,0.18659471562403307
2420260317030001,宇都宮競輪,1R,10:55,2-5,2,5,33.9,0.03498292621648144,0.18592119873872082
6320260319010012,防府競輪,12R,16:30,4-5,4,5,61.7,0.0192144929855105,0.18553421720599794
6320260319010002,防府競輪,2R,11:10,1-6,1,6,90.2,0.013141233356307968,0.18533924873897867
2420260317030002,宇都宮競輪,2R,11:20,1-4,1,4,114.1,0.010361452230998203,0.18224169955689495
1320260319010001,いわき平競輪,1R,20:40,2-4,2,4,15.7,0.07522990559893791,0.18110951790332508
2420260317030005,宇都宮競輪,5R,12:50,1-7,1,7,30.1,0.039134544809171126,0.177949798756051
6320260319010002,防府競輪,2R,11:10,4-6,4,6,90.2,0.013058874197481411,0.17791045261282323
8120260319010011,小倉競輪,11R,20:15,6-7,6,7,75.0,0.015689859386532168,0.17673945398991253
4220260317030005,名古屋競輪,5R,17:26,1-3,1,3,50.9,0.023070791933447986,0.17430330941250238
2420260317030011,宇都宮競輪,11R,16:05,3-7,3,7,67.6,0.017355001310866806,0.17319808861459607
5520260317030007,和歌山競輪,7R,10:50,3-5,3,5,26.5,0.044200011592670535,0.17130030720576928
2320260319010005,取手競輪,5R,10:20,3-6,3,6,426.8,0.002732943913998834,0.16642046249470233
2420260317030011,宇都宮競輪,11R,16:05,1-7,1,7,45.8,0.025401865679396063,0.1634054481163396
5520260317030006,和歌山競輪,6R,10:30,1-3,1,3,297.6,0.003893201849897679,0.15861687052954943
8120260319010011,小倉競輪,11R,20:15,1-6,1,6,75.0,0.015441187620207495,0.15808907151556206
6320260319010004,防府競輪,4R,12:05,2-6,2,6,72.5,0.01583320058109861,0.1479070421296491
4220260317030008,名古屋競輪,8R,18:38,4-5,4,5,14.0,0.08174649854321477,0.14445097960500664
1320260319010003,いわき平競輪,3R,21:20,2-5,2,5,25.5,0.04486122509182294,0.14396123984148512
4220260317030005,名古屋競輪,5R,17:26,2-3,2,3,29.1,0.03923096157644555,0.14162098187456573
4220260317030001,名古屋競輪,1R,15:42,3-5,3,5,115.0,0.009905245394799114,0.13910322040189804
8120260319010006,小倉競輪,6R,18:02,4-6,4,6,19.1,0.05946085578262177,0.1357023454480759
8120260319010008,小倉競輪,8R,18:51,5-6,5,6,33.3,0.03408550495060371,0.13504731485510346
8420260319010005,武雄競輪,5R,22:10,1-6,1,6,15.0,0.07566683554099943,0.13500253311499133
4220260317030004,名古屋競輪,4R,17:02,1-2,1,2,28.9,0.039228283887057624,0.13369740433596533
4220260317030011,名古屋競輪,11R,20:00,3-7,3,7,22.4,0.05058841700764176,0.13318054097117527
6320260319010005,防府競輪,5R,12:35,1-8,1,8,120.9,0.009364611715571843,0.13218155641263585
4220260317030001,名古屋競輪,1R,15:42,4-5,4,5,48.8,0.02319818824399352,0.13207158630688376
8420260319010001,武雄競輪,1R,20:50,3-6,3,6,30.0,0.03763978618654594,0.12919358559637817
4220260317030007,名古屋競輪,7R,18:14,4-6,4,6,91.5,0.012330512974519123,0.12824193716849974
2420260317030004,宇都宮競輪,4R,12:20,5-7,5,7,17.0,0.06630999552201564,0.12726992387426583
1320260319010003,いわき平競輪,3R,21:20,4-5,4,5,25.5,0.04414974984739379,0.1258186211085417
8120260319010005,小倉競輪,5R,17:38,1-5,1,5,17.2,0.0654327420981348,0.12544316408791834
4220260317030006,名古屋競輪,6R,17:50,4-6,4,6,32.1,0.03500397155075344,0.12362748677918534
8420260319010007,武雄競輪,7R,22:50,2-5,2,5,18.0,0.06236613604301458,0.1225904487742624
4220260317030008,名古屋競輪,8R,18:38,3-6,3,6,63.3,0.017702915943210492,0.1205945792052241
4220260317030007,名古屋競輪,7R,18:14,4-5,4,5,54.9,0.02036030555015309,0.11778077470340453
4220260317030002,名古屋競輪,2R,16:13,1-5,1,5,52.5,0.021284769236602857,0.11745038492164994
6320260319010004,防府競輪,4R,12:05,1-8,1,8,31.7,0.035140348534794134,0.11394904855297394
6320260319010002,防府競輪,2R,11:10,6-8,6,8,187.4,0.005943267856921177,0.11376839638702863
6320260319010006,防府競輪,6R,13:05,2-3,2,3,30.2,0.036861550351039774,0.1132188206014011
2420260317030001,宇都宮競輪,1R,10:55,3-4,3,4,37.9,0.02921089568089749,0.10709294630601485
2420260317030004,宇都宮競輪,4R,12:20,3-4,3,4,35.5,0.031171500112340805,0.10658825398809846
6320260319010003,防府競輪,3R,11:35,1-4,1,4,26.6,0.041586536041825224,0.10620185871255106
6320260319010007,防府競輪,7R,13:35,2-3,2,3,93.8,0.01178367458217174,0.1053086758077093
4220260317030010,名古屋競輪,10R,19:31,1-7,1,7,19.1,0.05785763278821145,0.10508078625483863
2420260317030008,宇都宮競輪,8R,14:20,1-4,1,4,14.9,0.07414423194091957,0.10474905591970152
8120260319010011,小倉競輪,11R,20:15,2-6,2,6,75.0,0.01472743494876222,0.10455762115716638
5520260317030004,和歌山競輪,4R,09:50,6-7,6,7,55.8,0.019773960876680197,0.10338701691875496
8420260319010009,武雄競輪,9R,23:30,4-5,4,5,30.0,0.036777794245142395,0.10333382735427188
5520260317030003,和歌山競輪,3R,09:30,2-6,2,6,73.7,0.01494837414706702,0.10169517463883948
1320260319010004,いわき平競輪,4R,21:40,1-4,1,4,11.2,0.0982128975474264,0.09998445253117572
2320260319010006,取手競輪,6R,10:40,3-6,3,6,285.0,0.0038537879382808896,0.09832956241005353
1320260319010003,いわき平競輪,3R,21:20,5-6,5,6,25.5,0.043023223071649214,0.09709218832705502
6320260319010006,防府競輪,6R,13:05,2-6,2,6,108.2,0.010139202488709788,0.09706170927839897
5520260317030003,和歌山競輪,3R,09:30,1-4,1,4,19.5,0.05618125954631209,0.09553456115308578
6320260319010002,防府競輪,2R,11:10,7-8,7,8,126.9,0.008622871431273885,0.0942423846286562
6320260319010009,防府競輪,9R,14:40,1-2,1,2,28.0,0.03901504422028536,0.09242123816799008
5520260317030005,和歌山競輪,5R,10:10,5-6,5,6,36.1,0.03025951207251925,0.09236838581794493
6320260319010008,防府競輪,8R,14:05,2-7,2,7,56.8,0.01922288391327523,0.091859806274033
5520260317030005,和歌山競輪,5R,10:10,6-7,6,7,63.0,0.01732983665927809,0.09177970953451986
6320260319010002,防府競輪,2R,11:10,5-9,5,9,21.8,0.05005112803765126,0.09111459122079735
6320260319010007,防府競輪,7R,13:35,7-8,7,8,67.8,0.016086432307850205,0.09066011047224376
8420260319010009,武雄競輪,9R,23:30,4-7,4,7,30.0,0.03630375175628418,0.08911255268852547
6320260319010001,防府競輪,1R,10:45,1-8,1,8,94.3,0.011532253188277719,0.08749147565458881
2320260319010001,取手競輪,1R,09:00,2-4,2,4,36.1,0.030104799979347695,0.08678327925445184
6320260319010001,防府競輪,1R,10:45,8-9,8,9,107.6,0.010092980650407377,0.08600471798383369
8120260319010002,小倉競輪,2R,16:21,5-7,5,7,149.3,0.007265310292869684,0.08471082672544394
2420260317030010,宇都宮競輪,10R,15:30,6-7,6,7,18.3,0.059264515831845874,0.08454063972277948
8120260319010007,小倉競輪,7R,18:26,3-7,3,7,34.2,0.031680380191740715,0.08346900255753242
4220260317030001,名古屋競輪,1R,15:42,3-4,3,4,18.4,0.05870984915131827,0.0802612243842562
6320260319010003,防府競輪,3R,11:35,4-8,4,8,117.8,0.00911906206129555,0.07422551082061557
4220260317030008,名古屋競輪,8R,18:38,3-5,3,5,14.0,0.07664074618886496,0.07297044664410945
8120260319010007,小倉競輪,7R,18:26,1-4,1,4,12.8,0.08380561504864328,0.07271187262263412
8120260319010006,小倉競輪,6R,18:02,1-5,1,5,15.5,0.0691724899364741,0.07217359401534851
4220260317030009,名古屋競輪,9R,19:04,1-3,1,3,15.4,0.06948925368115044,0.07013450668971677
4220260317030009,名古屋競輪,9R,19:04,3-7,3,7,32.2,0.03320170117440065,0.06909477781570095
4220260317030007,名古屋競輪,7R,18:14,2-5,2,5,24.9,0.04290561481674883,0.06834980893704579
2420260317030007,宇都宮競輪,7R,13:50,2-4,2,4,16.3,0.06551681796775498,0.06792413287440624
4220260317030011,名古屋競輪,11R,20:00,4-6,4,6,74.0,0.014400739447931053,0.06565471914689791
8120260319010002,小倉競輪,2R,16:21,1-5,1,5,160.0,0.006657252420592726,0.06516038729483631
4220260317030007,名古屋競輪,7R,18:14,2-7,2,7,14.4,0.0738772909922862,0.0638329902889212
6320260319010008,防府競輪,8R,14:05,7-8,7,8,80.5,0.013178506608486336,0.06086978198315007
2420260317030004,宇都宮競輪,4R,12:20,1-7,1,7,18.4,0.05760643184098382,0.059958345874102204
1320260319010008,いわき平競輪,8R,23:00,3-5,3,5,39.9,0.026513922735745103,0.05790551715622949
8420260319010009,武雄競輪,9R,23:30,6-7,6,7,60.0,0.01758762425398629,0.055257455239177355
1320260319010007,いわき平競輪,7R,22:40,1-7,1,7,15.7,0.06713636175991017,0.05404087963058957
6320260319010008,防府競輪,8R,14:05,5-6,5,6,129.8,0.008118985196704075,0.053844278532189094
5520260317030004,和歌山競輪,4R,09:50,2-6,2,6,28.7,0.036695240137117294,0.05315339193526625
6320260319010009,防府競輪,9R,14:40,3-7,3,7,13.9,0.07572498566227269,0.052577300705590524
4220260317030012,名古屋競輪,12R,20:30,1-2,1,2,17.9,0.05867390635136621,0.050262923689455175
1320260319010003,いわき平競輪,3R,21:20,1-4,1,4,12.7,0.08268822330187338,0.050140435933791805
2320260319010007,取手競輪,7R,11:00,4-5,4,5,13.4,0.07835596882231574,0.04996998221903093
1320260319010005,いわき平競輪,5R,22:00,2-3,2,3,12.0,0.08744174323184958,0.04930091878219489
5520260317030005,和歌山競輪,5R,10:10,1-4,1,4,11.7,0.08951539456027714,0.047330116355242424
1320260319010009,いわき平競輪,9R,23:20,5-7,5,7,28.5,0.03673341525102987,0.04690233465435134
4220260317030004,名古屋競輪,4R,17:02,5-7,5,7,14.8,0.0707263891822074,0.04675055989666954
8420260319010009,武雄競輪,9R,23:30,5-6,5,6,60.0,0.017397063771747875,0.04382382630487247
8120260319010008,小倉競輪,8R,18:51,6-7,6,7,66.7,0.015541151923405067,0.03659483329111812
6320260319010012,防府競輪,12R,16:30,5-7,5,7,42.2,0.02452174414359842,0.03481760285985347
6320260319010002,防府競輪,2R,11:10,2-8,2,8,89.5,0.011552154966259333,0.03391786948021025
2320260319010007,取手競輪,7R,11:00,5-6,5,6,19.9,0.05167369466822114,0.028306523897600577
2320260319010007,取手競輪,7R,11:00,5-7,5,7,14.4,0.07134662949927932,0.02739146478962229
2420260317030003,宇都宮競輪,3R,11:50,4-7,4,7,22.0,0.04668916154147569,0.02716155391246522
1320260319010002,いわき平競輪,2R,21:00,2-3,2,3,14.9,0.06877781186755089,0.02478939682650827
2320260319010006,取手競輪,6R,10:40,2-7,2,7,12.0,0.08534539646151292,0.024144757538155037
5520260317030007,和歌山競輪,7R,10:50,3-7,3,7,28.1,0.03640875454145627,0.02308600261492133
4220260317030002,名古屋競輪,2R,16:13,3-7,3,7,16.2,0.06309391712235822,0.022121457382203058
6320260319010010,防府競輪,10R,15:15,2-7,2,7,22.4,0.045569067664495165,0.020747115684691675
8120260319010002,小倉競輪,2R,16:21,2-7,2,7,10.6,0.09598146392258805,0.01740351757943337
5520260317030004,和歌山競輪,4R,09:50,4-7,4,7,24.2,0.041932599332283924,0.01476890384127083
8420260319010009,武雄競輪,9R,23:30,1-2,1,2,8.5,0.11933514569232798,0.014348738384787785
1320260319010002,いわき平競輪,2R,21:00,1-4,1,4,14.9,0.067934269225465,0.012220611459428543
5520260317030002,和歌山競輪,2R,09:10,3-4,3,4,19.9,0.0508494505978688,0.01190406689758916
8120260319010001,小倉競輪,1R,15:57,1-7,1,7,17.6,0.05725496823912031,0.007687441008517482
8120260319010001,小倉競輪,1R,15:57,1-4,1,4,13.7,0.07346214112193844,0.006431333370556569
8120260319010002,小倉競輪,2R,16:21,4-7,4,7,27.3,0.036750948267667824,0.0033008877073317233
6320260319010009,防府競輪,9R,14:40,6-8,6,8,117.9,0.008509634742430496,0.003285936132555456
2420260317030003,宇都宮競輪,3R,11:50,5-7,5,7,14.0,0.07166096932700293,0.0032535705780409874
5520260317030002,和歌山競輪,2R,09:10,3-5,3,5,12.4,0.08070467922203609,0.0007380223532473806
6320260319010005,防府競輪,5R,12:35,8-9,8,9,49.9,0.01998081083954796,-0.002957539106556828
8420260319010005,武雄競輪,5R,22:10,5-7,5,7,15.0,0.06646651585287937,-0.0030022622068094362
4220260317030004,名古屋競輪,4R,17:02,4-7,4,7,9.8,0.10152849602672359,-0.005020738938108726
4220260317030011,名古屋競輪,11R,20:00,4-5,4,5,21.1,0.047123828679191876,-0.005687214869051327
1320260319010004,いわき平競輪,4R,21:40,1-2,1,2,11.2,0.08857312709926898,-0.007980976488187408
4220260317030002,名古屋競輪,2R,16:13,4-5,4,5,31.0,0.03197645405646206,-0.008729924249676224
2420260317030005,宇都宮競輪,5R,12:50,1-5,1,5,30.3,0.03270973635011144,-0.008894988591623298
2320260319010001,取手競輪,1R,09:00,3-7,3,7,10.1,0.09794491023830038,-0.010756406593166234
1320260319010005,いわき平競輪,5R,22:00,1-7,1,7,24.0,0.04115348177936519,-0.01231643729523546
8120260319010009,小倉競輪,9R,19:17,3-6,3,6,74.2,0.013306769331846704,-0.012637715576974462
4220260317030007,名古屋競輪,7R,18:14,1-5,1,5,16.1,0.06132172471513929,-0.012720232086257388
4220260317030004,名古屋競輪,4R,17:02,2-7,2,7,15.8,0.06246763009949194,-0.013011444428027374
6320260319010011,防府競輪,11R,15:50,4-8,4,8,151.4,0.00650891280332567,-0.01455060157649346
2420260317030003,宇都宮競輪,3R,11:50,2-3,2,3,15.1,0.06517913179463396,-0.015795109901027282
4220260317030007,名古屋競輪,7R,18:14,4-7,4,7,21.1,0.04649117297619233,-0.019036250202341676
4220260317030012,名古屋競輪,12R,20:30,1-4,1,4,26.2,0.037436289736249705,-0.01916920891025775
5520260317030001,和歌山競輪,1R,08:50,1-4,1,4,17.2,0.05685687874010792,-0.022061685670143882
1320260319010001,いわき平競輪,1R,20:40,3-4,3,4,20.3,0.04817096329796014,-0.022129445051409125
1320260319010003,いわき平競輪,3R,21:20,2-3,2,3,25.5,0.03810182134725548,-0.0284035556449852
2420260317030004,宇都宮競輪,4R,12:20,2-7,2,7,13.9,0.06982463549476811,-0.029437566622723232
2420260317030003,宇都宮競輪,3R,11:50,1-5,1,5,26.3,0.03686877109382296,-0.030351320232456236
2420260317030005,宇都宮競輪,5R,12:50,2-7,2,7,15.6,0.06208866971955525,-0.03141675237493813
6320260319010005,防府競輪,5R,12:35,5-7,5,7,13.5,0.07158292776615295,-0.03363047515693518
4220260317030010,名古屋競輪,10R,19:31,3-7,3,7,55.0,0.01756506855923443,-0.03392122924210639
5520260317030002,和歌山競輪,2R,09:10,2-6,2,6,44.9,0.021454029819239287,-0.03671406111615605
6320260319010007,防府競輪,7R,13:35,3-9,3,9,37.3,0.0258081493550879,-0.037356029055221396
4220260317030003,名古屋競輪,3R,16:38,3-5,3,5,13.5,0.07106158924217323,-0.040668545230661324
6320260319010007,防府競輪,7R,13:35,3-4,3,4,92.1,0.010367656514378666,-0.04513883502572491
5520260317030001,和歌山競輪,1R,08:50,3-5,3,5,19.5,0.048962620669217846,-0.04522889695025201
6320260319010004,防府競輪,4R,12:05,7-9,7,9,29.5,0.032318801216266874,-0.046595364120127214
8420260319010002,武雄競輪,2R,21:10,3-4,3,4,12.7,0.07504151694393693,-0.04697273481200104
6320260319010006,防府競輪,6R,13:05,1-8,1,8,59.2,0.01609506820144322,-0.047171962474561346
6320260319010002,防府競輪,2R,11:10,1-2,1,2,37.4,0.025434042502650897,-0.04876681040085651
5520260317030003,和歌山競輪,3R,09:30,5-6,5,6,22.9,0.041494451978055756,-0.04977704970252328
4220260317030005,名古屋競輪,5R,17:26,3-5,3,5,16.5,0.05749722835742423,-0.05129573210250027
8120260319010002,小倉競輪,2R,16:21,3-7,3,7,35.0,0.027094107221666976,-0.051706247241655845
6320260319010012,防府競輪,12R,16:30,1-9,1,9,16.1,0.058722199066451056,-0.054572595030137894
4220260317030003,名古屋競輪,3R,16:38,3-7,3,7,13.0,0.07252368029814185,-0.05719215612415596
5520260317030005,和歌山競輪,5R,10:10,2-4,2,4,15.3,0.06161574540835739,-0.05727909525213193
6320260319010012,防府競輪,12R,16:30,2-5,2,5,43.0,0.02190988200523876,-0.05787507377473333
8420260319010006,武雄競輪,6R,22:30,1-4,1,4,9.7,0.09701486983652255,-0.05895576258573132
2420260317030009,宇都宮競輪,9R,14:55,2-6,2,6,49.6,0.018949127984477,-0.06012325196994084
1320260319010007,いわき平競輪,7R,22:40,2-3,2,3,15.7,0.0595693734952436,-0.06476083612467554
6320260319010007,防府競輪,7R,13:35,3-7,3,7,72.7,0.012853239326770488,-0.06556950094378544
6320260319010001,防府競輪,1R,10:45,6-8,6,8,197.3,0.004725100448771093,-0.0677376814574634
2320260319010005,取手競輪,5R,10:20,3-4,3,4,59.7,0.015603355798524867,-0.06847965882806539
5520260317030001,和歌山競輪,1R,08:50,4-7,4,7,19.1,0.048767745070116206,-0.06853606916078037
2420260317030003,宇都宮競輪,3R,11:50,1-6,1,6,33.9,0.02744707122242786,-0.0695442855596956
8120260319010011,小倉競輪,11R,20:15,1-3,1,3,13.6,0.06811016101861102,-0.07370181014689015
4220260317030011,名古屋競輪,11R,20:00,3-5,3,5,9.2,0.10036753928852152,-0.07661863854560214
6320260319010005,防府競輪,5R,12:35,2-9,2,9,29.0,0.031753947174444665,-0.07913553194110468
5520260317030005,和歌山競輪,5R,10:10,1-6,1,6,12.4,0.07401342134050476,-0.08223357537774101
6320260319010003,防府競輪,3R,11:35,6-8,6,8,157.1,0.005840179860353151,-0.08250774393852
6320260319010003,防府競輪,3R,11:35,2-7,2,7,29.6,0.030969823760171062,-0.08329321669893652
1320260319010001,いわき平競輪,1R,20:40,1-4,1,4,11.5,0.079506850128924,-0.085671223517374
8120260319010007,小倉競輪,7R,18:26,1-7,1,7,25.6,0.03565165139526161,-0.0873177242813028
4220260317030012,名古屋競輪,12R,20:30,1-6,1,6,33.1,0.02750121519301697,-0.08970977711113826
6320260319010004,防府競輪,4R,12:05,2-7,2,7,21.1,0.04313124422698339,-0.08993074681065039
4220260317030007,名古屋競輪,7R,18:14,1-3,1,3,14.4,0.06309056725932576,-0.09149583146570905
5520260317030005,和歌山競輪,5R,10:10,3-5,3,5,34.9,0.02589952688303607,-0.09610651178204122
4220260317030006,名古屋競輪,6R,17:50,3-7,3,7,13.9,0.06498265324628888,-0.09674111987658451
6320260319010004,防府競輪,4R,12:05,4-9,4,9,52.7,0.01711975841126331,-0.09778873172642344
6320260319010002,防府競輪,2R,11:10,8-9,8,9,52.9,0.017053592306783574,-0.09786496697114899
2320260319010001,取手競輪,1R,09:00,4-5,4,5,76.4,0.011804997948187783,-0.09809815675845335
4220260317030003,名古屋競輪,3R,16:38,1-4,1,4,24.1,0.03742072111885081,-0.09816062103569545
8120260319010009,小倉競輪,9R,19:17,3-5,3,5,37.1,0.024291947020495704,-0.09876876553960934
4220260317030006,名古屋競輪,6R,17:50,4-5,4,5,29.1,0.030867620865176325,-0.10175223282336887
6320260319010003,防府競輪,3R,11:35,7-8,7,8,44.6,0.02008892099384691,-0.10403412367442777
6320260319010002,防府競輪,2R,11:10,1-7,1,7,47.7,0.01876030447276714,-0.1051334766490074
6320260319010001,防府競輪,1R,10:45,1-2,1,2,17.8,0.05012822105374111,-0.1077176652434082
6320260319010002,防府競輪,2R,11:10,4-8,4,8,88.2,0.010111262778975814,-0.10818662289433323
6320260319010010,防府競輪,10R,15:15,6-8,6,8,143.3,0.0062200887107505525,-0.10866128774944572
6320260319010001,防府競輪,1R,10:45,5-8,5,8,103.4,0.00861312558361088,-0.10940281465463497
6320260319010001,防府競輪,1R,10:45,4-7,4,7,18.9,0.047092761627198595,-0.10994680524594658
2420260317030006,宇都宮競輪,6R,13:20,1-4,1,4,9.7,0.09163844403995516,-0.11110709281243503
4220260317030007,名古屋競輪,7R,18:14,5-7,5,7,11.9,0.07454803387530716,-0.11287839688384482
2420260317030008,宇都宮競輪,8R,14:20,1-5,1,5,17.9,0.04954156998515727,-0.11320589726568497
6320260319010006,防府競輪,6R,13:05,8-9,8,9,28.7,0.030248136970706656,-0.13187846894071897
8420260319010001,武雄競輪,1R,20:50,1-5,1,5,22.5,0.038525807758867714,-0.13316932542547644
4220260317030006,名古屋競輪,6R,17:50,4-7,4,7,12.8,0.06766189938751078,-0.13392768783986186
4220260317030004,名古屋競輪,4R,17:02,1-3,1,3,22.7,0.037989980653700774,-0.13762743916099252
6320260319010003,防府競輪,3R,11:35,1-3,1,3,11.5,0.07492725052695906,-0.13833661893997085
4220260317030004,名古屋競輪,4R,17:02,1-4,1,4,13.0,0.06615074955628825,-0.14004025576825274
4220260317030004,名古屋競輪,4R,17:02,5-6,5,6,40.7,0.021085997909182443,-0.1417998850962745
5520260317030003,和歌山競輪,3R,09:30,3-6,3,6,68.1,0.01252438923206018,-0.14708909329670183
8120260319010001,小倉競輪,1R,15:57,1-3,1,3,16.0,0.053185712534272706,-0.1490285994516367
1320260319010009,いわき平競輪,9R,23:20,1-3,1,3,17.1,0.049718549827876456,-0.1498127979433126
8120260319010008,小倉競輪,8R,18:51,2-6,2,6,66.7,0.012735011959495581,-0.15057470230164471
8420260319010005,武雄競輪,5R,22:10,2-6,2,6,15.0,0.0566019676161346,-0.150970485757981
2420260317030003,宇都宮競輪,3R,11:50,6-7,6,7,14.3,0.059309464247542354,-0.15187466126014426
4220260317030010,名古屋競輪,10R,19:31,2-5,2,5,25.8,0.03278512164409786,-0.15414386158227522
6320260319010008,防府競輪,8R,14:05,1-5,1,5,15.7,0.05386842515195567,-0.15426572511429604
4220260317030011,名古屋競輪,11R,20:00,2-3,2,3,9.0,0.09343388184319629,-0.15909506341123336
4220260317030002,名古屋競輪,2R,16:13,3-4,3,4,22.2,0.037767886133681774,-0.1615529278322646
5520260317030004,和歌山競輪,4R,09:50,3-5,3,5,14.4,0.05815893792159653,-0.16251129392900998
4220260317030011,名古屋競輪,11R,20:00,4-7,4,7,52.8,0.01584895171252275,-0.16317534957879887
6320260319010004,防府競輪,4R,12:05,1-5,1,5,17.4,0.04794020444535191,-0.16584044265087683
4220260317030007,名古屋競輪,7R,18:14,3-7,3,7,10.9,0.07636719820417029,-0.16759753957454382
4220260317030005,名古屋競輪,5R,17:26,4-6,4,6,19.7,0.042240439130114195,-0.16786334913675038
6320260319010011,防府競輪,11R,15:50,3-7,3,7,28.8,0.028814955813721108,-0.17012927256483212
6320260319010002,防府競輪,2R,11:10,3-9,3,9,10.4,0.07967622756675576,-0.1713672333057401
6320260319010007,防府競輪,7R,13:35,5-8,5,8,19.7,0.04203562662591653,-0.1718981554694443
6320260319010006,防府競輪,6R,13:05,2-5,2,5,48.0,0.017249582219777373,-0.17202005345068616
8120260319010006,小倉競輪,6R,18:02,2-6,2,6,12.4,0.06667591348321066,-0.1732186728081878
6320260319010007,防府競輪,7R,13:35,3-6,3,6,123.6,0.006676445573494665,-0.17479132711605938
6320260319010009,防府競輪,9R,14:40,2-6,2,6,41.7,0.019762966884653396,-0.17588428090995334
6320260319010009,防府競輪,9R,14:40,1-8,1,8,49.4,0.016654393903676668,-0.17727294115837267
8420260319010002,武雄競輪,2R,21:10,4-7,4,7,12.7,0.06477110131846539,-0.17740701325548958
6320260319010009,防府競輪,9R,14:40,3-8,3,8,33.1,0.02483752764536979,-0.17787783493825993
8120260319010009,小倉競輪,9R,19:17,4-6,4,6,24.7,0.03324233024887979,-0.1789144428526691
4220260317030003,名古屋競輪,3R,16:38,2-7,2,7,15.5,0.052503426028785716,-0.18619689655382143
8120260319010001,小倉競輪,1R,15:57,1-5,1,5,14.3,0.05683642340852979,-0.187239145258024
4220260317030010,名古屋競輪,10R,19:31,2-3,2,3,40.0,0.020221802173285685,-0.19112791306857257
4220260317030006,名古屋競輪,6R,17:50,2-5,2,5,20.0,0.04032014243176428,-0.19359715136471434
4220260317030002,名古屋競輪,2R,16:13,3-6,3,6,16.7,0.04824321842269194,-0.19433825234104463
8420260319010006,武雄競輪,6R,22:30,2-4,2,4,9.7,0.08301831203791807,-0.19472237323219477
4220260317030009,名古屋競輪,9R,19:04,3-6,3,6,39.4,0.020346625456744934,-0.19834295700424964
4220260317030009,名古屋競輪,9R,19:04,3-4,3,4,39.4,0.02033919197174974,-0.19863583631306025
4220260317030001,名古屋競輪,1R,15:42,3-7,3,7,13.0,0.06149854928875326,-0.20051885924620771
2420260317030010,宇都宮競輪,10R,15:30,1-3,1,3,14.7,0.05427426249395789,-0.202168341338819
4220260317030005,名古屋競輪,5R,17:26,3-7,3,7,50.9,0.0156714561063635,-0.20232288418609778
1320260319010009,いわき平競輪,9R,23:20,4-7,4,7,28.5,0.027904878799318585,-0.20471095421942032
2420260317030003,宇都宮競輪,3R,11:50,1-4,1,4,49.4,0.01609588833016071,-0.20486311649006095
8420260319010009,武雄競輪,9R,23:30,2-6,2,6,20.0,0.03971547590607409,-0.20569048187851813
2420260317030004,宇都宮競輪,4R,12:20,3-6,3,6,12.4,0.06401331376315961,-0.20623490933682087
6320260319010001,防府競輪,1R,10:45,7-9,7,9,15.6,0.05067816676615926,-0.2094205984479156
8120260319010003,小倉競輪,3R,16:50,1-7,1,7,15.6,0.05065628124648013,-0.20976201255491
8120260319010002,小倉競輪,2R,16:21,2-5,2,5,22.4,0.03525405461415685,-0.21030917664288662
5520260317030007,和歌山競輪,7R,10:50,1-2,1,2,8.5,0.09290283885185863,-0.21032586975920164
6320260319010005,防府競輪,5R,12:35,6-8,6,8,135.3,0.005832458339366468,-0.21086838668371688
8420260319010007,武雄競輪,7R,22:50,4-5,4,5,18.0,0.04376314689387714,-0.2122633559102114
6320260319010012,防府競輪,12R,16:30,2-9,2,9,37.7,0.020827501207346867,-0.21480320448302304
6320260319010002,防府競輪,2R,11:10,1-4,1,4,35.1,0.022232359721848064,-0.21964417376313294
2420260317030007,宇都宮競輪,7R,13:50,2-6,2,6,16.8,0.04643860312043037,-0.21983146757676975
1320260319010003,いわき平競輪,3R,21:20,4-7,4,7,25.5,0.03058430977011703,-0.2201001008620157
2420260317030001,宇都宮競輪,1R,10:55,2-3,2,3,53.3,0.014606764716587265,-0.22145944060589884
5520260317030006,和歌山競輪,6R,10:30,4-7,4,7,9.6,0.08086703678159987,-0.22367644689664123
2320260319010002,取手競輪,2R,09:20,1-2,1,2,7.7,0.10072286814508905,-0.2244339152828143
4220260317030007,名古屋競輪,7R,18:14,1-2,1,2,12.4,0.06250527387632929,-0.22493460393351683
6320260319010010,防府競輪,10R,15:15,1-9,1,9,19.7,0.039308132791105455,-0.2256297840152226
4220260317030011,名古屋競輪,11R,20:00,6-7,6,7,92.5,0.008344431869268433,-0.22814005209266996
2320260319010003,取手競輪,3R,09:40,3-7,3,7,13.1,0.05890742867568102,-0.22831268434857865
8120260319010011,小倉競輪,11R,20:15,1-2,1,2,25.0,0.03075456158467819,-0.23113596038304518
6320260319010001,防府競輪,1R,10:45,7-8,7,8,32.3,0.023786595297563898,-0.2316929718886862
6320260319010010,防府競輪,10R,15:15,2-3,2,3,10.2,0.07513682662177147,-0.2336043684579311
6320260319010003,防府競輪,3R,11:35,3-8,3,8,44.1,0.017376129888233567,-0.23371267192889966
4220260317030001,名古屋競輪,1R,15:42,1-3,1,3,27.5,0.027750935899547538,-0.23684926276244267
6320260319010004,防府競輪,4R,12:05,2-4,2,4,32.5,0.02337825004200699,-0.24020687363477278
8120260319010009,小倉競輪,9R,19:17,2-3,2,3,74.2,0.010222092964322176,-0.24152070204729448
6320260319010003,防府競輪,3R,11:35,2-3,2,3,27.7,0.027343549060215216,-0.24258369103203847
8120260319010008,小倉競輪,8R,18:51,3-5,3,5,16.6,0.0455429452520115,-0.243987108816609
6320260319010012,防府競輪,12R,16:30,1-3,1,3,6.9,0.10933738506632845,-0.2455720430423336
8120260319010007,小倉競輪,7R,18:26,2-3,2,3,17.1,0.04401534467640262,-0.24733760603351518
1320260319010003,いわき平競輪,3R,21:20,1-2,1,2,8.5,0.08824808769277377,-0.24989125461142292
4220260317030006,名古屋競輪,6R,17:50,3-4,3,4,22.9,0.0327442019954657,-0.25015777430383557
5520260317030001,和歌山競輪,1R,08:50,1-6,1,6,18.0,0.04133216458543214,-0.2560210374622215
5520260317030007,和歌山競輪,7R,10:50,2-5,2,5,14.1,0.052746452967648814,-0.25627501315615175
8420260319010007,武雄競輪,7R,22:50,1-5,1,5,9.0,0.08259221394961434,-0.2566700744534709
8420260319010001,武雄競輪,1R,20:50,3-5,3,5,18.0,0.04110955694293397,-0.26002797502718855
6320260319010001,防府競輪,1R,10:45,1-9,1,9,29.9,0.02474212938030662,-0.2602103315288321
2420260317030011,宇都宮競輪,11R,16:05,5-7,5,7,13.9,0.053086274811717,-0.26210078011713367
6320260319010011,防府競輪,11R,15:50,2-6,2,6,73.4,0.010023175216923969,-0.2642989390777807
4220260317030011,名古屋競輪,11R,20:00,2-7,2,7,24.6,0.02987267853401095,-0.26513210806333054
8420260319010005,武雄競輪,5R,22:10,2-7,2,7,7.5,0.09791881291143364,-0.2656089031642477
1320260319010004,いわき平競輪,4R,21:40,4-7,4,7,22.5,0.032573654587858256,-0.26709277177318924
6320260319010006,防府競輪,6R,13:05,1-5,1,5,59.2,0.012377526964466458,-0.26725040370358566
6320260319010005,防府競輪,5R,12:35,3-6,3,6,50.6,0.01447987090657496,-0.26731853212730705
8120260319010008,小倉競輪,8R,18:51,1-4,1,4,6.0,0.12104636061053287,-0.2737218363368028
2320260319010001,取手競輪,1R,09:00,1-3,1,3,6.2,0.11682498006278587,-0.2756851236107276
8420260319010009,武雄競輪,9R,23:30,2-3,2,3,15.0,0.048214848612245176,-0.2767772708163223
6320260319010006,防府競輪,6R,13:05,1-2,1,2,43.8,0.016496765687097195,-0.27744166290514294
4220260317030009,名古屋競輪,9R,19:04,1-5,1,5,7.7,0.09348633580619076,-0.28015521429233115
1320260319010006,いわき平競輪,6R,22:20,1-4,1,4,6.0,0.11965511697889937,-0.28206929812660375
1320260319010005,いわき平競輪,5R,22:00,1-2,1,2,8.0,0.08971616105411002,-0.2822707115671198
4220260317030008,名古屋競輪,8R,18:38,3-4,3,4,22.3,0.03200274011713772,-0.28633889538782886
5520260317030003,和歌山競輪,3R,09:30,3-5,3,5,19.5,0.03656084499027766,-0.28706352268958557
8420260319010004,武雄競輪,4R,21:50,4-5,4,5,18.0,0.03956884805081236,-0.2877607350853776
6320260319010009,防府競輪,9R,14:40,2-7,2,7,7.6,0.09307883058142069,-0.29260088758120273
2420260317030011,宇都宮競輪,11R,16:05,5-6,5,6,11.4,0.06165826218344182,-0.29709581110876315
8120260319010009,小倉競輪,9R,19:17,2-6,2,6,18.5,0.037971811000950845,-0.29752149648240933
6320260319010005,防府競輪,5R,12:35,4-9,4,9,21.9,0.03207359605386613,-0.29758824642033177
6320260319010005,防府競輪,5R,12:35,2-8,2,8,95.6,0.007332159589885657,-0.2990455432069312
6320260319010012,防府競輪,12R,16:30,5-9,5,9,28.2,0.02485550045836661,-0.2990748870740616
6320260319010008,防府競輪,8R,14:05,2-6,2,6,95.6,0.0073001097741792155,-0.30210950558846705
2320260319010005,取手競輪,5R,10:20,4-5,4,5,15.3,0.045522972091657815,-0.30349852699763535
2420260317030005,宇都宮競輪,5R,12:50,1-3,1,3,9.7,0.0716948689696079,-0.30455977099480336
6320260319010009,防府競輪,9R,14:40,2-8,2,8,22.8,0.030483480958508995,-0.30497663414599485
8420260319010008,武雄競輪,8R,23:10,4-7,4,7,61.5,0.011294421361251649,-0.30539308628302353
8420260319010007,武雄競輪,7R,22:50,1-7,1,7,9.0,0.07648843161442173,-0.3116041154702044
8120260319010009,小倉競輪,9R,19:17,3-4,3,4,74.2,0.009271962627136737,-0.31202037306645414
6320260319010002,防府競輪,2R,11:10,4-7,4,7,39.4,0.017418611626728465,-0.31370670190689853
2320260319010007,取手競輪,7R,11:00,2-5,2,5,9.7,0.07073485644713515,-0.3138718924627891
6320260319010005,防府競輪,5R,12:35,3-7,3,7,11.2,0.06105604186456518,-0.31617233111687004
2420260317030003,宇都宮競輪,3R,11:50,3-7,3,7,9.3,0.07288592347294867,-0.32216091170157735
2420260317030010,宇都宮競輪,10R,15:30,1-2,1,2,10.6,0.06390202876682935,-0.3226384950716089
1320260319010006,いわき平競輪,6R,22:20,1-2,1,2,6.0,0.11274801505589631,-0.3235119096646222
8420260319010001,武雄競輪,1R,20:50,4-7,4,7,18.0,0.03734510271120999,-0.32778815119822013
8420260319010001,武雄競輪,1R,20:50,5-7,5,7,45.0,0.014930205249267987,-0.32814076378294055
8120260319010008,小倉競輪,8R,18:51,2-3,2,3,33.3,0.020174036265213822,-0.32820459236837973
8120260319010011,小倉競輪,11R,20:15,4-7,4,7,16.6,0.040361693745854826,-0.32999588381880984
6320260319010006,防府競輪,6R,13:05,3-4,3,4,21.4,0.03127743191983756,-0.3306629569154762
4220260317030006,名古屋競輪,6R,17:50,2-7,2,7,8.4,0.07950923732133222,-0.33212240650080926
6320260319010008,防府競輪,8R,14:05,3-6,3,6,52.6,0.012692727537259613,-0.3323625315401444
1320260319010009,いわき平競輪,9R,23:20,2-3,2,3,17.1,0.0389690662824065,-0.33362896657084884
8120260319010011,小倉競輪,11R,20:15,2-4,2,4,16.6,0.039711401801976465,-0.34079073008719063
1320260319010001,いわき平競輪,1R,20:40,2-3,2,3,10.5,0.06277375492257498,-0.3408755733129627
4220260317030008,名古屋競輪,8R,18:38,6-7,6,7,17.2,0.03820494916397137,-0.34287487437969244
8420260319010001,武雄競輪,1R,20:50,2-6,2,6,18.0,0.03649826038053804,-0.3430313131503152
6320260319010008,防府競輪,8R,14:05,1-7,1,7,11.3,0.057888350597148544,-0.3458616382522214
8120260319010007,小倉競輪,7R,18:26,3-5,3,5,11.4,0.05732444661815232,-0.3465013085530635
4220260317030011,名古屋競輪,11R,20:00,3-4,3,4,9.1,0.07179493576278494,-0.3466660845586571
4220260317030012,名古屋競輪,12R,20:30,3-6,3,6,44.8,0.014563344199252495,-0.34756217987348825
8120260319010008,小倉競輪,8R,18:51,1-2,1,2,13.3,0.048988106246116526,-0.3484581869266502
8420260319010002,武雄競輪,2R,21:10,1-2,1,2,6.3,0.10297900666392532,-0.35123225801727054
4220260317030009,名古屋競輪,9R,19:04,1-4,1,4,7.7,0.08422960150283185,-0.35143206842819474
6320260319010009,防府競輪,9R,14:40,4-7,4,7,14.1,0.04595418037656362,-0.35204605669045297
4220260317030003,名古屋競輪,3R,16:38,1-3,1,3,10.2,0.063243460066118,-0.35491670732559644
2420260317030010,宇都宮競輪,10R,15:30,1-5,1,5,13.6,0.04733614868732818,-0.35622837785233674
5520260317030001,和歌山競輪,1R,08:50,1-5,1,5,10.8,0.05948722449592968,-0.3575379754439595
5520260317030003,和歌山競輪,3R,09:30,5-7,5,7,6.5,0.09863007042757788,-0.35890454222074375
6320260319010002,防府競輪,2R,11:10,1-8,1,8,62.1,0.010304943639074485,-0.36006300001347447
8420260319010007,武雄競輪,7R,22:50,4-7,4,7,18.0,0.035493742458440475,-0.3611126357480714
6320260319010008,防府競輪,8R,14:05,4-6,4,6,89.4,0.007138597614543955,-0.36180937325977036
6320260319010006,防府競輪,6R,13:05,7-9,7,9,8.9,0.07167091078338386,-0.3621288940278836
1320260319010009,いわき平競輪,9R,23:20,3-7,3,7,42.7,0.01489833100184805,-0.36384126622108826
2320260319010004,取手競輪,4R,10:00,3-5,3,5,5.0,0.127171420420837,-0.364142897895815
8120260319010006,小倉競輪,6R,18:02,3-6,3,6,9.9,0.06383380730069622,-0.3680453077231074
1320260319010009,いわき平競輪,9R,23:20,4-5,4,5,14.2,0.04448931489462588,-0.3682517284963125
2420260317030009,宇都宮競輪,9R,14:55,4-7,4,7,37.6,0.016749654588119466,-0.37021298748670806
6320260319010004,防府競輪,4R,12:05,3-6,3,6,40.3,0.015554095646742839,-0.3731699454362637
2420260317030003,宇都宮競輪,3R,11:50,1-7,1,7,11.7,0.05349065544737897,-0.37415933126566603
2320260319010002,取手競輪,2R,09:20,2-7,2,7,5.4,0.11559475460427034,-0.37578832513694016
4220260317030011,名古屋競輪,11R,20:00,1-2,1,2,10.2,0.06102077385734883,-0.37758810665504194
6320260319010003,防府競輪,3R,11:35,3-6,3,6,41.7,0.014866469416350475,-0.3800682253381852
6320260319010008,防府競輪,8R,14:05,6-8,6,8,121.8,0.005080928899754873,-0.3811428600098564
8120260319010008,小倉競輪,8R,18:51,1-5,1,5,6.6,0.09362758623208273,-0.382057930868254
6320260319010002,防府競輪,2R,11:10,1-3,1,3,12.9,0.047895605990194226,-0.38214668272649444
8420260319010001,武雄競輪,1R,20:50,6-7,6,7,45.0,0.013717961730335205,-0.38269172213491576
1320260319010004,いわき平競輪,4R,21:40,3-4,3,4,11.2,0.0549551247404051,-0.38450260290746296
8120260319010011,小倉競輪,11R,20:15,2-3,2,3,9.3,0.0660926054510243,-0.38533876930547395
5520260317030003,和歌山競輪,3R,09:30,3-4,3,4,20.6,0.029786148958334112,-0.38640533145831724
2420260317030002,宇都宮競輪,2R,11:20,2-3,2,3,7.8,0.07856628879154562,-0.38718294742594417
4220260317030008,名古屋競輪,8R,18:38,1-7,1,7,13.1,0.04654013945381576,-0.39032417315501355
8420260319010004,武雄競輪,4R,21:50,3-4,3,4,18.0,0.0337779737109568,-0.39199647320277753
8120260319010007,小倉競輪,7R,18:26,2-4,2,4,12.8,0.04721407469466593,-0.395659843908276
2420260317030010,宇都宮競輪,10R,15:30,1-4,1,4,9.8,0.061621036982243894,-0.39611383757400975
4220260317030010,名古屋競輪,10R,19:31,5-7,5,7,19.1,0.031544374302732284,-0.3975024508178133
5520260317030001,和歌山競輪,1R,08:50,5-7,5,7,11.7,0.05124571226954899,-0.4004251664462768
2420260317030011,宇都宮競輪,11R,16:05,2-5,2,5,5.6,0.10697084341723517,-0.4009632768634831
4220260317030009,名古屋競輪,9R,19:04,4-7,4,7,15.4,0.03875895463804788,-0.4031120985740627
2420260317030007,宇都宮競輪,7R,13:50,1-2,1,2,11.8,0.05047612929638122,-0.40438167430270155
4220260317030006,名古屋競輪,6R,17:50,1-2,1,2,11.8,0.05034189340965142,-0.40596565776611315
4220260317030003,名古屋競輪,3R,16:38,2-4,2,4,11.8,0.049722126048136514,-0.4132789126319891
6320260319010004,防府競輪,4R,12:05,8-9,8,9,39.1,0.014996137117207379,-0.41365103871719144
8120260319010002,小倉競輪,2R,16:21,2-3,2,3,4.4,0.13323342622864542,-0.4137729245939601
5520260317030006,和歌山競輪,6R,10:30,1-7,1,7,83.0,0.00705508708066163,-0.41442777230508476
8420260319010006,武雄競輪,6R,22:30,2-3,2,3,9.7,0.05983926988294153,-0.4195590821354672
2420260317030007,宇都宮競輪,7R,13:50,2-7,2,7,7.2,0.08060062375823425,-0.41967550894071337
5520260317030004,和歌山競輪,4R,09:50,1-2,1,2,8.6,0.06744546695461769,-0.41996898419028794
4220260317030002,名古屋競輪,2R,16:13,4-6,4,6,15.8,0.03670313203135349,-0.4200905139046148
2420260317030011,宇都宮競輪,11R,16:05,1-4,1,4,12.4,0.04644615830864183,-0.42406763697284133
8420260319010001,武雄競輪,1R,20:50,1-3,1,3,6.4,0.0897282511934569,-0.42573919236187585
2420260317030006,宇都宮競輪,6R,13:20,3-4,3,4,12.9,0.044479644984689225,-0.42621257969750903
8420260319010005,武雄競輪,5R,22:10,2-5,2,5,7.5,0.07635231045394543,-0.42735767159540927
1320260319010007,いわき平競輪,7R,22:40,4-7,4,7,15.7,0.03639538137295309,-0.4285925124446365
4220260317030005,名古屋競輪,5R,17:26,3-4,3,4,13.0,0.04394549657397617,-0.42870854453830975
2420260317030006,宇都宮競輪,6R,13:20,4-5,4,5,8.7,0.06554197147314539,-0.42978484818363516
4220260317030005,名古屋競輪,5R,17:26,2-4,2,4,6.8,0.08371126354666075,-0.43076340788270695
6320260319010008,防府競輪,8R,14:05,1-9,1,9,5.6,0.10164118689662352,-0.43080935337890836
1320260319010006,いわき平競輪,6R,22:20,3-4,3,4,10.0,0.056827865601277824,-0.43172134398722173
4220260317030002,名古屋競輪,2R,16:13,2-6,2,6,7.5,0.07572351243504355,-0.43207365673717335
2420260317030001,宇都宮競輪,1R,10:55,1-2,1,2,16.1,0.03522196077024998,-0.43292643159897526
6320260319010005,防府競輪,5R,12:35,6-9,6,9,23.2,0.02428994426192537,-0.4364732931233314
8120260319010001,小倉競輪,1R,15:57,2-4,2,4,7.0,0.0804892541710469,-0.43657522080267175
8120260319010001,小倉競輪,1R,15:57,2-3,2,3,9.5,0.059299828452459666,-0.4366516297016332
2320260319010005,取手競輪,5R,10:20,3-5,3,5,72.8,0.007735392554390741,-0.4368634220403541
4220260317030005,名古屋競輪,5R,17:26,1-4,1,4,9.8,0.057117504409540845,-0.4402484567864997
4220260317030010,名古屋競輪,10R,19:31,1-4,1,4,4.8,0.11643898979922995,-0.44109284896369627
5520260317030004,和歌山競輪,4R,09:50,2-4,2,4,8.6,0.06485062264780325,-0.4422846452288921
6320260319010007,防府競輪,7R,13:35,1-5,1,5,8.0,0.06948615377108625,-0.44411076983131004
1320260319010005,いわき平競輪,5R,22:00,2-4,2,4,12.0,0.04624079786100502,-0.4451104256679398
8120260319010009,小倉競輪,9R,19:17,2-7,2,7,24.7,0.022354580835805223,-0.447841853355611
6320260319010003,防府競輪,3R,11:35,1-8,1,8,19.0,0.029054391139899723,-0.4479665683419053
4220260317030012,名古屋競輪,12R,20:30,4-5,4,5,8.1,0.06807929786731498,-0.44855768727474865
5520260317030005,和歌山競輪,5R,10:10,1-2,1,2,4.7,0.11696168153612634,-0.4502800967802062
8420260319010002,武雄競輪,2R,21:10,1-4,1,4,6.3,0.0866795245690806,-0.4539189952147923
8120260319010003,小倉競輪,3R,16:50,4-7,4,7,27.9,0.01956114306110098,-0.45424410859528264
8420260319010004,武雄競輪,4R,21:50,4-7,4,7,18.0,0.03031811350794949,-0.4542739568569092
6320260319010006,防府競輪,6R,13:05,2-8,2,8,28.5,0.019027958193852626,-0.4577031914752001
6320260319010007,防府競輪,7R,13:35,1-3,1,3,33.0,0.016432861294762496,-0.4577155772728376
6320260319010009,防府競輪,9R,14:40,2-9,2,9,15.9,0.03408654552751348,-0.4580239261125356
6320260319010001,防府競輪,1R,10:45,2-8,2,8,26.2,0.02059316435102084,-0.460459094003254
6320260319010007,防府競輪,7R,13:35,3-5,3,5,15.3,0.035257761062551865,-0.46055625574295644
4220260317030006,名古屋競輪,6R,17:50,1-4,1,4,13.3,0.04039692116865819,-0.4627209484568461
2420260317030001,宇都宮競輪,1R,10:55,1-4,1,4,6.8,0.07901155558865544,-0.46272142199714306
4220260317030007,名古屋競輪,7R,18:14,3-5,3,5,13.0,0.04114558762371982,-0.4651073608916423
8420260319010004,武雄競輪,4R,21:50,1-4,1,4,6.0,0.08908712946623779,-0.46547722320257323
1320260319010009,いわき平競輪,9R,23:20,1-6,1,6,7.7,0.06934403408595771,-0.46605093753812565
6320260319010009,防府競輪,9R,14:40,7-8,7,8,15.0,0.035538495602941686,-0.46692256595587467
4220260317030011,名古屋競輪,11R,20:00,2-4,2,4,12.1,0.044035474383540475,-0.46717075995916024
6320260319010010,防府競輪,10R,15:15,2-5,2,5,11.1,0.04792489540351469,-0.468033661020987
6320260319010004,防府競輪,4R,12:05,1-7,1,7,6.9,0.07691850842656064,-0.4692622918567315
8120260319010008,小倉競輪,8R,18:51,1-3,1,3,6.6,0.08026608878430369,-0.4702438140235957
8120260319010007,小倉競輪,7R,18:26,1-3,1,3,6.8,0.07789500872933004,-0.47031394064055576
6320260319010008,防府競輪,8R,14:05,1-6,1,6,23.7,0.0223140102608394,-0.47115795681810624
4220260317030002,名古屋競輪,2R,16:13,2-5,2,5,8.2,0.06404386969429658,-0.4748402685067681
1320260319010003,いわき平競輪,3R,21:20,1-3,1,3,8.5,0.06177569463555829,-0.4749065955977545
2420260317030005,宇都宮競輪,5R,12:50,1-4,1,4,19.8,0.026492171556600375,-0.47545500317931255
8120260319010007,小倉競輪,7R,18:26,4-5,4,5,8.5,0.06170865552322805,-0.4754764280525615
6320260319010004,防府競輪,4R,12:05,2-8,2,8,26.3,0.01992106858165536,-0.47607589630246405
6320260319010009,防府競輪,9R,14:40,3-5,3,5,20.0,0.026097453774218682,-0.47805092451562636
4220260317030009,名古屋競輪,9R,19:04,2-3,2,3,22.1,0.023549335750755043,-0.4795596799083135
1320260319010005,いわき平競輪,5R,22:00,3-4,3,4,12.0,0.04330119550071327,-0.48038565399144073
4220260317030009,名古屋競輪,9R,19:04,1-2,1,2,7.3,0.07114315762123258,-0.4806549493650022
2420260317030003,宇都宮競輪,3R,11:50,2-5,2,5,8.2,0.0632604667539772,-0.48126417261738696
8120260319010001,小倉競輪,1R,15:57,3-4,3,4,11.8,0.043841304000808635,-0.48267261279045803
8120260319010007,小倉競輪,7R,18:26,1-5,1,5,7.9,0.0654419598711933,-0.48300851701757286
4220260317030011,名古屋競輪,11R,20:00,1-5,1,5,7.9,0.0654343825139608,-0.4830683781397096
4220260317030001,名古屋競輪,1R,15:42,1-7,1,7,7.0,0.07376694019357749,-0.4836314186449575
5520260317030004,和歌山競輪,4R,09:50,4-6,4,6,20.7,0.024877603333605183,-0.4850336109943727
2420260317030008,宇都宮競輪,8R,14:20,2-5,2,5,10.5,0.048995916208394025,-0.4855428798118627
2420260317030008,宇都宮競輪,8R,14:20,1-7,1,7,7.7,0.06665397991197611,-0.486764354677784
4220260317030008,名古屋競輪,8R,18:38,3-7,3,7,12.2,0.041778512983691764,-0.49030214159896046
8420260319010006,武雄競輪,6R,22:30,4-7,4,7,9.7,0.052403000116258015,-0.49169089887229733
4220260317030006,名古屋競輪,6R,17:50,2-3,2,3,12.3,0.04112463890553691,-0.494166941461896
2420260317030003,宇都宮競輪,3R,11:50,1-2,1,2,12.4,0.040738920552528965,-0.49483738514864084
6320260319010001,防府競輪,1R,10:45,2-7,2,7,5.0,0.10099102425421469,-0.49504487872892655
6320260319010008,防府競輪,8R,14:05,1-8,1,8,18.7,0.026843416078084745,-0.4980281193398153
5520260317030003,和歌山競輪,3R,09:30,1-5,1,5,8.2,0.061198178093157564,-0.49817493963610804
4220260317030010,名古屋競輪,10R,19:31,1-2,1,2,8.9,0.056171156762629036,-0.5000767048126016
2420260317030010,宇都宮競輪,10R,15:30,1-6,1,6,7.4,0.06696378018977274,-0.5044680265956817
2420260317030002,宇都宮競輪,2R,11:20,3-5,3,5,18.4,0.026700917290296878,-0.5087031218585375
1320260319010009,いわき平競輪,9R,23:20,1-4,1,4,7.1,0.0685194819892746,-0.5135116778761504
6320260319010007,防府競輪,7R,13:35,1-8,1,8,24.3,0.020015901961932443,-0.5136135823250416
2420260317030009,宇都宮競輪,9R,14:55,1-4,1,4,7.8,0.062301924289540414,-0.5140449905415847
4220260317030011,名古屋競輪,11R,20:00,1-4,1,4,11.7,0.04140962065862557,-0.5155074382940809
6320260319010011,防府競輪,11R,15:50,3-9,3,9,9.5,0.05098136297696104,-0.5156770517188701
6320260319010011,防府競輪,11R,15:50,1-3,1,3,8.1,0.059385453357904225,-0.5189778278009758
4220260317030005,名古屋競輪,5R,17:26,2-5,2,5,4.5,0.10617241559596827,-0.5222241298181428
8420260319010009,武雄競輪,9R,23:30,4-6,4,6,20.0,0.023810908098678144,-0.5237818380264372
4220260317030003,名古屋競輪,3R,16:38,1-5,1,5,12.6,0.037794432729866996,-0.5237901476036759
8420260319010009,武雄競輪,9R,23:30,3-6,3,6,30.0,0.015867603586366776,-0.5239718924089967
8120260319010009,小倉競輪,9R,19:17,5-6,5,6,4.9,0.09704212474182568,-0.5244935887650541
6320260319010011,防府競輪,11R,15:50,2-7,2,7,17.4,0.027327873725077004,-0.5244949971836601
5520260317030002,和歌山競輪,2R,09:10,2-5,2,5,12.6,0.03771598519182079,-0.5247785865830581
4220260317030012,名古屋競輪,12R,20:30,2-4,2,4,11.1,0.04271538725032338,-0.5258592015214105
4220260317030012,名古屋競輪,12R,20:30,2-6,2,6,15.4,0.030628061425614486,-0.528327854045537
4220260317030010,名古屋競輪,10R,19:31,3-4,3,4,8.3,0.0567857064516582,-0.5286786364512368
4220260317030007,名古屋競輪,7R,18:14,1-4,1,4,13.0,0.036183799623089284,-0.5296106048998392
4220260317030012,名古屋競輪,12R,20:30,1-5,1,5,5.1,0.0919317263092082,-0.5311481958230382
8420260319010009,武雄競輪,9R,23:30,3-4,3,4,15.0,0.031196534705454887,-0.5320519794181767
6320260319010005,防府競輪,5R,12:35,7-8,7,8,18.9,0.02475779175079007,-0.5320777359100677
1320260319010001,いわき平競輪,1R,20:40,1-3,1,3,7.0,0.06681552911419272,-0.532291296200651
2420260317030005,宇都宮競輪,5R,12:50,1-2,1,2,8.5,0.055012811547100054,-0.5323911018496496
2320260319010001,取手競輪,1R,09:00,2-5,2,5,90.9,0.005107521384253916,-0.535726306171319
2420260317030009,宇都宮競輪,9R,14:55,4-6,4,6,17.3,0.02683372945930297,-0.5357764803540586
4220260317030009,名古屋競輪,9R,19:04,2-5,2,5,11.4,0.040661881967940114,-0.5364545455654827
8120260319010005,小倉競輪,5R,17:38,2-4,2,4,6.2,0.07459563701763189,-0.5375070504906823
4220260317030008,名古屋競輪,8R,18:38,5-7,5,7,5.1,0.09059880033968391,-0.5379461182676121
8120260319010004,小倉競輪,4R,17:14,2-7,2,7,8.5,0.05425381423380594,-0.5388425790126495
8420260319010007,武雄競輪,7R,22:50,2-3,2,3,9.0,0.05064213913157195,-0.5442207478158525
8420260319010006,武雄競輪,6R,22:30,1-5,1,5,9.7,0.04612300914486432,-0.5526068112948161
8420260319010004,武雄競輪,4R,21:50,1-3,1,3,6.0,0.074264582088402,-0.554412507469588
4220260317030012,名古屋競輪,12R,20:30,4-6,4,6,23.4,0.018973496046333,-0.5560201925158079
4220260317030001,名古屋競輪,1R,15:42,1-5,1,5,38.3,0.011589263859612115,-0.5561311941768561
2420260317030004,宇都宮競輪,4R,12:20,4-7,4,7,6.6,0.06722390552701704,-0.5563222235216876
1320260319010005,いわき平競輪,5R,22:00,1-4,1,4,12.0,0.036906679304813436,-0.5571198483422388
2420260317030001,宇都宮競輪,1R,10:55,4-6,4,6,9.7,0.04560929472625217,-0.5575898411553539
4220260317030004,名古屋競輪,4R,17:02,2-4,2,4,7.7,0.057257016736521574,-0.5591209711287839
4220260317030005,名古屋競輪,5R,17:26,4-7,4,7,10.3,0.04275988527527641,-0.559573181664653
4220260317030004,名古屋競輪,4R,17:02,1-7,1,7,6.1,0.07161706850081716,-0.5631358821450154
6320260319010011,防府競輪,11R,15:50,2-3,2,3,14.1,0.030896758646436324,-0.5643557030852479
6320260319010004,防府競輪,4R,12:05,1-9,1,9,8.9,0.048910932069842164,-0.5646927045784047
5520260317030001,和歌山競輪,1R,08:50,3-7,3,7,13.6,0.03195059276912781,-0.5654719383398619
6320260319010004,防府競輪,4R,12:05,1-2,1,2,6.7,0.06433688601274642,-0.568942863714599
6320260319010010,防府競輪,10R,15:15,1-3,1,3,8.7,0.04947632486636551,-0.5695559736626201
1320260319010004,いわき平競輪,4R,21:40,2-7,2,7,22.5,0.01910420121949525,-0.5701554725613569
6320260319010003,防府競輪,3R,11:35,2-8,2,8,40.0,0.010720500801166943,-0.5711799679533223
6320260319010005,防府競輪,5R,12:35,7-9,7,9,4.2,0.10203605601979879,-0.571448564716845
2420260317030001,宇都宮競輪,1R,10:55,2-6,2,6,19.8,0.021578349825701552,-0.5727486734511092
4220260317030006,名古屋競輪,6R,17:50,1-7,1,7,5.4,0.07904980169160875,-0.5731310708653128
6320260319010010,防府競輪,10R,15:15,3-9,3,9,9.5,0.04492704451140841,-0.57319307714162
4220260317030002,名古屋競輪,2R,16:13,2-3,2,3,5.7,0.07483557778385012,-0.5734372066320543
1320260319010003,いわき平競輪,3R,21:20,1-6,1,6,5.1,0.08308514320058298,-0.5762657696770268
6320260319010012,防府競輪,12R,16:30,5-6,5,6,38.6,0.01094286196431616,-0.5776055281773962
8420260319010003,武雄競輪,3R,21:30,1-2,1,2,4.1,0.10288114396807845,-0.5781873097308784
8120260319010008,小倉競輪,8R,18:51,1-7,1,7,6.6,0.06371776135164738,-0.5794627750791274
8420260319010003,武雄競輪,3R,21:30,2-3,2,3,8.2,0.05125655238639541,-0.5796962704315576
1320260319010004,いわき平競輪,4R,21:40,5-6,5,6,22.5,0.018585827691286663,-0.5818188769460502
1320260319010005,いわき平競輪,5R,22:00,6-7,6,7,24.0,0.01735585442030315,-0.5834594939127244
8420260319010002,武雄競輪,2R,21:10,1-5,1,5,12.7,0.032728689886031746,-0.5843456384473968
6320260319010008,防府競輪,8R,14:05,6-9,6,9,22.4,0.01854460069069635,-0.5846009445284018
2420260317030006,宇都宮競輪,6R,13:20,5-7,5,7,12.3,0.03376736242307883,-0.5846614421961304
8420260319010007,武雄競輪,7R,22:50,1-3,1,3,6.0,0.06841317612694829,-0.5895209432383103
8120260319010011,小倉競輪,11R,20:15,4-6,4,6,18.7,0.02194251945401626,-0.5896748862098959
2420260317030009,宇都宮競輪,9R,14:55,3-4,3,4,5.7,0.07157603710588248,-0.5920165884964699
6320260319010008,防府競輪,8R,14:05,7-9,7,9,8.4,0.04843215288006661,-0.5931699158074404
4220260317030011,名古屋競輪,11R,20:00,1-3,1,3,4.5,0.09012892061909267,-0.594419857214083
1320260319010006,いわき平競輪,6R,22:20,2-4,2,4,6.0,0.06758103623243243,-0.5945137826054054
8120260319010003,小倉競輪,3R,16:50,1-2,1,2,4.5,0.08968032765321524,-0.5964385255605315
6320260319010003,防府競輪,3R,11:35,1-2,1,2,8.6,0.0468996074053739,-0.5966633763137845
4220260317030005,名古屋競輪,5R,17:26,4-5,4,5,3.7,0.10872826440899987,-0.5977054216867005
5520260317030001,和歌山競輪,1R,08:50,2-5,2,5,6.3,0.06315874455381451,-0.6020999093109686
8420260319010004,武雄競輪,4R,21:50,2-3,2,3,9.0,0.043984439455905536,-0.6041400448968501
6320260319010012,防府競輪,12R,16:30,3-5,3,5,8.3,0.047400200987346625,-0.606578331805023
6320260319010005,防府競輪,5R,12:35,2-5,2,5,18.0,0.02168169975940767,-0.6097294043306619
8420260319010001,武雄競輪,1R,20:50,5-6,5,6,45.0,0.008670995843598657,-0.6098051870380604
5520260317030007,和歌山競輪,7R,10:50,1-3,1,3,5.0,0.07789071348666524,-0.6105464325666738
1320260319010009,いわき平競輪,9R,23:20,1-7,1,7,6.5,0.059858534805504196,-0.6109195237642226
2420260317030008,宇都宮競輪,8R,14:20,4-5,4,5,16.4,0.023663773824299864,-0.6119141092814823
6320260319010002,防府競輪,2R,11:10,1-9,1,9,10.3,0.03754523497338339,-0.613284079774151
2420260317030008,宇都宮競輪,8R,14:20,1-2,1,2,3.3,0.11664792413481434,-0.6150618503551126
8120260319010009,小倉競輪,9R,19:17,1-7,1,7,6.1,0.0625640964960698,-0.6183590113739743
4220260317030006,名古屋競輪,6R,17:50,2-4,2,4,8.9,0.04277167127906129,-0.6193321256163544
4220260317030012,名古屋競輪,12R,20:30,5-6,5,6,7.4,0.0513170336309047,-0.6202539511313052
2420260317030011,宇都宮競輪,11R,16:05,4-5,4,5,4.5,0.0840858371982333,-0.6216137326079502
2420260317030003,宇都宮競輪,3R,11:50,2-7,2,7,4.8,0.07877750413807758,-0.6218679801372277
6320260319010007,防府競輪,7R,13:35,3-8,3,8,37.7,0.009995645939047254,-0.6231641480979184
2420260317030005,宇都宮競輪,5R,12:50,2-3,2,3,3.7,0.10165638816957279,-0.6238713637725807
8120260319010011,小倉競輪,11R,20:15,2-5,2,5,6.2,0.06053485002533947,-0.6246839298428952
8420260319010002,武雄競輪,2R,21:10,3-5,3,5,12.7,0.029348401039112355,-0.627275306803273
8420260319010003,武雄競輪,3R,21:30,5-6,5,6,8.2,0.045427489340452556,-0.6274945874082891
6320260319010006,防府競輪,6R,13:05,2-9,2,9,11.8,0.0315655516735792,-0.6275264902517654
6320260319010002,防府競輪,2R,11:10,2-6,2,6,25.0,0.014795118992009982,-0.6301220251997505
2320260319010001,取手競輪,1R,09:00,1-5,1,5,27.3,0.01348090028137592,-0.6319714223184374
1320260319010009,いわき平競輪,9R,23:20,1-5,1,5,4.7,0.07795899081053027,-0.6335927431905077
8120260319010004,小倉競輪,4R,17:14,1-2,1,2,3.7,0.09856263365167311,-0.6353182554888095
4220260317030012,名古屋競輪,12R,20:30,2-5,2,5,3.4,0.10625525199130689,-0.6387321432295565
6320260319010007,防府競輪,7R,13:35,5-7,5,7,6.2,0.058268769364135456,-0.6387336299423602
4220260317030006,名古屋競輪,6R,17:50,2-6,2,6,8.0,0.04496799811320379,-0.6402560150943697
1320260319010009,いわき平競輪,9R,23:20,4-6,4,6,9.5,0.037817145438478084,-0.6407371183344582
5520260317030001,和歌山競輪,1R,08:50,4-5,4,5,5.0,0.07183247282889801,-0.6408376358555099
8420260319010001,武雄競輪,1R,20:50,2-4,2,4,5.0,0.07091312749870875,-0.6454343625064562
8420260319010006,武雄競輪,6R,22:30,4-5,4,5,9.7,0.036515876183430995,-0.6457960010207193
4220260317030002,名古屋競輪,2R,16:13,2-4,2,4,5.9,0.059633203939323476,-0.6481640967579915
6320260319010005,防府競輪,5R,12:35,2-7,2,7,8.8,0.03994304126060831,-0.6485012369066468
8120260319010008,小倉競輪,8R,18:51,3-4,3,4,5.5,0.06389646065637189,-0.6485694663899546
8420260319010001,武雄競輪,1R,20:50,2-3,2,3,3.9,0.08992702859766981,-0.6492845884690878
1320260319010007,いわき平競輪,7R,22:40,1-3,1,3,3.9,0.08972375556133165,-0.6500773533108066
5520260317030003,和歌山競輪,3R,09:30,1-7,1,7,4.1,0.08533168095195906,-0.6501401080969679
2420260317030003,宇都宮競輪,3R,11:50,4-6,4,6,14.4,0.024242479961396057,-0.6509082885558968
1320260319010004,いわき平競輪,4R,21:40,2-4,2,4,11.2,0.030974101787658033,-0.6530900599782301
2420260317030007,宇都宮競輪,7R,13:50,4-7,4,7,4.3,0.07986738344014634,-0.6565702512073708
8120260319010011,小倉競輪,11R,20:15,3-4,3,4,4.4,0.07789824535466357,-0.6572477204394802
8120260319010009,小倉競輪,9R,19:17,1-3,1,3,14.8,0.023093329715628608,-0.6582187202086967
2420260317030005,宇都宮競輪,5R,12:50,2-5,2,5,6.0,0.05677576987971044,-0.6593453807217373
8420260319010005,武雄競輪,5R,22:10,1-2,1,2,2.5,0.13620582989228408,-0.6594854252692898
2420260317030002,宇都宮競輪,2R,11:20,4-5,4,5,25.1,0.013564773325872644,-0.6595241895205965
2320260319010005,取手競輪,5R,10:20,1-3,1,3,11.3,0.03006949824185121,-0.6602146698670813
2420260317030009,宇都宮競輪,9R,14:55,3-6,3,6,4.2,0.080688698230052,-0.6611074674337816
4220260317030003,名古屋競輪,3R,16:38,4-6,4,6,12.1,0.027689776356850816,-0.6649537060821051
5520260317030005,和歌山競輪,5R,10:10,1-5,1,5,4.1,0.08101363910202997,-0.6678440796816771
2320260319010002,取手競輪,2R,09:20,2-5,2,5,4.6,0.07211850298473974,-0.6682548862701972
5520260317030007,和歌山競輪,7R,10:50,1-5,1,5,3.6,0.09160726470970666,-0.670213847045056
6320260319010008,防府競輪,8R,14:05,6-7,6,7,31.8,0.010362935033400217,-0.6704586659378731
8420260319010004,武雄競輪,4R,21:50,4-6,4,6,18.0,0.018150767606325738,-0.6732861830861367
2420260317030011,宇都宮競輪,11R,16:05,3-5,3,5,5.1,0.06400091956612285,-0.6735953102127735
2420260317030011,宇都宮競輪,11R,16:05,1-5,1,5,4.0,0.08086465622929777,-0.6765413750828089
1320260319010004,いわき平競輪,4R,21:40,2-3,2,3,7.5,0.043092001930116565,-0.6768099855241257
2420260317030004,宇都宮競輪,4R,12:20,3-7,3,7,4.2,0.07693104103219903,-0.676889627664764
6320260319010002,防府競輪,2R,11:10,4-9,4,9,8.8,0.036660816046462125,-0.6773848187911333
8420260319010009,武雄競輪,9R,23:30,1-4,1,4,3.7,0.08705396972192733,-0.6779003120288689
4220260317030008,名古屋競輪,8R,18:38,2-7,2,7,7.0,0.04594811085129856,-0.6783632240409101
2420260317030001,宇都宮競輪,1R,10:55,2-4,2,4,31.5,0.01019262215748006,-0.6789324020393781
6320260319010007,防府競輪,7R,13:35,2-5,2,5,5.3,0.06013092349546048,-0.6813061054740595
8420260319010003,武雄競輪,3R,21:30,3-5,3,5,8.2,0.038760021442179333,-0.6821678241741295
4220260317030003,名古屋競輪,3R,16:38,3-4,3,4,4.5,0.06994032073827078,-0.6852685566777815
2420260317030009,宇都宮競輪,9R,14:55,1-3,1,3,2.2,0.14247659095483617,-0.6865514998993605
5520260317030002,和歌山競輪,2R,09:10,1-5,1,5,5.7,0.05440842540729883,-0.6898719751783966
1320260319010009,いわき平競輪,9R,23:20,2-7,2,7,6.5,0.047471646120560436,-0.6914343002163572
4220260317030001,名古屋競輪,1R,15:42,4-7,4,7,2.6,0.11864673659617819,-0.6915184848499367
2420260317030003,宇都宮競輪,3R,11:50,3-6,3,6,6.4,0.04723457948995327,-0.6976986912642991
4220260317030003,名古屋競輪,3R,16:38,2-3,2,3,3.7,0.08152586101316252,-0.6983543142512987
1320260319010005,いわき平競輪,5R,22:00,4-7,4,7,24.0,0.012471555073711026,-0.7006826782309354
6320260319010003,防府競輪,3R,11:35,2-9,2,9,14.7,0.02009599947338754,-0.7045888077412031
8420260319010005,武雄競輪,5R,22:10,1-3,1,3,5.0,0.058477015917553,-0.7076149204122351
8120260319010007,小倉競輪,7R,18:26,2-5,2,5,7.9,0.037002386982806106,-0.7076811428358318
4220260317030011,名古屋競輪,11R,20:00,1-6,1,6,10.8,0.02703123017664011,-0.7080627140922868
2320260319010001,取手競輪,1R,09:00,1-2,1,2,8.4,0.03475403067850073,-0.7080661423005938
1320260319010004,いわき平競輪,4R,21:40,6-7,6,7,22.5,0.012970367536210127,-0.7081667304352721
6320260319010003,防府競輪,3R,11:35,5-8,5,8,21.2,0.013748821519646647,-0.708524983783491
4220260317030008,名古屋競輪,8R,18:38,1-4,1,4,7.6,0.03831886431586519,-0.7087766311994246
6320260319010012,防府競輪,12R,16:30,1-7,1,7,5.0,0.05820583145319136,-0.7089708427340432
8420260319010003,武雄競輪,3R,21:30,1-3,1,3,4.1,0.07072934664447841,-0.7100096787576385
8120260319010006,小倉競輪,6R,18:02,1-6,1,6,3.5,0.08261702017868408,-0.7108404293746058
8120260319010009,小倉競輪,9R,19:17,1-5,1,5,2.0,0.14363430483395262,-0.7127313903320948
6320260319010012,防府競輪,12R,16:30,1-4,1,4,6.0,0.04787446410588759,-0.7127532153646745
6320260319010010,防府競輪,10R,15:15,1-4,1,4,12.4,0.023073898456611723,-0.7138836591380147
6320260319010007,防府競輪,7R,13:35,6-8,6,8,34.6,0.008233228539258952,-0.7151302925416403
8120260319010011,小倉競輪,11R,20:15,2-7,2,7,9.3,0.030559443529374113,-0.7157971751768207
6320260319010001,防府競輪,1R,10:45,2-5,2,5,6.8,0.04174840253559929,-0.7161108627579249
8120260319010005,小倉競輪,5R,17:38,1-2,1,2,3.5,0.08095084643296925,-0.7166720374846076
6320260319010008,防府競輪,8R,14:05,2-9,2,9,8.2,0.0345042666759672,-0.7170650132570691
6320260319010001,防府競輪,1R,10:45,1-7,1,7,4.9,0.05768210284494957,-0.7173576960597471
8420260319010002,武雄競輪,2R,21:10,1-3,1,3,4.2,0.06687057326667933,-0.7191435922799467
2320260319010005,取手競輪,5R,10:20,1-5,1,5,2.8,0.09989943060248999,-0.7202815943130281
8120260319010007,小倉競輪,7R,18:26,3-4,3,4,3.8,0.07315379771863467,-0.7220155686691883
1320260319010003,いわき平競輪,3R,21:20,1-5,1,5,4.2,0.0660036224116899,-0.7227847858709024
8120260319010001,小倉競輪,1R,15:57,2-7,2,7,4.3,0.06331738737604747,-0.7277352342829959
2420260317030005,宇都宮競輪,5R,12:50,3-7,3,7,3.4,0.07971625714249059,-0.7289647257155321
5520260317030003,和歌山競輪,3R,09:30,1-6,1,6,7.6,0.035013993229248024,-0.733893651457715
5520260317030004,和歌山競輪,4R,09:50,2-7,2,7,4.4,0.059775315756052154,-0.7369886106733705
4220260317030004,名古屋競輪,4R,17:02,3-7,3,7,4.2,0.06250630864545235,-0.7374735036891
4220260317030010,名古屋競輪,10R,19:31,2-6,2,6,11.0,0.0237964707478694,-0.7382388217734366
6320260319010008,防府競輪,8R,14:05,4-9,4,9,7.2,0.036202382822297006,-0.7393428436794616
2420260317030002,宇都宮競輪,2R,11:20,2-4,2,4,8.3,0.03131265347385945,-0.7401049761669666
1320260319010006,いわき平競輪,6R,22:20,2-3,2,3,6.0,0.04312694466305714,-0.7412383320216571
6320260319010006,防府競輪,6R,13:05,5-9,5,9,8.9,0.028932146811968592,-0.7425038933734796
8420260319010006,武雄競輪,6R,22:30,1-2,1,2,2.4,0.10424189237512732,-0.7498194582996944
8120260319010001,小倉競輪,1R,15:57,1-2,1,2,2.7,0.092590255421438,-0.7500063103621174
2420260317030002,宇都宮競輪,2R,11:20,3-4,3,4,34.0,0.007304338672230263,-0.751652485144171
6320260319010012,防府競輪,12R,16:30,1-5,1,5,4.4,0.056399792815241365,-0.751840911612938
8120260319010011,小倉競輪,11R,20:15,1-7,1,7,7.8,0.031742611459951615,-0.7524076306123774
6320260319010006,防府競輪,6R,13:05,6-8,6,8,25.2,0.009776897351048551,-0.7536221867535765
8420260319010004,武雄競輪,4R,21:50,1-2,1,2,2.2,0.11174002983483838,-0.7541719343633555
4220260317030008,名古屋競輪,8R,18:38,4-7,4,7,5.2,0.0470149671184162,-0.7555221709842358
6320260319010002,防府競輪,2R,11:10,3-8,3,8,11.2,0.021650449463022955,-0.7575149660141429
8420260319010004,武雄競輪,4R,21:50,6-7,6,7,18.0,0.013292199251413688,-0.7607404134745537
4220260317030006,名古屋競輪,6R,17:50,3-5,3,5,8.0,0.02976575422199484,-0.7618739662240412
4220260317030009,名古屋競輪,9R,19:04,1-7,1,7,2.5,0.09466726537043708,-0.7633318365739072
6320260319010004,防府競輪,4R,12:05,4-8,4,8,19.1,0.012370537958745187,-0.7637227249879669
6320260319010005,防府競輪,5R,12:35,3-8,3,8,19.9,0.011810772053039164,-0.7649656361445206
1320260319010003,いわき平競輪,3R,21:20,3-6,3,6,6.3,0.037273446993355996,-0.7651772839418572
5520260317030006,和歌山競輪,6R,10:30,2-4,2,4,1.6,0.1463738051480043,-0.7658019117631931
6320260319010007,防府競輪,7R,13:35,1-9,1,9,4.5,0.05196318519745188,-0.7661656666114665
8420260319010006,武雄競輪,6R,22:30,1-3,1,3,3.2,0.07207053881708331,-0.7693742757853335
4220260317030010,名古屋競輪,10R,19:31,1-5,1,5,3.1,0.07426722796030419,-0.769771593323057
6320260319010001,防府競輪,1R,10:45,3-8,3,8,19.3,0.011898494830103043,-0.7703590497790113
2420260317030007,宇都宮競輪,7R,13:50,1-7,1,7,3.7,0.061631937562601824,-0.7719618310183732
8420260319010005,武雄競輪,5R,22:10,2-3,2,3,5.0,0.04558978448046827,-0.7720510775976587
6320260319010007,防府競輪,7R,13:35,4-8,4,8,16.6,0.013635143342950674,-0.7736566205070188
6320260319010001,防府競輪,1R,10:45,2-9,2,9,5.1,0.043994820808120276,-0.7756264138785867
8420260319010003,武雄競輪,3R,21:30,1-5,1,5,2.7,0.08267008329323475,-0.7767907751082661
5520260317030003,和歌山競輪,3R,09:30,4-5,4,5,3.4,0.06564342537567862,-0.7768123537226927
5520260317030001,和歌山競輪,1R,08:50,2-4,2,4,3.7,0.0602759235562381,-0.776979082841919
8420260319010002,武雄競輪,2R,21:10,2-3,2,3,2.5,0.08905375874763855,-0.7773656031309036
5520260317030004,和歌山競輪,4R,09:50,1-6,1,6,8.9,0.024880306791291357,-0.7785652695575069
2420260317030001,宇都宮競輪,1R,10:55,1-6,1,6,1.8,0.12244981962616155,-0.7795903246729092
5520260317030005,和歌山競輪,5R,10:10,1-3,1,3,3.0,0.0731707131136424,-0.7804878606590728
6320260319010002,防府競輪,2R,11:10,7-9,7,9,7.0,0.030458057441821746,-0.7867935979072478
2420260317030007,宇都宮競輪,7R,13:50,1-4,1,4,4.2,0.050325571260123686,-0.7886326007074805
2320260319010003,取手競輪,3R,09:40,1-3,1,3,8.6,0.024509566971653896,-0.7892177240437765
6320260319010008,防府競輪,8R,14:05,3-7,3,7,6.3,0.03345068915498275,-0.7892606583236087
2320260319010002,取手競輪,2R,09:20,1-7,1,7,1.7,0.12359585927196143,-0.7898870392376656
6320260319010005,防府競輪,5R,12:35,1-7,1,7,4.1,0.05118233161722013,-0.7901524403693975
2320260319010005,取手競輪,5R,10:20,1-4,1,4,1.5,0.1396659765722759,-0.7905010351415862
8420260319010001,武雄競輪,1R,20:50,2-5,2,5,5.2,0.039846961168079974,-0.7927958019259841
6320260319010010,防府競輪,10R,15:15,1-2,1,2,3.1,0.06646774754982268,-0.7939499825955497
6320260319010002,防府競輪,2R,11:10,1-5,1,5,6.8,0.030300030681567315,-0.7939597913653422
4220260317030004,名古屋競輪,4R,17:02,1-5,1,5,4.7,0.04368110453645098,-0.7946988086786804
5520260317030007,和歌山競輪,7R,10:50,1-6,1,6,2.7,0.07602358083001337,-0.7947363317589639
4220260317030007,名古屋競輪,7R,18:14,1-7,1,7,2.0,0.10066146904976814,-0.7986770619004637
6320260319010011,防府競輪,11R,15:50,1-9,1,9,2.0,0.10018910506473216,-0.7996217898705357
1320260319010006,いわき平競輪,6R,22:20,1-3,1,3,2.1,0.09352943951825285,-0.8035881770116691
2420260317030004,宇都宮競輪,4R,12:20,6-7,6,7,1.8,0.10865304877240883,-0.804424512209664
5520260317030006,和歌山競輪,6R,10:30,2-7,2,7,2.7,0.07240813353517642,-0.8044980394550236
8120260319010002,小倉競輪,2R,16:21,2-4,2,4,1.2,0.16126142602638183,-0.8064862887683418
1320260319010002,いわき平競輪,2R,21:00,1-3,1,3,2.3,0.08310266530761776,-0.8088638697924792
1320260319010002,いわき平競輪,2R,21:00,1-2,1,2,1.8,0.10451735301732687,-0.8118687645688116
5520260317030004,和歌山競輪,4R,09:50,1-4,1,4,3.9,0.04789753546041132,-0.8131996117043958
6320260319010006,防府競輪,6R,13:05,2-7,2,7,4.1,0.04553096980683061,-0.8133230237919945
2420260317030008,宇都宮競輪,8R,14:20,2-4,2,4,2.5,0.07360943824231844,-0.8159764043942039
1320260319010004,いわき平競輪,4R,21:40,1-3,1,3,1.6,0.11430944829890669,-0.8171048827217493
6320260319010011,防府競輪,11R,15:50,3-4,3,4,8.3,0.021893233927688764,-0.8182861584001833
1320260319010003,いわき平競輪,3R,21:20,3-5,3,5,6.3,0.02736705394555198,-0.8275875601430225
4220260317030002,名古屋競輪,2R,16:13,5-6,5,6,4.2,0.04086729366927123,-0.8283573665890609
8120260319010006,小倉競輪,6R,18:02,5-6,5,6,1.6,0.10706954724559806,-0.8286887244070431
2420260317030002,宇都宮競輪,2R,11:20,2-5,2,5,1.3,0.13021148179193148,-0.8307250736704891
8420260319010004,武雄競輪,4R,21:50,3-6,3,6,9.0,0.018776533392547992,-0.8310111994670681
4220260317030001,名古屋競輪,1R,15:42,1-4,1,4,2.4,0.06995116233653222,-0.8321172103923227
6320260319010003,防府競輪,3R,11:35,1-7,1,7,1.9,0.08771236546281969,-0.8333465056206426
6320260319010006,防府競輪,6R,13:05,1-9,1,9,6.0,0.026820713439656835,-0.839075719362059
8420260319010007,武雄競輪,7R,22:50,1-2,1,2,1.6,0.10038672891896502,-0.839381233729656
1320260319010008,いわき平競輪,8R,23:00,1-2,1,2,1.0,0.15482030659732476,-0.8451796934026752
8420260319010009,武雄競輪,9R,23:30,2-4,2,4,2.2,0.06980818867836933,-0.8464219849075875
8120260319010008,小倉競輪,8R,18:51,3-7,3,7,6.0,0.02550666316336401,-0.8469600210198159
1320260319010007,いわき平競輪,7R,22:40,1-2,1,2,1.2,0.1253648982752401,-0.8495621220697118
2420260317030006,宇都宮競輪,6R,13:20,1-5,1,5,1.4,0.10564173352885649,-0.8521015730596009
2320260319010004,取手競輪,4R,10:00,1-3,1,3,1.1,0.13247856543479974,-0.8542735780217203
5520260317030002,和歌山競輪,2R,09:10,3-7,3,7,1.6,0.09049409983143022,-0.8552094402697117
8120260319010004,小倉競輪,4R,17:14,2-5,2,5,1.5,0.09594254294980208,-0.8560861855752969
6320260319010010,防府競輪,10R,15:15,1-7,1,7,5.0,0.02824042097220224,-0.8587978951389887
8420260319010003,武雄競輪,3R,21:30,4-7,4,7,8.2,0.016794246656722148,-0.8622871774148784
2320260319010006,取手競輪,6R,10:40,2-5,2,5,1.0,0.13353712382273955,-0.8664628761772605
1320260319010005,いわき平競輪,5R,22:00,1-3,1,3,1.6,0.08106610000282856,-0.8702942399954743
8120260319010003,小倉競輪,3R,16:50,1-4,1,4,1.3,0.09852008494206355,-0.8719238895753174
8120260319010005,小倉競輪,5R,17:38,2-5,2,5,1.4,0.09105524237498264,-0.8725226606750243
1320260319010001,いわき平競輪,1R,20:40,1-2,1,2,1.2,0.0976238408488269,-0.8828513909814077
2420260317030010,宇都宮競輪,10R,15:30,1-7,1,7,1.5,0.07693481711535355,-0.8845977743269697
8420260319010008,武雄競輪,8R,23:10,1-2,1,2,1.0,0.10696357618271915,-0.8930364238172809
2320260319010001,取手競輪,1R,09:00,1-4,1,4,1.5,0.07085073805443305,-0.8937238929183504
2320260319010007,取手競輪,7R,11:00,3-5,3,5,1.1,0.09609056747742661,-0.8943003757748307
8120260319010010,小倉競輪,10R,19:45,3-4,3,4,1.0,0.10508550635119443,-0.8949144936488056
2320260319010003,取手競輪,3R,09:40,1-7,1,7,1.2,0.08571734462119478,-0.8971391864545663
6320260319010009,防府競輪,9R,14:40,1-7,1,7,2.0,0.049025346458772295,-0.9019493070824554
6320260319010004,防府競輪,4R,12:05,2-9,2,9,3.2,0.027697116567141807,-0.9113692269851462
