race_id,競輪場,レース番号,開始時間,買い目,a,b,odds,p,EV
3720260304020006,伊東競輪,6R,17:48,5-6,5,6,1287.7,0.02316779746390804,28.833172794274386
3120260304020007,松戸競輪,7R,23:30,1-6,1,6,429.0,0.0685713149814643,28.417094127048188
3120260304020007,松戸競輪,7R,23:30,2-4,2,4,429.0,0.04367894043555292,17.738265446852203
3720260304020006,伊東競輪,6R,17:48,4-6,4,6,429.2,0.040958136210983404,16.579232061754077
3720260304020006,伊東競輪,6R,17:48,6-7,6,7,643.8,0.025369185625379116,15.332681705619073
3120260304020007,松戸競輪,7R,23:30,1-4,1,4,214.5,0.07246899462665088,14.544599347416613
3120260304020007,松戸競輪,7R,23:30,4-5,4,5,429.0,0.03315337975756171,13.222799915993974
3120260304020001,松戸競輪,1R,20:57,1-6,1,6,111.0,0.12105360473051949,12.436950125087662
3120260304020001,松戸競輪,1R,20:57,5-6,5,6,111.0,0.11706312073485109,11.994006401568472
3120260304020007,松戸競輪,7R,23:30,1-5,1,5,143.0,0.08979018030460044,11.839995783557862
7520260305010010,松山競輪,10R,15:18,4-9,4,9,306.6,0.03830796340055572,10.745221578610385
3720260304020002,伊東競輪,2R,16:14,1-6,1,6,184.3,0.05950400714612486,9.966588517030813
3720260304020006,伊東競輪,6R,17:48,1-6,1,6,429.2,0.02422836901209771,9.398815979992337
3720260304020002,伊東競輪,2R,16:14,1-2,1,2,172.8,0.056834503425944524,8.821002192003215
3120260304020001,松戸競輪,1R,20:57,4-5,4,5,111.0,0.08422647984195179,8.34913926245665
3620260303030002,小田原競輪,2R,09:20,5-6,5,6,219.4,0.04257684590642224,8.341359991869039
3720260304020007,伊東競輪,7R,18:12,1-2,1,2,239.6,0.038741826943690195,8.28254173570817
2620260304020005,西武園競輪,5R,12:49,5-6,5,6,284.0,0.032109385171246334,8.11906538863396
3120260304020007,松戸競輪,7R,23:30,2-3,2,3,143.0,0.06359507225056474,8.094095331830758
3620260303030001,小田原競輪,1R,09:00,6-7,6,7,303.9,0.02940631487210252,7.936579089631955
4520260304020006,豊橋競輪,6R,10:30,1-6,1,6,248.7,0.035304573860072574,7.780247519000049
7520260305010010,松山競輪,10R,15:18,4-7,4,7,184.0,0.046881867908737135,7.6262636952076335
3620260303030002,小田原競輪,2R,09:20,2-6,2,6,146.2,0.05848898315517119,7.551089337286028
7520260305010006,松山競輪,6R,13:28,4-6,4,6,621.6,0.013739881515865283,7.540710350261861
7520260305010009,松山競輪,9R,14:50,7-8,7,8,403.8,0.02084090561210198,7.41555768616678
3620260303030001,小田原競輪,1R,09:00,2-6,2,6,376.3,0.02228443275038611,7.385632043970293
7520260305010006,松山競輪,6R,13:28,4-5,4,5,440.3,0.019024693011278283,7.376572332865829
2620260304020008,西武園競輪,8R,14:08,5-6,5,6,259.0,0.031982922465005066,7.283576918436312
3720260304020007,伊東競輪,7R,18:12,2-7,2,7,191.7,0.042952990636804675,7.234088305075456
4520260304020004,豊橋競輪,4R,09:50,5-6,5,6,251.9,0.03232700225050572,7.1431718669023905
2620260304020010,西武園競輪,10R,15:04,2-6,2,6,119.1,0.06835325562430332,7.140872744854525
3720260304020005,伊東競輪,5R,17:24,6-7,6,7,220.0,0.03604310821671003,6.929483807676206
2620260304020012,西武園競輪,12R,16:04,2-6,2,6,272.2,0.02905793675680583,6.909570385202547
3720260304020003,伊東競輪,3R,16:36,5-6,5,6,423.2,0.018505949881195992,6.831717989722144
2620260304020005,西武園競輪,5R,12:49,1-6,1,6,177.5,0.044012455342474416,6.812210823289209
2620260304020008,西武園競輪,8R,14:08,6-7,6,7,94.9,0.08075930712759803,6.664058246409054
3720260304020005,伊東競輪,5R,17:24,4-6,4,6,220.0,0.03404010936044242,6.488824059297332
2620260304020012,西武園競輪,12R,16:04,1-6,1,6,272.2,0.02736656993806507,6.4491803371413114
7520260305010006,松山競輪,6R,13:28,1-4,1,4,176.1,0.04184063855907955,6.368136450253909
3720260304020002,伊東競輪,2R,16:14,6-7,6,7,172.8,0.04246442794622544,6.337853149107756
7520260305010006,松山競輪,6R,13:28,1-6,1,6,340.8,0.021522852425083984,6.3349881064686215
4520260304020004,豊橋競輪,4R,09:50,1-5,1,5,206.1,0.03523002457566535,6.260908065044628
2620260304020007,西武園競輪,7R,13:41,4-5,4,5,124.3,0.05646734823836633,6.018891386028934
3620260303030002,小田原競輪,2R,09:20,4-6,4,6,196.7,0.03556823881801121,5.996272575502805
2620260304020009,西武園競輪,9R,14:36,1-6,1,6,251.7,0.02771590118585133,5.976092328478779
3720260304020003,伊東競輪,3R,16:36,6-7,6,7,183.0,0.03799712546752479,5.953473960557036
2620260304020011,西武園競輪,11R,15:33,1-6,1,6,242.7,0.028594043165310154,5.939774276220774
3720260304020002,伊東競輪,2R,16:14,3-6,3,6,197.5,0.03457969040908779,5.829488855794838
3720260304020011,伊東競輪,11R,20:00,5-6,5,6,188.2,0.03624432521645238,5.821182005736337
7520260305010010,松山競輪,10R,15:18,3-4,3,4,397.8,0.017037439673278733,5.77749350203028
3720260304020009,伊東競輪,9R,19:02,2-6,2,6,119.0,0.05645278293876921,5.717881169713536
4520260304020002,豊橋競輪,2R,09:10,6-7,6,7,192.1,0.0348264803462703,5.690166874518524
7520260305010010,松山競輪,10R,15:18,1-4,1,4,446.0,0.014940873429998947,5.663629549779531
3620260303030002,小田原競輪,2R,09:20,1-6,1,6,190.1,0.03486895258473585,5.628587886358285
2620260304020005,西武園競輪,5R,12:49,3-6,3,6,304.3,0.02144921347194805,5.5269956595137915
7520260305010006,松山競輪,6R,13:28,3-6,3,6,340.8,0.019127931252417556,5.518798970823903
3720260304020006,伊東競輪,6R,17:48,2-6,2,6,143.0,0.045555809351820215,5.514480737310291
3720260304020005,伊東競輪,5R,17:24,1-2,1,2,195.5,0.0332576925815119,5.501878899685576
4520260304020003,豊橋競輪,3R,09:30,5-7,5,7,144.0,0.04466156555910009,5.431265440510414
7520260305010006,松山競輪,6R,13:28,6-7,6,7,176.1,0.03647185265156239,5.422693251940137
7520260305010011,松山競輪,11R,15:48,4-7,4,7,175.1,0.03661177827682824,5.410722376272624
7520260305010009,松山競輪,9R,14:50,4-7,4,7,349.2,0.01833737792464347,5.4034123712855
2620260304020005,西武園競輪,5R,12:49,4-6,4,6,284.0,0.022475995990404164,5.383182861274783
4520260304020005,豊橋競輪,5R,10:10,4-6,4,6,331.9,0.01884405951073312,5.254343351612322
4520260304020005,豊橋競輪,5R,10:10,3-6,3,6,199.1,0.031319222301961006,5.235657160320436
2620260304020012,西武園競輪,12R,16:04,5-6,5,6,198.6,0.031326092522328916,5.221361974934522
3620260303030005,小田原競輪,5R,10:20,6-7,6,7,122.0,0.0509306422184719,5.213538350653572
3620260303030001,小田原競輪,1R,09:00,3-4,3,4,183.8,0.03365420111096472,5.185642164195316
3720260304020012,伊東競輪,12R,20:30,6-7,6,7,155.6,0.03952552778341,5.150172123098596
2620260304020003,西武園競輪,3R,11:57,1-6,1,6,157.6,0.03821396512596229,5.022520903851657
7520260305010011,松山競輪,11R,15:48,4-9,4,9,248.5,0.024006060601036383,4.9655060593575415
3720260304020003,伊東競輪,3R,16:36,1-4,1,4,157.5,0.03780400683721569,4.95413107686147
4520260304020005,豊橋競輪,5R,10:10,4-5,4,5,160.6,0.036751663461137854,4.902317151858739
3620260303030003,小田原競輪,3R,09:40,5-7,5,7,124.3,0.04745709444241775,4.898916839192526
7520260305010002,松山競輪,2R,11:44,4-6,4,6,789.5,0.007444099209961719,4.877116326264777
2620260304020008,西武園競輪,8R,14:08,4-6,4,6,93.4,0.06290307738823692,4.875147428061329
3720260304020003,伊東競輪,3R,16:36,3-6,3,6,183.0,0.03193198904586606,4.843553995393489
4520260304020001,豊橋競輪,1R,08:50,5-6,5,6,162.3,0.03581480684733075,4.812743151321781
3720260304020007,伊東競輪,7R,18:12,1-5,1,5,191.7,0.029799650915216892,4.7125930804470775
3720260304020005,伊東競輪,5R,17:24,1-6,1,6,220.0,0.025852471360584106,4.687543699328503
2620260304020008,西武園競輪,8R,14:08,2-6,2,6,316.6,0.01788512315157168,4.6624299897875945
7520260305010008,松山競輪,8R,14:22,5-6,5,6,219.8,0.025481035894648847,4.600731689643817
7520260305010011,松山競輪,11R,15:48,7-8,7,8,175.1,0.031913828834651166,4.5881114289474185
2620260304020009,西武園競輪,9R,14:36,6-7,6,7,158.2,0.03528484806106021,4.582062963259725
3120260304020007,松戸競輪,7R,23:30,3-7,3,7,214.5,0.025990703575444127,4.575005916932765
3620260303030002,小田原競輪,2R,09:20,3-5,3,5,211.2,0.02618163277570177,4.529560842228213
7520260305010010,松山競輪,10R,15:18,1-8,1,8,545.1,0.01014171551476383,4.528249127097764
3720260304020007,伊東競輪,7R,18:12,5-6,5,6,136.9,0.04010750095659902,4.490716880958406
2620260304020003,西武園競輪,3R,11:57,3-6,3,6,250.0,0.02178374784982849,4.4459369624571226
2620260304020010,西武園競輪,10R,15:04,4-6,4,6,144.4,0.03764955833822531,4.436596224039735
3120260304020007,松戸競輪,7R,23:30,4-7,4,7,429.0,0.012633709852874998,4.419861526883374
7520260305010008,松山競輪,8R,14:22,1-6,1,6,191.8,0.028243902351954245,4.417180471104825
2620260304020009,西武園競輪,9R,14:36,4-6,4,6,135.0,0.04011561857631492,4.415608507802514
2620260304020004,西武園競輪,4R,12:23,1-3,1,3,123.1,0.04377120647193774,4.388235516695535
3720260304020007,伊東競輪,7R,18:12,5-7,5,7,159.7,0.03369739911827186,4.381474639188016
3620260303030001,小田原競輪,1R,09:00,4-7,4,7,146.3,0.03669149704435139,4.367966017588608
7520260305010011,松山競輪,11R,15:48,2-8,2,8,244.6,0.02186222192871639,4.347499483764029
7520260305010009,松山競輪,9R,14:50,3-4,3,4,587.4,0.009066767279485731,4.325819099969919
3620260303030005,小田原競輪,5R,10:20,4-6,4,6,178.0,0.029836221545983806,4.310847435185117
7520260305010008,松山競輪,8R,14:22,6-8,6,8,879.4,0.006029596122931548,4.302426830506003
7520260305010002,松山競輪,2R,11:44,6-8,6,8,789.5,0.006590836030639836,4.203465046190151
3720260304020007,伊東競輪,7R,18:12,3-6,3,6,119.8,0.04339065317321293,4.198200250150909
3620260303030005,小田原競輪,5R,10:20,5-7,5,7,137.8,0.03751268189912929,4.169247565700017
3720260304020006,伊東競輪,6R,17:48,3-6,3,6,183.9,0.02804280206119906,4.157071299054507
3720260304020003,伊東競輪,3R,16:36,1-6,1,6,282.1,0.018240615889808905,4.145677742515093
7520260305010001,松山競輪,1R,11:18,7-8,7,8,160.5,0.031751735686334624,4.0961535776567075
7520260305010009,松山競輪,9R,14:50,1-4,1,4,391.6,0.01294111111297794,4.067739111842162
3620260303030001,小田原競輪,1R,09:00,3-6,3,6,183.8,0.027332034142830898,4.023627875452319
3120260304020007,松戸競輪,7R,23:30,1-2,1,2,47.6,0.10537254395204632,4.015733092117404
7520260305010004,松山競輪,4R,12:36,3-8,3,8,129.0,0.038815555196281104,4.007206620320263
4520260304020005,豊橋競輪,5R,10:10,5-7,5,7,118.5,0.04212623052349668,3.9919583170343564
3620260303030006,小田原競輪,6R,10:40,3-7,3,7,73.9,0.06678675957256926,3.935541532412868
7520260305010006,松山競輪,6R,13:28,1-8,1,8,293.5,0.01679552496638738,3.9294865776346954
7520260305010011,松山競輪,11R,15:48,1-4,1,4,102.7,0.04757370475743777,3.885819478588859
2620260304020012,西武園競輪,12R,16:04,6-7,6,7,163.3,0.02991029605907064,3.884351346446236
7520260305010009,松山競輪,9R,14:50,2-8,2,8,138.9,0.03492834294498008,3.851546835057733
7520260305010009,松山競輪,9R,14:50,1-8,1,8,307.7,0.0157176340021547,3.8363159824630015
2620260304020012,西武園競輪,12R,16:04,5-7,5,7,170.9,0.028283973219438766,3.833731023202085
7520260305010010,松山競輪,10R,15:18,7-8,7,8,150.2,0.03214176252831412,3.82769273175278
2420260304020005,宇都宮競輪,5R,22:27,1-3,1,3,60.0,0.08044501842980041,3.8267011057880245
3720260304020007,伊東競輪,7R,18:12,2-3,2,3,191.7,0.025107767678356655,3.8131590639409705
3620260303030002,小田原競輪,2R,09:20,3-6,3,6,285.2,0.016869561875044202,3.8111990467626065
3720260304020007,伊東競輪,7R,18:12,4-5,4,5,95.8,0.05010498695996217,3.800057750764376
7520260305010011,松山競輪,11R,15:48,4-5,4,5,440.2,0.010871288171075584,3.7855410529074716
7520260305010010,松山競輪,10R,15:18,8-9,8,9,181.7,0.026240051342770146,3.7678173289813355
7520260305010001,松山競輪,1R,11:18,3-8,3,8,286.3,0.01660600292454678,3.754298637297744
7520260305010001,松山競輪,1R,11:18,6-7,6,7,147.1,0.0322770439736329,3.7479531685213994
2620260304020003,西武園競輪,3R,11:57,1-3,1,3,103.5,0.045752273931581086,3.7353603519186427
4520260304020005,豊橋競輪,5R,10:10,6-7,6,7,226.3,0.020861413760552554,3.720937934013043
7520260305010009,松山競輪,9R,14:50,6-7,6,7,253.4,0.01860977472983703,3.7157169165407034
3620260303030001,小田原競輪,1R,09:00,2-7,2,7,97.5,0.04812451031993852,3.692139756194006
7520260305010008,松山競輪,8R,14:22,1-8,1,8,329.7,0.014162669306295523,3.669432070285634
2620260304020009,西武園競輪,9R,14:36,3-6,3,6,59.5,0.07843045221549122,3.6666119068217276
4520260304020007,豊橋競輪,7R,10:50,1-5,1,5,96.3,0.04806271192296578,3.628439158181605
3720260304020005,伊東競輪,5R,17:24,3-6,3,6,83.8,0.05519614716716014,3.6254371326080195
4520260304020005,豊橋競輪,5R,10:10,2-6,2,6,199.1,0.02305721389572296,3.5906912866384415
2620260304020005,西武園競輪,5R,12:49,4-7,4,7,129.1,0.03539363785520924,3.5693186471075133
7520260305010009,松山競輪,9R,14:50,4-5,4,5,248.5,0.018382120185945445,3.5679568662074432
7520260305010011,松山競輪,11R,15:48,1-8,1,8,112.4,0.040633354119003554,3.567189002976
3720260304020005,伊東競輪,5R,17:24,1-3,1,3,92.6,0.04930661227083949,3.565792296279737
2620260304020003,西武園競輪,3R,11:57,6-7,6,7,80.5,0.05663753347310645,3.559321444585069
2620260304020011,西武園競輪,11R,15:33,5-6,5,6,177.6,0.025578160081305416,3.5426812304398414
2620260304020012,西武園競輪,12R,16:04,1-2,1,2,183.7,0.024645737782487437,3.527422030642942
3620260303030002,小田原競輪,2R,09:20,3-4,3,4,219.4,0.02062492444707732,3.5251084236887635
7520260305010003,松山競輪,3R,12:10,5-7,5,7,120.6,0.03734279593781453,3.5035411901004325
7520260305010004,松山競輪,4R,12:36,5-8,5,8,102.1,0.04407559727663812,3.500118481944752
7520260305010011,松山競輪,11R,15:48,2-5,2,5,195.0,0.023070876221825673,3.4988208632560065
3620260303030006,小田原競輪,6R,10:40,5-7,5,7,144.2,0.031165288029028793,3.4940345337859515
2620260304020004,西武園競輪,4R,12:23,3-6,3,6,208.6,0.02147186246774442,3.4790305107714863
7520260305010011,松山競輪,11R,15:48,2-9,2,9,125.2,0.03540899627702346,3.433206333883337
7520260305010004,松山競輪,4R,12:36,1-8,1,8,224.0,0.019774005129161054,3.429377148932076
4520260304020004,豊橋競輪,4R,09:50,1-4,1,4,215.9,0.02039678519083856,3.4036659227020456
3620260303030003,小田原競輪,3R,09:40,4-5,4,5,145.0,0.030336688393380717,3.398819817040204
7520260305010011,松山競輪,11R,15:48,2-6,2,6,513.6,0.008562606020260606,3.397754452005848
2620260304020011,西武園競輪,11R,15:33,6-7,6,7,59.2,0.07361850727183146,3.358215630492422
7520260305010004,松山競輪,4R,12:36,8-9,8,9,250.4,0.017363493917358648,3.3478188769066053
3620260303030002,小田原競輪,2R,09:20,2-3,2,3,118.8,0.036566055599208204,3.3440474051859344
7520260305010004,松山競輪,4R,12:36,7-8,7,8,387.0,0.011214164238048515,3.339881560124775
2620260304020004,西武園競輪,4R,12:23,3-5,3,5,108.8,0.039876798853132764,3.338595715220845
2620260304020007,西武園競輪,7R,13:41,5-6,5,6,86.3,0.05005758036363252,3.3199691853814857
7520260305010001,松山競輪,1R,11:18,3-4,3,4,240.7,0.01792724386953115,3.315087599396148
3620260303030003,小田原競輪,3R,09:40,6-7,6,7,84.5,0.050959562659589695,3.3060830447353293
3720260304020002,伊東競輪,2R,16:14,2-3,2,3,131.6,0.03264702296757145,3.2963482225324032
3620260303030001,小田原競輪,1R,09:00,1-6,1,6,76.7,0.05575439848761729,3.2763623640002466
7520260305010011,松山競輪,11R,15:48,6-7,6,7,350.2,0.012195317680086522,3.2708002515662997
2620260304020004,西武園競輪,4R,12:23,5-6,5,6,170.6,0.024914674211874325,3.2504434205457597
2620260304020012,西武園競輪,12R,16:04,3-5,3,5,86.4,0.04881944266015949,3.21799984583778
2620260304020002,西武園競輪,2R,11:31,6-7,6,7,138.6,0.030407511648117384,3.214481114429069
2620260304020009,西武園競輪,9R,14:36,5-6,5,6,221.5,0.018915727184299833,3.1898335713224126
2620260304020010,西武園競輪,10R,15:04,6-7,6,7,154.3,0.026997090073803298,3.165650998387849
2620260304020007,西武園競輪,7R,13:41,4-6,4,6,244.5,0.016969032068410064,3.148928340726261
2620260304020006,西武園競輪,6R,13:15,3-4,3,4,44.6,0.09295081827277508,3.1456064949657687
7520260305010001,松山競輪,1R,11:18,6-8,6,8,353.1,0.011703834702665568,3.1326240335112123
3120260304020007,松戸競輪,7R,23:30,4-6,4,6,214.5,0.01926126321153092,3.131540958873382
7520260305010001,松山競輪,1R,11:18,3-7,3,7,96.3,0.04269228066481161,3.111266628021358
7520260305010009,松山競輪,9R,14:50,4-8,4,8,478.6,0.008581697132912845,3.107200247812088
7520260305010008,松山競輪,8R,14:22,3-6,3,6,351.7,0.011664413464181702,3.1023742153527047
7520260305010008,松山競輪,8R,14:22,2-8,2,8,293.1,0.013797744887939084,3.044119026654946
2620260304020005,西武園競輪,5R,12:49,2-6,2,6,207.8,0.019456835515358165,3.043130420091427
2620260304020010,西武園競輪,10R,15:04,1-6,1,6,82.8,0.04856021284740376,3.020785623765031
7520260305010002,松山競輪,2R,11:44,3-8,3,8,218.3,0.018402980746423273,3.0173706969442007
3620260303030006,小田原競輪,6R,10:40,1-2,1,2,117.7,0.03408752661925586,3.012101883086415
7520260305010009,松山競輪,9R,14:50,2-6,2,6,126.7,0.03165522128896593,3.0107165373119837
7520260305010011,松山競輪,11R,15:48,4-6,4,6,770.5,0.005200453689502611,3.0069495677617617
2620260304020004,西武園競輪,4R,12:23,6-7,6,7,150.2,0.02660370038961742,2.995875798520536
7520260305010002,松山競輪,2R,11:44,1-8,1,8,256.6,0.015556920684913492,2.9919058477488023
2620260304020005,西武園競輪,5R,12:49,4-5,4,5,63.5,0.0628046741458033,2.98809680825851
3620260303030005,小田原競輪,5R,10:20,4-7,4,7,60.1,0.06633730722876577,2.986872164448823
4520260304020001,豊橋競輪,1R,08:50,3-6,3,6,104.6,0.03810487947497298,2.9857703930821735
4520260304020006,豊橋競輪,6R,10:30,2-6,2,6,196.9,0.020204267586293557,2.9782202877412014
2620260304020012,西武園競輪,12R,16:04,1-5,1,5,150.0,0.026509914676786456,2.976487201517968
3620260303030007,小田原競輪,7R,11:00,6-7,6,7,98.5,0.040235025046261065,2.9631499670567147
2620260304020010,西武園競輪,10R,15:04,2-3,2,3,62.3,0.06355354689987414,2.9593859718621585
2420260304020001,宇都宮競輪,1R,20:49,4-6,4,6,85.5,0.04626209460674466,2.955409088876668
7520260305010006,松山競輪,6R,13:28,4-7,4,7,61.0,0.06482362737547193,2.9542412699037874
7520260305010002,松山競輪,2R,11:44,7-8,7,8,171.0,0.02310192825912302,2.9504297323100364
4520260304020001,豊橋競輪,1R,08:50,4-5,4,5,151.1,0.02604066070874353,2.9347438330911473
7520260305010008,松山競輪,8R,14:22,6-7,6,7,92.5,0.042535172929986514,2.9345034960237526
2620260304020011,西武園競輪,11R,15:33,3-6,3,6,173.3,0.02266774812474458,2.928320750018236
3720260304020011,伊東競輪,11R,20:00,6-7,6,7,80.6,0.04862220719920861,2.9189499002562136
7520260305010002,松山競輪,2R,11:44,4-7,4,7,146.6,0.026645340118595554,2.906206861386108
3620260303030001,小田原競輪,1R,09:00,2-3,2,3,90.8,0.04298927465985316,2.9034261391146665
4520260304020006,豊橋競輪,6R,10:30,2-5,2,5,100.5,0.03874586616876687,2.8939595499610706
3720260304020003,伊東競輪,3R,16:36,1-2,1,2,102.6,0.03787390519630128,2.8858626731405113
2620260304020010,西武園競輪,10R,15:04,5-7,5,7,183.5,0.021159175728795783,2.882708746234026
7520260305010007,松山競輪,7R,13:54,6-7,6,7,344.7,0.011245409927020859,2.87629280184409
3620260303030003,小田原競輪,3R,09:40,2-6,2,6,75.1,0.05158170131609058,2.873785768838402
7520260305010010,松山競輪,10R,15:18,4-5,4,5,161.7,0.023894562601449086,2.863750772654317
2620260304020010,西武園競輪,10R,15:04,3-6,3,6,282.9,0.013588113026763438,2.844077175271376
7520260305010004,松山競輪,4R,12:36,5-6,5,6,117.1,0.03276735648880817,2.8370574448394366
7520260305010007,松山競輪,7R,13:54,7-8,7,8,392.3,0.00974722908798781,2.8238379712176176
2620260304020009,西武園競輪,9R,14:36,1-2,1,2,83.9,0.04553802293379094,2.82064012414506
3720260304020005,伊東競輪,5R,17:24,1-4,1,4,125.7,0.030373100685602922,2.8178987561802873
2620260304020004,西武園競輪,4R,12:23,2-3,2,3,110.4,0.03457586866925577,2.8171759010858373
4520260304020001,豊橋競輪,1R,08:50,6-7,6,7,116.9,0.0324360455655438,2.7917737266120706
7520260305010006,松山競輪,6R,13:28,2-4,2,4,148.8,0.025468237765211104,2.7896737794634126
7520260305010004,松山競輪,4R,12:36,2-8,2,8,172.6,0.021918894528773585,2.7832011956663205
7520260305010011,松山競輪,11R,15:48,8-9,8,9,177.1,0.02122123576600823,2.7582808541600574
4520260304020002,豊橋競輪,2R,09:10,2-6,2,6,96.0,0.0390585221013107,2.7496181217258275
3620260303030002,小田原競輪,2R,09:20,1-3,1,3,184.0,0.02036814316702596,2.747738342732777
7520260305010009,松山競輪,9R,14:50,5-8,5,8,187.3,0.020000893451654657,2.7461673434949176
8720260304020004,熊本競輪,4R,21:53,1-7,1,7,39.0,0.09591594783991811,2.7407219657568063
7520260305010007,松山競輪,7R,13:54,8-9,8,9,218.8,0.01708903472136095,2.739080797033776
7520260305010006,松山競輪,6R,13:28,6-8,6,8,754.8,0.004951743926956695,2.7375763160669133
2620260304020012,西武園競輪,12R,16:04,2-3,2,3,82.5,0.04525024415748821,2.7331451429927776
7520260305010010,松山競輪,10R,15:18,2-4,2,4,320.0,0.011633674307467166,2.7227757783894933
2620260304020012,西武園競輪,12R,16:04,2-7,2,7,141.3,0.02634642974007163,2.7227505222721216
7520260305010011,松山競輪,11R,15:48,3-4,3,4,214.0,0.017376552373287366,2.7185822078834962
3120260304020007,松戸競輪,7R,23:30,1-7,1,7,71.5,0.05191928133623545,2.7122286155408344
4520260304020005,豊橋競輪,5R,10:10,3-5,3,5,65.5,0.05661918399076241,2.708556551394938
7520260305010002,松山競輪,2R,11:44,6-7,6,7,128.3,0.028591228256151006,2.6682545852641746
3720260304020006,伊東競輪,6R,17:48,1-7,1,7,99.0,0.03680906354815176,2.6440972912670246
3620260303030002,小田原競輪,2R,09:20,6-7,6,7,63.3,0.05756309559632753,2.6437439512475325
7520260305010004,松山競輪,4R,12:36,3-6,3,6,130.3,0.027883001447724085,2.6331550886384485
7520260305010011,松山競輪,11R,15:48,4-8,4,8,308.2,0.011748944731591885,2.621024766276619
3620260303030005,小田原競輪,5R,10:20,2-6,2,6,52.0,0.06927492343791686,2.6022960187716766
7520260305010009,松山競輪,9R,14:50,1-6,1,6,258.4,0.013919105685473738,2.5966969091264134
4520260304020006,豊橋競輪,6R,10:30,4-6,4,6,262.5,0.013660100863092533,2.5857764765617897
7520260305010008,松山競輪,8R,14:22,6-9,6,9,351.7,0.010177367827156596,2.579380264810975
3720260304020004,伊東競輪,4R,17:00,3-6,3,6,203.9,0.017549799299525746,2.5784040771732997
2620260304020008,西武園競輪,8R,14:08,3-6,3,6,126.6,0.02819180865454969,2.5690829756659905
7520260305010011,松山競輪,11R,15:48,1-2,1,2,57.5,0.06199027579406059,2.564440858158484
7520260305010001,松山競輪,1R,11:18,1-3,1,3,113.9,0.03128489548760982,2.563349596038759
3620260303030005,小田原競輪,5R,10:20,1-6,1,6,109.5,0.03250026993865001,2.558779558282176
7520260305010009,松山競輪,9R,14:50,3-8,3,8,300.5,0.011831673581652786,2.555417911286662
3720260304020001,伊東競輪,1R,15:54,4-5,4,5,129.7,0.027384251348810954,2.5517373999407806
7520260305010005,松山競輪,5R,13:02,6-7,6,7,93.3,0.03803377426703287,2.5485511391141666
7520260305010006,松山競輪,6R,13:28,4-9,4,9,182.1,0.019483028331609135,2.5478594591860233
7520260305010007,松山競輪,7R,13:54,5-9,5,9,132.3,0.026815923242721272,2.5477466450120247
7520260305010002,松山競輪,2R,11:44,2-6,2,6,193.6,0.018198974506506295,2.5233214644596185
3720260304020005,伊東競輪,5R,17:24,5-6,5,6,65.1,0.05410104814382768,2.5219782341631816
7520260305010009,松山競輪,9R,14:50,4-6,4,6,478.6,0.007338636047754554,2.5122712124553295
7520260305010005,松山競輪,5R,13:02,3-6,3,6,291.2,0.012031441724067124,2.5035558300483465
3720260304020004,伊東競輪,4R,17:00,5-7,5,7,58.2,0.06014637723994477,2.500519155364786
7520260305010011,松山競輪,11R,15:48,2-7,2,7,67.8,0.05140812814725136,2.485471088383642
3720260304020010,伊東競輪,10R,19:30,5-6,5,6,67.4,0.05151088278203293,2.47183349950902
4520260304020001,豊橋競輪,1R,08:50,1-4,1,4,59.4,0.05839897212512799,2.4688989442326026
7520260305010004,松山競輪,4R,12:36,2-6,2,6,232.2,0.014922560103901781,2.4650184561259936
7520260305010001,松山競輪,1R,11:18,8-9,8,9,331.0,0.01046743895565926,2.464722294323215
7520260305010002,松山競輪,2R,11:44,5-8,5,8,119.3,0.0288839233761662,2.445852058776628
3620260303030006,小田原競輪,6R,10:40,1-7,1,7,104.9,0.03283662903800814,2.444562386087054
4520260304020001,豊橋競輪,1R,08:50,4-7,4,7,147.0,0.023400195456731533,2.4398287321395355
4520260304020001,豊橋競輪,1R,08:50,1-6,1,6,43.3,0.07846280382509693,2.397439405626697
7520260305010003,松山競輪,3R,12:10,5-6,5,6,193.4,0.017554449767119756,2.3950305849609608
3720260304020003,伊東競輪,3R,16:36,4-5,4,5,87.9,0.03862110551041083,2.394795174365112
4520260304020006,豊橋競輪,6R,10:30,4-5,4,5,112.5,0.03012104565313044,2.3886176359771745
7520260305010009,松山競輪,9R,14:50,5-6,5,6,187.3,0.01796192145955249,2.3642678893741813
7520260305010010,松山競輪,10R,15:18,1-9,1,9,72.8,0.046088530052479725,2.355244987820524
2620260304020010,西武園競輪,10R,15:04,4-5,4,5,113.1,0.029648226491057368,2.353214416138588
7520260305010011,松山競輪,11R,15:48,5-8,5,8,308.2,0.01083270408372011,2.3386393986025373
4520260304020005,豊橋競輪,5R,10:10,5-6,5,6,177.8,0.018770271948979917,2.3373543525286293
7520260305010002,松山競輪,2R,11:44,6-9,6,9,394.7,0.008419762612429863,2.323280303126067
4520260304020004,豊橋競輪,4R,09:50,6-7,6,7,75.5,0.04401017247052865,2.3227680215249134
3720260304020002,伊東競輪,2R,16:14,4-6,4,6,307.2,0.010805203461328239,2.319358503320035
3620260303030003,小田原競輪,3R,09:40,2-4,2,4,44.4,0.07455501965469637,2.3102428726685185
4520260304020007,豊橋競輪,7R,10:50,3-4,3,4,79.9,0.04142027942350894,2.3094803259383645
2420260304020001,宇都宮競輪,1R,20:49,4-5,4,5,42.7,0.07726327019521913,2.299141637335857
3120260304020005,松戸競輪,5R,22:36,2-7,2,7,54.7,0.06031120663347178,2.2990230028509067
2420260304020007,宇都宮競輪,7R,23:21,5-6,5,6,67.5,0.048822191326076556,2.2954979145101677
7520260305010001,松山競輪,1R,11:18,1-6,1,6,143.1,0.022997693888515792,2.2909699954466096
3720260304020002,伊東競輪,2R,16:14,5-6,5,6,125.6,0.026111998177101817,2.279666971043988
7520260305010008,松山競輪,8R,14:22,1-2,1,2,65.5,0.049975176946661315,2.273374090006316
2620260304020011,西武園競輪,11R,15:33,4-6,4,6,92.1,0.03553336238406929,2.2726226755727814
4520260304020002,豊橋競輪,2R,09:10,1-6,1,6,211.3,0.015407689136178446,2.2556447144745055
3720260304020004,伊東競輪,4R,17:00,3-5,3,5,58.9,0.05489270602610925,2.233180384937835
3720260304020011,伊東競輪,11R,20:00,3-6,3,6,62.7,0.051345376957818004,2.219355135255189
7520260305010009,松山競輪,9R,14:50,3-7,3,7,133.2,0.024169210031903615,2.219338776249561
3720260304020004,伊東競輪,4R,17:00,4-6,4,6,113.8,0.02827546219008974,2.2177475972322123
2620260304020007,西武園競輪,7R,13:41,3-6,3,6,156.0,0.020597646184280154,2.213232804747704
7520260305010001,松山競輪,1R,11:18,2-6,2,6,94.5,0.03392040861563328,2.205478614177345
3720260304020007,伊東競輪,7R,18:12,3-7,3,7,87.1,0.03671015481803102,2.1974544846505015
7520260305010002,松山競輪,2R,11:44,7-9,7,9,109.1,0.029265442708760515,2.192859799525772
3120260304020007,松戸競輪,7R,23:30,2-7,2,7,107.2,0.02977177628072747,2.1915344172939846
3720260304020012,伊東競輪,12R,20:30,5-6,5,6,103.7,0.030757612765269993,2.1895644437584982
3720260304020005,伊東競輪,5R,17:24,2-4,2,4,83.8,0.037966600794213906,2.181601146555125
7520260305010011,松山競輪,11R,15:48,2-3,2,3,116.7,0.027205328402153294,2.1748618245312894
7520260305010003,松山競輪,3R,12:10,7-8,7,8,207.7,0.01528079276611526,2.173820657522139
7520260305010011,松山競輪,11R,15:48,3-8,3,8,202.7,0.015634437820764208,2.1691005462689046
2620260304020002,西武園競輪,2R,11:31,3-5,3,5,73.0,0.043383645024567805,2.1670060867934495
7520260305010001,松山競輪,1R,11:18,1-8,1,8,135.8,0.023320427576929915,2.1669140649470826
3720260304020010,伊東競輪,10R,19:30,3-4,3,4,55.1,0.05732842248941704,2.158796079166879
7520260305010012,松山競輪,12R,16:20,4-7,4,7,113.6,0.02774403616374006,2.1517225082008706
3720260304020007,伊東競輪,7R,18:12,1-3,1,3,95.8,0.03274133674724232,2.1366200603858143
2620260304020005,西武園競輪,5R,12:49,5-7,5,7,63.5,0.04935551396724511,2.1340751369200643
2620260304020010,西武園競輪,10R,15:04,5-6,5,6,282.9,0.011064640468481816,2.1301867885335057
3620260303030001,小田原競輪,1R,09:00,4-6,4,6,254.9,0.012269267203904678,2.1274362102753024
7520260305010012,松山競輪,12R,16:20,7-8,7,8,157.1,0.019884533654536105,2.123860237127622
7520260305010007,松山競輪,7R,13:54,5-6,5,6,632.1,0.004934322616745847,2.11898532604505
7520260305010010,松山競輪,10R,15:18,3-8,3,8,267.6,0.011643691304474745,2.115851793077442
3720260304020009,伊東競輪,9R,19:02,4-6,4,6,71.4,0.043622470861022736,2.1146444194770235
7520260305010011,松山競輪,11R,15:48,5-6,5,6,642.0,0.004841364156725613,2.108155788617844
7520260305010010,松山競輪,10R,15:18,2-7,2,7,76.6,0.04050464369514627,2.102655707048204
7520260305010004,松山競輪,4R,12:36,6-8,6,8,255.4,0.01214334491532704,2.1014102913745263
3720260304020003,伊東競輪,3R,16:36,2-6,2,6,178.2,0.017397480914848502,2.100231099026003
4520260304020002,豊橋競輪,2R,09:10,1-3,1,3,58.7,0.05275411582316799,2.096666598819961
7520260305010002,松山競輪,2R,11:44,8-9,8,9,513.2,0.006033410980129652,2.096346515002538
4520260304020006,豊橋競輪,6R,10:30,6-7,6,7,76.2,0.040617761260092484,2.0950734080190476
3620260303030001,小田原競輪,1R,09:00,4-5,4,5,101.3,0.030474694906961475,2.0870865940751973
2620260304020002,西武園競輪,2R,11:31,2-3,2,3,142.3,0.021673410873445213,2.084126367291254
4520260304020004,豊橋競輪,4R,09:50,5-7,5,7,55.9,0.055084326634481526,2.0792138588675173
2620260304020011,西武園競輪,11R,15:33,2-6,2,6,154.9,0.01971430337384114,2.053745592607993
2420260304020007,宇都宮競輪,7R,23:21,2-5,2,5,67.5,0.04515659831435433,2.0480703862189173
4520260304020002,豊橋競輪,2R,09:10,2-7,2,7,58.7,0.051613118215804554,2.0296900392677273
4520260304020002,豊橋競輪,2R,09:10,4-6,4,6,86.2,0.03512295132703301,2.0275984043902455
2620260304020007,西武園競輪,7R,13:41,4-7,4,7,53.1,0.05689576482486354,2.021165112200254
2620260304020012,西武園競輪,12R,16:04,4-6,4,6,40.1,0.07530877166625813,2.019881743816951
3620260303030004,小田原競輪,4R,10:00,3-5,3,5,63.2,0.047777547539280006,2.0195410044824964
3620260303030007,小田原競輪,7R,11:00,5-7,5,7,80.3,0.03751735046897097,2.0126432426583687
7520260305010002,松山競輪,2R,11:44,4-8,4,8,570.2,0.005278973844504731,2.0100708861365977
7520260305010007,松山競輪,7R,13:54,1-6,1,6,189.6,0.015870558902011264,2.0090579678213354
2620260304020002,西武園競輪,2R,11:31,3-7,3,7,106.0,0.028346953839777915,2.004777107016459
3720260304020004,伊東競輪,4R,17:00,6-7,6,7,163.1,0.018361263831425324,1.9947221309054703
7520260305010005,松山競輪,5R,13:02,1-6,1,6,139.0,0.021542934635857547,1.9944679143841988
3120260304020002,松戸競輪,2R,21:21,1-7,1,7,39.0,0.07676808517804393,1.9939553219437132
3620260303030003,小田原競輪,3R,09:40,4-7,4,7,41.4,0.07222200575759607,1.9899910383644772
7520260305010008,松山競輪,8R,14:22,4-6,4,6,229.4,0.012987122874971325,1.9792459875184218
7520260305010009,松山競輪,9R,14:50,2-3,2,3,71.0,0.041778954499730334,1.966305769480854
4520260304020006,豊橋競輪,6R,10:30,1-5,1,5,50.2,0.05880598627125655,1.9520605108170788
2620260304020003,西武園競輪,3R,11:57,5-6,5,6,111.5,0.026427897576270586,1.9467105797541704
7520260305010011,松山競輪,11R,15:48,1-6,1,6,195.0,0.015094875601859742,1.9435007423626498
7520260305010001,松山競輪,1R,11:18,2-8,2,8,89.0,0.03294667382307416,1.9322539702536004
4520260304020004,豊橋競輪,4R,09:50,3-6,3,6,43.1,0.06787068824489602,1.9252266633550184
7520260305010010,松山競輪,10R,15:18,2-8,2,8,368.0,0.007922018551919374,1.9153028271063297
2420260304020001,宇都宮競輪,1R,20:49,3-6,3,6,85.5,0.03376665927364408,1.8870493678965685
4520260304020002,豊橋競輪,2R,09:10,5-6,5,6,91.8,0.03142397465167879,1.8847208730241127
8720260304020004,熊本競輪,4R,21:53,1-4,1,4,39.0,0.07356311521881563,1.8689614935338095
3720260304020004,伊東競輪,4R,17:00,1-7,1,7,48.9,0.05852916833069495,1.8620763313709832
7520260305010003,松山競輪,3R,12:10,7-9,7,9,200.3,0.014235745273551776,1.851419778292421
2420260304020007,宇都宮競輪,7R,23:21,4-5,4,5,67.5,0.042200546253336045,1.848536872100183
7520260305010001,松山競輪,1R,11:18,6-9,6,9,331.0,0.008564419020115491,1.8348226956582274
7520260305010001,松山競輪,1R,11:18,4-6,4,6,252.2,0.011237650201864789,1.8341353809102996
7520260305010003,松山競輪,3R,12:10,2-4,2,4,60.6,0.046723484548213456,1.8314431636217354
3720260304020005,伊東競輪,5R,17:24,2-7,2,7,62.8,0.044802904472054345,1.8136224008450128
2620260304020007,西武園競輪,7R,13:41,2-4,2,4,92.8,0.030312598190140257,1.8130091120450156
2620260304020002,西武園競輪,2R,11:31,2-6,2,6,120.1,0.023411310015867763,1.8116983329057184
4520260304020006,豊橋競輪,6R,10:30,2-3,2,3,66.5,0.04226861669238664,1.810863010043712
8720260304020001,熊本競輪,1R,20:41,2-7,2,7,113.2,0.02478064430252866,1.805168935046244
3720260304020002,伊東競輪,2R,16:14,2-6,2,6,276.5,0.010121310913923638,1.7985424676998858
3720260304020003,伊東競輪,3R,16:36,1-3,1,3,45.1,0.06190185523782417,1.79177367122587
2420260304020006,宇都宮競輪,6R,22:54,2-3,2,3,31.5,0.08846730764510584,1.786720190820834
4520260304020001,豊橋競輪,1R,08:50,4-6,4,6,201.4,0.013830569672483396,1.785476732038156
7520260305010008,松山競輪,8R,14:22,7-8,7,8,130.2,0.021310682825384702,1.774650903865088
2620260304020010,西武園競輪,10R,15:04,1-5,1,5,72.2,0.03841108876519452,1.7732806088470445
3620260303030005,小田原競輪,5R,10:20,3-4,3,4,109.5,0.025316784800827177,1.7721879356905759
7520260305010004,松山競輪,4R,12:36,1-6,1,6,212.8,0.012968599752409344,1.7597180273127084
7520260305010009,松山競輪,9R,14:50,1-3,1,3,153.8,0.01791143082030517,1.7547780601629355
7520260305010006,松山競輪,6R,13:28,2-8,2,8,264.1,0.010424692407302285,1.7531612647685337
7520260305010002,松山競輪,2R,11:44,2-9,2,9,150.9,0.018199587454290095,1.7463177468523754
7520260305010003,松山競輪,3R,12:10,4-5,4,5,51.2,0.053587167850687345,1.7436629939551924
8720260304020001,熊本競輪,1R,20:41,2-5,2,5,56.6,0.04830705425483611,1.734179270823724
4520260304020007,豊橋競輪,7R,10:50,1-4,1,4,64.7,0.04223094013679449,1.7323418268506035
7520260305010008,松山競輪,8R,14:22,1-4,1,4,87.9,0.031004562768501644,1.7253010673512947
7520260305010002,松山競輪,2R,11:44,3-4,3,4,128.3,0.021240563585011214,1.725164307956939
4520260304020007,豊橋競輪,7R,10:50,2-4,2,4,121.2,0.022479113945825267,1.7244686102340223
2620260304020007,西武園競輪,7R,13:41,1-3,1,3,78.8,0.034544189660588004,1.7220821452543347
3620260303030001,小田原競輪,1R,09:00,1-3,1,3,31.9,0.0853142959202464,1.7215260398558603
3720260304020003,伊東競輪,3R,16:36,1-7,1,7,38.0,0.07129745112417296,1.7093031427185723
7520260305010012,松山競輪,12R,16:20,1-4,1,4,94.0,0.028789844417940327,1.7062453752863909
8720260304020001,熊本競輪,1R,20:41,3-6,3,6,56.6,0.04778571325916885,1.7046713704689567
8720260304020001,熊本競輪,1R,20:41,3-7,3,7,113.2,0.02388005106593619,1.7032217806639767
2620260304020011,西武園競輪,11R,15:33,3-5,3,5,88.8,0.03038949429348141,1.6985870932611489
3620260303030001,小田原競輪,1R,09:00,1-4,1,4,41.1,0.0655637995948361,1.694672163347764
7520260305010012,松山競輪,12R,16:20,5-7,5,7,77.3,0.034762464414112,1.6871384992108576
7520260305010006,松山競輪,6R,13:28,5-6,5,6,391.3,0.006843207520788812,1.6777471028846622
3620260303030007,小田原競輪,7R,11:00,4-7,4,7,67.3,0.03969387153421117,1.6713975542524113
2620260304020003,西武園競輪,3R,11:57,4-6,4,6,129.4,0.02053933628265344,1.6577901149753553
3720260304020003,伊東競輪,3R,16:36,4-7,4,7,38.2,0.06951837101289927,1.6556017726927523
4520260304020004,豊橋競輪,4R,09:50,1-6,1,6,103.0,0.025675919381499164,1.6446196962944137
7520260305010002,松山競輪,2R,11:44,2-4,2,4,160.3,0.016441384594444722,1.6355539504894892
3620260303030006,小田原競輪,6R,10:40,1-5,1,5,42.4,0.062130473516170265,1.6343320770856193
2420260304020007,宇都宮競輪,7R,23:21,3-6,3,6,67.5,0.0389595787410902,1.6297715650235882
2620260304020011,西武園競輪,11R,15:33,1-2,1,2,83.7,0.0313125572944208,1.620861045543021
7520260305010001,松山競輪,1R,11:18,7-9,7,9,86.8,0.030129497471344018,1.6152403805126605
3120260304020002,松戸競輪,2R,21:21,4-5,4,5,39.0,0.06697745878519387,1.6121208926225612
4520260304020003,豊橋競輪,3R,09:30,3-7,3,7,46.9,0.05566840185895355,1.6108480471849216
4520260304020006,豊橋競輪,6R,10:30,3-4,3,4,80.1,0.0325495892123002,1.6072220959052461
7520260305010012,松山競輪,12R,16:20,4-5,4,5,135.3,0.01926281996376991,1.6062595410980691
3620260303030004,小田原競輪,4R,10:00,4-5,4,5,90.6,0.028723415898220212,1.602341480378751
2620260304020003,西武園競輪,3R,11:57,3-7,3,7,39.8,0.0652828013284487,1.598255492872258
2620260304020005,西武園競輪,5R,12:49,2-4,2,4,63.5,0.0408787533386533,1.5958008370044845
8720260304020001,熊本競輪,1R,20:41,1-5,1,5,37.7,0.06877517422703025,1.5928240683590404
2620260304020003,西武園競輪,3R,11:57,3-4,3,4,103.5,0.02501839688235029,1.589404077323255
3720260304020009,伊東競輪,9R,19:02,5-7,5,7,59.5,0.04341168594409099,1.5829953136734138
3620260303030006,小田原競輪,6R,10:40,1-6,1,6,64.1,0.04022499960699107,1.5784224748081277
7520260305010002,松山競輪,2R,11:44,4-9,4,9,380.1,0.006768686214059447,1.572777629963996
3620260303030004,小田原競輪,4R,10:00,5-6,5,6,55.6,0.0461648931516933,1.5667680592341475
2620260304020010,西武園競輪,10R,15:04,3-7,3,7,102.8,0.024967576837552928,1.5666668989004409
4520260304020003,豊橋競輪,3R,09:30,1-7,1,7,102.9,0.024890766023119702,1.5612598237790176
4520260304020002,豊橋競輪,2R,09:10,3-7,3,7,29.9,0.08555716950007758,1.5581593680523196
2620260304020006,西武園競輪,6R,13:15,4-5,4,5,49.7,0.05137975752033025,1.5535739487604134
2620260304020004,西武園競輪,4R,12:23,5-7,5,7,55.6,0.045870714930039,1.5504117501101682
7520260305010001,松山競輪,1R,11:18,2-3,2,3,57.5,0.04434187069965679,1.5496575652302655
7520260305010011,松山競輪,11R,15:48,2-4,2,4,103.4,0.024618589243545076,1.5455621277825609
2620260304020003,西武園競輪,3R,11:57,1-4,1,4,65.9,0.0385987347534521,1.5436566202524937
2620260304020002,西武園競輪,2R,11:31,5-6,5,6,57.5,0.04383082946532709,1.5202726942563078
3720260304020011,伊東競輪,11R,20:00,2-3,2,3,51.3,0.04905303121446522,1.5164205013020657
3620260303030007,小田原競輪,7R,11:00,2-5,2,5,65.4,0.038447850334560385,1.5144894118802492
3620260303030005,小田原競輪,5R,10:20,4-5,4,5,115.4,0.021780429359670037,1.5134615481059224
3720260304020011,伊東競輪,11R,20:00,2-5,2,5,70.5,0.03554559859384473,1.5059647008660533
7520260305010007,松山競輪,7R,13:54,1-5,1,5,118.5,0.021122784277412033,1.5030499368733259
4520260304020006,豊橋競輪,6R,10:30,1-2,1,2,36.0,0.06952230666842676,1.5028030400633634
7520260305010007,松山競輪,7R,13:54,3-5,3,5,64.2,0.03897636903144454,1.5022828918187394
7520260305010006,松山競輪,6R,13:28,2-5,2,5,127.3,0.019618464739054334,1.4974305612816168
2620260304020004,西武園競輪,4R,12:23,1-5,1,5,50.7,0.04914326173584222,1.4915633700072006
7520260305010003,松山競輪,3R,12:10,3-6,3,6,350.6,0.007095542606985472,1.4876972380091065
7520260305010005,松山競輪,5R,13:02,6-8,6,8,265.9,0.009344238697763073,1.4846330697352008
3720260304020005,伊東競輪,5R,17:24,2-3,2,3,40.0,0.061976360854404396,1.479054434176176
3620260303030004,小田原競輪,4R,10:00,2-6,2,6,63.2,0.03910986987617427,1.4717437761742138
7520260305010007,松山競輪,7R,13:54,6-9,6,9,123.6,0.019928500894493415,1.463162710559386
2420260304020001,宇都宮競輪,1R,20:49,2-6,2,6,85.5,0.028687852307935777,1.452811372328509
7520260305010003,松山競輪,3R,12:10,2-6,2,6,158.0,0.015513794706329093,1.4511795635999967
3120260304020001,松戸競輪,1R,20:57,3-6,3,6,111.0,0.022077593055593273,1.4506128291708533
7520260305010002,松山競輪,2R,11:44,5-9,5,9,67.0,0.03657044375500267,1.4502197315851793
7520260305010001,松山競輪,1R,11:18,3-9,3,9,176.5,0.013866283244599332,1.4473989926717823
3620260303030004,小田原競輪,4R,10:00,2-5,2,5,40.1,0.06093843831729119,1.4436313765233768
7520260305010009,松山競輪,9R,14:50,6-9,6,9,115.3,0.021144141330073543,1.4379194953574794
2620260304020005,西武園競輪,5R,12:49,6-7,6,7,167.0,0.014597871853696563,1.4378445995673261
3120260304020005,松戸競輪,5R,22:36,1-7,1,7,54.7,0.04447465730763073,1.432763754727401
2620260304020003,西武園競輪,3R,11:57,4-7,4,7,46.1,0.05260702310703044,1.4251837652341033
7520260305010004,松山競輪,4R,12:36,6-7,6,7,456.1,0.005316103649580522,1.4246748745736761
3720260304020008,伊東競輪,8R,18:36,4-5,4,5,68.5,0.03531756284389149,1.4192530548065672
7520260305010010,松山競輪,10R,15:18,4-6,4,6,241.3,0.01001641698482845,1.4169614184391053
7520260305010006,松山競輪,6R,13:28,3-8,3,8,167.7,0.014400787863343699,1.4150121246827383
3720260304020005,伊東競輪,5R,17:24,1-5,1,5,50.2,0.04807746352725285,1.4134886690680935
3720260304020011,伊東競輪,11R,20:00,2-7,2,7,51.3,0.04699926592003162,1.411062341697622
7520260305010010,松山競輪,10R,15:18,1-2,1,2,223.0,0.010808012277130886,1.4101867378001876
7520260305010001,松山競輪,1R,11:18,4-7,4,7,62.6,0.03845962968570971,1.407572818325428
3720260304020001,伊東競輪,1R,15:54,2-4,2,4,58.9,0.04086521318068864,1.4069610563425607
2620260304020001,西武園競輪,1R,11:05,2-7,2,7,64.7,0.03716700085609044,1.4047049553890516
7520260305010008,松山競輪,8R,14:22,2-3,2,3,91.7,0.026187319123931505,1.401377163664519
3620260303030005,小田原競輪,5R,10:20,5-6,5,6,170.8,0.014015579796009783,1.393861029158471
3620260303030003,小田原競輪,3R,09:40,5-6,5,6,132.4,0.01802843370051266,1.3869646219478766
3720260304020004,伊東競輪,4R,17:00,4-7,4,7,54.3,0.04387956554769509,1.3826604092398433
2620260304020007,西武園競輪,7R,13:41,2-6,2,6,99.1,0.02402279412570158,1.3806588978570264
2620260304020001,西武園競輪,1R,11:05,1-4,1,4,70.2,0.03389378219497934,1.37934351008755
7520260305010006,松山競輪,6R,13:28,6-9,6,9,245.7,0.009677394155144611,1.3777357439190308
3720260304020012,伊東競輪,12R,20:30,2-6,2,6,54.9,0.04327109280960531,1.3755829952473313
7520260305010003,松山競輪,3R,12:10,6-9,6,9,350.6,0.0067715608645976455,1.3741092391279346
4520260304020007,豊橋競輪,7R,10:50,1-2,1,2,30.7,0.07723810042861827,1.3712096831585807
4520260304020003,豊橋競輪,3R,09:30,2-5,2,5,41.1,0.057535173759026684,1.364695641495997
8720260304020001,熊本競輪,1R,20:41,4-5,4,5,56.6,0.04172355424698926,1.361553170379592
7520260305010006,松山競輪,6R,13:28,7-8,7,8,87.3,0.02702247400267228,1.3590619804332902
2620260304020012,西武園競輪,12R,16:04,3-6,3,6,48.6,0.04850869419807914,1.3575225380266462
8720260304020001,熊本競輪,1R,20:41,5-6,5,6,56.6,0.04151158554380469,1.3495557417793456
3120260304020001,松戸競輪,1R,20:57,4-6,4,6,37.0,0.06337002664082902,1.344690985710674
3720260304020007,伊東競輪,7R,18:12,3-4,3,4,43.5,0.05376846982132487,1.338928437227632
7520260305010003,松山競輪,3R,12:10,6-7,6,7,590.4,0.003948085971632998,1.3309499576521215
7520260305010007,松山競輪,7R,13:54,2-8,2,8,164.9,0.01411881780892501,1.3281930566917342
4520260304020006,豊橋競輪,6R,10:30,1-4,1,4,40.7,0.057160535428170955,1.3264337919265579
7520260305010005,松山競輪,5R,13:02,5-6,5,6,179.8,0.012933920665784679,1.3255189357080854
8720260304020001,熊本競輪,1R,20:41,6-7,6,7,113.2,0.020383919904284294,1.3074597331649822
7520260305010007,松山競輪,7R,13:54,2-6,2,6,140.4,0.01641760941618151,1.3050323620318838
3620260303030001,小田原競輪,1R,09:00,2-4,2,4,82.3,0.02794392456810802,1.2997849919552902
2620260304020001,西武園競輪,1R,11:05,5-7,5,7,34.5,0.06642020280449368,1.2914969967550318
4520260304020001,豊橋競輪,1R,08:50,5-7,5,7,49.0,0.04670746396538085,1.2886657343036618
7520260305010011,松山競輪,11R,15:48,6-8,6,8,481.5,0.004752157656778828,1.288163911739006
3720260304020004,伊東競輪,4R,17:00,2-6,2,6,119.3,0.019170965972564843,1.287096240526986
7520260305010005,松山競輪,5R,13:02,4-6,4,6,244.6,0.009341948143044886,1.2850405157887792
3620260303030006,小田原競輪,6R,10:40,3-6,3,6,28.9,0.07878724681441866,1.2769514329366993
3720260304020004,伊東競輪,4R,17:00,1-6,1,6,57.5,0.03959777813693723,1.2768722428738908
7520260305010002,松山競輪,2R,11:44,1-9,1,9,115.3,0.019735654672421946,1.2755209837302504
2620260304020001,西武園競輪,1R,11:05,1-5,1,5,22.0,0.10339078845514528,1.2745973460131963
3620260303030003,小田原競輪,3R,09:40,4-6,4,6,82.3,0.027624912054701387,1.2735302621019242
2620260304020004,西武園競輪,4R,12:23,3-4,3,4,30.9,0.07332165410232756,1.2656391117619217
7520260305010009,松山競輪,9R,14:50,5-7,5,7,57.6,0.03922649745398415,1.2594462533494868
3620260303030004,小田原競輪,4R,10:00,2-3,2,3,55.6,0.04054651392244255,1.2543861740878062
8720260304020004,熊本競輪,4R,21:53,1-3,1,3,39.0,0.05777412501873069,1.253190875730497
3120260304020001,松戸競輪,1R,20:57,2-6,2,6,37.0,0.060862592261202914,1.251915913664508
7520260305010003,松山競輪,3R,12:10,4-7,4,7,238.7,0.009427532057526318,1.250351902131532
2420260304020005,宇都宮競輪,5R,22:27,2-7,2,7,30.0,0.0748524287024559,1.245572861073677
3720260304020004,伊東競輪,4R,17:00,2-3,2,3,71.9,0.03118976079095325,1.242543800869539
3720260304020010,伊東競輪,10R,19:30,3-5,3,5,24.2,0.09264495366339273,1.2420078786541042
3620260303030003,小田原競輪,3R,09:40,2-5,2,5,45.7,0.04897535916960272,1.238173914050844
3720260304020009,伊東競輪,9R,19:02,6-7,6,7,39.6,0.05641789441167721,1.2341486187024175
2620260304020009,西武園競輪,9R,14:36,1-4,1,4,62.2,0.03588358276434964,1.2319588479425478
2620260304020002,西武園競輪,2R,11:31,3-6,3,6,180.2,0.012380837435828962,1.2310269059363788
2620260304020006,西武園競輪,6R,13:15,3-5,3,5,12.5,0.17817164107253317,1.2271455134066644
2620260304020011,西武園競輪,11R,15:33,1-5,1,5,64.4,0.03444606117661493,1.2183263397740016
2620260304020002,西武園競輪,2R,11:31,4-6,4,6,37.8,0.05851492874307017,1.211864306488052
7520260305010006,松山競輪,6R,13:28,5-8,5,8,330.2,0.006694368263931426,1.210480400750157
4520260304020007,豊橋競輪,7R,10:50,5-7,5,7,73.6,0.02998790080795781,1.2071094994656946
7520260305010008,松山競輪,8R,14:22,2-4,2,4,72.7,0.030319687166407865,1.204241256997852
7520260305010010,松山競輪,10R,15:18,6-9,6,9,87.6,0.025005617988974427,1.1904921358341598
2620260304020005,西武園競輪,5R,12:49,3-7,3,7,63.5,0.034480574881581155,1.1895165049804035
7520260305010009,松山競輪,9R,14:50,2-7,2,7,32.5,0.06732590513882844,1.1880919170119242
3720260304020007,伊東競輪,7R,18:12,2-6,2,6,43.5,0.05029753520408604,1.1879427813777426
7520260305010010,松山競輪,10R,15:18,2-3,2,3,156.5,0.013954660511464094,1.1839043700441305
7520260305010007,松山競輪,7R,13:54,4-9,4,9,62.8,0.03472943645360582,1.1810086092864456
2620260304020012,西武園競輪,12R,16:04,3-7,3,7,44.2,0.0493340663709312,1.180565733595159
2620260304020002,西武園競輪,2R,11:31,5-7,5,7,26.3,0.08261435502166373,1.172757537069756
7520260305010008,松山競輪,8R,14:22,1-3,1,3,80.5,0.026978249029644817,1.1717490468864078
7520260305010004,松山競輪,4R,12:36,4-6,4,6,193.5,0.01119536211222182,1.1663025687149222
4520260304020004,豊橋競輪,4R,09:50,4-6,4,6,129.5,0.01671769630922841,1.1649416720450794
7520260305010012,松山競輪,12R,16:20,4-8,4,8,199.2,0.01083832893598469,1.15899512404815
2620260304020006,西武園競輪,6R,13:15,2-4,2,4,52.7,0.04096473855955828,1.1588417220887215
8720260304020001,熊本競輪,1R,20:41,5-7,5,7,113.2,0.01906212644423622,1.1578327134875401
3720260304020004,伊東競輪,4R,17:00,2-7,2,7,64.4,0.03339984475927091,1.1509500024970465
7520260305010006,松山競輪,6R,13:28,8-9,8,9,278.0,0.00771043195966597,1.1435000847871395
3720260304020011,伊東競輪,11R,20:00,3-5,3,5,37.6,0.057006018613954074,1.1434262998846734
2620260304020008,西武園競輪,8R,14:08,1-2,1,2,105.5,0.020316507483891907,1.143391539550596
2420260304020005,宇都宮競輪,5R,22:27,1-6,1,6,30.0,0.0714204405288163,1.1426132158644888
7520260305010007,松山競輪,7R,13:54,3-8,3,8,86.8,0.02466086086633695,1.1405627231980473
7520260305010005,松山競輪,5R,13:02,4-7,4,7,69.1,0.03094680292674276,1.1384240822379246
3620260303030004,小田原競輪,4R,10:00,1-4,1,4,70.7,0.030125999550329484,1.1299081682082948
3720260304020006,伊東競輪,6R,17:48,3-7,3,7,51.5,0.04133378945253306,1.1286901568054528
7520260305010007,松山競輪,7R,13:54,1-9,1,9,43.7,0.04865468778482934,1.1262098561970424
7520260305010007,松山競輪,7R,13:54,6-8,6,8,598.8,0.003544533220620756,1.1224664925077086
2620260304020007,西武園競輪,7R,13:41,1-5,1,5,30.8,0.06880330438967394,1.1191417752019572
7520260305010007,松山競輪,7R,13:54,4-6,4,6,242.0,0.00872786596095578,1.1121435625512985
3620260303030003,小田原競輪,3R,09:40,3-7,3,7,27.8,0.07587861195865027,1.1094254124504777
3720260304020011,伊東競輪,11R,20:00,5-7,5,7,37.6,0.055876309852495955,1.1009492504538478
4520260304020005,豊橋競輪,5R,10:10,4-7,4,7,51.3,0.0407724581938156,1.0916271053427402
2620260304020002,西武園競輪,2R,11:31,2-7,2,7,43.9,0.04745995916801565,1.0834922074758873
4520260304020003,豊橋競輪,3R,09:30,6-7,6,7,78.5,0.026471608500135774,1.0780212672606582
7520260305010006,松山競輪,6R,13:28,2-6,2,6,150.9,0.013729560677230416,1.07179070619407
4520260304020002,豊橋競輪,2R,09:10,1-2,1,2,74.1,0.027953266419635983,1.0713370416950263
7520260305010007,松山競輪,7R,13:54,4-5,4,5,183.5,0.011255072311057707,1.0653057690790892
7520260305010004,松山競輪,4R,12:36,6-9,6,9,260.6,0.00792353925369936,1.0648743295140535
7520260305010002,松山競輪,2R,11:44,5-6,5,6,57.9,0.03552740898685498,1.0570369803389035
2420260304020003,宇都宮競輪,3R,21:37,1-5,1,5,16.1,0.12734628992544322,1.0502752677996359
3720260304020012,伊東競輪,12R,20:30,5-7,5,7,38.9,0.052621869968681574,1.046990741781713
2620260304020007,西武園競輪,7R,13:41,3-5,3,5,33.0,0.06172197552795017,1.0368251924223557
7520260305010010,松山競輪,10R,15:18,1-6,1,6,186.3,0.01091605694934683,1.0336614096633148
4520260304020004,豊橋競輪,4R,09:50,1-3,1,3,30.0,0.06776752519834649,1.0330257559503946
7520260305010004,松山競輪,4R,12:36,3-4,3,4,43.1,0.04712590348296373,1.0311264401157367
7520260305010006,松山競輪,6R,13:28,1-2,1,2,57.4,0.035365597960783056,1.0299853229489475
7520260305010002,松山競輪,2R,11:44,1-6,1,6,103.6,0.019569364345891953,1.0273861462344063
7520260305010003,松山競輪,3R,12:10,1-6,1,6,350.6,0.0057818762107397885,1.0271257994853702
3720260304020002,伊東競輪,2R,16:14,3-4,3,4,61.4,0.03285184846577268,1.0171034957984424
3720260304020002,伊東競輪,2R,16:14,2-5,2,5,83.7,0.024040287434744734,1.0121720582881344
3120260304020004,松戸競輪,4R,22:09,1-6,1,6,28.5,0.06983270670116799,0.9902321409832877
3120260304020005,松戸競輪,5R,22:36,1-5,1,5,27.3,0.07286862619884153,0.989313495228374
7520260305010010,松山競輪,10R,15:18,5-8,5,8,121.6,0.01635719769458084,0.9890352396610302
3120260304020003,松戸競輪,3R,21:45,5-6,5,6,24.7,0.08045295105077238,0.9871878909540777
7520260305010003,松山競輪,3R,12:10,3-4,3,4,99.2,0.020018932918472124,0.9858781455124348
7520260305010003,松山競輪,3R,12:10,1-8,1,8,84.9,0.023384994657537028,0.9853860464248938
2620260304020008,西武園競輪,8R,14:08,2-5,2,5,94.9,0.020893654301933,0.9828077932534418
3620260303030007,小田原競輪,7R,11:00,3-5,3,5,31.3,0.0632444555702667,0.9795514593493477
3720260304020011,伊東競輪,11R,20:00,2-6,2,6,70.5,0.028048732527393976,0.9774356431812752
3120260304020003,松戸競輪,3R,21:45,1-6,1,6,24.7,0.08003648302556507,0.9769011307314572
7520260305010007,松山競輪,7R,13:54,1-7,1,7,61.5,0.03207797288489729,0.9727953324211833
4520260304020007,豊橋競輪,7R,10:50,1-6,1,6,33.2,0.059243289973737956,0.9668772271281003
3120260304020005,松戸競輪,5R,22:36,1-6,1,6,54.7,0.03583449174291088,0.9601466983372253
2620260304020008,西武園競輪,8R,14:08,1-5,1,5,58.1,0.033722322679627846,0.959266947686378
3720260304020008,伊東競輪,8R,18:36,2-6,2,6,51.3,0.03797935637914934,0.9483409822503612
2620260304020011,西武園競輪,11R,15:33,2-3,2,3,89.9,0.021661157761290455,0.947338082740012
3720260304020009,伊東競輪,9R,19:02,2-5,2,5,44.6,0.043597833531137914,0.944463375488751
2620260304020004,西武園競輪,4R,12:23,1-7,1,7,38.1,0.05100456208732046,0.9432738155269096
3720260304020001,伊東競輪,1R,15:54,5-6,5,6,46.8,0.0415209982954061,0.9431827202250054
8720260304020001,熊本競輪,1R,20:41,2-6,2,6,37.7,0.051516508789068875,0.9421723813478968
3720260304020011,伊東競輪,11R,20:00,4-6,4,6,56.4,0.034433617539459345,0.9420560292255069
3620260303030005,小田原競輪,5R,10:20,3-6,3,6,125.6,0.015426840122187728,0.9376111193467784
3720260304020003,伊東競輪,3R,16:36,4-6,4,6,118.8,0.016300398198620007,0.9364873059960568
7520260305010003,松山競輪,3R,12:10,3-7,3,7,142.0,0.013621936538997514,0.9343149885376469
3720260304020010,伊東競輪,10R,19:30,2-3,2,3,26.3,0.07334774196282387,0.9290456136222678
3620260303030003,小田原競輪,3R,09:40,3-5,3,5,59.1,0.032500152175331504,0.9207589935620919
7520260305010001,松山競輪,1R,11:18,4-9,4,9,207.7,0.009244277096321021,0.9200363529058759
3720260304020005,伊東競輪,5R,17:24,2-6,2,6,51.7,0.03704599196810825,0.9152777847511964
4520260304020004,豊橋競輪,4R,09:50,2-5,2,5,40.4,0.04739747467011985,0.914857976672842
2420260304020001,宇都宮競輪,1R,20:49,5-6,5,6,85.5,0.02234299341676093,0.9103259371330594
7520260305010010,松山競輪,10R,15:18,2-9,2,9,58.4,0.03261071589507065,0.9044658082721257
4520260304020004,豊橋競輪,4R,09:50,4-5,4,5,73.1,0.02601846021420839,0.9019494416586331
3620260303030007,小田原競輪,7R,11:00,4-5,4,5,25.1,0.07567883266839748,0.8995386999767767
7520260305010004,松山競輪,4R,12:36,1-4,1,4,84.5,0.02245297862124703,0.8972766934953742
3620260303030006,小田原競輪,6R,10:40,3-4,3,4,20.6,0.09206049752643378,0.896446249044536
3620260303030001,小田原競輪,1R,09:00,1-2,1,2,25.0,0.07572926805625016,0.8932317014062541
2620260304020008,西武園競輪,8R,14:08,1-6,1,6,58.1,0.03248853440737218,0.8875838490683234
2620260304020005,西武園競輪,5R,12:49,3-5,3,5,30.4,0.06206730619291708,0.8868461082646792
3620260303030005,小田原競輪,5R,10:20,3-5,3,5,170.8,0.011021007378013247,0.8823880601646628
3720260304020008,伊東競輪,8R,18:36,5-6,5,6,31.6,0.05954681277964324,0.8816792838367267
7520260305010008,松山競輪,8R,14:22,2-9,2,9,72.7,0.025752470660292903,0.8722046170032942
7520260305010009,松山競輪,9R,14:50,2-4,2,4,54.5,0.03430667690209528,0.8697138911641928
2620260304020004,西武園競輪,4R,12:23,2-7,2,7,45.7,0.04088245453853781,0.868328172411178
2620260304020004,西武園競輪,4R,12:23,2-6,2,6,97.5,0.0191124756431812,0.863466375210167
7520260305010010,松山競輪,10R,15:18,2-5,2,5,92.5,0.02013388706748538,0.8623845537423978
3720260304020003,伊東競輪,3R,16:36,3-4,3,4,30.9,0.05998582361156437,0.853561949597339
7520260305010008,松山競輪,8R,14:22,2-5,2,5,42.2,0.043915873432569454,0.853249858854431
2620260304020007,西武園競輪,7R,13:41,1-4,1,4,61.1,0.030325463582524845,0.8528858248922682
7520260305010003,松山競輪,3R,12:10,4-9,4,9,90.4,0.02048253518766274,0.8516211809647118
3720260304020001,伊東競輪,1R,15:54,5-7,5,7,34.4,0.05382588685455757,0.8516105077967802
7520260305010009,松山競輪,9R,14:50,4-9,4,9,86.7,0.021352908027106602,0.8512971259501425
7520260305010004,松山競輪,4R,12:36,5-7,5,7,60.8,0.030443702867402025,0.850977134338043
7520260305010001,松山競輪,1R,11:18,5-6,5,6,127.6,0.014504274874008318,0.8507454739234612
3720260304020001,伊東競輪,1R,15:54,4-6,4,6,105.1,0.01758669339763109,0.8483614760910276
8720260304020006,熊本競輪,6R,22:45,1-3,1,3,21.0,0.08792948210885038,0.8465191242858578
2620260304020012,西武園競輪,12R,16:04,1-3,1,3,42.0,0.04382341705772797,0.8405835164245747
2420260304020001,宇都宮競輪,1R,20:49,1-5,1,5,21.3,0.0859498902815383,0.8307326629967657
2420260304020006,宇都宮競輪,6R,22:54,1-7,1,7,31.5,0.05811606342409598,0.8306559978590236
7520260305010001,松山競輪,1R,11:18,5-8,5,8,116.4,0.015713836934966467,0.8290906192300969
4520260304020003,豊橋競輪,3R,09:30,4-7,4,7,135.0,0.013495381302732456,0.8218764758688817
3720260304020012,伊東競輪,12R,20:30,4-5,4,5,71.8,0.02532084327322062,0.8180365470172404
7520260305010012,松山競輪,12R,16:20,6-7,6,7,136.0,0.013355182383459403,0.8163048041504788
2620260304020009,西武園競輪,9R,14:36,4-5,4,5,68.3,0.026581998546382962,0.8155505007179562
7520260305010009,松山競輪,9R,14:50,3-6,3,6,174.6,0.010389791724441337,0.8140576350874575
7520260305010011,松山競輪,11R,15:48,3-5,3,5,111.6,0.016235312351651206,0.8118608584442746
7520260305010002,松山競輪,2R,11:44,2-3,2,3,51.0,0.035522450309209204,0.8116449657696694
3620260303030002,小田原競輪,2R,09:20,2-4,2,4,28.1,0.06434152881942315,0.8079969598257906
7520260305010010,松山競輪,10R,15:18,6-8,6,8,262.8,0.006844363193849545,0.7986986473436606
7520260305010010,松山競輪,10R,15:18,1-3,1,3,96.2,0.01868775234318231,0.7977617754141384
2620260304020003,西武園競輪,3R,11:57,2-3,2,3,38.5,0.04663807210048917,0.795565775868833
7520260305010005,松山競輪,5R,13:02,1-4,1,4,110.2,0.01628026445478994,0.7940851429178515
3620260303030002,小田原競輪,2R,09:20,4-7,4,7,28.6,0.06266049642514446,0.7920901977591315
3720260304020012,伊東競輪,12R,20:30,4-6,4,6,116.7,0.015346880344247122,0.7909809361736393
3620260303030004,小田原競輪,4R,10:00,3-4,3,4,119.1,0.015036240737834279,0.7908162718760625
7520260305010012,松山競輪,12R,16:20,1-8,1,8,86.2,0.0207636675335365,0.7898281413908463
2620260304020009,西武園競輪,9R,14:36,2-6,2,6,35.5,0.05040200542699644,0.7892711926583735
2620260304020010,西武園競輪,10R,15:04,3-5,3,5,178.7,0.010010366074987901,0.7888524176003378
3720260304020010,伊東競輪,10R,19:30,2-6,2,6,43.3,0.041217082928102625,0.7846996907868435
3720260304020006,伊東競輪,6R,17:48,4-7,4,7,31.4,0.05681472739765867,0.7839824402864821
2620260304020001,西武園競輪,1R,11:05,2-6,2,6,47.0,0.037846380281220435,0.7787798732173605
7520260305010004,松山競輪,4R,12:36,4-7,4,7,174.9,0.01016930779361453,0.7786119331031816
7520260305010011,松山競輪,11R,15:48,3-6,3,6,285.3,0.006226731217609869,0.7764864163840957
3720260304020010,伊東競輪,10R,19:30,3-7,3,7,43.3,0.040940110851440496,0.7727067998673733
7520260305010011,松山競輪,11R,15:48,5-9,5,9,78.6,0.022520143787861033,0.770083301725877
7520260305010008,松山競輪,8R,14:22,3-8,3,8,301.5,0.005864028339849233,0.7680045444645438
4520260304020001,豊橋競輪,1R,08:50,2-5,2,5,46.4,0.03805312978910219,0.7656652222143416
4520260304020006,豊橋競輪,6R,10:30,3-6,3,6,96.4,0.018302258147612428,0.764337685429838
7520260305010011,松山競輪,11R,15:48,3-7,3,7,45.8,0.038313796171765134,0.7547718646668431
3720260304020001,伊東競輪,1R,15:54,3-4,3,4,42.2,0.041521100113512344,0.7521904247902209
7520260305010007,松山競輪,7R,13:54,4-7,4,7,83.6,0.020950227909928978,0.7514390532700623
7520260305010009,松山競輪,9R,14:50,8-9,8,9,74.2,0.023592259359589446,0.750545644481537
3620260303030004,小田原競輪,4R,10:00,6-7,6,7,33.1,0.052885523685762326,0.750510833998733
7520260305010002,松山競輪,2R,11:44,1-4,1,4,97.7,0.017880016435295455,0.7468776057283659
3120260304020005,松戸競輪,5R,22:36,1-2,1,2,13.6,0.1280249425868656,0.7411392191813719
4520260304020004,豊橋競輪,4R,09:50,4-7,4,7,47.2,0.03678191984695735,0.736106616776387
2620260304020002,西武園競輪,2R,11:31,1-3,1,3,138.6,0.012480402514857856,0.7297837885592988
7520260305010006,松山競輪,6R,13:28,5-9,5,9,127.3,0.013536867246211073,0.7232432004426697
7520260305010002,松山競輪,2R,11:44,1-2,1,2,52.9,0.03257090666502386,0.7230009625797622
7520260305010006,松山競輪,6R,13:28,4-8,4,8,153.1,0.011189605916330553,0.7131286657902076
3720260304020004,伊東競輪,4R,17:00,5-6,5,6,42.3,0.04048862327690215,0.7126687646129608
3120260304020003,松戸競輪,3R,21:45,5-7,5,7,24.7,0.0693092325626925,0.7119380442985048
7520260305010010,松山競輪,10R,15:18,6-7,6,7,56.6,0.0302399078532884,0.7115787844961237
7520260305010008,松山競輪,8R,14:22,3-4,3,4,135.2,0.012650596745692654,0.7103606800176465
7520260305010002,松山競輪,2R,11:44,2-8,2,8,119.3,0.014334302348182112,0.710082270138126
7520260305010012,松山競輪,12R,16:20,5-8,5,8,120.4,0.014172636446268299,0.7063854281307034
2620260304020004,西武園競輪,4R,12:23,1-2,1,2,40.3,0.04227165594920762,0.703547734753067
3720260304020001,伊東競輪,1R,15:54,2-6,2,6,28.4,0.059950195477557346,0.7025855515626285
8720260304020007,熊本競輪,7R,23:12,1-5,1,5,22.5,0.07556549000436129,0.700223525098129
3720260304020005,伊東競輪,5R,17:24,4-7,4,7,41.9,0.04055578873429875,0.6992875479671175
3720260304020004,伊東競輪,4R,17:00,1-3,1,3,31.8,0.05337452170057826,0.6973097900783889
7520260305010011,松山競輪,11R,15:48,6-9,6,9,205.4,0.008262270846942955,0.6970704319620831
3620260303030005,小田原競輪,5R,10:20,2-5,2,5,33.1,0.05126273414666639,0.6967965002546577
7520260305010012,松山競輪,12R,16:20,5-6,5,6,184.9,0.00916253250495656,0.694152260166468
2620260304020005,西武園競輪,5R,12:49,2-5,2,5,30.0,0.056370332431823614,0.6911099729547083
3620260303030007,小田原競輪,7R,11:00,5-6,5,6,24.2,0.06987237022852175,0.6909113595302263
3620260303030007,小田原競輪,7R,11:00,3-6,3,6,26.2,0.06410511498894773,0.6795540127104305
8720260304020001,熊本競輪,1R,20:41,4-6,4,6,37.7,0.04452076374833862,0.678432793312366
2620260304020001,西武園競輪,1R,11:05,1-6,1,6,49.9,0.03359194068831829,0.6762378403470828
4520260304020003,豊橋競輪,3R,09:30,4-5,4,5,44.1,0.037986079126505506,0.6751860894788928
4520260304020007,豊橋競輪,7R,10:50,4-5,4,5,197.7,0.008438021449998726,0.668196840664748
3120260304020003,松戸競輪,3R,21:45,1-2,1,2,24.7,0.06749677864135069,0.6671704324413619
2620260304020011,西武園競輪,11R,15:33,2-7,2,7,19.5,0.08546524251043083,0.6665722289534013
7520260305010003,松山競輪,3R,12:10,1-7,1,7,200.3,0.008310411706748875,0.6645754648617996
3720260304020009,伊東競輪,9R,19:02,5-6,5,6,119.0,0.013983900955397623,0.6640842136923171
7520260305010003,松山競輪,3R,12:10,1-4,1,4,126.0,0.013202802133114342,0.6635530687724072
3120260304020004,松戸競輪,4R,22:09,1-4,1,4,28.5,0.05834834022373718,0.6629276963765096
3720260304020007,伊東競輪,7R,18:12,2-5,2,5,73.7,0.022533387176764362,0.6607106349275336
3120260304020003,松戸競輪,3R,21:45,1-7,1,7,24.7,0.06701085514489702,0.6551681220789562
7520260305010012,松山競輪,12R,16:20,2-4,2,4,38.4,0.0430923504198661,0.6547462561228583
4520260304020003,豊橋競輪,3R,09:30,1-6,1,6,45.0,0.03676584480501146,0.6544630162255156
2420260304020005,宇都宮競輪,5R,22:27,3-6,3,6,60.0,0.027547060562728806,0.6528236337637283
2420260304020007,宇都宮競輪,7R,23:21,2-4,2,4,33.7,0.048910073812692606,0.648269487487741
7520260305010004,松山競輪,4R,12:36,4-5,4,5,30.0,0.05490301364349227,0.647090409304768
3120260304020004,松戸競輪,4R,22:09,1-7,1,7,28.5,0.05776203488139377,0.6462179941197224
2620260304020011,西武園競輪,11R,15:33,5-7,5,7,19.6,0.08395879768189198,0.6455924345650828
3720260304020010,伊東競輪,10R,19:30,4-6,4,6,75.8,0.021679500975953545,0.6433061739772785
2420260304020004,宇都宮競輪,4R,22:01,1-6,1,6,19.5,0.0841925373093201,0.6417544775317419
3620260303030007,小田原競輪,7R,11:00,3-7,3,7,51.7,0.03171902691645919,0.6398736915809402
3720260304020010,伊東競輪,10R,19:30,3-6,3,6,43.3,0.037864001966338615,0.6395112851424618
4520260304020005,豊橋競輪,5R,10:10,1-6,1,6,44.4,0.036921163040054446,0.6392996389784174
4520260304020003,豊橋競輪,3R,09:30,1-5,1,5,25.8,0.06349421017000628,0.6381506223861622
3720260304020009,伊東競輪,9R,19:02,1-2,1,2,29.7,0.05491690889326349,0.6310321941299257
7520260305010008,松山競輪,8R,14:22,2-6,2,6,59.2,0.027534416666840353,0.630037466676949
3620260303030006,小田原競輪,6R,10:40,1-3,1,3,16.6,0.09814109599559959,0.6291421935269532
3720260304020008,伊東競輪,8R,18:36,3-6,3,6,45.6,0.03566359756580013,0.6262600490004859
7520260305010012,松山競輪,12R,16:20,7-9,7,9,64.4,0.02516998366609964,0.620946948096817
4520260304020006,豊橋競輪,6R,10:30,4-7,4,7,25.0,0.06473146197060214,0.6182865492650536
3620260303030004,小田原競輪,4R,10:00,1-6,1,6,32.8,0.0492031340824627,0.6138627979047764
3120260304020001,松戸競輪,1R,20:57,1-4,1,4,18.5,0.08718340804181868,0.6128930487736455
8720260304020004,熊本競輪,4R,21:53,1-5,1,5,19.5,0.08209705723673687,0.600892616116369
8720260304020003,熊本競輪,3R,21:29,1-2,1,2,21.0,0.07606495443733649,0.5973640431840663
4520260304020005,豊橋競輪,5R,10:10,2-4,2,4,38.3,0.041687164749611545,0.5966184099101222
4520260304020002,豊橋競輪,2R,09:10,3-6,3,6,22.3,0.07156126954814426,0.5958163109236172
4520260304020001,豊橋競輪,1R,08:50,1-5,1,5,17.4,0.09159857127993969,0.5938151402709504
3720260304020002,伊東競輪,2R,16:14,4-7,4,7,39.5,0.040343913756750185,0.5935845933916324
8720260304020004,熊本競輪,4R,21:53,1-6,1,6,13.0,0.12249994038879383,0.5924992250543197
7520260305010008,松山競輪,8R,14:22,8-9,8,9,310.3,0.0051243019574732564,0.5900708974039515
7520260305010012,松山競輪,12R,16:20,1-6,1,6,115.0,0.01381971948200851,0.5892677404309787
2620260304020005,西武園競輪,5R,12:49,1-4,1,4,20.8,0.0763666527866277,0.5884263779618562
3720260304020007,伊東競輪,7R,18:12,3-5,3,5,87.1,0.018219956645086424,0.5869582237870274
2620260304020009,西武園競輪,9R,14:36,1-5,1,5,106.5,0.014857650602113949,0.5823397891251356
2620260304020009,西武園競輪,9R,14:36,4-7,4,7,37.1,0.04239872801660533,0.5729928094160579
7520260305010008,松山競輪,8R,14:22,4-5,4,5,56.1,0.02800412455944879,0.5710313877850772
2620260304020001,西武園競輪,1R,11:05,5-6,5,6,24.3,0.0646249665591079,0.5703866873863221
7520260305010004,松山競輪,4R,12:36,4-9,4,9,102.1,0.015358700301206188,0.5681233007531516
3120260304020004,松戸競輪,4R,22:09,1-5,1,5,14.2,0.11037923802597055,0.5673851799687817
7520260305010008,松山競輪,8R,14:22,4-8,4,8,239.8,0.006532136440741363,0.566406318489779
2420260304020004,宇都宮競輪,4R,22:01,1-7,1,7,19.5,0.08008645477220343,0.5616858680579668
7520260305010003,松山競輪,3R,12:10,1-3,1,3,76.8,0.020273061380525342,0.5569711140243463
4520260304020001,豊橋競輪,1R,08:50,3-7,3,7,30.9,0.05035336666337692,0.5559190298983467
7520260305010007,松山競輪,7R,13:54,4-8,4,8,203.1,0.00765038672725293,0.5537935443050701
2620260304020009,西武園競輪,9R,14:36,2-7,2,7,29.3,0.05297058287414981,0.5520380782125895
3620260303030006,小田原競輪,6R,10:40,2-7,2,7,140.7,0.011030702713659604,0.552019871811906
7520260305010007,松山競輪,7R,13:54,7-9,7,9,41.2,0.03760243948504999,0.5492205067840596
3620260303030003,小田原競輪,3R,09:40,2-3,2,3,19.7,0.07852003057506554,0.5468446023287912
7520260305010007,松山競輪,7R,13:54,5-7,5,7,104.3,0.01482529657486308,0.5462784327582193
3620260303030004,小田原競輪,4R,10:00,1-3,1,3,30.2,0.05103879501458283,0.5413716094404015
7520260305010005,松山競輪,5R,13:02,6-9,6,9,61.1,0.025220486786495834,0.5409717426548954
4520260304020004,豊橋競輪,4R,09:50,1-2,1,2,39.7,0.0387991437562326,0.5403260071224343
3720260304020002,伊東競輪,2R,16:14,2-7,2,7,38.4,0.040094976611155006,0.5396471018683522
3720260304020001,伊東競輪,1R,15:54,2-7,2,7,20.3,0.07539632032539578,0.5305453026055345
3120260304020005,松戸競輪,5R,22:36,4-7,4,7,54.7,0.027977540163155578,0.5303714469246101
7520260305010007,松山競輪,7R,13:54,5-8,5,8,344.7,0.004435637885163687,0.5289643790159229
3620260303030004,小田原競輪,4R,10:00,3-7,3,7,27.8,0.05480826312159284,0.5236697147802811
3620260303030002,小田原競輪,2R,09:20,4-5,4,5,32.2,0.04722671475958318,0.5207002152585785
3720260304020008,伊東競輪,8R,18:36,4-7,4,7,34.2,0.044343316877505284,0.5165414372106809
2420260304020006,宇都宮競輪,6R,22:54,2-6,2,6,31.5,0.04807845124244978,0.5144712141371679
2420260304020005,宇都宮競輪,5R,22:27,1-7,1,7,20.0,0.07568776770504079,0.513755354100816
3620260303030004,小田原競輪,4R,10:00,4-6,4,6,106.9,0.014131636455997734,0.5106719371461579
3720260304020002,伊東競輪,2R,16:14,2-4,2,4,162.6,0.009287616056803727,0.510166370836286
4520260304020005,豊橋競輪,5R,10:10,1-4,1,4,24.5,0.06160596894423074,0.5093462391336532
3620260303030002,小田原競輪,2R,09:20,3-7,3,7,41.0,0.03672958937567848,0.5059131644028176
7520260305010011,松山競輪,11R,15:48,7-9,7,9,30.6,0.04916142803952457,0.5043396980094519
4520260304020006,豊橋競輪,6R,10:30,5-6,5,6,87.5,0.017184846709103873,0.5036740870465888
4520260304020003,豊橋競輪,3R,09:30,2-6,2,6,36.3,0.04138579361590541,0.5023043082573662
4520260304020002,豊橋競輪,2R,09:10,1-4,1,4,59.5,0.02516304264121478,0.49720103715227926
2620260304020011,西武園競輪,11R,15:33,1-4,1,4,34.1,0.04386985002588868,0.4959618858828041
2620260304020008,西武園競輪,8R,14:08,1-3,1,3,51.3,0.029132821053819653,0.4945137200609482
2620260304020007,西武園競輪,7R,13:41,1-2,1,2,38.0,0.039304724724509243,0.49357953953135114
7520260305010010,松山競輪,10R,15:18,3-6,3,6,130.2,0.011455437430248797,0.4914979534183932
2620260304020008,西武園競輪,8R,14:08,2-3,2,3,78.0,0.019116075680197755,0.49105390305542485
3720260304020007,伊東競輪,7R,18:12,1-7,1,7,28.1,0.05294521071084034,0.4877604209746136
4520260304020003,豊橋競輪,3R,09:30,3-6,3,6,16.9,0.08791064426998227,0.4856898881627003
2420260304020002,宇都宮競輪,2R,21:13,2-5,2,5,19.5,0.07612252561431579,0.48438924947915796
8720260304020004,熊本競輪,4R,21:53,3-6,3,6,39.0,0.03803488314284474,0.483360442570945
7520260305010008,松山競輪,8R,14:22,4-9,4,9,135.2,0.010957262010422221,0.48142182380908416
4520260304020005,豊橋競輪,5R,10:10,2-5,2,5,34.1,0.04344140576488979,0.4813519365827419
7520260305010001,松山競輪,1R,11:18,2-9,2,9,46.4,0.03187662085007161,0.47907520744332266
7520260305010010,松山競輪,10R,15:18,7-9,7,9,14.3,0.10316587860816975,0.47527206409682754
2620260304020001,西武園競輪,1R,11:05,2-3,2,3,27.2,0.0541061257999858,0.4716866217596136
7520260305010006,松山競輪,6R,13:28,3-5,3,5,53.6,0.02743103484557497,0.4703034677228184
2420260304020006,宇都宮競輪,6R,22:54,2-4,2,4,15.7,0.09349088721477036,0.4678069292718947
4520260304020006,豊橋競輪,6R,10:30,2-7,2,7,18.8,0.07778295976510921,0.4623196435840533
2620260304020005,西武園競輪,5R,12:49,1-7,1,7,23.2,0.06285342456615796,0.4581994499348645
7520260305010004,松山競輪,4R,12:36,2-4,2,4,57.0,0.025576790923239178,0.4578770826246332
7520260305010009,松山競輪,9R,14:50,1-2,1,2,27.3,0.05312736793982861,0.45037714475732127
2620260304020001,西武園競輪,1R,11:05,1-2,1,2,22.2,0.06502669860905101,0.4435927091209324
2620260304020008,西武園競輪,8R,14:08,1-7,1,7,17.6,0.08191112997236417,0.4416358875136095
7520260305010001,松山競輪,1R,11:18,2-4,2,4,35.4,0.040616111948372974,0.4378103629724033
7520260305010006,松山競輪,6R,13:28,2-3,2,3,51.0,0.028178751229213025,0.4371163126898643
3720260304020008,伊東競輪,8R,18:36,1-2,1,2,37.3,0.0384845880052503,0.43547513259583615
3620260303030005,小田原競輪,5R,10:20,1-7,1,7,20.4,0.07013372566467979,0.4307280035594676
2620260304020004,西武園競輪,4R,12:23,4-6,4,6,26.9,0.05305986828276668,0.42731045680642366
2620260304020009,西武園競輪,9R,14:36,2-4,2,4,25.7,0.055509280873597494,0.4265885184514555
3620260303030007,小田原競輪,7R,11:00,2-7,2,7,113.1,0.012558229989569115,0.4203358118202669
3720260304020001,伊東競輪,1R,15:54,6-7,6,7,35.0,0.04046940562226333,0.41642919677921664
4520260304020007,豊橋競輪,7R,10:50,1-3,1,3,12.0,0.11797053812747582,0.41564645752970986
3120260304020005,松戸競輪,5R,22:36,4-5,4,5,27.3,0.05178730061360923,0.41379330675153203
2620260304020010,西武園競輪,10R,15:04,2-5,2,5,25.9,0.05446736739093379,0.4107048154251851
7520260305010012,松山競輪,12R,16:20,5-9,5,9,80.1,0.017540265917410952,0.40497529998461723
7520260305010004,松山競輪,4R,12:36,1-7,1,7,117.1,0.011955971578103576,0.4000442717959287
3720260304020012,伊東競輪,12R,20:30,4-7,4,7,44.4,0.031496438390455295,0.3984418645362151
3120260304020002,松戸競輪,2R,21:21,4-7,4,7,39.0,0.03579702620948269,0.39608402216982497
3620260303030006,小田原競輪,6R,10:40,4-5,4,5,29.2,0.04767901274484678,0.39222717214952607
7520260305010001,松山競輪,1R,11:18,1-4,1,4,51.4,0.027075003706691504,0.3916551905239434
8720260304020007,熊本競輪,7R,23:12,2-3,2,3,22.5,0.06171166605493981,0.38851248623614576
2620260304020008,西武園競輪,8R,14:08,5-7,5,7,19.2,0.07223873731298562,0.3869837564093239
7520260305010009,松山競輪,9R,14:50,7-9,7,9,29.7,0.0464460786489483,0.3794485358737645
8720260304020001,熊本競輪,1R,20:41,1-6,1,6,18.8,0.07327159781655919,0.37750603895131274
2620260304020001,西武園競輪,1R,11:05,3-5,3,5,15.5,0.08865522388312808,0.3741559701884851
3720260304020002,伊東競輪,2R,16:14,1-4,1,4,24.2,0.056750416728328014,0.37336008482553784
2620260304020009,西武園競輪,9R,14:36,1-3,1,3,18.7,0.07309504200894261,0.36687728556722665
2620260304020011,西武園競輪,11R,15:33,3-4,3,4,31.2,0.043690153462285185,0.36313278802329774
3720260304020001,伊東競輪,1R,15:54,1-5,1,5,42.2,0.03214193636085169,0.35638971442794154
4520260304020001,豊橋競輪,1R,08:50,2-4,2,4,72.5,0.018676768438574895,0.3540657117966799
2620260304020009,西武園競輪,9R,14:36,2-5,2,5,39.5,0.03426601351173921,0.3535075337136988
7520260305010005,松山競輪,5R,13:02,3-4,3,4,152.9,0.008842725630970025,0.3520527489753169
3120260304020001,松戸競輪,1R,20:57,2-4,2,4,37.0,0.03647443509972872,0.34955409868996257
2620260304020003,西武園競輪,3R,11:57,4-5,4,5,47.0,0.028706327209109914,0.3491973788281659
2620260304020008,西武園競輪,8R,14:08,4-5,4,5,23.6,0.057054324255770617,0.3464820524361867
2620260304020012,西武園競輪,12R,16:04,2-5,2,5,46.8,0.028763665025063577,0.34613952317297536
4520260304020005,豊橋競輪,5R,10:10,1-7,1,7,18.5,0.07185580141548534,0.3293323261864787
2620260304020008,西武園競輪,8R,14:08,2-4,2,4,30.4,0.04365882326719933,0.3272282273228597
4520260304020002,豊橋競輪,2R,09:10,1-7,1,7,53.5,0.0246831183854499,0.32054683362156977
3720260304020010,伊東競輪,10R,19:30,6-7,6,7,75.8,0.017391370731444856,0.31826590144352007
2620260304020002,西武園競輪,2R,11:31,1-7,1,7,46.6,0.02816377596068953,0.3124319597681322
3120260304020005,松戸競輪,5R,22:36,2-6,2,6,27.3,0.04797075675909863,0.3096016595233926
7520260305010010,松山競輪,10R,15:18,4-8,4,8,131.4,0.009963422824703012,0.3091937591659759
7520260305010005,松山競輪,5R,13:02,7-8,7,8,44.4,0.029470023242339022,0.3084690319598524
8720260304020003,熊本競輪,3R,21:29,1-7,1,7,21.0,0.06207615664760684,0.30359928959974347
7520260305010008,松山競輪,8R,14:22,4-7,4,7,27.8,0.04687967961515062,0.3032550933011873
7520260305010012,松山競輪,12R,16:20,4-6,4,6,212.7,0.0061188467372279565,0.30147870100838636
7520260305010004,松山競輪,4R,12:36,2-9,2,9,60.8,0.021375527186366504,0.2996320529310834
3620260303030001,小田原競輪,1R,09:00,1-7,1,7,13.3,0.09769467940332668,0.29933923606424506
3720260304020008,伊東競輪,8R,18:36,6-7,6,7,17.8,0.07265184440025296,0.2932028303245029
3720260304020010,伊東競輪,10R,19:30,1-3,1,3,31.9,0.04051374524788335,0.29238847340747887
3720260304020002,伊東競輪,2R,16:14,1-3,1,3,13.6,0.09489583318091004,0.2905833312603765
2420260304020002,宇都宮競輪,2R,21:13,1-3,1,3,19.5,0.0658352582017949,0.28378753493500053
2420260304020001,宇都宮競輪,1R,20:49,3-4,3,4,14.2,0.09029458177700884,0.28218306123352543
4520260304020002,豊橋競輪,2R,09:10,2-3,2,3,14.3,0.08957193150713394,0.2808786205520153
2620260304020007,西武園競輪,7R,13:41,6-7,6,7,25.3,0.05058075053929449,0.2796929886441506
2620260304020011,西武園競輪,11R,15:33,1-3,1,3,36.7,0.03485767970489596,0.27927684516968165
8720260304020003,熊本競輪,3R,21:29,2-3,2,3,21.0,0.06085343314193878,0.27792209598071427
2420260304020002,宇都宮競輪,2R,21:13,1-6,1,6,19.5,0.0654326559196813,0.2759367904337853
3720260304020008,伊東競輪,8R,18:36,2-3,2,3,34.2,0.03723403180759502,0.2734038878197498
3120260304020004,松戸競輪,4R,22:09,1-3,1,3,14.2,0.08960685318222343,0.2724173151875726
8720260304020002,熊本競輪,2R,21:05,1-3,1,3,16.5,0.07710878784015338,0.27229499936253077
3620260303030005,小田原競輪,5R,10:20,3-7,3,7,27.9,0.04530943767587406,0.2641333111568862
3720260304020006,伊東競輪,6R,17:48,3-4,3,4,20.1,0.06282464660378098,0.2627753967359978
7520260305010007,松山競輪,7R,13:54,2-9,2,9,26.5,0.04764626538622084,0.2626260327348522
7520260305010001,松山競輪,1R,11:18,3-5,3,5,60.1,0.020981147330170848,0.260966954543268
3720260304020011,伊東競輪,11R,20:00,2-4,2,4,37.6,0.03342404186929471,0.2567439742854811
4520260304020003,豊橋競輪,3R,09:30,2-7,2,7,47.4,0.026403328295439628,0.2515177612038384
3620260303030006,小田原競輪,6R,10:40,6-7,6,7,76.9,0.016163832217324436,0.24299869751224912
3620260303030005,小田原競輪,5R,10:20,1-3,1,3,44.5,0.027869174164087098,0.2401782503018759
8720260304020002,熊本競輪,2R,21:05,2-5,2,5,16.5,0.07511397554659835,0.23938059651887267
4520260304020005,豊橋競輪,5R,10:10,3-7,3,7,19.7,0.06278709041769683,0.23690568122862743
7520260305010012,松山競輪,12R,16:20,2-7,2,7,17.8,0.06946270049088454,0.23643606873774492
7520260305010012,松山競輪,12R,16:20,1-5,1,5,34.0,0.03633356625012532,0.23534125250426086
3720260304020012,伊東競輪,12R,20:30,1-6,1,6,19.8,0.06231892402773108,0.23391469574907542
3720260304020009,伊東競輪,9R,19:02,2-3,2,3,19.8,0.06212507728264534,0.23007653019637764
2420260304020007,宇都宮競輪,7R,23:21,1-2,1,2,13.5,0.09101168394974996,0.22865773332162442
2620260304020006,西武園競輪,6R,13:15,4-6,4,6,39.5,0.03105506413360028,0.22667503327721117
4520260304020001,豊橋競輪,1R,08:50,2-3,2,3,29.8,0.040975834217332335,0.22107985967650357
2620260304020003,西武園競輪,3R,11:57,1-5,1,5,23.3,0.05188821171304927,0.20899533291404793
3620260303030006,小田原競輪,6R,10:40,4-6,4,6,44.7,0.027040721867053814,0.20872026745730565
7520260305010003,松山競輪,3R,12:10,1-2,1,2,24.3,0.049451325523255096,0.20166721021509892
4520260304020003,豊橋競輪,3R,09:30,2-3,2,3,17.4,0.06903355269632958,0.2011838169161344
3120260304020006,松戸競輪,6R,23:03,2-4,2,4,15.7,0.07643720762783113,0.20006415975694858
3620260303030006,小田原競輪,6R,10:40,5-6,5,6,29.8,0.04026747972247915,0.1999708957298787
3720260304020006,伊東競輪,6R,17:48,5-7,5,7,33.0,0.03635661849821582,0.19976841044112215
7520260305010003,松山競輪,3R,12:10,3-8,3,8,53.4,0.022333321032144405,0.19259934311651117
7520260305010008,松山競輪,8R,14:22,2-7,2,7,17.4,0.06852386353650908,0.19231522553525782
2420260304020006,宇都宮競輪,6R,22:54,1-4,1,4,15.7,0.07592792090067804,0.19206835814064527
7520260305010012,松山競輪,12R,16:20,8-9,8,9,120.4,0.009884661469054042,0.19011324087410664
3620260303030006,小田原競輪,6R,10:40,1-4,1,4,24.9,0.047268398747420184,0.1769831288107626
7520260305010008,松山競輪,8R,14:22,1-9,1,9,45.2,0.025953774221978185,0.17311059483341396
7520260305010008,松山競輪,8R,14:22,1-5,1,5,24.5,0.047880972340533665,0.17308382234307484
7520260305010007,松山競輪,7R,13:54,2-4,2,4,40.2,0.029136474201114627,0.1712862628848082
3720260304020004,伊東競輪,4R,17:00,2-5,2,5,17.9,0.0654342573684957,0.17127320689607295
3620260303030007,小田原競輪,7R,11:00,1-6,1,6,20.6,0.05679168648908833,0.16990874167521985
7520260305010010,松山競輪,10R,15:18,2-6,2,6,142.9,0.008182624848908032,0.16929709090895773
3720260304020001,伊東競輪,1R,15:54,1-4,1,4,79.4,0.014686207200967333,0.16608485175680632
8720260304020005,熊本競輪,5R,22:18,1-2,1,2,11.6,0.10039007988277018,0.16452492664013407
8720260304020002,熊本競輪,2R,21:05,2-4,2,4,16.5,0.0704410580721199,0.16227745818997819
2420260304020005,宇都宮競輪,5R,22:27,2-4,2,4,20.0,0.057963610423191765,0.15927220846383539
2620260304020002,西武園競輪,2R,11:31,1-6,1,6,84.5,0.013685391417709743,0.15641557479647328
2620260304020007,西武園競輪,7R,13:41,1-6,1,6,47.9,0.024088024297824168,0.15381636386577768
7520260305010006,松山競輪,6R,13:28,2-7,2,7,22.6,0.051033423129474134,0.1533553627261155
7520260305010009,松山競輪,9R,14:50,1-5,1,5,37.9,0.030380112569058974,0.151406266367335
7520260305010012,松山競輪,12R,16:20,3-7,3,7,25.8,0.04460826500496716,0.15089323712815284
7520260305010009,松山競輪,9R,14:50,2-5,2,5,18.4,0.06253711368436198,0.15068289179226024
3720260304020008,伊東競輪,8R,18:36,1-3,1,3,31.6,0.03639772416505928,0.1501680836158732
2620260304020002,西武園競輪,2R,11:31,3-4,3,4,19.3,0.059531432800347076,0.14895665304669858
4520260304020006,豊橋競輪,6R,10:30,2-4,2,4,32.3,0.0354944659133895,0.14647124900248065
8720260304020002,熊本競輪,2R,21:05,1-7,1,7,16.5,0.06937150849624898,0.14462989018810823
8720260304020001,熊本競輪,1R,20:41,1-7,1,7,28.3,0.04043996026055963,0.1444508753738376
7520260305010007,松山競輪,7R,13:54,1-8,1,8,83.6,0.01368829920845736,0.14434181382703515
7520260305010005,松山競輪,5R,13:02,1-8,1,8,71.9,0.015906077275596855,0.1436469561154139
2620260304020011,西武園競輪,11R,15:33,2-5,2,5,42.3,0.026923206028988955,0.13885161502623267
4520260304020003,豊橋競輪,3R,09:30,2-4,2,4,50.2,0.022670556545017463,0.1380619385598767
2620260304020004,西武園競輪,4R,12:23,1-6,1,6,43.9,0.02587978299934499,0.13612247367124497
3720260304020012,伊東競輪,12R,20:30,3-6,3,6,54.9,0.02060643978302648,0.13129354408815375
3120260304020004,松戸競輪,4R,22:09,1-2,1,2,14.2,0.07963326205748736,0.13079232121632045
7520260305010004,松山競輪,4R,12:36,1-3,1,3,26.4,0.04281239841986989,0.13024731828456515
7520260305010006,松山競輪,6R,13:28,1-9,1,9,40.1,0.02801536481908726,0.12341612924539924
2620260304020010,西武園競輪,10R,15:04,4-7,4,7,24.6,0.04558271813171214,0.12133486604011878
7520260305010001,松山競輪,1R,11:18,3-6,3,6,72.0,0.01555870441448487,0.12022671784291061
7520260305010006,松山競輪,6R,13:28,3-4,3,4,32.0,0.0349632616772295,0.11882437367134391
2620260304020010,西武園競輪,10R,15:04,2-4,2,4,11.3,0.0987120868558976,0.11544658147164277
4520260304020007,豊橋競輪,7R,10:50,3-6,3,6,19.2,0.05804333534423819,0.11443203860937312
2620260304020012,西武園競輪,12R,16:04,1-7,1,7,53.2,0.020945689455765932,0.11431067904674763
3620260303030004,小田原競輪,4R,10:00,2-4,2,4,46.3,0.02403985217222112,0.11304515557383787
7520260305010005,松山競輪,5R,13:02,8-9,8,9,58.2,0.01911359602739028,0.11241128879411444
2620260304020001,西武園競輪,1R,11:05,1-7,1,7,34.8,0.031917731719849324,0.11073706385075632
8720260304020001,熊本競輪,1R,20:41,4-7,4,7,56.6,0.019623277797235415,0.11067752332352443
3720260304020001,伊東競輪,1R,15:54,1-2,1,2,24.3,0.04570359005129229,0.11059723824640266
3720260304020003,伊東競輪,3R,16:36,2-5,2,5,28.6,0.03875045895031749,0.10826312597908028
2620260304020006,西武園競輪,6R,13:15,5-6,5,6,13.7,0.08077859586064134,0.10666676329078628
3720260304020001,伊東競輪,1R,15:54,3-5,3,5,15.0,0.07374015466859986,0.10610232002899789
3120260304020004,松戸競輪,4R,22:09,5-7,5,7,28.5,0.03880312881832435,0.10588917132224407
3720260304020008,伊東競輪,8R,18:36,2-4,2,4,51.3,0.021509858322145428,0.1034557319260605
2620260304020003,西武園競輪,3R,11:57,2-4,2,4,28.7,0.03839597543781847,0.10196449506538996
2620260304020001,西武園競輪,1R,11:05,3-6,3,6,41.8,0.02635462959982148,0.10162351727253793
2620260304020001,西武園競輪,1R,11:05,3-4,3,4,42.7,0.02573629361881866,0.09893973752355678
3720260304020010,伊東競輪,10R,19:30,4-5,4,5,14.1,0.07792096515611385,0.09868560870120535
7520260305010012,松山競輪,12R,16:20,3-4,3,4,44.0,0.02495868319127191,0.098182060415964
7520260305010012,松山競輪,12R,16:20,3-6,3,6,91.8,0.01190705525677808,0.0930676725722277
3720260304020006,伊東競輪,6R,17:48,1-3,1,3,26.8,0.040694373667096884,0.09060921427819646
4520260304020001,豊橋競輪,1R,08:50,2-7,2,7,30.5,0.03569918986095423,0.08882529075910406
4520260304020007,豊橋競輪,7R,10:50,2-6,2,6,32.9,0.033047287498966314,0.08725575871599167
2420260304020003,宇都宮競輪,3R,21:37,1-2,1,2,16.1,0.06750759870091823,0.08687233908478365
4520260304020004,豊橋競輪,4R,09:50,2-7,2,7,18.5,0.058684760268829475,0.08566806497334523
2420260304020004,宇都宮競輪,4R,22:01,1-2,1,2,9.7,0.11181936172437154,0.08464780872640376
3720260304020001,伊東競輪,1R,15:54,1-7,1,7,34.4,0.03151999907561612,0.08428796820119433
2620260304020007,西武園競輪,7R,13:41,2-3,2,3,31.3,0.034557024312898046,0.08163486099370898
4520260304020007,豊橋競輪,7R,10:50,4-6,4,6,83.5,0.012952607506810418,0.08154272681866992
3720260304020005,伊東競輪,5R,17:24,3-7,3,7,16.4,0.06594721271281524,0.08153428849016997
3720260304020004,伊東競輪,4R,17:00,4-5,4,5,13.7,0.07858172540100701,0.0765696379937959
7520260305010009,松山競輪,9R,14:50,3-9,3,9,39.0,0.027571688710995003,0.07529585972880515
7520260305010004,松山競輪,4R,12:36,1-2,1,2,44.5,0.024051871394694994,0.07030827706392717
4520260304020007,豊橋競輪,7R,10:50,6-7,6,7,28.0,0.03818771320518734,0.0692559697452455
3720260304020004,伊東競輪,4R,17:00,3-4,3,4,26.5,0.040316412361490764,0.0683849275795052
3620260303030003,小田原競輪,3R,09:40,1-6,1,6,54.8,0.019453411963902476,0.06604697562185557
4520260304020007,豊橋競輪,7R,10:50,2-5,2,5,41.7,0.025522597259985576,0.06429230574139866
2620260304020002,西武園競輪,2R,11:31,2-4,2,4,12.7,0.08373415352596163,0.06342374977971255
7520260305010003,松山競輪,3R,12:10,4-6,4,6,180.9,0.005876803542569539,0.06311376085082965
7520260305010007,松山競輪,7R,13:54,1-2,1,2,25.3,0.04187856635395526,0.05952772875506818
2420260304020007,宇都宮競輪,7R,23:21,1-6,1,6,11.2,0.09459722254993316,0.05948889255925138
3620260303030007,小田原競輪,7R,11:00,1-2,1,2,42.4,0.02492001456863785,0.056608617710244724
3720260304020008,伊東競輪,8R,18:36,1-5,1,5,17.8,0.05922039069269969,0.05412295433005454
2420260304020002,宇都宮競輪,2R,21:13,2-3,2,3,19.5,0.053977826536275836,0.05256761745737881
3720260304020005,伊東競輪,5R,17:24,3-4,3,4,19.3,0.0545162198429754,0.05216304296942531
7520260305010003,松山競輪,3R,12:10,5-8,5,8,21.7,0.04848158685314813,0.052050434713314386
3120260304020002,松戸競輪,2R,21:21,1-3,1,3,19.5,0.053942147010941896,0.051871866713367076
7520260305010002,松山競輪,2R,11:44,2-5,2,5,19.1,0.055066080135763265,0.05176213059307844
3620260303030003,小田原競輪,3R,09:40,1-4,1,4,33.2,0.03167957592046354,0.05176192055938955
2420260304020001,宇都宮競輪,1R,20:49,2-5,2,5,21.3,0.04932827715699567,0.05069230344400788
3720260304020012,伊東競輪,12R,20:30,3-5,3,5,33.3,0.03151647473775425,0.049498608767216457
3720260304020005,伊東競輪,5R,17:24,1-7,1,7,32.0,0.032789680272117684,0.04926976870776589
8720260304020003,熊本競輪,3R,21:29,3-7,3,7,21.0,0.049668656223764304,0.0430417806990504
4520260304020004,豊橋競輪,4R,09:50,2-4,2,4,34.8,0.02980460877465032,0.0372003853578311
2420260304020007,宇都宮競輪,7R,23:21,3-5,3,5,33.7,0.030776066464199843,0.0371534398435347
7520260305010006,松山競輪,6R,13:28,1-5,1,5,34.1,0.030389972339726783,0.03629805678468334
8720260304020007,熊本競輪,7R,23:12,3-4,3,4,22.5,0.046015806538829654,0.03535564712366712
3620260303030004,小田原競輪,4R,10:00,5-7,5,7,12.6,0.0820560915565442,0.033906753612456875
3620260303030003,小田原競輪,3R,09:40,1-7,1,7,21.2,0.04867847602629996,0.03198369175755911
4520260304020002,豊橋競輪,2R,09:10,4-7,4,7,22.3,0.046258250490827414,0.03155898594545148
4520260304020005,豊橋競輪,5R,10:10,1-5,1,5,15.9,0.06480821695966461,0.030450649658667395
4520260304020003,豊橋競輪,3R,09:30,4-6,4,6,54.0,0.0190686122857978,0.029705063433081325
2620260304020001,西武園競輪,1R,11:05,2-4,2,4,26.0,0.03957632930691149,0.028984561979698675
7520260305010005,松山競輪,5R,13:02,4-5,4,5,135.9,0.00756817239731194,0.028514628794692687
2420260304020004,宇都宮競輪,4R,22:01,1-3,1,3,19.5,0.052614795750485416,0.025988517134465594
8720260304020007,熊本競輪,7R,23:12,2-6,2,6,22.5,0.045246219884296224,0.018039947396665035
3720260304020008,伊東競輪,8R,18:36,3-4,3,4,51.3,0.019828498202707285,0.01720195779888356
2620260304020012,西武園競輪,12R,16:04,4-5,4,5,13.1,0.07685907800480561,0.006853921862953527
7520260305010004,松山競輪,4R,12:36,2-7,2,7,72.9,0.01379066025429617,0.005339132538190849
3120260304020002,松戸競輪,2R,21:21,3-4,3,4,39.0,0.025698399518108185,0.002237581206219197
2420260304020002,宇都宮競輪,2R,21:13,5-6,5,6,19.5,0.0513367194369419,0.0010660290203670097
2420260304020003,宇都宮競輪,3R,21:37,5-6,5,6,10.7,0.09340714018729296,-0.000543599995965427
7520260305010011,松山競輪,11R,15:48,1-5,1,5,22.2,0.044970165552259786,-0.0016623247398327434
2620260304020008,西武園競輪,8R,14:08,2-7,2,7,17.6,0.056583023865787396,-0.0041387799621417365
3720260304020009,伊東競輪,9R,19:02,4-5,4,5,29.7,0.033507403448500374,-0.004830117579538884
3620260303030007,小田原競輪,7R,11:00,2-3,2,3,30.5,0.03260653478643969,-0.005500689013589466
4520260304020006,豊橋競輪,6R,10:30,5-7,5,7,15.1,0.06576827248438427,-0.00689908548579754
3120260304020005,松戸競輪,5R,22:36,2-5,2,5,10.9,0.09075141558828426,-0.010809570087701559
2420260304020001,宇都宮競輪,1R,20:49,2-4,2,4,12.2,0.08104205160014023,-0.011286970478289193
3720260304020003,伊東競輪,3R,16:36,2-3,2,3,16.8,0.05875350926851162,-0.012941044289004777
2420260304020002,宇都宮競輪,2R,21:13,3-5,3,5,19.5,0.05061332109014372,-0.013040238742197396
3720260304020012,伊東競輪,12R,20:30,2-4,2,4,28.2,0.03490152168636248,-0.015777088444578147
3620260303030001,小田原競輪,1R,09:00,5-7,5,7,18.3,0.05369744295094152,-0.017336793997770217
7520260305010012,松山競輪,12R,16:20,2-5,2,5,19.2,0.05111531837429653,-0.018585887213506624
3720260304020011,伊東競輪,11R,20:00,1-6,1,6,23.5,0.041739837700729226,-0.019113814032863163
2620260304020006,西武園競輪,6R,13:15,2-3,2,3,7.2,0.13616085027464925,-0.019641878022525372
3720260304020002,伊東競輪,2R,16:14,1-7,1,7,8.4,0.11641809318764751,-0.02208801722376086
3620260303030007,小田原競輪,7R,11:00,3-4,3,4,14.3,0.06835065717377117,-0.022585602415072126
2620260304020001,西武園競輪,1R,11:05,4-7,4,7,78.1,0.012499867129797814,-0.02376037716279078
2420260304020001,宇都宮競輪,1R,20:49,3-5,3,5,17.1,0.057048815386007666,-0.024465256899268817
4520260304020005,豊橋競輪,5R,10:10,1-3,1,3,10.7,0.0910649579982642,-0.025604949418573164
3720260304020002,伊東競輪,2R,16:14,3-5,3,5,17.5,0.05525779366092731,-0.03298861093377203
4520260304020006,豊橋競輪,6R,10:30,1-3,1,3,14.9,0.06485545365054873,-0.0336537406068238
7520260305010002,松山競輪,2R,11:44,1-7,1,7,20.7,0.0466290791128187,-0.03477806236465286
3720260304020007,伊東競輪,7R,18:12,6-7,6,7,14.7,0.06562286508542559,-0.03534388324424398
3720260304020006,伊東競輪,6R,17:48,1-4,1,4,16.9,0.05702159524577681,-0.03633504034637203
7520260305010012,松山競輪,12R,16:20,3-8,3,8,52.8,0.018245949700557096,-0.036613855810585405
7520260305010005,松山競輪,5R,13:02,1-3,1,3,49.5,0.01945431296861031,-0.03701150805378961
3620260303030002,小田原競輪,2R,09:20,1-7,1,7,15.8,0.060756934256428814,-0.04004043874842467
7520260305010005,松山競輪,5R,13:02,5-8,5,8,117.6,0.00816039651558115,-0.040337369767656894
2620260304020008,西武園競輪,8R,14:08,3-5,3,5,36.3,0.026429714649870734,-0.04060135820969246
3620260303030004,小田原競輪,4R,10:00,1-2,1,2,14.4,0.06648068790560155,-0.042678094159337654
3620260303030002,小田原競輪,2R,09:20,2-7,2,7,10.5,0.09107133264149152,-0.043751007264339115
3720260304020012,伊東競輪,12R,20:30,2-7,2,7,14.1,0.06774823938436782,-0.044749824680413774
8720260304020005,熊本競輪,5R,22:18,4-6,4,6,23.2,0.04098018108853434,-0.04925979874600339
7520260305010003,松山競輪,3R,12:10,2-7,2,7,29.3,0.03243280143406774,-0.04971891798181527
2620260304020008,西武園競輪,8R,14:08,1-4,1,4,14.8,0.06415047998768311,-0.050572896182289884
4520260304020003,豊橋競輪,3R,09:30,3-5,3,5,8.0,0.11861748363449927,-0.05106013092400585
3720260304020005,伊東競輪,5R,17:24,2-5,2,5,16.1,0.05891200542170641,-0.05151671271052671
3720260304020012,伊東競輪,12R,20:30,1-5,1,5,11.5,0.08219517355169868,-0.05475550415546515
3620260303030002,小田原競輪,2R,09:20,5-7,5,7,13.8,0.06826639208931018,-0.0579237891675195
7520260305010008,松山競輪,8R,14:22,3-9,3,9,94.2,0.009980274237579311,-0.05985816682002887
7520260305010005,松山競輪,5R,13:02,3-5,3,5,77.4,0.012108840556545803,-0.0627757409233547
3620260303030006,小田原競輪,6R,10:40,2-3,2,3,13.5,0.06925901141601898,-0.06500334588374379
3120260304020004,松戸競輪,4R,22:09,2-6,2,6,28.5,0.03266830749125333,-0.06895323649928009
7520260305010004,松山競輪,4R,12:36,3-9,3,9,23.1,0.04026779665484701,-0.069813897273034
7520260305010004,松山競輪,4R,12:36,4-8,4,8,44.5,0.020876253364973677,-0.07100672525867135
3620260303030001,小田原競輪,1R,09:00,3-5,3,5,19.3,0.04812360640383162,-0.07121439640604965
4520260304020004,豊橋競輪,4R,09:50,1-7,1,7,20.3,0.045558629458582384,-0.07515982199077753
3120260304020002,松戸競輪,2R,21:21,3-5,3,5,13.0,0.07109016451468231,-0.07582786130913
4520260304020006,豊橋競輪,6R,10:30,3-7,3,7,12.7,0.07270564370467178,-0.07663832495066847
3720260304020011,伊東競輪,11R,20:00,1-2,1,2,22.5,0.04102545150816385,-0.07692734106631338
2620260304020002,西武園競輪,2R,11:31,1-2,1,2,42.2,0.021783385558322224,-0.08074112943880207
7520260305010005,松山競輪,5R,13:02,3-7,3,7,27.1,0.03391783416150485,-0.08082669422321842
2620260304020001,西武園競輪,1R,11:05,4-6,4,6,59.1,0.015551608612222389,-0.0808999310176568
3120260304020002,松戸競輪,2R,21:21,5-6,5,6,39.0,0.023558376589512,-0.08122331300903196
3720260304020007,伊東競輪,7R,18:12,2-4,2,4,14.9,0.061639445119602884,-0.08157226771791704
3620260303030005,小田原競輪,5R,10:20,2-4,2,4,10.6,0.08658073719398368,-0.08224418574377301
2620260304020009,西武園競輪,9R,14:36,1-7,1,7,30.0,0.030505692591555902,-0.0848292222533229
7520260305010012,松山競輪,12R,16:20,6-8,6,8,177.9,0.005128893040773727,-0.08756992804635388
7520260305010006,松山競輪,6R,13:28,1-3,1,3,18.8,0.0482249570931825,-0.09337080664816888
8720260304020006,熊本競輪,6R,22:45,2-5,2,5,21.0,0.043147693832028315,-0.09389842952740535
8720260304020005,熊本競輪,5R,22:18,2-4,2,4,11.6,0.07797930200676138,-0.09544009672156795
8720260304020006,熊本競輪,6R,22:45,1-6,1,6,21.0,0.04292092596674725,-0.0986605546983077
3720260304020010,伊東競輪,10R,19:30,5-7,5,7,16.3,0.05528007049932898,-0.09893485086093756
4520260304020001,豊橋競輪,1R,08:50,3-4,3,4,32.6,0.02763296273200432,-0.0991654149366592
3720260304020007,伊東競輪,7R,18:12,1-6,1,6,14.7,0.061211894943159484,-0.10018514433555559
3720260304020003,伊東競輪,3R,16:36,2-7,2,7,13.3,0.06764493852636785,-0.10032231759930754
3720260304020008,伊東競輪,8R,18:36,1-4,1,4,45.6,0.019709964740539192,-0.10122560783141277
8720260304020006,熊本競輪,6R,22:45,4-7,4,7,21.0,0.04271323105234126,-0.10302214790083353
7520260305010003,松山競輪,3R,12:10,8-9,8,9,47.1,0.019015968314983492,-0.10434789236427755
7520260305010011,松山競輪,11R,15:48,1-3,1,3,19.1,0.04679151496413352,-0.10628206418504971
3620260303030006,小田原競輪,6R,10:40,4-7,4,7,45.7,0.019552952115447983,-0.10643008832402712
2420260304020001,宇都宮競輪,1R,20:49,1-6,1,6,17.1,0.05213272612847672,-0.10853038320304798
7520260305010001,松山競輪,1R,11:18,1-7,1,7,15.6,0.05698115713377258,-0.1110939487131477
3620260303030007,小田原競輪,7R,11:00,2-6,2,6,21.6,0.041117361655722454,-0.1118649882363949
7520260305010012,松山競輪,12R,16:20,6-9,6,9,156.3,0.005682160250052379,-0.11187835291681303
7520260305010010,松山競輪,10R,15:18,5-9,5,9,15.9,0.05579090852888118,-0.11292455439078919
2420260304020003,宇都宮競輪,3R,21:37,1-7,1,7,16.1,0.05507560538833091,-0.11328275324787229
7520260305010008,松山競輪,8R,14:22,3-7,3,7,21.9,0.04040377486729147,-0.11515733040631682
3620260303030007,小田原競輪,7R,11:00,1-4,1,4,15.0,0.05894464316133051,-0.11583035258004237
2620260304020005,西武園競輪,5R,12:49,2-3,2,3,21.9,0.040193573664000656,-0.11976073675838572
7520260305010004,松山競輪,4R,12:36,7-9,7,9,124.0,0.007094056941290942,-0.12033693927992317
7520260305010009,松山競輪,9R,14:50,6-8,6,8,95.7,0.00918793475709922,-0.12071464374560459
3120260304020001,松戸競輪,1R,20:57,1-5,1,5,5.8,0.15125874193389777,-0.12269929678339297
2420260304020002,宇都宮競輪,2R,21:13,1-5,1,5,9.7,0.09042228320039755,-0.12290385295614381
8720260304020007,熊本競輪,7R,23:12,1-4,1,4,11.2,0.0782622838107247,-0.1234624213198835
2620260304020012,西武園競輪,12R,16:04,2-4,2,4,12.3,0.07116335483916988,-0.12469073547821041
2620260304020007,西武園競輪,7R,13:41,3-4,3,4,33.1,0.026421909719740642,-0.12543478827658472
2620260304020006,西武園競輪,6R,13:15,1-4,1,4,90.0,0.00971301035379901,-0.12582906815808903
3120260304020006,松戸競輪,6R,23:03,2-5,2,5,15.7,0.05562741221219132,-0.12664962826859627
7520260305010006,松山競輪,6R,13:28,3-9,3,9,37.8,0.02310042288728996,-0.12680401486043957
3720260304020008,伊東競輪,8R,18:36,2-7,2,7,12.4,0.07038959070087897,-0.12716907530910082
7520260305010012,松山競輪,12R,16:20,1-9,1,9,33.1,0.026141600126486836,-0.13471303581328564
3620260303030005,小田原競輪,5R,10:20,2-3,2,3,13.7,0.06312805508745643,-0.13514564530184692
7520260305010011,松山競輪,11R,15:48,1-9,1,9,14.6,0.05899917430136961,-0.13861205520000375
2620260304020009,西武園競輪,9R,14:36,3-5,3,5,14.9,0.05759813434360746,-0.1417877982802489
7520260305010003,松山競輪,3R,12:10,3-5,3,5,15.8,0.054302239000634134,-0.1420246237899806
3720260304020004,伊東競輪,4R,17:00,3-7,3,7,29.4,0.029071903533604906,-0.14528603611201574
3620260303030006,小田原競輪,6R,10:40,2-4,2,4,41.8,0.02037123703879454,-0.14848229177838823
3720260304020001,伊東競輪,1R,15:54,1-3,1,3,18.8,0.04511056190231984,-0.151921436236387
3620260303030001,小田原競輪,1R,09:00,3-7,3,7,15.2,0.05579243476742781,-0.15195499153509728
2420260304020005,宇都宮競輪,5R,22:27,2-6,2,6,12.0,0.07061380328248765,-0.15263436061014823
7520260305010002,松山競輪,2R,11:44,3-6,3,6,37.3,0.022701076852581298,-0.15324983339871767
7520260305010005,松山競輪,5R,13:02,3-9,3,9,37.4,0.022623365934527514,-0.15388611404867103
2420260304020004,宇都宮競輪,4R,22:01,5-6,5,6,19.5,0.04338225228911376,-0.15404608036228173
3720260304020012,伊東競輪,12R,20:30,1-7,1,7,9.3,0.09090946124553748,-0.1545420104165014
8720260304020001,熊本競輪,1R,20:41,3-5,3,5,18.8,0.04482045098832406,-0.1573755214195076
2420260304020001,宇都宮競輪,1R,20:49,1-2,1,2,9.5,0.08841581367007284,-0.160049770134308
3620260303030001,小田原競輪,1R,09:00,5-6,5,6,34.9,0.024025779702416518,-0.16150028838566355
7520260305010001,松山競輪,1R,11:18,4-8,4,8,61.9,0.013519701053048259,-0.16313050481631275
7520260305010003,松山競輪,3R,12:10,3-9,3,9,39.7,0.021048086621136688,-0.16439096114087348
2420260304020005,宇都宮競輪,5R,22:27,3-7,3,7,30.0,0.027833067155582092,-0.16500798533253724
7520260305010003,松山競輪,3R,12:10,2-8,2,8,19.0,0.04390364533532631,-0.16583073862880005
4520260304020007,豊橋競輪,7R,10:50,5-6,5,6,56.9,0.014637046458761405,-0.16715205649647613
8720260304020006,熊本競輪,6R,22:45,1-5,1,5,10.5,0.0791495081573977,-0.1689301643473241
4520260304020003,豊橋競輪,3R,09:30,1-2,1,2,22.1,0.037590769486616854,-0.16924399434576742
7520260305010007,松山競輪,7R,13:54,3-7,3,7,15.7,0.05273268736535998,-0.17209680836384833
7520260305010008,松山競輪,8R,14:22,5-9,5,9,34.9,0.023570720919852756,-0.17738183989713885
3620260303030006,小田原競輪,6R,10:40,2-6,2,6,48.8,0.016846144147372746,-0.17790816560821
8720260304020004,熊本競輪,4R,21:53,4-5,4,5,39.0,0.020916117983397098,-0.18427139864751318
8720260304020002,熊本競輪,2R,21:05,4-7,4,7,16.5,0.049436382633797765,-0.18429968654233686
2420260304020003,宇都宮競輪,3R,21:37,3-7,3,7,32.2,0.025293784400753576,-0.1855401422957348
2620260304020001,西武園競輪,1R,11:05,6-7,6,7,55.2,0.01475118433741435,-0.18573462457472778
7520260305010005,松山競輪,5R,13:02,1-5,1,5,36.8,0.022113502246000942,-0.18622311734716535
3720260304020010,伊東競輪,10R,19:30,1-6,1,6,46.6,0.017263827395491076,-0.19550564337011578
3720260304020006,伊東競輪,6R,17:48,1-5,1,5,22.9,0.035119847078101174,-0.19575550191148317
7520260305010005,松山競輪,5R,13:02,4-8,4,8,143.9,0.005580815267748063,-0.1969206829710537
4520260304020002,豊橋競輪,2R,09:10,3-5,3,5,9.8,0.08185082333258772,-0.19786193134064023
3720260304020008,伊東競輪,8R,18:36,3-5,3,5,14.1,0.05674983015631235,-0.19982739479599587
2420260304020005,宇都宮競輪,5R,22:27,2-3,2,3,10.0,0.07951882229910849,-0.20481177700891506
8720260304020003,熊本競輪,3R,21:29,2-7,2,7,21.0,0.037728198104743996,-0.2077078398003761
3720260304020003,伊東競輪,3R,16:36,5-7,5,7,10.8,0.07323248709520622,-0.20908913937177276
4520260304020002,豊橋競輪,2R,09:10,2-5,2,5,16.4,0.048168688136289384,-0.2100335145648542
3120260304020003,松戸競輪,3R,21:45,1-5,1,5,8.2,0.09629181022452787,-0.2104071561588715
3720260304020001,伊東競輪,1R,15:54,3-6,3,6,13.2,0.05973267203996728,-0.21152872907243192
3720260304020008,伊東競輪,8R,18:36,5-7,5,7,7.7,0.10234818933718387,-0.21191894210368423
3120260304020004,松戸競輪,4R,22:09,3-7,3,7,28.5,0.027540883846287542,-0.21508481038080507
3120260304020001,松戸競輪,1R,20:57,3-4,3,4,55.5,0.014095912702063774,-0.2176768450354606
4520260304020007,豊橋競輪,7R,10:50,2-7,2,7,14.9,0.05246924451260977,-0.21820825676211442
7520260305010010,松山競輪,10R,15:18,5-6,5,6,49.5,0.015723276001276078,-0.22169783793683417
3720260304020012,伊東競輪,12R,20:30,1-3,1,3,13.1,0.0592545120414055,-0.22376589225758803
3720260304020006,伊東競輪,6R,17:48,4-5,4,5,13.4,0.05742107918947625,-0.23055753886101826
2620260304020004,西武園競輪,4R,12:23,2-4,2,4,10.2,0.0752450003736602,-0.23250099618866593
3720260304020012,伊東競輪,12R,20:30,1-4,1,4,15.5,0.04950070245456349,-0.2327391119542659
3720260304020012,伊東競輪,12R,20:30,3-4,3,4,44.4,0.017260594046696213,-0.2336296243266881
3720260304020009,伊東競輪,9R,19:02,1-4,1,4,17.8,0.042882325072660446,-0.23669461370664402
2420260304020004,宇都宮競輪,4R,22:01,2-4,2,4,19.5,0.03912559962039004,-0.23705080740239415
2620260304020004,西武園競輪,4R,12:23,4-7,4,7,9.4,0.08111302078704355,-0.23753760460179063
7520260305010008,松山競輪,8R,14:22,5-8,5,8,59.6,0.0127740868304409,-0.23866442490572226
7520260305010002,松山競輪,2R,11:44,1-3,1,3,20.8,0.036552307576354554,-0.23971200241182522
3720260304020006,伊東競輪,6R,17:48,3-5,3,5,18.9,0.04019139838672357,-0.24038257049092449
8720260304020006,熊本競輪,6R,22:45,3-7,3,7,21.0,0.03612978806032437,-0.2412744507331882
8720260304020007,熊本競輪,7R,23:12,1-2,1,2,7.5,0.10052547241891878,-0.2460589568581092
3720260304020009,伊東競輪,9R,19:02,3-4,3,4,15.5,0.048605211619341206,-0.2466192199002113
7520260305010007,松山競輪,7R,13:54,1-3,1,3,11.1,0.06764582041926522,-0.24913139334615608
3120260304020006,松戸競輪,6R,23:03,1-7,1,7,15.7,0.047684890049568385,-0.2513472262217764
8720260304020003,熊本競輪,3R,21:29,1-5,1,5,10.5,0.0711653151589623,-0.25276419083089596
8720260304020002,熊本競輪,2R,21:05,3-7,3,7,16.5,0.04518949910749093,-0.25437326472639965
7520260305010010,松山競輪,10R,15:18,1-5,1,5,26.5,0.028065036538980518,-0.25627653171701625
3720260304020009,伊東競輪,9R,19:02,3-5,3,5,39.6,0.01868555511308165,-0.2600520175219666
7520260305010012,松山競輪,12R,16:20,2-8,2,8,25.1,0.0294544109910526,-0.2606942841245796
2420260304020007,宇都宮競輪,7R,23:21,1-3,1,3,11.2,0.06499905254994964,-0.27201061144056404
3120260304020006,松戸競輪,6R,23:03,2-6,2,6,15.7,0.046217545920520756,-0.2743845290478242
8720260304020001,熊本競輪,1R,20:41,1-2,1,2,8.7,0.08320758305759245,-0.27609402739894573
3720260304020003,伊東競輪,3R,16:36,2-4,2,4,19.9,0.035950383258265176,-0.28458737316052307
3720260304020004,伊東競輪,4R,17:00,1-2,1,2,11.2,0.06371775467139956,-0.28636114768032495
3720260304020002,伊東競輪,2R,16:14,5-7,5,7,10.5,0.06782619799989659,-0.2878249210010858
2420260304020003,宇都宮競輪,3R,21:37,1-4,1,4,32.2,0.022007502064076992,-0.29135843353672075
3720260304020009,伊東競輪,9R,19:02,1-6,1,6,32.4,0.02186726406110001,-0.2915006444203596
3720260304020006,伊東競輪,6R,17:48,2-7,2,7,11.3,0.062404361941394676,-0.29483071006224015
2620260304020004,西武園競輪,4R,12:23,4-5,4,5,8.8,0.08011464346033535,-0.2949911375490488
2420260304020005,宇都宮競輪,5R,22:27,6-7,6,7,30.0,0.023487864671366165,-0.29536405985901504
8720260304020005,熊本競輪,5R,22:18,1-5,1,5,11.6,0.06074290168999029,-0.29538234039611266
7520260305010003,松山競輪,3R,12:10,1-9,1,9,32.4,0.021738186200668228,-0.2956827670983494
3720260304020005,伊東競輪,5R,17:24,4-5,4,5,13.7,0.05133545815542284,-0.2967042232707071
7520260305010011,松山競輪,11R,15:48,5-7,5,7,20.4,0.0344537842297417,-0.29714280171326934
2620260304020007,西武園競輪,7R,13:41,3-7,3,7,11.3,0.062118607533916514,-0.2980597348667433
7520260305010010,松山競輪,10R,15:18,3-7,3,7,13.7,0.0510911420315245,-0.30005135416811446
3720260304020010,伊東競輪,10R,19:30,2-5,2,5,7.2,0.09711159254534882,-0.30079653367348846
3720260304020001,伊東競輪,1R,15:54,1-6,1,6,29.9,0.023350622705489963,-0.3018163811058502
3720260304020010,伊東競輪,10R,19:30,1-4,1,4,26.3,0.02640386219412133,-0.305578424294609
2620260304020003,西武園競輪,3R,11:57,5-7,5,7,9.6,0.07207066236162449,-0.3081216413284049
8720260304020005,熊本競輪,5R,22:18,1-3,1,3,11.6,0.05941394406067474,-0.310798248896173
3620260303030002,小田原競輪,2R,09:20,1-5,1,5,15.0,0.045935831832329195,-0.31096252251506207
2620260304020010,西武園競輪,10R,15:04,3-4,3,4,19.7,0.03487227218841297,-0.3130162378882645
3720260304020003,伊東競輪,3R,16:36,3-5,3,5,10.8,0.06352444041132554,-0.3139360435576841
3620260303030001,小田原競輪,1R,09:00,2-5,2,5,16.6,0.04124410052125854,-0.31534793134710815
7520260305010001,松山競輪,1R,11:18,5-7,5,7,16.7,0.04096457346153308,-0.3158916231923976
8720260304020002,熊本競輪,2R,21:05,1-4,1,4,8.2,0.08325399915632664,-0.3173172069181216
3120260304020004,松戸競輪,4R,22:09,5-6,5,6,14.2,0.048023413884347846,-0.3180675228422606
7520260305010009,松山競輪,9R,14:50,3-5,3,5,29.0,0.023474129393137727,-0.3192502475990059
3720260304020011,伊東競輪,11R,20:00,4-7,4,7,13.4,0.050775803862136135,-0.3196042282473758
3720260304020005,伊東競輪,5R,17:24,5-7,5,7,10.5,0.06381387846614153,-0.32995427610551387
7520260305010009,松山競輪,9R,14:50,1-9,1,9,18.7,0.03582419486875959,-0.3300875559541957
2620260304020009,西武園競輪,9R,14:36,5-7,5,7,31.2,0.02135735927984788,-0.3336503904687461
7520260305010007,松山競輪,7R,13:54,3-6,3,6,23.0,0.028830462263500858,-0.3368993679394803
2620260304020003,西武園競輪,3R,11:57,1-2,1,2,9.8,0.06752734860269165,-0.33823198369362184
2420260304020003,宇都宮競輪,3R,21:37,2-6,2,6,16.1,0.040990055500762845,-0.3400601064377181
3120260304020004,松戸競輪,4R,22:09,2-3,2,3,14.2,0.04614800561083494,-0.3446983203261439
2420260304020003,宇都宮競輪,3R,21:37,2-5,2,5,10.7,0.061062924474044565,-0.3466267081277232
3120260304020001,松戸競輪,1R,20:57,3-5,3,5,22.2,0.029400640135884688,-0.34730578898335995
7520260305010001,松山競輪,1R,11:18,4-5,4,5,39.2,0.016602592737172468,-0.34917836470283925
7520260305010004,松山競輪,4R,12:36,3-7,3,7,25.1,0.025853439865825487,-0.35107865936778027
7520260305010012,松山競輪,12R,16:20,2-9,2,9,16.7,0.038842217568590506,-0.35133496660453856
2620260304020005,西武園競輪,5R,12:49,1-3,1,3,8.5,0.07617697374145317,-0.352495723197648
2620260304020002,西武園競輪,2R,11:31,1-4,1,4,12.7,0.05092169296430915,-0.35329449935327384
4520260304020001,豊橋競輪,1R,08:50,1-2,1,2,8.7,0.07429277648644196,-0.353652844567955
3720260304020009,伊東競輪,9R,19:02,3-6,3,6,25.5,0.025331278690285598,-0.3540523933977172
2620260304020010,西武園競輪,10R,15:04,2-7,2,7,8.6,0.07484883996609941,-0.3562999762915451
8720260304020004,熊本競輪,4R,21:53,2-4,2,4,39.0,0.01643767239028588,-0.35893077677885066
2620260304020010,西武園競輪,10R,15:04,1-7,1,7,11.3,0.05668232041914502,-0.3594897792636612
7520260305010001,松山競輪,1R,11:18,5-9,5,9,49.9,0.012808681162187394,-0.36084681000684904
3720260304020009,伊東競輪,9R,19:02,1-5,1,5,39.6,0.016059105552882716,-0.36405942010584447
7520260305010005,松山競輪,5R,13:02,5-9,5,9,23.7,0.026644014450633403,-0.3685368575199883
2620260304020009,西武園競輪,9R,14:36,3-7,3,7,7.8,0.08094923844973251,-0.3685959400920864
7520260305010010,松山競輪,10R,15:18,1-7,1,7,10.8,0.05836634667586284,-0.36964345590068126
3720260304020011,伊東競輪,11R,20:00,1-5,1,5,12.5,0.05031366266232441,-0.3710792167209448
7520260305010007,松山競輪,7R,13:54,2-5,2,5,28.6,0.0219725521466559,-0.37158500860564125
4520260304020003,豊橋競輪,3R,09:30,3-4,3,4,12.9,0.0486163328794348,-0.3728493058552911
3120260304020006,松戸競輪,6R,23:03,1-2,1,2,5.2,0.11924981374607282,-0.3799009685204213
7520260305010007,松山競輪,7R,13:54,3-4,3,4,12.5,0.04944026447877196,-0.3819966940153505
8720260304020004,熊本競輪,4R,21:53,1-2,1,2,7.8,0.07921367991118956,-0.38213329669272145
2620260304020005,西武園競輪,5R,12:49,3-4,3,4,13.7,0.0450143432821797,-0.38330349703413813
4520260304020004,豊橋競輪,4R,09:50,3-7,3,7,6.7,0.09204092737751679,-0.38332578657063754
7520260305010002,松山競輪,2R,11:44,3-7,3,7,12.5,0.049120496050544096,-0.3859937993681988
7520260305010009,松山競輪,9R,14:50,1-7,1,7,19.4,0.03162885769973449,-0.3864001606251509
3720260304020008,伊東競輪,8R,18:36,4-6,4,6,34.2,0.01791722935329521,-0.38723075611730384
2620260304020004,西武園競輪,4R,12:23,3-7,3,7,14.7,0.04129873003014414,-0.3929086685568811
2620260304020007,西武園競輪,7R,13:41,5-7,5,7,5.8,0.10454683254847932,-0.39362837121882
8720260304020001,熊本競輪,1R,20:41,3-4,3,4,12.5,0.04850856556798103,-0.3936429304002371
8720260304020007,熊本競輪,7R,23:12,3-7,3,7,22.5,0.026944634954263663,-0.3937457135290676
2620260304020008,西武園競輪,8R,14:08,3-4,3,4,13.3,0.04551960563993529,-0.3945892449888606
3720260304020009,伊東競輪,9R,19:02,2-7,2,7,5.7,0.10591999326508858,-0.39625603838899504
7520260305010004,松山競輪,4R,12:36,3-5,3,5,6.5,0.09244684340665571,-0.3990955178567379
7520260305010002,松山競輪,2R,11:44,4-5,4,5,18.0,0.0333580303546075,-0.399555453617065
8720260304020003,熊本競輪,3R,21:29,3-5,3,5,10.5,0.056933156664242146,-0.40220185502545747
2420260304020002,宇都宮競輪,2R,21:13,1-2,1,2,6.5,0.09195736314637454,-0.4022771395485655
7520260305010010,松山競輪,10R,15:18,3-5,3,5,22.4,0.026624374044437307,-0.40361402140460434
7520260305010003,松山競輪,3R,12:10,2-5,2,5,5.6,0.10642413093528055,-0.404024866762429
7520260305010003,松山競輪,3R,12:10,2-9,2,9,14.3,0.041663033497040695,-0.404218620992318
2620260304020010,西武園競輪,10R,15:04,1-2,1,2,4.9,0.12039894036067776,-0.4100451922326789
2420260304020007,宇都宮競輪,7R,23:21,4-6,4,6,11.2,0.05261513753110758,-0.41071045965159514
4520260304020003,豊橋競輪,3R,09:30,5-6,5,6,8.4,0.06971588130540649,-0.41438659703458547
7520260305010007,松山競輪,7R,13:54,1-4,1,4,20.4,0.028684603965503548,-0.4148340791037276
2620260304020004,西武園競輪,4R,12:23,2-5,2,5,14.9,0.0391216874741746,-0.4170868566347985
3720260304020012,伊東競輪,12R,20:30,2-3,2,3,13.7,0.04249829042435983,-0.41777342118627037
3120260304020006,松戸競輪,6R,23:03,2-7,2,7,15.7,0.03691093134461782,-0.4204983778895003
3720260304020001,伊東競輪,1R,15:54,2-3,2,3,5.8,0.09970864557625053,-0.42168985565774697
3620260303030004,小田原競輪,4R,10:00,3-6,3,6,21.5,0.026807612447289006,-0.42363633238328635
8720260304020007,熊本競輪,7R,23:12,1-7,1,7,11.2,0.051383398794948174,-0.4245059334965805
8720260304020003,熊本競輪,3R,21:29,3-6,3,6,10.5,0.054803791096712975,-0.4245601934845138
7520260305010005,松山競輪,5R,13:02,1-9,1,9,14.3,0.03997246548616956,-0.42839374354777526
3120260304020002,松戸競輪,2R,21:21,2-4,2,4,19.5,0.029288787347113248,-0.42886864673129166
3720260304020009,伊東競輪,9R,19:02,4-7,4,7,6.7,0.08497086731325693,-0.43069518900117854
3120260304020003,松戸競輪,3R,21:45,2-5,2,5,8.2,0.0688802885539817,-0.4351816338573501
8720260304020006,熊本競輪,6R,22:45,1-7,1,7,7.0,0.08046298595510132,-0.43675909831429083
3720260304020010,伊東競輪,10R,19:30,1-2,1,2,12.9,0.04361959126496564,-0.43730727268194325
7520260305010004,松山競輪,4R,12:36,1-9,1,9,30.4,0.01846570073332748,-0.4386426977068446
3120260304020004,松戸競輪,4R,22:09,2-5,2,5,9.5,0.059021237798950146,-0.4392982409099736
7520260305010004,松山競輪,4R,12:36,2-5,2,5,10.5,0.05332589532795476,-0.440078099056475
2620260304020010,西武園競輪,10R,15:04,1-3,1,3,12.3,0.04504279186575087,-0.44597366005126426
8720260304020004,熊本競輪,4R,21:53,4-7,4,7,19.5,0.028380937866046563,-0.44657171161209197
2620260304020006,西武園競輪,6R,13:15,1-5,1,5,24.2,0.02285843537691219,-0.446825863878725
3120260304020006,松戸競輪,6R,23:03,1-5,1,5,7.8,0.07022652521793481,-0.45223310330010846
2620260304020002,西武園競輪,2R,11:31,4-7,4,7,5.1,0.106703861202928,-0.45581030786506727
7520260305010010,松山競輪,10R,15:18,3-9,3,9,12.8,0.04230433951643607,-0.45850445418961827
8720260304020002,熊本競輪,2R,21:05,2-3,2,3,8.2,0.06556719152319149,-0.4623490295098298
7520260305010011,松山競輪,11R,15:48,3-9,3,9,20.5,0.026180848306707104,-0.4632926097125044
2620260304020011,西武園競輪,11R,15:33,4-7,4,7,5.4,0.09928254680607201,-0.46387424724721105
2420260304020004,宇都宮競輪,4R,22:01,3-5,3,5,19.5,0.0273266072407626,-0.46713115880512934
2420260304020006,宇都宮競輪,6R,22:54,4-7,4,7,15.7,0.033884437490722986,-0.4680143313956492
8720260304020005,熊本競輪,5R,22:18,2-5,2,5,7.7,0.06906776961550162,-0.46817817396063754
4520260304020001,豊橋競輪,1R,08:50,1-3,1,3,5.3,0.10028634453676344,-0.4684823739551538
2420260304020002,宇都宮競輪,2R,21:13,2-4,2,4,9.7,0.054396628582496484,-0.47235270274978414
8720260304020005,熊本競輪,5R,22:18,2-3,2,3,7.7,0.06811964492321787,-0.47547873409122243
4520260304020004,豊橋競輪,4R,09:50,2-6,2,6,14.4,0.03641116502940972,-0.47567922357650005
8720260304020006,熊本競輪,6R,22:45,2-3,2,3,10.5,0.04987123475139802,-0.47635203511032076
8720260304020004,熊本競輪,4R,21:53,3-7,3,7,19.5,0.026799003018183668,-0.47741944114541846
8720260304020006,熊本競輪,6R,22:45,3-4,3,4,10.5,0.04964947058902907,-0.4786805588151948
4520260304020001,豊橋競輪,1R,08:50,3-5,3,5,9.8,0.05316416971163414,-0.4789911368259854
3620260303030005,小田原競輪,5R,10:20,1-4,1,4,11.6,0.04487395502058758,-0.4794621217611841
7520260305010012,松山競輪,12R,16:20,3-9,3,9,22.8,0.022706090636435364,-0.4823011334892737
2620260304020008,西武園競輪,8R,14:08,3-7,3,7,9.0,0.0571044217847608,-0.48606020393715277
8720260304020005,熊本競輪,5R,22:18,4-7,4,7,23.2,0.02212781585478752,-0.4866346721689295
8720260304020006,熊本競輪,6R,22:45,1-2,1,2,5.2,0.09861474161661626,-0.4872033435935954
2420260304020003,宇都宮競輪,3R,21:37,2-3,2,3,16.1,0.03184708787494201,-0.4872618852134336
7520260305010003,松山競輪,3R,12:10,4-8,4,8,23.3,0.02194561741996984,-0.48866711411470265
3620260303030004,小田原競輪,4R,10:00,1-7,1,7,5.7,0.08958151030419532,-0.4893853912660866
8720260304020005,熊本競輪,5R,22:18,4-5,4,5,11.6,0.04398573100842462,-0.4897655203022744
4520260304020004,豊橋競輪,4R,09:50,3-5,3,5,6.3,0.08084313372769207,-0.49068825751554
3720260304020006,伊東競輪,6R,17:48,2-5,2,5,8.0,0.06358292577413345,-0.4913365938069324
3620260303030007,小田原競輪,7R,11:00,1-3,1,3,10.5,0.048299854192175695,-0.4928515309821552
7520260305010002,松山競輪,2R,11:44,2-7,2,7,11.2,0.04522129750105715,-0.49352146798816
8720260304020002,熊本競輪,2R,21:05,1-2,1,2,5.5,0.09158579337974966,-0.49627813641137686
8720260304020001,熊本競輪,1R,20:41,1-3,1,3,6.6,0.07547726672184604,-0.5018500396358161
3720260304020006,伊東競輪,6R,17:48,2-3,2,3,7.2,0.06900762370831467,-0.5031451093001343
7520260305010003,松山競輪,3R,12:10,6-8,6,8,68.8,0.007209140093966439,-0.504011161535109
2620260304020003,西武園競輪,3R,11:57,2-6,2,6,12.4,0.03976624594196064,-0.5068985503196881
3720260304020008,伊東競輪,8R,18:36,1-7,1,7,6.9,0.0713736108169454,-0.5075220853630766
7520260305010009,松山競輪,9R,14:50,5-9,5,9,11.2,0.04387186331513332,-0.5086351308705068
3720260304020008,伊東競輪,8R,18:36,2-5,2,5,8.3,0.05911273484776434,-0.509364300763556
3720260304020007,伊東競輪,7R,18:12,4-7,4,7,6.2,0.07832852193836529,-0.5143631639821352
3120260304020006,松戸競輪,6R,23:03,1-4,1,4,5.2,0.09325349339077542,-0.5150818343679677
3120260304020001,松戸競輪,1R,20:57,2-5,2,5,5.8,0.08344800092688825,-0.5160015946240482
2620260304020006,西武園競輪,6R,13:15,2-6,2,6,7.6,0.06344830986724714,-0.5177928450089218
8720260304020002,熊本競輪,2R,21:05,2-7,2,7,8.2,0.05878495986669216,-0.5179633290931243
3720260304020009,伊東競輪,9R,19:02,2-4,2,4,5.8,0.08295731008768031,-0.5188476014914543
3720260304020001,伊東競輪,1R,15:54,4-7,4,7,18.2,0.02632905833999911,-0.5208111382120162
8720260304020007,熊本競輪,7R,23:12,3-5,3,5,11.2,0.04251761243898241,-0.523802740683397
8720260304020004,熊本競輪,4R,21:53,2-6,2,6,9.7,0.04875374980337629,-0.5270886269072501
2420260304020004,宇都宮競輪,4R,22:01,3-6,3,6,19.5,0.024248865960564497,-0.5271471137689923
3620260303030005,小田原競輪,5R,10:20,1-2,1,2,5.2,0.09076451277656021,-0.5280245335618869
4520260304020007,豊橋競輪,7R,10:50,3-5,3,5,10.0,0.04714262268339652,-0.5285737731660347
8720260304020003,熊本競輪,3R,21:29,4-6,4,6,21.0,0.022393739437627746,-0.5297314718098174
3120260304020004,松戸競輪,4R,22:09,4-7,4,7,28.5,0.016495076862257305,-0.5298903094256668
7520260305010005,松山競輪,5R,13:02,7-9,7,9,6.9,0.06792781481627064,-0.5312980777677325
2420260304020001,宇都宮競輪,1R,20:49,2-3,2,3,7.7,0.06085608624937571,-0.5314081358798071
8720260304020002,熊本競輪,2R,21:05,3-5,3,5,8.2,0.05700021233399115,-0.5325982588612725
4520260304020007,豊橋競輪,7R,10:50,4-7,4,7,17.7,0.02639039352971871,-0.5328900345239789
7520260305010007,松山競輪,7R,13:54,2-7,2,7,14.4,0.03206893439101103,-0.5382073447694411
3120260304020002,松戸競輪,2R,21:21,1-5,1,5,3.5,0.13182781480811112,-0.5386026481716111
3120260304020003,松戸競輪,3R,21:45,1-4,1,4,24.7,0.018667839854728144,-0.5389043555882149
3720260304020010,伊東競輪,10R,19:30,4-7,4,7,17.3,0.026602807249477535,-0.5397714345840386
3720260304020009,伊東競輪,9R,19:02,1-7,1,7,8.3,0.05527427005172389,-0.5412235585706917
2620260304020006,西武園競輪,6R,13:15,1-3,1,3,12.9,0.03555523307647789,-0.5413374933134352
4520260304020001,豊橋競輪,1R,08:50,2-6,2,6,17.6,0.025965756116774423,-0.5430026923447702
3720260304020009,伊東競輪,9R,19:02,1-3,1,3,17.0,0.026798879975623708,-0.5444190404143969
7520260305010006,松山競輪,6R,13:28,3-7,3,7,6.6,0.06886841179704456,-0.5454684821395059
7520260305010012,松山競輪,12R,16:20,1-2,1,2,6.2,0.07310131853929862,-0.5467718250563486
7520260305010008,松山競輪,8R,14:22,5-7,5,7,6.8,0.06661174912407758,-0.5470401059562724
7520260305010006,松山競輪,6R,13:28,7-9,7,9,10.6,0.042555947246347356,-0.5489069591887181
3620260303030003,小田原競輪,3R,09:40,1-5,1,5,21.7,0.02077486450557948,-0.5491854402289252
3720260304020004,伊東競輪,4R,17:00,1-4,1,4,5.9,0.07624035218720854,-0.5501819220954696
4520260304020005,豊橋競輪,5R,10:10,2-3,2,3,7.1,0.06297844710483586,-0.5528530255556654
2620260304020009,西武園競輪,9R,14:36,2-3,2,3,4.6,0.09699779388087246,-0.5538101481479867
3720260304020011,伊東競輪,11R,20:00,3-7,3,7,6.3,0.07045866072015816,-0.5561104374630036
3720260304020011,伊東競輪,11R,20:00,3-4,3,4,8.6,0.05112430458120616,-0.560330980601627
3720260304020010,伊東競輪,10R,19:30,1-7,1,7,21.6,0.0202493236559377,-0.5626146090317456
2620260304020011,西武園競輪,11R,15:33,4-5,4,5,10.3,0.04230625620626015,-0.5642455610755204
2420260304020005,宇都宮競輪,5R,22:27,5-7,5,7,30.0,0.014487864329887976,-0.5653640701033606
3120260304020002,松戸競輪,2R,21:21,2-6,2,6,39.0,0.011119976517531901,-0.5663209158162559
2620260304020003,西武園競輪,3R,11:57,2-5,2,5,8.3,0.05213564337485277,-0.567274159988722
3720260304020011,伊東競輪,11R,20:00,1-3,1,3,6.5,0.06644168880402988,-0.5681290227738058
3720260304020001,伊東競輪,1R,15:54,2-5,2,5,5.7,0.07574049099881267,-0.5682792013067678
2620260304020006,西武園競輪,6R,13:15,1-2,1,2,24.2,0.017811144733669335,-0.5689702974452021
7520260305010002,松山競輪,2R,11:44,3-5,3,5,7.3,0.05899849166185627,-0.5693110108684492
2620260304020007,西武園競輪,7R,13:41,2-7,2,7,6.2,0.06943370532914617,-0.5695110269592938
2420260304020002,宇都宮競輪,2R,21:13,1-4,1,4,6.5,0.06605321714648202,-0.5706540885478668
3620260303030003,小田原競輪,3R,09:40,3-6,3,6,14.0,0.030620976118421173,-0.5713063343421036
2620260304020007,西武園競輪,7R,13:41,2-5,2,5,6.2,0.0690246893346159,-0.5720469261253813
8720260304020002,熊本競輪,2R,21:05,5-7,5,7,8.2,0.05182139390475911,-0.5750645699809753
7520260305010012,松山競輪,12R,16:20,1-3,1,3,9.1,0.04665039540047069,-0.5754814018557167
4520260304020002,豊橋競輪,2R,09:10,3-4,3,4,5.3,0.0799248659061676,-0.5763982106973118
7520260305010012,松山競輪,12R,16:20,1-7,1,7,8.4,0.050411486148759274,-0.576543516350422
2420260304020007,宇都宮競輪,7R,23:21,5-7,5,7,22.5,0.01868538946739385,-0.5795787369836384
3120260304020001,松戸競輪,1R,20:57,1-3,1,3,13.8,0.030434252789332837,-0.5800073115072069
2620260304020003,西武園競輪,3R,11:57,3-5,3,5,12.8,0.03274666672376512,-0.5808426659358065
4520260304020006,豊橋競輪,6R,10:30,3-5,3,5,11.7,0.03582408409330738,-0.5808582161083037
3120260304020004,松戸競輪,4R,22:09,2-4,2,4,14.2,0.029408212844189367,-0.582403377612511
8720260304020001,熊本競輪,1R,20:41,2-4,2,4,8.0,0.05205751506320812,-0.5835398794943351
4520260304020004,豊橋競輪,4R,09:50,2-3,2,3,4.9,0.08444637453710926,-0.5862127647681645
3620260303030003,小田原競輪,3R,09:40,1-3,1,3,12.2,0.033822312206117214,-0.5873677910853701
2620260304020001,西武園競輪,1R,11:05,4-5,4,5,5.8,0.07098242098638989,-0.5883019582789386
8720260304020005,熊本競輪,5R,22:18,3-5,3,5,11.6,0.035294249221380206,-0.5905867090319896
4520260304020007,豊橋競輪,7R,10:50,3-7,3,7,4.9,0.08353848543412312,-0.5906614213727966
2420260304020007,宇都宮競輪,7R,23:21,1-4,1,4,4.8,0.08524327835228172,-0.5908322639090478
8720260304020005,熊本競輪,5R,22:18,5-6,5,6,11.6,0.03461509549052287,-0.5984648923099347
3120260304020004,松戸競輪,4R,22:09,4-5,4,5,9.5,0.04214059893183447,-0.5996643101475725
2620260304020006,西武園競輪,6R,13:15,3-6,3,6,3.0,0.1327402678764476,-0.6017791963706571
8720260304020006,熊本競輪,6R,22:45,3-5,3,5,10.5,0.03792576962008706,-0.6017794189890858
7520260305010012,松山競輪,12R,16:20,3-5,3,5,12.4,0.03199223173070377,-0.6032963265392732
8720260304020003,熊本競輪,3R,21:29,3-4,3,4,10.5,0.03752374009030938,-0.6060007290517515
2620260304020002,西武園競輪,2R,11:31,1-5,1,5,10.1,0.038937738028131524,-0.6067288459158716
4520260304020002,豊橋競輪,2R,09:10,4-5,4,5,9.1,0.043205500457850904,-0.6068299458335569
8720260304020006,熊本競輪,6R,22:45,2-4,2,4,7.0,0.05606103495597656,-0.6075727553081641
7520260305010005,松山競輪,5R,13:02,5-7,5,7,9.5,0.04117174830513865,-0.6088683911011827
3620260303030005,小田原競輪,5R,10:20,1-5,1,5,16.4,0.023771657137329302,-0.6101448229477995
7520260305010001,松山競輪,1R,11:18,2-5,2,5,9.1,0.042649904874210956,-0.6118858656446804
8720260304020006,熊本競輪,6R,22:45,1-4,1,4,4.2,0.09215261549239775,-0.6129590149319294
7520260305010002,松山競輪,2R,11:44,5-7,5,7,5.1,0.07571559562319911,-0.6138504623216845
3120260304020003,松戸競輪,3R,21:45,4-6,4,6,24.7,0.015603813199039078,-0.6145858139837348
8720260304020005,熊本競輪,5R,22:18,1-7,1,7,11.6,0.03300315715473602,-0.6171633770050622
7520260305010001,松山競輪,1R,11:18,1-2,1,2,6.5,0.05864439108304777,-0.6188114579601895
3720260304020012,伊東競輪,12R,20:30,3-7,3,7,10.0,0.037839313838935816,-0.6216068616106418
3620260303030004,小田原競輪,4R,10:00,1-5,1,5,4.9,0.07715650908993413,-0.6219331054593227
2620260304020005,西武園競輪,5R,12:49,2-7,2,7,12.0,0.031300302788347806,-0.6243963665398263
3620260303030007,小田原競輪,7R,11:00,1-5,1,5,6.8,0.05493685918201969,-0.6264293575622661
2420260304020001,宇都宮競輪,1R,20:49,1-3,1,3,3.8,0.09791349073003558,-0.6279287352258649
7520260305010002,松山競輪,2R,11:44,3-9,3,9,15.9,0.02330616626870187,-0.6294319563276403
3720260304020012,伊東競輪,12R,20:30,2-5,2,5,6.2,0.059651299401927,-0.6301619437080526
8720260304020005,熊本競輪,5R,22:18,3-7,3,7,23.2,0.015895855284395206,-0.6312161574020312
3720260304020011,伊東競輪,11R,20:00,4-5,4,5,9.2,0.0400540250882467,-0.6315029691881304
3720260304020003,伊東競輪,3R,16:36,1-5,1,5,9.0,0.040769497825674156,-0.6330745195689326
3120260304020006,松戸競輪,6R,23:03,4-7,4,7,15.7,0.023191015445792024,-0.6359010575010653
3720260304020011,伊東競輪,11R,20:00,1-7,1,7,5.6,0.06495143645869658,-0.6362719558312991
8720260304020001,熊本競輪,1R,20:41,2-3,2,3,6.6,0.055021355134590846,-0.6368590561117005
2420260304020007,宇都宮競輪,7R,23:21,1-7,1,7,7.5,0.048415540348530926,-0.6368834473860181
7520260305010007,松山競輪,7R,13:54,2-3,2,3,5.5,0.06585469055502223,-0.6377992019473777
3620260303030003,小田原競輪,3R,09:40,3-4,3,4,7.3,0.049555267957341206,-0.6382465439114092
3120260304020002,松戸競輪,2R,21:21,2-5,2,5,3.9,0.09241866060859406,-0.6395672236264831
7520260305010005,松山競輪,5R,13:02,3-8,3,8,41.3,0.008726161583461772,-0.6396095266030288
8720260304020007,熊本競輪,7R,23:12,2-4,2,4,7.5,0.047994418302894165,-0.6400418627282938
2620260304020005,西武園競輪,5R,12:49,1-2,1,2,5.2,0.06920680062527128,-0.6401246367485893
8720260304020003,熊本競輪,3R,21:29,1-3,1,3,4.2,0.08464740041863504,-0.6444809182417328
8720260304020003,熊本競輪,3R,21:29,4-7,4,7,21.0,0.016913225274771865,-0.6448222692297908
7520260305010003,松山競輪,3R,12:10,2-3,2,3,7.3,0.04833032549483328,-0.6471886238877171
2420260304020007,宇都宮競輪,7R,23:21,4-7,4,7,16.8,0.02098876851129907,-0.6473886890101757
2420260304020002,宇都宮競輪,2R,21:13,2-6,2,6,6.5,0.05416121495026477,-0.647952102823279
3120260304020003,松戸競輪,3R,21:45,3-5,3,5,6.1,0.05752877222858988,-0.6490744894056018
2620260304020011,西武園競輪,11R,15:33,2-4,2,4,8.9,0.039423741713326056,-0.649128698751398
4520260304020007,豊橋競輪,7R,10:50,1-7,1,7,4.1,0.08546837488794376,-0.6495796629594306
7520260305010012,松山競輪,12R,16:20,2-6,2,6,16.4,0.021172653910476527,-0.652768475868185
3720260304020006,伊東競輪,6R,17:48,1-2,1,2,5.5,0.06288726327184574,-0.6541200520048485
3120260304020002,松戸競輪,2R,21:21,4-6,4,6,39.0,0.00881335156093064,-0.656279289123705
7520260305010012,松山競輪,12R,16:20,4-9,4,9,27.6,0.012417867912965827,-0.6572668456021431
7520260305010008,松山競輪,8R,14:22,3-5,3,5,13.9,0.024300045323575527,-0.6622293700023001
2620260304020006,西武園競輪,6R,13:15,2-5,2,5,3.7,0.09083769228204164,-0.6639005385564459
3720260304020010,伊東競輪,10R,19:30,1-5,1,5,6.1,0.05469409716695188,-0.6663660072815936
7520260305010012,松山競輪,12R,16:20,2-3,2,3,5.1,0.06530526136508238,-0.6669431670380799
3720260304020007,伊東競輪,7R,18:12,1-4,1,4,4.5,0.07385819727489323,-0.6676381122629804
3120260304020003,松戸競輪,3R,21:45,1-3,1,3,6.1,0.05444729511226243,-0.6678714998151992
7520260305010003,松山競輪,3R,12:10,1-5,1,5,5.8,0.05720166373759255,-0.6682303503219632
2420260304020002,宇都宮競輪,2R,21:13,4-6,4,6,9.7,0.03401448061292455,-0.6700595380546319
3720260304020002,伊東競輪,2R,16:14,3-7,3,7,4.4,0.07474451145906566,-0.671124149580111
2420260304020004,宇都宮競輪,4R,22:01,4-7,4,7,19.5,0.016778830430559603,-0.6728128066040877
8720260304020004,熊本競輪,4R,21:53,3-4,3,4,19.5,0.01654599268808604,-0.6773531425823223
4520260304020005,豊橋競輪,5R,10:10,1-2,1,2,4.5,0.0715042444570809,-0.6782308999431359
3620260303030007,小田原競輪,7R,11:00,2-4,2,4,7.9,0.040722992694660266,-0.6782883577121839
2620260304020002,西武園競輪,2R,11:31,4-5,4,5,2.5,0.1274702608982809,-0.6813243477542977
2620260304020012,西武園競輪,12R,16:04,3-4,3,4,2.8,0.11245642301514794,-0.6851220155575858
8720260304020004,熊本競輪,4R,21:53,2-5,2,5,13.0,0.024186304978238274,-0.6855780352829024
3120260304020003,松戸競輪,3R,21:45,4-7,4,7,24.7,0.012599846323985699,-0.6887837957975532
2420260304020005,宇都宮競輪,5R,22:27,4-7,4,7,20.0,0.015443712965884555,-0.6911257406823089
2420260304020001,宇都宮競輪,1R,20:49,1-4,1,4,2.4,0.1286953972200438,-0.691131046671895
2620260304020001,西武園競輪,1R,11:05,1-3,1,3,6.2,0.04937740470662745,-0.6938600908189099
3720260304020012,伊東競輪,12R,20:30,1-2,1,2,2.9,0.10545878804074377,-0.6941695146818431
3620260303030006,小田原競輪,6R,10:40,2-5,2,5,9.4,0.03240220319305862,-0.6954192899852489
2620260304020003,西武園競輪,3R,11:57,1-7,1,7,3.3,0.09160642898985902,-0.6976987843334652
2420260304020004,宇都宮競輪,4R,22:01,3-4,3,4,19.5,0.015490376062092366,-0.6979376667891989
2620260304020012,西武園競輪,12R,16:04,4-7,4,7,3.6,0.08371629485358609,-0.6986213385270901
3720260304020009,伊東競輪,9R,19:02,3-7,3,7,4.8,0.06261198093076993,-0.6994624915323043
8720260304020002,熊本競輪,2R,21:05,3-4,3,4,5.5,0.054485954186968846,-0.7003272519716713
7520260305010005,松山競輪,5R,13:02,4-9,4,9,15.1,0.01984108193664258,-0.7003996627566971
2620260304020002,西武園競輪,2R,11:31,2-5,2,5,4.6,0.0645641638927807,-0.7030048460932088
3620260303030003,小田原競輪,3R,09:40,1-2,1,2,5.8,0.05035028876872576,-0.7079683251413906
7520260305010001,松山競輪,1R,11:18,1-9,1,9,13.7,0.02111530218587648,-0.7107203600534923
2620260304020011,西武園競輪,11R,15:33,3-7,3,7,3.1,0.0932762928250111,-0.7108434922424656
7520260305010006,松山競輪,6R,13:28,5-7,5,7,5.4,0.05265408147141877,-0.7156679600543386
2620260304020003,西武園競輪,3R,11:57,2-7,2,7,3.2,0.08765670723409555,-0.7194985368508942
3120260304020006,松戸競輪,6R,23:03,3-7,3,7,15.7,0.017825254415182748,-0.7201435056816309
2420260304020002,宇都宮競輪,2R,21:13,4-7,4,7,19.5,0.014324623095526533,-0.7206698496372326
8720260304020004,熊本競輪,4R,21:53,3-5,3,5,13.0,0.02132931643495431,-0.722718886345594
7520260305010006,松山競輪,6R,13:28,2-9,2,9,16.4,0.016882288927296693,-0.7231304615923342
4520260304020002,豊橋競輪,2R,09:10,1-5,1,5,12.5,0.022074260572231538,-0.7240717428471057
3620260303030004,小田原競輪,4R,10:00,4-7,4,7,8.4,0.0325905931983732,-0.7262390171336651
7520260305010004,松山競輪,4R,12:36,2-3,2,3,5.8,0.04703377979103775,-0.7272040772119811
2620260304020006,西武園競輪,6R,13:15,1-6,1,6,17.3,0.015574440739317418,-0.7305621752098086
3720260304020008,伊東競輪,8R,18:36,1-6,1,6,7.4,0.03626303436647431,-0.7316535456880902
3720260304020008,伊東競輪,8R,18:36,3-7,3,7,3.9,0.06795823363890696,-0.7349628888082629
2420260304020002,宇都宮競輪,2R,21:13,3-7,3,7,19.5,0.013548612333999932,-0.7358020594870014
2420260304020004,宇都宮競輪,4R,22:01,4-5,4,5,9.7,0.02716109265360523,-0.7365374012600293
2420260304020004,宇都宮競輪,4R,22:01,1-5,1,5,2.7,0.09586680097335783,-0.7411596373719338
2620260304020011,西武園競輪,11R,15:33,1-7,1,7,3.1,0.08343083810803945,-0.7413644018650778
4520260304020007,豊橋競輪,7R,10:50,2-3,2,3,3.4,0.07552939546137574,-0.7432000554313225
3720260304020010,伊東競輪,10R,19:30,2-7,2,7,5.7,0.044090501740158286,-0.7486841400810977
3720260304020011,伊東競輪,11R,20:00,1-4,1,4,5.4,0.0465166031098903,-0.7488103432065923
4520260304020002,豊橋競輪,2R,09:10,5-7,5,7,5.7,0.04395332268751455,-0.7494660606811671
2620260304020001,西武園競輪,1R,11:05,2-5,2,5,2.4,0.10423084094002853,-0.7498459817439316
3720260304020010,伊東競輪,10R,19:30,2-4,2,4,4.0,0.062325547533274905,-0.7506978098669004
3120260304020002,松戸競輪,2R,21:21,2-3,2,3,7.8,0.031532948304327096,-0.7540430032262486
7520260305010001,松山競輪,1R,11:18,2-7,2,7,3.2,0.07679928223925545,-0.7542422968343826
2620260304020001,西武園競輪,1R,11:05,3-7,3,7,10.1,0.024298578910598185,-0.7545843530029583
8720260304020003,熊本競輪,3R,21:29,1-4,1,4,5.2,0.046894880299150364,-0.7561466224444181
8720260304020005,熊本競輪,5R,22:18,2-6,2,6,3.8,0.06363455492992376,-0.7581886912662897
2420260304020006,宇都宮競輪,6R,22:54,3-6,3,6,15.7,0.015386615529316604,-0.7584301361897293
4520260304020005,豊橋競輪,5R,10:10,3-4,3,4,4.4,0.05403879615923951,-0.7622292968993462
3620260303030002,小田原競輪,2R,09:20,1-2,1,2,3.8,0.06249696722754303,-0.7625115245353365
3720260304020006,伊東競輪,6R,17:48,2-4,2,4,2.6,0.090208586511409,-0.7654576750703366
3120260304020003,松戸競輪,3R,21:45,4-5,4,5,12.3,0.01897377897246997,-0.7666225186386193
3120260304020001,松戸競輪,1R,20:57,2-3,2,3,18.5,0.01260850635513677,-0.7667426324299698
3120260304020006,松戸競輪,6R,23:03,3-5,3,5,7.8,0.029825516874864188,-0.7673609683760594
3720260304020002,伊東競輪,2R,16:14,4-5,4,5,9.0,0.024602306766878586,-0.7785792390980928
2420260304020002,宇都宮競輪,2R,21:13,1-7,1,7,6.5,0.03400093893211559,-0.7789938969412487
3620260303030007,小田原競輪,7R,11:00,4-6,4,6,2.9,0.07615378190269632,-0.7791540324821806
3720260304020004,伊東競輪,4R,17:00,1-5,1,5,2.2,0.10031823526915051,-0.7792998824078688
7520260305010008,松山競輪,8R,14:22,1-7,1,7,2.9,0.07594813801527808,-0.7797503997556936
3620260303030007,小田原競輪,7R,11:00,1-7,1,7,9.0,0.02408348644729265,-0.7832486219743662
7520260305010004,松山競輪,4R,12:36,1-5,1,5,4.4,0.04878074257090312,-0.7853647326880262
3620260303030002,小田原競輪,2R,09:20,1-4,1,4,5.4,0.039635203504141264,-0.7859699010776371
3120260304020003,松戸競輪,3R,21:45,2-3,2,3,6.1,0.035072365559581965,-0.78605857008655
3720260304020004,伊東競輪,4R,17:00,2-4,2,4,4.4,0.04746352210495128,-0.7911605027382144
3120260304020002,松戸競輪,2R,21:21,1-2,1,2,3.2,0.06510489551712294,-0.7916643343452066
8720260304020007,熊本競輪,7R,23:12,1-3,1,3,2.2,0.09363969725498046,-0.793992666039043
2420260304020004,宇都宮競輪,4R,22:01,2-5,2,5,3.2,0.06361131423010392,-0.7964437944636674
3620260303030003,小田原競輪,3R,09:40,2-7,2,7,1.9,0.10642525467551395,-0.7977920161165235
2620260304020012,西武園競輪,12R,16:04,1-4,1,4,2.8,0.07160390800076187,-0.7995090575978667
8720260304020001,熊本競輪,1R,20:41,1-4,1,4,2.6,0.07532533180588119,-0.8041541373047089
3620260303030005,小田原競輪,5R,10:20,2-7,2,7,1.6,0.12235332340715006,-0.8042346825485599
3120260304020006,松戸競輪,6R,23:03,4-5,4,5,5.2,0.03708591856057323,-0.8071532234850192
3720260304020001,伊東競輪,1R,15:54,3-7,3,7,2.6,0.07371599646401025,-0.8083384091935734
3620260303030004,小田原競輪,4R,10:00,2-7,2,7,2.7,0.07079687197217768,-0.8088484456751203
3120260304020005,松戸競輪,5R,22:36,1-4,1,4,2.4,0.07911554937682219,-0.8101226814956267
7520260305010003,松山競輪,3R,12:10,5-9,5,9,4.1,0.04608462187901162,-0.8110530502960523
7520260305010004,松山競輪,4R,12:36,5-9,5,9,3.9,0.0475570868667547,-0.8145273612196566
7520260305010006,松山競輪,6R,13:28,1-7,1,7,2.1,0.08823861804373262,-0.8146989021081614
2420260304020007,宇都宮競輪,7R,23:21,1-5,1,5,2.3,0.08044629903651873,-0.8149735122160069
4520260304020003,豊橋競輪,3R,09:30,1-3,1,3,2.3,0.07946192006445867,-0.817237583851745
7520260305010007,松山競輪,7R,13:54,3-9,3,9,2.4,0.07503940127429459,-0.8199054369416929
3720260304020002,伊東競輪,2R,16:14,1-5,1,5,2.0,0.08981804024381235,-0.8203639195123753
2620260304020005,西武園競輪,5R,12:49,1-5,1,5,1.7,0.10343537838760114,-0.8241598567410781
3620260303030002,小田原競輪,2R,09:20,2-5,2,5,2.4,0.07120257514420125,-0.829113819653917
3120260304020005,松戸競輪,5R,22:36,2-4,2,4,1.7,0.09852727765642516,-0.8325036279840772
2420260304020005,宇都宮競輪,5R,22:27,1-2,1,2,1.2,0.13770514221611305,-0.8347538293406643
2620260304020008,西武園競輪,8R,14:08,4-7,4,7,1.4,0.11795758486983926,-0.834859381182225
4520260304020002,豊橋競輪,2R,09:10,2-4,2,4,3.3,0.04986763881343054,-0.8354367919156792
4520260304020001,豊橋競輪,1R,08:50,1-7,1,7,1.8,0.09010473252568968,-0.8378114814537586
4520260304020005,豊橋競輪,5R,10:10,2-7,2,7,3.3,0.0481850254017841,-0.8409894161741125
3120260304020003,松戸競輪,3R,21:45,2-4,2,4,12.3,0.012913147905810433,-0.8411682807585317
7520260305010002,松山競輪,2R,11:44,1-5,1,5,2.8,0.05655678816252324,-0.8416409931449349
3720260304020003,伊東競輪,3R,16:36,3-7,3,7,1.5,0.10399820673607899,-0.8440026898958815
2620260304020007,西武園競輪,7R,13:41,1-7,1,7,2.2,0.06920603450344433,-0.8477467240924225
2420260304020003,宇都宮競輪,3R,21:37,1-6,1,6,1.5,0.10130101591221399,-0.848048476131679
3620260303030006,小田原競輪,6R,10:40,3-5,3,5,1.3,0.11589778735804766,-0.849332876434538
3720260304020007,伊東競輪,7R,18:12,4-6,4,6,1.7,0.08822024813306384,-0.8500255781737915
8720260304020003,熊本競輪,3R,21:29,2-4,2,4,5.2,0.02741605759850465,-0.8574365004877758
4520260304020006,豊橋競輪,6R,10:30,1-7,1,7,1.3,0.10838990389728112,-0.8590931249335345
3120260304020004,松戸競輪,4R,22:09,3-5,3,5,2.1,0.06565594969682091,-0.8621225056366761
2620260304020009,西武園競輪,9R,14:36,3-4,3,4,1.7,0.08062632667269796,-0.8629352446564135
2620260304020004,西武園競輪,4R,12:23,1-4,1,4,1.5,0.0913463765425119,-0.8629804351862321
2420260304020006,宇都宮競輪,6R,22:54,1-2,1,2,1.0,0.13631966581509644,-0.8636803341849035
8720260304020007,熊本競輪,7R,23:12,4-7,4,7,7.5,0.018132648690937652,-0.8640051348179676
2620260304020010,西武園競輪,10R,15:04,1-4,1,4,1.8,0.0754298116449269,-0.8642263390391316
2420260304020003,宇都宮競輪,3R,21:37,2-4,2,4,16.1,0.008418759000178288,-0.8644579800971296
3120260304020006,松戸競輪,6R,23:03,6-7,6,7,15.7,0.008537763524993702,-0.8659571126575989
4520260304020004,豊橋競輪,4R,09:50,3-4,3,4,2.3,0.05813326208270222,-0.8662934972097849
3120260304020001,松戸競輪,1R,20:57,1-2,1,2,1.5,0.08644268475030095,-0.8703359728745486
7520260305010008,松山競輪,8R,14:22,7-9,7,9,3.2,0.03998300663380551,-0.8720543787718223
7520260305010001,松山競輪,1R,11:18,1-5,1,5,4.0,0.02984940642257279,-0.8806023743097089
4520260304020003,豊橋競輪,3R,09:30,1-4,1,4,5.8,0.01855609381652036,-0.8923746558641819
2420260304020003,宇都宮競輪,3R,21:37,4-7,4,7,16.1,0.006684126586807161,-0.8923855619524047
3620260303030001,小田原競輪,1R,09:00,1-5,1,5,1.2,0.08589004261244582,-0.896931948865065
3720260304020005,伊東競輪,5R,17:24,3-5,3,5,1.2,0.08409014499180972,-0.8990918260098283
8720260304020004,熊本競輪,4R,21:53,5-6,5,6,1.9,0.05263697064869666,-0.8999897557674763
7520260305010010,松山競輪,10R,15:18,5-7,5,7,1.5,0.06631382988001504,-0.9005292551799775
7520260305010009,松山競輪,9R,14:50,2-9,2,9,1.3,0.07463970068479166,-0.9029683891097708
7520260305010005,松山競輪,5R,13:02,1-7,1,7,1.6,0.05964554874808493,-0.9045671220030641
3120260304020007,松戸競輪,7R,23:30,1-3,1,3,1.0,0.09468406103495391,-0.905315938965046
7520260305010011,松山競輪,11R,15:48,1-7,1,7,1.1,0.08324974987523923,-0.9084252751372368
3120260304020003,松戸競輪,3R,21:45,3-4,3,4,8.2,0.009948324203043708,-0.9184237415350416
