race_id,競輪場,レース番号,開始時間,買い目,a,b,odds,p,EV
8320260327020007,久留米競輪,7R,18:15,5-6,5,6,445.1,0.04414139371567874,18.64733434284861
3120260327020007,松戸競輪,7R,10:55,4-5,4,5,470.6,0.035581304116550846,15.744561717248828
3120260327020006,松戸競輪,6R,10:34,4-7,4,7,372.2,0.04215302997699654,14.689357757438112
3120260327020006,松戸競輪,6R,10:34,3-7,3,7,372.2,0.041022235551593206,14.26847607230299
6120260326030009,玉野競輪,9R,19:20,1-6,1,6,391.5,0.03897675817690087,14.259400826256691
8320260327020005,久留米競輪,5R,17:24,2-6,2,6,312.4,0.04444769733891981,12.885460648678547
3120260327020006,松戸競輪,6R,10:34,5-7,5,7,372.2,0.035115310383327686,12.069918524674565
6120260326030010,玉野競輪,10R,19:48,5-6,5,6,318.7,0.03986412823901153,11.704697669772974
2820260328010007,立川競輪,7R,13:39,5-6,5,6,295.7,0.04251804403778994,11.572585621974486
8320260327020007,久留米競輪,7R,18:15,5-7,5,7,445.1,0.027001255023361433,11.018258610898174
2820260328010006,立川競輪,6R,13:12,1-4,1,4,349.6,0.03412073394546918,10.928608587336027
3120260327020006,松戸競輪,6R,10:34,3-4,3,4,521.1,0.022441875481293682,10.694461313302138
4520260328010011,豊橋競輪,11R,15:54,3-4,3,4,474.0,0.024611892518913905,10.66603705396519
3120260327020007,松戸競輪,7R,10:55,5-6,5,6,392.1,0.029353163669096016,10.509375474652549
3120260327020006,松戸競輪,6R,10:34,5-6,5,6,473.7,0.023556199810384273,10.15857185017903
4520260328010011,豊橋競輪,11R,15:54,4-9,4,9,254.5,0.04221858411011556,9.74462965602441
8320260327020012,久留米競輪,12R,20:30,4-6,4,6,179.2,0.058342356139423,9.454950220184601
2820260328010007,立川競輪,7R,13:39,2-5,2,5,320.3,0.032598532356454296,9.441309913772312
2820260328010006,立川競輪,6R,13:12,3-4,3,4,262.2,0.03975900929874424,9.42481223813074
2820260328010007,立川競輪,7R,13:39,3-5,3,5,295.7,0.03486154303978074,9.308558276863165
4520260328010007,豊橋競輪,7R,13:48,3-4,3,4,321.2,0.031124258284887192,8.997111761105765
6120260326030009,玉野競輪,9R,19:20,2-6,2,6,195.7,0.05071062918975343,8.924070132434746
6120260326030010,玉野競輪,10R,19:48,3-6,3,6,318.7,0.030438305026690673,8.700687812006317
6120260326030002,玉野競輪,2R,16:24,2-5,2,5,169.4,0.056514123818874405,8.573492574917324
8320260327020005,久留米競輪,5R,17:24,4-6,4,6,142.0,0.06629091111720227,8.413309378642722
3120260327020007,松戸競輪,7R,10:55,5-7,5,7,392.1,0.02393786582804245,8.386037191175445
8120260326030009,小倉競輪,9R,23:30,5-6,5,6,189.7,0.04841519201531179,8.184361925304646
3120260327020004,松戸競輪,4R,09:52,4-6,4,6,220.7,0.039404445255856825,7.6965610679676
8320260327020007,久留米競輪,7R,18:15,2-5,2,5,296.7,0.029283839831182035,7.68851527791171
4520260328010011,豊橋競輪,11R,15:54,3-6,3,6,371.5,0.023321505834804787,7.663939417629978
4520260328010007,豊橋競輪,7R,13:48,1-4,1,4,260.9,0.03289624660717611,7.582630739812247
3620260326030002,小田原競輪,2R,12:09,4-6,4,6,128.9,0.06255291512799314,7.0630707599983165
2820260328010001,立川競輪,1R,11:05,5-6,5,6,149.8,0.05381693953196437,7.061777541888263
2820260328010007,立川競輪,7R,13:39,1-2,1,2,274.6,0.029355807901432544,7.061104849733377
8320260327020007,久留米競輪,7R,18:15,2-3,2,3,222.5,0.03603749638501833,7.0183429456665785
2820260328010008,立川競輪,8R,14:07,2-6,2,6,296.7,0.02702498904691299,7.018314250219085
3120260327020006,松戸競輪,6R,10:34,1-5,1,5,186.1,0.04242630998527685,6.895536288260021
2820260328010004,立川競輪,4R,12:18,1-4,1,4,401.8,0.019044260710179235,6.651983953350017
2820260328010003,立川競輪,3R,11:53,2-5,2,5,102.1,0.0748701540413918,6.644242727626103
3120260327020006,松戸競輪,6R,10:34,3-6,3,6,260.5,0.029288178219020328,6.629570426054795
2820260328010008,立川競輪,8R,14:07,4-6,4,6,232.2,0.03277248088450518,6.609770061382101
3120260327020007,松戸競輪,7R,10:55,1-7,1,7,235.3,0.0316718971783993,6.452397406077355
2820260328010007,立川競輪,7R,13:39,1-6,1,6,192.2,0.03852837256871684,6.405153207707377
2820260328010007,立川競輪,7R,13:39,4-6,4,6,160.1,0.046158412228746615,6.389961797822333
2820260328010002,立川競輪,2R,11:29,3-5,3,5,340.6,0.021468744631233733,6.31225442139821
4520260328010007,豊橋競輪,7R,13:48,4-5,4,5,185.5,0.03924810891597488,6.280524203913341
4520260328010001,豊橋競輪,1R,11:13,5-8,5,8,190.2,0.037979380832853335,6.223678234408704
3120260327020005,松戸競輪,5R,10:13,3-7,3,7,340.8,0.021194048312894776,6.22293166503454
8320260327020005,久留米競輪,5R,17:24,1-6,1,6,260.3,0.027554565256025003,6.172453336143309
8320260327020005,久留米競輪,5R,17:24,1-2,1,2,120.1,0.05950854237621218,6.146975939383082
3120260327020005,松戸競輪,5R,10:13,1-6,1,6,207.4,0.0343971661377436,6.133972256968023
8120260326030008,小倉競輪,8R,23:08,2-4,2,4,111.0,0.06398742491114764,6.102604165137389
8120260326030009,小倉競輪,9R,23:30,3-5,3,5,189.7,0.03740806718600012,6.096310345184222
3120260327020005,松戸競輪,5R,10:13,4-6,4,6,110.9,0.06398512302540327,6.095950143517222
8320260327020011,久留米競輪,11R,20:02,1-6,1,6,114.7,0.061337701753535784,6.035434391130554
2820260328010006,立川競輪,6R,13:12,1-3,1,3,381.4,0.01837991718129777,6.0101004129469695
3120260327020006,松戸競輪,6R,10:34,4-5,4,5,400.9,0.01741050939478552,5.979873216369515
4520260328010011,豊橋競輪,11R,15:54,6-9,6,9,196.4,0.035493010848661966,5.97082733067721
3120260327020005,松戸競輪,5R,10:13,5-7,5,7,251.1,0.027753096885838928,5.968802628034155
8320260327020002,久留米競輪,2R,16:12,1-6,1,6,311.0,0.021909326378619788,5.8138005037507545
2820260328010010,立川競輪,10R,15:08,3-6,3,6,365.0,0.018633964983133498,5.801397218843727
3120260327020007,松戸競輪,7R,10:55,2-5,2,5,247.6,0.027456156391122352,5.798144322441894
2820260328010004,立川競輪,4R,12:18,3-6,3,6,273.9,0.02465940444421001,5.754210877269121
2820260328010006,立川競輪,6R,13:12,3-5,3,5,246.7,0.02729625665693207,5.733986517265141
2820260328010004,立川競輪,4R,12:18,6-7,6,7,602.7,0.011167070232593394,5.730393229184039
6120260326030003,玉野競輪,3R,16:48,2-6,2,6,551.0,0.012132767642130574,5.685154970813946
3120260327020007,松戸競輪,7R,10:55,1-6,1,6,174.3,0.0381514437309185,5.649796642299095
3120260327020004,松戸競輪,4R,09:52,1-6,1,6,135.4,0.04901628565452962,5.63680507762331
3120260327020004,松戸競輪,4R,09:52,3-7,3,7,141.8,0.046569897769184326,5.603611503670338
3120260327020004,松戸競輪,4R,09:52,3-6,3,6,425.6,0.015463604832007715,5.581310216502484
4520260328010010,豊橋競輪,10R,15:19,5-8,5,8,334.7,0.019648798596013484,5.576452890085712
3120260327020007,松戸競輪,7R,10:55,1-2,1,2,181.0,0.03616813665127125,5.546432733880096
3120260327020005,松戸競輪,5R,10:13,5-6,5,6,265.0,0.024646898759970656,5.531428171392224
6120260326030009,玉野競輪,9R,19:20,5-7,5,7,195.7,0.03327538892809539,5.511993613228267
2820260328010004,立川競輪,4R,12:18,1-2,1,2,182.6,0.03565471898930544,5.5105516874471725
3120260327020006,松戸競輪,6R,10:34,4-6,4,6,217.1,0.02987020300994045,5.484821073458071
8320260327020002,久留米競輪,2R,16:12,2-6,2,6,118.5,0.054407242185037674,5.447258198926964
8120260326030009,小倉競輪,9R,23:30,4-7,4,7,189.7,0.03357648327920813,5.369458878065783
2820260328010005,立川競輪,5R,12:45,4-7,4,7,153.8,0.04138961316546659,5.365722504848762
2820260328010003,立川競輪,3R,11:53,3-5,3,5,139.3,0.04561980588145713,5.354838959286979
2820260328010010,立川競輪,10R,15:08,1-6,1,6,344.7,0.018328368238096977,5.3177885316720275
3120260327020006,松戸競輪,6R,10:34,1-4,1,4,124.0,0.05074326670563861,5.292165071499188
3620260326030003,小田原競輪,3R,12:36,5-6,5,6,73.5,0.08524547496233661,5.265542409731741
4520260328010006,豊橋競輪,6R,13:21,6-9,6,9,506.7,0.01235595620835136,5.260763010771634
4520260328010008,豊橋競輪,8R,14:17,6-7,6,7,230.7,0.027131774402926724,5.259300354755195
2820260328010010,立川競輪,10R,15:08,6-7,6,7,221.6,0.027874470070896242,5.176982567710607
4520260328010006,豊橋競輪,6R,13:21,4-8,4,8,967.5,0.006384346023969386,5.176854778190381
2820260328010003,立川競輪,3R,11:53,3-4,3,4,218.9,0.027662493464499477,5.055319819378935
2820260328010007,立川競輪,7R,13:39,1-5,1,5,320.3,0.01879908658991955,5.021347434751232
4520260328010006,豊橋競輪,6R,13:21,5-6,5,6,425.7,0.01396750204848328,4.945965622039332
2820260328010004,立川競輪,4R,12:18,2-6,2,6,223.2,0.026568560605230194,4.930102727087379
3620260326030007,小田原競輪,7R,14:27,5-7,5,7,99.0,0.05953783626203343,4.89424578994131
8320260327020005,久留米競輪,5R,17:24,6-7,6,7,223.1,0.02626319714209724,4.859319282401894
6120260326030007,玉野競輪,7R,18:28,4-6,4,6,132.7,0.04412942679604931,4.855974935835743
4520260328010009,豊橋競輪,9R,14:47,1-6,1,6,627.5,0.009314945593719998,4.845128360059299
4520260328010001,豊橋競輪,1R,11:13,6-8,6,8,496.6,0.011736032808068435,4.828113892486785
4520260328010011,豊橋競輪,11R,15:54,4-6,4,6,381.8,0.015252678226191203,4.823472546759802
6120260326030002,玉野競輪,2R,16:24,3-6,3,6,220.2,0.026421555773377733,4.818026581297777
2820260328010010,立川競輪,10R,15:08,4-6,4,6,387.8,0.014914764356604819,4.783945617491349
4520260328010010,豊橋競輪,10R,15:19,5-6,5,6,409.1,0.014104600017290754,4.770191867073648
6120260326030009,玉野競輪,9R,19:20,1-5,1,5,130.5,0.043969369624206646,4.738002735958967
2820260328010009,立川競輪,9R,14:37,2-3,2,3,139.7,0.041034439139374136,4.732511147770566
2820260328010006,立川競輪,6R,13:12,1-5,1,5,246.7,0.023020227007150347,4.67909000266399
4520260328010008,豊橋競輪,8R,14:17,4-7,4,7,152.6,0.03708816401546944,4.659653828760636
4520260328010002,豊橋競輪,2R,11:37,6-7,6,7,179.8,0.03146225345521805,4.656913171248206
4520260328010011,豊橋競輪,11R,15:54,3-8,3,8,312.4,0.018010615696562482,4.626516343606119
2820260328010006,立川競輪,6R,13:12,4-7,4,7,144.6,0.03866380335181958,4.590785964673111
6120260326030003,玉野競輪,3R,16:48,4-6,4,6,129.6,0.04277455247326181,4.54358200053473
2820260328010006,立川競輪,6R,13:12,5-7,5,7,209.7,0.026423919148494932,4.541095845439387
4520260328010011,豊橋競輪,11R,15:54,1-4,1,4,144.7,0.038287614169741004,4.540217770361523
3620260326030010,小田原競輪,10R,16:06,5-6,5,6,170.8,0.032331890494974924,4.522286896541718
4520260328010001,豊橋競輪,1R,11:13,1-8,1,8,151.5,0.036176815530959805,4.48078755294041
2820260328010004,立川競輪,4R,12:18,1-6,1,6,502.3,0.010836583451667717,4.443215867772695
4520260328010002,豊橋競輪,2R,11:37,3-6,3,6,190.9,0.028409016398998656,4.423281230568843
3120260327020007,松戸競輪,7R,10:55,2-7,2,7,123.8,0.04366188908765721,4.405341869051963
6120260326030003,玉野競輪,3R,16:48,3-7,3,7,220.4,0.02427317127923423,4.349806949943225
8120260326030008,小倉競輪,8R,23:08,4-5,4,5,111.0,0.048115533366166405,4.340824203644471
3620260326030001,小田原競輪,1R,11:45,4-6,4,6,130.2,0.04073556753398016,4.303770892924216
2820260328010004,立川競輪,4R,12:18,5-6,5,6,100.4,0.052388057254631616,4.259760948365015
4520260328010010,豊橋競輪,10R,15:19,4-9,4,9,394.5,0.013327133812924358,4.2575542891986595
8120260326030009,小倉競輪,9R,23:30,1-5,1,5,94.8,0.05543763789867609,4.255488072794493
4520260328010010,豊橋競輪,10R,15:19,4-7,4,7,197.2,0.02664067684615551,4.2535414740618664
2820260328010007,立川競輪,7R,13:39,1-3,1,3,167.1,0.031401202208529974,4.247140889045358
3620260326030003,小田原競輪,3R,12:36,3-6,3,6,156.3,0.03328959765828975,4.203164113990689
4520260328010006,豊橋競輪,6R,13:21,4-9,4,9,272.8,0.019021155184899288,4.188971134440526
4520260328010008,豊橋競輪,8R,14:17,2-6,2,6,268.1,0.019340687278540897,4.185238259376815
3620260326030007,小田原競輪,7R,14:27,4-7,4,7,203.3,0.025438525619255463,4.171652258394636
3120260327020001,松戸競輪,1R,08:50,3-6,3,6,151.7,0.03396333115410636,4.152237336077934
4520260328010009,豊橋競輪,9R,14:47,6-7,6,7,753.0,0.006827563733179394,4.141155491084084
6120260326030001,玉野競輪,1R,16:00,3-6,3,6,93.2,0.055053205143118546,4.130958719338649
2820260328010009,立川競輪,9R,14:37,2-5,2,5,65.6,0.07764022630593653,4.093198845669436
3120260327020007,松戸競輪,7R,10:55,1-4,1,4,112.0,0.045346998394389146,4.078863820171584
8320260327020001,久留米競輪,1R,15:48,5-6,5,6,177.6,0.02858829917639512,4.077281933727773
2820260328010004,立川競輪,4R,12:18,3-4,3,4,118.1,0.042690930282580586,4.041798866372767
4520260328010009,豊橋競輪,9R,14:47,1-4,1,4,213.1,0.02363767785326741,4.037189150531285
3120260327020007,松戸競輪,7R,10:55,6-7,6,7,109.4,0.04568693943753095,3.998151174465886
3120260327020007,松戸競輪,7R,10:55,4-7,4,7,92.2,0.0536510682198927,3.946628489874107
6120260326030004,玉野競輪,4R,17:12,3-6,3,6,216.0,0.022890180583103478,3.944279005950351
6120260326030003,玉野競輪,3R,16:48,3-6,3,6,200.3,0.02467397321690948,3.9421968353469685
4520260328010006,豊橋競輪,6R,13:21,4-5,4,5,226.4,0.02155891754755149,3.880938932765657
2820260328010003,立川競輪,3R,11:53,1-3,1,3,117.8,0.04132254869537988,3.8677962363157494
4520260328010007,豊橋競輪,7R,13:48,3-6,3,6,759.2,0.006391540496128062,3.8524575446604246
4520260328010009,豊橋競輪,9R,14:47,4-9,4,9,173.7,0.027932441883087352,3.8518651550922725
4520260328010011,豊橋競輪,11R,15:54,2-3,2,3,196.4,0.024695351854838947,3.850167104290369
6120260326030010,玉野競輪,10R,19:48,3-7,3,7,159.3,0.030437215601682072,3.848648445347955
8320260327020007,久留米競輪,7R,18:15,3-5,3,5,178.0,0.0272321138786277,3.847316270395731
3120260327020005,松戸競輪,5R,10:13,1-3,1,3,90.0,0.0537470853554613,3.8372376819915166
6120260326030002,玉野競輪,2R,16:24,2-6,2,6,440.5,0.01095846632030789,3.8272044140956254
3620260326030010,小田原競輪,10R,16:06,2-6,2,6,119.6,0.040068985905686964,3.7922507143201605
6120260326030011,玉野競輪,11R,20:16,1-7,1,7,106.2,0.04497084804674126,3.7759040625639217
8320260327020007,久留米競輪,7R,18:15,1-3,1,3,148.3,0.03211758399217032,3.763037706038859
4520260328010011,豊橋競輪,11R,15:54,4-5,4,5,218.2,0.021813887592266722,3.759790272632599
2820260328010002,立川競輪,2R,11:29,3-6,3,6,113.5,0.04188104178725172,3.7534982428530705
8320260327020012,久留米競輪,12R,20:30,2-6,2,6,89.6,0.0529859936958678,3.747545035149755
2820260328010004,立川競輪,4R,12:18,1-3,1,3,140.1,0.03381989728471797,3.738167609588988
8320260327020007,久留米競輪,7R,18:15,1-7,1,7,148.3,0.03193977523528051,3.7366686673920997
4520260328010006,豊橋競輪,6R,13:21,3-4,3,4,107.5,0.044048582155443994,3.7352225817102296
6120260326030001,玉野競輪,1R,16:00,1-6,1,6,174.0,0.027196775891151874,3.7322390050604257
2820260328010009,立川競輪,9R,14:37,5-6,5,6,62.7,0.07544047343177063,3.7301176841720185
6120260326030010,玉野競輪,10R,19:48,2-3,2,3,106.2,0.044532858434961325,3.729389565792893
3120260327020006,松戸競輪,6R,10:34,3-5,3,5,274.3,0.01722596498454196,3.7250821952598603
8320260327020004,久留米競輪,4R,17:00,4-6,4,6,117.4,0.04007588845405254,3.704909304505769
4520260328010006,豊橋競輪,6R,13:21,1-4,1,4,141.9,0.03315034206834172,3.70403353949769
4520260328010004,豊橋競輪,4R,12:27,4-9,4,9,183.0,0.02561003910004215,3.6866371553077135
6120260326030003,玉野競輪,3R,16:48,2-5,2,5,440.8,0.010610460623295695,3.677091042748742
3120260327020006,松戸競輪,6R,10:34,1-3,1,3,94.7,0.04935642574129289,3.674053517700437
3620260326030005,小田原競輪,5R,13:30,1-3,1,3,108.6,0.0427918835159128,3.64719854982813
4520260328010004,豊橋競輪,4R,12:27,4-5,4,5,176.7,0.026263244156109353,3.6407152423845224
2820260328010003,立川競輪,3R,11:53,2-3,2,3,66.6,0.06930228753124887,3.6155323495811746
4520260328010006,豊橋競輪,6R,13:21,4-7,4,7,119.5,0.03853778684000964,3.6052655273811522
8320260327020012,久留米競輪,12R,20:30,1-6,1,6,268.8,0.017098649516363147,3.5961169899984142
3620260326030003,小田原競輪,3R,12:36,5-7,5,7,73.5,0.062418367152490606,3.5877499857080597
3120260327020004,松戸競輪,4R,09:52,5-6,5,6,297.9,0.015361493866207977,3.576189022743356
8320260327020004,久留米競輪,4R,17:00,5-6,5,6,174.3,0.026178830051445202,3.5629700779668987
4520260328010007,豊橋競輪,7R,13:48,4-9,4,9,67.3,0.06776397690619473,3.5605156457869054
3620260326030002,小田原競輪,2R,12:09,6-7,6,7,281.3,0.01619955029274601,3.556933497349453
4520260328010008,豊橋競輪,8R,14:17,3-6,3,6,300.6,0.015153057638978455,3.555009126276924
4520260328010011,豊橋競輪,11R,15:54,6-8,6,8,404.3,0.01123890412499263,3.54388893773452
6120260326030003,玉野競輪,3R,16:48,6-7,6,7,74.7,0.06073829146825227,3.537150372678445
4520260328010002,豊橋競輪,2R,11:37,4-8,4,8,623.6,0.007248534627448195,3.520186193676695
6120260326030004,玉野競輪,4R,17:12,1-6,1,6,166.1,0.02718110211586599,3.5147810614453405
4520260328010011,豊橋競輪,11R,15:54,8-9,8,9,144.7,0.03117686886338232,3.5112929245314213
4520260328010001,豊橋競輪,1R,11:13,2-8,2,8,71.5,0.06292397897888992,3.499064496990629
3120260327020005,松戸競輪,5R,10:13,6-7,6,7,477.1,0.009429826167676823,3.4989700645986126
4520260328010011,豊橋競輪,11R,15:54,6-7,6,7,474.0,0.009450489378589744,3.479531965451539
4520260328010009,豊橋競輪,9R,14:47,3-6,3,6,513.4,0.008721792754206394,3.4777684000095626
2820260328010004,立川競輪,4R,12:18,4-7,4,7,223.2,0.020051704518697127,3.4755404485731987
8320260327020002,久留米競輪,2R,16:12,6-7,6,7,108.1,0.041369366349295916,3.4720285023588886
3120260327020007,松戸競輪,7R,10:55,1-5,1,5,235.3,0.01898287759270918,3.46667109756447
4520260328010010,豊橋競輪,10R,15:19,4-8,4,8,526.0,0.008467350091152424,3.4538261479461756
6120260326030009,玉野競輪,9R,19:20,4-7,4,7,195.7,0.022503412829775454,3.4039178907870564
3620260326030008,小田原競輪,8R,14:57,1-7,1,7,121.3,0.03621110141353389,3.392406601461661
3620260326030001,小田原競輪,1R,11:45,4-7,4,7,124.8,0.035138224464503584,3.3852504131700476
2820260328010011,立川競輪,11R,15:42,4-7,4,7,182.1,0.024041979369793267,3.3780444432393537
8320260327020003,久留米競輪,3R,16:36,1-6,1,6,156.7,0.027924503841023685,3.375769751888411
4520260328010004,豊橋競輪,4R,12:27,6-9,6,9,488.2,0.00891655053543659,3.3530599714001426
2820260328010002,立川競輪,2R,11:29,4-6,4,6,136.2,0.031947402350616584,3.351236200153979
2820260328010010,立川競輪,10R,15:08,5-6,5,6,83.8,0.05190389210570599,3.3495461584581623
4520260328010010,豊橋競輪,10R,15:19,3-5,3,5,79.4,0.05457393750066162,3.3331706375525325
4520260328010011,豊橋競輪,11R,15:54,5-6,5,6,208.3,0.02077490850080551,3.3274134407177876
2820260328010010,立川競輪,10R,15:08,1-3,1,3,144.3,0.029769520147218398,3.295741757243615
4520260328010002,豊橋競輪,2R,11:37,2-6,2,6,222.7,0.019267211715057915,3.290808048943397
4520260328010007,豊橋競輪,7R,13:48,4-7,4,7,61.4,0.06950024263721762,3.2673148979251616
2820260328010007,立川競輪,7R,13:39,3-4,3,4,113.0,0.03775769589599167,3.266619636247059
6120260326030009,玉野競輪,9R,19:20,3-4,3,4,97.8,0.04334932839844587,3.239564317368006
2820260328010005,立川競輪,5R,12:45,1-4,1,4,98.6,0.042981731978872985,3.2379987731168764
8320260327020007,久留米競輪,7R,18:15,6-7,6,7,80.9,0.052328320135342624,3.233361098949219
2820260328010010,立川競輪,10R,15:08,3-7,3,7,100.1,0.04216629805941334,3.2208464357472755
4520260328010008,豊橋競輪,8R,14:17,3-4,3,4,268.1,0.01565381808151245,3.196788627653488
3120260327020004,松戸競輪,4R,09:52,2-3,2,3,175.2,0.023900051968430702,3.187289104869059
2820260328010002,立川競輪,2R,11:29,2-3,2,3,62.6,0.06663224235918133,3.1711783716847517
2820260328010007,立川競輪,7R,13:39,4-5,4,5,183.0,0.022785829759514462,3.169806845991147
3120260327020001,松戸競輪,1R,08:50,5-6,5,6,70.0,0.05948075685869843,3.16365298010889
4520260328010009,豊橋競輪,9R,14:47,2-4,2,4,88.9,0.0468084062953626,3.1612673196577354
4520260328010011,豊橋競輪,11R,15:54,4-7,4,7,549.9,0.007558120987566828,3.156210731062999
4520260328010010,豊橋競輪,10R,15:19,3-7,3,7,133.0,0.031234620002605483,3.154204460346529
4520260328010005,豊橋競輪,5R,12:54,7-8,7,8,271.0,0.01524522667392764,3.13145642863439
8320260327020010,久留米競輪,10R,19:34,2-6,2,6,152.7,0.027046255452749933,3.1299632076349146
2820260328010008,立川競輪,8R,14:07,5-6,5,6,97.1,0.042488909057252396,3.125673069459207
8320260327020011,久留米競輪,11R,20:02,3-4,3,4,81.9,0.050244065100475646,3.1149889317289556
4520260328010006,豊橋競輪,6R,13:21,5-8,5,8,462.7,0.008833005298710693,3.0870315517134372
4520260328010010,豊橋競輪,10R,15:19,3-8,3,8,380.9,0.010694809832481144,3.073653065192068
8320260327020006,久留米競輪,6R,17:49,4-6,4,6,60.9,0.06657415207111692,3.0543658611310205
3620260326030006,小田原競輪,6R,13:57,1-6,1,6,158.1,0.025527824283880722,3.035949019281542
4520260328010002,豊橋競輪,2R,11:37,4-6,4,6,334.0,0.012036129754971857,3.0200673381606
4520260328010004,豊橋競輪,4R,12:27,4-7,4,7,189.8,0.021111603637624706,3.006982370421169
3120260327020003,松戸競輪,3R,09:31,3-4,3,4,163.9,0.024418249435066937,3.0021510824074715
2820260328010011,立川競輪,11R,15:42,2-6,2,6,133.9,0.029750918383314107,2.9836479715257593
2820260328010003,立川競輪,3R,11:53,5-6,5,6,459.7,0.008659172750668973,2.9806217134825266
8320260327020006,久留米競輪,6R,17:49,5-6,5,6,121.8,0.032592407656711196,2.9697552525874236
6120260326030003,玉野競輪,3R,16:48,5-6,5,6,72.2,0.05473365651609744,2.9517700004622354
4520260328010006,豊橋競輪,6R,13:21,5-9,5,9,163.7,0.024138911128972835,2.9515397518128528
4520260328010008,豊橋競輪,8R,14:17,1-4,1,4,75.1,0.05259520882943711,2.9499001830907265
4520260328010002,豊橋競輪,2R,11:37,4-5,4,5,190.9,0.02068124091218495,2.948048890136107
3620260326030010,小田原競輪,10R,16:06,1-2,1,2,184.0,0.021424372627065223,2.9420845633800012
3120260327020001,松戸競輪,1R,08:50,2-6,2,6,132.4,0.029627527481843427,2.92268463859607
8320260327020004,久留米競輪,4R,17:00,2-6,2,6,136.9,0.028623159378902124,2.918510518971701
3620260326030002,小田原競輪,2R,12:09,2-6,2,6,83.6,0.04680468959872928,2.9128720504537675
4520260328010008,豊橋競輪,8R,14:17,7-8,7,8,202.4,0.019318834684895782,2.9101321402229066
3620260326030001,小田原競輪,1R,11:45,2-6,2,6,130.2,0.029995147557117144,2.905368211936652
8320260327020007,久留米競輪,7R,18:15,1-5,1,5,148.3,0.026201488801888585,2.8856807893200775
4520260328010010,豊橋競輪,10R,15:19,2-6,2,6,380.9,0.01016036918796896,2.8700846236973767
2820260328010010,立川競輪,10R,15:08,2-3,2,3,68.2,0.056665823197252045,2.8646091420525894
6120260326030002,玉野競輪,2R,16:24,2-4,2,4,46.8,0.0820682007323153,2.8407917942723557
8320260327020004,久留米競輪,4R,17:00,4-7,4,7,52.3,0.07332436774553025,2.834864433091232
2820260328010004,立川競輪,4R,12:18,4-6,4,6,287.0,0.013354366257823408,2.832703115995318
4520260328010008,豊橋競輪,8R,14:17,5-6,5,6,241.9,0.01583980268181444,2.8316482687309126
4520260328010012,豊橋競輪,12R,16:30,1-4,1,4,116.4,0.03272803304110222,2.8095430459842987
4520260328010008,豊橋競輪,8R,14:17,2-8,2,8,241.9,0.015714166758717098,2.801256938933666
4520260328010001,豊橋競輪,1R,11:13,7-8,7,8,87.6,0.04319515133327077,2.7838952567945197
8320260327020004,久留米競輪,4R,17:00,6-7,6,7,185.5,0.020397046394871922,2.7836521062487414
4520260328010012,豊橋競輪,12R,16:30,4-7,4,7,219.4,0.017174819289874407,2.7681553521984448
4520260328010012,豊橋競輪,12R,16:30,1-7,1,7,73.3,0.05130647691599966,2.760764757942775
2820260328010001,立川競輪,1R,11:05,2-6,2,6,177.1,0.021120641650528918,2.7404656363086715
8120260326030008,小倉競輪,8R,23:08,4-6,4,6,55.5,0.06731385715598402,2.735919072157113
2820260328010005,立川競輪,5R,12:45,4-5,4,5,85.7,0.04354409188349072,2.7317286744151548
8320260327020012,久留米競輪,12R,20:30,5-6,5,6,179.2,0.020810970734540794,2.7293259556297103
4520260328010009,豊橋競輪,9R,14:47,4-7,4,7,221.4,0.01682463746608033,2.724974734990185
4520260328010002,豊橋競輪,2R,11:37,4-7,4,7,80.6,0.04620069566976671,2.723776070983196
4520260328010011,豊橋競輪,11R,15:54,2-4,2,4,264.3,0.014069928081216841,2.718681991865611
4520260328010010,豊橋競輪,10R,15:19,3-9,3,9,216.6,0.017128302440351465,2.709990308580127
4520260328010004,豊橋競輪,4R,12:27,3-6,3,6,227.8,0.01624542670621011,2.7007082036746635
8320260327020006,久留米競輪,6R,17:49,1-6,1,6,48.7,0.07591469583870056,2.6970456873447173
3120260327020005,松戸競輪,5R,10:13,1-5,1,5,60.3,0.06129907547349811,2.696334251051936
4520260328010011,豊橋競輪,11R,15:54,3-9,3,9,58.2,0.06347461824547648,2.6942227818867317
4520260328010010,豊橋競輪,10R,15:19,6-7,6,7,480.2,0.007682789668192689,2.6892755986661294
4520260328010011,豊橋競輪,11R,15:54,2-8,2,8,361.7,0.010166096770717161,2.6770772019683973
4520260328010011,豊橋競輪,11R,15:54,2-9,2,9,85.9,0.042761181249107744,2.6731854692983554
3620260326030006,小田原競輪,6R,13:57,3-6,3,6,85.4,0.0430006225606682,2.6722531666810645
4520260328010011,豊橋競輪,11R,15:54,1-6,1,6,109.9,0.033213120551198926,2.650121948576762
6120260326030004,玉野競輪,4R,17:12,4-6,4,6,127.0,0.028725094206741665,2.6480869642561915
4520260328010006,豊橋競輪,6R,13:21,1-8,1,8,259.5,0.013972575210440562,2.6258832671093257
4520260328010006,豊橋競輪,6R,13:21,3-5,3,5,73.3,0.04941447349338665,2.6220809070652416
3620260326030001,小田原競輪,1R,11:45,1-2,1,2,80.9,0.04476463871358117,2.6214592719287166
2820260328010010,立川競輪,10R,15:08,3-5,3,5,49.6,0.07291708434107846,2.6166873833174917
8320260327020010,久留米競輪,10R,19:34,6-7,6,7,76.3,0.04717935261816227,2.599784604765781
2820260328010003,立川競輪,3R,11:53,4-5,4,5,170.2,0.021119301566332644,2.594505126589816
4520260328010006,豊橋競輪,6R,13:21,8-9,8,9,462.7,0.007758828419174252,2.5900099095519264
6120260326030004,玉野競輪,4R,17:12,2-6,2,6,135.0,0.02653532413518639,2.5822687582501627
4520260328010008,豊橋競輪,8R,14:17,6-8,6,8,450.9,0.007894293473334297,2.5595369271264343
8320260327020006,久留米競輪,6R,17:49,3-4,3,4,44.3,0.08009080079837107,2.548022475367838
3620260326030006,小田原競輪,6R,13:57,4-6,4,6,73.5,0.04825216216059154,2.5465339188034783
3620260326030003,小田原競輪,3R,12:36,6-7,6,7,250.2,0.014124706537190907,2.534001575605165
8320260327020005,久留米競輪,5R,17:24,1-7,1,7,91.8,0.03845263337170572,2.5299517435225853
2820260328010006,立川競輪,6R,13:12,3-6,3,6,58.2,0.06062757487926751,2.5285248579733692
3120260327020004,松戸競輪,4R,09:52,6-7,6,7,104.5,0.03365298785196263,2.5167372305300946
2820260328010006,立川競輪,6R,13:12,1-6,1,6,66.5,0.05269863743095714,2.5044593891586495
6120260326030006,玉野競輪,6R,18:02,6-7,6,7,127.5,0.027428041609866883,2.4970753052580275
4520260328010007,豊橋競輪,7R,13:48,1-6,1,6,379.6,0.009203919916048168,2.4938080001318848
3620260326030005,小田原競輪,5R,13:30,1-2,1,2,50.8,0.06854920503078661,2.4822996155639596
6120260326030003,玉野競輪,3R,16:48,5-7,5,7,65.7,0.05288516604710362,2.474555409294708
4520260328010008,豊橋競輪,8R,14:17,2-4,2,4,112.7,0.030741068223509672,2.46451838878954
2820260328010008,立川競輪,8R,14:07,6-7,6,7,45.6,0.0759662313886943,2.46406015132446
3120260327020006,松戸競輪,6R,10:34,6-7,6,7,67.6,0.05097329329599774,2.4457946268094473
4520260328010009,豊橋競輪,9R,14:47,5-6,5,6,627.5,0.005475148286949038,2.4356555500605217
8320260327020004,久留米競輪,4R,17:00,5-7,5,7,65.3,0.05254869995871028,2.431430107303781
3120260327020002,松戸競輪,2R,09:10,2-7,2,7,51.3,0.06661640052565956,2.4174213469663353
8120260326030001,小倉競輪,1R,20:45,4-6,4,6,112.5,0.03012559870473139,2.3891298542822814
4520260328010005,豊橋競輪,5R,12:54,5-6,5,6,180.6,0.01876028841815239,2.388108088318322
6120260326030004,玉野競輪,4R,17:12,2-3,2,3,113.6,0.02980429477802092,2.385767886783176
6120260326030001,玉野競輪,1R,16:00,3-4,3,4,41.4,0.08177007810483128,2.385281233540015
2820260328010001,立川競輪,1R,11:05,1-6,1,6,92.7,0.0365034800597178,2.38387260153584
8320260327020003,久留米競輪,3R,16:36,6-7,6,7,76.4,0.0442040404225544,2.3771886882831565
3620260326030004,小田原競輪,4R,13:03,2-6,2,6,66.0,0.051094416422500594,2.3722314838850393
3120260327020001,松戸競輪,1R,08:50,4-6,4,6,95.8,0.03490215721683569,2.343626661372859
4520260328010009,豊橋競輪,9R,14:47,4-8,4,8,389.4,0.008581735269189986,2.3417277138225803
2820260328010002,立川競輪,2R,11:29,5-6,5,6,147.3,0.022682984521823036,2.3412036200645336
8320260327020001,久留米競輪,1R,15:48,4-6,4,6,44.4,0.07496347635447419,2.328378350138654
4520260328010006,豊橋競輪,6R,13:21,6-7,6,7,134.7,0.024690568526523057,2.3258195805226554
6120260326030002,玉野競輪,2R,16:24,1-2,1,2,129.5,0.025601559993822947,2.3154020192000715
3120260327020005,松戸競輪,5R,10:13,3-6,3,6,176.7,0.01876034089813989,2.314952236701318
2820260328010004,立川競輪,4R,12:18,1-7,1,7,200.9,0.016494864881929448,2.313818354779626
8120260326030003,小倉競輪,3R,21:25,1-7,1,7,57.0,0.05798693293421896,2.3052551772504803
8320260327020005,久留米競輪,5R,17:24,1-3,1,3,86.7,0.03811169277111333,2.3042837632555258
3620260326030004,小田原競輪,4R,13:03,3-6,3,6,112.4,0.029394160987979076,2.3039036950488483
4520260328010005,豊橋競輪,5R,12:54,2-6,2,6,381.4,0.008657526036311848,2.3019804302493387
6120260326030005,玉野競輪,5R,17:36,6-7,6,7,184.5,0.017895592376903656,2.3017367935387245
6120260326030005,玉野競輪,5R,17:36,1-2,1,2,46.1,0.07161716730140563,2.3015514125947996
2820260328010006,立川競輪,6R,13:12,3-7,3,7,155.3,0.021206327485542027,2.293342658504677
2820260328010008,立川競輪,8R,14:07,2-5,2,5,92.0,0.035750986788296545,2.289090784523282
8320260327020001,久留米競輪,1R,15:48,1-6,1,6,121.5,0.027063128171626594,2.288170072852631
4520260328010002,豊橋競輪,2R,11:37,6-9,6,9,292.3,0.011248479166732037,2.2879304604357746
3620260326030004,小田原競輪,4R,13:03,1-6,1,6,70.6,0.046555436556921126,2.2868138209186313
4520260328010002,豊橋競輪,2R,11:37,1-6,1,6,183.4,0.01790620144528269,2.2839973450648454
2820260328010004,立川競輪,4R,12:18,2-7,2,7,74.4,0.04385274389681056,2.2626441459227062
8320260327020001,久留米競輪,1R,15:48,5-7,5,7,192.4,0.016942036997601564,2.259647918338541
2820260328010004,立川競輪,4R,12:18,2-3,2,3,46.3,0.0703746469249835,2.258346152626736
6120260326030003,玉野競輪,3R,16:48,1-6,1,6,24.4,0.13342084289630454,2.2554685666698306
4520260328010006,豊橋競輪,6R,13:21,1-6,1,6,154.2,0.021107434569368283,2.2547664105965888
6120260326030007,玉野競輪,7R,18:28,1-5,1,5,66.3,0.04908874889272276,2.2545840515875186
8320260327020011,久留米競輪,11R,20:02,6-7,6,7,143.4,0.022659181214612224,2.249326586175393
8320260327020009,久留米競輪,9R,19:07,1-6,1,6,91.8,0.03539113785640971,2.2489064552184113
3620260326030010,小田原競輪,10R,16:06,2-5,2,5,65.5,0.04947618199422803,2.2406899206219357
4520260328010009,豊橋競輪,9R,14:47,4-6,4,6,705.9,0.004588563467369323,2.2390669516160053
3620260326030007,小田原競輪,7R,14:27,3-5,3,5,83.9,0.03857349289865385,2.236316054197058
6120260326030001,玉野競輪,1R,16:00,5-6,5,6,79.1,0.04088371811349225,2.2339021027772366
4520260328010003,豊橋競輪,3R,12:01,3-4,3,4,160.7,0.020112849823593463,2.2321349666514694
4520260328010008,豊橋競輪,8R,14:17,4-8,4,8,431.3,0.007486588930762544,2.2289658058378854
4520260328010007,豊橋競輪,7R,13:48,6-9,6,9,115.9,0.027847359585725026,2.227508975985531
4520260328010008,豊橋競輪,8R,14:17,1-8,1,8,119.5,0.0269781576969034,2.223889844779956
2820260328010005,立川競輪,5R,12:45,3-4,3,4,50.7,0.06356315823470621,2.2226521224996048
4520260328010007,豊橋競輪,7R,13:48,2-4,2,4,62.7,0.05137666039298302,2.2213166066400354
4520260328010010,豊橋競輪,10R,15:19,8-9,8,9,736.4,0.004362900579985484,2.2128399871013107
4520260328010002,豊橋競輪,2R,11:37,3-4,3,4,77.3,0.04149773019728813,2.207774544250372
4520260328010006,豊橋競輪,6R,13:21,6-8,6,8,760.1,0.004215431250752397,2.2041492936968967
2820260328010003,立川競輪,3R,11:53,1-2,1,2,47.3,0.06746286925742276,2.1909937158760964
2820260328010011,立川競輪,11R,15:42,4-6,4,6,207.0,0.015374056966988861,2.1824297921666944
3620260326030003,小田原競輪,3R,12:36,2-6,2,6,208.5,0.015201750926038406,2.1695650680790077
2820260328010006,立川競輪,6R,13:12,1-2,1,2,74.9,0.04231393639204284,2.169313835764009
4520260328010004,豊橋競輪,4R,12:27,4-6,4,6,488.2,0.006491511403232606,2.1691558670581585
6120260326030011,玉野競輪,11R,20:16,5-7,5,7,124.0,0.025515720206539017,2.163949305610838
6120260326030011,玉野競輪,11R,20:16,3-6,3,6,57.2,0.0552894914001273,2.162558908087282
3620260326030006,小田原競輪,6R,13:57,6-7,6,7,60.8,0.052007237010127404,2.162040010215746
4520260328010007,豊橋競輪,7R,13:48,3-9,3,9,111.3,0.028333461873068025,2.153514306472471
3620260326030005,小田原競輪,5R,13:30,1-7,1,7,61.7,0.0510954816789532,2.1525912195914123
3620260326030001,小田原競輪,1R,11:45,1-4,1,4,53.5,0.05871704972959542,2.141362160533355
4520260328010007,豊橋競輪,7R,13:48,2-6,2,6,151.8,0.02059961099753005,2.1270209494250616
4520260328010005,豊橋競輪,5R,12:54,3-6,3,6,396.1,0.007889857147248377,2.1251724160250824
3620260326030009,小田原競輪,9R,15:30,3-7,3,7,55.0,0.05674409757956025,2.1209253668758135
3120260327020004,松戸競輪,4R,09:52,1-3,1,3,46.9,0.06647774572403187,2.1178062744570947
2820260328010011,立川競輪,11R,15:42,6-7,6,7,198.0,0.015716407797398475,2.1118487438848983
2820260328010007,立川競輪,7R,13:39,1-4,1,4,153.7,0.020237680691198336,2.110531522237184
3120260327020003,松戸競輪,3R,09:31,1-3,1,3,95.4,0.03258893792870399,2.1089846783983606
3620260326030003,小田原競輪,3R,12:36,1-6,1,6,75.8,0.041010410021734466,2.1085890796474724
4520260328010005,豊橋競輪,5R,12:54,6-7,6,7,367.8,0.008446689197548634,2.1066922868583875
8120260326030001,小倉競輪,1R,20:45,5-6,5,6,112.5,0.02761486769467132,2.106672615650523
2820260328010006,立川競輪,6R,13:12,1-7,1,7,174.8,0.017738715204315286,2.100727417714312
4520260328010008,豊橋競輪,8R,14:17,6-9,6,9,230.7,0.01343817062208702,2.1001859625154755
4520260328010001,豊橋競輪,1R,11:13,1-4,1,4,109.0,0.028366762132869854,2.091977072482814
3620260326030010,小田原競輪,10R,16:06,3-6,3,6,93.8,0.03295866210396451,2.091522505351871
4520260328010012,豊橋競輪,12R,16:30,1-8,1,8,119.8,0.025709819219132592,2.0800363424520847
3120260327020002,松戸競輪,2R,09:10,4-7,4,7,186.1,0.016498872858456803,2.070440238958811
4520260328010004,豊橋競輪,4R,12:27,8-9,8,9,197.1,0.015538717541962357,2.0626812275207804
8320260327020001,久留米競輪,1R,15:48,3-7,3,7,72.1,0.04247304815045753,2.0623067716479877
8320260327020007,久留米競輪,7R,18:15,3-6,3,6,59.3,0.05148577294502897,2.053106335640218
4520260328010012,豊橋競輪,12R,16:30,7-8,7,8,195.0,0.01564230782300149,2.050250025485291
8320260327020003,久留米競輪,3R,16:36,1-3,1,3,71.2,0.04278922470570398,2.0465927990461235
4520260328010011,豊橋競輪,11R,15:54,5-8,5,8,190.9,0.01595653460405617,2.046102455914323
2820260328010001,立川競輪,1R,11:05,6-7,6,7,259.8,0.011706340844723889,2.0413073514592663
8320260327020012,久留米競輪,12R,20:30,6-7,6,7,179.2,0.01697096014445463,2.0411960578862693
8320260327020006,久留米競輪,6R,17:49,2-5,2,5,81.2,0.03739986541899803,2.03686907202264
8320260327020003,久留米競輪,3R,16:36,3-6,3,6,94.9,0.03194020382343546,2.0311253428440255
3620260326030003,小田原競輪,3R,12:36,3-7,3,7,131.6,0.022983151581459613,2.024582748120085
4520260328010010,豊橋競輪,10R,15:19,2-3,2,3,77.7,0.03890623143187589,2.0230141822567567
6120260326030009,玉野競輪,9R,19:20,3-5,3,5,55.9,0.05404479015970423,2.0211037699274663
4520260328010008,豊橋競輪,8R,14:17,1-6,1,6,88.5,0.0340669049644209,2.0149210893512497
8320260327020011,久留米競輪,11R,20:02,4-6,4,6,286.8,0.010512276093168824,2.014920783520819
2820260328010008,立川競輪,8R,14:07,1-6,1,6,86.1,0.03496507485268391,2.010492944816084
4520260328010005,豊橋競輪,5R,12:54,5-7,5,7,52.8,0.057015963336406926,2.0104428641622856
4520260328010002,豊橋競輪,2R,11:37,6-8,6,8,550.2,0.005469058506429907,2.009075990237735
4520260328010006,豊橋競輪,6R,13:21,5-7,5,7,66.5,0.045229679404841766,2.0077736804219772
8320260327020002,久留米競輪,2R,16:12,2-4,2,4,62.2,0.04832027064116602,2.0055208338805266
2820260328010007,立川競輪,7R,13:39,5-7,5,7,50.5,0.05933288014787496,1.9963104474676854
3120260327020005,松戸競輪,5R,10:13,2-6,2,6,144.5,0.020695403135233832,1.990485753041289
3120260327020001,松戸競輪,1R,08:50,2-3,2,3,44.1,0.06778136317266509,1.9891581159145306
3120260327020004,松戸競輪,4R,09:52,3-5,3,5,114.6,0.026075747306506938,1.9882806413256948
3620260326030008,小田原競輪,8R,14:57,4-7,4,7,56.8,0.05251756696443862,1.9829978035801137
4520260328010010,豊橋競輪,10R,15:19,2-8,2,8,208.4,0.014294458591546762,1.9789651704783453
4520260328010010,豊橋競輪,10R,15:19,1-8,1,8,149.2,0.019924687501258177,1.9727633751877196
2820260328010002,立川競輪,2R,11:29,4-7,4,7,57.9,0.05125623679947963,1.9677361106898705
6120260326030011,玉野競輪,11R,20:16,3-7,3,7,57.2,0.051879483484489786,1.967506455312816
2820260328010009,立川競輪,9R,14:37,3-6,3,6,76.0,0.03893440571481077,1.9590148343256186
6120260326030011,玉野競輪,11R,20:16,1-6,1,6,62.0,0.04763967565463209,1.9536598905871898
6120260326030002,玉野競輪,2R,16:24,5-7,5,7,200.2,0.014751430173575303,1.9532363207497756
4520260328010001,豊橋競輪,1R,11:13,4-5,4,5,100.4,0.029362950497594166,1.9480402299584543
4520260328010001,豊橋競輪,1R,11:13,5-6,5,6,178.8,0.016436570818736455,1.9388588623900782
2820260328010011,立川競輪,11R,15:42,2-4,2,4,77.1,0.03810705194995805,1.9380537053417655
3120260327020006,松戸競輪,6R,10:34,1-7,1,7,40.4,0.07268561191569395,1.9364987213940354
8120260326030009,小倉競輪,9R,23:30,1-4,1,4,94.8,0.03096969987449829,1.9359275481024376
3620260326030010,小田原競輪,10R,16:06,1-5,1,5,177.2,0.016504350500788162,1.9245709087396623
8320260327020011,久留米競輪,11R,20:02,3-7,3,7,47.8,0.06115758873264508,1.9233327414204346
8320260327020007,久留米競輪,7R,18:15,3-7,3,7,89.0,0.032801438761889457,1.9193280498081617
3620260326030002,小田原競輪,2R,12:09,2-5,2,5,48.3,0.06035897099531136,1.9153382990735386
6120260326030005,玉野競輪,5R,17:36,2-3,2,3,61.5,0.047389057574206285,1.9144270408136865
8320260327020001,久留米競輪,1R,15:48,2-6,2,6,88.8,0.032780873259601384,1.9109415454526029
4520260328010004,豊橋競輪,4R,12:27,3-4,3,4,64.0,0.04522728497695043,1.8945462385248275
6120260326030004,玉野競輪,4R,17:12,5-6,5,6,74.4,0.03883556198178138,1.8893658114445353
2820260328010007,立川競輪,7R,13:39,3-6,3,6,45.7,0.06319997360037757,1.8882387935372553
2820260328010004,立川競輪,4R,12:18,2-4,2,4,63.4,0.045518436741695686,1.8858688894235063
6120260326030003,玉野競輪,3R,16:48,1-3,1,3,45.4,0.06343367665958004,1.8798889203449338
4520260328010007,豊橋競輪,7R,13:48,1-2,1,2,122.8,0.02327528063575638,1.8582044620708835
2820260328010004,立川競輪,4R,12:18,1-5,1,5,41.5,0.06879089448957065,1.854822121317182
4520260328010003,豊橋競輪,3R,12:01,6-9,6,9,153.0,0.018582336946581693,1.843097552826999
4520260328010010,豊橋競輪,10R,15:19,4-5,4,5,58.4,0.048498165349186786,1.8322928563925083
8320260327020006,久留米競輪,6R,17:49,2-6,2,6,81.2,0.03478842793335886,1.8248203481887395
2820260328010006,立川競輪,6R,13:12,2-3,2,3,57.4,0.04898750488943979,1.8118827806538436
8320260327020012,久留米競輪,12R,20:30,4-7,4,7,44.8,0.0624310246321928,1.7969099035222373
2820260328010001,立川競輪,1R,11:05,1-3,1,3,81.1,0.034456217141930236,1.7943992102105417
4520260328010011,豊橋競輪,11R,15:54,3-7,3,7,193.6,0.014422106412248533,1.792119801411316
4520260328010009,豊橋競輪,9R,14:47,1-7,1,7,88.9,0.0313486558180317,1.7868955022230182
4520260328010009,豊橋競輪,9R,14:47,4-5,4,5,230.5,0.012051305172281614,1.777825842210912
3620260326030004,小田原競輪,4R,13:03,2-7,2,7,26.6,0.10441727532914935,1.777499523755373
2820260328010008,立川競輪,8R,14:07,3-4,3,4,75.2,0.036870100583077076,1.7726315638473964
6120260326030002,玉野競輪,2R,16:24,5-6,5,6,53.7,0.0514403842186394,1.7623486325409359
4520260328010004,豊橋競輪,4R,12:27,5-9,5,9,79.4,0.03478136008095048,1.7616399904274682
4520260328010008,豊橋競輪,8R,14:17,2-3,2,3,93.5,0.029452956426187303,1.753851425848513
3120260327020001,松戸競輪,1R,08:50,3-4,3,4,36.2,0.075659815940608,1.73888533705001
4520260328010008,豊橋競輪,8R,14:17,4-5,4,5,162.6,0.016770122532477987,1.7268219237809208
4520260328010009,豊橋競輪,9R,14:47,7-8,7,8,205.3,0.013244964139767236,1.7191911378942137
3620260326030010,小田原競輪,10R,16:06,5-7,5,7,49.8,0.05450613620212778,1.7144055828659637
4520260328010008,豊橋競輪,8R,14:17,4-9,4,9,137.7,0.019705110267183273,1.7133936837911365
3120260327020003,松戸競輪,3R,09:31,6-7,6,7,62.6,0.043294001892216355,1.710204518452744
4520260328010008,豊橋競輪,8R,14:17,3-7,3,7,72.9,0.03712289872997379,1.7062593174150895
8320260327020002,久留米競輪,2R,16:12,5-6,5,6,88.8,0.030463874842311053,1.7051920859972216
3120260327020004,松戸競輪,4R,09:52,2-5,2,5,114.6,0.023598641854551874,1.7044043565316445
2820260328010005,立川競輪,5R,12:45,5-7,5,7,50.7,0.05328989640392377,1.7017977476789352
2820260328010003,立川競輪,3R,11:53,2-6,2,6,170.2,0.015856017018862648,1.6986940966104225
4520260328010005,豊橋競輪,5R,12:54,4-7,4,7,110.7,0.024369455825853203,1.6976987599219497
4520260328010004,豊橋競輪,4R,12:27,6-8,6,8,732.3,0.00368146100907252,1.6959338969438065
8320260327020011,久留米競輪,11R,20:02,5-6,5,6,63.7,0.04231147054251111,1.695240673557958
3620260326030007,小田原競輪,7R,14:27,1-5,1,5,37.8,0.07128953859223369,1.6947445587864332
2820260328010001,立川競輪,1R,11:05,5-7,5,7,59.0,0.045624349271538876,1.6918366070207935
6120260326030005,玉野競輪,5R,17:36,4-7,4,7,184.5,0.014581660473012894,1.6903163572708788
4520260328010004,豊橋競輪,4R,12:27,1-6,1,6,341.7,0.007825587051332301,1.6740030954402472
3620260326030001,小田原競輪,1R,11:45,2-7,2,7,107.0,0.02494634895401298,1.6692593380793888
8320260327020004,久留米競輪,4R,17:00,2-7,2,7,45.6,0.058478548948722744,1.6666218320617574
3620260326030009,小田原競輪,9R,15:30,2-4,2,4,64.1,0.04143460407824029,1.6559581214152024
2820260328010008,立川競輪,8R,14:07,2-3,2,3,79.7,0.03331140533204749,1.654919004964185
3120260327020007,松戸競輪,7R,10:55,2-6,2,6,51.1,0.0519411192582859,1.6541911940984098
8320260327020004,久留米競輪,4R,17:00,3-6,3,6,179.7,0.01466702183042673,1.635663822927683
3120260327020002,松戸競輪,2R,09:10,3-4,3,4,93.0,0.02831122738306929,1.632944146625444
4520260328010010,豊橋競輪,10R,15:19,1-6,1,6,184.1,0.014296363761306479,1.6319605684565226
4520260328010009,豊橋競輪,9R,14:47,1-8,1,8,144.8,0.018174910781897067,1.6317270812186955
4520260328010002,豊橋競輪,2R,11:37,5-8,5,8,283.4,0.009253971612290439,1.62257555492311
4520260328010005,豊橋競輪,5R,12:54,2-7,2,7,99.0,0.02645166033335214,1.6187143730018616
3120260327020003,松戸競輪,3R,09:31,4-7,4,7,48.4,0.0540896291737359,1.6179380520088174
4520260328010003,豊橋競輪,3R,12:01,5-8,5,8,68.4,0.03826288799723518,1.6171815390108866
4520260328010007,豊橋競輪,7R,13:48,8-9,8,9,163.7,0.015965197389372708,1.613502812640312
2820260328010004,立川競輪,4R,12:18,4-5,4,5,29.4,0.08883099818450947,1.6116313466245784
4520260328010003,豊橋競輪,3R,12:01,1-8,1,8,153.0,0.017040103444322444,1.607135826981334
4520260328010012,豊橋競輪,12R,16:30,4-9,4,9,150.7,0.0172852473104808,1.6048867696894566
6120260326030004,玉野競輪,4R,17:12,6-7,6,7,42.3,0.06153772656663584,1.6030458337686961
3120260327020005,松戸競輪,5R,10:13,3-4,3,4,28.7,0.09062004999773139,1.600795434934891
6120260326030004,玉野競輪,4R,17:12,3-4,3,4,80.0,0.03249017346653521,1.5992138773228168
6120260326030007,玉野競輪,7R,18:28,5-6,5,6,66.3,0.039180869950008454,1.5976916776855603
3620260326030003,小田原競輪,3R,12:36,4-6,4,6,65.8,0.03943278363380322,1.5946771631042518
2820260328010002,立川競輪,2R,11:29,1-3,1,3,56.7,0.045745709329490084,1.593781718982088
3620260326030008,小田原競輪,8R,14:57,4-5,4,5,54.3,0.047673757367916014,1.5886850250778393
6120260326030009,玉野競輪,9R,19:20,3-7,3,7,39.1,0.06584636809332071,1.57459299244884
8120260326030001,小倉競輪,1R,20:45,2-5,2,5,22.5,0.11434685442964826,1.572804224667086
2820260328010011,立川競輪,11R,15:42,3-6,3,6,45.0,0.057067896771633736,1.5680553547235183
6120260326030011,玉野競輪,11R,20:16,6-7,6,7,124.0,0.020670598216468994,1.5631541788421552
6120260326030009,玉野競輪,9R,19:20,1-4,1,4,78.3,0.03270852583096216,1.5610775725643373
4520260328010002,豊橋競輪,2R,11:37,1-4,1,4,95.4,0.026795399253849682,1.55628108881726
4520260328010004,豊橋競輪,4R,12:27,1-4,1,4,112.6,0.022690889942007107,1.55499420747
2820260328010009,立川競輪,9R,14:37,4-6,4,6,61.8,0.0412954879476467,1.5520611551645662
3120260327020007,松戸競輪,7R,10:55,3-5,3,5,58.1,0.043886779185917074,1.549821870701782
4520260328010006,豊橋競輪,6R,13:21,3-6,3,6,90.9,0.028008165016326074,1.5459421999840401
6120260326030002,玉野競輪,2R,16:24,3-5,3,5,31.9,0.07974099371196766,1.5437376994117682
8320260327020001,久留米競輪,1R,15:48,6-7,6,7,177.6,0.014279587078274371,1.536054665101528
2820260328010007,立川競輪,7R,13:39,2-3,2,3,50.5,0.0501986664752402,1.53503265699963
6120260326030006,玉野競輪,6R,18:02,2-3,2,3,42.5,0.0595973954555773,1.5328893068620353
3620260326030004,小田原競輪,4R,13:03,2-3,2,3,86.7,0.0291796570216939,1.5298762637808614
4520260328010007,豊橋競輪,7R,13:48,3-8,3,8,695.9,0.0036345273388733302,1.5292675751219504
4520260328010001,豊橋競輪,1R,11:13,3-8,3,8,102.7,0.0245940076650561,1.5258045872012618
4520260328010007,豊橋競輪,7R,13:48,4-6,4,6,84.3,0.029869243750084096,1.5179772481320892
3620260326030009,小田原競輪,9R,15:30,1-2,1,2,61.0,0.04118311036730193,1.5121697324054177
3120260327020005,松戸競輪,5R,10:13,2-5,2,5,69.1,0.03620878304952415,1.5020269087221187
3620260326030001,小田原競輪,1R,11:45,1-6,1,6,88.1,0.02839145447000735,1.5012871388076472
2820260328010007,立川競輪,7R,13:39,2-6,2,6,42.2,0.059216080637828336,1.4989186029163561
2820260328010005,立川競輪,5R,12:45,2-7,2,7,63.0,0.0395083727762911,1.4890274849063392
2820260328010003,立川競輪,3R,11:53,3-6,3,6,255.4,0.009676698750756628,1.4714288609432429
4520260328010012,豊橋競輪,12R,16:30,4-6,4,6,215.5,0.011467973530419132,1.4713482958053228
3620260326030004,小田原競輪,4R,13:03,5-6,5,6,159.7,0.015470220379615955,1.4705941946246677
4520260328010002,豊橋競輪,2R,11:37,2-8,2,8,203.3,0.012126965504529835,1.4654120870709155
3120260327020007,松戸競輪,7R,10:55,4-6,4,6,39.2,0.06288863382002292,1.465234445744899
6120260326030007,玉野競輪,7R,18:28,3-5,3,5,66.3,0.03717792644208752,1.4648965231104025
4520260328010007,豊橋競輪,7R,13:48,2-8,2,8,208.7,0.01180759126201235,1.4642442963819775
2820260328010008,立川競輪,8R,14:07,4-5,4,5,60.6,0.040644100487948136,1.463032489569657
8320260327020008,久留米競輪,8R,18:41,4-6,4,6,47.6,0.05156747769178341,1.4546119381288904
4520260328010010,豊橋競輪,10R,15:19,1-3,1,3,44.3,0.055290563427542905,1.4493719598401507
6120260326030003,玉野競輪,3R,16:48,1-5,1,5,21.5,0.11385269665815559,1.4478329781503452
3620260326030010,小田原競輪,10R,16:06,2-7,2,7,37.9,0.06458232347401449,1.4476700596651493
4520260328010010,豊橋競輪,10R,15:19,6-9,6,9,649.8,0.0037655361114638545,1.4468453652292124
3620260326030009,小田原競輪,9R,15:30,3-6,3,6,110.1,0.02219672867192924,1.4438598267794092
8320260327020004,久留米競輪,4R,17:00,1-7,1,7,63.2,0.03864329479529233,1.4422562310624754
3620260326030010,小田原競輪,10R,16:06,1-3,1,3,145.0,0.016816640111334002,1.4384128161434302
8320260327020005,久留米競輪,5R,17:24,3-7,3,7,67.9,0.03564525237004761,1.420312635926233
4520260328010009,豊橋競輪,9R,14:47,2-8,2,8,72.4,0.03342381736441575,1.4198843771837004
6120260326030003,玉野競輪,3R,16:48,3-5,3,5,110.2,0.021937510888250616,1.4175136998852178
4520260328010001,豊橋競輪,1R,11:13,2-6,2,6,85.1,0.028349362097886188,1.4125307145301145
6120260326030003,玉野競輪,3R,16:48,3-4,3,4,183.6,0.013104675737966658,1.4060184654906784
3620260326030007,小田原競輪,7R,14:27,6-7,6,7,68.9,0.03488571587658218,1.4036258238965122
3620260326030007,小田原競輪,7R,14:27,3-7,3,7,128.7,0.018657366065142976,1.4012030125839008
4520260328010003,豊橋競輪,3R,12:01,2-5,2,5,54.0,0.04442582616456664,1.3989946128865984
6120260326030008,玉野競輪,8R,18:54,3-7,3,7,30.2,0.07942591243057065,1.3986625554032335
2820260328010002,立川競輪,2R,11:29,2-5,2,5,56.1,0.04273414619093721,1.3973856013115777
4520260328010004,豊橋競輪,4R,12:27,3-8,3,8,83.3,0.028755568569081173,1.3953388618044618
4520260328010011,豊橋競輪,11R,15:54,7-8,7,8,443.4,0.005387913836728809,1.3890009952055538
4520260328010008,豊橋競輪,8R,14:17,2-5,2,5,78.1,0.030562588598571236,1.3869381695484133
3620260326030004,小田原競輪,4R,13:03,6-7,6,7,22.1,0.10786799156954124,1.3838826136868616
6120260326030011,玉野競輪,11R,20:16,2-5,2,5,49.6,0.04790202186567569,1.375940284537514
4520260328010012,豊橋競輪,12R,16:30,7-9,7,9,87.1,0.027274128690616524,1.375576608952699
4520260328010007,豊橋競輪,7R,13:48,5-6,5,6,189.8,0.012491264681519426,1.370842036552387
4520260328010003,豊橋競輪,3R,12:01,5-6,5,6,73.0,0.032460654028503774,1.3696277440807756
4520260328010005,豊橋競輪,5R,12:54,2-4,2,4,91.9,0.025762864156251935,1.367607215959553
2820260328010002,立川競輪,2R,11:29,4-5,4,5,160.3,0.014755412895807535,1.365292687197948
8320260327020010,久留米競輪,10R,19:34,2-3,2,3,50.9,0.04646082719738524,1.364856104346909
4520260328010002,豊橋競輪,2R,11:37,5-7,5,7,48.4,0.04885146555353835,1.3644109327912561
4520260328010004,豊橋競輪,4R,12:27,5-8,5,8,148.5,0.015892873085948167,1.3600916532633027
6120260326030007,玉野競輪,7R,18:28,3-6,3,6,66.3,0.03556379886258374,1.357879864589302
8320260327020009,久留米競輪,9R,19:07,6-7,6,7,91.8,0.02560384885073886,1.350433324497827
4520260328010006,豊橋競輪,6R,13:21,2-5,2,5,104.3,0.02253334952551745,1.35022835551147
4520260328010003,豊橋競輪,3R,12:01,4-6,4,6,156.8,0.01497468259134532,1.348030230322946
4520260328010010,豊橋競輪,10R,15:19,7-9,7,9,143.4,0.016333128988733528,1.3421706969843878
6120260326030011,玉野競輪,11R,20:16,3-5,3,5,37.2,0.06292311543800311,1.3407398942937157
4520260328010011,豊橋競輪,11R,15:54,1-8,1,8,82.8,0.02820995349833473,1.3357841496621154
2820260328010006,立川競輪,6R,13:12,4-5,4,5,48.7,0.04768229472012432,1.3221277528700548
4520260328010007,豊橋競輪,7R,13:48,3-5,3,5,194.2,0.011952755852241224,1.3212251865052456
8120260326030009,小倉競輪,9R,23:30,1-6,1,6,37.9,0.06113532131320349,1.3170286777704123
4520260328010009,豊橋競輪,9R,14:47,2-6,2,6,137.7,0.01680334800527372,1.3138210203261913
2820260328010003,立川競輪,3R,11:53,1-5,1,5,65.6,0.035130862143839016,1.3045845566358394
4520260328010002,豊橋競輪,2R,11:37,1-8,1,8,199.0,0.011553514590591063,1.2991494035276214
2820260328010010,立川競輪,10R,15:08,2-6,2,6,59.6,0.03848908059389583,1.2939492033961915
2820260328010002,立川競輪,2R,11:29,3-7,3,7,36.0,0.06347762902825116,1.2851946450170417
4520260328010007,豊橋競輪,7R,13:48,7-8,7,8,132.5,0.01718781032726718,1.2773848683629012
8320260327020008,久留米競輪,8R,18:41,1-6,1,6,95.2,0.023885516617448914,1.2739011819811368
4520260328010002,豊橋競輪,2R,11:37,5-9,5,9,126.4,0.01791353550130174,1.2642708873645403
8120260326030003,小倉競輪,3R,21:25,2-4,2,4,57.0,0.03952118280588732,1.252707419935577
6120260326030003,玉野競輪,3R,16:48,1-2,1,2,84.7,0.026543423016038403,1.2482279294584528
6120260326030005,玉野競輪,5R,17:36,2-6,2,6,92.2,0.02436763313345057,1.2466957749041425
4520260328010005,豊橋競輪,5R,12:54,1-7,1,7,48.1,0.04659103649170322,1.2410288552509252
3620260326030006,小田原競輪,6R,13:57,2-3,2,3,65.8,0.034050182759074815,1.2405020255471229
6120260326030001,玉野競輪,1R,16:00,4-6,4,6,174.0,0.012874043490786222,1.2400835673968027
3120260327020002,松戸競輪,2R,09:10,1-3,1,3,46.5,0.04816960821790037,1.2398867821323671
2820260328010011,立川競輪,11R,15:42,4-5,4,5,62.3,0.03594663736492921,1.2394755078350896
8120260326030008,小倉競輪,8R,23:08,5-7,5,7,111.0,0.020158151868658998,1.2375548574211486
4520260328010005,豊橋競輪,5R,12:54,4-8,4,8,168.8,0.01325151085396746,1.2368550321497076
3120260327020003,松戸競輪,3R,09:31,3-6,3,6,125.3,0.017843157636574448,1.2357476518627784
8320260327020004,久留米競輪,4R,17:00,3-4,3,4,37.6,0.05946095777617339,1.2357320123841196
4520260328010003,豊橋競輪,3R,12:01,3-8,3,8,200.9,0.011123341209184047,1.234679248925075
2820260328010009,立川競輪,9R,14:37,1-6,1,6,65.6,0.03405175632505869,1.23379521492385
3620260326030009,小田原競輪,9R,15:30,2-3,2,3,149.0,0.014990233012294733,1.233544718831915
2820260328010012,立川競輪,12R,16:18,1-6,1,6,104.7,0.02126175317223864,1.2261055571333856
8120260326030008,小倉競輪,8R,23:08,2-6,2,6,55.5,0.04010148515152612,1.2256324259096996
8120260326030001,小倉競輪,1R,20:45,3-5,3,5,37.5,0.059303003006512894,1.2238626127442336
4520260328010002,豊橋競輪,2R,11:37,3-5,3,5,50.0,0.04432444350809316,1.216222175404658
3120260327020002,松戸競輪,2R,09:10,3-6,3,6,43.8,0.0505925460254041,1.2159535159126995
6120260326030002,玉野競輪,2R,16:24,2-3,2,3,75.9,0.029134948404693394,1.2113425839162288
4520260328010006,豊橋競輪,6R,13:21,2-8,2,8,304.0,0.007251804264445737,1.2045484963915039
4520260328010007,豊橋競輪,7R,13:48,1-8,1,8,417.5,0.005256605868266038,1.194632950001071
2820260328010011,立川競輪,11R,15:42,1-6,1,6,99.0,0.022140658893570066,1.1919252304634367
3120260327020006,松戸競輪,6R,10:34,2-5,2,5,44.1,0.049700239934287474,1.1917805811020776
4520260328010003,豊橋競輪,3R,12:01,2-6,2,6,267.9,0.008173521453617962,1.1896863974242518
4520260328010004,豊橋競輪,4R,12:27,2-4,2,4,66.1,0.033114938337645033,1.1888974241183363
6120260326030010,玉野競輪,10R,19:48,2-6,2,6,35.4,0.06179688493228841,1.1876097266030095
4520260328010011,豊橋競輪,11R,15:54,2-5,2,5,99.6,0.021878589370371126,1.1791075012889642
3620260326030010,小田原競輪,10R,16:06,2-3,2,3,43.1,0.05045766159569745,1.1747252147745604
3620260326030001,小田原競輪,1R,11:45,6-7,6,7,157.6,0.01373477988700618,1.164601310192174
4520260328010010,豊橋競輪,10R,15:19,4-6,4,6,324.9,0.006657095076236307,1.162890190269176
8320260327020006,久留米競輪,6R,17:49,3-6,3,6,60.9,0.03549138906164981,1.161425593854473
6120260326030001,玉野競輪,1R,16:00,4-7,4,7,63.6,0.03390225668334664,1.1561835250608463
3620260326030008,小田原競輪,8R,14:57,1-2,1,2,113.7,0.018940739183558073,1.153562045170553
8320260327020004,久留米競輪,4R,17:00,3-5,3,5,51.3,0.04186751470214688,1.1478035042201347
4520260328010002,豊橋競輪,2R,11:37,4-9,4,9,133.6,0.016057844561526816,1.1453280334199825
2820260328010010,立川競輪,10R,15:08,4-7,4,7,58.5,0.03663384818427955,1.1430801187803534
2820260328010002,立川競輪,2R,11:29,1-4,1,4,59.8,0.03575998845470111,1.1384473095911263
2820260328010003,立川競輪,3R,11:53,6-7,6,7,99.9,0.021399138134870117,1.1377738996735247
2820260328010009,立川競輪,9R,14:37,1-2,1,2,59.3,0.03604325990642198,1.1373653124508234
4520260328010005,豊橋競輪,5R,12:54,3-8,3,8,149.2,0.014308755487564596,1.1348663187446375
3620260326030005,小田原競輪,5R,13:30,1-5,1,5,33.5,0.06355812828610183,1.1291972975844113
3620260326030005,小田原競輪,5R,13:30,5-6,5,6,63.0,0.03375073662007769,1.1262964070648942
8320260327020011,久留米競輪,11R,20:02,4-7,4,7,81.9,0.025939367833702834,1.1244342255802624
4520260328010002,豊橋競輪,2R,11:37,3-8,3,8,116.9,0.018109879223949618,1.1170448812797105
3120260327020002,松戸競輪,2R,09:10,6-7,6,7,64.3,0.032913282065863136,1.1163240368349996
6120260326030002,玉野競輪,2R,16:24,1-3,1,3,47.8,0.04427044686005138,1.1161273599104558
3620260326030003,小田原競輪,3R,12:36,1-2,1,2,69.5,0.030435073845476685,1.1152376322606297
3120260327020001,松戸競輪,1R,08:50,1-3,1,3,33.5,0.06307867842166202,1.1131357271256777
6120260326030002,玉野競輪,2R,16:24,3-4,3,4,19.4,0.10890008152261081,1.1126615815386498
3620260326030002,小田原競輪,2R,12:09,1-4,1,4,51.5,0.040971906485392055,1.110053183997691
8120260326030008,小倉競輪,8R,23:08,6-7,6,7,55.5,0.03794902512247041,1.106170894297108
4520260328010007,豊橋競輪,7R,13:48,4-8,4,8,122.8,0.01714080002066955,1.1048902425382208
3620260326030003,小田原競輪,3R,12:36,2-3,2,3,86.2,0.024398345512256923,1.1031373831565467
4520260328010003,豊橋競輪,3R,12:01,3-5,3,5,47.6,0.04417643007986019,1.1027980718013453
4520260328010005,豊橋競輪,5R,12:54,7-9,7,9,106.1,0.019805937478323814,1.1014099664501567
3620260326030007,小田原競輪,7R,14:27,1-4,1,4,60.3,0.03469247040871321,1.0919559656454068
3620260326030010,小田原競輪,10R,16:06,3-7,3,7,37.6,0.05558617697634319,1.0900402543105039
8320260327020007,久留米競輪,7R,18:15,1-6,1,6,40.4,0.05170586006908133,1.0889167467908858
4520260328010003,豊橋競輪,3R,12:01,1-6,1,6,146.1,0.014272071841611594,1.0851496960594536
6120260326030004,玉野競輪,4R,17:12,2-4,2,4,56.8,0.036689932290107904,1.0839881540781287
4520260328010009,豊橋競輪,9R,14:47,8-9,8,9,96.5,0.021480658568845377,1.0728835518935789
3620260326030004,小田原競輪,4R,13:03,3-4,3,4,64.5,0.03212598692182367,1.0721261564576268
4520260328010011,豊橋競輪,11R,15:54,2-7,2,7,280.5,0.007381148436552561,1.0704121364529935
4520260328010007,豊橋競輪,7R,13:48,6-7,6,7,69.0,0.029968467995884547,1.0678242917160339
3620260326030009,小田原競輪,9R,15:30,2-5,2,5,62.5,0.03306663996633526,1.0666649978959537
8320260327020010,久留米競輪,10R,19:34,4-6,4,6,114.5,0.01802732334503747,1.06412852300679
8320260327020006,久留米競輪,6R,17:49,3-5,3,5,54.1,0.038125643280233754,1.062597301460646
8320260327020002,久留米競輪,2R,16:12,4-5,4,5,75.4,0.02727956522510855,1.0568792179731847
2820260328010011,立川競輪,11R,15:42,5-7,5,7,50.0,0.04076790274168576,1.0383951370842883
8320260327020010,久留米競輪,10R,19:34,4-7,4,7,30.5,0.06673921419826895,1.0355460330472028
3620260326030004,小田原競輪,4R,13:03,4-6,4,6,37.4,0.05427706796941241,1.0299623420560242
4520260328010004,豊橋競輪,4R,12:27,3-9,3,9,34.9,0.05810011641055052,1.0276940627282132
3620260326030001,小田原競輪,1R,11:45,3-4,3,4,30.5,0.06623131868527846,1.0200552199009931
4520260328010010,豊橋競輪,10R,15:19,2-4,2,4,57.8,0.03487576798283007,1.0158193894075778
8320260327020003,久留米競輪,3R,16:36,1-2,1,2,29.8,0.06761951429195132,1.0150615259001494
3120260327020007,松戸競輪,7R,10:55,2-4,2,4,33.1,0.06086479586383303,1.0146247430928734
4520260328010004,豊橋競輪,4R,12:27,7-9,7,9,71.7,0.02809787563585256,1.0146176830906284
4520260328010003,豊橋競輪,3R,12:01,3-6,3,6,221.7,0.009073238518239168,1.0115369794936235
3120260327020002,松戸競輪,2R,09:10,5-7,5,7,35.3,0.05697653278081347,1.0112716071627155
6120260326030010,玉野競輪,10R,19:48,3-5,3,5,79.6,0.02524790964064735,1.0097336073955288
2820260328010001,立川競輪,1R,11:05,3-6,3,6,194.8,0.010315120139371662,1.0093854031496
2820260328010001,立川競輪,1R,11:05,1-7,1,7,62.8,0.031879886150305764,1.0020568502392018
2820260328010009,立川競輪,9R,14:37,4-7,4,7,71.0,0.028172046428727,1.0002152964396172
4520260328010010,豊橋競輪,10R,15:19,2-9,2,9,84.9,0.023523219041093734,0.9971212965888581
4520260328010003,豊橋競輪,3R,12:01,2-3,2,3,194.8,0.01024208246942003,0.995157665043022
8320260327020007,久留米競輪,7R,18:15,2-6,2,6,34.2,0.05824499276966749,0.9919787527226285
3120260327020003,松戸競輪,3R,09:31,4-6,4,6,42.9,0.046397559170690675,0.9904552884226299
6120260326030008,玉野競輪,8R,18:54,2-6,2,6,30.2,0.06566765655342613,0.983163227913469
2820260328010012,立川競輪,12R,16:18,4-6,4,6,48.6,0.04053484696807529,0.9699935626484593
2820260328010002,立川競輪,2R,11:29,6-7,6,7,30.2,0.06520929416203283,0.9693206836933914
2820260328010008,立川競輪,8R,14:07,3-5,3,5,42.3,0.046420214677346035,0.9635750808517372
6120260326030009,玉野競輪,9R,19:20,2-5,2,5,35.5,0.0552806837213702,0.962464272108642
8320260327020009,久留米競輪,9R,19:07,1-5,1,5,52.5,0.03731462003635752,0.9590175519087698
8320260327020007,久留米競輪,7R,18:15,4-5,4,5,34.2,0.05721272842900908,0.9566753122721108
4520260328010002,豊橋競輪,2R,11:37,2-5,2,5,63.6,0.03075764681254447,0.9561863372778283
2820260328010003,立川競輪,3R,11:53,1-6,1,6,270.4,0.007221846683747046,0.952787343285201
4520260328010006,豊橋競輪,6R,13:21,2-6,2,6,168.9,0.011543130951567077,0.9496348177196794
3620260326030007,小田原競輪,7R,14:27,2-3,2,3,43.4,0.044790792071640176,0.9439203759091837
2820260328010001,立川競輪,1R,11:05,3-5,3,5,38.5,0.05043550591750823,0.9417669778240667
3120260327020006,松戸競輪,6R,10:34,1-6,1,6,31.7,0.061134154928939345,0.9379527112473771
4520260328010009,豊橋競輪,9R,14:47,6-8,6,8,513.4,0.003769194457256018,0.9351044343552395
6120260326030004,玉野競輪,4R,17:12,4-5,4,5,37.8,0.05118549880887954,0.9348118549756466
3620260326030005,小田原競輪,5R,13:30,1-6,1,6,54.3,0.03560284100466372,0.9332342665532398
4520260328010003,豊橋競輪,3R,12:01,6-7,6,7,98.9,0.01954602556369668,0.9331019282496018
3620260326030001,小田原競輪,1R,11:45,5-6,5,6,38.4,0.050321298270071264,0.9323378535707365
8320260327020003,久留米競輪,3R,16:36,4-6,4,6,97.9,0.01961743873789834,0.9205472524402476
6120260326030009,玉野競輪,9R,19:20,1-7,1,7,35.5,0.05404334643978506,0.9185387986123696
4520260328010004,豊橋競輪,4R,12:27,6-7,6,7,262.9,0.007296736543329231,0.9183120372412548
4520260328010011,豊橋競輪,11R,15:54,1-3,1,3,32.7,0.05857686749903526,0.9154635672184532
4520260328010006,豊橋競輪,6R,13:21,3-9,3,9,42.2,0.045234333121874956,0.9088888577431233
8320260327020012,久留米競輪,12R,20:30,3-4,3,4,21.5,0.0887770618167257,0.9087068290596028
6120260326030007,玉野競輪,7R,18:28,2-6,2,6,33.1,0.05757981665752501,0.9058919313640781
2820260328010011,立川競輪,11R,15:42,2-5,2,5,33.7,0.056504174563716224,0.9041906827972368
4520260328010008,豊橋競輪,8R,14:17,8-9,8,9,187.1,0.010171523870974888,0.9030921162594014
4520260328010001,豊橋競輪,1R,11:13,3-4,3,4,100.4,0.018940687012044457,0.9016449760092635
4520260328010007,豊橋競輪,7R,13:48,1-5,1,5,128.4,0.014777700804014353,0.897456783235443
4520260328010003,豊橋競輪,3R,12:01,6-8,6,8,221.7,0.008554434539820095,0.8965181374781148
4520260328010003,豊橋競輪,3R,12:01,8-9,8,9,85.7,0.022116306918101472,0.8953675028812962
4520260328010002,豊橋競輪,2R,11:37,8-9,8,9,267.2,0.007089537722429519,0.8943244794331673
6120260326030005,玉野競輪,5R,17:36,3-6,3,6,36.9,0.05129375833038532,0.8927396823912181
2820260328010002,立川競輪,2R,11:29,5-7,5,7,45.8,0.04129130211519165,0.8911416368757774
3120260327020003,松戸競輪,3R,09:31,2-3,2,3,155.9,0.01212996820765427,0.8910620435733008
6120260326030003,玉野競輪,3R,16:48,4-5,4,5,49.5,0.0381582243635713,0.8888321059967794
6120260326030002,玉野競輪,2R,16:24,1-5,1,5,25.6,0.0737371890279893,0.8876720391165263
8320260327020005,久留米競輪,5R,17:24,1-5,1,5,74.3,0.02539962529704161,0.8871921595701915
4520260328010012,豊橋競輪,12R,16:30,6-8,6,8,223.4,0.00844547301260203,0.8867186710152937
8120260326030003,小倉競輪,3R,21:25,2-5,2,5,57.0,0.03294687007108419,0.8779715940517989
8120260326030001,小倉競輪,1R,20:45,1-5,1,5,37.5,0.05000993826638872,0.8753726849895771
8320260327020007,久留米競輪,7R,18:15,2-7,2,7,52.3,0.035777105441104746,0.871142614569778
4520260328010009,豊橋競輪,9R,14:47,1-3,1,3,47.4,0.039392752100394085,0.8672164495586796
4520260328010008,豊橋競輪,8R,14:17,5-7,5,7,48.1,0.03881816602569098,0.8671537858357361
3620260326030009,小田原競輪,9R,15:30,1-3,1,3,46.9,0.03980510690992111,0.8668595140752999
3620260326030007,小田原競輪,7R,14:27,1-7,1,7,46.5,0.04007993077550129,0.86371678106081
4520260328010009,豊橋競輪,9R,14:47,3-8,3,8,109.6,0.017000915889556323,0.8633003814953728
8320260327020009,久留米競輪,9R,19:07,5-6,5,6,61.2,0.030401718630568002,0.8605851801907618
8320260327020005,久留米競輪,5R,17:24,4-7,4,7,24.7,0.07530583742584415,0.8600541844183505
4520260328010001,豊橋競輪,1R,11:13,1-5,1,5,43.8,0.042446516467651914,0.8591574212831536
4520260328010011,豊橋競輪,11R,15:54,1-2,1,2,48.0,0.0386889638833887,0.8570702664026577
6120260326030011,玉野競輪,11R,20:16,1-5,1,5,33.8,0.054859521678413056,0.8542518327303612
6120260326030005,玉野競輪,5R,17:36,1-4,1,4,26.3,0.07047123886358171,0.853393582112199
4520260328010005,豊橋競輪,5R,12:54,2-3,2,3,73.5,0.025212803180127044,0.8531410337393377
3120260327020003,松戸競輪,3R,09:31,1-2,1,2,43.2,0.042896032664585734,0.8531086111101038
4520260328010006,豊橋競輪,6R,13:21,1-9,1,9,54.0,0.03426544687409825,0.8503341312013055
2820260328010009,立川競輪,9R,14:37,2-7,2,7,117.0,0.01579748778680371,0.8483060710560342
2820260328010012,立川競輪,12R,16:18,3-6,3,6,162.6,0.011336351017364844,0.8432906754235234
4520260328010010,豊橋競輪,10R,15:19,1-4,1,4,37.5,0.04915377810754259,0.8432666790328471
4520260328010003,豊橋競輪,3R,12:01,2-9,2,9,75.6,0.024352755796259735,0.8410683381972359
2820260328010009,立川競輪,9R,14:37,6-7,6,7,131.2,0.014022342999681171,0.8397314015581696
4520260328010011,豊橋競輪,11R,15:54,7-9,7,9,69.0,0.026611203334450974,0.8361730300771173
8120260326030009,小倉競輪,9R,23:30,1-3,1,3,37.9,0.04842573891341777,0.8353355048185334
8120260326030005,小倉競輪,5R,22:05,1-6,1,6,20.2,0.09077696256179923,0.8336946437483446
3120260327020005,松戸競輪,5R,10:13,2-3,2,3,57.4,0.031940742080294314,0.8333985954088936
2820260328010009,立川競輪,9R,14:37,2-4,2,4,42.4,0.04318816170972177,0.8311780564922029
6120260326030011,玉野競輪,11R,20:16,2-6,2,6,43.7,0.041715461818569735,0.8229656814714976
6120260326030007,玉野競輪,7R,18:28,1-4,1,4,33.1,0.05498013698057469,0.8198425340570223
4520260328010006,豊橋競輪,6R,13:21,2-4,2,4,102.3,0.01777295979426074,0.8181737869528736
3120260327020004,松戸競輪,4R,09:52,5-7,5,7,39.9,0.045543860171781116,0.8172000208540664
3620260326030001,小田原競輪,1R,11:45,2-5,2,5,25.3,0.07176743802100022,0.8157161819313057
8320260327020005,久留米競輪,5R,17:24,3-5,3,5,71.0,0.025564287090421745,0.8150643834199438
2820260328010002,立川競輪,2R,11:29,2-4,2,4,33.8,0.05355363844411884,0.8101129794112165
2820260328010001,立川競輪,1R,11:05,3-4,3,4,35.4,0.05113253480249896,0.8100917320084633
4520260328010012,豊橋競輪,12R,16:30,2-4,2,4,176.7,0.010231930109959144,0.8079820504297808
4520260328010007,豊橋競輪,7R,13:48,5-8,5,8,253.0,0.007144431316102227,0.8075411229738636
2820260328010007,立川競輪,7R,13:39,2-4,2,4,51.2,0.0353033973193493,0.807533942750684
8320260327020006,久留米競輪,6R,17:49,2-3,2,3,44.3,0.04076443651832203,0.805864537761666
6120260326030008,玉野競輪,8R,18:54,5-7,5,7,30.2,0.059631699121025214,0.8008773134549614
8320260327020010,久留米競輪,10R,19:34,3-7,3,7,25.4,0.07079221029539573,0.7981221415030515
8320260327020005,久留米競輪,5R,17:24,5-6,5,6,156.2,0.01150020821579047,0.7963325233064713
4520260328010001,豊橋競輪,1R,11:13,1-6,1,6,113.1,0.01586174610695028,0.7939634846960768
8320260327020002,久留米競輪,2R,16:12,1-5,1,5,32.7,0.05478394835221541,0.791435111117444
6120260326030008,玉野競輪,8R,18:54,3-6,3,6,45.3,0.03949582556130722,0.7891608979272171
8120260326030008,小倉競輪,8R,23:08,2-7,2,7,55.5,0.0322016793084658,0.7871932016198517
8320260327020003,久留米競輪,3R,16:36,3-7,3,7,28.2,0.06303794549928547,0.7776700630798503
8120260326030009,小倉競輪,9R,23:30,3-4,3,4,94.8,0.018731131273770893,0.7757112447534806
4520260328010010,豊橋競輪,10R,15:19,5-7,5,7,34.5,0.0513812775085464,0.7726540740448509
3120260327020001,松戸競輪,1R,08:50,2-4,2,4,26.1,0.06784203042764592,0.7706769941615585
8320260327020001,久留米競輪,1R,15:48,2-7,2,7,88.8,0.01993718007443568,0.7704215906098881
4520260328010007,豊橋競輪,7R,13:48,3-7,3,7,57.5,0.030784350918422597,0.7701001778092993
4520260328010012,豊橋競輪,12R,16:30,2-7,2,7,102.3,0.017302134818552257,0.7700083919378959
2820260328010006,立川競輪,6R,13:12,6-7,6,7,29.9,0.05915632271346713,0.7687740491326671
4520260328010006,豊橋競輪,6R,13:21,3-8,3,8,95.0,0.018606596335024532,0.7676266518273305
4520260328010003,豊橋競輪,3R,12:01,2-8,2,8,173.7,0.010154283022665595,0.7637989610370137
3620260326030008,小田原競輪,8R,14:57,6-7,6,7,30.0,0.05870706773658539,0.7612120320975617
4520260328010009,豊橋競輪,9R,14:47,5-7,5,7,90.3,0.01947588700801653,0.7586725968238925
3620260326030006,小田原競輪,6R,13:57,1-4,1,4,25.7,0.0684211066757881,0.7584224415677541
8120260326030003,小倉競輪,3R,21:25,3-4,3,4,57.0,0.030823856856858168,0.7569598408409155
2820260328010003,立川競輪,3R,11:53,5-7,5,7,17.5,0.10038846170491073,0.7567980798359377
3620260326030006,小田原競輪,6R,13:57,5-6,5,6,131.7,0.013336635716181485,0.7564349238211014
4520260328010009,豊橋競輪,9R,14:47,5-8,5,8,168.5,0.010400904380673814,0.7525523881435376
3120260327020002,松戸競輪,2R,09:10,1-2,1,2,28.8,0.06063309482607204,0.746233130990875
3620260326030001,小田原競輪,1R,11:45,4-5,4,5,19.7,0.08857454579197496,0.7449185521019066
3620260326030008,小田原競輪,8R,14:57,3-4,3,4,56.0,0.03109441365813912,0.7412871648557908
6120260326030001,玉野競輪,1R,16:00,1-3,1,3,16.7,0.10414640305214766,0.7392449309708657
2820260328010010,立川競輪,10R,15:08,2-4,2,4,34.8,0.04973523020632206,0.7307860111800075
4520260328010010,豊橋競輪,10R,15:19,7-8,7,8,169.9,0.010182368192861887,0.7299843559672345
8120260326030004,小倉競輪,4R,21:45,1-5,1,5,19.5,0.08850991114271489,0.7259432672829405
4520260328010003,豊橋競輪,3R,12:01,1-3,1,3,90.5,0.01905527741443771,0.7245026060066126
3620260326030009,小田原競輪,9R,15:30,2-7,2,7,29.8,0.057708935093835456,0.7197262657962966
2820260328010008,立川競輪,8R,14:07,1-2,1,2,60.0,0.028337127077070725,0.7002276246242436
8320260327020004,久留米競輪,4R,17:00,2-3,2,3,36.6,0.046442466404292865,0.699794270397119
6120260326030007,玉野競輪,7R,18:28,5-7,5,7,44.2,0.03837358548382047,0.6961124783848649
8320260327020011,久留米競輪,11R,20:02,3-6,3,6,38.2,0.04437403058350794,0.6950879682900033
6120260326030009,玉野競輪,9R,19:20,1-3,1,3,20.6,0.08222643589116695,0.6938645793580391
4520260328010003,豊橋競輪,3R,12:01,1-2,1,2,91.8,0.018430808485590533,0.6919482189772108
4520260328010002,豊橋競輪,2R,11:37,1-5,1,5,61.9,0.02731492819925587,0.6907940555339385
8120260326030008,小倉競輪,8R,23:08,1-6,1,6,18.5,0.09122541664388939,0.6876702079119537
6120260326030010,玉野競輪,10R,19:48,2-4,2,4,31.8,0.05301870665280366,0.6859948715591564
4520260328010003,豊橋競輪,3R,12:01,1-4,1,4,64.2,0.026257730145900708,0.6857462753668255
2820260328010012,立川競輪,12R,16:18,1-4,1,4,25.8,0.06529647114802536,0.6846489556190545
4520260328010007,豊橋競輪,7R,13:48,1-3,1,3,198.8,0.008467208971366751,0.6832811435077102
2820260328010012,立川競輪,12R,16:18,1-7,1,7,39.1,0.04302035828440838,0.6820960089203678
4520260328010005,豊橋競輪,5R,12:54,6-9,6,9,271.0,0.006206547687926681,0.6819744234281304
4520260328010005,豊橋競輪,5R,12:54,2-5,2,5,32.1,0.052371462270766306,0.6811239388915984
2820260328010010,立川競輪,10R,15:08,1-4,1,4,66.7,0.025201833518394973,0.6809622956769448
3620260326030002,小田原競輪,2R,12:09,1-6,1,6,20.3,0.0827429637960263,0.6796821650593341
3120260327020001,松戸競輪,1R,08:50,2-5,2,5,16.5,0.10175435894193902,0.6789469225419937
4520260328010012,豊橋競輪,12R,16:30,2-8,2,8,191.9,0.00872309786131812,0.6739624795869472
4520260328010012,豊橋競輪,12R,16:30,4-5,4,5,85.9,0.019478261239654838,0.6731826404863506
8320260327020011,久留米競輪,11R,20:02,1-4,1,4,23.9,0.06933407147953347,0.6570843083608497
3120260327020004,松戸競輪,4R,09:52,2-4,2,4,31.5,0.05231722665202553,0.6479926395388043
8120260326030007,小倉競輪,7R,22:46,1-7,1,7,13.5,0.12174735463765046,0.6435892876082812
8320260327020001,久留米競輪,1R,15:48,4-7,4,7,34.4,0.047772422389934475,0.6433713302137458
4520260328010001,豊橋競輪,1R,11:13,4-6,4,6,207.9,0.007895142222172047,0.6414000679895686
6120260326030006,玉野競輪,6R,18:02,5-7,5,7,25.5,0.06391413265505064,0.6298103827037913
4520260328010009,豊橋競輪,9R,14:47,1-2,1,2,23.1,0.0705100457306941,0.6287820563790336
4520260328010010,豊橋競輪,10R,15:19,3-6,3,6,200.8,0.00809765040053654,0.6260082004277372
2820260328010008,立川競輪,8R,14:07,1-4,1,4,48.5,0.033504999510713285,0.6249924762695942
6120260326030001,玉野競輪,1R,16:00,1-2,1,2,130.5,0.012427538135394729,0.6217937266690121
6120260326030010,玉野競輪,10R,19:48,6-7,6,7,35.4,0.04576558280593396,0.620101631330062
4520260328010004,豊橋競輪,4R,12:27,1-8,1,8,119.2,0.013570957840085733,0.6176581745382195
3620260326030002,小田原競輪,2R,12:09,5-6,5,6,11.7,0.13826123745600793,0.6176564782352927
3620260326030007,小田原競輪,7R,14:27,2-7,2,7,24.2,0.0668060157171691,0.6167055803554922
4520260328010005,豊橋競輪,5R,12:54,2-9,2,9,83.7,0.01929738035440253,0.6151907356634918
4520260328010004,豊橋競輪,4R,12:27,5-6,5,6,176.7,0.009127967965326807,0.6129119394732467
6120260326030009,玉野競輪,9R,19:20,3-6,3,6,32.6,0.04947200626826238,0.6127874043453538
4520260328010012,豊橋競輪,12R,16:30,1-6,1,6,66.2,0.024334614825161242,0.6109515014256743
3120260327020003,松戸競輪,3R,09:31,3-5,3,5,38.2,0.04215096055255385,0.6101666931075573
3620260326030008,小田原競輪,8R,14:57,4-6,4,6,75.8,0.02120319151157116,0.6072019165770939
8320260327020010,久留米競輪,10R,19:34,3-6,3,6,76.3,0.021038815418443494,0.6052616164272386
6120260326030005,玉野競輪,5R,17:36,1-6,1,6,20.5,0.07807920067515624,0.6006236138407028
2820260328010009,立川競輪,9R,14:37,1-7,1,7,69.8,0.022928603447591782,0.6004165206419063
4520260328010005,豊橋競輪,5R,12:54,6-8,6,8,343.3,0.0046616213925488766,0.6003346240620293
2820260328010012,立川競輪,12R,16:18,3-4,3,4,36.5,0.04368646211490593,0.5945558671940663
6120260326030001,玉野競輪,1R,16:00,2-3,2,3,72.5,0.021942792797342663,0.5908524778073432
4520260328010005,豊橋競輪,5R,12:54,5-8,5,8,48.1,0.03299415724603722,0.5870189635343903
8320260327020005,久留米競輪,5R,17:24,2-3,2,3,29.4,0.053850733756188235,0.583211572431934
6120260326030003,玉野競輪,3R,16:48,2-3,2,3,339.1,0.004646222988620047,0.5755342154410581
4520260328010012,豊橋競輪,12R,16:30,1-5,1,5,33.1,0.04752302906559851,0.5730122620713107
3120260327020001,松戸競輪,1R,08:50,1-2,1,2,27.9,0.056242186337822804,0.569156998825256
8320260327020007,久留米競輪,7R,18:15,3-4,3,4,24.0,0.06531690418483406,0.5676057004360175
6120260326030001,玉野競輪,1R,16:00,6-7,6,7,68.7,0.022805649737908572,0.566748136994319
4520260328010006,豊橋競輪,6R,13:21,7-9,7,9,38.2,0.041012717847737204,0.5666858217835613
8320260327020009,久留米競輪,9R,19:07,3-5,3,5,73.5,0.02127902207734795,0.5640081226850742
8320260327020003,久留米競輪,3R,16:36,5-6,5,6,53.1,0.029450384043444536,0.563815392706905
4520260328010005,豊橋競輪,5R,12:54,1-6,1,6,104.0,0.015007394745740091,0.5607690535569696
3620260326030008,小田原競輪,8R,14:57,5-7,5,7,14.0,0.11139563381296386,0.5595388733814941
6120260326030004,玉野競輪,4R,17:12,2-5,2,5,31.7,0.049171221376833246,0.5587277176456138
4520260328010012,豊橋競輪,12R,16:30,5-8,5,8,99.8,0.015591765575861151,0.5560582044709428
2820260328010012,立川競輪,12R,16:18,4-7,4,7,19.6,0.07937888228516116,0.5558260927891587
3620260326030001,小田原競輪,1R,11:45,2-3,2,3,29.6,0.052528242793742665,0.554835986694783
4520260328010012,豊橋競輪,12R,16:30,4-8,4,8,175.5,0.008847139492904041,0.5526729810046591
3620260326030010,小田原競輪,10R,16:06,4-6,4,6,23.8,0.0651655589320834,0.5509403025835848
3120260327020003,松戸競輪,3R,09:31,2-4,2,4,45.0,0.034425705422049556,0.54915674399223
8320260327020010,久留米競輪,10R,19:34,1-3,1,3,41.6,0.037211862566639164,0.5480134827721892
3620260326030006,小田原競輪,6R,13:57,1-2,1,2,77.1,0.020077515591581538,0.5479764521109365
4520260328010007,豊橋競輪,7R,13:48,1-7,1,7,46.3,0.03343098227889128,0.5478544795126663
3620260326030008,小田原競輪,8R,14:57,2-5,2,5,21.0,0.07369082433710132,0.5475073110791278
8320260327020009,久留米競輪,9R,19:07,2-6,2,6,30.6,0.05046999473689366,0.5443818389489461
3620260326030010,小田原競輪,10R,16:06,4-5,4,5,20.0,0.0771222666926715,0.5424453338534301
8120260326030008,小倉競輪,8R,23:08,5-6,5,6,55.5,0.027748180369029162,0.5400240104811185
4520260328010011,豊橋競輪,11R,15:54,2-6,2,6,99.6,0.015413803237746802,0.5352148024795813
4520260328010004,豊橋競輪,4R,12:27,2-8,2,8,76.5,0.020038156986884974,0.5329190094967005
4520260328010008,豊橋競輪,8R,14:17,2-7,2,7,32.0,0.047721535077016736,0.5270891224645355
8320260327020006,久留米競輪,6R,17:49,1-5,1,5,18.0,0.08478844128122245,0.5261919430620041
8320260327020001,久留米競輪,1R,15:48,3-6,3,6,22.8,0.06672224540950206,0.521267195336647
4520260328010009,豊橋競輪,9R,14:47,1-9,1,9,30.6,0.049564064547986036,0.5166603751683727
8120260326030008,小倉競輪,8R,23:08,2-3,2,3,111.0,0.013638083044500048,0.5138272179395054
3620260326030008,小田原競輪,8R,14:57,5-6,5,6,26.1,0.057903127992551595,0.5112716406055968
4520260328010003,豊橋競輪,3R,12:01,4-5,4,5,28.0,0.05390959462566601,0.5094686495186482
8120260326030003,小倉競輪,3R,21:25,1-2,1,2,19.0,0.07929785233333522,0.5066591943333691
4520260328010012,豊橋競輪,12R,16:30,1-2,1,2,54.3,0.027608297945834803,0.4991305784588298
8120260326030005,小倉競輪,5R,22:05,2-6,2,6,20.2,0.07395750812363956,0.49394166409751916
6120260326030010,玉野競輪,10R,19:48,2-5,2,5,26.5,0.056147215385655036,0.48790120771985857
8120260326030003,小倉競輪,3R,21:25,1-3,1,3,19.0,0.0782265481503189,0.48630441485605913
8320260327020004,久留米競輪,4R,17:00,1-3,1,3,50.4,0.0294482498629675,0.484191793093562
4520260328010001,豊橋競輪,1R,11:13,2-4,2,4,29.2,0.0508115498411537,0.48369725536168806
3620260326030009,小田原競輪,9R,15:30,3-5,3,5,46.0,0.03225393007222036,0.4836807833221366
4520260328010005,豊橋競輪,5R,12:54,1-8,1,8,55.6,0.026672126729040437,0.48297024613464834
8320260327020001,久留米競輪,1R,15:48,1-5,1,5,51.3,0.028900924956147135,0.48261745025034797
6120260326030006,玉野競輪,6R,18:02,2-6,2,6,127.5,0.011561997739888225,0.47415471183574853
4520260328010005,豊橋競輪,5R,12:54,3-4,3,4,65.1,0.022613417354793344,0.4721334697970465
8120260326030007,小倉競輪,7R,22:46,1-5,1,5,13.5,0.10887382820394143,0.46979668075320924
4520260328010010,豊橋競輪,10R,15:19,3-4,3,4,52.3,0.02809531279284646,0.4693848590658698
8320260327020008,久留米競輪,8R,18:41,1-3,1,3,20.4,0.07201438988876456,0.469093553730797
3120260327020002,松戸競輪,2R,09:10,1-7,1,7,45.3,0.032425229115558604,0.4688628789348046
3620260326030004,小田原競輪,4R,13:03,4-7,4,7,14.6,0.10048199306508566,0.46703709875025057
2820260328010012,立川競輪,12R,16:18,5-6,5,6,31.7,0.046259763060560066,0.46643448901975404
2820260328010003,立川競輪,3R,11:53,4-7,4,7,23.2,0.06320738645018116,0.4664113656442028
3120260327020002,松戸競輪,2R,09:10,3-5,3,5,19.2,0.07610979727311033,0.46130810764371843
3620260326030006,小田原競輪,6R,13:57,4-5,4,5,31.6,0.04618382288555827,0.4594088031836414
3620260326030009,小田原競輪,9R,15:30,1-5,1,5,29.6,0.04928428086034059,0.4588147134660816
8320260327020008,久留米競輪,8R,18:41,1-7,1,7,40.8,0.03573320945950701,0.45791494594788595
3620260326030002,小田原競輪,2R,12:09,1-7,1,7,128.9,0.01127802210089254,0.4537370488050485
8320260327020009,久留米競輪,9R,19:07,5-7,5,7,52.5,0.02766507007043057,0.4524161786976051
8320260327020008,久留米競輪,8R,18:41,3-6,3,6,20.4,0.07094293238174877,0.44723582058767475
2820260328010012,立川競輪,12R,16:18,1-3,1,3,63.0,0.02292932559729063,0.4445475126293097
8320260327020006,久留米競輪,6R,17:49,4-5,4,5,19.5,0.07402965915356033,0.4435783534944264
8320260327020011,久留米競輪,11R,20:02,2-3,2,3,114.7,0.012583882631737285,0.4433713378602666
8320260327020001,久留米競輪,1R,15:48,4-5,4,5,20.6,0.0699154257568795,0.4402577705917179
6120260326030007,玉野競輪,7R,18:28,1-3,1,3,33.1,0.04349716961112876,0.439756314128362
6120260326030006,玉野競輪,6R,18:02,1-2,1,2,63.7,0.022590405112482753,0.43900880566515155
3620260326030004,小田原競輪,4R,13:03,2-5,2,5,94.8,0.015171142625091151,0.43822432085864116
3120260327020005,松戸競輪,5R,10:13,1-7,1,7,37.2,0.038651661915386305,0.43784182325237064
3120260327020004,松戸競輪,4R,09:52,4-7,4,7,18.9,0.07571056678519436,0.4309297122401734
4520260328010008,豊橋競輪,8R,14:17,5-8,5,8,157.4,0.009074101668321358,0.4282636025937818
3620260326030008,小田原競輪,8R,14:57,1-4,1,4,182.0,0.007846436775659273,0.4280514931699877
6120260326030008,玉野競輪,8R,18:54,1-6,1,6,90.7,0.015737956406765997,0.4274326460936759
8120260326030004,小倉競輪,4R,21:45,1-7,1,7,19.5,0.07318211253470144,0.42705119442667816
3620260326030005,小田原競輪,5R,13:30,2-6,2,6,35.7,0.039962717119148464,0.4266690011536003
4520260328010005,豊橋競輪,5R,12:54,8-9,8,9,127.1,0.011183173191822372,0.4213813126806234
4520260328010010,豊橋競輪,10R,15:19,5-9,5,9,44.1,0.03220287125996644,0.42014662256452007
8320260327020012,久留米競輪,12R,20:30,5-7,5,7,59.7,0.023771526549119532,0.4191601349824361
8320260327020008,久留米競輪,8R,18:41,6-7,6,7,40.8,0.03468883172946839,0.4153043345623102
8120260326030003,小倉競輪,3R,21:25,3-5,3,5,57.0,0.024801624578343194,0.41369260096556215
3620260326030003,小田原競輪,3R,12:36,2-4,2,4,48.1,0.02938830226746334,0.41357733906498684
8120260326030006,小倉競輪,6R,22:25,1-7,1,7,17.2,0.08213467841087939,0.4127164686671254
4520260328010012,豊橋競輪,12R,16:30,8-9,8,9,103.2,0.01367455694639781,0.41121427686825407
3620260326030002,小田原競輪,2R,12:09,1-5,1,5,14.1,0.10006339055819943,0.41089380687061205
8320260327020012,久留米競輪,12R,20:30,3-5,3,5,38.4,0.036712548284184514,0.4097618541126853
2820260328010010,立川競輪,10R,15:08,1-2,1,2,26.5,0.05318732975260425,0.4094642384440126
6120260326030004,玉野競輪,4R,17:12,1-4,1,4,37.8,0.03718772781264733,0.4056961113180688
8320260327020007,久留米競輪,7R,18:15,1-2,1,2,40.4,0.034750117499181624,0.40390474696693746
8320260327020012,久留米競輪,12R,20:30,2-7,2,7,24.4,0.05749977855652885,0.4029945967793038
3120260327020005,松戸競輪,5R,10:13,4-7,4,7,19.5,0.07165174592502736,0.3972090455380335
4520260328010010,豊橋競輪,10R,15:19,6-8,6,8,581.4,0.0024021337350716245,0.3966005535706425
4520260328010009,豊橋競輪,9R,14:47,2-5,2,5,27.5,0.050614966764741066,0.39191158603037923
8320260327020011,久留米競輪,11R,20:02,1-3,1,3,10.8,0.12866973727641443,0.3896331625852758
8120260326030006,小倉競輪,6R,22:25,1-4,1,4,17.2,0.08074233720729816,0.38876819996552836
6120260326030009,玉野競輪,9R,19:20,2-7,2,7,20.6,0.0673122889091854,0.3866331515292194
3620260326030007,小田原競輪,7R,14:27,1-3,1,3,55.1,0.02509489417263571,0.3827286689122278
4520260328010004,豊橋競輪,4R,12:27,7-8,7,8,109.0,0.012668074672893099,0.38082013934534764
2820260328010001,立川競輪,1R,11:05,4-6,4,6,25.3,0.05444168897437224,0.37737473105161756
2820260328010003,立川競輪,3R,11:53,2-4,2,4,30.6,0.044840356512580275,0.3721149092849565
8320260327020005,久留米競輪,5R,17:24,3-4,3,4,19.2,0.0714448267991053,0.3717406745428218
8320260327020005,久留米競輪,5R,17:24,1-4,1,4,16.9,0.08112503717257216,0.3710131282164695
4520260328010012,豊橋競輪,12R,16:30,2-9,2,9,93.0,0.014706846318932505,0.367736707660723
6120260326030007,玉野競輪,7R,18:28,3-4,3,4,33.1,0.04125212946693609,0.36544548535558463
6120260326030010,玉野競輪,10R,19:48,4-7,4,7,35.4,0.038471935237834196,0.3619065074193304
6120260326030004,玉野競輪,4R,17:12,3-5,3,5,30.8,0.04421538222339383,0.36183377248053006
3620260326030002,小田原競輪,2R,12:09,1-2,1,2,44.2,0.030800879936229514,0.36139889318134455
2820260328010006,立川競輪,6R,13:12,2-7,2,7,28.5,0.04771936950308451,0.3600020308379086
8320260327020003,久留米競輪,3R,16:36,4-7,4,7,32.6,0.041715325496108235,0.35991961117312843
2820260328010005,立川競輪,5R,12:45,1-7,1,7,26.1,0.052043897558039606,0.35834572626483374
2820260328010009,立川競輪,9R,14:37,3-7,3,7,51.5,0.026340294283504397,0.3565251556004765
2820260328010001,立川競輪,1R,11:05,3-7,3,7,118.0,0.011493921716610185,0.3562827625600018
3620260326030010,小田原競輪,10R,16:06,6-7,6,7,30.8,0.04398889779106384,0.35485805196476616
8120260326030003,小倉競輪,3R,21:25,2-3,2,3,57.0,0.023738147598941193,0.35307441313964794
8320260327020005,久留米競輪,5R,17:24,5-7,5,7,55.7,0.02425593375220899,0.3510555099980408
4520260328010005,豊橋競輪,5R,12:54,1-2,1,2,30.7,0.04394474849388273,0.3491037787621998
8320260327020003,久留米競輪,3R,16:36,1-5,1,5,34.0,0.039605960666339965,0.3466026626555587
3620260326030008,小田原競輪,8R,14:57,2-6,2,6,37.1,0.03626620010523497,0.3454760239042176
8320260327020002,久留米競輪,2R,16:12,5-7,5,7,15.9,0.08429473032210033,0.3402862121213952
4520260328010007,豊橋競輪,7R,13:48,6-8,6,8,321.2,0.0041614036086084025,0.3366428390850189
3620260326030002,小田原競輪,2R,12:09,2-4,2,4,93.7,0.014245376908110553,0.3347918162899588
4520260328010004,豊橋競輪,4R,12:27,3-5,3,5,22.3,0.059830969287760785,0.33423061511706553
3120260327020004,松戸競輪,4R,09:52,2-6,2,6,101.0,0.013206787979202002,0.3338855858994021
8320260327020002,久留米競輪,2R,16:12,1-4,1,4,67.2,0.019848275861829277,0.33380413791492747
4520260328010012,豊橋競輪,12R,16:30,6-9,6,9,101.9,0.01303838867343637,0.3286118058231662
8320260327020002,久留米競輪,2R,16:12,4-6,4,6,191.4,0.006939484287278853,0.3282172925851725
8120260326030004,小倉競輪,4R,21:45,4-5,4,5,19.5,0.06808241435297495,0.3276070798830115
2820260328010008,立川競輪,8R,14:07,2-4,2,4,50.8,0.026127421051282535,0.3272729894051527
3620260326030009,小田原競輪,9R,15:30,4-6,4,6,26.9,0.049274271730552266,0.32547790955185585
4520260328010010,豊橋競輪,10R,15:19,1-7,1,7,25.4,0.05205393001615523,0.32216982241034264
8320260327020009,久留米競輪,9R,19:07,1-4,1,4,14.7,0.08982809790879079,0.32047303925922455
2820260328010008,立川競輪,8R,14:07,3-6,3,6,34.2,0.03859070353953067,0.31980206105194897
3120260327020003,松戸競輪,3R,09:31,1-6,1,6,23.6,0.055898634751074594,0.31920778012536055
2820260328010012,立川競輪,12R,16:18,2-6,2,6,73.5,0.01794458463146585,0.31892697041274
2820260328010011,立川競輪,11R,15:42,1-4,1,4,42.9,0.03066805488853459,0.3156595547181338
3120260327020003,松戸競輪,3R,09:31,2-5,2,5,23.9,0.0549791898196115,0.31400263668871475
3620260326030003,小田原競輪,3R,12:36,1-3,1,3,24.7,0.05302131780068532,0.3096265496769275
3120260327020002,松戸競輪,2R,09:10,2-4,2,4,34.7,0.037707722879301124,0.30845798391174917
6120260326030003,玉野競輪,3R,16:48,2-4,2,4,163.2,0.008016685142684209,0.30832301528606276
4520260328010001,豊橋競輪,1R,11:13,1-3,1,3,47.3,0.027658342145454685,0.30823958348000646
2820260328010011,立川競輪,11R,15:42,3-4,3,4,19.3,0.06770107346524966,0.3066307178793184
2820260328010007,立川競輪,7R,13:39,1-7,1,7,24.1,0.054162817416273795,0.30532389973219853
8120260326030002,小倉競輪,2R,21:05,5-6,5,6,31.5,0.04129494061663071,0.30079062942386736
4520260328010001,豊橋競輪,1R,11:13,3-6,3,6,122.4,0.0106056595358411,0.2981327271869507
8120260326030002,小倉競輪,2R,21:05,3-4,3,4,31.5,0.041190894409287485,0.2975131738925558
3620260326030008,小田原競輪,8R,14:57,1-6,1,6,86.6,0.014972463249740515,0.29661531742752856
8320260327020008,久留米競輪,8R,18:41,5-7,5,7,31.7,0.04079027999630102,0.2930518758827423
2820260328010005,立川競輪,5R,12:45,2-4,2,4,40.8,0.03161731410023158,0.28998641528944846
3620260326030005,小田原競輪,5R,13:30,6-7,6,7,42.5,0.030338077191075508,0.28936828062070896
4520260328010011,豊橋競輪,11R,15:54,5-7,5,7,101.0,0.012739087577182506,0.2866478452954331
4520260328010008,豊橋競輪,8R,14:17,3-9,3,9,66.5,0.019314814388301967,0.28443515682208087
4520260328010003,豊橋競輪,3R,12:01,2-7,2,7,51.0,0.025179391013109856,0.2841489416686027
3620260326030009,小田原競輪,9R,15:30,5-7,5,7,21.4,0.059898119673454986,0.2818197610119366
4520260328010011,豊橋競輪,11R,15:54,5-9,5,9,22.6,0.05658419400379722,0.2788027844858172
3620260326030006,小田原競輪,6R,13:57,2-6,2,6,109.0,0.011714632623633793,0.2768949559760834
8320260327020012,久留米競輪,12R,20:30,3-6,3,6,38.4,0.03324247278163584,0.27651095481481636
2820260328010012,立川競輪,12R,16:18,6-7,6,7,49.0,0.026039442161392052,0.27593266590821064
3120260327020005,松戸競輪,5R,10:13,2-7,2,7,54.8,0.02324467115465445,0.27380797927506384
8120260326030002,小倉競輪,2R,21:05,1-7,1,7,31.5,0.040428576228355086,0.27350015119318516
8120260326030002,小倉競輪,2R,21:05,1-4,1,4,15.7,0.08103171755839086,0.2721979656667366
8120260326030004,小倉競輪,4R,21:45,1-2,1,2,19.5,0.06519785891389826,0.271358248821016
6120260326030001,玉野競輪,1R,16:00,1-7,1,7,23.3,0.05451241318421417,0.2701392271921901
3620260326030006,小田原競輪,6R,13:57,1-5,1,5,53.6,0.02364327399220037,0.26727948598193985
3120260327020005,松戸競輪,5R,10:13,3-5,3,5,31.1,0.040693122456252714,0.26555610838945953
3120260327020003,松戸競輪,3R,09:31,1-7,1,7,20.3,0.06222124297548527,0.2630912324023511
8320260327020004,久留米競輪,4R,17:00,3-7,3,7,36.6,0.03447498969254533,0.2617846227471592
4520260328010012,豊橋競輪,12R,16:30,6-7,6,7,74.4,0.016940628038614493,0.26038272607291835
6120260326030008,玉野競輪,8R,18:54,4-7,4,7,30.2,0.041687757518331425,0.2589702770536091
8320260327020009,久留米競輪,9R,19:07,1-2,1,2,21.6,0.05820276417779117,0.2571797062402894
4520260328010008,豊橋競輪,8R,14:17,1-3,1,3,24.7,0.050799973600948414,0.2547593479434258
4520260328010003,豊橋競輪,3R,12:01,4-9,4,9,37.6,0.03336299320862854,0.2544485446444331
8320260327020003,久留米競輪,3R,16:36,1-4,1,4,45.4,0.027539305758375605,0.2502844814302525
2820260328010001,立川競輪,1R,11:05,1-2,1,2,24.5,0.0508891520186604,0.24678422445717985
6120260326030005,玉野競輪,5R,17:36,1-5,1,5,12.3,0.10130882825895082,0.24609858758509517
3620260326030010,小田原競輪,10R,16:06,1-6,1,6,108.7,0.011462747736219024,0.24600067892700794
8120260326030003,小倉競輪,3R,21:25,1-5,1,5,14.2,0.08759448233325934,0.24384164913228257
3120260327020001,松戸競輪,1R,08:50,1-6,1,6,47.2,0.026302982828914932,0.24150078952478493
4520260328010005,豊橋競輪,5R,12:54,3-9,3,9,66.4,0.018691277855936567,0.2411008496341882
2820260328010011,立川競輪,11R,15:42,1-7,1,7,36.7,0.0337849636077123,0.2399081644030414
3120260327020002,松戸競輪,2R,09:10,4-6,4,6,80.0,0.015444485309915431,0.23555882479323453
2820260328010011,立川競輪,11R,15:42,1-2,1,2,24.0,0.05144255073261307,0.23462121758271381
6120260326030006,玉野競輪,6R,18:02,1-3,1,3,14.1,0.08725539306326138,0.23030104219198555
3120260327020003,松戸競輪,3R,09:31,3-7,3,7,53.2,0.023100054465535733,0.22892289756650097
4520260328010004,豊橋競輪,4R,12:27,2-9,2,9,28.0,0.04385651367002154,0.22798238276060312
6120260326030005,玉野競輪,5R,17:36,1-7,1,7,20.5,0.05949974673502853,0.21974480806808483
8320260327020010,久留米競輪,10R,19:34,2-4,2,4,28.6,0.042648272687487145,0.21974059886213237
3120260327020004,松戸競輪,4R,09:52,4-5,4,5,22.6,0.05392499829157004,0.21870496138948292
3620260326030003,小田原競輪,3R,12:36,4-7,4,7,43.8,0.027817259330293526,0.21839595866685624
8120260326030003,小倉競輪,3R,21:25,4-5,4,5,28.5,0.04266491680101686,0.21595012882898046
8320260327020001,久留米競輪,1R,15:48,3-5,3,5,19.5,0.062347548644823884,0.21577719857406574
8320260327020010,久留米競輪,10R,19:34,1-4,1,4,35.2,0.03449679607850999,0.21428722196355188
2820260328010005,立川競輪,5R,12:45,4-6,4,6,47.5,0.025524348692615363,0.21240656289922977
8120260326030001,小倉競輪,1R,20:45,1-4,1,4,22.5,0.053705936580766514,0.20838357306724653
3120260327020003,松戸競輪,3R,09:31,2-7,2,7,37.3,0.032264184582214944,0.20345408491661732
3120260327020002,松戸競輪,2R,09:10,2-6,2,6,18.6,0.06460811124278296,0.20171086911576297
3620260326030006,小田原競輪,6R,13:57,5-7,5,7,23.9,0.05021928641442374,0.20024094530472736
8320260327020011,久留米競輪,11R,20:02,4-5,4,5,24.9,0.04808197211447437,0.19724110565041175
8120260326030008,小倉競輪,8R,23:08,2-5,2,5,55.5,0.021518322653571356,0.19426690727321017
2820260328010008,立川競輪,8R,14:07,1-3,1,3,30.6,0.03899715685063595,0.19331299962946003
3620260326030001,小田原競輪,1R,11:45,3-7,3,7,38.9,0.030642352190554424,0.19198750021256705
8320260327020002,久留米競輪,2R,16:12,1-3,1,3,44.4,0.026828111082562785,0.19116813206578764
6120260326030005,玉野競輪,5R,17:36,3-7,3,7,30.7,0.03879784600846277,0.19109387245980702
3620260326030006,小田原競輪,6R,13:57,3-4,3,4,12.6,0.09429468568075251,0.1881130395774817
2820260328010012,立川競輪,12R,16:18,5-7,5,7,13.4,0.08853534763221402,0.18637365827166796
3620260326030007,小田原競輪,7R,14:27,3-4,3,4,91.9,0.012908050841559025,0.18624987233927448
2820260328010003,立川競輪,3R,11:53,1-4,1,4,72.9,0.01619438227927829,0.1805704681593876
2820260328010001,立川競輪,1R,11:05,4-7,4,7,25.3,0.0465766014244725,0.17838801603915422
4520260328010001,豊橋競輪,1R,11:13,4-8,4,8,56.5,0.02084196822844873,0.17757120490735323
4520260328010005,豊橋競輪,5R,12:54,4-9,4,9,65.6,0.017947625520246698,0.17736423412818336
4520260328010009,豊橋競輪,9R,14:47,3-5,3,5,46.6,0.02514308245890864,0.17166764258514267
3620260326030007,小田原競輪,7R,14:27,5-6,5,6,19.3,0.06063808868004912,0.17031511152494816
3620260326030007,小田原競輪,7R,14:27,1-2,1,2,14.9,0.07820545016919009,0.16526120752093232
2820260328010012,立川競輪,12R,16:18,3-5,3,5,23.3,0.04983503207387915,0.16115624732138412
6120260326030010,玉野競輪,10R,19:48,5-7,5,7,28.9,0.040065919567600236,0.15790507550364685
6120260326030007,玉野競輪,7R,18:28,2-5,2,5,18.9,0.06080572170738345,0.14922814026954723
6120260326030006,玉野競輪,6R,18:02,3-5,3,5,9.8,0.1169700819177362,0.1463068027938148
6120260326030010,玉野競輪,10R,19:48,1-3,1,3,24.5,0.04677934001844662,0.14609383045194213
3120260327020002,松戸競輪,2R,09:10,1-4,1,4,72.4,0.015818780373578513,0.14527969904708438
3620260326030005,小田原競輪,5R,13:30,5-7,5,7,22.6,0.05066346496281625,0.1449943081596472
2820260328010005,立川競輪,5R,12:45,1-2,1,2,27.9,0.04092349013114941,0.14176537465906858
6120260326030007,玉野競輪,7R,18:28,3-7,3,7,33.1,0.034409318933474625,0.13894845669801015
6120260326030006,玉野競輪,6R,18:02,4-7,4,7,31.8,0.035809843344869516,0.1387530183668506
2820260328010008,立川競輪,8R,14:07,5-7,5,7,12.9,0.08825476998241963,0.1384865327732132
4520260328010009,豊橋競輪,9R,14:47,7-9,7,9,30.6,0.03705528082858964,0.13389159335484302
8320260327020010,久留米競輪,10R,19:34,1-7,1,7,16.3,0.06952380274699453,0.133237984776011
8320260327020010,久留米競輪,10R,19:34,1-2,1,2,24.1,0.04700031989073624,0.13270770936674348
6120260326030002,玉野競輪,2R,16:24,3-7,3,7,122.3,0.009225118346811799,0.128231973815083
4520260328010011,豊橋競輪,11R,15:54,4-8,4,8,109.9,0.010265134663879835,0.1281382995603939
6120260326030006,玉野競輪,6R,18:02,4-6,4,6,63.7,0.01770782098853802,0.12798819696987196
6120260326030004,玉野競輪,4R,17:12,1-2,1,2,32.2,0.034897857298656736,0.12371100501674692
2820260328010009,立川競輪,9R,14:37,2-6,2,6,46.0,0.024414354123536243,0.12306028968266713
8320260327020002,久留米競輪,2R,16:12,3-6,3,6,80.2,0.013990450302105491,0.12203411422886035
4520260328010005,豊橋競輪,5R,12:54,4-5,4,5,20.0,0.056013995499033124,0.1202799099806624
3620260326030007,小田原競輪,7R,14:27,1-6,1,6,26.6,0.04207466730594411,0.11918615033811353
2820260328010004,立川競輪,4R,12:18,2-5,2,5,9.4,0.11843533812021409,0.11329217833001248
4520260328010009,豊橋競輪,9R,14:47,5-9,5,9,34.8,0.03180389772675777,0.1067756408911702
4520260328010009,豊橋競輪,9R,14:47,6-9,6,9,99.9,0.011009645119912762,0.09986354747928505
4520260328010001,豊橋競輪,1R,11:13,3-5,3,5,37.2,0.02955768539684659,0.09954589676269321
3120260327020005,松戸競輪,5R,10:13,4-5,4,5,11.2,0.09816425782672925,0.0994396876593675
3620260326030009,小田原競輪,9R,15:30,5-6,5,6,28.9,0.03778791553863083,0.09207075906643092
2820260328010001,立川競輪,1R,11:05,2-7,2,7,53.3,0.02043752811353442,0.08932024845138464
8320260327020006,久留米競輪,6R,17:49,2-4,2,4,13.9,0.07822176658575618,0.08728255554201092
4520260328010003,豊橋競輪,3R,12:01,7-8,7,8,46.5,0.02334916139041808,0.08573600465444065
3620260326030005,小田原競輪,5R,13:30,3-5,3,5,26.9,0.040341447670571545,0.08518494233837459
8320260327020009,久留米競輪,9R,19:07,3-4,3,4,16.7,0.06496702467485796,0.0849493120701279
6120260326030004,玉野競輪,4R,17:12,1-3,1,3,35.4,0.030623309879378783,0.08406516973000877
3620260326030008,小田原競輪,8R,14:57,1-3,1,3,49.1,0.022033986378598103,0.08186873118916682
8320260327020012,久留米競輪,12R,20:30,2-5,2,5,19.9,0.05386338665292943,0.07188139439329566
3620260326030004,小田原競輪,4R,13:03,5-7,5,7,36.5,0.029314883262313542,0.06999323907444421
3620260326030002,小田原競輪,2R,12:09,1-3,1,3,21.0,0.05093134778375309,0.06955830345881497
4520260328010002,豊橋競輪,2R,11:37,7-8,7,8,53.1,0.020109004649828618,0.06778814690589963
8320260327020010,久留米競輪,10R,19:34,3-5,3,5,21.8,0.04893963552125018,0.06688405436325384
8320260327020003,久留米競輪,3R,16:36,5-7,5,7,18.2,0.05848669446173202,0.06445783920352266
8320260327020003,久留米競輪,3R,16:36,2-3,2,3,14.1,0.07533646373875988,0.06224413871651424
3620260326030001,小田原競輪,1R,11:45,2-4,2,4,17.7,0.059847663184586605,0.059303638367182776
2820260328010005,立川競輪,5R,12:45,3-5,3,5,12.9,0.08130786172959684,0.04887141631179914
6120260326030002,玉野競輪,2R,16:24,4-7,4,7,52.4,0.0199707028133046,0.04646482741716107
3120260327020005,松戸競輪,5R,10:13,1-2,1,2,23.0,0.045450473963187035,0.045360901153301825
2820260328010004,立川競輪,4R,12:18,5-7,5,7,11.7,0.08915159591728125,0.043073672232190496
8320260327020008,久留米競輪,8R,18:41,1-5,1,5,31.7,0.032882462948983796,0.04237407548278638
8320260327020002,久留米競輪,2R,16:12,2-3,2,3,20.0,0.05208384665083822,0.04167693301676434
6120260326030004,玉野競輪,4R,17:12,2-7,2,7,13.6,0.07658439894063768,0.04154782559267245
4520260328010004,豊橋競輪,4R,12:27,5-7,5,7,36.1,0.02884316468844802,0.04123824525297359
2820260328010011,立川競輪,11R,15:42,5-6,5,6,37.0,0.028134570400406407,0.04097910481503697
2820260328010005,立川競輪,5R,12:45,2-5,2,5,25.3,0.04100458051043741,0.03741588691406661
6120260326030002,玉野競輪,2R,16:24,6-7,6,7,200.2,0.005165695314399692,0.034172201942818115
2820260328010006,立川競輪,6R,13:12,5-6,5,6,14.5,0.07126912766218498,0.033402351101682104
2820260328010003,立川競輪,3R,11:53,4-6,4,6,241.9,0.004271586218673828,0.03329670629719894
3120260327020003,松戸競輪,3R,09:31,2-6,2,6,39.2,0.026308839586719347,0.03130651179939847
8320260327020011,久留米競輪,11R,20:02,5-7,5,7,16.8,0.06134589216973402,0.03061098845153154
8320260327020012,久留米競輪,12R,20:30,4-5,4,5,17.9,0.0575268092224005,0.029729885080968854
2820260328010006,立川競輪,6R,13:12,2-5,2,5,17.7,0.058160933240379714,0.029448518354720843
8320260327020009,久留米競輪,9R,19:07,4-7,4,7,14.1,0.07256184033906496,0.02312194878081586
8120260326030009,小倉競輪,9R,23:30,3-6,3,6,23.7,0.04312545424305379,0.02207326556037481
4520260328010002,豊橋競輪,2R,11:37,5-6,5,6,68.7,0.014871888731249547,0.021698755836843997
8320260327020008,久留米競輪,8R,18:41,2-3,2,3,19.0,0.05369384867442957,0.020183124814161735
2820260328010011,立川競輪,11R,15:42,3-7,3,7,12.9,0.07896395581316981,0.018635029989890528
8120260326030002,小倉競輪,2R,21:05,1-5,1,5,10.5,0.09675817482532276,0.015960835665888906
4520260328010006,豊橋競輪,6R,13:21,4-6,4,6,96.7,0.010491960572932143,0.014572587402538195
3620260326030007,小田原競輪,7R,14:27,3-6,3,6,45.4,0.0223459379204463,0.014505581588261984
2820260328010011,立川競輪,11R,15:42,2-3,2,3,10.2,0.09933062362300282,0.013172360954628815
3120260327020006,松戸競輪,6R,10:34,2-4,2,4,17.2,0.05888785459942615,0.012871099110129736
6120260326030001,玉野競輪,1R,16:00,2-5,2,5,58.0,0.01744797050293889,0.011982289170455518
4520260328010001,豊橋競輪,1R,11:13,1-2,1,2,15.5,0.0652851212551494,0.011919379454815804
8120260326030004,小倉競輪,4R,21:45,1-6,1,6,19.5,0.051663450020954446,0.00743727540861161
8120260326030002,小倉競輪,2R,21:05,1-3,1,3,10.5,0.0957287696448266,0.005152081270679343
4520260328010001,豊橋競輪,1R,11:13,4-7,4,7,30.8,0.032592802110464066,0.0038583050022933385
4520260328010008,豊橋競輪,8R,14:17,4-6,4,6,66.1,0.015168167929520776,0.0026159001413232907
3620260326030010,小田原競輪,10R,16:06,1-4,1,4,27.0,0.03712930742135278,0.0024913003765250075
6120260326030006,玉野競輪,6R,18:02,1-4,1,4,31.8,0.031522549423827845,0.002417071677725424
3620260326030006,小田原競輪,6R,13:57,2-7,2,7,24.3,0.041225391773788735,0.0017770201030662403
4520260328010012,豊橋競輪,12R,16:30,3-7,3,7,14.9,0.06684253318388841,-0.0040462555600626615
8320260327020004,久留米競輪,4R,17:00,1-6,1,6,67.6,0.014683229972450399,-0.007413653862353153
8320260327020007,久留米競輪,7R,18:15,4-7,4,7,14.8,0.06702522709230298,-0.008026639033915872
3620260326030005,小田原競輪,5R,13:30,4-5,4,5,15.9,0.062183270963412404,-0.011285991681742713
3620260326030002,小田原競輪,2R,12:09,2-3,2,3,43.5,0.02258381710874534,-0.01760395576957763
4520260328010002,豊橋競輪,2R,11:37,2-7,2,7,16.5,0.05947106319454913,-0.018727457289939298
3620260326030009,小田原競輪,9R,15:30,1-6,1,6,20.3,0.048191554706339235,-0.021711439461313486
4520260328010001,豊橋競輪,1R,11:13,2-3,2,3,21.1,0.046268573691938764,-0.023733095100092028
8320260327020011,久留米競輪,11R,20:02,1-2,1,2,57.3,0.017002479710314773,-0.02575791259896354
4520260328010006,豊橋競輪,6R,13:21,7-8,7,8,60.4,0.01608200651692007,-0.028646806378027856
8120260326030004,小倉競輪,4R,21:45,5-7,5,7,19.5,0.049432023422679154,-0.036075543257756526
8320260327020009,久留米競輪,9R,19:07,2-3,2,3,24.5,0.03933358827077933,-0.036327087365906396
8120260326030008,小倉競輪,8R,23:08,4-7,4,7,15.8,0.060760273456032604,-0.03998767939468484
8120260326030005,小倉競輪,5R,22:05,2-4,2,4,20.2,0.047473935156325385,-0.04102650984222722
2820260328010012,立川競輪,12R,16:18,2-3,2,3,49.4,0.019365877662510137,-0.0433256434719993
6120260326030005,玉野競輪,5R,17:36,4-6,4,6,46.1,0.020730182241096448,-0.044338598685453756
2820260328010009,立川競輪,9R,14:37,1-3,1,3,19.5,0.04896687700321442,-0.045145898437318754
4520260328010003,豊橋競輪,3R,12:01,4-7,4,7,26.4,0.036104834599891264,-0.04683236656287071
8120260326030005,小倉競輪,5R,22:05,5-6,5,6,20.2,0.04709176224739879,-0.04874640260254448
8320260327020008,久留米競輪,8R,18:41,2-5,2,5,40.8,0.02327785621227061,-0.0502634665393592
8320260327020010,久留米競輪,10R,19:34,1-6,1,6,41.6,0.022812751789562265,-0.05098952555420977
4520260328010012,豊橋競輪,12R,16:30,5-9,5,9,37.4,0.025372807439997938,-0.051057001744077124
3120260327020002,松戸競輪,2R,09:10,2-3,2,3,11.2,0.08452129520812614,-0.05336149366898735
8120260326030009,小倉競輪,9R,23:30,2-5,2,5,17.2,0.05492531603636283,-0.05528456417455929
3620260326030004,小田原競輪,4R,13:03,1-3,1,3,36.5,0.025819455025098387,-0.057589891583908925
6120260326030005,玉野競輪,5R,17:36,2-4,2,4,46.1,0.020440709024898127,-0.05768331395219639
6120260326030004,玉野競輪,4R,17:12,4-7,4,7,12.1,0.07735010960210734,-0.06406367381450129
2820260328010010,立川競輪,10R,15:08,2-7,2,7,13.4,0.06967223029851527,-0.06639211399989531
6120260326030005,玉野競輪,5R,17:36,5-7,5,7,30.7,0.03039971463395401,-0.06672876073761191
8120260326030003,小倉競輪,3R,21:25,5-6,5,6,19.0,0.04890988761466718,-0.07071213532132359
4520260328010012,豊橋競輪,12R,16:30,2-5,2,5,55.2,0.016811271674582535,-0.07201780356304399
8320260327020006,久留米競輪,6R,17:49,1-3,1,3,10.1,0.09164280109585995,-0.07440770893181448
3620260326030002,小田原競輪,2R,12:09,5-7,5,7,46.8,0.01977665848600261,-0.07445238285507794
8320260327020001,久留米競輪,1R,15:48,1-2,1,2,28.5,0.03229662005648996,-0.07954632839003628
8320260327020012,久留米競輪,12R,20:30,3-7,3,7,24.4,0.03751874100452744,-0.08454271948953052
6120260326030003,玉野競輪,3R,16:48,2-7,2,7,77.3,0.011769653812518304,-0.09020576029233518
4520260328010010,豊橋競輪,10R,15:19,2-5,2,5,15.5,0.05868719881416641,-0.09034841838042063
8320260327020011,久留米競輪,11R,20:02,1-7,1,7,11.0,0.08247885081081614,-0.09273264108102242
6120260326030001,玉野競輪,1R,16:00,2-4,2,4,118.6,0.007637795658270402,-0.09415743492913042
8320260327020012,久留米競輪,12R,20:30,1-7,1,7,44.8,0.020199989341713378,-0.09504047749124078
8120260326030005,小倉競輪,5R,22:05,2-5,2,5,10.1,0.08929429046521414,-0.09812766630133718
4520260328010007,豊橋競輪,7R,13:48,2-5,2,5,31.6,0.02853159852099202,-0.09840148673665217
8320260327020009,久留米競輪,9R,19:07,3-7,3,7,52.5,0.01709190208622142,-0.10267514047337534
4520260328010012,豊橋競輪,12R,16:30,5-6,5,6,59.6,0.015046115688008834,-0.1032515049946734
2820260328010002,立川競輪,2R,11:29,2-7,2,7,9.9,0.09052544612079863,-0.10379808340409358
2820260328010012,立川競輪,12R,16:18,2-7,2,7,23.8,0.03763798189279117,-0.10421603095157017
2820260328010009,立川競輪,9R,14:37,5-7,5,7,17.1,0.05234690152494737,-0.10486798392339991
8320260327020005,久留米競輪,5R,17:24,2-7,2,7,16.1,0.05554621060354602,-0.10570600928290907
8320260327020005,久留米競輪,5R,17:24,3-6,3,6,32.5,0.027494597483684817,-0.10642558178024342
3620260326030008,小田原競輪,8R,14:57,1-5,1,5,26.9,0.03320731003976263,-0.1067233599303854
6120260326030002,玉野競輪,2R,16:24,4-5,4,5,6.0,0.1485469239728769,-0.10871845616273867
3620260326030001,小田原競輪,1R,11:45,1-7,1,7,38.4,0.023177767494007254,-0.10997372823012153
8320260327020001,久留米競輪,1R,15:48,1-3,1,3,14.2,0.06261206661939175,-0.11090865400463712
6120260326030011,玉野競輪,11R,20:16,5-6,5,6,33.8,0.02625783552208615,-0.11248515935348824
6120260326030002,玉野競輪,2R,16:24,4-6,4,6,11.8,0.07478775576208861,-0.1175044820073543
2820260328010011,立川競輪,11R,15:42,2-7,2,7,20.4,0.04317819266512814,-0.11916486963138606
6120260326030008,玉野競輪,8R,18:54,1-3,1,3,22.6,0.0389274011285456,-0.12024073449486938
6120260326030006,玉野競輪,6R,18:02,3-4,3,4,11.5,0.07640277154725988,-0.12136812720651136
6120260326030008,玉野競輪,8R,18:54,1-4,1,4,90.7,0.00959227860943528,-0.12998033012422017
2820260328010001,立川競輪,1R,11:05,1-5,1,5,9.8,0.08870558636804263,-0.13068525359318217
8120260326030009,小倉競輪,9R,23:30,2-6,2,6,14.5,0.05985432702757079,-0.13211225810022353
3120260327020003,松戸競輪,3R,09:31,4-5,4,5,10.1,0.08573685015964735,-0.13405781338756173
3620260326030005,小田原競輪,5R,13:30,3-6,3,6,47.0,0.018381971824289134,-0.1360473242584107
3620260326030005,小田原競輪,5R,13:30,3-4,3,4,20.1,0.04284869267457124,-0.13874127724111807
6120260326030011,玉野競輪,11R,20:16,4-7,4,7,33.8,0.025450880697197857,-0.13976023243471247
4520260328010001,豊橋競輪,1R,11:13,5-7,5,7,16.1,0.0532863556971644,-0.14208967327565303
4520260328010003,豊橋競輪,3R,12:01,4-8,4,8,47.9,0.017808525367807512,-0.14697163488202014
3120260327020002,松戸競輪,2R,09:10,1-5,1,5,16.3,0.05227412228458821,-0.1479318067612121
2820260328010005,立川競輪,5R,12:45,5-6,5,6,25.7,0.033144623843633404,-0.14818316721862157
8120260326030004,小倉競輪,4R,21:45,3-4,3,4,19.5,0.04354636465842625,-0.1508458891606882
3620260326030007,小田原競輪,7R,14:27,4-6,4,6,27.3,0.031046273947786154,-0.15243672122543794
8120260326030008,小倉競輪,8R,23:08,3-5,3,5,111.0,0.007592261709881012,-0.15725895020320768
8120260326030006,小倉競輪,6R,22:25,3-7,3,7,17.2,0.048995553964128184,-0.15727647181699522
3120260327020003,松戸競輪,3R,09:31,5-6,5,6,11.8,0.07130600025621074,-0.15858919697671325
2820260328010010,立川競輪,10R,15:08,4-5,4,5,12.9,0.06516286138435715,-0.15939908814179282
3620260326030002,小田原競輪,2R,12:09,3-6,3,6,11.2,0.07499165182726063,-0.160093499534681
8120260326030004,小倉競輪,4R,21:45,2-5,2,5,19.5,0.04305575689150745,-0.16041274061560473
2820260328010010,立川競輪,10R,15:08,5-7,5,7,9.8,0.08564186475830131,-0.16070972536864714
2820260328010005,立川競輪,5R,12:45,2-3,2,3,13.4,0.06257408726144248,-0.16150723069667072
6120260326030010,玉野競輪,10R,19:48,1-4,1,4,15.1,0.055505686748181085,-0.1618641301024656
6120260326030001,玉野競輪,1R,16:00,2-6,2,6,163.1,0.005137601157541931,-0.1620572512049111
3620260326030002,小田原競輪,2R,12:09,4-7,4,7,110.5,0.007579158829646562,-0.16250294932405485
4520260328010006,豊橋競輪,6R,13:21,1-5,1,5,22.3,0.03749809305542279,-0.1637925248640718
4520260328010009,豊橋競輪,9R,14:47,3-9,3,9,17.9,0.04656578123418077,-0.16647251590816425
8320260327020002,久留米競輪,2R,16:12,2-7,2,7,6.4,0.1300553458711815,-0.16764578642443828
2820260328010001,立川競輪,1R,11:05,2-4,2,4,11.3,0.07352448088529366,-0.1691733659961816
6120260326030009,玉野競輪,9R,19:20,2-4,2,4,18.6,0.044556474905374795,-0.17124956676002878
2820260328010002,立川競輪,2R,11:29,1-6,1,6,17.5,0.04728072100858918,-0.1725873823496893
8120260326030006,小倉競輪,6R,22:25,2-4,2,4,17.2,0.04803297541662291,-0.17383282283408596
2820260328010002,立川競輪,2R,11:29,3-4,3,4,26.9,0.030598234941786567,-0.17690748006594137
8120260326030002,小倉競輪,2R,21:05,1-6,1,6,10.5,0.07833261599601019,-0.17750753204189307
8320260327020003,久留米競輪,3R,16:36,3-4,3,4,26.3,0.031200899509146215,-0.17941634290945452
2820260328010005,立川競輪,5R,12:45,6-7,6,7,25.5,0.032081791835134016,-0.1819143082040826
3120260327020006,松戸競輪,6R,10:34,2-3,2,3,14.3,0.05720170266218036,-0.1820156519308208
3620260326030005,小田原競輪,5R,13:30,1-4,1,4,12.9,0.06334390586613609,-0.1828636143268445
4520260328010012,豊橋競輪,12R,16:30,1-3,1,3,8.5,0.09579343165295917,-0.18575583094984705
2820260328010010,立川競輪,10R,15:08,3-4,3,4,31.3,0.026013440363276498,-0.18577931662944558
2820260328010004,立川競輪,4R,12:18,3-7,3,7,20.6,0.0394124776848357,-0.18810295969238444
3620260326030003,小田原競輪,3R,12:36,2-5,2,5,12.3,0.06540906433449192,-0.19546850868574928
8320260327020002,久留米競輪,2R,16:12,3-4,3,4,63.8,0.012606503911492853,-0.195705050446756
4520260328010002,豊橋競輪,2R,11:37,7-9,7,9,23.3,0.034453437011651517,-0.19723491762851963
8320260327020008,久留米競輪,8R,18:41,1-2,1,2,47.6,0.016856264586583194,-0.19764180567863987
8320260327020009,久留米競輪,9R,19:07,2-7,2,7,17.5,0.04581728389765359,-0.19819753179106214
3620260326030006,小田原競輪,6R,13:57,2-5,2,5,77.1,0.01037445434817108,-0.2001295697560097
2820260328010012,立川競輪,12R,16:18,1-2,1,2,25.8,0.030889536448839273,-0.20304995961994676
6120260326030006,玉野競輪,6R,18:02,1-7,1,7,18.2,0.04362123489311667,-0.20609352494527655
6120260326030006,玉野競輪,6R,18:02,3-7,3,7,8.5,0.09317360142041993,-0.20802438792643063
3620260326030010,小田原競輪,10R,16:06,3-5,3,5,18.9,0.04187488793124576,-0.20856461809945515
3620260326030008,小田原競輪,8R,14:57,3-6,3,6,18.4,0.04291268013502055,-0.21040668551562192
6120260326030011,玉野競輪,11R,20:16,4-6,4,6,29.7,0.026584250868941964,-0.2104477491924237
8320260327020002,久留米競輪,2R,16:12,1-2,1,2,8.8,0.08933380435985154,-0.21386252163330643
2820260328010009,立川競輪,9R,14:37,1-5,1,5,9.2,0.08516792658693037,-0.21645507540024067
8320260327020012,久留米競輪,12R,20:30,2-3,2,3,9.4,0.08331526534842595,-0.21683650572479596
3120260327020001,松戸競輪,1R,08:50,4-5,4,5,7.0,0.1111618062981674,-0.22186735591282825
4520260328010008,豊橋競輪,8R,14:17,1-5,1,5,14.7,0.0527901470569938,-0.22398483826219118
8120260326030001,小倉競輪,1R,20:45,3-4,3,4,12.5,0.061930014263536774,-0.22587482170579032
4520260328010002,豊橋競輪,2R,11:37,1-7,1,7,16.3,0.04743617110822337,-0.22679041093595909
8320260327020009,久留米競輪,9R,19:07,2-4,2,4,7.8,0.09904588128592397,-0.22744212596979307
2820260328010010,立川競輪,10R,15:08,1-5,1,5,11.4,0.06776345568431381,-0.22749660519882253
3120260327020001,松戸競輪,1R,08:50,1-5,1,5,8.0,0.0963717407793675,-0.22902607376506
8320260327020002,久留米競輪,2R,16:12,3-5,3,5,23.7,0.03252333973389665,-0.22919684830664944
8320260327020010,久留米競輪,10R,19:34,5-6,5,6,25.4,0.030207762279730335,-0.2327228380948495
3620260326030008,小田原競輪,8R,14:57,2-3,2,3,14.0,0.05450525918172082,-0.23692637145590856
4520260328010005,豊橋競輪,5R,12:54,3-5,3,5,14.0,0.054412888886169825,-0.2382195555936224
8120260326030004,小倉競輪,4R,21:45,4-6,4,6,19.5,0.03904995552935371,-0.2385258671776026
8120260326030007,小倉競輪,7R,22:46,1-3,1,3,6.7,0.11356023207471458,-0.2391464450994123
4520260328010009,豊橋競輪,9R,14:47,3-4,3,4,34.5,0.022023616658390012,-0.24018522528554453
8120260326030006,小倉競輪,6R,22:25,4-7,4,7,17.2,0.044027353139714585,-0.2427295259969091
3620260326030009,小田原競輪,9R,15:30,2-6,2,6,31.6,0.02395954000673984,-0.242878535787021
3620260326030006,小田原競輪,6R,13:57,3-7,3,7,7.9,0.09575680300376359,-0.24352125627026766
2820260328010009,立川競輪,9R,14:37,3-4,3,4,13.5,0.056004795547298356,-0.24393526011147215
4520260328010001,豊橋競輪,1R,11:13,3-7,3,7,21.8,0.03461955281098421,-0.2452937487205442
2820260328010002,立川競輪,2R,11:29,2-6,2,6,11.0,0.06851083877826375,-0.2463807734390988
8320260327020009,久留米競輪,9R,19:07,4-5,4,5,9.6,0.07848552037897558,-0.2465390043618345
8320260327020001,久留米競輪,1R,15:48,2-3,2,3,11.7,0.06438805435561831,-0.24665976403926582
8120260326030001,小倉競輪,1R,20:45,1-2,1,2,6.2,0.12149825602483791,-0.24671081264600492
4520260328010009,豊橋競輪,9R,14:47,2-3,2,3,11.3,0.06656202523792934,-0.24784911481139837
8320260327020008,久留米競輪,8R,18:41,4-7,4,7,12.4,0.06042814414840629,-0.250691012559762
4520260328010009,豊橋競輪,9R,14:47,2-7,2,7,13.8,0.054175477361575644,-0.25237841241025605
8120260326030009,小倉競輪,9R,23:30,2-4,2,4,23.7,0.03151184765459334,-0.25316921058613784
8320260327020004,久留米競輪,4R,17:00,1-2,1,2,14.2,0.05257187209351588,-0.2534794162720745
4520260328010008,豊橋競輪,8R,14:17,3-8,3,8,87.7,0.008504948219035888,-0.25411604119055253
6120260326030007,玉野競輪,7R,18:28,1-7,1,7,16.5,0.044908059907198164,-0.25901701153123025
8320260327020004,久留米競輪,4R,17:00,2-4,2,4,7.7,0.09617933700597514,-0.25941910505399135
4520260328010003,豊橋競輪,3R,12:01,2-4,2,4,37.6,0.019696061657967723,-0.25942808166041365
6120260326030001,玉野競輪,1R,16:00,5-7,5,7,9.7,0.0762531687538855,-0.2603442630873106
6120260326030002,玉野競輪,2R,16:24,2-7,2,7,129.5,0.00569184474338396,-0.2629061057317772
4520260328010004,豊橋競輪,4R,12:27,1-5,1,5,23.5,0.031055086505516406,-0.2702054671203644
3620260326030003,小田原競輪,3R,12:36,3-4,3,4,14.5,0.050272946859909004,-0.27104227053131946
4520260328010011,豊橋競輪,11R,15:54,3-5,3,5,20.7,0.03520300449691725,-0.2712978069138129
8320260327020012,久留米競輪,12R,20:30,1-3,1,3,22.4,0.03241039140177847,-0.27400723260016235
8320260327020011,久留米競輪,11R,20:02,2-5,2,5,57.3,0.012576247932526216,-0.2793809934662478
4520260328010004,豊橋競輪,4R,12:27,4-8,4,8,64.0,0.011194273305049117,-0.2835665084768565
8320260327020005,久留米競輪,5R,17:24,4-5,4,5,11.4,0.06249575280835007,-0.28754841798480923
6120260326030007,玉野競輪,7R,18:28,4-7,4,7,16.5,0.04309741175580181,-0.2888927060292701
2820260328010001,立川競輪,1R,11:05,2-3,2,3,34.7,0.020461850713938332,-0.2899737802263398
4520260328010007,豊橋競輪,7R,13:48,2-3,2,3,34.0,0.020852410529284274,-0.2910180420043347
3620260326030004,小田原競輪,4R,13:03,3-5,3,5,77.8,0.00908364601172,-0.29329234028818396
2820260328010012,立川競輪,12R,16:18,4-5,4,5,5.3,0.13332565733839058,-0.2933740161065299
3620260326030004,小田原競輪,4R,13:03,1-7,1,7,6.9,0.1022445748843081,-0.29451243329827403
4520260328010008,豊橋競輪,8R,14:17,1-2,1,2,12.4,0.05658377808206109,-0.2983611517824425
4520260328010005,豊橋競輪,5R,12:54,2-8,2,8,45.9,0.01526587040232094,-0.2992965485334689
3620260326030008,小田原競輪,8R,14:57,3-7,3,7,7.8,0.08956031501688068,-0.3014295428683307
3120260327020002,松戸競輪,2R,09:10,5-6,5,6,12.7,0.05497051449151121,-0.30187446595780765
3120260327020007,松戸競輪,7R,10:55,1-3,1,3,12.7,0.05485742088337428,-0.30331075478114666
4520260328010004,豊橋競輪,4R,12:27,1-3,1,3,13.1,0.05263813550265116,-0.3104404249152698
8320260327020001,久留米競輪,1R,15:48,1-7,1,7,43.5,0.015780100804448322,-0.31356561500649793
8320260327020008,久留米競輪,8R,18:41,1-4,1,4,12.9,0.052752529647740014,-0.3194923675441538
8320260327020004,久留米競輪,4R,17:00,1-5,1,5,14.3,0.047561549866412,-0.31986983691030835
3120260327020007,松戸競輪,7R,10:55,3-7,3,7,10.6,0.06410781767043566,-0.32045713269338205
4520260328010005,豊橋競輪,5R,12:54,1-3,1,3,15.3,0.044245085137503526,-0.323050197396196
4520260328010003,豊橋競輪,3R,12:01,5-9,5,9,10.0,0.06749898565626461,-0.3250101434373539
4520260328010002,豊橋競輪,2R,11:37,2-4,2,4,24.6,0.0274290236038881,-0.3252460193443527
3120260327020004,松戸競輪,4R,09:52,1-2,1,2,10.6,0.06362542193382237,-0.32557052750148296
2820260328010007,立川競輪,7R,13:39,4-7,4,7,10.4,0.0645992647245621,-0.32816764686455424
2820260328010005,立川競輪,5R,12:45,1-5,1,5,12.1,0.05536901583101536,-0.33003490844471417
3620260326030006,小田原競輪,6R,13:57,1-7,1,7,9.2,0.07192023808707262,-0.3383338095989319
6120260326030010,玉野競輪,10R,19:48,4-5,4,5,19.9,0.033116840104913434,-0.3409748819122227
4520260328010003,豊橋競輪,3R,12:01,3-7,3,7,25.2,0.026076019809222764,-0.34288430080758636
8120260326030001,小倉競輪,1R,20:45,1-3,1,3,11.2,0.05853659036837158,-0.34439018787423836
8120260326030005,小倉競輪,5R,22:05,2-3,2,3,10.1,0.06476578435416659,-0.3458655780229174
6120260326030008,玉野競輪,8R,18:54,1-5,1,5,30.2,0.02158790615402465,-0.34804523414845556
2820260328010005,立川競輪,5R,12:45,2-6,2,6,27.9,0.02335656874672029,-0.34835173196650393
8320260327020005,久留米競輪,5R,17:24,2-5,2,5,15.7,0.0414949469507834,-0.3485293328727006
8120260326030009,小倉競輪,9R,23:30,2-3,2,3,13.5,0.04824941510242061,-0.34863289611732173
8320260327020010,久留米競輪,10R,19:34,4-5,4,5,14.3,0.04542928276250148,-0.35036125649622885
3620260326030003,小田原競輪,3R,12:36,4-5,4,5,6.4,0.10141923291014958,-0.3509169093750426
4520260328010010,豊橋競輪,10R,15:19,2-7,2,7,17.7,0.03659728564202433,-0.35222804413616937
2820260328010009,立川競輪,9R,14:37,4-5,4,5,6.9,0.09383480529511587,-0.3525398434637005
3620260326030009,小田原競輪,9R,15:30,4-7,4,7,7.5,0.08629145401586236,-0.3528140948810323
8120260326030001,小倉競輪,1R,20:45,2-4,2,4,5.6,0.11551090081624654,-0.3531389554290194
6120260326030008,玉野競輪,8R,18:54,2-4,2,4,12.9,0.050070318780463294,-0.3540928877320235
3620260326030005,小田原競輪,5R,13:30,3-7,3,7,17.4,0.03695928619668505,-0.3569084201776802
3120260327020004,松戸競輪,4R,09:52,2-7,2,7,14.5,0.04433117092543635,-0.357198021581173
6120260326030010,玉野競輪,10R,19:48,2-7,2,7,10.2,0.0627149486921411,-0.3603075233401608
8320260327020008,久留米競輪,8R,18:41,3-5,3,5,8.4,0.07608020466894608,-0.36092628078085287
6120260326030002,玉野競輪,2R,16:24,1-7,1,7,75.9,0.008396271956095868,-0.3627229585323236
3120260327020002,松戸競輪,2R,09:10,1-6,1,6,20.6,0.03091702625478302,-0.36310925915146974
3620260326030003,小田原競輪,3R,12:36,2-7,2,7,65.8,0.009656008807182311,-0.3646346204874039
3620260326030009,小田原競輪,9R,15:30,3-4,3,4,15.9,0.039792568107901216,-0.3672981670843707
8320260327020003,久留米競輪,3R,16:36,2-4,2,4,12.5,0.05057025449607253,-0.36787181879909336
4520260328010005,豊橋競輪,5R,12:54,3-7,3,7,24.7,0.02550376612862225,-0.3700569766230305
4520260328010002,豊橋競輪,2R,11:37,2-3,2,3,11.6,0.054201481147953146,-0.37126281868374356
3620260326030005,小田原競輪,5R,13:30,4-7,4,7,12.7,0.049264861208619504,-0.3743362626505323
3120260327020002,松戸競輪,2R,09:10,3-7,3,7,11.9,0.052464256449756635,-0.37567534824789606
4520260328010002,豊橋競輪,2R,11:37,1-2,1,2,19.0,0.03270125797240125,-0.37867609852437634
2820260328010003,立川競輪,3R,11:53,3-7,3,7,7.1,0.08731975674804657,-0.3800297270888694
8320260327020012,久留米競輪,12R,20:30,1-4,1,4,11.9,0.05186467458619942,-0.3828103724242269
6120260326030011,玉野競輪,11R,20:16,3-4,3,4,10.7,0.05749559552977054,-0.38479712783145525
6120260326030011,玉野競輪,11R,20:16,1-4,1,4,12.1,0.050816674167854785,-0.3851182425689571
4520260328010007,豊橋競輪,7R,13:48,5-7,5,7,15.2,0.04043749360436493,-0.3853500972136531
8320260327020009,久留米競輪,9R,19:07,1-3,1,3,24.5,0.024968560279236843,-0.38827027315869733
8120260326030005,小倉競輪,5R,22:05,1-4,1,4,10.1,0.060523088454193845,-0.3887168066126422
3620260326030002,小田原競輪,2R,12:09,3-7,3,7,63.1,0.009663011574389703,-0.39026396965600973
4520260328010012,豊橋競輪,12R,16:30,2-3,2,3,17.3,0.03522973108004375,-0.39052565231524305
4520260328010002,豊橋競輪,2R,11:37,2-9,2,9,27.3,0.022313975786676245,-0.39082846102373847
8120260326030007,小倉競輪,7R,22:46,2-3,2,3,13.5,0.045052220178841695,-0.3917950275856371
4520260328010006,豊橋競輪,6R,13:21,1-2,1,2,19.0,0.03194409008100131,-0.39306228846097513
2820260328010008,立川競輪,8R,14:07,3-7,3,7,7.8,0.07771377274975158,-0.3938325725519377
2820260328010002,立川競輪,2R,11:29,1-5,1,5,22.5,0.026884092394141922,-0.3951079211318067
6120260326030006,玉野競輪,6R,18:02,1-6,1,6,25.5,0.023678202395450484,-0.3962058389160127
4520260328010003,豊橋競輪,3R,12:01,1-9,1,9,18.4,0.03274805606668808,-0.39743576837293937
3620260326030001,小田原競輪,1R,11:45,1-3,1,3,11.7,0.0514828144229793,-0.3976510712511422
3620260326030003,小田原競輪,3R,12:36,1-5,1,5,5.5,0.1093417049902889,-0.398620622553411
8320260327020004,久留米競輪,4R,17:00,4-5,4,5,7.0,0.08585367593706594,-0.3990242684405384
6120260326030010,玉野競輪,10R,19:48,1-6,1,6,9.3,0.06461807976967603,-0.39905185814201294
8320260327020009,久留米競輪,9R,19:07,4-6,4,6,7.5,0.08000911692717617,-0.3999316230461787
6120260326030011,玉野競輪,11R,20:16,4-5,4,5,19.0,0.031461898314149,-0.402223932031169
4520260328010008,豊橋競輪,8R,14:17,5-9,5,9,29.7,0.02012379332434002,-0.4023233382671014
8120260326030005,小倉競輪,5R,22:05,1-2,1,2,4.0,0.1492573423300918,-0.4029706306796328
3620260326030009,小田原競輪,9R,15:30,4-5,4,5,11.4,0.05200953556101319,-0.4070912946044496
4520260328010011,豊橋競輪,11R,15:54,1-5,1,5,11.3,0.052179242457063756,-0.4103745602351795
8120260326030002,小倉競輪,2R,21:05,2-6,2,6,15.7,0.03736877457571044,-0.4133102391613461
4520260328010004,豊橋競輪,4R,12:27,2-6,2,6,50.7,0.01150896646400769,-0.41649540027481
6120260326030001,玉野競輪,1R,16:00,3-7,3,7,6.1,0.09551846582409815,-0.41733735847300135
2820260328010003,立川競輪,3R,11:53,1-7,1,7,6.3,0.0924146156221092,-0.417787921580712
3620260326030010,小田原競輪,10R,16:06,3-4,3,4,7.4,0.07867366675063404,-0.41781486604530804
6120260326030007,玉野競輪,7R,18:28,2-3,2,3,11.0,0.0526364794930627,-0.42099872557631024
3620260326030008,小田原競輪,8R,14:57,2-4,2,4,21.6,0.026803791982405623,-0.4210380931800385
8320260327020008,久留米競輪,8R,18:41,3-4,3,4,5.4,0.10652477701893848,-0.42476620409773214
8120260326030002,小倉競輪,2R,21:05,3-5,3,5,10.5,0.054610039679735045,-0.426594583362782
4520260328010005,豊橋競輪,5R,12:54,4-6,4,6,81.1,0.0070694914726732805,-0.426664241566197
6120260326030006,玉野競輪,6R,18:02,1-5,1,5,9.8,0.05849459505356923,-0.42675296847502153
4520260328010008,豊橋競輪,8R,14:17,7-9,7,9,17.3,0.03310537605425661,-0.42727699426136057
8120260326030006,小倉競輪,6R,22:25,4-6,4,6,17.2,0.03324562014736402,-0.42817533346533887
4520260328010012,豊橋競輪,12R,16:30,1-9,1,9,13.8,0.04136953493151635,-0.42910041794507436
8320260327020001,久留米競輪,1R,15:48,2-4,2,4,7.9,0.07211340334983965,-0.43030411353626674
8320260327020008,久留米競輪,8R,18:41,4-5,4,5,9.8,0.05810326937077771,-0.43058796016637835
8320260327020003,久留米競輪,3R,16:36,1-7,1,7,10.1,0.05633609957756927,-0.4310053942665504
3620260326030006,小田原競輪,6R,13:57,2-4,2,4,14.9,0.0381845345076438,-0.43105043583610736
4520260328010011,豊橋競輪,11R,15:54,1-7,1,7,23.9,0.023708255661438037,-0.4333726896916309
2820260328010002,立川競輪,2R,11:29,1-2,1,2,8.0,0.07077209302080033,-0.4338232558335974
6120260326030010,玉野競輪,10R,19:48,1-5,1,5,9.6,0.058837697339600044,-0.4351581055398396
4520260328010010,豊橋競輪,10R,15:19,1-2,1,2,9.5,0.05940726391604744,-0.43563099279754935
6120260326030009,玉野競輪,9R,19:20,4-5,4,5,32.6,0.017277631108166963,-0.436749225873757
2820260328010005,立川競輪,5R,12:45,1-6,1,6,16.9,0.03320249530492485,-0.4388778293467701
6120260326030008,玉野競輪,8R,18:54,2-5,2,5,8.2,0.06834001412501686,-0.43961188417486174
3620260326030007,小田原競輪,7R,14:27,2-6,2,6,8.5,0.06587174393411413,-0.4400901765600299
3620260326030007,小田原競輪,7R,14:27,4-5,4,5,10.4,0.05372270341623216,-0.4412838844711855
6120260326030004,玉野競輪,4R,17:12,3-7,3,7,7.8,0.0709532249450213,-0.4465648454288338
6120260326030008,玉野競輪,8R,18:54,1-7,1,7,10.0,0.05484596216028256,-0.4515403783971743
8120260326030007,小倉競輪,7R,22:46,1-4,1,4,6.7,0.08173816143083995,-0.45235431841337237
3620260326030004,小田原競輪,4R,13:03,4-5,4,5,34.5,0.01569094711274663,-0.45866232461024126
8120260326030005,小倉競輪,5R,22:05,1-5,1,5,5.0,0.10757405648980961,-0.462129717550952
6120260326030006,玉野競輪,6R,18:02,2-4,2,4,31.8,0.016908245359238377,-0.4623177975762196
6120260326030001,玉野競輪,1R,16:00,3-5,3,5,4.0,0.13373136025592286,-0.46507455897630856
3120260327020006,松戸競輪,6R,10:34,2-7,2,7,6.5,0.08167208712729934,-0.4691314336725543
4520260328010006,豊橋競輪,6R,13:21,1-7,1,7,9.3,0.05698999800697021,-0.46999301853517705
3620260326030005,小田原競輪,5R,13:30,2-7,2,7,10.1,0.052304692475808476,-0.47172260599433447
6120260326030011,玉野競輪,11R,20:16,1-2,1,2,7.3,0.07213079803426159,-0.4734451743498904
8120260326030008,小倉競輪,8R,23:08,1-4,1,4,4.2,0.12478931164415472,-0.4758848910945501
6120260326030007,玉野競輪,7R,18:28,6-7,6,7,14.7,0.035591393687820314,-0.4768065127890414
2820260328010006,立川競輪,6R,13:12,2-4,2,4,7.0,0.0744433521613494,-0.4788965348705543
6120260326030007,玉野競輪,7R,18:28,1-2,1,2,7.3,0.07114735221888255,-0.48062432880215744
6120260326030007,玉野競輪,7R,18:28,4-5,4,5,11.0,0.04698515742698754,-0.48316326830313705
3620260326030004,小田原競輪,4R,13:03,3-7,3,7,7.5,0.06880639802540232,-0.4839520148094826
2820260328010011,立川競輪,11R,15:42,1-5,1,5,10.6,0.04849548152168825,-0.48594789587010456
8120260326030001,小倉競輪,1R,20:45,2-6,2,6,7.0,0.07297442342598603,-0.48917903601809776
8320260327020010,久留米競輪,10R,19:34,3-4,3,4,15.2,0.03357534142133099,-0.48965481039576897
8120260326030004,小倉競輪,4R,21:45,2-7,2,7,19.5,0.02602151083443415,-0.492580538728534
8320260327020007,久留米競輪,7R,18:15,1-4,1,4,7.6,0.06668029802964522,-0.49322973497469635
4520260328010002,豊橋競輪,2R,11:37,3-9,3,9,16.1,0.03141855509012604,-0.4941612630489707
4520260328010006,豊橋競輪,6R,13:21,1-3,1,3,8.8,0.057419748864189255,-0.4947062099951345
8320260327020012,久留米競輪,12R,20:30,1-5,1,5,24.4,0.020706345928985327,-0.494765159332758
2820260328010008,立川競輪,8R,14:07,1-5,1,5,11.7,0.04310222684403582,-0.49570394592478095
3620260326030005,小田原競輪,5R,13:30,2-4,2,4,7.6,0.06626039602698723,-0.49642099019489705
6120260326030005,玉野競輪,5R,17:36,4-5,4,5,14.1,0.035655469857065546,-0.49725787501537577
8120260326030002,小倉競輪,2R,21:05,1-2,1,2,5.2,0.09655939305268985,-0.49789115612601276
8320260327020008,久留米競輪,8R,18:41,5-6,5,6,15.8,0.031752370301819856,-0.49831254923124624
3620260326030006,小田原競輪,6R,13:57,1-3,1,3,8.3,0.06040849576822244,-0.4986094851237537
8120260326030006,小倉競輪,6R,22:25,1-3,1,3,5.7,0.08774171434131664,-0.4998722282544952
4520260328010012,豊橋競輪,12R,16:30,3-6,3,6,17.1,0.029225107820096984,-0.5002506562763416
6120260326030001,玉野競輪,1R,16:00,1-4,1,4,12.3,0.040421294571481414,-0.5028180767707786
8320260327020008,久留米競輪,8R,18:41,2-6,2,6,31.7,0.015682804908062505,-0.5028550844144186
8120260326030006,小倉競輪,6R,22:25,1-2,1,2,5.7,0.08712880743228504,-0.5033657976359752
4520260328010003,豊橋競輪,3R,12:01,5-7,5,7,6.7,0.0739683945067658,-0.5044117568046691
4520260328010003,豊橋競輪,3R,12:01,1-7,1,7,14.0,0.03525759033403246,-0.5063937353235456
4520260328010012,豊橋競輪,12R,16:30,3-8,3,8,14.8,0.033315347749146414,-0.506932853312633
8120260326030007,小倉競輪,7R,22:46,3-4,3,4,13.5,0.03644346389341544,-0.5080132374388915
8320260327020008,久留米競輪,8R,18:41,2-7,2,7,19.0,0.02565114354624998,-0.5126282726212503
3620260326030006,小田原競輪,6R,13:57,3-5,3,5,11.8,0.04129422580800805,-0.5127281354655049
6120260326030008,玉野競輪,8R,18:54,2-3,2,3,5.6,0.08677994419511922,-0.5140323125073324
2820260328010008,立川競輪,8R,14:07,1-7,1,7,6.4,0.07577656392314377,-0.5150299908918798
4520260328010006,豊橋競輪,6R,13:21,2-3,2,3,11.5,0.042165126589693375,-0.5151010442185262
8320260327020010,久留米競輪,10R,19:34,5-7,5,7,5.3,0.09111304109926535,-0.5171008821738936
8120260326030007,小倉競輪,7R,22:46,2-5,2,5,13.5,0.03576055096594447,-0.5172325619597496
3120260327020004,松戸競輪,4R,09:52,1-7,1,7,5.5,0.08690556453074039,-0.5220193950809279
3620260326030002,小田原競輪,2R,12:09,2-7,2,7,83.6,0.005716870215932357,-0.522069649948055
4520260328010003,豊橋競輪,3R,12:01,3-9,3,9,19.1,0.024928857029767697,-0.5238588307314369
8320260327020003,久留米競輪,3R,16:36,2-7,2,7,5.0,0.09441551009162258,-0.527922449541887
2820260328010006,立川競輪,6R,13:12,4-6,4,6,5.3,0.0884567853358286,-0.5311790377201084
4520260328010007,豊橋競輪,7R,13:48,2-9,2,9,8.9,0.05243094675316383,-0.5333645738968419
4520260328010002,豊橋競輪,2R,11:37,1-3,1,3,10.6,0.04376037747325618,-0.5361399987834845
3120260327020004,松戸競輪,4R,09:52,3-4,3,4,8.4,0.055115824878497886,-0.5370270710206178
8120260326030007,小倉競輪,7R,22:46,1-2,1,2,4.5,0.10284171111039125,-0.5372123000032394
3620260326030003,小田原競輪,3R,12:36,3-5,3,5,4.7,0.09795105895616332,-0.5396300229060323
8120260326030009,小倉競輪,9R,23:30,1-7,1,7,6.5,0.07081199150672829,-0.5397220552062661
8120260326030006,小倉競輪,6R,22:25,1-5,1,5,8.6,0.0534645675018421,-0.5402047194841579
8120260326030007,小倉競輪,7R,22:46,4-7,4,7,13.5,0.0340109342961524,-0.5408523870019426
4520260328010006,豊橋競輪,6R,13:21,2-9,2,9,22.8,0.020119330521081807,-0.5412792641193348
3620260326030003,小田原競輪,3R,12:36,1-7,1,7,15.9,0.0287733140362522,-0.54250430682359
6120260326030011,玉野競輪,11R,20:16,2-3,2,3,5.7,0.0802196567391511,-0.5427479565868387
6120260326030001,玉野競輪,1R,16:00,4-5,4,5,7.5,0.0607432378652865,-0.5444257160103512
8120260326030006,小倉競輪,6R,22:25,4-5,4,5,17.2,0.026341512299308874,-0.5469259884518873
2820260328010005,立川競輪,5R,12:45,1-3,1,3,5.8,0.07783636664624252,-0.5485490734517934
4520260328010004,豊橋競輪,4R,12:27,1-7,1,7,17.9,0.02502860883359246,-0.5519879018786951
6120260326030007,玉野競輪,7R,18:28,2-4,2,4,6.6,0.06774146132209716,-0.5529063552741588
8120260326030004,小倉競輪,4R,21:45,1-4,1,4,4.8,0.09293417276539435,-0.5539159707261071
8320260327020001,久留米競輪,1R,15:48,2-5,2,5,13.4,0.03295256900896509,-0.5584355752798678
3620260326030008,小田原競輪,8R,14:57,2-7,2,7,5.9,0.07482042298278474,-0.55855950440157
3120260327020005,松戸競輪,5R,10:13,2-4,2,4,6.4,0.06891996646041072,-0.5589122146533714
3620260326030007,小田原競輪,7R,14:27,2-4,2,4,7.0,0.06282813130177635,-0.5602030808875655
8120260326030004,小倉競輪,4R,21:45,3-6,3,6,19.5,0.02252669110311046,-0.5607295234893461
2820260328010011,立川競輪,11R,15:42,1-3,1,3,4.9,0.0895589189981465,-0.5611612969090821
4520260328010012,豊橋競輪,12R,16:30,3-5,3,5,7.4,0.05925018491470975,-0.5615486316311478
8320260327020003,久留米競輪,3R,16:36,2-6,2,6,8.0,0.05474775784904174,-0.5620179372076661
2820260328010012,立川競輪,12R,16:18,2-5,2,5,6.8,0.06435346055836626,-0.5623964682031095
4520260328010009,豊橋競輪,9R,14:47,1-5,1,5,16.2,0.02691077068974193,-0.5640455148261807
4520260328010004,豊橋競輪,4R,12:27,2-7,2,7,11.9,0.03636855556938327,-0.5672141887243392
3620260326030010,小田原競輪,10R,16:06,1-7,1,7,18.5,0.02339052358831345,-0.5672753136162012
8320260327020001,久留米競輪,1R,15:48,3-4,3,4,3.7,0.11691333507812915,-0.5674206602109222
4520260328010001,豊橋競輪,1R,11:13,6-7,6,7,23.5,0.018279260032782758,-0.5704373892296052
2820260328010010,立川競輪,10R,15:08,1-7,1,7,10.7,0.039796291473367815,-0.5741796812349644
6120260326030008,玉野競輪,8R,18:54,1-2,1,2,6.4,0.06591126402178091,-0.5781679102606021
3620260326030001,小田原競輪,1R,11:45,5-7,5,7,9.5,0.04433695839775619,-0.5787988952213161
8320260327020008,久留米競輪,8R,18:41,2-4,2,4,10.9,0.03855836814408915,-0.5797137872294282
8120260326030002,小倉競輪,2R,21:05,3-6,3,6,10.5,0.04000864794134528,-0.5799091966158745
6120260326030006,玉野競輪,6R,18:02,4-5,4,5,8.5,0.04917004284189106,-0.582054635843926
8120260326030009,小倉競輪,9R,23:30,6-7,6,7,7.0,0.05967573647778669,-0.5822698446554931
8120260326030005,小倉競輪,5R,22:05,1-3,1,3,5.0,0.08286152364427767,-0.5856923817786117
8120260326030001,小倉競輪,1R,20:45,3-6,3,6,12.5,0.0330813092929544,-0.58648363383807
8320260327020010,久留米競輪,10R,19:34,2-5,2,5,6.6,0.0617936845609071,-0.5921616818980131
4520260328010004,豊橋競輪,4R,12:27,2-3,2,3,5.4,0.07544549707876363,-0.5925943157746764
3620260326030009,小田原競輪,9R,15:30,1-7,1,7,5.0,0.08119066213388709,-0.5940466893305645
4520260328010009,豊橋競輪,9R,14:47,3-7,3,7,13.8,0.029414479842302083,-0.5940801781762313
8320260327020009,久留米競輪,9R,19:07,3-6,3,6,21.6,0.01871850198520611,-0.595680357119548
8120260326030007,小倉競輪,7R,22:46,3-7,3,7,6.7,0.06031863569413218,-0.5958651408493144
6120260326030001,玉野競輪,1R,16:00,2-7,2,7,37.2,0.010863534698432228,-0.5958765092183211
2820260328010001,立川競輪,1R,11:05,4-5,4,5,3.3,0.12240118664481836,-0.5960760840720994
8120260326030002,小倉競輪,2R,21:05,2-4,2,4,10.5,0.03841655230135001,-0.596626200835825
8120260326030009,小倉競輪,9R,23:30,5-7,5,7,7.2,0.05593818050895353,-0.5972451003355346
6120260326030002,玉野競輪,2R,16:24,1-6,1,6,17.3,0.023199753677304202,-0.5986442613826373
4520260328010007,豊橋競輪,7R,13:48,1-9,1,9,12.8,0.031325887484150425,-0.5990286402028746
4520260328010008,豊橋競輪,8R,14:17,3-5,3,5,21.8,0.018280013199769463,-0.6014957122450257
8320260327020008,久留米競輪,8R,18:41,3-7,3,7,5.1,0.07813331805768083,-0.6015200779058278
8120260326030002,小倉競輪,2R,21:05,2-3,2,3,7.8,0.050998302462651836,-0.6022132407913157
8120260326030007,小倉競輪,7R,22:46,4-5,4,5,13.5,0.029355355662201654,-0.6037026985602777
8120260326030004,小倉競輪,4R,21:45,3-5,3,5,9.7,0.04081572521699103,-0.604087465395187
8120260326030009,小倉競輪,9R,23:30,2-7,2,7,5.7,0.06945311040216595,-0.6041172707076541
4520260328010012,豊橋競輪,12R,16:30,5-7,5,7,12.7,0.031070123087203118,-0.6054094367925205
3120260327020001,松戸競輪,1R,08:50,1-4,1,4,6.2,0.06331449251426044,-0.6074501464115852
8120260326030008,小倉競輪,8R,23:08,1-2,1,2,4.4,0.08910377047273961,-0.6079434099199457
8320260327020010,久留米競輪,10R,19:34,2-7,2,7,4.4,0.08905738010085983,-0.6081475275562167
8120260326030008,小倉競輪,8R,23:08,1-7,1,7,4.6,0.08474492637160555,-0.6101733386906145
8120260326030006,小倉競輪,6R,22:25,2-7,2,7,8.6,0.04516121902805713,-0.6116135163587086
3120260327020002,松戸競輪,2R,09:10,4-5,4,5,12.5,0.030873604698719283,-0.614079941266009
8320260327020002,久留米競輪,2R,16:12,3-7,3,7,9.0,0.04273124005429154,-0.6154188395113762
8320260327020002,久留米競輪,2R,16:12,4-7,4,7,10.4,0.03694952035196433,-0.615724988339571
8320260327020003,久留米競輪,3R,16:36,4-5,4,5,13.3,0.02884612386923962,-0.616346552539113
6120260326030004,玉野競輪,4R,17:12,1-5,1,5,7.7,0.04952210471558802,-0.6186797936899723
4520260328010005,豊橋競輪,5R,12:54,1-9,1,9,11.2,0.03403486490157935,-0.6188095131023112
8120260326030005,小倉競輪,5R,22:05,1-7,1,7,20.2,0.018755186038572774,-0.62114524202083
6120260326030006,玉野競輪,6R,18:02,5-6,5,6,9.8,0.03863694171677526,-0.6213579711756024
3620260326030002,小田原競輪,2R,12:09,4-5,4,5,4.6,0.08101497289558629,-0.627331124680303
3620260326030010,小田原競輪,10R,16:06,4-7,4,7,3.8,0.09804269094611015,-0.6274377744047814
4520260328010006,豊橋競輪,6R,13:21,2-7,2,7,9.7,0.03825316904574311,-0.6289442602562919
6120260326030008,玉野競輪,8R,18:54,2-7,2,7,3.0,0.12280398404750217,-0.6315880478574935
4520260328010005,豊橋競輪,5R,12:54,1-5,1,5,3.9,0.09431534558007386,-0.6321701522377119
3620260326030005,小田原競輪,5R,13:30,4-6,4,6,10.3,0.03550801595306793,-0.6342674356834004
8120260326030009,小倉競輪,9R,23:30,1-2,1,2,5.2,0.06994886284057639,-0.6362659132290027
3620260326030009,小田原競輪,9R,15:30,6-7,6,7,5.6,0.06454979045689901,-0.6385211734413656
8120260326030008,小倉競輪,8R,23:08,1-5,1,5,5.2,0.06950164490623291,-0.6385914464875888
3120260327020003,松戸競輪,3R,09:31,1-5,1,5,3.9,0.09153563774432241,-0.6430110127971427
3120260327020004,松戸競輪,4R,09:52,1-4,1,4,3.4,0.10483871995438362,-0.6435483521550958
8320260327020006,久留米競輪,6R,17:49,1-2,1,2,3.9,0.08945654253840052,-0.651119484100238
8320260327020002,久留米競輪,2R,16:12,1-7,1,7,4.8,0.0723614524237869,-0.6526650283658229
4520260328010007,豊橋競輪,7R,13:48,5-9,5,9,9.0,0.0382252725953216,-0.6559725466421056
2820260328010005,立川競輪,5R,12:45,3-6,3,6,6.7,0.051327556518755715,-0.6561053713243368
4520260328010003,豊橋競輪,3R,12:01,1-5,1,5,6.4,0.05370129025133982,-0.6563117423914251
6120260326030011,玉野競輪,11R,20:16,1-3,1,3,3.7,0.09266647347553497,-0.6571340481405206
8120260326030001,小倉競輪,1R,20:45,1-6,1,6,14.0,0.024410320401332133,-0.6582555143813501
3620260326030004,小田原競輪,4R,13:03,2-4,2,4,6.4,0.05316381961839711,-0.6597515544422585
4520260328010012,豊橋競輪,12R,16:30,3-9,3,9,6.6,0.0513326787243617,-0.6612043204192128
2820260328010007,立川競輪,7R,13:39,2-7,2,7,4.2,0.07917549371077881,-0.6674629264147289
8320260327020011,久留米競輪,11R,20:02,1-5,1,5,2.5,0.13297277473302965,-0.6675680631674259
6120260326030011,玉野競輪,11R,20:16,2-4,2,4,7.5,0.04422828682187749,-0.6682878488359189
2820260328010009,立川競輪,9R,14:37,3-5,3,5,3.5,0.09417792645855384,-0.6703772573950615
8320260327020003,久留米競輪,3R,16:36,2-5,2,5,4.7,0.06998395381504482,-0.6710754170692893
3620260326030002,小田原競輪,2R,12:09,3-4,3,4,11.1,0.029607077632635592,-0.6713614382777449
6120260326030003,玉野競輪,3R,16:48,1-4,1,4,2.9,0.1133236075846442,-0.6713615380045319
8320260327020012,久留米競輪,12R,20:30,1-2,1,2,6.8,0.048278623927338435,-0.6717053572940986
4520260328010004,豊橋競輪,4R,12:27,1-2,1,2,8.3,0.03915746769720049,-0.6749930181132359
8320260327020011,久留米競輪,11R,20:02,2-7,2,7,44.1,0.007367498939211197,-0.6750932967807862
3120260327020003,松戸競輪,3R,09:31,1-4,1,4,4.8,0.0675820926665189,-0.6756059552007092
2820260328010001,立川競輪,1R,11:05,1-4,1,4,3.5,0.09241850391882757,-0.6765352362841035
4520260328010010,豊橋競輪,10R,15:19,1-9,1,9,9.9,0.03266099940662947,-0.6766561058743683
8120260326030009,小倉競輪,9R,23:30,3-7,3,7,6.5,0.04962487247171869,-0.6774383289338285
3620260326030001,小田原競輪,1R,11:45,3-5,3,5,4.1,0.07804530403017321,-0.6800142534762899
8120260326030004,小倉競輪,4R,21:45,2-4,2,4,6.5,0.0490528390758085,-0.6811565460072447
8120260326030001,小倉競輪,1R,20:45,2-3,2,3,2.6,0.12208515576918486,-0.6825785950001193
6120260326030011,玉野競輪,11R,20:16,2-7,2,7,8.0,0.03932171201951462,-0.685426303843883
8120260326030005,小倉競輪,5R,22:05,2-7,2,7,20.2,0.015560157141077127,-0.685684825750242
8120260326030004,小倉競輪,4R,21:45,3-7,3,7,9.7,0.03202750714322866,-0.689333180710682
6120260326030005,玉野競輪,5R,17:36,1-3,1,3,2.9,0.10562204676066092,-0.6936960643940833
2820260328010012,立川競輪,12R,16:18,3-7,3,7,10.9,0.02807815899219802,-0.6939480669850415
4520260328010001,豊橋競輪,1R,11:13,2-7,2,7,3.6,0.08495570355519522,-0.6941594672012972
3120260327020007,松戸競輪,7R,10:55,3-6,3,6,4.1,0.07445009407960798,-0.6947546142736073
8120260326030006,小倉競輪,6R,22:25,2-3,2,3,5.7,0.053201158938548154,-0.6967533940502755
4520260328010004,豊橋競輪,4R,12:27,2-5,2,5,6.7,0.04503944973559108,-0.6982356867715398
6120260326030006,玉野競輪,6R,18:02,2-7,2,7,11.5,0.026158097239300633,-0.6991818817480427
2820260328010012,立川競輪,12R,16:18,1-5,1,5,4.1,0.0728870742908108,-0.7011629954076757
2820260328010012,立川競輪,12R,16:18,2-4,2,4,5.2,0.057403632669112206,-0.7015011101206166
3620260326030005,小田原競輪,5R,13:30,2-5,2,5,4.4,0.06775005912947935,-0.7018997398302909
4520260328010004,豊橋競輪,4R,12:27,3-7,3,7,6.1,0.04872860768230932,-0.7027554931379132
4520260328010007,豊橋競輪,7R,13:48,7-9,7,9,4.1,0.0721106603158015,-0.7043462927052139
6120260326030005,玉野競輪,5R,17:36,2-7,2,7,16.7,0.01758376538413492,-0.7063511180849469
8320260327020002,久留米競輪,2R,16:12,2-5,2,5,2.9,0.10092030081306513,-0.7073311276421111
4520260328010001,豊橋競輪,1R,11:13,1-7,1,7,5.8,0.050145733003036035,-0.709154748582391
3120260327020007,松戸競輪,7R,10:55,2-3,2,3,3.9,0.07256635655699215,-0.7169912094277306
4520260328010005,豊橋競輪,5R,12:54,5-9,5,9,6.8,0.04157655120352448,-0.7172794518160335
4520260328010012,豊橋競輪,12R,16:30,2-6,2,6,31.3,0.008936889248045646,-0.7202753665361712
8320260327020003,久留米競輪,3R,16:36,3-5,3,5,6.2,0.04463239530565041,-0.7232791491049675
2820260328010008,立川競輪,8R,14:07,4-7,4,7,3.8,0.07228312342653122,-0.7253241309791814
6120260326030004,玉野競輪,4R,17:12,5-7,5,7,2.8,0.09747042995202043,-0.7270827961343428
2820260328010001,立川競輪,1R,11:05,2-5,2,5,3.8,0.07165848371134104,-0.727697761896904
8120260326030004,小倉競輪,4R,21:45,1-3,1,3,4.8,0.056551031647767945,-0.7285550480907139
8320260327020007,久留米競輪,7R,18:15,2-4,2,4,3.6,0.07533183963168137,-0.7288053773259471
8320260327020011,久留米競輪,11R,20:02,2-4,2,4,52.1,0.005162100975096478,-0.7310545391974734
6120260326030007,玉野競輪,7R,18:28,2-7,2,7,4.7,0.05599832003066117,-0.7368078958558925
6120260326030007,玉野競輪,7R,18:28,1-6,1,6,5.7,0.04585571437319369,-0.738622428072796
3120260327020006,松戸競輪,6R,10:34,2-6,2,6,3.7,0.0702669489604909,-0.7400122888461836
8120260326030007,小倉競輪,7R,22:46,2-4,2,4,13.5,0.019115685079171003,-0.7419382514311914
8320260327020009,久留米競輪,9R,19:07,2-5,2,5,5.0,0.05064453961196053,-0.7467773019401973
6120260326030010,玉野競輪,10R,19:48,1-2,1,2,3.0,0.08397873413612963,-0.7480637975916111
6120260326030004,玉野競輪,4R,17:12,1-7,1,7,3.3,0.07614934432085685,-0.7487071637411724
3620260326030004,小田原競輪,4R,13:03,1-2,1,2,5.4,0.04603396349310898,-0.7514165971372115
3620260326030005,小田原競輪,5R,13:30,2-3,2,3,5.1,0.04854086460083586,-0.7524415905357371
6120260326030001,玉野競輪,1R,16:00,1-5,1,5,2.9,0.08473069637840734,-0.7542809805026187
2820260328010007,立川競輪,7R,13:39,3-7,3,7,2.9,0.08442545318937444,-0.7551661857508141
6120260326030006,玉野競輪,6R,18:02,3-6,3,6,3.9,0.06256844391440175,-0.7559830687338331
3620260326030009,小田原競輪,9R,15:30,1-4,1,4,3.5,0.06838692145674073,-0.7606457749014075
3120260327020003,松戸競輪,3R,09:31,5-7,5,7,3.0,0.07883307090882741,-0.7635007872735178
8120260326030002,小倉競輪,2R,21:05,2-5,2,5,4.5,0.052499428570411705,-0.7637525714331473
8320260327020010,久留米競輪,10R,19:34,1-5,1,5,4.8,0.04890606796878219,-0.7652508737498455
4520260328010004,豊橋競輪,4R,12:27,1-9,1,9,7.7,0.030257761791177,-0.767015234207937
6120260326030003,玉野競輪,3R,16:48,4-7,4,7,5.5,0.04219958152149541,-0.7679023016317752
3620260326030006,小田原競輪,6R,13:57,4-7,4,7,2.1,0.11010686834886727,-0.7687755764673787
8320260327020011,久留米競輪,11R,20:02,3-5,3,5,2.3,0.09938864351046779,-0.7714061199259241
3620260326030001,小田原競輪,1R,11:45,3-6,3,6,6.4,0.03562077469475365,-0.7720270419535766
8320260327020012,久留米競輪,12R,20:30,2-4,2,4,1.8,0.12567242973466522,-0.7737896264776026
8320260327020004,久留米競輪,4R,17:00,2-5,2,5,3.2,0.0696717357527378,-0.777050445591239
6120260326030003,玉野競輪,3R,16:48,1-7,1,7,1.7,0.1267711594638855,-0.7844890289113946
8320260327020006,久留米競輪,6R,17:49,1-4,1,4,1.5,0.14011897076773827,-0.7898215438483926
4520260328010012,豊橋競輪,12R,16:30,3-4,3,4,4.6,0.04536927305998503,-0.7913013439240688
8120260326030008,小倉競輪,8R,23:08,1-3,1,3,5.0,0.04100483930487707,-0.7949758034756147
6120260326030010,玉野競輪,10R,19:48,1-7,1,7,3.1,0.06560200548200569,-0.7966337830057824
3620260326030004,小田原競輪,4R,13:03,1-5,1,5,14.4,0.014112728730132227,-0.796776706286096
4520260328010008,豊橋競輪,8R,14:17,2-9,2,9,8.8,0.022896892034782932,-0.7985073500939102
2820260328010005,立川競輪,5R,12:45,3-7,3,7,2.7,0.07440913684730974,-0.7990953305122637
2820260328010007,立川競輪,7R,13:39,6-7,6,7,2.1,0.09538376550026563,-0.7996940924494422
4520260328010001,豊橋競輪,1R,11:13,2-5,2,5,2.8,0.07082658819053665,-0.8016855530664974
3120260327020004,松戸競輪,4R,09:52,1-5,1,5,2.9,0.06495895581407576,-0.8116190281391803
3620260326030007,小田原競輪,7R,14:27,2-5,2,5,1.7,0.1105123740233415,-0.8121289641603194
4520260328010008,豊橋競輪,8R,14:17,1-9,1,9,4.6,0.04058412460122415,-0.8133130268343689
6120260326030009,玉野競輪,9R,19:20,2-3,2,3,1.9,0.09785736779844822,-0.8140710011829484
2820260328010008,立川競輪,8R,14:07,2-7,2,7,2.6,0.07109764194612095,-0.8151461309400856
4520260328010008,豊橋競輪,8R,14:17,1-7,1,7,2.2,0.08400827002905725,-0.815181805936074
3620260326030001,小田原競輪,1R,11:45,1-5,1,5,2.6,0.0710003107133179,-0.8153991921453735
8320260327020001,久留米競輪,1R,15:48,1-4,1,4,2.6,0.07025765430696422,-0.817330098801893
8320260327020004,久留米競輪,4R,17:00,1-4,1,4,2.6,0.06884756337576253,-0.8209963352230174
3620260326030002,小田原競輪,2R,12:09,3-5,3,5,1.9,0.09385553039040959,-0.8216744922582218
2820260328010011,立川競輪,11R,15:42,3-5,3,5,1.9,0.09332392948136056,-0.822684533985415
6120260326030009,玉野競輪,9R,19:20,1-2,1,2,2.1,0.08393065833170792,-0.8237456175034134
3620260326030008,小田原競輪,8R,14:57,3-5,3,5,2.0,0.08773371017383319,-0.8245325796523336
2820260328010003,立川競輪,3R,11:53,2-7,2,7,1.2,0.14606025854374288,-0.8247276897475085
4520260328010002,豊橋競輪,2R,11:37,3-7,3,7,2.1,0.08135421228725342,-0.8291561541967678
8120260326030006,小倉競輪,6R,22:25,6-7,6,7,5.7,0.029919047464921113,-0.8294614294499496
3620260326030004,小田原競輪,4R,13:03,1-4,1,4,3.4,0.04969423498795861,-0.8310396010409408
3120260327020001,松戸競輪,1R,08:50,3-5,3,5,1.5,0.11251677162546292,-0.8312248425618056
3620260326030010,小田原競輪,10R,16:06,2-4,2,4,1.9,0.08843607022408137,-0.8319714665742454
4520260328010002,豊橋競輪,2R,11:37,1-9,1,9,8.7,0.018903868049663673,-0.8355363479679261
3120260327020002,松戸競輪,2R,09:10,2-5,2,5,1.8,0.09115348973502978,-0.8359237184769464
3120260327020007,松戸競輪,7R,10:55,3-4,3,4,1.9,0.08478724238395105,-0.838904239470493
8320260327020009,久留米競輪,9R,19:07,1-7,1,7,5.0,0.03219996591761521,-0.839000170411924
3620260326030003,小田原競輪,3R,12:36,1-4,1,4,2.7,0.058410127876043424,-0.8422926547346827
8320260327020007,久留米競輪,7R,18:15,4-6,4,6,1.6,0.09738444814802333,-0.8441848829631626
4520260328010005,豊橋競輪,5R,12:54,1-4,1,4,3.5,0.044201633328616485,-0.8452942833498422
2820260328010010,立川競輪,10R,15:08,2-5,2,5,1.4,0.10952834828297146,-0.84666031240384
6120260326030005,玉野競輪,5R,17:36,3-5,3,5,2.2,0.06864523176634069,-0.8489804901140505
3120260327020006,松戸競輪,6R,10:34,1-2,1,2,1.5,0.0968685973315927,-0.854697104002611
2820260328010006,立川競輪,6R,13:12,2-6,2,6,1.4,0.10187525179210857,-0.857374647491048
3120260327020005,松戸競輪,5R,10:13,1-4,1,4,1.2,0.11854646101894101,-0.8577442467772708
4520260328010003,豊橋競輪,3R,12:01,7-9,7,9,3.0,0.04502259602787575,-0.8649322119163727
6120260326030008,玉野競輪,8R,18:54,4-5,4,5,8.2,0.0164442237715117,-0.8651573650736041
4520260328010006,豊橋競輪,6R,13:21,3-7,3,7,1.8,0.07442247763597304,-0.8660395402552485
4520260328010009,豊橋競輪,9R,14:47,2-9,2,9,1.6,0.08336663950946899,-0.8666133767848496
6120260326030002,玉野競輪,2R,16:24,1-4,1,4,1.3,0.10147655285550866,-0.8680804812878388
8320260327020005,久留米競輪,5R,17:24,2-4,2,4,1.2,0.10824751090113996,-0.8701029869186321
2820260328010004,立川競輪,4R,12:18,3-5,3,5,1.0,0.12890244912653298,-0.8710975508734671
2820260328010009,立川競輪,9R,14:37,1-4,1,4,2.4,0.050197428033354335,-0.8795261727199496
4520260328010007,豊橋競輪,7R,13:48,2-7,2,7,2.2,0.054484720564635956,-0.8801336147578009
4520260328010010,豊橋競輪,10R,15:19,1-5,1,5,1.4,0.08468642436874743,-0.8814390058837536
8120260326030003,小倉競輪,3R,21:25,1-4,1,4,1.0,0.1024347941515666,-0.8975652058484334
2820260328010002,立川競輪,2R,11:29,1-7,1,7,1.5,0.0670328006655031,-0.8994507990017453
4520260328010011,豊橋競輪,11R,15:54,1-9,1,9,1.1,0.08920461942165704,-0.9018749186361772
8120260326030007,小倉競輪,7R,22:46,4-6,4,6,13.5,0.006321417533757514,-0.9146608632942735
8120260326030005,小倉競輪,5R,22:05,3-7,3,7,10.1,0.0064923024332588135,-0.934427745424086
