race_id,競輪場,レース番号,開始時間,買い目,a,b,odds,p,EV
5320260314020006,奈良競輪,6R,13:08,1-6,1,6,306.5,0.04335795885375754,12.289214388676685
4320260314020003,岐阜競輪,3R,12:05,6-7,6,7,337.1,0.0357249929938579,11.0428951382295
7520260313030001,松山競輪,1R,20:50,1-7,1,7,200.2,0.059724267954338876,10.956798444458641
4320260314020010,岐阜競輪,10R,15:03,2-6,2,6,151.5,0.07235348685727101,9.961553258876558
8720260314020004,熊本競輪,5R,10:13,6-7,6,7,87.1,0.12341177159440989,9.7491653058731
8720260314020005,熊本競輪,6R,10:34,1-6,1,6,281.9,0.03604053647704367,9.15982723287861
4320260314020005,岐阜競輪,5R,12:51,6-7,6,7,494.3,0.020434699886575463,9.100872153934251
2620260312040011,西武園競輪,11R,20:00,5-6,5,6,232.3,0.04065977849484711,8.445266544352984
2320260312040009,取手競輪,9R,14:18,4-6,4,6,428.8,0.02129515171861261,8.131361056941087
8720260314020004,熊本競輪,5R,10:13,3-6,3,6,141.0,0.06430110796615741,8.066456223228196
5320260314020006,奈良競輪,6R,13:08,4-7,4,7,268.2,0.03373036859797805,8.046484857977713
2620260312040011,西武園競輪,11R,20:00,3-5,3,5,263.3,0.034247152765772254,8.017275323227835
4420260313030009,大垣競輪,9R,23:20,6-7,6,7,173.2,0.051505465933670974,7.9207466997118114
5320260314020006,奈良競輪,6R,13:08,2-6,2,6,268.2,0.0332482219597751,7.917173129611681
8720260314020006,熊本競輪,7R,10:55,1-6,1,6,492.7,0.017777183879575026,7.758818497466615
5320260314020005,奈良競輪,5R,12:43,1-5,1,5,183.2,0.04755825535689408,7.712672381382994
6220260313030006,広島競輪,6R,17:59,6-7,6,7,111.3,0.07625392836056712,7.487062226531119
4320260314020005,岐阜競輪,5R,12:51,3-6,3,6,263.6,0.03211913086450946,7.466602895884694
5320260314020006,奈良競輪,6R,13:08,1-5,1,5,178.8,0.04722704781295205,7.444196148955827
5320260314020006,奈良競輪,6R,13:08,5-7,5,7,357.6,0.022836847838111095,7.166456786908528
2620260312040012,西武園競輪,12R,20:30,3-8,3,8,246.9,0.03227242826269173,6.968062538058588
5320260314020006,奈良競輪,6R,13:08,2-7,2,7,195.0,0.040375615592777823,6.873245040591676
8720260314020006,熊本競輪,7R,10:55,2-6,2,6,328.5,0.0238649850574548,6.839647591373902
6220260313030005,広島競輪,5R,17:35,4-5,4,5,252.0,0.030929745534975284,6.794295874813772
4320260314020010,岐阜競輪,10R,15:03,2-3,2,3,108.7,0.07124565888939616,6.7444031212773625
6220260313030006,広島競輪,6R,17:59,5-6,5,6,222.7,0.034104639646998086,6.595103249386473
6220260313030003,広島競輪,3R,16:47,2-5,2,5,246.7,0.030345059535004364,6.486126187285576
5320260314020006,奈良競輪,6R,13:08,5-6,5,6,429.1,0.01726836691181169,6.409856241858396
6220260313030010,広島競輪,10R,19:45,1-3,1,3,216.3,0.03406347501720193,6.3679296462207775
5320260314020008,奈良競輪,8R,14:00,5-6,5,6,233.2,0.03136373361998437,6.314022680180354
8720260314020005,熊本競輪,6R,10:34,6-7,6,7,132.3,0.05498036028903731,6.273901666239636
8720260314020006,熊本競輪,7R,10:55,6-7,6,7,157.6,0.045541516490842926,6.177342998956845
8720260314020005,熊本競輪,6R,10:34,2-6,2,6,209.2,0.03428004266870066,6.171384926292178
8720260314020001,熊本競輪,2R,09:10,1-6,1,6,176.8,0.03983709853562027,6.0431990210976645
2620260312040009,西武園競輪,9R,19:04,5-8,5,8,442.2,0.015914916513191102,6.037576082133105
8720260314020004,熊本競輪,5R,10:13,5-6,5,6,250.2,0.027363142623174984,5.846258284318381
8720260314020006,熊本競輪,7R,10:55,5-6,5,6,138.3,0.049481208655680065,5.843251157080553
8720260314020004,熊本競輪,5R,10:13,1-6,1,6,287.2,0.023577799938557725,5.771544142353778
8720260314020005,熊本競輪,6R,10:34,3-6,3,6,360.2,0.018732692003628554,5.747515659707005
5320260314020001,奈良競輪,1R,11:12,4-5,4,5,72.6,0.09282871433571144,5.73936466077265
2620260312040011,西武園競輪,11R,20:00,2-5,2,5,136.1,0.04889564118140903,5.654696764789769
4320260314020011,岐阜競輪,11R,15:30,5-6,5,6,132.0,0.05037245013544377,5.649163417878578
6220260313030010,広島競輪,10R,19:45,5-6,5,6,216.3,0.03050487042776156,5.598203473524825
5320260314020001,奈良競輪,1R,11:12,5-6,5,6,195.0,0.03372941978879404,5.577236858814838
5320260314020006,奈良競輪,6R,13:08,4-6,4,6,238.4,0.02743732999404837,5.541059470581132
2620260312040011,西武園競輪,11R,20:00,2-6,2,6,171.7,0.03734176663449647,5.411581331143043
2620260312040002,西武園競輪,2R,16:15,2-6,2,6,216.5,0.02885737550212846,5.247621796210812
5320260314020011,奈良競輪,11R,15:21,3-4,3,4,362.0,0.017186406797096175,5.221479260548815
5320260314020008,奈良競輪,8R,14:00,3-5,3,5,120.1,0.051229950341817654,5.1527170360523
4320260314020003,岐阜競輪,3R,12:05,2-6,2,6,259.3,0.023706102175790333,5.146992294182434
2620260312040002,西武園競輪,2R,16:15,2-5,2,5,216.5,0.028222025711685063,5.110068566579816
8720260314020003,熊本競輪,4R,09:52,6-7,6,7,196.3,0.030809482893031925,5.047901491902167
4320260314020011,岐阜競輪,11R,15:30,4-5,4,5,145.3,0.04133712484465946,5.006284239929021
5320260314020006,奈良競輪,6R,13:08,4-5,4,5,195.0,0.030720973493098908,4.990589831154287
5320260314020008,奈良競輪,8R,14:00,4-5,4,5,152.4,0.039305214293167065,4.990114658278661
2320260312040009,取手競輪,9R,14:18,6-8,6,8,413.5,0.01447480157777045,4.985330452408081
4420260313030008,大垣競輪,8R,23:00,1-3,1,3,75.7,0.0787872034513641,4.964191301268262
2320260312040009,取手競輪,9R,14:18,6-7,6,7,289.4,0.020558151327693765,4.949528994234575
8720260314020006,熊本競輪,7R,10:55,1-3,1,3,246.3,0.024027757571323707,4.918036689817029
2620260312040007,西武園競輪,7R,18:12,4-9,4,9,627.0,0.009438121065718758,4.917701908205661
5320260314020008,奈良競輪,8R,14:00,4-6,4,6,146.8,0.04015705566347723,4.895055771398457
6220260313030006,広島競輪,6R,17:59,1-6,1,6,222.7,0.02638756186129183,4.87651002650969
5320260314020001,奈良競輪,1R,11:12,1-5,1,5,95.0,0.06110192421153552,4.804682800095875
8720260314020001,熊本競輪,2R,09:10,4-6,4,6,172.8,0.03355322353896513,4.7979970275331745
4320260314020003,岐阜競輪,3R,12:05,1-6,1,6,140.4,0.040953393237122625,4.749856410492017
8720260314020006,熊本競輪,7R,10:55,1-2,1,2,143.3,0.040087800009407516,4.744581741348098
4320260314020001,岐阜競輪,1R,11:19,5-7,5,7,71.2,0.08065436470613081,4.742590767076514
8720260314020006,熊本競輪,7R,10:55,1-7,1,7,84.7,0.0676774225946623,4.732277693767897
2620260312040011,西武園競輪,11R,20:00,3-4,3,4,164.5,0.0347283998915159,4.712821782154366
6220260313030005,広島競輪,5R,17:35,3-4,3,4,168.0,0.03394366396903286,4.70253554679752
4320260314020002,岐阜競輪,2R,11:42,1-6,1,6,161.9,0.03505771172350284,4.67584352803511
2620260312040011,西武園競輪,11R,20:00,3-6,3,6,232.3,0.024376290612915144,4.662612309380188
2320260312040009,取手競輪,9R,14:18,5-6,5,6,269.2,0.020996492207341844,4.652255702216424
6220260313030004,広島競輪,4R,17:11,3-6,3,6,131.0,0.042741378029224425,4.599120521828399
2620260312040011,西武園競輪,11R,20:00,2-3,2,3,179.5,0.03099514273779049,4.563628121433394
6220260313030010,広島競輪,10R,19:45,3-6,3,6,144.2,0.03856377950720624,4.5608970049391395
5320260314020001,奈良競輪,1R,11:12,1-4,1,4,60.7,0.09155776751377372,4.557556488086065
4320260314020007,岐阜競輪,7R,13:42,4-6,4,6,118.8,0.046466568270648545,4.520228310553047
2620260312040002,西武園競輪,2R,16:15,2-3,2,3,148.1,0.037095364736422,4.493823517464098
6220260313030010,広島競輪,10R,19:45,3-4,3,4,108.1,0.05066407248997837,4.476786236166661
8720260314020001,熊本競輪,2R,09:10,1-3,1,3,101.4,0.05399380160126771,4.474971482368546
4320260314020005,岐阜競輪,5R,12:51,2-7,2,7,127.5,0.042910895075224456,4.4711391220911185
5320260314020007,奈良競輪,7R,13:33,1-6,1,6,154.1,0.03537699495239081,4.451594922163423
6220260313030011,広島競輪,11R,20:15,4-5,4,5,293.6,0.01835478994601219,4.388966328149179
2320260312040012,取手競輪,12R,15:40,4-9,4,9,213.9,0.02505805370227252,4.359917686916092
5320260314020009,奈良競輪,9R,14:27,5-6,5,6,95.7,0.05564307504688528,4.325042281986922
4320260314020004,岐阜競輪,4R,12:28,2-6,2,6,131.6,0.04036364495394004,4.311855675938509
2320260312040010,取手競輪,10R,14:45,2-8,2,8,159.2,0.03330674416339445,4.3024336708123965
4320260314020007,岐阜競輪,7R,13:42,2-6,2,6,72.8,0.07245756911503498,4.274911031574546
2320260312040003,取手競輪,3R,11:50,6-7,6,7,343.4,0.015249835205739797,4.236793409651046
5320260314020007,奈良競輪,7R,13:33,6-7,6,7,65.6,0.07958963663138952,4.221080163019152
6220260313030003,広島競輪,3R,16:47,1-4,1,4,88.4,0.05886502523366579,4.203668230656056
5320260314020008,奈良競輪,8R,14:00,2-6,2,6,172.3,0.030200810403024345,4.203599632441095
2320260312040012,取手競輪,12R,15:40,1-4,1,4,93.4,0.05570587139140251,4.2029283879569945
8720260314020001,熊本競輪,2R,09:10,2-6,2,6,83.5,0.06204187654086828,4.180496691162502
6220260313030010,広島競輪,10R,19:45,3-5,3,5,216.3,0.023909062435705813,4.171530204843168
5320260314020005,奈良競輪,5R,12:43,1-2,1,2,104.7,0.04927414927716037,4.15900342931869
8720260314020003,熊本競輪,4R,09:52,5-6,5,6,85.2,0.06004258761733007,4.115628464996522
4320260314020007,岐阜競輪,7R,13:42,3-6,3,6,150.5,0.03384695658237008,4.093966965646697
4320260314020004,岐阜競輪,4R,12:28,4-6,4,6,136.1,0.037306863790232514,4.077464161850645
8720260314020004,熊本競輪,5R,10:13,4-6,4,6,242.3,0.020906752136981482,4.065706042790613
2620260312040002,西武園競輪,2R,16:15,2-4,2,4,122.4,0.04125762590850557,4.049933411201081
6220260313030005,広島競輪,5R,17:35,6-7,6,7,84.0,0.06010936718804022,4.049186843795378
2620260312040008,西武園競輪,8R,18:38,2-8,2,8,222.7,0.02253090611838912,4.017632792565257
7520260313030008,松山競輪,8R,23:10,2-7,2,7,123.7,0.040532372303106655,4.013854453894293
5320260314020003,奈良競輪,3R,11:57,3-7,3,7,147.7,0.033551049780271285,3.955490052546068
2320260312040009,取手競輪,9R,14:18,3-6,3,6,180.9,0.02729256643257741,3.937225267653253
4320260314020006,岐阜競輪,6R,13:16,4-5,4,5,79.8,0.061828916882870455,3.933947567253062
4320260314020002,岐阜競輪,2R,11:42,6-7,6,7,94.1,0.05219951406741178,3.911974273743448
2320260312040011,取手競輪,11R,15:12,5-7,5,7,102.9,0.04748010768061793,3.8857030803355856
4320260314020005,岐阜競輪,5R,12:51,4-7,4,7,146.4,0.033363914575357166,3.884477093832289
2620260312040002,西武園競輪,2R,16:15,4-5,4,5,100.5,0.048469200606176474,3.8711546609207357
7520260313030001,松山競輪,1R,20:50,2-7,2,7,100.1,0.048440856285202796,3.8489297141487997
2320260312040009,取手競輪,9R,14:18,4-8,4,8,428.8,0.011279304395904723,3.836565724963945
2320260312040011,取手競輪,11R,15:12,7-8,7,8,234.5,0.020405557075978614,3.7851031343169845
6220260313030003,広島競輪,3R,16:47,3-4,3,4,180.2,0.026443253856546826,3.7650743449497375
8720260314020005,熊本競輪,6R,10:34,1-2,1,2,111.8,0.04243350986660395,3.7440664030863218
5320260314020008,奈良競輪,8R,14:00,1-6,1,6,55.0,0.08614506209531589,3.737978415242374
6220260313030003,広島競輪,3R,16:47,4-5,4,5,234.3,0.020215277582007148,3.7364395374642747
5320260314020006,奈良競輪,6R,13:08,6-7,6,7,238.4,0.019807993835998253,3.7222257305019832
2320260312040009,取手競輪,9R,14:18,3-8,3,8,206.7,0.022525543412791026,3.6560298234239044
5320260314020009,奈良競輪,9R,14:27,1-6,1,6,174.1,0.02672863959723059,3.653456153877846
6220260313030009,広島競輪,9R,19:17,6-7,6,7,111.0,0.041766765287124114,3.636110946870777
5320260314020004,奈良競輪,4R,12:20,1-4,1,4,69.1,0.06694754870480782,3.62607561550222
2320260312040011,取手競輪,11R,15:12,4-7,4,7,189.0,0.024320458823048695,3.596566717556203
2620260312040004,西武園競輪,4R,16:59,2-3,2,3,133.1,0.03448773152253515,3.590317065649428
7520260313030008,松山競輪,8R,23:10,5-6,5,6,123.7,0.03703044503013017,3.5806660502271024
4320260314020001,岐阜競輪,1R,11:19,4-7,4,7,95.5,0.047710597306763844,3.5563620427959473
5320260314020002,奈良競輪,2R,11:34,1-2,1,2,117.5,0.038721165855680056,3.5497369880424063
7520260313030001,松山競輪,1R,20:50,5-7,5,7,200.2,0.022572097191111383,3.5189338576604987
5320260314020011,奈良競輪,11R,15:21,3-5,3,5,93.8,0.048146512805587856,3.516142901164141
2620260312040004,西武園競輪,4R,16:59,2-4,2,4,149.2,0.03023451035714971,3.510988945286736
6220260313030004,広島競輪,4R,17:11,1-6,1,6,99.1,0.045421056674349,3.501226716427986
4320260314020003,岐阜競輪,3R,12:05,5-6,5,6,210.7,0.021316094415883047,3.491301093426558
5320260314020011,奈良競輪,11R,15:21,4-7,4,7,133.3,0.033508741372951734,3.4667152250144664
5320260314020005,奈良競輪,5R,12:43,5-6,5,6,66.6,0.06689001098155975,3.454874731371879
4320260314020011,岐阜競輪,11R,15:30,6-7,6,7,181.6,0.024423083902574534,3.435232036707535
8720260314020003,熊本競輪,4R,09:52,1-7,1,7,135.0,0.03284070223442621,3.433494801647538
2620260312040009,西武園競輪,9R,19:04,3-6,3,6,165.8,0.026565510625240367,3.404561661664853
5320260314020009,奈良競輪,9R,14:27,6-7,6,7,81.4,0.05386925959575432,3.384957731094402
5320260314020007,奈良競輪,7R,13:33,5-6,5,6,122.2,0.03586633629760176,3.3828662955669353
5320260314020009,奈良競輪,9R,14:27,4-6,4,6,255.3,0.01704017339881286,3.350356268716923
2320260312040009,取手競輪,9R,14:18,2-6,2,6,165.4,0.026151464949058317,3.325452302574246
2620260312040011,西武園競輪,11R,20:00,4-6,4,6,103.9,0.04149201848514551,3.311020720606619
7520260313030001,松山競輪,1R,20:50,6-7,6,7,200.2,0.021483714996591755,3.301039742317669
2620260312040012,西武園競輪,12R,20:30,4-8,4,8,384.0,0.01119657054812707,3.299483090480795
2620260312040011,西武園競輪,11R,20:00,2-4,2,4,85.8,0.05006475972931746,3.2955563847754377
5320260314020007,奈良競輪,7R,13:33,4-6,4,6,168.8,0.02537266220235459,3.282905379757455
2620260312040001,西武園競輪,1R,15:45,4-5,4,5,94.4,0.04505541541626527,3.2532312152954415
6220260313030005,広島競輪,5R,17:35,3-6,3,6,126.0,0.03363042452929795,3.237433490691542
2620260312040009,西武園競輪,9R,19:04,2-8,2,8,102.0,0.041295750077207205,3.2121665078751347
6220260313030011,広島競輪,11R,20:15,6-7,6,7,97.8,0.04300220566068291,3.2056157136147885
8720260314020005,熊本競輪,6R,10:34,5-6,5,6,259.4,0.01619664000782562,3.201408418029965
4320260314020003,岐阜競輪,3R,12:05,3-6,3,6,153.2,0.02741817546918883,3.2004644818797283
5320260314020006,奈良競輪,6R,13:08,1-7,1,7,82.5,0.05089750150819589,3.1990438744261613
2620260312040004,西武園競輪,4R,16:59,4-8,4,8,428.2,0.009780131259544515,3.187852205336961
6220260313030001,広島競輪,1R,15:55,5-6,5,6,54.4,0.07629773511990427,3.1505967905227923
4420260313030008,大垣競輪,8R,23:00,2-4,2,4,75.7,0.054521455683454415,3.127274195237499
5320260314020001,奈良競輪,1R,11:12,1-6,1,6,115.7,0.03549395426518362,3.106650508481745
4320260314020010,岐阜競輪,10R,15:03,1-6,1,6,74.6,0.055038376681795814,3.1058629004619673
5320260314020003,奈良競輪,3R,11:57,3-6,3,6,67.1,0.06113597910160369,3.1022241977176073
2320260312040008,取手競輪,8R,13:51,3-4,3,4,89.1,0.046020725948265166,3.1004466819904257
4320260314020001,岐阜競輪,1R,11:19,3-7,3,7,128.3,0.031643512097894566,3.059862602159873
4320260314020006,岐阜競輪,6R,13:16,2-5,2,5,47.6,0.08525124914885386,3.057959459485444
5320260314020007,奈良競輪,7R,13:33,3-6,3,6,253.2,0.0159984271476443,3.050801753783536
5320260314020008,奈良競輪,8R,14:00,5-7,5,7,264.3,0.015323106556219858,3.049897062808909
4320260314020003,岐阜競輪,3R,12:05,2-3,2,3,84.2,0.047868897228160484,3.030561146611113
5320260314020005,奈良競輪,5R,12:43,2-5,2,5,104.7,0.03811832204243899,2.9909883178433625
5320260314020005,奈良競輪,5R,12:43,4-5,4,5,53.3,0.0748339095555152,2.9886473793089596
2620260312040008,西武園競輪,8R,18:38,5-8,5,8,111.3,0.03573578272489077,2.977392617280343
8720260314020003,熊本競輪,4R,09:52,2-7,2,7,102.8,0.03867674759417755,2.975969652681452
6220260313030004,広島競輪,4R,17:11,4-6,4,6,48.3,0.08228785625161984,2.9745034569532383
2320260312040012,取手競輪,12R,15:40,4-7,4,7,112.6,0.035259140714295784,2.970179244429705
8720260314020005,熊本競輪,6R,10:34,2-3,2,3,154.4,0.025690167256246104,2.9665618243643985
5320260314020006,奈良競輪,6R,13:08,2-5,2,5,107.2,0.03695375926684102,2.961442993405357
2320260312040005,取手競輪,5R,12:36,6-7,6,7,237.3,0.016643743199091673,2.949560261144454
8720260314020002,熊本競輪,3R,09:31,1-6,1,6,106.0,0.03721658177166415,2.9449576677963996
4320260314020005,岐阜競輪,5R,12:51,5-6,5,6,164.7,0.023902268473522555,2.9367036175891648
6220260313030005,広島競輪,5R,17:35,5-6,5,6,126.0,0.030803324359634787,2.881218869313983
2620260312040002,西武園競輪,2R,16:15,2-7,2,7,71.2,0.0543154669048755,2.867261243627136
6220260313030003,広島競輪,3R,16:47,2-6,2,6,390.6,0.009744616961272847,2.806247385073174
6220260313030010,広島競輪,10R,19:45,1-5,1,5,144.2,0.026172449567859343,2.774067227685317
4320260314020011,岐阜競輪,11R,15:30,5-7,5,7,64.1,0.058832086849006995,2.771136767021348
6220260313030011,広島競輪,11R,20:15,1-6,1,6,83.8,0.04493671786261623,2.76569695688724
2320260312040012,取手競輪,12R,15:40,4-5,4,5,242.6,0.015486997845193742,2.7571456772440017
6220260313030004,広島競輪,4R,17:11,2-6,2,6,63.4,0.05912108542810035,2.748276816141562
8720260314020003,熊本競輪,4R,09:52,1-6,1,6,231.4,0.016148772751142633,2.7368260146144054
8720260314020002,熊本競輪,3R,09:31,1-7,1,7,128.5,0.0290797041558552,2.736741984027393
6220260313030009,広島競輪,9R,19:17,4-5,4,5,47.5,0.0783680293434239,2.7224813938126355
2620260312040002,西武園競輪,2R,16:15,1-2,1,2,148.1,0.025089984508219195,2.7158267056672627
7520260313030008,松山競輪,8R,23:10,4-6,4,6,123.7,0.029961310956720187,2.7062141653462874
5320260314020004,奈良競輪,4R,12:20,1-3,1,3,88.9,0.04138944068431805,2.6795212768358754
2320260312040010,取手競輪,10R,14:45,8-9,8,9,138.7,0.026481997069233765,2.673052993502723
4320260314020006,岐阜競輪,6R,13:16,5-6,5,6,53.7,0.06817628301042296,2.661066397659713
6220260313030006,広島競輪,6R,17:59,4-6,4,6,222.7,0.016402676821813518,2.65287612821787
7520260313030008,松山競輪,8R,23:10,5-7,5,7,123.7,0.029426444906734118,2.6400512349630105
8720260314020005,熊本競輪,6R,10:34,1-3,1,3,135.1,0.02693582314505005,2.6390297068962614
5320260314020001,奈良競輪,1R,11:12,3-5,3,5,100.1,0.03629858667110334,2.633488525777444
7520260313030008,松山競輪,8R,23:10,3-7,3,7,123.7,0.02931809811387555,2.6266487366864055
2620260312040008,西武園競輪,8R,18:38,4-5,4,5,95.4,0.037841804123626845,2.610108113394001
2320260312040003,取手競輪,3R,11:50,2-7,2,7,73.0,0.04931522393374645,2.600011347163491
5320260314020004,奈良競輪,4R,12:20,1-6,1,6,148.2,0.024263264064477104,2.5958157343555066
4320260314020005,岐阜競輪,5R,12:51,1-6,1,6,53.4,0.06681720363543395,2.568038674132173
2320260312040006,取手競輪,6R,13:00,4-8,4,8,330.5,0.010780489268215412,2.5629517031451936
7520260313030001,松山競輪,1R,20:50,3-7,3,7,100.1,0.03544531992489537,2.5480765244820267
2620260312040003,西武園競輪,3R,16:36,5-8,5,8,88.3,0.04012313701671333,2.542872998575787
4320260314020004,岐阜競輪,4R,12:28,6-7,6,7,171.7,0.02062872755491063,2.541952521178155
2320260312040011,取手競輪,11R,15:12,5-8,5,8,156.3,0.022657162641879725,2.541314520925801
6220260313030004,広島競輪,4R,17:11,3-4,3,4,40.2,0.08800933629714025,2.5379753191450383
6220260313030003,広島競輪,3R,16:47,4-7,4,7,34.2,0.10333076796238987,2.5339122643137335
4320260314020005,岐阜競輪,5R,12:51,1-7,1,7,61.7,0.0572576236500796,2.5327953792099116
2620260312040003,西武園競輪,3R,16:36,4-5,4,5,61.9,0.05704995731877465,2.531392358032151
2320260312040011,取手競輪,11R,15:12,4-5,4,5,131.9,0.026703449420050936,2.5221849785047183
4320260314020007,岐阜競輪,7R,13:42,2-5,2,5,70.5,0.04983843850040539,2.51360991427858
8720260314020006,熊本競輪,7R,10:55,3-6,3,6,315.3,0.011118085819438782,2.505532458869048
4320260314020007,岐阜競輪,7R,13:42,5-6,5,6,215.1,0.016293678688612007,2.5047702859204426
2620260312040004,西武園競輪,4R,16:59,2-8,2,8,104.7,0.03345286633527136,2.502515105302911
4420260313030004,大垣競輪,4R,21:40,1-2,1,2,46.5,0.07496255070503295,2.485758607784032
4320260314020007,岐阜競輪,7R,13:42,6-7,6,7,129.0,0.027001209529620034,2.4831560293209844
4320260314020007,岐阜競輪,7R,13:42,4-5,4,5,115.8,0.03000419481052165,2.4744857590584073
2320260312040010,取手競輪,10R,14:45,4-8,4,8,268.7,0.012858755925177396,2.455147717095166
5320260314020005,奈良競輪,5R,12:43,3-5,3,5,88.8,0.03882630016217947,2.447775454401537
2320260312040009,取手競輪,9R,14:18,7-8,7,8,304.6,0.011289118039366747,2.4386653547911115
5320260314020011,奈良競輪,11R,15:21,3-7,3,7,55.0,0.062459856345804324,2.4352920990192377
2320260312040010,取手競輪,10R,14:45,7-8,7,8,140.2,0.024468641641455933,2.4305035581321217
2320260312040011,取手競輪,11R,15:12,7-9,7,9,127.9,0.026816846303882,2.4298746422665083
6220260313030003,広島競輪,3R,16:47,5-7,5,7,49.8,0.0687714693900682,2.4248191756253963
2620260312040004,西武園競輪,4R,16:59,3-4,3,4,410.4,0.008330588741457907,2.418873619494325
2620260312040012,西武園競輪,12R,20:30,2-8,2,8,172.8,0.019689286731352396,2.402308747177694
5320260314020008,奈良競輪,8R,14:00,2-4,2,4,92.1,0.03683270871793179,2.3922924729215174
2320260312040005,取手競輪,5R,12:36,1-2,1,2,50.7,0.06661449911630977,2.377355105196906
5320260314020003,奈良競輪,3R,11:57,2-6,2,6,60.3,0.05578036797065701,2.363556188630618
2320260312040009,取手競輪,9R,14:18,2-4,2,4,119.3,0.028084466114127904,2.350476807415459
2320260312040006,取手競輪,6R,13:00,5-7,5,7,79.1,0.0421720633996782,2.3358102149145457
2320260312040007,取手競輪,7R,13:25,1-5,1,5,83.8,0.039677574472929966,2.324980740831531
8720260314020004,熊本競輪,5R,10:13,4-5,4,5,146.3,0.022506775762737616,2.2927412940885135
8720260314020005,熊本競輪,6R,10:34,1-5,1,5,140.9,0.023291822655000058,2.2818178120895083
4320260314020002,岐阜競輪,2R,11:42,5-6,5,6,86.1,0.03807614248303196,2.2783558677890516
5320260314020002,奈良競輪,2R,11:34,2-6,2,6,41.8,0.07802464451537522,2.261430140742684
2320260312040003,取手競輪,3R,11:50,1-6,1,6,171.7,0.018835743268440328,2.2340971191912042
4420260313030009,大垣競輪,9R,23:20,3-4,3,4,86.6,0.03731095564713472,2.2311287590418667
6220260313030001,広島競輪,1R,15:55,1-5,1,5,69.7,0.04628422958522822,2.2260108020904075
6220260313030009,広島競輪,9R,19:17,5-6,5,6,166.5,0.01933058837001341,2.218542963607233
2620260312040002,西武園競輪,2R,16:15,5-6,5,6,90.8,0.03542780626312829,2.2168448086920485
2620260312040004,西武園競輪,4R,16:59,1-3,1,3,58.6,0.05485225626461677,2.2143422171065428
2620260312040001,西武園競輪,1R,15:45,4-6,4,6,116.0,0.027664359432094856,2.2090656941230034
4320260314020006,岐阜競輪,6R,13:16,3-4,3,4,64.2,0.0498489806251061,2.2003045561318118
2620260312040006,西武園競輪,6R,17:47,4-5,4,5,95.4,0.03297817755994448,2.146118139218703
8720260314020003,熊本競輪,4R,09:52,1-2,1,2,147.2,0.021292664584142917,2.134280226785837
2320260312040012,取手競輪,12R,15:40,5-9,5,9,129.5,0.02414420179226667,2.126674132098534
2320260312040011,取手競輪,11R,15:12,2-7,2,7,45.0,0.06937898869749042,2.1220544913870687
5320260314020010,奈良競輪,10R,14:54,4-7,4,7,84.1,0.037089095492598506,2.119192930927534
2620260312040003,西武園競輪,3R,16:36,2-8,2,8,179.1,0.0174019081826792,2.1166817555178445
6220260313030004,広島競輪,4R,17:11,2-3,2,3,49.5,0.06275777311959692,2.1065097694200476
5320260314020010,奈良競輪,10R,14:54,4-5,4,5,96.1,0.03227445674338034,2.101575293038851
4320260314020005,岐阜競輪,5R,12:51,4-6,4,6,82.3,0.037569707487583204,2.0919869262280977
4320260314020010,岐阜競輪,10R,15:03,3-4,3,4,106.4,0.02895626051626435,2.0809461189305267
2620260312040010,西武園競輪,10R,19:31,5-6,5,6,216.2,0.014183791546437384,2.066535732339762
2320260312040005,取手競輪,5R,12:36,4-7,4,7,69.7,0.04391430003655712,2.0608267125480313
2320260312040007,取手競輪,7R,13:25,1-4,1,4,78.8,0.038609126693341767,2.042399183435331
2620260312040011,西武園競輪,11R,20:00,3-7,3,7,75.9,0.04005205046491841,2.0399506302873074
2320260312040007,取手競輪,7R,13:25,1-7,1,7,79.9,0.03795598624081492,2.0326833006411125
2620260312040001,西武園競輪,1R,15:45,4-7,4,7,55.6,0.05446018196311114,2.0279861171489797
4320260314020010,岐阜競輪,10R,15:03,1-3,1,3,54.3,0.0557567410473936,2.0275910388734726
8720260314020001,熊本競輪,2R,09:10,2-3,2,3,35.5,0.08524175286974485,2.026082226875942
2320260312040010,取手競輪,10R,14:45,1-8,1,8,130.3,0.02319174408797171,2.021884254662714
4320260314020010,岐阜競輪,10R,15:03,3-7,3,7,147.1,0.020540853604920403,2.021559565283791
2320260312040009,取手競輪,9R,14:18,2-8,2,8,152.3,0.019837531401253168,2.0212560324108577
6220260313030010,広島競輪,10R,19:45,2-3,2,3,72.1,0.04178942581480151,2.0130176012471885
8720260314020006,熊本競輪,7R,10:55,2-7,2,7,40.0,0.07524350856758318,2.009740342703327
2320260312040003,取手競輪,3R,11:50,5-6,5,6,237.7,0.012643987783724622,2.0054758961913426
2320260312040006,取手競輪,6R,13:00,4-5,4,5,79.7,0.037694179220432306,2.004226083868455
2620260312040011,西武園競輪,11R,20:00,1-6,1,6,62.6,0.047828538794299005,1.9940665285231178
5320260314020010,奈良競輪,10R,14:54,3-5,3,5,65.9,0.04542296680754532,1.9933735126172367
2320260312040006,取手競輪,6R,13:00,5-8,5,8,205.7,0.014549427181477777,1.9928171712299787
8720260314020006,熊本競輪,7R,10:55,1-5,1,5,41.2,0.0726320359334128,1.9924398804566077
5320260314020003,奈良競輪,3R,11:57,5-7,5,7,118.2,0.025298745757347935,1.990311748518526
2320260312040009,取手競輪,9R,14:18,4-5,4,5,210.5,0.014203794548943448,1.989898752552596
2620260312040008,西武園競輪,8R,18:38,3-8,3,8,267.3,0.01117115868296713,1.9860507159571137
2620260312040004,西武園競輪,4R,16:59,1-4,1,4,63.1,0.0472969798964066,1.9844394314632563
5320260314020003,奈良競輪,3R,11:57,1-6,1,6,82.0,0.0363358129569049,1.9795366624662014
2320260312040009,取手競輪,9R,14:18,4-7,4,7,199.6,0.014904162575530195,1.9748708500758267
5320260314020011,奈良競輪,11R,15:21,4-6,4,6,211.1,0.014077153816873474,1.97168717074199
4420260313030009,大垣競輪,9R,23:20,3-7,3,7,86.6,0.034227873373189374,1.9641338341181998
2320260312040006,取手競輪,6R,13:00,4-9,4,9,168.3,0.01761184664949103,1.9640737911093407
2620260312040001,西武園競輪,1R,15:45,3-4,3,4,119.4,0.024740320237143582,1.9539942363149438
4320260314020002,岐阜競輪,2R,11:42,3-7,3,7,58.6,0.050218848337933615,1.9428245126029098
8720260314020002,熊本競輪,3R,09:31,6-7,6,7,230.4,0.012737998065232466,1.93483475422956
4420260313030001,大垣競輪,1R,20:40,4-5,4,5,38.5,0.07616013703055322,1.9321652756762986
2320260312040006,取手競輪,6R,13:00,4-7,4,7,85.7,0.03405303437008666,1.9183450455164266
2320260312040003,取手競輪,3R,11:50,3-7,3,7,67.6,0.042962360038725306,1.9042555386178304
5320260314020005,奈良競輪,5R,12:43,2-3,2,3,75.1,0.03863942320927055,1.901820683016218
4320260314020011,岐阜競輪,11R,15:30,1-5,1,5,37.5,0.07731086960080677,1.899157610030254
8720260314020005,熊本競輪,6R,10:34,1-7,1,7,45.0,0.06436430875918916,1.8963938941635123
2620260312040006,西武園競輪,6R,17:47,4-8,4,8,163.6,0.017686283662322354,1.893476007155937
4420260313030004,大垣競輪,4R,21:40,3-4,3,4,46.5,0.06217842745738733,1.8912968767685108
7520260313030008,松山競輪,8R,23:10,1-7,1,7,61.8,0.04660179157337255,1.8799907192344234
6220260313030003,広島競輪,3R,16:47,1-2,1,2,38.7,0.07410704617475486,1.8679426869630134
5320260314020008,奈良競輪,8R,14:00,6-7,6,7,198.2,0.014433893515918682,1.8607976948550826
2320260312040004,取手競輪,4R,12:13,6-7,6,7,193.8,0.014718233678442334,1.8523936868821247
6220260313030003,広島競輪,3R,16:47,1-5,1,5,73.2,0.03891825809992412,1.848816492914446
5320260314020003,奈良競輪,3R,11:57,4-7,4,7,82.0,0.034614961728043764,1.8384268616995887
6220260313030003,広島競輪,3R,16:47,6-7,6,7,146.4,0.01938387002103984,1.8377985710802327
2320260312040008,取手競輪,8R,13:51,4-7,4,7,137.8,0.020512597701543928,1.8266359632727536
4320260314020004,岐阜競輪,4R,12:28,1-6,1,6,119.6,0.023629572540419495,1.8260968758341716
6220260313030009,広島競輪,9R,19:17,3-7,3,7,333.0,0.008485606876297649,1.8257070898071168
4320260314020011,岐阜競輪,11R,15:30,1-7,1,7,67.0,0.042128921944321655,1.822637770269551
6220260313030001,広島競輪,1R,15:55,3-5,3,5,53.1,0.05308172114880781,1.8186393930016949
8720260314020002,熊本競輪,3R,09:31,4-6,4,6,60.2,0.04670432154248394,1.8116001568575335
5320260314020009,奈良競輪,9R,14:27,4-5,4,5,64.9,0.043101636283672674,1.797296194810357
8720260314020002,熊本競輪,3R,09:31,3-6,3,6,79.5,0.03516953181148712,1.7959777790132256
4320260314020009,岐阜競輪,9R,14:36,1-7,1,7,59.8,0.04664672676717844,1.7894742606772707
2620260312040003,西武園競輪,3R,16:36,7-8,7,8,66.9,0.04165488746222565,1.7867119712228963
2620260312040007,西武園競輪,7R,18:12,2-4,2,4,125.4,0.021916386825021766,1.7483149078577296
2620260312040007,西武園競輪,7R,18:12,2-9,2,9,78.3,0.034967271955633504,1.7379373941261034
4420260313030008,大垣競輪,8R,23:00,2-7,2,7,75.7,0.036085892037727815,1.7317020272559955
5320260314020003,奈良競輪,3R,11:57,5-6,5,6,54.7,0.04974464818509679,1.7210322557247943
5320260314020001,奈良競輪,1R,11:12,2-5,2,5,26.4,0.10291344056901458,1.7169148310219846
4420260313030004,大垣競輪,4R,21:40,1-7,1,7,46.5,0.058233885743876834,1.7078756870902727
2620260312040002,西武園競輪,2R,16:15,1-5,1,5,86.6,0.031254531650109066,1.706642440899445
8720260314020005,熊本競輪,6R,10:34,4-6,4,6,35.0,0.07711676793365696,1.6990868776779937
5320260314020008,奈良競輪,8R,14:00,3-4,3,4,45.0,0.05995191047347641,1.6978359713064384
6220260313030011,広島競輪,11R,20:15,5-7,5,7,117.4,0.0229037891874027,1.688904850601077
6220260313030009,広島競輪,9R,19:17,1-5,1,5,37.0,0.07249883095880756,1.6824567454758799
5320260314020007,奈良競輪,7R,13:33,2-3,2,3,90.9,0.029416461953070242,1.6739563915340852
2620260312040003,西武園競輪,3R,16:36,1-4,1,4,116.2,0.022997549701781313,1.6723152753469885
5320260314020010,奈良競輪,10R,14:54,1-4,1,4,54.2,0.04926982488608367,1.670424508825735
6220260313030003,広島競輪,3R,16:47,2-3,2,3,63.3,0.042152882542953816,1.6682774649689764
5320260314020006,奈良競輪,6R,13:08,1-4,1,4,42.9,0.06206209290125629,1.6624637854638946
5320260314020007,奈良競輪,7R,13:33,2-6,2,6,77.0,0.03453504201950806,1.6591982355021204
8720260314020002,熊本競輪,3R,09:31,1-5,1,5,61.8,0.04290359705271893,1.6514422978580297
2320260312040001,取手競輪,1R,11:05,3-7,3,7,39.7,0.06672132691277732,1.64883667843726
5320260314020004,奈良競輪,4R,12:20,1-2,1,2,94.3,0.028026469630860286,1.6428960861901247
2620260312040008,西武園競輪,8R,18:38,1-4,1,4,121.5,0.021737399662099463,1.6410940589450846
2320260312040011,取手競輪,11R,15:12,2-4,2,4,57.8,0.04568746440582691,1.6407354426567955
5320260314020003,奈良競輪,3R,11:57,3-5,3,5,42.2,0.06248269500273519,1.636769729115425
2620260312040003,西武園競輪,3R,16:36,1-8,1,8,184.0,0.014314582537368375,1.633883186875781
4320260314020002,岐阜競輪,2R,11:42,1-3,1,3,72.2,0.03646062398417842,1.6324570516576817
2320260312040005,取手競輪,5R,12:36,1-4,1,4,35.6,0.07372766676091845,1.6247049366886968
2320260312040001,取手競輪,1R,11:05,6-7,6,7,87.5,0.029894562530254156,1.6157742213972388
6220260313030007,広島競輪,7R,18:25,3-5,3,5,27.9,0.09359889444655099,1.6114091550587726
4320260314020010,岐阜競輪,10R,15:03,2-4,2,4,33.7,0.07746289561456993,1.6104995822110069
5320260314020008,奈良競輪,8R,14:00,2-3,2,3,55.0,0.047408496484545384,1.6074673066499963
2320260312040009,取手競輪,9R,14:18,1-6,1,6,63.6,0.04099555650291653,1.6073173935854914
2320260312040003,取手競輪,3R,11:50,2-6,2,6,57.2,0.04551118374759619,1.603239710362502
5320260314020001,奈良競輪,1R,11:12,1-3,1,3,68.6,0.03794412868425323,1.6029672277397715
4320260314020010,岐阜競輪,10R,15:03,5-6,5,6,111.1,0.023399376632966956,1.5996707439226285
8720260314020005,熊本競輪,6R,10:34,2-7,2,7,42.6,0.060997042115987304,1.598473994141059
5320260314020010,奈良競輪,10R,14:54,3-7,3,7,50.2,0.05164897144381004,1.5927783664792643
4320260314020006,岐阜競輪,6R,13:16,2-4,2,4,118.1,0.021916951326638606,1.588391951676019
6220260313030010,広島競輪,10R,19:45,4-6,4,6,43.2,0.05989866479832751,1.5876223192877488
2620260312040004,西武園競輪,4R,16:59,3-6,3,6,185.8,0.01392687228547667,1.5876128706415655
7520260313030008,松山競輪,8R,23:10,3-4,3,4,61.8,0.041806523438575896,1.5836431485039903
2620260312040004,西武園競輪,4R,16:59,4-5,4,5,179.1,0.01439501406791575,1.5781470195637106
5320260314020011,奈良競輪,11R,15:21,6-7,6,7,43.6,0.05909957667506194,1.5767415430327008
6220260313030010,広島競輪,10R,19:45,1-6,1,6,61.8,0.04165671807986114,1.5743851773354183
4320260314020012,岐阜競輪,12R,16:05,1-3,1,3,50.0,0.051399725737938315,1.5699862868969157
2620260312040001,西武園競輪,1R,15:45,2-4,2,4,92.3,0.027834134534125025,1.5690906174997399
8720260314020003,熊本競輪,4R,09:52,2-5,2,5,34.8,0.07373488448831676,1.565973980193423
6220260313030002,広島競輪,2R,16:25,4-6,4,6,57.0,0.04500918493756105,1.5655235414409798
5320260314020010,奈良競輪,10R,14:54,2-3,2,3,52.5,0.048860713914095716,1.565187480490025
6220260313030005,広島競輪,5R,17:35,1-4,1,4,84.0,0.030523779139177084,1.5639974476908751
2620260312040011,西武園競輪,11R,20:00,1-3,1,3,62.6,0.04091375475578562,1.5612010477121796
2320260312040004,取手競輪,4R,12:13,6-9,6,9,105.7,0.024227338848589016,1.560829716295859
4320260314020010,岐阜競輪,10R,15:03,3-5,3,5,100.0,0.02560109670929261,1.5601096709292612
4420260313030009,大垣競輪,9R,23:20,2-7,2,7,57.7,0.044338867625561953,1.5583526619949248
8720260314020003,熊本競輪,4R,09:52,3-6,3,6,109.8,0.023295073483687218,1.5577990685088565
2620260312040001,西武園競輪,1R,15:45,2-5,2,5,48.3,0.05294333776893996,1.5571632142397998
2320260312040008,取手競輪,8R,13:51,2-4,2,4,134.2,0.018993266050839883,1.548896304022712
2320260312040012,取手競輪,12R,15:40,3-9,3,9,57.2,0.04454996276062837,1.548257869907943
2620260312040005,西武園競輪,5R,17:23,5-8,5,8,145.5,0.017500818838064834,1.5463691409384333
2620260312040005,西武園競輪,5R,17:23,7-9,7,9,61.1,0.04155627650862797,1.539088494677169
4320260314020010,岐阜競輪,10R,15:03,2-7,2,7,38.1,0.06659715621698212,1.5373516518670187
8720260314020006,熊本競輪,7R,10:55,2-4,2,4,70.3,0.03607758300246808,1.5362540850735056
4320260314020011,岐阜競輪,11R,15:30,4-7,4,7,128.2,0.019772590045551833,1.5348460438397447
5320260314020007,奈良競輪,7R,13:33,3-4,3,4,118.2,0.021381337668946447,1.52727411246947
5320260314020002,奈良競輪,2R,11:34,4-6,4,6,57.6,0.0437806097548028,1.5217631218766416
5320260314020010,奈良競輪,10R,14:54,1-3,1,3,39.1,0.06440084116541421,1.5180728895676956
4420260313030005,大垣競輪,5R,22:00,1-2,1,2,24.7,0.10185888338773781,1.5159144196771237
2620260312040008,西武園競輪,8R,18:38,1-6,1,6,222.7,0.011268641822151673,1.5095265337931774
2620260312040002,西武園競輪,2R,16:15,1-4,1,4,55.2,0.04531807412790315,1.501557691860254
8720260314020006,熊本競輪,7R,10:55,3-4,3,4,123.1,0.02027725025100033,1.49612950589814
4320260314020001,岐阜競輪,1R,11:19,1-7,1,7,84.7,0.02939483749311526,1.4897427356668627
2320260312040001,取手競輪,1R,11:05,4-7,4,7,82.0,0.03035868604867795,1.489412255991592
5320260314020011,奈良競輪,11R,15:21,2-4,2,4,140.7,0.01768563204189381,1.488368428294459
5320260314020009,奈良競輪,9R,14:27,3-6,3,6,75.1,0.033093459403763015,1.4853188012226024
5320260314020004,奈良競輪,4R,12:20,5-7,5,7,51.0,0.048717647755082964,1.484600035509231
4320260314020003,岐阜競輪,3R,12:05,2-7,2,7,40.1,0.06179641871658948,1.4780363905352383
6220260313030003,広島競輪,3R,16:47,2-4,2,4,53.2,0.04648289577813951,1.4728900553970221
5320260314020002,奈良競輪,2R,11:34,2-3,2,3,47.0,0.05241027335822,1.4632828478363402
2320260312040001,取手競輪,1R,11:05,4-6,4,6,76.5,0.03217190109529178,1.461150433789821
2320260312040008,取手競輪,8R,13:51,3-6,3,6,134.2,0.018321113625329198,1.458693448519178
2620260312040003,西武園競輪,3R,16:36,2-4,2,4,93.3,0.026238612737451136,1.448062568404191
4320260314020002,岐阜競輪,2R,11:42,4-6,4,6,155.6,0.015715779419665045,1.4453752776998807
6220260313030003,広島競輪,3R,16:47,3-5,3,5,146.4,0.01669961965428374,1.4448243173871398
2320260312040004,取手競輪,4R,12:13,4-5,4,5,137.9,0.0176523338725689,1.4342568410272514
8720260314020004,熊本競輪,5R,10:13,2-3,2,3,141.0,0.017226569665640394,1.4289463228552957
5320260314020007,奈良競輪,7R,13:33,2-4,2,4,64.4,0.03770332631504283,1.4280942146887585
4420260313030006,大垣競輪,6R,22:20,1-5,1,5,24.7,0.09816959811077725,1.424789073336198
4320260314020007,岐阜競輪,7R,13:42,3-5,3,5,115.8,0.0208929576856417,1.419404499997309
4320260314020012,岐阜競輪,12R,16:05,1-6,1,6,49.4,0.048705012456508004,1.4060276153514955
2620260312040009,西武園競輪,9R,19:04,2-5,2,5,51.0,0.047175090006750256,1.4059295903442632
2620260312040007,西武園競輪,7R,18:12,5-9,5,9,125.4,0.01911942395379391,1.3975757638057562
2320260312040003,取手競輪,3R,11:50,7-8,7,8,105.3,0.0227667942490485,1.397343434424807
2320260312040007,取手競輪,7R,13:25,1-2,1,2,48.3,0.04951542603278456,1.391595077383494
7520260313030001,松山競輪,1R,20:50,5-6,5,6,100.1,0.023866472507847854,1.3890338980355699
5320260314020008,奈良競輪,8R,14:00,2-7,2,7,158.5,0.015065725187923363,1.3879174422858531
2320260312040010,取手競輪,10R,14:45,5-8,5,8,99.2,0.024006631643184662,1.3814578590039184
7520260313030001,松山競輪,1R,20:50,1-6,1,6,40.0,0.05951503713918624,1.3806014855674498
4320260314020002,岐阜競輪,2R,11:42,3-5,3,5,60.4,0.03936544677462855,1.377672985187564
4320260314020005,岐阜競輪,5R,12:51,5-7,5,7,109.8,0.021623422913287373,1.3742518358789533
4320260314020001,岐阜競輪,1R,11:19,1-5,1,5,28.6,0.08274204221606352,1.366422407379417
4320260314020001,岐阜競輪,1R,11:19,1-6,1,6,76.1,0.031047768617774724,1.3627351918126562
4320260314020001,岐阜競輪,1R,11:19,6-7,6,7,102.0,0.023152865562182167,1.3615922873425812
5320260314020011,奈良競輪,11R,15:21,5-6,5,6,53.9,0.043812415081454024,1.361489172890372
2320260312040005,取手競輪,5R,12:36,2-9,2,9,166.5,0.014163061408042939,1.3581497244391492
2320260312040002,取手競輪,2R,11:27,3-7,3,7,52.1,0.04515282741491747,1.3524623083172003
6220260313030009,広島競輪,9R,19:17,1-6,1,6,30.2,0.07786869547979658,1.3516346034898565
2620260312040005,西武園競輪,5R,17:23,4-6,4,6,211.0,0.011140174443765027,1.350576807634421
6220260313030003,広島競輪,3R,16:47,2-7,2,7,18.8,0.1249380336678478,1.3488350329555385
2620260312040010,西武園競輪,10R,19:31,5-7,5,7,81.0,0.028949823373668193,1.3449356932671237
8720260314020002,熊本競輪,3R,09:31,2-7,2,7,58.1,0.040185025803144814,1.3347499991627139
2320260312040009,取手競輪,9R,14:18,4-9,4,9,170.2,0.013707205543024561,1.33296638342278
2320260312040004,取手競輪,4R,12:13,4-6,4,6,193.8,0.01203543034561334,1.3324664009798655
7520260313030003,松山競輪,3R,21:30,1-5,1,5,21.7,0.10741448432349171,1.33089430981977
2320260312040011,取手競輪,11R,15:12,2-8,2,8,65.2,0.035740759658585766,1.3302975297397919
2320260312040002,取手競輪,2R,11:27,6-8,6,8,136.8,0.01703382393146017,1.3302271138237516
8720260314020006,熊本競輪,7R,10:55,4-6,4,6,164.2,0.014191370158207782,1.3302229799777177
2620260312040006,西武園競輪,6R,17:47,3-5,3,5,95.4,0.02441189986065736,1.328895246706712
8720260314020003,熊本競輪,4R,09:52,2-3,2,3,79.0,0.029422731634593857,1.3243957991329145
2320260312040012,取手競輪,12R,15:40,4-8,4,8,215.1,0.010804062515232252,1.3239538470264574
6220260313030004,広島競輪,4R,17:11,3-5,3,5,50.1,0.04634807291588218,1.3220384530856975
2320260312040004,取手競輪,4R,12:13,5-6,5,6,140.3,0.01647527333949178,1.3114808495306969
6220260313030006,広島競輪,6R,17:59,2-6,2,6,74.2,0.031119335314557253,1.3090546803401484
2620260312040005,西武園競輪,5R,17:23,4-7,4,7,51.4,0.044809513034496595,1.303208969973125
4320260314020006,岐阜競輪,6R,13:16,6-7,6,7,86.8,0.02651300303060279,1.301328663056322
5320260314020004,奈良競輪,4R,12:20,2-5,2,5,135.3,0.017001912286488292,1.300358732361866
5320260314020009,奈良競輪,9R,14:27,2-5,2,5,33.3,0.06893856943360793,1.2956543621391439
2320260312040004,取手競輪,4R,12:13,1-6,1,6,55.3,0.04142364369603333,1.2907274963906432
8720260314020004,熊本競輪,5R,10:13,2-7,2,7,76.0,0.03007824190756464,1.2859463849749124
5320260314020011,奈良競輪,11R,15:21,2-3,2,3,61.8,0.036957655756190255,1.2839831257325578
2320260312040008,取手競輪,8R,13:51,4-8,4,8,178.2,0.012791964280343057,1.2795280347571327
4320260314020012,岐阜競輪,12R,16:05,1-4,1,4,34.0,0.06700503429860073,1.278171166152425
2620260312040008,西武園競輪,8R,18:38,2-4,2,4,95.4,0.02385505842916147,1.275772574142004
7520260313030008,松山競輪,8R,23:10,1-6,1,6,41.2,0.05522175582656988,1.2751363400546794
6220260313030011,広島競輪,11R,20:15,4-6,4,6,58.7,0.03871469377767099,1.2725525247492873
2620260312040004,西武園競輪,4R,16:59,4-7,4,7,108.2,0.020973136002693606,1.2692933154914483
4320260314020009,岐阜競輪,9R,14:36,6-7,6,7,96.0,0.02363314327805597,1.2687817546933733
4320260314020001,岐阜競輪,1R,11:19,2-7,2,7,118.2,0.01916486888941024,1.2652875027282904
2620260312040009,西武園競輪,9R,19:04,6-8,6,8,221.1,0.010237760904801774,1.263568936051672
4420260313030002,大垣競輪,2R,21:00,1-5,1,5,23.2,0.09732482900132955,1.2579360328308455
2320260312040011,取手競輪,11R,15:12,1-8,1,8,207.6,0.010833040960383632,1.248939303375642
6220260313030003,広島競輪,3R,16:47,4-6,4,6,312.5,0.007194640891099894,1.2483252784687169
5320260314020008,奈良競輪,8R,14:00,3-6,3,6,42.1,0.0533753555418888,1.2471024683135186
2620260312040012,西武園競輪,12R,20:30,1-3,1,3,22.3,0.1005745937519274,1.2428134406679812
8720260314020004,熊本競輪,5R,10:13,2-6,2,6,242.3,0.009250259934016401,1.241337982012174
8720260314020005,熊本競輪,6R,10:34,5-7,5,7,57.9,0.038682650937988845,1.2397254893095542
5320260314020003,奈良競輪,3R,11:57,2-3,2,3,32.1,0.06966446733769736,1.2362294015400854
8720260314020001,熊本競輪,2R,09:10,3-5,3,5,55.1,0.040482392619571664,1.2305798333383988
2320260312040007,取手競輪,7R,13:25,1-6,1,6,92.2,0.02415069868674565,1.226694418917949
5320260314020002,奈良競輪,2R,11:34,4-5,4,5,36.8,0.060481353853747394,1.2257138218179038
4320260314020011,岐阜競輪,11R,15:30,2-5,2,5,41.5,0.05354070126252883,1.2219391023949462
5320260314020003,奈良競輪,3R,11:57,6-7,6,7,92.3,0.024063188915705726,1.2210323369196385
2320260312040005,取手競輪,5R,12:36,3-6,3,6,249.8,0.00888728719441946,1.2200443411659814
8720260314020003,熊本競輪,4R,09:52,4-6,4,6,50.6,0.04381471106647039,1.217024379963402
2320260312040004,取手競輪,4R,12:13,4-7,4,7,142.8,0.015518001336734994,1.2159705908857572
2320260312040006,取手競輪,6R,13:00,7-9,7,9,98.4,0.02249822901870748,1.2138257354408162
2620260312040009,西武園競輪,9R,19:04,3-8,3,8,60.3,0.03664743018720657,1.2098400402885563
5320260314020001,奈良競輪,1R,11:12,1-2,1,2,22.0,0.10037647678458414,1.208282489260851
2620260312040003,西武園競輪,3R,16:36,3-5,3,5,34.1,0.06472197588627711,1.2070193777220495
4320260314020006,岐阜競輪,6R,13:16,4-6,4,6,155.4,0.01419812621654971,1.206388814051825
2320260312040001,取手競輪,1R,11:05,2-6,2,6,40.4,0.054597081691548185,1.2057221003385465
2320260312040011,取手競輪,11R,15:12,1-5,1,5,75.3,0.029250145200789855,1.202535933619476
6220260313030006,広島競輪,6R,17:59,1-3,1,3,222.7,0.009888506373664296,1.2021703694150387
4320260314020012,岐阜競輪,12R,16:05,4-7,4,7,53.0,0.04153275204495361,1.201235858382541
6220260313030003,広島競輪,3R,16:47,5-6,5,6,468.7,0.0046959794678586506,1.2010055765853496
2620260312040010,西武園競輪,10R,19:31,5-8,5,8,185.3,0.01183874189216014,1.193718872617274
4320260314020006,岐阜競輪,6R,13:16,2-6,2,6,84.4,0.02595798093520786,1.1908535909315434
8720260314020004,熊本競輪,5R,10:13,2-5,2,5,267.4,0.008186240921732165,1.189000822471181
2620260312040006,西武園競輪,6R,17:47,3-4,3,4,76.3,0.028608542393057292,1.1828317845902712
5320260314020011,奈良競輪,11R,15:21,2-6,2,6,64.9,0.033581408509431095,1.1794334122620782
2320260312040006,取手競輪,6R,13:00,3-4,3,4,31.1,0.06997323441462679,1.1761675902948934
4320260314020009,岐阜競輪,9R,14:36,1-3,1,3,52.8,0.04118760943783636,1.1747057783177595
4320260314020002,岐阜競輪,2R,11:42,2-6,2,6,30.4,0.07152652872408077,1.1744064732120556
5320260314020004,奈良競輪,4R,12:20,1-5,1,5,100.4,0.021620108927920465,1.170658936363215
4320260314020004,岐阜競輪,4R,12:28,5-7,5,7,58.0,0.03736984357209657,1.167450927181601
2620260312040001,西武園競輪,1R,15:45,2-6,2,6,64.4,0.03365399961921733,1.167317575477596
5320260314020003,奈良競輪,3R,11:57,1-5,1,5,56.8,0.038068317332120336,1.1622804244644351
6220260313030011,広島競輪,11R,20:15,1-2,1,2,25.5,0.08475773123600693,1.1613221465181764
8720260314020002,熊本競輪,3R,09:31,5-6,5,6,98.2,0.021951129505211255,1.1556009174117454
4420260313030004,大垣競輪,4R,21:40,1-6,1,6,46.5,0.04635530377911936,1.1555216257290502
6220260313030005,広島競輪,5R,17:35,4-6,4,6,168.0,0.012820504149563528,1.1538446971266727
2620260312040012,西武園競輪,12R,20:30,1-6,1,6,115.2,0.018669797427498115,1.150760663647783
6220260313030010,広島競輪,10R,19:45,1-4,1,4,39.3,0.05445436420306456,1.1400565131804372
2320260312040002,取手競輪,2R,11:27,7-8,7,8,49.1,0.043574509457718534,1.1395084143739802
4320260314020008,岐阜競輪,8R,14:09,4-6,4,6,94.4,0.022623560742645252,1.135664134105712
5320260314020002,奈良競輪,2R,11:34,1-3,1,3,48.5,0.043902527503441424,1.1292725839169089
4320260314020003,岐阜競輪,3R,12:05,2-4,2,4,60.2,0.03529470565498828,1.1247412804302948
2620260312040005,西武園競輪,5R,17:23,1-6,1,6,76.7,0.027681465534372767,1.1231684064863914
5320260314020010,奈良競輪,10R,14:54,3-6,3,6,71.6,0.029646219735209277,1.1226693330409843
6220260313030004,広島競輪,4R,17:11,1-3,1,3,44.1,0.04794805598848466,1.1145092690921734
2320260312040011,取手競輪,11R,15:12,4-9,4,9,243.5,0.008682732123356102,1.114245272037211
2620260312040012,西武園競輪,12R,20:30,3-7,3,7,45.1,0.046832599288207225,1.1121502278981459
8720260314020004,熊本競輪,5R,10:13,1-2,1,2,298.3,0.007075081886179596,1.1104969266473734
2320260312040007,取手競輪,7R,13:25,2-5,2,5,86.8,0.024304534708690963,1.1096336127143753
4320260314020007,岐阜競輪,7R,13:42,5-7,5,7,132.8,0.015875577862472713,1.1082767401363767
4320260314020001,岐阜競輪,1R,11:19,1-2,1,2,77.4,0.027192135514078532,1.1046712887896786
4320260314020008,岐阜競輪,8R,14:09,2-4,2,4,32.1,0.06554562825602397,1.1040146670183697
2320260312040002,取手競輪,2R,11:27,1-8,1,8,32.4,0.06488523180168639,1.1022815103746386
6220260313030004,広島競輪,4R,17:11,5-6,5,6,47.8,0.0439728361945429,1.1019015700991504
5320260314020005,奈良競輪,5R,12:43,2-6,2,6,29.9,0.07013572220645645,1.0970580939730477
6220260313030002,広島競輪,2R,16:25,6-7,6,7,58.0,0.03609696737864876,1.0936241079616282
2620260312040005,西武園競輪,5R,17:23,1-9,1,9,91.7,0.022828782943843273,1.0933993959504282
2620260312040008,西武園競輪,8R,18:38,3-5,3,5,41.7,0.05013108471155861,1.0904662324719943
2620260312040005,西武園競輪,5R,17:23,6-8,6,8,120.5,0.017333697106074693,1.0887105012820006
2320260312040004,取手競輪,4R,12:13,3-6,3,6,119.7,0.017436211388212094,1.087114503168988
2620260312040007,西武園競輪,7R,18:12,3-9,3,9,44.7,0.04665672986731106,1.0855558250688042
2320260312040012,取手競輪,12R,15:40,3-5,3,5,68.0,0.030668427117261015,1.0854530439737489
2620260312040005,西武園競輪,5R,17:23,3-4,3,4,127.8,0.016306618974724053,1.083985904969734
2320260312040003,取手競輪,3R,11:50,4-6,4,6,88.3,0.02358195341586421,1.0822864866208097
5320260314020004,奈良競輪,4R,12:20,6-7,6,7,40.9,0.05088423635787488,1.0811652670370826
2620260312040008,西武園競輪,8R,18:38,5-7,5,7,32.5,0.06386650458945158,1.0756613991571764
6220260313030003,広島競輪,3R,16:47,1-6,1,6,180.2,0.011491591944310552,1.0707848683647616
5320260314020008,奈良競輪,8R,14:00,3-7,3,7,73.4,0.028201309037199113,1.069976083330415
6220260313030010,広島競輪,10R,19:45,2-5,2,5,61.8,0.03342016007245247,1.0653658924775629
2320260312040002,取手競輪,2R,11:27,3-6,3,6,96.9,0.02130460425917173,1.0644161527137408
2320260312040009,取手競輪,9R,14:18,3-5,3,5,65.0,0.03174779237366903,1.063606504288487
2320260312040006,取手競輪,6R,13:00,1-7,1,7,65.1,0.03162103710763655,1.0585295157071393
2620260312040012,西武園競輪,12R,20:30,2-3,2,3,36.5,0.0563655696569709,1.057343292479438
5320260314020002,奈良競輪,2R,11:34,3-6,3,6,23.5,0.08749651003123143,1.0561679857339388
6220260313030002,広島競輪,2R,16:25,5-7,5,7,69.6,0.029459114370951847,1.0503543602182486
8720260314020004,熊本競輪,5R,10:13,5-7,5,7,22.1,0.09266414527071103,1.0478776104827139
2620260312040009,西武園競輪,9R,19:04,7-8,7,8,94.7,0.021614719329562705,1.046913920509588
7520260313030008,松山競輪,8R,23:10,3-5,3,5,41.2,0.04967397892437464,1.0465679316842351
2320260312040011,取手競輪,11R,15:12,1-4,1,4,197.8,0.010333521226755956,1.0439704986523282
5320260314020003,奈良競輪,3R,11:57,1-7,1,7,147.7,0.013818788671887702,1.0410350868378133
2320260312040007,取手競輪,7R,13:25,2-4,2,4,88.7,0.02298191500709916,1.0384958611296957
6220260313030009,広島競輪,9R,19:17,3-6,3,6,333.0,0.006120463107095011,1.0381142146626385
2620260312040001,西武園競輪,1R,15:45,1-4,1,4,58.8,0.034657157730388244,1.0378408745468288
4420260313030004,大垣競輪,4R,21:40,3-6,3,6,46.5,0.04370212152556358,1.0321486509387068
2620260312040003,西武園競輪,3R,16:36,1-3,1,3,72.0,0.028193044586648626,1.029899210238701
2620260312040004,西武園競輪,4R,16:59,1-8,1,8,39.8,0.05097455601669753,1.0287873294645618
2320260312040006,取手競輪,6R,13:00,3-8,3,8,72.8,0.027738755314728913,1.019381386912265
4320260314020001,岐阜競輪,1R,11:19,1-3,1,3,59.1,0.03416145544806955,1.0189420169809105
2620260312040009,西武園競輪,9R,19:04,5-6,5,6,189.5,0.010637590566629631,1.015823412376315
4320260314020012,岐阜競輪,12R,16:05,3-4,3,4,58.0,0.0347352670028418,1.0146454861648246
4320260314020012,岐阜競輪,12R,16:05,4-6,4,6,62.9,0.03200847892560191,1.0133333244203597
4320260314020007,岐阜競輪,7R,13:42,3-4,3,4,36.1,0.05576117859682417,1.0129785473453525
2320260312040004,取手競輪,4R,12:13,2-4,2,4,89.4,0.022511638126969113,1.012540448551039
4320260314020004,岐阜競輪,4R,12:28,5-6,5,6,116.1,0.017325772705277662,1.0115222110827364
4420260313030007,大垣競輪,7R,22:40,2-4,2,4,15.0,0.1336581092627017,1.0048716389405254
6220260313030008,広島競輪,8R,18:51,4-6,4,6,111.7,0.017926079888718017,1.0023431235698026
2620260312040012,西武園競輪,12R,20:30,7-8,7,8,125.7,0.015874040187607567,0.9953668515822713
2320260312040002,取手競輪,2R,11:27,2-3,2,3,67.8,0.029300733165786165,0.9865897086403019
4420260313030004,大垣競輪,4R,21:40,2-4,2,4,46.5,0.0426950350167907,0.9853191282807676
2320260312040009,取手競輪,9R,14:18,5-7,5,7,137.8,0.014383860283047582,0.982095947003957
2320260312040010,取手競輪,10R,14:45,3-4,3,4,189.7,0.010418268104765626,0.9763454594740393
4420260313030006,大垣競輪,6R,22:20,1-6,1,6,24.7,0.07981249679310298,0.9713686707896436
4320260314020002,岐阜競輪,2R,11:42,3-4,3,4,87.9,0.022403860722985378,0.9692993575504147
4320260314020010,岐阜競輪,10R,15:03,6-7,6,7,116.3,0.016908194326364222,0.9664230001561589
8720260314020001,熊本競輪,2R,09:10,3-6,3,6,158.4,0.01240967111743723,0.9656919050020574
2620260312040005,西武園競輪,5R,17:23,5-6,5,6,145.5,0.013488652855040117,0.962598990408337
8720260314020006,熊本競輪,7R,10:55,2-3,2,3,64.6,0.03037606283181845,0.9622936589354716
4320260314020011,岐阜競輪,11R,15:30,2-6,2,6,99.0,0.019750640402536393,0.955313399851103
7520260313030001,松山競輪,1R,20:50,2-6,2,6,40.0,0.04870691926688026,0.9482767706752104
4320260314020012,岐阜競輪,12R,16:05,3-7,3,7,62.0,0.031403722427586704,0.9470307905103756
2620260312040007,西武園競輪,7R,18:12,2-5,2,5,52.2,0.03729762903269452,0.946936235506654
2620260312040005,西武園競輪,5R,17:23,8-9,8,9,140.6,0.013833940987064619,0.9450521027812853
2620260312040012,西武園競輪,12R,20:30,3-9,3,9,51.2,0.03795213915930475,0.9431495249564035
2320260312040005,取手競輪,5R,12:36,1-6,1,6,72.4,0.026833684128500596,0.9427587309034433
2320260312040011,取手競輪,11R,15:12,8-9,8,9,189.0,0.010269193222066545,0.9408775189705769
2320260312040002,取手競輪,2R,11:27,3-5,3,5,99.5,0.019465575778865225,0.9368247899970898
8720260314020004,熊本競輪,5R,10:13,3-5,3,5,36.9,0.05243469438751559,0.9348402228993253
2620260312040003,西武園競輪,3R,16:36,2-3,2,3,62.5,0.030956388149649686,0.9347742593531054
2320260312040003,取手競輪,3R,11:50,1-2,1,2,33.7,0.05738033675184939,0.9337173485373247
2320260312040002,取手競輪,2R,11:27,2-8,2,8,81.5,0.02367199766675604,0.9292678098406173
5320260314020004,奈良競輪,4R,12:20,2-3,2,3,49.4,0.038941644137348796,0.9237172203850306
2620260312040002,西武園競輪,2R,16:15,1-6,1,6,59.9,0.03211453694277276,0.9236607628720883
2620260312040010,西武園競輪,10R,19:31,6-9,6,9,92.6,0.02076143167022237,0.9225085726625915
6220260313030010,広島競輪,10R,19:45,5-7,5,7,43.2,0.044484818486844255,0.9217441586316719
2320260312040012,取手競輪,12R,15:40,8-9,8,9,145.1,0.013239534058284229,0.9210563918570416
4420260313030001,大垣競輪,1R,20:40,2-4,2,4,38.5,0.04986782778220886,0.9199113696150409
2320260312040009,取手競輪,9R,14:18,3-7,3,7,60.9,0.03151321927374788,0.9191550537712458
2320260312040009,取手競輪,9R,14:18,1-4,1,4,35.4,0.05416591439544398,0.9174733695987167
6220260313030007,広島競輪,7R,18:25,3-7,3,7,34.8,0.05508672776535384,0.9170181262343133
5320260314020004,奈良競輪,4R,12:20,2-7,2,7,33.1,0.05785481205376155,0.9149942789795074
5320260314020009,奈良競輪,9R,14:27,1-4,1,4,93.4,0.020466052137380487,0.9115292696313377
4320260314020009,岐阜競輪,9R,14:36,3-6,3,6,84.8,0.02253215721914017,0.9107269321830862
2620260312040004,西武園競輪,4R,16:59,6-8,6,8,134.9,0.014152039513451169,0.9091101303645628
4320260314020009,岐阜競輪,9R,14:36,4-5,4,5,28.7,0.06640646891046571,0.9058656577303659
4320260314020010,岐阜競輪,10R,15:03,4-6,4,6,71.4,0.026684084767112873,0.9052436523718592
6220260313030011,広島競輪,11R,20:15,5-6,5,6,97.8,0.01946340055836821,0.903520574608411
2620260312040012,西武園競輪,12R,20:30,1-4,1,4,39.7,0.04787062359324249,0.9004637566517271
5320260314020009,奈良競輪,9R,14:27,4-7,4,7,45.5,0.04173303946129646,0.898853295488989
2620260312040011,西武園競輪,11R,20:00,6-7,6,7,40.3,0.0468440881914213,0.8878167541142783
2620260312040005,西武園競輪,5R,17:23,6-9,6,9,175.8,0.010728322799291728,0.8860391481154859
2620260312040010,西武園競輪,10R,19:31,1-8,1,8,162.1,0.011629462097816696,0.8851358060560863
5320260314020007,奈良競輪,7R,13:33,2-5,2,5,37.7,0.049748996189185934,0.8755371563323098
6220260313030009,広島競輪,9R,19:17,2-6,2,6,111.0,0.016872005970827005,0.8727926627617975
6220260313030009,広島競輪,9R,19:17,2-4,2,4,27.7,0.06750396264708668,0.869859765324301
2320260312040012,取手競輪,12R,15:40,1-5,1,5,40.1,0.046616205402157294,0.8693098366265075
2320260312040009,取手競輪,9R,14:18,8-9,8,9,189.8,0.009848437072814426,0.8692333564201782
2320260312040003,取手競輪,3R,11:50,1-3,1,3,37.2,0.05021228039389058,0.8678968306527297
5320260314020010,奈良競輪,10R,14:54,2-4,2,4,50.9,0.036685198971161556,0.8672766276321231
2320260312040008,取手競輪,8R,13:51,3-9,3,9,58.4,0.03193350206257893,0.8649165204546094
5320260314020002,奈良競輪,2R,11:34,3-4,3,4,72.7,0.02563215177414062,0.863457433980023
2320260312040005,取手競輪,5R,12:36,2-3,2,3,99.9,0.018617008445471168,0.8598391437025699
2320260312040007,取手競輪,7R,13:25,4-6,4,6,130.2,0.014270829229079289,0.8580619656261232
4320260314020001,岐阜競輪,1R,11:19,5-6,5,6,22.6,0.08206332503958699,0.8546311458946663
2320260312040005,取手競輪,5R,12:36,2-6,2,6,271.2,0.006835396108112097,0.8537594245200006
2620260312040011,西武園競輪,11R,20:00,4-5,4,5,34.3,0.0539759401676647,0.851374747750899
2320260312040008,取手競輪,8R,13:51,2-3,2,3,37.0,0.05002734169173763,0.8510116425942922
5320260314020003,奈良競輪,3R,11:57,2-7,2,7,64.2,0.028808670269288718,0.8495166312883358
2320260312040004,取手競輪,4R,12:13,1-4,1,4,40.2,0.04597250130505337,0.8480945524631456
4320260314020005,岐阜競輪,5R,12:51,2-3,2,3,32.1,0.05750529325530455,0.845919913495276
2320260312040005,取手競輪,5R,12:36,2-4,2,4,113.0,0.016283322653117785,0.8400154598023097
2620260312040007,西武園競輪,7R,18:12,2-6,2,6,54.5,0.03374537013502896,0.8391226723590781
8720260314020002,熊本競輪,3R,09:31,4-7,4,7,49.5,0.03711185283975166,0.837036715567707
6220260313030008,広島競輪,8R,18:51,1-7,1,7,55.8,0.03291564254533904,0.8366928540299183
2320260312040005,取手競輪,5R,12:36,4-9,4,9,109.1,0.016797649601959126,0.8326235715737407
2320260312040010,取手競輪,10R,14:45,2-6,2,6,74.1,0.02457568020627331,0.8210579032848522
4320260314020012,岐阜競輪,12R,16:05,5-7,5,7,65.0,0.027954194602658848,0.8170226491728252
2320260312040004,取手競輪,4R,12:13,3-7,3,7,76.7,0.023683322433467716,0.8165108306469739
7520260313030001,松山競輪,1R,20:50,4-5,4,5,66.7,0.027189318411638852,0.8135275380563114
2620260312040003,西武園競輪,3R,16:36,4-7,4,7,30.8,0.05887770764566079,0.8134333954863524
2320260312040006,取手競輪,6R,13:00,3-7,3,7,24.8,0.07303029462604668,0.8111513067259577
7520260313030007,松山競輪,7R,22:50,1-5,1,5,26.2,0.06907717069199154,0.8098218721301784
2320260312040002,取手競輪,2R,11:27,1-3,1,3,28.9,0.06260379901360062,0.8092497914930579
5320260314020011,奈良競輪,11R,15:21,1-4,1,4,56.3,0.03210303906258344,0.8074010992234475
2620260312040010,西武園競輪,10R,19:31,4-5,4,5,68.2,0.02649512659427686,0.806967633729682
2620260312040007,西武園競輪,7R,18:12,3-8,3,8,73.7,0.02427807092261522,0.7892938269967418
2320260312040010,取手競輪,10R,14:45,6-9,6,9,91.4,0.01956700954297161,0.7884246722276051
6220260313030001,広島競輪,1R,15:55,1-3,1,3,67.5,0.02648520139912528,0.7877510944409565
2620260312040009,西武園競輪,9R,19:04,6-9,6,9,189.5,0.009416722666103291,0.7844689452265736
2320260312040008,取手競輪,8R,13:51,4-5,4,5,89.9,0.019809923861439156,0.7809121551433802
6220260313030011,広島競輪,11R,20:15,1-5,1,5,73.4,0.02425767422366272,0.7805132880168437
4320260314020009,岐阜競輪,9R,14:36,2-3,2,3,57.0,0.031209994556061632,0.778969689695513
2320260312040012,取手競輪,12R,15:40,2-4,2,4,115.1,0.015446904641932784,0.7779387242864633
5320260314020009,奈良競輪,9R,14:27,3-4,3,4,69.6,0.025531040733292185,0.776960435037136
2620260312040004,西武園競輪,4R,16:59,3-5,3,5,111.9,0.015878965804572757,0.7768562735316917
2620260312040007,西武園競輪,7R,18:12,2-3,2,3,23.2,0.07657251680354554,0.7764823898422566
2320260312040006,取手競輪,6R,13:00,2-4,2,4,65.6,0.027025035233028454,0.7728423112866665
2620260312040007,西武園競輪,7R,18:12,4-5,4,5,156.7,0.011311808106794208,0.7725603303346524
2320260312040004,取手競輪,4R,12:13,7-9,7,9,49.9,0.03549750255801532,0.7713253776449644
5320260314020006,奈良競輪,6R,13:08,1-2,1,2,24.3,0.0726743232380779,0.765986054685293
5320260314020007,奈良競輪,7R,13:33,4-5,4,5,43.7,0.04034724194732181,0.7631744730979633
2320260312040012,取手競輪,12R,15:40,4-6,4,6,195.4,0.009019456689242776,0.7624018370780385
2620260312040003,西武園競輪,3R,16:36,4-8,4,8,129.9,0.013552310567960992,0.7604451427781329
6220260313030008,広島競輪,8R,18:51,2-4,2,4,18.6,0.09462461970299035,0.7600179264756206
2620260312040006,西武園競輪,6R,17:47,4-9,4,9,32.7,0.05381910823341474,0.7598848392326623
4320260314020002,岐阜競輪,2R,11:42,5-7,5,7,29.5,0.059620428459457156,0.7588026395539862
2320260312040007,取手競輪,7R,13:25,4-7,4,7,121.0,0.014529734356042103,0.7580978570810943
2620260312040002,西武園競輪,2R,16:15,4-6,4,6,34.5,0.050903206508137136,0.7561606245307313
2320260312040009,取手競輪,9R,14:18,5-8,5,8,160.8,0.010918733298360461,0.7557323143763623
6220260313030006,広島競輪,6R,17:59,3-4,3,4,222.7,0.007861697977671257,0.7508001396273889
2320260312040010,取手競輪,10R,14:45,4-7,4,7,92.1,0.018988881914032155,0.7488760242823613
2320260312040003,取手競輪,3R,11:50,1-7,1,7,128.7,0.01346676671942973,0.733172876790606
2320260312040001,取手競輪,1R,11:05,2-7,2,7,32.1,0.05398794655144095,0.7330130843012546
8720260314020006,熊本競輪,7R,10:55,3-5,3,5,29.6,0.05847035575100794,0.730722530229835
2620260312040002,西武園競輪,2R,16:15,3-5,3,5,39.3,0.0439318517608807,0.7265217742026113
2620260312040004,西武園競輪,4R,16:59,4-9,4,9,218.9,0.007880548479881845,0.725052062246136
2620260312040012,西武園競輪,12R,20:30,4-9,4,9,108.0,0.01596659855538079,0.7243926439811252
2620260312040012,西武園競輪,12R,20:30,6-9,6,9,288.0,0.005984621264894771,0.7235709242896939
2620260312040006,西武園競輪,6R,17:47,1-3,1,3,54.5,0.03158677423979431,0.7214791960687899
4320260314020011,岐阜競輪,11R,15:30,2-4,2,4,108.9,0.015776480555483398,0.7180587324921421
5320260314020002,奈良競輪,2R,11:34,2-4,2,4,76.3,0.022516605142722905,0.7180169723897576
6220260313030006,広島競輪,6R,17:59,1-2,1,2,31.8,0.05398065955300655,0.7165849737856083
2320260312040001,取手競輪,1R,11:05,1-6,1,6,44.2,0.03882345599358142,0.7159967549162989
7520260313030008,松山競輪,8R,23:10,4-5,4,5,41.2,0.041637824245493144,0.7154783589143177
4320260314020012,岐阜競輪,12R,16:05,1-5,1,5,37.8,0.04532362175635542,0.7132329023902346
2320260312040007,取手競輪,7R,13:25,2-6,2,6,96.6,0.017732081042457833,0.7129190287014264
5320260314020006,奈良競輪,6R,13:08,3-6,3,6,34.0,0.050218267723815053,0.7074211026097119
2320260312040008,取手競輪,8R,13:51,3-5,3,5,35.7,0.04780742645985321,0.7067251246167598
2320260312040007,取手競輪,7R,13:25,4-5,4,5,117.5,0.014482647053159662,0.7017110287462602
2620260312040001,西武園競輪,1R,15:45,2-7,2,7,26.8,0.06347298726979946,0.7010760588306255
5320260314020006,奈良競輪,6R,13:08,2-4,2,4,33.5,0.05074015864952316,0.6997953147590259
2320260312040006,取手競輪,6R,13:00,1-8,1,8,168.3,0.010086383394773767,0.697538325340425
2620260312040010,西武園競輪,10R,19:31,4-6,4,6,99.8,0.017008987498283983,0.6974969523287415
4320260314020003,岐阜競輪,3R,12:05,1-2,1,2,25.5,0.06651856597415404,0.696223432340928
2320260312040002,取手競輪,2R,11:27,4-8,4,8,86.0,0.01962555447436514,0.6877976847954022
2620260312040012,西武園競輪,12R,20:30,8-9,8,9,147.0,0.011452904277641571,0.6835769288133109
2320260312040005,取手競輪,5R,12:36,7-8,7,8,56.8,0.029622729193139522,0.6825710181703248
2320260312040011,取手競輪,11R,15:12,6-7,6,7,68.4,0.024582521813241644,0.6814444920257285
4320260314020005,岐阜競輪,5R,12:51,3-5,3,5,54.9,0.030565446625015626,0.6780430197133578
2620260312040010,西武園競輪,10R,19:31,6-7,6,7,92.6,0.018083277712998096,0.6745115162236237
2320260312040006,取手競輪,6R,13:00,2-8,2,8,162.3,0.01031580338419472,0.674254889254803
4320260314020002,岐阜競輪,2R,11:42,1-4,1,4,71.0,0.023576130261703396,0.6739052485809411
2620260312040008,西武園競輪,8R,18:38,7-8,7,8,121.5,0.01375390743257807,0.6710997530582354
4420260313030009,大垣競輪,9R,23:20,2-6,2,6,28.8,0.057971810248966985,0.6695881351702493
6220260313030006,広島競輪,6R,17:59,3-7,3,7,74.2,0.02246574965161938,0.6669586241501582
2620260312040003,西武園競輪,3R,16:36,1-5,1,5,28.4,0.058616383508852024,0.6647052916513974
8720260314020004,熊本競輪,5R,10:13,1-5,1,5,78.3,0.02125291395314221,0.664103162531035
2320260312040002,取手競輪,2R,11:27,5-6,5,6,129.8,0.012787226317068197,0.6597819759554522
4320260314020001,岐阜競輪,1R,11:19,3-6,3,6,51.0,0.03253838466917739,0.6594576181280469
2620260312040005,西武園競輪,5R,17:23,1-4,1,4,69.1,0.02399153448634989,0.6578150330067771
2620260312040012,西武園競輪,12R,20:30,3-4,3,4,41.1,0.04032214711518045,0.6572402464339167
8720260314020005,熊本競輪,6R,10:34,1-4,1,4,19.0,0.08718449779618828,0.6565054581275773
2320260312040004,取手競輪,4R,12:13,2-8,2,8,254.3,0.006475645215617814,0.64675657833161
8720260314020005,熊本競輪,6R,10:34,3-7,3,7,36.8,0.04473039106874109,0.6460783913296719
2620260312040001,西武園競輪,1R,15:45,2-3,2,3,54.1,0.030402799758151376,0.6447914669159895
4320260314020008,岐阜競輪,8R,14:09,3-4,3,4,90.7,0.01812666451959253,0.6440884719270425
2620260312040007,西武園競輪,7R,18:12,4-8,4,8,313.5,0.005242055827175389,0.6433845018194844
4320260314020010,岐阜競輪,10R,15:03,1-2,1,2,12.8,0.1280829308445085,0.6394615148097089
2320260312040012,取手競輪,12R,15:40,5-8,5,8,174.6,0.009385484374709024,0.6387055718241954
2620260312040004,西武園競輪,4R,16:59,2-6,2,6,48.5,0.03371447238482619,0.6351519106640702
2320260312040010,取手競輪,10R,14:45,1-4,1,4,100.7,0.01623450400456153,0.6348145532593459
4420260313030001,大垣競輪,1R,20:40,3-4,3,4,27.0,0.06054420783429698,0.6346936115260184
6220260313030011,広島競輪,11R,20:15,4-7,4,7,36.7,0.044467905169100874,0.6319721197060022
2620260312040011,西武園競輪,11R,20:00,2-7,2,7,29.2,0.055876165296656295,0.6315840266623638
4420260313030005,大垣競輪,5R,22:00,2-4,2,4,24.7,0.06601437240465907,0.6305549983950791
4320260314020003,岐阜競輪,3R,12:05,4-7,4,7,31.8,0.05126694658189888,0.6302889013043844
2620260312040005,西武園競輪,5R,17:23,3-9,3,9,102.9,0.015808247451988878,0.6266686628096556
6220260313030001,広島競輪,1R,15:55,3-6,3,6,27.5,0.059144342787337524,0.6264694266517818
2620260312040010,西武園競輪,10R,19:31,1-6,1,6,129.7,0.012529289662300575,0.6250488692003844
2620260312040007,西武園競輪,7R,18:12,7-8,7,8,89.5,0.01814051297513694,0.6235759112747563
8720260314020003,熊本競輪,4R,09:52,2-6,2,6,77.1,0.021054872691911752,0.623330684546396
6220260313030002,広島競輪,2R,16:25,4-7,4,7,27.5,0.0590140964317446,0.6228876518729765
4320260314020008,岐阜競輪,8R,14:09,3-6,3,6,49.7,0.032633635746286305,0.6218916965904295
4320260314020006,岐阜競輪,6R,13:16,5-7,5,7,18.9,0.08573320186361943,0.6203575152224072
2620260312040009,西武園競輪,9R,19:04,5-9,5,9,110.5,0.014625744459340848,0.6161447627571637
5320260314020007,奈良競輪,7R,13:33,1-3,1,3,52.9,0.030417565819585105,0.6090892318560521
2320260312040008,取手競輪,8R,13:51,5-7,5,7,71.3,0.022547324169450777,0.6076242132818404
4320260314020007,岐阜競輪,7R,13:42,4-7,4,7,34.2,0.04691715010305163,0.6045665335243657
2620260312040012,西武園競輪,12R,20:30,2-4,2,4,63.4,0.025300755592977123,0.6040679045947497
2620260312040009,西武園競輪,9R,19:04,4-5,4,5,120.6,0.013298958663629862,0.6038544148337612
4420260313030001,大垣競輪,1R,20:40,1-5,1,5,10.3,0.1555796052623945,0.6024699342026636
6220260313030002,広島競輪,2R,16:25,5-6,5,6,95.0,0.016852983902835614,0.6010334707693834
2320260312040008,取手競輪,8R,13:51,6-7,6,7,195.0,0.00818321468715851,0.5957268639959095
4420260313030001,大垣競輪,1R,20:40,1-4,1,4,19.2,0.08304148206128996,0.5943964555767671
2320260312040008,取手競輪,8R,13:51,4-9,4,9,147.6,0.010793648398701963,0.5931425036484097
4320260314020004,岐阜競輪,4R,12:28,1-5,1,5,37.9,0.0420109387065201,0.5922145769771117
4320260314020004,岐阜競輪,4R,12:28,3-4,3,4,28.2,0.05646148859519906,0.5922139783846134
5320260314020011,奈良競輪,11R,15:21,1-3,1,3,27.2,0.05850097683304052,0.5912265698587023
5320260314020007,奈良競輪,7R,13:33,1-2,1,2,38.5,0.041261927346486774,0.5885842028397408
2320260312040005,取手競輪,5R,12:36,4-6,4,6,189.8,0.008351902923779086,0.5851911749332706
2320260312040002,取手競輪,2R,11:27,6-7,6,7,44.8,0.03530206632652105,0.5815325714281432
2620260312040012,西武園競輪,12R,20:30,6-8,6,8,406.6,0.003885417602313656,0.5798107971007327
4320260314020011,岐阜競輪,11R,15:30,3-6,3,6,25.3,0.06236852879681423,0.5779237785594
5320260314020004,奈良競輪,4R,12:20,3-6,3,6,46.4,0.03397427664532508,0.5764064363430839
2620260312040009,西武園競輪,9R,19:04,8-9,8,9,120.6,0.013030281579700678,0.5714519585119016
2320260312040005,取手競輪,5R,12:36,7-9,7,9,50.2,0.031281475056710716,0.570330047846878
4320260314020003,岐阜競輪,3R,12:05,4-6,4,6,96.3,0.016298218820330383,0.569518472397816
4420260313030008,大垣競輪,8R,23:00,2-3,2,3,25.2,0.06214780149507969,0.5661245976760081
4320260314020009,岐阜競輪,9R,14:36,5-7,5,7,88.9,0.017597363609324637,0.5644056248689604
2620260312040006,西武園競輪,6R,17:47,2-4,2,4,42.4,0.036812558840795324,0.5608524948497218
2620260312040008,西武園競輪,8R,18:38,5-9,5,9,26.2,0.05953473165594649,0.5598099693857981
2620260312040003,西武園競輪,3R,16:36,4-6,4,6,154.1,0.010110139479415508,0.5579724937779298
4320260314020011,岐阜競輪,11R,15:30,3-4,3,4,30.2,0.05156112451528711,0.5571459603616706
4420260313030001,大垣競輪,1R,20:40,3-5,3,5,12.8,0.12162252755126182,0.5567683526561513
2620260312040003,西武園競輪,3R,16:36,3-6,3,6,125.0,0.012430014996076938,0.5537518745096173
5320260314020009,奈良競輪,9R,14:27,2-4,2,4,59.8,0.025934940390275614,0.5509094353384816
6220260313030009,広島競輪,9R,19:17,4-6,4,6,18.5,0.0835881887991118,0.5463814927835682
8720260314020001,熊本競輪,2R,09:10,5-6,5,6,51.3,0.03002930297059301,0.5405032423914213
8720260314020006,熊本競輪,7R,10:55,4-7,4,7,24.4,0.06312744369099844,0.5403096260603619
2620260312040001,西武園競輪,1R,15:45,3-5,3,5,31.0,0.04962621413097334,0.5384126380601735
6220260313030010,広島競輪,10R,19:45,3-7,3,7,28.8,0.05332232530544358,0.535682968796775
2620260312040007,西武園競輪,7R,18:12,6-9,6,9,73.7,0.02081992649561248,0.53442858272664
7520260313030006,松山競輪,6R,22:30,2-7,2,7,24.0,0.06391414328967217,0.5339394389521321
2620260312040008,西武園競輪,8R,18:38,4-8,4,8,267.3,0.0057329008189731445,0.5324043889115215
2320260312040011,取手競輪,11R,15:12,4-8,4,8,166.6,0.00919641169023193,0.5321221875926396
2620260312040008,西武園競輪,8R,18:38,7-9,7,9,53.4,0.0286097485261048,0.5277605712939963
2620260312040012,西武園競輪,12R,20:30,2-6,2,6,157.1,0.009690861345461203,0.522434317371955
2320260312040010,取手競輪,10R,14:45,6-8,6,8,146.5,0.01039144344168872,0.5223464642073976
2620260312040005,西武園競輪,5R,17:23,6-7,6,7,34.3,0.04436246265397001,0.5216324690311711
2320260312040009,取手競輪,9R,14:18,2-5,2,5,55.3,0.027489628183615163,0.5201764385539185
7520260313030005,松山競輪,5R,22:10,4-5,4,5,29.2,0.052003216784956265,0.518493930120723
2620260312040010,西武園競輪,10R,19:31,1-5,1,5,76.3,0.01989831599948876,0.5182415107609923
5320260314020001,奈良競輪,1R,11:12,4-6,4,6,27.0,0.056207985051326154,0.5176155963858062
2620260312040010,西武園競輪,10R,19:31,3-4,3,4,72.0,0.021058067274657102,0.5161808437753113
8720260314020002,熊本競輪,3R,09:31,1-2,1,2,19.0,0.07979121803250994,0.5160331426176887
4320260314020008,岐阜競輪,8R,14:09,2-3,2,3,19.2,0.07873773099397705,0.5117644350843593
2620260312040004,西武園競輪,4R,16:59,5-8,5,8,90.3,0.016741487868597034,0.511756354534312
2620260312040005,西武園競輪,5R,17:23,4-9,4,9,248.2,0.006088536076733923,0.5111746542453597
4420260313030008,大垣競輪,8R,23:00,3-5,3,5,37.8,0.039955248831253,0.5103084058213634
5320260314020005,奈良競輪,5R,12:43,1-3,1,3,29.6,0.05088308049987712,0.5061391827963628
7520260313030005,松山競輪,5R,22:10,3-4,3,4,29.2,0.05147635027020726,0.5031094278900521
2320260312040009,取手競輪,9R,14:18,5-9,5,9,112.4,0.013372191534918382,0.5030343285248262
2320260312040004,取手競輪,4R,12:13,5-9,5,9,40.5,0.03708056778675418,0.5017629953635443
2620260312040006,西武園競輪,6R,17:47,5-7,5,7,63.6,0.023593983657882584,0.5005773606413324
4320260314020004,岐阜競輪,4R,12:28,1-3,1,3,40.3,0.037214128998688485,0.49972939864714583
8720260314020003,熊本競輪,4R,09:52,2-4,2,4,27.6,0.05427503569311874,0.49799098513007745
6220260313030010,広島競輪,10R,19:45,1-2,1,2,33.2,0.0450892673105958,0.4969636747117807
2620260312040006,西武園競輪,6R,17:47,2-5,2,5,47.7,0.031367825286149925,0.4962452661493515
5320260314020008,奈良競輪,8R,14:00,1-5,1,5,18.5,0.08066090185016829,0.49222668422811333
4320260314020002,岐阜競輪,2R,11:42,1-5,1,5,34.5,0.04293979669614943,0.4814229860171555
4420260313030007,大垣競輪,7R,22:40,1-2,1,2,15.0,0.09872651345257356,0.48089770178860336
2620260312040009,西武園競輪,9R,19:04,4-8,4,8,110.5,0.013395554529980964,0.48020877556289654
2320260312040005,取手競輪,5R,12:36,1-7,1,7,13.0,0.11380783548458033,0.4795018612995443
2320260312040001,取手競輪,1R,11:05,5-6,5,6,71.6,0.020647021630877525,0.4783267487708307
7520260313030003,松山競輪,3R,21:30,1-6,1,6,10.8,0.1367582778092335,0.4769894003397219
2320260312040011,取手競輪,11R,15:12,3-7,3,7,49.0,0.03011161140226038,0.4754689587107588
4320260314020006,岐阜競輪,6R,13:16,2-3,2,3,20.8,0.07080425222339085,0.47272844624652954
7520260313030005,松山競輪,5R,22:10,3-6,3,6,29.2,0.05041937661959604,0.4722457972922045
5320260314020003,奈良競輪,3R,11:57,1-3,1,3,29.5,0.04986882825711665,0.4711304335849411
2620260312040006,西武園競輪,6R,17:47,4-6,4,6,81.8,0.017961063826309142,0.4692150209920878
2320260312040011,取手競輪,11R,15:12,3-8,3,8,98.1,0.014966434643871498,0.46820723856379387
2620260312040010,西武園競輪,10R,19:31,3-6,3,6,129.7,0.011318187062232022,0.46796886197149323
2320260312040005,取手競輪,5R,12:36,6-9,6,9,226.0,0.006494240666576067,0.4676983906461911
2620260312040008,西武園競輪,8R,18:38,8-9,8,9,102.8,0.014263315328048056,0.4662688157233401
2620260312040010,西武園競輪,10R,19:31,1-4,1,4,61.7,0.023736250970707043,0.4645266848926246
4320260314020007,岐阜競輪,7R,13:42,2-7,2,7,19.7,0.07433879190033453,0.46447420043659027
4420260313030003,大垣競輪,3R,21:20,2-6,2,6,28.5,0.05132147609890307,0.4626620688187375
2620260312040011,西武園競輪,11R,20:00,1-2,1,2,25.6,0.05703511705116396,0.46009899650979746
4320260314020004,岐阜競輪,4R,12:28,4-7,4,7,22.5,0.06480066590854007,0.4580149829421516
4420260313030009,大垣競輪,9R,23:20,4-7,4,7,34.6,0.04211459724194673,0.45716506457135697
7520260313030001,松山競輪,1R,20:50,3-6,3,6,40.0,0.03634992410498332,0.4539969641993329
6220260313030008,広島競輪,8R,18:51,2-3,2,3,18.6,0.07816142913783473,0.45380258196372614
4420260313030009,大垣競輪,9R,23:20,3-5,3,5,86.6,0.01678566891094359,0.45363892768771485
2320260312040001,取手競輪,1R,11:05,1-4,1,4,36.1,0.04018986811754392,0.45085423904333566
2320260312040008,取手競輪,8R,13:51,1-6,1,6,61.5,0.023561280056987703,0.4490187235047438
2320260312040004,取手競輪,4R,12:13,3-5,3,5,55.7,0.026009918094408106,0.4487524378585317
2320260312040004,取手競輪,4R,12:13,2-5,2,5,46.5,0.031153162591138713,0.44862206048795006
6220260313030001,広島競輪,1R,15:55,2-6,2,6,22.5,0.06432229929881589,0.4472517342233575
6220260313030011,広島競輪,11R,20:15,1-4,1,4,30.9,0.046774760317127316,0.445340093799234
2620260312040005,西武園競輪,5R,17:23,5-9,5,9,200.9,0.00719050804074875,0.44457306538642394
2320260312040003,取手競輪,3R,11:50,5-7,5,7,178.3,0.008099127939318183,0.4440745115804321
6220260313030006,広島競輪,6R,17:59,4-5,4,5,31.8,0.04525736437816036,0.43918418722549935
8720260314020001,熊本競輪,2R,09:10,1-2,1,2,10.9,0.13186524192172333,0.43733113694678427
4320260314020009,岐阜競輪,9R,14:36,3-7,3,7,86.8,0.01654300874705998,0.43593315924480636
4320260314020011,岐阜競輪,11R,15:30,1-2,1,2,37.9,0.03774344139976414,0.430476429051061
2620260312040007,西武園競輪,7R,18:12,2-7,2,7,24.5,0.05836454274256324,0.4299312971927993
6220260313030002,広島競輪,2R,16:25,3-4,3,4,42.9,0.0333129932022295,0.42912740837564556
2620260312040010,西武園競輪,10R,19:31,5-9,5,9,43.2,0.032993841671516415,0.4253339602095092
2620260312040003,西武園競輪,3R,16:36,3-7,3,7,21.4,0.06651700458330588,0.42346389808274565
5320260314020011,奈良競輪,11R,15:21,1-6,1,6,25.5,0.055819132318054104,0.4233878741103796
2320260312040002,取手競輪,2R,11:27,5-8,5,8,112.6,0.012626276107842678,0.4217186897430856
5320260314020010,奈良競輪,10R,14:54,1-6,1,6,30.0,0.04730061031471686,0.41901830944150564
4420260313030006,大垣競輪,6R,22:20,5-6,5,6,24.7,0.05743991538553062,0.41876591002260644
2620260312040005,西武園競輪,5R,17:23,2-4,2,4,105.5,0.013367299818631936,0.4102501308656692
4320260314020005,岐阜競輪,5R,12:51,3-7,3,7,48.8,0.028895634281806762,0.4101069529521699
4320260314020005,岐阜競輪,5R,12:51,3-4,3,4,30.8,0.04576487728086151,0.40955822025053457
2620260312040005,西武園競輪,5R,17:23,2-8,2,8,62.0,0.022664735224057403,0.4052135838915589
2320260312040002,取手競輪,2R,11:27,3-4,3,4,57.6,0.02439039495780277,0.4048867495694397
5320260314020011,奈良競輪,11R,15:21,5-7,5,7,16.8,0.08357341010779018,0.40403328981087516
2620260312040006,西武園競輪,6R,17:47,5-8,5,8,95.4,0.014617120379339953,0.3944732841890315
2320260312040004,取手競輪,4R,12:13,2-3,2,3,43.7,0.03189582875941998,0.3938477167866532
4420260313030009,大垣競輪,9R,23:20,1-7,1,7,19.2,0.07252423767033458,0.39246536327042403
2320260312040010,取手競輪,10R,14:45,4-5,4,5,83.7,0.016636183698290688,0.3924485755469307
2620260312040010,西武園競輪,10R,19:31,1-3,1,3,86.5,0.016038173656342053,0.3873020212735876
2620260312040008,西武園競輪,8R,18:38,6-7,6,7,167.0,0.00830238335990366,0.3864980211039113
4320260314020009,岐阜競輪,9R,14:36,4-6,4,6,18.1,0.07657442824486378,0.3859971512320346
2620260312040004,西武園競輪,4R,16:59,3-8,3,8,131.3,0.010540456043829732,0.383961878554844
2320260312040007,取手競輪,7R,13:25,6-7,6,7,99.8,0.013863230022480466,0.3835503562435505
7520260313030008,松山競輪,8R,23:10,4-7,4,7,61.8,0.022374183466338314,0.38272453821970776
6220260313030007,広島競輪,7R,18:25,1-4,1,4,23.2,0.059535843025777344,0.38123155819803434
8720260314020003,熊本競輪,4R,09:52,3-4,3,4,26.6,0.05188086322586516,0.3800309618080133
2620260312040008,西武園競輪,8R,18:38,6-9,6,9,167.0,0.008260912317052987,0.37957235694784885
5320260314020002,奈良競輪,2R,11:34,1-4,1,4,82.5,0.016705721976634787,0.37822206307236983
4320260314020009,岐阜競輪,9R,14:36,3-4,3,4,24.8,0.05552869224228318,0.37711156760862274
6220260313030001,広島競輪,1R,15:55,2-5,2,5,23.4,0.05881960433965802,0.37637874154799755
4420260313030009,大垣競輪,9R,23:20,5-6,5,6,43.3,0.031763490301346994,0.3753591300483248
2620260312040006,西武園競輪,6R,17:47,7-9,7,9,33.6,0.040900088357846934,0.37424296882365704
2320260312040005,取手競輪,5R,12:36,3-4,3,4,60.8,0.022578977422444427,0.3728018272846212
4320260314020007,岐阜競輪,7R,13:42,1-6,1,6,37.0,0.0371020836122781,0.37277709365428957
2320260312040004,取手競輪,4R,12:13,3-4,3,4,72.6,0.018908416622350488,0.37275104678264537
2320260312040011,取手競輪,11R,15:12,1-2,1,2,28.7,0.047823261433543755,0.37252760314270583
2320260312040007,取手競輪,7R,13:25,5-7,5,7,86.2,0.01590855970802671,0.3713178468319025
2320260312040008,取手競輪,8R,13:51,3-8,3,8,48.5,0.028273868932019754,0.3712826432029581
2320260312040008,取手競輪,8R,13:51,7-9,7,9,101.3,0.013520886942956327,0.3696658473214758
4320260314020012,岐阜競輪,12R,16:05,4-5,4,5,44.2,0.03095851316298097,0.36836628180375897
2620260312040012,西武園競輪,12R,20:30,6-7,6,7,172.8,0.00790652499616271,0.36624751933691635
2320260312040005,取手競輪,5R,12:36,2-8,2,8,113.0,0.012078374710221867,0.364856342255071
8720260314020001,熊本競輪,2R,09:10,2-4,2,4,11.1,0.12287197035867009,0.36387887098123795
2620260312040010,西武園競輪,10R,19:31,2-5,2,5,24.9,0.054716765328681846,0.362447456684178
4320260314020012,岐阜競輪,12R,16:05,6-7,6,7,46.8,0.029034737814868542,0.3588257297358477
2320260312040007,取手競輪,7R,13:25,4-9,4,9,65.8,0.020639478656178503,0.35807769557654545
5320260314020009,奈良競輪,9R,14:27,2-6,2,6,40.3,0.03358808839996669,0.35359996251865744
4320260314020006,岐阜競輪,6R,13:16,1-4,1,4,118.1,0.011460745573158904,0.3535140521900664
5320260314020002,奈良競輪,2R,11:34,1-6,1,6,19.2,0.07047490219230372,0.3531181220922315
4420260313030007,大垣競輪,7R,22:40,3-4,3,4,15.0,0.0901067424702205,0.35160113705330764
8720260314020006,熊本競輪,7R,10:55,1-4,1,4,46.6,0.028984820684040027,0.3506926438762654
2620260312040005,西武園競輪,5R,17:23,1-5,1,5,46.3,0.029154470513342145,0.34985198476774126
2620260312040005,西武園競輪,5R,17:23,3-6,3,6,64.9,0.02079549724617865,0.3496277712769944
2320260312040011,取手競輪,11R,15:12,3-4,3,4,72.7,0.01844765581857124,0.3411445780101292
5320260314020009,奈良競輪,9R,14:27,1-2,1,2,34.1,0.039310659964765945,0.3404935047985187
6220260313030007,広島競輪,7R,18:25,4-5,4,5,46.5,0.028810815256117644,0.33970290940947057
2320260312040010,取手競輪,10R,14:45,2-4,2,4,50.9,0.026298207189572865,0.33857874594925885
2320260312040008,取手競輪,8R,13:51,5-8,5,8,96.6,0.013828991350893747,0.33588056449633585
2320260312040012,取手競輪,12R,15:40,3-4,3,4,42.0,0.03180209450493597,0.3356879692073107
2620260312040012,西武園競輪,12R,20:30,5-8,5,8,109.7,0.012138086086670444,0.3315480437077478
2620260312040006,西武園競輪,6R,17:47,3-7,3,7,60.2,0.022109075038121217,0.33096631729489734
6220260313030003,広島競輪,3R,16:47,3-6,3,6,203.8,0.0065192477104572205,0.3286226833911816
2620260312040008,西武園競輪,8R,18:38,1-5,1,5,18.0,0.0737559768421786,0.3276075831592149
4320260314020004,岐阜競輪,4R,12:28,4-5,4,5,21.5,0.061725531114726256,0.32709891896661447
4320260314020008,岐阜競輪,8R,14:09,5-6,5,6,29.4,0.045111215440719124,0.3262697339571421
2320260312040003,取手競輪,3R,11:50,6-8,6,8,52.0,0.025402830024528103,0.3209471612754613
4320260314020002,岐阜競輪,2R,11:42,4-7,4,7,36.4,0.036286222665020976,0.32081850500676357
2320260312040008,取手競輪,8R,13:51,2-7,2,7,58.7,0.022497779834017986,0.32061967625685583
5320260314020006,奈良競輪,6R,13:08,3-5,3,5,24.3,0.05430441133950672,0.3195971955500132
6220260313030007,広島競輪,7R,18:25,1-3,1,3,9.3,0.14144887722846405,0.3154745582247158
2620260312040003,西武園競輪,3R,16:36,5-6,5,6,50.5,0.0260469065453372,0.31536878053952866
2620260312040012,西武園競輪,12R,20:30,3-6,3,6,84.3,0.01556480677402943,0.3121132110506808
2620260312040012,西武園競輪,12R,20:30,4-6,4,6,216.0,0.006067342110154752,0.3105458957934266
2320260312040007,取手競輪,7R,13:25,1-3,1,3,14.8,0.08852084960739887,0.3101085741895033
4320260314020008,岐阜競輪,8R,14:09,2-7,2,7,15.4,0.08506664355129973,0.31002631069001585
5320260314020007,奈良競輪,7R,13:33,1-4,1,4,36.1,0.036139661168366755,0.3046417681780398
2620260312040009,西武園競輪,9R,19:04,2-4,2,4,30.8,0.04232622922276997,0.30364786006131506
6220260313030006,広島競輪,6R,17:59,3-6,3,6,222.7,0.005845065716386181,0.30169613503920245
2320260312040007,取手競輪,7R,13:25,7-9,7,9,64.7,0.02011217821539639,0.30125793053614647
5320260314020002,奈良競輪,2R,11:34,2-5,2,5,12.6,0.10310668891026817,0.2991442802693789
4320260314020008,岐阜競輪,8R,14:09,4-7,4,7,69.0,0.01873347071236664,0.29260947915329805
2320260312040010,取手競輪,10R,14:45,3-9,3,9,45.2,0.028596110191241704,0.29254418064412513
2320260312040008,取手競輪,8R,13:51,4-6,4,6,187.9,0.006867118151608107,0.2903315006871634
2620260312040010,西武園競輪,10R,19:31,2-4,2,4,19.9,0.06483489414458352,0.2902143934772119
8720260314020002,熊本競輪,3R,09:31,2-5,2,5,22.8,0.05654344583160681,0.2891905649606352
6220260313030005,広島競輪,5R,17:35,2-6,2,6,72.0,0.017810040011141705,0.2823228808022027
8720260314020001,熊本競輪,2R,09:10,3-4,3,4,28.4,0.045121469388211176,0.2814497306251973
2320260312040012,取手競輪,12R,15:40,7-9,7,9,28.9,0.04427633332558346,0.2795860331093618
2320260312040001,取手競輪,1R,11:05,5-7,5,7,68.5,0.0186601900922279,0.2782230213176111
6220260313030001,広島競輪,1R,15:55,4-5,4,5,11.9,0.1073844267510291,0.27787467833724633
5320260314020005,奈良競輪,5R,12:43,2-4,2,4,16.2,0.0788810056808935,0.2778722920304746
6220260313030009,広島競輪,9R,19:17,3-4,3,4,83.2,0.015352375121476554,0.2773176101068493
4420260313030008,大垣競輪,8R,23:00,2-5,2,5,18.9,0.06756534489066343,0.27698501843353873
4320260314020001,岐阜競輪,1R,11:19,2-3,2,3,42.7,0.029893996551896528,0.2764736527659819
2320260312040010,取手競輪,10R,14:45,3-5,3,5,53.0,0.023955344592544937,0.2696332634048817
4320260314020008,岐阜競輪,8R,14:09,1-6,1,6,31.0,0.04093657455345364,0.26903381115706293
2620260312040006,西武園競輪,6R,17:47,1-4,1,4,27.9,0.045379033232476246,0.2660750271860872
4320260314020011,岐阜競輪,11R,15:30,3-7,3,7,18.3,0.06901223947043528,0.2629239823089655
2320260312040004,取手競輪,4R,12:13,2-7,2,7,43.5,0.029025021177321364,0.26258842121347925
2320260312040008,取手競輪,8R,13:51,7-8,7,8,89.9,0.01401427649241933,0.25988345666849777
4320260314020003,岐阜競輪,3R,12:05,3-7,3,7,18.6,0.06769963165522065,0.2592131487871041
2620260312040007,西武園競輪,7R,18:12,4-7,4,7,57.0,0.02207890423557702,0.25849754142789005
4320260314020011,岐阜競輪,11R,15:30,4-6,4,6,106.3,0.01183726284948976,0.25830104090076134
2320260312040003,取手競輪,3R,11:50,3-5,3,5,35.6,0.035286557958499484,0.25620146332258176
2620260312040004,西武園競輪,4R,16:59,1-2,1,2,13.0,0.09630616227403635,0.2519801095624725
4420260313030009,大垣競輪,9R,23:20,5-7,5,7,57.7,0.021593615040911767,0.2459515878606091
2320260312040005,取手競輪,5R,12:36,1-8,1,8,26.0,0.04790486194993914,0.24552641069841763
2620260312040010,西武園競輪,10R,19:31,4-9,4,9,31.6,0.03934783387197434,0.24339155035438909
2620260312040007,西武園競輪,7R,18:12,7-9,7,9,35.8,0.03472597534317499,0.24318991728566441
2320260312040009,取手競輪,9R,14:18,2-3,2,3,28.1,0.04400690636455594,0.236594068844022
2320260312040006,取手競輪,6R,13:00,8-9,8,9,192.8,0.006409769716299795,0.23580360130260059
2620260312040005,西武園競輪,5R,17:23,2-5,2,5,76.7,0.01610759598283481,0.23545261188342992
2320260312040005,取手競輪,5R,12:36,5-7,5,7,40.0,0.030879533485287824,0.23518133941151298
4320260314020008,岐阜競輪,8R,14:09,6-7,6,7,35.8,0.034498024730714616,0.23502928535958323
4320260314020009,岐阜競輪,9R,14:36,3-5,3,5,70.1,0.017593738315871223,0.23332105594257269
2620260312040008,西武園競輪,8R,18:38,1-3,1,3,40.5,0.030436477043173586,0.23267732024853016
2620260312040010,西武園競輪,10R,19:31,3-9,3,9,46.3,0.026605712033886005,0.23184446716892193
8720260314020003,熊本競輪,4R,09:52,1-4,1,4,25.7,0.047869931179042605,0.23025723130139486
4420260313030006,大垣競輪,6R,22:20,5-7,5,7,24.7,0.049736372917908195,0.22848841107233242
4320260314020011,岐阜競輪,11R,15:30,1-6,1,6,35.4,0.034701725098417215,0.22844106848396928
4420260313030003,大垣競輪,3R,21:20,4-6,4,6,28.5,0.043073878509658096,0.2276055375252557
4320260314020004,岐阜競輪,4R,12:28,2-7,2,7,18.2,0.06718904602491785,0.22284063765350481
4320260314020007,岐阜競輪,7R,13:42,2-3,2,3,14.5,0.08420949290579853,0.2210376471340787
2620260312040004,西武園競輪,4R,16:59,8-9,8,9,138.7,0.008800457909233369,0.2206235120106681
2320260312040004,取手競輪,4R,12:13,5-8,5,8,220.0,0.005545655147263231,0.22004413239791076
2320260312040011,取手競輪,11R,15:12,1-9,1,9,104.6,0.011642788056947146,0.21783563075667134
4320260314020006,岐阜競輪,6R,13:16,1-2,1,2,56.8,0.021397571345989908,0.21538205245222675
6220260313030002,広島競輪,2R,16:25,4-5,4,5,32.6,0.037275405113406615,0.21517820669705578
2620260312040001,西武園競輪,1R,15:45,3-6,3,6,40.2,0.030170567980598216,0.21285683282004841
2620260312040006,西武園競輪,6R,17:47,5-9,5,9,26.6,0.04547166500729702,0.20954628919410068
2620260312040005,西武園競輪,5R,17:23,3-8,3,8,45.8,0.026330045196248722,0.20591606998819145
2620260312040011,西武園競輪,11R,20:00,5-7,5,7,20.1,0.05990202522833972,0.20403070708962856
7520260313030007,松山競輪,7R,22:50,1-7,1,7,26.2,0.04589421603996724,0.20242846024714156
2320260312040011,取手競輪,11R,15:12,3-5,3,5,35.5,0.033867662173231894,0.20230200714973234
2320260312040002,取手競輪,2R,11:27,1-5,1,5,23.7,0.050722049855864385,0.20211258158398593
5320260314020007,奈良競輪,7R,13:33,3-7,3,7,17.5,0.06866016406441536,0.20155287112726872
4420260313030008,大垣競輪,8R,23:00,1-7,1,7,25.2,0.04759866076825066,0.1994862513599165
8720260314020005,熊本競輪,6R,10:34,3-5,3,5,132.3,0.00904109881149353,0.19613737276059395
4320260314020006,岐阜競輪,6R,13:16,3-6,3,6,21.5,0.05557259493078766,0.19481079101193455
2620260312040010,西武園競輪,10R,19:31,8-9,8,9,61.7,0.019327295363503874,0.192494123928189
2320260312040006,取手競輪,6R,13:00,1-2,1,2,47.4,0.02514071576115031,0.1916699270785247
2620260312040003,西武園競輪,3R,16:36,1-2,1,2,43.8,0.02719596520071691,0.1911832757914007
2320260312040001,取手競輪,1R,11:05,3-4,3,4,16.9,0.07044725275617146,0.19055857157929768
4320260314020010,岐阜競輪,10R,15:03,3-6,3,6,50.5,0.02353886923234107,0.18871289623322407
5320260314020009,奈良競輪,9R,14:27,2-7,2,7,17.8,0.06660002288777248,0.18548040740235017
4420260313030009,大垣競輪,9R,23:20,3-6,3,6,24.7,0.0477997839304959,0.18065466308324862
6220260313030005,広島競輪,5R,17:35,1-3,1,3,21.0,0.056202564898650414,0.1802538628716588
2320260312040011,取手競輪,11R,15:12,5-9,5,9,40.0,0.029473425736542106,0.17893702946168433
2320260312040006,取手競輪,6R,13:00,1-5,1,5,33.7,0.03497109117337712,0.1785257725428091
8720260314020003,熊本競輪,4R,09:52,1-3,1,3,48.0,0.024543640246109093,0.17809473181323643
7520260313030006,松山競輪,6R,22:30,4-7,4,7,24.0,0.04900199393809629,0.17604785451431093
6220260313030008,広島競輪,8R,18:51,3-7,3,7,12.4,0.09477492825335737,0.17520911034163134
2320260312040010,取手競輪,10R,14:45,2-5,2,5,21.9,0.05361736199454606,0.17422022768055867
4420260313030003,大垣競輪,3R,21:20,1-2,1,2,14.2,0.08267510787808996,0.17398653186887736
2620260312040004,西武園競輪,4R,16:59,3-9,3,9,131.3,0.00893527620554253,0.17320176578773427
2620260312040006,西武園競輪,6R,17:47,2-3,2,3,49.7,0.02360105058517538,0.1729722140832164
8720260314020004,熊本競輪,5R,10:13,4-7,4,7,11.0,0.10653539207536057,0.17188931282896625
2620260312040005,西武園競輪,5R,17:23,4-5,4,5,175.8,0.006657294381998833,0.17035235235539492
4320260314020004,岐阜競輪,4R,12:28,3-6,3,6,94.0,0.01244092823838169,0.1694472544078789
4420260313030009,大垣競輪,9R,23:20,2-4,2,4,24.7,0.04731761049798165,0.16874497930014676
6220260313030002,広島競輪,2R,16:25,3-6,3,6,76.4,0.015212365565730494,0.16222472922180975
6220260313030007,広島競輪,7R,18:25,3-4,3,4,13.9,0.08340788103764772,0.15936954642330337
2320260312040007,取手競輪,7R,13:25,2-9,2,9,44.8,0.025858710159172967,0.15847021513094872
2320260312040008,取手競輪,8R,13:51,2-8,2,8,82.7,0.013992632217895686,0.1571906844199733
4320260314020009,岐阜競輪,9R,14:36,5-6,5,6,46.1,0.025053228591338822,0.15495383806071983
2320260312040010,取手競輪,10R,14:45,3-6,3,6,98.4,0.01173172775980282,0.15440201156459765
2320260312040010,取手競輪,10R,14:45,4-6,4,6,129.0,0.008940691228177632,0.15334916843491442
6220260313030007,広島競輪,7R,18:25,5-6,5,6,139.5,0.008257520861889078,0.1519241602335264
5320260314020004,奈良競輪,4R,12:20,3-7,3,7,15.7,0.07330413665288864,0.15087494545035152
5320260314020003,奈良競輪,3R,11:57,1-2,1,2,26.6,0.04323936826549523,0.1501671958621731
4420260313030002,大垣競輪,2R,21:00,1-6,1,6,23.2,0.04955086011608879,0.1495799546932599
7520260313030008,松山競輪,8R,23:10,3-6,3,6,30.9,0.03716638490789306,0.1484412936538957
4320260314020009,岐阜競輪,9R,14:36,2-6,2,6,26.4,0.043486049176465064,0.14803169825867757
4320260314020005,岐阜競輪,5R,12:51,2-4,2,4,17.9,0.06406134932844558,0.14669815297917577
4320260314020009,岐阜競輪,9R,14:36,1-2,1,2,16.2,0.07072719293833335,0.1457805256010003
4320260314020004,岐阜競輪,4R,12:28,1-4,1,4,15.9,0.0720588392186897,0.14573554357716634
4320260314020007,岐阜競輪,7R,13:42,1-3,1,3,25.5,0.044905981854212663,0.14510253728242284
4420260313030002,大垣競輪,2R,21:00,1-2,1,2,7.7,0.14868954034127319,0.14490946062780363
2620260312040008,西武園競輪,8R,18:38,1-8,1,8,55.6,0.020530476318566967,0.14149448331232328
2320260312040004,取手競輪,4R,12:13,6-8,6,8,313.0,0.0036417597160712046,0.139870791130287
2320260312040010,取手競輪,10R,14:45,7-9,7,9,25.4,0.0448558741988098,0.1393392046497688
2620260312040009,西武園競輪,9R,19:04,4-9,4,9,88.4,0.012875389158155252,0.13818440158092438
2320260312040004,取手競輪,4R,12:13,2-9,2,9,26.6,0.04277208329799184,0.13773741572658316
7520260313030007,松山競輪,7R,22:50,4-6,4,6,26.2,0.04341124655317588,0.13737465969320795
2320260312040010,取手競輪,10R,14:45,2-3,2,3,31.8,0.035755359425717406,0.13702042973781348
8720260314020005,熊本競輪,6R,10:34,3-4,3,4,17.3,0.06569517526288149,0.1365265320478497
2320260312040010,取手競輪,10R,14:45,5-9,5,9,26.5,0.042831575575332875,0.1350367527463212
5320260314020007,奈良競輪,7R,13:33,2-7,2,7,12.8,0.08857183949016349,0.1337195454740927
2620260312040007,西武園競輪,7R,18:12,6-8,6,8,104.5,0.010811923155114577,0.12984596970947337
2320260312040003,取手競輪,3R,11:50,2-5,2,5,27.9,0.040474274512105994,0.12923225888775725
2620260312040010,西武園競輪,10R,19:31,2-8,2,8,33.2,0.033949548748841686,0.127125018461544
2320260312040010,取手競輪,10R,14:45,1-6,1,6,66.8,0.01684928534137365,0.12553226080375968
2320260312040011,取手競輪,11R,15:12,3-9,3,9,55.3,0.02028242132715331,0.12161789939157797
7520260313030003,松山競輪,3R,21:30,1-2,1,2,10.8,0.10364601473479708,0.11937695913580848
2320260312040009,取手競輪,9R,14:18,7-9,7,9,82.7,0.013515127343838588,0.11770103133545118
4320260314020004,岐阜競輪,4R,12:28,3-7,3,7,34.0,0.03283392816016467,0.11635355744559872
6220260313030006,広島競輪,6R,17:59,1-5,1,5,20.2,0.05523070010166839,0.11566014205370134
2620260312040001,西武園競輪,1R,15:45,5-6,5,6,20.8,0.05360529516250461,0.11499013938009606
4320260314020006,岐阜競輪,6R,13:16,1-7,1,7,50.9,0.02187652097161251,0.11351491745507669
2320260312040006,取手競輪,6R,13:00,5-6,5,6,88.1,0.012631071458827074,0.1127973955226651
4320260314020002,岐阜競輪,2R,11:42,2-3,2,3,17.0,0.0654317563643384,0.11233985819375292
2320260312040007,取手競輪,7R,13:25,2-3,2,3,17.3,0.0642890853648613,0.11220117681210051
2620260312040008,西武園競輪,8R,18:38,3-6,3,6,167.0,0.006652548099984232,0.11097553269736671
5320260314020010,奈良競輪,10R,14:54,6-7,6,7,29.2,0.03799889695331077,0.10956779103667436
4420260313030003,大垣競輪,3R,21:20,3-4,3,4,28.5,0.03893219150858215,0.10956745799459111
2320260312040012,取手競輪,12R,15:40,1-8,1,8,47.9,0.023135156167602915,0.1081739804281796
2620260312040009,西武園競輪,9R,19:04,5-7,5,7,45.7,0.024238516943829294,0.10770022433299875
4420260313030009,大垣競輪,9R,23:20,2-3,2,3,28.8,0.03834460409861255,0.10432459804004157
6220260313030001,広島競輪,1R,15:55,1-2,1,2,32.8,0.03359519890192192,0.1019225239830388
6220260313030008,広島競輪,8R,18:51,4-5,4,5,18.6,0.05914765102804901,0.10014630912171163
2320260312040009,取手競輪,9R,14:18,3-9,3,9,47.2,0.023260460879469834,0.09789375351097629
8720260314020004,熊本競輪,5R,10:13,2-4,2,4,143.6,0.007644165737456944,0.09770219989881723
2320260312040009,取手競輪,9R,14:18,2-9,2,9,52.1,0.021056039607975485,0.09701966357552272
2620260312040002,西武園競輪,2R,16:15,5-7,5,7,17.7,0.06194352794834386,0.09640044468568632
5320260314020010,奈良競輪,10R,14:54,4-6,4,6,52.5,0.020881943852920932,0.09630205227834887
4320260314020003,岐阜競輪,3R,12:05,4-5,4,5,33.3,0.03286350109085227,0.09435458632538052
4320260314020005,岐阜競輪,5R,12:51,2-6,2,6,22.3,0.04898950642524072,0.09246599328286798
5320260314020004,奈良競輪,4R,12:20,4-6,4,6,18.8,0.05801951679249896,0.09076691569898054
2320260312040004,取手競輪,4R,12:13,3-8,3,8,193.8,0.005595562435532473,0.08442000000619343
2320260312040004,取手競輪,4R,12:13,1-3,1,3,17.3,0.06257279653519135,0.08250938005881037
7520260313030004,松山競輪,4R,21:50,2-4,2,4,16.5,0.06545030284928738,0.07992999701324166
2320260312040001,取手競輪,1R,11:05,3-5,3,5,20.7,0.05178799478860988,0.07201149212422453
7520260313030002,松山競輪,2R,21:10,1-5,1,5,8.2,0.13058138735389843,0.07076737630196694
6220260313030011,広島競輪,11R,20:15,2-5,2,5,23.4,0.0457572122022072,0.07071876553164835
7520260313030005,松山競輪,5R,22:10,4-7,4,7,29.2,0.03666697993494292,0.07067581410033319
4420260313030004,大垣競輪,4R,21:40,1-4,1,4,15.5,0.0690583668637145,0.07040468638757469
4420260313030002,大垣競輪,2R,21:00,2-6,2,6,23.2,0.04579650283585685,0.06247886579187889
4320260314020004,岐阜競輪,4R,12:28,2-3,2,3,17.7,0.06000809547396363,0.062143289889156295
6220260313030007,広島競輪,7R,18:25,1-2,1,2,11.6,0.09146278537598901,0.06096831036147243
4320260314020008,岐阜競輪,8R,14:09,3-7,3,7,37.0,0.02857371215898228,0.05722734988234435
2620260312040005,西武園競輪,5R,17:23,1-2,1,2,28.9,0.03651005665049544,0.055140637199318165
2320260312040002,取手競輪,2R,11:27,2-6,2,6,50.0,0.021090386015866776,0.05451930079333889
6220260313030011,広島競輪,11R,20:15,3-5,3,5,45.1,0.023374381913221998,0.05418462428631221
2620260312040008,西武園競輪,8R,18:38,3-4,3,4,89.1,0.011824338865890023,0.053548592950801055
4320260314020006,岐阜競輪,6R,13:16,1-6,1,6,73.8,0.014274644928319005,0.05346879570994245
7520260313030005,松山競輪,5R,22:10,2-4,2,4,29.2,0.0360749143083125,0.05338749780272489
2320260312040006,取手競輪,6R,13:00,2-5,2,5,30.8,0.03419177348242502,0.05310662325869053
2320260312040007,取手競輪,7R,13:25,5-9,5,9,49.9,0.021090799817767802,0.052430910906613226
2620260312040006,西武園競輪,6R,17:47,3-6,3,6,76.3,0.013786026346071168,0.051873810205230075
2620260312040008,西武園競輪,8R,18:38,2-7,2,7,24.7,0.042543371021254967,0.050821264224997664
6220260313030002,広島競輪,2R,16:25,3-5,3,5,108.1,0.009676869813224586,0.04606962680957771
5320260314020004,奈良競輪,4R,12:20,1-7,1,7,17.8,0.05873139918365094,0.04541890546898664
2320260312040007,取手競輪,7R,13:25,3-5,3,5,20.0,0.0521908340333896,0.043816680667791985
2320260312040012,取手競輪,12R,15:40,6-9,6,9,87.1,0.01198164441001755,0.043601228112528645
8720260314020002,熊本競輪,3R,09:31,3-7,3,7,37.9,0.02752533663477616,0.043210258458016515
2620260312040005,西武園競輪,5R,17:23,5-7,5,7,19.0,0.054865163006006176,0.04243809711411739
8720260314020005,熊本競輪,6R,10:34,2-5,2,5,46.9,0.022214753901539874,0.04187195798221999
2320260312040004,取手競輪,4R,12:13,1-2,1,2,14.7,0.07078880004012106,0.04059536058977953
2620260312040008,西武園競輪,8R,18:38,2-6,2,6,83.5,0.012421132516425001,0.03716456512148758
4420260313030005,大垣競輪,5R,22:00,1-4,1,4,12.3,0.08428868990522874,0.03675088583431352
2620260312040009,西武園競輪,9R,19:04,6-7,6,7,66.3,0.015605542501776218,0.03464746786776329
6220260313030011,広島競輪,11R,20:15,1-7,1,7,20.9,0.04940410787065487,0.03254585449668679
2320260312040012,取手競輪,12R,15:40,5-6,5,6,123.7,0.008341741815933272,0.031873462630945815
2620260312040010,西武園競輪,10R,19:31,2-3,2,3,23.1,0.04465721695180952,0.03158171158680001
2620260312040009,西武園競輪,9R,19:04,4-6,4,6,120.6,0.008537884187407443,0.02966883300133749
4320260314020005,岐阜競輪,5R,12:51,2-5,2,5,23.5,0.04367693773247734,0.026408036713217564
2320260312040001,取手競輪,1R,11:05,1-3,1,3,13.2,0.07769552863250531,0.025580977949070105
5320260314020007,奈良競輪,7R,13:33,3-5,3,5,33.7,0.030414295388727447,0.02496175460011507
4320260314020012,岐阜競輪,12R,16:05,5-6,5,6,48.5,0.02113253001611837,0.024927705781740972
2620260312040007,西武園競輪,7R,18:12,1-4,1,4,114.0,0.008978257451454337,0.023521349465794428
2620260312040008,西武園競輪,8R,18:38,4-7,4,7,70.3,0.014557342485678557,0.023381176743202614
2620260312040009,西武園競輪,9R,19:04,1-6,1,6,82.9,0.01233466642824102,0.02254384690118072
2320260312040006,取手競輪,6R,13:00,6-7,6,7,89.0,0.011453188867251482,0.019333809185381856
2620260312040005,西武園競輪,5R,17:23,7-8,7,8,18.5,0.055089373352591196,0.019153407022937108
2620260312040004,西武園競輪,4R,16:59,1-5,1,5,16.1,0.06327731180921356,0.018764720128338297
2320260312040004,取手競輪,4R,12:13,8-9,8,9,137.9,0.0073811457145566495,0.017859994037362048
2320260312040003,取手競輪,3R,11:50,2-4,2,4,15.8,0.06429446131865815,0.01585248883479884
4320260314020007,岐阜競輪,7R,13:42,1-4,1,4,17.1,0.05918852367451531,0.012123754834211908
5320260314020011,奈良競輪,11R,15:21,4-5,4,5,43.6,0.023139137341877756,0.008866388105870149
2620260312040009,西武園競輪,9R,19:04,3-4,3,4,27.6,0.03643978022972688,0.005737934340461992
2320260312040012,取手競輪,12R,15:40,7-8,7,8,62.2,0.01616613971592773,0.005533890330704949
4420260313030005,大垣競輪,5R,22:00,3-4,3,4,24.7,0.04069029632096009,0.005050319127714253
2620260312040001,西武園競輪,1R,15:45,3-7,3,7,16.7,0.06012171709065507,0.004032675413939701
2320260312040008,取手競輪,8R,13:51,5-9,5,9,77.7,0.01290892211670008,0.0030232484675962734
5320260314020002,奈良競輪,2R,11:34,1-5,1,5,10.5,0.09552073123165296,0.002967677932355972
8720260314020002,熊本競輪,3R,09:31,1-3,1,3,16.7,0.05979758767091644,-0.0013802858956954989
4420260313030009,大垣競輪,9R,23:20,1-5,1,5,21.6,0.04614523185148553,-0.0032629920079124686
8720260314020006,熊本競輪,7R,10:55,3-7,3,7,18.3,0.05417130629096131,-0.008665094875407897
2320260312040011,取手競輪,11R,15:12,6-9,6,9,53.8,0.018413608643765816,-0.009347854965399138
7520260313030001,松山競輪,1R,20:50,2-4,2,4,18.2,0.05440615342826641,-0.00980800760555145
2320260312040010,取手競輪,10R,14:45,1-3,1,3,42.5,0.023269880686663365,-0.011030070816806958
5320260314020004,奈良競輪,4R,12:20,5-6,5,6,69.1,0.014306738821112951,-0.011404347461095199
2620260312040006,西武園競輪,6R,17:47,7-8,7,8,76.3,0.012942331480426925,-0.012500108043425606
4320260314020006,岐阜競輪,6R,13:16,1-5,1,5,17.2,0.05741275866881007,-0.012500550896466844
4320260314020008,岐阜競輪,8R,14:09,5-7,5,7,24.1,0.04092905247318196,-0.013609835396314773
5320260314020003,奈良競輪,3R,11:57,4-6,4,6,16.2,0.06087730227540796,-0.013787703138391061
5320260314020010,奈良競輪,10R,14:54,5-6,5,6,29.5,0.0334274326218143,-0.01389073765647808
4420260313030002,大垣競輪,2R,21:00,3-4,3,4,23.2,0.04237276982420806,-0.01695174007837308
6220260313030011,広島競輪,11R,20:15,2-7,2,7,11.9,0.08250151888392918,-0.018231925281242733
4320260314020012,岐阜競輪,12R,16:05,3-5,3,5,42.2,0.023206901478823254,-0.020668757593658604
4320260314020006,岐阜競輪,6R,13:16,3-7,3,7,13.7,0.07133704945330503,-0.022682422489721077
4420260313030006,大垣競輪,6R,22:20,3-6,3,6,24.7,0.039535525183241466,-0.02347252797393584
2320260312040009,取手競輪,9R,14:18,1-7,1,7,18.6,0.05248574096981303,-0.02376521796147757
2620260312040007,西武園競輪,7R,18:12,3-7,3,7,13.4,0.07281950078555467,-0.024218689473567312
4320260314020006,岐阜競輪,6R,13:16,4-7,4,7,43.4,0.022460898704120887,-0.02519699624115357
2620260312040008,西武園競輪,8R,18:38,2-3,2,3,29.0,0.03360381383163213,-0.025489398882668324
2620260312040006,西武園競輪,6R,17:47,5-6,5,6,67.3,0.014472749948996748,-0.025983928432518955
2620260312040004,西武園競輪,4R,16:59,4-6,4,6,78.1,0.012437134621253319,-0.02865978608011588
2320260312040006,取手競輪,6R,13:00,1-9,1,9,58.5,0.01656813947320094,-0.03076384081774508
2320260312040002,取手競輪,2R,11:27,4-7,4,7,24.0,0.04035291607046956,-0.03153001430873048
5320260314020007,奈良競輪,7R,13:33,4-7,4,7,12.2,0.07931142448040038,-0.032400621339115476
6220260313030006,広島競輪,6R,17:59,2-5,2,5,14.8,0.0653607104375023,-0.03266148552496595
2320260312040006,取手競輪,6R,13:00,2-3,2,3,15.9,0.060745420767785004,-0.03414780979221843
4320260314020002,岐阜競輪,2R,11:42,3-6,3,6,29.3,0.032923365497463386,-0.03534539092432276
6220260313030005,広島競輪,5R,17:35,3-7,3,7,10.2,0.0945047111436054,-0.036051946335225016
6220260313030011,広島競輪,11R,20:15,1-3,1,3,20.9,0.04609093771249314,-0.03669940180889342
4320260314020004,岐阜競輪,4R,12:28,2-5,2,5,14.9,0.06461614617166735,-0.03721942204215656
8720260314020002,熊本競輪,3R,09:31,4-5,4,5,18.2,0.05279771168999158,-0.03908164724215324
4320260314020012,岐阜競輪,12R,16:05,2-5,2,5,18.0,0.05316686593493507,-0.04299641317116876
7520260313030005,松山競輪,5R,22:10,2-6,2,6,29.2,0.03274687480574737,-0.0437912556721769
8720260314020002,熊本競輪,3R,09:31,2-6,2,6,19.0,0.05031828853070318,-0.043952517916639566
2620260312040005,西武園競輪,5R,17:23,2-7,2,7,15.7,0.06063807459291544,-0.04798222889122761
2620260312040010,西武園競輪,10R,19:31,3-7,3,7,40.5,0.02346636326421813,-0.04961228779916571
4420260313030008,大垣競輪,8R,23:00,4-7,4,7,75.7,0.012530439914820946,-0.051445698448054356
2620260312040003,西武園競輪,3R,16:36,3-4,3,4,35.0,0.02706636162239024,-0.05267734321634154
6220260313030009,広島競輪,9R,19:17,2-7,2,7,30.2,0.031366983407972164,-0.05271710107924066
2620260312040008,西武園競輪,8R,18:38,2-9,2,9,23.4,0.04046507844498235,-0.053117164387413096
4320260314020001,岐阜競輪,1R,11:19,2-5,2,5,12.3,0.07680797461391858,-0.05526191224880139
2320260312040008,取手競輪,8R,13:51,1-3,1,3,8.8,0.10722101772486278,-0.05645504402120749
2620260312040002,西武園競輪,2R,16:15,3-4,3,4,15.3,0.06165768114637733,-0.05663747846042677
4320260314020005,岐阜競輪,5R,12:51,4-5,4,5,27.2,0.03465000847326412,-0.05751976952721605
5320260314020010,奈良競輪,10R,14:54,3-4,3,4,33.3,0.028294489639877386,-0.05779349499208308
2620260312040009,西武園競輪,9R,19:04,1-5,1,5,49.1,0.019181801247857105,-0.058173558730216124
5320260314020011,奈良競輪,11R,15:21,2-5,2,5,19.0,0.049541540559141097,-0.05871072937631916
2320260312040010,取手競輪,10R,14:45,3-7,3,7,36.1,0.026008282792844107,-0.06110099117832768
2320260312040005,取手競輪,5R,12:36,8-9,8,9,81.1,0.011541706951577437,-0.0639675662270699
5320260314020001,奈良競輪,1R,11:12,2-6,2,6,14.7,0.06362337643309754,-0.06473636643346625
4420260313030006,大垣競輪,6R,22:20,1-3,1,3,12.3,0.0758375010763825,-0.06719873676049526
2320260312040006,取手競輪,6R,13:00,2-9,2,9,53.5,0.017424850441597965,-0.0677705013745089
7520260313030003,松山競輪,3R,21:30,2-4,2,4,21.7,0.042915386805943555,-0.06873610631102489
8720260314020003,熊本競輪,4R,09:52,5-7,5,7,10.9,0.08537243939579657,-0.0694404105858174
2620260312040010,西武園競輪,10R,19:31,6-8,6,8,117.9,0.007884815508519705,-0.07038025154552674
2320260312040003,取手競輪,3R,11:50,1-5,1,5,82.0,0.011329570432701042,-0.07097522451851457
2320260312040012,取手競輪,12R,15:40,3-6,3,6,61.0,0.015224499832143822,-0.07130551023922693
4320260314020001,岐阜競輪,1R,11:19,1-4,1,4,17.8,0.0520682214728788,-0.07318565778275721
5320260314020010,奈良競輪,10R,14:54,2-5,2,5,16.9,0.054687348410360395,-0.07578381186490935
2320260312040004,取手競輪,4R,12:13,1-9,1,9,11.8,0.07826023247253387,-0.07652925682410028
4320260314020009,岐阜競輪,9R,14:36,2-7,2,7,26.6,0.034673471480665075,-0.07768565861430898
2620260312040005,西武園競輪,5R,17:23,4-8,4,8,63.9,0.014433120439654478,-0.0777236039060788
2320260312040008,取手競輪,8R,13:51,1-8,1,8,26.2,0.035091630950427326,-0.0805992690988041
2320260312040003,取手競輪,3R,11:50,1-8,1,8,32.6,0.028109410123137522,-0.08363322998571676
6220260313030005,広島競輪,5R,17:35,5-7,5,7,10.0,0.09144309040178861,-0.08556909598211393
2620260312040004,西武園競輪,4R,16:59,1-9,1,9,34.0,0.026836635532393592,-0.08755439189861791
5320260314020007,奈良競輪,7R,13:33,1-5,1,5,19.7,0.04628938843319475,-0.08809904786606337
2320260312040008,取手競輪,8R,13:51,6-9,6,9,210.9,0.004320343191508412,-0.08883962091087583
2320260312040005,取手競輪,5R,12:36,2-5,2,5,81.1,0.011154774371243889,-0.09534779849212072
4420260313030006,大垣競輪,6R,22:20,2-6,2,6,24.7,0.03661976345729687,-0.0954918426047674
2620260312040003,西武園競輪,3R,16:36,3-8,3,8,52.1,0.01733329746689922,-0.09693520197455052
2320260312040008,取手競輪,8R,13:51,8-9,8,9,105.4,0.008565265059250926,-0.09722106275495235
6220260313030007,広島競輪,7R,18:25,5-7,5,7,46.5,0.01941316113928249,-0.09728800702336426
2620260312040010,西武園競輪,10R,19:31,7-8,7,8,51.9,0.01739031937962982,-0.0974424241972125
2320260312040004,取手競輪,4R,12:13,4-8,4,8,226.1,0.003988495667397095,-0.09820112960151683
6220260313030011,広島競輪,11R,20:15,3-7,3,7,20.2,0.04463184012162667,-0.09843682954314126
8720260314020004,熊本競輪,5R,10:13,1-7,1,7,11.2,0.08039312835488852,-0.09959696242524874
8720260314020001,熊本競輪,2R,09:10,1-5,1,5,11.6,0.07756528135655047,-0.10024273626401459
4320260314020009,岐阜競輪,9R,14:36,2-5,2,5,24.9,0.036131676019289835,-0.10032126711968314
2620260312040006,西武園競輪,6R,17:47,6-7,6,7,71.5,0.01257542504632922,-0.10085710918746082
2320260312040008,取手競輪,8R,13:51,1-2,1,2,14.0,0.06419608707341945,-0.1012547809721277
6220260313030008,広島競輪,8R,18:51,4-7,4,7,7.9,0.11366004474718239,-0.10208564649725915
2320260312040005,取手競輪,5R,12:36,1-3,1,3,12.7,0.07064094697906195,-0.10285997336591324
2320260312040012,取手競輪,12R,15:40,2-9,2,9,42.5,0.021035940588131692,-0.10597252500440313
4320260314020003,岐阜競輪,3R,12:05,1-3,1,3,12.3,0.07231667957690466,-0.11050484120407267
2620260312040012,西武園競輪,12R,20:30,3-5,3,5,24.1,0.036863116340457046,-0.1115988961949852
2620260312040007,西武園競輪,7R,18:12,4-6,4,6,66.0,0.013441324577344153,-0.11287257789528593
4320260314020006,岐阜競輪,6R,13:16,2-7,2,7,24.0,0.036937090153323165,-0.11350983632024403
6220260313030003,広島競輪,3R,16:47,3-7,3,7,8.7,0.10182481761893644,-0.11412408671525298
4420260313030001,大垣競輪,1R,20:40,2-5,2,5,7.9,0.11205503401189504,-0.11476523130602911
2320260312040011,取手競輪,11R,15:12,1-3,1,3,44.9,0.019703112261493363,-0.11533025945894804
2620260312040003,西武園競輪,3R,16:36,6-8,6,8,141.0,0.006261254168277457,-0.1171631622728786
2620260312040006,西武園競輪,6R,17:47,1-8,1,8,44.0,0.020042573293015925,-0.1181267751072993
4420260313030004,大垣競輪,4R,21:40,1-3,1,3,9.3,0.09481605281143818,-0.11821070885362484
4320260314020003,岐阜競輪,3R,12:05,1-4,1,4,15.6,0.056478845648517614,-0.11893000788312524
2620260312040006,西武園競輪,6R,17:47,2-7,2,7,30.9,0.02838101446813589,-0.12302665293460102
2320260312040007,取手競輪,7R,13:25,3-7,3,7,17.6,0.04981040035024538,-0.12333695383568122
4320260314020007,岐阜競輪,7R,13:42,1-7,1,7,23.5,0.037297446765346756,-0.12351000101435128
2620260312040011,西武園競輪,11R,20:00,1-5,1,5,14.3,0.06113634890924996,-0.1257502105977255
2320260312040008,取手競輪,8R,13:51,2-9,2,9,72.8,0.012006390260843507,-0.12593478901059274
4320260314020012,岐阜競輪,12R,16:05,2-3,2,3,14.3,0.06108701956479748,-0.12645562022339596
2620260312040006,西武園競輪,6R,17:47,1-7,1,7,26.0,0.033588861908713005,-0.12668959037346184
2620260312040007,西武園競輪,7R,18:12,3-5,3,5,17.9,0.04877121092715045,-0.12699532440400707
2620260312040007,西武園競輪,7R,18:12,8-9,8,9,96.4,0.009054482599827959,-0.12714787737658473
4420260313030006,大垣競輪,6R,22:20,1-7,1,7,12.3,0.07077708523486811,-0.1294418516111221
4320260314020012,岐阜競輪,12R,16:05,2-7,2,7,12.4,0.07017720955453816,-0.1298026015237268
2320260312040012,取手競輪,12R,15:40,2-5,2,5,59.7,0.014567550925509185,-0.1303172097471016
4320260314020012,岐阜競輪,12R,16:05,1-7,1,7,14.4,0.06036610552490865,-0.13072808044131545
4320260314020008,岐阜競輪,8R,14:09,1-3,1,3,25.4,0.03419643460847284,-0.13141056094478998
2320260312040012,取手競輪,12R,15:40,2-8,2,8,110.2,0.007879490513610529,-0.13168014540011974
4320260314020003,岐阜競輪,3R,12:05,5-7,5,7,14.7,0.058993109564952045,-0.13280128939520497
6220260313030007,広島競輪,7R,18:25,2-5,2,5,15.5,0.055908411579847744,-0.13341962051236
2320260312040002,取手競輪,2R,11:27,4-6,4,6,49.4,0.017524626377154844,-0.1342834569685507
7520260313030006,松山競輪,6R,22:30,1-3,1,3,12.0,0.07209494163426389,-0.13486070038883335
2320260312040003,取手競輪,3R,11:50,4-7,4,7,42.1,0.02048845329566717,-0.13743611625241203
5320260314020004,奈良競輪,4R,12:20,4-5,4,5,15.5,0.05555940689313764,-0.13882919315636655
2320260312040005,取手競輪,5R,12:36,2-7,2,7,22.7,0.037917043043330295,-0.13928312291640232
5320260314020001,奈良競輪,1R,11:12,3-6,3,6,44.1,0.019492311029579566,-0.14038908359554114
5320260314020004,奈良競輪,4R,12:20,2-4,2,4,13.0,0.06596473837106417,-0.1424584011761657
2620260312040007,西武園競輪,7R,18:12,5-8,5,8,83.6,0.010253637394714289,-0.1427959138018855
2620260312040009,西武園競輪,9R,19:04,2-6,2,6,28.2,0.030385132293976214,-0.14313926930987075
5320260314020006,奈良競輪,6R,13:08,3-7,3,7,14.7,0.05823076546204303,-0.14400774770796743
5320260314020005,奈良競輪,5R,12:43,1-6,1,6,10.6,0.08056619714838792,-0.1459983102270881
2620260312040006,西武園競輪,6R,17:47,6-9,6,9,33.6,0.02541559910932583,-0.14603586992665207
2620260312040008,西武園競輪,8R,18:38,6-8,6,8,222.7,0.0038223874026562703,-0.14875432542844869
2320260312040009,取手競輪,9R,14:18,3-4,3,4,26.3,0.032346283766221215,-0.14929273694838208
6220260313030008,広島競輪,8R,18:51,2-6,2,6,111.7,0.007592550216206412,-0.1519121408497437
7520260313030008,松山競輪,8R,23:10,2-4,2,4,15.4,0.05486962536168288,-0.15500776943008354
8720260314020003,熊本競輪,4R,09:52,4-7,4,7,12.9,0.06546724402424421,-0.15547255208724964
2620260312040008,西武園競輪,8R,18:38,1-7,1,7,21.9,0.03855659554025714,-0.15561055766836873
4420260313030002,大垣競輪,2R,21:00,1-4,1,4,7.7,0.1094984167609972,-0.1568621909403216
2620260312040012,西武園競輪,12R,20:30,1-2,1,2,12.9,0.06514917327006373,-0.1595756648161779
8720260314020004,熊本競輪,5R,10:13,1-3,1,3,18.5,0.04540031480756444,-0.16009417606005782
5320260314020001,奈良競輪,1R,11:12,3-4,3,4,14.1,0.059539248395505215,-0.16049659762337654
5320260314020008,奈良競輪,8R,14:00,4-7,4,7,40.8,0.02053137144905785,-0.16232004487843976
4420260313030009,大垣競輪,9R,23:20,2-5,2,5,34.6,0.02414987413950765,-0.16441435477303523
4320260314020012,岐阜競輪,12R,16:05,2-6,2,6,13.9,0.059806143472065657,-0.16869460573828732
6220260313030008,広島競輪,8R,18:51,3-6,3,6,55.8,0.014894493682518843,-0.16888725251544856
5320260314020011,奈良競輪,11R,15:21,1-7,1,7,8.7,0.09546488751288143,-0.16945547863793164
2320260312040010,取手競輪,10R,14:45,6-7,6,7,46.0,0.018012508317147992,-0.17142461741119241
2320260312040010,取手競輪,10R,14:45,5-7,5,7,21.2,0.03907860381550716,-0.17153359911124832
2320260312040002,取手競輪,2R,11:27,1-4,1,4,14.3,0.05786951885791368,-0.1724658803318343
4420260313030004,大垣競輪,4R,21:40,1-5,1,5,11.6,0.07133188982244931,-0.172550078059588
6220260313030001,広島競輪,1R,15:55,1-6,1,6,15.9,0.05197553197988845,-0.17358904151977372
2320260312040007,取手競輪,7R,13:25,6-9,6,9,66.9,0.012324522744751345,-0.1754894283761349
2620260312040012,西武園競輪,12R,20:30,2-7,2,7,27.5,0.029882214294048713,-0.1782391069136604
2320260312040008,取手競輪,8R,13:51,1-7,1,7,13.7,0.05990977539639453,-0.17923607706939504
2320260312040009,取手競輪,9R,14:18,6-9,6,9,57.6,0.014222649148237827,-0.18077540906150114
7520260313030001,松山競輪,1R,20:50,4-7,4,7,33.3,0.02459818710771671,-0.18088036931303364
6220260313030005,広島競輪,5R,17:35,1-2,1,2,21.0,0.03896470713311739,-0.18174115020453474
5320260314020005,奈良競輪,5R,12:43,3-6,3,6,11.2,0.0730333473283476,-0.1820265099225069
2620260312040005,西武園競輪,5R,17:23,2-6,2,6,45.8,0.017847242923319368,-0.182596274111973
5320260314020009,奈良競輪,9R,14:27,3-5,3,5,11.8,0.06916799625463438,-0.18381764419531432
4320260314020009,岐阜競輪,9R,14:36,1-4,1,4,7.2,0.11334129740691443,-0.18394265867021609
2620260312040005,西武園競輪,5R,17:23,2-3,2,3,30.3,0.02685382647847285,-0.1863290577022727
2620260312040008,西武園競輪,8R,18:38,3-7,3,7,35.1,0.023177386419691137,-0.18647373666884104
2620260312040012,西武園競輪,12R,20:30,5-6,5,6,132.9,0.006116561948258987,-0.18710891707638055
4320260314020008,岐阜競輪,8R,14:09,4-5,4,5,28.5,0.028471077606977053,-0.18857428820115396
4320260314020010,岐阜競輪,10R,15:03,5-7,5,7,39.6,0.020482357568228415,-0.18889864029815473
8720260314020004,熊本競輪,5R,10:13,1-4,1,4,41.7,0.019377601061234,-0.19195403574654224
2320260312040005,取手競輪,5R,12:36,3-9,3,9,46.5,0.017357063960567794,-0.1928965258335975
6220260313030001,広島競輪,1R,15:55,2-4,2,4,8.4,0.09604439629241071,-0.19322707114375004
7520260313030006,松山競輪,6R,22:30,2-3,2,3,12.0,0.06721971665591593,-0.19336340012900877
2620260312040008,西武園競輪,8R,18:38,4-9,4,9,53.4,0.015098877118674418,-0.19371996186278617
2620260312040003,西武園競輪,3R,16:36,1-6,1,6,76.1,0.010579038104355171,-0.19493520025857158
2320260312040003,取手競輪,3R,11:50,4-5,4,5,47.3,0.017017484503689166,-0.19507298297550246
2620260312040009,西武園競輪,9R,19:04,3-7,3,7,15.7,0.0512621463581488,-0.19518430217706395
2320260312040010,取手競輪,10R,14:45,5-6,5,6,46.2,0.01741995539263405,-0.19519806086030678
7520260313030004,松山競輪,4R,21:50,1-4,1,4,8.2,0.09779539564156503,-0.19807775573916686
7520260313030004,松山競輪,4R,21:50,4-7,4,7,16.5,0.048585987964599786,-0.19833119858410353
2620260312040006,西武園競輪,6R,17:47,3-8,3,8,63.6,0.012576470541410359,-0.20013647356630115
4420260313030005,大垣競輪,5R,22:00,4-7,4,7,24.7,0.03237458714337519,-0.2003476975586328
2620260312040004,西武園競輪,4R,16:59,5-6,5,6,42.2,0.01890552453026044,-0.2021868648230094
2620260312040003,西武園競輪,3R,16:36,2-6,2,6,66.2,0.012024376983189863,-0.20398624371283103
2620260312040009,西武園競輪,9R,19:04,2-3,2,3,8.3,0.095589137627677,-0.2066101576902808
2620260312040004,西武園競輪,4R,16:59,6-9,6,9,87.1,0.009071680144214098,-0.20985665943895215
6220260313030007,広島競輪,7R,18:25,1-7,1,7,19.9,0.039597389582820955,-0.212011947301863
6220260313030005,広島競輪,5R,17:35,2-4,2,4,45.8,0.01713137631125543,-0.21538296494450127
4420260313030002,大垣競輪,2R,21:00,2-4,2,4,7.7,0.10184845620882496,-0.21576688719204773
4320260314020008,岐阜競輪,8R,14:09,2-5,2,5,8.3,0.09427008897599615,-0.21755826149923196
2320260312040010,取手競輪,10R,14:45,2-7,2,7,13.9,0.05624644676916735,-0.21817438990857374
6220260313030001,広島競輪,1R,15:55,1-4,1,4,9.4,0.08316800170658256,-0.21822078395812394
6220260313030008,広島競輪,8R,18:51,2-7,2,7,15.9,0.04910138562975162,-0.2192879684869492
6220260313030006,広島競輪,6R,17:59,2-4,2,4,18.5,0.042187941707381764,-0.21952307841343732
2620260312040007,西武園競輪,7R,18:12,1-5,1,5,43.2,0.01804200205544086,-0.22058551120495473
5320260314020010,奈良競輪,10R,14:54,2-6,2,6,21.7,0.03590523412254819,-0.22085641954070434
2620260312040002,西武園競輪,2R,16:15,1-3,1,3,19.0,0.04084249087546458,-0.223992673366173
4320260314020004,岐阜競輪,4R,12:28,1-2,1,2,10.4,0.07453190034258678,-0.22486823643709752
7520260313030001,松山競輪,1R,20:50,1-4,1,4,11.7,0.06623554506040287,-0.22504412279328645
2320260312040005,取手競輪,5R,12:36,4-5,4,5,54.5,0.0142186016684997,-0.22508620906676635
7520260313030008,松山競輪,8R,23:10,2-5,2,5,12.3,0.06289570547967953,-0.2263828225999418
6220260313030010,広島競輪,10R,19:45,2-6,2,6,15.4,0.05022427761569936,-0.22654612471822988
2320260312040005,取手競輪,5R,12:36,6-8,6,8,131.8,0.005866423752052362,-0.2268053494794986
2320260312040002,取手競輪,2R,11:27,4-5,4,5,52.4,0.014749729756673938,-0.22711416075028568
2620260312040008,西武園競輪,8R,18:38,4-6,4,6,190.9,0.004045284645579156,-0.22775516115893912
2320260312040010,取手競輪,10R,14:45,1-9,1,9,18.6,0.04147393752510438,-0.22858476203305844
2320260312040006,取手競輪,6R,13:00,2-6,2,6,84.1,0.009158337934152046,-0.22978377973781294
7520260313030006,松山競輪,6R,22:30,2-4,2,4,12.0,0.06387451237170635,-0.23350585153952375
5320260314020011,奈良競輪,11R,15:21,3-6,3,6,23.4,0.032634984627376615,-0.2363413597193873
7520260313030008,松山競輪,8R,23:10,1-4,1,4,12.3,0.06189336550850516,-0.2387116042453865
6220260313030001,広島競輪,1R,15:55,2-3,2,3,19.3,0.039422994361257305,-0.239136208827734
4420260313030005,大垣競輪,5R,22:00,3-5,3,5,24.7,0.030756978383717895,-0.240302633922168
4320260314020012,岐阜競輪,12R,16:05,1-2,1,2,6.9,0.1100871709144218,-0.2403985206904895
8720260314020003,熊本競輪,4R,09:52,3-5,3,5,11.1,0.06839367438186883,-0.24083021436125607
7520260313030005,松山競輪,5R,22:10,1-7,1,7,14.6,0.05199240003720799,-0.24091095945676344
2620260312040002,西武園競輪,2R,16:15,3-6,3,6,16.5,0.045997432963968674,-0.24104235609451685
2320260312040006,取手競輪,6R,13:00,3-6,3,6,33.2,0.02280004911614598,-0.2430383693439534
7520260313030005,松山競輪,5R,22:10,1-2,1,2,14.6,0.051721928758976236,-0.24485984011894701
6220260313030008,広島競輪,8R,18:51,3-5,3,5,15.9,0.04747676087554773,-0.24511950207879107
7520260313030007,松山競輪,7R,22:50,1-2,1,2,8.7,0.08655686616020694,-0.24695526440619964
2320260312040008,取手競輪,8R,13:51,6-8,6,8,147.6,0.005099986661134608,-0.24724196881653193
7520260313030002,松山競輪,2R,21:10,1-3,1,3,8.2,0.091791088789616,-0.24731307192514884
4420260313030004,大垣競輪,4R,21:40,3-5,3,5,11.6,0.06486188314948066,-0.24760215546602438
6220260313030009,広島競輪,9R,19:17,2-3,2,3,166.5,0.004517601363021981,-0.2478193730568402
2320260312040006,取手競輪,6R,13:00,7-8,7,8,57.4,0.013096370362151721,-0.2482683412124912
6220260313030001,広島競輪,1R,15:55,3-4,3,4,8.1,0.09279168563795928,-0.2483873463325299
5320260314020009,奈良競輪,9R,14:27,2-3,2,3,17.2,0.04369175263157725,-0.24850185473687136
2320260312040002,取手競輪,2R,11:27,2-4,2,4,31.0,0.02420730751534044,-0.24957346702444627
4320260314020011,岐阜競輪,11R,15:30,1-3,1,3,8.4,0.08918415865254747,-0.25085306731860124
7520260313030006,松山競輪,6R,22:30,1-6,1,6,24.0,0.031198534143112508,-0.2512351805652998
8720260314020006,熊本競輪,7R,10:55,4-5,4,5,11.0,0.06800497973783003,-0.25194522288386967
7520260313030001,松山競輪,1R,20:50,3-4,3,4,18.2,0.0409248634027219,-0.25516748607046136
2620260312040009,西武園競輪,9R,19:04,2-7,2,7,13.1,0.056774520553494134,-0.2562537807492269
2320260312040001,取手競輪,1R,11:05,1-2,1,2,11.4,0.06497981112184531,-0.25923015321096343
4320260314020011,岐阜競輪,11R,15:30,2-7,2,7,27.0,0.027420977981427293,-0.25963359450146306
4320260314020011,岐阜競輪,11R,15:30,1-4,1,4,26.1,0.02831874809249381,-0.2608806747859116
4320260314020005,岐阜競輪,5R,12:51,1-3,1,3,10.0,0.07379872140598273,-0.26201278594017263
2320260312040002,取手競輪,2R,11:27,3-8,3,8,29.0,0.025403420533708223,-0.2633008045224615
2320260312040003,取手競輪,3R,11:50,2-3,2,3,7.9,0.09314399010277524,-0.2641624781880756
2620260312040001,西武園競輪,1R,15:45,1-2,1,2,17.8,0.04127486906509681,-0.26530733064127676
6220260313030008,広島競輪,8R,18:51,1-3,1,3,12.4,0.05917799616782298,-0.26619284751899497
2320260312040010,取手競輪,10R,14:45,1-5,1,5,20.7,0.03538152177067165,-0.2676024993470969
2620260312040007,西武園競輪,7R,18:12,5-6,5,6,33.8,0.02166807261829394,-0.2676191455016649
4420260313030006,大垣競輪,6R,22:20,1-4,1,4,12.3,0.05952681093040127,-0.26782022555606433
7520260313030004,松山競輪,4R,21:50,1-3,1,3,16.5,0.04426873836435567,-0.2695658169881314
4320260314020002,岐阜競輪,2R,11:42,2-7,2,7,7.6,0.09584102179921125,-0.27160823432599457
5320260314020004,奈良競輪,4R,12:20,3-5,3,5,23.2,0.031379830634354414,-0.27198792928297766
6220260313030010,広島競輪,10R,19:45,1-7,1,7,12.7,0.05727057021760876,-0.2726637582363688
2620260312040012,西武園競輪,12R,20:30,1-8,1,8,18.3,0.039733139168798025,-0.2728835532109961
2320260312040003,取手競輪,3R,11:50,3-4,3,4,12.8,0.05677020583601018,-0.2733413652990696
2620260312040010,西武園競輪,10R,19:31,1-7,1,7,30.1,0.024132602277356627,-0.27360867145156553
6220260313030010,広島競輪,10R,19:45,2-4,2,4,11.3,0.06418112496911119,-0.2747532878490435
2320260312040009,取手競輪,9R,14:18,1-8,1,8,19.5,0.037183774382495115,-0.2749163995413453
2620260312040012,西武園競輪,12R,20:30,4-7,4,7,34.9,0.020734223857095613,-0.2763755873873631
2620260312040006,西武園競輪,6R,17:47,4-7,4,7,24.8,0.029157623981508785,-0.27689092525858217
2320260312040012,取手競輪,12R,15:40,1-6,1,6,33.2,0.02173298150011821,-0.2784650141960754
6220260313030009,広島競輪,9R,19:17,4-7,4,7,7.2,0.10016199640853077,-0.2788336258585784
2320260312040011,取手競輪,11R,15:12,1-7,1,7,27.2,0.02647114421930169,-0.2799848772349941
2620260312040007,西武園競輪,7R,18:12,1-8,1,8,83.6,0.008558679468635089,-0.2844943964221066
4420260313030003,大垣競輪,3R,21:20,2-4,2,4,9.5,0.07514245351125423,-0.2861466916430848
4420260313030003,大垣競輪,3R,21:20,3-7,3,7,28.5,0.024990476213498182,-0.28777142791530186
4420260313030007,大垣競輪,7R,22:40,3-6,3,6,15.0,0.04721785382891902,-0.29173219256621463
2620260312040004,西武園競輪,4R,16:59,2-7,2,7,15.5,0.04562818474201261,-0.2927631364988045
2320260312040008,取手競輪,8R,13:51,5-6,5,6,89.1,0.007906448893362148,-0.2955354036014326
2620260312040009,西武園競輪,9R,19:04,3-9,3,9,22.8,0.030865813881812622,-0.29625944349467215
2320260312040010,取手競輪,10R,14:45,3-8,3,8,43.0,0.016323529328969383,-0.29808823885431657
7520260313030005,松山競輪,5R,22:10,4-6,4,6,14.6,0.048003646860279636,-0.29914675583991734
2320260312040001,取手競輪,1R,11:05,1-5,1,5,26.0,0.026868087712392776,-0.30142971947778785
5320260314020008,奈良競輪,8R,14:00,2-5,2,5,23.3,0.029977167952629915,-0.30153198670372294
7520260313030007,松山競輪,7R,22:50,2-4,2,4,13.1,0.05322152691574605,-0.3027979974037268
7520260313030001,松山競輪,1R,20:50,1-5,1,5,11.1,0.06277371748456213,-0.3032117359213603
7520260313030001,松山競輪,1R,20:50,3-5,3,5,18.2,0.03828016284877242,-0.30330103615234194
2620260312040007,西武園競輪,7R,18:12,1-2,1,2,21.2,0.03284249281044671,-0.3037391524185298
2320260312040007,取手競輪,7R,13:25,1-8,1,8,30.8,0.02256641552765468,-0.30495440174823585
2620260312040006,西武園競輪,6R,17:47,8-9,8,9,29.3,0.02370296868643558,-0.30550301748743747
2620260312040004,西武園競輪,4R,16:59,5-9,5,9,60.4,0.011473946252778134,-0.3069736463322007
2620260312040004,西武園競輪,4R,16:59,2-9,2,9,35.5,0.019492287867525198,-0.3080237807028555
5320260314020009,奈良競輪,9R,14:27,5-7,5,7,6.7,0.1027452659903339,-0.3116067178647628
6220260313030008,広島競輪,8R,18:51,1-2,1,2,27.9,0.024667508609954657,-0.3117765097822651
2320260312040012,取手競輪,12R,15:40,1-3,1,3,8.3,0.08262756785775718,-0.3141911867806153
4420260313030006,大垣競輪,6R,22:20,2-7,2,7,24.7,0.02773207566108301,-0.31501773117124965
4420260313030006,大垣競輪,6R,22:20,4-6,4,6,24.7,0.027708427943948455,-0.31560182978447315
7520260313030001,松山競輪,1R,20:50,2-5,2,5,13.3,0.051348372548446146,-0.3170666451056662
2320260312040009,取手競輪,9R,14:18,1-9,1,9,18.3,0.03730139078150862,-0.3173845486983923
2620260312040008,西武園競輪,8R,18:38,5-6,5,6,36.1,0.018844970886171767,-0.31969655100919914
4420260313030002,大垣競輪,2R,21:00,4-5,4,5,11.6,0.058601218083045165,-0.32022587023667615
7520260313030007,松山競輪,7R,22:50,2-3,2,3,13.1,0.05188284430557198,-0.3203347395970071
4320260314020008,岐阜競輪,8R,14:09,1-5,1,5,14.2,0.047795520227807586,-0.3213036127651323
2620260312040008,西武園競輪,8R,18:38,1-9,1,9,18.5,0.036602741496649716,-0.3228492823119803
8720260314020001,熊本競輪,2R,09:10,4-5,4,5,9.7,0.06969323685408968,-0.3239756025153302
7520260313030002,松山競輪,2R,21:10,1-2,1,2,5.5,0.1221685391215313,-0.3280730348315778
4420260313030009,大垣競輪,9R,23:20,1-2,1,2,8.2,0.08168868043892041,-0.3301528204008527
8720260314020002,熊本競輪,3R,09:31,2-3,2,3,8.9,0.07483194623405857,-0.3339956785168786
2620260312040010,西武園競輪,10R,19:31,3-5,3,5,38.1,0.01745798934529601,-0.334850605944222
6220260313030006,広島競輪,6R,17:59,3-5,3,5,55.6,0.011905054610286799,-0.338078963668054
2320260312040004,取手競輪,4R,12:13,7-8,7,8,125.2,0.0052582983105025904,-0.34166105152507564
2620260312040007,西武園競輪,7R,18:12,2-8,2,8,35.8,0.018366028005220126,-0.34249619741311954
4420260313030009,大垣競輪,9R,23:20,4-6,4,6,12.3,0.05340012578416094,-0.3431784528548204
2620260312040010,西武園競輪,10R,19:31,1-2,1,2,14.7,0.044411661778140446,-0.3471485718613355
2620260312040001,西武園競輪,1R,15:45,6-7,6,7,10.1,0.06450655780241404,-0.34848376619561816
2620260312040005,西武園競輪,5R,17:23,1-7,1,7,7.6,0.0855053167342303,-0.35015959281984976
2320260312040012,取手競輪,12R,15:40,6-8,6,8,145.7,0.004454285551009716,-0.35101059521788447
7520260313030004,松山競輪,4R,21:50,5-7,5,7,16.5,0.03933105633343198,-0.35103757049837236
7520260313030002,松山競輪,2R,21:10,1-4,1,4,5.5,0.11795703650162309,-0.351236299241073
5320260314020010,奈良競輪,10R,14:54,1-7,1,7,8.0,0.08099827713031243,-0.3520137829575005
7520260313030006,松山競輪,6R,22:30,1-5,1,5,12.0,0.05397399608614503,-0.3523120469662596
4420260313030001,大垣競輪,1R,20:40,2-3,2,3,7.1,0.09115461203477068,-0.3528022545531282
8720260314020001,熊本競輪,2R,09:10,1-4,1,4,7.3,0.08864184241344825,-0.35291455038182784
4320260314020002,岐阜競輪,2R,11:42,1-2,1,2,8.9,0.07256546158954434,-0.35416739185305535
4420260313030004,大垣競輪,4R,21:40,5-7,5,7,23.2,0.027800107182348845,-0.35503751336950684
2320260312040011,取手競輪,11R,15:12,1-6,1,6,37.0,0.017430068340970307,-0.3550874713840986
5320260314020004,奈良競輪,4R,12:20,4-7,4,7,5.9,0.10927656353499435,-0.3552682751435333
7520260313030002,松山競輪,2R,21:10,2-5,2,5,8.2,0.07859053275243921,-0.3555576314299985
2320260312040010,取手競輪,10R,14:45,4-9,4,9,30.3,0.02112307156830514,-0.3599709314803543
2620260312040009,西武園競輪,9R,19:04,1-2,1,2,12.3,0.05188672551426382,-0.3617932761745549
2620260312040012,西武園競輪,12R,20:30,4-5,4,5,39.5,0.016109065486933628,-0.3636919132661217
2320260312040005,取手競輪,5R,12:36,3-8,3,8,40.3,0.015774319194059742,-0.3642949364793924
4420260313030002,大垣競輪,2R,21:00,1-3,1,3,7.7,0.08240678187311531,-0.36546777957701204
6220260313030007,広島競輪,7R,18:25,1-5,1,5,8.7,0.0725049553256216,-0.36920688866709217
4320260314020003,岐阜競輪,3R,12:05,3-5,3,5,13.8,0.04564579449931761,-0.37008803590941697
6220260313030008,広島競輪,8R,18:51,1-4,1,4,8.5,0.07404514334610374,-0.3706162815581182
2320260312040007,取手競輪,7R,13:25,3-6,3,6,20.4,0.030831092753570946,-0.37104570782715274
4420260313030006,大垣競輪,6R,22:20,2-5,2,5,12.3,0.051002021960310465,-0.3726751298881813
2620260312040009,西武園競輪,9R,19:04,3-5,3,5,15.2,0.041257966537752225,-0.37287890862616624
7520260313030002,松山競輪,2R,21:10,3-4,3,4,16.5,0.0379193160565916,-0.3743312850662386
2620260312040005,西武園競輪,5R,17:23,1-3,1,3,14.8,0.04221010148400993,-0.37529049803665304
2620260312040010,西武園競輪,10R,19:31,7-9,7,9,15.6,0.03991853673557817,-0.3772708269249805
5320260314020007,奈良競輪,7R,13:33,1-7,1,7,8.5,0.07320994118514335,-0.3777154999262815
7520260313030007,松山競輪,7R,22:50,3-4,3,4,13.1,0.047429064537233015,-0.3786792545622475
7520260313030006,松山競輪,6R,22:30,3-4,3,4,12.0,0.05174409472141346,-0.3790708633430384
2620260312040004,西武園競輪,4R,16:59,6-7,6,7,27.9,0.02219111431471856,-0.3808679106193522
2320260312040003,取手競輪,3R,11:50,3-8,3,8,10.3,0.05998408900648673,-0.3821638832331866
4320260314020001,岐阜競輪,1R,11:19,3-4,3,4,14.2,0.04342211016585895,-0.3834060356448029
2320260312040004,取手競輪,4R,12:13,5-7,5,7,29.8,0.020678193763918974,-0.3837898258352146
2320260312040006,取手競輪,6R,13:00,5-9,5,9,24.4,0.02519573792759653,-0.3852239945666447
7520260313030007,松山競輪,7R,22:50,2-5,2,5,13.1,0.04681039253900583,-0.3867838577390236
2320260312040008,取手競輪,8R,13:51,3-7,3,7,12.8,0.04775980433288489,-0.3886745045390734
4420260313030004,大垣競輪,4R,21:40,6-7,6,7,46.5,0.013138635535515211,-0.38905344759854266
2320260312040002,取手競輪,2R,11:27,1-2,1,2,8.8,0.06937744908740345,-0.3894784480308495
2320260312040011,取手競輪,11R,15:12,5-6,5,6,21.8,0.027805702662767058,-0.39383568195167806
6220260313030007,広島競輪,7R,18:25,2-7,2,7,19.9,0.03035223531473249,-0.39599051723682355
6220260313030006,広島競輪,6R,17:59,5-7,5,7,5.0,0.12067972017190723,-0.3966013991404639
4420260313030003,大垣競輪,3R,21:20,2-7,2,7,9.5,0.06350269198900203,-0.39672442610448067
4420260313030002,大垣競輪,2R,21:00,4-6,4,6,23.2,0.025973632883428993,-0.39741171710444734
2320260312040003,取手競輪,3R,11:50,4-8,4,8,17.1,0.03516918434707006,-0.39860694766510196
6220260313030004,広島競輪,4R,17:11,1-2,1,2,9.0,0.06664165217938936,-0.4002251303854958
4320260314020009,岐阜競輪,9R,14:36,1-5,1,5,12.4,0.04833792807937347,-0.400609691815769
6220260313030009,広島競輪,9R,19:17,2-5,2,5,55.5,0.010774725160278963,-0.40200275360451754
4320260314020005,岐阜競輪,5R,12:51,1-5,1,5,10.6,0.05635774980519635,-0.40260785206491867
6220260313030005,広島競輪,5R,17:35,1-5,1,5,11.2,0.05322637135758894,-0.40386464079500395
2620260312040008,西武園競輪,8R,18:38,1-2,1,2,11.5,0.051731840147298536,-0.40508383830606687
5320260314020003,奈良競輪,3R,11:57,2-4,2,4,8.6,0.0690083228495505,-0.40652842349386575
2620260312040010,西武園競輪,10R,19:31,3-8,3,8,64.8,0.00914968067421296,-0.4071006923110002
2620260312040002,西武園競輪,2R,16:15,4-7,4,7,7.0,0.08469050095030375,-0.4071664933478737
5320260314020010,奈良競輪,10R,14:54,5-7,5,7,10.2,0.058109873618615956,-0.40727928909011724
2320260312040010,取手競輪,10R,14:45,1-2,1,2,11.4,0.05192546754580324,-0.4080496699778431
4320260314020008,岐阜競輪,8R,14:09,2-6,2,6,6.6,0.08960683875248124,-0.4085948642336239
6220260313030005,広島競輪,5R,17:35,2-7,2,7,7.8,0.07574338173158399,-0.4092016224936449
5320260314020005,奈良競輪,5R,12:43,1-4,1,4,6.6,0.08930711511838844,-0.4105730402186363
6220260313030007,広島競輪,7R,18:25,6-7,6,7,139.5,0.004193147340443129,-0.4150559460081835
6220260313030004,広島競輪,4R,17:11,1-5,1,5,11.8,0.04927698827703145,-0.41853153833102885
6220260313030009,広島競輪,9R,19:17,3-5,3,5,111.0,0.005217307533769453,-0.42087886375159067
6220260313030002,広島競輪,2R,16:25,2-5,2,5,10.6,0.05455847952790018,-0.4216801170042581
4320260314020008,岐阜競輪,8R,14:09,1-2,1,2,6.0,0.0963190191123707,-0.42208588532577584
4320260314020002,岐阜競輪,2R,11:42,1-7,1,7,10.4,0.05530351978393763,-0.42484339424704864
6220260313030002,広島競輪,2R,16:25,2-6,2,6,9.2,0.06201448836009426,-0.42946670708713286
2320260312040012,取手競輪,12R,15:40,3-7,3,7,10.1,0.056267308701971455,-0.4317001821100883
2620260312040007,西武園競輪,7R,18:12,1-6,1,6,29.1,0.01950556228446086,-0.43238813752218885
2620260312040010,西武園競輪,10R,19:31,4-8,4,8,39.3,0.014430014061999223,-0.4329004473634306
2320260312040012,取手競輪,12R,15:40,2-3,2,3,21.2,0.026727849100588372,-0.4333695990675265
2320260312040011,取手競輪,11R,15:12,2-3,2,3,11.7,0.048285882431452445,-0.43505517555200646
2320260312040007,取手競輪,7R,13:25,2-7,2,7,23.9,0.023613807175307394,-0.4356300085101533
2620260312040009,西武園競輪,9R,19:04,2-9,2,9,16.5,0.03416922928230878,-0.43620771684190507
6220260313030005,広島競輪,5R,17:35,1-7,1,7,6.1,0.09209978714310366,-0.4381912984270677
2320260312040006,取手競輪,6R,13:00,1-3,1,3,8.7,0.06448829299526429,-0.4389518509412007
7520260313030008,松山競輪,8R,23:10,2-3,2,3,8.8,0.06372693320071539,-0.4392029878337045
7520260313030005,松山競輪,5R,22:10,2-3,2,3,14.6,0.038372020140077956,-0.43976850595486183
7520260313030004,松山競輪,4R,21:50,3-4,3,4,16.5,0.03372518225259,-0.4435344928322651
2620260312040009,西武園競輪,9R,19:04,1-3,1,3,12.1,0.045742835159022485,-0.44651169457582796
6220260313030002,広島競輪,2R,16:25,3-7,3,7,21.0,0.02635393149044509,-0.4465674387006531
4320260314020002,岐阜競輪,2R,11:42,2-4,2,4,10.9,0.05070350403096872,-0.44733180606244094
4320260314020005,岐阜競輪,5R,12:51,1-2,1,2,5.6,0.09863130220983024,-0.4476647076249507
5320260314020003,奈良競輪,3R,11:57,4-5,4,5,8.9,0.06203472504156837,-0.4478909471300415
7520260313030007,松山競輪,7R,22:50,3-6,3,6,13.1,0.042142544506113135,-0.44793266696991796
6220260313030006,広島競輪,6R,17:59,2-7,2,7,4.4,0.12523438760941552,-0.4489686945185717
2620260312040007,西武園競輪,7R,18:12,1-7,1,7,16.9,0.0325764475633205,-0.44945803617988356
2320260312040009,取手競輪,9R,14:18,1-3,1,3,7.5,0.0733418358004675,-0.44993623149649375
2320260312040004,取手競輪,4R,12:13,1-8,1,8,45.7,0.012023787925223864,-0.4505128918172694
7520260313030006,松山競輪,6R,22:30,1-4,1,4,8.0,0.06855091614711267,-0.4515926708230986
5320260314020005,奈良競輪,5R,12:43,3-4,3,4,6.6,0.08243991222731131,-0.45589657929974536
2320260312040001,取手競輪,1R,11:05,4-5,4,5,26.5,0.02048091573983772,-0.45725573289430044
4420260313030003,大垣競輪,3R,21:20,1-7,1,7,9.5,0.05706742724744607,-0.45785944114926236
4320260314020010,岐阜競輪,10R,15:03,1-5,1,5,9.9,0.05463476217039063,-0.45911585451313275
7520260313030004,松山競輪,4R,21:50,1-7,1,7,8.2,0.06580776364716039,-0.46037633809328493
2620260312040009,西武園競輪,9R,19:04,1-4,1,4,34.0,0.015829442832230325,-0.46179894370416896
6220260313030011,広島競輪,11R,20:15,3-4,3,4,12.2,0.04402411305959065,-0.46290582067299413
4420260313030009,大垣競輪,9R,23:20,1-6,1,6,6.4,0.0839198288342015,-0.46291309546111037
2320260312040002,取手競輪,2R,11:27,5-7,5,7,15.9,0.03372550722306906,-0.463764435153202
2620260312040001,西武園競輪,1R,15:45,1-3,1,3,14.1,0.038028939229307474,-0.46379195686676467
6220260313030008,広島競輪,8R,18:51,6-7,6,7,55.8,0.009544142053336497,-0.46743687342382345
4320260314020003,岐阜競輪,3R,12:05,1-5,1,5,8.3,0.06400617127361041,-0.4687487784290335
8720260314020002,熊本競輪,3R,09:31,3-4,3,4,7.5,0.07075340716963106,-0.469349446227767
2320260312040012,取手競輪,12R,15:40,3-8,3,8,31.5,0.016826096318877482,-0.46997796595535934
2620260312040001,西武園競輪,1R,15:45,1-5,1,5,8.5,0.06227026161460124,-0.4707027762758895
2620260312040007,西武園競輪,7R,18:12,3-4,3,4,17.6,0.02996612704163011,-0.47259616406731
7520260313030006,松山競輪,6R,22:30,1-2,1,2,6.0,0.08783567263759537,-0.47298596417442784
2320260312040003,取手競輪,3R,11:50,3-6,3,6,13.0,0.04025531690912702,-0.4766808801813487
4420260313030002,大垣競輪,2R,21:00,5-6,5,6,23.2,0.022475652930289646,-0.4785648520172803
2620260312040002,西武園競輪,2R,16:15,1-7,1,7,8.8,0.05915111645839831,-0.4794701751660948
2620260312040007,西武園競輪,7R,18:12,1-3,1,3,11.9,0.04373080702560901,-0.47960339639525273
4320260314020009,岐阜競輪,9R,14:36,1-6,1,6,9.1,0.05714242277163695,-0.4800039527781038
5320260314020008,奈良競輪,8R,14:00,1-3,1,3,4.8,0.10825886895065459,-0.48035742903685796
5320260314020001,奈良競輪,1R,11:12,2-3,2,3,7.7,0.06709235756988896,-0.483388846711855
6220260313030007,広島競輪,7R,18:25,4-7,4,7,46.5,0.011101407448543966,-0.48378455364270556
4320260314020001,岐阜競輪,1R,11:19,3-5,3,5,8.2,0.06293274183214664,-0.4839515169763976
4420260313030004,大垣競輪,4R,21:40,2-3,2,3,7.7,0.06695716858025287,-0.4844298019320529
5320260314020008,奈良競輪,8R,14:00,1-2,1,2,7.0,0.07342560874781956,-0.4860207387652631
2320260312040008,取手競輪,8R,13:51,1-5,1,5,8.5,0.06038772167882229,-0.4867043657300105
5320260314020009,奈良競輪,9R,14:27,1-7,1,7,8.2,0.06254434420885402,-0.48713637748739713
6220260313030011,広島競輪,11R,20:15,3-6,3,6,12.4,0.04132283266264139,-0.4875968749832468
2620260312040009,西武園競輪,9R,19:04,1-9,1,9,31.5,0.01624230491610671,-0.4883673951426386
2320260312040005,取手競輪,5R,12:36,5-6,5,6,87.8,0.005810109060213817,-0.4898724245132269
2620260312040003,西武園競輪,3R,16:36,5-7,5,7,4.8,0.1061383685857239,-0.49053583078852536
4420260313030003,大垣競輪,3R,21:20,4-7,4,7,9.5,0.05356624172360566,-0.4911207036257462
7520260313030004,松山競輪,4R,21:50,1-5,1,5,5.5,0.0923420334307688,-0.4921188161307716
2620260312040010,西武園競輪,10R,19:31,2-6,2,6,15.0,0.03384445992449621,-0.4923331011325569
4320260314020007,岐阜競輪,7R,13:42,1-2,1,2,5.8,0.08661411514575076,-0.4976381321546456
6220260313030007,広島競輪,7R,18:25,3-6,3,6,27.9,0.017968019401989638,-0.4986922586844892
2320260312040009,取手競輪,9R,14:18,2-7,2,7,18.2,0.027509861660032883,-0.4993205177874016
6220260313030008,広島競輪,8R,18:51,5-7,5,7,18.6,0.026862248359012852,-0.5003621805223609
2320260312040006,取手競輪,6R,13:00,6-9,6,9,79.7,0.006245885700659587,-0.5022029096574309
5320260314020009,奈良競輪,9R,14:27,1-5,1,5,7.7,0.06462419613708235,-0.5023936897444659
7520260313030004,松山競輪,4R,21:50,3-5,3,5,16.5,0.03000507921480103,-0.504916192955783
6220260313030004,広島競輪,4R,17:11,1-4,1,4,5.3,0.09333470919520263,-0.5053260412654261
4320260314020011,岐阜競輪,11R,15:30,2-3,2,3,7.7,0.06423365485478247,-0.505400857618175
8720260314020003,熊本競輪,4R,09:52,3-7,3,7,12.8,0.03863501494107277,-0.5054718087542684
2620260312040009,西武園競輪,9R,19:04,4-7,4,7,23.2,0.02131569530617306,-0.505475868896785
4320260314020004,岐阜競輪,4R,12:28,3-5,3,5,17.1,0.028910429169977207,-0.5056316611933898
4420260313030005,大垣競輪,5R,22:00,1-6,1,6,8.2,0.059871296218727686,-0.5090553710064329
7520260313030005,松山競輪,5R,22:10,1-4,1,4,7.3,0.06708429634421807,-0.510284636687208
6220260313030005,広島競輪,5R,17:35,2-3,2,3,11.4,0.042796878194068064,-0.5121155885876241
2620260312040011,西武園競輪,11R,20:00,4-7,4,7,7.9,0.06154251841536122,-0.5138141045186464
2320260312040005,取手競輪,5R,12:36,3-5,3,5,30.9,0.01573036887048914,-0.5139316019018856
2320260312040009,取手競輪,9R,14:18,1-2,1,2,7.0,0.06942692898300735,-0.5140114971189484
2620260312040006,西武園競輪,6R,17:47,1-9,1,9,8.1,0.05991293461060582,-0.5147052296540928
5320260314020009,奈良競輪,9R,14:27,1-3,1,3,12.5,0.038811801206671936,-0.5148524849166007
4420260313030008,大垣競輪,8R,23:00,1-2,1,2,4.2,0.11531916942490095,-0.515659488415416
6220260313030006,広島競輪,6R,17:59,4-7,4,7,5.0,0.09674939820540322,-0.5162530089729839
4320260314020001,岐阜競輪,1R,11:19,4-5,4,5,4.9,0.09822645960074794,-0.5186903479563351
2320260312040012,取手競輪,12R,15:40,5-7,5,7,15.4,0.03121248335938019,-0.5193277562655451
6220260313030005,広島競輪,5R,17:35,4-7,4,7,7.8,0.061436041766526304,-0.5207988742210948
2620260312040006,西武園競輪,6R,17:47,2-9,2,9,10.4,0.045921259234885145,-0.5224189039571945
7520260313030008,松山競輪,8R,23:10,1-5,1,5,6.8,0.06996021331622987,-0.5242705494496369
2620260312040006,西武園競輪,6R,17:47,1-6,1,6,22.9,0.020757016216959107,-0.5246643286316365
7520260313030004,松山競輪,4R,21:50,1-2,1,2,5.5,0.08626790647242219,-0.525526514401678
8720260314020002,熊本競輪,3R,09:31,2-4,2,4,5.1,0.09231015219849711,-0.5292182237876648
2620260312040007,西武園競輪,7R,18:12,6-7,6,7,14.7,0.03200981854644477,-0.5294556673672619
2320260312040001,取手競輪,1R,11:05,2-3,2,3,4.7,0.09983330134831969,-0.5307834836628974
4320260314020010,岐阜競輪,10R,15:03,4-5,4,5,16.3,0.02857366433536116,-0.5342492713336131
4420260313030006,大垣競輪,6R,22:20,2-4,2,4,24.7,0.01885205033272882,-0.5343543567815983
2320260312040001,取手競輪,1R,11:05,3-6,3,6,7.0,0.0664224833610135,-0.5350426164729055
4320260314020009,岐阜競輪,9R,14:36,4-7,4,7,7.2,0.06456692438808113,-0.5351181444058158
5320260314020010,奈良競輪,10R,14:54,1-2,1,2,6.3,0.07345216933850293,-0.5372513331674316
6220260313030009,広島競輪,9R,19:17,1-7,1,7,4.9,0.09442900375092791,-0.5372978816204532
2620260312040004,西武園競輪,4R,16:59,5-7,5,7,16.0,0.028848819941411863,-0.5384188809374102
2320260312040004,取手競輪,4R,12:13,4-9,4,9,17.3,0.02659900020142704,-0.5398372965153122
4320260314020010,岐阜競輪,10R,15:03,4-7,4,7,19.5,0.023455958676664723,-0.5426088058050379
6220260313030008,広島競輪,8R,18:51,5-6,5,6,111.7,0.00408804546987971,-0.5433653210144364
2320260312040011,取手競輪,11R,15:12,6-8,6,8,35.3,0.012915185620442526,-0.5440939475983788
2620260312040001,西武園競輪,1R,15:45,1-6,1,6,10.9,0.041537816000778265,-0.5472378055915169
6220260313030010,広島競輪,10R,19:45,6-7,6,7,7.2,0.06284854575225432,-0.5474904705837689
6220260313030008,広島競輪,8R,18:51,2-5,2,5,22.3,0.020289942045419992,-0.5475342923871341
5320260314020002,奈良競輪,2R,11:34,5-6,5,6,3.1,0.14585422560429823,-0.5478519006266755
2320260312040004,取手競輪,4R,12:13,2-6,2,6,21.8,0.02064468922269929,-0.5499457749451555
7520260313030007,松山競輪,7R,22:50,1-6,1,6,6.5,0.06917174853924841,-0.5503836344948854
5320260314020003,奈良競輪,3R,11:57,2-5,2,5,7.8,0.05728365599758455,-0.5531874832188405
4420260313030006,大垣競輪,6R,22:20,1-2,1,2,6.1,0.07291505107446772,-0.555218188445747
4420260313030006,大垣競輪,6R,22:20,6-7,6,7,12.3,0.036081225474821066,-0.5562009266597009
2320260312040007,取手競輪,7R,13:25,4-8,4,8,46.4,0.00954670090438803,-0.5570330780363955
7520260313030006,松山競輪,6R,22:30,5-7,5,7,12.0,0.03687018467708907,-0.5575577838749312
2320260312040007,取手競輪,7R,13:25,5-8,5,8,43.1,0.010259099003769711,-0.5578328329375255
4420260313030003,大垣競輪,3R,21:20,2-3,2,3,9.5,0.04652699691409524,-0.5579935293160952
4420260313030005,大垣競輪,5R,22:00,1-5,1,5,6.1,0.07218702521612164,-0.559659146181658
2320260312040008,取手競輪,8R,13:51,2-6,2,6,58.0,0.0075893594965852984,-0.5598171491980527
2320260312040006,取手競輪,6R,13:00,6-8,6,8,117.1,0.0037400197198287927,-0.5620436908080484
8720260314020005,熊本競輪,6R,10:34,4-5,4,5,7.7,0.05681558486921218,-0.5625199965070662
6220260313030002,広島競輪,2R,16:25,2-4,2,4,4.9,0.08921341236405342,-0.5628542794161382
2320260312040006,取手競輪,6R,13:00,2-7,2,7,14.0,0.031066791459913996,-0.5650649195612041
2620260312040006,西武園競輪,6R,17:47,6-8,6,8,54.5,0.007978375707710398,-0.5651785239297833
4420260313030003,大垣競輪,3R,21:20,2-5,2,5,7.1,0.061155832512989214,-0.5657935891577766
6220260313030006,広島競輪,6R,17:59,2-3,2,3,37.1,0.011697191876641214,-0.566034181376611
2620260312040006,西武園競輪,6R,17:47,1-2,1,2,10.6,0.04069327535829104,-0.5686512812021149
5320260314020011,奈良競輪,11R,15:21,2-7,2,7,6.7,0.06426779007165404,-0.5694058065199179
4420260313030005,大垣競輪,5R,22:00,2-3,2,3,8.2,0.05250584703947178,-0.5694520542763315
2620260312040005,西武園競輪,5R,17:23,2-9,2,9,32.7,0.013076688738945918,-0.5723922782364684
7520260313030003,松山競輪,3R,21:30,2-3,2,3,10.8,0.0393249781913402,-0.5752902355335259
2620260312040012,西武園競輪,12R,20:30,1-9,1,9,9.5,0.04465648478240563,-0.5757633945671465
2320260312040007,取手競輪,7R,13:25,7-8,7,8,42.2,0.01005145938508949,-0.5758284139492235
5320260314020008,奈良競輪,8R,14:00,1-7,1,7,8.9,0.04733463606828687,-0.5787217389922468
2620260312040006,西武園競輪,6R,17:47,2-6,2,6,23.8,0.017688242897602124,-0.5790198190370694
2320260312040002,取手競輪,2R,11:27,1-6,1,6,8.3,0.050710592151055334,-0.5791020851462407
2620260312040011,西武園競輪,11R,20:00,1-4,1,4,6.7,0.06281428972408633,-0.5791442588486215
2320260312040005,取手競輪,5R,12:36,3-7,3,7,9.5,0.04426801404919097,-0.5794538665326858
6220260313030006,広島競輪,6R,17:59,1-4,1,4,11.7,0.035740972155767485,-0.5818306257775204
2320260312040005,取手競輪,5R,12:36,5-9,5,9,35.4,0.011754863955255176,-0.5838778159839668
2320260312040012,取手競輪,12R,15:40,1-9,1,9,6.3,0.06500698171934179,-0.5904560151681468
7520260313030007,松山競輪,7R,22:50,1-4,1,4,5.2,0.0783763851313889,-0.5924427973167776
7520260313030005,松山競輪,5R,22:10,1-3,1,3,5.8,0.07001524055897915,-0.5939116047579209
2320260312040001,取手競輪,1R,11:05,1-7,1,7,10.8,0.03755111113762437,-0.5944479997136568
6220260313030011,広島競輪,11R,20:15,2-4,2,4,4.8,0.08446550042195194,-0.5945655979746307
7520260313030006,松山競輪,6R,22:30,2-5,2,5,8.0,0.05062067030735973,-0.5950346375411222
2620260312040005,西武園競輪,5R,17:23,3-5,3,5,20.5,0.01970437262124682,-0.5960603612644402
8720260314020002,熊本競輪,3R,09:31,5-7,5,7,24.6,0.016401876247675827,-0.5965138443071747
2320260312040005,取手競輪,5R,12:36,5-8,5,8,39.2,0.010285491263846498,-0.5968087424572173
6220260313030004,広島競輪,4R,17:11,4-5,4,5,4.4,0.09152621674714055,-0.5972846463125816
2620260312040005,西武園競輪,5R,17:23,1-8,1,8,11.5,0.034802455640435895,-0.5997717601349872
5320260314020006,奈良競輪,6R,13:08,3-4,3,4,5.7,0.07019721478944085,-0.5998758757001872
7520260313030002,松山競輪,2R,21:10,3-5,3,5,8.2,0.04871079066771434,-0.6005715165247425
4420260313030004,大垣競輪,4R,21:40,2-5,2,5,9.3,0.04293033684961799,-0.6007478672985527
6220260313030007,広島競輪,7R,18:25,1-6,1,6,27.9,0.014300557188865168,-0.6010144544306618
2620260312040010,西武園競輪,10R,19:31,2-9,2,9,5.4,0.07340102523943581,-0.6036344637070465
6220260313030011,広島競輪,11R,20:15,2-6,2,6,5.1,0.07765436722949166,-0.6039627271295925
2620260312040012,西武園競輪,12R,20:30,2-5,2,5,16.8,0.02345933046411748,-0.6058832482028262
4420260313030003,大垣競輪,3R,21:20,1-5,1,5,7.1,0.05537016107418234,-0.6068718563733053
4320260314020002,岐阜競輪,2R,11:42,4-5,4,5,15.3,0.025674108429764753,-0.6071861410245993
4320260314020007,岐阜競輪,7R,13:42,3-7,3,7,11.6,0.03380338411045257,-0.6078807443187502
4420260313030007,大垣競輪,7R,22:40,1-4,1,4,3.7,0.10572268894407197,-0.6088260509069336
2620260312040009,西武園競輪,9R,19:04,1-7,1,7,14.5,0.02693146470882055,-0.609493761722102
6220260313030008,広島競輪,8R,18:51,3-4,3,4,2.5,0.1557306946476543,-0.6106732633808643
2620260312040001,西武園競輪,1R,15:45,5-7,5,7,4.3,0.09020774355201705,-0.6121067027263267
7520260313030003,松山競輪,3R,21:30,4-5,4,5,10.8,0.035774585063923205,-0.6136344813096294
8720260314020004,熊本競輪,5R,10:13,3-4,3,4,7.1,0.05436582748478047,-0.6140026248580587
4420260313030006,大垣競輪,6R,22:20,3-7,3,7,12.3,0.031050177592274353,-0.6180828156150254
2320260312040012,取手競輪,12R,15:40,1-2,1,2,9.9,0.03856391343935127,-0.6182172569504224
2320260312040007,取手競輪,7R,13:25,5-6,5,6,26.1,0.014553956674305818,-0.6201417308006181
5320260314020004,奈良競輪,4R,12:20,2-6,2,6,18.7,0.02029417495273817,-0.6204989283837963
5320260314020011,奈良競輪,11R,15:21,1-2,1,2,6.3,0.060193944653222434,-0.6207781486846986
7520260313030005,松山競輪,5R,22:10,2-5,2,5,9.7,0.03880933089626005,-0.6235494903062775
2320260312040005,取手競輪,5R,12:36,1-9,1,9,7.8,0.0482338853765132,-0.6237756940631971
7520260313030003,松山競輪,3R,21:30,3-4,3,4,7.2,0.05204626340723496,-0.6252669034679083
6220260313030007,広島競輪,7R,18:25,2-4,2,4,8.2,0.045608846175541104,-0.626007461360563
7520260313030002,松山競輪,2R,21:10,2-3,2,3,8.2,0.04559608702671625,-0.6261120863809269
7520260313030001,松山競輪,1R,20:50,1-3,1,3,4.5,0.08293372077137995,-0.6267982565287902
4420260313030005,大垣競輪,5R,22:00,2-6,2,6,8.2,0.045477441051836064,-0.6270849833749443
2620260312040010,西武園競輪,10R,19:31,4-7,4,7,10.8,0.034429555938346984,-0.6281607958658526
2620260312040012,西武園競輪,12R,20:30,7-9,7,9,18.8,0.01971895250036961,-0.6292836929930512
2320260312040012,取手競輪,12R,15:40,6-7,6,7,24.8,0.014941508835866958,-0.6294505808704994
6220260313030004,広島競輪,4R,17:11,2-5,2,5,5.7,0.06482466600535901,-0.6304994037694536
8720260314020003,熊本競輪,4R,09:52,1-5,1,5,5.5,0.0666291803143761,-0.6335395082709314
2620260312040004,西武園競輪,4R,16:59,1-7,1,7,6.1,0.05950287653969778,-0.6370324531078435
2320260312040007,取手競輪,7R,13:25,3-9,3,9,8.0,0.045296829601031485,-0.6376253631917481
2620260312040008,西武園競輪,8R,18:38,3-9,3,9,15.9,0.022744507484788984,-0.6383623309918551
6220260313030006,広島競輪,6R,17:59,1-7,1,7,3.4,0.1056467374682903,-0.6408010926078129
2620260312040003,西武園競輪,3R,16:36,2-7,2,7,6.1,0.05879917650031449,-0.6413250233480816
2320260312040002,取手競輪,2R,11:27,1-7,1,7,3.7,0.0963090359812653,-0.6436565668693184
7520260313030001,松山競輪,1R,20:50,2-3,2,3,5.1,0.06946619778373503,-0.6457223913029514
2320260312040012,取手競輪,12R,15:40,1-7,1,7,4.5,0.078285630163859,-0.6477146642626345
2320260312040005,取手競輪,5R,12:36,4-8,4,8,23.7,0.014791782577420847,-0.6494347529151259
2320260312040011,取手競輪,11R,15:12,2-9,2,9,7.0,0.05007915445468594,-0.6494459188171984
4420260313030002,大垣競輪,2R,21:00,2-3,2,3,4.6,0.07610560182380849,-0.6499142316104809
4320260314020003,岐阜競輪,3R,12:05,2-5,2,5,8.4,0.04116171481665541,-0.6542415955400945
2620260312040004,西武園競輪,4R,16:59,3-7,3,7,14.3,0.0241502840984211,-0.6546509373925783
4320260314020012,岐阜競輪,12R,16:05,3-6,3,6,15.1,0.022856969330580755,-0.6548597631082307
6220260313030003,広島競輪,3R,16:47,1-3,1,3,6.1,0.056406653141557364,-0.6559194158365
4420260313030002,大垣競輪,2R,21:00,2-5,2,5,3.8,0.09047961038215563,-0.6561774805478087
2320260312040012,取手競輪,12R,15:40,2-7,2,7,13.0,0.02639200442052203,-0.6569039425332136
4420260313030001,大垣競輪,1R,20:40,1-2,1,2,2.8,0.12043048075105764,-0.6627946538970386
2620260312040007,西武園競輪,7R,18:12,5-7,5,7,9.2,0.03660859214697521,-0.6632009522478282
4420260313030009,大垣競輪,9R,23:20,1-4,1,4,4.5,0.07459314693492987,-0.6643308387928155
2620260312040002,西武園競輪,2R,16:15,6-7,6,7,5.1,0.06579838947305602,-0.6644282136874142
2620260312040010,西武園競輪,10R,19:31,2-7,2,7,5.4,0.062070569493310246,-0.6648189247361247
4420260313030005,大垣競輪,5R,22:00,2-5,2,5,6.1,0.0547395747162259,-0.6660885942310221
2320260312040001,取手競輪,1R,11:05,2-4,2,4,5.8,0.0573228423893622,-0.6675275141416992
8720260314020006,熊本競輪,7R,10:55,2-5,2,5,4.1,0.08031290471694777,-0.6707170906605142
2320260312040011,取手競輪,11R,15:12,2-6,2,6,8.7,0.03780780923805416,-0.6710720596289288
7520260313030004,松山競輪,4R,21:50,3-7,3,7,16.5,0.019928714424517456,-0.671176211995462
7520260313030006,松山競輪,6R,22:30,1-7,1,7,4.8,0.0684948755849468,-0.6712245971922555
7520260313030007,松山競輪,7R,22:50,4-7,4,7,13.1,0.024857747505072185,-0.6743635076835544
8720260314020005,熊本競輪,6R,10:34,4-7,4,7,2.9,0.1120538343278211,-0.6750438804493188
6220260313030009,広島競輪,9R,19:17,1-2,1,2,5.2,0.06247133241007155,-0.6751490714676279
2620260312040006,西武園競輪,6R,17:47,1-5,1,5,8.6,0.037753914634506475,-0.6753163341432443
6220260313030010,広島競輪,10R,19:45,2-7,2,7,4.8,0.06727861124504415,-0.6770626660237881
4420260313030007,大垣競輪,7R,22:40,4-7,4,7,15.0,0.021487465364414482,-0.6776880195337828
4420260313030007,大垣競輪,7R,22:40,2-3,2,3,3.7,0.0868211349008129,-0.6787618008669922
6220260313030009,広島競輪,9R,19:17,1-4,1,4,2.1,0.15259791538167966,-0.6795443776984726
4320260314020010,岐阜競輪,10R,15:03,2-5,2,5,4.6,0.06959857427772138,-0.6798465583224816
2320260312040007,取手競輪,7R,13:25,2-8,2,8,22.0,0.014528556911977191,-0.6803717479365018
4320260314020001,岐阜競輪,1R,11:19,2-4,2,4,7.1,0.04499333486100191,-0.6805473224868864
7520260313030004,松山競輪,4R,21:50,2-5,2,5,5.5,0.05754874370102922,-0.6834819096443393
2320260312040007,取手競輪,7R,13:25,3-4,3,4,6.2,0.05099826785199328,-0.6838107393176416
4420260313030005,大垣競輪,5R,22:00,3-6,3,6,12.3,0.025684688683229442,-0.6840783291962778
7520260313030005,松山競輪,5R,22:10,3-5,3,5,5.8,0.05437123303941577,-0.6846468483713886
2620260312040004,西武園競輪,4R,16:59,7-9,7,9,24.9,0.0126021504392822,-0.6862064540618733
2320260312040007,取手競輪,7R,13:25,1-9,1,9,8.8,0.03544130799097552,-0.6881164896794154
4420260313030001,大垣競輪,1R,20:40,1-3,1,3,2.4,0.12954408568027137,-0.6890941943673488
4420260313030008,大垣競輪,8R,23:00,1-5,1,5,3.7,0.08396819180117843,-0.6893176903356398
2320260312040011,取手競輪,11R,15:12,3-6,3,6,18.2,0.016993977474922775,-0.6907096099564055
6220260313030007,広島競輪,7R,18:25,2-3,2,3,2.8,0.11013489131338926,-0.69162230432251
6220260313030007,広島競輪,7R,18:25,2-6,2,6,27.9,0.011049637891889008,-0.6917151028162967
4420260313030007,大垣競輪,7R,22:40,2-7,2,7,15.0,0.0205071261906934,-0.692393107139599
2620260312040012,西武園競輪,12R,20:30,5-7,5,7,15.8,0.019378653896177555,-0.6938172684403946
2620260312040003,西武園競輪,3R,16:36,2-5,2,5,5.3,0.05748991782014719,-0.6953034355532199
2320260312040006,取手競輪,6R,13:00,1-4,1,4,11.3,0.02674349692491984,-0.6977984847484058
2320260312040002,取手競輪,2R,11:27,2-5,2,5,16.9,0.017803726514755966,-0.6991170219006242
2320260312040004,取手競輪,4R,12:13,3-9,3,9,8.1,0.03710990624409828,-0.6994097594228039
2320260312040004,取手競輪,4R,12:13,1-5,1,5,4.6,0.06482390423964116,-0.7018100404976507
2320260312040003,取手競輪,3R,11:50,1-4,1,4,11.5,0.02556232701700577,-0.7060332393044336
4420260313030005,大垣競輪,5R,22:00,5-6,5,6,12.3,0.023881104008543617,-0.7062624206949135
6220260313030007,広島競輪,7R,18:25,4-6,4,6,46.5,0.006257995299243774,-0.7090032185851645
2320260312040007,取手競輪,7R,13:25,6-8,6,8,35.6,0.008162623317422107,-0.709410609899773
7520260313030001,松山競輪,1R,20:50,1-2,1,2,2.9,0.09988710094965764,-0.7103274072459929
6220260313030004,広島競輪,4R,17:11,2-4,2,4,2.5,0.11578831669693643,-0.7105292082576589
2620260312040004,西武園競輪,4R,16:59,2-5,2,5,6.7,0.043078611400464505,-0.7113733036168879
2320260312040010,取手競輪,10R,14:45,2-9,2,9,4.7,0.06132385401083719,-0.7117778861490651
2620260312040012,西武園競輪,12R,20:30,1-7,1,7,5.3,0.05434315616270559,-0.7119812723376604
4320260314020004,岐阜競輪,4R,12:28,1-7,1,7,6.4,0.04497323181481441,-0.7121713163851877
7520260313030003,松山競輪,3R,21:30,2-5,2,5,10.8,0.02650770840294724,-0.7137167492481697
4320260314020007,岐阜競輪,7R,13:42,1-5,1,5,12.1,0.02353173269677741,-0.7152660343689934
2320260312040006,取手競輪,6R,13:00,3-5,3,5,3.6,0.07894757630130061,-0.7157887253153178
8720260314020002,熊本競輪,3R,09:31,3-5,3,5,7.0,0.04046764724839039,-0.7167264692612673
2320260312040007,取手競輪,7R,13:25,8-9,8,9,23.7,0.011872149363402718,-0.7186300600873556
4320260314020003,岐阜競輪,3R,12:05,3-4,3,4,7.1,0.03958031887430318,-0.7189797359924475
4420260313030003,大垣競輪,3R,21:20,1-4,1,4,4.0,0.0701410234195789,-0.7194359063216844
4420260313030005,大垣競輪,5R,22:00,4-6,4,6,8.2,0.03406433050037919,-0.7206724898968906
2320260312040006,取手競輪,6R,13:00,1-6,1,6,30.3,0.009171094265027109,-0.7221158437696786
4420260313030009,大垣競輪,9R,23:20,4-5,4,5,11.5,0.02395200088128449,-0.7245519898652284
4420260313030006,大垣競輪,6R,22:20,3-4,3,4,12.3,0.022333433388343295,-0.7252987693233774
2320260312040008,取手競輪,8R,13:51,1-4,1,4,4.6,0.05922266256698619,-0.7275757521918635
5320260314020003,奈良競輪,3R,11:57,3-4,3,4,3.7,0.07315038985893368,-0.7293435575219454
4320260314020008,岐阜競輪,8R,14:09,1-7,1,7,7.5,0.03608429230079281,-0.729367807744054
2620260312040012,西武園競輪,12R,20:30,1-5,1,5,6.3,0.042931103949927815,-0.7295340451154548
4420260313030004,大垣競輪,4R,21:40,4-7,4,7,9.3,0.02887101387473434,-0.7314995709649705
6220260313030005,広島競輪,5R,17:35,2-5,2,5,6.8,0.039356107848695095,-0.7323784666288733
2620260312040006,西武園競輪,6R,17:47,3-9,3,9,7.5,0.035561767300082515,-0.7332867452493812
2620260312040003,西武園競輪,3R,16:36,1-7,1,7,4.4,0.06043883335906756,-0.7340691332201027
2320260312040006,取手競輪,6R,13:00,3-9,3,9,5.2,0.05081380896672294,-0.7357681933730407
6220260313030005,広島競輪,5R,17:35,3-5,3,5,4.7,0.05606971588718891,-0.7364723353302121
2320260312040008,取手競輪,8R,13:51,2-5,2,5,12.1,0.021768719838038506,-0.7365984899597341
7520260313030006,松山競輪,6R,22:30,3-6,3,6,12.0,0.021883521986694493,-0.7373977361596661
5320260314020010,奈良競輪,10R,14:54,2-7,2,7,4.2,0.061728568886574235,-0.7407400106763882
4420260313030008,大垣競輪,8R,23:00,1-6,1,6,3.7,0.06957255032264821,-0.7425815638062017
7520260313030008,松山競輪,8R,23:10,1-3,1,3,3.6,0.07101461179784449,-0.7443473975277598
7520260313030005,松山競輪,5R,22:10,1-5,1,5,3.6,0.07071830393964788,-0.7454141058172676
4420260313030009,大垣競輪,9R,23:20,1-3,1,3,3.7,0.0685525306144119,-0.7463556367266759
6220260313030002,広島競輪,2R,16:25,2-3,2,3,5.2,0.04856523050224541,-0.7474608013883238
2620260312040007,西武園競輪,7R,18:12,1-9,1,9,16.0,0.015756897238527315,-0.747889644183563
4320260314020008,岐阜競輪,8R,14:09,3-5,3,5,6.5,0.03842788265861511,-0.7502187627190018
2620260312040012,西武園競輪,12R,20:30,5-9,5,9,16.2,0.015375279721466337,-0.7509204685122454
4320260314020010,岐阜競輪,10R,15:03,1-7,1,7,4.9,0.05001602986279062,-0.7549214536723259
4320260314020001,岐阜競輪,1R,11:19,2-6,2,6,11.5,0.021016157558482622,-0.7583141880774499
8720260314020002,熊本競輪,3R,09:31,1-4,1,4,3.2,0.07540163996369328,-0.7587147521161814
7520260313030007,松山競輪,7R,22:50,1-3,1,3,3.2,0.07526017127401222,-0.7591674519231609
2620260312040004,西武園競輪,4R,16:59,1-6,1,6,5.0,0.047984509483491235,-0.7600774525825438
4420260313030006,大垣競輪,6R,22:20,4-7,4,7,12.3,0.019306750949065983,-0.7625269633264884
6220260313030011,広島競輪,11R,20:15,2-3,2,3,3.2,0.0731395199835402,-0.7659535360526714
2320260312040007,取手競輪,7R,13:25,3-8,3,8,7.9,0.02945853133629659,-0.7672776024432569
2320260312040002,取手競輪,2R,11:27,2-7,2,7,4.8,0.048429113385896755,-0.7675402557476956
2320260312040006,取手競輪,6R,13:00,4-6,4,6,23.6,0.009846704601277215,-0.7676177714098578
7520260313030004,松山競輪,4R,21:50,2-3,2,3,8.2,0.028286110321324623,-0.7680538953651381
2320260312040001,取手競輪,1R,11:05,2-5,2,5,5.7,0.04055863034809655,-0.7688158070158496
2320260312040011,取手競輪,11R,15:12,4-6,4,6,13.7,0.01682467908553177,-0.7695018965282148
6220260313030008,広島競輪,8R,18:51,1-5,1,5,22.3,0.010323364889963577,-0.7697889629538123
5320260314020010,奈良競輪,10R,14:54,1-5,1,5,3.2,0.07191686595114692,-0.7698660289563298
5320260314020006,奈良競輪,6R,13:08,1-3,1,3,2.4,0.09578520440962057,-0.7701155094169106
4420260313030003,大垣競輪,3R,21:20,3-6,3,6,14.2,0.01608651365343021,-0.7715715061212911
2620260312040010,西武園競輪,10R,19:31,1-9,1,9,8.1,0.028050371253071416,-0.7727919928501216
4320260314020008,岐阜競輪,8R,14:09,1-4,1,4,9.7,0.02331293187724337,-0.7738645607907393
7520260313030008,松山競輪,8R,23:10,1-2,1,2,2.6,0.08624794356017121,-0.7757553467435548
7520260313030002,松山競輪,2R,21:10,2-4,2,4,3.3,0.06777559870644388,-0.7763405242687352
2620260312040012,西武園競輪,12R,20:30,2-9,2,9,9.1,0.02397182982937756,-0.7818563485526642
6220260313030009,広島競輪,9R,19:17,1-3,1,3,15.1,0.014444483702843808,-0.7818882960870586
4420260313030005,大垣競輪,5R,22:00,6-7,6,7,12.3,0.017641445310384522,-0.7830102226822704
4320260314020003,岐阜競輪,3R,12:05,1-7,1,7,2.3,0.09309172173170187,-0.7858890400170857
2620260312040001,西武園競輪,1R,15:45,1-7,1,7,2.9,0.07376532464181758,-0.786080558538729
2320260312040004,取手競輪,4R,12:13,1-7,1,7,3.3,0.0646156978896281,-0.7867681969642273
4320260314020009,岐阜競輪,9R,14:36,2-4,2,4,2.3,0.09108647781976088,-0.79050110101455
4320260314020006,岐阜競輪,6R,13:16,3-5,3,5,1.6,0.1303986879414654,-0.7913620992936554
2320260312040012,取手競輪,12R,15:40,2-6,2,6,28.8,0.007166494227081366,-0.7936049662600566
2320260312040003,取手競輪,3R,11:50,5-8,5,8,10.9,0.018875197101432054,-0.7942603515943907
2320260312040011,取手競輪,11R,15:12,2-5,2,5,2.6,0.078316054030304,-0.7963782595212096
7520260313030003,松山競輪,3R,21:30,1-4,1,4,1.5,0.1351931744620882,-0.7972102383068678
2620260312040004,西武園競輪,4R,16:59,7-8,7,8,8.8,0.022864419049125246,-0.7987931123676978
8720260314020004,熊本競輪,5R,10:13,3-7,3,7,1.2,0.16604807253019388,-0.8007423129637674
4320260314020004,岐阜競輪,4R,12:28,2-4,2,4,1.9,0.10360027694428593,-0.8031594738058567
2320260312040003,取手競輪,3R,11:50,2-8,2,8,2.9,0.06781105406373299,-0.8033479432151743
4420260313030008,大垣競輪,8R,23:00,1-4,1,4,2.8,0.07019519359841984,-0.8034534579244245
4320260314020006,岐阜競輪,6R,13:16,1-3,1,3,4.2,0.04664249206584499,-0.804101533323451
2320260312040008,取手競輪,8R,13:51,1-9,1,9,4.6,0.041746981842739,-0.8079638835234006
8720260314020003,熊本競輪,4R,09:52,4-5,4,5,1.8,0.10579974555927457,-0.8095604579933058
4420260313030006,大垣競輪,6R,22:20,2-3,2,3,6.1,0.031197667816656116,-0.8096942263183977
6220260313030001,広島競輪,1R,15:55,4-6,4,6,1.7,0.11118263069007359,-0.810989527826875
5320260314020002,奈良競輪,2R,11:34,3-5,3,5,1.6,0.1153718882954802,-0.8154049787272317
2620260312040006,西武園競輪,6R,17:47,2-8,2,8,11.2,0.016187319068403806,-0.8187020264338774
5320260314020005,奈良競輪,5R,12:43,4-6,4,6,1.5,0.12061324920531914,-0.8190801261920213
4320260314020007,岐阜競輪,7R,13:42,2-4,2,4,1.7,0.1036529675893306,-0.823789955098138
4420260313030007,大垣競輪,7R,22:40,2-5,2,5,7.5,0.02304706572373058,-0.8271470070720206
5320260314020006,奈良競輪,6R,13:08,2-3,2,3,2.1,0.08192557582137044,-0.8279562907751221
2620260312040009,西武園競輪,9R,19:04,7-9,7,9,9.4,0.01829010255509378,-0.8280730359821185
4320260314020011,岐阜競輪,11R,15:30,3-5,3,5,1.4,0.12037318874562741,-0.8314775357561216
2620260312040003,西武園競輪,3R,16:36,6-7,6,7,6.2,0.02687089928273948,-0.8334004244470152
2620260312040005,西武園競輪,5R,17:23,3-7,3,7,2.3,0.06873771623922675,-0.8419032526497785
6220260313030003,広島競輪,3R,16:47,1-7,1,7,1.2,0.1314689927658811,-0.8422372086809427
5320260314020001,奈良競輪,1R,11:12,2-4,2,4,1.1,0.1418003086966491,-0.8440196604336859
2620260312040002,西武園競輪,2R,16:15,3-7,3,7,2.0,0.07766180905314422,-0.8446763818937115
8720260314020006,熊本競輪,7R,10:55,5-7,5,7,1.3,0.11855441830533868,-0.8458792562030597
2620260312040007,西武園競輪,7R,18:12,3-6,3,6,3.7,0.04156289001643768,-0.8462173069391805
8720260314020001,熊本競輪,2R,09:10,2-5,2,5,1.4,0.10665183791323853,-0.850687426921466
5320260314020011,奈良競輪,11R,15:21,1-5,1,5,1.9,0.0782457977100338,-0.8513329843509359
8720260314020005,熊本競輪,6R,10:34,2-4,2,4,1.8,0.08252229984616409,-0.8514598602769046
4320260314020002,岐阜競輪,2R,11:42,2-5,2,5,1.9,0.07811022818502208,-0.851590566448458
4320260314020012,岐阜競輪,12R,16:05,2-4,2,4,1.9,0.07805202397791602,-0.8517011544419596
2620260312040008,西武園競輪,8R,18:38,2-5,2,5,1.8,0.08198861308556264,-0.8524204964459873
5320260314020009,奈良競輪,9R,14:27,3-7,3,7,2.2,0.06683598683636952,-0.852960828959987
4320260314020010,岐阜競輪,10R,15:03,1-4,1,4,2.4,0.06107267116766327,-0.8534255891976081
5320260314020008,奈良競輪,8R,14:00,1-4,1,4,1.6,0.09081711304949308,-0.8546926191208111
5320260314020004,奈良競輪,4R,12:20,3-4,3,4,1.7,0.0835421329152944,-0.8579783740439995
6220260313030002,広島競輪,2R,16:25,2-7,2,7,1.9,0.0742925370397661,-0.8588441796244444
6220260313030010,広島競輪,10R,19:45,4-7,4,7,1.8,0.0782092395769977,-0.8592233687614041
5320260314020007,奈良競輪,7R,13:33,5-7,5,7,1.4,0.10038732929906036,-0.8594577389813155
4320260314020001,岐阜競輪,1R,11:19,4-6,4,6,2.8,0.049172845782820336,-0.8623160318081031
4320260314020005,岐阜競輪,5R,12:51,1-4,1,4,1.6,0.08110430661500131,-0.8702331094159979
5320260314020003,奈良競輪,3R,11:57,1-4,1,4,2.5,0.05116971444498278,-0.872075713887543
2320260312040005,取手競輪,5R,12:36,1-5,1,5,2.4,0.052337055381497966,-0.8743910670844048
2320260312040010,取手競輪,10R,14:45,1-7,1,7,3.2,0.0378549175362238,-0.8788642638840838
4420260313030004,大垣競輪,4R,21:40,3-7,3,7,2.2,0.0540405011910646,-0.8811108973796579
2620260312040009,西武園競輪,9R,19:04,1-8,1,8,6.3,0.018061642444011115,-0.8862116526027299
2320260312040009,取手競輪,9R,14:18,1-5,1,5,1.9,0.05330791314984688,-0.8987149650152909
2620260312040011,西武園競輪,11R,20:00,1-7,1,7,1.4,0.06927821246784419,-0.9030105025450181
4420260313030007,大垣競輪,7R,22:40,1-5,1,5,3.7,0.014883952321944734,-0.9449293764088045
