race_id,競輪場,レース番号,開始時間,買い目,a,b,odds,p,EV
2220260526010004,前橋競輪,4R,17:12,5-6,5,6,731.2,0.0447078330642642,31.69036753658999
2220260526010010,前橋競輪,10R,19:48,4-5,4,5,250.5,0.09473671143899015,22.731546215467034
2220260526010004,前橋競輪,4R,17:12,1-2,1,2,388.4,0.05688896045554852,21.095672240935045
3820260524030002,静岡競輪,2R,11:26,5-6,5,6,337.5,0.059581728523279226,19.10883337660674
2220260526010004,前橋競輪,4R,17:12,2-6,2,6,497.2,0.034417194522437064,16.112229116555707
2220260526010004,前橋競輪,4R,17:12,1-6,1,6,335.9,0.0483938018214204,15.255478031815109
7520260526010003,松山競輪,3R,09:11,5-6,5,6,263.9,0.05889914619232772,14.543484680155284
2220260526010004,前橋競輪,4R,17:12,1-3,1,3,443.9,0.03238826653597666,13.377151515320037
7520260526010003,松山競輪,3R,09:11,1-6,1,6,316.7,0.043302058553074146,12.713761943758582
3820260524030001,静岡競輪,1R,10:58,1-6,1,6,388.1,0.03488060698297371,12.537163570092098
2220260526010005,前橋競輪,5R,17:38,3-4,3,4,581.2,0.02324707081596256,12.511197558237441
7520260526010003,松山競輪,3R,09:11,3-5,3,5,273.0,0.049418783341089144,12.491327852117337
2220260526010002,前橋競輪,2R,16:22,1-6,1,6,282.6,0.047055813374010845,12.297972859495466
2220260526010006,前橋競輪,6R,18:04,1-3,1,3,362.2,0.035629155349492986,11.904880067586358
2220260526010003,前橋競輪,3R,16:46,5-6,5,6,492.8,0.025962247211274943,11.794195425716293
2220260526010004,前橋競輪,4R,17:12,3-6,3,6,887.9,0.013947790400931161,11.384243096986777
3820260524030010,静岡競輪,10R,15:22,3-7,3,7,293.4,0.04057306400484909,10.904136979022724
2220260526010004,前橋競輪,4R,17:12,2-4,2,4,565.0,0.020577392437288625,10.626226727068074
7520260526010002,松山競輪,2R,08:50,3-6,3,6,163.1,0.07120708867761812,10.613876163319514
2220260526010001,前橋競輪,1R,15:59,1-6,1,6,268.6,0.042219759183617186,10.340227316719577
2220260526010004,前橋競輪,4R,17:12,2-3,2,3,497.2,0.02225687078434343,10.066116153975553
7520260526010003,松山競輪,3R,09:11,3-7,3,7,377.1,0.028969671951668347,9.924463292974135
2220260526010004,前橋競輪,4R,17:12,6-7,6,7,129.4,0.08295872073005349,9.734858462468923
7520260526010002,松山競輪,2R,08:50,5-6,5,6,253.1,0.04161265587186445,9.532163201168892
2220260526010001,前橋競輪,1R,15:59,6-7,6,7,124.7,0.0841705467039266,9.496067173979647
2220260526010003,前橋競輪,3R,16:46,2-7,2,7,379.0,0.027602092074520822,9.461192896243391
2220260526010004,前橋競輪,4R,17:12,3-5,3,5,345.3,0.029664994380176436,9.243322559474924
4420260525020012,大垣競輪,12R,16:15,5-6,5,6,403.8,0.02516091818250308,9.159978762094743
2220260526010004,前橋競輪,4R,17:12,4-6,4,6,776.9,0.012915719878746668,9.034222773798286
8620260525020003,別府競輪,3R,16:33,6-7,6,7,323.1,0.030262006942442986,8.77765444310333
8620260525020005,別府競輪,5R,17:25,4-6,4,6,155.5,0.060713048529643175,8.440879046359514
2220260526010004,前橋競輪,4R,17:12,2-5,2,5,170.2,0.053519808825486126,8.109071462097738
2220260526010001,前橋競輪,1R,15:59,5-6,5,6,498.8,0.01808880864436921,8.02269775181136
3820260524030004,静岡競輪,4R,12:22,5-7,5,7,216.1,0.04137523653224181,7.941188614617454
2220260526010001,前橋競輪,1R,15:59,4-6,4,6,436.5,0.02045936159394576,7.930511335757323
2220260526010003,前橋競輪,3R,16:46,1-6,1,6,448.0,0.01932306536378367,7.656733282975084
7520260526010003,松山競輪,3R,09:11,2-6,2,6,119.9,0.07128086836922394,7.54657611746995
3820260524030010,静岡競輪,10R,15:22,4-7,4,7,211.5,0.03961954104909795,7.379532931884217
7520260526010002,松山競輪,2R,08:50,1-6,1,6,188.2,0.04416853053183997,7.312517446092283
2220260526010002,前橋競輪,2R,16:22,5-6,5,6,149.6,0.05529496214516837,7.272126336917188
8620260525020011,別府競輪,11R,20:02,4-6,4,6,543.7,0.015213141325797031,7.271384938835846
3820260524030010,静岡競輪,10R,15:22,1-7,1,7,221.8,0.037245797401072256,7.261117863557827
3820260524030002,静岡競輪,2R,11:26,5-7,5,7,125.5,0.06564293820692596,7.238188744969207
4420260525020006,大垣競輪,6R,13:07,5-6,5,6,381.7,0.02153796090662437,7.221039678058522
4420260525020005,大垣競輪,5R,12:37,3-6,3,6,149.0,0.055123520461791364,7.213404548806913
7520260526010003,松山競輪,3R,09:11,6-7,6,7,239.9,0.03346893701393736,7.029197989643574
3820260524030009,静岡競輪,9R,14:52,2-7,2,7,163.6,0.047169243708846974,6.716888270767365
2220260526010004,前橋競輪,4R,17:12,1-5,1,5,110.9,0.06824547471790554,6.568423146215725
3820260524030010,静岡競輪,10R,15:22,6-7,6,7,293.4,0.025756324837003568,6.556905707176846
7520260526010003,松山競輪,3R,09:11,4-6,4,6,527.9,0.014176822543658322,6.483944620797228
8620260525020012,別府競輪,12R,20:30,5-6,5,6,239.6,0.03113861819621644,6.460812919813459
2220260526010009,前橋競輪,9R,19:22,6-7,6,7,94.5,0.0786502567067542,6.432449258788272
2220260526010001,前橋競輪,1R,15:59,3-6,3,6,134.3,0.05519736440848309,6.41300604005928
7520260526010006,松山競輪,6R,10:14,3-6,3,6,387.9,0.01894625734636825,6.349253224656244
7520260526010004,松山競輪,4R,09:32,1-6,1,6,218.7,0.0335494023731931,6.337254299017331
4420260525020005,大垣競輪,5R,12:37,6-7,6,7,101.9,0.07199384000056427,6.3361722960575
3820260524030010,静岡競輪,10R,15:22,2-7,2,7,146.7,0.049534190077246465,6.266665684332056
7520260526010006,松山競輪,6R,10:14,4-6,4,6,337.3,0.021314908113730366,6.189518506761253
8620260525020001,別府競輪,1R,15:45,3-6,3,6,107.6,0.06675438580310303,6.182771912413886
3820260524030010,静岡競輪,10R,15:22,1-6,1,6,233.2,0.03079080962639096,6.180416804874371
2220260526010001,前橋競輪,1R,15:59,2-6,2,6,151.8,0.04662384601238194,6.077499824679579
7520260526010003,松山競輪,3R,09:11,1-4,1,4,255.4,0.02767966629864545,6.069386772674048
7520260526010003,松山競輪,3R,09:11,2-3,2,3,118.1,0.05934166338679303,6.008250445980257
2220260526010006,前橋競輪,6R,18:04,4-5,4,5,120.7,0.05786064015719296,5.98377926697319
7520260526010003,松山競輪,3R,09:11,1-3,1,3,188.5,0.03672948345731321,5.92350763170354
3820260524030002,静岡競輪,2R,11:26,2-5,2,5,110.2,0.06267970615578826,5.907303618367866
2220260526010004,前橋競輪,4R,17:12,3-4,3,4,956.2,0.007209142262874962,5.893381831761039
4420260525020009,大垣競輪,9R,14:37,2-6,2,6,178.6,0.03847192432058992,5.87108568365736
4420260525020004,大垣競輪,4R,12:08,4-6,4,6,223.0,0.0308024392679329,5.868943956749036
4420260525020002,大垣競輪,2R,11:12,3-6,3,6,194.3,0.035165231640179005,5.832604507686781
2220260526010002,前橋競輪,2R,16:22,3-4,3,4,195.6,0.03481024855061668,5.808884616500622
3820260524030007,静岡競輪,7R,13:52,5-6,5,6,156.2,0.04347572828000187,5.790908757336291
2220260526010003,前橋競輪,3R,16:46,1-2,1,2,112.0,0.060361137482792426,5.760447398072752
3820260524030005,静岡競輪,5R,12:52,5-6,5,6,209.0,0.032262682619075334,5.742900667386745
2220260526010006,前橋競輪,6R,18:04,3-4,3,4,120.7,0.055839805218935695,5.739864489925538
2220260526010006,前橋競輪,6R,18:04,3-6,3,6,181.1,0.03717711438583908,5.732775415275457
8620260525020003,別府競輪,3R,16:33,2-6,2,6,151.4,0.04440430144666313,5.722811239024798
8620260525020012,別府競輪,12R,20:30,3-6,3,6,159.7,0.04178119944350278,5.672457551127394
7520260526010002,松山競輪,2R,08:50,4-6,4,6,271.9,0.024409829200845376,5.637032559709858
8620260525020003,別府競輪,3R,16:33,1-6,1,6,201.9,0.03263200689152881,5.588402191399666
3820260524030006,静岡競輪,6R,13:22,2-6,2,6,182.0,0.0360954068411207,5.569364045083967
8620260525020003,別府競輪,3R,16:33,3-7,3,7,179.5,0.036494324470254455,5.5507312424106745
2220260526010010,前橋競輪,10R,19:48,5-6,5,6,62.6,0.10280374567227538,5.435514479084438
4420260525020005,大垣競輪,5R,12:37,4-5,4,5,302.6,0.02117685565608382,5.408116521530965
3820260524030010,静岡競輪,10R,15:22,1-3,1,3,137.8,0.046404751055649736,5.394574695468534
3820260524030010,静岡競輪,10R,15:22,1-4,1,4,139.9,0.04559136883869289,5.378232500533136
7520260526010002,松山競輪,2R,08:50,3-7,3,7,120.3,0.05288155557922851,5.361651136181189
8620260525020004,別府競輪,4R,16:59,6-7,6,7,188.3,0.033664887477446614,5.339098312003198
7520260526010006,松山競輪,6R,10:14,6-7,6,7,193.9,0.03269137872094785,5.338858333991788
3820260524030009,静岡競輪,9R,14:52,4-7,4,7,168.1,0.03745926652743891,5.2969027032624805
3820260524030008,静岡競輪,8R,14:22,4-7,4,7,141.8,0.04408877402249617,5.251788156389957
2220260526010004,前橋競輪,4R,17:12,4-5,4,5,226.0,0.027414366350114468,5.19564679512587
3820260524030004,静岡競輪,4R,12:22,6-7,6,7,152.5,0.040241572508715205,5.136839807579069
4420260525020012,大垣競輪,12R,16:15,5-7,5,7,132.5,0.0461910021778076,5.120307788559507
7520260526010003,松山競輪,3R,09:11,3-4,3,4,439.9,0.013749657751246461,5.048474444773318
4420260525020005,大垣競輪,5R,12:37,5-6,5,6,186.2,0.03227220573755405,5.009084708332564
7520260526010001,松山競輪,1R,08:30,1-6,1,6,145.1,0.041176006819021976,4.974638589440088
2220260526010005,前橋競輪,5R,17:38,1-7,1,7,193.7,0.03084446687808382,4.974573234284835
4420260525020009,大垣競輪,9R,14:37,2-5,2,5,174.6,0.034079366852302194,4.950257452411963
4420260525020012,大垣競輪,12R,16:15,1-5,1,5,124.7,0.0473456371532885,4.9040009530150765
8620260525020002,別府競輪,2R,16:07,4-5,4,5,303.1,0.0192695096594744,4.840588377786691
3820260524030010,静岡競輪,10R,15:22,3-6,3,6,171.6,0.03403350629864048,4.8401496808467055
8620260525020003,別府競輪,3R,16:33,4-7,4,7,302.9,0.019103788826257507,4.786537635473398
3820260524030010,静岡競輪,10R,15:22,4-6,4,6,174.9,0.03284187139745632,4.744043307415111
4420260525020006,大垣競輪,6R,13:07,1-6,1,6,169.6,0.033627321201399454,4.703193675757348
3820260524030009,静岡競輪,9R,14:52,1-4,1,4,242.1,0.02333936366180204,4.650459942522273
3820260524030001,静岡競輪,1R,10:58,5-6,5,6,258.7,0.02182355404147153,4.645753430528685
2220260526010005,前橋競輪,5R,17:38,4-5,4,5,116.2,0.048343905831820896,4.617561857657588
4420260525020006,大垣競輪,6R,13:07,6-7,6,7,84.8,0.06608060492103174,4.603635297303491
7520260526010007,松山競輪,7R,10:35,1-2,1,2,78.1,0.0716510999419058,4.595950905462843
7520260526010007,松山競輪,7R,10:35,2-3,2,3,165.4,0.03379471590626589,4.589646010896379
4420260525020005,大垣競輪,5R,12:37,4-6,4,6,440.2,0.012676621910795263,4.580248965132075
4420260525020012,大垣競輪,12R,16:15,6-7,6,7,122.9,0.0452932152401296,4.566536153011929
4420260525020001,大垣競輪,1R,10:45,3-4,3,4,108.1,0.05147413130560073,4.564353594135439
4420260525020012,大垣競輪,12R,16:15,4-5,4,5,385.5,0.014367648581625175,4.538728528216505
2220260526010001,前橋競輪,1R,15:59,5-7,5,7,112.6,0.04917056453133767,4.536605566228621
3820260524030005,静岡競輪,5R,12:52,4-6,4,6,113.2,0.048896895378253,4.53512855681824
4420260525020005,大垣競輪,5R,12:37,1-6,1,6,230.6,0.02398210957047933,4.530274466952533
7520260526010006,松山競輪,6R,10:14,3-4,3,4,155.1,0.03553620110799574,4.511664791850139
4420260525020012,大垣競輪,12R,16:15,4-7,4,7,201.9,0.02716598349479619,4.484812067599351
3820260524030004,静岡競輪,4R,12:22,1-7,1,7,259.3,0.020908962359865217,4.421693939913051
7520260526010004,松山競輪,4R,09:32,3-6,3,6,97.9,0.05529730344321061,4.413606007090319
3820260524030008,静岡競輪,8R,14:22,3-7,3,7,129.5,0.04175414332482567,4.407161560564924
4420260525020010,大垣競輪,10R,15:07,1-6,1,6,180.2,0.029938591945114376,4.39493426850961
4420260525020002,大垣競輪,2R,11:12,1-6,1,6,64.7,0.08300639168044306,4.370513541724667
8620260525020002,別府競輪,2R,16:07,4-6,4,6,194.8,0.027261598980608693,4.310559481422573
4420260525020004,大垣競輪,4R,12:08,3-4,3,4,138.8,0.03792053415338335,4.26337014048961
3820260524030003,静岡競輪,3R,11:54,4-6,4,6,123.9,0.04242069065435454,4.255923572074527
3820260524030011,静岡競輪,11R,15:52,1-6,1,6,113.8,0.04586284059819844,4.219191260074982
4420260525020001,大垣競輪,1R,10:45,4-6,4,6,103.1,0.050438655885579275,4.200225421803223
4420260525020005,大垣競輪,5R,12:37,2-4,2,4,302.6,0.01715785016029718,4.191965458505927
8620260525020005,別府競輪,5R,17:25,6-7,6,7,181.5,0.028496494204001598,4.17211369802629
7520260526010001,松山競輪,1R,08:30,6-7,6,7,173.1,0.029747303130437025,4.149258171878649
7520260526010002,松山競輪,2R,08:50,6-7,6,7,431.9,0.011816931507283577,4.1037327179957765
2220260526010004,前橋競輪,4R,17:12,3-7,3,7,88.7,0.057413421010676,4.092570443646961
3820260524030007,静岡競輪,7R,13:52,4-5,4,5,96.3,0.05283474637311647,4.0879860757311155
2220260526010002,前橋競輪,2R,16:22,4-6,4,6,363.4,0.013974683676368848,4.078400047992439
3820260524030006,静岡競輪,6R,13:22,4-6,4,6,98.9,0.05101908043785094,4.045787055303458
7520260526010004,松山競輪,4R,09:32,4-6,4,6,262.4,0.019063165212674142,4.002174551805695
4420260525020002,大垣競輪,2R,11:12,6-7,6,7,125.7,0.03947485740669551,3.961989576021626
3820260524030008,静岡競輪,8R,14:22,6-7,6,7,198.5,0.024963669624848042,3.9552884205323364
3820260524030003,静岡競輪,3R,11:54,1-6,1,6,109.0,0.04541767231290589,3.9505262821067415
7520260526010001,松山競輪,1R,08:30,5-6,5,6,246.7,0.020007201743183288,3.9357766700433165
3820260524030011,静岡競輪,11R,15:52,6-7,6,7,172.9,0.028456045124038157,3.9200502019461974
3820260524030008,静岡競輪,8R,14:22,3-6,3,6,259.0,0.018962246705994057,3.911221896852461
2220260526010003,前橋競輪,3R,16:46,4-5,4,5,289.8,0.016932877504982874,3.907147900944037
3820260524030002,静岡競輪,2R,11:26,6-7,6,7,216.0,0.022624541774293155,3.8869010232473213
4420260525020009,大垣競輪,9R,14:37,4-6,4,6,218.3,0.022367009777872718,3.882718234509615
8620260525020005,別府競輪,5R,17:25,1-6,1,6,181.5,0.026872116534849763,3.8772891510752316
4420260525020004,大垣競輪,4R,12:08,3-6,3,6,350.4,0.013912138662491635,3.8748133873370687
4420260525020007,大垣競輪,7R,13:37,1-6,1,6,75.7,0.06438163991292735,3.8736901414086002
4420260525020007,大垣競輪,7R,13:37,4-6,4,6,240.7,0.020205665355473426,3.8635036510624534
3820260524030004,静岡競輪,4R,12:22,2-7,2,7,207.5,0.02331364399721525,3.8375811294221647
3820260524030006,静岡競輪,6R,13:22,3-6,3,6,78.3,0.06165242015907904,3.8273844984558885
3820260524030004,静岡競輪,4R,12:22,3-7,3,7,225.5,0.021230444534624554,3.787465242557837
2220260526010005,前橋競輪,5R,17:38,4-7,4,7,116.2,0.040781147812651436,3.7387693758300973
7520260526010004,松山競輪,4R,09:32,6-7,6,7,234.3,0.020173329443486765,3.7266110886089496
3820260524030005,静岡競輪,5R,12:52,3-7,3,7,65.2,0.07245403430905423,3.724003036950336
4420260525020009,大垣競輪,9R,14:37,2-7,2,7,60.9,0.07746761699347421,3.7177778749025796
3820260524030002,静岡競輪,2R,11:26,1-6,1,6,317.6,0.014676201050943798,3.6611614537797506
3820260524030007,静岡競輪,7R,13:52,6-7,6,7,199.3,0.02313809425606756,3.6114221852342654
8620260525020004,別府競輪,4R,16:59,5-6,5,6,160.6,0.02870251653991694,3.6096241563106606
3820260524030002,静岡競輪,2R,11:26,1-5,1,5,80.6,0.05701737927093673,3.5956007692375005
2220260526010005,前橋競輪,5R,17:38,2-3,2,3,116.2,0.039463994828220356,3.5857161990392052
2220260526010005,前橋競輪,5R,17:38,1-3,1,3,290.6,0.015773456737191265,3.583766527827782
2220260526010010,前橋競輪,10R,19:48,2-5,2,5,62.6,0.07232677667591003,3.527656219911968
8620260525020003,別府競輪,3R,16:33,3-4,3,4,285.0,0.015846025008306418,3.5161171273673286
7520260526010005,松山競輪,5R,09:53,3-4,3,4,95.1,0.04744383573277042,3.5119087781864664
8620260525020003,別府競輪,3R,16:33,5-6,5,6,66.3,0.0677494588645617,3.4917891227204407
2220260526010002,前橋競輪,2R,16:22,6-7,6,7,169.6,0.026395898317097682,3.4767443545797665
8620260525020012,別府競輪,12R,20:30,4-6,4,6,159.7,0.02791183052273429,3.457519334480666
3820260524030003,静岡競輪,3R,11:54,6-7,6,7,175.8,0.02525795495127066,3.440348480433382
4420260525020004,大垣競輪,4R,12:08,5-7,5,7,113.2,0.03900818962443579,3.4157270654861316
2220260526010005,前橋競輪,5R,17:38,4-6,4,6,83.0,0.053030584461806266,3.40153851032992
3820260524030001,静岡競輪,1R,10:58,1-2,1,2,87.4,0.05020443607017011,3.3878677125328682
3820260524030005,静岡競輪,5R,12:52,2-6,2,6,156.7,0.027818679741586652,3.3591871155066277
3820260524030006,静岡競輪,6R,13:22,2-7,2,7,122.6,0.03552592536068434,3.3554784492199
7520260526010005,松山競輪,5R,09:53,1-2,1,2,214.1,0.020155861271634434,3.3153698982569324
4420260525020006,大垣競輪,6R,13:07,2-6,2,6,89.8,0.047555803184013604,3.270511125924421
4420260525020009,大垣競輪,9R,14:37,6-7,6,7,85.4,0.04968668760644793,3.2432431215906536
2220260526010003,前橋競輪,3R,16:46,2-5,2,5,52.9,0.07866305436214586,3.161275575757516
4420260525020004,大垣競輪,4R,12:08,4-7,4,7,99.4,0.04185878310444778,3.1607630405821094
7520260526010005,松山競輪,5R,09:53,2-6,2,6,97.5,0.04257329537721447,3.1508962992784113
7520260526010005,松山競輪,5R,09:53,3-6,3,6,115.0,0.03608193174468471,3.149422150638741
7520260526010004,松山競輪,4R,09:32,2-3,2,3,58.5,0.0707964595638375,3.141592884484494
2220260526010003,前橋競輪,3R,16:46,3-6,3,6,92.9,0.04421078543061434,3.107181966504072
8620260525020011,別府競輪,11R,20:02,5-6,5,6,90.6,0.045261125927586514,3.1006580090393383
3820260524030009,静岡競輪,9R,14:52,6-7,6,7,62.4,0.06564840992251793,3.0964607791651186
3820260524030008,静岡競輪,8R,14:22,1-6,1,6,124.1,0.03298353112640123,3.093256212786393
3820260524030008,静岡競輪,8R,14:22,1-4,1,4,70.9,0.05701951536161803,3.042683639138718
8620260525020012,別府競輪,12R,20:30,1-6,1,6,63.9,0.06314997576047288,3.035283451094217
7520260526010003,松山競輪,3R,09:11,4-5,4,5,105.5,0.038220577851089996,3.032270963289995
3820260524030001,静岡競輪,1R,10:58,6-7,6,7,73.0,0.055122406417749285,3.0239356684956977
2220260526010002,前橋競輪,2R,16:22,2-3,2,3,97.8,0.040964866964656926,3.0063639891434475
3820260524030007,静岡競輪,7R,13:52,3-6,3,6,140.9,0.028345960557016735,2.993945842483658
8620260525020004,別府競輪,4R,16:59,3-6,3,6,121.3,0.032888829460374795,2.9894150135434625
4420260525020003,大垣競輪,3R,11:40,5-6,5,6,124.9,0.031810894698071676,2.9731807477891525
2220260526010004,前橋競輪,4R,17:12,2-7,2,7,43.7,0.09040832701306788,2.9508438904710665
8620260525020009,別府競輪,9R,19:09,5-6,5,6,97.8,0.040379411756738086,2.9491064698089846
2220260526010003,前橋競輪,3R,16:46,2-6,2,6,234.6,0.016825469072097837,2.9472550443141525
4420260525020005,大垣競輪,5R,12:37,2-5,2,5,111.3,0.03524273145113771,2.922516010511627
3820260524030008,静岡競輪,8R,14:22,1-3,1,3,72.6,0.05386039034142091,2.910264338787158
2220260526010003,前橋競輪,3R,16:46,1-5,1,5,46.4,0.08421544659266386,2.907596721899603
2220260526010005,前橋競輪,5R,17:38,2-4,2,4,96.8,0.0403357176426044,2.904497467804106
3820260524030009,静岡競輪,9R,14:52,1-6,1,6,90.3,0.04306226790095328,2.888522791456081
4420260525020012,大垣競輪,12R,16:15,2-6,2,6,160.0,0.02428468341987916,2.8855493471806657
8620260525020004,別府競輪,4R,16:59,2-4,2,4,107.1,0.0362427134468446,2.881594610157056
2220260526010001,前橋競輪,1R,15:59,3-4,3,4,109.1,0.035432010507750716,2.865632346395603
7520260526010006,松山競輪,6R,10:14,1-6,1,6,81.6,0.047340213168225447,2.862961394527196
7520260526010007,松山競輪,7R,10:35,2-5,2,5,64.4,0.05985205155898257,2.8544721203984778
4420260525020002,大垣競輪,2R,11:12,5-6,5,6,83.2,0.04608116542392776,2.83395296327079
7520260526010003,松山競輪,3R,09:11,4-7,4,7,184.1,0.02078053105586984,2.8256957673856378
3820260524030009,静岡競輪,9R,14:52,2-3,2,3,195.2,0.01953263236435824,2.812769837522728
8620260525020004,別府競輪,4R,16:59,4-5,4,5,237.4,0.016044347897589344,2.8089281908877104
3820260524030004,静岡競輪,4R,12:22,4-7,4,7,65.6,0.05782510754354805,2.7933270548567517
8620260525020009,別府競輪,9R,19:09,4-6,4,6,65.2,0.05817951745676972,2.7933045381813857
3820260524030003,静岡競輪,3R,11:54,5-6,5,6,58.6,0.06435047738949717,2.7709379750245344
7520260526010001,松山競輪,1R,08:30,3-6,3,6,189.7,0.019868866118749558,2.7691239027267907
3820260524030002,静岡競輪,2R,11:26,4-5,4,5,58.0,0.064872731701592,2.7626184386923356
4220260525020001,名古屋競輪,1R,20:41,3-5,3,5,75.0,0.050055814132571326,2.7541860599428496
4420260525020003,大垣競輪,3R,11:40,2-5,2,5,78.7,0.047695100197324064,2.753604385529404
4420260525020001,大垣競輪,1R,10:45,2-3,2,3,40.8,0.09183936912168458,2.7470462601647307
8620260525020004,別府競輪,4R,16:59,2-6,2,6,63.5,0.058633832053523204,2.7232483353987234
7520260526010007,松山競輪,7R,10:35,1-6,1,6,53.6,0.06906264556610675,2.7017578023433217
3820260524030003,静岡競輪,3R,11:54,3-4,3,4,126.8,0.029065503060980415,2.6855057881323163
3820260524030002,静岡競輪,2R,11:26,2-6,2,6,192.8,0.019100323334534392,2.682542338898231
8620260525020005,別府競輪,5R,17:25,2-6,2,6,121.0,0.030261752965321805,2.6616721088039386
7520260526010004,松山競輪,4R,09:32,1-2,1,2,80.0,0.04546689453247532,2.6373515625980257
3820260524030009,静岡競輪,9R,14:52,1-2,1,2,123.5,0.02915814953749149,2.601031467880199
7520260526010005,松山競輪,5R,09:53,4-7,4,7,57.1,0.06300310271160482,2.5974771648326356
3820260524030006,静岡競輪,6R,13:22,4-7,4,7,71.4,0.050101403294311966,2.5772401952138746
3820260524030010,静岡競輪,10R,15:22,2-6,2,6,84.2,0.042325306587185293,2.563790814641002
3820260524030008,静岡競輪,8R,14:22,4-6,4,6,186.1,0.01913544093823725,2.5611055586059517
3820260524030007,静岡競輪,7R,13:52,2-6,2,6,77.0,0.045636378123528665,2.5140011155117072
2220260526010003,前橋競輪,3R,16:46,5-7,5,7,80.7,0.043485400805935444,2.5092718450389904
8620260525020003,別府競輪,3R,16:33,4-6,4,6,323.1,0.010832266568942121,2.4999053284251995
4420260525020006,大垣競輪,6R,13:07,5-7,5,7,47.4,0.07378259583932593,2.497295042784049
4420260525020004,大垣競輪,4R,12:08,6-7,6,7,216.4,0.016026957832647657,2.468233674984953
2220260526010001,前橋競輪,1R,15:59,1-5,1,5,158.7,0.02185127771647357,2.4677977736043553
8620260525020005,別府競輪,5R,17:25,5-6,5,6,181.5,0.019083863447026252,2.463721215635265
4420260525020009,大垣競輪,9R,14:37,1-2,1,2,87.3,0.03962200546466696,2.4590010770654254
4420260525020010,大垣競輪,10R,15:07,5-6,5,6,194.8,0.01774579205171007,2.456880291673122
4420260525020005,大垣競輪,5R,12:37,1-2,1,2,125.7,0.027489484740955156,2.4554282319380634
3820260524030003,静岡競輪,3R,11:54,1-3,1,3,106.9,0.03229465994075512,2.452299147666723
3820260524030001,静岡競輪,1R,10:58,4-6,4,6,172.5,0.02000871556014813,2.451503434125552
3820260524030005,静岡競輪,5R,12:52,5-7,5,7,119.9,0.028780735543743045,2.4508101916947913
4420260525020009,大垣競輪,9R,14:37,5-6,5,6,253.5,0.013598389911517844,2.4471918425697736
3820260524030003,静岡競輪,3R,11:54,3-5,3,5,71.7,0.048072612715910464,2.44680633173078
7520260526010001,松山競輪,1R,08:30,2-6,2,6,151.8,0.022588532568325326,2.4289392438717847
4420260525020007,大垣競輪,7R,13:37,1-4,1,4,48.8,0.07025139809928926,2.428268227245316
8620260525020002,別府競輪,2R,16:07,3-5,3,5,136.4,0.025066730678400758,2.4191020645338637
3820260524030011,静岡競輪,11R,15:52,5-6,5,6,133.0,0.025702663932668325,2.418454303044887
8620260525020004,別府競輪,4R,16:59,1-7,1,7,53.5,0.06348653619276937,2.396529686313161
3820260524030005,静岡競輪,5R,12:52,6-7,6,7,181.1,0.018703766298159806,2.3872520765967407
3820260524030002,静岡競輪,2R,11:26,3-6,3,6,51.9,0.06523820436753563,2.3858628066750995
8620260525020004,別府競輪,4R,16:59,4-7,4,7,170.6,0.01983551290972225,2.3839385023986153
8620260525020002,別府競輪,2R,16:07,2-4,2,4,104.9,0.03222627144092535,2.3805358741530696
4420260525020006,大垣競輪,6R,13:07,4-5,4,5,238.5,0.014141063167867604,2.3726435655364235
4420260525020012,大垣競輪,12R,16:15,4-6,4,6,282.7,0.011880025497099154,2.3584832080299307
4420260525020012,大垣競輪,12R,16:15,3-4,3,4,69.5,0.04829838152652018,2.3567375160931525
2220260526010001,前橋競輪,1R,15:59,1-4,1,4,134.3,0.024908201673136173,2.3451714847021883
4420260525020006,大垣競輪,6R,13:07,4-6,4,6,272.6,0.012249070243877384,2.3390965484809754
4420260525020011,大垣競輪,11R,15:38,3-4,3,4,86.9,0.038355790228785575,2.3331181708814666
4420260525020004,大垣競輪,4R,12:08,1-6,1,6,171.1,0.019480471741404395,2.333108714954292
3820260524030007,静岡競輪,7R,13:52,3-4,3,4,99.6,0.03345738923430152,2.332355967736431
7520260526010001,松山競輪,1R,08:30,3-5,3,5,85.8,0.038690606480591805,2.319654036034777
4420260525020007,大垣競輪,7R,13:37,3-6,3,6,75.1,0.044124882764455635,2.313778695610618
8620260525020004,別府競輪,4R,16:59,3-4,3,4,170.6,0.01939389634949292,2.308598717223492
8620260525020012,別府競輪,12R,20:30,3-7,3,7,106.5,0.030984742688472643,2.2998750963223364
4420260525020003,大垣競輪,3R,11:40,2-3,2,3,94.1,0.03502859340122904,2.2961906390556526
8620260525020002,別府競輪,2R,16:07,2-3,2,3,82.6,0.039831440153433095,2.2900769566735732
2220260526010005,前橋競輪,5R,17:38,3-7,3,7,83.0,0.03962894705103159,2.289202605235622
4420260525020009,大垣競輪,9R,14:37,4-5,4,5,170.8,0.019231507673842636,2.2847415106923226
3820260524030005,静岡競輪,5R,12:52,1-6,1,6,214.5,0.015293798134367004,2.2805196998217223
3820260524030002,静岡競輪,2R,11:26,2-7,2,7,131.7,0.024890415223826456,2.278067684977944
2220260526010001,前橋競輪,1R,15:59,2-5,2,5,134.3,0.0243943264394397,2.276158040816752
8620260525020001,別府競輪,1R,15:45,5-6,5,6,37.6,0.0869305801712217,2.2685898144379357
7520260526010005,松山競輪,5R,09:53,6-7,6,7,65.3,0.04995165423726332,2.2618430216932945
7520260526010004,松山競輪,4R,09:32,2-5,2,5,105.8,0.030740889660224,2.2523861260516993
4420260525020010,大垣競輪,10R,15:07,2-3,2,3,64.3,0.05022471770193491,2.2294493482344144
8620260525020006,別府競輪,6R,17:51,1-2,1,2,50.5,0.06390331832532248,2.2271175754287853
2220260526010001,前橋競輪,1R,15:59,4-5,4,5,388.0,0.00824556968623491,2.1992810382591452
3820260524030004,静岡競輪,4R,12:22,3-6,3,6,73.0,0.04378868721380875,2.1965741666080385
4420260525020012,大垣競輪,12R,16:15,3-5,3,5,40.1,0.07937153011736446,2.182798357706315
6120260525020007,玉野競輪,7R,23:21,1-6,1,6,57.0,0.05560276582858605,2.169357652229405
4420260525020003,大垣競輪,3R,11:40,2-4,2,4,97.9,0.032353629238546726,2.1674203024537246
2220260526010003,前橋競輪,3R,16:46,1-4,1,4,246.4,0.01284699112379072,2.1654986129020335
7520260526010005,松山競輪,5R,09:53,2-4,2,4,61.6,0.05131079331436893,2.160744868165126
7520260526010006,松山競輪,6R,10:14,3-5,3,5,64.1,0.0491732444254354,2.152004967670409
3820260524030004,静岡競輪,4R,12:22,3-5,3,5,70.1,0.04492305787619649,2.149106357121374
7520260526010005,松山競輪,5R,09:53,1-3,1,3,188.0,0.016706284771716477,2.140781537082698
3820260524030003,静岡競輪,3R,11:54,3-7,3,7,194.7,0.016109623889974053,2.136543771377948
2220260526010006,前橋競輪,6R,18:04,1-2,1,2,120.7,0.025942870554195925,2.131304475891448
8620260525020002,別府競輪,2R,16:07,3-7,3,7,52.4,0.05970023119870145,2.128292114811956
2720260525020007,京王閣競輪,7R,23:30,2-5,2,5,46.5,0.06707016832490408,2.1187628271080396
7520260526010007,松山競輪,7R,10:35,3-6,3,6,100.2,0.03087355914543148,2.0935306263722344
8620260525020002,別府競輪,2R,16:07,3-6,3,6,88.0,0.03507741214177559,2.0868122684762516
2220260526010005,前橋競輪,5R,17:38,3-5,3,5,64.5,0.04754608815857379,2.0667226862280095
6120260525020007,玉野競輪,7R,23:21,2-3,2,3,57.0,0.05376025295149863,2.064334418235422
2220260526010010,前橋競輪,10R,19:48,1-2,1,2,125.2,0.024398506888852513,2.0546930624843345
3820260524030009,静岡競輪,9R,14:52,3-6,3,6,99.2,0.030740049879356232,2.0494129480321384
2220260526010008,前橋競輪,8R,18:56,3-7,3,7,77.2,0.03936942135178591,2.0393193283578723
4420260525020001,大垣競輪,1R,10:45,1-4,1,4,82.7,0.03673103925341534,2.0376569462574485
8620260525020005,別府競輪,5R,17:25,3-6,3,6,181.5,0.016702826366608418,2.031562985539428
2220260526010010,前橋競輪,10R,19:48,6-7,6,7,125.2,0.024173965003011944,2.0265804183770952
4420260525020007,大垣競輪,7R,13:37,5-6,5,6,102.0,0.0296692033834877,2.0262587451157454
8620260525020003,別府競輪,3R,16:33,2-3,2,3,59.1,0.051026222767391445,2.0156497655528343
2220260526010005,前橋競輪,5R,17:38,1-6,1,6,72.6,0.0414435745895624,2.00880351520223
7520260526010005,松山競輪,5R,09:53,1-7,1,7,128.5,0.023382793471084257,2.004688961034327
2220260526010006,前橋競輪,6R,18:04,1-6,1,6,181.1,0.01658325574245111,2.0032276149578956
4420260525020011,大垣競輪,11R,15:38,1-7,1,7,47.9,0.06260943060479608,1.998991725969732
7520260526010002,松山競輪,2R,08:50,5-7,5,7,97.9,0.030570267063026957,1.9928291454703393
2220260526010005,前橋競輪,5R,17:38,1-2,1,2,96.8,0.03088861055807647,1.9900175020218023
2220260526010010,前橋競輪,10R,19:48,2-6,2,6,27.8,0.10716097014987115,1.979074970166418
7520260526010007,松山競輪,7R,10:35,2-4,2,4,134.1,0.022106955845429162,1.9645427788720506
8620260525020003,別府競輪,3R,16:33,2-7,2,7,48.9,0.0605535086885828,1.9610665748716989
2220260526010004,前橋競輪,4R,17:12,1-4,1,4,98.6,0.02992667015392232,1.9507696771767402
7520260526010001,松山競輪,1R,08:30,4-5,4,5,68.0,0.043386084400053974,1.9502537392036703
2220260526010002,前橋競輪,2R,16:22,1-3,1,3,37.4,0.07885944553067048,1.949343262847076
2220260526010003,前橋競輪,3R,16:46,6-7,6,7,448.0,0.006581741578903602,1.9486202273488136
7520260526010006,松山競輪,6R,10:14,2-6,2,6,189.2,0.015568358676575507,1.9455334616080857
8620260525020001,別府競輪,1R,15:45,4-5,4,5,69.3,0.04233455719371121,1.9337848135241869
4220260525020001,名古屋競輪,1R,20:41,2-5,2,5,75.0,0.039066077186511075,1.9299557889883308
2720260525020007,京王閣競輪,7R,23:30,1-7,1,7,46.5,0.06293064550147366,1.9262750158185251
7520260526010006,松山競輪,6R,10:14,2-3,2,3,100.7,0.028967992030032072,1.9170767974242295
8620260525020005,別府競輪,5R,17:25,1-5,1,5,83.7,0.03482185456053029,1.914589226716385
3820260524030006,静岡競輪,6R,13:22,1-7,1,7,94.0,0.03091477921068385,1.9059892458042818
4420260525020004,大垣競輪,4R,12:08,1-7,1,7,90.8,0.03190902649232657,1.8973396055032525
2220260526010002,前橋競輪,2R,16:22,1-2,1,2,56.5,0.051180701487599144,1.8917096340493518
3820260524030007,静岡競輪,7R,13:52,4-7,4,7,107.0,0.02699902817815205,1.8888960150622696
3820260524030001,静岡競輪,1R,10:58,1-4,1,4,53.0,0.05420792546730381,1.873020049767102
4420260525020011,大垣競輪,11R,15:38,3-7,3,7,115.0,0.024968935947954306,1.8714276340147453
8620260525020011,別府競輪,11R,20:02,6-7,6,7,181.2,0.01581315352982605,1.8653434196044802
8620260525020001,別府競輪,1R,15:45,1-6,1,6,24.5,0.1167950087915638,1.8614777153933133
2220260526010010,前橋競輪,10R,19:48,3-5,3,5,83.5,0.034165156757671136,1.85279058926554
3820260524030006,静岡競輪,6R,13:22,6-7,6,7,161.2,0.017635137177074198,1.8427841129443605
4420260525020001,大垣競輪,1R,10:45,2-6,2,6,30.6,0.09251591535189897,1.830987009768109
4420260525020005,大垣競輪,5R,12:37,2-3,2,3,51.7,0.0545586432605924,1.820681856572627
7520260526010005,松山競輪,5R,09:53,1-5,1,5,88.6,0.031786220773836825,1.8162591605619425
2220260526010008,前橋競輪,8R,18:56,1-6,1,6,77.2,0.03638414990406319,1.8088563725936782
4420260525020006,大垣競輪,6R,13:07,3-5,3,5,74.1,0.037875461126550006,1.8065716694773553
8620260525020011,別府競輪,11R,20:02,1-6,1,6,67.9,0.04115069603424169,1.7941322607250112
4420260525020007,大垣競輪,7R,13:37,2-4,2,4,76.9,0.036169744910356225,1.7814533836063937
4420260525020012,大垣競輪,12R,16:15,1-6,1,6,62.3,0.04464245337341861,1.7812248451639792
4420260525020010,大垣競輪,10R,15:07,3-6,3,6,240.3,0.011573319019917254,1.781068560486116
3820260524030010,静岡競輪,10R,15:22,3-4,3,4,56.4,0.04925246819497926,1.7778392061968304
4420260525020011,大垣競輪,11R,15:38,3-6,3,6,340.1,0.008123279176830853,1.7627272480401732
8620260525020012,別府競輪,12R,20:30,6-7,6,7,95.8,0.028807962185034973,1.7598027773263505
3820260524030009,静岡競輪,9R,14:52,1-7,1,7,34.9,0.0788684751328445,1.752509782136273
8620260525020011,別府競輪,11R,20:02,2-7,2,7,77.6,0.0354138922369982,1.7481180375910603
6120260525020007,玉野競輪,7R,23:21,2-5,2,5,57.0,0.048114934304070905,1.7425512553320415
4420260525020004,大垣競輪,4R,12:08,4-5,4,5,39.1,0.06962086520908797,1.72217582967534
2220260526010005,前橋競輪,5R,17:38,1-5,1,5,72.6,0.03737247402768403,1.7132416144098603
2220260526010003,前橋競輪,3R,16:46,2-4,2,4,234.6,0.011528106952485758,1.704493891053159
8620260525020006,別府競輪,6R,17:51,3-4,3,4,50.5,0.05314266283117115,1.683704472974143
3820260524030008,静岡競輪,8R,14:22,4-5,4,5,68.4,0.03912505032770408,1.6761534424149596
2220260526010006,前橋競輪,6R,18:04,2-4,2,4,60.3,0.04426704897153322,1.669303052983453
2220260526010009,前橋競輪,9R,19:22,1-6,1,6,94.5,0.02822244044851096,1.6670206223842858
4420260525020011,大垣競輪,11R,15:38,4-7,4,7,132.5,0.01998098594883269,1.6474806382203315
3820260524030003,静岡競輪,3R,11:54,1-4,1,4,85.1,0.031025187805990707,1.6402434822898089
2220260526010008,前橋競輪,8R,18:56,5-6,5,6,77.2,0.03410993073740015,1.6332866529272918
4420260525020004,大垣競輪,4R,12:08,5-6,5,6,105.1,0.02488809550443352,1.6157388375159631
3820260524030009,静岡競輪,9R,14:52,1-3,1,3,61.7,0.04234797356705393,1.6128699690872277
2220260526010004,前橋競輪,4R,17:12,5-7,5,7,24.9,0.10485742555875747,1.6109498964130609
7520260526010001,松山競輪,1R,08:30,2-3,2,3,61.6,0.04231631357455162,1.6066849161923802
4420260525020005,大垣競輪,5R,12:37,4-7,4,7,49.9,0.052236383365122666,1.606595529919621
4220260525020001,名古屋競輪,1R,20:41,3-7,3,7,75.0,0.03466208267965605,1.599656200974204
3820260524030005,静岡競輪,5R,12:52,3-6,3,6,30.3,0.08572508292697296,1.597470012687281
7520260526010004,松山競輪,4R,09:32,2-6,2,6,192.9,0.013446524827971217,1.5938346393156477
2720260525020007,京王閣競輪,7R,23:30,2-7,2,7,46.5,0.05551699119594966,1.581540090611659
4420260525020006,大垣競輪,6R,13:07,1-5,1,5,68.1,0.03783076577962164,1.5762751495922336
4420260525020002,大垣競輪,2R,11:12,3-7,3,7,61.0,0.04211762462037166,1.5691751018426716
4420260525020011,大垣競輪,11R,15:38,1-3,1,3,29.1,0.08799218692558282,1.5605726395344601
4420260525020004,大垣競輪,4R,12:08,3-5,3,5,73.5,0.03481110119189251,1.5586159376040998
7520260526010003,松山競輪,3R,09:11,3-6,3,6,108.4,0.023591941319627698,1.5573664390476427
4420260525020011,大垣競輪,11R,15:38,1-6,1,6,144.8,0.017648071894766023,1.5554408103621205
4420260525020009,大垣競輪,9R,14:37,4-7,4,7,44.1,0.05771773571004338,1.545352144812913
3820260524030004,静岡競輪,4R,12:22,1-3,1,3,108.0,0.02356323234128809,1.5448290928591137
8620260525020005,別府競輪,5R,17:25,1-7,1,7,45.3,0.05612494967193398,1.5424602201386093
3820260524030007,静岡競輪,7R,13:52,3-7,3,7,52.0,0.04879342390947415,1.5372580432926557
2220260526010007,前橋競輪,7R,18:30,3-5,3,5,81.0,0.03130087440373274,1.5353708267023518
3820260524030003,静岡競輪,3R,11:54,1-7,1,7,143.4,0.01767705525102607,1.5348897229971383
7520260526010004,松山競輪,4R,09:32,2-4,2,4,91.1,0.02780490469263086,1.5330268174986714
4420260525020011,大垣競輪,11R,15:38,5-6,5,6,230.0,0.011009834572969179,1.5322619517829112
4220260525020007,名古屋競輪,7R,23:12,1-5,1,5,29.2,0.08670506614788014,1.5317879315181
3820260524030006,静岡競輪,6R,13:22,5-6,5,6,148.4,0.016842547920080483,1.4994341113399439
7520260526010007,松山競輪,7R,10:35,1-3,1,3,38.3,0.06502275921905273,1.4903716780897196
8620260525020009,別府競輪,9R,19:09,6-7,6,7,65.2,0.038195472080377824,1.4903447796406342
8620260525020001,別府競輪,1R,15:45,3-4,3,4,78.0,0.031889155824249185,1.4873541542914364
8620260525020002,別府競輪,2R,16:07,4-7,4,7,49.6,0.04997479206093593,1.478749686222422
3820260524030002,静岡競輪,2R,11:26,3-5,3,5,21.0,0.11712965876955465,1.4597228341606479
4420260525020003,大垣競輪,3R,11:40,2-6,2,6,76.2,0.03226654842629894,1.4587109900839792
4420260525020003,大垣競輪,3R,11:40,6-7,6,7,64.7,0.03786144198281868,1.4496352962883687
3820260524030006,静岡競輪,6R,13:22,5-7,5,7,144.6,0.01693258927095128,1.4484524085795552
4420260525020012,大垣競輪,12R,16:15,1-7,1,7,34.9,0.06962688823057903,1.429978399247208
2220260526010002,前橋競輪,2R,16:22,2-6,2,6,133.8,0.01814266219422857,1.4274882015877832
8620260525020012,別府競輪,12R,20:30,1-5,1,5,45.6,0.0529935940835267,1.4165078902088175
4420260525020002,大垣競輪,2R,11:12,2-3,2,3,120.9,0.019938521109605097,1.410567202151256
4420260525020012,大垣競輪,12R,16:15,3-6,3,6,30.1,0.07962438292848761,1.3966939261474773
3820260524030008,静岡競輪,8R,14:22,2-4,2,4,37.0,0.06472823756613919,1.3949447899471497
7520260526010006,松山競輪,6R,10:14,4-7,4,7,46.7,0.05127209499403701,1.3944068362215285
4420260525020009,大垣競輪,9R,14:37,2-4,2,4,52.0,0.04546844774332613,1.3643592826529587
2220260526010002,前橋競輪,2R,16:22,3-7,3,7,47.1,0.05014885250806257,1.3620109531297473
4420260525020007,大垣競輪,7R,13:37,4-5,4,5,68.5,0.03439088062807625,1.3557753230232232
3820260524030001,静岡競輪,1R,10:58,2-6,2,6,135.0,0.017421714006992623,1.3519313909440043
8620260525020012,別府競輪,12R,20:30,1-3,1,3,34.2,0.06874200328982966,1.3509765125121747
2220260526010002,前橋競輪,2R,16:22,3-6,3,6,62.0,0.03784048049483428,1.3461097906797255
2220260526010007,前橋競輪,7R,18:30,4-5,4,5,40.5,0.05770154733286051,1.3369126669808504
8620260525020009,別府競輪,9R,19:09,3-7,3,7,48.9,0.04778762763359547,1.3368149912828184
4420260525020004,大垣競輪,4R,12:08,1-3,1,3,81.7,0.028354505044900398,1.3165630621683624
8620260525020010,別府競輪,10R,19:35,4-6,4,6,96.9,0.023903374080731003,1.3162369484228345
2720260525020001,京王閣競輪,1R,20:57,4-6,4,6,54.0,0.042868217168394944,1.314883727093327
7520260526010007,松山競輪,7R,10:35,2-7,2,7,57.7,0.0400321458138731,1.3098548134604777
7520260526010001,松山競輪,1R,08:30,3-7,3,7,43.4,0.05312609455337372,1.3056725036164192
4420260525020008,大垣競輪,8R,14:07,4-6,4,6,63.7,0.03595410841053821,1.290276705751284
4420260525020012,大垣競輪,12R,16:15,2-5,2,5,86.5,0.02646017710585106,1.2888053196561167
2220260526010006,前橋競輪,6R,18:04,1-5,1,5,60.3,0.03780541591354912,1.279666579587012
3820260524030011,静岡競輪,11R,15:52,4-6,4,6,116.8,0.019506483992796156,1.278357330358591
3820260524030007,静岡競輪,7R,13:52,5-7,5,7,33.0,0.06902139987297028,1.277706195808019
2220260526010001,前橋競輪,1R,15:59,2-3,2,3,35.6,0.06372129970945062,1.268478269656442
4420260525020011,大垣競輪,11R,15:38,2-6,2,6,195.5,0.011513981788982313,1.250983439746042
3820260524030011,静岡競輪,11R,15:52,2-7,2,7,29.2,0.07703682839301283,1.2494753890759744
3820260524030001,静岡競輪,1R,10:58,2-7,2,7,30.1,0.07468521755816931,1.2480250485008964
7520260526010004,松山競輪,4R,09:32,5-6,5,6,104.1,0.021570259995904735,1.2454640655736826
7520260526010001,松山競輪,1R,08:30,1-3,1,3,32.4,0.06919976850306897,1.2420724994994345
4420260525020009,大垣競輪,9R,14:37,1-4,1,4,81.0,0.027515282600339454,1.228737890627496
8620260525020001,別府競輪,1R,15:45,3-5,3,5,41.6,0.053298970119380035,1.2172371569662097
7520260526010007,松山競輪,7R,10:35,3-4,3,4,119.6,0.01849479230764569,1.2119771599944245
4420260525020008,大垣競輪,8R,14:07,1-6,1,6,70.0,0.03158094634305748,1.2106662440140235
4420260525020012,大垣競輪,12R,16:15,2-4,2,4,157.0,0.014064737974412182,1.2081638619827126
8620260525020007,別府競輪,7R,18:17,2-3,2,3,29.5,0.07473845358296499,1.2047843806974674
7520260526010002,松山競輪,2R,08:50,2-7,2,7,122.3,0.018019012709080552,1.2037252543205517
2220260526010002,前橋競輪,2R,16:22,2-5,2,5,36.3,0.0605694577258155,1.1986713154471023
4420260525020009,大垣競輪,9R,14:37,2-3,2,3,24.7,0.08901276675726559,1.1986153389044598
8620260525020012,別府競輪,12R,20:30,3-4,3,4,73.7,0.029784574602514626,1.1951231482053282
4220260525020004,名古屋競輪,4R,21:53,1-2,1,2,18.0,0.12165199425237988,1.189735896542838
4420260525020004,大垣競輪,4R,12:08,3-7,3,7,102.2,0.021368111647670655,1.183821010391941
3820260524030009,静岡競輪,9R,14:52,2-6,2,6,128.7,0.016957016415921414,1.1823680127290856
4420260525020002,大垣競輪,2R,11:12,2-6,2,6,128.2,0.016952619298180285,1.173325794026712
7520260526010002,松山競輪,2R,08:50,4-7,4,7,124.4,0.017397560235178546,1.1642564932562114
4420260525020008,大垣競輪,8R,14:07,1-4,1,4,45.5,0.04755681172501239,1.1638349334880638
6120260525020007,玉野競輪,7R,23:21,4-7,4,7,57.0,0.03791209857261463,1.1609896186390336
4420260525020003,大垣競輪,3R,11:40,3-7,3,7,52.1,0.04142431373649895,1.1582067456715954
3820260524030009,静岡競輪,9R,14:52,4-6,4,6,155.2,0.013865638031985289,1.1519470225641166
2220260526010002,前橋競輪,2R,16:22,3-5,3,5,24.4,0.08770896125814989,1.1400986546988574
4420260525020005,大垣競輪,5R,12:37,2-7,2,7,31.3,0.0683138754182118,1.1382243005900294
4420260525020010,大垣競輪,10R,15:07,2-6,2,6,81.0,0.0263746081121298,1.1363432570825136
4420260525020001,大垣競輪,1R,10:45,2-4,2,4,87.0,0.02452271241136738,1.1334759797889622
7520260526010006,松山競輪,6R,10:14,2-7,2,7,48.4,0.044066836974036544,1.1328349095433685
4420260525020008,大垣競輪,8R,14:07,1-7,1,7,73.2,0.02913002387142553,1.132317747388349
7520260526010005,松山競輪,5R,09:53,5-6,5,6,31.8,0.0664853819754032,1.1142351468178218
8620260525020001,別府競輪,1R,15:45,4-6,4,6,37.1,0.0569249342981842,1.111915062462634
4420260525020012,大垣競輪,12R,16:15,1-2,1,2,48.7,0.043331133948099954,1.110226223272468
3820260524030010,静岡競輪,10R,15:22,1-2,1,2,37.5,0.05610556593122068,1.1039587224207756
7520260526010007,松山競輪,7R,10:35,5-6,5,6,36.9,0.05701088833195036,1.103701779448968
4420260525020004,大垣競輪,4R,12:08,2-6,2,6,40.8,0.05131760815846368,1.0937584128653182
8620260525020012,別府競輪,12R,20:30,5-7,5,7,95.8,0.021761730782770425,1.0847738089894068
8620260525020012,別府競輪,12R,20:30,4-5,4,5,106.5,0.019560873466938525,1.083233024228953
7520260526010006,松山競輪,6R,10:14,1-3,1,3,31.6,0.06574727656000758,1.0776139392962394
7520260526010006,松山競輪,6R,10:14,4-5,4,5,38.6,0.05379655594371731,1.0765470594274884
2720260525020001,京王閣競輪,1R,20:57,1-5,1,5,27.0,0.07687297703356086,1.0755703799061433
2220260526010006,前橋競輪,6R,18:04,1-7,1,7,45.2,0.045742944381928066,1.0675810860631487
8620260525020002,別府競輪,2R,16:07,1-4,1,4,24.5,0.08410174373190403,1.0604927214316486
8620260525020004,別府競輪,4R,16:59,5-7,5,7,42.3,0.048590232419096886,1.055366831327798
4420260525020003,大垣競輪,3R,11:40,1-2,1,2,24.4,0.08413412718669552,1.0528727033553706
6120260525020001,玉野競輪,1R,20:49,6-7,6,7,39.7,0.05157504795958091,1.047529403995362
8620260525020006,別府競輪,6R,17:51,5-6,5,6,31.5,0.06473463792392983,1.0391410946037896
4420260525020007,大垣競輪,7R,13:37,1-2,1,2,26.5,0.07689254326490619,1.0376523965200142
3820260524030008,静岡競輪,8R,14:22,2-3,2,3,33.4,0.060935053820634695,1.0352307976091986
2720260525020001,京王閣競輪,1R,20:57,4-5,4,5,54.0,0.03761955820362985,1.0314561429960123
3820260524030003,静岡競輪,3R,11:54,3-6,3,6,46.6,0.04359168629954631,1.0313725815588581
2220260526010005,前橋競輪,5R,17:38,3-6,3,6,38.7,0.05247042168969271,1.0306053193911078
2220260526010006,前橋競輪,6R,18:04,5-6,5,6,51.7,0.039182805842485985,1.0257510620565253
2220260526010008,前橋競輪,8R,18:56,4-5,4,5,77.2,0.02621998355394667,1.024182730364683
8620260525020010,別府競輪,10R,19:35,5-6,5,6,96.9,0.020854791470473838,1.020829293488915
3820260524030002,静岡競輪,2R,11:26,1-2,1,2,120.0,0.016804622266976973,1.0165546720372367
8620260525020002,別府競輪,2R,16:07,3-4,3,4,46.2,0.0436044882864703,1.0145273588349282
2220260526010002,前橋競輪,2R,16:22,2-4,2,4,141.3,0.01421790921761397,1.008990572448854
4420260525020004,大垣競輪,4R,12:08,2-3,2,3,34.0,0.058843379236053775,1.0006748940258285
4420260525020012,大垣競輪,12R,16:15,2-7,2,7,48.4,0.0413194405504072,0.9998609226397084
3820260524030004,静岡競輪,4R,12:22,2-5,2,5,40.8,0.048985736014993224,0.9986180294117233
6120260525020007,玉野競輪,7R,23:21,3-7,3,7,57.0,0.035017376921578657,0.9959904845299834
3820260524030011,静岡競輪,11R,15:52,3-6,3,6,90.0,0.022099997123238936,0.9889997410915043
8620260525020010,別府競輪,10R,19:35,6-7,6,7,37.2,0.05341413491098104,0.9870058186884949
4420260525020010,大垣競輪,10R,15:07,1-3,1,3,39.3,0.050545604296471244,0.9864422488513198
7520260526010005,松山競輪,5R,09:53,4-6,4,6,44.5,0.044470801153828746,0.9789506513453792
4420260525020002,大垣競輪,2R,11:12,5-7,5,7,37.0,0.053037308955757326,0.9623804313630211
4420260525020003,大垣競輪,3R,11:40,3-4,3,4,77.1,0.025341548578375443,0.9538333953927465
6120260525020007,玉野競輪,7R,23:21,3-4,3,4,57.0,0.03421534536206485,0.9502746856376965
8620260525020003,別府競輪,3R,16:33,1-3,1,3,49.9,0.039015573231124895,0.9468771042331321
4420260525020003,大垣競輪,3R,11:40,1-6,1,6,30.8,0.06315964600233764,0.9453170968719995
3820260524030008,静岡競輪,8R,14:22,3-5,3,5,51.8,0.03755235264008987,0.9452118667566549
4420260525020011,大垣競輪,11R,15:38,5-7,5,7,57.1,0.03402048121384361,0.94256947731047
2220260526010001,前橋競輪,1R,15:59,4-7,4,7,34.2,0.05679965076422219,0.9425480561363992
4420260525020009,大垣競輪,9R,14:37,1-6,1,6,85.4,0.022723950351062026,0.9406253599806971
2220260526010009,前橋競輪,9R,19:22,2-7,2,7,23.6,0.08140195229235841,0.9210860740996587
8620260525020004,別府競輪,4R,16:59,4-6,4,6,202.3,0.00948621332481039,0.9190609556091422
4420260525020002,大垣競輪,2R,11:12,2-5,2,5,69.7,0.02745513171361089,0.9136226804386791
3820260524030002,静岡競輪,2R,11:26,2-4,2,4,63.5,0.03008618067753555,0.9104724730235074
3820260524030010,静岡競輪,10R,15:22,2-4,2,4,32.1,0.05948212304480961,0.9093761497383885
2220260526010010,前橋競輪,10R,19:48,5-7,5,7,125.2,0.015157904820584994,0.8977696835372413
7520260526010007,松山競輪,7R,10:35,4-6,4,6,99.2,0.01912226545425986,0.8969287330625779
7520260526010005,松山競輪,5R,09:53,4-5,4,5,24.6,0.0768768722117597,0.891171056409289
4420260525020011,大垣競輪,11R,15:38,2-4,2,4,30.4,0.06208942978371888,0.887518665425054
7520260526010005,松山競輪,5R,09:53,1-6,1,6,160.6,0.011748221937505184,0.8867644431633326
4420260525020002,大垣競輪,2R,11:12,1-3,1,3,22.5,0.08385071237461242,0.8866410284287793
3820260524030004,静岡競輪,4R,12:22,1-2,1,2,73.0,0.025843664125009443,0.8865874811256893
2220260526010011,前橋競輪,11R,20:16,1-6,1,6,43.6,0.04315449189012478,0.8815358464094405
2720260525020002,京王閣競輪,2R,21:21,1-2,1,2,23.2,0.08109232024737495,0.8813418297390987
3820260524030007,静岡競輪,7R,13:52,4-6,4,6,165.1,0.011367228474485278,0.8767294211375192
3820260524030002,静岡競輪,2R,11:26,2-3,2,3,27.4,0.06848016477215751,0.8763565147571157
8620260525020009,別府競輪,9R,19:09,1-3,1,3,65.2,0.028692537122549315,0.8707534203902154
8620260525020012,別府競輪,12R,20:30,2-5,2,5,30.9,0.060191535840076825,0.8599184574583738
7520260526010003,松山競輪,3R,09:11,1-5,1,5,26.4,0.0703381781490518,0.8569279031349675
8620260525020008,別府競輪,8R,18:43,2-3,2,3,36.0,0.051514090125566514,0.8545072445203945
4220260525020001,名古屋競輪,1R,20:41,3-6,3,6,37.5,0.0494478852737647,0.8542956977661764
2720260525020006,京王閣競輪,6R,23:03,1-2,1,2,18.7,0.0983957284257597,0.8400001215617061
3820260524030001,静岡競輪,1R,10:58,1-3,1,3,34.3,0.053445608893885194,0.833184385060262
8620260525020004,別府競輪,4R,16:59,1-5,1,5,31.0,0.05912214850949146,0.8327866037942353
2220260526010011,前橋競輪,11R,20:16,5-7,5,7,32.7,0.05603497676549345,0.8323437402316358
2220260526010010,前橋競輪,10R,19:48,1-4,1,4,50.1,0.03653313839369868,0.8303102335243038
2220260526010007,前橋競輪,7R,18:30,4-6,4,6,40.5,0.045185919495043386,0.8300297395492571
8620260525020005,別府競輪,5R,17:25,5-7,5,7,47.3,0.03856063455329932,0.8239180143710576
4420260525020010,大垣競輪,10R,15:07,1-4,1,4,24.2,0.07527697729733435,0.8217028505954911
4420260525020008,大垣競輪,8R,14:07,3-6,3,6,25.9,0.07023900682599771,0.8191902767933406
3820260524030005,静岡競輪,5R,12:52,2-3,2,3,25.0,0.0725741699366451,0.8143542484161275
8620260525020005,別府競輪,5R,17:25,2-5,2,5,49.5,0.036612171485907175,0.812302488552405
2220260526010010,前橋競輪,10R,19:48,4-7,4,7,83.5,0.021591402729494075,0.8028821279127554
7520260526010001,松山競輪,1R,08:30,4-6,4,6,72.0,0.024998245674600288,0.7998736885712208
4420260525020009,大垣競輪,9R,14:37,3-6,3,6,29.5,0.06083902064566634,0.7947511090471571
4220260525020003,名古屋競輪,3R,21:29,2-5,2,5,21.7,0.08201982265712394,0.7798301516595896
8620260525020011,別府競輪,11R,20:02,2-4,2,4,49.4,0.036024046015664696,0.7795878731738359
7520260526010006,松山競輪,6R,10:14,5-7,5,7,26.2,0.0673857358412912,0.7655062790418294
8620260525020002,別府競輪,2R,16:07,1-3,1,3,18.0,0.09743301269774286,0.7537942285593715
8620260525020010,別府競輪,10R,19:35,1-6,1,6,69.2,0.02533526740058925,0.7532005041207763
4420260525020010,大垣競輪,10R,15:07,3-4,3,4,128.7,0.013548043074625595,0.743633143704314
2720260525020007,京王閣競輪,7R,23:30,1-5,1,5,23.2,0.07505965668527381,0.7413840350983525
2720260525020001,京王閣競輪,1R,20:57,3-6,3,6,54.0,0.031869420135633306,0.7209486873241986
8620260525020008,別府競輪,8R,18:43,3-7,3,7,20.2,0.08514882253470898,0.7200062152011215
7520260526010001,松山競輪,1R,08:30,4-7,4,7,29.9,0.05752119298268936,0.7198836701824118
2220260526010003,前橋競輪,3R,16:46,1-7,1,7,53.5,0.03210968781624729,0.7178682981692299
8620260525020011,別府競輪,11R,20:02,3-7,3,7,54.3,0.03152897203352481,0.712023181420397
8620260525020011,別府競輪,11R,20:02,2-6,2,6,67.9,0.025212303299873128,0.7119153940613856
2220260526010011,前橋競輪,11R,20:16,5-6,5,6,23.7,0.07221817913816647,0.7115708455745453
8620260525020006,別府競輪,6R,17:51,4-5,4,5,22.9,0.07471176361260408,0.7108993867286333
3820260524030005,静岡競輪,5R,12:52,4-7,4,7,40.1,0.042660579184158734,0.7106892252847652
4420260525020004,大垣競輪,4R,12:08,1-5,1,5,33.1,0.051462600936206436,0.7034120909884332
3820260524030010,静岡競輪,10R,15:22,2-3,2,3,28.3,0.06001287847556886,0.6983644608585988
3820260524030003,静岡競輪,3R,11:54,5-7,5,7,58.6,0.028955150609980496,0.6967718257448572
3820260524030004,静岡競輪,4R,12:22,2-6,2,6,35.5,0.04776552115930897,0.6956760011554683
8620260525020007,別府競輪,7R,18:17,6-7,6,7,51.7,0.032685551434012694,0.6898430091384564
4420260525020010,大垣競輪,10R,15:07,1-2,1,2,12.7,0.13271732296142702,0.685510001610123
8620260525020010,別府競輪,10R,19:35,2-6,2,6,40.3,0.04175745358668925,0.6828253795435768
4420260525020011,大垣競輪,11R,15:38,6-7,6,7,325.9,0.005145792699960827,0.6770138409172333
3820260524030009,静岡競輪,9R,14:52,3-4,3,4,106.1,0.015774763664041177,0.6737024247547687
4420260525020006,大垣競輪,6R,13:07,2-4,2,4,49.5,0.033711854966928544,0.6687368208629629
8620260525020008,別府競輪,8R,18:43,2-7,2,7,27.0,0.06155120254562492,0.6618824687318727
3820260524030004,静岡競輪,4R,12:22,2-3,2,3,63.2,0.02621827922652284,0.6569952471162435
3820260524030001,静岡競輪,1R,10:58,2-5,2,5,49.2,0.03367742087758466,0.6569291071771652
8620260525020008,別府競輪,8R,18:43,6-7,6,7,32.4,0.05113267740768508,0.6566987480089965
4420260525020005,大垣競輪,5R,12:37,2-6,2,6,64.1,0.025737780167967194,0.6497917087666969
8620260525020009,別府競輪,9R,19:09,3-5,3,5,32.6,0.05048581039368644,0.645837418834178
2220260526010010,前橋競輪,10R,19:48,2-4,2,4,16.7,0.0981502509390725,0.6391091906825106
4420260525020007,大垣競輪,7R,13:37,2-6,2,6,51.0,0.032018036934725665,0.6329198836710088
8620260525020012,別府競輪,12R,20:30,2-3,2,3,21.3,0.07661756559278148,0.6319541471262455
3820260524030010,静岡競輪,10R,15:22,5-7,5,7,31.8,0.051287710103315245,0.6309491812854249
8620260525020006,別府競輪,6R,17:51,1-3,1,3,21.0,0.07756375440529441,0.6288388425111826
3820260524030003,静岡競輪,3R,11:54,2-3,2,3,22.0,0.07395503895997456,0.6270108571194404
4220260525020003,名古屋競輪,3R,21:29,1-2,1,2,21.7,0.07487471474070653,0.6247813098733317
4420260525020008,大垣競輪,8R,14:07,2-4,2,4,43.0,0.037739532365779,0.6227998917284969
2220260526010004,前橋競輪,4R,17:12,4-7,4,7,30.6,0.05302038248279167,0.6224237039734253
2720260525020005,京王閣競輪,5R,22:36,1-2,1,2,15.0,0.10806727653455803,0.6210091480183704
8620260525020001,別府競輪,1R,15:45,1-4,1,4,23.6,0.06850429888565059,0.616701453701354
4420260525020010,大垣競輪,10R,15:07,3-5,3,5,80.1,0.020106299062981878,0.6105145549448483
6120260525020007,玉野競輪,7R,23:21,2-4,2,4,28.5,0.05649255721291806,0.6100378805681645
3820260524030003,静岡競輪,3R,11:54,4-5,4,5,33.8,0.04720870023154001,0.5956540678260522
8620260525020012,別府競輪,12R,20:30,2-7,2,7,28.1,0.05676628828886,0.5951327009169662
8620260525020003,別府競輪,3R,16:33,1-4,1,4,76.9,0.020693650913433278,0.5913417552430191
2720260525020001,京王閣競輪,1R,20:57,2-7,2,7,54.0,0.029458302508921005,0.5907483354817342
4420260525020003,大垣競輪,3R,11:40,3-5,3,5,45.3,0.03507524171611033,0.5889084497397978
3820260524030009,静岡競輪,9R,14:52,2-4,2,4,232.8,0.00681218553654475,0.5858767929076178
4420260525020001,大垣競輪,1R,10:45,3-5,3,5,19.8,0.0800539366505207,0.5850679456803098
2220260526010006,前橋競輪,6R,18:04,2-3,2,3,30.1,0.052507775624830666,0.580484046307403
2220260526010010,前橋競輪,10R,19:48,3-6,3,6,31.3,0.05041391908229014,0.5779556672756814
4420260525020010,大垣競輪,10R,15:07,4-6,4,6,91.2,0.01730181970346211,0.5779259569557447
8620260525020001,別府競輪,1R,15:45,2-3,2,3,35.0,0.04481382711520271,0.5684839490320948
4420260525020004,大垣競輪,4R,12:08,2-7,2,7,24.3,0.0643502839324063,0.563711899557473
2220260526010010,前橋競輪,10R,19:48,1-5,1,5,62.6,0.024927475934315962,0.5604599934881793
3820260524030005,静岡競輪,5R,12:52,2-5,2,5,45.2,0.034506275693312945,0.5596836613377452
3820260524030006,静岡競輪,6R,13:22,3-5,3,5,26.1,0.05961502759871601,0.555952220326488
4420260525020010,大垣競輪,10R,15:07,3-7,3,7,58.6,0.02648029587980088,0.5517453385563316
6120260525020003,玉野競輪,3R,21:37,1-6,1,6,18.0,0.08587831845744098,0.5458097322339377
2720260525020001,京王閣競輪,1R,20:57,1-6,1,6,18.0,0.08579731935482655,0.544351748386878
4420260525020006,大垣競輪,6R,13:07,3-4,3,4,64.1,0.024084589511946634,0.5438221877157792
2220260526010003,前橋競輪,3R,16:46,4-7,4,7,289.8,0.005324070132511418,0.5429155244018089
4420260525020003,大垣競輪,3R,11:40,4-6,4,6,95.3,0.01617788537941304,0.5417524766580626
2220260526010006,前橋競輪,6R,18:04,6-7,6,7,32.9,0.046801651101646996,0.5397743212441861
4220260525020004,名古屋競輪,4R,21:53,1-4,1,4,18.0,0.08485007600859668,0.52730136815474
2720260525020001,京王閣競輪,1R,20:57,5-6,5,6,54.0,0.028233292613539136,0.5245978011311134
2720260525020007,京王閣競輪,7R,23:30,3-7,3,7,46.5,0.03259117590851733,0.515489679746056
8620260525020008,別府競輪,8R,18:43,5-7,5,7,23.1,0.06560066247034808,0.5153753030650408
4220260525020003,名古屋競輪,3R,21:29,4-5,4,5,21.7,0.06967128061299586,0.5118667893020101
6120260525020001,玉野競輪,1R,20:49,5-7,5,7,39.7,0.03807367080407841,0.5115247309219131
3820260524030011,静岡競輪,11R,15:52,1-7,1,7,24.3,0.062080051517227494,0.5085452518686282
2720260525020002,京王閣競輪,2R,21:21,2-4,2,4,23.2,0.06502301359005563,0.5085339152892907
3820260524030003,静岡競輪,3R,11:54,2-6,2,6,16.0,0.09427210329509177,0.5083536527214683
3820260524030004,静岡競輪,4R,12:22,1-5,1,5,33.9,0.044416936003113874,0.5057341305055603
6120260525020002,玉野競輪,2R,21:13,2-5,2,5,15.7,0.09569338446596963,0.5023861361157231
6120260525020003,玉野競輪,3R,21:37,1-3,1,3,18.0,0.08346363023507214,0.5023453442312986
7520260526010002,松山競輪,2R,08:50,4-5,4,5,32.6,0.04608256055805881,0.5022914741927171
7520260526010004,松山競輪,4R,09:32,4-7,4,7,41.7,0.03599437241613317,0.5009653297527534
6120260525020002,玉野競輪,2R,21:13,2-3,2,3,15.7,0.09545245418508802,0.4986035307058818
2220260526010001,前橋競輪,1R,15:59,2-4,2,4,53.7,0.027842295177404608,0.4951312510266275
4420260525020002,大垣競輪,2R,11:12,3-4,3,4,44.2,0.033822046077285756,0.4949344366160304
8620260525020006,別府競輪,6R,17:51,1-4,1,4,50.5,0.029507728309331193,0.4901402796212253
2720260525020001,京王閣競輪,1R,20:57,3-5,3,5,54.0,0.02752491421854355,0.4863453678013516
2220260526010011,前橋競輪,11R,20:16,4-6,4,6,52.3,0.028346145747386683,0.48250342258832357
2220260526010011,前橋競輪,11R,20:16,3-7,3,7,65.4,0.02265630846196684,0.48172257341263136
7520260526010007,松山競輪,7R,10:35,4-5,4,5,38.4,0.03840419944663271,0.47472125875069593
2720260525020003,京王閣競輪,3R,21:45,5-6,5,6,22.5,0.06553867970950737,0.4746202934639159
8620260525020004,別府競輪,4R,16:59,1-3,1,3,23.7,0.06193296055496972,0.4678111651527823
4220260525020001,名古屋競輪,1R,20:41,4-7,4,7,75.0,0.019437905982443344,0.4578429486832507
3820260524030009,静岡競輪,9R,14:52,4-5,4,5,32.3,0.04501753798468251,0.45406647690524493
4220260525020007,名古屋競輪,7R,23:12,2-5,2,5,29.2,0.04974832399689068,0.4526510607092078
7520260526010007,松山競輪,7R,10:35,3-7,3,7,41.5,0.034941175606625186,0.4500587876749451
4420260525020011,大垣競輪,11R,15:38,3-5,3,5,26.7,0.05427171835683825,0.4490548801275813
2720260525020007,京王閣競輪,7R,23:30,2-3,2,3,23.2,0.06189256825574037,0.4359075835331765
4420260525020011,大垣競輪,11R,15:38,4-6,4,6,181.9,0.007891438831034877,0.4354527233652441
8620260525020003,別府競輪,3R,16:33,4-5,4,5,31.6,0.04530780275762924,0.43172656714108393
3820260524030004,静岡競輪,4R,12:22,1-6,1,6,33.0,0.04328690238913858,0.42846777884157317
8620260525020005,別府競輪,5R,17:25,1-2,1,2,26.5,0.05375840021005095,0.42459760556635007
2220260526010008,前橋競輪,8R,18:56,2-3,2,3,19.3,0.07345455711518391,0.4176729523230496
4420260525020009,大垣競輪,9R,14:37,1-5,1,5,70.8,0.019968004057454886,0.4137346872678058
7520260526010005,松山競輪,5R,09:53,1-4,1,4,67.0,0.021094714957862058,0.4133459021767578
7520260526010002,松山競輪,2R,08:50,2-5,2,5,31.9,0.044287381266316386,0.41276746239549267
8620260525020002,別府競輪,2R,16:07,2-5,2,5,80.2,0.01752440529470084,0.4054573046350074
8620260525020004,別府競輪,4R,16:59,1-4,1,4,57.4,0.02445284609585248,0.4035933659019322
4220260525020007,名古屋競輪,7R,23:12,3-4,3,4,29.2,0.048065451844268504,0.40351119385264034
3820260524030002,静岡競輪,2R,11:26,4-6,4,6,50.0,0.0280295705098785,0.40147852549392504
4420260525020008,大垣競輪,8R,14:07,4-5,4,5,27.2,0.051322209117512604,0.39596408799634286
6120260525020005,玉野競輪,5R,22:27,2-4,2,4,18.7,0.07464253678037636,0.39581543779303785
8620260525020004,別府競輪,4R,16:59,2-7,2,7,16.6,0.08391566168934783,0.39299998404317416
2720260525020006,京王閣競輪,6R,23:03,1-5,1,5,18.7,0.07423901040263983,0.38826949452936477
7520260526010003,松山競輪,3R,09:11,5-7,5,7,23.3,0.05948180720999239,0.3859261079928227
4220260525020005,名古屋競輪,5R,22:18,1-5,1,5,18.7,0.07372305986086534,0.37862121939818194
3820260524030005,静岡競輪,5R,12:52,1-3,1,3,19.1,0.0720814693601629,0.3767560647791115
3820260524030008,静岡競輪,8R,14:22,3-4,3,4,38.9,0.035386419910331986,0.37653173451191413
3820260524030011,静岡競輪,11R,15:52,3-7,3,7,42.8,0.03211846832081993,0.37467044413109285
2220260526010002,前橋競輪,2R,16:22,4-5,4,5,25.9,0.053009774158972456,0.37295315071738644
4220260525020001,名古屋競輪,1R,20:41,1-7,1,7,25.0,0.05436611618692978,0.3591529046732447
6120260525020007,玉野競輪,7R,23:21,4-6,4,6,57.0,0.023670256386839172,0.34920461404983283
2220260526010003,前橋競輪,3R,16:46,3-7,3,7,17.8,0.07572420785847236,0.3478908998808081
3820260524030011,静岡競輪,11R,15:52,5-7,5,7,33.0,0.040761645353536685,0.3451342966667106
4220260525020001,名古屋競輪,1R,20:41,1-6,1,6,18.7,0.07184059608656498,0.34341914681876506
7520260526010004,松山競輪,4R,09:32,3-4,3,4,16.8,0.07976210827218891,0.34000341897277364
4220260525020007,名古屋競輪,7R,23:12,1-4,1,4,14.6,0.09163301400953375,0.3378420045391928
8620260525020006,別府競輪,6R,17:51,2-6,2,6,36.1,0.036774441608822796,0.32755734207850296
8620260525020011,別府競輪,11R,20:02,1-2,1,2,18.1,0.07328291474300667,0.326420756848421
4220260525020003,名古屋競輪,3R,21:29,1-7,1,7,21.7,0.06091047025351684,0.3217572045013155
8620260525020002,別府競輪,2R,16:07,6-7,6,7,31.0,0.04244570093390377,0.31581672895101676
8620260525020003,別府競輪,3R,16:33,3-6,3,6,52.1,0.025204448869131795,0.3131517860817665
7520260526010004,松山競輪,4R,09:32,3-7,3,7,16.1,0.08153948369218464,0.3127856874441728
2720260525020002,京王閣競輪,2R,21:21,1-7,1,7,23.2,0.056583893202874984,0.3127463223066995
8620260525020009,別府競輪,9R,19:09,2-3,2,3,65.2,0.020124037130410676,0.3120872209027761
4420260525020007,大垣競輪,7R,13:37,6-7,6,7,75.1,0.017463099045190607,0.31147873829381445
7520260526010001,松山競輪,1R,08:30,2-4,2,4,28.0,0.04681463353514692,0.3108097389841138
8620260525020003,別府競輪,3R,16:33,5-7,5,7,15.3,0.08566473173723116,0.3106703955796368
2220260526010002,前橋競輪,2R,16:22,4-7,4,7,56.5,0.023148002266450092,0.30786212805443025
6120260525020006,玉野競輪,6R,22:54,1-3,1,3,18.0,0.07254395494629691,0.30579118903334446
4420260525020010,大垣競輪,10R,15:07,4-5,4,5,44.2,0.029536970536704368,0.3055340977223331
2720260525020003,京王閣競輪,3R,21:45,1-7,1,7,22.5,0.05791824590703811,0.30316053290835754
2720260525020001,京王閣競輪,1R,20:57,2-6,2,6,27.0,0.048137594644313435,0.2997150553964627
7520260526010006,松山競輪,6R,10:14,5-6,5,6,40.2,0.03232806713683035,0.29958829890058003
8620260525020009,別府競輪,9R,19:09,3-6,3,6,65.2,0.01986786537689273,0.29538482257340615
2220260526010007,前橋競輪,7R,18:30,2-3,2,3,27.0,0.04785748361960259,0.29215205772927
3820260524030007,静岡競輪,7R,13:52,1-7,1,7,43.4,0.029757755523525144,0.2914865897209913
4220260525020007,名古屋競輪,7R,23:12,3-5,3,5,29.2,0.044218629475629254,0.29118398068837426
4220260525020003,名古屋競輪,3R,21:29,2-7,2,7,21.7,0.059461836261856735,0.290321846882291
8620260525020005,別府競輪,5R,17:25,1-3,1,3,40.3,0.031928956327816824,0.2867369400110178
3820260524030008,静岡競輪,8R,14:22,5-6,5,6,65.4,0.019659726662786065,0.28574612374620867
2720260525020004,京王閣競輪,4R,22:09,1-6,1,6,18.7,0.06831649786225469,0.2775185100241626
7520260526010004,松山競輪,4R,09:32,4-5,4,5,33.8,0.03768245571673415,0.2736670032256141
2220260526010011,前橋競輪,11R,20:16,4-5,4,5,15.3,0.08301771921901166,0.2701711040508785
2720260525020002,京王閣競輪,2R,21:21,2-5,2,5,23.2,0.054610610620063275,0.2669661663854679
8620260525020006,別府競輪,6R,17:51,1-6,1,6,50.5,0.025046188246693506,0.26483250645802214
3820260524030001,静岡競輪,1R,10:58,4-5,4,5,34.1,0.0369769078206348,0.26091255668364677
8620260525020011,別府競輪,11R,20:02,5-7,5,7,21.7,0.058091672951894824,0.2605893030561177
2220260526010003,前橋競輪,3R,16:46,2-3,2,3,10.3,0.12206891399923606,0.2573098141921315
8620260525020002,別府競輪,2R,16:07,2-6,2,6,50.5,0.02481149378396538,0.25298043609025167
8620260525020010,別府競輪,10R,19:35,3-4,3,4,20.1,0.062329416291057024,0.25282126745024636
7520260526010001,松山競輪,1R,08:30,1-4,1,4,17.2,0.07273433315888603,0.25103053033283973
4420260525020005,大垣競輪,5R,12:37,3-5,3,5,17.6,0.07074342351686994,0.2450842538969109
7520260526010006,松山競輪,6R,10:14,2-5,2,5,27.4,0.04539975162933097,0.2439531946436686
3820260524030004,静岡競輪,4R,12:22,5-6,5,6,17.7,0.07014172550424083,0.24150854142506262
4420260525020012,大垣競輪,12R,16:15,1-4,1,4,47.3,0.026238229816363295,0.2410682703139837
3820260524030011,静岡競輪,11R,15:52,1-4,1,4,24.7,0.049977956326449094,0.2344555212632926
6120260525020001,玉野競輪,1R,20:49,4-6,4,6,39.7,0.031034720289658847,0.2320783954994563
8620260525020010,別府競輪,10R,19:35,5-7,5,7,30.2,0.040794850712229436,0.2320044915093289
2220260526010011,前橋競輪,11R,20:16,3-5,3,5,15.3,0.08026038412714515,0.22798387714532087
3820260524030001,静岡競輪,1R,10:58,5-7,5,7,15.8,0.07767875249403561,0.22732428940576255
3820260524030001,静岡競輪,1R,10:58,1-7,1,7,12.2,0.10026575808895319,0.2232422486852288
4420260525020003,大垣競輪,3R,11:40,1-3,1,3,20.4,0.059852703704001115,0.22099515556162275
2720260525020003,京王閣競輪,3R,21:45,1-2,1,2,11.2,0.10892184717306752,0.2199246883383561
3820260524030011,静岡競輪,11R,15:52,2-6,2,6,20.3,0.0600577442317552,0.21917220790463054
2220260526010011,前橋競輪,11R,20:16,1-7,1,7,37.3,0.03264047141619291,0.2174895838239954
4420260525020008,大垣競輪,8R,14:07,5-7,5,7,35.1,0.034563200411787356,0.21316833445373629
4420260525020010,大垣競輪,10R,15:07,6-7,6,7,68.0,0.01781022798885562,0.21109550324218218
4420260525020003,大垣競輪,3R,11:40,3-6,3,6,48.9,0.02473916777834847,0.20974530436124006
2220260526010003,前橋競輪,3R,16:46,3-5,3,5,7.6,0.15898043762799174,0.2082513259727372
6120260525020006,玉野競輪,6R,22:54,1-7,1,7,18.0,0.06703343873983919,0.20660189731710554
8620260525020004,別府競輪,4R,16:59,1-2,1,2,11.9,0.1008122167490136,0.1996653793132619
2720260525020004,京王閣競輪,4R,22:09,2-4,2,4,18.7,0.06413878386708988,0.1993952583145806
2220260526010008,前橋競輪,8R,18:56,2-6,2,6,19.3,0.062123257395149685,0.19897886772638906
6120260525020003,玉野競輪,3R,21:37,1-2,1,2,18.0,0.06648125752849832,0.1966626355129697
3820260524030009,静岡競輪,9R,14:52,3-7,3,7,19.2,0.062303117159180355,0.1962198494562628
4420260525020005,大垣競輪,5R,12:37,5-7,5,7,13.4,0.08926241346897937,0.19611634048432358
4420260525020010,大垣競輪,10R,15:07,2-5,2,5,15.4,0.0776197549973447,0.19534422695910858
4420260525020006,大垣競輪,6R,13:07,1-4,1,4,50.5,0.02360192070513875,0.1918969956095069
8620260525020012,別府競輪,12R,20:30,3-5,3,5,35.5,0.03355465845350369,0.19119037509938086
4420260525020005,大垣競輪,5R,12:37,1-4,1,4,78.7,0.015107025830318952,0.1889229328461015
3820260524030001,静岡競輪,1R,10:58,2-3,2,3,36.3,0.032731794914618986,0.188164155400669
4220260525020005,名古屋競輪,5R,22:18,1-6,1,6,18.7,0.06339977822713087,0.18557585284734723
8620260525020002,別府競輪,2R,16:07,5-7,5,7,38.4,0.03074792624567571,0.1807203678339473
3820260524030001,静岡競輪,1R,10:58,3-5,3,5,31.8,0.037106296704682795,0.17998023520891282
7520260526010004,松山競輪,4R,09:32,5-7,5,7,30.2,0.03905600523255503,0.17949135802316185
7520260526010005,松山競輪,5R,09:53,2-3,2,3,25.7,0.04566083026545755,0.1734833378222591
8620260525020006,別府競輪,6R,17:51,4-6,4,6,84.2,0.013921019667568982,0.17214985600930843
4420260525020011,大垣競輪,11R,15:38,2-3,2,3,20.4,0.05742507283734135,0.17147148588176342
3820260524030006,静岡競輪,6R,13:22,1-6,1,6,37.3,0.031345623377054,0.16919175196411418
7520260526010007,松山競輪,7R,10:35,1-5,1,5,11.3,0.10341021202033042,0.16853539582973376
2220260526010008,前橋競輪,8R,18:56,3-6,3,6,77.2,0.015053092855324164,0.16209876843102555
8620260525020011,別府競輪,11R,20:02,2-3,2,3,25.8,0.04484784599176064,0.15707442658742465
8620260525020007,別府競輪,7R,18:17,3-6,3,6,23.0,0.05025619194930114,0.15589241483392624
2220260526010010,前橋競輪,10R,19:48,1-6,1,6,27.8,0.04147714526521154,0.15306463837288087
2720260525020005,京王閣競輪,5R,22:36,1-7,1,7,15.0,0.07662923865769232,0.14943857986538478
2720260525020001,京王閣競輪,1R,20:57,2-5,2,5,27.0,0.04243152556707411,0.14565119031100093
3820260524030011,静岡競輪,11R,15:52,2-4,2,4,17.9,0.06392367586170157,0.14423379792445812
4420260525020001,大垣競輪,1R,10:45,1-2,1,2,17.7,0.06437466421187053,0.1394315565501083
3820260524030005,静岡競輪,5R,12:52,2-7,2,7,46.5,0.024484432067931525,0.13852609115881598
3820260524030005,静岡競輪,5R,12:52,1-7,1,7,75.4,0.015045807342465044,0.13445387362186434
4420260525020007,大垣競輪,7R,13:37,2-5,2,5,25.8,0.04392059069294714,0.13315123987803634
4420260525020011,大垣競輪,11R,15:38,2-5,2,5,14.6,0.07756680926912682,0.13247541532925156
2220260526010009,前橋競輪,9R,19:22,4-5,4,5,23.6,0.047934311430693495,0.13124974976436654
7520260526010006,松山競輪,6R,10:14,1-4,1,4,15.8,0.07147722994103474,0.12934023306834885
6120260525020005,玉野競輪,5R,22:27,2-5,2,5,18.7,0.060378858205949355,0.1290846484512529
7520260526010001,松山競輪,1R,08:30,5-7,5,7,21.7,0.0515915903466143,0.11953751052153017
4420260525020008,大垣競輪,8R,14:07,1-3,1,3,12.7,0.08814902302348694,0.11949259239828414
2720260525020004,京王閣競輪,4R,22:09,1-7,1,7,18.7,0.05986368217622665,0.11945085669543842
4420260525020005,大垣競輪,5R,12:37,3-4,3,4,28.7,0.038904192629372704,0.11655032846299651
8620260525020007,別府競輪,7R,18:17,1-7,1,7,15.9,0.0701049209746811,0.11466824349742955
4420260525020008,大垣競輪,8R,14:07,2-3,2,3,14.4,0.07735959211143384,0.11397812640464733
7520260526010004,松山競輪,4R,09:32,1-7,1,7,20.1,0.055303139634096776,0.11159310664534527
8620260525020008,別府競輪,8R,18:43,2-6,2,6,46.3,0.023963192423881872,0.10949580922573054
4220260525020001,名古屋競輪,1R,20:41,1-5,1,5,15.0,0.07352887511280806,0.10293312669212096
2220260526010006,前橋競輪,6R,18:04,2-5,2,5,20.1,0.05485340938191296,0.1025535285764505
4420260525020008,大垣競輪,8R,14:07,2-6,2,6,49.3,0.0222469320884299,0.09677375195959392
4420260525020006,大垣競輪,6R,13:07,2-5,2,5,20.5,0.05335432405196039,0.09376364306518803
7520260526010002,松山競輪,2R,08:50,2-6,2,6,43.4,0.02506317925008671,0.08774197945376327
4420260525020011,大垣競輪,11R,15:38,2-7,2,7,26.5,0.04098593716371238,0.08612733483837798
8620260525020010,別府競輪,10R,19:35,4-7,4,7,23.0,0.04721923898819307,0.08604249672844078
2220260526010003,前橋競輪,3R,16:46,4-6,4,6,328.5,0.0033057514700264223,0.08593935790367979
6120260525020003,玉野競輪,3R,21:37,1-5,1,5,18.0,0.06024803675541271,0.08446466159742871
8620260525020006,別府競輪,6R,17:51,2-4,2,4,25.2,0.04287939397946646,0.0805607282825549
3820260524030001,静岡競輪,1R,10:58,4-7,4,7,13.6,0.07938024182465334,0.0795712888152853
2720260525020007,京王閣競輪,7R,23:30,1-3,1,3,15.5,0.06950643016847308,0.07734966761133277
2220260526010008,前橋競輪,8R,18:56,1-2,1,2,11.0,0.09772539120182326,0.07497930322005586
4420260525020008,大垣競輪,8R,14:07,2-7,2,7,53.3,0.02014704515805045,0.07383750692408886
8620260525020010,別府競輪,10R,19:35,1-2,1,2,28.5,0.03743144596368801,0.06679620996510827
8620260525020008,別府競輪,8R,18:43,4-7,4,7,21.6,0.04932037785812693,0.06532016173554167
2720260525020002,京王閣競輪,2R,21:21,1-4,1,4,11.6,0.09172870566162954,0.06405298567490258
2720260525020003,京王閣競輪,3R,21:45,1-5,1,5,11.2,0.09463819789121942,0.05994781638165758
3820260524030011,静岡競輪,11R,15:52,4-5,4,5,35.1,0.030144430170850785,0.058069498996862645
2220260526010011,前橋競輪,11R,20:16,6-7,6,7,65.4,0.01617268040539979,0.057693298513146196
7520260526010002,松山競輪,2R,08:50,1-4,1,4,21.2,0.04988890060091419,0.057644692739380776
2220260526010002,前橋競輪,2R,16:22,1-4,1,4,24.0,0.04401187100480506,0.0562849041153215
2220260526010007,前橋競輪,7R,18:30,5-6,5,6,40.5,0.026059202220638098,0.05539768993584304
6120260525020005,玉野競輪,5R,22:27,1-6,1,6,18.7,0.05641646822360544,0.05498795578142168
2720260525020007,京王閣競輪,7R,23:30,3-4,3,4,46.5,0.022683028025412045,0.05476080318165999
3820260524030008,静岡競輪,8R,14:22,1-5,1,5,17.3,0.06094411296344221,0.054333154267550254
2220260526010008,前橋競輪,8R,18:56,2-7,2,7,11.0,0.0957283689977028,0.053012058974730936
4220260525020006,名古屋競輪,6R,22:45,1-6,1,6,16.5,0.06378005224905915,0.05237086210947606
7520260526010001,松山競輪,1R,08:30,3-4,3,4,23.5,0.044673471489769495,0.04982658000958318
3820260524030006,静岡競輪,6R,13:22,2-5,2,5,30.1,0.03485859810624372,0.04924380299793607
4420260525020006,大垣競輪,6R,13:07,1-2,1,2,16.3,0.06433855196254021,0.04871839698940539
3820260524030008,静岡競輪,8R,14:22,5-7,5,7,22.3,0.047026763592176404,0.048696828105533774
4420260525020008,大垣競輪,8R,14:07,5-6,5,6,28.2,0.037045065468215135,0.04467084620366668
6120260525020005,玉野競輪,5R,22:27,1-2,1,2,9.3,0.11213210654419437,0.042828590861007765
4220260525020003,名古屋競輪,3R,21:29,4-7,4,7,21.7,0.04803656188233446,0.042393392846657774
7520260526010007,松山競輪,7R,10:35,1-4,1,4,21.7,0.047943738948763914,0.04037913518817682
7520260526010006,松山競輪,6R,10:14,3-7,3,7,22.1,0.04704267965276168,0.03964322032603329
2720260525020003,京王閣競輪,3R,21:45,2-7,2,7,22.5,0.046134681387984974,0.03803033122966193
4220260525020007,名古屋競輪,7R,23:12,1-7,1,7,14.6,0.07098534848069356,0.03638608781812591
8620260525020001,別府競輪,1R,15:45,1-3,1,3,13.2,0.07850159490525699,0.036221052749392246
2720260525020002,京王閣競輪,2R,21:21,4-7,4,7,23.2,0.044545682374672574,0.03345983109240369
4420260525020008,大垣競輪,8R,14:07,6-7,6,7,50.2,0.02058131117537136,0.03318182100364231
8620260525020006,別府競輪,6R,17:51,2-3,2,3,10.5,0.09814595101033163,0.030532485608482096
8620260525020012,別府競輪,12R,20:30,4-7,4,7,59.9,0.017175221724505432,0.02879578129787541
2720260525020003,京王閣競輪,3R,21:45,1-6,1,6,11.2,0.09161480187727575,0.02608578102548842
8620260525020010,別府競輪,10R,19:35,2-5,2,5,32.3,0.031711994929175126,0.02429743621235647
6120260525020003,玉野競輪,3R,21:37,3-4,3,4,18.0,0.05687410486808542,0.02373388762553752
2220260526010007,前橋競輪,7R,18:30,5-7,5,7,40.5,0.02519584193476343,0.020431598357918856
8620260525020007,別府競輪,7R,18:17,2-7,2,7,20.7,0.049014527235685154,0.01460071377868255
4220260525020007,名古屋競輪,7R,23:12,4-7,4,7,29.2,0.034745829463754145,0.014578220341620929
2220260526010001,前橋競輪,1R,15:59,3-5,3,5,32.9,0.030819258436687057,0.013953602567004175
8620260525020005,別府競輪,5R,17:25,3-7,3,7,28.6,0.035209590416124315,0.0069942859011553615
7520260526010002,松山競輪,2R,08:50,2-3,2,3,14.1,0.07124729171867422,0.004586813233306453
8620260525020006,別府競輪,6R,17:51,1-5,1,5,9.7,0.10345559731916337,0.003519293995884576
2220260526010006,前橋競輪,6R,18:04,4-7,4,7,15.0,0.06682207520463089,0.0023311280694633396
3820260524030006,静岡競輪,6R,13:22,1-5,1,5,33.1,0.030253320114230847,0.0013848957810411733
3820260524030005,静岡競輪,5R,12:52,1-5,1,5,37.7,0.02656148367015362,0.0013679343647916564
8620260525020009,別府競輪,9R,19:09,1-5,1,5,21.7,0.046058573074664697,-0.0005289642797761118
2220260526010007,前橋競輪,7R,18:30,1-2,1,2,11.5,0.08662230485792834,-0.0038434941338241213
2220260526010008,前橋競輪,8R,18:56,3-5,3,5,25.7,0.038690493201910495,-0.005654324710900327
6120260525020002,玉野競輪,2R,21:13,2-4,2,4,15.7,0.06285202500179896,-0.013223207471756426
2720260525020004,京王閣競輪,4R,22:09,2-6,2,6,18.7,0.05264107135583057,-0.01561196564596834
2720260525020007,京王閣競輪,7R,23:30,2-4,2,4,23.2,0.04233901009969789,-0.01773496568700894
4420260525020006,大垣競輪,6R,13:07,1-3,1,3,21.9,0.044811389612882765,-0.01863056747786751
6120260525020006,玉野競輪,6R,22:54,2-5,2,5,18.0,0.05443580182565793,-0.02015556713815725
2720260525020001,京王閣競輪,1R,20:57,1-7,1,7,18.0,0.054380579885399655,-0.02114956206280616
2720260525020006,京王閣競輪,6R,23:03,3-5,3,5,18.7,0.05232099986865079,-0.02159730245623026
8620260525020003,別府競輪,3R,16:33,1-7,1,7,21.0,0.046433842138817724,-0.024889315084827834
2720260525020004,京王閣競輪,4R,22:09,3-4,3,4,18.7,0.05204742094332139,-0.026713228359889984
4420260525020003,大垣競輪,3R,11:40,4-5,4,5,30.7,0.031702326571903416,-0.026738574242565094
4420260525020001,大垣競輪,1R,10:45,5-6,5,6,12.0,0.08065264082434583,-0.03216831010785004
7520260526010007,松山競輪,7R,10:35,2-6,2,6,27.1,0.03554014039601841,-0.03686219526790102
8620260525020006,別府競輪,6R,17:51,3-6,3,6,21.0,0.04571327471798656,-0.04002123092228227
8620260525020011,別府競輪,11R,20:02,4-7,4,7,38.8,0.024653642708666042,-0.04343866290375764
4420260525020009,大垣競輪,9R,14:37,3-4,3,4,13.8,0.06911412197737632,-0.04622511671220675
8620260525020010,別府競輪,10R,19:35,1-7,1,7,20.1,0.04743171617405953,-0.046622504901403405
2220260526010007,前橋競輪,7R,18:30,3-4,3,4,20.2,0.04714001597758363,-0.04777167725281062
4420260525020005,大垣競輪,5R,12:37,1-3,1,3,16.7,0.05693054843831597,-0.04925984108012327
7520260526010003,松山競輪,3R,09:11,2-4,2,4,20.3,0.04674745761161808,-0.05102661048415291
2220260526010007,前橋競輪,7R,18:30,2-5,2,5,16.2,0.05850404626678053,-0.05223445047815545
4420260525020009,大垣競輪,9R,14:37,1-7,1,7,19.2,0.04927559883470582,-0.053908502373648304
4420260525020009,大垣競輪,9R,14:37,3-5,3,5,17.3,0.05457615381101692,-0.05583253906940722
4420260525020011,大垣競輪,11R,15:38,4-5,4,5,18.0,0.05223237751026366,-0.0598172048152541
6120260525020001,玉野競輪,1R,20:49,5-6,5,6,39.7,0.02363504515529626,-0.06168870733473841
8620260525020011,別府競輪,11R,20:02,1-4,1,4,16.9,0.05541005882288431,-0.06357000589325523
8620260525020007,別府競輪,7R,18:17,4-5,4,5,34.5,0.027142641168984447,-0.06357887967003661
4420260525020003,大垣競輪,3R,11:40,4-7,4,7,24.7,0.03784800688798604,-0.0651542298667448
2720260525020002,京王閣競輪,2R,21:21,1-5,1,5,11.6,0.08056381567051775,-0.06545973822199413
4420260525020007,大垣競輪,7R,13:37,4-7,4,7,44.0,0.021209819287528242,-0.06676795134875735
2720260525020005,京王閣競輪,5R,22:36,2-4,2,4,15.0,0.061958696926844976,-0.07061954609732535
2220260526010007,前橋競輪,7R,18:30,1-5,1,5,16.2,0.05729148740317421,-0.07187790406857786
8620260525020003,別府競輪,3R,16:33,2-4,2,4,32.3,0.028733562251583224,-0.07190593927386191
8620260525020009,別府競輪,9R,19:09,1-2,1,2,39.1,0.023698483880444418,-0.07338928027462321
8620260525020007,別府競輪,7R,18:17,1-5,1,5,23.0,0.04027901221493693,-0.07358271905645053
8620260525020008,別府競輪,8R,18:43,1-6,1,6,23.1,0.04008090810760086,-0.07413102271442018
4220260525020003,名古屋競輪,3R,21:29,3-5,3,5,21.7,0.04250549347487327,-0.0776307915952501
4220260525020007,名古屋競輪,7R,23:12,3-7,3,7,29.2,0.031542254633015285,-0.07896616471595375
8620260525020010,別府競輪,10R,19:35,2-3,2,3,9.6,0.09577561791650846,-0.08055406800151887
2220260526010007,前橋競輪,7R,18:30,1-6,1,6,20.2,0.04548864290169527,-0.08112941338575563
6120260525020003,玉野競輪,3R,21:37,3-6,3,6,18.0,0.05098867743285225,-0.08220380620865952
4220260525020004,名古屋競輪,4R,21:53,3-6,3,6,18.0,0.050871359638406444,-0.08431552650868401
4220260525020004,名古屋競輪,4R,21:53,1-6,1,6,9.0,0.10169144989744719,-0.08477695092297532
2220260526010011,前橋競輪,11R,20:16,4-7,4,7,43.6,0.02098608451012591,-0.08500671535851034
2220260526010006,前橋競輪,6R,18:04,2-6,2,6,32.9,0.02775822152274595,-0.08675451190165828
2220260526010009,前橋競輪,9R,19:22,1-7,1,7,10.5,0.08689589459431236,-0.08759310675972021
6120260525020001,玉野競輪,1R,20:49,4-7,4,7,19.8,0.046046518607506,-0.08827893157138123
4420260525020011,大垣競輪,11R,15:38,1-2,1,2,8.1,0.11242686805570593,-0.0893423687487821
8620260525020008,別府競輪,8R,18:43,1-2,1,2,18.0,0.05054728594215545,-0.0901488530412019
8620260525020008,別府競輪,8R,18:43,5-6,5,6,36.0,0.02519867406755258,-0.09284773356810716
4220260525020001,名古屋競輪,1R,20:41,2-7,2,7,37.5,0.0241421421523796,-0.09466966928576503
3820260524030006,静岡競輪,6R,13:22,1-2,1,2,20.0,0.04506653893242299,-0.09866922135154022
8620260525020007,別府競輪,7R,18:17,4-7,4,7,17.2,0.05231241677066192,-0.10022643154461508
2220260526010010,前橋競輪,10R,19:48,3-7,3,7,125.2,0.007168488789871998,-0.10250520350802583
4420260525020002,大垣競輪,2R,11:12,1-5,1,5,9.0,0.09961401731925042,-0.1034738441267462
7520260526010001,松山競輪,1R,08:30,2-7,2,7,16.1,0.05566360324639373,-0.10381598773306089
4420260525020003,大垣競輪,3R,11:40,5-7,5,7,15.9,0.056287557687423634,-0.10502783276996419
4220260525020005,名古屋競輪,5R,22:18,1-4,1,4,9.3,0.09605620863653594,-0.10667725968021569
4420260525020006,大垣競輪,6R,13:07,3-6,3,6,26.4,0.033805896045631584,-0.10752434439532621
8620260525020008,別府競輪,8R,18:43,2-4,2,4,36.0,0.024720306041082024,-0.11006898252104713
2720260525020005,京王閣競輪,5R,22:36,2-3,2,3,15.0,0.05922166243376091,-0.11167506349358636
2720260525020003,京王閣競輪,3R,21:45,2-5,2,5,11.2,0.07924334986437515,-0.11247448151899841
7520260526010002,松山競輪,2R,08:50,2-4,2,4,29.3,0.030235214448112314,-0.11410821667030913
3820260524030007,静岡競輪,7R,13:52,1-5,1,5,15.9,0.05569239888230642,-0.11449085777132795
4420260525020001,大垣競輪,1R,10:45,4-5,4,5,41.3,0.021407301303593203,-0.11587845616160075
6120260525020006,玉野競輪,6R,22:54,3-4,3,4,18.0,0.049098066832436366,-0.11623479701614547
8620260525020009,別府競輪,9R,19:09,1-6,1,6,39.1,0.022532814000608352,-0.11896697257621336
4220260525020005,名古屋競輪,5R,22:18,4-6,4,6,18.7,0.04682800299603426,-0.12431634397415936
8620260525020005,別府競輪,5R,17:25,2-3,2,3,25.9,0.03380551141820842,-0.12443725426840191
2220260526010011,前橋競輪,11R,20:16,1-2,1,2,16.3,0.053510290426535156,-0.1277822660474769
6120260525020001,玉野競輪,1R,20:49,4-5,4,5,39.7,0.021950932729350423,-0.12854797064478818
8620260525020009,別府競輪,9R,19:09,2-4,2,4,13.9,0.06264507004504376,-0.12923352637389174
2720260525020003,京王閣競輪,3R,21:45,2-6,2,6,11.2,0.07741709242326325,-0.1329285648594516
4420260525020008,大垣競輪,8R,14:07,4-7,4,7,25.9,0.0334308137160842,-0.13414192475341924
2220260526010011,前橋競輪,11R,20:16,2-4,2,4,23.7,0.036467069316922784,-0.13573045718893006
2220260526010011,前橋競輪,11R,20:16,1-5,1,5,7.9,0.10916116358046724,-0.1376268077143088
4220260525020005,名古屋競輪,5R,22:18,3-4,3,4,18.7,0.046114121382328094,-0.1376659301504647
4420260525020005,大垣競輪,5R,12:37,1-7,1,7,11.8,0.0730682952293411,-0.13779411629377503
8620260525020007,別府競輪,7R,18:17,4-6,4,6,51.7,0.016670984957244186,-0.13811007771047557
7520260526010005,松山競輪,5R,09:53,3-7,3,7,15.6,0.0552318148309819,-0.13838368863668238
4420260525020010,大垣競輪,10R,15:07,1-7,1,7,10.1,0.08510395622443015,-0.14045004213325551
8620260525020005,別府競輪,5R,17:25,2-4,2,4,9.0,0.09534148186663002,-0.14192666320032976
3820260524030008,静岡競輪,8R,14:22,2-7,2,7,11.6,0.07387567787563704,-0.14304213664261045
3820260524030007,静岡競輪,7R,13:52,1-4,1,4,57.8,0.014807542344406925,-0.14412405249327975
2720260525020007,京王閣競輪,7R,23:30,2-6,2,6,15.5,0.05511397920404341,-0.14573332233732716
4220260525020004,名古屋競輪,4R,21:53,1-7,1,7,9.0,0.0948055428200872,-0.14675011461921517
8620260525020005,別府競輪,5R,17:25,3-5,3,5,38.8,0.021883358051391917,-0.15092570760599366
4220260525020005,名古屋競輪,5R,22:18,2-3,2,3,18.7,0.04533900435175561,-0.15216061862217012
8620260525020009,別府競輪,9R,19:09,1-4,1,4,13.9,0.06099475138290172,-0.1521729557776661
7520260526010007,松山競輪,7R,10:35,6-7,6,7,23.1,0.03665019182606542,-0.15338056881788864
2720260525020004,京王閣競輪,4R,22:09,1-5,1,5,18.7,0.04527053102715514,-0.15344106979219885
6120260525020003,玉野競輪,3R,21:37,1-4,1,4,9.0,0.09386985796882522,-0.1551712782805731
7520260526010004,松山競輪,4R,09:32,2-7,2,7,29.0,0.029107907723915576,-0.15587067600644833
3820260524030007,静岡競輪,7R,13:52,2-5,2,5,7.4,0.11401377134140347,-0.15629809207361423
4420260525020006,大垣競輪,6R,13:07,2-3,2,3,14.0,0.06023204509370328,-0.1567513686881541
8620260525020008,別府競輪,8R,18:43,1-3,1,3,11.5,0.07330943572563721,-0.15694148915517214
4420260525020010,大垣競輪,10R,15:07,1-5,1,5,10.4,0.08098180687588073,-0.15778920849084033
4420260525020007,大垣競輪,7R,13:37,2-3,2,3,14.3,0.05889303199907922,-0.1578296424131671
8620260525020010,別府競輪,10R,19:35,2-4,2,4,23.0,0.036584629552330473,-0.15855352029639913
3820260524030006,静岡競輪,6R,13:22,3-7,3,7,13.9,0.06041744082514908,-0.16019757253042777
8620260525020008,別府競輪,8R,18:43,3-4,3,4,20.2,0.04137651638470502,-0.16419436902895868
2220260526010001,前橋競輪,1R,15:59,3-7,3,7,8.4,0.09944964806174944,-0.16462295628130463
4420260525020008,大垣競輪,8R,14:07,3-7,3,7,12.6,0.06622652794335004,-0.1655457479137895
3820260524030008,静岡競輪,8R,14:22,1-2,1,2,8.8,0.094475566436949,-0.16861501535484869
4420260525020005,大垣競輪,5R,12:37,1-5,1,5,23.9,0.03477261796230698,-0.16893443070086311
2220260526010008,前橋競輪,8R,18:56,4-6,4,6,77.2,0.010702916251878563,-0.17373486535497495
3820260524030001,静岡競輪,1R,10:58,1-5,1,5,15.2,0.05432055919920309,-0.17432750017211307
3820260524030007,静岡競輪,7R,13:52,1-6,1,6,59.5,0.013853606006064488,-0.1757104426391629
4220260525020002,名古屋競輪,2R,21:05,1-4,1,4,9.3,0.08827562041584423,-0.17903673013264854
8620260525020006,別府競輪,6R,17:51,3-5,3,5,5.6,0.14559955061501517,-0.18464251655591513
7520260526010002,松山競輪,2R,08:50,3-5,3,5,8.7,0.09301638367347753,-0.1907574620407455
4220260525020001,名古屋競輪,1R,20:41,4-5,4,5,25.0,0.03230096874516365,-0.1924757813709087
4220260525020001,名古屋競輪,1R,20:41,1-3,1,3,8.3,0.0971175630788085,-0.19392422644588936
3820260524030006,静岡競輪,6R,13:22,2-3,2,3,10.6,0.07581031624430642,-0.1964106478103519
8620260525020005,別府競輪,5R,17:25,4-5,4,5,12.8,0.06269672821592275,-0.19748187883618884
2220260526010008,前橋競輪,8R,18:56,3-4,3,4,77.2,0.010374707030721873,-0.1990726172282713
6120260525020006,玉野競輪,6R,22:54,4-7,4,7,18.0,0.04440958654256423,-0.20062744223384388
4220260525020001,名古屋競輪,1R,20:41,5-6,5,6,25.0,0.03181074615773073,-0.2047313460567317
3820260524030006,静岡競輪,6R,13:22,1-3,1,3,11.3,0.07017475653453661,-0.20702525115973625
2220260526010008,前橋競輪,8R,18:56,1-5,1,5,12.8,0.06182211931050401,-0.2086768728255486
2220260526010008,前橋競輪,8R,18:56,1-7,1,7,12.8,0.06153476270020408,-0.2123550374373877
4220260525020007,名古屋競輪,7R,23:12,2-4,2,4,14.6,0.0539381611088526,-0.21250284781075213
4220260525020006,名古屋競輪,6R,22:45,2-7,2,7,16.5,0.04770272527787967,-0.21290503291498541
2720260525020005,京王閣競輪,5R,22:36,1-5,1,5,15.0,0.05240339590600425,-0.2139490614099363
8620260525020007,別府競輪,7R,18:17,1-2,1,2,18.8,0.04178809673590295,-0.21438378136502445
8620260525020007,別府競輪,7R,18:17,5-7,5,7,17.2,0.04550143807337099,-0.21737526513801908
2220260526010009,前橋競輪,9R,19:22,2-5,2,5,23.6,0.03313194052068974,-0.21808620371172205
3820260524030005,静岡競輪,5R,12:52,1-2,1,2,33.5,0.023027079733332716,-0.22859282893335398
4420260525020002,大垣競輪,2R,11:12,4-6,4,6,24.9,0.030954214200935783,-0.22924006639669903
6120260525020007,玉野競輪,7R,23:21,2-6,2,6,19.0,0.04055297631863624,-0.22949344994591148
2220260526010011,前橋競輪,11R,20:16,2-6,2,6,26.1,0.029427692881112986,-0.231937215802951
2720260525020007,京王閣競輪,7R,23:30,4-7,4,7,46.5,0.016465102371137044,-0.23437273974212747
4220260525020002,名古屋競輪,2R,21:05,1-5,1,5,9.3,0.08230819511455584,-0.23453378543463066
4420260525020007,大垣競輪,7R,13:37,1-7,1,7,13.3,0.05740026219269703,-0.23657651283712944
8620260525020008,別府競輪,8R,18:43,4-6,4,6,46.3,0.016482227737343844,-0.23687285576098005
4420260525020002,大垣競輪,2R,11:12,4-5,4,5,17.5,0.0435997572227219,-0.2370042486023668
2720260525020006,京王閣競輪,6R,23:03,1-6,1,6,18.7,0.040702225884460694,-0.23886837596058508
2220260526010011,前橋競輪,11R,20:16,2-3,2,3,20.1,0.03786410419885987,-0.23893150560291654
6120260525020004,玉野競輪,4R,22:01,1-3,1,3,11.2,0.06792399465755826,-0.23925125983534756
2720260525020001,京王閣競輪,1R,20:57,2-4,2,4,13.5,0.056351352962770496,-0.23925673500259825
8620260525020007,別府競輪,7R,18:17,3-7,3,7,7.9,0.0962290824040665,-0.2397902490078746
2220260526010009,前橋競輪,9R,19:22,5-7,5,7,9.4,0.08034455344925802,-0.24476119757697457
8620260525020011,別府競輪,11R,20:02,4-5,4,5,12.6,0.059851767625326825,-0.24586772792088207
4220260525020002,名古屋競輪,2R,21:05,1-2,1,2,9.3,0.08103484984421531,-0.24637589644879754
4420260525020002,大垣競輪,2R,11:12,3-5,3,5,15.4,0.04880305262991576,-0.24843298949929726
2220260526010007,前橋競輪,7R,18:30,1-3,1,3,16.2,0.04599484130686618,-0.2548835708287679
2220260526010005,前橋競輪,5R,17:38,2-5,2,5,10.7,0.06930213216807204,-0.2584671858016292
7520260526010002,松山競輪,2R,08:50,1-7,1,7,22.9,0.03229310351914209,-0.2604879294116462
8620260525020002,別府競輪,2R,16:07,5-6,5,6,59.3,0.012437380267125878,-0.26246335015943545
6120260525020003,玉野競輪,3R,21:37,2-4,2,4,18.0,0.04094153687054057,-0.2630523363302697
3820260524030008,静岡競輪,8R,14:22,1-7,1,7,11.2,0.06567823384491608,-0.26440378093693995
4420260525020007,大垣競輪,7R,13:37,1-3,1,3,7.1,0.10360259666736557,-0.26442156366170444
7520260526010006,松山競輪,6R,10:14,1-2,1,2,11.8,0.06218153798089734,-0.2662578518254114
8620260525020003,別府競輪,3R,16:33,3-5,3,5,10.1,0.07257775081909423,-0.2669647167271483
8620260525020008,別府競輪,8R,18:43,3-6,3,6,17.0,0.042996476830009955,-0.26905989388983076
4420260525020012,大垣競輪,12R,16:15,1-3,1,3,6.3,0.11591762915154419,-0.26971893634527166
8620260525020009,別府競輪,9R,19:09,3-4,3,4,10.3,0.0707690318711854,-0.2710789717267904
4420260525020001,大垣競輪,1R,10:45,2-5,2,5,15.6,0.04653054944864223,-0.2741234286011812
2220260526010008,前橋競輪,8R,18:56,1-4,1,4,25.7,0.028181342097993643,-0.27573950808156344
6120260525020001,玉野競輪,1R,20:49,2-7,2,7,13.2,0.05461850325330097,-0.27903575705642725
2720260525020005,京王閣競輪,5R,22:36,3-4,3,4,15.0,0.047965865628114474,-0.28051201557828287
4420260525020002,大垣競輪,2R,11:12,1-2,1,2,13.3,0.05405976260193243,-0.28100515739429865
7520260526010006,松山競輪,6R,10:14,1-7,1,7,8.4,0.08492431267886442,-0.28663577349753877
8620260525020009,別府競輪,9R,19:09,1-7,1,7,16.3,0.0436555683613529,-0.28841423570994773
4220260525020005,名古屋競輪,5R,22:18,2-4,2,4,9.3,0.07649445603963491,-0.28860155883139527
8620260525020007,別府競輪,7R,18:17,3-4,3,4,9.0,0.07903166066918282,-0.28871505397735464
4220260525020004,名古屋競輪,4R,21:53,1-3,1,3,6.0,0.11850207244971382,-0.2889875653017171
7520260526010004,松山競輪,4R,09:32,1-5,1,5,12.4,0.05731737702166621,-0.2892645249313389
8620260525020008,別府競輪,8R,18:43,3-5,3,5,12.9,0.05491559664708884,-0.291588803252554
6120260525020002,玉野競輪,2R,21:13,3-7,3,7,15.7,0.04484208606766722,-0.2959792487376246
3820260524030011,静岡競輪,11R,15:52,3-4,3,4,28.3,0.024871245612681177,-0.2961437491611226
3820260524030001,静岡競輪,1R,10:58,3-6,3,6,33.5,0.02099425589664032,-0.2966924274625492
2720260525020001,京王閣競輪,1R,20:57,4-7,4,7,27.0,0.02598186056567241,-0.29848976472684496
7520260526010001,松山競輪,1R,08:30,2-5,2,5,16.9,0.04129786564066501,-0.30206607067276137
2220260526010009,前橋競輪,9R,19:22,1-2,1,2,18.9,0.036644500310336836,-0.3074189441346339
2720260525020004,京王閣競輪,4R,22:09,3-7,3,7,18.7,0.03687499388126234,-0.3104376144203942
4220260525020001,名古屋競輪,1R,20:41,1-4,1,4,9.3,0.0741464739428345,-0.31043779233163915
3820260524030009,静岡競輪,9R,14:52,2-5,2,5,12.1,0.05680849324285957,-0.3126172317613992
8620260525020002,別府競輪,2R,16:07,1-2,1,2,8.9,0.07706811994091552,-0.3140937325258518
2220260526010009,前橋競輪,9R,19:22,2-4,2,4,13.5,0.0506963067206308,-0.31559985927148415
2220260526010008,前橋競輪,8R,18:56,4-7,4,7,25.7,0.026624260915892914,-0.3157564944615522
8620260525020010,別府競輪,10R,19:35,1-3,1,3,11.2,0.0610863054244847,-0.3158333792457714
4420260525020004,大垣競輪,4R,12:08,1-2,1,2,7.5,0.09093325005296546,-0.318000624602759
2220260526010011,前橋競輪,11R,20:16,3-4,3,4,18.6,0.036617280105913946,-0.31891859003000056
6120260525020006,玉野競輪,6R,22:54,2-4,2,4,9.0,0.0751153639001316,-0.3239617248988156
8620260525020011,別府競輪,11R,20:02,3-6,3,6,31.9,0.021189011290239014,-0.32407053984137546
8620260525020007,別府競輪,7R,18:17,3-5,3,5,9.8,0.06897130174328109,-0.3240812429158453
4220260525020004,名古屋競輪,4R,21:53,3-4,3,4,18.0,0.03745665989508683,-0.3257801218884371
2220260526010009,前橋競輪,9R,19:22,2-6,2,6,23.6,0.028485342932401223,-0.3277459067953311
8620260525020007,別府競輪,7R,18:17,2-5,2,5,29.5,0.022784386729775383,-0.32786059147162616
8620260525020009,別府競輪,9R,19:09,2-6,2,6,48.9,0.013735590021902432,-0.3283296479289711
4220260525020003,名古屋競輪,3R,21:29,1-4,1,4,10.8,0.06216294259831902,-0.3286402199381545
6120260525020004,玉野競輪,4R,22:01,5-7,5,7,11.2,0.05973740103297891,-0.3309411084306363
2720260525020002,京王閣競輪,2R,21:21,2-6,2,6,23.2,0.028838269955553077,-0.33095213703116866
6120260525020003,玉野競輪,3R,21:37,6-7,6,7,18.0,0.03715148764444741,-0.3312732223999466
2220260526010009,前橋競輪,9R,19:22,3-6,3,6,47.2,0.014149917471644726,-0.33212389533836884
4220260525020005,名古屋競輪,5R,22:18,4-7,4,7,18.7,0.03569357286020696,-0.3325301875141299
2220260526010007,前橋競輪,7R,18:30,3-6,3,6,27.0,0.024614820231659493,-0.33539985374519365
2220260526010002,前橋競輪,2R,16:22,1-7,1,7,10.8,0.06114393350561999,-0.3396455181393041
8620260525020001,別府競輪,1R,15:45,2-5,2,5,11.2,0.058732911598425946,-0.34219139009762944
2220260526010009,前橋競輪,9R,19:22,4-7,4,7,5.9,0.1109966900238116,-0.34511952885951147
3820260524030005,静岡競輪,5R,12:52,3-5,3,5,7.1,0.0919835289728431,-0.34691694429281394
3820260524030001,静岡競輪,1R,10:58,3-4,3,4,18.1,0.03602305602328552,-0.3479826859785321
2720260525020004,京王閣競輪,4R,22:09,4-7,4,7,18.7,0.034734015023087414,-0.3504739190682654
8620260525020010,別府競輪,10R,19:35,3-5,3,5,12.1,0.053615014131126154,-0.3512583290133735
4420260525020004,大垣競輪,4R,12:08,1-4,1,4,11.2,0.05763318303101709,-0.3545083500526086
4220260525020006,名古屋競輪,6R,22:45,1-5,1,5,8.2,0.07865897984449698,-0.3549963652751249
2220260526010008,前橋競輪,8R,18:56,1-3,1,3,15.4,0.041789701877217304,-0.3564385910908535
4220260525020006,名古屋競輪,6R,22:45,4-7,4,7,16.5,0.038929375513704866,-0.35766530402386976
3820260524030007,静岡競輪,7R,13:52,2-4,2,4,11.6,0.05534198966366582,-0.35803291990147657
3820260524030011,静岡競輪,11R,15:52,2-5,2,5,8.1,0.07885697578080858,-0.3612584961754506
2220260526010009,前橋競輪,9R,19:22,1-5,1,5,18.9,0.03378418143905976,-0.3614789708017706
3820260524030009,静岡競輪,9R,14:52,5-6,5,6,8.2,0.07775677054603654,-0.3623944815225004
2220260526010003,前橋競輪,3R,16:46,3-4,3,4,23.4,0.027234483834312886,-0.36271307827707855
6120260525020001,玉野競輪,1R,20:49,3-6,3,6,13.2,0.04826642329441963,-0.36288321251366096
6120260525020006,玉野競輪,6R,22:54,1-2,1,2,6.0,0.10595700358177093,-0.36425797850937447
4420260525020007,大垣競輪,7R,13:37,3-4,3,4,12.8,0.04961972894117177,-0.3648674695530013
4220260525020001,名古屋競輪,1R,20:41,3-4,3,4,12.5,0.050767830056835536,-0.36540212428955576
2220260526010007,前橋競輪,7R,18:30,1-7,1,7,13.5,0.04700721905539652,-0.365402542752147
3820260524030004,静岡競輪,4R,12:22,3-4,3,4,10.2,0.062122431574806763,-0.366351197936971
3820260524030003,静岡競輪,3R,11:54,1-2,1,2,8.4,0.07517527589054224,-0.36852768251944523
6120260525020003,玉野競輪,3R,21:37,3-7,3,7,18.0,0.035061065668470726,-0.36890081796752694
8620260525020004,別府競輪,4R,16:59,3-5,3,5,13.3,0.047437831348265715,-0.369076843068066
4220260525020004,名古屋競輪,4R,21:53,2-4,2,4,18.0,0.03501843049507058,-0.3696682510887296
4420260525020006,大垣競輪,6R,13:07,2-7,2,7,5.7,0.11053654089618781,-0.3699417168917295
8620260525020002,別府競輪,2R,16:07,1-5,1,5,11.0,0.05698769682966957,-0.3731353348736348
8620260525020010,別府競輪,10R,19:35,1-4,1,4,28.5,0.021987687720993892,-0.37335089995167403
8620260525020012,別府競輪,12R,20:30,1-7,1,7,12.6,0.04964282093698624,-0.3745004561939733
2220260526010007,前橋競輪,7R,18:30,4-7,4,7,13.5,0.04618638137657942,-0.3764838514161778
2220260526010005,前橋競輪,5R,17:38,2-7,2,7,10.3,0.060364501832344576,-0.37824563112685083
2220260526010005,前橋競輪,5R,17:38,2-6,2,6,8.3,0.07476914774047062,-0.3794160737540938
4220260525020006,名古屋競輪,6R,22:45,1-4,1,4,8.2,0.07564208531691288,-0.3797349004013144
4220260525020005,名古屋競輪,5R,22:18,1-2,1,2,6.2,0.09993860022601816,-0.3803806785986874
2720260525020001,京王閣競輪,1R,20:57,1-3,1,3,7.7,0.08012469010241337,-0.38303988621141705
4420260525020001,大垣競輪,1R,10:45,1-3,1,3,7.3,0.08436220836191956,-0.3841558789579872
2220260526010006,前橋競輪,6R,18:04,2-7,2,7,9.5,0.06439481039830185,-0.38824930121613244
6120260525020004,玉野競輪,4R,22:01,1-2,1,2,5.6,0.10922620290774138,-0.38833326371664834
4220260525020001,名古屋競輪,1R,20:41,4-6,4,6,18.7,0.032584024624210096,-0.39067873952727117
3820260524030002,静岡競輪,2R,11:26,1-4,1,4,23.3,0.026117412360287938,-0.391464292005291
7520260526010005,松山競輪,5R,09:53,5-7,5,7,6.6,0.09168963789525644,-0.39484838989130755
7520260526010002,松山競輪,2R,08:50,1-2,1,2,12.5,0.04823953183212752,-0.397005852098406
6120260525020003,玉野競輪,3R,21:37,2-3,2,3,18.0,0.033490337906308926,-0.3971739176864393
3820260524030011,静岡競輪,11R,15:52,4-7,4,7,18.7,0.03221800691089114,-0.39752327076633565
3820260524030011,静岡競輪,11R,15:52,1-3,1,3,12.7,0.047321131090015206,-0.3990216351568069
2720260525020005,京王閣競輪,5R,22:36,4-7,4,7,15.0,0.04005928314513404,-0.39911075282298947
2720260525020004,京王閣競輪,4R,22:09,1-2,1,2,6.2,0.09689078635513955,-0.3992771245981348
2720260525020005,京王閣競輪,5R,22:36,2-6,2,6,15.0,0.03980727298226833,-0.40289090526597504
3820260524030005,静岡競輪,5R,12:52,2-4,2,4,12.5,0.047736344818158846,-0.40329568977301444
3820260524030003,静岡競輪,3R,11:54,1-5,1,5,12.0,0.049712277905364234,-0.40345266513562916
4220260525020004,名古屋競輪,4R,21:53,6-7,6,7,18.0,0.03311281952209771,-0.40396924860224126
6120260525020004,玉野競輪,4R,22:01,2-5,2,5,11.2,0.05309112257266322,-0.4053794271861719
2220260526010007,前橋競輪,7R,18:30,2-4,2,4,6.7,0.08864858294365253,-0.40605449427752804
8620260525020009,別府競輪,9R,19:09,5-7,5,7,8.1,0.07330136056941969,-0.4062589793877005
7520260526010003,松山競輪,3R,09:11,1-2,1,2,7.2,0.08242442979581407,-0.40654410547013864
6120260525020006,玉野競輪,6R,22:54,1-5,1,5,9.0,0.0658641335336293,-0.4072227981973363
7520260526010002,松山競輪,2R,08:50,1-3,1,3,5.6,0.10472074724841346,-0.41356381540888465
4420260525020002,大垣競輪,2R,11:12,4-7,4,7,15.6,0.03754098105529026,-0.414360695537472
4420260525020002,大垣競輪,2R,11:12,2-4,2,4,33.9,0.017263224752175177,-0.4147766809012615
4420260525020007,大垣競輪,7R,13:37,3-5,3,5,9.7,0.0598016354191628,-0.41992413643412085
8620260525020005,別府競輪,5R,17:25,4-7,4,7,5.5,0.10515561578484005,-0.4216441131833797
4220260525020006,名古屋競輪,6R,22:45,2-3,2,3,16.5,0.035005719279332104,-0.4224056318910203
4420260525020007,大垣競輪,7R,13:37,2-7,2,7,19.3,0.029922763602470703,-0.42249066247231537
7520260526010003,松山競輪,3R,09:11,2-7,2,7,8.2,0.07036245591479451,-0.4230278614986851
3820260524030006,静岡競輪,6R,13:22,3-4,3,4,5.8,0.09947215646888856,-0.42306149248044633
6120260525020003,玉野競輪,3R,21:37,5-6,5,6,18.0,0.031968195542858874,-0.4245724802285402
6120260525020004,玉野競輪,4R,22:01,3-7,3,7,11.2,0.05133840875467817,-0.4250098219476045
6120260525020006,玉野競輪,6R,22:54,3-7,3,7,18.0,0.03182514569090592,-0.42714737756369336
4220260525020004,名古屋競輪,4R,21:53,2-3,2,3,9.0,0.06352940376323656,-0.428235366130871
8620260525020011,別府競輪,11R,20:02,2-5,2,5,7.3,0.07824409287409409,-0.4288181220191132
4420260525020010,大垣競輪,10R,15:07,4-7,4,7,14.5,0.039288526304980295,-0.43031636857778577
8620260525020004,別府競輪,4R,16:59,1-6,1,6,13.7,0.041208512948379024,-0.43544337260720745
8620260525020007,別府競輪,7R,18:17,5-6,5,6,41.4,0.013593860370890633,-0.43721418064512785
3820260524030010,静岡競輪,10R,15:22,1-5,1,5,9.7,0.057993770889602905,-0.4374604223708518
4220260525020001,名古屋競輪,1R,20:41,2-3,2,3,9.3,0.06024618568914365,-0.439710473090964
4420260525020012,大垣競輪,12R,16:15,2-3,2,3,8.0,0.07001481703491776,-0.43988146372065795
2720260525020005,京王閣競輪,5R,22:36,3-7,3,7,15.0,0.037254663310109036,-0.4411800503483645
4420260525020004,大垣競輪,4R,12:08,2-4,2,4,5.2,0.10687393506157851,-0.44425553767979176
7520260526010004,松山競輪,4R,09:32,1-3,1,3,5.1,0.10893437870503808,-0.4444346686043058
2220260526010009,前橋競輪,9R,19:22,3-4,3,4,15.7,0.03537552337060569,-0.4446042830814907
6120260525020002,玉野競輪,2R,21:13,3-4,3,4,15.7,0.03530734349180359,-0.4456747071786836
8620260525020001,別府競輪,1R,15:45,2-6,2,6,7.6,0.07216271987910194,-0.4515633289188252
6120260525020006,玉野競輪,6R,22:54,2-3,2,3,9.0,0.060882578383267244,-0.4520567945505948
3820260524030008,静岡競輪,8R,14:22,2-6,2,6,14.2,0.038476691865351305,-0.4536309755120115
2720260525020002,京王閣競輪,2R,21:21,3-6,3,6,23.2,0.023547932564718422,-0.45368796449853266
3820260524030010,静岡競輪,10R,15:22,5-6,5,6,12.4,0.043962068881153206,-0.45487034587370023
8620260525020003,別府競輪,3R,16:33,1-5,1,5,6.0,0.09060112934628965,-0.4563932239222621
4420260525020008,大垣競輪,8R,14:07,3-5,3,5,6.2,0.08732894434535425,-0.4585605450588036
7520260526010003,松山競輪,3R,09:11,1-7,1,7,12.0,0.04511493316097924,-0.4586208020682492
4220260525020006,名古屋競輪,6R,22:45,4-6,4,6,16.5,0.03277791296473781,-0.4591644360818261
4220260525020001,名古屋競輪,1R,20:41,1-2,1,2,6.2,0.08719521274031863,-0.4593896810100244
7520260526010007,松山競輪,7R,10:35,5-7,5,7,8.5,0.06353061801096357,-0.4599897469068096
4420260525020009,大垣競輪,9R,14:37,1-3,1,3,9.4,0.057394705196125696,-0.4604897711564184
6120260525020003,玉野競輪,3R,21:37,3-5,3,5,18.0,0.029907655082298642,-0.4616622085186245
4420260525020003,大垣競輪,3R,11:40,2-7,2,7,9.5,0.056418992553405545,-0.4640195707426473
8620260525020005,別府競輪,5R,17:25,3-4,3,4,9.0,0.05893084775818852,-0.46962237017630337
6120260525020005,玉野競輪,5R,22:27,1-4,1,4,6.2,0.08503467265476747,-0.47278502954044166
8620260525020008,別府競輪,8R,18:43,1-5,1,5,9.8,0.05375560673703328,-0.47319505397707384
2720260525020006,京王閣競輪,6R,23:03,2-6,2,6,18.7,0.028057668612644953,-0.47532159694353937
2220260526010011,前橋競輪,11R,20:16,1-3,1,3,10.0,0.052240519606489115,-0.4775948039351089
2220260526010011,前橋競輪,11R,20:16,2-7,2,7,23.7,0.02181643336616497,-0.4829505292218902
3820260524030006,静岡競輪,6R,13:22,1-4,1,4,8.5,0.06077601127363377,-0.48340390417411294
8620260525020003,別府競輪,3R,16:33,1-2,1,2,8.0,0.06444146425357478,-0.4844682859714018
8620260525020011,別府競輪,11R,20:02,3-5,3,5,7.1,0.07255441853407624,-0.48486362840805874
7520260526010001,松山競輪,1R,08:30,1-2,1,2,7.2,0.07139237732322956,-0.4859748832727472
8620260525020010,別府競輪,10R,19:35,3-7,3,7,4.4,0.11650467161201025,-0.4873794449071549
4220260525020002,名古屋競輪,2R,21:05,2-4,2,4,9.3,0.055084586414021974,-0.4877133463495956
3820260524030004,静岡競輪,4R,12:22,1-4,1,4,8.3,0.061480369923085906,-0.489712929638387
4220260525020005,名古屋競輪,5R,22:18,4-5,4,5,9.3,0.054827928238976045,-0.49010026737752277
3820260524030007,静岡競輪,7R,13:52,1-2,1,2,8.7,0.05847266414062838,-0.4912878219765332
2720260525020001,京王閣競輪,1R,20:57,3-7,3,7,27.0,0.01864926644934929,-0.49646980586756917
4220260525020006,名古屋競輪,6R,22:45,1-3,1,3,8.2,0.06088320838527404,-0.5007576912407529
3820260524030011,静岡競輪,11R,15:52,2-3,2,3,8.5,0.0584930585740356,-0.5028090021206975
8620260525020009,別府競輪,9R,19:09,2-5,2,5,11.5,0.04287763441108339,-0.5069072042725411
6120260525020005,玉野競輪,5R,22:27,1-3,1,3,6.2,0.07933444561199733,-0.5081264372056165
4220260525020006,名古屋競輪,6R,22:45,1-2,1,2,5.5,0.08937665649707946,-0.508428389266063
3820260524030011,静岡競輪,11R,15:52,1-2,1,2,4.6,0.10685243831635069,-0.5084787837447868
4220260525020007,名古屋競輪,7R,23:12,2-3,2,3,9.7,0.05062189981743609,-0.5089675717708699
7520260526010005,松山競輪,5R,09:53,2-5,2,5,6.6,0.07426050176206044,-0.5098806883704012
4420260525020008,大垣競輪,8R,14:07,2-5,2,5,12.4,0.03935210793276086,-0.5120338616337654
8620260525020007,別府競輪,7R,18:17,1-4,1,4,10.3,0.04726351724714775,-0.5131857723543781
2720260525020006,京王閣競輪,6R,23:03,4-7,4,7,18.7,0.0260306603729458,-0.5132266510259136
2720260525020003,京王閣競輪,3R,21:45,1-3,1,3,7.5,0.06481816951702873,-0.5138637286222845
4220260525020001,名古屋競輪,1R,20:41,6-7,6,7,25.0,0.019444255194604392,-0.5138936201348903
3820260524030002,静岡競輪,2R,11:26,4-7,4,7,14.7,0.03272350563739159,-0.5189644671303437
8620260525020011,別府競輪,11R,20:02,3-4,3,4,15.1,0.03182763007720252,-0.519402785834242
8620260525020010,別府競輪,10R,19:35,4-5,4,5,26.9,0.017865202479407323,-0.519426053303943
8620260525020009,別府競輪,9R,19:09,4-7,4,7,5.0,0.09518151633166747,-0.5240924183416626
7520260526010007,松山競輪,7R,10:35,3-5,3,5,8.8,0.05382851067083556,-0.526309106096647
2220260526010006,前橋競輪,6R,18:04,3-5,3,5,6.9,0.06863668877305734,-0.5264068474659043
8620260525020007,別府競輪,7R,18:17,2-4,2,4,17.2,0.027481739693510438,-0.5273140772716205
8620260525020007,別府競輪,7R,18:17,1-3,1,3,4.5,0.10489543349416511,-0.527970549276257
6120260525020004,玉野競輪,4R,22:01,2-3,2,3,11.2,0.042140539103635896,-0.528025962039278
4420260525020006,大垣競輪,6R,13:07,3-7,3,7,6.2,0.07605298504514166,-0.5284714927201217
8620260525020012,別府競輪,12R,20:30,2-6,2,6,6.7,0.07020258262194773,-0.5296426964329501
8620260525020008,別府競輪,8R,18:43,4-5,4,5,18.0,0.02609799101929113,-0.5302361616527597
2720260525020005,京王閣競輪,5R,22:36,1-6,1,6,7.5,0.06257910218299931,-0.5306567336275052
2720260525020003,京王閣競輪,3R,21:45,3-6,3,6,11.2,0.041791454412551186,-0.5319357105794267
4220260525020006,名古屋競輪,6R,22:45,3-4,3,4,16.5,0.028316805411012173,-0.5327727107182991
4220260525020006,名古屋競輪,6R,22:45,3-7,3,7,16.5,0.028297272735816625,-0.5330949998590258
8620260525020011,別府競輪,11R,20:02,1-3,1,3,6.9,0.06760625118024416,-0.5335168668563153
4220260525020005,名古屋競輪,5R,22:18,3-5,3,5,18.7,0.024926520386083926,-0.5338740687802306
4220260525020001,名古屋競輪,1R,20:41,5-7,5,7,25.0,0.018593735552513136,-0.5351566111871716
2220260526010007,前橋競輪,7R,18:30,2-6,2,6,10.1,0.045766724467510546,-0.5377560828781436
2720260525020006,京王閣競輪,6R,23:03,3-4,3,4,9.3,0.04942507682493091,-0.5403467855281425
4220260525020003,名古屋競輪,3R,21:29,1-5,1,5,5.4,0.0844234058113442,-0.5441136086187413
2720260525020003,京王閣競輪,3R,21:45,3-5,3,5,11.2,0.04056164428160081,-0.545709584046071
3820260524030003,静岡競輪,3R,11:54,4-7,4,7,30.9,0.0146567252971688,-0.5471071883174841
8620260525020010,別府競輪,10R,19:35,3-6,3,6,6.5,0.06967335222420444,-0.5471232105426711
3820260524030007,静岡競輪,7R,13:52,2-3,2,3,5.3,0.08515023595891011,-0.5487037494177764
2220260526010005,前橋競輪,5R,17:38,5-7,5,7,6.3,0.07151141228984842,-0.549478102573955
4220260525020002,名古屋競輪,2R,21:05,3-4,3,4,9.3,0.04826651761989913,-0.5511213861349381
2720260525020005,京王閣競輪,5R,22:36,3-6,3,6,15.0,0.02987853179644101,-0.5518220230533848
4220260525020004,名古屋競輪,4R,21:53,1-5,1,5,18.0,0.024895820807482517,-0.5518752254653148
8620260525020005,別府競輪,5R,17:25,2-7,2,7,7.5,0.059678700781627694,-0.5524097441377923
2720260525020001,京王閣競輪,1R,20:57,1-2,1,2,4.5,0.09932097864535572,-0.5530555960958993
6120260525020005,玉野競輪,5R,22:27,3-4,3,4,9.3,0.04800235709499459,-0.5535780790165503
8620260525020007,別府競輪,7R,18:17,2-6,2,6,34.5,0.012896765700816146,-0.555061583321843
6120260525020001,玉野競輪,1R,20:49,2-4,2,4,13.2,0.03369041425083523,-0.555286531888975
3820260524030007,静岡競輪,7R,13:52,3-5,3,5,5.5,0.08051992595258596,-0.5571404072607773
2220260526010009,前橋競輪,9R,19:22,3-7,3,7,6.7,0.0659662450163513,-0.5580261583904462
2720260525020001,京王閣競輪,1R,20:57,3-4,3,4,10.8,0.04083314790365597,-0.5590020026405155
2720260525020006,京王閣競輪,6R,23:03,2-3,2,3,6.2,0.07077466105604316,-0.5611971014525323
4420260525020001,大垣競輪,1R,10:45,1-5,1,5,7.8,0.05610955682226677,-0.5623454567863192
2720260525020005,京王閣競輪,5R,22:36,1-4,1,4,5.0,0.08745774205203649,-0.5627112897398175
4220260525020003,名古屋競輪,3R,21:29,2-4,2,4,7.2,0.060635980108009135,-0.5634209432223343
2220260526010008,前橋競輪,8R,18:56,2-5,2,5,4.5,0.09675454563129553,-0.5646045446591701
4420260525020002,大垣競輪,2R,11:12,1-4,1,4,5.7,0.07603445727947569,-0.5666035935069885
8620260525020002,別府競輪,2R,16:07,1-6,1,6,5.6,0.07725685671184776,-0.5673616024136525
8620260525020009,別府競輪,9R,19:09,4-5,4,5,4.3,0.10029296450246031,-0.5687402526394207
3820260524030001,静岡競輪,1R,10:58,2-4,2,4,13.4,0.03211431945611931,-0.5696681192880012
6120260525020005,玉野競輪,5R,22:27,4-7,4,7,18.7,0.02299087790507403,-0.5700705831751156
3820260524030002,静岡競輪,2R,11:26,1-7,1,7,21.1,0.02036749554653292,-0.5702458439681554
2720260525020003,京王閣競輪,3R,21:45,2-4,2,4,22.5,0.019042332052661592,-0.5715475288151142
6120260525020005,玉野競輪,5R,22:27,2-3,2,3,6.2,0.06900954454119315,-0.5721408238446024
2720260525020005,京王閣競輪,5R,22:36,1-3,1,3,5.0,0.08523925338248317,-0.5738037330875841
8620260525020011,別府競輪,11R,20:02,1-7,1,7,7.9,0.05394690547204406,-0.573819446770852
3820260524030004,静岡競輪,4R,12:22,2-4,2,4,6.3,0.06762586240637186,-0.5739570668398573
8620260525020007,別府競輪,7R,18:17,1-6,1,6,15.9,0.02635801684941769,-0.5809075320942587
2720260525020006,京王閣競輪,6R,23:03,1-3,1,3,4.6,0.09066035316852458,-0.582962375424787
2720260525020006,京王閣競輪,6R,23:03,3-7,3,7,9.3,0.04412045012186877,-0.5896798138666204
4420260525020006,大垣競輪,6R,13:07,4-7,4,7,8.6,0.047656652377708664,-0.5901527895517056
3820260524030007,静岡競輪,7R,13:52,2-7,2,7,5.6,0.07290531869602185,-0.5917302153022777
8620260525020010,別府競輪,10R,19:35,2-7,2,7,5.4,0.07559756637549636,-0.5917731415723196
7520260526010004,松山競輪,4R,09:32,1-4,1,4,7.6,0.053677508870047616,-0.5920509325876382
4220260525020004,名古屋競輪,4R,21:53,3-7,3,7,9.0,0.04522920451408734,-0.592937159373214
6120260525020002,玉野競輪,2R,21:13,1-3,1,3,5.2,0.07723809778420668,-0.5983618915221253
3820260524030009,静岡競輪,9R,14:52,3-5,3,5,5.5,0.07301465888091627,-0.5984193761549605
6120260525020004,玉野競輪,4R,22:01,1-5,1,5,5.6,0.07163500586714619,-0.5988439671439814
4220260525020003,名古屋競輪,3R,21:29,1-3,1,3,10.8,0.037093420159450594,-0.5993910622779335
3820260524030011,静岡競輪,11R,15:52,3-5,3,5,12.7,0.03139213546044123,-0.6013198796523964
4420260525020010,大垣競輪,10R,15:07,2-4,2,4,5.3,0.07503441467815669,-0.6023176022057696
2220260526010002,前橋競輪,2R,16:22,5-7,5,7,5.7,0.06967794502486996,-0.6028357133582412
6120260525020005,玉野競輪,5R,22:27,1-7,1,7,9.3,0.042551521941120954,-0.6042708459475751
8620260525020008,別府競輪,8R,18:43,1-7,1,7,4.5,0.08784839694968893,-0.6046822137263999
7520260526010001,松山競輪,1R,08:30,1-5,1,5,5.9,0.06675343765038456,-0.6061547178627311
2220260526010011,前橋競輪,11R,20:16,2-5,2,5,4.6,0.08544676309486242,-0.6069448897636329
4220260525020003,名古屋競輪,3R,21:29,2-3,2,3,10.8,0.03625324499808637,-0.6084649540206672
4220260525020002,名古屋競輪,2R,21:05,2-3,2,3,9.3,0.04174861797715414,-0.6117378528124665
4420260525020009,大垣競輪,9R,14:37,5-7,5,7,8.7,0.04425995052922617,-0.6149384303957324
4420260525020008,大垣競輪,8R,14:07,3-4,3,4,4.3,0.089439004590524,-0.6154122802607469
8620260525020011,別府競輪,11R,20:02,1-5,1,5,3.4,0.11287645732504845,-0.6162200450948353
3820260524030002,静岡競輪,2R,11:26,1-3,1,3,6.1,0.0626072383515932,-0.6180958460552816
4220260525020006,名古屋競輪,6R,22:45,2-4,2,4,8.2,0.04642436487024766,-0.6193202080639693
2720260525020001,京王閣競輪,1R,20:57,1-4,1,4,4.1,0.09268765411566247,-0.6199806181257839
6120260525020007,玉野競輪,7R,23:21,1-4,1,4,5.1,0.0737515257188853,-0.623867218833685
7520260526010006,松山競輪,6R,10:14,2-4,2,4,11.7,0.03207305002447048,-0.6247453147136954
2220260526010002,前橋競輪,2R,16:22,2-7,2,7,13.3,0.028200107703114347,-0.6249385675485792
6120260525020007,玉野競輪,7R,23:21,1-7,1,7,4.7,0.07874252969588273,-0.6299101104293512
2220260526010009,前橋競輪,9R,19:22,2-3,2,3,15.7,0.023529369972220007,-0.6305888914361459
4420260525020003,大垣競輪,3R,11:40,1-7,1,7,3.7,0.09972724507121491,-0.6310091932365047
2720260525020004,京王閣競輪,4R,22:09,1-4,1,4,4.6,0.07981427548109168,-0.6328543327869782
4220260525020001,名古屋競輪,1R,20:41,2-6,2,6,9.3,0.039262449772728074,-0.6348592171136289
3820260524030003,静岡競輪,3R,11:54,2-5,2,5,3.7,0.09828981166542602,-0.6363276968379237
6120260525020001,玉野競輪,1R,20:49,2-5,2,5,13.2,0.027540278400554268,-0.6364683251126837
2220260526010010,前橋競輪,10R,19:48,2-3,2,3,10.4,0.0348537052413478,-0.6375214654899828
6120260525020007,玉野競輪,7R,23:21,1-3,1,3,5.1,0.070948950578956,-0.6381603520473245
2720260525020004,京王閣競輪,4R,22:09,1-3,1,3,4.6,0.07845284795807612,-0.6391168993928499
8620260525020012,別府競輪,12R,20:30,1-2,1,2,3.3,0.10927447168069533,-0.6393942434537054
3820260524030003,静岡競輪,3R,11:54,2-7,2,7,7.4,0.048377528629319405,-0.6420062881430364
8620260525020010,別府競輪,10R,19:35,1-5,1,5,18.6,0.01912626805557141,-0.6442514141663718
6120260525020002,玉野競輪,2R,21:13,1-4,1,4,7.8,0.04559077586528671,-0.6443919482507636
4220260525020002,名古屋競輪,2R,21:05,4-7,4,7,18.7,0.01884711011424238,-0.6475590408636676
2220260526010011,前橋競輪,11R,20:16,1-4,1,4,6.8,0.051797017339435134,-0.647780282091841
8620260525020008,別府競輪,8R,18:43,1-4,1,4,8.7,0.039568695563083844,-0.6557523486011706
6120260525020002,玉野競輪,2R,21:13,1-2,1,2,3.1,0.11070734335141727,-0.6568072356106065
2220260526010008,前橋競輪,8R,18:56,2-4,2,4,7.0,0.04897990335589078,-0.6571406765087645
4420260525020007,大垣競輪,7R,13:37,5-7,5,7,11.9,0.028704415676280067,-0.6584174534522672
2220260526010007,前橋競輪,7R,18:30,1-4,1,4,4.0,0.08530637526906444,-0.6587744989237423
2220260526010007,前橋競輪,7R,18:30,2-7,2,7,7.3,0.04674100009590773,-0.6587906992998736
6120260525020001,玉野競輪,1R,20:49,3-7,3,7,4.9,0.06896134618512038,-0.6620894036929101
8620260525020001,別府競輪,1R,15:45,1-5,1,5,3.3,0.10195149832665995,-0.6635600555220222
3820260524030005,静岡競輪,5R,12:52,3-4,3,4,2.8,0.11993539220899614,-0.6641809018148108
6120260525020001,玉野競輪,1R,20:49,2-3,2,3,6.6,0.05073569738195445,-0.6651443972791007
2220260526010009,前橋競輪,9R,19:22,1-4,1,4,6.3,0.052721688452845764,-0.6678533627470717
3820260524030009,静岡競輪,9R,14:52,5-7,5,7,2.7,0.12294073999920418,-0.6680600020021487
6120260525020007,玉野競輪,7R,23:21,1-2,1,2,3.3,0.10027700849110617,-0.6690858719793497
2220260526010010,前橋競輪,10R,19:48,1-3,1,3,27.8,0.01165218867799166,-0.6760691547518318
4420260525020007,大垣競輪,7R,13:37,3-7,3,7,7.9,0.04098409650004319,-0.6762256376496587
2720260525020006,京王閣競輪,6R,23:03,4-5,4,5,9.3,0.03473641786923067,-0.6769513138161547
3820260524030010,静岡競輪,10R,15:22,3-5,3,5,5.2,0.06196607672769305,-0.6777764010159961
2220260526010009,前橋競輪,9R,19:22,3-5,3,5,15.7,0.020374479232924365,-0.6801206760430876
6120260525020003,玉野競輪,3R,21:37,5-7,5,7,18.0,0.017723265796933667,-0.680981215655194
2720260525020006,京王閣競輪,6R,23:03,2-4,2,4,6.2,0.05088433940460753,-0.6845170956914333
2220260526010009,前橋競輪,9R,19:22,1-3,1,3,13.5,0.023226188775238986,-0.6864464515342736
4420260525020003,大垣競輪,3R,11:40,1-5,1,5,3.7,0.08463534245580281,-0.6868492329135296
4220260525020003,名古屋競輪,3R,21:29,3-4,3,4,10.8,0.028925200658058158,-0.6876078328929719
8620260525020004,別府競輪,4R,16:59,3-7,3,7,6.1,0.0512095187396624,-0.6876219356880593
4420260525020001,大垣競輪,1R,10:45,3-6,3,6,2.4,0.12995618827869299,-0.6881051481311369
2720260525020002,京王閣競輪,2R,21:21,1-3,1,3,5.8,0.05374275155071502,-0.6882920410058528
8620260525020004,別府競輪,4R,16:59,2-3,2,3,3.8,0.08180836261948765,-0.6891282220459469
4420260525020001,大垣競輪,1R,10:45,1-6,1,6,3.4,0.08903113076860217,-0.6972941553867527
4220260525020003,名古屋競輪,3R,21:29,3-7,3,7,10.8,0.02787773386556224,-0.6989204742519277
6120260525020005,玉野競輪,5R,22:27,2-6,2,6,6.2,0.048314359787261174,-0.7004509693189807
6120260525020001,玉野競輪,1R,20:49,2-6,2,6,7.9,0.03765228354171436,-0.7025469600204566
2720260525020002,京王閣競輪,2R,21:21,3-5,3,5,7.7,0.03857805500178768,-0.7029489764862349
8620260525020012,別府競輪,12R,20:30,2-4,2,4,5.0,0.05936879417997893,-0.7031560291001053
4420260525020008,大垣競輪,8R,14:07,1-2,1,2,9.2,0.03222005402195135,-0.7035755029980476
2220260526010001,前橋競輪,1R,15:59,1-7,1,7,3.4,0.08687147432491225,-0.7046369872952983
3820260524030010,静岡競輪,10R,15:22,4-5,4,5,4.8,0.061471975332749305,-0.7049345184028033
8620260525020009,別府競輪,9R,19:09,2-7,2,7,7.2,0.04054436259624514,-0.708080589307035
2720260525020003,京王閣競輪,3R,21:45,2-3,2,3,5.6,0.05197231422098485,-0.7089550403624849
4220260525020005,名古屋競輪,5R,22:18,1-3,1,3,4.6,0.06293512211583693,-0.7104984382671502
4220260525020002,名古屋競輪,2R,21:05,1-7,1,7,9.3,0.03103894018607349,-0.7113378562695165
2220260526010001,前橋競輪,1R,15:59,1-2,1,2,5.6,0.05102817930950773,-0.7142421958667567
3820260524030004,静岡競輪,4R,12:22,4-6,4,6,3.1,0.0920113938022292,-0.7147646792130895
4420260525020011,大垣競輪,11R,15:38,1-4,1,4,3.0,0.09487523808743595,-0.7153742857376921
8620260525020002,別府競輪,2R,16:07,2-7,2,7,6.2,0.045707455215468415,-0.7166137776640958
3820260524030002,静岡競輪,2R,11:26,3-4,3,4,4.0,0.0699167728183029,-0.7203329087267885
8620260525020001,別府競輪,1R,15:45,2-4,2,4,7.7,0.03610311550235078,-0.7220060106318991
7520260526010002,松山競輪,2R,08:50,1-5,1,5,4.1,0.06758012153306474,-0.7229215017144346
2220260526010001,前橋競輪,1R,15:59,1-3,1,3,4.7,0.05842747509017766,-0.7253908670761651
2720260525020001,京王閣競輪,1R,20:57,2-3,2,3,6.0,0.04566233942394024,-0.7260259634563586
3820260524030006,静岡競輪,6R,13:22,4-5,4,5,5.5,0.04930320587102262,-0.7288323677093755
4220260525020002,名古屋競輪,2R,21:05,1-3,1,3,3.7,0.0731408433789355,-0.7293788794979386
2220260526010006,前橋競輪,6R,18:04,3-7,3,7,3.4,0.07926965161857927,-0.7304831844968305
4220260525020003,名古屋競輪,3R,21:29,3-6,3,6,21.7,0.012406824675126184,-0.7307719045497618
2220260526010001,前橋競輪,1R,15:59,2-7,2,7,2.8,0.09427908202479188,-0.7360185703305828
6120260525020006,玉野競輪,6R,22:54,1-4,1,4,3.0,0.08725769942159484,-0.7382269017352154
6120260525020007,玉野競輪,7R,23:21,1-5,1,5,4.3,0.0603061269337503,-0.7406836541848737
2720260525020002,京王閣競輪,2R,21:21,3-4,3,4,5.8,0.044093082399370126,-0.7442601220836533
2220260526010005,前橋競輪,5R,17:38,5-6,5,6,2.9,0.08798994136553456,-0.7448291700399498
6120260525020003,玉野競輪,3R,21:37,4-7,4,7,6.0,0.04223109047285541,-0.7466134571628675
8620260525020008,別府競輪,8R,18:43,2-5,2,5,7.2,0.03487085688178446,-0.7489298304511519
3820260524030004,静岡競輪,4R,12:22,4-5,4,5,2.7,0.0929312329636752,-0.7490856709980769
4420260525020010,大垣競輪,10R,15:07,5-7,5,7,5.6,0.04421982686160004,-0.7523689695750397
3820260524030009,静岡競輪,9R,14:52,1-5,1,5,2.7,0.09142324633596449,-0.7531572348928959
4420260525020002,大垣競輪,2R,11:12,2-7,2,7,10.5,0.023166152393654157,-0.7567553998666313
4220260525020002,名古屋競輪,2R,21:05,3-7,3,7,18.7,0.012955893253795389,-0.7577247961540262
2720260525020005,京王閣競輪,5R,22:36,4-6,4,6,7.5,0.032268340917837486,-0.7579874431162188
3820260524030005,静岡競輪,5R,12:52,4-5,4,5,4.1,0.05885237395994921,-0.7587052667642082
4420260525020011,大垣競輪,11R,15:38,1-5,1,5,2.0,0.1188663391015176,-0.7622673217969648
4420260525020008,大垣競輪,8R,14:07,1-5,1,5,4.9,0.04838773935387758,-0.7629000771659998
7520260526010005,松山競輪,5R,09:53,2-7,2,7,3.9,0.06070463369437662,-0.7632519285919313
4420260525020003,大垣競輪,3R,11:40,1-4,1,4,3.5,0.06645968674619418,-0.7673910963883204
4220260525020001,名古屋競輪,1R,20:41,2-4,2,4,5.7,0.03998305965148009,-0.7720965599865635
2220260526010008,前橋競輪,8R,18:56,5-7,5,7,3.8,0.05985266910807449,-0.772559857389317
2220260526010010,前橋競輪,10R,19:48,3-4,3,4,4.9,0.04624082711624618,-0.7734199471303937
4220260525020004,名古屋競輪,4R,21:53,2-6,2,6,4.5,0.04941879130801846,-0.777615439113917
6120260525020002,玉野競輪,2R,21:13,1-6,1,6,15.7,0.013893076949121595,-0.781878691898791
2220260526010011,前橋競輪,11R,20:16,3-6,3,6,7.2,0.030164224402222668,-0.7828175843039968
4220260525020002,名古屋競輪,2R,21:05,2-6,2,6,4.6,0.0472109274816033,-0.7828297335846248
4220260525020005,名古屋競輪,5R,22:18,2-6,2,6,4.6,0.04642692290161748,-0.7864361546525596
4420260525020010,大垣競輪,10R,15:07,2-7,2,7,2.7,0.07857112442513794,-0.7878579640521275
4220260525020005,名古屋競輪,5R,22:18,3-7,3,7,18.7,0.011328816255159491,-0.7881511360285175
3820260524030011,静岡競輪,11R,15:52,1-5,1,5,3.4,0.06226617730848271,-0.7882949971511588
8620260525020001,別府競輪,1R,15:45,1-2,1,2,2.5,0.08430244158593796,-0.7892438960351551
6120260525020001,玉野競輪,1R,20:49,3-4,3,4,4.9,0.04296434682459262,-0.7894747005594962
8620260525020005,別府競輪,5R,17:25,1-4,1,4,2.2,0.0933610968500769,-0.7946055869298307
8620260525020002,別府競輪,2R,16:07,1-7,1,7,2.0,0.10146573374635451,-0.797068532507291
6120260525020001,玉野競輪,1R,20:49,3-5,3,5,5.6,0.03607224963251746,-0.7979954020579022
2220260526010005,前橋競輪,5R,17:38,6-7,6,7,2.6,0.07737555382147898,-0.7988235600641547
4420260525020007,大垣競輪,7R,13:37,1-5,1,5,2.5,0.08037396472236591,-0.7990650881940853
3820260524030005,静岡競輪,5R,12:52,1-4,1,4,4.9,0.04061538810067806,-0.8009845983066775
2720260525020004,京王閣競輪,4R,22:09,2-3,2,3,3.1,0.06396164213305011,-0.8017189093875446
6120260525020004,玉野競輪,4R,22:01,4-7,4,7,11.2,0.017700644683470615,-0.8017527795451291
7520260526010002,松山競輪,2R,08:50,3-4,3,4,2.6,0.07526215297564604,-0.8043184022633203
4420260525020002,大垣競輪,2R,11:12,1-7,1,7,2.2,0.08806277024397963,-0.8062619054632448
8620260525020006,別府競輪,6R,17:51,2-5,2,5,1.5,0.12490071742729823,-0.8126489238590526
8620260525020004,別府競輪,4R,16:59,2-5,2,5,2.3,0.08113042267394263,-0.8134000278499319
2220260526010010,前橋競輪,10R,19:48,4-6,4,6,1.4,0.1329461471684121,-0.813875393964223
4220260525020004,名古屋競輪,4R,21:53,4-7,4,7,9.0,0.020679178428738,-0.813887394141358
3820260524030006,静岡競輪,6R,13:22,2-4,2,4,2.8,0.06618771498195836,-0.8146743980505167
2720260525020003,京王閣競輪,3R,21:45,3-7,3,7,11.2,0.016365787598889098,-0.8167031788924421
2720260525020003,京王閣競輪,3R,21:45,4-7,4,7,22.5,0.008000405622752588,-0.8199908734880668
6120260525020006,玉野競輪,6R,22:54,2-6,2,6,6.0,0.029778355666290418,-0.8213298660022574
2720260525020002,京王閣競輪,2R,21:21,2-3,2,3,4.6,0.038707035983890956,-0.8219476344741017
6120260525020004,玉野競輪,4R,22:01,2-6,2,6,3.7,0.0471915330550652,-0.8253913276962588
4420260525020006,大垣競輪,6R,13:07,1-7,1,7,2.1,0.08313260335991772,-0.8254215329441728
2720260525020006,京王閣競輪,6R,23:03,3-6,3,6,6.2,0.027760247453761877,-0.8278864657866764
2220260526010006,前橋競輪,6R,18:04,5-7,5,7,2.1,0.08153987773832369,-0.8287662567495202
3820260524030003,静岡競輪,3R,11:54,2-4,2,4,2.3,0.07411426324338094,-0.8295371945402239
8620260525020003,別府競輪,3R,16:33,2-5,2,5,1.5,0.11242213320715869,-0.831366800189262
7520260526010007,松山競輪,7R,10:35,1-7,1,7,2.2,0.07662921085286703,-0.8314157361236925
6120260525020004,玉野競輪,4R,22:01,2-4,2,4,11.2,0.014944774932300398,-0.8326185207582355
4220260525020003,名古屋競輪,3R,21:29,2-6,2,6,5.4,0.030504485117323614,-0.8352757803664524
3820260524030007,静岡競輪,7R,13:52,1-3,1,3,4.5,0.03641541423136717,-0.8361306359588477
4220260525020006,名古屋競輪,6R,22:45,2-6,2,6,4.1,0.03974368720210992,-0.8370508824713494
6120260525020003,玉野競輪,3R,21:37,2-6,2,6,4.5,0.03571872840615289,-0.839265722172312
4220260525020007,名古屋競輪,7R,23:12,2-6,2,6,7.3,0.021578426444378275,-0.8424774869560386
8620260525020012,別府競輪,12R,20:30,1-4,1,4,3.1,0.050588955658650334,-0.843174237458184
7520260526010001,松山競輪,1R,08:30,1-7,1,7,1.8,0.08645247106026352,-0.8443855520915257
2720260525020002,京王閣競輪,2R,21:21,3-7,3,7,5.8,0.026829264890460874,-0.8443902636353269
7520260526010005,松山競輪,5R,09:53,3-5,3,5,2.2,0.06938081590932947,-0.8473622049994751
4420260525020004,大垣競輪,4R,12:08,2-5,2,5,1.4,0.10862454011425376,-0.8479256438400448
7520260526010004,松山競輪,4R,09:32,3-5,3,5,1.8,0.08371612896983169,-0.8493109678543029
4420260525020009,大垣競輪,9R,14:37,3-7,3,7,1.4,0.10760975318567681,-0.8493463455400525
4420260525020005,大垣競輪,5R,12:37,3-7,3,7,1.2,0.12324958102294267,-0.8521005027724688
2220260526010002,前橋競輪,2R,16:22,1-5,1,5,1.4,0.10364342289127451,-0.8548992079522157
2220260526010003,前橋競輪,3R,16:46,1-3,1,3,1.1,0.12671403170520948,-0.8606145651242696
6120260525020003,玉野競輪,3R,21:37,2-5,2,5,9.0,0.015296526732080921,-0.8623312594112718
6120260525020002,玉野競輪,2R,21:13,4-7,4,7,7.8,0.0176081500439306,-0.8626564296573414
3820260524030010,静岡競輪,10R,15:22,2-5,2,5,1.8,0.07374883124562298,-0.8672521037578786
7520260526010006,松山競輪,6R,10:14,1-5,1,5,1.4,0.09276631705340974,-0.8701271561252264
3820260524030002,静岡競輪,2R,11:26,3-7,3,7,1.8,0.07141320868013272,-0.8714562243757611
7520260526010003,松山競輪,3R,09:11,2-5,2,5,1.2,0.10592092907218545,-0.8728948851133774
4220260525020007,名古屋競輪,7R,23:12,1-3,1,3,1.4,0.08894630965063086,-0.8754751664891168
4420260525020012,大垣競輪,12R,16:15,3-7,3,7,1.2,0.09940108449490595,-0.8807186986061128
3820260524030001,静岡競輪,1R,10:58,3-7,3,7,1.5,0.07693045170072461,-0.8846043224489131
6120260525020005,玉野競輪,5R,22:27,3-7,3,7,6.2,0.01828757849534949,-0.8866170133288331
2220260526010004,前橋競輪,4R,17:12,1-7,1,7,1.0,0.10886743661321699,-0.891132563386783
2720260525020003,京王閣競輪,3R,21:45,3-4,3,4,11.2,0.00918411052538298,-0.8971379621157106
2720260525020007,京王閣競輪,7R,23:30,1-2,1,2,1.0,0.10170735276228582,-0.8982926472377142
3820260524030008,静岡競輪,8R,14:22,2-5,2,5,1.4,0.06936840104800056,-0.9028842385327992
7520260526010007,松山競輪,7R,10:35,4-7,4,7,4.3,0.022098123129994277,-0.9049780705410246
6120260525020002,玉野競輪,2R,21:13,2-6,2,6,5.2,0.017583994019261966,-0.9085632310998377
6120260525020004,玉野競輪,4R,22:01,3-4,3,4,11.2,0.0055558995912362436,-0.9377739245781541
