race_id,競輪場,レース番号,開始時間,買い目,first,second,third,odds,p,EV
5620260616050005,岸和田競輪,5R,12:24,6-5-7,6,5,7,9781.6,0.0027866479999295157,26.257876076110552
5620260616050005,岸和田競輪,5R,12:24,6-7-5,6,7,5,9905.4,0.0027507548348428804,26.247326941052666
5620260616050005,岸和田競輪,5R,12:24,6-7-9,6,7,9,9206.2,0.0029183768496683963,25.86716095341719
5620260616050005,岸和田競輪,5R,12:24,6-9-7,6,9,7,7904.3,0.002989314832082796,22.628441227232045
5620260616050005,岸和田競輪,5R,12:24,6-5-9,6,5,9,6631.5,0.0031870030588673137,20.13461078487859
8720260618030005,熊本競輪,5R,22:10,7-5-6,7,5,6,5304.1,0.003982703155961595,20.1246558095359
8720260618030005,熊本競輪,5R,22:10,7-5-3,7,5,3,4536.4,0.0044071812239819185,18.992736904471574
5620260616050009,岸和田競輪,9R,14:36,7-5-9,7,5,9,7374.9,0.002697049804401379,18.89047260247973
5620260616050009,岸和田競輪,9R,14:36,7-5-6,7,5,6,9999.9,0.0019694068524717142,18.693871584031896
5620260616050009,岸和田競輪,9R,14:36,7-5-4,7,5,4,9999.9,0.0019430502301872375,18.430307996849354
5620260616050009,岸和田競輪,9R,14:36,7-6-5,7,6,5,9999.9,0.0018971628896344351,17.971439180055388
5620260616050005,岸和田競輪,5R,12:24,8-6-7,8,6,7,9999.9,0.001881212792060563,17.81193979932642
5620260616050005,岸和田競輪,5R,12:24,6-7-8,6,7,8,9781.6,0.001819896160962749,16.801496288073228
8720260618030005,熊本競輪,5R,22:10,7-2-6,7,2,6,3962.8,0.004444997959416516,16.61463791357577
5620260616050005,岸和田競輪,5R,12:24,8-6-9,8,6,9,8151.3,0.0021514848387126687,16.537398365798577
5620260616050005,岸和田競輪,5R,12:24,6-9-5,6,9,5,5396.7,0.0032224229144154487,16.39044974222585
5620260616050005,岸和田競輪,5R,12:24,6-8-7,6,8,7,9999.9,0.0017375805308708456,16.375631550655367
8720260618030005,熊本競輪,5R,22:10,7-6-2,7,6,2,4008.9,0.004312439661134073,16.288139357520386
8720260618030005,熊本競輪,5R,22:10,7-6-3,7,6,3,4204.4,0.004093408010107785,16.21032463769717
5620260616050005,岸和田競輪,5R,12:24,6-9-8,6,9,8,8067.3,0.0021319512072321923,16.199089974104265
5620260616050005,岸和田競輪,5R,12:24,6-8-5,6,8,5,9099.1,0.0018730778231274936,16.04332242041938
8720260618030005,熊本競輪,5R,22:10,7-6-5,7,6,5,4309.5,0.003936698767002379,15.965203336396751
5620260616050009,岸和田競輪,9R,14:36,7-9-5,7,9,5,6227.7,0.00272002860606542,15.939522149993614
8720260618030005,熊本競輪,5R,22:10,7-3-6,7,3,6,3962.8,0.004173417529918463,15.538418987560885
5620260616050009,岸和田競輪,9R,14:36,7-4-5,7,4,5,8757.8,0.0018687391932544115,15.366044106683482
8720260618030005,熊本競輪,5R,22:10,7-3-5,7,3,5,3667.7,0.004441421146172536,15.28980033781701
5620260616050005,岸和田競輪,5R,12:24,6-5-2,6,5,2,6019.4,0.002666946625362096,15.0534185167046
5620260616050005,岸和田競輪,5R,12:24,6-5-8,6,5,8,7984.9,0.001987411129740902,14.86927912986813
5620260616050005,岸和田競輪,5R,12:24,8-6-5,8,6,5,7825.2,0.0020279105910713654,14.868805957251649
5620260616050005,岸和田競輪,5R,12:24,7-6-5,7,6,5,6631.5,0.002283683736054038,14.144248695642352
5620260616050005,岸和田競輪,5R,12:24,7-6-9,7,6,9,6210.5,0.002422843963716968,14.047072436664228
5620260616050005,岸和田競輪,5R,12:24,6-8-9,6,8,9,7524.3,0.001987217067621653,13.952417381905605
5620260616050009,岸和田競輪,9R,14:36,7-9-4,7,9,4,7155.3,0.002060541961722815,13.743795898715259
5620260616050005,岸和田競輪,5R,12:24,6-7-1,6,7,1,7671.8,0.0019166919723408642,13.704477473404642
8720260618030005,熊本競輪,5R,22:10,5-7-3,5,7,3,3447.6,0.004251514847226677,13.657522587298692
5620260616050009,岸和田競輪,9R,14:36,7-6-9,7,6,9,7342.7,0.0019948835587675303,13.647831506962344
5620260616050009,岸和田競輪,9R,14:36,7-4-9,7,4,9,7247.8,0.0019649957906176722,13.241896491238766
5620260616050009,岸和田競輪,9R,14:36,7-5-3,7,5,3,6393.5,0.0022236314876713493,13.216787916426771
5620260616050005,岸和田競輪,5R,12:24,6-8-2,6,8,2,8414.2,0.0016629421919159126,12.992328191218872
5620260616050009,岸和田競輪,9R,14:36,7-5-1,7,5,1,4606.8,0.0029539434646424795,12.608226752914975
5620260616050009,岸和田競輪,9R,14:36,7-9-6,7,9,6,6442.5,0.002088492307700855,12.45511169236276
5620260616050009,岸和田競輪,9R,14:36,7-3-5,7,3,5,6181.9,0.0021761394209485678,12.45267628636195
8720260618030005,熊本競輪,5R,22:10,7-5-4,7,5,4,3222.1,0.004173791220946689,12.448372693012328
8720260618030005,熊本競輪,5R,22:10,7-5-1,7,5,1,2873.0,0.004678983331683363,12.442719111926303
8720260618030005,熊本競輪,5R,22:10,7-1-5,7,1,5,2780.3,0.00477509848639383,12.276206321720766
8720260618030005,熊本競輪,5R,22:10,5-7-6,5,7,6,3413.5,0.00384202980070981,12.114768724722936
5620260616050009,岸和田競輪,9R,14:36,7-9-2,7,9,2,5983.9,0.0021723433456349735,11.999085345945117
5620260616050009,岸和田競輪,9R,14:36,7-2-9,7,2,9,6204.7,0.0020851319902064703,11.937618459634086
5620260616050009,岸和田競輪,9R,14:36,7-6-4,7,6,4,8896.8,0.0014371847904826938,11.78634564396643
5620260616050005,岸和田競輪,5R,12:24,8-9-6,8,9,6,5589.4,0.00228190380293759,11.754473116139366
5620260616050005,岸和田競輪,5R,12:24,6-4-7,6,4,7,7382.3,0.0017121837570721534,11.639854149833758
8720260618030005,熊本競輪,5R,22:10,7-5-2,7,5,2,2714.6,0.004643002372882098,11.603894241425742
5620260616050005,岸和田競輪,5R,12:24,6-5-1,6,5,1,5973.4,0.002093116651281977,11.50302300476776
8720260618030005,熊本競輪,5R,22:10,7-2-3,7,2,3,2535.0,0.004918747589323806,11.469025138935848
5620260616050005,岸和田競輪,5R,12:24,6-1-7,6,1,7,6745.9,0.001841011396444581,11.419278779275498
8720260618030005,熊本競輪,5R,22:10,6-7-5,6,7,5,3106.0,0.003969669170753588,11.329792444360644
5620260616050005,岸和田競輪,5R,12:24,6-7-4,6,7,4,6804.5,0.0017959501588448179,11.220542855859563
7420260618030009,高知競輪,9R,23:20,5-6-4,5,6,4,2618.7,0.004665875209771989,11.218527411829905
5620260616050005,岸和田競輪,5R,12:24,6-2-5,6,2,5,4657.9,0.002614048223805522,11.175975221663741
5620260616050009,岸和田競輪,9R,14:36,7-2-6,7,2,6,7894.3,0.0015225796806270157,11.01970077277385
5620260616050005,岸和田競輪,5R,12:24,6-9-4,6,9,4,5711.8,0.0021038992176633476,11.017051551449509
5620260616050005,岸和田競輪,5R,12:24,6-4-9,6,4,9,6113.5,0.0019581715635666594,10.971281853864772
8720260618030005,熊本競輪,5R,22:10,7-2-5,7,2,5,2516.5,0.004730441608134998,10.904156306871723
5620260616050005,岸和田競輪,5R,12:24,8-6-1,8,6,1,8414.2,0.001413023036912527,10.889458437189386
5620260616050009,岸和田競輪,9R,14:36,7-4-6,7,4,6,8242.6,0.0014348552884730478,10.826938200767945
5620260616050009,岸和田競輪,9R,14:36,7-1-5,7,1,5,3865.5,0.0030292961977972876,10.709744452585415
5620260616050005,岸和田競輪,5R,12:24,7-6-8,7,6,8,7524.3,0.001510882471768954,10.368332982331141
5620260616050005,岸和田競輪,5R,12:24,6-8-1,6,8,1,8694.7,0.0013051374777873403,10.347778828117589
5620260616050009,岸和田競輪,9R,14:36,7-5-2,7,5,2,5513.1,0.002048476719325144,10.293457001311452
5620260616050009,岸和田競輪,9R,14:36,7-6-2,7,6,2,7374.9,0.0015151639102959718,10.174182322041762
5620260616050009,岸和田競輪,9R,14:36,4-5-7,4,5,7,6181.9,0.001806068887560876,10.164937256012578
8720260618030005,熊本競輪,5R,22:10,7-3-2,7,3,2,2268.2,0.004865335611426126,10.035554233836738
5620260616050009,岸和田競輪,9R,14:36,7-3-4,7,3,4,6672.6,0.0016485218506249297,9.999926900479906
5620260616050005,岸和田競輪,5R,12:24,6-9-2,6,9,2,3835.9,0.0028609078375775214,9.974156374163615
5620260616050009,岸和田競輪,9R,14:36,4-5-6,4,5,6,5495.0,0.00198200867136491,9.89113764915018
5620260616050009,岸和田競輪,9R,14:36,7-5-8,7,5,8,6005.3,0.0018032600436404566,9.829117540074034
7420260618030009,高知競輪,9R,23:20,5-6-2,5,6,2,2209.5,0.0048877395929455844,9.799460630613268
8720260618030005,熊本競輪,5R,22:10,7-6-1,7,6,1,2480.3,0.004345858923352518,9.77903388759125
7420260618030009,高知競輪,9R,23:20,5-6-3,5,6,3,2525.2,0.0042609339230006,9.759710342361116
5620260616050009,岸和田競輪,9R,14:36,4-6-5,4,6,5,5623.7,0.0019086313929580578,9.73357036457823
5620260616050009,岸和田競輪,9R,14:36,6-7-5,6,7,5,6250.9,0.001715969996245904,9.726356849533522
7420260618030009,高知競輪,9R,23:20,6-5-2,6,5,2,2142.6,0.004996904142952822,9.706366816690716
8720260618030005,熊本競輪,5R,22:10,7-1-3,7,1,3,2154.7,0.004965182136133265,9.698477948726344
5620260616050009,岸和田競輪,9R,14:36,2-7-6,2,7,6,7820.9,0.0013643267645894078,9.670263193177298
5620260616050009,岸和田競輪,9R,14:36,4-5-9,4,5,9,3928.7,0.002714307657007273,9.663700492084471
5620260616050005,岸和田競輪,5R,12:24,6-2-9,6,2,9,3817.2,0.0027733397842801843,9.58639262455432
5620260616050005,岸和田競輪,5R,12:24,6-1-5,6,1,5,5323.3,0.0019845742729846685,9.564484227379287
7420260618030009,高知競輪,9R,23:20,4-6-5,4,6,5,2280.8,0.004623012715182067,9.54416740078726
5620260616050005,岸和田競輪,5R,12:24,8-6-2,8,6,2,5839.7,0.0018004046824359684,9.513823224021325
5620260616050009,岸和田競輪,9R,14:36,2-7-9,2,7,9,5623.7,0.0018684088709030615,9.507370967297547
5620260616050005,岸和田競輪,5R,12:24,6-2-8,6,2,8,6066.1,0.0017294512280106175,9.491024094235208
7420260618030009,高知競輪,9R,23:20,6-2-4,6,2,4,2020.1,0.005159417198117201,9.422538681916556
5620260616050009,岸和田競輪,9R,14:36,7-4-2,7,4,2,6948.3,0.0014924634035616657,9.370083466967522
5620260616050005,岸和田競輪,5R,12:24,6-8-3,6,8,3,8414.2,0.0012291212002670852,9.342071603287309
5620260616050009,岸和田競輪,9R,14:36,7-2-5,7,2,5,5189.8,0.001982990442937574,9.291323800757421
5620260616050009,岸和田競輪,9R,14:36,6-5-7,6,5,7,5642.6,0.0018014519647327068,9.164872856200772
5620260616050005,岸和田競輪,5R,12:24,8-7-6,8,7,6,5148.2,0.0019484265217050054,9.030889419041708
5620260616050005,岸和田競輪,5R,12:24,7-8-6,7,8,6,6688.2,0.0014940843786155028,8.992735141056205
8720260618030005,熊本競輪,5R,22:10,7-3-1,7,3,1,2028.0,0.004903039542229932,8.943364191642301
5620260616050004,岸和田競輪,4R,11:58,6-5-8,6,5,8,5414.7,0.0018294076531781603,8.905693619663785
5620260616050009,岸和田競輪,9R,14:36,7-9-3,7,9,3,4193.2,0.0023580893157421983,8.887940118770185
5620260616050009,岸和田競輪,9R,14:36,7-4-1,7,4,1,4581.7,0.0021521613966017897,8.86055787081042
5620260616050009,岸和田競輪,9R,14:36,8-5-6,8,5,6,5064.7,0.0019456889889230096,8.854331022198366
5620260616050005,岸和田競輪,5R,12:24,6-7-2,6,7,2,4033.6,0.002442154948393489,8.850676199839977
7420260618030009,高知競輪,9R,23:20,5-3-7,5,3,7,2438.1,0.00403573643533986,8.839529003002113
5620260616050009,岸和田競輪,9R,14:36,4-9-5,4,9,5,3585.2,0.0027376570472878244,8.815048045936308
5620260616050009,岸和田競輪,9R,14:36,7-6-1,7,6,1,4483.9,0.002184895970970771,8.796855044235839
8720260618030006,熊本競輪,6R,22:30,5-4-7,5,4,7,2282.5,0.004288173744586463,8.787756572018601
5620260616050009,岸和田競輪,9R,14:36,6-5-4,6,5,4,5004.4,0.0019504845217704562,8.76100474074807
5620260616050005,岸和田競輪,5R,12:24,8-6-3,8,6,3,7313.3,0.0013307230852640938,8.731977139461897
5620260616050005,岸和田競輪,5R,12:24,6-2-7,6,2,7,4012.9,0.0024249495906464667,8.731080212305207
5620260616050009,岸和田競輪,9R,14:36,7-2-3,7,2,3,5642.6,0.00171912477915959,8.700333478885902
5620260616050009,岸和田競輪,9R,14:36,7-2-1,7,2,1,4246.2,0.002283740554340436,8.69721914184036
7420260618030009,高知競輪,9R,23:20,5-3-6,5,3,6,2280.8,0.004229065126853147,8.645651741326658
7420260618030009,高知競輪,9R,23:20,6-5-4,6,5,4,2020.1,0.004770084560122776,8.63604781990402
5620260616050009,岸和田競輪,9R,14:36,7-2-4,7,2,4,6393.5,0.0015022029578132712,8.60433461077915
5620260616050009,岸和田競輪,9R,14:36,2-7-3,2,7,3,6204.7,0.0015404434839892264,8.557989685107952
7420260618030009,高知競輪,9R,23:20,5-4-6,5,4,6,2020.1,0.004713124846589643,8.520983502595737
8720260618030005,熊本競輪,5R,22:10,6-7-2,6,7,2,2182.0,0.004348556947519331,8.488551259487181
5620260616050009,岸和田競輪,9R,14:36,7-3-9,7,3,9,4101.2,0.002288229848978697,8.384488256631432
5620260616050009,岸和田競輪,9R,14:36,4-5-3,4,5,3,4162.1,0.002237860036362379,8.31419725734386
5620260616050005,岸和田競輪,5R,12:24,6-7-3,6,7,3,5148.2,0.0018050563850023412,8.292791281269052
5620260616050009,岸和田競輪,9R,14:36,5-7-4,5,7,4,6517.4,0.0014237039996231344,8.278848447143815
5620260616050009,岸和田競輪,9R,14:36,6-4-5,6,4,5,4945.5,0.0018750784624822648,8.27320053620604
5620260616050009,岸和田競輪,9R,14:36,4-7-5,4,7,5,5372.1,0.0017205067492039531,8.242734307398557
5620260616050009,岸和田競輪,9R,14:36,7-4-3,7,4,3,5699.9,0.0016200763167326553,8.234272997744462
5620260616050009,岸和田競輪,9R,14:36,6-5-8,6,5,8,5080.0,0.0018101594849191818,8.195610183389444
5620260616050005,岸和田競輪,5R,12:24,8-9-7,8,9,7,3142.6,0.002920805984270988,8.178924886170007
8720260618030005,熊本競輪,5R,22:10,7-6-4,7,6,4,2361.4,0.0038766344173395005,8.154284513105496
5620260616050009,岸和田競輪,9R,14:36,8-5-9,8,5,9,3431.6,0.0026645688271139437,8.143734387124208
7420260618030009,高知競輪,9R,23:20,6-5-3,6,5,3,2079.5,0.004356099167684721,8.058508219200377
5620260616050009,岸和田競輪,9R,14:36,6-8-5,6,8,5,5238.3,0.0017251861308033264,8.037042508987065
5620260616050009,岸和田競輪,9R,14:36,2-7-1,2,7,1,4413.3,0.0020463745847322744,8.031264954798948
8720260618030005,熊本競輪,5R,22:10,6-5-7,6,5,7,2224.3,0.004057434571480656,8.024951717344424
5620260616050005,岸和田競輪,5R,12:24,9-6-7,9,6,7,4054.5,0.0022222946332633438,8.010293590566228
8720260618030005,熊本競輪,5R,22:10,7-1-6,7,1,6,1992.8,0.004486960158546732,7.941614203951927
5620260616050009,岸和田競輪,9R,14:36,7-1-4,7,1,4,3892.3,0.0022948258397465404,7.93215061604546
7420260618030009,高知競輪,9R,23:20,6-4-5,6,4,5,1860.6,0.0047879098277149685,7.908385025446471
8720260618030006,熊本競輪,6R,22:30,5-7-3,5,7,3,2034.4,0.004331131264637596,7.811253444778725
8720260618030006,熊本競輪,6R,22:30,5-7-2,5,7,2,1949.6,0.0045157290399035375,7.803865336195937
5620260616050009,岸和田競輪,9R,14:36,7-3-2,7,3,2,5049.5,0.0017379677477398813,7.775868142212531
7420260618030009,高知競輪,9R,23:20,7-4-2,7,4,2,1767.6,0.0049546911740195295,7.75791211919692
5620260616050009,岸和田競輪,9R,14:36,8-5-3,8,5,3,3975.1,0.002196851958524794,7.732706220331908
5620260616050009,岸和田競輪,9R,14:36,8-6-5,8,6,5,4657.8,0.0018742769141352562,7.730007010659197
7420260618030009,高知競輪,9R,23:20,5-6-1,5,6,1,1724.5,0.0050128938603768445,7.644735462219868
5620260616050009,岸和田競輪,9R,14:36,6-5-9,6,5,9,3178.6,0.0027073689687486893,7.605643004064584
5620260616050009,岸和田競輪,9R,14:36,2-6-7,2,6,7,6204.7,0.00137925207043389,7.557845321421157
7420260618030009,高知競輪,9R,23:20,6-2-5,6,2,5,1683.4,0.0050644866666510685,7.52555685464041
5620260616050004,岸和田競輪,4R,11:58,6-4-3,6,4,3,4711.5,0.0018015325534207825,7.487920625442017
5620260616050005,岸和田競輪,5R,12:24,7-6-1,7,6,1,5323.3,0.0015912426032362798,7.4706617498076895
8720260618030006,熊本競輪,6R,22:30,5-3-7,5,3,7,1909.8,0.004433922140126393,7.467904503213385
5620260616050009,岸和田競輪,9R,14:36,7-1-6,7,1,6,3623.9,0.002325954143548047,7.4290252208037675
8720260618030005,熊本競輪,5R,22:10,5-7-1,5,7,1,1863.6,0.004513716612407581,7.411762278882769
7420260618030009,高知競輪,9R,23:20,6-4-2,6,4,2,1644.3,0.005109590761261762,7.4017000887427145
5620260616050009,岸和田競輪,9R,14:36,7-6-3,7,6,3,5080.0,0.0016447178277072723,7.355166564752944
5620260616050004,岸和田競輪,4R,11:58,6-3-5,6,3,5,3646.1,0.0022774620503914667,7.303854381932327
5620260616050009,岸和田競輪,9R,14:36,5-7-6,5,7,6,5719.3,0.0014430159185740662,7.2530409431006575
5620260616050005,岸和田競輪,5R,12:24,6-5-3,6,5,3,4184.6,0.001971205405184082,7.248706138533311
7420260618030009,高知競輪,9R,23:20,6-5-1,6,5,1,1606.9,0.005124853651215925,7.235127332138871
8720260618030006,熊本競輪,6R,22:30,5-2-7,5,2,7,1765.7,0.004663735040435377,7.234756960896744
5620260616050005,岸和田競輪,5R,12:24,5-6-9,5,6,9,3301.8,0.00249022527436209,7.222225810888748
5620260616050005,岸和田競輪,5R,12:24,6-1-8,6,1,8,6260.2,0.0013129920030683264,7.219592537608337
5620260616050009,岸和田競輪,9R,14:36,2-6-4,2,6,4,5495.0,0.0014933563967664948,7.20599340023189
5620260616050009,岸和田競輪,9R,14:36,7-3-6,7,3,6,4902.3,0.0016708833249036675,7.191171323675249
5620260616050009,岸和田競輪,9R,14:36,8-9-5,8,9,5,3040.6,0.0026872835980767903,7.170954508312288
8720260618030005,熊本競輪,5R,22:10,5-6-7,5,6,7,2102.2,0.0038816125731672936,7.1599259513122835
8720260618030006,熊本競輪,6R,22:30,5-4-3,5,4,3,1671.1,0.0048482900760609,7.101977546105369
5620260616050005,岸和田競輪,5R,12:24,8-3-9,8,3,9,4207.1,0.0019255838608929568,7.101123861162758
5620260616050005,岸和田競輪,5R,12:24,8-7-9,8,7,9,2835.2,0.002852264370210355,7.086739942420399
5620260616050009,岸和田競輪,9R,14:36,2-7-4,2,7,4,5983.9,0.001346067944599138,7.05473597368678
5620260616050009,岸和田競輪,9R,14:36,6-7-9,6,7,9,4413.3,0.0018043576287268327,6.963171522860131
5620260616050005,岸和田競輪,5R,12:24,7-9-6,7,9,6,3080.8,0.0025771129157073063,6.93956947071107
5620260616050005,岸和田競輪,5R,12:24,8-2-9,8,2,9,2909.0,0.002710725280184105,6.885499840055561
5620260616050009,岸和田競輪,9R,14:36,2-8-9,2,8,9,4182.8,0.0018784486394920576,6.857174969267379
8720260618030005,熊本競輪,5R,22:10,5-7-4,5,7,4,1947.8,0.004026368429897816,6.842560427754965
7420260618030009,高知競輪,9R,23:20,4-5-6,4,5,6,1683.4,0.004652442645925959,6.83192195015176
5620260616050009,岸和田競輪,9R,14:36,7-1-2,7,1,2,3233.6,0.002419339054952568,6.823174768094624
5620260616050005,岸和田競輪,5R,12:24,6-9-1,6,9,1,3477.9,0.002245344460841466,6.809083500360535
8720260618030005,熊本競輪,5R,22:10,3-7-6,3,7,6,1992.8,0.0039140890658672465,6.799996690460248
8720260618030006,熊本競輪,6R,22:30,5-7-4,5,7,4,1834.9,0.004212359052644781,6.729257625697908
5620260616050009,岸和田競輪,9R,14:36,4-3-5,4,3,5,3517.7,0.0021896158617643827,6.702411716928569
5620260616050009,岸和田競輪,9R,14:36,4-5-1,4,5,1,2590.9,0.0029728451255742693,6.7023444358503745
7420260618030009,高知競輪,9R,23:20,5-6-7,5,6,7,1812.9,0.004231972604917334,6.672143135454634
5620260616050005,岸和田競輪,5R,12:24,8-2-6,8,2,6,4140.3,0.001851738949632294,6.6667547731625865
5620260616050009,岸和田競輪,9R,14:36,2-6-9,2,6,9,3687.4,0.0020728525260062403,6.643436404395411
8720260618030005,熊本競輪,5R,22:10,3-7-5,3,7,5,1833.8,0.00416543943195761,6.638582830323865
5620260616050009,岸和田競輪,9R,14:36,2-9-7,2,9,7,3856.6,0.001978957145013757,6.632046125460056
5620260616050005,岸和田競輪,5R,12:24,6-4-1,6,4,1,5928.2,0.001286061365508994,6.624028987010417
5620260616050005,岸和田競輪,5R,12:24,8-3-7,8,3,7,4523.2,0.0016836897597961528,6.615665521509958
5620260616050009,岸和田競輪,9R,14:36,2-8-6,2,8,6,5549.4,0.0013716578821031191,6.6118782509430485
7420260618030009,高知競輪,9R,23:20,5-1-6,5,1,6,1473.0,0.005141819909051823,6.573900726033336
5620260616050005,岸和田競輪,5R,12:24,8-3-6,8,3,6,5753.8,0.0013153965331952231,6.568528572698675
5620260616050005,岸和田競輪,5R,12:24,7-5-6,7,5,6,3117.6,0.002401377774010956,6.486535348256557
5620260616050009,岸和田競輪,9R,14:36,6-7-4,6,7,4,5758.5,0.0012999231605275944,6.485607519898152
7420260618030009,高知競輪,9R,23:20,4-6-2,4,6,2,1504.3,0.0049336148567282875,6.421636828976363
8720260618030006,熊本競輪,6R,22:30,5-3-2,5,3,2,1417.9,0.005226738998951134,6.410993226612814
7420260618030009,高知競輪,9R,23:20,7-4-6,7,4,6,1644.3,0.004495447763963334,6.39186475828491
8720260618030005,熊本競輪,5R,22:10,7-2-1,7,2,1,1407.2,0.005222099299653905,6.348538134472975
7420260618030009,高知競輪,9R,23:20,4-7-2,4,7,2,1571.2,0.004666895363139393,6.332625994564614
7420260618030009,高知競輪,9R,23:20,4-7-6,4,7,6,1724.5,0.0042343273451402276,6.302097506694323
5620260616050005,岸和田競輪,5R,12:24,8-5-6,8,5,6,3432.1,0.002127463613680869,6.3016678685141105
5620260616050005,岸和田競輪,5R,12:24,7-6-4,7,6,4,4890.8,0.0014910024392456782,6.292194729862763
8720260618030006,熊本競輪,6R,22:30,7-4-3,7,4,3,1534.1,0.004747570042712166,6.283247202524733
5620260616050009,岸和田競輪,9R,14:36,2-7-5,2,7,5,4091.2,0.001776883646648038,6.269586375166453
5620260616050004,岸和田競輪,4R,11:58,6-8-5,6,8,5,4053.4,0.0017861873857505023,6.2401319494010865
5620260616050009,岸和田競輪,9R,14:36,2-9-4,2,9,4,3376.5,0.0021426745515077373,6.234740623165875
7420260618030009,高知競輪,9R,23:20,6-3-5,6,3,5,1683.4,0.004296643063570984,6.232968933215394
5620260616050009,岸和田競輪,9R,14:36,8-2-9,8,2,9,3503.1,0.0020599838840139194,6.216329544089161
5620260616050005,岸和田競輪,5R,12:24,6-5-4,6,5,4,3673.8,0.0019612609832969424,6.205280600436307
8720260618030006,熊本競輪,6R,22:30,5-3-6,5,3,6,1559.7,0.004613907025904155,6.196310788302711
7420260618030009,高知競輪,9R,23:20,5-2-6,5,2,6,1442.9,0.004985691182518707,6.193853807256243
5620260616050005,岸和田競輪,5R,12:24,8-1-6,8,1,6,5114.5,0.0014063395821698487,6.1927237930076915
8720260618030005,熊本競輪,5R,22:10,5-3-7,5,3,7,1641.7,0.004381165658291627,6.192559661217365
8720260618030006,熊本競輪,6R,22:30,5-6-2,5,6,2,1509.4,0.004733134933944169,6.1441938692953295
8720260618030006,熊本競輪,6R,22:30,5-3-4,5,3,4,1462.2,0.004875602841421514,6.129106474726537
7420260618030009,高知競輪,9R,23:20,6-4-7,6,4,7,1606.9,0.0044240589566612,6.109020337458882
7420260618030009,高知競輪,9R,23:20,5-4-7,5,4,7,1571.2,0.004497667710745545,6.066735507123401
8720260618030005,熊本競輪,5R,22:10,7-1-2,7,1,2,1341.5,0.005230861012570228,6.017200048362961
5620260616050004,岸和田競輪,4R,11:58,6-5-3,6,5,3,3074.4,0.0022636731782397527,5.959436819180296
5620260616050009,岸和田競輪,9R,14:36,2-6-8,2,6,8,5004.4,0.0013859188400623117,5.935692243207832
5620260616050004,岸和田競輪,4R,11:58,6-5-1,6,5,1,4076.2,0.0016984338950984308,5.923156243200223
5620260616050005,岸和田競輪,5R,12:24,6-8-4,6,8,4,5629.6,0.0012229204767231366,5.88455311576057
5620260616050004,岸和田競輪,4R,11:58,4-6-3,4,6,3,3683.1,0.0018690306638816231,5.883826838142406
7420260618030009,高知競輪,9R,23:20,4-7-5,4,7,5,1571.2,0.004373084894292927,5.870990985913047
5620260616050009,岸和田競輪,9R,14:36,5-7-9,5,7,9,3474.1,0.001976171554421947,5.865417597217285
5620260616050004,岸和田競輪,4R,11:58,6-5-2,6,5,2,4268.0,0.0015985437708486829,5.8225848139821785
5620260616050009,岸和田競輪,9R,14:36,6-7-2,6,7,2,4974.8,0.0013704547056386383,5.8177380696110985
8720260618030005,熊本競輪,5R,22:10,6-7-3,6,7,3,1649.6,0.0041276908757268,5.809038868598929
7420260618030009,高知競輪,9R,23:20,5-4-2,5,4,2,1309.3,0.005194605588935128,5.801297097592762
5620260616050009,岸和田競輪,9R,14:36,4-6-7,4,6,7,5080.0,0.0013353964961916485,5.783814200653574
8720260618030006,熊本競輪,6R,22:30,5-2-6,5,2,6,1396.7,0.004853048653084105,5.778253053762569
8720260618030005,熊本競輪,5R,22:10,7-4-5,7,4,5,1626.2,0.004161494697989355,5.767422677870289
5620260616050009,岸和田競輪,9R,14:36,2-4-9,2,4,9,3310.0,0.002041744031552602,5.758172744439112
5620260616050009,岸和田競輪,9R,14:36,4-2-9,4,2,9,3221.2,0.0020978315463427493,5.757534977079263
5620260616050009,岸和田競輪,9R,14:36,7-6-8,7,6,8,5064.7,0.001333788425920151,5.755238240757788
5620260616050009,岸和田競輪,9R,14:36,5-7-3,5,7,3,4141.6,0.0016292903773159667,5.747869026691808
5620260616050005,岸和田競輪,5R,12:24,6-2-4,6,2,4,3952.1,0.0017066952907999514,5.745030458770488
8720260618030006,熊本競輪,6R,22:30,5-4-6,5,4,6,1509.4,0.004462242308991293,5.735308541191458
5620260616050009,岸和田競輪,9R,14:36,2-7-8,2,7,8,5372.1,0.0012492268613596052,5.710971621909935
5620260616050005,岸和田競輪,5R,12:24,3-8-7,3,8,7,3854.8,0.0017357687991393816,5.691041566922489
5620260616050009,岸和田競輪,9R,14:36,7-2-8,7,2,8,4790.5,0.0013941289469403726,5.6785747203178545
8720260618030006,熊本競輪,6R,22:30,7-5-3,7,5,3,1586.1,0.00420192062712864,5.664666306688736
5620260616050009,岸和田競輪,9R,14:36,2-9-8,2,9,8,3349.5,0.0019885226564044164,5.660556637626593
5620260616050009,岸和田競輪,9R,14:36,4-7-9,4,7,9,3679.4,0.0018091280645895888,5.656505800850933
5620260616050004,岸和田競輪,4R,11:58,1-6-3,1,6,3,3522.2,0.001885156991093487,5.63989995402948
5620260616050004,岸和田競輪,4R,11:58,3-6-5,3,6,5,3390.5,0.001952732534883637,5.620739659522971
5620260616050005,岸和田競輪,5R,12:24,8-9-2,8,9,2,2364.1,0.0027953418096889004,5.608467572285529
8720260618030006,熊本競輪,6R,22:30,7-4-5,7,4,5,1586.1,0.004166149570520984,5.607929833803332
5620260616050004,岸和田競輪,4R,11:58,6-1-3,6,1,3,3859.4,0.0017092939040580146,5.596848893321502
5620260616050004,岸和田競輪,4R,11:58,5-6-8,5,6,8,4053.4,0.0016263022502849744,5.592053541305115
8720260618030006,熊本競輪,6R,22:30,5-7-1,5,7,1,1439.7,0.004538147891163226,5.533571518907697
8720260618030005,熊本競輪,5R,22:10,7-2-4,7,2,4,1395.8,0.00465826669315485,5.502008650305539
7420260618030009,高知競輪,9R,23:20,4-6-3,4,6,3,1504.3,0.004300926124704725,5.469883169393317
5620260616050009,岸和田競輪,9R,14:36,4-6-2,4,6,2,4235.5,0.0015243231988504781,5.4562709087312005
5620260616050009,岸和田競輪,9R,14:36,8-5-4,8,5,4,3362.9,0.0019196497834131133,5.455590256639959
7420260618030009,高知競輪,9R,23:20,7-4-5,7,4,5,1386.3,0.004642762145499624,5.436261162306129
5620260616050009,岸和田競輪,9R,14:36,4-9-7,4,9,7,3356.2,0.0019154340865454225,5.4285798812637465
5620260616050005,岸和田競輪,5R,12:24,8-3-5,8,3,5,3540.8,0.0018149846260768468,5.4264975640129
5620260616050009,岸和田競輪,9R,14:36,2-4-3,2,4,3,3812.9,0.0016833527919715603,5.418455860508362
5620260616050009,岸和田競輪,9R,14:36,5-4-7,5,4,7,4460.2,0.0014373492350276639,5.410865058070386
5620260616050009,岸和田競輪,9R,14:36,4-2-6,4,2,6,4182.8,0.0015318529958017382,5.40743471083951
8720260618030005,熊本競輪,5R,22:10,5-3-6,5,3,6,1373.5,0.004641247789325753,5.374753838638921
7420260618030009,高知競輪,9R,23:20,6-5-7,6,5,7,1473.0,0.004326491017012268,5.372921268059072
5620260616050009,岸和田競輪,9R,14:36,7-3-1,7,3,1,2540.0,0.002506183459037281,5.365705985954694
5620260616050005,岸和田競輪,5R,12:24,6-4-5,6,4,5,3432.1,0.0018457005977637433,5.334629021584943
5620260616050005,岸和田競輪,5R,12:24,8-9-5,8,9,5,2011.6,0.003148571716589238,5.333666865090911
5620260616050009,岸和田競輪,9R,14:36,9-7-5,9,7,5,3271.3,0.0019307466142619134,5.316051399234998
5620260616050004,岸和田競輪,4R,11:58,6-3-7,6,3,7,2253.3,0.0028009657353421182,5.311416091446396
7420260618030009,高知競輪,9R,23:20,6-4-3,6,4,3,1414.1,0.004454334809230309,5.29887485373258
8720260618030006,熊本競輪,6R,22:30,7-3-5,7,3,5,1462.2,0.004307784998004935,5.298843224082816
5620260616050009,岸和田競輪,9R,14:36,2-8-3,2,8,3,4051.8,0.0015487209527727068,5.275107556444453
5620260616050005,岸和田競輪,5R,12:24,4-6-9,4,6,9,2876.9,0.0021578366819650623,5.207880350345288
5620260616050009,岸和田競輪,9R,14:36,4-6-9,4,6,9,3090.9,0.0020069427914506943,5.203259474094951
5620260616050009,岸和田競輪,9R,14:36,8-5-1,8,5,1,2120.4,0.00291836867828635,5.188108945438377
5620260616050009,岸和田競輪,9R,14:36,4-7-6,4,7,6,4670.8,0.0013210394563671873,5.170311092799858
5620260616050009,岸和田競輪,9R,14:36,2-8-4,2,8,4,4556.9,0.0013533009495796317,5.166857097139423
8720260618030005,熊本競輪,5R,22:10,5-6-3,5,6,3,1352.0,0.0045503021680274635,5.152008531173131
5620260616050009,岸和田競輪,9R,14:36,2-4-1,2,4,1,2747.5,0.002236219897991927,5.14401416973282
5620260616050005,岸和田競輪,5R,12:24,7-8-9,7,8,9,2804.7,0.002187161584868879,5.134332097081744
5620260616050004,岸和田競輪,4R,11:58,6-3-4,6,3,4,3283.1,0.0018625743290252683,5.115017779622858
7420260618030009,高知競輪,9R,23:20,7-4-3,7,4,3,1414.1,0.004319299606681505,5.107921573808316
5620260616050009,岸和田競輪,9R,14:36,4-7-3,4,7,3,4091.2,0.001491568351124395,5.102304438120124
5620260616050005,岸和田競輪,5R,12:24,9-6-5,9,6,5,2540.6,0.0023955901439196184,5.0862363196421825
5620260616050009,岸和田競輪,9R,14:36,2-8-1,2,8,1,2955.1,0.0020573706400374417,5.079735978374644
8720260618030006,熊本競輪,6R,22:30,5-6-4,5,6,4,1376.2,0.00441515945934942,5.076142447956672
5620260616050005,岸和田競輪,5R,12:24,3-7-9,3,7,9,2075.6,0.002913744119979465,5.047767295429377
5620260616050005,岸和田競輪,5R,12:24,6-1-4,6,1,4,4657.9,0.001295715792501638,5.035314589893379
8720260618030006,熊本競輪,6R,22:30,7-5-2,7,5,2,1376.2,0.004381011297029388,5.0291477469718435
5620260616050005,岸和田競輪,5R,12:24,3-8-9,3,8,9,3033.0,0.001985145046121209,5.020944924885627
5620260616050005,岸和田競輪,5R,12:24,6-2-1,6,2,1,3301.8,0.001821436495326972,5.014019020270596
5620260616050004,岸和田競輪,4R,11:58,3-6-4,3,6,4,3759.4,0.001597001140063576,5.003766085955008
5620260616050004,岸和田競輪,4R,11:58,1-3-6,1,3,6,3087.5,0.0019403032411261032,4.9906862569768435
5620260616050004,岸和田競輪,4R,11:58,1-6-5,1,6,5,3298.0,0.0018127766133525295,4.978537270836642
5620260616050009,岸和田競輪,9R,14:36,6-2-4,6,2,4,3965.7,0.0015074057460056807,4.977918966934728
5620260616050009,岸和田競輪,9R,14:36,8-2-3,8,2,3,3517.7,0.0016983909682029654,4.974429908847571
5620260616050009,岸和田競輪,9R,14:36,5-4-9,5,4,9,2765.6,0.0021601656843211812,4.9741542165586585
5620260616050009,岸和田競輪,9R,14:36,7-1-3,7,1,3,2269.2,0.002626204365025874,4.9593829451167135
5620260616050009,岸和田競輪,9R,14:36,7-8-5,7,8,5,3459.8,0.0017195128879459373,4.949170689715355
5620260616050009,岸和田競輪,9R,14:36,4-2-7,4,2,7,4256.9,0.001395872821348052,4.942091013196522
5620260616050004,岸和田競輪,4R,11:58,4-3-6,4,3,6,3087.5,0.0019240172035771604,4.940403116044483
5620260616050004,岸和田競輪,4R,11:58,6-4-8,6,4,8,4076.2,0.0014559245885664288,4.934639807914477
7420260618030009,高知競輪,9R,23:20,4-2-6,4,2,6,1178.4,0.005032862700720709,4.930725406529284
5620260616050005,岸和田競輪,5R,12:24,5-6-7,5,6,7,2707.7,0.0021774002572314314,4.895746676505547
7420260618030009,高知競輪,9R,23:20,4-7-3,4,7,3,1442.9,0.004068410845085753,4.870310008374233
8720260618030006,熊本競輪,6R,22:30,5-1-6,5,1,6,1199.7,0.00488237969470796,4.85739091974114
5620260616050009,岸和田競輪,9R,14:36,2-9-6,2,9,6,2694.7,0.0021717389899639727,4.852185056255917
5620260616050009,岸和田競輪,9R,14:36,6-5-1,6,5,1,1971.2,0.0029652455281173793,4.845091985024978
8720260618030006,熊本競輪,6R,22:30,7-3-2,7,3,2,1141.2,0.005118197863467963,4.840887401789639
7420260618030009,高知競輪,9R,23:20,5-7-2,5,7,2,1262.6,0.004623650766185993,4.837821457386434
5620260616050009,岸和田競輪,9R,14:36,6-4-7,6,4,7,4436.6,0.0013119207921035512,4.820467786246616
5620260616050005,岸和田競輪,5R,12:24,8-2-7,8,2,7,2445.4,0.0023702007939296124,4.796089021475474
5620260616050005,岸和田競輪,5R,12:24,8-7-5,8,7,5,2155.7,0.0026884396398284592,4.795469331578209
8720260618030005,熊本競輪,5R,22:10,5-7-2,5,7,2,1291.2,0.004479006539736048,4.783293244107186
5620260616050009,岸和田競輪,9R,14:36,2-4-6,2,4,6,3874.4,0.0014908974540147218,4.776333095834638
5620260616050009,岸和田競輪,9R,14:36,4-7-2,4,7,2,4203.7,0.001374077970878287,4.776211566181055
5620260616050005,岸和田競輪,5R,12:24,6-4-2,6,4,2,3524.9,0.0016386363448267858,4.776029251879938
5620260616050009,岸和田競輪,9R,14:36,4-9-2,4,9,2,2627.3,0.00218642225160604,4.74438718164455
7420260618030009,高知競輪,9R,23:20,6-2-3,6,2,3,1219.0,0.004711642462346222,4.743492161600045
5620260616050009,岸和田競輪,9R,14:36,8-3-5,8,3,5,2669.0,0.002149906362903744,4.738100082590092
5620260616050009,岸和田競輪,9R,14:36,8-2-6,8,2,6,3812.9,0.0015042163368795358,4.735426470887982
5620260616050009,岸和田競輪,9R,14:36,6-9-5,6,9,5,2096.6,0.0027306987067886083,4.725182908652996
5620260616050005,岸和田競輪,5R,12:24,7-8-5,7,8,5,2774.9,0.0020615381816931214,4.720562300380243
5620260616050004,岸和田競輪,4R,11:58,4-6-1,4,6,1,4076.2,0.0014023336323591218,4.716192352222253
5620260616050009,岸和田競輪,9R,14:36,6-2-7,6,2,7,4081.3,0.0013922279374595737,4.682099881153759
5620260616050009,岸和田競輪,9R,14:36,6-7-1,6,7,1,2869.4,0.001976222469661971,4.6705727544480595
5620260616050004,岸和田競輪,4R,11:58,6-4-1,6,4,1,4194.0,0.0013516898027799177,4.668987032858975
5620260616050005,岸和田競輪,5R,12:24,8-7-1,8,7,1,3009.7,0.0018732715146082806,4.637985277516542
5620260616050005,岸和田競輪,5R,12:24,6-1-9,6,1,9,2670.7,0.002105507746951488,4.623179539783338
5620260616050009,岸和田競輪,9R,14:36,5-7-1,5,7,1,2594.9,0.0021644016505259667,4.616405842949831
5620260616050005,岸和田競輪,5R,12:24,8-3-2,8,3,2,3477.9,0.00161136631650594,4.604170912176009
5620260616050004,岸和田競輪,4R,11:58,2-3-6,2,3,6,2949.4,0.0018990017464639315,4.60091575102072
5620260616050005,岸和田競輪,5R,12:24,8-5-7,8,5,7,2053.8,0.0027231246322296497,4.592753369673255
8720260618030006,熊本競輪,6R,22:30,5-6-3,5,6,3,1231.3,0.004539649857421893,4.589670869443577
5620260616050009,岸和田競輪,9R,14:36,6-2-5,6,2,5,2802.4,0.0019898584092190377,4.576379205995432
5620260616050009,岸和田競輪,9R,14:36,2-8-7,2,8,7,4460.2,0.0012498979752384684,4.574794949158616
5620260616050004,岸和田競輪,4R,11:58,2-3-1,2,3,1,3182.3,0.0017509144543084868,4.571935067945898
8720260618030006,熊本競輪,6R,22:30,7-5-1,7,5,1,1264.6,0.0044027613267072566,4.567731973753996
5620260616050009,岸和田競輪,9R,14:36,5-6-7,5,6,7,3812.9,0.0014593292740859823,4.564276589162442
5620260616050009,岸和田競輪,9R,14:36,8-6-9,8,6,9,2816.5,0.001970818753104762,4.550811018119563
5620260616050004,岸和田競輪,4R,11:58,6-5-7,6,5,7,2073.0,0.0026771156864637846,4.549660818039426
5620260616050004,岸和田競輪,4R,11:58,4-6-7,4,6,7,2501.9,0.0022103947499391915,4.530186624872863
8720260618030005,熊本競輪,5R,22:10,6-3-5,6,3,5,1153.0,0.004793750060516987,4.527193819776086
8720260618030005,熊本競輪,5R,22:10,7-4-6,7,4,6,1412.9,0.003910382364486727,4.524979242783297
7420260618030009,高知競輪,9R,23:20,5-4-3,5,4,3,1219.0,0.004528447301580416,4.520177260626527
8720260618030005,熊本競輪,5R,22:10,6-2-7,6,2,7,1218.2,0.004529282655974103,4.517572131507652
5620260616050009,岸和田競輪,9R,14:36,6-2-9,6,2,9,2635.5,0.00209235371749827,4.51439822246669
5620260616050009,岸和田競輪,9R,14:36,2-6-5,2,6,5,2793.1,0.001971312496281046,4.5060729333625895
8720260618030006,熊本競輪,6R,22:30,5-6-1,5,6,1,1155.3,0.004756633121532146,4.495338245306088
7420260618030009,高知競輪,9R,23:20,4-6-7,4,6,7,1285.5,0.004271692981970963,4.491261328323674
5620260616050005,岸和田競輪,5R,12:24,8-2-3,8,2,3,3274.1,0.001676621021558457,4.489424886684544
5620260616050009,岸和田競輪,9R,14:36,4-7-1,4,7,1,2770.1,0.0019814472889505465,4.488807135121909
5620260616050005,岸和田競輪,5R,12:24,4-6-7,4,6,7,2909.0,0.0018867667093201968,4.488604357412452
5620260616050004,岸和田競輪,4R,11:58,6-3-1,6,3,1,3087.5,0.0017770076832944923,4.486511222171745
5620260616050005,岸和田競輪,5R,12:24,8-9-3,8,9,3,2652.6,0.0020661054226564007,4.480551244138368
5620260616050009,岸和田競輪,9R,14:36,5-4-6,5,4,6,3474.1,0.0015773698706763896,4.479940667716845
5620260616050004,岸和田競輪,4R,11:58,6-4-7,6,4,7,2563.8,0.0021305686283689855,4.462351849412405
8720260618030005,熊本競輪,5R,22:10,6-3-7,6,3,7,1281.6,0.004252067852233261,4.449450159422147
5620260616050005,岸和田競輪,5R,12:24,8-1-7,8,1,7,3021.3,0.001800095631652356,4.438628931911264
7420260618030009,高知競輪,9R,23:20,7-5-2,7,5,2,1122.3,0.004845578502619207,4.4381927534895365
5620260616050009,岸和田競輪,9R,14:36,5-4-3,5,4,3,3051.7,0.0017809876652648037,4.435040058088601
7420260618030009,高知競輪,9R,23:20,6-2-7,6,2,7,1159.1,0.00467961770474319,4.42414488156783
5620260616050004,岸和田競輪,4R,11:58,1-4-6,1,4,6,3664.5,0.001476383659183257,4.410207919077045
5620260616050005,岸和田競輪,5R,12:24,8-6-4,8,6,4,4075.6,0.0013240097961568196,4.3961343252167335
5620260616050004,岸和田競輪,4R,11:58,3-6-7,3,6,7,2246.3,0.002401593001102557,4.394698358376674
5620260616050004,岸和田競輪,4R,11:58,5-6-1,5,6,1,3556.7,0.0015098695256687293,4.370152941945969
8720260618030006,熊本競輪,6R,22:30,5-2-3,5,2,3,1017.2,0.005272906757209964,4.363600753433976
7420260618030009,高知競輪,9R,23:20,7-5-6,7,5,6,1219.0,0.004396448593795334,4.359270835836512
5620260616050004,岸和田競輪,4R,11:58,3-5-6,3,5,6,2677.4,0.0019996360106841605,4.353825455005771
5620260616050005,岸和田競輪,5R,12:24,9-6-8,9,6,8,3372.9,0.001584919619493656,4.345775384590152
8720260618030005,熊本競輪,5R,22:10,3-5-7,3,5,7,1249.1,0.0042593737674615885,4.32038377293627
8720260618030005,熊本競輪,5R,22:10,6-7-1,6,7,1,1213.9,0.004382256100741284,4.319620680689845
5620260616050009,岸和田競輪,9R,14:36,4-9-6,4,9,6,2528.5,0.0021020277770733647,4.314977234330002
5620260616050009,岸和田競輪,9R,14:36,6-8-9,6,8,9,2929.4,0.0018140484757302405,4.314073604804166
8720260618030006,熊本競輪,6R,22:30,7-5-4,7,5,4,1299.7,0.004086691746494826,4.311473262919326
5620260616050004,岸和田競輪,4R,11:58,6-1-5,6,1,5,3224.7,0.0016436657685602533,4.300329003876248
7420260618030009,高知競輪,9R,23:20,6-7-4,6,7,4,1219.0,0.004342050484364106,4.2929595404398455
7420260618030009,高知競輪,9R,23:20,3-6-5,3,6,5,1178.4,0.004487904848777103,4.288547073798939
5620260616050009,岸和田競輪,9R,14:36,9-7-4,9,7,4,3592.9,0.001462625947120367,4.255068765408766
5620260616050009,岸和田競輪,9R,14:36,5-6-4,5,6,4,3323.1,0.001580058317954408,4.250691796394293
8720260618030005,熊本競輪,5R,22:10,3-7-2,3,7,2,1149.2,0.004563012634594839,4.243814119676389
5620260616050009,岸和田競輪,9R,14:36,4-1-5,4,1,5,1719.3,0.0030494255739751974,4.242877389335557
5620260616050005,岸和田競輪,5R,12:24,6-1-2,6,1,2,2975.3,0.0017619301508928376,4.24227077795146
7420260618030009,高知競輪,9R,23:20,7-5-3,7,5,3,1240.4,0.004224179587671109,4.239672360547243
5620260616050005,岸和田競輪,5R,12:24,5-6-8,5,6,8,3372.9,0.0015529013729871535,4.23778104094837
5620260616050004,岸和田競輪,4R,11:58,6-2-5,6,2,5,3406.4,0.0015366488176325706,4.234440532383589
5620260616050005,岸和田競輪,5R,12:24,2-6-9,2,6,9,2185.8,0.002392974882000391,4.230564497076455
5620260616050005,岸和田競輪,5R,12:24,8-5-9,8,5,9,1679.2,0.0031143533495483944,4.229622144561664
5620260616050009,岸和田競輪,9R,14:36,7-9-8,7,9,8,2734.1,0.0019122989874848584,4.228416661682351
7420260618030009,高知競輪,9R,23:20,4-3-6,4,3,6,1219.0,0.00426863890950519,4.203470830686826
5620260616050009,岸和田競輪,9R,14:36,2-1-7,2,1,7,2358.3,0.00220458299627327,4.199068080111253
8720260618030006,熊本競輪,6R,22:30,3-5-7,3,5,7,1299.7,0.003990736370874958,4.186760061226184
7420260618030009,高知競輪,9R,23:20,4-5-3,4,5,3,1159.1,0.0044701428524529414,4.181342580278204
7420260618030009,高知競輪,9R,23:20,5-2-7,5,2,7,1087.7,0.004757773871317853,4.175030639832428
8720260618030006,熊本競輪,6R,22:30,3-7-2,3,7,2,1088.1,0.004748271565940213,4.166594290899545
8720260618030005,熊本競輪,5R,22:10,2-7-6,2,7,6,1291.2,0.004000213909828702,4.16507620037082
5620260616050004,岸和田競輪,4R,11:58,2-5-6,2,5,6,2845.3,0.0018152181965958398,4.164840334774143
7420260618030009,高知競輪,9R,23:20,3-5-6,3,5,6,1140.4,0.004515976731568182,4.150019864680354
5620260616050004,岸和田競輪,4R,11:58,5-8-6,5,8,6,3168.4,0.0016248675791127006,4.148230437660681
5620260616050009,岸和田競輪,9R,14:36,4-2-3,4,2,3,2976.1,0.0017295951578889693,4.1474481493933615
5620260616050009,岸和田競輪,9R,14:36,8-6-2,8,6,2,3438.6,0.0014968860890726423,4.1471925058851875
5620260616050005,岸和田競輪,5R,12:24,7-8-3,7,8,3,3798.6,0.001352789645466109,4.138706747267562
5620260616050005,岸和田競輪,5R,12:24,6-4-8,6,4,8,4207.1,0.0012211133430030847,4.137345945348279
8720260618030005,熊本競輪,5R,22:10,5-4-6,5,4,6,1180.7,0.004347684534302048,4.133311129650428
8720260618030006,熊本競輪,6R,22:30,4-7-3,4,7,3,1141.2,0.00449594368264209,4.1307709306311535
7420260618030009,高知競輪,9R,23:20,5-7-4,5,7,4,1159.1,0.004413773908848802,4.116005337746646
5620260616050004,岸和田競輪,4R,11:58,8-6-5,8,6,5,2823.2,0.0018105540053987693,4.111556068041805
7420260618030006,高知競輪,6R,22:20,5-6-2,5,6,2,1026.1,0.00497300378618759,4.102799185007085
5620260616050004,岸和田競輪,4R,11:58,4-6-8,4,6,8,3374.7,0.001510473788088308,4.097395892661613
5620260616050009,岸和田競輪,9R,14:36,8-2-1,8,2,1,2257.0,0.0022561970941438942,4.0922368414827694
5620260616050004,岸和田競輪,4R,11:58,5-3-6,5,3,6,2451.2,0.002073242520812295,4.081932067015098
7420260618030009,高知競輪,9R,23:20,6-3-2,6,3,2,1104.7,0.004585317704811356,4.065400468505105
5620260616050009,岸和田競輪,9R,14:36,7-3-8,7,3,8,3310.0,0.0015299211199566868,4.064038907056633
5620260616050009,岸和田競輪,9R,14:36,4-3-7,4,3,7,3290.6,0.001531990598391079,4.041168263065685
5620260616050004,岸和田競輪,4R,11:58,2-6-5,2,6,5,2834.2,0.0017745368252429822,4.02939227010366
7420260618030009,高知競輪,9R,23:20,5-7-6,5,7,6,1198.4,0.004195091029525436,4.027397089783283
5620260616050005,岸和田競輪,5R,12:24,3-7-8,3,7,8,2765.1,0.0018170071965109436,4.02420659907241
7420260618030009,高知競輪,9R,23:20,5-4-1,5,4,1,942.7,0.005327617392185821,4.022344915613574
5620260616050009,岸和田競輪,9R,14:36,6-9-7,6,9,7,2623.2,0.0019105656014328726,4.011795685678711
5620260616050004,岸和田競輪,4R,11:58,6-5-9,6,5,9,1987.8,0.0025078155060888345,3.9850356630033854
5620260616050004,岸和田競輪,4R,11:58,1-6-8,1,6,8,3268.3,0.0015235064231447432,3.9792760427639644
8720260618030006,熊本競輪,6R,22:30,7-3-4,7,3,4,1039.8,0.0047743535789886524,3.9643728514324
5620260616050005,岸和田競輪,5R,12:24,7-6-3,7,6,3,3301.8,0.0014985624516136845,3.9479535027380637
7420260618030006,高知競輪,6R,22:20,5-2-6,5,2,6,972.5,0.005082267780382023,3.9425054164215165
5620260616050009,岸和田競輪,9R,14:36,4-2-5,4,2,5,2472.7,0.0019950679030533228,3.9332044038799507
7420260618030009,高知競輪,9R,23:20,5-3-1,5,3,1,1024.7,0.004780446446016041,3.898523473232637
5620260616050005,岸和田競輪,5R,12:24,3-8-2,3,8,2,2941.8,0.0016612082837124322,3.8869425290252337
5620260616050004,岸和田競輪,4R,11:58,6-3-8,6,3,8,2545.8,0.0019140406140958086,3.87276459536511
5620260616050004,岸和田競輪,4R,11:58,3-6-1,3,6,1,3182.3,0.0015236349239324978,3.8486634184303883
5620260616050009,岸和田競輪,9R,14:36,6-4-2,6,4,2,3233.6,0.0014975262434496757,3.842400860818871
5620260616050009,岸和田競輪,9R,14:36,8-2-4,8,2,4,3258.7,0.001484085371164902,3.836188999015066
7420260618030009,高知競輪,9R,23:20,6-3-4,6,3,4,1104.7,0.004377180862639727,3.8354716989581066
5620260616050009,岸和田競輪,9R,14:36,9-7-6,9,7,6,3258.7,0.0014824658251805507,3.8309113845158604
5620260616050004,岸和田競輪,4R,11:58,2-6-8,2,6,8,3239.1,0.0014913686724834267,3.8306922670410675
7420260618030009,高知競輪,9R,23:20,5-7-3,5,7,3,1198.4,0.004030711952450153,3.8304052038162633
5620260616050005,岸和田競輪,5R,12:24,3-9-7,3,9,7,1616.7,0.002983695086418302,3.8237398462124688
8720260618030005,熊本競輪,5R,22:10,6-5-3,6,5,3,1014.0,0.004756413212092687,3.8230029970619848
5620260616050009,岸和田競輪,9R,14:36,6-5-2,6,5,2,2345.1,0.002056314382498386,3.8222628583969644
5620260616050009,岸和田競輪,9R,14:36,2-4-7,2,4,7,3547.4,0.0013585528384118565,3.81933033898222
5620260616050004,岸和田競輪,4R,11:58,3-6-2,3,6,2,3359.1,0.0014340252651155723,3.817034268049719
5620260616050009,岸和田競輪,9R,14:36,3-7-5,3,7,5,2643.8,0.0018212032849164526,3.8148972446621174
5620260616050009,岸和田競輪,9R,14:36,2-1-4,2,1,4,2016.1,0.002386966233555591,3.8123626234714267
5620260616050004,岸和田競輪,4R,11:58,5-6-3,5,6,3,2386.7,0.00201235453305635,3.80288656404559
5620260616050005,岸和田競輪,5R,12:24,7-6-2,7,6,2,2364.1,0.002027483316916048,3.7931733095212294
5620260616050005,岸和田競輪,5R,12:24,8-5-3,8,5,3,2484.2,0.0019262705566604657,3.7852413168559282
8720260618030006,熊本競輪,6R,22:30,5-1-7,5,1,7,1017.2,0.00469192190118459,3.7726229578849653
5620260616050004,岸和田競輪,4R,11:58,1-5-6,1,5,6,2572.9,0.0018546209490491402,3.7717542398085335
5620260616050009,岸和田競輪,9R,14:36,8-2-5,8,2,5,2433.4,0.0019590742330899322,3.767211238801041
5620260616050005,岸和田競輪,5R,12:24,7-8-1,7,8,1,3315.7,0.0014364543264543906,3.762851610224823
5620260616050009,岸和田競輪,9R,14:36,2-3-4,2,3,4,2774.7,0.0017133865170293298,3.754133568801281
8720260618030005,熊本競輪,5R,22:10,7-1-4,7,1,4,1011.0,0.004702242217185343,3.7539668815743816
8720260618030006,熊本競輪,6R,22:30,5-4-1,5,4,1,935.8,0.005080025526832973,3.753887888010296
5620260616050005,岸和田競輪,5R,12:24,5-6-1,5,6,1,2898.2,0.001635496386709784,3.739995627962296
5620260616050009,岸和田競輪,9R,14:36,5-8-6,5,8,6,3258.7,0.001450795605879223,3.7277076408786236
5620260616050005,岸和田競輪,5R,12:24,7-3-9,7,3,9,2173.6,0.002167268384126242,3.7107745597368
5620260616050005,岸和田競輪,5R,12:24,3-8-5,3,8,5,2516.1,0.0018711248117606126,3.707937138870877
5620260616050009,岸和田競輪,9R,14:36,9-4-5,9,4,5,2230.1,0.002110683748175573,3.7070358268063455
5620260616050009,岸和田競輪,9R,14:36,2-6-1,2,6,1,2073.3,0.002270291472694118,3.7069953103367155
5620260616050009,岸和田競輪,9R,14:36,5-3-7,5,3,7,2807.1,0.001675250311186601,3.702595148531908
8720260618030006,熊本競輪,6R,22:30,5-2-1,5,2,1,850.7,0.005524937763006123,3.700064554989309
5620260616050004,岸和田競輪,4R,11:58,2-6-3,2,6,3,2545.8,0.001845390368244504,3.6979947994768585
5620260616050009,岸和田競輪,9R,14:36,6-2-8,6,2,8,3310.0,0.0013989574273970988,3.6305490846843966
5620260616050004,岸和田競輪,4R,11:58,1-8-6,1,8,6,3035.8,0.0015222057366975012,3.6211121754662745
5620260616050004,岸和田競輪,4R,11:58,6-2-8,6,2,8,3574.2,0.001291441166295389,3.6158690165729794
5620260616050004,岸和田競輪,4R,11:58,1-6-4,1,6,4,3100.7,0.0014825411399094096,3.5969153125171056
5620260616050004,岸和田競輪,4R,11:58,3-4-6,3,4,6,2890.7,0.0015901066421439584,3.5965212704455407
7420260618030006,高知競輪,6R,22:20,3-7-6,3,7,6,1086.1,0.004230324384313796,3.5945553138032134
8720260618030006,熊本競輪,6R,22:30,7-1-5,7,1,5,1006.2,0.004558509650874691,3.5867724107101138
5620260616050005,岸和田競輪,5R,12:24,7-9-8,7,9,8,1946.5,0.0023525801544842873,3.579297270703665
5620260616050005,岸和田競輪,5R,12:24,2-6-5,2,6,5,2027.2,0.002255530236634137,3.5724108957047234
5620260616050005,岸和田競輪,5R,12:24,5-7-6,5,7,6,2022.0,0.0022601255717494178,3.5699739060773226
5620260616050004,岸和田競輪,4R,11:58,6-8-7,6,8,7,2079.0,0.002196765326354181,3.5670751134903425
8720260618030006,熊本競輪,6R,22:30,7-2-3,7,2,3,882.8,0.005163471979425954,3.5583130634372315
8720260618030005,熊本競輪,5R,22:10,5-6-4,5,6,4,1057.5,0.004309332944654429,3.557119588972059
5620260616050009,岸和田競輪,9R,14:36,5-8-9,5,8,9,2290.8,0.00198682562729589,3.5514201470094253
5620260616050009,岸和田競輪,9R,14:36,9-5-7,9,5,7,2239.0,0.0020316769727027274,3.5489247418814065
5620260616050005,岸和田競輪,5R,12:24,3-7-5,3,7,5,1654.3,0.002746388193985036,3.543349989309445
8720260618030005,熊本競輪,5R,22:10,6-4-5,6,4,5,1008.0,0.004491121780860445,3.5270507551073287
5620260616050009,岸和田競輪,9R,14:36,5-8-3,5,8,3,2756.5,0.0016380743203769305,3.515351864119009
7420260618030006,高知競輪,6R,22:20,5-6-3,5,6,3,1009.8,0.004455756945388207,3.499423363453011
5620260616050004,岸和田競輪,4R,11:58,6-2-3,6,2,3,2812.3,0.001598003990165245,3.4940666215417187
7420260618030009,高知競輪,9R,23:20,4-5-7,4,5,7,1010.0,0.004439759553540772,3.4841571490761796
7420260618030006,高知競輪,6R,22:20,5-3-6,5,3,6,1006.5,0.004452137403225291,3.481076296346255
5620260616050004,岸和田競輪,4R,11:58,6-7-5,6,7,5,1612.3,0.0027737974073994615,3.472193559950152
8720260618030005,熊本競輪,5R,22:10,3-6-7,3,6,7,1130.3,0.003954730777918668,3.47003219828147
5620260616050005,岸和田競輪,5R,12:24,5-6-2,5,6,2,2138.0,0.0020838693183469195,3.455312602625714
7420260618030009,高知競輪,9R,23:20,3-6-4,3,6,4,968.5,0.0045720277264755,3.428008853091521
5620260616050005,岸和田競輪,5R,12:24,7-3-8,7,3,8,3274.1,0.0013515058593256907,3.4249653340182435
5620260616050004,岸和田競輪,4R,11:58,2-3-5,2,3,5,1971.6,0.0022440202485655854,3.424310322071908
5620260616050004,岸和田競輪,4R,11:58,6-8-1,6,8,1,3168.4,0.0013936867609876372,3.41575713351323
8720260618030006,熊本競輪,6R,22:30,3-7-4,3,7,4,995.5,0.004429279201311717,3.409347444905814
5620260616050004,岸和田競輪,4R,11:58,2-3-4,2,3,4,2402.5,0.0018352246563549685,3.409127236892812
5620260616050005,岸和田競輪,5R,12:24,6-4-3,6,4,3,3639.6,0.001211156154883712,3.4081239413147584
5620260616050009,岸和田競輪,9R,14:36,7-9-1,7,9,1,1402.4,0.0031325615606273703,3.3931043326238246
5620260616050009,岸和田競輪,9R,14:36,5-6-9,5,6,9,1999.4,0.0021931990800727053,3.3850822406973675
5620260616050005,岸和田競輪,5R,12:24,9-6-2,9,6,2,2059.2,0.0021268352418001416,3.379579129914851
5620260616050004,岸和田競輪,4R,11:58,1-5-8,1,5,8,2371.1,0.0018418597957299944,3.36723376165539
8720260618030005,熊本競輪,5R,22:10,1-7-5,1,7,5,1023.0,0.004267243614232034,3.36539021735937
5620260616050005,岸和田競輪,5R,12:24,9-8-6,9,8,6,2784.7,0.0015668749273585534,3.3632766102153635
5620260616050004,岸和田競輪,4R,11:58,6-8-4,6,8,4,2985.9,0.0014607957006158622,3.361789882468903
5620260616050009,岸和田競輪,9R,14:36,4-3-2,4,3,2,2491.1,0.0017487306700355505,3.3562629721255597
8720260618030006,熊本競輪,6R,22:30,7-4-1,7,4,1,874.6,0.004974491342110523,3.3506901278098633
5620260616050004,岸和田競輪,4R,11:58,8-5-6,8,5,6,2340.5,0.0018527280106915075,3.3363099090234734
7420260618030009,高知競輪,9R,23:20,5-3-2,5,3,2,930.3,0.004661095570132838,3.3362172088945794
7420260618030009,高知競輪,9R,23:20,2-6-5,2,6,5,918.2,0.004721762047934048,3.3355219124130437
5620260616050005,岸和田競輪,5R,12:24,2-8-9,2,8,9,2001.3,0.002160367239259096,3.323542955929229
5620260616050004,岸和田競輪,4R,11:58,2-1-3,2,1,3,2563.8,0.0016852726854349922,3.3207021109182335
8720260618030005,熊本競輪,5R,22:10,3-7-1,3,7,1,939.4,0.0045983737127140165,3.319712265723547
5620260616050004,岸和田競輪,4R,11:58,2-5-8,2,5,8,2394.6,0.001802728163133024,3.316812859438339
5620260616050009,岸和田競輪,9R,14:36,8-9-2,8,9,2,2008.9,0.0021461916353006623,3.3114843761555006
5620260616050005,岸和田競輪,5R,12:24,9-6-4,9,6,4,2755.3,0.0015640654139740028,3.30946943512257
5620260616050005,岸和田競輪,5R,12:24,2-6-8,2,6,8,2887.5,0.0014922561496907556,3.3088896322320567
7420260618030006,高知競輪,6R,22:20,5-7-3,5,7,3,1013.0,0.004220204601709386,3.275067261531608
5620260616050009,岸和田競輪,9R,14:36,5-9-7,5,9,7,2038.1,0.0020971936068265515,3.2742902900731945
7420260618030009,高知競輪,9R,23:20,6-2-1,6,2,1,768.5,0.005543142418682113,3.259904948757204
8720260618030006,熊本競輪,6R,22:30,6-5-3,6,5,3,985.0,0.004319503929968907,3.254711371019374
8720260618030005,熊本競輪,5R,22:10,5-1-7,5,1,7,902.5,0.004711662765331115,3.2522756457113307
8720260618030006,熊本競輪,6R,22:30,3-7-5,3,7,5,1063.4,0.003996432643647577,3.249806473254834
5620260616050004,岸和田競輪,4R,11:58,2-5-3,2,5,3,1904.3,0.002230660500109009,3.2478467903575856
5620260616050004,岸和田競輪,4R,11:58,3-2-6,3,2,6,3010.6,0.0014099593348444336,3.244823573482652
8720260618030006,熊本競輪,6R,22:30,7-2-5,7,2,5,935.8,0.004531117261240749,3.2402195330690926
7420260618030009,高知競輪,9R,23:20,3-6-2,3,6,2,883.8,0.004789429621250271,3.2328978992609896
5620260616050004,岸和田競輪,4R,11:58,1-4-3,1,4,3,2333.0,0.0018142781499891234,3.232710923924625
5620260616050009,岸和田競輪,9R,14:36,4-5-8,4,5,8,2332.1,0.0018147987241618393,3.232292104617825
8720260618030005,熊本競輪,5R,22:10,6-3-2,6,3,2,805.5,0.005251292798884559,3.2299163495015124
5620260616050009,岸和田競輪,9R,14:36,6-4-9,6,4,9,2144.7,0.001971661588281299,3.2286226083869014
7420260618030006,高知競輪,6R,22:20,5-3-7,5,3,7,993.9,0.0042531533751415124,3.227209139553149
5620260616050004,岸和田競輪,4R,11:58,6-1-4,6,1,4,3141.0,0.001344237400351717,3.2222496745047424
8720260618030006,熊本競輪,6R,22:30,6-5-2,6,5,2,935.8,0.004503606134913616,3.2144746210521618
5620260616050009,岸和田競輪,9R,14:36,6-8-2,6,8,2,3057.2,0.001377815146089025,3.2122564646233673
8720260618030005,熊本競輪,5R,22:10,6-7-4,6,7,4,1077.3,0.003909101773746564,3.2112753408571733
7420260618030009,高知競輪,9R,23:20,2-6-4,2,6,4,872.9,0.004810268427784663,3.1988833106132324
5620260616050005,岸和田競輪,5R,12:24,3-9-8,3,9,8,1971.1,0.0021279432575090082,3.194388954876006
5620260616050009,岸和田競輪,9R,14:36,5-6-8,5,6,8,2854.8,0.0014663831058625645,3.18623049061645
5620260616050009,岸和田競輪,9R,14:36,5-7-2,5,7,2,2788.5,0.0015009516754268622,3.185403746927805
5620260616050004,岸和田競輪,4R,11:58,6-1-8,6,1,8,3023.2,0.0013813811020396858,3.1761913476863777
5620260616050009,岸和田競輪,9R,14:36,9-8-5,9,8,5,2139.3,0.0019411649675999429,3.152734215186558
7420260618030009,高知競輪,9R,23:20,6-1-5,6,1,5,794.4,0.0052228971817882015,3.149069521212547
5620260616050009,岸和田競輪,9R,14:36,2-3-7,2,3,7,2619.1,0.0015824701365214227,3.1446475345632585
5620260616050009,岸和田競輪,9R,14:36,5-3-4,5,3,4,2281.5,0.0018138423149936353,3.138281241657979
7420260618030006,高知競輪,6R,22:20,3-7-4,3,7,4,987.7,0.004188253766241177,3.13673824491641
8720260618030006,熊本競輪,6R,22:30,3-5-6,3,5,6,995.5,0.0041527311482258775,3.1340438580588614
5620260616050009,岸和田競輪,9R,14:36,9-7-2,9,7,2,2677.5,0.001541985459361101,3.1286660674393483
5620260616050009,岸和田競輪,9R,14:36,2-4-8,2,4,8,3024.2,0.0013651195559799374,3.1283945611945265
5620260616050004,岸和田競輪,4R,11:58,1-6-2,1,6,2,3100.7,0.001331246044770324,3.1277946110193433
5620260616050005,岸和田競輪,5R,12:24,2-8-6,2,8,6,2794.7,0.001475780740929217,3.124364436674882
7420260618030009,高知競輪,9R,23:20,5-2-4,5,2,4,785.6,0.005245586687893152,3.1209329020088603
5620260616050005,岸和田競輪,5R,12:24,6-9-3,6,9,3,1946.5,0.0021145668756684015,3.116004423488543
5620260616050004,岸和田競輪,4R,11:58,6-7-3,6,7,3,1425.4,0.0028845493349373853,3.1116366220197493
8720260618030006,熊本競輪,6R,22:30,4-7-5,4,7,5,1039.8,0.003945339125913235,3.102363623124581
5620260616050005,岸和田競輪,5R,12:24,7-4-6,7,4,6,2784.7,0.001472168859546636,3.0995486231795173
5620260616050009,岸和田競輪,9R,14:36,4-5-2,4,5,2,1982.8,0.002061584489612154,3.087709726002979
7420260618030006,高知競輪,6R,22:20,7-5-4,7,5,4,952.0,0.004286634447844181,3.08087599434766
8720260618030005,熊本競輪,5R,22:10,2-7-3,2,7,3,921.8,0.004426558280879911,3.0804014233151022
7420260618030009,高知競輪,9R,23:20,6-7-5,6,7,5,955.4,0.004262159065565122,3.072066771240917
5620260616050004,岸和田競輪,4R,11:58,2-3-7,2,3,7,1474.7,0.0027598369090566077,3.0699314897857795
5620260616050009,岸和田競輪,9R,14:36,6-9-4,6,9,4,1966.6,0.0020686250349033373,3.068157993640903
8720260618030005,熊本競輪,5R,22:10,6-5-4,6,5,4,900.1,0.004504529017277541,3.0545265684515144
5620260616050005,岸和田競輪,5R,12:24,7-1-6,7,1,6,2557.2,0.001583361399918344,3.048971771871189
5620260616050009,岸和田競輪,9R,14:36,6-7-3,6,7,3,2720.8,0.0014876352790035054,3.047558067112738
5620260616050004,岸和田競輪,4R,11:58,4-1-6,4,1,6,2913.9,0.0013888097697835934,3.046852788172413
5620260616050009,岸和田競輪,9R,14:36,5-7-8,5,7,8,3062.8,0.0013212774927821157,3.0468087048930643
5620260616050009,岸和田競輪,9R,14:36,6-7-8,6,7,8,3342.9,0.001206401902927824,3.032880921297423
7420260618030006,高知競輪,6R,22:20,7-3-6,7,3,6,949.1,0.004242219040644747,3.0262900914759294
5620260616050009,岸和田競輪,9R,14:36,4-6-1,4,6,1,1831.6,0.002198103844075266,3.0260470008082576
5620260616050004,岸和田競輪,4R,11:58,4-8-6,4,8,6,2657.7,0.0015091770850570818,3.0109399389562057
7420260618030009,高知競輪,9R,23:20,6-3-1,6,3,1,851.8,0.004702728231164583,3.0057839073059913
5620260616050009,岸和田競輪,9R,14:36,8-5-2,8,5,2,1971.2,0.0020238066054526983,2.989327580668359
5620260616050009,岸和田競輪,9R,14:36,9-5-4,9,5,4,1811.9,0.0021997558447705303,2.985737615139724
7420260618030009,高知競輪,9R,23:20,4-5-2,4,5,2,776.9,0.005127724250337754,2.9837289700874012
5620260616050004,岸和田競輪,4R,11:58,1-3-4,1,3,4,2121.5,0.0018751390595352032,2.9781075148039338
5620260616050009,岸和田競輪,9R,14:36,8-1-5,8,1,5,1329.2,0.0029928562968508463,2.978104589774145
5620260616050005,岸和田競輪,5R,12:24,8-3-1,8,3,1,3142.6,0.0012646588560562434,2.9743169210423503
5620260616050005,岸和田競輪,5R,12:24,9-7-6,9,7,6,1719.8,0.002307700021012992,2.9687824961381435
5620260616050004,岸和田競輪,4R,11:58,6-8-3,6,8,3,2134.0,0.0018575061112594646,2.9639180414276973
7420260618030006,高知競輪,6R,22:20,3-5-6,3,5,6,873.1,0.004535651245219498,2.960077102201144
7420260618030009,高知競輪,9R,23:20,3-5-7,3,5,7,918.2,0.0043095320809822075,2.957012356757863
7420260618030006,高知競輪,6R,22:20,3-6-7,3,6,7,926.8,0.004266697480442541,2.9543752248741466
5620260616050009,岸和田競輪,9R,14:36,2-8-5,2,8,5,2212.4,0.0017864316106401457,2.9523012953802583
7420260618030006,高知競輪,6R,22:20,3-6-5,3,6,5,868.3,0.0045243192634012875,2.9284664164113376
7420260618030009,高知競輪,9R,23:20,6-7-2,6,7,2,862.2,0.004548516861862689,2.9217312382980105
8720260618030005,熊本競輪,5R,22:10,7-4-2,7,4,2,857.6,0.0045586913928071975,2.9095337384714526
8720260618030005,熊本競輪,5R,22:10,3-5-6,3,5,6,866.2,0.004512225883248562,2.9084900600699046
7420260618030006,高知競輪,6R,22:20,3-7-5,3,7,5,910.8,0.0042852636620321575,2.9030181433788886
8720260618030005,熊本競輪,5R,22:10,4-6-5,4,6,5,895.4,0.0043511995280103855,2.896064057380499
5620260616050004,岸和田競輪,4R,11:58,1-5-3,1,5,3,1707.2,0.0022790812154026207,2.8908474509353543
5620260616050009,岸和田競輪,9R,14:36,7-1-8,7,1,8,1823.7,0.0021297276208499397,2.8839842621440352
5620260616050005,岸和田競輪,5R,12:24,6-3-7,6,3,7,2255.1,0.0017218328357229747,2.8829052278388803
7420260618030009,高知競輪,9R,23:20,2-6-3,2,6,3,883.8,0.004392795563790494,2.8823527192780385
5620260616050009,岸和田競輪,9R,14:36,8-6-1,8,6,1,1796.4,0.002158538995545468,2.8775994515978787
5620260616050009,岸和田競輪,9R,14:36,8-5-7,8,5,7,2183.7,0.0017729732460472418,2.8716416773933617
7420260618030006,高知競輪,6R,22:20,5-3-2,5,3,2,782.3,0.004948034771643505,2.8708476018567137
7420260618030006,高知競輪,6R,22:20,2-6-5,2,6,5,818.8,0.00471905122048909,2.8639591393364667
5620260616050005,岸和田競輪,5R,12:24,6-2-3,6,2,3,2248.6,0.0017153489570631627,2.857133664852227
5620260616050004,岸和田競輪,4R,11:58,3-1-6,3,1,6,2554.8,0.0015084483458314877,2.8537838339302852
5620260616050009,岸和田競輪,9R,14:36,2-9-3,2,9,3,1570.0,0.0024520820545671476,2.849768825670422
5620260616050009,岸和田競輪,9R,14:36,8-3-2,8,3,2,2241.9,0.0017170167882712003,2.849379937625204
5620260616050009,岸和田競輪,9R,14:36,2-1-8,2,1,8,1731.7,0.0022152390955302143,2.8361295417296724
5620260616050004,岸和田競輪,4R,11:58,5-6-2,5,6,2,2687.3,0.0014210694522862931,2.8188399391289556
7420260618030009,高知競輪,9R,23:20,2-6-7,2,6,7,872.9,0.004362937989864985,2.8084085713531453
5620260616050004,岸和田競輪,4R,11:58,5-1-6,5,1,6,2545.8,0.001494910365436061,2.8057428083271247
7420260618030006,高知競輪,6R,22:20,2-5-6,2,5,6,804.2,0.004731140460616354,2.8047831584276723
7420260618030006,高知競輪,6R,22:20,7-4-5,7,4,5,890.3,0.00426790508803283,2.799715899875628
5620260616050009,岸和田競輪,9R,14:36,4-3-9,4,3,9,1650.1,0.0023024004456950143,2.799190975441343
7420260618030009,高知競輪,9R,23:20,5-1-3,5,1,3,768.5,0.004940344516697138,2.7966547610817507
5620260616050009,岸和田競輪,9R,14:36,2-4-5,2,4,5,1952.9,0.0019417278716695207,2.7920003605834074
5620260616050005,岸和田競輪,5R,12:24,3-9-5,3,9,5,1178.5,0.003216364938518064,2.790486080043538
5620260616050009,岸和田競輪,9R,14:36,8-9-6,8,9,6,1835.6,0.0020633500363485035,2.787485326721313
5620260616050005,岸和田競輪,5R,12:24,7-3-5,7,3,5,1849.9,0.0020427875812936125,2.778952746635054
8720260618030006,熊本競輪,6R,22:30,5-1-2,5,1,2,683.0,0.005530870954864216,2.7775848621722594
5620260616050005,岸和田競輪,5R,12:24,7-8-2,7,8,2,2059.2,0.0018302596828886576,2.7688707390043232
5620260616050005,岸和田競輪,5R,12:24,3-8-1,3,8,1,2887.5,0.001303776643604164,2.764655058407024
5620260616050005,岸和田競輪,5R,12:24,3-5-7,3,5,7,1351.5,0.0027817867529025928,2.759584796547854
5620260616050009,岸和田競輪,9R,14:36,6-9-8,6,9,8,1957.5,0.0019198005346244052,2.758009546527273
5620260616050004,岸和田競輪,4R,11:58,5-6-7,5,6,7,1577.3,0.0023798956222827465,2.753809365026576
7420260618030006,高知競輪,6R,22:20,3-6-2,3,6,2,756.1,0.004963791716683858,2.753122916984665
8720260618030006,熊本競輪,6R,22:30,6-5-1,6,5,1,828.1,0.004525964800630416,2.7479514514020473
5620260616050004,岸和田競輪,4R,11:58,2-6-4,2,6,4,2582.1,0.0014512675352985375,2.7473179028943537
8720260618030006,熊本競輪,6R,22:30,3-4-7,3,4,7,828.1,0.004511043591118335,2.735595197805093
5620260616050009,岸和田競輪,9R,14:36,5-9-4,5,9,4,1640.4,0.002270692613154459,2.7248441626185747
8720260618030006,熊本競輪,6R,22:30,7-2-1,7,2,1,688.1,0.005410272292098957,2.7228083641932925
5620260616050004,岸和田競輪,4R,11:58,2-6-1,2,6,1,2687.3,0.0013845963194880774,2.7208256893603107
5620260616050009,岸和田競輪,9R,14:36,9-6-5,9,6,5,1733.5,0.0021429918828176284,2.714876428864359
5620260616050005,岸和田競輪,5R,12:24,7-9-3,7,9,3,1590.5,0.0023333967729429034,2.711267567365688
7420260618030009,高知競輪,9R,23:20,3-4-6,3,4,6,803.4,0.004617688756765828,2.709851147185666
5620260616050005,岸和田競輪,5R,12:24,8-5-2,8,5,2,1422.7,0.002606151924659647,2.7077723432132803
5620260616050009,岸和田競輪,9R,14:36,4-9-3,4,9,3,1561.2,0.0023733720369632345,2.7053084241070016
5620260616050009,岸和田競輪,9R,14:36,4-2-1,4,2,1,1612.1,0.0022976497416277468,2.7040411484780904
5620260616050005,岸和田競輪,5R,12:24,8-2-5,8,2,5,1449.1,0.002555030091896632,2.7024941061674093
5620260616050009,岸和田競輪,9R,14:36,6-5-3,6,5,3,1658.2,0.0022321393093406748,2.701333402748707
5620260616050004,岸和田競輪,4R,11:58,1-3-9,1,3,9,1400.7,0.002641533409855491,2.699995847184586
8720260618030006,熊本競輪,6R,22:30,3-5-4,3,5,4,843.0,0.004388269566828135,2.699311244836118
5620260616050004,岸和田競輪,4R,11:58,1-3-5,1,3,5,1612.3,0.002292825569830043,2.6967226662369783
5620260616050009,岸和田競輪,9R,14:36,6-9-2,6,9,2,1689.9,0.0021808649921542735,2.685443750241507
5620260616050009,岸和田競輪,9R,14:36,4-2-8,4,2,8,2627.3,0.0014026199292407919,2.685103340094333
5620260616050005,岸和田競輪,5R,12:24,2-9-6,2,9,6,1443.7,0.002544200702518151,2.6730625542254542
7420260618030006,高知競輪,6R,22:20,6-5-2,6,5,2,735.0,0.004991609412895745,2.668832918478372
7420260618030009,高知競輪,9R,23:20,7-6-4,7,6,4,822.1,0.00445105048704741,2.659208605401676
5620260616050004,岸和田競輪,4R,11:58,4-1-3,4,1,3,2140.3,0.0017066615470423872,2.652767709134822
8720260618030006,熊本競輪,6R,22:30,4-5-7,4,5,7,926.5,0.00393974718087662,2.650175763082188
5620260616050005,岸和田競輪,5R,12:24,3-2-9,3,2,9,1317.3,0.0027691725047059045,2.647830940449088
7420260618030006,高知競輪,6R,22:20,5-2-7,5,2,7,750.7,0.004855120677058526,2.6447390922678355
5620260616050009,岸和田競輪,9R,14:36,7-1-9,7,1,9,1143.0,0.0031853317459668664,2.6408341856401285
5620260616050005,岸和田競輪,5R,12:24,8-1-3,8,1,3,2855.9,0.0012733428258793827,2.636539776428929
5620260616050004,岸和田競輪,4R,11:58,1-8-5,1,8,5,2021.1,0.0017987663792265853,2.6354867290548514
5620260616050009,岸和田競輪,9R,14:36,5-4-1,5,4,1,1535.6,0.0023659211985378203,2.6331085924746764
8720260618030005,熊本競輪,5R,22:10,5-3-1,5,3,1,665.5,0.005452658707933307,2.6287443701296156
8720260618030006,熊本競輪,6R,22:30,7-1-2,7,1,2,668.4,0.005416090720987789,2.6201150379082376
5620260616050009,岸和田競輪,9R,14:36,8-2-7,8,2,7,2635.5,0.0013706894250508255,2.6124519797214507
8720260618030006,熊本競輪,6R,22:30,7-1-4,7,1,4,714.3,0.005052233775963152,2.6088105861704793
7420260618030009,高知競輪,9R,23:20,5-7-1,5,7,1,760.2,0.00474204283955569,2.6049009666302356
5620260616050004,岸和田競輪,4R,11:58,1-2-3,1,2,3,2239.4,0.0016094984802596556,2.604310896693473
7420260618030006,高知競輪,6R,22:20,5-7-4,5,7,4,856.5,0.004195907806328848,2.593795036120658
5620260616050004,岸和田競輪,4R,11:58,8-6-4,8,6,4,2418.5,0.0014807234268469902,2.581129607829446
7420260618030009,高知競輪,9R,23:20,2-4-6,2,4,6,736.5,0.004859645867439735,2.5791291813693644
5620260616050005,岸和田競輪,5R,12:24,3-5-9,3,5,9,1124.3,0.003181443401118971,2.576896815878059
5620260616050004,岸和田競輪,4R,11:58,6-1-2,6,1,2,2961.5,0.0012070563671237571,2.574697431237007
5620260616050004,岸和田競輪,4R,11:58,5-6-9,5,6,9,1601.7,0.002229391570417047,2.5708164783369845
5620260616050009,岸和田競輪,9R,14:36,9-5-6,9,5,6,1596.8,0.002229594565879197,2.5602166027959017
5620260616050005,岸和田競輪,5R,12:24,2-8-3,2,8,3,2661.6,0.0013362169726701353,2.556475094458832
7420260618030006,高知競輪,6R,22:20,3-5-7,3,5,7,814.6,0.0043329346457490585,2.529608562427183
5620260616050004,岸和田競輪,4R,11:58,4-6-9,4,6,9,1703.2,0.0020706098942616033,2.526662771906363
5620260616050005,岸和田競輪,5R,12:24,7-3-6,7,3,6,2378.5,0.0014804950212146326,2.5213574079590035
8720260618030005,熊本競輪,5R,22:10,5-4-7,5,4,7,857.6,0.004104052840828157,2.519635716294227
8720260618030005,熊本競輪,5R,22:10,4-5-6,4,5,6,798.0,0.004403028848233522,2.5136170208903508
5620260616050009,岸和田競輪,9R,14:36,8-6-4,8,6,4,2469.1,0.0014198476519151576,2.5057458373437154
7420260618030006,高知競輪,6R,22:20,7-6-3,7,6,3,825.2,0.004245629946202956,2.5034938316066797
5620260616050004,岸和田競輪,4R,11:58,6-4-2,6,4,2,2748.3,0.001272192765693892,2.4963673779565236
7420260618030006,高知競輪,6R,22:20,3-5-2,3,5,2,691.6,0.005040850728716509,2.486252363980338
7420260618030009,高知競輪,9R,23:20,7-5-4,7,5,4,752.1,0.004625627896585598,2.478934741022028
8720260618030006,熊本競輪,6R,22:30,5-4-2,5,4,2,688.1,0.005054929752210191,2.4782971624958328
7420260618030006,高知競輪,6R,22:20,7-3-5,7,3,5,808.3,0.004297312794419354,2.473517931729164
5620260616050004,岸和田競輪,4R,11:58,6-2-7,6,2,7,1836.9,0.0018898671372824807,2.4714969444741888
7420260618030009,高知競輪,9R,23:20,7-6-5,7,6,5,794.4,0.00436915352619063,2.4708555612058363
7420260618030009,高知競輪,9R,23:20,5-1-7,5,1,7,707.0,0.004906765284638025,2.469083056239084
5620260616050004,岸和田競輪,4R,11:58,6-3-9,6,3,9,1321.6,0.002623833306357006,2.467658097681419
5620260616050004,岸和田競輪,4R,11:58,2-1-8,2,1,8,2545.8,0.0013619681401289057,2.4672984911401685
5620260616050009,岸和田競輪,9R,14:36,2-3-8,2,3,8,2175.2,0.001590119183472446,2.4588272478892645
5620260616050009,岸和田競輪,9R,14:36,7-8-6,7,8,6,2619.1,0.0013202763498367414,2.457935787857409
8720260618030005,熊本競輪,5R,22:10,6-2-3,6,2,3,646.8,0.005309547076273831,2.434215048933914
5620260616050005,岸和田競輪,5R,12:24,5-8-6,5,8,6,2229.4,0.0015354133625109254,2.4230505503818573
7420260618030006,高知競輪,6R,22:20,5-2-3,5,2,3,675.3,0.005060861247084519,2.4175996001561755
5620260616050004,岸和田競輪,4R,11:58,2-6-7,2,6,7,1563.7,0.0021824367359948,2.412676324075069
5620260616050005,岸和田競輪,5R,12:24,3-9-2,3,9,2,1194.6,0.00285552948992267,2.4112155286616215
5620260616050004,岸和田競輪,4R,11:58,4-6-2,4,6,2,2582.1,0.0013198580758006875,2.408005537524955
5620260616050009,岸和田競輪,9R,14:36,2-1-6,2,1,6,1407.1,0.0024193443812978456,2.4042594789241982
5620260616050009,岸和田競輪,9R,14:36,9-4-7,9,4,7,2303.4,0.0014767648128819469,2.4015800699922765
8720260618030005,熊本競輪,5R,22:10,3-6-5,3,6,5,762.7,0.004458534427200857,2.400524207626094
8720260618030006,熊本競輪,6R,22:30,5-1-4,5,1,4,659.0,0.005159302989585496,2.399980670136842
7420260618030006,高知競輪,6R,22:20,5-4-7,5,4,7,804.2,0.0042239965368540185,2.396938014938002
7420260618030009,高知競輪,9R,23:20,4-2-7,4,2,7,707.0,0.004802788977259191,2.395571806922248
5620260616050009,岸和田競輪,9R,14:36,2-6-3,2,6,3,1985.2,0.0017090007528242936,2.3927082945067877
5620260616050005,岸和田競輪,5R,12:24,3-8-6,3,8,6,2500.0,0.0013560837128883006,2.3902092822207517
5620260616050005,岸和田競輪,5R,12:24,7-5-8,7,5,8,1546.4,0.002192156059645258,2.3899501306354276
8720260618030006,熊本競輪,6R,22:30,4-5-3,4,5,3,760.8,0.004454352434610846,2.3888713322519317
5620260616050009,岸和田競輪,9R,14:36,9-2-7,9,2,7,2161.3,0.001567652613098662,2.3881675926901385
7420260618030006,高知競輪,6R,22:20,3-5-4,3,5,4,754.3,0.004490544148478694,2.3872174511974786
5620260616050009,岸和田競輪,9R,14:36,8-4-5,8,4,5,1833.6,0.0018461945005054286,2.3851822361267536
7420260618030009,高知競輪,9R,23:20,5-3-4,5,3,4,760.2,0.004449519017430798,2.382524357050893
7420260618030009,高知競輪,9R,23:20,7-1-5,7,1,5,667.0,0.005063883313131672,2.3776101698588255
7420260618030006,高知競輪,6R,22:20,3-2-6,3,2,6,665.4,0.005072484552139811,2.3752312209938298
5620260616050004,岸和田競輪,4R,11:58,8-6-1,8,6,1,2386.7,0.0014126990076783964,2.3716887216260285
8720260618030006,熊本競輪,6R,22:30,6-3-5,6,3,5,760.8,0.004429140513706448,2.369690102827865
5620260616050004,岸和田競輪,4R,11:58,2-8-6,2,8,6,2260.3,0.0014901039330688908,2.368081919915614
8720260618030006,熊本競輪,6R,22:30,4-3-7,4,3,7,731.1,0.004604770895487733,2.3665480016910814
5620260616050009,岸和田競輪,9R,14:36,6-2-1,6,2,1,1464.7,0.0022916501502634437,2.3565799750908663
8720260618030006,熊本競輪,6R,22:30,7-4-2,7,4,2,678.1,0.004949916915677982,2.3565386605212395
5620260616050005,岸和田競輪,5R,12:24,6-3-8,6,3,8,2726.5,0.0012279949750939956,2.348128299593779
5620260616050004,岸和田競輪,4R,11:58,6-2-1,6,2,1,2790.6,0.0011989823299093452,2.3458800898450187
5620260616050004,岸和田競輪,4R,11:58,3-7-6,3,7,6,1309.7,0.002550879902323566,2.3408874080731743
8720260618030006,熊本競輪,6R,22:30,3-5-2,3,5,2,708.9,0.004704308457610911,2.3348842656003748
5620260616050004,岸和田競輪,4R,11:58,8-6-7,8,6,7,1496.0,0.0022267329241497965,2.3311924545280958
7420260618030009,高知競輪,9R,23:20,3-5-4,3,5,4,700.0,0.004751386830578208,2.3259707814047452
5620260616050009,岸和田競輪,9R,14:36,3-7-4,3,7,4,2409.0,0.001379642030613088,2.323557651746929
8720260618030006,熊本競輪,6R,22:30,3-6-5,3,6,5,793.0,0.0041896034500829415,2.3223555359157726
5620260616050009,岸和田競輪,9R,14:36,9-5-8,9,5,8,1626.2,0.0020414973112954527,2.319882927628665
5620260616050004,岸和田競輪,4R,11:58,2-5-1,2,5,1,1982.4,0.001673664484017265,2.317872473115826
5620260616050004,岸和田競輪,4R,11:58,5-2-6,5,2,6,2371.1,0.0013973629293303237,2.3132872417351305
5620260616050009,岸和田競輪,9R,14:36,9-6-7,9,6,7,2209.5,0.0014993695808631666,2.3128570889171667
7420260618030006,高知競輪,6R,22:20,7-5-3,7,5,3,761.6,0.0043114566043017995,2.2836053498362507
7420260618030006,高知競輪,6R,22:20,7-5-6,7,5,6,757.9,0.0043296932906788255,2.281474545005482
5620260616050005,岸和田競輪,5R,12:24,4-7-6,4,7,6,1679.2,0.0019540757044901593,2.281283922979876
7420260618030006,高知競輪,6R,22:20,5-7-6,5,7,6,772.7,0.004238055308519578,2.274745336893078
7420260618030009,高知競輪,9R,23:20,7-3-5,7,3,5,785.6,0.004167019712995295,2.273610686529104
8720260618030005,熊本競輪,5R,22:10,2-6-7,2,6,7,809.3,0.004042210666109842,2.271361092082695
5620260616050004,岸和田競輪,4R,11:58,6-2-4,6,2,4,2600.6,0.0012567158429522436,2.2682152211816047
7420260618030009,高知競輪,9R,23:20,7-6-2,7,6,2,700.0,0.00466269986179174,2.263889903254218
5620260616050004,岸和田競輪,4R,11:58,1-4-8,1,4,8,2225.6,0.001466225056023739,2.2632304846864337
5620260616050004,岸和田競輪,4R,11:58,2-4-3,2,4,3,1832.2,0.0017760560295063566,2.2540898572615466
8720260618030006,熊本競輪,6R,22:30,6-5-4,6,5,4,773.4,0.0042010505732990545,2.249092513389489
7420260618030009,高知競輪,9R,23:20,6-1-3,6,1,3,667.0,0.004859016472533084,2.240963987179567
5620260616050009,岸和田競輪,9R,14:36,3-5-7,3,5,7,1688.2,0.0019134439215803868,2.230276028412009
5620260616050005,岸和田競輪,5R,12:24,8-5-1,8,5,1,1577.6,0.0020454027603702216,2.2268273947600616
5620260616050004,岸和田競輪,4R,11:58,6-8-2,6,8,2,2459.5,0.0013117197535450452,2.2261747338440387
5620260616050009,岸和田競輪,9R,14:36,3-4-5,3,4,5,1616.8,0.0019903614555106825,2.2180164012696713
5620260616050005,岸和田競輪,5R,12:24,1-6-8,1,6,8,2301.5,0.0013977822426169402,2.2169958313828877
5620260616050004,岸和田競輪,4R,11:58,6-4-9,6,4,9,1608.8,0.0019958319582624585,2.210894454452643
5620260616050009,岸和田競輪,9R,14:36,5-9-6,5,9,6,1394.2,0.0023014935603452562,2.2087423218333564
5620260616050005,岸和田競輪,5R,12:24,6-1-3,6,1,3,2460.7,0.0013022856190551674,2.20453422280905
7420260618030006,高知競輪,6R,22:20,3-4-7,3,4,7,756.1,0.004216198667024625,2.187867812137319
5620260616050009,岸和田競輪,9R,14:36,9-7-3,9,7,3,1904.3,0.0016738327502673843,2.1874797063341798
5620260616050004,岸和田競輪,4R,11:58,6-7-2,6,7,2,1560.3,0.0020369894450291068,2.178314631078915
5620260616050004,岸和田競輪,4R,11:58,2-8-5,2,8,5,1804.9,0.0017608321869636157,2.1781260142506302
5620260616050009,岸和田競輪,9R,14:36,2-9-5,2,9,5,1123.2,0.0028284481373611757,2.1769129478840727
5620260616050009,岸和田競輪,9R,14:36,5-8-4,5,8,4,2215.4,0.00143137957117408,2.171078301979057
5620260616050009,岸和田競輪,9R,14:36,7-4-8,7,4,8,2409.0,0.0013138053251222806,2.164957028219574
5620260616050009,岸和田競輪,9R,14:36,7-8-2,7,8,2,2303.4,0.0013732842263251893,2.163222886917441
5620260616050005,岸和田競輪,5R,12:24,3-7-4,3,7,4,1754.5,0.001793099207083168,2.1459925588274182
5620260616050005,岸和田競輪,5R,12:24,8-9-1,8,9,1,1433.2,0.00219388585892308,2.144277213008558
5620260616050005,岸和田競輪,5R,12:24,3-5-8,3,5,8,1584.0,0.0019839441341081665,2.142567508427336
5620260616050005,岸和田競輪,5R,12:24,2-5-6,2,5,6,1324.0,0.0023709124856712708,2.1390881310287626
5620260616050005,岸和田競輪,5R,12:24,1-8-6,1,8,6,2268.1,0.0013828486716488105,2.136439072166667
7420260618030009,高知競輪,9R,23:20,5-1-4,5,1,4,579.5,0.005409854136380822,2.135010472032686
5620260616050005,岸和田競輪,5R,12:24,3-7-6,3,7,6,1568.1,0.0019904243029236816,2.1211843494146247
8720260618030006,熊本競輪,6R,22:30,5-2-4,5,2,4,607.6,0.005128308323008942,2.1159601370602337
5620260616050004,岸和田競輪,4R,11:58,1-2-8,1,2,8,2394.6,0.0013007305409057498,2.1147293532529083
7420260618030009,高知競輪,9R,23:20,7-5-1,7,5,1,625.7,0.004969653203458679,2.109512009404096
8720260618030005,熊本競輪,5R,22:10,1-7-3,1,7,3,700.7,0.004437110946357594,2.1090836401127664
5620260616050009,岸和田競輪,9R,14:36,2-5-7,2,5,7,1664.8,0.0018658549859400173,2.106275380592941
5620260616050009,岸和田競輪,9R,14:36,4-6-3,4,6,3,1876.6,0.001654660280185413,2.1051354817959456
5620260616050004,岸和田競輪,4R,11:58,2-5-7,2,5,7,1175.9,0.0026380734963960834,2.1021106244121546
5620260616050004,岸和田競輪,4R,11:58,1-6-9,1,6,9,1483.7,0.002088475482733886,2.098671073732267
5620260616050009,岸和田競輪,9R,14:36,6-4-1,6,4,1,1432.2,0.0021594621106683105,2.092781634899154
5620260616050005,岸和田競輪,5R,12:24,3-2-8,3,2,8,1786.5,0.0017268525176693701,2.0850220228163296
8720260618030005,熊本競輪,5R,22:10,3-6-2,3,6,2,631.4,0.004884082281213833,2.083809552358414
5620260616050009,岸和田競輪,9R,14:36,8-6-7,8,6,7,2348.4,0.0013113599793357887,2.079597775472166
7420260618030006,高知競輪,6R,22:20,7-3-4,7,3,4,731.6,0.004200030130096625,2.0727420431786907
5620260616050005,岸和田競輪,5R,12:24,1-6-7,1,6,7,1565.0,0.0019599000088287195,2.0672435138169463
5620260616050009,岸和田競輪,9R,14:36,3-7-9,3,7,9,1601.4,0.0019150113625474247,2.066699195983446
5620260616050004,岸和田競輪,4R,11:58,2-1-6,2,1,6,2225.6,0.0013714044089981595,2.0521976526663037
5620260616050009,岸和田競輪,9R,14:36,2-3-9,2,3,9,1282.6,0.002378265213541398,2.050362962888197
5620260616050005,岸和田競輪,5R,12:24,9-8-7,9,8,7,1516.5,0.002005578700794251,2.0414600997544814
7420260618030006,高知競輪,6R,22:20,6-7-3,6,7,3,728.2,0.004171319258516121,2.03755468405144
7420260618030006,高知競輪,6R,22:20,5-4-2,5,4,2,617.3,0.004914114280903407,2.033482745601673
5620260616050004,岸和田競輪,4R,11:58,1-8-2,1,8,2,2296.1,0.001320957370132153,2.0330502175604366
7420260618030006,高知競輪,6R,22:20,5-7-2,5,7,2,642.4,0.004710107333055747,2.0257729507550115
5620260616050005,岸和田競輪,5R,12:24,8-1-9,8,1,9,1465.4,0.002058713653276214,2.0168389875109645
5620260616050005,岸和田競輪,5R,12:24,2-8-5,2,8,5,1473.6,0.0020362828156012002,2.0006663570699286
5620260616050004,岸和田競輪,4R,11:58,3-6-9,3,6,9,1333.7,0.002249716811989882,2.000447312150906
7420260618030009,高知競輪,9R,23:20,2-5-6,2,5,6,631.3,0.004752115615271838,2.0000105879211114
7420260618030009,高知競輪,9R,23:20,6-1-7,6,1,7,620.2,0.004825990022422409,1.9930790119063784
7420260618030009,高知競輪,9R,23:20,5-1-2,5,1,2,527.6,0.0056670950391193905,1.9899593426393904
8720260618030006,熊本競輪,6R,22:30,3-2-7,3,2,7,607.6,0.004907952087911365,1.9820716886149454
7420260618030006,高知競輪,6R,22:20,2-6-3,2,6,3,642.4,0.004638928729219524,1.980047815650622
7420260618030006,高知競輪,6R,22:20,7-6-5,7,6,5,688.6,0.00431895947294386,1.9740354930691422
5620260616050004,岸和田競輪,4R,11:58,1-8-4,1,8,4,2021.1,0.0014710831652651635,1.9732061853174216
5620260616050009,岸和田競輪,9R,14:36,8-3-9,8,3,9,1312.6,0.002260645556414395,1.9673233573495348
5620260616050009,岸和田競輪,9R,14:36,5-9-8,5,9,8,1403.5,0.0021073306274209907,1.9576385355853607
5620260616050005,岸和田競輪,5R,12:24,2-6-4,2,6,4,2006.4,0.0014726212003527196,1.9546671763876966
5620260616050009,岸和田競輪,9R,14:36,3-7-2,3,7,2,2030.7,0.0014544989814499246,1.9536510816303618
5620260616050009,岸和田競輪,9R,14:36,6-8-4,6,8,4,2260.0,0.0013069047900362348,1.9536048254818907
7420260618030009,高知競輪,9R,23:20,4-5-1,4,5,1,561.1,0.005259023506351058,1.9508380894135788
5620260616050009,岸和田競輪,9R,14:36,8-6-3,8,6,3,1815.8,0.0016248771634640327,1.9504519534179905
7420260618030006,高知競輪,6R,22:20,5-6-7,5,6,7,690.1,0.004274615845270205,1.9499123948209687
5620260616050004,岸和田競輪,4R,11:58,3-2-1,3,2,1,2267.4,0.0013000083775400507,1.947638995234311
5620260616050009,岸和田競輪,9R,14:36,9-4-2,9,4,2,1747.9,0.001685691755176641,1.9464206188732511
5620260616050009,岸和田競輪,9R,14:36,6-1-5,6,1,5,966.9,0.003041763759516845,1.9410813790768375
5620260616050004,岸和田競輪,4R,11:58,2-8-1,2,8,1,2140.3,0.0013739031676460874,1.9405649497129214
7420260618030006,高知競輪,6R,22:20,5-3-4,5,3,4,665.4,0.004407860852473665,1.9329906112359767
5620260616050004,岸和田競輪,4R,11:58,3-6-8,3,6,8,1787.1,0.0016411291593601282,1.9328619206924849
8720260618030006,熊本競輪,6R,22:30,2-7-3,2,7,3,632.3,0.004634522781651792,1.930408754838428
7420260618030006,高知競輪,6R,22:20,2-3-6,2,3,6,632.1,0.004635087496487628,1.9298388065298298
7420260618030006,高知競輪,6R,22:20,7-4-3,7,4,3,697.7,0.004195442389032965,1.9271601548283002
8720260618030005,熊本競輪,5R,22:10,5-3-4,5,3,4,601.6,0.004863932489753664,1.9261417858358048
5620260616050009,岸和田競輪,9R,14:36,6-8-1,6,8,1,1472.4,0.001986836368643685,1.9254178691909623
5620260616050004,岸和田競輪,4R,11:58,4-6-5,4,6,5,1626.8,0.0017972694545498131,1.923797948661636
7420260618030006,高知競輪,6R,22:20,5-2-4,5,2,4,581.0,0.005031724576762919,1.9234319790992558
5620260616050005,岸和田競輪,5R,12:24,2-9-8,2,9,8,1258.0,0.0023225354408370736,1.9217495845730386
7420260618030009,高知競輪,9R,23:20,7-2-5,7,2,5,594.1,0.004910535564893814,1.917349179103415
5620260616050004,岸和田競輪,4R,11:58,1-6-7,1,6,7,1307.3,0.0022294664268751267,1.9145814598538529
7420260618030009,高知競輪,9R,23:20,6-1-2,6,1,2,519.8,0.005573803214214125,1.897262910748502
8720260618030005,熊本競輪,5R,22:10,7-4-1,7,4,1,629.1,0.004594018983452054,1.8900973424896876
5620260616050004,岸和田競輪,4R,11:58,1-5-2,1,5,2,1791.5,0.0016094245031312733,1.8832839973596762
7420260618030009,高知競輪,9R,23:20,4-3-7,4,3,7,707.0,0.0040735011307849525,1.8799652994649616
7420260618030009,高知競輪,9R,23:20,2-6-1,2,6,1,556.7,0.005168026143927814,1.8770401543246145
5620260616050009,岸和田競輪,9R,14:36,9-4-6,9,4,6,1769.9,0.0016206251515973476,1.8683444558121458
5620260616050004,岸和田競輪,4R,11:58,5-1-3,5,1,3,1560.3,0.0018370449952712796,1.8663413061217775
7420260618030006,高知競輪,6R,22:20,4-5-7,4,5,7,664.0,0.004312104469136356,1.8632373675065406
5620260616050009,岸和田競輪,9R,14:36,5-8-1,5,8,1,1315.7,0.0021760705225232317,1.863055986483816
8720260618030006,熊本競輪,6R,22:30,4-7-1,4,7,1,607.6,0.0047108379071207985,1.8623051123665975
5620260616050005,岸和田競輪,5R,12:24,2-6-1,2,6,1,1815.6,0.0015716255927895786,1.853443426268759
5620260616050005,岸和田競輪,5R,12:24,4-6-1,4,6,1,2011.6,0.0014171947143889346,1.8508288874647807
5620260616050009,岸和田競輪,9R,14:36,4-1-7,4,1,7,1334.5,0.0021335666184199515,1.8472446522814252
5620260616050004,岸和田競輪,4R,11:58,2-7-6,2,7,6,1229.7,0.0023117002256987118,1.842697767541706
5620260616050009,岸和田競輪,9R,14:36,8-9-4,8,9,4,1395.4,0.002035736170031117,1.8406662516614207
5620260616050009,岸和田競輪,9R,14:36,9-2-4,9,2,4,1673.1,0.001697343152758246,1.8398248288798214
5620260616050009,岸和田競輪,9R,14:36,3-5-4,3,5,4,1370.4,0.002071741475977723,1.8391145186798719
5620260616050004,岸和田競輪,4R,11:58,2-3-8,2,3,8,1505.3,0.0018859352206855094,1.8388982876978974
5620260616050009,岸和田競輪,9R,14:36,6-8-7,6,8,7,2351.7,0.0012070468519239195,1.8386120816694813
5620260616050004,岸和田競輪,4R,11:58,6-7-4,6,7,4,1248.8,0.0022684917380076837,1.8328924824239952
7420260618030006,高知競輪,6R,22:20,4-7-5,4,7,5,664.0,0.0042647144804321005,1.8317704150069147
7420260618030006,高知競輪,6R,22:20,2-5-3,2,5,3,600.8,0.004711212877068654,1.830496696542847
5620260616050009,岸和田競輪,9R,14:36,5-6-1,5,6,1,1175.8,0.002402101021148408,1.8243903806662978
5620260616050004,岸和田競輪,4R,11:58,1-4-9,1,4,9,1403.4,0.0020099521965617406,1.8207669126547468
7420260618030009,高知競輪,9R,23:20,6-4-1,6,4,1,535.6,0.005240425695578273,1.8067720025517229
7420260618030006,高知競輪,6R,22:20,3-2-5,3,2,5,543.0,0.005138360974894873,1.7901300093679162
5620260616050004,岸和田競輪,4R,11:58,2-4-6,2,4,6,1929.7,0.0014452800965347023,1.788957002283015
7420260618030006,高知競輪,6R,22:20,6-5-3,6,5,3,623.4,0.004472427383214621,1.7881112306959945
5620260616050005,岸和田競輪,5R,12:24,3-2-5,3,2,5,1066.1,0.002610120299131094,1.7826492509036593
8720260618030005,熊本競輪,5R,22:10,7-3-4,7,3,4,636.1,0.004373655973241373,1.7820825645788374
7420260618030009,高知競輪,9R,23:20,6-3-7,6,3,7,700.0,0.003970125360117588,1.7790877520823116
5620260616050005,岸和田競輪,5R,12:24,7-3-4,7,3,4,2075.6,0.0013337228874924579,1.7682752252793454
5620260616050004,岸和田競輪,4R,11:58,4-3-1,4,3,1,1560.3,0.0017739791647660974,1.7679396907845417
5620260616050004,岸和田競輪,4R,11:58,2-1-5,2,1,5,1707.2,0.0016205668417601116,1.7666317122528628
8720260618030006,熊本競輪,6R,22:30,6-4-5,6,4,5,645.4,0.0042833362438564095,1.7644652117849264
8720260618030006,熊本競輪,6R,22:30,2-7-5,2,7,5,678.1,0.0040669468638988415,1.7577966684098043
5620260616050009,岸和田競輪,9R,14:36,5-3-8,5,3,8,1637.2,0.001683347821521394,1.7559770533948265
8720260618030006,熊本競輪,6R,22:30,3-4-5,3,4,5,615.6,0.0044756562487898,1.7552139867550012
5620260616050005,岸和田競輪,5R,12:24,2-3-8,2,3,8,2059.2,0.001334957740569097,1.7489449793798846
7420260618030009,高知競輪,9R,23:20,6-7-3,6,7,3,693.1,0.003965213249908654,1.7482893035116884
5620260616050004,岸和田競輪,4R,11:58,1-2-6,1,2,6,2097.0,0.0013097425307965521,1.74653008708037
5620260616050004,岸和田競輪,4R,11:58,6-3-2,6,3,2,1641.5,0.0016724963927524743,1.7454028287031864
5620260616050009,岸和田競輪,9R,14:36,7-8-9,7,8,9,1517.5,0.0018080830106861289,1.7437659687162004
5620260616050009,岸和田競輪,9R,14:36,8-3-4,8,3,4,1681.4,0.0016286491490051258,1.7384106791372185
5620260616050004,岸和田競輪,4R,11:58,5-8-1,5,8,1,1827.6,0.0014981577220259299,1.7380330527745893
5620260616050005,岸和田競輪,5R,12:24,6-3-5,6,3,5,1473.6,0.0018561021158018216,1.735152077845564
5620260616050004,岸和田競輪,4R,11:58,5-1-8,5,1,8,1841.5,0.0014846242849399411,1.7339356207169017
8720260618030005,熊本競輪,5R,22:10,6-5-2,6,5,2,544.6,0.005010921200603825,1.7289476858488433
7420260618030006,高知競輪,6R,22:20,6-3-7,6,3,7,649.0,0.0042038049986675265,1.7282694441352247
5620260616050005,岸和田競輪,5R,12:24,2-8-7,2,8,7,1443.7,0.0018889793750415254,1.7271195237474504
5620260616050004,岸和田競輪,4R,11:58,2-7-3,2,7,3,959.7,0.0028407705427532823,1.7262874898803253
5620260616050009,岸和田競輪,9R,14:36,7-8-3,7,8,3,1825.7,0.001490706737533776,1.7215832907154152
5620260616050005,岸和田競輪,5R,12:24,7-9-5,7,9,5,764.9,0.0035559013602620183,1.7199089504644176
5620260616050005,岸和田競輪,5R,12:24,8-2-1,8,2,1,1525.3,0.0017803133904179206,1.715512014404454
5620260616050004,岸和田競輪,4R,11:58,5-2-8,5,2,8,1950.4,0.0013877480467890597,1.706663790457382
5620260616050005,岸和田競輪,5R,12:24,7-5-3,7,5,3,1242.1,0.002174280806379063,1.700674189603434
5620260616050004,岸和田競輪,4R,11:58,3-1-4,3,1,4,1850.9,0.0014577878099705018,1.6982194574744018
8720260618030006,熊本競輪,6R,22:30,4-7-6,4,7,6,649.8,0.0041379516911718,1.6888410089234358
8720260618030006,熊本競輪,6R,22:30,4-6-5,4,6,5,649.8,0.004135867640656734,1.6874867928987456
5620260616050004,岸和田競輪,4R,11:58,6-1-7,6,1,7,1328.8,0.002021483298613338,1.6861470071974036
8720260618030006,熊本競輪,6R,22:30,2-5-3,2,5,3,584.8,0.004591554955062379,1.6851413377204794
7420260618030009,高知競輪,9R,23:20,6-7-1,6,7,1,574.8,0.004664985074810606,1.681433421001136
5620260616050004,岸和田競輪,4R,11:58,8-6-3,8,6,3,1422.6,0.0018828456390539538,1.6785362061181544
8720260618030006,熊本競輪,6R,22:30,2-5-7,2,5,7,659.0,0.004061098881509468,1.6762641629147392
5620260616050005,岸和田競輪,5R,12:24,3-5-2,3,5,2,1004.5,0.0026622941947882202,1.6742745186647672
5620260616050005,岸和田競輪,5R,12:24,3-9-4,3,9,4,1272.4,0.002099944004120732,1.6719687508432193
5620260616050004,岸和田競輪,4R,11:58,1-4-2,1,4,2,2084.9,0.0012811933556182357,1.67116002712846
8720260618030005,熊本競輪,5R,22:10,5-6-1,5,6,1,552.5,0.004830930909413977,1.6690893274512222
7420260618030009,高知競輪,9R,23:20,7-2-6,7,2,6,561.1,0.004754724759368164,1.667876062481477
7420260618030006,高知競輪,6R,22:20,6-2-5,6,2,5,524.1,0.005088247154982423,1.6667503339262884
5620260616050004,岸和田競輪,4R,11:58,8-1-6,8,1,6,1904.3,0.0013990300427906047,1.6641729104861485
7420260618030009,高知競輪,9R,23:20,3-4-7,3,4,7,604.3,0.004406594413599391,1.6629050041381115
5620260616050004,岸和田競輪,4R,11:58,1-8-9,1,8,9,1284.2,0.002072334480988898,1.6612919404859428
5620260616050005,岸和田競輪,5R,12:24,7-5-9,7,5,9,756.0,0.0035153310570997815,1.6575902791674348
5620260616050004,岸和田競輪,4R,11:58,6-4-5,6,4,5,1530.7,0.001732362925986416,1.6517279308074069
5620260616050004,岸和田競輪,4R,11:58,3-1-2,3,1,2,2021.1,0.0013090188217348277,1.64565794060826
8720260618030006,熊本競輪,6R,22:30,7-3-1,7,3,1,514.1,0.005143607739836716,1.6443287390500556
8720260618030005,熊本競輪,5R,22:10,5-4-1,5,4,1,517.6,0.005107772954900331,1.643783281456411
5620260616050005,岸和田競輪,5R,12:24,6-3-9,6,3,9,1342.2,0.0019692069161394263,1.643069522842338
5620260616050005,岸和田競輪,5R,12:24,2-3-9,2,3,9,1232.3,0.002140731899396664,1.6380239196265087
8720260618030005,熊本競輪,5R,22:10,5-6-2,5,6,2,549.8,0.004793781487477299,1.6356210618150189
5620260616050004,岸和田競輪,4R,11:58,5-7-6,5,7,6,1042.4,0.0025268827695976805,1.6340225990286226
5620260616050004,岸和田競輪,4R,11:58,3-2-5,3,2,5,1580.7,0.0016661265862111562,1.6336462948239747
8720260618030005,熊本競輪,5R,22:10,4-6-2,4,6,2,552.5,0.004766502729490784,1.6334927580436585
5620260616050005,岸和田競輪,5R,12:24,4-6-2,4,6,2,1457.2,0.00180572002936658,1.6312952267929806
5620260616050009,岸和田競輪,9R,14:36,8-1-2,8,1,2,1100.4,0.0023902364285463312,1.6302161659723833
7420260618030009,高知競輪,9R,23:20,5-2-1,5,2,1,465.1,0.005635720656810943,1.6211736774827696
5620260616050009,岸和田競輪,9R,14:36,9-2-8,9,2,8,1659.9,0.001575230037887761,1.6147243398898947
5620260616050004,岸和田競輪,4R,11:58,5-2-3,5,2,3,1521.1,0.001717172236714737,1.6119906892667863
5620260616050004,岸和田競輪,4R,11:58,6-5-4,6,5,4,1465.8,0.0017802170481850822,1.6094421492296935
5620260616050005,岸和田競輪,5R,12:24,7-8-4,7,8,4,1936.9,0.0013459650340259773,1.6069996744049155
5620260616050004,岸和田競輪,4R,11:58,4-1-8,4,1,8,1889.5,0.0013792537392575592,1.6060999403271583
5620260616050005,岸和田競輪,5R,12:24,8-1-5,8,1,5,1342.2,0.0019404678788998964,1.6044959870594409
5620260616050005,岸和田競輪,5R,12:24,5-8-7,5,8,7,1324.0,0.0019653083235929053,1.6020682204370065
8720260618030006,熊本競輪,6R,22:30,4-5-6,4,5,6,632.3,0.004099672169167714,1.5922227125647455
5620260616050009,岸和田競輪,9R,14:36,6-4-8,6,4,8,1964.3,0.0013182621084438918,1.5894622596163366
5620260616050009,岸和田競輪,9R,14:36,8-9-3,8,9,3,1109.8,0.002329701506397217,1.5855027317996315
5620260616050004,岸和田競輪,4R,11:58,1-5-9,1,5,9,1021.9,0.0025248853352880653,1.5801803241308736
5620260616050004,岸和田競輪,4R,11:58,4-2-3,4,2,3,1608.8,0.0015955873507071461,1.5669809298176567
7420260618030009,高知競輪,9R,23:20,7-2-4,7,2,4,512.3,0.005002580382392953,1.5628219298999095
7420260618030006,高知競輪,6R,22:20,3-7-2,3,7,2,544.9,0.004701515306727126,1.561855690635611
5620260616050004,岸和田競輪,4R,11:58,6-1-9,6,1,9,1351.1,0.0018936451596749903,1.5585039752368792
5620260616050009,岸和田競輪,9R,14:36,4-3-6,4,3,6,1517.5,0.0016812308054103998,1.5512677472102818
5620260616050005,岸和田競輪,5R,12:24,9-6-1,9,6,1,1528.3,0.001669217605185776,1.5510652660054216
5620260616050004,岸和田競輪,4R,11:58,6-7-8,6,7,8,1094.3,0.002331174252551717,1.5510039845673438
7420260618030009,高知競輪,9R,23:20,7-4-1,7,4,1,501.4,0.005081559787299894,1.5478940773521668
5620260616050004,岸和田競輪,4R,11:58,4-2-6,4,2,6,1961.0,0.0012984222355307854,1.54620600387587
5620260616050005,岸和田競輪,5R,12:24,1-6-5,1,6,5,1203.8,0.002112733871531461,1.5433090345495728
5620260616050009,岸和田競輪,9R,14:36,4-1-6,4,1,6,1086.2,0.0023414098807460443,1.5432394124663533
5620260616050004,岸和田競輪,4R,11:58,8-4-6,8,4,6,1723.4,0.0014745189402452482,1.5411859416186608
7420260618030006,高知競輪,6R,22:20,6-7-5,6,7,5,598.6,0.00424336530845172,1.5400784736391997
8720260618030005,熊本競輪,5R,22:10,5-4-3,5,4,3,527.9,0.004811062461105331,1.5397598732175037
7420260618030009,高知競輪,9R,23:20,2-7-6,2,7,6,584.3,0.0043244053393743445,1.526750039796429
7420260618030006,高知競輪,6R,22:20,3-7-1,3,7,1,528.5,0.004773282831674535,1.5226799765399917
7420260618030006,高知競輪,6R,22:20,4-7-3,4,7,3,600.8,0.0041923059532175564,1.5187374166931078
5620260616050004,岸和田競輪,4R,11:58,6-8-9,6,8,9,1223.5,0.002057842392289848,1.517770166966629
5620260616050009,岸和田競輪,9R,14:36,2-3-5,2,3,5,1112.1,0.0022617643445950355,1.515308127624139
7420260618030006,高知競輪,6R,22:20,2-3-5,2,3,5,534.8,0.004695283438000454,1.5110375826426425
8720260618030006,熊本競輪,6R,22:30,7-4-6,7,4,6,574.1,0.004369542163760526,1.508554156214918
5620260616050009,岸和田競輪,9R,14:36,8-7-5,8,7,5,1484.1,0.001689694934783092,1.5076762527115863
7420260618030006,高知競輪,6R,22:20,6-5-7,6,5,7,584.2,0.004290608575249369,1.506573529660682
5620260616050004,岸和田競輪,4R,11:58,3-1-9,3,1,9,1219.4,0.002053605136608725,1.5041661035806797
5620260616050009,岸和田競輪,9R,14:36,9-6-4,9,6,4,1541.2,0.0016234111245486303,1.5020012251543489
7420260618030006,高知競輪,6R,22:20,2-6-7,2,6,7,561.4,0.004450341096707486,1.4984214916915826
8720260618030006,熊本競輪,6R,22:30,7-1-3,7,1,3,479.9,0.0051946872025529865,1.4929303885051781
5620260616050004,岸和田競輪,4R,11:58,3-5-1,3,5,1,1351.1,0.001843701092419799,1.49102454596839
5620260616050009,岸和田競輪,9R,14:36,7-8-1,7,8,1,1257.6,0.001980302693792056,1.4904286677128895
7420260618030006,高知競輪,6R,22:20,3-2-4,3,2,4,495.4,0.005022038642822871,1.48791794365445
5620260616050005,岸和田競輪,5R,12:24,8-1-2,8,1,2,1443.7,0.001722771936134643,1.4871658441975844
5620260616050004,岸和田競輪,4R,11:58,3-2-4,3,2,4,1823.0,0.0013626065065935962,1.484031661520126
7420260618030009,高知競輪,9R,23:20,2-4-7,2,4,7,535.6,0.0046374906277853465,1.4838399802418318
8720260618030005,熊本競輪,5R,22:10,6-4-2,6,4,2,504.7,0.0049197799570306735,1.4830129443133808
5620260616050004,岸和田競輪,4R,11:58,2-4-8,2,4,8,1727.5,0.0014353355087145094,1.4795420913043151
5620260616050009,岸和田競輪,9R,14:36,4-6-8,4,6,8,1845.7,0.001341851284981569,1.476654916690482
7420260618030006,高知競輪,6R,22:20,6-3-5,6,3,5,554.5,0.004457629354373967,1.471755477000365
5620260616050005,岸和田競輪,5R,12:24,5-6-3,5,6,3,1603.5,0.0015402387227997118,1.469772792009338
7420260618030006,高知競輪,6R,22:20,2-6-1,2,6,1,469.6,0.005256471468052296,1.4684390013973583
5620260616050009,岸和田競輪,9R,14:36,2-5-6,2,5,6,1205.3,0.002047618884923577,1.4679950419983872
5620260616050004,岸和田競輪,4R,11:58,2-4-1,2,4,1,1850.9,0.0013325747679058491,1.466462637916936
5620260616050009,岸和田競輪,9R,14:36,6-1-7,6,1,7,1155.6,0.0021282059394434325,1.4593547836208303
7420260618030009,高知競輪,9R,23:20,5-2-3,5,2,3,512.3,0.004790333487203689,1.4540878454944495
7420260618030006,高知競輪,6R,22:20,2-5-4,2,5,4,523.2,0.004684089221684284,1.4507154807852176
7420260618030009,高知競輪,9R,23:20,4-6-1,4,6,1,484.2,0.005059943794970616,1.4500247855247723
7420260618030006,高知競輪,6R,22:20,5-4-3,5,4,3,555.4,0.004402992593406558,1.4454220863780023
8720260618030006,熊本競輪,6R,22:30,2-5-6,2,5,6,577.6,0.004225949863376245,1.4409086410861192
8720260618030005,熊本競輪,5R,22:10,2-7-1,2,7,1,519.2,0.004699555421106287,1.4400091746383845
5620260616050009,岸和田競輪,9R,14:36,4-9-8,4,9,8,1265.2,0.001924692552105969,1.4351210169244721
5620260616050004,岸和田競輪,4R,11:58,3-9-6,3,9,6,1026.2,0.002359821867836927,1.4216492007742545
5620260616050004,岸和田競輪,4R,11:58,2-8-4,2,8,4,1675.6,0.0014400594857754566,1.412963674365355
5620260616050009,岸和田競輪,9R,14:36,4-1-2,4,1,2,989.1,0.002435415325729411,1.4088692986789604
5620260616050005,岸和田競輪,5R,12:24,9-8-3,9,8,3,1697.4,0.0014186964322826898,1.4080953241566379
5620260616050005,岸和田競輪,5R,12:24,7-1-8,7,1,8,1664.9,0.0014454099329993884,1.406462997450682
5620260616050004,岸和田競輪,4R,11:58,4-8-1,4,8,1,1727.5,0.0013914889637452908,1.40379718486999
5620260616050009,岸和田競輪,9R,14:36,4-8-5,4,8,5,1388.5,0.0017297457508844494,1.4017519751030578
8720260618030005,熊本競輪,5R,22:10,5-3-2,5,3,2,443.7,0.00541072825543543,1.4007401269367001
8720260618030006,熊本競輪,6R,22:30,1-7-4,1,7,4,531.7,0.004513118973621725,1.3996253582746712
7420260618030006,高知競輪,6R,22:20,2-5-7,2,5,7,530.3,0.0045196866574157635,1.396789834427579
5620260616050005,岸和田競輪,5R,12:24,8-7-2,8,7,2,1003.2,0.002386830729769234,1.3944685881044956
7420260618030006,高知競輪,6R,22:20,7-4-6,7,4,6,567.4,0.004213188356134973,1.3905630732709833
5620260616050005,岸和田競輪,5R,12:24,7-9-4,7,9,4,1028.2,0.0023216251524515994,1.3870949817507348
8720260618030005,熊本競輪,5R,22:10,6-5-1,6,5,1,471.6,0.005049753347304494,1.3814636785887995
5620260616050004,岸和田競輪,4R,11:58,2-1-4,2,1,4,1791.5,0.00132534642999347,1.3743581293333014
5620260616050009,岸和田競輪,9R,14:36,3-4-7,3,4,7,1703.6,0.0013925798997388085,1.3723991171950343
5620260616050004,岸和田競輪,4R,11:58,2-7-5,2,7,5,867.9,0.0027316994967176945,1.370841993201287
5620260616050004,岸和田競輪,4R,11:58,4-7-6,4,7,6,1010.5,0.0023430232281584635,1.3676249720541276
5620260616050004,岸和田競輪,4R,11:58,5-3-1,5,3,1,1238.1,0.0019115676453361065,1.3667119016906333
5620260616050004,岸和田競輪,4R,11:58,2-3-9,2,3,9,914.9,0.0025853054575876912,1.3652959631469788
5620260616050004,岸和田競輪,4R,11:58,1-3-2,1,3,2,1400.7,0.0016837788774975372,1.3584690737108005
7420260618030006,高知競輪,6R,22:20,7-6-1,7,6,1,490.0,0.00481081602645768,1.357299852964263
5620260616050005,岸和田競輪,5R,12:24,3-5-1,3,5,1,1127.5,0.0020894652546583977,1.3558720746273432
8720260618030006,熊本競輪,6R,22:30,1-7-5,1,7,5,577.6,0.004072079264162372,1.352032982980186
5620260616050009,岸和田競輪,9R,14:36,5-1-7,5,1,7,1003.8,0.0023377033955853618,1.346586668488586
5620260616050005,岸和田競輪,5R,12:24,7-4-9,7,4,9,1088.3,0.0021550798750900086,1.3453734280604563
5620260616050009,岸和田競輪,9R,14:36,1-7-5,1,7,5,1177.5,0.0019912187892787143,1.344660124375686
5620260616050005,岸和田競輪,5R,12:24,9-3-7,9,3,7,1176.7,0.0019872917567287534,1.3384462101427244
7420260618030006,高知競輪,6R,22:20,3-2-7,3,2,7,482.5,0.004845774700856623,1.3380862931633208
8720260618030005,熊本競輪,5R,22:10,1-7-6,1,7,6,582.3,0.004009750194352941,1.3348775381717175
7420260618030009,高知競輪,9R,23:20,3-6-1,3,6,1,474.5,0.0049120665875334755,1.3307755957846341
5620260616050004,岸和田競輪,4R,11:58,8-6-2,8,6,2,1752.5,0.0013296138314983059,1.3301482397007809
5620260616050009,岸和田競輪,9R,14:36,5-4-2,5,4,2,1418.9,0.0016406998146625497,1.3279889670246918
7420260618030009,高知競輪,9R,23:20,7-1-6,7,1,6,474.5,0.004903206798792241,1.3265716260269182
8720260618030006,熊本競輪,6R,22:30,7-2-4,7,2,4,463.2,0.00502187456501218,1.3261322985136417
5620260616050009,岸和田競輪,9R,14:36,9-8-2,9,8,2,1498.6,0.0015503060485254486,1.323288644320237
5620260616050009,岸和田競輪,9R,14:36,6-8-3,6,8,3,1552.6,0.0014956250730754643,1.322107488456966
8720260618030005,熊本競輪,5R,22:10,1-7-2,1,7,2,496.0,0.00467453358636018,1.318568658834649
8720260618030006,熊本競輪,6R,22:30,3-2-5,3,2,5,475.0,0.004869451156328944,1.3129892992562486
5620260616050004,岸和田競輪,4R,11:58,4-3-7,4,3,7,826.3,0.0027961921056574362,1.3104935369047395
8720260618030005,熊本競輪,5R,22:10,4-5-7,4,5,7,555.1,0.00415629581913583,1.3071598092022993
8720260618030005,熊本競輪,5R,22:10,3-2-7,3,2,7,484.9,0.0047565149558089,1.3064341020717354
5620260616050005,岸和田競輪,5R,12:24,3-1-8,3,1,8,1758.4,0.0013115320717403437,1.3061979949482203
5620260616050005,岸和田競輪,5R,12:24,9-2-6,9,2,6,1051.7,0.0021920289745802055,1.3053568725660023
5620260616050005,岸和田競輪,5R,12:24,2-6-7,2,6,7,1100.6,0.0020923665731208785,1.3028586503768387
5620260616050004,岸和田競輪,4R,11:58,5-2-1,5,2,1,1787.1,0.0012883942605293349,1.3024893829919741
7420260618030006,高知競輪,6R,22:20,4-7-2,4,7,2,491.5,0.0046789700681017,1.2997137884719856
8720260618030006,熊本競輪,6R,22:30,5-3-1,5,3,1,437.3,0.005252687740152223,1.297000348768567
7420260618030006,高知競輪,6R,22:20,3-4-2,3,4,2,468.2,0.0049050423929047045,1.2965408483579828
5620260616050009,岸和田競輪,9R,14:36,9-6-8,9,6,8,1521.7,0.0015066169519549013,1.2926190157897732
5620260616050004,岸和田競輪,4R,11:58,3-4-1,3,4,1,1563.7,0.0014661075003253928,1.292552298258817
5620260616050005,岸和田競輪,5R,12:24,3-8-4,3,8,4,1876.5,0.0012216453681492476,1.2924175333320629
5620260616050009,岸和田競輪,9R,14:36,8-3-6,8,3,6,1388.5,0.0016507410588216444,1.2920539601738534
5620260616050009,岸和田競輪,9R,14:36,2-5-4,2,5,4,1133.0,0.0020202155490081164,1.2889042170261957
5620260616050005,岸和田競輪,5R,12:24,4-6-3,4,6,3,1712.3,0.0013346517880361741,1.285324256654341
5620260616050009,岸和田競輪,9R,14:36,2-1-5,2,1,5,724.7,0.0031509265802842344,1.2834764927319848
8720260618030005,熊本競輪,5R,22:10,2-7-5,2,7,5,535.3,0.004257094939809155,1.2788229212798408
5620260616050005,岸和田競輪,5R,12:24,9-8-2,9,8,2,1185.6,0.001919428412959446,1.2756743264047192
5620260616050005,岸和田競輪,5R,12:24,5-9-6,5,9,6,858.0,0.0026509870981201735,1.274546930187109
5620260616050005,岸和田競輪,5R,12:24,7-3-1,7,3,1,1596.9,0.0014233891398346742,1.2730101174019914
7420260618030006,高知競輪,6R,22:20,6-2-7,6,2,7,473.1,0.004798514439874277,1.2701771815045206
5620260616050004,岸和田競輪,4R,11:58,1-9-3,1,9,3,840.7,0.0026870528366255307,1.2590053197510835
7420260618030009,高知競輪,9R,23:20,3-6-7,3,6,7,543.8,0.004146852459072158,1.2550583672434397
5620260616050005,岸和田競輪,5R,12:24,4-6-5,4,6,5,1108.3,0.002033897605235993,1.254168715883051
5620260616050005,岸和田競輪,5R,12:24,8-7-3,8,7,3,1276.5,0.0017641649034283856,1.2519564992263343
8720260618030006,熊本競輪,6R,22:30,4-3-5,4,3,5,492.5,0.004568648299744272,1.2500592876240537
8720260618030006,熊本競輪,6R,22:30,6-2-5,6,2,5,482.3,0.004659070983758392,1.2470699354666723
7420260618030006,高知競輪,6R,22:20,2-4-5,2,4,5,481.8,0.004662996022661881,1.2466314837184944
5620260616050009,岸和田競輪,9R,14:36,9-2-6,9,2,6,1304.4,0.0017203668665405098,1.2440465407154413
5620260616050005,岸和田競輪,5R,12:24,8-9-4,8,9,4,1089.8,0.002055682245075735,1.240282510683536
5620260616050004,岸和田競輪,4R,11:58,4-9-6,4,9,6,1032.1,0.0021684710097543847,1.2380789291675005
5620260616050009,岸和田競輪,9R,14:36,5-6-3,5,6,3,1235.4,0.001808222645804624,1.2338782566270328
5620260616050005,岸和田競輪,5R,12:24,5-2-6,5,2,6,1036.4,0.0021470226290474024,1.2251742527447282
5620260616050009,岸和田競輪,9R,14:36,4-3-1,4,3,1,881.7,0.002521703803337909,1.2233862434030343
7420260618030009,高知競輪,9R,23:20,7-3-4,7,3,4,523.7,0.004245127806079894,1.2231734320440406
7420260618030006,高知競輪,6R,22:20,7-4-2,7,4,2,473.8,0.004682470597276951,1.2185545689898194
7420260618030006,高知競輪,6R,22:20,4-3-7,4,3,7,524.1,0.004224892789867822,1.2142663111697258
5620260616050004,岸和田競輪,4R,11:58,2-8-7,2,8,7,1021.9,0.002165581911902708,1.2130081557733772
5620260616050009,岸和田競輪,9R,14:36,8-1-6,8,1,6,962.5,0.0022979748595617256,1.211800802328161
7420260618030009,高知競輪,9R,23:20,4-7-1,4,7,1,462.1,0.0047863947471071975,1.211793012638236
5620260616050009,岸和田競輪,9R,14:36,9-6-2,9,6,2,1286.5,0.0017114945578174088,1.2018377486320966
5620260616050004,岸和田競輪,4R,11:58,2-8-3,2,8,3,1201.2,0.0018311385324295136,1.199563605154332
7420260618030006,高知競輪,6R,22:20,7-6-2,7,6,2,464.1,0.004738484180352706,1.1991305081016912
5620260616050004,岸和田競輪,4R,11:58,2-5-4,2,5,4,1253.1,0.0017542549380273357,1.198256862842054
5620260616050009,岸和田競輪,9R,14:36,9-8-6,9,8,6,1471.1,0.0014904652450237336,1.1926234219544143
5620260616050005,岸和田競輪,5R,12:24,3-4-7,3,4,7,1278.6,0.0017104276166812961,1.1869527506887052
5620260616050005,岸和田競輪,5R,12:24,2-9-3,2,9,3,947.3,0.002303597049547817,1.1821974850366468
5620260616050009,岸和田競輪,9R,14:36,7-8-4,7,8,4,1669.8,0.0013026070576739256,1.175093264903921
5620260616050005,岸和田競輪,5R,12:24,7-5-1,7,5,1,941.6,0.0023087514616315797,1.1739203762722954
7420260618030006,高知競輪,6R,22:20,6-7-2,6,7,2,466.8,0.0046555471315526545,1.173209401008779
5620260616050005,岸和田競輪,5R,12:24,9-6-3,9,6,3,1380.1,0.001571995886495561,1.1695115229525235
7420260618030009,高知競輪,9R,23:20,7-6-1,7,6,1,453.2,0.00478209181677572,1.1672440113627562
8720260618030006,熊本競輪,6R,22:30,3-7-6,3,7,6,517.0,0.004191539608805573,1.1670259777524814
5620260616050009,岸和田競輪,9R,14:36,3-8-5,3,8,5,1180.8,0.001831000179134339,1.1620450115218275
5620260616050004,岸和田競輪,4R,11:58,4-1-9,4,1,9,1140.8,0.001890728896936707,1.1569435256253953
5620260616050005,岸和田競輪,5R,12:24,8-3-4,8,3,4,1819.8,0.0011849918016011783,1.1564480805538242
5620260616050005,岸和田競輪,5R,12:24,3-9-6,3,9,6,922.7,0.002331036433494394,1.1508473171852773
5620260616050004,岸和田競輪,4R,11:58,3-2-7,3,2,7,1048.5,0.002049107021527681,1.148488712071774
5620260616050004,岸和田競輪,4R,11:58,3-1-5,3,1,5,1205.2,0.0017825094886111598,1.1482804356741698
5620260616050005,岸和田競輪,5R,12:24,1-8-7,1,8,7,1213.2,0.0017700275841135004,1.1473974650464989
5620260616050005,岸和田競輪,5R,12:24,4-9-6,4,9,6,937.1,0.0022884356927132836,1.1444930876416182
8720260618030006,熊本競輪,6R,22:30,5-7-6,5,7,6,537.8,0.003986262552706651,1.143812000845637
5620260616050005,岸和田競輪,5R,12:24,3-4-9,3,4,9,1095.9,0.001956163120161678,1.143759163385183
7420260618030006,高知競輪,6R,22:20,3-6-1,3,6,1,425.3,0.005039562829318783,1.1433260713092785
5620260616050004,岸和田競輪,4R,11:58,5-9-6,5,9,6,916.1,0.0023378091402847774,1.1416669534148847
5620260616050005,岸和田競輪,5R,12:24,5-6-4,5,6,4,1397.3,0.0015324684601846909,1.1413181794160683
7420260618030009,高知競輪,9R,23:20,2-3-6,2,3,6,491.0,0.004359499542914012,1.1405142755707796
8720260618030006,熊本競輪,6R,22:30,4-7-2,4,7,2,456.5,0.004687565951935316,1.1398738570584714
8720260618030006,熊本競輪,6R,22:30,4-3-6,4,3,6,445.6,0.004791690994096747,1.1351775069695105
5620260616050009,岸和田競輪,9R,14:36,5-9-3,5,9,3,819.4,0.0025985862408438305,1.1292815657474349
5620260616050004,岸和田競輪,4R,11:58,2-4-7,2,4,7,1011.9,0.00210043901316503,1.1254342374216941
5620260616050009,岸和田競輪,9R,14:36,5-3-9,5,3,9,843.7,0.0025177028287102585,1.1241858765828452
7420260618030006,高知競輪,6R,22:20,7-4-1,7,4,1,446.4,0.004753947409215593,1.1221621234738408
5620260616050004,岸和田競輪,4R,11:58,3-5-2,3,5,2,1221.5,0.0017352673572401695,1.119629076868867
5620260616050004,岸和田競輪,4R,11:58,1-9-6,1,9,6,968.7,0.0021866111871433466,1.11817025698576
8720260618030005,熊本競輪,5R,22:10,1-5-7,1,5,7,484.9,0.004364721233898512,1.1164533263173881
5620260616050004,岸和田競輪,4R,11:58,5-9-8,5,9,8,908.1,0.0023217232975763953,1.1083569265291247
5620260616050004,岸和田競輪,4R,11:58,8-5-1,8,5,1,1233.9,0.00170824922086694,1.1078087136277173
5620260616050004,岸和田競輪,4R,11:58,4-1-2,4,1,2,1748.3,0.0012051974689619418,1.107046734986163
5620260616050004,岸和田競輪,4R,11:58,3-9-1,3,9,1,966.1,0.0021757990616294597,1.1020394734402212
5620260616050004,岸和田競輪,4R,11:58,3-5-9,3,5,9,771.8,0.0027223091823042876,1.101078226902449
5620260616050004,岸和田競輪,4R,11:58,1-3-8,1,3,8,1089.4,0.0019269525307513817,1.0992220870005553
5620260616050005,岸和田競輪,5R,12:24,5-7-8,5,7,8,1016.2,0.002063210554078812,1.096634565054889
8720260618030005,熊本競輪,5R,22:10,3-5-1,3,5,1,395.3,0.005301080414418374,1.0955170878195832
5620260616050005,岸和田競輪,5R,12:24,7-3-2,7,3,2,1152.4,0.0018136126625977252,1.0900072323776189
5620260616050004,岸和田競輪,4R,11:58,5-3-9,5,3,9,740.3,0.0028225172588384946,1.0895095267181376
7420260618030006,高知競輪,6R,22:20,4-5-2,4,5,2,416.4,0.005016617311981169,1.0889194487089586
5620260616050009,岸和田競輪,9R,14:36,5-4-8,5,4,8,1445.8,0.0014442968238193943,1.08816434787808
5620260616050009,岸和田競輪,9R,14:36,9-5-3,9,5,3,829.1,0.0025174060277121544,1.0871813375761472
8720260618030005,熊本競輪,5R,22:10,5-1-3,5,1,3,377.2,0.005523346004262962,1.0834061128079893
5620260616050005,岸和田競輪,5R,12:24,2-8-1,2,8,1,1468.1,0.001418856699492597,1.0830235205250816
8720260618030006,熊本競輪,6R,22:30,3-4-6,3,4,6,443.5,0.0046941590450723355,1.0818595364895809
8720260618030006,熊本競輪,6R,22:30,4-5-1,4,5,1,445.6,0.004667258707366475,1.0797304800025014
7420260618030006,高知競輪,6R,22:20,6-3-2,6,3,2,423.6,0.0048906238435202495,1.0716682601151777
7420260618030006,高知競輪,6R,22:20,7-6-4,7,6,4,490.7,0.004221186770622654,1.0713363483445364
5620260616050004,岸和田競輪,4R,11:58,1-9-8,1,9,8,950.9,0.002171565697323553,1.0649418215849664
8720260618030006,熊本競輪,6R,22:30,5-1-3,5,1,3,388.3,0.005304775353350278,1.0598442697059132
7420260618030006,高知競輪,6R,22:20,7-5-2,7,5,2,425.9,0.004811952330426835,1.0494104975287888
8720260618030006,熊本競輪,6R,22:30,1-5-7,1,5,7,503.1,0.004066217613711287,1.0457140814581485
5620260616050009,岸和田競輪,9R,14:36,8-4-6,8,4,6,1442.1,0.001417545022955716,1.0442416776044379
5620260616050005,岸和田競輪,5R,12:24,9-7-3,9,7,3,975.7,0.002089462106659031,1.0386881774672165
5620260616050009,岸和田競輪,9R,14:36,8-3-7,8,3,7,1352.7,0.0015042073785196722,1.0347413209235605
7420260618030009,高知競輪,9R,23:20,6-1-4,6,1,4,382.1,0.0053207970160448455,1.0330765398307356
8720260618030006,熊本競輪,6R,22:30,3-6-4,3,6,4,437.3,0.004643371996446093,1.0305465740458764
5620260616050004,岸和田競輪,4R,11:58,4-3-9,4,3,9,775.1,0.002619361559915826,1.030267145090757
5620260616050009,岸和田競輪,9R,14:36,8-3-1,8,3,1,819.0,0.002475971766018438,1.0278208763691006
5620260616050005,岸和田競輪,5R,12:24,3-7-2,3,7,2,830.7,0.0024382781893876465,1.0254776919243183
8720260618030005,熊本競輪,5R,22:10,3-2-6,3,2,6,401.8,0.005038879203702884,1.0246216640478187
5620260616050005,岸和田競輪,5R,12:24,9-8-5,9,8,5,936.0,0.0021619746079405114,1.0236082330323186
5620260616050009,岸和田競輪,9R,14:36,6-2-3,6,2,3,1171.7,0.00172507886283102,1.0212749035791062
5620260616050009,岸和田競輪,9R,14:36,8-4-9,8,4,9,1040.5,0.0019412898467853646,1.019912085580172
5620260616050009,岸和田競輪,9R,14:36,5-6-2,5,6,2,1209.7,0.001665789504162099,1.0151055631848913
5620260616050004,岸和田競輪,4R,11:58,5-8-9,5,8,9,910.3,0.002212098555443404,1.0136733150201307
8720260618030005,熊本競輪,5R,22:10,5-2-7,5,2,7,431.4,0.004667420552855935,1.01352522650205
5620260616050004,岸和田競輪,4R,11:58,5-2-7,5,2,7,989.8,0.0020308005481797673,1.0100863825883337
5620260616050009,岸和田競輪,9R,14:36,2-5-9,2,5,9,716.4,0.002804159082792173,1.0088995669123126
7420260618030009,高知競輪,9R,23:20,7-1-3,7,1,3,425.9,0.004711081144635484,1.0064494595002524
5620260616050009,岸和田競輪,9R,14:36,2-9-1,2,9,1,615.9,0.00325742453280383,1.0062477697538785
8720260618030006,熊本競輪,6R,22:30,4-6-3,4,6,3,425.3,0.004713062020226299,1.0044652772022449
8720260618030006,熊本競輪,6R,22:30,6-4-3,6,4,3,410.4,0.004881111081101431,1.0032079876840272
8720260618030006,熊本競輪,6R,22:30,2-7-1,2,7,1,412.2,0.004856040720774797,1.0016599851033714
5620260616050009,岸和田競輪,9R,14:36,3-2-7,3,2,7,1351.6,0.0014779810385363616,0.9976391716857462
8720260618030005,熊本競輪,5R,22:10,6-2-5,6,2,5,390.8,0.005106279993808362,0.995534221580308
5620260616050009,岸和田競輪,9R,14:36,9-7-8,9,7,8,1469.8,0.0013573992520923047,0.9951054207252694
5620260616050005,岸和田競輪,5R,12:24,5-3-7,5,3,7,1024.2,0.0019474091332585203,0.9945364342833767
8720260618030006,熊本競輪,6R,22:30,6-1-5,6,1,5,425.3,0.004687274747878373,0.993497950272672
8720260618030005,熊本競輪,5R,22:10,2-6-3,2,6,3,419.9,0.0047385666680832385,0.9897241439281517
5620260616050009,岸和田競輪,9R,14:36,2-5-8,2,5,8,1060.8,0.0018748738053552317,0.9888661327208297
7420260618030009,高知競輪,9R,23:20,3-5-1,3,5,1,388.4,0.005104765301351648,0.9826908430449801
7420260618030006,高知競輪,6R,22:20,4-2-5,4,2,5,387.3,0.005113549538503309,0.9804777362623316
5620260616050004,岸和田競輪,4R,11:58,3-9-5,3,9,5,709.9,0.0027885640780976008,0.9796016390414868
5620260616050005,岸和田競輪,5R,12:24,6-3-2,6,3,2,1198.3,0.0016478709441541184,0.9746437523798801
7420260618030006,高知競輪,6R,22:20,6-7-1,6,7,1,416.9,0.004726612963121781,0.9705249443254704
5620260616050005,岸和田競輪,5R,12:24,9-5-6,9,5,6,780.9,0.002522211132597386,0.9695946734452987
5620260616050004,岸和田競輪,4R,11:58,5-1-2,5,1,2,1517.9,0.0012972706759034754,0.9691271589538855
5620260616050009,岸和田競輪,9R,14:36,4-3-8,4,3,8,1278.7,0.0015393956468309688,0.9684252136027598
5620260616050009,岸和田競輪,9R,14:36,3-7-1,3,7,1,938.3,0.002097415957940982,0.9680053933360231
7420260618030009,高知競輪,9R,23:20,3-2-6,3,2,6,401.7,0.004884075120770118,0.9619329760133561
5620260616050004,岸和田競輪,4R,11:58,2-7-8,2,7,8,853.6,0.0022957940314851876,0.9596897852757562
5620260616050005,岸和田競輪,5R,12:24,9-7-8,9,7,8,928.2,0.002106640046250398,0.9553832909296194
8720260618030006,熊本競輪,6R,22:30,1-7-2,1,7,2,403.3,0.004838149396815409,0.9512256517356543
7420260618030006,高知競輪,6R,22:20,4-2-7,4,2,7,403.1,0.004822376066283151,0.9438997923187382
8720260618030005,熊本競輪,5R,22:10,4-7-5,4,7,5,478.1,0.004065609318563245,0.9437678152050875
5620260616050004,岸和田競輪,4R,11:58,4-2-8,4,2,8,1502.2,0.0012894881375798853,0.9370690802725037
5620260616050009,岸和田競輪,9R,14:36,9-4-3,9,4,3,1056.8,0.001829826636523178,0.9337607894776945
5620260616050004,岸和田競輪,4R,11:58,4-2-1,4,2,1,1608.8,0.0011971691254205863,0.9260056889766393
5620260616050005,岸和田競輪,5R,12:24,5-3-8,5,3,8,1385.0,0.0013888738677059179,0.9235903067726963
7420260618030009,高知競輪,9R,23:20,7-1-2,7,1,2,355.3,0.00540410582570093,0.9200787998715403
5620260616050004,岸和田競輪,4R,11:58,6-9-5,6,9,5,747.2,0.002567015299727435,0.9180738319563395
5620260616050009,岸和田競輪,9R,14:36,3-2-4,3,2,4,1198.5,0.001600253126684471,0.9179033723313383
5620260616050009,岸和田競輪,9R,14:36,8-4-2,8,4,2,1300.4,0.0014744581468656775,0.9173853741841271
5620260616050005,岸和田競輪,5R,12:24,5-8-9,5,8,9,852.4,0.0022476622950104953,0.9159073402669462
7420260618030006,高知競輪,6R,22:20,2-1-6,2,1,6,354.7,0.0053926533446423675,0.9127741413446477
8720260618030006,熊本競輪,6R,22:30,3-6-2,3,6,2,383.5,0.004977783115202712,0.9089798246802401
5620260616050005,岸和田競輪,5R,12:24,7-9-2,7,9,2,603.8,0.0031569742213900533,0.9061810348753141
5620260616050004,岸和田競輪,4R,11:58,1-2-5,1,2,5,1229.7,0.0015477019781512992,0.9032091225326526
5620260616050005,岸和田競輪,5R,12:24,9-3-8,9,3,8,1342.2,0.0014173177794486326,0.9023239235759546
8720260618030006,熊本競輪,6R,22:30,2-6-5,2,6,5,445.6,0.0042638066821136566,0.8999522575498455
5620260616050009,岸和田競輪,9R,14:36,3-7-6,3,7,6,1356.0,0.001398356268322297,0.8961710998450347
7420260618030006,高知競輪,6R,22:20,3-4-5,3,4,5,423.6,0.004470771348328132,0.8938187431517968
5620260616050004,岸和田競輪,4R,11:58,2-7-4,2,7,4,846.6,0.002234062849180324,0.8913576081160623
5620260616050009,岸和田競輪,9R,14:36,5-1-4,5,1,4,745.6,0.002531099567928825,0.8871878378477318
7420260618030006,高知競輪,6R,22:20,4-5-3,4,5,3,419.7,0.004494834186995656,0.8864819082820765
5620260616050004,岸和田競輪,4R,11:58,5-1-9,5,1,9,926.6,0.002035174498160823,0.8857926899958188
5620260616050009,岸和田競輪,9R,14:36,5-8-7,5,8,7,1424.9,0.0013220107680881484,0.8837331434488027
5620260616050009,岸和田競輪,9R,14:36,6-1-4,6,1,4,817.4,0.002304270569124103,0.8835107632020418
5620260616050005,岸和田競輪,5R,12:24,5-8-3,5,8,3,1353.8,0.0013902101702179788,0.8820665284410998
5620260616050004,岸和田競輪,4R,11:58,9-5-8,9,5,8,913.8,0.002057919443067831,0.8805267870753841
5620260616050009,岸和田競輪,9R,14:36,2-3-1,2,3,1,721.3,0.0026047946809371024,0.8788384033599319
5620260616050004,岸和田競輪,4R,11:58,5-8-2,5,8,2,1331.3,0.001410046455858449,0.8771948466843531
5620260616050005,岸和田競輪,5R,12:24,2-9-5,2,9,5,534.1,0.003510489076254109,0.8749522156273195
5620260616050004,岸和田競輪,4R,11:58,2-5-9,2,5,9,758.1,0.002471242335142763,0.8734488142717287
7420260618030006,高知競輪,6R,22:20,2-4-3,2,4,3,407.8,0.00458382526552036,0.8692839432792028
5620260616050005,岸和田競輪,5R,12:24,7-1-3,7,1,3,1302.0,0.0014336237882529147,0.866578172305295
8720260618030006,熊本競輪,6R,22:30,7-3-6,7,3,6,412.2,0.004518092272631431,0.8623576347786757
5620260616050004,岸和田競輪,4R,11:58,5-9-3,5,9,3,646.1,0.002872854908465943,0.8561515563598459
5620260616050004,岸和田競輪,4R,11:58,1-8-3,1,8,3,989.8,0.0018705873576290882,0.8515073665812714
5620260616050009,岸和田競輪,9R,14:36,2-1-3,2,1,3,677.2,0.0027316500595206067,0.849873420307355
5620260616050005,岸和田競輪,5R,12:24,7-4-3,7,4,3,1382.5,0.001332946664911791,0.842798764240551
5620260616050005,岸和田競輪,5R,12:24,3-7-1,3,7,1,962.5,0.001913649350958431,0.8418875002974899
8720260618030005,熊本競輪,5R,22:10,7-4-3,7,4,3,425.6,0.004327152454121315,0.8416360844740318
8720260618030006,熊本競輪,6R,22:30,1-5-6,1,5,6,435.2,0.004231276378755476,0.8414514800343831
5620260616050004,岸和田競輪,4R,11:58,6-7-1,6,7,1,849.6,0.0021642772506369292,0.8387699521411351
7420260618030006,高知競輪,6R,22:20,4-7-1,4,7,1,386.8,0.004750393445286114,0.8374521846366689
5620260616050004,岸和田競輪,4R,11:58,3-4-9,3,4,9,846.6,0.0021647749338493272,0.8326984589968405
8720260618030006,熊本競輪,6R,22:30,4-6-7,4,6,7,439.3,0.004168568401369759,0.8312520987217351
5620260616050005,岸和田競輪,5R,12:24,2-5-8,2,5,8,845.9,0.002164345080812414,0.8308195038592208
5620260616050009,岸和田競輪,9R,14:36,4-1-3,4,1,3,692.2,0.0026436552355026907,0.8299381540149626
5620260616050009,岸和田競輪,9R,14:36,4-9-1,4,9,1,577.8,0.0031528636181954207,0.8217245985933139
5620260616050005,岸和田競輪,5R,12:24,3-2-4,3,2,4,1069.0,0.001704130774015826,0.8217157974229179
8720260618030005,熊本競輪,5R,22:10,4-5-1,4,5,1,351.8,0.005172792895440262,0.819788540615884
8720260618030006,熊本競輪,6R,22:30,3-7-1,3,7,1,380.4,0.00477184490106213,0.8152098003640342
5620260616050009,岸和田競輪,9R,14:36,8-4-3,8,4,3,1133.8,0.001600531522615593,0.8146826403415592
5620260616050004,岸和田競輪,4R,11:58,8-1-5,8,1,5,1097.6,0.0016532116151128165,0.8145650687478272
5620260616050004,岸和田競輪,4R,11:58,3-4-2,3,4,2,1314.4,0.0013798812063297095,0.8137158575997703
5620260616050009,岸和田競輪,9R,14:36,3-4-2,3,4,2,1137.6,0.0015895966879338698,0.8083251921935701
5620260616050009,岸和田競輪,9R,14:36,3-5-8,3,5,8,935.2,0.0019226927674552874,0.7981022761241849
5620260616050004,岸和田競輪,4R,11:58,1-3-7,1,3,7,637.0,0.002819860755574977,0.7962513013012604
5620260616050005,岸和田競輪,5R,12:24,2-5-9,2,5,9,516.1,0.003470733503385807,0.7912455610974152
7420260618030009,高知競輪,9R,23:20,3-7-5,3,7,5,420.8,0.004245924495165135,0.7866850275654891
7420260618030009,高知競輪,9R,23:20,7-3-2,7,3,2,401.7,0.004446985468328651,0.7863540626276189
5620260616050004,岸和田競輪,4R,11:58,4-3-2,4,3,2,1067.0,0.0016696459907189086,0.7815122720970755
5620260616050009,岸和田競輪,9R,14:36,9-2-5,9,2,5,795.0,0.002240586222253674,0.7812660466916708
5620260616050005,岸和田競輪,5R,12:24,3-2-1,3,2,1,979.3,0.0018186995659590496,0.7810524849436973
7420260618030006,高知競輪,6R,22:20,7-2-6,7,2,6,367.5,0.004841424186278856,0.7792233884574795
8720260618030006,熊本競輪,6R,22:30,2-3-7,2,3,7,374.3,0.004748375253442915,0.7773168573636833
5620260616050009,岸和田競輪,9R,14:36,8-7-6,8,7,6,1369.2,0.0012973815296598063,0.7763747904102067
8720260618030005,熊本競輪,5R,22:10,2-7-4,2,7,4,423.0,0.004192142131848319,0.7732761217718389
5620260616050005,岸和田競輪,5R,12:24,5-7-3,5,7,3,866.5,0.002046386746743848,0.7731941160535443
5620260616050005,岸和田競輪,5R,12:24,3-5-6,3,5,6,815.9,0.002173293880043249,0.7731904767272868
5620260616050009,岸和田競輪,9R,14:36,5-8-2,5,8,2,1175.0,0.0015090437099946517,0.7731263592437156
7420260618030009,高知競輪,9R,23:20,4-3-5,4,3,5,401.7,0.004408520837618422,0.77090282047132
5620260616050009,岸和田競輪,9R,14:36,2-3-6,2,3,6,1018.4,0.0017366278519959021,0.7685818044726267
5620260616050005,岸和田競輪,5R,12:24,6-3-1,6,3,1,1365.6,0.0012933090147255705,0.7661427905092388
8720260618030006,熊本競輪,6R,22:30,7-2-6,7,2,6,371.3,0.0047523276797425875,0.7645392674884228
8720260618030006,熊本競輪,6R,22:30,2-3-5,2,3,5,374.3,0.004711126138641905,0.7633745136936649
5620260616050004,岸和田競輪,4R,11:58,3-9-4,3,9,4,772.7,0.0022805683483568206,0.7621951627753154
5620260616050005,岸和田競輪,5R,12:24,4-3-7,4,3,7,1041.9,0.001688689269253276,0.7594453496349884
8720260618030006,熊本競輪,6R,22:30,5-6-7,5,6,7,437.3,0.004015190308915773,0.7558427220888677
5620260616050004,岸和田競輪,4R,11:58,5-8-7,5,8,7,742.6,0.0023614351727242406,0.753601759265021
5620260616050004,岸和田競輪,4R,11:58,1-5-4,1,5,4,977.8,0.0017923343673723583,0.7525445444166918
7420260618030009,高知競輪,9R,23:20,3-5-2,3,5,2,351.7,0.004977317328285817,0.7505225043581218
5620260616050005,岸和田競輪,5R,12:24,2-4-6,2,4,6,1202.0,0.0014541492089276133,0.7478873491309912
5620260616050009,岸和田競輪,9R,14:36,6-4-3,6,4,3,1074.4,0.0016255720541680924,0.7465146149981985
5620260616050009,岸和田競輪,9R,14:36,8-9-7,8,9,7,928.4,0.001880189707863561,0.7455681247805299
8720260618030005,熊本競輪,5R,22:10,5-4-2,5,4,2,344.0,0.005068494642662709,0.7435621570759721
7420260618030006,高知競輪,6R,22:20,7-1-6,7,1,6,353.5,0.0049316454144885434,0.7433366540217001
7420260618030006,高知競輪,6R,22:20,2-3-4,2,3,4,378.0,0.0045889915052390665,0.7346387889803672
7420260618030006,高知競輪,6R,22:20,2-4-7,2,4,7,394.1,0.004397477769119226,0.733045988809887
7420260618030009,高知競輪,9R,23:20,7-3-6,7,3,6,428.5,0.004034800591568953,0.7289120534872966
7420260618030009,高知競輪,9R,23:20,2-7-5,2,7,5,386.3,0.00446611471551011,0.7252601146015554
5620260616050004,岸和田競輪,4R,11:58,7-6-5,7,6,5,832.0,0.0020710213502227806,0.7230897633853535
7420260618030006,高知競輪,6R,22:20,2-7-6,2,7,6,390.2,0.004411547105129232,0.7213856804214263
5620260616050009,岸和田競輪,9R,14:36,8-1-3,8,1,3,662.2,0.002594613321866661,0.7181529417401029
5620260616050005,岸和田競輪,5R,12:24,4-7-9,4,7,9,597.8,0.002860534100990247,0.7100272855719696
7420260618030006,高知競輪,6R,22:20,6-2-3,6,2,3,341.3,0.005001856264270663,0.7071335429955774
8720260618030005,熊本競輪,5R,22:10,5-1-4,5,1,4,325.8,0.005230847539783016,0.7042101284613067
7420260618030009,高知競輪,9R,23:20,3-4-5,3,4,5,357.1,0.004769008936433607,0.7030130912004411
8720260618030005,熊本競輪,5R,22:10,3-5-2,3,5,2,323.4,0.005260315585293677,0.701186060283975
5620260616050004,岸和田競輪,4R,11:58,1-2-4,1,2,4,1343.6,0.0012657554372819233,0.700669005531992
5620260616050004,岸和田競輪,4R,11:58,9-3-5,9,3,5,662.0,0.0025626995798452112,0.6965071218575298
5620260616050005,岸和田競輪,5R,12:24,5-3-9,5,3,9,760.4,0.002227191545081414,0.693556450879907
5620260616050004,岸和田競輪,4R,11:58,7-6-3,7,6,3,783.5,0.0021537129000445136,0.6874340571848765
5620260616050005,岸和田競輪,5R,12:24,1-6-9,1,6,9,750.9,0.0022414769728251265,0.6831250588943873
8720260618030006,熊本競輪,6R,22:30,6-3-2,6,3,2,319.3,0.005262383690168041,0.6802791122706555
8720260618030006,熊本競輪,6R,22:30,4-1-7,4,1,7,344.0,0.004873674366488677,0.6765439820721049
7420260618030006,高知競輪,6R,22:20,4-3-5,4,3,5,374.0,0.004479990419433632,0.6755164168681782
5620260616050005,岸和田競輪,5R,12:24,7-1-5,7,1,5,765.6,0.002184722648914569,0.6726236600089939
8720260618030006,熊本競輪,6R,22:30,3-2-6,3,2,6,327.2,0.005107179130702935,0.6710690115660003
5620260616050004,岸和田競輪,4R,11:58,3-4-7,3,4,7,721.2,0.0023109167795640653,0.666633181421604
5620260616050005,岸和田競輪,5R,12:24,1-8-3,1,8,3,1330.8,0.001252073437771009,0.6662593309856586
5620260616050005,岸和田競輪,5R,12:24,3-2-7,3,2,7,687.6,0.002421305809615726,0.6648898746917733
5620260616050009,岸和田競輪,9R,14:36,2-1-9,2,1,9,502.3,0.003313227168966929,0.6642340069720885
8720260618030006,熊本競輪,6R,22:30,6-4-7,6,4,7,385.1,0.004317202983736299,0.6625548690368488
5620260616050004,岸和田競輪,4R,11:58,4-9-3,4,9,3,623.8,0.002664760983644764,0.6622779015976037
5620260616050004,岸和田競輪,4R,11:58,5-6-4,5,6,4,1050.0,0.0015825729090120529,0.6617015544626554
5620260616050005,岸和田競輪,5R,12:24,8-7-4,8,7,4,945.0,0.0017552649683774577,0.6587253951166976
5620260616050004,岸和田競輪,4R,11:58,8-5-9,8,5,9,657.2,0.0025223082845423368,0.6576610046012239
5620260616050005,岸和田競輪,5R,12:24,3-1-5,3,1,5,836.0,0.0019823676013925582,0.6572593147641788
5620260616050004,岸和田競輪,4R,11:58,4-9-8,4,9,8,769.4,0.0021535503376689186,0.656941629802466
7420260618030009,高知競輪,9R,23:20,7-2-3,7,2,3,362.5,0.004568417176960268,0.6560512266480969
5620260616050009,岸和田競輪,9R,14:36,3-5-9,3,5,9,575.6,0.0028756796174113862,0.6552411877819939
5620260616050009,岸和田競輪,9R,14:36,4-7-8,4,7,8,1361.5,0.0012095914385337365,0.6468587435636823
5620260616050004,岸和田競輪,4R,11:58,4-2-7,4,2,7,872.0,0.0018870091172007858,0.6454719501990853
5620260616050005,岸和田競輪,5R,12:24,7-5-2,7,5,2,557.7,0.0029416979295573227,0.6405849353141191
7420260618030006,高知競輪,6R,22:20,3-2-1,3,2,1,286.2,0.005723533522971374,0.6380752942744072
5620260616050005,岸和田競輪,5R,12:24,4-6-8,4,6,8,1213.2,0.0013456242616298943,0.6325113542093879
5620260616050005,岸和田競輪,5R,12:24,2-3-5,2,3,5,808.3,0.0020177752653968784,0.6309677470202968
5620260616050004,岸和田競輪,4R,11:58,9-1-3,9,1,3,848.6,0.0019197916983802812,0.6291352352455066
5620260616050004,岸和田競輪,4R,11:58,6-9-3,6,9,3,609.7,0.002669510850305766,0.6276007654314255
5620260616050004,岸和田競輪,4R,11:58,8-5-2,8,5,2,1011.9,0.0016077818271023774,0.6269144308448957
5620260616050005,岸和田競輪,5R,12:24,9-2-8,9,2,8,812.5,0.002001046920459277,0.6258506228731626
5620260616050005,岸和田競輪,5R,12:24,7-5-4,7,5,4,745.9,0.0021633119009657155,0.613614346930327
5620260616050005,岸和田競輪,5R,12:24,1-6-4,1,6,4,1167.9,0.0013793903710035593,0.6109900142950571
5620260616050009,岸和田競輪,9R,14:36,1-7-6,1,7,6,1053.5,0.0015288975693434248,0.6106935893032981
7420260618030006,高知競輪,6R,22:20,6-2-1,6,2,1,283.7,0.005667712585198717,0.6079300604208759
7420260618030009,高知競輪,9R,23:20,7-6-3,7,6,3,395.0,0.004064753376500068,0.6055775837175268
7420260618030009,高知競輪,9R,23:20,4-2-5,4,2,5,308.7,0.005197787997385726,0.6045571547929736
5620260616050009,岸和田競輪,9R,14:36,8-7-9,8,7,9,903.0,0.0017767291691969972,0.6043864397848886
5620260616050004,岸和田競輪,4R,11:58,5-3-7,5,3,7,530.3,0.0030130626477925734,0.5978271221244016
5620260616050009,岸和田競輪,9R,14:36,1-5-7,1,5,7,761.5,0.0020971571345424138,0.5969851579540482
7420260618030006,高知競輪,6R,22:20,7-3-1,7,3,1,333.4,0.004786704156777576,0.5958871658696439
5620260616050004,岸和田競輪,4R,11:58,2-4-5,2,4,5,932.6,0.0017078645701678911,0.5927544981385753
5620260616050004,岸和田競輪,4R,11:58,2-1-7,2,1,7,798.2,0.001993074789027305,0.5908722966015949
7420260618030006,高知競輪,6R,22:20,2-7-5,2,7,5,354.7,0.004468839924676365,0.5850975212827065
5620260616050009,岸和田競輪,9R,14:36,1-7-4,1,7,4,1050.2,0.0015084362940633758,0.5841597960253573
5620260616050005,岸和田競輪,5R,12:24,8-4-6,8,4,6,1209.4,0.0013080329059845062,0.5819349964976619
7420260618030009,高知競輪,9R,23:20,2-5-7,2,5,7,348.3,0.004534876044287982,0.5794973262255043
5620260616050004,岸和田競輪,4R,11:58,1-9-5,1,9,5,611.2,0.002583883763575518,0.5792697562973566
5620260616050005,岸和田競輪,5R,12:24,5-8-2,5,8,2,838.7,0.0018808878629574708,0.577500650662431
5620260616050004,岸和田競輪,4R,11:58,1-4-5,1,4,5,903.5,0.0017446191568952871,0.5762634082548919
8720260618030005,熊本競輪,5R,22:10,4-6-7,4,6,7,408.4,0.0038595244637577497,0.5762297909986649
7420260618030009,高知競輪,9R,23:20,3-7-4,3,7,4,364.4,0.0043255116074277155,0.5762164297466594
5620260616050009,岸和田競輪,9R,14:36,2-5-3,2,5,3,681.5,0.0023119396693233336,0.5755868846438519
5620260616050009,岸和田競輪,9R,14:36,5-3-1,5,3,1,570.1,0.002757513711702206,0.5720585670414275
7420260618030006,高知競輪,6R,22:20,3-6-4,3,6,4,355.5,0.004421897621494767,0.5719846044413897
5620260616050004,岸和田競輪,4R,11:58,4-8-7,4,8,7,715.5,0.0021933011011699495,0.569306937887099
7420260618030006,高知競輪,6R,22:20,5-4-6,5,4,6,354.7,0.004421616460562314,0.5683473585614527
7420260618030006,高知競輪,6R,22:20,4-7-6,4,7,6,371.8,0.004210038653759894,0.5652923714679285
8720260618030005,熊本競輪,5R,22:10,6-2-4,6,2,4,310.0,0.005028370708598254,0.5587949196654587
5620260616050005,岸和田競輪,5R,12:24,2-9-4,2,9,4,678.1,0.002291975763983954,0.5541887655575193
5620260616050004,岸和田競輪,4R,11:58,3-2-9,3,2,9,808.8,0.0019195219647046592,0.5525093650531283
7420260618030009,高知競輪,9R,23:20,3-7-2,3,7,2,341.5,0.004531191554178602,0.5474019157519925
5620260616050009,岸和田競輪,9R,14:36,9-8-4,9,8,4,1049.6,0.0014705183105231617,0.5434560187251105
5620260616050004,岸和田競輪,4R,11:58,9-5-6,9,5,6,743.4,0.002072177545444745,0.5404567872836235
5620260616050005,岸和田競輪,5R,12:24,3-9-1,3,9,1,686.4,0.002241123338106689,0.5383070592764314
7420260618030009,高知競輪,9R,23:20,7-2-1,7,2,1,286.2,0.005374641060356339,0.5382222714739842
5620260616050009,岸和田競輪,9R,14:36,8-7-3,8,7,3,1048.9,0.0014648564958805027,0.5364879785290595
5620260616050005,岸和田競輪,5R,12:24,9-3-5,9,3,5,716.6,0.002142261639952381,0.5351446911898763
5620260616050009,岸和田競輪,9R,14:36,3-7-8,3,7,8,1198.5,0.0012803855040288015,0.5345420265785186
5620260616050005,岸和田競輪,5R,12:24,5-7-9,5,7,9,463.8,0.0033085546561237886,0.5345076495102132
5620260616050009,岸和田競輪,9R,14:36,3-8-2,3,8,2,1047.0,0.0014623232440016702,0.5310524364697486
5620260616050005,岸和田競輪,5R,12:24,7-9-1,7,9,1,617.6,0.0024777081204474067,0.5302325351883184
5620260616050005,岸和田競輪,5R,12:24,2-6-3,2,6,3,1033.7,0.0014800880120728179,0.5299669780796719
5620260616050009,岸和田競輪,9R,14:36,8-7-2,8,7,2,1133.0,0.0013494702002560073,0.5289497368900562
7420260618030006,高知競輪,6R,22:20,7-2-5,7,2,5,310.1,0.004904299825061699,0.520823375751633
5620260616050004,岸和田競輪,4R,11:58,5-9-1,5,9,1,705.1,0.0021555029229231204,0.5198451109530922
5620260616050009,岸和田競輪,9R,14:36,3-4-9,3,4,9,725.4,0.0020928826751233556,0.518177092534482
5620260616050004,岸和田競輪,4R,11:58,1-5-7,1,5,7,562.8,0.002695337883193794,0.5169361606614671
5620260616050004,岸和田競輪,4R,11:58,5-3-8,5,3,8,736.6,0.002058977090623219,0.5166425249530633
8720260618030006,熊本競輪,6R,22:30,7-1-6,7,1,6,317.2,0.004781057373539131,0.5165513988866124
8720260618030006,熊本競輪,6R,22:30,3-6-7,3,6,7,358.5,0.004222729079771098,0.5138483750979388
5620260616050004,岸和田競輪,4R,11:58,7-3-6,7,3,6,681.2,0.0022213052196222143,0.5131531156066524
8720260618030006,熊本競輪,6R,22:30,1-6-5,1,6,5,354.4,0.004269221983830419,0.5130122710695004
8720260618030005,熊本競輪,5R,22:10,6-3-1,6,3,1,285.8,0.005291987705902828,0.5124500863470283
5620260616050005,岸和田競輪,5R,12:24,3-1-7,3,1,7,821.1,0.0018389643541118314,0.5099736311612248
8720260618030006,熊本競輪,6R,22:30,7-5-6,7,5,6,389.9,0.003867340383360578,0.5078760154722892
5620260616050005,岸和田競輪,5R,12:24,9-7-5,9,7,5,473.1,0.003184165347890706,0.5064286260870929
5620260616050005,岸和田競輪,5R,12:24,8-2-4,8,2,4,901.5,0.0016681627316514917,0.5038487025838199
5620260616050005,岸和田競輪,5R,12:24,5-1-6,5,1,6,923.8,0.0016272908331456206,0.5032912716599243
8720260618030005,熊本競輪,5R,22:10,2-3-7,2,3,7,329.2,0.00456416827994944,0.5025241977593555
5620260616050004,岸和田競輪,4R,11:58,9-3-4,9,3,4,716.9,0.0020958498296834746,0.5025147429000829
5620260616050005,岸和田競輪,5R,12:24,2-9-7,2,9,7,461.3,0.003256542465784526,0.5022430394664017
5620260616050009,岸和田競輪,9R,14:36,8-9-1,8,9,1,485.1,0.0030948502832169487,0.5013118723885419
5620260616050004,岸和田競輪,4R,11:58,4-8-2,4,8,2,1146.2,0.0013096512155221756,0.5011222232315178
7420260618030006,高知競輪,6R,22:20,2-6-4,2,6,4,324.8,0.0046122212321296685,0.4980494561957163
5620260616050004,岸和田競輪,4R,11:58,5-3-2,5,3,2,832.0,0.0017991424693222025,0.49688653447607245
8720260618030005,熊本競輪,5R,22:10,4-5-2,4,5,2,291.6,0.0051330145857382365,0.4967870532012699
5620260616050004,岸和田競輪,4R,11:58,1-9-4,1,9,4,707.8,0.0021131748677848295,0.4957051714181022
8720260618030006,熊本競輪,6R,22:30,2-7-6,2,7,6,350.5,0.004265496353112779,0.49505647176602907
7420260618030006,高知競輪,6R,22:20,2-3-7,2,3,7,337.6,0.004427926688758802,0.4948680501249718
5620260616050004,岸和田競輪,4R,11:58,9-3-1,9,3,1,747.2,0.0019995665098251555,0.4940760961413564
5620260616050004,岸和田競輪,4R,11:58,3-5-7,3,5,7,513.5,0.0029060896216872847,0.49227702073642066
5620260616050009,岸和田競輪,9R,14:36,2-5-1,2,5,1,485.5,0.003071254888550457,0.4910942483912468
7420260618030006,高知競輪,6R,22:20,4-2-3,4,2,3,296.4,0.005026729050843343,0.48992249066996685
5620260616050009,岸和田競輪,9R,14:36,6-1-2,6,1,2,612.7,0.00242929623874004,0.48842980547602255
5620260616050004,岸和田競輪,4R,11:58,3-7-2,3,7,2,671.2,0.0022136321826028713,0.4857899209630474
5620260616050004,岸和田競輪,4R,11:58,2-7-1,2,7,1,696.9,0.0021314300246121146,0.4853935841521826
5620260616050009,岸和田競輪,9R,14:36,1-7-2,1,7,2,933.6,0.0015902813951835725,0.4846867105433834
8720260618030005,熊本競輪,5R,22:10,3-6-1,3,6,1,301.6,0.004921931489383257,0.4844545371979905
7420260618030009,高知競輪,9R,23:20,2-7-4,2,7,4,325.8,0.004549829151234442,0.48233433747218113
5620260616050009,岸和田競輪,9R,14:36,6-1-8,6,1,8,692.8,0.002138492861627022,0.48154785453520077
7420260618030006,高知競輪,6R,22:20,7-1-4,7,1,4,303.3,0.004882600151796192,0.480892626039785
8720260618030006,熊本競輪,6R,22:30,2-5-1,2,5,1,306.8,0.004811019145645757,0.4760206738841184
8720260618030006,熊本競輪,6R,22:30,6-3-7,6,3,7,329.5,0.004464160073491025,0.47094074421529264
7420260618030006,高知競輪,6R,22:20,5-7-1,5,7,1,306.8,0.004782006013263462,0.4671194448692302
8720260618030006,熊本競輪,6R,22:30,6-2-3,6,2,3,275.2,0.0053092826973551955,0.46111459831214985
8720260618030005,熊本競輪,5R,22:10,3-1-7,3,1,7,304.0,0.004801668424114718,0.45970720093087447
7420260618030009,高知競輪,9R,23:20,7-1-4,7,1,4,282.8,0.0051588025351257845,0.4589093569335718
8720260618030005,熊本競輪,5R,22:10,4-2-6,4,2,6,296.7,0.004915899426853826,0.45854735994753026
5620260616050005,岸和田競輪,5R,12:24,1-7-6,1,7,6,717.9,0.002030361722227762,0.4575966803873104
8720260618030006,熊本競輪,6R,22:30,3-5-1,3,5,1,307.8,0.0047276635328731605,0.4551748354183589
5620260616050009,岸和田競輪,9R,14:36,4-8-6,4,8,6,1095.4,0.001328133346445227,0.45483726769610167
5620260616050004,岸和田競輪,4R,11:58,3-9-7,3,9,7,424.0,0.0034295510795513398,0.454129657729768
5620260616050009,岸和田競輪,9R,14:36,3-2-8,3,2,8,977.6,0.0014851250257090598,0.45185822513317686
5620260616050009,岸和田競輪,9R,14:36,9-8-3,9,8,3,862.7,0.0016828647904596277,0.451807454729521
5620260616050005,岸和田競輪,5R,12:24,9-3-2,9,3,2,761.2,0.0019019269905462468,0.44774682520380304
5620260616050004,岸和田競輪,4R,11:58,3-2-8,3,2,8,1033.5,0.0014002577797881642,0.4471664154110677
5620260616050009,岸和田競輪,9R,14:36,9-3-7,9,3,7,839.0,0.0017214628902634864,0.44430736493106515
5620260616050005,岸和田競輪,5R,12:24,6-3-4,6,3,4,1187.4,0.001211837146474338,0.43893542772362903
5620260616050004,岸和田競輪,4R,11:58,9-5-3,9,5,3,565.0,0.002546429188791126,0.43873249166698636
8720260618030006,熊本競輪,6R,22:30,6-4-1,6,4,1,281.0,0.005114415289162887,0.4371506962547713
7420260618030006,高知競輪,6R,22:20,6-7-4,6,7,4,346.1,0.0041473039085375895,0.4353818827448599
7420260618030006,高知競輪,6R,22:20,7-3-2,7,3,2,304.4,0.0047147348387837195,0.4351652849257641
7420260618030009,高知競輪,9R,23:20,3-7-6,3,7,6,348.3,0.004111201732841129,0.4319315635485652
8720260618030005,熊本競輪,5R,22:10,3-5-4,3,5,4,302.6,0.004728720178464858,0.43091072600346614
5620260616050004,岸和田競輪,4R,11:58,4-1-5,4,1,5,869.9,0.001641134480578155,0.42762288465493703
7420260618030006,高知競輪,6R,22:20,2-4-6,2,4,6,309.5,0.004603214022371345,0.42469473992393114
5620260616050009,岸和田競輪,9R,14:36,9-2-3,9,2,3,732.0,0.0019424437007441121,0.42186878894469015
8720260618030006,熊本競輪,6R,22:30,6-5-7,6,5,7,369.8,0.0038204775398216176,0.41281259422603434
5620260616050004,岸和田競輪,4R,11:58,4-7-3,4,7,3,489.5,0.0028792623254286754,0.4093989082973366
5620260616050004,岸和田競輪,4R,11:58,4-8-9,4,8,9,685.7,0.0020545972439096243,0.4088373301488295
5620260616050004,岸和田競輪,4R,11:58,3-7-4,3,7,4,571.3,0.002465209787648544,0.40837435168361313
8720260618030005,熊本競輪,5R,22:10,5-2-6,5,2,6,283.9,0.00494449582882087,0.40374236580224476
5620260616050004,岸和田競輪,4R,11:58,1-4-7,1,4,7,654.2,0.002145642110192443,0.40367906848789636
5620260616050004,岸和田競輪,4R,11:58,9-8-5,9,8,5,699.0,0.002006994641851589,0.40288925465426084
8720260618030005,熊本競輪,5R,22:10,6-4-7,6,4,7,351.8,0.0039836358391204495,0.4014430882025741
5620260616050004,岸和田競輪,4R,11:58,8-6-9,8,6,9,670.5,0.0020859148460923016,0.3986059043048882
7420260618030006,高知競輪,6R,22:20,6-1-7,6,1,7,286.0,0.004888078734514717,0.3979905180712091
7420260618030009,高知競輪,9R,23:20,3-1-6,3,1,6,277.2,0.005036631435331294,0.39615423387383464
5620260616050009,岸和田競輪,9R,14:36,9-7-1,9,7,1,627.4,0.0022235731689223435,0.39506980618187826
5620260616050009,岸和田競輪,9R,14:36,4-8-9,4,8,9,766.0,0.0018188429565751678,0.3932337047365786
7420260618030006,高知競輪,6R,22:20,5-2-1,5,2,1,240.9,0.005734572420030915,0.38145849598544745
5620260616050009,岸和田競輪,9R,14:36,5-1-6,5,1,6,537.2,0.00256543282099654,0.37815051143934153
5620260616050004,岸和田競輪,4R,11:58,5-8-3,5,8,3,689.0,0.0019967450378316457,0.37575733106600384
7420260618030006,高知競輪,6R,22:20,3-1-7,3,1,7,278.2,0.004936207419338025,0.37325290405983846
8720260618030005,熊本競輪,5R,22:10,2-3-6,2,3,6,283.9,0.004835114120675874,0.37268889885988066
7420260618030006,高知競輪,6R,22:20,7-5-1,7,5,1,280.7,0.004885405650556522,0.3713333661112155
5620260616050004,岸和田競輪,4R,11:58,7-5-6,7,5,6,646.1,0.00212228722994415,0.37120977926691556
5620260616050005,岸和田競輪,5R,12:24,3-6-7,3,6,7,712.6,0.001921824714807507,0.3694922917718295
5620260616050005,岸和田競輪,5R,12:24,5-3-2,5,3,2,734.7,0.0018637575381872781,0.3693026633061933
5620260616050004,岸和田競輪,4R,11:58,5-7-8,5,7,8,545.5,0.0025094959615499894,0.36893004702551924
8720260618030006,熊本競輪,6R,22:30,4-5-2,4,5,2,294.2,0.004644202037275428,0.36632423936643077
5620260616050009,岸和田競輪,9R,14:36,8-1-4,8,1,4,601.6,0.002267221003233523,0.3639601555452876
8720260618030005,熊本競輪,5R,22:10,6-3-4,6,3,4,288.9,0.004720609214119285,0.36378400195906146
5620260616050005,岸和田競輪,5R,12:24,4-2-6,4,2,6,734.0,0.0018571276034628948,0.36313166094176474
5620260616050004,岸和田競輪,4R,11:58,9-5-1,9,5,1,711.3,0.0019105857185063933,0.35899962157359755
5620260616050005,岸和田競輪,5R,12:24,3-4-2,3,4,2,829.8,0.0016369556400197285,0.35834579008837064
5620260616050005,岸和田競輪,5R,12:24,1-8-5,1,8,5,711.3,0.0019080551118199457,0.35719960103752735
5620260616050005,岸和田競輪,5R,12:24,2-5-3,2,5,3,631.5,0.0021466966035040844,0.35563890511282925
5620260616050004,岸和田競輪,4R,11:58,9-3-6,9,3,6,621.7,0.0021686840753327562,0.3482708896343747
8720260618030005,熊本競輪,5R,22:10,5-1-6,5,1,6,269.7,0.004991364421990062,0.3461709846107195
5620260616050004,岸和田競輪,4R,11:58,8-2-6,8,2,6,1027.7,0.0013079484766943819,0.3441786494988164
7420260618030009,高知競輪,9R,23:20,7-3-1,7,3,1,294.6,0.004560853893186923,0.3436275569328675
5620260616050004,岸和田競輪,4R,11:58,4-3-5,4,3,5,590.3,0.002273580617529826,0.34209463852785627
5620260616050005,岸和田競輪,5R,12:24,2-1-6,2,1,6,858.0,0.001563896119868333,0.3418228708470299
5620260616050004,岸和田競輪,4R,11:58,8-2-5,8,2,5,867.9,0.0015455819728696883,0.34141059425360254
5620260616050005,岸和田競輪,5R,12:24,3-1-2,3,1,2,759.7,0.0017599710399317698,0.3370499990361657
7420260618030006,高知競輪,6R,22:20,3-1-6,3,1,6,258.6,0.005167148170616301,0.33622451692137556
5620260616050009,岸和田競輪,9R,14:36,4-8-2,4,8,2,965.8,0.0013814566740934597,0.3342108558394634
5620260616050004,岸和田競輪,4R,11:58,4-3-8,4,3,8,696.9,0.0019107785530938313,0.331621573651091
5620260616050009,岸和田競輪,9R,14:36,4-8-3,4,8,3,887.3,0.0014995779695167605,0.3305755323522215
5620260616050005,岸和田競輪,5R,12:24,1-5-6,1,5,6,598.2,0.0022171060117829383,0.32627281624855375
8720260618030005,熊本競輪,5R,22:10,1-7-4,1,7,4,314.5,0.00420213596243751,0.32157176018659683
8720260618030005,熊本競輪,5R,22:10,4-7-6,4,7,6,345.4,0.003820282887272173,0.31952570926380863
7420260618030006,高知競輪,6R,22:20,5-6-4,5,6,4,297.8,0.004430104015024675,0.3192849756743483
5620260616050005,岸和田競輪,5R,12:24,5-8-1,5,8,1,893.2,0.001476189162434375,0.3185321598863837
5620260616050005,岸和田競輪,5R,12:24,2-8-4,2,8,4,990.5,0.0013294759677631672,0.3168459460694171
5620260616050009,岸和田競輪,9R,14:36,5-3-6,5,3,6,715.2,0.001838446288703199,0.314856785680528
5620260616050005,岸和田競輪,5R,12:24,7-4-5,7,4,5,646.7,0.002031299140325218,0.3136411540483186
5620260616050004,岸和田競輪,4R,11:58,1-8-7,1,8,7,592.3,0.002212235761835441,0.3103072417351316
5620260616050004,岸和田競輪,4R,11:58,8-5-7,8,5,7,485.3,0.002692586858264148,0.30671240231559094
7420260618030009,高知競輪,9R,23:20,2-1-6,2,1,6,246.3,0.0053027865690919275,0.30607633196734185
8720260618030005,熊本競輪,5R,22:10,4-1-5,4,1,5,247.3,0.005281144925664033,0.3060271401167154
5620260616050005,岸和田競輪,5R,12:24,2-1-8,2,1,8,914.1,0.0014276405790576087,0.30500625331656006
7420260618030006,高知競輪,6R,22:20,2-4-1,2,4,1,250.6,0.005194032529747192,0.3016245519546463
5620260616050009,岸和田競輪,9R,14:36,5-1-8,5,1,8,553.8,0.0023490029472279014,0.30087783217481157
7420260618030006,高知競輪,6R,22:20,3-4-6,3,4,6,294.2,0.00441345376693931,0.29843809823354506
8720260618030006,熊本競輪,6R,22:30,4-6-1,4,6,1,262.8,0.004938333927360464,0.2977941561103301
5620260616050009,岸和田競輪,9R,14:36,5-2-7,5,2,7,850.0,0.001525721251369089,0.2968630636637257
5620260616050004,岸和田競輪,4R,11:58,9-1-8,9,1,8,833.9,0.001551496770508101,0.2937931569267054
8720260618030006,熊本競輪,6R,22:30,1-7-3,1,7,3,278.5,0.0046403714506268,0.29234344899956377
5620260616050009,岸和田競輪,9R,14:36,3-9-7,3,9,7,636.6,0.00202963322291719,0.29206450970908304
5620260616050005,岸和田競輪,5R,12:24,3-1-9,3,1,9,614.2,0.0021031666080002214,0.291764930633736
5620260616050004,岸和田競輪,4R,11:58,4-1-7,4,1,7,638.7,0.00201837016182016,0.2891330223545363
8720260618030005,熊本競輪,5R,22:10,6-4-3,6,4,3,276.0,0.0046699010923160564,0.2888927014792315
8720260618030006,熊本競輪,6R,22:30,2-6-3,2,6,3,265.1,0.004858856008231928,0.28808272778228416
7420260618030009,高知競輪,9R,23:20,1-6-5,1,6,5,268.8,0.004769837780128768,0.2821323952986128
5620260616050004,岸和田競輪,4R,11:58,7-6-4,7,6,4,756.5,0.0016937411541611232,0.2813151831228897
5620260616050009,岸和田競輪,9R,14:36,4-1-9,4,1,9,399.0,0.0032064979630613286,0.27939268726147004
5620260616050005,岸和田競輪,5R,12:24,3-6-8,3,6,8,928.2,0.0013706273012293558,0.2722162610010881
5620260616050009,岸和田競輪,9R,14:36,9-3-5,9,3,5,516.9,0.002460421398093639,0.27179182067460195
5620260616050004,岸和田競輪,4R,11:58,2-1-9,2,1,9,680.0,0.0018670331977022774,0.2695825744375486
5620260616050005,岸和田競輪,5R,12:24,7-2-6,7,2,6,607.5,0.0020881127083068733,0.26852847029642546
7420260618030009,高知競輪,9R,23:20,1-5-6,1,5,6,263.8,0.0048006711000325225,0.2664170361885796
5620260616050005,岸和田競輪,5R,12:24,5-7-1,5,7,1,580.0,0.0021729476610136936,0.2603096433879424
7420260618030006,高知競輪,6R,22:20,2-3-1,2,3,1,239.8,0.005229996936483758,0.2541532653688052
7420260618030009,高知競輪,9R,23:20,3-2-7,3,2,7,268.8,0.004660803115249198,0.2528238773789844
7420260618030009,高知競輪,9R,23:20,2-3-7,2,3,7,300.8,0.004160208135237943,0.2513906070795733
5620260616050005,岸和田競輪,5R,12:24,7-4-1,7,4,1,882.2,0.001415384136153533,0.24865188491464685
7420260618030006,高知競輪,6R,22:20,4-3-2,4,3,2,254.0,0.004915156963987072,0.24844986885271636
7420260618030006,高知競輪,6R,22:20,5-6-1,5,6,1,247.1,0.005048915518896002,0.24758702471920202
5620260616050005,岸和田競輪,5R,12:24,9-7-4,9,7,4,600.0,0.002078921098273419,0.24735265896405134
5620260616050009,岸和田競輪,9R,14:36,9-4-8,9,4,8,839.4,0.0014839029212914895,0.2455881121320762
5620260616050005,岸和田競輪,5R,12:24,3-5-4,3,5,4,635.1,0.001957839606027796,0.24342393378825333
5620260616050004,岸和田競輪,4R,11:58,1-7-6,1,7,6,524.6,0.0023624577087956087,0.23934531403417636
5620260616050005,岸和田競輪,5R,12:24,2-4-9,2,4,9,580.9,0.002128701252723844,0.23656255770728074
5620260616050004,岸和田競輪,4R,11:58,9-4-8,9,4,8,755.0,0.0016356463070121025,0.23491296179413745
8720260618030005,熊本競輪,5R,22:10,3-7-4,3,7,4,300.8,0.004101885061824496,0.23384702659680823
5620260616050005,岸和田競輪,5R,12:24,4-3-9,4,3,9,636.2,0.0019313016451029074,0.22869410661446965
5620260616050004,岸和田競輪,4R,11:58,7-6-2,7,6,2,807.0,0.0015208928451587507,0.22736052604311174
7420260618030006,高知競輪,6R,22:20,4-1-7,4,1,7,249.6,0.004912353609084597,0.22612346082751555
8720260618030005,熊本競輪,5R,22:10,4-5-3,4,5,3,250.9,0.004872305393772267,0.22246142329746177
5620260616050009,岸和田競輪,9R,14:36,8-7-1,8,7,1,627.6,0.0019459624027795908,0.2212860039844713
7420260618030006,高知競輪,6R,22:20,2-5-1,2,5,1,228.3,0.005338378214833757,0.2187517464465467
5620260616050004,岸和田競輪,4R,11:58,9-1-6,9,1,6,778.5,0.001562246170765663,0.21620864394106865
5620260616050004,岸和田競輪,4R,11:58,9-3-7,9,3,7,385.5,0.003151768747096474,0.2150068520056907
5620260616050004,岸和田競輪,4R,11:58,6-7-9,6,7,9,380.2,0.003195654575833845,0.21498786973202777
5620260616050009,岸和田競輪,9R,14:36,3-8-9,3,8,9,630.9,0.001925312883470603,0.21467989818160338
8720260618030005,熊本競輪,5R,22:10,3-1-5,3,1,5,223.8,0.005413365707838593,0.21151124541427713
8720260618030006,熊本競輪,6R,22:30,1-7-6,1,7,6,283.5,0.004270879318600018,0.21079428682310497
8720260618030006,熊本競輪,6R,22:30,1-4-7,1,4,7,262.8,0.0045972738154485765,0.208163558699886
5620260616050005,岸和田競輪,5R,12:24,9-2-3,9,2,3,608.4,0.0019847300070974894,0.20750973631811243
5620260616050009,岸和田競輪,9R,14:36,8-1-9,8,1,9,383.0,0.003147014867812466,0.20530669437217441
5620260616050005,岸和田競輪,5R,12:24,7-2-8,7,2,8,631.0,0.0019061844314031283,0.2028023762153739
5620260616050004,岸和田競輪,4R,11:58,9-4-3,9,4,3,594.2,0.0020239166857304158,0.20261129466101324
7420260618030009,高知競輪,9R,23:20,2-4-5,2,4,5,239.6,0.005018894904028722,0.2025272190052818
5620260616050004,岸和田競輪,4R,11:58,5-1-4,5,1,4,828.2,0.0014447044963478576,0.19650426387529563
7420260618030009,高知競輪,9R,23:20,2-4-3,2,4,3,256.1,0.004669227090593116,0.19578905790089718
5620260616050005,岸和田競輪,5R,12:24,9-3-4,9,3,4,854.2,0.0013986688612979926,0.19474294132074532
5620260616050004,岸和田競輪,4R,11:58,3-1-8,3,1,8,795.5,0.0014980691140941145,0.19171398026186814
5620260616050005,岸和田競輪,5R,12:24,5-2-9,5,2,9,377.6,0.0031429854185666003,0.18679129405074835
5620260616050004,岸和田競輪,4R,11:58,6-9-4,6,9,4,564.6,0.0020993793502137995,0.18530958113071128
5620260616050005,岸和田競輪,5R,12:24,1-3-8,1,3,8,947.3,0.0012509316032646683,0.18500750777262032
5620260616050004,岸和田競輪,4R,11:58,5-1-7,5,1,7,545.1,0.0021725671447875646,0.18426635062370145
8720260618030006,熊本競輪,6R,22:30,6-4-2,6,4,2,232.7,0.00508914962607789,0.1842451179883251
5620260616050004,岸和田競輪,4R,11:58,4-8-3,4,8,3,637.5,0.0018545768864700472,0.1822927651246551
5620260616050004,岸和田競輪,4R,11:58,4-9-1,4,9,1,591.3,0.001999370059452437,0.18222751615422594
5620260616050005,岸和田競輪,5R,12:24,7-4-8,7,4,8,878.2,0.0013439051203034424,0.18021747665048315
5620260616050005,岸和田競輪,5R,12:24,7-1-9,7,1,9,509.1,0.002317852511164512,0.18001871343385312
5620260616050004,岸和田競輪,4R,11:58,5-7-3,5,7,3,380.0,0.0031052011229934797,0.17997642673752234
5620260616050009,岸和田競輪,9R,14:36,3-5-1,3,5,1,374.5,0.003149587745244979,0.17952061059424462
7420260618030006,高知競輪,6R,22:20,3-4-1,3,4,1,235.6,0.004979916710935148,0.1732683770963208
8720260618030006,熊本競輪,6R,22:30,2-3-6,2,3,6,236.9,0.004941124641143374,0.1705524274868655
5620260616050004,岸和田競輪,4R,11:58,3-7-9,3,7,9,336.8,0.0034727739168264795,0.16963025518715824
5620260616050009,岸和田競輪,9R,14:36,1-2-7,1,2,7,723.2,0.00161720593335512,0.16956333100242293
5620260616050004,岸和田競輪,4R,11:58,4-7-8,4,7,8,502.1,0.0023269015086986576,0.16833724751759593
5620260616050005,岸和田競輪,5R,12:24,5-2-3,5,2,3,601.0,0.0019439798867639487,0.1683319119451332
5620260616050004,岸和田競輪,4R,11:58,7-6-8,7,6,8,671.2,0.0017405422743727293,0.1682519745589759
5620260616050009,岸和田競輪,9R,14:36,3-9-5,3,9,5,401.9,0.002900877527010105,0.16586267810536115
5620260616050009,岸和田競輪,9R,14:36,8-4-1,8,4,1,548.0,0.002126197464551907,0.16515621057444507
7420260618030009,高知競輪,9R,23:20,3-4-2,3,4,2,228.8,0.005089419993025521,0.16445929440423912
8720260618030005,熊本競輪,5R,22:10,1-3-7,1,3,7,254.4,0.004575287641481814,0.16395317599297354
5620260616050005,岸和田競輪,5R,12:24,9-3-6,9,3,6,749.5,0.0015525881012455277,0.16366478188352307
5620260616050004,岸和田競輪,4R,11:58,9-4-1,9,4,1,766.1,0.0015185446083576563,0.16335702446280043
5620260616050004,岸和田競輪,4R,11:58,2-4-9,2,4,9,590.3,0.0019676077329953104,0.1614788447871316
5620260616050009,岸和田競輪,9R,14:36,1-7-3,1,7,3,671.7,0.0017262582245763049,0.1595276494479041
8720260618030006,熊本競輪,6R,22:30,6-3-4,6,3,4,235.7,0.004908852896152315,0.15701662762310042
8720260618030005,熊本競輪,5R,22:10,4-6-1,4,6,1,240.7,0.004803440754622456,0.15618818963762493
8720260618030005,熊本競輪,5R,22:10,3-6-4,3,6,4,263.1,0.00439050814765311,0.1551426936475333
8720260618030006,熊本競輪,6R,22:30,4-1-5,4,1,5,238.1,0.004835442329993995,0.15131881877157016
5620260616050004,岸和田競輪,4R,11:58,5-7-2,5,7,2,525.0,0.0021928076721099135,0.1512240278577046
5620260616050004,岸和田競輪,4R,11:58,5-2-9,5,2,9,603.6,0.0019023731885214592,0.14827245659155275
8720260618030006,熊本競輪,6R,22:30,2-7-4,2,7,4,254.3,0.004507430692154954,0.14623962501500487
5620260616050005,岸和田競輪,5R,12:24,1-8-2,1,8,2,676.3,0.0016939954713938482,0.14564913730365947
5620260616050004,岸和田競輪,4R,11:58,3-7-5,3,7,5,379.6,0.003014334327565511,0.14424131074386803
7420260618030009,高知競輪,9R,23:20,2-7-3,2,7,3,275.1,0.004154959252607023,0.14302929039219214
7420260618030009,高知競輪,9R,23:20,4-3-2,4,3,2,242.9,0.00470471210889021,0.14277457124943194
5620260616050005,岸和田競輪,5R,12:24,3-6-5,3,6,5,549.9,0.0020716894493748384,0.13922202821122354
5620260616050009,岸和田競輪,9R,14:36,3-2-9,3,2,9,512.3,0.0022212304732344202,0.1379363714379933
7420260618030009,高知競輪,9R,23:20,3-7-1,3,7,1,244.6,0.004647216139525255,0.13670906772787728
5620260616050005,岸和田競輪,5R,12:24,1-7-8,1,7,8,613.2,0.0018534650402877693,0.13654476270446025
8720260618030006,熊本競輪,6R,22:30,1-5-2,1,5,2,236.9,0.004793286284274032,0.13552952074451818
5620260616050005,岸和田競輪,5R,12:24,4-1-6,4,1,6,802.5,0.001410501386685554,0.13192736281515716
5620260616050009,岸和田競輪,9R,14:36,1-4-5,1,4,5,519.4,0.002177146199232647,0.13080973588143685
5620260616050005,岸和田競輪,5R,12:24,3-4-6,3,4,6,845.9,0.0013362857047585434,0.13036407765525193
5620260616050005,岸和田競輪,5R,12:24,1-3-7,1,3,7,643.5,0.0017539934229615422,0.1286947676757524
5620260616050005,岸和田競輪,5R,12:24,4-7-3,4,7,3,636.7,0.0017692798461227091,0.12650047802632902
7420260618030006,高知競輪,6R,22:20,2-7-4,2,7,4,257.8,0.004367674225295842,0.1259864152812682
5620260616050004,岸和田競輪,4R,11:58,3-5-4,3,5,4,581.3,0.001932479165633332,0.1233501389826559
5620260616050005,岸和田競輪,5R,12:24,5-3-1,5,3,1,767.9,0.0014627446608919074,0.12324162509889569
5620260616050009,岸和田競輪,9R,14:36,3-2-5,3,2,5,530.7,0.002112422053219473,0.12106238364357447
5620260616050005,岸和田競輪,5R,12:24,3-6-9,3,6,9,509.4,0.002197931437645963,0.11962627433685347
5620260616050004,岸和田競輪,4R,11:58,1-2-7,1,2,7,587.9,0.0019034610076501003,0.11904472639749386
5620260616050005,岸和田競輪,5R,12:24,4-3-6,4,3,6,845.9,0.001319302441257747,0.11599793505992806
5620260616050005,岸和田競輪,5R,12:24,2-3-4,2,3,4,846.8,0.0013173925071405565,0.1155679750466232
5620260616050004,岸和田競輪,4R,11:58,9-1-5,9,1,5,604.1,0.0018460815251855713,0.11521784936460366
7420260618030006,高知競輪,6R,22:20,6-3-1,6,3,1,224.6,0.00496527806578685,0.11520145357572642
5620260616050004,岸和田競輪,4R,11:58,2-8-9,2,8,9,545.5,0.0020286310097972615,0.10661821584440623
5620260616050004,岸和田競輪,4R,11:58,9-1-4,9,1,4,732.9,0.0015097788599847059,0.10651692648279099
8720260618030006,熊本競輪,6R,22:30,1-5-4,1,5,4,246.9,0.004471269797868805,0.10395651309380805
7420260618030009,高知競輪,9R,23:20,4-2-3,4,2,3,228.0,0.0048356566520394075,0.102529716664985
5620260616050005,岸和田競輪,5R,12:24,3-4-1,3,4,1,858.0,0.0012847422872851978,0.10230888249069969
8720260618030005,熊本競輪,5R,22:10,4-6-3,4,6,3,242.2,0.004524408916127811,0.09581183948615579
5620260616050009,岸和田競輪,9R,14:36,5-9-2,5,9,2,455.9,0.002393896401917647,0.09137736963425525
8720260618030005,熊本競輪,5R,22:10,2-6-5,2,6,5,239.4,0.004557158610512092,0.09098377135659486
7420260618030009,高知競輪,9R,23:20,2-3-4,2,3,4,237.2,0.004586752755238508,0.08797775354257409
5620260616050009,岸和田競輪,9R,14:36,5-1-3,5,1,3,375.4,0.002896596603750964,0.08738236504811181
7420260618030009,高知競輪,9R,23:20,2-7-1,2,7,1,221.6,0.00488821702093942,0.08322889184017535
5620260616050004,岸和田競輪,4R,11:58,5-3-4,5,3,4,540.6,0.002003613635365617,0.08315353127865244
5620260616050009,岸和田競輪,9R,14:36,6-9-1,6,9,1,344.1,0.003144849941455039,0.08214286485467892
5620260616050005,岸和田競輪,5R,12:24,3-2-6,3,2,6,571.6,0.0018916651652971918,0.08127580848387495
5620260616050005,岸和田競輪,5R,12:24,5-9-7,5,9,7,318.1,0.003393227606898534,0.07938570175442372
5620260616050004,岸和田競輪,4R,11:58,3-1-7,3,1,7,492.2,0.0021922420176722027,0.07902152109825811
5620260616050009,岸和田競輪,9R,14:36,1-5-4,1,5,4,475.2,0.0022706531235499195,0.07901436431092179
8720260618030005,熊本競輪,5R,22:10,5-2-3,5,2,3,197.1,0.005471482138009079,0.0784291294015893
5620260616050005,岸和田競輪,5R,12:24,3-1-4,3,1,4,831.5,0.0012942750707963919,0.07618972136719981
5620260616050004,岸和田競輪,4R,11:58,9-8-4,9,8,4,655.4,0.0016413782604024017,0.07575931186773399
7420260618030006,高知競輪,6R,22:20,7-2-4,7,2,4,224.3,0.004793276174598301,0.07513184596239908
5620260616050005,岸和田競輪,5R,12:24,1-6-2,1,6,2,572.8,0.0018757118641195818,0.07440775576769632
5620260616050005,岸和田競輪,5R,12:24,4-9-7,4,9,7,366.6,0.002929166714780698,0.0738325176386041
5620260616050004,岸和田競輪,4R,11:58,5-9-7,5,9,7,315.0,0.0033975597777631487,0.07023132999539183
8720260618030005,熊本競輪,5R,22:10,6-2-1,6,2,1,189.6,0.0056370003877960154,0.06877527352612445
8720260618030005,熊本競輪,5R,22:10,4-7-2,4,7,2,239.7,0.004453654168057867,0.06754090408347069
5620260616050004,岸和田競輪,4R,11:58,8-1-9,8,1,9,560.2,0.001904642800719188,0.06698089696288911
5620260616050005,岸和田競輪,5R,12:24,2-3-7,2,3,7,568.6,0.0018718106495822441,0.06431153535246414
7420260618030009,高知競輪,9R,23:20,4-1-6,4,1,6,204.9,0.0051905787747133,0.06354959093875512
5620260616050009,岸和田競輪,9R,14:36,9-5-2,9,5,2,457.6,0.002319110729205195,0.061225069684297306
5620260616050009,岸和田競輪,9R,14:36,6-3-7,6,3,7,692.5,0.0015280181676934725,0.0581525811277297
7420260618030009,高知競輪,9R,23:20,2-5-4,2,5,4,211.6,0.004999835228102918,0.057965134266577456
5620260616050005,岸和田競輪,5R,12:24,2-5-7,2,5,7,348.5,0.0030347358935186664,0.057605458891255346
8720260618030006,熊本競輪,6R,22:30,7-6-4,7,6,4,244.3,0.004323372681245535,0.056199946028284264
5620260616050004,岸和田競輪,4R,11:58,3-5-8,3,5,8,531.5,0.001985877047307893,0.05549365064414502
5620260616050004,岸和田競輪,4R,11:58,9-4-6,9,4,6,640.4,0.0016469787294625328,0.05472517834780599
8720260618030006,熊本競輪,6R,22:30,4-6-2,4,6,2,214.6,0.00491393812174916,0.05453112092736978
5620260616050009,岸和田競輪,9R,14:36,9-3-4,9,3,4,565.5,0.001863878020616201,0.05402302065846176
5620260616050004,岸和田競輪,4R,11:58,5-2-4,5,2,4,780.1,0.0013504331454979649,0.05347289680296252
5620260616050005,岸和田競輪,5R,12:24,5-2-8,5,2,8,537.4,0.001959961784188764,0.05328346282304164
5620260616050009,岸和田競輪,9R,14:36,3-8-4,3,8,4,758.7,0.00138706361124849,0.05236516185422935
5620260616050005,岸和田競輪,5R,12:24,8-4-9,8,4,9,548.7,0.001914804387664343,0.050653167511425234
5620260616050004,岸和田競輪,4R,11:58,6-9-8,6,9,8,486.3,0.0021573889847425077,0.04913826328028148
7420260618030006,高知競輪,6R,22:20,2-1-7,2,1,7,202.7,0.005151633855037432,0.04423618241608751
5620260616050009,岸和田競輪,9R,14:36,5-3-2,5,3,2,543.4,0.0019122582098318886,0.039121111222648164
7420260618030006,高知競輪,6R,22:20,5-3-1,5,3,1,206.8,0.0050235653582198095,0.03887331607985667
5620260616050004,岸和田競輪,4R,11:58,7-2-6,7,2,6,694.9,0.00149462059895195,0.038611854211709984
8720260618030005,熊本競輪,5R,22:10,6-1-7,6,1,7,227.1,0.004572121066293723,0.03832869415530449
8720260618030006,熊本競輪,6R,22:30,3-6-1,3,6,1,206.5,0.005002495886557368,0.033015400574096576
7420260618030006,高知競輪,6R,22:20,2-1-4,2,1,4,193.3,0.005339023353499908,0.03203321423153227
5620260616050009,岸和田競輪,9R,14:36,9-5-1,9,5,1,307.6,0.00334420299615355,0.02867684161683215
7420260618030006,高知競輪,6R,22:20,6-2-4,6,2,4,206.8,0.004973059300700076,0.0284286633847759
8720260618030006,熊本競輪,6R,22:30,4-1-6,4,1,6,202.5,0.0050715099839056,0.02698077174088409
5620260616050004,岸和田競輪,4R,11:58,4-2-5,4,2,5,668.1,0.0015343249647581183,0.02508250895489894
5620260616050005,岸和田競輪,5R,12:24,9-4-6,9,4,6,662.0,0.0015438349243461743,0.022018719917167306
8720260618030006,熊本競輪,6R,22:30,2-5-4,2,5,4,228.8,0.004465641168299105,0.021738699306835363
7420260618030006,高知競輪,6R,22:20,3-5-1,3,5,1,199.4,0.00511779812903906,0.020488946930388607
7420260618030006,高知競輪,6R,22:20,4-2-1,4,2,1,179.1,0.005695896482943626,0.020135060095203272
5620260616050009,岸和田競輪,9R,14:36,6-9-3,6,9,3,429.7,0.0023673396046756078,0.017245828129108576
8720260618030006,熊本競輪,6R,22:30,7-6-2,7,6,2,219.1,0.004634737761674949,0.015471043582981236
5620260616050009,岸和田競輪,9R,14:36,3-4-1,3,4,1,442.7,0.002292229491036886,0.014769995682029302
5620260616050004,岸和田競輪,4R,11:58,8-1-4,8,1,4,750.3,0.0013520442697283381,0.01443881557717197
5620260616050005,岸和田競輪,5R,12:24,7-1-4,7,1,4,710.7,0.0014263913812493964,0.013736354653945959
5620260616050004,岸和田競輪,4R,11:58,8-5-3,8,5,3,445.1,0.0022767550472144486,0.013383671515151185
5620260616050004,岸和田競輪,4R,11:58,2-6-9,2,6,9,494.9,0.002044419938689752,0.011783427657558132
5620260616050004,岸和田競輪,4R,11:58,4-9-7,4,9,7,318.9,0.0031514590969087724,0.005000306004207422
5620260616050005,岸和田競輪,5R,12:24,1-8-9,1,8,9,495.8,0.00202432575804046,0.003660710836459913
5620260616050004,岸和田競輪,4R,11:58,9-8-1,9,8,1,640.4,0.001565973359814327,0.0028493396250950376
5620260616050004,岸和田競輪,4R,11:58,1-2-9,1,2,9,562.4,0.0017830865712515312,0.002807887671861131
7420260618030006,高知競輪,6R,22:20,4-2-6,4,2,6,198.4,0.0050479912110865995,0.0015214562795813347
5620260616050009,岸和田競輪,9R,14:36,8-1-7,8,1,7,475.1,0.002093987255562006,-0.0051466548824909975
5620260616050005,岸和田競輪,5R,12:24,9-8-1,9,8,1,659.8,0.001506437186969829,-0.006052744037306934
7420260618030006,高知競輪,6R,22:20,1-6-7,1,6,7,222.4,0.0044675802809273505,-0.006410145521757227
5620260616050009,岸和田競輪,9R,14:36,6-3-5,6,3,5,453.9,0.0021839382177407354,-0.008710442967480247
5620260616050004,岸和田競輪,4R,11:58,4-5-6,4,5,6,538.2,0.0018389911765495984,-0.010254948781006079
5620260616050004,岸和田競輪,4R,11:58,9-8-6,9,8,6,582.3,0.001698418867858325,-0.01101069324609738
5620260616050005,岸和田競輪,5R,12:24,9-2-7,9,2,7,352.1,0.00280576742034746,-0.012089291295659166
5620260616050004,岸和田競輪,4R,11:58,8-9-5,8,9,5,382.2,0.002581796431687069,-0.013237403809202353
5620260616050005,岸和田競輪,5R,12:24,5-9-8,5,9,8,407.5,0.0024200179972012274,-0.013842666140499782
5620260616050005,岸和田競輪,5R,12:24,2-9-1,2,9,1,403.1,0.0024460654022010917,-0.013991036372739907
7420260618030006,高知競輪,6R,22:20,4-5-6,4,5,6,218.1,0.004513846527582173,-0.015530072334328238
5620260616050005,岸和田競輪,5R,12:24,9-2-5,9,2,5,325.3,0.0030245623949714355,-0.016109852915792033
5620260616050005,岸和田競輪,5R,12:24,7-2-9,7,2,9,321.4,0.0030567483107730295,-0.01756109291754837
5620260616050005,岸和田競輪,5R,12:24,5-3-6,5,3,6,644.0,0.0015214294722034247,-0.020199419900994497
5620260616050004,岸和田競輪,4R,11:58,3-8-6,3,8,6,596.6,0.001639672597408116,-0.0217713283863179
7420260618030006,高知競輪,6R,22:20,6-5-1,6,5,1,192.9,0.005067805156118177,-0.02242038538480362
5620260616050009,岸和田競輪,9R,14:36,1-2-4,1,2,4,558.2,0.0017509959761777688,-0.02259404609756932
5620260616050004,岸和田競輪,4R,11:58,4-8-5,4,8,5,547.1,0.0017833706281973672,-0.0243179293132203
8720260618030005,熊本競輪,5R,22:10,1-5-3,1,5,3,190.6,0.00511663648009003,-0.024769086894840253
7420260618030006,高知競輪,6R,22:20,6-1-2,6,1,2,171.2,0.005686694415083319,-0.02643791613773583
5620260616050004,岸和田競輪,4R,11:58,9-6-5,9,6,5,481.1,0.0020227263845508923,-0.026866336392565637
8720260618030005,熊本競輪,5R,22:10,4-2-5,4,2,5,185.3,0.005231582871918544,-0.0305876938334938
5620260616050009,岸和田競輪,9R,14:36,3-5-6,3,5,6,461.3,0.002099843738443767,-0.03134208345589018
8720260618030005,熊本競輪,5R,22:10,6-1-5,6,1,5,187.8,0.005154575702907707,-0.031970682993932686
8720260618030005,熊本競輪,5R,22:10,6-4-1,6,4,1,194.1,0.0049579058044304306,-0.03767048336005341
5620260616050009,岸和田競輪,9R,14:36,5-9-1,5,9,1,278.3,0.0034520453978141444,-0.03929576578832361
5620260616050004,岸和田競輪,4R,11:58,9-5-7,9,5,7,318.9,0.0030115149091809196,-0.0396278954622048
8720260618030005,熊本競輪,5R,22:10,2-6-4,2,6,4,214.0,0.004487627568273005,-0.03964770038957688
8720260618030006,熊本競輪,6R,22:30,2-1-7,2,1,7,190.5,0.005026422067662653,-0.0424665961102646
5620260616050009,岸和田競輪,9R,14:36,5-2-4,5,2,4,578.8,0.0016519428458772213,-0.043855480806264335
5620260616050004,岸和田競輪,4R,11:58,8-4-1,8,4,1,701.7,0.0013595335182995175,-0.046015330209228544
5620260616050004,岸和田競輪,4R,11:58,8-2-1,8,2,1,790.3,0.0012059524945668384,-0.04693574354382768
5620260616050005,岸和田競輪,5R,12:24,9-5-7,9,5,7,295.2,0.0032283961138947427,-0.046977467178272
5620260616050005,岸和田競輪,5R,12:24,7-4-2,7,4,2,528.3,0.001803413079339738,-0.0472568701848165
5620260616050005,岸和田競輪,5R,12:24,9-8-4,9,8,4,674.5,0.0014115393314471827,-0.047916720938875224
5620260616050004,岸和田競輪,4R,11:58,5-8-4,5,8,4,606.1,0.0015702971574681878,-0.04824289285853134
8720260618030005,熊本競輪,5R,22:10,1-2-7,1,2,7,195.2,0.004875385542622392,-0.04832474208010917
8720260618030006,熊本競輪,6R,22:30,3-4-2,3,4,2,178.9,0.005317650314670312,-0.048672358705481256
5620260616050004,岸和田競輪,4R,11:58,8-1-2,8,1,2,782.7,0.0012140665361503656,-0.04975012215510877
7420260618030006,高知競輪,6R,22:20,6-5-4,6,5,4,213.5,0.004446678476884282,-0.050634145185205814
5620260616050005,岸和田競輪,5R,12:24,4-2-9,4,2,9,349.1,0.0027186136276035238,-0.05093198260360976
5620260616050005,岸和田競輪,5R,12:24,8-4-7,8,4,7,566.2,0.001674264416626421,-0.05203148730612028
7420260618030009,高知競輪,9R,23:20,3-2-4,3,2,4,184.1,0.005138673555637085,-0.05397019840721273
5620260616050005,岸和田競輪,5R,12:24,9-7-2,9,7,2,334.6,0.002826942285933865,-0.054105111126528715
5620260616050004,岸和田競輪,4R,11:58,8-7-6,8,7,6,399.7,0.002360815662683974,-0.05638197962521552
5620260616050005,岸和田競輪,5R,12:24,9-5-8,9,5,8,409.2,0.002302461727541109,-0.05783266109017826
5620260616050005,岸和田競輪,5R,12:24,2-3-1,2,3,1,669.3,0.0014059608672450296,-0.058990391552901755
5620260616050004,岸和田競輪,4R,11:58,4-7-2,4,7,2,462.7,0.002033255904252192,-0.059212493102510755
5620260616050004,岸和田競輪,4R,11:58,3-4-8,3,4,8,594.7,0.0015791655413952615,-0.06087025253223788
5620260616050004,岸和田競輪,4R,11:58,8-2-7,8,2,7,492.9,0.001900853692129073,-0.06306921514957997
8720260618030006,熊本競輪,6R,22:30,7-6-3,7,6,3,209.8,0.004445275047640069,-0.06738129500511347
5620260616050009,岸和田競輪,9R,14:36,1-5-6,1,5,6,402.2,0.002301453535081589,-0.07435538819018495
5620260616050004,岸和田競輪,4R,11:58,3-4-5,3,4,5,492.5,0.001879003802389314,-0.07459062732326283
8720260618030006,熊本競輪,6R,22:30,6-3-1,6,3,1,174.9,0.0052885093934993905,-0.07503970707695662
5620260616050004,岸和田競輪,4R,11:58,3-9-2,3,9,2,451.5,0.0020478336228591416,-0.0754031192790976
5620260616050005,岸和田競輪,5R,12:24,1-6-3,1,6,3,664.8,0.0013863844630255494,-0.07833160898061486
5620260616050009,岸和田競輪,9R,14:36,3-9-4,3,9,4,419.3,0.002197543017339601,-0.07857021282950538
5620260616050009,岸和田競輪,9R,14:36,1-6-5,1,6,5,415.2,0.0022105363156476924,-0.08218532174307813
8720260618030005,熊本競輪,5R,22:10,4-2-7,4,2,7,196.6,0.004640426610723205,-0.08769212833181794
7420260618030009,高知競輪,9R,23:20,2-5-3,2,5,3,199.7,0.004565910268714247,-0.08818771933776481
7420260618030006,高知競輪,6R,22:20,1-7-6,1,7,6,205.7,0.004428506725799611,-0.08905616650302006
5620260616050004,岸和田競輪,4R,11:58,9-6-3,9,6,3,432.6,0.00210348961742912,-0.09003039150016268
5620260616050004,岸和田競輪,4R,11:58,7-4-6,7,4,6,539.4,0.0016862117833142613,-0.09045736408028748
7420260618030009,高知競輪,9R,23:20,3-2-5,3,2,5,179.9,0.005044124696156287,-0.09256196716148402
5620260616050005,岸和田競輪,5R,12:24,2-7-8,2,7,8,457.8,0.0019811433566010207,-0.09303257134805265
5620260616050005,岸和田競輪,5R,12:24,5-7-4,5,7,4,445.1,0.0020360630467883014,-0.09374833787452697
5620260616050005,岸和田競輪,5R,12:24,3-4-5,3,4,5,490.9,0.0018438075127746034,-0.09487489197894727
5620260616050009,岸和田競輪,9R,14:36,9-8-7,9,8,7,663.5,0.0013581589959313336,-0.09886150619956013
5620260616050004,岸和田競輪,4R,11:58,8-4-7,8,4,7,418.6,0.0021429320968079286,-0.10296862427620102
8720260618030006,熊本競輪,6R,22:30,1-2-7,1,2,7,178.9,0.005002523081577208,-0.10504862070583754
5620260616050009,岸和田競輪,9R,14:36,9-3-8,9,3,8,515.7,0.0017297837742840942,-0.10795050760169256
5620260616050004,岸和田競輪,4R,11:58,9-4-7,9,4,7,372.6,0.0023935695132801652,-0.10815599935181042
5620260616050005,岸和田競輪,5R,12:24,2-3-6,2,3,6,609.4,0.0014623675323394982,-0.1088332257923098
5620260616050005,岸和田競輪,5R,12:24,4-3-2,4,3,2,550.6,0.0016161510704021903,-0.11014722063655402
7420260618030006,高知競輪,6R,22:20,2-7-3,2,7,3,202.4,0.004392965650140973,-0.11086375241146706
7420260618030006,高知競輪,6R,22:20,2-1-3,2,1,3,165.3,0.005369939466040855,-0.11234900626344657
8720260618030005,熊本競輪,5R,22:10,1-3-5,1,3,5,172.0,0.005158145676512801,-0.11279894363979825
5620260616050004,岸和田競輪,4R,11:58,4-2-9,4,2,9,498.3,0.0017676750945709086,-0.1191675003753162
5620260616050009,岸和田競輪,9R,14:36,9-4-1,9,4,1,362.3,0.002430800456080453,-0.11932099476205194
5620260616050005,岸和田競輪,5R,12:24,1-7-3,1,7,3,478.6,0.001838351537364741,-0.12016495421723494
5620260616050004,岸和田競輪,4R,11:58,8-5-4,8,5,4,489.2,0.0017905050024687418,-0.12408495279229159
7420260618030006,高知競輪,6R,22:20,2-7-1,2,7,1,175.8,0.00497776533074369,-0.12490885485525927
8720260618030005,熊本競輪,5R,22:10,3-1-6,3,1,6,171.9,0.005086713148205336,-0.12559400982350277
8720260618030005,熊本競輪,5R,22:10,3-2-5,3,2,5,162.4,0.005362460019372243,-0.12913649285394768
5620260616050005,岸和田競輪,5R,12:24,5-9-3,5,9,3,362.4,0.002400284714792619,-0.1301368193591549
5620260616050009,岸和田競輪,9R,14:36,1-8-5,1,8,5,434.2,0.0020019823278206016,-0.13073927326029477
7420260618030006,高知競輪,6R,22:20,5-4-1,5,4,1,173.6,0.004989127079169645,-0.13388753905614958
7420260618030006,高知競輪,6R,22:20,1-2-6,1,2,6,162.8,0.0053143503675393815,-0.13482376016458864
5620260616050005,岸和田競輪,5R,12:24,2-4-3,2,4,3,656.4,0.0013166311226832325,-0.13576333107072625
5620260616050005,岸和田競輪,5R,12:24,4-7-1,4,7,1,460.0,0.001878702796247264,-0.13579671372625857
5620260616050004,岸和田競輪,4R,11:58,3-9-8,3,9,8,368.6,0.0023435845614068565,-0.1361547306654327
7420260618030006,高知競輪,6R,22:20,3-1-2,3,1,2,150.4,0.005742686377990434,-0.13629996875023864
7420260618030009,高知競輪,9R,23:20,2-3-5,2,3,5,191.0,0.004502358944845071,-0.14004944153459142
7420260618030006,高知競輪,6R,22:20,2-1-5,2,1,5,157.0,0.005462687803663697,-0.1423580148247996
5620260616050009,岸和田競輪,9R,14:36,1-6-7,1,6,7,553.1,0.0015466278410339411,-0.14456014112412707
5620260616050005,岸和田競輪,5R,12:24,8-1-4,8,1,4,674.5,0.0012669190111748343,-0.14546312696257424
5620260616050004,岸和田競輪,4R,11:58,3-7-1,3,7,1,363.1,0.00235195807507815,-0.14600402293912362
5620260616050004,岸和田競輪,4R,11:58,5-7-9,5,7,9,246.7,0.0034401041637216125,-0.15132630280987824
5620260616050004,岸和田競輪,4R,11:58,4-7-9,4,7,9,265.8,0.0031897973502616043,-0.15215186430046557
5620260616050009,岸和田競輪,9R,14:36,3-8-1,3,8,1,401.8,0.0021086986974577834,-0.15272486336146263
7420260618030009,高知競輪,9R,23:20,3-1-5,3,1,5,162.5,0.005201680232220868,-0.15472696226410898
5620260616050009,岸和田競輪,9R,14:36,4-1-8,4,1,8,392.8,0.0021438794520468184,-0.15788415123600974
5620260616050004,岸和田競輪,4R,11:58,9-3-8,9,3,8,389.2,0.0021537619371997324,-0.1617558540418642
5620260616050005,岸和田競輪,5R,12:24,9-7-1,9,7,1,377.8,0.002218687061312271,-0.16178002823622406
7420260618030009,高知競輪,9R,23:20,3-1-7,3,1,7,174.1,0.004806385426859006,-0.163208297183847
5620260616050004,岸和田競輪,4R,11:58,8-1-3,8,1,3,485.0,0.0017192208962929759,-0.16617786529790668
8720260618030005,熊本競輪,5R,22:10,2-4-6,2,4,6,183.5,0.004528332847529157,-0.1690509224783998
7420260618030009,高知競輪,9R,23:20,4-1-5,4,1,5,155.0,0.005360672376543555,-0.1690957816357489
8720260618030006,熊本競輪,6R,22:30,6-2-7,6,2,7,176.9,0.004695908517892024,-0.16929378318490096
5620260616050005,岸和田競輪,5R,12:24,2-5-1,2,5,1,363.1,0.0022794612850735633,-0.17232760738978914
5620260616050009,岸和田競輪,9R,14:36,9-3-2,9,3,2,420.5,0.0019650087648666677,-0.17371381437356626
5620260616050009,岸和田競輪,9R,14:36,4-8-1,4,8,1,414.6,0.0019920875231960087,-0.1740805128829348
5620260616050004,岸和田競輪,4R,11:58,8-4-9,8,4,9,411.3,0.0020074135638004603,-0.1743508012088707
7420260618030006,高知競輪,6R,22:20,1-6-2,1,6,2,158.5,0.00519749480569858,-0.17619707329677503
5620260616050005,岸和田競輪,5R,12:24,3-1-6,3,1,6,573.2,0.0014367060926718258,-0.1764800676805094
5620260616050005,岸和田競輪,5R,12:24,3-4-8,3,4,8,672.2,0.0012198608802025208,-0.18000951632786544
5620260616050009,岸和田競輪,9R,14:36,3-8-7,3,8,7,634.7,0.0012810809005675873,-0.18689795240975227
5620260616050005,岸和田競輪,5R,12:24,1-3-5,1,3,5,429.0,0.0018907705997454848,-0.18885941270918705
5620260616050009,岸和田競輪,9R,14:36,3-4-6,3,4,6,530.7,0.0015282392913474972,-0.18896340808188317
5620260616050005,岸和田競輪,5R,12:24,4-9-3,4,9,3,389.7,0.0020720195952294864,-0.19253396373906917
5620260616050004,岸和田競輪,4R,11:58,5-7-1,5,7,1,346.1,0.0023298322783905216,-0.1936450484490404
8720260618030005,熊本競輪,5R,22:10,1-5-4,1,5,4,166.3,0.004845676031012006,-0.19416407604270336
5620260616050004,岸和田競輪,4R,11:58,8-2-4,8,2,4,637.0,0.0012640216356520574,-0.1948182180896394
5620260616050004,岸和田競輪,4R,11:58,8-1-7,8,1,7,394.3,0.0020332233796847075,-0.19830002139031977
5620260616050005,岸和田競輪,5R,12:24,9-5-3,9,5,3,350.4,0.0022836870210896994,-0.19979606781016934
5620260616050004,岸和田競輪,4R,11:58,1-9-7,1,9,7,251.4,0.0031778223855092767,-0.20109545228296777
8720260618030006,熊本競輪,6R,22:30,7-6-5,7,6,5,204.7,0.003900875724625118,-0.20149073916923843
5620260616050004,岸和田競輪,4R,11:58,2-7-9,2,7,9,252.4,0.0031471541408185275,-0.2056582948574036
5620260616050005,岸和田競輪,5R,12:24,4-7-5,4,7,5,293.6,0.00269623438433797,-0.208385584758372
5620260616050005,岸和田競輪,5R,12:24,7-2-3,7,2,3,418.6,0.0018906410446385363,-0.20857765871430867
8720260618030005,熊本競輪,5R,22:10,1-4-5,1,4,5,163.7,0.004830775910508812,-0.20920198344970753
5620260616050005,岸和田競輪,5R,12:24,4-2-3,4,2,3,470.2,0.0016815000733773327,-0.2093586654979782
5620260616050004,岸和田競輪,4R,11:58,7-2-3,7,2,3,430.0,0.0018366889109991114,-0.21022376827038214
5620260616050004,岸和田競輪,4R,11:58,8-4-2,8,4,2,616.9,0.0012795751681649865,-0.21063007875901985
7420260618030006,高知競輪,6R,22:20,1-4-7,1,4,7,178.0,0.004414483304987878,-0.21422197171215773
5620260616050005,岸和田競輪,5R,12:24,2-7-6,2,7,6,361.4,0.0021702257933411107,-0.21568039828652263
7420260618030006,高知競輪,6R,22:20,3-1-4,3,1,4,152.8,0.005115760830672182,-0.21831174507329054
5620260616050004,岸和田競輪,4R,11:58,8-9-6,8,9,6,357.7,0.0021848447828944776,-0.21848102115864543
5620260616050009,岸和田競輪,9R,14:36,5-2-6,5,2,6,466.3,0.0016743507244528222,-0.219250257187649
5620260616050005,岸和田競輪,5R,12:24,5-2-7,5,2,7,283.3,0.0027481599071853577,-0.2214462982943881
5620260616050004,岸和田競輪,4R,11:58,6-2-9,6,2,9,439.7,0.0017703523741198755,-0.2215760610994908
7420260618030006,高知競輪,6R,22:20,6-3-4,6,3,4,178.0,0.004356717440137735,-0.22450429565548324
5620260616050009,岸和田競輪,9R,14:36,3-9-8,3,9,8,379.7,0.002039443682816027,-0.22562323363475456
5620260616050009,岸和田競輪,9R,14:36,9-6-3,9,6,3,414.0,0.001857835704862057,-0.23085601818710844
5620260616050005,岸和田競輪,5R,12:24,7-2-5,7,2,5,266.8,0.0028811786920911625,-0.23130152495007783
5620260616050009,岸和田競輪,9R,14:36,5-2-8,5,2,8,501.0,0.0015330959962167549,-0.23191890589540576
5620260616050005,岸和田競輪,5R,12:24,1-7-5,1,7,5,273.6,0.002801493860005013,-0.23351127990262843
7420260618030006,高知競輪,6R,22:20,1-7-4,1,7,4,174.5,0.00438446518236999,-0.23491082567643673
5620260616050005,岸和田競輪,5R,12:24,2-1-5,2,1,5,352.9,0.0021578644482568303,-0.2384896362101646
7420260618030006,高知競輪,6R,22:20,4-5-1,4,5,1,149.3,0.005093194794899084,-0.2395860171215668
5620260616050009,岸和田競輪,9R,14:36,3-8-6,3,8,6,539.9,0.001405878519436785,-0.24096618735607978
7420260618030006,高知競輪,6R,22:20,4-1-2,4,1,2,132.3,0.005714935325498419,-0.24391405643655906
5620260616050005,岸和田競輪,5R,12:24,2-1-9,2,1,9,330.1,0.0022893576594858202,-0.24428303660373074
5620260616050004,岸和田競輪,4R,11:58,5-4-6,5,4,6,479.5,0.0015757818880096567,-0.24441258469936955
8720260618030005,熊本競輪,5R,22:10,4-1-6,4,1,6,151.9,0.004962470814054617,-0.2462006833451036
5620260616050005,岸和田競輪,5R,12:24,3-6-1,3,6,1,522.0,0.0014435276043154985,-0.2464785905473098
5620260616050005,岸和田競輪,5R,12:24,4-9-2,4,9,2,268.7,0.002803343402290118,-0.24674162780464526
5620260616050005,岸和田競輪,5R,12:24,1-4-6,1,4,6,551.0,0.0013626462434549714,-0.24918191985631077
8720260618030006,熊本競輪,6R,22:30,2-6-1,2,6,1,147.3,0.005091096482634202,-0.2500814881079819
7420260618030009,高知競輪,9R,23:20,1-6-3,1,6,3,167.9,0.0044375218462602666,-0.2549400820129012
5620260616050009,岸和田競輪,9R,14:36,1-5-8,1,5,8,353.3,0.0021072939788439756,-0.2554930372744234
8720260618030006,熊本競輪,6R,22:30,6-2-1,6,2,1,133.6,0.005563052376942437,-0.2567762024404905
5620260616050005,岸和田競輪,5R,12:24,9-2-4,9,2,4,376.3,0.001974717355716392,-0.2569138590439216
5620260616050005,岸和田競輪,5R,12:24,2-7-9,2,7,9,233.8,0.003176952087596114,-0.2572286019200285
5620260616050009,岸和田競輪,9R,14:36,6-1-9,6,1,9,231.5,0.003198441497389981,-0.25956079335421944
5620260616050009,岸和田競輪,9R,14:36,1-4-7,1,4,7,485.9,0.0015232660517263798,-0.25984502546615207
5620260616050005,岸和田競輪,5R,12:24,5-2-1,5,2,1,356.5,0.0020642073423915394,-0.2641100824374162
5620260616050004,岸和田競輪,4R,11:58,7-8-6,7,8,6,423.0,0.0017389514235822598,-0.2644235478247041
5620260616050004,岸和田競輪,4R,11:58,8-3-6,8,3,6,378.1,0.0019384294131496887,-0.2670798388881026
5620260616050009,岸和田競輪,9R,14:36,1-4-2,1,4,2,420.0,0.0017387718084402252,-0.26971584045510544
8720260618030006,熊本競輪,6R,22:30,4-3-1,4,3,1,133.3,0.005455085331798068,-0.2728371252713174
5620260616050009,岸和田競輪,9R,14:36,3-5-2,3,5,2,332.5,0.002184150525841899,-0.27376995015756866
8720260618030006,熊本競輪,6R,22:30,4-3-2,4,3,2,133.6,0.005428136728624376,-0.27480093305578335
5620260616050009,岸和田競輪,9R,14:36,8-7-4,8,7,4,565.0,0.0012800186394610728,-0.27678946870449384
5620260616050004,岸和田競輪,4R,11:58,4-7-1,4,7,1,334.2,0.002160310407613996,-0.2780242617754026
5620260616050009,岸和田競輪,9R,14:36,3-4-8,3,4,8,514.5,0.0013993110909254992,-0.2800544437188307
8720260618030005,熊本競輪,5R,22:10,5-2-4,5,2,4,138.9,0.00518173021543137,-0.2802576730765828
8720260618030006,熊本競輪,6R,22:30,3-2-4,3,2,4,133.3,0.005396852806418286,-0.2805995209044424
8720260618030005,熊本競輪,5R,22:10,5-1-2,5,1,2,123.6,0.005818891327747906,-0.28078503189035886
8720260618030006,熊本競輪,6R,22:30,1-4-5,1,4,5,157.5,0.004561210031315434,-0.2816094200678191
8720260618030006,熊本競輪,6R,22:30,6-1-3,6,1,3,134.4,0.005341422528957785,-0.2821128121080737
8720260618030006,熊本競輪,6R,22:30,6-1-4,6,1,4,137.8,0.005194945193086584,-0.28413655239266866
5620260616050005,岸和田競輪,5R,12:24,5-9-2,5,9,2,220.4,0.0032474704072894905,-0.2842575222333963
8720260618030006,熊本競輪,6R,22:30,7-6-1,7,6,1,153.6,0.004657747445291589,-0.284569992403212
5620260616050005,岸和田競輪,5R,12:24,2-1-3,2,1,3,505.1,0.0014159993289689255,-0.2847787389377957
7420260618030009,高知競輪,9R,23:20,2-5-1,2,5,1,133.1,0.005371691738639058,-0.28502782958714135
5620260616050005,岸和田競輪,5R,12:24,5-1-7,5,1,7,342.1,0.002082910242527452,-0.28743640603135867
5620260616050009,岸和田競輪,9R,14:36,3-2-1,3,2,1,292.8,0.002432802401041261,-0.28767545697511876
7420260618030006,高知競輪,6R,22:20,5-1-7,5,1,7,143.7,0.004945783960966702,-0.28929084480908507
8720260618030005,熊本競輪,5R,22:10,3-1-2,3,1,2,119.7,0.005930048083532261,-0.2901732444011883
7420260618030006,高知競輪,6R,22:20,4-6-7,4,6,7,166.6,0.004246197449670954,-0.292583504884819
7420260618030009,高知競輪,9R,23:20,1-6-2,1,6,2,138.9,0.005090304523486561,-0.2929567016877167
7420260618030009,高知競輪,9R,23:20,1-5-7,1,5,7,154.3,0.004581211849745322,-0.29311901158429676
8720260618030005,熊本競輪,5R,22:10,4-7-1,4,7,1,157.4,0.004488167772460033,-0.2935623926147908
7420260618030006,高知競輪,6R,22:20,4-3-1,4,3,1,141.2,0.004990185678565251,-0.2953857821865866
5620260616050004,岸和田競輪,4R,11:58,9-6-8,9,6,8,414.3,0.0016999538809299192,-0.2957091071307345
5620260616050005,岸和田競輪,5R,12:24,2-5-4,2,5,4,329.0,0.002135866856064882,-0.29729980435465386
5620260616050005,岸和田競輪,5R,12:24,8-5-4,8,5,4,366.6,0.0019165528240315732,-0.2973917347100252
5620260616050004,岸和田競輪,4R,11:58,6-9-7,6,9,7,222.5,0.0031570764902096315,-0.297550480928357
5620260616050005,岸和田競輪,5R,12:24,7-1-2,7,1,2,361.4,0.001939624411573123,-0.29901973765747336
7420260618030009,高知競輪,9R,23:20,3-4-1,3,4,1,133.4,0.005219738439572149,-0.30368689216107525
5620260616050005,岸和田競輪,5R,12:24,4-2-7,4,2,7,291.5,0.0023770981979022608,-0.30707587531149094
5620260616050005,岸和田競輪,5R,12:24,3-6-4,3,6,4,511.7,0.0013525927314763382,-0.3078782993035578
5620260616050004,岸和田競輪,4R,11:58,9-7-3,9,7,3,212.7,0.0032505680145210156,-0.30860418331138006
5620260616050004,岸和田競輪,4R,11:58,5-9-2,5,9,2,340.8,0.0020287311625308757,-0.3086084198094775
5620260616050004,岸和田競輪,4R,11:58,7-6-1,7,6,1,427.5,0.0016159307027663675,-0.30918962456737786
8720260618030006,熊本競輪,6R,22:30,4-2-7,4,2,7,142.4,0.004844291090630988,-0.31017294869414735
8720260618030006,熊本競輪,6R,22:30,2-1-6,2,1,6,131.8,0.005230458127189241,-0.3106256188364579
5620260616050009,岸和田競輪,9R,14:36,9-2-1,9,2,1,266.7,0.002580404580103281,-0.311806098486455
5620260616050004,岸和田競輪,4R,11:58,2-9-3,2,9,3,261.6,0.002629544048796888,-0.31211127683473405
7420260618030009,高知競輪,9R,23:20,4-3-1,4,3,1,142.5,0.004825179819222602,-0.3124118757607792
8720260618030006,熊本競輪,6R,22:30,1-5-3,1,5,3,149.0,0.004597342290187833,-0.3149959987620129
5620260616050009,岸和田競輪,9R,14:36,1-2-8,1,2,8,421.3,0.0016250228796773419,-0.31537786079193586
5620260616050009,岸和田競輪,9R,14:36,3-9-2,3,9,2,295.0,0.0023167778376485485,-0.31655053789367815
7420260618030009,高知競輪,9R,23:20,4-1-7,4,1,7,137.2,0.004953295173583549,-0.3204079021843371
5620260616050009,岸和田競輪,9R,14:36,1-2-6,1,2,6,382.4,0.0017747474669260591,-0.32133656864747506
7420260618030006,高知競輪,6R,22:20,4-3-6,4,3,6,153.0,0.0044225546448255085,-0.3233491393416972
8720260618030005,熊本競輪,5R,22:10,1-6-7,1,6,7,166.5,0.00405191844205509,-0.32535557939782744
5620260616050004,岸和田競輪,4R,11:58,9-6-4,9,6,4,407.3,0.0016542441345439778,-0.32622636400023786
5620260616050004,岸和田競輪,4R,11:58,8-7-5,8,7,5,240.4,0.0027897384297083066,-0.3293468814981231
5620260616050004,岸和田競輪,4R,11:58,5-9-4,5,9,4,296.1,0.002259294908017677,-0.3310227777359658
5620260616050005,岸和田競輪,5R,12:24,2-4-7,2,4,7,359.4,0.001861291306842552,-0.3310519043207869
5620260616050005,岸和田競輪,5R,12:24,4-3-1,4,3,1,525.5,0.0012684141048329854,-0.3334483879102662
7420260618030006,高知競輪,6R,22:20,7-2-3,7,2,3,138.2,0.00482103208721415,-0.3337333655470045
5620260616050005,岸和田競輪,5R,12:24,5-7-2,5,7,2,240.1,0.0027686633843744773,-0.335243921411688
5620260616050009,岸和田競輪,9R,14:36,9-8-1,9,8,1,296.0,0.0022355716211147104,-0.33827080015004574
5620260616050004,岸和田競輪,4R,11:58,8-9-4,8,9,4,313.1,0.002111467787400807,-0.3388994357648073
8720260618030005,熊本競輪,5R,22:10,3-2-1,3,2,1,111.6,0.005919806443319845,-0.33934960092550537
5620260616050004,岸和田競輪,4R,11:58,6-9-1,6,9,1,329.2,0.0020029338842182175,-0.34063416531536284
8720260618030005,熊本競輪,5R,22:10,2-6-1,2,6,1,130.6,0.005030806161403906,-0.3429767153206499
7420260618030009,高知競輪,9R,23:20,2-1-7,2,1,7,129.7,0.005060373468790583,-0.3436695610978615
5620260616050004,岸和田競輪,4R,11:58,7-2-5,7,2,5,371.3,0.0017661694594102908,-0.34422127972095906
5620260616050004,岸和田競輪,4R,11:58,8-2-3,8,2,3,407.6,0.0016072938276023197,-0.34486703586929446
5620260616050005,岸和田競輪,5R,12:24,3-6-2,3,6,2,355.8,0.0018392721067831293,-0.34558698440656255
8720260618030006,熊本競輪,6R,22:30,6-1-2,6,1,2,117.5,0.005569080075070852,-0.34563309117917485
5620260616050009,岸和田競輪,9R,14:36,6-3-4,6,3,4,394.9,0.001654429784094959,-0.3466656782609008
5620260616050004,岸和田競輪,4R,11:58,1-7-3,1,7,3,224.9,0.002903144704075337,-0.34708275605345673
7420260618030006,高知競輪,6R,22:20,7-1-3,7,1,3,132.9,0.004910873303230606,-0.34734493800065247
5620260616050005,岸和田競輪,5R,12:24,5-1-8,5,1,8,438.3,0.0014855119837005192,-0.3489000975440625
5620260616050005,岸和田競輪,5R,12:24,4-7-2,4,7,2,271.8,0.0023937510025737177,-0.34937847750046347
5620260616050004,岸和田競輪,4R,11:58,8-9-1,8,9,1,322.6,0.002014466978723807,-0.3501329526636997
5620260616050009,岸和田競輪,9R,14:36,3-2-6,3,2,6,400.6,0.001621959856939978,-0.3502428813098447
8720260618030006,熊本競輪,6R,22:30,2-1-5,2,1,5,130.1,0.004986991786220398,-0.3511923686127262
5620260616050004,岸和田競輪,4R,11:58,9-8-7,9,8,7,260.9,0.002468327945080472,-0.3560132391285049
8720260618030006,熊本競輪,6R,22:30,6-7-3,6,7,3,147.6,0.00435977077529459,-0.35649783356651865
5620260616050004,岸和田競輪,4R,11:58,9-5-4,9,5,4,320.9,0.0020025844267002866,-0.357370657471878
5620260616050009,岸和田競輪,9R,14:36,5-1-9,5,1,9,182.9,0.0035132913645495563,-0.35741900942388616
5620260616050004,岸和田競輪,4R,11:58,3-7-8,3,7,8,253.1,0.0025333279763901464,-0.35881468917565396
5620260616050004,岸和田競輪,4R,11:58,9-3-2,9,3,2,340.4,0.0018819658497768034,-0.35937882473597615
5620260616050004,岸和田競輪,4R,11:58,4-9-5,4,9,5,249.2,0.0025624478036301405,-0.361438007335369
5620260616050009,岸和田競輪,9R,14:36,6-3-2,6,3,2,364.2,0.0017441962352924185,-0.3647637311065012
5620260616050004,岸和田競輪,4R,11:58,1-9-2,1,9,2,334.0,0.0018975228470344534,-0.3662273690904926
5620260616050009,岸和田競輪,9R,14:36,1-4-6,1,4,6,378.9,0.0016716563493847961,-0.3666094092181008
7420260618030006,高知競輪,6R,22:20,7-1-5,7,1,5,126.5,0.004995692757533849,-0.3680448661719681
5620260616050004,岸和田競輪,4R,11:58,1-7-8,1,7,8,268.6,0.00234620226584518,-0.3698100713939846
5620260616050005,岸和田競輪,5R,12:24,9-4-7,9,4,7,318.7,0.0019760878087638567,-0.37022081534695883
5620260616050004,岸和田競輪,4R,11:58,7-2-4,7,2,4,435.7,0.001444424461536296,-0.3706642621086358
5620260616050009,岸和田競輪,9R,14:36,3-1-7,3,1,7,278.0,0.0022614868323493948,-0.37130666060686823
5620260616050004,岸和田競輪,4R,11:58,9-8-3,9,8,3,300.3,0.0020871297391555203,-0.37323493933159724
5620260616050004,岸和田競輪,4R,11:58,7-2-8,7,2,8,422.0,0.0014843365122619132,-0.3736099918254726
5620260616050005,岸和田競輪,5R,12:24,4-3-5,4,3,5,343.5,0.0018203739994752468,-0.37470153118025273
5620260616050004,岸和田競輪,4R,11:58,7-3-4,7,3,4,290.6,0.002146703717324941,-0.3761678997453721
5620260616050009,岸和田競輪,9R,14:36,1-7-8,1,7,8,445.5,0.0013999138340337475,-0.3763383869379655
5620260616050005,岸和田競輪,5R,12:24,9-3-1,9,3,1,416.9,0.0014927014345082615,-0.3776927719535058
8720260618030006,熊本競輪,6R,22:30,6-2-4,6,2,4,120.4,0.005163686729112746,-0.3782921178148254
7420260618030006,高知競輪,6R,22:20,6-1-5,6,1,5,119.3,0.005183219312116157,-0.38164193606454244
5620260616050005,岸和田競輪,5R,12:24,5-3-4,5,3,4,450.7,0.0013705992115518927,-0.38227093535356205
7420260618030006,高知競輪,6R,22:20,6-4-7,6,4,7,147.7,0.004174997980998315,-0.3833527982065489
7420260618030006,高知競輪,6R,22:20,7-2-1,7,2,1,112.8,0.005462816760556135,-0.383794269409268
8720260618030005,熊本競輪,5R,22:10,6-1-3,6,1,3,114.9,0.0053597653058569976,-0.38416296635703095
5620260616050004,岸和田競輪,4R,11:58,7-6-9,7,6,9,257.8,0.002385995760481257,-0.38489029294793187
5620260616050009,岸和田競輪,9R,14:36,1-6-4,1,6,4,366.3,0.0016745790195541314,-0.3866017051373216
8720260618030006,熊本競輪,6R,22:30,3-1-7,3,1,7,123.9,0.004937753045392678,-0.38821239767584714
5620260616050009,岸和田競輪,9R,14:36,6-3-8,6,3,8,397.7,0.0015354040149438964,-0.38936982325681246
5620260616050004,岸和田競輪,4R,11:58,7-5-8,7,5,8,289.6,0.0021076843361601304,-0.3896146162480262
5620260616050005,岸和田競輪,5R,12:24,1-7-9,1,7,9,205.0,0.002972207745294675,-0.39069741221459164
5620260616050004,岸和田競輪,4R,11:58,2-9-1,2,9,1,308.7,0.0019729467946445656,-0.3909513244932227
8720260618030006,熊本競輪,6R,22:30,2-6-7,2,6,7,141.7,0.004297519009043019,-0.3910415564186043
5620260616050005,岸和田競輪,5R,12:24,9-5-2,9,5,2,196.5,0.0030897193048786457,-0.39287015659134616
8720260618030006,熊本競輪,6R,22:30,6-1-7,6,1,7,128.5,0.004724335278640966,-0.39292291669463586
5620260616050004,岸和田競輪,4R,11:58,8-4-3,8,4,3,334.8,0.0018119866596952169,-0.39334686633404137
5620260616050005,岸和田競輪,5R,12:24,2-4-5,2,4,5,301.7,0.002006435619694403,-0.39465837353819866
7420260618030009,高知競輪,9R,23:20,3-2-1,3,2,1,109.6,0.005520855993658863,-0.3949141830949886
5620260616050009,岸和田競輪,9R,14:36,5-2-9,5,2,9,262.8,0.0022929783595589726,-0.397405287107902
5620260616050005,岸和田競輪,5R,12:24,8-4-3,8,4,3,508.7,0.001184332957677056,-0.39752982442968166
8720260618030005,熊本競輪,5R,22:10,4-2-1,4,2,1,103.5,0.005775326600490094,-0.40225369684927526
8720260618030005,熊本競輪,5R,22:10,3-4-5,3,4,5,126.1,0.0047143652121602875,-0.4055185467465878
8720260618030006,熊本競輪,6R,22:30,1-4-6,1,4,6,124.2,0.004783889587312134,-0.40584091325583294
8720260618030005,熊本競輪,5R,22:10,2-1-7,2,1,7,120.9,0.004909706274807386,-0.40641651137578705
8720260618030006,熊本競輪,6R,22:30,3-4-1,3,4,1,110.7,0.005344050395455091,-0.4084136212231214
7420260618030009,高知競輪,9R,23:20,2-3-1,2,3,1,120.0,0.004927886771949331,-0.40865358736608026
5620260616050005,岸和田競輪,5R,12:24,8-4-2,8,4,2,368.9,0.001602345842029066,-0.4088946188754775
7420260618030009,高知競輪,9R,23:20,4-2-1,4,2,1,103.9,0.005689042350797182,-0.4089084997521727
7420260618030006,高知競輪,6R,22:20,6-1-3,6,1,3,115.8,0.005095215935022016,-0.4099739947244506
5620260616050005,岸和田競輪,5R,12:24,1-5-7,1,5,7,207.3,0.0028378656885721053,-0.4117104427590025
5620260616050009,岸和田競輪,9R,14:36,9-6-1,9,6,1,237.1,0.002468008601777742,-0.41483516051849734
8720260618030006,熊本競輪,6R,22:30,1-6-7,1,6,7,135.8,0.004302977127527875,-0.41565570608171454
5620260616050004,岸和田競輪,4R,11:58,7-3-2,7,3,2,303.0,0.0019276300374080713,-0.4159280986653544
5620260616050009,岸和田競輪,9R,14:36,5-2-3,5,2,3,308.2,0.0018904874772959614,-0.4173517594973847
8720260618030005,熊本競輪,5R,22:10,4-3-5,4,3,5,118.3,0.0049108950489269955,-0.4190411157119365
5620260616050004,岸和田競輪,4R,11:58,1-7-2,1,7,2,279.4,0.0020501209835338038,-0.42719619720065527
8720260618030005,熊本競輪,5R,22:10,2-5-7,2,5,7,131.5,0.004354174129412157,-0.42742610198230135
7420260618030009,高知競輪,9R,23:20,1-5-4,1,5,4,113.3,0.0050509218267630815,-0.4277305570277429
5620260616050004,岸和田競輪,4R,11:58,8-4-5,8,4,5,328.4,0.0017424156480978002,-0.42779070116468243
5620260616050004,岸和田競輪,4R,11:58,9-7-4,9,7,4,223.8,0.0025563392504545355,-0.4278912757482749
7420260618030009,高知競輪,9R,23:20,2-4-1,2,4,1,103.8,0.005493241678494852,-0.4298015137722344
5620260616050005,岸和田競輪,5R,12:24,4-1-7,4,1,7,315.5,0.0018054226851062262,-0.43038914284898566
5620260616050005,岸和田競輪,5R,12:24,4-5-6,4,5,6,266.8,0.0021335897611190293,-0.43075825173344295
7420260618030006,高知競輪,6R,22:20,4-1-3,4,1,3,111.0,0.005120519481557747,-0.43162233754709
8720260618030006,熊本競輪,6R,22:30,1-6-2,1,6,2,111.4,0.005072380085457151,-0.43493685848007335
8720260618030005,熊本競輪,5R,22:10,4-3-6,4,3,6,122.3,0.00461456250381565,-0.435639005783346
5620260616050004,岸和田競輪,4R,11:58,2-9-5,2,9,5,221.8,0.0025285830187937552,-0.43916028643154503
7420260618030006,高知競輪,6R,22:20,5-1-6,5,1,6,108.3,0.005177172751302192,-0.43931219103397257
8720260618030006,熊本競輪,6R,22:30,4-1-3,4,1,3,101.7,0.00551026811701123,-0.4396057324999578
5620260616050005,岸和田競輪,5R,12:24,2-7-5,2,7,5,186.2,0.002994478357382862,-0.4424281298553111
5620260616050005,岸和田競輪,5R,12:24,4-7-8,4,7,8,312.3,0.0017838254950818641,-0.44291129788593386
5620260616050009,岸和田競輪,9R,14:36,1-7-9,1,7,9,265.9,0.002093784169163518,-0.44326278941942066
8720260618030006,熊本競輪,6R,22:30,6-7-5,6,7,5,145.5,0.0038258429006109347,-0.443339857961109
5620260616050005,岸和田競輪,5R,12:24,7-2-4,7,2,4,295.7,0.0018811030573057186,-0.44375782595469904
5620260616050009,岸和田競輪,9R,14:36,1-8-2,1,8,2,346.7,0.0015988776655591174,-0.44566911335065396
8720260618030006,熊本競輪,6R,22:30,6-7-4,6,7,4,130.7,0.0042402131846504985,-0.4458041367661799
8720260618030005,熊本競輪,5R,22:10,4-1-2,4,1,2,95.1,0.005785207398780068,-0.44982677637601565
8720260618030006,熊本競輪,6R,22:30,1-2-5,1,2,5,110.8,0.004963280278172978,-0.4500685451784341
8720260618030005,熊本競輪,5R,22:10,1-5-6,1,5,6,118.9,0.004623827163329373,-0.4502269502801375
5620260616050009,岸和田競輪,9R,14:36,1-5-3,1,5,3,211.5,0.0025985410488427564,-0.45040856816975705
7420260618030006,高知競輪,6R,22:20,7-1-2,7,1,2,100.0,0.005480952356642877,-0.45190476433571225
8720260618030006,熊本競輪,6R,22:30,6-7-2,6,7,2,120.1,0.004545589199307695,-0.45407473716314584
8720260618030005,熊本競輪,5R,22:10,2-5-6,2,5,6,117.8,0.004612653943871571,-0.456629365411929
7420260618030006,高知競輪,6R,22:20,5-1-2,5,1,2,94.4,0.005753827537688022,-0.45683868044225073
8720260618030005,熊本競輪,5R,22:10,5-2-1,5,2,1,93.2,0.00580892239784437,-0.4586084325209048
5620260616050005,岸和田競輪,5R,12:24,1-2-6,1,2,6,280.4,0.0019295244308116816,-0.45896134960040447
7420260618030006,高知競輪,6R,22:20,1-2-7,1,2,7,106.3,0.005076830554692764,-0.4603329120361592
8720260618030006,熊本競輪,6R,22:30,1-6-4,1,6,4,113.9,0.004731613872892374,-0.4610691798775586
7420260618030009,高知競輪,9R,23:20,1-6-4,1,6,4,110.9,0.004859245308527748,-0.4611096952842727
5620260616050005,岸和田競輪,5R,12:24,2-7-3,2,7,3,273.8,0.0019649887406465276,-0.46198608281098075
5620260616050004,岸和田競輪,4R,11:58,9-7-8,9,7,8,204.5,0.00262697551046879,-0.4627835081091324
5620260616050009,岸和田競輪,9R,14:36,6-1-3,6,1,3,203.1,0.00263701293667791,-0.46442267256071645
5620260616050005,岸和田競輪,5R,12:24,1-3-9,1,3,9,266.1,0.0020059879842567042,-0.46620659738929093
5620260616050004,岸和田競輪,4R,11:58,1-7-5,1,7,5,191.1,0.0027916788095581134,-0.46651017949344453
5620260616050009,岸和田競輪,9R,14:36,1-2-5,1,2,5,230.1,0.002311410897124774,-0.4681443525715895
8720260618030006,熊本競輪,6R,22:30,1-6-3,1,6,3,109.1,0.004865027059887075,-0.4692255477663201
5620260616050004,岸和田競輪,4R,11:58,7-3-9,7,3,9,175.5,0.0030240901662943317,-0.46927217581534475
5620260616050009,岸和田競輪,9R,14:36,1-8-6,1,8,6,344.4,0.00153716202928265,-0.47060139711505533
5620260616050005,岸和田競輪,5R,12:24,9-1-6,9,1,6,318.4,0.0016607502633391045,-0.47121711615282913
5620260616050005,岸和田競輪,5R,12:24,2-1-4,2,1,4,374.9,0.0014088558345963244,-0.47181994760983803
8720260618030005,熊本競輪,5R,22:10,4-2-3,4,2,3,97.0,0.005439837920278729,-0.47233572173296323
5620260616050004,岸和田競輪,4R,11:58,9-7-6,9,7,6,199.4,0.0026451762645828933,-0.47255185284217105
5620260616050009,岸和田競輪,9R,14:36,3-1-5,3,1,5,162.7,0.0032322570676895602,-0.4741117750869086
5620260616050005,岸和田競輪,5R,12:24,1-8-4,1,8,4,420.9,0.0012457569237912225,-0.4756609107762745
5620260616050005,岸和田競輪,5R,12:24,1-5-8,1,5,8,258.6,0.002023939103295675,-0.47660934788773834
5620260616050004,岸和田競輪,4R,11:58,9-7-5,9,7,5,166.8,0.003125762843452884,-0.47862275771205887
5620260616050005,岸和田競輪,5R,12:24,2-4-1,2,4,1,372.8,0.0013980595422662203,-0.478803402643153
5620260616050005,岸和田競輪,5R,12:24,7-2-1,7,2,1,259.6,0.0020075697041630797,-0.4788349047992645
7420260618030009,高知競輪,9R,23:20,1-5-3,1,5,3,112.7,0.004612563171214922,-0.48016413060407837
5620260616050004,岸和田競輪,4R,11:58,8-7-2,8,7,2,253.4,0.002048696029691515,-0.4808604260761701
5620260616050005,岸和田競輪,5R,12:24,5-1-3,5,1,3,352.0,0.0014733988392819086,-0.48136360857276816
5620260616050005,岸和田競輪,5R,12:24,8-4-1,8,4,1,411.2,0.0012575792598054389,-0.4828834083680036
5620260616050004,岸和田競輪,4R,11:58,8-7-4,8,7,4,226.6,0.0022815287670663103,-0.48300558138277405
5620260616050004,岸和田競輪,4R,11:58,7-3-5,7,3,5,196.9,0.0026248811515620957,-0.4831609012574234
5620260616050005,岸和田競輪,5R,12:24,1-7-4,1,7,4,281.7,0.001829077342389246,-0.48474891264894937
8720260618030005,熊本競輪,5R,22:10,3-4-6,3,4,6,116.0,0.004429891643088782,-0.48613256940170135
5620260616050005,岸和田競輪,5R,12:24,2-4-8,2,4,8,386.4,0.0013274554443196418,-0.4870712163148905
5620260616050005,岸和田競輪,5R,12:24,4-8-6,4,8,6,380.9,0.0013313539166124036,-0.4928872931623355
5620260616050009,岸和田競輪,9R,14:36,3-6-7,3,6,7,358.3,0.0014138233744269302,-0.49342708494283083
5620260616050005,岸和田競輪,5R,12:24,9-2-1,9,2,1,240.3,0.0021074776962509405,-0.49357310959089895
8720260618030006,熊本競輪,6R,22:30,3-1-6,3,1,6,98.4,0.0051381897896085925,-0.49440212470251443
5620260616050004,岸和田競輪,4R,11:58,7-4-3,7,4,3,243.8,0.0020721288641284853,-0.4948149829254753
5620260616050004,岸和田競輪,4R,11:58,1-7-4,1,7,4,221.1,0.0022831156658232785,-0.4952031262864731
5620260616050009,岸和田競輪,9R,14:36,5-1-2,5,1,2,188.5,0.002668432580199688,-0.49700045863235887
5620260616050009,岸和田競輪,9R,14:36,5-2-1,5,2,1,199.3,0.002511384264662932,-0.49948111605267764
5620260616050009,岸和田競輪,9R,14:36,1-6-8,1,6,8,321.4,0.001554103640228379,-0.500511090030599
7420260618030009,高知競輪,9R,23:20,1-6-7,1,6,7,113.3,0.004407360270414828,-0.5006460813620001
8720260618030005,熊本競輪,5R,22:10,4-1-7,4,1,7,106.3,0.004684388271794689,-0.5020495267082246
5620260616050005,岸和田競輪,5R,12:24,5-4-6,5,4,6,327.9,0.001512861750484935,-0.5039326320159898
5620260616050004,岸和田競輪,4R,11:58,3-8-1,3,8,1,326.5,0.001511808220546015,-0.5063946159917261
8720260618030005,熊本競輪,5R,22:10,2-4-7,2,4,7,115.0,0.00427457814395012,-0.5084235134457362
7420260618030006,高知競輪,6R,22:20,4-1-5,4,1,5,94.3,0.005208959895585358,-0.5087950818463007
5620260616050005,岸和田競輪,5R,12:24,2-1-7,2,1,7,244.8,0.002001765867522214,-0.509967715630562
5620260616050004,岸和田競輪,4R,11:58,5-7-4,5,7,4,200.4,0.0024420185874601437,-0.5106194750729872
8720260618030006,熊本競輪,6R,22:30,4-2-6,4,2,6,96.4,0.0050409339614497775,-0.5140539661162414
5620260616050005,岸和田競輪,5R,12:24,4-1-3,4,1,3,379.4,0.0012771110508443726,-0.5154640673096451
5620260616050004,岸和田競輪,4R,11:58,4-7-5,4,7,5,174.3,0.0027687133919900063,-0.517413255776142
5620260616050005,岸和田競輪,5R,12:24,5-2-4,5,2,4,248.9,0.001934172813344175,-0.5185843867586348
8720260618030005,熊本競輪,5R,22:10,3-2-4,3,2,4,90.9,0.005280642056474858,-0.5199896370664354
5620260616050004,岸和田競輪,4R,11:58,9-5-2,9,5,2,266.6,0.0017982182926311947,-0.5205950031845235
7420260618030006,高知競輪,6R,22:20,1-6-3,1,6,3,102.4,0.004656898441025436,-0.5231335996389953
5620260616050004,岸和田競輪,4R,11:58,9-4-5,9,4,5,245.0,0.0019462086460703227,-0.5231788817127709
5620260616050005,岸和田競輪,5R,12:24,4-3-8,4,3,8,395.4,0.0012043572953860265,-0.5237971254043652
8720260618030005,熊本競輪,5R,22:10,2-4-5,2,4,5,98.7,0.004819127998035851,-0.5243520665938615
5620260616050004,岸和田競輪,4R,11:58,4-5-1,4,5,1,280.3,0.0016955836077360972,-0.524727914751572
7420260618030006,高知競輪,6R,22:20,3-1-5,3,1,5,90.7,0.005234253991013915,-0.5252531630150379
5620260616050005,岸和田競輪,5R,12:24,1-5-3,1,5,3,235.7,0.0020074355227647244,-0.5268474472843545
5620260616050004,岸和田競輪,4R,11:58,8-2-9,8,2,9,265.7,0.001780644141764468,-0.5268828515331809
7420260618030009,高知競輪,9R,23:20,3-1-2,3,1,2,85.2,0.005551160780794875,-0.5270411014762766
8720260618030005,熊本競輪,5R,22:10,2-3-5,2,3,5,91.9,0.0051456097900050785,-0.5271184602985333
5620260616050004,岸和田競輪,4R,11:58,7-5-3,7,5,3,181.3,0.0026080072922364137,-0.5271682779175382
5620260616050004,岸和田競輪,4R,11:58,7-8-5,7,8,5,229.5,0.0020548913201669135,-0.5284024420216933
5620260616050009,岸和田競輪,9R,14:36,1-6-2,1,6,2,266.0,0.0017654387328403785,-0.5303932970644594
7420260618030009,高知競輪,9R,23:20,1-3-6,1,3,6,106.3,0.004403702186488827,-0.5318864575762376
5620260616050004,岸和田競輪,4R,11:58,2-9-8,2,9,8,220.1,0.0021250894579131767,-0.5322678103133098
5620260616050009,岸和田競輪,9R,14:36,9-3-6,9,3,6,244.2,0.0018891607066788174,-0.5386669554290329
8720260618030006,熊本競輪,6R,22:30,2-3-4,2,3,4,88.3,0.005221379885836679,-0.5389521560806212
5620260616050005,岸和田競輪,5R,12:24,9-4-3,9,4,3,329.7,0.0013978353096093259,-0.5391336984218054
5620260616050004,岸和田競輪,4R,11:58,8-9-7,8,9,7,144.9,0.0031752552537773447,-0.5399055137276627
5620260616050009,岸和田競輪,9R,14:36,6-3-9,6,3,9,199.9,0.0022964303527856535,-0.5409435724781478
5620260616050005,岸和田競輪,5R,12:24,1-3-4,1,3,4,370.5,0.0012344719769059227,-0.5426281325563556
5620260616050005,岸和田競輪,5R,12:24,1-2-8,1,2,8,259.6,0.0017614132682557662,-0.5427371155608031
8720260618030006,熊本競輪,6R,22:30,1-2-6,1,2,6,87.8,0.00520558901665306,-0.5429492843378614
5620260616050004,岸和田競輪,4R,11:58,7-9-6,7,9,6,182.3,0.002506431113026142,-0.5430776080953342
8720260618030005,熊本競輪,5R,22:10,1-3-2,1,3,2,80.7,0.0056504684025491265,-0.5440071999142855
5620260616050004,岸和田競輪,4R,11:58,7-8-2,7,8,2,298.3,0.001509047459160424,-0.5498511429324455
5620260616050005,岸和田競輪,5R,12:24,1-3-2,1,3,2,267.0,0.0016786500628686925,-0.5518004332140591
5620260616050005,岸和田競輪,5R,12:24,1-9-6,1,9,6,188.1,0.0023782186877223726,-0.5526570648394218
5620260616050009,岸和田競輪,9R,14:36,1-4-3,1,4,3,236.8,0.0018874452936895926,-0.5530529544543045
5620260616050004,岸和田競輪,4R,11:58,4-5-8,4,5,8,244.4,0.0018263375675366422,-0.5536430984940446
8720260618030006,熊本競輪,6R,22:30,3-1-5,3,1,5,90.7,0.004899018337154632,-0.5556590368200749
7420260618030009,高知競輪,9R,23:20,4-1-2,4,1,2,77.6,0.005720834985401213,-0.5560632051328659
7420260618030009,高知競輪,9R,23:20,3-1-4,3,1,4,82.5,0.005299182368461683,-0.5628174546019111
5620260616050004,岸和田競輪,4R,11:58,8-7-1,8,7,1,200.4,0.0021767153587132046,-0.5637862421138737
5620260616050004,岸和田競輪,4R,11:58,7-5-2,7,5,2,236.3,0.0018417030565226345,-0.5648055677437014
5620260616050005,岸和田競輪,5R,12:24,8-4-5,8,4,5,240.2,0.0018048242905108495,-0.566481205419294
8720260618030006,熊本競輪,6R,22:30,3-2-1,3,2,1,74.5,0.005814251794843571,-0.5668382412841539
5620260616050005,岸和田競輪,5R,12:24,4-2-1,4,2,1,242.6,0.001785494192265206,-0.5668391089564611
7420260618030009,高知競輪,9R,23:20,1-5-2,1,5,2,81.2,0.005291095343021268,-0.570363058146673
8720260618030006,熊本競輪,6R,22:30,2-6-4,2,6,4,90.6,0.0047256120494158765,-0.5718595483229216
7420260618030006,高知競輪,6R,22:20,1-2-4,1,2,4,81.0,0.005261499100282935,-0.5738185728770823
5620260616050004,岸和田競輪,4R,11:58,5-4-1,5,4,1,293.2,0.0014528998141740408,-0.5740097744841712
5620260616050004,岸和田競輪,4R,11:58,9-1-2,9,1,2,313.4,0.001355704122959652,-0.5751223278644451
5620260616050004,岸和田競輪,4R,11:58,9-1-7,9,1,7,186.9,0.0022704268972578955,-0.5756572129024993
7420260618030006,高知競輪,6R,22:20,4-6-5,4,6,5,94.1,0.004502581447550658,-0.5763070857854831
5620260616050009,岸和田競輪,9R,14:36,1-8-3,1,8,3,244.0,0.0017355895180702797,-0.5765161575908517
5620260616050004,岸和田競輪,4R,11:58,4-5-3,4,5,3,186.7,0.0022598743144329188,-0.5780814654953741
5620260616050004,岸和田競輪,4R,11:58,9-8-2,9,8,2,285.0,0.0014738736472879334,-0.579946010522939
7420260618030009,高知競輪,9R,23:20,4-1-3,4,1,3,84.2,0.004987192830887799,-0.5800783636392473
5620260616050009,岸和田競輪,9R,14:36,8-4-7,8,4,7,325.0,0.0012917117869691336,-0.5801936692350316
7420260618030009,高知競輪,9R,23:20,1-7-5,1,7,5,93.0,0.0045113671274818,-0.5804428571441926
7420260618030009,高知競輪,9R,23:20,2-1-5,2,1,5,76.6,0.005476557184358964,-0.5804957196781034
7420260618030006,高知競輪,6R,22:20,1-4-2,1,4,2,81.3,0.0051357228308732215,-0.5824657338500071
5620260616050004,岸和田競輪,4R,11:58,7-4-8,7,4,8,247.5,0.001674609408658429,-0.5855341713570388
8720260618030005,熊本競輪,5R,22:10,1-6-5,1,6,5,90.2,0.0045681030857985284,-0.5879571016609727
5620260616050009,岸和田競輪,9R,14:36,1-2-3,1,2,3,205.3,0.002003844124523494,-0.5886108012353267
5620260616050005,岸和田競輪,5R,12:24,9-4-2,9,4,2,216.7,0.0018912043118238283,-0.5901760256277764
5620260616050005,岸和田競輪,5R,12:24,5-1-2,5,1,2,204.7,0.001993438153071805,-0.5919432100662015
5620260616050004,岸和田競輪,4R,11:58,3-8-2,3,8,2,284.5,0.001422894126551571,-0.5951866209960781
8720260618030005,熊本競輪,5R,22:10,6-1-2,6,1,2,71.5,0.005646557690382664,-0.5962711251376396
5620260616050005,岸和田競輪,5R,12:24,4-2-5,4,2,5,157.2,0.0025624653584576844,-0.597180445650452
5620260616050005,岸和田競輪,5R,12:24,2-7-4,2,7,4,204.7,0.0019550756808562704,-0.5997960081287215
5620260616050004,岸和田競輪,4R,11:58,7-4-2,7,4,2,271.8,0.0014632804417129162,-0.6022803759424293
5620260616050009,岸和田競輪,9R,14:36,3-6-5,3,6,5,195.7,0.0020207239454534745,-0.604544323874755
5620260616050005,岸和田競輪,5R,12:24,4-2-8,4,2,8,229.4,0.0016953240650119745,-0.611092659486253
7420260618030006,高知競輪,6R,22:20,4-1-6,4,1,6,75.3,0.005142178358462469,-0.6127939696077761
5620260616050009,岸和田競輪,9R,14:36,3-1-4,3,1,4,157.7,0.002448577674586889,-0.6138593007176476
5620260616050004,岸和田競輪,4R,11:58,4-9-2,4,9,2,202.9,0.0018817809532550745,-0.6181866445845454
7420260618030006,高知競輪,6R,22:20,1-3-6,1,3,6,81.8,0.004653029424758169,-0.6193821930547818
7420260618030006,高知競輪,6R,22:20,6-4-5,6,4,5,85.6,0.004427082978503786,-0.6210416970400758
7420260618030006,高知競輪,6R,22:20,4-6-2,4,6,2,76.6,0.004939942385110152,-0.6216004133005624
8720260618030005,熊本競輪,5R,22:10,1-5-2,1,5,2,70.1,0.00539041943384595,-0.6221315976873989
8720260618030005,熊本競輪,5R,22:10,1-3-6,1,3,6,77.9,0.004846893568465797,-0.6224269910165143
8720260618030006,熊本競輪,6R,22:30,2-3-1,2,3,1,67.1,0.005625207590742857,-0.6225485706611544
7420260618030006,高知競輪,6R,22:20,5-1-4,5,1,4,73.5,0.005125685716803457,-0.6232620998149458
7420260618030009,高知競輪,9R,23:20,1-7-6,1,7,6,86.0,0.004368221896810799,-0.6243329168742713
5620260616050004,岸和田競輪,4R,11:58,8-7-9,8,7,9,115.8,0.0032140200125989216,-0.6278164825410448
5620260616050004,岸和田競輪,4R,11:58,7-1-6,7,1,6,232.0,0.0015993484793688597,-0.6289511527864245
8720260618030005,熊本競輪,5R,22:10,2-3-1,2,3,1,65.1,0.005680417920066407,-0.630204793403677
5620260616050004,岸和田競輪,4R,11:58,1-7-9,1,7,9,114.9,0.003216255498049067,-0.6304522432741622
5620260616050005,岸和田競輪,5R,12:24,1-4-7,1,4,7,210.6,0.0017441687494468474,-0.632678061366494
8720260618030005,熊本競輪,5R,22:10,1-4-2,1,4,2,68.9,0.005291852606338034,-0.6353913554233095
5620260616050005,岸和田競輪,5R,12:24,2-7-1,2,7,1,174.7,0.0020865155106678285,-0.6354857402863303
8720260618030005,熊本競輪,5R,22:10,2-5-3,2,5,3,70.8,0.005104272414510061,-0.6386175130526877
5620260616050004,岸和田競輪,4R,11:58,3-8-5,3,8,5,186.3,0.0019375751056855733,-0.6390297578107776
8720260618030006,熊本競輪,6R,22:30,4-2-3,4,2,3,65.9,0.005477046831394517,-0.6390626138111013
5620260616050004,岸和田競輪,4R,11:58,5-4-8,5,4,8,228.4,0.0015649393520829845,-0.6425678519842464
8720260618030005,熊本競輪,5R,22:10,2-1-6,2,1,6,68.7,0.005201164523661058,-0.6426799972244852
5620260616050004,岸和田競輪,4R,11:58,7-9-3,7,9,3,115.3,0.003080068771102407,-0.6448680706918926
7420260618030006,高知競輪,6R,22:20,1-2-3,1,2,3,67.1,0.00529196630140724,-0.6449090611755742
8720260618030005,熊本競輪,5R,22:10,3-1-4,3,1,4,66.6,0.0053307710492241,-0.6449706481216749
5620260616050005,岸和田競輪,5R,12:24,5-8-4,5,8,4,256.1,0.0013831967781036505,-0.645763305127655
8720260618030006,熊本競輪,6R,22:30,6-7-1,6,7,1,77.4,0.0045681562947304764,-0.6464247027878611
5620260616050009,岸和田競輪,9R,14:36,4-8-7,4,8,7,288.4,0.0012102370439655897,-0.650967636520324
5620260616050004,岸和田競輪,4R,11:58,7-8-4,7,8,4,207.6,0.001680549549100876,-0.6511179136066582
8720260618030006,熊本競輪,6R,22:30,4-2-5,4,2,5,72.4,0.0048062895542457604,-0.652024636272607
5620260616050004,岸和田競輪,4R,11:58,9-6-1,9,6,1,220.1,0.001578248175828701,-0.652627576500103
5620260616050004,岸和田競輪,4R,11:58,3-8-4,3,8,4,218.2,0.001584604956112463,-0.6542391985762606
7420260618030009,高知競輪,9R,23:20,1-2-6,1,2,6,66.4,0.005194307013575757,-0.6550980142985696
8720260618030006,熊本競輪,6R,22:30,2-4-7,2,4,7,75.1,0.004591387492008829,-0.655186799350137
5620260616050004,岸和田競輪,4R,11:58,7-3-8,7,3,8,156.2,0.0022060210093954556,-0.6554195183324298
8720260618030005,熊本競輪,5R,22:10,2-4-3,2,4,3,68.6,0.0050109643425716366,-0.6562478460995858
5620260616050009,岸和田競輪,9R,14:36,1-3-7,1,3,7,193.4,0.0017762316184669722,-0.6564768049884876
5620260616050005,岸和田競輪,5R,12:24,1-9-8,1,9,8,157.6,0.002171014724911169,-0.6578480793539998
5620260616050004,岸和田競輪,4R,11:58,2-9-6,2,9,6,159.8,0.0021398129414553005,-0.658057891955443
5620260616050004,岸和田競輪,4R,11:58,8-9-3,8,9,3,127.3,0.002684882161941592,-0.6582145007848353
5620260616050009,岸和田競輪,9R,14:36,3-1-8,3,1,8,149.9,0.0022724179826823713,-0.6593645443959125
5620260616050004,岸和田競輪,4R,11:58,4-5-2,4,5,2,210.8,0.0015958611176578015,-0.6635924763977354
7420260618030006,高知競輪,6R,22:20,1-3-7,1,3,7,75.6,0.004445066719685322,-0.6639529559917897
5620260616050004,岸和田競輪,4R,11:58,8-3-1,8,3,1,187.7,0.0017872674864361806,-0.6645298927959289
5620260616050004,岸和田競輪,4R,11:58,5-4-3,5,4,3,172.8,0.0019364252853801497,-0.6653857106863101
8720260618030005,熊本競輪,5R,22:10,2-4-1,2,4,1,62.8,0.005320003295296432,-0.6659037930553842
8720260618030005,熊本競輪,5R,22:10,4-1-3,4,1,3,60.7,0.0054913729042352635,-0.6666736647129194
7420260618030009,高知競輪,9R,23:20,2-1-4,2,1,4,59.7,0.00557921171152739,-0.6669210608218148
5620260616050004,岸和田競輪,4R,11:58,7-5-9,7,5,9,114.8,0.0028892868415524055,-0.6683098705897839
5620260616050004,岸和田競輪,4R,11:58,2-9-4,2,9,4,160.3,0.0020679483194044586,-0.6685078843994652
7420260618030006,高知競輪,6R,22:20,5-1-3,5,1,3,63.4,0.005155366477867434,-0.6731497653032047
5620260616050009,岸和田競輪,9R,14:36,3-9-6,3,9,6,146.0,0.0022273517224168375,-0.6748066485271418
8720260618030005,熊本競輪,5R,22:10,4-7-3,4,7,3,76.9,0.004227450139205833,-0.6749090842950713
7420260618030006,高知競輪,6R,22:20,6-1-4,6,1,4,64.0,0.0050658814759906344,-0.6757835855365995
5620260616050004,岸和田競輪,4R,11:58,9-6-7,9,6,7,130.3,0.0024876758293845783,-0.6758558394311894
8720260618030005,熊本競輪,5R,22:10,1-4-6,1,4,6,70.7,0.0045392779032898565,-0.6790730522374071
5620260616050004,岸和田競輪,4R,11:58,7-4-9,7,4,9,139.4,0.00229561269976106,-0.6799915896533082
5620260616050005,岸和田競輪,5R,12:24,1-2-3,1,2,3,183.0,0.0017470503728140958,-0.6802897817750204
8720260618030005,熊本競輪,5R,22:10,1-4-7,1,4,7,74.2,0.004284909870374456,-0.6820596876182154
7420260618030006,高知競輪,6R,22:20,6-4-2,6,4,2,65.4,0.004857110327189589,-0.6823449846018008
8720260618030006,熊本競輪,6R,22:30,1-3-7,1,3,7,66.7,0.004754493212986897,-0.682875302693774
7420260618030009,高知競輪,9R,23:20,2-1-3,2,1,3,62.2,0.005095003911690774,-0.6830907566928339
7420260618030006,高知競輪,6R,22:20,1-6-5,1,6,5,66.8,0.004737331300951501,-0.6835462690964398
5620260616050009,岸和田競輪,9R,14:36,1-8-4,1,8,4,208.0,0.001516590150523827,-0.6845492486910439
5620260616050005,岸和田競輪,5R,12:24,4-1-2,4,1,2,182.3,0.0017278701642683297,-0.6850092690538835
8720260618030006,熊本競輪,6R,22:30,4-1-2,4,1,2,54.8,0.0057451220554785585,-0.6851673113597749
5620260616050004,岸和田競輪,4R,11:58,5-4-2,5,4,2,229.8,0.0013674503048471739,-0.6857599199461195
5620260616050009,岸和田競輪,9R,14:36,6-3-1,6,3,1,124.8,0.0025151650598174394,-0.6861074005347836
5620260616050009,岸和田競輪,9R,14:36,1-5-9,1,5,9,99.0,0.003151778820531859,-0.6879738967673459
5620260616050005,岸和田競輪,5R,12:24,5-9-4,5,9,4,129.4,0.0023881756551327902,-0.6909700702258169
7420260618030006,高知競輪,6R,22:20,1-4-3,1,4,3,66.9,0.004601551427893672,-0.6921562094739133
5620260616050005,岸和田競輪,5R,12:24,4-9-5,4,9,5,96.8,0.0031575844205328275,-0.6943458280924223
5620260616050004,岸和田競輪,4R,11:58,7-3-1,7,3,1,149.0,0.0020480841703856196,-0.6948354586125427
5620260616050009,岸和田競輪,9R,14:36,1-3-5,1,3,5,120.2,0.002538700257068987,-0.6948482291003077
8720260618030006,熊本競輪,6R,22:30,3-1-4,3,1,4,56.2,0.005429622356351978,-0.6948552235730188
5620260616050004,岸和田競輪,4R,11:58,7-2-1,7,2,1,221.0,0.001378067616464871,-0.6954470567612635
5620260616050005,岸和田競輪,5R,12:24,1-4-3,1,4,3,245.4,0.001233781542035359,-0.6972300095845229
5620260616050005,岸和田競輪,5R,12:24,4-8-7,4,8,7,177.0,0.0017041149946014967,-0.6983716459555351
8720260618030005,熊本競輪,5R,22:10,2-1-3,2,1,3,52.4,0.005755506683245492,-0.6984114497979362
5620260616050004,岸和田競輪,4R,11:58,2-9-7,2,9,7,96.3,0.0031098100595756827,-0.7005252912628618
5620260616050009,岸和田競輪,9R,14:36,9-1-7,9,1,7,124.4,0.0024032521932457816,-0.7010354271602248
5620260616050004,岸和田競輪,4R,11:58,3-8-7,3,8,7,124.2,0.0023829514435791932,-0.7040374307074642
8720260618030005,熊本競輪,5R,22:10,6-1-4,6,1,4,58.3,0.005075929543852214,-0.704073307593416
7420260618030006,高知競輪,6R,22:20,1-4-6,1,4,6,64.0,0.004621015163224911,-0.7042550295536056
7420260618030006,高知競輪,6R,22:20,1-7-3,1,7,3,66.7,0.004409853836817654,-0.7058627490842624
5620260616050004,岸和田競輪,4R,11:58,8-3-5,8,3,5,128.1,0.0022906112970263277,-0.7065726928509275
5620260616050004,岸和田競輪,4R,11:58,8-7-3,8,7,3,100.1,0.002901126848917511,-0.7095972024233572
5620260616050005,岸和田競輪,5R,12:24,5-9-1,5,9,1,113.5,0.002548732816548291,-0.710718825321769
5620260616050004,岸和田競輪,4R,11:58,7-9-8,7,9,8,116.1,0.0024891850273860536,-0.7110056183204791
7420260618030006,高知競輪,6R,22:20,1-7-2,1,7,2,58.6,0.004921772012211362,-0.7115841600844142
5620260616050005,岸和田競輪,5R,12:24,9-1-8,9,1,8,189.6,0.0015160562376886834,-0.7125557373342256
5620260616050005,岸和田競輪,5R,12:24,1-2-5,1,2,5,107.9,0.0026623585277787305,-0.7127315148526749
5620260616050004,岸和田競輪,4R,11:58,3-8-9,3,8,9,128.5,0.0022322541422774315,-0.71315534271735
7420260618030006,高知競輪,6R,22:20,4-6-3,4,6,3,64.3,0.004426134291996264,-0.7153995650246403
5620260616050005,岸和田競輪,5R,12:24,1-2-9,1,2,9,100.4,0.002824593960381235,-0.7164107663777239
5620260616050009,岸和田競輪,9R,14:36,3-1-2,3,1,2,109.8,0.0025814331940184573,-0.7165586352967734
5620260616050004,岸和田競輪,4R,11:58,9-4-2,9,4,2,198.1,0.0014292343266649795,-0.7168686798876676
5620260616050005,岸和田競輪,5R,12:24,4-9-8,4,9,8,135.4,0.002089054135997442,-0.7171420699859463
5620260616050005,岸和田競輪,5R,12:24,1-3-6,1,3,6,204.8,0.001370321850796415,-0.7193580849568941
5620260616050004,岸和田競輪,4R,11:58,7-8-9,7,8,9,117.7,0.002367412570440461,-0.7213555404591577
8720260618030005,熊本競輪,5R,22:10,2-3-4,2,3,4,54.5,0.005067100428748835,-0.7238430266331886
8720260618030005,熊本競輪,5R,22:10,1-2-3,1,2,3,48.3,0.005715273481418696,-0.723952290847477
7420260618030006,高知競輪,6R,22:20,1-6-4,1,6,4,59.4,0.004630087487716747,-0.7249728032296252
5620260616050009,岸和田競輪,9R,14:36,1-5-2,1,5,2,114.6,0.0023938547696765976,-0.725664243395062
5620260616050005,岸和田競輪,5R,12:24,5-1-9,5,1,9,114.7,0.002382159969414491,-0.7267662515081579
5620260616050009,岸和田競輪,9R,14:36,1-2-9,1,2,9,110.3,0.0024304690026478505,-0.7319192690079421
5620260616050004,岸和田競輪,4R,11:58,9-7-1,9,7,1,109.8,0.0024389010512897314,-0.7322086645683875
5620260616050005,岸和田競輪,5R,12:24,1-5-2,1,5,2,98.5,0.002715964241468492,-0.7324775222153536
5620260616050009,岸和田競輪,9R,14:36,3-6-4,3,6,4,173.5,0.0015307877547243802,-0.73440832455532
5620260616050005,岸和田競輪,5R,12:24,9-5-4,9,5,4,116.4,0.0022721661784945156,-0.7355198568232384
5620260616050004,岸和田競輪,4R,11:58,7-9-4,7,9,4,108.7,0.002422253790259045,-0.7367010129988418
8720260618030006,熊本競輪,6R,22:30,1-4-3,1,4,3,50.6,0.0051977644433162835,-0.736993119168196
5620260616050005,岸和田競輪,5R,12:24,4-5-7,4,5,7,96.2,0.0027309660180386696,-0.73728106906468
5620260616050004,岸和田競輪,4R,11:58,8-9-2,8,9,2,138.5,0.0018959899762437823,-0.7374053882902362
7420260618030006,高知競輪,6R,22:20,1-2-5,1,2,5,48.7,0.005383367904780153,-0.7378299830372066
5620260616050009,岸和田競輪,9R,14:36,3-6-8,3,6,8,184.5,0.0014206572483319495,-0.7378887376827553
5620260616050009,岸和田競輪,9R,14:36,9-1-5,9,1,5,75.4,0.003434876903081162,-0.7410102815076804
5620260616050005,岸和田競輪,5R,12:24,4-9-1,4,9,1,117.7,0.0022001657996429695,-0.7410404853820225
5620260616050004,岸和田競輪,4R,11:58,8-3-2,8,3,2,153.0,0.0016821527852971657,-0.7426306238495337
5620260616050005,岸和田競輪,5R,12:24,1-5-9,1,5,9,79.2,0.0032455791439617264,-0.7429501317982312
5620260616050005,岸和田競輪,5R,12:24,1-9-7,1,9,7,83.5,0.003044087733261288,-0.7458186742726824
5620260616050005,岸和田競輪,5R,12:24,4-1-9,4,1,9,123.0,0.0020648060394163593,-0.7460288571517878
8720260618030005,熊本競輪,5R,22:10,1-2-6,1,2,6,49.1,0.005164806386396794,-0.7464080064279174
7420260618030009,高知競輪,9R,23:20,1-4-6,1,4,6,51.6,0.004909404246568391,-0.7466747408770711
5620260616050004,岸和田競輪,4R,11:58,4-5-7,4,5,7,94.6,0.002672622989379339,-0.7471698652047145
8720260618030005,熊本競輪,5R,22:10,3-4-2,3,4,2,48.1,0.005164331009627003,-0.7515956784369412
8720260618030005,熊本競輪,5R,22:10,4-3-2,4,3,2,46.1,0.005379618770471937,-0.7519995746812437
5620260616050005,岸和田競輪,5R,12:24,9-5-1,9,5,1,101.4,0.0024249240173491705,-0.754112704640794
5620260616050004,岸和田競輪,4R,11:58,7-8-1,7,8,1,153.3,0.0016033451199084134,-0.7542071931180402
5620260616050009,岸和田競輪,9R,14:36,3-6-2,3,6,2,152.2,0.0016138456068007713,-0.7543726986449226
5620260616050005,岸和田競輪,5R,12:24,9-4-8,9,4,8,174.1,0.0014093272291950528,-0.7546361293971413
8720260618030005,熊本競輪,5R,22:10,1-6-3,1,6,3,51.2,0.004749946813086825,-0.7568027231699546
5620260616050005,岸和田競輪,5R,12:24,9-1-7,9,1,7,114.2,0.0021257378603322056,-0.7572407363500622
5620260616050009,岸和田競輪,9R,14:36,1-4-9,1,4,9,105.0,0.0022892884852493125,-0.7596247090488222
8720260618030005,熊本競輪,5R,22:10,1-3-4,1,3,4,47.3,0.005079445048432475,-0.7597422492091439
5620260616050004,岸和田競輪,4R,11:58,7-2-9,7,2,9,117.9,0.002034780009385764,-0.7600994368934184
5620260616050005,岸和田競輪,5R,12:24,5-4-7,5,4,7,123.7,0.0019364425654151611,-0.7604620546581445
8720260618030006,熊本競輪,6R,22:30,1-3-6,1,3,6,47.9,0.004947490945203772,-0.7630151837247393
5620260616050009,岸和田競輪,9R,14:36,1-8-7,1,8,7,167.9,0.0014007105803000802,-0.7648206935676165
8720260618030006,熊本競輪,6R,22:30,3-1-2,3,1,2,40.4,0.005820658458564622,-0.7648453982739892
5620260616050005,岸和田競輪,5R,12:24,1-2-7,1,2,7,95.1,0.002469765157083604,-0.7651253335613493
5620260616050004,岸和田競輪,4R,11:58,7-9-5,7,9,5,79.0,0.0029618098981418024,-0.7660170180467976
7420260618030009,高知競輪,9R,23:20,1-7-4,1,7,4,50.7,0.0045959297904404695,-0.7669863596246682
7420260618030006,高知競輪,6R,22:20,1-3-4,1,3,4,50.1,0.0046067550008545245,-0.7692015744571883
8720260618030006,熊本競輪,6R,22:30,1-3-5,1,3,5,48.9,0.004717196105227193,-0.7693291104543902
7420260618030009,高知競輪,9R,23:20,1-7-2,1,7,2,47.8,0.0048144682386890795,-0.769868418190662
5620260616050004,岸和田競輪,4R,11:58,8-3-4,8,3,4,122.7,0.0018733281631995433,-0.7701426343754161
5620260616050005,岸和田競輪,5R,12:24,4-5-3,4,5,3,117.2,0.0019318173577244195,-0.773591005674698
5620260616050004,岸和田競輪,4R,11:58,9-2-3,9,2,3,125.8,0.001794232596828115,-0.7742855393190231
5620260616050004,岸和田競輪,4R,11:58,5-4-9,5,4,9,104.9,0.0021452731797772353,-0.774960843441368
8720260618030006,熊本競輪,6R,22:30,2-4-6,2,4,6,46.9,0.0047777643220916184,-0.7759228532939031
5620260616050005,岸和田競輪,5R,12:24,1-2-4,1,2,4,128.4,0.0017382367778839799,-0.776810397719697
5620260616050004,岸和田競輪,4R,11:58,7-8-3,7,8,3,104.0,0.002136938831633442,-0.777758361510122
5620260616050009,岸和田競輪,9R,14:36,1-3-4,1,3,4,115.4,0.001923177718154238,-0.7780652913250009
7420260618030009,高知競輪,9R,23:20,1-3-5,1,3,5,48.5,0.004548010094874058,-0.7794215103986082
8720260618030006,熊本競輪,6R,22:30,1-4-2,1,4,2,40.7,0.005419299117277011,-0.7794345259268256
8720260618030005,熊本競輪,5R,22:10,1-4-3,1,4,3,43.7,0.005023075926677971,-0.7804915820041727
8720260618030006,熊本競輪,6R,22:30,2-4-3,2,4,3,41.6,0.005191109255066638,-0.7840498549892279
7420260618030009,高知競輪,9R,23:20,1-7-3,1,7,3,51.4,0.004197058916364334,-0.7842711716988733
5620260616050005,岸和田競輪,5R,12:24,9-4-5,9,4,5,100.6,0.0021301840032088306,-0.7857034892771917
5620260616050004,岸和田競輪,4R,11:58,7-5-1,7,5,1,109.5,0.001956787767058597,-0.7857317395070836
8720260618030005,熊本競輪,5R,22:10,1-2-5,1,2,5,38.8,0.00549647384571125,-0.7867368147864036
5620260616050009,岸和田競輪,9R,14:36,1-8-9,1,8,9,100.6,0.002105102125143307,-0.7882267262105833
5620260616050004,岸和田競輪,4R,11:58,5-4-7,5,4,7,92.0,0.0022900984810834964,-0.7893109397403183
5620260616050005,岸和田競輪,5R,12:24,4-8-3,4,8,3,174.2,0.0012054485132311932,-0.7900108689951262
5620260616050004,岸和田競輪,4R,11:58,9-2-1,9,2,1,155.4,0.0013462126456403988,-0.7907985548674821
5620260616050005,岸和田競輪,5R,12:24,4-8-9,4,8,9,107.1,0.0019489435696916136,-0.7912681436860282
7420260618030006,高知競輪,6R,22:20,6-4-3,6,4,3,47.5,0.0043519176749879564,-0.793283910438072
7420260618030006,高知競輪,6R,22:20,1-7-5,1,7,5,46.0,0.004486019800160645,-0.7936430891926103
7420260618030006,高知競輪,6R,22:20,1-3-2,1,3,2,39.8,0.00517130297247898,-0.7941821416953366
7420260618030006,高知競輪,6R,22:20,1-4-5,1,4,5,43.3,0.004681028347162897,-0.7973114725678465
5620260616050009,岸和田競輪,9R,14:36,1-6-3,1,6,3,105.3,0.0019163923704203787,-0.7982038833947341
5620260616050005,岸和田競輪,5R,12:24,1-7-2,1,7,2,81.1,0.0024872016969465787,-0.7982879423776325
5620260616050009,岸和田競輪,9R,14:36,1-3-8,1,3,8,112.9,0.0017848172332801606,-0.7984941343626699
5620260616050004,岸和田競輪,4R,11:58,7-5-4,7,5,4,97.6,0.002051011200760246,-0.7998213068058
8720260618030005,熊本競輪,5R,22:10,3-4-1,3,4,1,37.9,0.005204352006036302,-0.8027550589712241
5620260616050004,岸和田競輪,4R,11:58,9-2-8,9,2,8,134.7,0.0014500250635877928,-0.8046816239347243
5620260616050009,岸和田競輪,9R,14:36,9-3-1,9,3,1,68.6,0.0028335810430178297,-0.8056163404489769
5620260616050004,岸和田競輪,4R,11:58,4-5-9,4,5,9,77.6,0.0025036069261348557,-0.8057201025319352
8720260618030005,熊本競輪,5R,22:10,4-3-1,4,3,1,35.8,0.005421308139936272,-0.8059171685902815
5620260616050005,岸和田競輪,5R,12:24,4-8-2,4,8,2,119.0,0.0016309141786821882,-0.8059212127368196
5620260616050005,岸和田競輪,5R,12:24,1-4-2,1,4,2,114.7,0.0016692474114121888,-0.8085373219110219
8720260618030005,熊本競輪,5R,22:10,2-5-4,2,5,4,39.4,0.004833966726186492,-0.8095417109882522
5620260616050004,岸和田競輪,4R,11:58,8-3-7,8,3,7,67.4,0.0028171375039401847,-0.8101249322344315
5620260616050004,岸和田競輪,4R,11:58,9-7-2,9,7,2,82.6,0.0022954617748190665,-0.8103948573999451
5620260616050005,岸和田競輪,5R,12:24,1-9-3,1,9,3,87.9,0.0021533118620690474,-0.8107238873241307
7420260618030009,高知競輪,9R,23:20,1-4-5,1,4,5,37.3,0.005070283849283926,-0.8108784124217095
8720260618030006,熊本競輪,6R,22:30,2-1-3,2,1,3,33.1,0.005682967547550354,-0.8118937741760832
7420260618030006,高知競輪,6R,22:20,4-6-1,4,6,1,37.2,0.005015349443310066,-0.8134290007088655
7420260618030006,高知競輪,6R,22:20,1-5-7,1,5,7,41.1,0.004537233392266036,-0.813519707577866
5620260616050005,岸和田競輪,5R,12:24,5-4-3,5,4,3,134.1,0.0013697912516656017,-0.8163109931516428
8720260618030005,熊本競輪,5R,22:10,1-2-4,1,2,4,33.9,0.005412611161131739,-0.816512481637634
5620260616050004,岸和田競輪,4R,11:58,6-9-2,6,9,2,96.9,0.0018851351785188163,-0.8173304012015267
5620260616050009,岸和田競輪,9R,14:36,1-4-8,1,4,8,118.6,0.00153062892909111,-0.8184674090097943
7420260618030006,高知競輪,6R,22:20,1-5-6,1,5,6,38.1,0.00474950812047738,-0.8190437406098118
5620260616050004,岸和田競輪,4R,11:58,9-2-5,9,2,5,104.7,0.0017253432503561118,-0.8193565616877151
5620260616050005,岸和田競輪,5R,12:24,4-1-5,4,1,5,92.4,0.0019462103383196378,-0.8201701647392654
5620260616050009,岸和田競輪,9R,14:36,3-9-1,3,9,1,53.4,0.003340838920934894,-0.8215992016220767
5620260616050004,岸和田競輪,4R,11:58,7-4-1,7,4,1,113.6,0.0015547182038814977,-0.8233840120390619
7420260618030009,高知競輪,9R,23:20,1-3-7,1,3,7,41.6,0.004202390086535051,-0.8251805724001419
8720260618030006,熊本競輪,6R,22:30,2-4-5,2,4,5,38.2,0.004555369883741296,-0.8259848704410825
5620260616050009,岸和田競輪,9R,14:36,1-6-9,1,6,9,74.8,0.0023243984879937492,-0.8261349930980676
5620260616050005,岸和田競輪,5R,12:24,9-1-3,9,1,3,115.4,0.0015036940296719486,-0.8264737089758571
5620260616050009,岸和田競輪,9R,14:36,9-1-4,9,1,4,66.3,0.002602071160710807,-0.8274826820448735
5620260616050005,岸和田競輪,5R,12:24,1-4-9,1,4,9,86.3,0.0019947518092735352,-0.8278529188596939
5620260616050009,岸和田競輪,9R,14:36,1-3-2,1,3,2,84.0,0.002027525959729914,-0.8296878193826872
8720260618030006,熊本競輪,6R,22:30,4-2-1,4,2,1,29.4,0.00573883519315941,-0.8312782453211134
5620260616050005,岸和田競輪,5R,12:24,4-1-8,4,1,8,130.9,0.0012876104690501184,-0.8314517896013395
8720260618030006,熊本競輪,6R,22:30,2-1-4,2,1,4,29.6,0.005527124054230966,-0.8363971279947634
5620260616050009,岸和田競輪,9R,14:36,3-6-9,3,6,9,76.9,0.0021248091018530027,-0.8366021800675041
8720260618030005,熊本競輪,5R,22:10,2-1-4,2,1,4,29.9,0.0054507137432677965,-0.837023659076293
5620260616050004,岸和田競輪,4R,11:58,7-1-8,7,1,8,102.1,0.0015883437879970553,-0.8378300992455007
5620260616050004,岸和田競輪,4R,11:58,8-3-9,8,3,9,61.4,0.0026389823760278363,-0.8379664821118908
5620260616050005,岸和田競輪,5R,12:24,5-1-4,5,1,4,109.9,0.0014659657733886702,-0.8388903615045851
5620260616050004,岸和田競輪,4R,11:58,7-4-5,7,4,5,80.5,0.001992569723631351,-0.8395981372476762
5620260616050005,岸和田競輪,5R,12:24,4-5-2,4,5,2,60.4,0.002613656481181338,-0.8421351485366472
8720260618030005,熊本競輪,5R,22:10,1-6-2,1,6,2,30.6,0.005004108795031563,-0.8468742708720342
5620260616050005,岸和田競輪,5R,12:24,5-4-2,5,4,2,82.4,0.0018532620428457814,-0.8472912076695076
8720260618030005,熊本競輪,5R,22:10,1-6-4,1,6,4,33.1,0.004498405057760074,-0.8511027925881416
5620260616050009,岸和田競輪,9R,14:36,9-1-8,9,1,8,61.5,0.002414868582356098,-0.8514855821851
8720260618030005,熊本競輪,5R,22:10,2-1-5,2,1,5,26.8,0.005535166787053283,-0.851657530106972
5620260616050005,岸和田競輪,5R,12:24,9-4-1,9,4,1,98.6,0.0014842858864928625,-0.8536494115918037
5620260616050005,岸和田競輪,5R,12:24,4-5-9,4,5,9,46.4,0.0031233212997738044,-0.8550778916904955
5620260616050005,岸和田競輪,5R,12:24,9-1-2,9,1,2,69.8,0.0020344260965722305,-0.8579970584592583
5620260616050005,岸和田競輪,5R,12:24,1-4-5,1,4,5,75.2,0.0018801797938789962,-0.8586104795002995
5620260616050005,岸和田競輪,5R,12:24,1-9-5,1,9,5,43.0,0.0032814670304624717,-0.8588969176901138
7420260618030006,高知競輪,6R,22:20,6-4-1,6,4,1,28.4,0.004931252973514728,-0.8599524155521817
5620260616050009,岸和田競輪,9R,14:36,9-1-2,9,1,2,50.4,0.002743254966820803,-0.8617399496722316
5620260616050005,岸和田競輪,5R,12:24,5-4-9,5,4,9,61.8,0.0022146494209010557,-0.8631346657883148
5620260616050005,岸和田競輪,5R,12:24,1-4-8,1,4,8,109.8,0.001243924738569282,-0.8634170637050929
7420260618030009,高知競輪,9R,23:20,1-3-4,1,3,4,29.1,0.004633259606589177,-0.8651721454482549
5620260616050009,岸和田競輪,9R,14:36,9-1-6,9,1,6,50.8,0.002637367112238306,-0.8660217506982941
8720260618030005,熊本競輪,5R,22:10,3-4-7,3,4,7,31.8,0.004181653300495966,-0.8670234250442282
5620260616050009,岸和田競輪,9R,14:36,1-9-7,1,9,7,59.5,0.0022254855499092003,-0.8675836097804026
5620260616050004,岸和田競輪,4R,11:58,9-2-4,9,2,4,92.9,0.0014110356070775965,-0.8689147921024913
5620260616050005,岸和田競輪,5R,12:24,9-1-5,9,1,5,57.2,0.0022915038314656974,-0.8689259808401621
5620260616050004,岸和田競輪,4R,11:58,7-1-3,7,1,3,65.3,0.0019653854757119616,-0.8716603284360089
5620260616050005,岸和田競輪,5R,12:24,4-8-1,4,8,1,100.2,0.001280000728829012,-0.871743926971333
8720260618030005,熊本競輪,5R,22:10,4-3-7,4,3,7,29.4,0.004355975739165255,-0.8719343132685415
5620260616050009,岸和田競輪,9R,14:36,3-1-6,3,1,6,51.0,0.0024817915544447806,-0.8734286307233162
7420260618030006,高知競輪,6R,22:20,1-5-2,1,5,2,23.8,0.005278527861988375,-0.8743710368846767
5620260616050005,岸和田競輪,5R,12:24,1-5-4,1,5,4,62.6,0.001997308325620732,-0.8749684988161421
7420260618030009,高知競輪,9R,23:20,1-2-7,1,2,7,24.8,0.0049568529786694375,-0.877070046128998
5620260616050004,岸和田競輪,4R,11:58,7-1-2,7,1,2,87.3,0.001387901195153481,-0.8788362256631012
5620260616050005,岸和田競輪,5R,12:24,1-9-2,1,9,2,41.5,0.002913327950904703,-0.8790968900374548
8720260618030005,熊本競輪,5R,22:10,2-5-1,2,5,1,22.3,0.005419065914036884,-0.8791548301169775
5620260616050009,岸和田競輪,9R,14:36,3-6-1,3,6,1,50.5,0.0023271969059631974,-0.8824765562488586
7420260618030009,高知競輪,9R,23:20,1-3-2,1,3,2,24.2,0.004853573103732466,-0.8825435308896743
5620260616050004,岸和田競輪,4R,11:58,7-9-1,7,9,1,49.4,0.00231097547577181,-0.8858378114968726
7420260618030006,高知競輪,6R,22:20,1-5-4,1,5,4,23.1,0.0047022742149853275,-0.8913774656338389
5620260616050004,岸和田競輪,4R,11:58,9-2-6,9,2,6,74.2,0.0014600714266149602,-0.8916627001451699
5620260616050005,岸和田競輪,5R,12:24,5-4-1,5,4,1,73.8,0.001454507414651647,-0.8926573527987085
8720260618030006,熊本競輪,6R,22:30,1-2-4,1,2,4,19.4,0.0055008443946467835,-0.8932836187438524
7420260618030009,高知競輪,9R,23:20,1-4-7,1,4,7,21.5,0.004684974338153835,-0.8992730517296925
5620260616050005,岸和田競輪,5R,12:24,4-5-1,4,5,1,49.1,0.0020512926091083477,-0.8992815328927801
5620260616050004,岸和田競輪,4R,11:58,9-2-7,9,2,7,47.4,0.00212193539080952,-0.8994202624756288
7420260618030009,高知競輪,9R,23:20,1-2-5,1,2,5,18.4,0.00536452278859789,-0.9012927806897988
5620260616050004,岸和田競輪,4R,11:58,7-1-5,7,1,5,51.9,0.001889924734876734,-0.9019129062598975
5620260616050009,岸和田競輪,9R,14:36,1-9-5,1,9,5,30.7,0.0031808018047410178,-0.9023493845944508
5620260616050004,岸和田競輪,4R,11:58,7-1-4,7,1,4,63.0,0.001545635104816006,-0.9026249883965917
5620260616050009,岸和田競輪,9R,14:36,3-1-9,3,1,9,28.6,0.003398746895837982,-0.9027958387790337
7420260618030006,高知競輪,6R,22:20,1-3-5,1,3,5,20.5,0.004713458378326457,-0.9033741032443077
5620260616050004,岸和田競輪,4R,11:58,7-9-2,7,9,2,44.2,0.0021750598960844484,-0.9038623525930674
8720260618030006,熊本競輪,6R,22:30,2-4-1,2,4,1,16.9,0.0054392305564651975,-0.9080770035957382
8720260618030006,熊本競輪,6R,22:30,1-2-3,1,2,3,16.2,0.005655946903339689,-0.908373660165897
8720260618030006,熊本競輪,6R,22:30,1-3-4,1,3,4,17.4,0.005228107279776775,-0.9090309333318841
5620260616050004,岸和田競輪,4R,11:58,9-6-2,9,6,2,61.0,0.0014854265435971267,-0.9093889808405753
5620260616050005,岸和田競輪,5R,12:24,4-8-5,4,8,5,48.7,0.0018370026296550097,-0.910537971935801
7420260618030009,高知競輪,9R,23:20,1-2-4,1,2,4,16.2,0.005465077303379647,-0.9114657476852497
5620260616050009,岸和田競輪,9R,14:36,1-3-6,1,3,6,43.6,0.0019492647785481567,-0.9150120556553003
5620260616050009,岸和田競輪,9R,14:36,9-1-3,9,1,3,26.0,0.002977816670009878,-0.9225767665797432
5620260616050005,岸和田競輪,5R,12:24,1-9-4,1,9,4,35.4,0.002142448741688654,-0.9241573145442217
8720260618030006,熊本競輪,6R,22:30,1-3-2,1,3,2,13.3,0.005604630462874728,-0.9254584148437661
5620260616050005,岸和田競輪,5R,12:24,9-1-4,9,1,4,46.8,0.0014961081292980429,-0.9299821395488516
5620260616050004,岸和田競輪,4R,11:58,7-1-9,7,1,9,31.6,0.0021773567928498067,-0.9311955253459461
7420260618030009,高知競輪,9R,23:20,1-2-3,1,2,3,13.7,0.004990774983656054,-0.9316263827239121
5620260616050009,岸和田競輪,9R,14:36,1-9-4,1,9,4,27.6,0.0024095980373064108,-0.933495094170343
7420260618030006,高知競輪,6R,22:20,1-5-3,1,5,3,13.2,0.0047295031722689816,-0.9375705581260494
5620260616050009,岸和田競輪,9R,14:36,1-9-2,1,9,2,22.1,0.0025403385901547667,-0.9438585171575796
5620260616050005,岸和田競輪,5R,12:24,5-4-8,5,4,8,39.4,0.0013810526147211484,-0.9455865269799868
5620260616050009,岸和田競輪,9R,14:36,1-9-8,1,9,8,22.4,0.0022362426840043183,-0.9499081638783032
5620260616050009,岸和田競輪,9R,14:36,1-3-9,1,3,9,17.9,0.002669465774992936,-0.9522165626276264
5620260616050009,岸和田競輪,9R,14:36,1-9-6,1,9,6,18.9,0.0024422831755185,-0.9538408479827003
7420260618030009,高知競輪,9R,23:20,1-4-2,1,4,2,7.7,0.005410936388841733,-0.9583357898059186
7420260618030009,高知競輪,9R,23:20,1-4-3,1,4,3,8.7,0.004717035753641629,-0.9589617889433178
5620260616050005,岸和田競輪,5R,12:24,4-5-8,4,5,8,20.3,0.0019476992642527965,-0.9604617049356682
5620260616050009,岸和田競輪,9R,14:36,1-9-3,1,9,3,8.7,0.0027575499516908014,-0.97600931542029
