race_id,競輪場,レース番号,開始時間,買い目,a,b,odds,p,EV
8620260507010003,別府競輪,3R,21:30,6-7,6,7,1110.0,0.037278806660025685,40.37947539262851
5320260507010003,奈良競輪,3R,21:20,5-6,5,6,741.0,0.03078611260665015,21.812509441527762
5320260507010003,奈良競輪,3R,21:20,5-7,5,7,741.0,0.029564080454376515,20.906983616692997
5320260507010008,奈良競輪,8R,23:00,5-6,5,6,708.0,0.025207617667126172,16.84699330832533
5320260507010008,奈良競輪,8R,23:00,4-6,4,6,708.0,0.024549535270441434,16.381070971472536
8620260507010003,別府競輪,3R,21:30,5-7,5,7,1110.0,0.014002835092693063,14.5431469528893
1120260507010005,函館競輪,5R,17:38,1-6,1,6,443.7,0.03457374637319999,14.340371265788834
8620260507010003,別府競輪,3R,21:30,2-6,2,6,277.5,0.052752953759877,13.638944668365868
1120260507010005,函館競輪,5R,17:38,6-7,6,7,262.1,0.05319094250180709,12.941346029723638
8620260507010003,別府競輪,3R,21:30,4-7,4,7,555.0,0.02405669780681053,12.351467282779844
1120260507010001,函館競輪,1R,15:56,5-6,5,6,447.1,0.02855261453371732,11.765873958025015
5320260507010008,奈良競輪,8R,23:00,2-4,2,4,354.0,0.035952480488646646,11.727178092980912
8620260507010003,別府競輪,3R,21:30,3-6,3,6,222.0,0.05524673838564905,11.26477592161409
5320260507010008,奈良競輪,8R,23:00,2-6,2,6,177.0,0.06241250746626743,10.047013821529335
1120260507010002,函館競輪,2R,16:21,6-7,6,7,193.5,0.05638718643708511,9.910920575575968
8720260507010003,熊本競輪,3R,11:42,5-6,5,6,378.8,0.028775418779128148,9.900128633533743
1120260507010005,函館競輪,5R,17:38,5-6,5,6,303.5,0.03441747297510567,9.44570304794457
6220260506020005,広島競輪,5R,17:25,4-6,4,6,242.2,0.040388945094136486,8.782202501799857
8620260507010003,別府競輪,3R,21:30,2-7,2,7,277.5,0.034921075229033614,8.690598376056828
1120260507010003,函館競輪,3R,16:46,1-6,1,6,349.8,0.027418386160726664,8.590951479022188
5320260507010003,奈良競輪,3R,21:20,3-7,3,7,185.2,0.05145033249561729,8.528601578188322
6220260506020002,広島競輪,2R,16:07,2-6,2,6,231.2,0.04072578787899819,8.415802157624382
1120260507010004,函館競輪,4R,17:12,1-4,1,4,180.7,0.05081839627075416,8.182884206125276
5320260507010003,奈良競輪,3R,21:20,2-6,2,6,247.0,0.036830430390953316,8.09711630656547
1120260507010002,函館競輪,2R,16:21,3-4,3,4,312.5,0.02866861067549895,7.958940836093422
8620260507010009,別府競輪,9R,23:30,5-6,5,6,267.7,0.031844830832676224,7.524861213907425
5320260507010008,奈良競輪,8R,23:00,2-7,2,7,708.0,0.01147219182936733,7.12231181519207
8620260507010003,別府競輪,3R,21:30,4-6,4,6,222.0,0.036388842048237495,7.078322934708725
5320260507010003,奈良競輪,3R,21:20,2-7,2,7,247.0,0.03268068059996315,7.072128108190899
8720260507010004,熊本競輪,4R,12:11,2-6,2,6,103.5,0.07771226955514339,7.043219898957341
8620260507010003,別府競輪,3R,21:30,1-7,1,7,111.0,0.07215174920356912,7.008844161596173
4320260505030006,岐阜競輪,6R,10:14,3-6,3,6,123.3,0.06457597940161847,6.962218260219557
6220260506020004,広島競輪,4R,16:59,5-6,5,6,251.0,0.031234578575220273,6.839879222380288
4320260505030005,岐阜競輪,5R,09:53,2-6,2,6,193.9,0.04003175955951499,6.7621581785899565
8720260507010008,熊本競輪,8R,14:07,2-6,2,6,132.8,0.05723824455810303,6.601238877316083
5320260507010008,奈良競輪,8R,23:00,1-4,1,4,101.1,0.07488440890265548,6.570813740058468
4320260505030006,岐阜競輪,6R,10:14,4-5,4,5,306.0,0.024437161620850082,6.477771455980125
1120260507010003,函館競輪,3R,16:46,6-7,6,7,399.8,0.018663079784876274,6.461499297993535
4320260505030004,岐阜競輪,4R,09:32,6-7,6,7,248.5,0.028868511536751077,6.173825116882643
4320260505030006,岐阜競輪,6R,10:14,5-6,5,6,229.5,0.031254913085855235,6.173002553203776
6220260506020002,広島競輪,2R,16:07,1-6,1,6,118.4,0.05948960418975606,6.043569136067118
5320260507010007,奈良競輪,7R,22:40,4-5,4,5,161.2,0.04346689280259172,6.006863119777785
1120260507010005,函館競輪,5R,17:38,5-7,5,7,250.7,0.027877170722425657,5.988806700112112
6220260506020005,広島競輪,5R,17:25,5-6,5,6,138.4,0.05021208134368241,5.949352057965646
1120260507010004,函館競輪,4R,17:12,4-7,4,7,103.9,0.06679959809660667,5.940478242237433
1120260507010005,函館競輪,5R,17:38,2-6,2,6,110.9,0.062470024388663725,5.927925704702807
8720260507010004,熊本競輪,4R,12:11,4-6,4,6,265.7,0.02601244105315097,5.911505587822212
1120260507010006,函館競輪,6R,18:04,4-6,4,6,113.4,0.06038124773119586,5.847233492717611
1120260507010002,函館競輪,2R,16:21,1-6,1,6,369.4,0.01794178049926606,5.627693716428882
5320260507010008,奈良競輪,8R,23:00,2-5,2,5,177.0,0.037352371803236806,5.611369809172914
1120260507010010,函館競輪,10R,19:48,6-7,6,7,135.8,0.04852083121797597,5.589128879401137
4320260505030004,岐阜競輪,4R,09:32,4-6,4,6,482.4,0.013493769916217873,5.509394607583502
6220260506020003,広島競輪,3R,16:33,3-6,3,6,178.1,0.03642942097384517,5.488079875441824
4320260505030004,岐阜競輪,4R,09:32,1-4,1,4,70.7,0.09162154767466106,5.477643420598537
8620260507010003,別府競輪,3R,21:30,3-7,3,7,158.5,0.04077923609630031,5.4635089212636
8720260507010007,熊本競輪,7R,13:38,2-6,2,6,136.3,0.047336910320237395,5.4520208766483576
8720260507010009,熊本競輪,9R,14:37,3-6,3,6,108.0,0.0596639712027964,5.443708889902012
6220260506020005,広島競輪,5R,17:25,1-6,1,6,430.6,0.014850657616037339,5.394693169465678
1120260507010010,函館競輪,10R,19:48,3-6,3,6,195.2,0.0326620669413731,5.375635466956029
5320260507010002,奈良競輪,2R,21:00,2-7,2,7,137.2,0.046292635140617454,5.351349541292715
5320260507010001,奈良競輪,1R,20:40,5-7,5,7,161.0,0.03905830828582545,5.288387634017897
8620260507010003,別府競輪,3R,21:30,3-4,3,4,158.5,0.039332622316628624,5.234220637185637
8620260507010004,別府競輪,4R,21:50,5-7,5,7,196.5,0.031489148059181016,5.18761759362907
1120260507010010,函館競輪,10R,19:48,1-3,1,3,208.3,0.029363490611693615,5.11641509441578
8720260507010004,熊本競輪,4R,12:11,5-6,5,6,280.9,0.021760636543752834,5.112562805140171
5320260507010001,奈良競輪,1R,20:40,6-7,6,7,231.0,0.026263040342671847,5.066762319157196
1120260507010004,函館競輪,4R,17:12,1-5,1,5,259.8,0.02331080422628922,5.05614693798994
8720260507010004,熊本競輪,4R,12:11,2-3,2,3,87.0,0.0689221697256432,4.996228766130959
8720260507010003,熊本競輪,3R,11:42,4-6,4,6,336.7,0.017801707322325947,4.993834855427147
5320260507010008,奈良競輪,8R,23:00,3-6,3,6,101.1,0.059117641838951435,4.97679358991799
1120260507010010,函館競輪,10R,19:48,2-6,2,6,130.1,0.0458536565380857,4.9655607156049495
4320260505030002,岐阜競輪,2R,08:50,3-6,3,6,219.7,0.0269725284515369,4.925864500802657
5320260507010007,奈良競輪,7R,22:40,4-6,4,6,161.2,0.03645651664150029,4.876790482609847
1120260507010003,函館競輪,3R,16:46,4-6,4,6,180.5,0.0321613012610136,4.805114877612955
1120260507010003,函館競輪,3R,16:46,5-6,5,6,119.0,0.04873163616751351,4.799064703934108
5320260507010009,奈良競輪,9R,23:20,1-7,1,7,99.3,0.05828705290847236,4.787904353811305
1120260507010001,函館競輪,1R,15:56,4-6,4,6,139.7,0.04131837908439334,4.77217755808975
4320260505030002,岐阜競輪,2R,08:50,3-7,3,7,208.5,0.027512305193759058,4.736315632898764
1120260507010002,函館競輪,2R,16:21,1-3,1,3,225.7,0.025408959874863433,4.734802243756676
1120260507010002,函館競輪,2R,16:21,1-4,1,4,156.2,0.03627345045601359,4.6659129612293215
4320260505030006,岐阜競輪,6R,10:14,3-4,3,4,110.1,0.051293555193322536,4.647420426784811
8720260507010003,熊本競輪,3R,11:42,2-6,2,6,233.1,0.0242046620623476,4.642106726733226
1120260507010001,函館競輪,1R,15:56,3-6,3,6,85.9,0.06495052220996358,4.5792498578358725
8620260507010003,別府競輪,3R,21:30,1-6,1,6,61.6,0.08997045145908952,4.542179809879915
8720260507010010,熊本競輪,10R,15:07,4-6,4,6,176.2,0.031162172800018963,4.49077484736334
8620260507010004,別府競輪,4R,21:50,3-7,3,7,98.2,0.055846729956520735,4.484148881730336
1120260507010002,函館競輪,2R,16:21,2-3,2,3,96.7,0.05649014003652021,4.4625965415315045
8720260507010009,熊本競輪,9R,14:37,2-3,2,3,89.5,0.06079151544827199,4.440840632620343
5320260507010001,奈良競輪,1R,20:40,3-5,3,5,241.5,0.022292632306052433,4.3836707019116625
1120260507010004,函館競輪,4R,17:12,5-7,5,7,153.9,0.03480025183268736,4.355758757050585
4320260505030004,岐阜競輪,4R,09:32,1-6,1,6,79.6,0.06719799606805714,4.348960487017348
5320260507010003,奈良競輪,3R,21:20,4-7,4,7,370.5,0.014423991245443177,4.344088756436697
5320260507010008,奈良競輪,8R,23:00,2-3,2,3,70.8,0.07501513494743992,4.311071554278746
1120260507010001,函館競輪,1R,15:56,6-7,6,7,194.4,0.02693339170329257,4.235851347120076
5320260507010001,奈良競輪,1R,20:40,4-5,4,5,177.1,0.02909642120156631,4.152976194797393
4320260505030005,岐阜競輪,5R,09:53,6-7,6,7,337.8,0.015242869276185608,4.149041241495499
5320260507010004,奈良競輪,4R,21:40,4-5,4,5,179.2,0.028711115670625682,4.145031928176122
8720260507010011,熊本競輪,11R,15:38,4-5,4,5,166.5,0.030896333438094406,4.144239517442719
1120260507010005,函館競輪,5R,17:38,2-5,2,5,144.2,0.0354574397212755,4.112962807807927
8720260507010005,熊本競輪,5R,12:40,1-6,1,6,162.7,0.031062380773035796,4.053849351772923
1120260507010010,函館競輪,10R,19:48,4-6,4,6,328.8,0.015220056913784918,4.004354713252481
6220260506020012,広島競輪,12R,20:30,3-6,3,6,165.0,0.03020868366731578,3.9844328051071036
1120260507010010,函館競輪,10R,19:48,5-6,5,6,52.9,0.09415878248858385,3.980999593646086
4320260505030004,岐阜競輪,4R,09:32,2-6,2,6,157.7,0.03145004227139493,3.9596716661989806
8620260507010001,別府競輪,1R,20:50,2-6,2,6,113.7,0.0435711602641787,3.9540409220371178
8720260507010001,熊本競輪,1R,10:45,6-7,6,7,122.6,0.040236845826160605,3.9330372982872897
1120260507010004,函館競輪,4R,17:12,3-7,3,7,218.8,0.022354418401338783,3.891146746212926
6220260506020005,広島競輪,5R,17:25,3-6,3,6,258.4,0.018913879024126425,3.8873463398342674
8720260507010011,熊本競輪,11R,15:38,5-6,5,6,228.2,0.021397747725246236,3.8829660309011906
5320260507010008,奈良競輪,8R,23:00,1-6,1,6,41.6,0.11720436103619343,3.8757014191056465
5320260507010003,奈良競輪,3R,21:20,4-6,4,6,247.0,0.019671021263583,3.858742252105001
1120260507010001,函館競輪,1R,15:56,2-3,2,3,57.3,0.08447038075055296,3.8401528170066843
4320260505030006,岐阜競輪,6R,10:14,6-7,6,7,142.4,0.033880167996849606,3.8245359227513838
5320260507010001,奈良競輪,1R,20:40,3-7,3,7,189.8,0.025316169945864567,3.805009055725095
5320260507010008,奈良競輪,8R,23:00,3-4,3,4,141.6,0.03374425403411781,3.7781863712310813
8720260507010004,熊本競輪,4R,12:11,3-4,3,4,175.5,0.027126849063327123,3.7607620106139104
8620260507010002,別府競輪,2R,21:10,3-7,3,7,115.5,0.0411722313081944,3.755392716096453
8720260507010008,熊本競輪,8R,14:07,1-6,1,6,152.1,0.03114741661637062,3.737522067349971
6220260506020006,広島競輪,6R,17:51,5-6,5,6,118.1,0.03995305495962694,3.7184557907319418
6220260506020002,広島競輪,2R,16:07,6-7,6,7,156.6,0.030124659371225205,3.717521657533867
6220260506020004,広島競輪,4R,16:59,6-7,6,7,226.9,0.02074342503973621,3.7066831415161463
1120260507010004,函館競輪,4R,17:12,1-7,1,7,259.8,0.018103934167838554,3.7034020968044565
8620260507010002,別府競輪,2R,21:10,5-6,5,6,577.5,0.00810995864939342,3.6835011200247
6220260506020011,広島競輪,11R,20:02,5-6,5,6,85.5,0.05456790654358497,3.665556009476515
6220260506020007,広島競輪,7R,18:17,2-5,2,5,66.2,0.07041979950735729,3.6617907273870527
8720260507010010,熊本競輪,10R,15:07,3-6,3,6,132.2,0.0352105861280643,3.6548394861300997
1120260507010005,函館競輪,5R,17:38,1-5,1,5,339.3,0.01363249127563927,3.6255042898244048
1120260507010005,函館競輪,5R,17:38,2-7,2,7,87.3,0.052982983841358564,3.625414489350603
8720260507010010,熊本競輪,10R,15:07,1-6,1,6,57.0,0.08101349579185778,3.6177692601358933
8720260507010008,熊本競輪,8R,14:07,2-3,2,3,79.9,0.05775738941681287,3.614815414403348
6220260506020007,広島競輪,7R,18:17,2-7,2,7,109.3,0.04219344451544342,3.611743485537966
4320260505030003,岐阜競輪,3R,09:11,4-5,4,5,124.2,0.03709526182813255,3.6072315190540634
1120260507010002,函館競輪,2R,16:21,3-6,3,6,369.4,0.012461532853665077,3.603290236143879
1120260507010006,函館競輪,6R,18:04,1-6,1,6,137.3,0.03332322925069184,3.5752793761199895
1120260507010004,函館競輪,4R,17:12,6-7,6,7,277.1,0.016470744643408673,3.564043340688544
8720260507010009,熊本競輪,9R,14:37,1-3,1,3,84.2,0.05407052899023912,3.552738540978134
8620260507010003,別府競輪,3R,21:30,4-5,4,5,277.5,0.016387771446058696,3.5476065762812885
5320260507010003,奈良競輪,3R,21:20,2-5,2,5,123.5,0.03664616006305192,3.5258007677869125
8620260507010001,別府競輪,1R,20:50,1-5,1,5,64.3,0.07032327392526774,3.5217865133947157
8620260507010002,別府競輪,2R,21:10,2-7,2,7,96.2,0.04687222324270285,3.509107875948014
8720260507010001,熊本競輪,1R,10:45,2-6,2,6,125.3,0.03573420353172859,3.4774957025255926
8720260507010003,熊本競輪,3R,11:42,4-5,4,5,108.2,0.041364587672164284,3.4756483861281753
6220260506020007,広島競輪,7R,18:17,1-2,1,2,131.2,0.03408169018471172,3.4715177522341776
1120260507010008,函館競輪,8R,18:56,5-6,5,6,63.0,0.07080833459033395,3.460925079191039
8720260507010009,熊本競輪,9R,14:37,5-6,5,6,184.0,0.02421246168711788,3.45509295042969
8620260507010002,別府競輪,2R,21:10,4-7,4,7,115.5,0.03856579883970609,3.454349765986053
8720260507010004,熊本競輪,4R,12:11,3-5,3,5,169.5,0.026228546776850367,3.445738678676137
8720260507010010,熊本競輪,10R,15:07,6-7,6,7,247.5,0.017874048371250954,3.423826971884611
8720260507010004,熊本競輪,4R,12:11,1-6,1,6,134.6,0.03275990411826416,3.4094830943183556
6220260506020005,広島競輪,5R,17:25,4-7,4,7,95.7,0.046008625860144634,3.403025494815841
8720260507010007,熊本競輪,7R,13:38,5-6,5,6,158.2,0.02751316950725155,3.352583416047195
1120260507010002,函館競輪,2R,16:21,3-7,3,7,58.8,0.07382910392944811,3.341151311051549
5320260507010003,奈良競輪,3R,21:20,3-5,3,5,92.6,0.0466147631331,3.31652706612506
6220260506020003,広島競輪,3R,16:33,6-7,6,7,324.7,0.013245350534692916,3.30076531861479
8720260507010003,熊本競輪,3R,11:42,3-6,3,6,165.3,0.025975521660457197,3.2937537304735747
4320260505030002,岐阜競輪,2R,08:50,2-3,2,3,312.7,0.013654875573754839,3.2698795919131376
8720260507010001,熊本競輪,1R,10:45,4-6,4,6,86.0,0.04959438705257524,3.2651172865214706
8720260507010002,熊本競輪,2R,11:13,3-6,3,6,60.4,0.07004832084802376,3.230918579220635
1120260507010009,函館競輪,9R,19:22,4-6,4,6,136.1,0.031076491791732615,3.2295105328548086
6220260506020005,広島競輪,5R,17:25,1-7,1,7,198.7,0.02119008537183511,3.2104699633836358
1120260507010007,函館競輪,7R,18:30,2-6,2,6,145.9,0.02884688114570974,3.2087599591590514
5320260507010003,奈良競輪,3R,21:20,3-6,3,6,82.3,0.051096413514312496,3.2052348322279185
4320260505030004,岐阜競輪,4R,09:32,4-7,4,7,105.1,0.039881558113254334,3.1915517577030306
6220260506020010,広島競輪,10R,19:35,4-6,4,6,72.0,0.05820938744193682,3.191075895819451
6220260506020005,広島競輪,5R,17:25,1-2,1,2,106.1,0.039490854060625566,3.189979615832372
1120260507010007,函館競輪,7R,18:30,5-6,5,6,118.0,0.035291238214218285,3.1643661092777577
5320260507010003,奈良競輪,3R,21:20,1-7,1,7,52.9,0.07867989437599301,3.1621664124900306
6220260506020002,広島競輪,2R,16:07,4-6,4,6,167.4,0.024831493388818973,3.156791993288296
1120260507010003,函館競輪,3R,16:46,4-5,4,5,65.0,0.06309620701945598,3.1012534562646383
8720260507010007,熊本競輪,7R,13:38,6-7,6,7,61.7,0.06639206619644102,3.096390484320411
4320260505030005,岐阜競輪,5R,09:53,3-6,3,6,59.1,0.06911445550119295,3.0846643201205035
1120260507010010,函館競輪,10R,19:48,1-7,1,7,96.1,0.04241313356997277,3.075902136074383
8620260507010002,別府競輪,2R,21:10,1-7,1,7,48.1,0.08442410672250156,3.0607995333523252
8720260507010011,熊本競輪,11R,15:38,2-6,2,6,107.1,0.03789257102539438,3.0582943568197383
8720260507010004,熊本競輪,4R,12:11,6-7,6,7,55.8,0.07242172872992574,3.0411324631298555
6220260506020004,広島競輪,4R,16:59,3-6,3,6,176.1,0.02291985067113339,3.0361857031865895
8720260507010001,熊本競輪,1R,10:45,4-5,4,5,137.2,0.02939726903584773,3.0333053117183084
4320260505030007,岐阜競輪,7R,10:35,2-7,2,7,80.4,0.04979991024979881,3.0039127840838242
4320260505030002,岐阜競輪,2R,08:50,5-7,5,7,173.0,0.023087850519430575,2.9941981398614894
5320260507010002,奈良競輪,2R,21:00,2-5,2,5,59.6,0.06580431850430535,2.9219373828565987
8720260507010006,熊本競輪,6R,13:09,2-5,2,5,70.8,0.05524159160388459,2.9111046855550287
8620260507010002,別府競輪,2R,21:10,2-6,2,6,144.3,0.02706175987288059,2.9050119496566693
8720260507010010,熊本競輪,10R,15:07,5-6,5,6,83.1,0.04681015016898532,2.8899234790426798
5320260507010002,奈良競輪,2R,21:00,1-7,1,7,74.1,0.05212900353218721,2.862759161735072
5320260507010008,奈良競輪,8R,23:00,3-7,3,7,354.0,0.010898716874638904,2.858145773622172
4320260505030005,岐阜競輪,5R,09:53,4-6,4,6,130.9,0.02911860527993495,2.811625431143485
8620260507010004,別府競輪,4R,21:50,4-5,4,5,98.2,0.038443995295890654,2.7752003380564623
6220260506020005,広島競輪,5R,17:25,6-7,6,7,310.0,0.01211361267663235,2.7552199297560285
5320260507010002,奈良競輪,2R,21:00,4-7,4,7,183.0,0.02041730852146971,2.736367459428957
8720260507010011,熊本競輪,11R,15:38,3-6,3,6,128.3,0.029096353767696648,2.7330621883954804
8720260507010009,熊本競輪,9R,14:37,1-2,1,2,225.8,0.01645876660927781,2.7163895003749294
4320260505030004,岐阜競輪,4R,09:32,1-7,1,7,34.1,0.10897560281169769,2.716068055878891
6220260506020006,広島競輪,6R,17:51,3-6,3,6,150.3,0.024714132161909576,2.7145340639350097
8720260507010011,熊本競輪,11R,15:38,2-4,2,4,73.8,0.05022932518002197,2.706924198285621
6220260506020007,広島競輪,7R,18:17,6-7,6,7,107.7,0.034260618643864225,2.6898686279441772
1120260507010006,函館競輪,6R,18:04,2-6,2,6,53.2,0.06908812606921279,2.6754883068821207
8720260507010001,熊本競輪,1R,10:45,5-7,5,7,151.7,0.02421151705150308,2.672887136713017
5320260507010001,奈良競輪,1R,20:40,3-4,3,4,204.4,0.017930165715129225,2.6649258721724136
4320260505030005,岐阜競輪,5R,09:53,5-6,5,6,119.0,0.03062685969236427,2.644596303391348
1120260507010001,函館競輪,1R,15:56,1-6,1,6,298.1,0.01221204785253837,2.6404114648416885
8720260507010009,熊本競輪,9R,14:37,4-6,4,6,70.9,0.051234721600229446,2.632541761456268
6220260506020002,広島競輪,2R,16:07,5-6,5,6,64.7,0.05607008513731129,2.627734508384041
6220260506020005,広島競輪,5R,17:25,1-5,1,5,49.3,0.07350145576661087,2.6236217692939157
8720260507010004,熊本競輪,4R,12:11,2-4,2,4,65.1,0.05565678996830279,2.6232570269365114
6220260506020007,広島競輪,7R,18:17,2-4,2,4,218.7,0.016563361896101865,2.6224072466774775
4320260505030001,岐阜競輪,1R,08:30,3-4,3,4,53.7,0.06741537427960868,2.6202055988149864
1120260507010009,函館競輪,9R,19:22,3-6,3,6,121.9,0.029656248304695522,2.6150966683423844
1120260507010010,函館競輪,10R,19:48,1-2,1,2,88.0,0.04099337097547595,2.6074166458418837
6220260506020003,広島競輪,3R,16:33,1-3,1,3,60.6,0.059454572614043265,2.602947100411022
8720260507010011,熊本競輪,11R,15:38,1-6,1,6,164.3,0.02191576181520074,2.6007596662374817
8620260507010008,別府競輪,8R,23:10,1-7,1,7,43.8,0.08192282607342467,2.5882197820160004
8720260507010003,熊本競輪,3R,11:42,2-4,2,4,93.7,0.038002938135163394,2.56087530326481
4320260505030002,岐阜競輪,2R,08:50,3-4,3,4,47.0,0.07568316391719061,2.557108704107959
5320260507010008,奈良競輪,8R,23:00,5-7,5,7,708.0,0.0050161212213443,2.5514138247117644
5320260507010008,奈良競輪,8R,23:00,3-5,3,5,101.1,0.0350187768114038,2.540398335632924
1120260507010001,函館競輪,1R,15:56,1-3,1,3,62.1,0.056984685524004555,2.538748971040683
1120260507010002,函館競輪,2R,16:21,2-6,2,6,82.9,0.042551119755430904,2.527487827725222
8720260507010007,熊本競輪,7R,13:38,1-6,1,6,114.1,0.03083983030189767,2.518824637446524
1120260507010009,函館競輪,9R,19:22,2-4,2,4,94.4,0.03722628464948865,2.5141612709117287
1120260507010007,函館競輪,7R,18:30,2-7,2,7,40.4,0.08694295922576359,2.512495552720849
6220260506020005,広島競輪,5R,17:25,1-3,1,3,119.2,0.029362925926531752,2.500060770442585
8620260507010006,別府競輪,6R,22:30,1-6,1,6,81.7,0.04271934475539869,2.490170466516073
8720260507010006,熊本競輪,6R,13:09,5-6,5,6,205.1,0.01698148689627939,2.4829029624269032
8720260507010006,熊本競輪,6R,13:09,2-6,2,6,104.7,0.033181391066452307,2.4740916446575567
1120260507010004,函館競輪,4R,17:12,3-5,3,5,125.9,0.027584528766880025,2.4728921717501953
6220260506020012,広島競輪,12R,20:30,4-6,4,6,49.3,0.07040252615219356,2.470844539303142
8620260507010004,別府競輪,4R,21:50,5-6,5,6,196.5,0.01765294998379688,2.4688046718160868
8720260507010011,熊本競輪,11R,15:38,3-4,3,4,86.7,0.039931723883462916,2.4620804606962348
4320260505030002,岐阜競輪,2R,08:50,2-6,2,6,156.3,0.022130877542284134,2.4590561598590104
8720260507010001,熊本競輪,1R,10:45,2-5,2,5,164.7,0.020931359321758852,2.447394880293683
4320260505030003,岐阜競輪,3R,09:11,2-4,2,4,197.5,0.01744763668908432,2.4459082460941532
8620260507010004,別府競輪,4R,21:50,4-7,4,7,98.2,0.035061483897133726,2.443037718698532
1120260507010003,函館競輪,3R,16:46,4-7,4,7,130.1,0.026454316458760258,2.4417065712847092
5320260507010008,奈良競輪,8R,23:00,4-7,4,7,708.0,0.0048559649761650515,2.4380232031248563
1120260507010003,函館競輪,3R,16:46,3-6,3,6,56.5,0.06076651717641168,2.4333082204672603
1120260507010007,函館競輪,7R,18:30,2-4,2,4,158.4,0.021637996774491082,2.4274586890793874
1120260507010002,函館競輪,2R,16:21,4-6,4,6,169.3,0.0202376343954893,2.4262315031563384
8720260507010007,熊本競輪,7R,13:38,3-5,3,5,98.1,0.03467214941591461,2.4013378577012228
4320260505030002,岐阜競輪,2R,08:50,1-3,1,3,74.6,0.045541906715481875,2.397426240974948
8620260507010004,別府競輪,4R,21:50,1-7,1,7,39.3,0.08641806530303575,2.396229966409305
6220260506020008,広島競輪,8R,18:43,5-7,5,7,54.6,0.061975356608407514,2.3838544708190503
6220260506020007,広島競輪,7R,18:17,2-3,2,3,48.4,0.06959581277226433,2.3684373381775936
8720260507010008,熊本競輪,8R,14:07,3-7,3,7,200.6,0.01678442698102464,2.366956052393543
8720260507010009,熊本競輪,9R,14:37,1-6,1,6,254.8,0.013186845240705888,2.3600081673318605
8720260507010007,熊本競輪,7R,13:38,1-3,1,3,88.4,0.037996536968614936,2.3588938680255604
8720260507010008,熊本競輪,8R,14:07,6-7,6,7,269.4,0.012422357845784398,2.3465832036543164
4320260505030007,岐阜競輪,7R,10:35,3-7,3,7,138.4,0.024148678700768325,2.3421771321863365
6220260506020012,広島競輪,12R,20:30,2-3,2,3,109.1,0.030588517545479893,2.337207264211856
8620260507010003,別府競輪,3R,21:30,2-4,2,4,92.5,0.03565846841348899,2.298408328247732
1120260507010003,函館競輪,3R,16:46,1-2,1,2,93.2,0.03536933351022695,2.2964218831531515
1120260507010006,函館競輪,6R,18:04,3-4,3,4,48.3,0.06811735055515068,2.2900680318137776
6220260506020007,広島競輪,7R,18:17,4-5,4,5,84.9,0.03868947412176261,2.284736352937646
6220260506020006,広島競輪,6R,17:51,3-5,3,5,70.3,0.04670924050043612,2.283659607180659
8720260507010007,熊本競輪,7R,13:38,2-3,2,3,59.8,0.0548002291250932,2.277053701680573
1120260507010001,函館競輪,1R,15:56,1-5,1,5,139.7,0.023329571458435384,2.259141132743423
8720260507010012,熊本競輪,12R,16:14,3-4,3,4,129.4,0.025036812006829848,2.2397634736837824
1120260507010005,函館競輪,5R,17:38,3-6,3,6,274.6,0.011794919904012772,2.2388850056419076
8720260507010008,熊本競輪,8R,14:07,4-6,4,6,147.3,0.021911548939011927,2.227571158716457
6220260506020011,広島競輪,11R,20:02,1-5,1,5,36.0,0.08933607006065351,2.2160985221835263
5320260507010002,奈良競輪,2R,21:00,2-6,2,6,161.4,0.019914397450718862,2.2141837485460245
1120260507010007,函館競輪,7R,18:30,1-2,1,2,47.4,0.06772238467296092,2.2100410334983476
8720260507010004,熊本競輪,4R,12:11,3-6,3,6,86.2,0.03707615616747964,2.195964661636745
6220260506020010,広島競輪,10R,19:35,1-6,1,6,40.5,0.07863477435539276,2.184708361393407
6220260506020012,広島競輪,12R,20:30,3-4,3,4,39.3,0.08070241688929522,2.171604983749302
1120260507010008,函館競輪,8R,18:56,3-6,3,6,88.4,0.03576682985063776,2.1617877587963785
4320260505030007,岐阜競輪,7R,10:35,2-3,2,3,57.2,0.054744886413562524,2.1314075028557764
6220260506020011,広島競輪,11R,20:02,3-6,3,6,73.7,0.0424402631156529,2.127847391623619
1120260507010007,函館競輪,7R,18:30,6-7,6,7,56.0,0.055568274159654193,2.1118233529406347
6220260506020004,広島競輪,4R,16:59,4-6,4,6,262.2,0.011866431285382766,2.1113782830273613
8720260507010012,熊本競輪,12R,16:14,3-7,3,7,72.5,0.042730341509939054,2.0979497594705814
6220260506020004,広島競輪,4R,16:59,4-5,4,5,69.4,0.044498193221772696,2.088174609591025
4320260505030006,岐阜競輪,6R,10:14,1-4,1,4,192.1,0.015995454366753294,2.0727267838533074
8720260507010006,熊本競輪,6R,13:09,6-7,6,7,164.8,0.018606407110247872,2.0663358917688495
1120260507010005,函館競輪,5R,17:38,3-5,3,5,480.6,0.006369556505537139,2.0612088565611493
8720260507010005,熊本競輪,5R,12:40,3-4,3,4,95.9,0.0317706820750035,2.0468084109928357
8620260507010006,別府競輪,6R,22:30,4-7,4,7,81.7,0.0372913716671983,2.046705065210101
5320260507010006,奈良競輪,6R,22:20,2-6,2,6,47.7,0.06349476380888844,2.0287002336839786
8720260507010001,熊本競輪,1R,10:45,1-5,1,5,104.8,0.02888245260736263,2.026881033251603
5320260507010006,奈良競輪,6R,22:20,1-4,1,4,47.7,0.06315057496804859,2.0122824259759176
8720260507010006,熊本競輪,6R,13:09,3-6,3,6,167.5,0.017924446782213985,2.0023448360208422
8620260507010003,別府競輪,3R,21:30,1-3,1,3,31.7,0.09467241970857762,2.0011157047619106
6220260506020007,広島競輪,7R,18:17,4-6,4,6,313.7,0.009555832779648856,1.997664742975846
1120260507010006,函館競輪,6R,18:04,3-7,3,7,174.0,0.01720867077385394,1.994308714650586
4320260505030002,岐阜競輪,2R,08:50,3-5,3,5,219.7,0.013557853805018179,1.978660480962494
8720260507010008,熊本競輪,8R,14:07,2-7,2,7,72.5,0.04095431869363167,1.9691881052882962
5320260507010007,奈良競輪,7R,22:40,5-7,5,7,161.2,0.01841457031742873,1.9684287351695113
4320260505030006,岐阜競輪,6R,10:14,4-6,4,6,344.3,0.00859279177441572,1.9584982079313322
8620260507010002,別府競輪,2R,21:10,5-7,5,7,192.5,0.01529778713693003,1.9448240238590309
1120260507010006,函館競輪,6R,18:04,3-6,3,6,113.4,0.025951202186662546,1.9428663279675327
5320260507010008,奈良競輪,8R,23:00,1-7,1,7,141.6,0.020779628690786513,1.9423954226153701
8720260507010012,熊本競輪,12R,16:14,4-5,4,5,142.0,0.020560855036601905,1.9196414151974706
8720260507010011,熊本競輪,11R,15:38,4-6,4,6,136.9,0.021282462936583063,1.9135691760182216
8720260507010001,熊本競輪,1R,10:45,5-6,5,6,180.1,0.016110064810917413,1.901422672446226
5320260507010001,奈良競輪,1R,20:40,4-6,4,6,151.8,0.019055664913225977,1.8926499338277036
1120260507010004,函館競輪,4R,17:12,1-6,1,6,346.4,0.0083457841996144,1.8909796467464277
8620260507010003,別府競輪,3R,21:30,2-3,2,3,50.4,0.05701119381050787,1.8733641680495965
1120260507010005,函館競輪,5R,17:38,3-7,3,7,288.4,0.009929764916634725,1.8637442019574544
8720260507010004,熊本競輪,4R,12:11,4-5,4,5,166.6,0.01711205677829848,1.8508686592645271
6220260506020010,広島競輪,10R,19:35,3-6,3,6,92.4,0.030715365559373178,1.838099777686082
1120260507010007,函館競輪,7R,18:30,1-6,1,6,67.6,0.04197662235597367,1.8376196712638202
4320260505030006,岐阜競輪,6R,10:14,2-3,2,3,33.3,0.0851656587941766,1.8360164378460806
1120260507010010,函館競輪,10R,19:48,1-4,1,4,195.2,0.014528508132606971,1.8359647874848806
8620260507010009,別府競輪,9R,23:30,6-7,6,7,89.2,0.031728411525269055,1.830174308054
8620260507010001,別府競輪,1R,20:50,2-5,2,5,54.3,0.05195723664952353,1.8212779500691276
6220260506020006,広島競輪,6R,17:51,1-6,1,6,39.3,0.07157559233338162,1.8129207787018977
8720260507010003,熊本競輪,3R,11:42,3-5,3,5,55.1,0.05102667106501961,1.8115695756825807
1120260507010004,函館競輪,4R,17:12,3-4,3,4,50.0,0.05622650994031783,1.8113254970158916
1120260507010005,函館競輪,5R,17:38,2-3,2,3,240.3,0.011697256088757876,1.8108506381285179
1120260507010010,函館競輪,10R,19:48,1-6,1,6,85.6,0.032799822922513405,1.8076648421671475
6220260506020003,広島競輪,3R,16:33,1-7,1,7,108.2,0.025856068190630993,1.7976265782262737
8620260507010007,別府競輪,7R,22:50,1-6,1,6,45.3,0.06158736478782049,1.7899076248882677
6220260506020009,広島競輪,9R,19:09,4-5,4,5,74.4,0.03749485784942502,1.789617423997222
1120260507010010,函館競輪,10R,19:48,1-5,1,5,35.1,0.07918124224097241,1.7792616026581318
8720260507010004,熊本競輪,4R,12:11,1-3,1,3,91.0,0.03049802172499661,1.7753199769746915
1120260507010004,函館競輪,4R,17:12,1-3,1,3,218.8,0.012682273967180148,1.7748815440190167
1120260507010008,函館競輪,8R,18:56,6-7,6,7,144.6,0.019169742956646776,1.7719448315311235
1120260507010003,函館競輪,3R,16:46,2-4,2,4,67.4,0.04101025830054193,1.7640914094565265
6220260506020009,広島競輪,9R,19:09,4-6,4,6,95.2,0.028964466713680012,1.757417231142337
8720260507010010,熊本競輪,10R,15:07,3-7,3,7,111.8,0.02457530747627534,1.7475193758475829
8720260507010002,熊本競輪,2R,11:13,6-7,6,7,84.7,0.03235737268247656,1.7406694662057642
8720260507010005,熊本競輪,5R,12:40,5-6,5,6,65.5,0.04182988558164565,1.73985750559779
6220260506020011,広島競輪,11R,20:02,1-7,1,7,102.7,0.026625017201864058,1.7343892666314389
4320260505030005,岐阜競輪,5R,09:53,3-7,3,7,58.1,0.04689725927825487,1.7247307640666079
8720260507010008,熊本競輪,8R,14:07,3-4,3,4,103.6,0.02624147889882833,1.7186172139186149
6220260506020004,広島競輪,4R,16:59,1-6,1,6,61.1,0.04448569046820666,1.7180756876074272
1120260507010009,函館競輪,9R,19:22,3-7,3,7,35.2,0.07720672132843498,1.7176765907609113
8720260507010005,熊本競輪,5R,12:40,1-3,1,3,43.6,0.06224411021600403,1.713843205417776
6220260506020008,広島競輪,8R,18:43,3-5,3,5,63.8,0.04229110783547692,1.6981726799034274
4320260505030001,岐阜競輪,1R,08:30,1-4,1,4,34.9,0.07720838382977466,1.6945725956591353
1120260507010010,函館競輪,10R,19:48,2-4,2,4,130.1,0.020619801994517163,1.682636239486683
4320260505030003,岐阜競輪,3R,09:11,2-6,2,6,102.7,0.026118239657345926,1.6823432128094264
5320260507010008,奈良競輪,8R,23:00,1-2,1,2,19.6,0.13668265698816917,1.678980076968116
5320260507010009,奈良競輪,9R,23:20,2-6,2,6,99.3,0.026947335167988563,1.6758703821812642
5320260507010003,奈良競輪,3R,21:20,1-6,1,6,35.2,0.07599167997423492,1.6749071350930693
8720260507010006,熊本競輪,6R,13:09,5-7,5,7,78.5,0.03398156529531263,1.6675528756820412
1120260507010001,函館競輪,1R,15:56,2-5,2,5,64.8,0.04114630987550763,1.6662808799328945
8720260507010009,熊本競輪,9R,14:37,6-7,6,7,69.4,0.038409290020742504,1.66560472743953
6220260506020002,広島競輪,2R,16:07,1-2,1,2,41.8,0.0635447153325523,1.6561691009006863
1120260507010001,函館競輪,1R,15:56,1-2,1,2,120.8,0.02192233031607153,1.6482175021814407
8720260507010011,熊本競輪,11R,15:38,4-7,4,7,35.8,0.07393013856285743,1.646698960550296
8620260507010003,別府競輪,3R,21:30,1-4,1,4,39.6,0.0667677356585828,1.6440023320798787
5320260507010006,奈良競輪,6R,22:20,1-7,1,7,35.8,0.07383013746773469,1.6431189213449016
4320260505030002,岐阜競輪,2R,08:50,5-6,5,6,119.5,0.02210480590554693,1.6415243057128581
5320260507010004,奈良競輪,4R,21:40,2-7,2,7,35.8,0.07369120169089476,1.638145020534032
6220260506020010,広島競輪,10R,19:35,5-6,5,6,66.1,0.03988051066199258,1.6361017547577092
5320260507010001,奈良競輪,1R,20:40,2-4,2,4,46.2,0.05697997459161809,1.6324748261327557
1120260507010009,函館競輪,9R,19:22,4-7,4,7,31.8,0.08278189343334272,1.6324642111802983
6220260506020007,広島競輪,7R,18:17,3-6,3,6,44.0,0.059805476128018925,1.6314409496328328
5320260507010004,奈良競輪,4R,21:40,3-6,3,6,179.2,0.014682676422356693,1.6311356148863192
8720260507010006,熊本競輪,6R,13:09,1-6,1,6,162.1,0.01618739376875518,1.6239765299152142
5320260507010006,奈良競輪,6R,22:20,4-7,4,7,71.6,0.036605672420694235,1.6209661453217072
4320260505030001,岐阜競輪,1R,08:30,4-5,4,5,90.9,0.02866330146222969,1.605494102916679
1120260507010004,函館競輪,4R,17:12,1-2,1,2,39.2,0.06640889595250656,1.6032287213382572
4320260505030007,岐阜競輪,7R,10:35,3-6,3,6,99.4,0.02602805073668609,1.5871882432265978
6220260506020010,広島競輪,10R,19:35,2-4,2,4,55.5,0.046426353593876764,1.5766626244601603
6220260506020003,広島競輪,3R,16:33,4-6,4,6,60.0,0.042893865482228004,1.5736319289336804
1120260507010005,函館競輪,5R,17:38,4-6,4,6,19.6,0.13107003360011818,1.5689726585623167
8620260507010003,別府競輪,3R,21:30,1-5,1,5,46.2,0.05532749667913861,1.5561303465762037
6220260506020012,広島競輪,12R,20:30,2-4,2,4,36.4,0.07017924659540141,1.5545245760726112
5320260507010005,奈良競輪,5R,22:00,4-5,4,5,65.2,0.039172985774205346,1.5540786724781888
8720260507010009,熊本競輪,9R,14:37,2-7,2,7,62.5,0.04067680530151816,1.5423003313448849
8720260507010005,熊本競輪,5R,12:40,3-6,3,6,124.8,0.02029347618077419,1.5326258273606186
1120260507010001,函館競輪,1R,15:56,2-4,2,4,44.2,0.05723598948478957,1.5298307352276992
8620260507010001,別府競輪,1R,20:50,3-6,3,6,97.8,0.025838195201687442,1.526975490725032
8720260507010011,熊本競輪,11R,15:38,1-3,1,3,62.8,0.04008980218897373,1.5176395774675502
1120260507010002,函館競輪,2R,16:21,4-7,4,7,27.2,0.09230462539228043,1.5106858106700276
8620260507010001,別府競輪,1R,20:50,4-5,4,5,73.0,0.03430557694586091,1.5043071170478464
6220260506020011,広島競輪,11R,20:02,5-7,5,7,34.9,0.07155518205488791,1.4972758537155877
5320260507010004,奈良競輪,4R,21:40,2-5,2,5,44.8,0.05572257526379866,1.4963713718181797
8620260507010004,別府競輪,4R,21:50,2-5,2,5,98.2,0.025242872699674065,1.4788500991079934
4320260505030006,岐阜競輪,6R,10:14,1-6,1,6,118.0,0.02089584265593965,1.4657094334008787
6220260506020012,広島競輪,12R,20:30,5-6,5,6,78.5,0.031366323303466906,1.462256379322152
8720260507010005,熊本競輪,5R,12:40,2-3,2,3,63.2,0.038937350786765856,1.4608405697236022
4320260505030002,岐阜競輪,2R,08:50,4-5,4,5,36.9,0.06643655527445329,1.451508889627326
8720260507010011,熊本競輪,11R,15:38,1-5,1,5,78.0,0.03126990349330921,1.4390524724781182
8720260507010006,熊本競輪,6R,13:09,2-3,2,3,45.0,0.05403391276799223,1.4315260745596503
1120260507010009,函館競輪,9R,19:22,2-7,2,7,27.7,0.08772681770101187,1.4300328503180286
8720260507010011,熊本競輪,11R,15:38,6-7,6,7,42.2,0.057487204879464286,1.425960045913393
5320260507010008,奈良競輪,8R,23:00,1-5,1,5,30.7,0.0787357893721206,1.4171887337241023
4320260505030005,岐阜競輪,5R,09:53,1-7,1,7,61.6,0.03923842435387342,1.4170869401986024
8720260507010008,熊本競輪,8R,14:07,5-6,5,6,32.6,0.0737816070344559,1.4052803893232624
8720260507010009,熊本競輪,9R,14:37,2-5,2,5,88.7,0.02710370904630817,1.4040989924075347
6220260506020001,広島競輪,1R,15:45,2-6,2,6,41.5,0.05791181514996487,1.4033403287235422
4320260505030007,岐阜競輪,7R,10:35,6-7,6,7,112.7,0.02131913620100232,1.4026666498529616
6220260506020006,広島競輪,6R,17:51,1-3,1,3,29.4,0.08125850499657794,1.3890000468993913
1120260507010009,函館競輪,9R,19:22,2-3,2,3,68.0,0.0351063053307561,1.3872287624914148
8620260507010001,別府競輪,1R,20:50,1-7,1,7,135.8,0.017573595776686546,1.3864943064740332
6220260506020007,広島競輪,7R,18:17,5-6,5,6,39.8,0.059927105143921,1.3850987847280556
1120260507010006,函館競輪,6R,18:04,4-5,4,5,45.7,0.052173340478809865,1.384321659881611
5320260507010009,奈良競輪,9R,23:20,6-7,6,7,198.7,0.011943726520621166,1.3732184596474255
8620260507010009,別府競輪,9R,23:30,2-7,2,7,44.6,0.053173957419766354,1.3715585009215796
8620260507010007,別府競輪,7R,22:50,4-7,4,7,90.7,0.026114903403100423,1.3686217386612083
4320260505030003,岐阜競輪,3R,09:11,2-7,2,7,65.8,0.03590730175539597,1.3627004555050548
5320260507010004,奈良競輪,4R,21:40,4-7,4,7,59.7,0.03943230083377135,1.3541083597761494
8720260507010004,熊本競輪,4R,12:11,3-7,3,7,36.5,0.06435281870207621,1.3488778826257817
4320260505030007,岐阜競輪,7R,10:35,1-6,1,6,54.1,0.04324140624520631,1.3393600778656616
8620260507010005,別府競輪,5R,22:10,4-5,4,5,51.0,0.04548230692238952,1.3195976530418654
8620260507010008,別府競輪,8R,23:10,2-5,2,5,43.8,0.05291656083517704,1.3177453645807544
6220260506020005,広島競輪,5R,17:25,5-7,5,7,42.1,0.05501006521233563,1.31592374543933
1120260507010011,函館競輪,11R,20:16,3-4,3,4,54.6,0.04232336528386428,1.3108557444989897
8620260507010001,別府競輪,1R,20:50,2-7,2,7,168.6,0.013688856650460154,1.307941231267582
8720260507010003,熊本競輪,3R,11:42,1-4,1,4,79.7,0.028920792353082675,1.3049871505406894
8720260507010002,熊本競輪,2R,11:13,5-6,5,6,47.4,0.048620044767375796,1.3045901219736127
8620260507010007,別府競輪,7R,22:50,2-5,2,5,45.3,0.05087143613777192,1.3044760570410676
8720260507010007,熊本競輪,7R,13:38,3-7,3,7,31.8,0.07233758415092764,1.300335175999499
8620260507010001,別府競輪,1R,20:50,1-6,1,6,39.1,0.05866235146520833,1.2936979422896457
8720260507010010,熊本競輪,10R,15:07,2-3,2,3,73.1,0.031236977450726185,1.283423051648084
6220260506020012,広島競輪,12R,20:30,3-7,3,7,103.0,0.022117497394707038,1.2781022316548247
1120260507010010,函館競輪,10R,19:48,4-5,4,5,49.9,0.04547579917758208,1.2692423789613456
8720260507010012,熊本競輪,12R,16:14,5-7,5,7,63.1,0.03576008875899811,1.2564616006927807
8620260507010004,別府競輪,4R,21:50,3-5,3,5,39.3,0.05727123938701777,1.2507597079097978
6220260506020002,広島競輪,2R,16:07,1-4,1,4,47.6,0.04713183270670701,1.2434752368392537
1120260507010006,函館競輪,6R,18:04,2-3,2,3,29.0,0.07733897786112416,1.2428303579726006
5320260507010007,奈良競輪,7R,22:40,6-7,6,7,161.2,0.013905447022832272,1.2415580600805622
4320260505030002,岐阜競輪,2R,08:50,2-5,2,5,208.5,0.010741302553930805,1.2395615824945727
5320260507010007,奈良競輪,7R,22:40,1-7,1,7,40.3,0.055546914390882246,1.2385406499525544
1120260507010007,函館競輪,7R,18:30,2-3,2,3,70.2,0.03186006787147399,1.2365767645774741
4320260505030003,岐阜競輪,3R,09:11,5-6,5,6,41.8,0.05346335852660074,1.2347683864119108
1120260507010011,函館競輪,11R,20:16,1-3,1,3,56.3,0.039405093563373274,1.218506767617915
5320260507010002,奈良競輪,2R,21:00,3-6,3,6,228.7,0.009690535026215997,1.2162253604955984
5320260507010005,奈良競輪,5R,22:00,4-7,4,7,65.2,0.033980346452344476,1.2155185886928601
8620260507010002,別府競輪,2R,21:10,1-6,1,6,44.4,0.04987440076583497,1.2144233940030729
4320260505030002,岐阜競輪,2R,08:50,4-6,4,6,21.1,0.10484756849485771,1.212283695241498
1120260507010006,函館競輪,6R,18:04,5-6,5,6,158.1,0.013988371020950753,1.211561458412314
8620260507010003,別府競輪,3R,21:30,3-5,3,5,74.0,0.02985365315861798,1.2091703337377306
5320260507010007,奈良競輪,7R,22:40,4-7,4,7,80.6,0.027204160596927457,1.192655344112353
5320260507010005,奈良競輪,5R,22:00,3-7,3,7,65.2,0.03360759228132653,1.1912150167424898
6220260506020006,広島競輪,6R,17:51,5-7,5,7,48.2,0.045419044883280656,1.1891979633741276
6220260506020006,広島競輪,6R,17:51,6-7,6,7,98.7,0.022152272136216858,1.186429259844604
8720260507010012,熊本競輪,12R,16:14,1-3,1,3,38.7,0.056055523976741455,1.1693487778998946
6220260506020003,広島競輪,3R,16:33,5-7,5,7,54.6,0.03965163075009305,1.1649790389550807
6220260506020005,広島競輪,5R,17:25,2-7,2,7,71.1,0.030396799205218584,1.1612124234910413
8720260507010003,熊本競輪,3R,11:42,6-7,6,7,38.1,0.05665468178042978,1.1585433758343746
8720260507010008,熊本競輪,8R,14:07,1-2,1,2,30.8,0.06995999190801412,1.154767750766835
6220260506020005,広島競輪,5R,17:25,1-4,1,4,35.3,0.0610087726875104,1.153609675869117
4320260505030004,岐阜競輪,4R,09:32,4-5,4,5,46.6,0.045648909718261285,1.127239192870976
8720260507010001,熊本競輪,1R,10:45,1-6,1,6,45.0,0.04726117783347092,1.1267530025061911
1120260507010009,函館競輪,9R,19:22,1-6,1,6,114.7,0.018430488464691662,1.113977026900134
8620260507010008,別府競輪,8R,23:10,1-4,1,4,29.2,0.0723588431831583,1.1128782209482222
8720260507010003,熊本競輪,3R,11:42,1-5,1,5,51.6,0.04093230563232276,1.1121069706278544
8720260507010006,熊本競輪,6R,13:09,3-5,3,5,64.0,0.03294588548636514,1.1085366711273688
6220260506020011,広島競輪,11R,20:02,1-3,1,3,29.2,0.07220956028762372,1.1085191603986124
8620260507010006,別府競輪,6R,22:30,1-7,1,7,27.2,0.07750481347540003,1.108130926530881
4320260505030003,岐阜競輪,3R,09:11,2-3,2,3,22.5,0.09346350320679415,1.1029288221528684
8720260507010012,熊本競輪,12R,16:14,4-6,4,6,104.3,0.020054553568606207,1.0916899372056275
8620260507010008,別府競輪,8R,23:10,1-5,1,5,29.2,0.07120001011466354,1.0790402953481752
8720260507010010,熊本競輪,10R,15:07,2-7,2,7,145.4,0.014217453464791318,1.0672177337806579
8720260507010009,熊本競輪,9R,14:37,2-4,2,4,38.5,0.053453940755320534,1.0579767190798406
8720260507010011,熊本競輪,11R,15:38,1-2,1,2,40.9,0.050136817981413034,1.0505958554397932
5320260507010006,奈良競輪,6R,22:20,2-4,2,4,35.8,0.057258028730467744,1.0498374285507452
6220260506020010,広島競輪,10R,19:35,6-7,6,7,124.4,0.016432586147565133,1.0442137167571026
8720260507010012,熊本競輪,12R,16:14,2-4,2,4,45.0,0.04529922907036044,1.03846530816622
8620260507010005,別府競輪,5R,22:10,1-4,1,4,17.0,0.11936639795395783,1.0292287652172831
8720260507010012,熊本競輪,12R,16:14,1-4,1,4,91.2,0.022247594120779306,1.028980583815073
6220260506020012,広島競輪,12R,20:30,6-7,6,7,110.0,0.018444022335229,1.0288424568751902
8720260507010010,熊本競輪,10R,15:07,2-4,2,4,75.0,0.027042914949131587,1.0282186211848692
4320260505030001,岐阜競輪,1R,08:30,1-2,1,2,34.2,0.05924622380759313,1.0262208542196851
1120260507010003,函館競輪,3R,16:46,1-5,1,5,36.8,0.05500853055145405,1.0243139242935086
8620260507010002,別府競輪,2R,21:10,4-5,4,5,72.1,0.028015197989776718,1.019895775062901
1120260507010009,函館競輪,9R,19:22,1-3,1,3,117.0,0.017227502565923616,1.0156178002130631
8620260507010005,別府競輪,5R,22:10,2-6,2,6,51.0,0.039481563669559655,1.0135597471475424
6220260506020003,広島競輪,3R,16:33,2-3,2,3,36.3,0.05532176978506739,1.008180243197946
6220260506020003,広島競輪,3R,16:33,2-7,2,7,69.0,0.02909344245623304,1.0074475294800798
1120260507010008,函館競輪,8R,18:56,2-7,2,7,74.1,0.027085796113300836,1.007057491995592
4320260505030006,岐阜競輪,6R,10:14,1-3,1,3,21.0,0.09554390215809747,1.0064219453200467
8720260507010006,熊本競輪,6R,13:09,1-2,1,2,37.9,0.05283545070136818,1.002463581581854
8720260507010010,熊本競輪,10R,15:07,1-2,1,2,26.0,0.07628590914313149,0.9834336377214188
8720260507010001,熊本競輪,1R,10:45,3-7,3,7,30.6,0.06464631890365076,0.9781773584517133
8620260507010004,別府競輪,4R,21:50,2-7,2,7,98.2,0.020125331775120138,0.9763075803167975
1120260507010005,函館競輪,5R,17:38,1-2,1,2,55.4,0.03566980314622424,0.976107094300823
8620260507010002,別府競輪,2R,21:10,3-6,3,6,82.5,0.02375189179637032,0.9595310732005515
6220260506020004,広島競輪,4R,16:59,2-7,2,7,49.7,0.03930297282188605,0.9533577492477368
5320260507010002,奈良競輪,2R,21:00,3-5,3,5,70.3,0.027770236820279022,0.9522476484656153
6220260506020003,広島競輪,3R,16:33,2-6,2,6,95.1,0.020517082776166474,0.9511745720134315
6220260506020004,広島競輪,4R,16:59,5-7,5,7,31.4,0.062024429438826516,0.9475670843791526
6220260506020001,広島競輪,1R,15:45,2-7,2,7,28.5,0.06800168847013846,0.9380481213989462
8620260507010009,別府競輪,9R,23:30,2-6,2,6,38.2,0.05051204979242989,0.9295603020708219
6220260506020001,広島競輪,1R,15:45,3-6,3,6,77.9,0.024627123120099997,0.9184528910557899
1120260507010009,函館競輪,9R,19:22,6-7,6,7,21.4,0.08955117181240407,0.916395076785447
5320260507010006,奈良競輪,6R,22:20,2-7,2,7,28.6,0.06692728680669809,0.9141204026715652
5320260507010007,奈良競輪,7R,22:40,2-5,2,5,40.3,0.047461611953149324,0.9127029617119176
8720260507010004,熊本競輪,4R,12:11,4-7,4,7,36.8,0.05189481532940015,0.9097292041219254
8720260507010006,熊本競輪,6R,13:09,4-5,4,5,23.1,0.08225690373446397,0.9001344762661179
1120260507010006,函館競輪,6R,18:04,6-7,6,7,158.1,0.011993166838480595,0.896119677163782
5320260507010002,奈良競輪,2R,21:00,2-4,2,4,21.1,0.08975645828074373,0.893861269723693
5320260507010004,奈良競輪,4R,21:40,2-6,2,6,59.7,0.03163173202945006,0.8884144021581688
8620260507010001,別府競輪,1R,20:50,5-6,5,6,212.6,0.008873643330558036,0.8865365720766385
6220260506020007,広島競輪,7R,18:17,2-6,2,6,72.1,0.02604127298270064,0.8775757820527159
8720260507010008,熊本競輪,8R,14:07,1-3,1,3,54.8,0.03420590898113049,0.8744838121659508
6220260506020008,広島競輪,8R,18:43,5-6,5,6,61.2,0.030594550939478136,0.8723865174960619
6220260506020009,広島競輪,9R,19:09,3-4,3,4,24.4,0.0766515534249985,0.8702979035699634
8720260507010002,熊本競輪,2R,11:13,3-7,3,7,34.8,0.05359075295657925,0.8649582028889578
1120260507010004,函館競輪,4R,17:12,3-6,3,6,159.8,0.011605363352420357,0.8545370637167733
5320260507010001,奈良競輪,1R,20:40,2-7,2,7,25.0,0.07359885092764196,0.8399712731910489
8720260507010007,熊本競輪,7R,13:38,3-6,3,6,59.1,0.031067861430404343,0.8361106105368967
6220260506020003,広島競輪,3R,16:33,3-7,3,7,36.0,0.05094317896089848,0.8339544425923453
4320260505030002,岐阜競輪,2R,08:50,1-2,1,2,47.2,0.038841586198231456,0.8333228685565248
8620260507010007,別府競輪,7R,22:50,1-5,1,5,30.2,0.060502475461525554,0.8271747589380716
6220260506020011,広島競輪,11R,20:02,6-7,6,7,153.4,0.011907812040760662,0.8266583670526857
6220260506020009,広島競輪,9R,19:09,5-6,5,6,72.6,0.025134146190255266,0.8247390134125321
5320260507010002,奈良競輪,2R,21:00,3-7,3,7,91.5,0.019884289940698456,0.8194125295739088
5320260507010009,奈良競輪,9R,23:20,5-7,5,7,49.6,0.036662699220736554,0.8184698813485332
1120260507010004,函館競輪,4R,17:12,2-3,2,3,25.0,0.07258076418766918,0.8145191046917295
1120260507010007,函館競輪,7R,18:30,4-6,4,6,158.4,0.011436989611289371,0.8116191544282365
4320260505030003,岐阜競輪,3R,09:11,1-2,1,2,74.8,0.024193572739252055,0.8096792408960536
5320260507010002,奈良競輪,2R,21:00,4-6,4,6,183.0,0.009821118788802683,0.7972647383508911
1120260507010007,函館競輪,7R,18:30,4-5,4,5,65.2,0.027530904558909913,0.7950149772409265
6220260506020008,広島競輪,8R,18:43,6-7,6,7,33.2,0.05403694034023844,0.7940264192959163
6220260506020009,広島競輪,9R,19:09,1-4,1,4,24.8,0.07164964684504997,0.7769112417572392
8720260507010007,熊本競輪,7R,13:38,4-6,4,6,84.6,0.020938399863796222,0.7713886284771603
1120260507010004,函館競輪,4R,17:12,4-5,4,5,24.5,0.07226157433264317,0.7704085711497577
4320260505030005,岐阜競輪,5R,09:53,1-2,1,2,26.0,0.06806315911921386,0.7696421370995603
8620260507010008,別府競輪,8R,23:10,3-7,3,7,43.8,0.04033332586715474,0.7665996729813775
8720260507010009,熊本競輪,9R,14:37,1-5,1,5,87.9,0.02005765792791203,0.7630681318634678
6220260506020001,広島競輪,1R,15:45,5-7,5,7,40.2,0.043787811375972284,0.7602700173140859
8720260507010009,熊本競輪,9R,14:37,3-7,3,7,20.9,0.08420745760223583,0.7599358638867286
4320260505030002,岐阜競輪,2R,08:50,6-7,6,7,43.0,0.040858106877141136,0.7568985957170689
8620260507010008,別府競輪,8R,23:10,2-7,2,7,29.2,0.06003842471379259,0.7531220016427436
5320260507010001,奈良競輪,1R,20:40,1-3,1,3,29.2,0.05997650815036329,0.751314037990608
5320260507010009,奈良競輪,9R,23:20,1-6,1,6,39.7,0.04403693744341,0.7482664165033772
1120260507010006,函館競輪,6R,18:04,4-7,4,7,41.4,0.04219610838523524,0.7469188871487389
6220260506020008,広島競輪,8R,18:43,2-6,2,6,58.5,0.02966988633548743,0.7356883506260146
8720260507010012,熊本競輪,12R,16:14,2-7,2,7,23.6,0.0733628468000005,0.7313631844800121
5320260507010006,奈良競輪,6R,22:20,3-7,3,7,47.7,0.036210150014295575,0.727224155681899
8720260507010012,熊本競輪,12R,16:14,1-5,1,5,36.5,0.04723895761561023,0.7242219529697733
8720260507010005,熊本競輪,5R,12:40,2-6,2,6,91.6,0.018822612874913196,0.7241513393420487
1120260507010004,函館競輪,4R,17:12,2-7,2,7,20.2,0.08521612049258553,0.7213656339502277
4320260505030003,岐阜競輪,3R,09:11,1-5,1,5,34.7,0.049334206419002845,0.711896962739399
6220260506020010,広島競輪,10R,19:35,2-3,2,3,69.6,0.02452123202805388,0.7066777491525498
8720260507010005,熊本競輪,5R,12:40,1-7,1,7,24.6,0.06929089102587624,0.7045559192365556
5320260507010007,奈良競輪,7R,22:40,3-7,3,7,80.6,0.021083379236315328,0.6993203664470153
8720260507010002,熊本競輪,2R,11:13,2-6,2,6,35.8,0.04746463923171662,0.699234084495455
6220260506020008,広島競輪,8R,18:43,2-3,2,3,41.2,0.041223236323971915,0.698397336547643
6220260506020008,広島競輪,8R,18:43,2-5,2,5,48.7,0.03470640770643546,0.690202055303407
6220260506020009,広島競輪,9R,19:09,5-7,5,7,50.0,0.03369482485551188,0.6847412427755941
4320260505030003,岐阜競輪,3R,09:11,3-6,3,6,21.7,0.0774579915918105,0.6808384175422877
5320260507010003,奈良競輪,3R,21:20,2-3,2,3,27.4,0.061215144020854456,0.677294946171412
6220260506020006,広島競輪,6R,17:51,4-6,4,6,56.0,0.029790491599028756,0.6682675295456104
6220260506020002,広島競輪,2R,16:07,1-7,1,7,30.9,0.053960011500128385,0.667364355353967
4320260505030004,岐阜競輪,4R,09:32,5-6,5,6,50.3,0.033130801868829954,0.6664793340021467
5320260507010006,奈良競輪,6R,22:20,4-6,4,6,47.7,0.034868404590737756,0.663222898978191
6220260506020001,広島競輪,1R,15:45,4-7,4,7,47.3,0.034984762522027715,0.6547792672919108
6220260506020001,広島競輪,1R,15:45,6-7,6,7,66.7,0.024728373435894676,0.6493825081741749
8620260507010008,別府競輪,8R,23:10,4-7,4,7,43.8,0.037264250751938933,0.6321741829349252
8720260507010010,熊本競輪,10R,15:07,4-7,4,7,78.6,0.020749273851543182,0.630892924731294
6220260506020004,広島競輪,4R,16:59,2-5,2,5,29.6,0.05509480740556415,0.6308062992046988
4320260505030003,岐阜競輪,3R,09:11,6-7,6,7,61.6,0.026465941264120788,0.6303019818698405
6220260506020012,広島競輪,12R,20:30,1-6,1,6,31.1,0.052403433411073695,0.629746779084392
1120260507010010,函館競輪,10R,19:48,3-4,3,4,111.5,0.014585204668108953,0.6262503204941483
1120260507010001,函館競輪,1R,15:56,4-5,4,5,29.0,0.05595444272524221,0.6226788390320239
6220260506020003,広島競輪,3R,16:33,4-7,4,7,27.6,0.05869379601583069,0.619948770036927
8720260507010003,熊本競輪,3R,11:42,2-3,2,3,33.1,0.04893387515519795,0.6197112676370524
6220260506020003,広島競輪,3R,16:33,5-6,5,6,58.7,0.02751190216268582,0.6149486569496578
1120260507010011,函館競輪,11R,20:16,3-6,3,6,39.0,0.0412369837659249,0.608242366871071
8620260507010009,別府競輪,9R,23:30,1-4,1,4,33.4,0.048095292015406924,0.6063827533145911
6220260506020009,広島競輪,9R,19:09,1-6,1,6,31.0,0.051814414867997774,0.606246860907931
6220260506020002,広島競輪,2R,16:07,4-7,4,7,66.5,0.02407813551163556,0.6011960115237649
6220260506020006,広島競輪,6R,17:51,2-3,2,3,59.0,0.027113853607084275,0.5997173628179722
8720260507010008,熊本競輪,8R,14:07,3-6,3,6,65.0,0.024521406146265617,0.593891399507265
5320260507010007,奈良競輪,7R,22:40,2-7,2,7,53.7,0.02962522012348935,0.5908743206313782
1120260507010011,函館競輪,11R,20:16,4-5,4,5,41.6,0.03811228920314391,0.5854712308507868
8720260507010005,熊本競輪,5R,12:40,4-6,4,6,120.7,0.013065114219939911,0.5769592863467472
8720260507010012,熊本競輪,12R,16:14,6-7,6,7,45.2,0.03488224940221208,0.5766776729799861
8620260507010007,別府競輪,7R,22:50,5-7,5,7,90.7,0.017366633287069395,0.5751536391371943
8620260507010007,別府競輪,7R,22:50,6-7,6,7,90.7,0.017342781033902337,0.572990239774942
6220260506020002,広島競輪,2R,16:07,2-4,2,4,48.5,0.0323711613441895,0.5700013251931908
4320260505030007,岐阜競輪,7R,10:35,4-7,4,7,29.9,0.052473510171803836,0.5689579541369347
6220260506020006,広島競輪,6R,17:51,2-5,2,5,39.3,0.03990314010351689,0.5681934060682139
6220260506020009,広島競輪,9R,19:09,6-7,6,7,59.8,0.026155313619275845,0.5640877544326954
5320260507010009,奈良競輪,9R,23:20,3-7,3,7,49.6,0.0315316410058451,0.5639693938899171
6220260506020010,広島競輪,10R,19:35,1-7,1,7,29.0,0.05373943992432767,0.5584437578055024
1120260507010006,函館競輪,6R,18:04,1-4,1,4,19.6,0.0793481213706987,0.5552231788656947
5320260507010004,奈良競輪,4R,21:40,3-7,3,7,35.8,0.04339232043621413,0.5534450716164658
1120260507010002,函館競輪,2R,16:21,4-5,4,5,63.4,0.02449282518563138,0.5528451167690296
6220260506020003,広島競輪,3R,16:33,1-6,1,6,98.5,0.01576400473931033,0.5527544668220674
8620260507010003,別府競輪,3R,21:30,2-5,2,5,65.2,0.023811187483978914,0.5524894239554252
1120260507010011,函館競輪,11R,20:16,1-7,1,7,25.1,0.06179924886953533,0.5511611466253368
6220260506020004,広島競輪,4R,16:59,4-7,4,7,49.7,0.031187742996944712,0.5500308269481522
8720260507010010,熊本競輪,10R,15:07,3-5,3,5,28.0,0.05519258778810737,0.5453924580670064
1120260507010008,函館競輪,8R,18:56,4-6,4,6,114.0,0.013555359950073448,0.5453110343083731
8720260507010006,熊本競輪,6R,13:09,1-7,1,7,47.6,0.032462993536661315,0.5452384923450786
1120260507010011,函館競輪,11R,20:16,1-4,1,4,49.3,0.03130642885001308,0.5434069423056447
8720260507010012,熊本競輪,12R,16:14,3-5,3,5,32.3,0.04774980535421123,0.5423187129410225
1120260507010011,函館競輪,11R,20:16,4-7,4,7,22.8,0.06759187699202804,0.5410947954182392
6220260506020007,広島競輪,7R,18:17,5-7,5,7,20.6,0.07476181090157885,0.5400933045725245
1120260507010007,函館競輪,7R,18:30,3-6,3,6,79.2,0.019421965649508575,0.5382196794410792
8720260507010010,熊本競輪,10R,15:07,1-7,1,7,24.0,0.06387425487485224,0.5329821169964537
8620260507010008,別府競輪,8R,23:10,5-7,5,7,43.8,0.03496266447974393,0.531364704212784
8720260507010002,熊本競輪,2R,11:13,5-7,5,7,40.1,0.03795638758415489,0.5220511421246112
5320260507010001,奈良競輪,1R,20:40,5-6,5,6,65.6,0.023196898567721433,0.5217165460425259
8720260507010002,熊本競輪,2R,11:13,1-3,1,3,27.1,0.05597688133508457,0.516973484180792
8720260507010006,熊本競輪,6R,13:09,2-7,2,7,27.3,0.055336360407143806,0.5106826391150259
8720260507010001,熊本競輪,1R,10:45,4-7,4,7,24.4,0.06185338898894228,0.5092226913301914
6220260506020012,広島競輪,12R,20:30,2-5,2,5,47.6,0.031599579721625914,0.5041399947493936
6220260506020010,広島競輪,10R,19:35,4-7,4,7,38.2,0.03935610653471173,0.503403269625988
1120260507010004,函館競輪,4R,17:12,4-6,4,6,32.7,0.04570123022415855,0.4944302283299846
1120260507010008,函館競輪,8R,18:56,2-6,2,6,51.5,0.028922071165171655,0.4894866650063403
5320260507010002,奈良競輪,2R,21:00,6-7,6,7,392.1,0.003790231720127294,0.4861498574619121
6220260506020010,広島競輪,10R,19:35,2-7,2,7,112.3,0.013225454613666978,0.48521855311480167
1120260507010009,函館競輪,9R,19:22,3-5,3,5,35.0,0.042404338045752915,0.484151831601352
5320260507010004,奈良競輪,4R,21:40,5-7,5,7,35.8,0.04144601504827844,0.4837673387283681
8720260507010011,熊本競輪,11R,15:38,1-7,1,7,20.2,0.07340750774246002,0.48283165639769243
1120260507010005,函館競輪,5R,17:38,4-5,4,5,16.5,0.08962216803166034,0.4787657725223957
8620260507010001,別府競輪,1R,20:50,4-7,4,7,152.8,0.0096757298364785,0.4784515190139149
4320260505030005,岐阜競輪,5R,09:53,5-7,5,7,77.0,0.019186708804794936,0.47737657796921007
1120260507010003,函館競輪,3R,16:46,2-5,2,5,25.2,0.058596425056404985,0.47662991142140565
8620260507010005,別府競輪,5R,22:10,4-6,4,6,34.0,0.04330164171933021,0.472255818457227
6220260506020005,広島競輪,5R,17:25,2-6,2,6,61.5,0.02386641982291323,0.4677848191091636
6220260506020001,広島競輪,1R,15:45,4-6,4,6,56.6,0.02587718794050095,0.46464883743235386
1120260507010009,函館競輪,9R,19:22,1-2,1,2,59.1,0.024691921108983383,0.45929253754091803
5320260507010009,奈良競輪,9R,23:20,4-5,4,5,28.3,0.051415431959018765,0.45505672444023104
1120260507010007,函館競輪,7R,18:30,3-4,3,4,97.3,0.014940016917800095,0.4536636461019492
6220260506020008,広島競輪,8R,18:43,1-2,1,2,25.4,0.05710479672624563,0.4504618368466389
8620260507010005,別府競輪,5R,22:10,2-5,2,5,34.0,0.04263189160776943,0.4494843146641607
1120260507010001,函館競輪,1R,15:56,1-4,1,4,41.7,0.03474957591434129,0.44905731562803175
5320260507010009,奈良競輪,9R,23:20,4-7,4,7,49.6,0.02917667066776207,0.4471628651209987
4320260505030006,岐阜競輪,6R,10:14,2-6,2,6,110.1,0.013098658400246052,0.4421622898670903
6220260506020009,広島競輪,9R,19:09,2-7,2,7,67.1,0.021444591502419588,0.4389320898123541
5320260507010003,奈良競輪,3R,21:20,3-4,3,4,37.0,0.03883822884676271,0.4370144673302203
8720260507010008,熊本競輪,8R,14:07,3-5,3,5,20.3,0.07076439752838459,0.4365172698262072
1120260507010003,函館競輪,3R,16:46,1-7,1,7,65.0,0.02209335153398879,0.43606784970927137
4320260505030003,岐阜競輪,3R,09:11,1-4,1,4,132.8,0.010806826730593105,0.43514658982276444
1120260507010010,函館競輪,10R,19:48,2-3,2,3,35.5,0.040425594245555384,0.43510859571721605
1120260507010006,函館競輪,6R,18:04,5-7,5,7,168.3,0.008462771240009045,0.4242843996935224
6220260506020008,広島競輪,8R,18:43,4-5,4,5,43.8,0.03249247807437275,0.42317053965752627
4320260505030005,岐阜競輪,5R,09:53,2-3,2,3,18.1,0.07852948259049702,0.42138363488799624
8720260507010003,熊本競輪,3R,11:42,1-2,1,2,37.7,0.03768051880375691,0.42055555890163565
6220260506020005,広島競輪,5R,17:25,3-4,3,4,25.7,0.055260398815999576,0.42019224957118895
5320260507010007,奈良競輪,7R,22:40,3-5,3,5,40.3,0.03515223472367078,0.4166350593639323
8720260507010008,熊本競輪,8R,14:07,4-7,4,7,97.2,0.014567508355956021,0.41596181219892525
8720260507010002,熊本競輪,2R,11:13,2-3,2,3,19.6,0.07221720074969001,0.4154571346939244
8620260507010007,別府競輪,7R,22:50,2-7,2,7,45.3,0.03118612305602375,0.4127313744378758
8620260507010004,別府競輪,4R,21:50,1-5,1,5,16.3,0.08665546743261186,0.41248411915157335
5320260507010006,奈良競輪,6R,22:20,6-7,6,7,35.8,0.039440419901125956,0.4119670324603091
8720260507010005,熊本競輪,5R,12:40,4-7,4,7,38.2,0.03674876609972533,0.40380286500950757
1120260507010009,函館競輪,9R,19:22,4-5,4,5,31.1,0.044966942067932114,0.3984718983126889
1120260507010006,函館競輪,6R,18:04,3-5,3,5,67.7,0.020648510374194004,0.3979041523329341
4320260505030002,岐阜競輪,2R,08:50,2-7,2,7,60.6,0.022990361802480076,0.3932159252302927
5320260507010004,奈良競輪,4R,21:40,2-4,2,4,25.6,0.054360989817242474,0.3916413393214073
5320260507010007,奈良競輪,7R,22:40,2-4,2,4,23.0,0.06019680923331399,0.3845266123662219
4320260505030007,岐阜競輪,7R,10:35,4-6,4,6,24.9,0.05524652040700544,0.37563835813443536
1120260507010003,函館競輪,3R,16:46,2-7,2,7,52.3,0.026296175874907304,0.37528999825765186
4320260505030003,岐阜競輪,3R,09:11,1-3,1,3,19.2,0.07140379300580173,0.3709528257113932
4320260505030006,岐阜競輪,6R,10:14,2-4,2,4,142.4,0.009624915443863968,0.3705879592062291
8720260507010007,熊本競輪,7R,13:38,3-4,3,4,48.3,0.028371990824706733,0.3703671568333351
8720260507010010,熊本競輪,10R,15:07,1-3,1,3,15.4,0.08852229013519657,0.3632432680820272
5320260507010001,奈良競輪,1R,20:40,2-5,2,5,20.7,0.06556090959772652,0.357110828672939
1120260507010006,函館競輪,6R,18:04,2-5,2,5,22.6,0.06000694755193209,0.35615701467366523
5320260507010001,奈良競輪,1R,20:40,3-6,3,6,106.2,0.012736602011670595,0.3526271336394171
1120260507010008,函館競輪,8R,18:56,2-3,2,3,31.5,0.042917391822006615,0.3518978423932084
8720260507010010,熊本競輪,10R,15:07,2-5,2,5,31.9,0.04198346867329705,0.339272650678176
6220260506020004,広島競輪,4R,16:59,3-4,3,4,39.5,0.03381814582349635,0.3358167600281057
5320260507010002,奈良競輪,2R,21:00,1-5,1,5,18.0,0.07418685631785064,0.3353634137213115
1120260507010007,函館競輪,7R,18:30,3-5,3,5,36.4,0.03667813122108095,0.33508397644734655
1120260507010011,函館競輪,11R,20:16,5-6,5,6,35.5,0.037545451101505006,0.33286351410342774
8620260507010009,別府競輪,9R,23:30,4-6,4,6,66.9,0.019806826339580037,0.3250766821179045
4320260505030003,岐阜競輪,3R,09:11,3-4,3,4,24.4,0.05426753149537531,0.3241277684871575
8720260507010003,熊本競輪,3R,11:42,1-6,1,6,74.5,0.017761766933809188,0.32325163656878453
4320260505030004,岐阜競輪,4R,09:32,1-2,1,2,11.6,0.11404060719950194,0.3228710435142226
8720260507010012,熊本競輪,12R,16:14,1-6,1,6,28.7,0.04608064867771722,0.322514617050484
1120260507010011,函館競輪,11R,20:16,1-5,1,5,37.0,0.0357332319160618,0.32212958089428656
1120260507010002,函館競輪,2R,16:21,1-2,1,2,20.6,0.06414225562121184,0.321330465796964
8620260507010004,別府競輪,4R,21:50,4-6,4,6,65.5,0.020107975017367722,0.31707236363758584
6220260506020012,広島競輪,12R,20:30,2-7,2,7,70.3,0.018715310643133375,0.3156863382122763
1120260507010009,函館競輪,9R,19:22,2-5,2,5,25.1,0.05232255787416971,0.3132962026416597
1120260507010003,函館競輪,3R,16:46,1-3,1,3,19.3,0.06795224187501613,0.3114782681878112
8620260507010009,別府競輪,9R,23:30,2-5,2,5,24.3,0.053457881608637216,0.2990265230898843
5320260507010002,奈良競輪,2R,21:00,1-6,1,6,58.4,0.02222712887412599,0.29806432624895773
1120260507010007,函館競輪,7R,18:30,1-3,1,3,29.8,0.04351734983647613,0.2968170251269886
5320260507010001,奈良競輪,1R,20:40,1-6,1,6,22.9,0.05662233243322859,0.29665141272093454
5320260507010003,奈良競輪,3R,21:20,2-4,2,4,57.0,0.02267913085683587,0.2927104588396445
8720260507010005,熊本競輪,5R,12:40,1-4,1,4,28.1,0.04570386693493227,0.28427866087159703
8620260507010002,別府競輪,2R,21:10,4-6,4,6,57.7,0.022220059535557522,0.2820974352016692
8720260507010002,熊本競輪,2R,11:13,1-7,1,7,51.4,0.024711822442647403,0.2701876735520765
5320260507010007,奈良競輪,7R,22:40,1-2,1,2,12.4,0.1024203072192798,0.27001180951906956
4320260505030005,岐阜競輪,5R,09:53,1-6,1,6,21.7,0.0584046223331272,0.2673803046288603
8620260507010006,別府競輪,6R,22:30,2-7,2,7,27.2,0.046548260165228596,0.2661126764942179
8720260507010001,熊本競輪,1R,10:45,2-3,2,3,21.5,0.0587973164474344,0.2641423036198396
6220260506020012,広島競輪,12R,20:30,1-3,1,3,20.8,0.06067693214121616,0.2620801885372961
5320260507010007,奈良競輪,7R,22:40,1-5,1,5,16.1,0.07823393589856978,0.2595663679669735
4320260505030001,岐阜競輪,1R,08:30,2-3,2,3,24.2,0.05199806409013841,0.2583531509813495
5320260507010002,奈良競輪,2R,21:00,3-4,3,4,26.6,0.047259138828753,0.25709309284482984
4320260505030004,岐阜競輪,4R,09:32,3-6,3,6,227.8,0.005518060838969931,0.2570142591173503
1120260507010001,函館競輪,1R,15:56,2-6,2,6,45.6,0.02752274224186431,0.2550370462290126
4320260505030006,岐阜競輪,6R,10:14,2-5,2,5,31.6,0.039705747540541646,0.25470162228111604
8620260507010001,別府競輪,1R,20:50,3-7,3,7,139.7,0.008976056716962721,0.25395512335969217
5320260507010006,奈良競輪,6R,22:20,1-6,1,6,17.9,0.07004145416640645,0.2537420295786752
1120260507010009,函館競輪,9R,19:22,3-4,3,4,44.3,0.02815970220155423,0.2474748075288522
8620260507010007,別府競輪,7R,22:50,3-6,3,6,30.2,0.04124396401311223,0.24556771319598925
8720260507010002,熊本競輪,2R,11:13,4-7,4,7,36.1,0.034480113500015445,0.24473209735055756
4320260505030001,岐阜競輪,1R,08:30,1-5,1,5,12.6,0.09872346813072747,0.24391569844716599
6220260506020004,広島競輪,4R,16:59,3-7,3,7,25.6,0.048456589898179955,0.24048870139340695
8720260507010006,熊本競輪,6R,13:09,1-3,1,3,39.4,0.031471149232717974,0.23996327976908804
8720260507010011,熊本競輪,11R,15:38,1-4,1,4,38.7,0.03200781476969702,0.23870243158727456
5320260507010004,奈良競輪,4R,21:40,1-7,1,7,13.7,0.09003865849671884,0.23352962140504796
6220260506020006,広島競輪,6R,17:51,2-7,2,7,47.9,0.025674856965382423,0.22982564864181798
4320260505030003,岐阜競輪,3R,09:11,4-6,4,6,105.5,0.011624176857506581,0.22635065846694435
4320260505030007,岐阜競輪,7R,10:35,1-3,1,3,26.9,0.04557108251401687,0.22586211962705383
1120260507010008,函館競輪,8R,18:56,2-5,2,5,14.6,0.08384139964545768,0.22408443482368212
5320260507010001,奈良競輪,1R,20:40,1-4,1,4,18.7,0.0653137940146411,0.22136794807378846
1120260507010001,函館競輪,1R,15:56,5-7,5,7,30.6,0.03988315841858163,0.2204246476085978
6220260506020012,広島競輪,12R,20:30,2-6,2,6,47.5,0.02549517098866744,0.21102062196170346
8720260507010010,熊本競輪,10R,15:07,4-5,4,5,23.8,0.05083523188036198,0.2098785187526151
8720260507010001,熊本競輪,1R,10:45,1-7,1,7,21.1,0.05733615959186123,0.20979296738827213
1120260507010011,函館競輪,11R,20:16,2-4,2,4,28.5,0.042446435687577555,0.20972341709596032
6220260506020007,広島競輪,7R,18:17,3-4,3,4,31.3,0.03864405867516202,0.20955903653257124
6220260506020010,広島競輪,10R,19:35,4-5,4,5,17.7,0.06829501311492327,0.20882173213414168
4320260505030006,岐阜競輪,6R,10:14,3-5,3,5,10.9,0.11071370859209001,0.2067794236537812
6220260506020001,広島競輪,1R,15:45,1-7,1,7,30.6,0.03926520263245356,0.20151520055307892
6220260506020002,広島競輪,2R,16:07,2-5,2,5,19.3,0.06219267155147883,0.2003185609435416
1120260507010003,函館競輪,3R,16:46,1-4,1,4,32.5,0.03692644414422644,0.2001094346873593
1120260507010005,函館競輪,5R,17:38,2-4,2,4,9.6,0.12481534585259327,0.19822732018489542
4320260505030001,岐阜競輪,1R,08:30,5-6,5,6,21.6,0.0553206013495717,0.19492498915074874
6220260506020001,広島競輪,1R,15:45,3-5,3,5,25.2,0.047405670387446794,0.19462289376365915
5320260507010003,奈良競輪,3R,21:20,1-5,1,5,17.6,0.06783147110060786,0.1938338913706985
8620260507010008,別府競輪,8R,23:10,2-4,2,4,21.9,0.05440475443014328,0.19146412202013785
4320260505030002,岐阜競輪,2R,08:50,1-7,1,7,20.0,0.05916475814292325,0.18329516285846492
8620260507010006,別府競輪,6R,22:30,2-5,2,5,20.4,0.05776367608192172,0.1783789920712029
6220260506020001,広島競輪,1R,15:45,1-6,1,6,40.2,0.02926474939728282,0.1764429257707696
5320260507010005,奈良競輪,5R,22:00,2-4,2,4,14.5,0.08090821536249002,0.1731691227561052
5320260507010005,奈良競輪,5R,22:00,1-4,1,4,13.0,0.09017486370596961,0.17227322817760493
1120260507010009,函館競輪,9R,19:22,5-6,5,6,24.3,0.04792896190550845,0.16467377430385532
6220260506020001,広島競輪,1R,15:45,5-6,5,6,33.6,0.03461268477645878,0.16298620848901502
8720260507010001,熊本競輪,1R,10:45,3-6,3,6,22.1,0.052551316932330686,0.16138410420450833
8620260507010002,別府競輪,2R,21:10,2-5,2,5,33.9,0.03417410458975496,0.15850214559269293
8720260507010002,熊本競輪,2R,11:13,1-5,1,5,30.8,0.03756134699150637,0.15688948733839636
1120260507010001,函館競輪,1R,15:56,2-7,2,7,29.0,0.039822003727614325,0.15483810810081544
6220260506020004,広島競輪,4R,16:59,2-6,2,6,71.0,0.016255485028617428,0.1541394370318374
5320260507010005,奈良競輪,5R,22:00,2-7,2,7,32.6,0.03531707039257914,0.15133649479807998
6220260506020008,広島競輪,8R,18:43,1-3,1,3,18.7,0.0612219150900785,0.1448498121844679
4320260505030007,岐阜競輪,7R,10:35,5-7,5,7,48.4,0.023555591643149812,0.1400906355284508
4320260505030007,岐阜競輪,7R,10:35,1-2,1,2,14.6,0.0780581220948344,0.13964858258458213
1120260507010011,函館競輪,11R,20:16,3-5,3,5,25.2,0.04506998293668289,0.13576357000440886
5320260507010004,奈良競輪,4R,21:40,3-5,3,5,35.8,0.03168091626977592,0.13417680245797792
4320260505030005,岐阜競輪,5R,09:53,2-5,2,5,27.1,0.04173067995854746,0.13090142687663642
6220260506020005,広島競輪,5R,17:25,2-4,2,4,14.0,0.08059187047330728,0.12828618662630187
8720260507010003,熊本競輪,3R,11:42,1-3,1,3,29.8,0.03784519455916815,0.1277867978632108
6220260506020003,広島競輪,3R,16:33,3-4,3,4,10.7,0.10535007400945003,0.12724579190111518
5320260507010001,奈良競輪,1R,20:40,2-3,2,3,21.8,0.05153647951921156,0.12349525351881208
6220260506020001,広島競輪,1R,15:45,4-5,4,5,24.1,0.04657098759680015,0.12236080108288383
1120260507010011,函館競輪,11R,20:16,2-3,2,3,22.8,0.049171272367295335,0.1211050099743336
6220260506020009,広島競輪,9R,19:09,2-4,2,4,47.3,0.023700851371403722,0.12105026986739609
6220260506020011,広島競輪,11R,20:02,2-5,2,5,19.1,0.05858055203695722,0.1188885439058831
6220260506020009,広島競輪,9R,19:09,2-5,2,5,54.6,0.02048150056473766,0.11828993083467632
6220260506020001,広島競輪,1R,15:45,2-4,2,4,15.3,0.07275290273996088,0.1131194119214014
8620260507010009,別府競輪,9R,23:30,1-7,1,7,16.7,0.06656209264596025,0.11158694718753615
6220260506020008,広島競輪,8R,18:43,3-7,3,7,17.2,0.06461036885729655,0.11129834434550068
4320260505030001,岐阜競輪,1R,08:30,2-4,2,4,88.6,0.012536360072221399,0.11072150239881595
6220260506020011,広島競輪,11R,20:02,1-2,1,2,42.1,0.026367040101034064,0.11005238825353425
1120260507010006,函館競輪,6R,18:04,1-7,1,7,49.2,0.02252434644072456,0.10819784488364848
4320260505030006,岐阜競輪,6R,10:14,5-7,5,7,15.8,0.07009757428188357,0.10754167365376044
6220260506020004,広島競輪,4R,16:59,2-3,2,3,26.1,0.04236189562277565,0.1056454757544445
6220260506020004,広島競輪,4R,16:59,1-4,1,4,18.3,0.060353009174869514,0.1044600679001122
5320260507010005,奈良競輪,5R,22:00,6-7,6,7,130.5,0.008463076263219361,0.10443145235012663
5320260507010009,奈良競輪,9R,23:20,2-5,2,5,18.0,0.06134025567338153,0.1041246021208675
6220260506020009,広島競輪,9R,19:09,2-3,2,3,23.6,0.04669476769627449,0.10199651763207807
8720260507010009,熊本競輪,9R,14:37,1-7,1,7,32.7,0.03361443168450837,0.09919191608342359
8620260507010005,別府競輪,5R,22:10,1-6,1,6,17.0,0.06458684486426501,0.0979763626925052
6220260506020011,広島競輪,11R,20:02,1-6,1,6,52.3,0.02096795354540603,0.09662397042473536
1120260507010011,函館競輪,11R,20:16,6-7,6,7,17.1,0.06398517430598216,0.09414648063229514
5320260507010007,奈良競輪,7R,22:40,1-6,1,6,16.1,0.06782818218446,0.09203373316980623
1120260507010007,函館競輪,7R,18:30,1-4,1,4,33.2,0.03279636231681435,0.08883922891823648
8620260507010001,別府競輪,1R,20:50,1-3,1,3,10.3,0.10570701171434396,0.08878222065774288
6220260506020011,広島競輪,11R,20:02,2-6,2,6,77.8,0.013951281210555968,0.08540967818125433
6220260506020011,広島競輪,11R,20:02,4-7,4,7,41.1,0.02634952365605742,0.08296542226395998
5320260507010005,奈良競輪,5R,22:00,2-6,2,6,32.6,0.03317011906352115,0.0813458814707897
8620260507010002,別府競輪,2R,21:10,3-5,3,5,36.0,0.02997589084797087,0.07913207052695137
4320260505030003,岐阜競輪,3R,09:11,1-7,1,7,44.0,0.02450323331690589,0.07814226594385909
8620260507010005,別府競輪,5R,22:10,3-5,3,5,34.0,0.03167454933622338,0.07693467743159488
8620260507010007,別府競輪,7R,22:50,3-7,3,7,45.3,0.023751977320048488,0.07596457259819656
1120260507010002,函館競輪,2R,16:21,2-5,2,5,20.6,0.05217847247058185,0.07487653289398621
6220260506020012,広島競輪,12R,20:30,5-7,5,7,46.9,0.022833187173885355,0.07087647845522316
4320260505030004,岐阜競輪,4R,09:32,3-7,3,7,89.1,0.012017801139769038,0.07078608155342114
8720260507010005,熊本競輪,5R,12:40,3-5,3,5,13.8,0.07754828852351389,0.07016638162449174
5320260507010007,奈良競輪,7R,22:40,2-6,2,6,26.8,0.039780397784088845,0.06611466061358096
8620260507010004,別府競輪,4R,21:50,3-4,3,4,17.8,0.05976940063713022,0.06389533134091785
4320260505030006,岐阜競輪,6R,10:14,1-7,1,7,19.6,0.054189373965832996,0.06211172973032686
4320260505030007,岐阜競輪,7R,10:35,2-6,2,6,20.2,0.05245442884744269,0.05957946271834236
8620260507010006,別府競輪,6R,22:30,3-7,3,7,40.8,0.025834005418251135,0.05402742106464631
6220260506020010,広島競輪,10R,19:35,1-2,1,2,16.8,0.06264214899374966,0.05238810309499442
4320260505030004,岐阜競輪,4R,09:32,3-4,3,4,136.7,0.007697943422004777,0.05230886578805305
8620260507010006,別府競輪,6R,22:30,2-6,2,6,40.8,0.025760425163200887,0.05102534665859615
6220260506020010,広島競輪,10R,19:35,2-5,2,5,33.0,0.03183316117555464,0.05049431879330313
8620260507010009,別府競輪,9R,23:30,1-6,1,6,16.7,0.06280586783762679,0.04885799288836723
8720260507010004,熊本競輪,4R,12:11,1-4,1,4,44.0,0.023780523169965054,0.04634301947846242
1120260507010003,函館競輪,3R,16:46,2-6,2,6,33.7,0.03097327625668784,0.04379940985038022
5320260507010005,奈良競輪,5R,22:00,4-6,4,6,32.6,0.03190508882367569,0.04010589565182743
8720260507010002,熊本競輪,2R,11:13,3-4,3,4,14.5,0.07166739256516155,0.0391771921948425
8720260507010011,熊本競輪,11R,15:38,2-5,2,5,21.8,0.0476581589482163,0.03894786507111547
6220260506020012,広島競輪,12R,20:30,1-2,1,2,19.8,0.052442482350934475,0.03836115054850264
6220260506020003,広島競輪,3R,16:33,3-5,3,5,13.4,0.07727679528970678,0.035509056882070844
1120260507010010,函館競輪,10R,19:48,2-7,2,7,18.0,0.05750889449737097,0.03516010095267741
8720260507010008,熊本競輪,8R,14:07,1-4,1,4,31.3,0.032961497731402514,0.0316948789928988
5320260507010005,奈良競輪,5R,22:00,3-6,3,6,32.6,0.031555175997770385,0.028698737527314666
4320260505030005,岐阜競輪,5R,09:53,4-7,4,7,56.3,0.018259293450332854,0.02799822125373952
5320260507010009,奈良競輪,9R,23:20,2-7,2,7,28.3,0.03630264655222159,0.02736489742787107
5320260507010001,奈良競輪,1R,20:40,4-7,4,7,31.2,0.03286339472505391,0.025337915421681956
5320260507010004,奈良競輪,4R,21:40,1-5,1,5,14.9,0.06858205013206017,0.021872546967696582
6220260506020008,広島競輪,8R,18:43,1-6,1,6,20.0,0.05103645330340087,0.0207290660680175
6220260506020005,広島競輪,5R,17:25,3-7,3,7,45.8,0.022285381322865554,0.0206704645872422
5320260507010006,奈良競輪,6R,22:20,5-6,5,6,47.7,0.021388357375978568,0.020224646834177795
8620260507010001,別府競輪,1R,20:50,1-2,1,2,7.1,0.14318423146414927,0.01660804339545985
1120260507010009,函館競輪,9R,19:22,2-6,2,6,25.6,0.0396761239019899,0.015708771890941442
6220260506020009,広島競輪,9R,19:09,1-7,1,7,16.1,0.06301036898137802,0.014466940600186273
8620260507010009,別府競輪,9R,23:30,3-7,3,7,22.3,0.0453694258233097,0.0117381958598064
8720260507010009,熊本競輪,9R,14:37,5-7,5,7,21.8,0.046251915136438,0.00829174997434845
5320260507010002,奈良競輪,2R,21:00,4-5,4,5,35.1,0.028570904759862716,0.002838757071181419
8720260507010009,熊本競輪,9R,14:37,3-4,3,4,9.6,0.10419811310050733,0.0003018857648704465
8720260507010012,熊本競輪,12R,16:14,1-2,1,2,10.6,0.09430792049225056,-0.0003360427821440526
6220260506020012,広島競輪,12R,20:30,4-7,4,7,19.7,0.050638416671701894,-0.0024231915674727267
8620260507010001,別府競輪,1R,20:50,5-7,5,7,222.3,0.00448685287958654,-0.0025726048679119984
4320260505030001,岐阜競輪,1R,08:30,3-6,3,6,9.7,0.10270376995194197,-0.0037734314661629353
8620260507010008,別府競輪,8R,23:10,2-3,2,3,17.5,0.05668210502286658,-0.00806316209983482
8720260507010011,熊本競輪,11R,15:38,2-3,2,3,17.3,0.05722147240009276,-0.010068527478395262
8620260507010001,別府競輪,1R,20:50,6-7,6,7,257.4,0.003836946589418031,-0.01236994788379897
5320260507010006,奈良競輪,6R,22:20,3-6,3,6,28.6,0.03449380337245865,-0.013477223547682549
8720260507010001,熊本競輪,1R,10:45,2-4,2,4,17.6,0.05604764139679841,-0.013561511416347871
8620260507010007,別府競輪,7R,22:50,1-4,1,4,12.9,0.07642074537392674,-0.014172384676345073
8620260507010009,別府競輪,9R,23:30,2-4,2,4,26.7,0.03687173429552201,-0.01552469430956227
4320260505030006,岐阜競輪,6R,10:14,4-7,4,7,37.3,0.026368645236115602,-0.01644953269288807
8620260507010007,別府競輪,7R,22:50,2-4,2,4,15.1,0.06508600344492975,-0.01720134798156081
1120260507010003,函館競輪,3R,16:46,3-4,3,4,12.7,0.07724772546792931,-0.018953886557297794
6220260506020001,広島競輪,1R,15:45,3-4,3,4,26.5,0.03694593496015815,-0.020932723555809107
1120260507010007,函館競輪,7R,18:30,3-7,3,7,17.7,0.054988114689983256,-0.026710369987296367
8620260507010005,別府競輪,5R,22:10,2-4,2,4,11.3,0.08605545842505238,-0.027573319796908025
8620260507010005,別府競輪,5R,22:10,3-7,3,7,102.0,0.009530552122169023,-0.027883683538759696
8620260507010006,別府競輪,6R,22:30,4-5,4,5,20.4,0.04746958775358984,-0.03162040982676739
8720260507010007,熊本競輪,7R,13:38,1-2,1,2,17.2,0.056255442417541976,-0.032406390418278086
8620260507010006,別府競輪,6R,22:30,5-7,5,7,27.2,0.03545905169197364,-0.03551379397831689
8620260507010005,別府競輪,5R,22:10,1-5,1,5,14.5,0.06638916380632842,-0.03735712480823783
6220260506020006,広島競輪,6R,17:51,4-5,4,5,18.0,0.05327003525746851,-0.04113936536556673
8620260507010005,別府競輪,5R,22:10,2-3,2,3,14.5,0.06609446791108123,-0.0416302152893222
8720260507010012,熊本競輪,12R,16:14,2-3,2,3,10.5,0.09125898484523798,-0.041780659125001174
5320260507010005,奈良競輪,5R,22:00,5-7,5,7,65.2,0.014690186849151379,-0.04219981743533008
1120260507010009,函館競輪,9R,19:22,1-4,1,4,53.6,0.01785423220296757,-0.043013153920938185
6220260506020002,広島競輪,2R,16:07,2-3,2,3,20.5,0.04666774379103612,-0.04331125228375943
4320260505030005,岐阜競輪,5R,09:53,3-4,3,4,14.8,0.0645819887178602,-0.04418656697566903
8620260507010004,別府競輪,4R,21:50,1-6,1,6,17.8,0.053678114565138664,-0.044529560740531715
6220260506020006,広島競輪,6R,17:51,1-7,1,7,11.5,0.08265997644909916,-0.04941027083535965
8720260507010012,熊本競輪,12R,16:14,1-7,1,7,23.5,0.040400663914120935,-0.05058439801815806
1120260507010008,函館競輪,8R,18:56,2-4,2,4,33.1,0.028466010168216566,-0.05777506343203165
4320260505030001,岐阜競輪,1R,08:30,1-3,1,3,6.1,0.15413292035628356,-0.059789185826670255
8620260507010009,別府競輪,9R,23:30,1-5,1,5,14.0,0.066964359213087,-0.062498971016782034
1120260507010005,函館競輪,5R,17:38,1-7,1,7,33.5,0.027961186346942078,-0.06330025737744038
4320260505030007,岐阜競輪,7R,10:35,2-4,2,4,9.8,0.0955449278202054,-0.063659707361987
1120260507010004,函館競輪,4R,17:12,5-6,5,6,44.2,0.021109951543634826,-0.06694014177134056
6220260506020010,広島競輪,10R,19:35,3-4,3,4,17.6,0.052993070051979854,-0.06732196708515448
1120260507010002,函館競輪,2R,16:21,3-5,3,5,62.5,0.014909235800451486,-0.06817276247178217
8720260507010003,熊本競輪,3R,11:42,2-5,2,5,17.6,0.052723270754282126,-0.07207043472463448
8720260507010007,熊本競輪,7R,13:38,2-4,2,4,21.5,0.04306533393980197,-0.0740953202942577
5320260507010005,奈良競輪,5R,22:00,2-5,2,5,21.7,0.04243915934288049,-0.07907024225949333
8720260507010001,熊本競輪,1R,10:45,3-4,3,4,11.4,0.08076021612622084,-0.07933353616108241
6220260506020001,広島競輪,1R,15:45,1-5,1,5,17.6,0.052137063728059874,-0.08238767838614613
5320260507010002,奈良競輪,2R,21:00,1-3,1,3,9.1,0.10057905305075306,-0.08473061723814723
4320260505030006,岐阜競輪,6R,10:14,2-7,2,7,21.5,0.042569292582424395,-0.08476020947787555
8720260507010007,熊本競輪,7R,13:38,1-5,1,5,26.1,0.03499088961857486,-0.08673778095519602
4320260505030001,岐阜競輪,1R,08:30,2-6,2,6,30.6,0.02983706720508978,-0.0869857435242527
6220260506020007,広島競輪,7R,18:17,4-7,4,7,41.4,0.02202493630239915,-0.08816763708067521
5320260507010006,奈良競輪,6R,22:20,3-4,3,4,28.6,0.031838767129231386,-0.08941126010398226
8720260507010002,熊本競輪,2R,11:13,1-2,1,2,23.1,0.039286565636092764,-0.09248033380625709
5320260507010005,奈良競輪,5R,22:00,1-5,1,5,18.6,0.04876186971243057,-0.09302922334879127
6220260506020004,広島競輪,4R,16:59,2-4,2,4,34.9,0.02593951866987656,-0.09471079842130814
5320260507010009,奈良競輪,9R,23:20,5-6,5,6,33.1,0.027332067111182894,-0.09530857861984621
5320260507010004,奈良競輪,4R,21:40,1-6,1,6,22.4,0.04038597947040855,-0.09535405986284862
6220260506020006,広島競輪,6R,17:51,2-6,2,6,39.6,0.02280011779959366,-0.09711533513609105
5320260507010005,奈良競輪,5R,22:00,5-6,5,6,65.2,0.013806401146214186,-0.09982264526683504
8620260507010005,別府競輪,5R,22:10,1-3,1,3,9.2,0.09772204388959457,-0.10095719621572996
8720260507010005,熊本競輪,5R,12:40,6-7,6,7,36.5,0.024568478062949935,-0.10325055070232736
8620260507010006,別府競輪,6R,22:30,1-5,1,5,10.2,0.08767218659604291,-0.10574369672036243
5320260507010003,奈良競輪,3R,21:20,1-4,1,4,14.8,0.06036987207160775,-0.10652589334020524
6220260506020007,広島競輪,7R,18:17,1-6,1,6,36.0,0.024788029399258924,-0.10763094162667874
8720260507010001,熊本競輪,1R,10:45,1-2,1,2,17.0,0.05234756061682039,-0.11009146951405335
8720260507010011,熊本競輪,11R,15:38,5-7,5,7,12.8,0.06945343498458455,-0.1109960321973178
8620260507010009,別府競輪,9R,23:30,4-5,4,5,44.6,0.019899006568192535,-0.11250430705861292
4320260505030005,岐阜競輪,5R,09:53,2-7,2,7,34.0,0.026064417512786278,-0.11380980456526657
5320260507010009,奈良競輪,9R,23:20,1-2,1,2,9.9,0.08933825755232042,-0.11555125023202784
5320260507010004,奈良競輪,4R,21:40,2-3,2,3,14.9,0.059351825297673896,-0.11565780306465889
6220260506020012,広島競輪,12R,20:30,4-5,4,5,11.3,0.07820864508167796,-0.11624231057703893
5320260507010005,奈良競輪,5R,22:00,1-2,1,2,8.7,0.10098977155149838,-0.12138898750196414
6220260506020011,広島競輪,11R,20:02,4-6,4,6,42.7,0.020567038460369523,-0.12178745774222133
8620260507010009,別府競輪,9R,23:30,5-7,5,7,26.7,0.03285887164546381,-0.12266812706611618
4320260505030005,岐阜競輪,5R,09:53,1-5,1,5,15.0,0.05837706581584956,-0.1243440127622566
1120260507010002,函館競輪,2R,16:21,5-6,5,6,92.3,0.009484950450901242,-0.12453907338181536
6220260506020002,広島競輪,2R,16:07,3-7,3,7,22.5,0.03888100677361399,-0.12517734759368526
1120260507010010,函館競輪,10R,19:48,4-7,4,7,39.0,0.022424181858027182,-0.12545690753693994
8720260507010008,熊本競輪,8R,14:07,2-5,2,5,7.1,0.12309286569300287,-0.12604065357967964
6220260506020009,広島競輪,9R,19:09,3-5,3,5,12.3,0.07084072254564674,-0.12865911268854502
8620260507010005,別府競輪,5R,22:10,3-4,3,4,12.7,0.06853430591452941,-0.12961431488547648
8620260507010007,別府競輪,7R,22:50,1-7,1,7,22.6,0.038128398474793046,-0.13829819446967706
8720260507010005,熊本競輪,5R,12:40,4-5,4,5,14.7,0.05837987255521536,-0.14181587343833424
4320260505030003,岐阜競輪,3R,09:11,5-7,5,7,13.2,0.06486376373384445,-0.14379831871325333
6220260506020005,広島競輪,5R,17:25,2-3,2,3,21.7,0.039447436402078734,-0.14399063007489155
5320260507010006,奈良競輪,6R,22:20,2-5,2,5,20.4,0.04189399425688765,-0.1453625171594921
6220260506020005,広島競輪,5R,17:25,3-5,3,5,13.3,0.06406850295130423,-0.14788891074765376
1120260507010009,函館競輪,9R,19:22,1-7,1,7,14.1,0.06028378119980431,-0.14999868508275926
8720260507010004,熊本競輪,4R,12:11,2-5,2,5,14.6,0.0581256456121862,-0.1513655740620815
4320260505030007,岐阜競輪,7R,10:35,2-5,2,5,16.9,0.05014461927298709,-0.15255593428651826
4320260505030005,岐阜競輪,5R,09:53,1-3,1,3,8.3,0.10165172502621603,-0.15629068228240695
5320260507010005,奈良競輪,5R,22:00,3-5,3,5,21.7,0.03875652462958515,-0.15898341553800233
8720260507010010,熊本競輪,10R,15:07,1-4,1,4,9.8,0.08530400565825112,-0.16402074454913895
6220260506020011,広島競輪,11R,20:02,2-7,2,7,47.0,0.0177410756116044,-0.16616944625459318
8720260507010008,熊本競輪,8R,14:07,2-4,2,4,14.3,0.05826392423888279,-0.16682588338397608
8620260507010007,別府競輪,7R,22:50,1-3,1,3,11.3,0.07366373400085997,-0.16759980579028222
4320260505030004,岐阜競輪,4R,09:32,5-7,5,7,13.4,0.062118506035625756,-0.1676120191226148
4320260505030003,岐阜競輪,3R,09:11,1-6,1,6,50.0,0.016584627657036513,-0.17076861714817437
5320260507010003,奈良競輪,3R,21:20,1-3,1,3,8.0,0.10349892656411662,-0.17200858748706704
8720260507010005,熊本競輪,5R,12:40,3-7,3,7,16.2,0.050419212843159804,-0.1832087519408112
8620260507010002,別府競輪,2R,21:10,1-4,1,4,8.8,0.09246545990767567,-0.18630395281245404
8720260507010012,熊本競輪,12R,16:14,4-7,4,7,52.1,0.015606694586767715,-0.18689121202940207
8620260507010008,別府競輪,8R,23:10,1-6,1,6,17.5,0.04639111569947561,-0.18815547525917675
5320260507010002,奈良競輪,2R,21:00,5-7,5,7,94.6,0.008568336223845327,-0.18943539322423208
8720260507010005,熊本競輪,5R,12:40,1-2,1,2,15.1,0.05363895343396999,-0.19005180314705317
8720260507010003,熊本競輪,3R,11:42,3-4,3,4,21.1,0.03822406101069264,-0.19347231267438525
5320260507010002,奈良競輪,2R,21:00,1-2,1,2,5.1,0.1579767530175314,-0.19431855961058997
5320260507010006,奈良競輪,6R,22:20,5-7,5,7,35.8,0.022318429578573874,-0.2010002210870554
5320260507010001,奈良競輪,1R,20:40,1-7,1,7,9.4,0.08403244244444513,-0.21009504102221577
8620260507010008,別府競輪,8R,23:10,3-5,3,5,21.9,0.036048477044151594,-0.21053835273308008
5320260507010002,奈良競輪,2R,21:00,2-3,2,3,8.7,0.09055799211286203,-0.21214546861810046
6220260506020007,広島競輪,7R,18:17,1-4,1,4,49.7,0.015762562111667197,-0.21660066305014025
5320260507010007,奈良競輪,7R,22:40,3-6,3,6,26.8,0.02917477324935678,-0.21811607691723833
8720260507010002,熊本競輪,2R,11:13,2-5,2,5,14.8,0.052556962801423225,-0.22215695053893625
8620260507010008,別府競輪,8R,23:10,6-7,6,7,43.8,0.017714578143498992,-0.22410147731474417
4320260505030005,岐阜競輪,5R,09:53,1-4,1,4,14.0,0.05535631443220061,-0.22501159794919146
8620260507010002,別府競輪,2R,21:10,2-4,2,4,13.1,0.05896798580289393,-0.22751938598208954
4320260505030007,岐阜競輪,7R,10:35,5-6,5,6,30.6,0.02520653198442189,-0.22868012127669013
5320260507010009,奈良競輪,9R,23:20,3-5,3,5,14.1,0.05458668553081293,-0.23032773401553774
6220260506020001,広島競輪,1R,15:45,2-3,2,3,10.1,0.07579524232805537,-0.2344680524866407
8720260507010010,熊本競輪,10R,15:07,2-6,2,6,32.2,0.023772544355037895,-0.23452407176777967
8620260507010006,別府競輪,6R,22:30,3-5,3,5,20.4,0.03745037295503705,-0.2360123917172442
6220260506020008,広島競輪,8R,18:43,1-5,1,5,13.0,0.05855755951798958,-0.2387517262661355
5320260507010004,奈良競輪,4R,21:40,3-4,3,4,25.6,0.029673147361238605,-0.24036742755229168
5320260507010002,奈良競輪,2R,21:00,5-6,5,6,144.4,0.005247188663000487,-0.24230595706272973
6220260506020002,広島競輪,2R,16:07,5-7,5,7,14.6,0.05147006683847766,-0.2485370241582262
1120260507010006,函館競輪,6R,18:04,1-3,1,3,18.5,0.04042158871610155,-0.25220060875212136
1120260507010011,函館競輪,11R,20:16,5-7,5,7,11.0,0.0679088202485077,-0.2530029772664153
8720260507010009,熊本競輪,9R,14:37,2-6,2,6,36.8,0.020245385475681256,-0.25496981449492984
8720260507010002,熊本競輪,2R,11:13,1-6,1,6,26.5,0.02808124214293912,-0.25584708321211325
8720260507010006,熊本競輪,6R,13:09,4-6,4,6,14.3,0.051955636407432594,-0.25703439937371386
1120260507010001,函館競輪,1R,15:56,3-5,3,5,9.2,0.08049279688010022,-0.259466268703078
6220260506020008,広島競輪,8R,18:43,2-4,2,4,23.4,0.031637735935077994,-0.259676979119175
1120260507010011,函館競輪,11R,20:16,2-6,2,6,17.8,0.041487024699917094,-0.2615309603414757
5320260507010006,奈良競輪,6R,22:20,2-3,2,3,13.0,0.05675563743117099,-0.2621767133947771
5320260507010009,奈良競輪,9R,23:20,2-4,2,4,14.1,0.052027285980469046,-0.2664152676753865
8720260507010002,熊本競輪,2R,11:13,4-5,4,5,14.3,0.05129422556631997,-0.26649257440162444
6220260506020003,広島競輪,3R,16:33,1-4,1,4,10.7,0.0684005524174135,-0.2681140891336756
8620260507010007,別府競輪,7R,22:50,5-6,5,6,22.6,0.032381515505530103,-0.2681777495750196
5320260507010007,奈良競輪,7R,22:40,3-4,3,4,16.1,0.04531046041482065,-0.2705015873213875
8620260507010001,別府競輪,1R,20:50,3-5,3,5,23.8,0.030440140806800256,-0.27552464879815386
8720260507010004,熊本競輪,4R,12:11,5-7,5,7,13.3,0.0540975891607505,-0.2805020641620184
4320260505030003,岐阜競輪,3R,09:11,2-5,2,5,10.8,0.0663714232992984,-0.2831886283675772
8720260507010004,熊本競輪,4R,12:11,1-5,1,5,30.2,0.023668879771134924,-0.2851998309117253
6220260506020006,広島競輪,6R,17:51,3-7,3,7,25.9,0.02750730188097672,-0.28756088128270296
5320260507010009,奈良競輪,9R,23:20,4-6,4,6,33.1,0.021522004989540898,-0.2876216348461963
6220260506020001,広島競輪,1R,15:45,1-3,1,3,17.1,0.04158214240149424,-0.28894536493444833
8620260507010007,別府競輪,7R,22:50,2-3,2,3,11.3,0.06245565361733438,-0.2942511141241215
6220260506020009,広島競輪,9R,19:09,3-7,3,7,10.5,0.06706245342754316,-0.2958442390107968
8620260507010001,別府競輪,1R,20:50,3-4,3,4,11.7,0.060079130892395013,-0.2970741685589784
6220260506020010,広島競輪,10R,19:35,1-3,1,3,10.3,0.06804885594472666,-0.29909678376931537
1120260507010011,函館競輪,11R,20:16,1-2,1,2,17.7,0.03959838282865748,-0.2991086239327627
4320260505030007,岐阜競輪,7R,10:35,1-7,1,7,17.1,0.040878143470976215,-0.30098374664630667
8620260507010004,別府競輪,4R,21:50,1-3,1,3,6.3,0.11092238124824529,-0.3011889981360547
6220260506020008,広島競輪,8R,18:43,3-4,3,4,19.7,0.03538283142407819,-0.3029582209456596
8720260507010005,熊本競輪,5R,12:40,5-7,5,7,8.2,0.08477792657221098,-0.30482100210787
6220260506020007,広島競輪,7R,18:17,1-7,1,7,17.2,0.04030637868147975,-0.3067302866785483
8720260507010003,熊本競輪,3R,11:42,5-7,5,7,7.7,0.08984578417203465,-0.3081874618753332
6220260506020002,広島競輪,2R,16:07,3-4,3,4,20.5,0.03371255941528507,-0.308892531986656
6220260506020002,広島競輪,2R,16:07,4-5,4,5,15.5,0.04451118099102856,-0.3100766946390573
8620260507010001,別府競輪,1R,20:50,2-4,2,4,7.9,0.08721734058613238,-0.31098300936955414
5320260507010006,奈良競輪,6R,22:20,1-3,1,3,11.0,0.06259727544122917,-0.3114299701464791
8720260507010004,熊本競輪,4R,12:11,1-2,1,2,11.8,0.05810339728356684,-0.31437991205391125
6220260506020001,広島競輪,1R,15:45,1-2,1,2,8.4,0.0811492008654929,-0.3183467127298596
4320260505030003,岐阜競輪,3R,09:11,4-7,4,7,38.3,0.017770417009629686,-0.3193930285311831
1120260507010007,函館競輪,7R,18:30,2-5,2,5,11.9,0.05703122412917343,-0.3213284328628362
8620260507010006,別府競輪,6R,22:30,2-4,2,4,11.6,0.05832616327005069,-0.323416506067412
6220260506020002,広島競輪,2R,16:07,1-3,1,3,10.7,0.0631370071755737,-0.3244340232213614
8720260507010009,熊本競輪,9R,14:37,3-5,3,5,9.9,0.06783359744933162,-0.3284473852516169
1120260507010001,函館競輪,1R,15:56,3-4,3,4,6.4,0.10444700038050592,-0.33153919756476213
6220260506020006,広島競輪,6R,17:51,1-2,1,2,10.1,0.06614483909342257,-0.33193712515643203
6220260506020007,広島競輪,7R,18:17,1-5,1,5,9.9,0.0673126790540483,-0.3336044773649218
1120260507010010,函館競輪,10R,19:48,3-5,3,5,8.6,0.07668619672898133,-0.34049870813076055
8720260507010010,熊本競輪,10R,15:07,5-7,5,7,19.7,0.03342834350891756,-0.3414616328743241
1120260507010004,函館競輪,4R,17:12,2-4,2,4,4.8,0.13702933966083758,-0.34225916962797964
8620260507010008,別府競輪,8R,23:10,3-4,3,4,17.5,0.037481598867754595,-0.3440720198142946
4320260505030007,岐阜競輪,7R,10:35,3-5,3,5,24.0,0.027254237983087085,-0.34589828840590997
8720260507010007,熊本競輪,7R,13:38,5-7,5,7,9.3,0.0698039027345345,-0.35082370456882905
8720260507010003,熊本競輪,3R,11:42,4-7,4,7,8.8,0.07348676913887284,-0.35331643157791903
6220260506020009,広島競輪,9R,19:09,1-2,1,2,15.1,0.042788983021775424,-0.35388635637119115
5320260507010005,奈良競輪,5R,22:00,1-6,1,6,16.3,0.039520269804133826,-0.35581960219261866
8620260507010005,別府競輪,5R,22:10,4-7,4,7,51.0,0.012621246744924729,-0.3563164160088388
4320260505030005,岐阜競輪,5R,09:53,4-5,4,5,20.2,0.03180164623096947,-0.3576067461344168
6220260506020009,広島競輪,9R,19:09,4-7,4,7,17.0,0.03771194320685046,-0.3588969654835422
8620260507010004,別府競輪,4R,21:50,2-3,2,3,13.1,0.048578499548702685,-0.3636216559119948
8720260507010009,熊本競輪,9R,14:37,4-5,4,5,10.5,0.06034641426963789,-0.3663626501688022
8720260507010007,熊本競輪,7R,13:38,1-4,1,4,22.4,0.028243645159123535,-0.36734234843563285
8620260507010001,別府競輪,1R,20:50,4-6,4,6,21.8,0.028976002922660973,-0.3683231362859908
6220260506020010,広島競輪,10R,19:35,3-7,3,7,30.5,0.02058790548551511,-0.37206888269178917
8720260507010006,熊本競輪,6R,13:09,3-4,3,4,7.9,0.07914868752010448,-0.37472536859117456
8720260507010005,熊本競輪,5R,12:40,2-7,2,7,14.3,0.04364692039142053,-0.37584903840268646
8720260507010008,熊本競輪,8R,14:07,5-7,5,7,11.6,0.053781990639821295,-0.376128908578073
8620260507010009,別府競輪,9R,23:30,1-3,1,3,7.8,0.07990248148766296,-0.3767606443962289
6220260506020010,広島競輪,10R,19:35,2-6,2,6,29.8,0.020881703182757422,-0.37772524515382877
8620260507010002,別府競輪,2R,21:10,1-5,1,5,9.7,0.06408340158316796,-0.3783910046432709
8620260507010005,別府競輪,5R,22:10,5-7,5,7,102.0,0.006056724013254402,-0.382214150648051
8620260507010006,別府競輪,6R,22:30,1-3,1,3,8.1,0.0761720224314361,-0.38300661830536764
8720260507010008,熊本競輪,8R,14:07,4-5,4,5,8.4,0.07343590341391484,-0.3831384113231153
8720260507010003,熊本競輪,3R,11:42,3-7,3,7,7.2,0.08556027727954153,-0.38396600358730093
1120260507010007,函館競輪,7R,18:30,5-7,5,7,6.4,0.09625366570099986,-0.3839765395136009
8720260507010006,熊本競輪,6R,13:09,1-4,1,4,7.8,0.07872832412542803,-0.3859190718216614
8620260507010007,別府競輪,7R,22:50,3-5,3,5,15.1,0.04065763587048865,-0.38606969835562144
8620260507010008,別府競輪,8R,23:10,3-6,3,6,29.2,0.021012991246154186,-0.38642065561229777
6220260506020012,広島競輪,12R,20:30,3-5,3,5,16.6,0.03693905627144655,-0.3868116658939872
8620260507010005,別府競輪,5R,22:10,1-7,1,7,34.0,0.017853303950445633,-0.39298766568484844
5320260507010009,奈良競輪,9R,23:20,1-5,1,5,7.0,0.08647460814112529,-0.394677743012123
5320260507010007,奈良競輪,7R,22:40,1-3,1,3,7.6,0.07883928081234479,-0.4008214658261796
8720260507010007,熊本競輪,7R,13:38,2-7,2,7,5.8,0.10320548123369501,-0.40140820884456896
6220260506020009,広島競輪,9R,19:09,2-6,2,6,38.6,0.015487029407737682,-0.40220066486132544
8720260507010003,熊本競輪,3R,11:42,2-7,2,7,6.5,0.09174565232341098,-0.40365325989782863
4320260505030002,岐阜競輪,2R,08:50,1-4,1,4,4.8,0.12413397213646163,-0.4041569337449842
6220260506020002,広島競輪,2R,16:07,3-6,3,6,14.0,0.04248959095061848,-0.4051457266913413
1120260507010008,函館競輪,8R,18:56,5-7,5,7,10.6,0.056050597357254206,-0.40586366801310547
1120260507010006,函館競輪,6R,18:04,2-7,2,7,12.2,0.048442727435294944,-0.40899872528940173
8620260507010006,別府競輪,6R,22:30,3-6,3,6,40.8,0.0144064385350552,-0.41221730776974785
8620260507010002,別府競輪,2R,21:10,2-3,2,3,9.4,0.062492067039842586,-0.4125745698254797
8720260507010006,熊本競輪,6R,13:09,4-7,4,7,7.2,0.0808074155682207,-0.4181866079088109
6220260506020011,広島競輪,11R,20:02,3-7,3,7,10.5,0.055224081342051395,-0.42014714590846036
6220260506020012,広島競輪,12R,20:30,1-7,1,7,15.3,0.03786019993343982,-0.4207389410183707
5320260507010009,奈良競輪,9R,23:20,1-4,1,4,7.6,0.07613483671484425,-0.4213752409671837
8720260507010008,熊本競輪,8R,14:07,1-7,1,7,26.8,0.02154006746826218,-0.4227261918505736
4320260505030003,岐阜競輪,3R,09:11,3-5,3,5,4.4,0.13015931418778906,-0.4272990175737281
1120260507010011,函館競輪,11R,20:16,2-7,2,7,7.8,0.07304604527209632,-0.43024084687764874
5320260507010007,奈良競輪,7R,22:40,2-3,2,3,11.5,0.04950719106654296,-0.43066730273475595
8720260507010012,熊本競輪,12R,16:14,5-6,5,6,14.3,0.039543791269374184,-0.4345237848479492
6220260506020006,広島競輪,6R,17:51,2-4,2,4,17.9,0.03151164540160974,-0.4359415473111856
1120260507010007,函館競輪,7R,18:30,1-5,1,5,7.3,0.07692821394713671,-0.43842403818590203
8720260507010011,熊本競輪,11R,15:38,3-5,3,5,14.6,0.038302600433827404,-0.4407820336661199
4320260505030001,岐阜競輪,1R,08:30,3-5,3,5,6.3,0.08873803601191182,-0.44095037312495555
8720260507010010,熊本競輪,10R,15:07,3-4,3,4,14.5,0.038491346209567866,-0.44187547996126597
1120260507010002,函館競輪,2R,16:21,2-4,2,4,7.7,0.07245250298777672,-0.44211572699411916
1120260507010005,函館競輪,5R,17:38,3-4,3,4,22.5,0.024739928539498444,-0.443351607861285
8720260507010007,熊本競輪,7R,13:38,4-5,4,5,21.9,0.02526004655278778,-0.4468049804939477
6220260506020003,広島競輪,3R,16:33,1-2,1,2,16.2,0.033985328884174805,-0.4494376720763682
4320260505030001,岐阜競輪,1R,08:30,4-6,4,6,14.5,0.037952930836553156,-0.44968250286997924
6220260506020008,広島競輪,8R,18:43,4-7,4,7,10.7,0.051284968803501335,-0.4512508338025357
8620260507010008,別府競輪,8R,23:10,1-3,1,3,7.3,0.07442203748973497,-0.4567191263249347
1120260507010003,函館競輪,3R,16:46,3-7,3,7,9.4,0.05769506803568934,-0.45766636046452014
4320260505030006,岐阜競輪,6R,10:14,1-5,1,5,11.0,0.0491544018730624,-0.45930157939631355
6220260506020007,広島競輪,7R,18:17,1-3,1,3,8.1,0.06653398322906216,-0.46107473584459646
1120260507010006,函館競輪,6R,18:04,1-2,1,2,6.0,0.08968541821785345,-0.4618874906928794
8720260507010002,熊本競輪,2R,11:13,2-7,2,7,15.1,0.03551543656836675,-0.46371690781766217
8620260507010009,別府競輪,9R,23:30,3-4,3,4,16.7,0.0314863760819049,-0.4741775194321881
8720260507010011,熊本競輪,11R,15:38,3-7,3,7,6.4,0.08143358018178663,-0.47882508683656555
6220260506020002,広島競輪,2R,16:07,2-7,2,7,13.8,0.03766816864890459,-0.4801792726451166
5320260507010004,奈良競輪,4R,21:40,1-4,1,4,7.7,0.06744969481941493,-0.480637349890505
4320260505030007,岐阜競輪,7R,10:35,1-5,1,5,12.3,0.04207566500613495,-0.48246932042454005
1120260507010003,函館競輪,3R,16:46,5-7,5,7,11.7,0.04408652681098498,-0.48418763631147577
8720260507010001,熊本競輪,1R,10:45,3-5,3,5,16.1,0.03163340154907257,-0.4907022350599316
1120260507010008,函館競輪,8R,18:56,4-7,4,7,26.9,0.018843699400691877,-0.4931044861213886
6220260506020008,広島競輪,8R,18:43,1-4,1,4,10.4,0.04855781832754934,-0.4949986893934869
6220260506020011,広島競輪,11R,20:02,2-3,2,3,10.6,0.047458124691882354,-0.496943878266047
6220260506020004,広島競輪,4R,16:59,1-3,1,3,5.9,0.08479981866303324,-0.4996810698881039
5320260507010005,奈良競輪,5R,22:00,1-3,1,3,5.6,0.08924151017667677,-0.5002475430106101
6220260506020004,広島競輪,4R,16:59,1-2,1,2,6.8,0.07345301280928178,-0.5005195128968839
8720260507010006,熊本競輪,6R,13:09,1-5,1,5,16.1,0.03092047604080571,-0.5021803357430281
8620260507010006,別府競輪,6R,22:30,1-2,1,2,4.8,0.10340691366689045,-0.5036468143989259
1120260507010004,函館競輪,4R,17:12,2-6,2,6,8.2,0.059648715687404055,-0.5108805313632868
8620260507010006,別府競輪,6R,22:30,2-3,2,3,10.2,0.04780911056811932,-0.512347072205183
8620260507010009,別府競輪,9R,23:30,1-2,1,2,5.2,0.0937444601130221,-0.5125288074122851
8720260507010001,熊本競輪,1R,10:45,1-3,1,3,6.5,0.07485396086547871,-0.5134492543743884
1120260507010001,函館競輪,1R,15:56,3-7,3,7,5.9,0.0811924969158127,-0.520964268196705
8620260507010007,別府競輪,7R,22:50,3-4,3,4,9.0,0.05313371010651641,-0.5217966090413524
5320260507010009,奈良競輪,9R,23:20,2-3,2,3,8.6,0.05534684267216829,-0.5240171530193527
8720260507010005,熊本競輪,5R,12:40,2-4,2,4,16.8,0.02831067344672062,-0.5243806860950936
6220260506020009,広島競輪,9R,19:09,1-3,1,3,4.0,0.11726596418881013,-0.5309361432447595
8620260507010002,別府競輪,2R,21:10,1-3,1,3,4.8,0.09754250618613998,-0.5317959703065281
6220260506020011,広島競輪,11R,20:02,3-4,3,4,7.1,0.06551065129410671,-0.5348743758118424
6220260506020003,広島競輪,3R,16:33,2-5,2,5,10.3,0.044886502236597806,-0.5376690269630426
1120260507010005,函館競輪,5R,17:38,1-3,1,3,72.1,0.006396048198937362,-0.5388449248566163
6220260506020004,広島競輪,4R,16:59,3-5,3,5,6.9,0.06575404531416583,-0.5462970873322557
6220260506020012,広島競輪,12R,20:30,1-5,1,5,7.6,0.059672737441924945,-0.5464871954413704
6220260506020004,広島競輪,4R,16:59,1-5,1,5,4.3,0.10474720377932101,-0.5495870237489198
1120260507010011,函館競輪,11R,20:16,4-6,4,6,13.4,0.03333261737195705,-0.5533429272157755
1120260507010002,函館競輪,2R,16:21,2-7,2,7,3.5,0.12703696284072263,-0.5553706300574708
1120260507010011,函館競輪,11R,20:16,1-6,1,6,13.9,0.03160445059695871,-0.5606981367022739
6220260506020011,広島競輪,11R,20:02,1-4,1,4,11.6,0.037624002212171215,-0.5635615743388139
8720260507010005,熊本競輪,5R,12:40,2-5,2,5,6.6,0.06578138714709805,-0.5658428448291528
8720260507010002,熊本競輪,2R,11:13,3-5,3,5,5.4,0.07962099819248915,-0.5700466097605585
6220260506020011,広島競輪,11R,20:02,2-4,2,4,17.3,0.024827708864015516,-0.5704806366525316
8720260507010009,熊本競輪,9R,14:37,1-4,1,4,9.4,0.04546262133256234,-0.572651359473914
8620260507010009,別府競輪,9R,23:30,3-6,3,6,9.9,0.043092436297864134,-0.573384880651145
1120260507010003,函館競輪,3R,16:46,2-3,2,3,6.0,0.07065866855541353,-0.5760479886675188
6220260506020010,広島競輪,10R,19:35,1-5,1,5,4.8,0.08754964213836389,-0.5797617177358534
4320260505030002,岐阜競輪,2R,08:50,2-4,2,4,6.4,0.06549721295744862,-0.5808178370723288
8620260507010005,別府競輪,5R,22:10,2-7,2,7,34.0,0.012286622458138774,-0.5822548364232817
4320260505030004,岐阜競輪,4R,09:32,1-5,1,5,3.5,0.11874705694194698,-0.5843853007031856
6220260506020006,広島競輪,6R,17:51,1-5,1,5,4.0,0.10321793398640955,-0.5871282640543618
1120260507010010,函館競輪,10R,19:48,5-7,5,7,4.1,0.10000903547988205,-0.5899629545324836
6220260506020011,広島競輪,11R,20:02,3-5,3,5,3.0,0.13635037291879132,-0.5909488812436261
6220260506020002,広島競輪,2R,16:07,3-5,3,5,6.5,0.06240314351604486,-0.5943795671457084
6220260506020008,広島競輪,8R,18:43,4-6,4,6,14.3,0.028153635705611982,-0.5974030094097487
5320260507010009,奈良競輪,9R,23:20,1-3,1,3,5.0,0.0802757138904967,-0.5986214305475165
8620260507010002,別府競輪,2R,21:10,3-4,3,4,7.7,0.05202737587437259,-0.5993892057673311
8620260507010009,別府競輪,9R,23:30,2-3,2,3,6.0,0.06631806055588069,-0.6020916366647159
8720260507010007,熊本競輪,7R,13:38,2-5,2,5,7.6,0.05165214987034644,-0.6074436609853671
4320260505030002,岐阜競輪,2R,08:50,1-5,1,5,10.0,0.039236765269564274,-0.6076323473043572
8720260507010004,熊本競輪,4R,12:11,1-7,1,7,7.2,0.05427889601288391,-0.6091919487072359
4320260505030002,岐阜競輪,2R,08:50,1-6,1,6,6.0,0.06500408335354081,-0.6099754998787551
4320260505030004,岐阜競輪,4R,09:32,1-3,1,3,15.4,0.02473712090731326,-0.6190483380273758
1120260507010011,函館競輪,11R,20:16,3-7,3,7,5.3,0.07181185492218686,-0.6193971689124096
8720260507010006,熊本競輪,6R,13:09,3-7,3,7,11.1,0.03416687354192498,-0.6207477036846327
6220260506020010,広島競輪,10R,19:35,5-7,5,7,14.1,0.026768987493273493,-0.6225572763448437
6220260506020010,広島競輪,10R,19:35,1-4,1,4,3.1,0.12174979311477493,-0.6225756413441976
8620260507010004,別府競輪,4R,21:50,2-4,2,4,13.1,0.028736714705996286,-0.6235490373514487
1120260507010007,函館競輪,7R,18:30,4-7,4,7,8.4,0.044622060888169945,-0.6251746885393725
1120260507010005,函館競輪,5R,17:38,1-4,1,4,4.1,0.09070490707306222,-0.6281098810004448
1120260507010008,函館競輪,8R,18:56,3-7,3,7,12.9,0.02868308717200377,-0.6299881754811514
5320260507010005,奈良競輪,5R,22:00,2-3,2,3,4.6,0.08006328511281195,-0.6317088884810651
6220260506020005,広島競輪,5R,17:25,4-5,4,5,2.9,0.12688707261496074,-0.6320274894166138
6220260506020006,広島競輪,6R,17:51,3-4,3,4,10.3,0.03562506713620323,-0.6330618084971067
5320260507010009,奈良競輪,9R,23:20,3-4,3,4,7.9,0.045995377376162876,-0.6366365187283133
8620260507010004,別府競輪,4R,21:50,1-2,1,2,4.7,0.07656368445259128,-0.640150683072821
5320260507010001,奈良競輪,1R,20:40,2-6,2,6,7.3,0.04903688520074405,-0.6420307380345684
1120260507010008,函館競輪,8R,18:56,3-5,3,5,4.6,0.07774869281431514,-0.6423560130541504
4320260505030004,岐阜競輪,4R,09:32,2-3,2,3,27.6,0.012853144634687954,-0.6452532080826124
6220260506020008,広島競輪,8R,18:43,1-7,1,7,4.0,0.08822205674232472,-0.6471117730307011
6220260506020011,広島競輪,11R,20:02,4-5,4,5,4.4,0.07983878274996889,-0.6487093559001369
8720260507010007,熊本競輪,7R,13:38,4-7,4,7,5.8,0.06003295629930838,-0.6518088534640114
8620260507010006,別府競輪,6R,22:30,1-4,1,4,4.0,0.08699897605901483,-0.6520040957639407
8720260507010002,熊本競輪,2R,11:13,2-4,2,4,7.4,0.04693343160278779,-0.6526926061393703
5320260507010006,奈良競輪,6R,22:20,1-5,1,5,7.5,0.04625307964316375,-0.6531019026762719
6220260506020008,広島競輪,8R,18:43,3-6,3,6,9.3,0.03679572736346472,-0.6577997355197781
1120260507010008,函館競輪,8R,18:56,3-4,3,4,9.3,0.03648690608755989,-0.660671773385693
6220260506020003,広島競輪,3R,16:33,4-5,4,5,3.9,0.08661667880126121,-0.6621949526750812
4320260505030004,岐阜競輪,4R,09:32,3-5,3,5,24.7,0.013469056542361135,-0.6673143034036799
8620260507010009,別府競輪,9R,23:30,4-7,4,7,16.7,0.01989326191132626,-0.6677825260808514
1120260507010006,函館競輪,6R,18:04,1-5,1,5,12.1,0.027332335085200367,-0.6692787454690756
8620260507010001,別府競輪,1R,20:50,1-4,1,4,3.0,0.10908606774066283,-0.6727417967780115
6220260506020008,広島競輪,8R,18:43,2-7,2,7,5.3,0.06044416803951208,-0.679645909390586
5320260507010006,奈良競輪,6R,22:20,3-5,3,5,15.9,0.02014597195965835,-0.6796790458414321
4320260505030007,岐阜競輪,7R,10:35,1-4,1,4,3.9,0.08193566841881925,-0.6804508931666049
4320260505030004,岐阜競輪,4R,09:32,2-5,2,5,4.8,0.06576228926333082,-0.684341011536012
8720260507010012,熊本競輪,12R,16:14,2-6,2,6,4.1,0.0766606386223405,-0.685691381648404
8620260507010006,別府競輪,6R,22:30,3-4,3,4,8.1,0.03878288053091867,-0.6858586676995588
8720260507010012,熊本競輪,12R,16:14,3-6,3,6,6.7,0.04658102321768513,-0.6879071444415096
1120260507010010,函館競輪,10R,19:48,3-7,3,7,7.5,0.04155573873774655,-0.6883319594669008
6220260506020007,広島競輪,7R,18:17,3-5,3,5,2.7,0.11541156414145816,-0.688388776818063
4320260505030007,岐阜競輪,7R,10:35,3-4,3,4,5.4,0.057601353539128,-0.6889526908887087
4320260505030001,岐阜競輪,1R,08:30,2-5,2,5,13.6,0.02282995536141686,-0.6895126070847307
6220260506020009,広島競輪,9R,19:09,1-5,1,5,4.7,0.0655674561492777,-0.6918329560983948
5320260507010004,奈良競輪,4R,21:40,1-2,1,2,2.8,0.1077450744227807,-0.6983137916162141
8620260507010009,別府競輪,9R,23:30,3-5,3,5,6.6,0.04561231598941116,-0.6989587144698863
8720260507010002,熊本競輪,2R,11:13,4-6,4,6,6.6,0.0447381583321983,-0.7047281550074913
6220260506020001,広島競輪,1R,15:45,1-4,1,4,7.0,0.04157803812568796,-0.7089537331201843
4320260505030004,岐阜競輪,4R,09:32,2-4,2,4,6.7,0.043358320552081435,-0.7094992523010544
8720260507010001,熊本競輪,1R,10:45,2-7,2,7,6.4,0.04503041991031786,-0.7118053125739656
6220260506020006,広島競輪,6R,17:51,4-7,4,7,8.6,0.03344077565283225,-0.7124093293856426
6220260506020001,広島競輪,1R,15:45,3-7,3,7,8.2,0.03503543620874985,-0.7127094230882514
4320260505030005,岐阜競輪,5R,09:53,2-4,2,4,7.1,0.03959974334964878,-0.7188418222174937
6220260506020006,広島競輪,6R,17:51,1-4,1,4,3.1,0.08955812309594263,-0.7223698184025779
6220260506020009,広島競輪,9R,19:09,3-6,3,6,4.9,0.05638414356995124,-0.7237176965072389
6220260506020004,広島競輪,4R,16:59,1-7,1,7,3.4,0.08070315329170932,-0.7256092788081883
1120260507010002,函館競輪,2R,16:21,1-5,1,5,12.6,0.021715562024170923,-0.7263839184954464
5320260507010009,奈良競輪,9R,23:20,3-6,3,6,11.6,0.023321922921418815,-0.7294656941115418
6220260506020001,広島競輪,1R,15:45,2-5,2,5,3.1,0.08598598183729982,-0.7334434563043706
8620260507010002,別府競輪,2R,21:10,1-2,1,2,2.4,0.11020595572755494,-0.7355057062538681
5320260507010005,奈良競輪,5R,22:00,3-4,3,4,3.7,0.0713871102310777,-0.7358676921450125
5320260507010001,奈良競輪,1R,20:40,1-2,1,2,2.3,0.11463781402892173,-0.7363330277334801
4320260505030007,岐阜競輪,7R,10:35,4-5,4,5,5.0,0.05271752827896263,-0.7364123586051868
5320260507010001,奈良競輪,1R,20:40,1-5,1,5,3.5,0.07489471107667615,-0.7378685112316334
1120260507010002,函館競輪,2R,16:21,1-7,1,7,3.1,0.08170311626227596,-0.7467203395869445
6220260506020003,広島競輪,3R,16:33,1-5,1,5,5.3,0.04636751912923587,-0.75425214861505
1120260507010002,函館競輪,2R,16:21,5-7,5,7,3.5,0.06932997205071481,-0.7573450978224981
8620260507010001,別府競輪,1R,20:50,2-3,2,3,2.9,0.0835405976409781,-0.7577322668411635
4320260505030006,岐阜競輪,6R,10:14,1-2,1,2,9.6,0.02521306743021095,-0.7579545526699749
4320260505030001,岐阜競輪,1R,08:30,1-6,1,6,2.1,0.1126935432549375,-0.7633435591646313
1120260507010001,函館競輪,1R,15:56,1-7,1,7,10.9,0.021573694795503192,-0.7648467267290152
6220260506020003,広島競輪,3R,16:33,2-4,2,4,3.8,0.06174046379043427,-0.7653862375963498
8720260507010006,熊本競輪,6R,13:09,2-4,2,4,2.1,0.11082564840622494,-0.7672661383469276
4320260505030004,岐阜競輪,4R,09:32,2-7,2,7,3.9,0.05941135254328167,-0.7682957250812015
8720260507010005,熊本競輪,5R,12:40,1-5,1,5,2.2,0.10315915025512479,-0.7730498694387254
8720260507010012,熊本競輪,12R,16:14,2-5,2,5,2.8,0.07858077715361547,-0.7799738239698767
5320260507010004,奈良競輪,4R,21:40,1-3,1,3,2.8,0.07345772225592705,-0.7943183776834043
8620260507010005,別府競輪,5R,22:10,1-2,1,2,1.7,0.12087417747090815,-0.7945138982994562
1120260507010007,函館競輪,7R,18:30,1-7,1,7,1.8,0.11400857611241214,-0.7947845629976582
8720260507010007,熊本競輪,7R,13:38,1-7,1,7,2.7,0.07522342406900029,-0.7968967550136992
4320260505030002,岐阜競輪,2R,08:50,4-7,4,7,2.2,0.09200155931496386,-0.7975965695070795
1120260507010006,函館競輪,6R,18:04,2-4,2,4,1.5,0.13136744241662301,-0.8029488363750654
6220260506020012,広島競輪,12R,20:30,1-4,1,4,1.6,0.11850561428618361,-0.8103910171421063
6220260506020010,広島競輪,10R,19:35,3-5,3,5,5.0,0.037508508443483454,-0.8124574577825827
6220260506020007,広島競輪,7R,18:17,3-7,3,7,2.5,0.07332010882809062,-0.8166997279297734
1120260507010011,函館競輪,11R,20:16,2-5,2,5,4.0,0.04548396921673123,-0.8180641231330751
5320260507010006,奈良競輪,6R,22:20,1-2,1,2,1.8,0.1000828525921205,-0.819850865334183
4320260505030006,岐阜競輪,6R,10:14,3-7,3,7,1.4,0.12762918760584957,-0.8213191373518106
1120260507010010,函館競輪,10R,19:48,2-5,2,5,1.7,0.10501459005918973,-0.8214751968993774
6220260506020002,広島競輪,2R,16:07,1-5,1,5,2.1,0.08453937398661573,-0.822467314628107
8620260507010004,別府競輪,4R,21:50,1-4,1,4,1.9,0.08941318316616953,-0.8301149519842779
1120260507010009,函館競輪,9R,19:22,5-7,5,7,1.6,0.105883993902992,-0.8305856097552128
4320260505030003,岐阜競輪,3R,09:11,3-7,3,7,1.8,0.09069787902867933,-0.8367438177483772
8720260507010002,熊本競輪,2R,11:13,1-4,1,4,4.6,0.03532070350295073,-0.8375247638864267
6220260506020005,広島競輪,5R,17:25,2-5,2,5,1.7,0.0951441577511428,-0.8382549318230572
1120260507010005,函館競輪,5R,17:38,4-7,4,7,1.4,0.114626809996546,-0.8395224660048356
1120260507010003,函館競輪,3R,16:46,3-5,3,5,1.6,0.09879452999777041,-0.8419287520035673
8620260507010008,別府競輪,8R,23:10,1-2,1,2,1.5,0.10266815867448775,-0.8459977619882684
8720260507010004,熊本競輪,4R,12:11,2-7,2,7,1.3,0.1184098647529009,-0.8460671758212288
8620260507010007,別府競輪,7R,22:50,1-2,1,2,1.7,0.08944921072321388,-0.8479363417705365
8720260507010001,熊本競輪,1R,10:45,1-4,1,4,2.1,0.07178302159974695,-0.8492556546405314
5320260507010007,奈良競輪,7R,22:40,1-4,1,4,1.6,0.09354828000290769,-0.8503227519953477
5320260507010002,奈良競輪,2R,21:00,1-4,1,4,1.5,0.09955611442524959,-0.8506658283621256
8720260507010010,熊本競輪,10R,15:07,1-5,1,5,1.3,0.11241763732063377,-0.8538570714831761
8720260507010003,熊本競輪,3R,11:42,1-7,1,7,2.0,0.07253354340679152,-0.854932913186417
1120260507010009,函館競輪,9R,19:22,1-5,1,5,4.7,0.02983752020586365,-0.8597636550324408
8720260507010011,熊本競輪,11R,15:38,2-7,2,7,1.4,0.09495928366161735,-0.8670570028737357
5320260507010008,奈良競輪,8R,23:00,1-3,1,3,1.0,0.13144478600931953,-0.8685552139906805
4320260505030005,岐阜競輪,5R,09:53,3-5,3,5,1.9,0.06812291971663484,-0.8705664525383938
8720260507010008,熊本競輪,8R,14:07,1-5,1,5,1.5,0.08466574891093918,-0.8730013766335912
1120260507010004,函館競輪,4R,17:12,2-5,2,5,1.3,0.09094080005322432,-0.8817769599308084
8720260507010009,熊本競輪,9R,14:37,4-7,4,7,1.5,0.07851985011865747,-0.8822202248220138
1120260507010008,函館競輪,8R,18:56,4-5,4,5,1.6,0.07242968881886314,-0.8841124978898189
5320260507010003,奈良競輪,3R,21:20,1-2,1,2,1.1,0.09139683501391262,-0.8994634814846961
1120260507010001,函館競輪,1R,15:56,4-7,4,7,1.8,0.055305865207167446,-0.9004494426270986
8620260507010003,別府競輪,3R,21:30,1-2,1,2,1.0,0.09672081641433733,-0.9032791835856626
