race_id,競輪場,レース番号,開始時間,買い目,a,b,odds,p,EV
8320260301030010,久留米競輪,10R,19:35,5-6,5,6,559.9,0.03420819450492246,18.153168103306086
8320260301030010,久留米競輪,10R,19:35,4-6,4,6,470.3,0.039158084142622826,17.416046972275517
3820260301030005,静岡競輪,5R,22:18,1-7,1,7,273.7,0.06286051952512553,16.204924194026855
8320260301030010,久留米競輪,10R,19:35,2-6,2,6,379.3,0.040424000629391485,14.332823438728191
8320260301030010,久留米競輪,10R,19:35,3-4,3,4,470.3,0.028269320378512923,12.295061374014628
8320260301030010,久留米競輪,10R,19:35,3-6,3,6,534.4,0.02478933317122814,12.247419646704317
8320260301030010,久留米競輪,10R,19:35,3-5,3,5,559.9,0.02347216044134321,12.142062631108063
3620260303010005,小田原競輪,5R,10:13,6-7,6,7,387.5,0.03050248814988807,10.819714158081627
3620260303010003,小田原競輪,3R,09:31,3-6,3,6,217.3,0.05272139679546846,10.456359523655296
2720260301030008,京王閣競輪,8R,18:56,4-7,4,7,518.0,0.021511171943190396,10.142787066572625
3620260303010004,小田原競輪,4R,09:52,5-6,5,6,392.7,0.028369632653471238,10.140754743018155
3820260301030002,静岡競輪,2R,21:05,3-6,3,6,106.8,0.10260619403672167,9.958341523121874
2720260301030008,京王閣競輪,8R,18:56,1-4,1,4,274.2,0.039080448759607235,9.715859049884303
3820260301030002,静岡競輪,2R,21:05,3-5,3,5,133.0,0.07445644169625823,8.902706745602345
8320260301030010,久留米競輪,10R,19:35,2-5,2,5,235.1,0.04104469533888054,8.649607874170815
3620260303010003,小田原競輪,3R,09:31,5-6,5,6,184.9,0.048510272346574956,7.969549356881709
3820260301030002,静岡競輪,2R,21:05,5-6,5,6,93.6,0.09236839403679414,7.645681681843932
8320260301030010,久留米競輪,10R,19:35,2-3,2,3,279.9,0.029967678892985045,7.3879533221465135
3820260301030007,静岡競輪,7R,23:12,2-7,2,7,161.8,0.05158925866354503,7.347142051761587
3820260301030006,静岡競輪,6R,22:45,1-7,1,7,191.5,0.043039150299529615,7.241997282359922
3620260303010003,小田原競輪,3R,09:31,3-7,3,7,222.9,0.03542121385568344,6.895388568431839
2720260301030006,京王閣競輪,6R,18:04,2-6,2,6,244.3,0.03158329440853206,6.715798824004382
3620260303010004,小田原競輪,4R,09:52,6-7,6,7,350.6,0.021837244778374343,6.656138019298045
4420260228040011,大垣競輪,11R,15:49,4-6,4,6,559.6,0.01348084349434223,6.543880019433912
3820260301030006,静岡競輪,6R,22:45,2-7,2,7,82.0,0.09167213119652834,6.517114758115324
8320260301030010,久留米競輪,10R,19:35,2-4,2,4,156.7,0.04680460412850801,6.334281466937204
3620260303010003,小田原競輪,3R,09:31,2-3,2,3,164.0,0.04370723238326314,6.167986110855155
3820260301030002,静岡競輪,2R,21:05,1-3,1,3,63.7,0.11212139631261211,6.142132945113392
4420260228040011,大垣競輪,11R,15:49,5-6,5,6,391.7,0.017821929009944525,5.98084959319527
3620260303010002,小田原競輪,2R,09:10,5-6,5,6,189.8,0.036461923907498826,5.920473157643277
2720260301030007,京王閣競輪,7R,18:30,1-2,1,2,140.6,0.048998108235170895,5.889134017865028
2720260301030010,京王閣競輪,10R,19:48,5-6,5,6,198.2,0.0347271737093251,5.882925829188234
3620260303010003,小田原競輪,3R,09:31,2-5,2,5,170.4,0.0400927603763488,5.831806368129835
2720260301030006,京王閣競輪,6R,18:04,5-6,5,6,199.9,0.034162986134526487,5.829180928291845
2720260301030008,京王閣競輪,8R,18:56,3-4,3,4,444.0,0.014728664434201942,5.5395270087856625
8320260301030010,久留米競輪,10R,19:35,1-3,1,3,150.7,0.04302655821227967,5.484102322590546
3620260303010002,小田原競輪,2R,09:10,4-6,4,6,231.5,0.02789859933459768,5.458525745959363
3820260301030005,静岡競輪,5R,22:18,4-5,4,5,273.7,0.023400931423001713,5.404834930475569
3620260303010003,小田原競輪,3R,09:31,4-6,4,6,207.0,0.030792138699778447,5.373972710854138
7320260301030006,小松島競輪,6R,23:03,5-6,5,6,246.7,0.025561440755473112,5.306007434375217
3620260303010006,小田原競輪,6R,10:34,2-3,2,3,158.1,0.039703289467356295,5.27709006478903
4420260228040011,大垣競輪,11R,15:49,4-7,4,7,272.0,0.02288433244631865,5.224538425398673
2720260301030008,京王閣競輪,8R,18:56,4-5,4,5,202.7,0.030619786012756826,5.2066306247858085
4420260228040007,大垣競輪,7R,13:50,5-6,5,6,415.4,0.014568037810767483,5.051562906592812
8320260301030007,久留米競輪,7R,18:17,1-7,1,7,87.7,0.06819740076966754,4.980912047499844
2720260301030002,京王閣競輪,2R,16:26,4-6,4,6,193.7,0.030528581521699093,4.9133862407531135
8320260301030002,久留米競輪,2R,16:14,4-7,4,7,169.0,0.03432026530630312,4.800124836765227
8320260301030010,久留米競輪,10R,19:35,1-6,1,6,106.8,0.05412672692557369,4.7807344356512695
2720260301030004,京王閣競輪,4R,17:14,2-6,2,6,189.9,0.03014652411768958,4.724824929949252
3820260301030006,静岡競輪,6R,22:45,2-6,2,6,47.8,0.11922844346077918,4.699119597425245
7320260301030001,小松島競輪,1R,20:57,4-7,4,7,148.5,0.03833438951060529,4.692656842324886
3620260303010003,小田原競輪,3R,09:31,6-7,6,7,347.7,0.01636455249812754,4.689954903598945
4420260228040011,大垣競輪,11R,15:49,6-9,6,9,272.0,0.02071531103296428,4.634564600966284
2720260301030003,京王閣競輪,3R,16:50,6-7,6,7,135.0,0.041462204344231354,4.597397586471232
2720260301030008,京王閣競輪,8R,18:56,1-7,1,7,104.7,0.05335270404485297,4.586028113496106
2720260301030006,京王閣競輪,6R,18:04,3-6,3,6,314.2,0.01777526352071678,4.584987798209212
4420260228040011,大垣競輪,11R,15:49,6-8,6,8,631.8,0.008828956669968824,4.578134824086303
3620260303010005,小田原競輪,5R,10:13,4-7,4,7,230.4,0.02398772175502705,4.526771092358233
2720260301030003,京王閣競輪,3R,16:50,2-6,2,6,104.0,0.05239182583488612,4.448749886828157
2720260301030008,京王閣競輪,8R,18:56,3-7,3,7,194.2,0.027847571631204403,4.407998410779895
8320260301030004,久留米競輪,4R,17:02,5-6,5,6,110.0,0.048409883224051015,4.325087154645612
3820260301030001,静岡競輪,1R,20:41,3-6,3,6,95.8,0.055567260214110355,4.323343528511772
3620260303010002,小田原競輪,2R,09:10,1-6,1,6,243.4,0.021768852551807938,4.298538711110052
3620260303010003,小田原競輪,3R,09:31,5-7,5,7,164.0,0.03223772133844413,4.286986299504838
3620260303010006,小田原競輪,6R,10:34,3-6,3,6,266.5,0.01947871389127571,4.191077252024977
2720260301030004,京王閣競輪,4R,17:14,2-3,2,3,160.4,0.03230376741411006,4.181524293223254
3620260303010006,小田原競輪,6R,10:34,2-4,2,4,80.4,0.06424467344303562,4.165271744820065
8320260301030001,久留米競輪,1R,15:53,3-5,3,5,97.3,0.052527141360818035,4.110890854407595
8320260301030003,久留米競輪,3R,16:38,5-6,5,6,162.5,0.031180105007026847,4.066767063641863
8320260301030003,久留米競輪,3R,16:38,3-6,3,6,192.0,0.02634276012206514,4.0578099434365065
3620260303010005,小田原競輪,5R,10:13,2-7,2,7,139.7,0.03569341981410455,3.9863707480304056
2720260301030010,京王閣競輪,10R,19:48,3-6,3,6,88.6,0.05614126550157056,3.974116123439151
7320260301030005,小松島競輪,5R,22:36,4-6,4,6,201.0,0.02454968702304702,3.934487091632451
8320260301030009,久留米競輪,9R,19:09,5-6,5,6,86.6,0.05648779053856239,3.8918426606395027
8320260301030005,久留米競輪,5R,17:26,1-5,1,5,198.6,0.02448266748291807,3.8622577621075287
4420260228040011,大垣競輪,11R,15:49,2-6,2,6,326.4,0.014771781965595462,3.8215096335703587
5620260301030002,岸和田競輪,2R,21:13,3-7,3,7,221.4,0.021686716612017903,3.8014390579007635
8320260301030007,久留米競輪,7R,18:17,1-2,1,2,40.1,0.1192945424264089,3.7837111512989967
3820260301030001,静岡競輪,1R,20:41,1-6,1,6,94.5,0.05017737063638202,3.7417615251381013
3620260303010004,小田原競輪,4R,09:52,3-6,3,6,192.5,0.024630042375598075,3.7412831573026297
5620260301030001,岸和田競輪,1R,20:49,4-7,4,7,87.7,0.053859269183742335,3.723457907414203
3820260301030001,静岡競輪,1R,20:41,5-6,5,6,62.1,0.07600599147501777,3.7199720705986037
4420260228040011,大垣競輪,11R,15:49,5-7,5,7,170.3,0.027670212146232297,3.712237128503361
3620260303010004,小田原競輪,4R,09:52,1-6,1,6,172.2,0.027329574112472534,3.70615266216777
3820260301030005,静岡競輪,5R,22:18,5-6,5,6,136.8,0.034396201096494716,3.7054003100004778
2720260301030005,京王閣競輪,5R,17:38,6-7,6,7,208.9,0.022193957638634392,3.6363177507107247
2720260301030007,京王閣競輪,7R,18:30,2-3,2,3,186.4,0.024852191908714284,3.6324485717843427
3620260303010005,小田原競輪,5R,10:13,3-6,3,6,112.1,0.041167973897795196,3.614929873942841
4420260228040009,大垣競輪,9R,14:48,3-8,3,8,247.0,0.018629350947512634,3.6014496840356207
3620260303010006,小田原競輪,6R,10:34,2-6,2,6,179.4,0.02534662390818385,3.547184329128183
7320260301030001,小松島競輪,1R,20:57,2-7,2,7,141.9,0.032002827760984766,3.5412012592837385
8320260301030002,久留米競輪,2R,16:14,6-7,6,7,155.5,0.02914787075427114,3.532493902289162
2720260301030003,京王閣競輪,3R,16:50,4-6,4,6,45.9,0.09870220773629935,3.5304313350961403
3820260301030006,静岡競輪,6R,22:45,1-6,1,6,63.8,0.0704794276321296,3.4965874829298684
3620260303010001,小田原競輪,1R,08:50,4-7,4,7,145.0,0.031008833044326386,3.496280791427326
8320260301030012,久留米競輪,12R,20:30,1-3,1,3,96.3,0.046620336953038036,3.489538448577563
3620260303010004,小田原競輪,4R,09:52,5-7,5,7,99.1,0.04522611400533799,3.481907897928995
4420260228040009,大垣競輪,9R,14:48,3-9,3,9,139.4,0.03211576016901779,3.4769369675610804
5620260301030002,岸和田競輪,2R,21:13,5-7,5,7,129.5,0.03433647519085174,3.4465735372153006
3820260301030006,静岡競輪,6R,22:45,4-6,4,6,114.9,0.03855855693354809,3.4303781916646754
2720260301030008,京王閣競輪,8R,18:56,4-6,4,6,109.7,0.04030983725853911,3.4219891472617405
3620260303010003,小田原競輪,3R,09:31,2-7,2,7,347.7,0.012706674110875324,3.4181105883513503
4420260228040004,大垣競輪,4R,12:26,3-6,3,6,168.7,0.025954106526692916,3.3784577710530943
2720260301030006,京王閣競輪,6R,18:04,6-7,6,7,111.8,0.039130233233416564,3.3747600754959715
2720260301030005,京王閣競輪,5R,17:38,4-6,4,6,262.8,0.016631337585031325,3.370715517346232
8320260301030007,久留米競輪,7R,18:17,4-7,4,7,87.7,0.04982689810990895,3.3698189642390153
3620260303010007,小田原競輪,7R,10:55,3-4,3,4,85.1,0.051245101865256756,3.36095816873335
8320260301030010,久留米競輪,10R,19:35,3-7,3,7,98.8,0.04407848392597559,3.3549542118863878
8320260301030005,久留米競輪,5R,17:26,3-5,3,5,147.6,0.02927115980458634,3.320423187156943
4420260228040007,大垣競輪,7R,13:50,1-5,1,5,97.2,0.04432085436460195,3.30798704423931
8320260301030007,久留米競輪,7R,18:17,2-4,2,4,46.4,0.09272093261299269,3.3022512732428604
3620260303010005,小田原競輪,5R,10:13,5-6,5,6,55.7,0.07688728459504046,3.282621751943754
4420260228040001,大垣競輪,1R,11:05,3-4,3,4,96.5,0.044113100524846516,3.2569142006476888
3620260303010002,小田原競輪,2R,09:10,3-6,3,6,256.6,0.016570157833336353,3.2519025000341086
8320260301030006,久留米競輪,6R,17:51,3-6,3,6,64.9,0.06521269652950365,3.232304004764787
4420260228040001,大垣競輪,1R,11:05,3-6,3,6,171.3,0.024659415626220867,3.2241578967716347
3620260303010004,小田原競輪,4R,09:52,2-6,2,6,153.4,0.02749682178000715,3.218012461053097
2720260301030006,京王閣競輪,6R,18:04,1-6,1,6,54.0,0.07800051705948255,3.2120279212120577
4420260228040011,大垣競輪,11R,15:49,7-8,7,8,257.7,0.016295460668274805,3.199340214214417
2720260301030008,京王閣競輪,8R,18:56,1-3,1,3,86.3,0.04846473963404169,3.1825070304177974
2720260301030008,京王閣競輪,8R,18:56,2-4,2,4,137.1,0.030490297270714704,3.180219755814986
8320260301030004,久留米競輪,4R,17:02,4-5,4,5,65.2,0.06400816649254681,3.1733324553140525
8320260301030005,久留米競輪,5R,17:26,2-5,2,5,117.5,0.03507127373901576,3.1208746643343517
4420260228040011,大垣競輪,11R,15:49,7-9,7,9,102.5,0.039924579809099164,3.0922694304326646
4420260228040012,大垣競輪,12R,16:20,3-8,3,8,140.5,0.029105747252122182,3.0893574889231665
2720260301030002,京王閣競輪,2R,16:26,4-7,4,7,78.4,0.05189895225937341,3.0688778571348756
3820260301030001,静岡競輪,1R,20:41,4-6,4,6,58.5,0.06918016805902039,3.0470398314526923
4420260228040011,大垣競輪,11R,15:49,1-6,1,6,98.9,0.04089392051139923,3.044408738577384
7320260301030003,小松島競輪,3R,21:45,1-7,1,7,56.7,0.07107743085850118,3.0300903296770176
4420260228040008,大垣競輪,8R,14:19,2-3,2,3,85.9,0.04686434362175479,3.0256471171087362
4420260228040008,大垣競輪,8R,14:19,3-7,3,7,255.8,0.015719007584882434,3.020922140212927
2720260301030004,京王閣競輪,4R,17:14,2-7,2,7,150.3,0.026626449078039176,3.001955296429289
8320260301030001,久留米競輪,1R,15:53,5-6,5,6,68.0,0.05870220688221756,2.9917500679907945
3620260303010006,小田原競輪,6R,10:34,3-4,3,4,72.3,0.05516763723009416,2.9886201717358074
4420260228040011,大垣競輪,11R,15:49,5-9,5,9,136.0,0.029312521205669927,2.98650288397111
2720260301030005,京王閣競輪,5R,17:38,2-6,2,6,220.1,0.01810061215353545,2.9839447349931527
3620260303010005,小田原競輪,5R,10:13,4-6,4,6,193.7,0.02051232562053863,2.973237472698332
2720260301030004,京王閣競輪,4R,17:14,3-7,3,7,138.8,0.028489583060023894,2.954354128731317
3620260303010005,小田原競輪,5R,10:13,1-6,1,6,107.9,0.03625446239394177,2.9118564923063173
4420260228040012,大垣競輪,12R,16:20,3-6,3,6,147.1,0.026554436890926885,2.9061576666553446
8320260301030002,久留米競輪,2R,16:14,2-4,2,4,138.8,0.028048839058861914,2.893178861370034
3620260303010007,小田原競輪,7R,10:55,1-3,1,3,120.0,0.0321739981069906,2.8608797728388717
3820260301030002,静岡競輪,2R,21:05,1-5,1,5,36.9,0.10444304770661128,2.853948460373956
5620260301030004,岸和田競輪,4R,22:01,1-7,1,7,36.0,0.10628549399283425,2.826277783742033
2720260301030003,京王閣競輪,3R,16:50,3-7,3,7,115.3,0.033139170075489985,2.820946309703995
8320260301030009,久留米競輪,9R,19:09,2-6,2,6,154.4,0.02472944160325055,2.818225783541885
4420260228040001,大垣競輪,1R,11:05,5-6,5,6,190.0,0.02009040973918659,2.8171778504454523
3620260303010006,小田原競輪,6R,10:34,6-7,6,7,222.1,0.01716242252583812,2.811774042988646
8320260301030008,久留米競輪,8R,18:43,3-6,3,6,464.6,0.008180605796024558,2.8007094528330096
4420260228040001,大垣競輪,1R,11:05,4-6,4,6,171.3,0.022083961832682065,2.782982661938438
8320260301030005,久留米競輪,5R,17:26,2-3,2,3,110.7,0.034151611814152646,2.780583427826698
2720260301030007,京王閣競輪,7R,18:30,2-7,2,7,80.9,0.04651776002081619,2.7632867856840297
8320260301030010,久留米競輪,10R,19:35,1-2,1,2,58.5,0.06419073018708778,2.7551577159446348
3820260301030006,静岡競輪,6R,22:45,3-6,3,6,63.8,0.05863115641361141,2.7406677791884078
8320260301030003,久留米競輪,3R,16:38,2-6,2,6,89.9,0.041438823398372,2.7253502235136433
8320260301030007,久留米競輪,7R,18:17,2-3,2,3,114.5,0.03252361808835691,2.7239542711168663
4420260228040012,大垣競輪,12R,16:20,4-6,4,6,354.7,0.01045930544617944,2.709915641759847
4420260228040007,大垣競輪,7R,13:50,5-8,5,8,214.4,0.017277770367762894,2.7043539668483647
8320260301030002,久留米競輪,2R,16:14,4-5,4,5,50.4,0.07309168586887868,2.6838209677914855
2720260301030008,京王閣競輪,8R,18:56,5-7,5,7,82.5,0.044632232834485745,2.682159208845074
2720260301030004,京王閣競輪,4R,17:14,4-7,4,7,86.9,0.04222181374810541,2.6690756147103603
8320260301030008,久留米競輪,8R,18:43,2-3,2,3,72.7,0.050393175551758304,2.6635838626128288
3820260301030006,静岡競輪,6R,22:45,6-7,6,7,71.8,0.05083380872993595,2.6498674668094013
4420260228040011,大垣競輪,11R,15:49,3-6,3,6,212.9,0.017119678227418545,2.644779494617408
8320260301030008,久留米競輪,8R,18:43,1-3,1,3,43.3,0.08385486390363751,2.630915607027504
2720260301030004,京王閣競輪,4R,17:14,1-7,1,7,124.4,0.029125048381816607,2.623156018697986
4420260228040009,大垣競輪,9R,14:48,2-8,2,8,169.4,0.02138489362811056,2.622600980601929
3820260301030001,静岡競輪,1R,20:41,3-5,3,5,57.0,0.0635307051195319,2.6212501918133184
4420260228040007,大垣競輪,7R,13:50,2-6,2,6,383.4,0.009433854491663193,2.6169398121036678
4420260228040007,大垣競輪,7R,13:50,2-5,2,5,136.5,0.02640372575076924,2.6041085649800015
3620260303010006,小田原競輪,6R,10:34,3-7,3,7,116.6,0.03086058174199701,2.598343831116851
5620260301030004,岸和田競輪,4R,22:01,5-7,5,7,144.3,0.024924789474532073,2.5966471211749784
8320260301030006,久留米競輪,6R,17:51,6-7,6,7,83.5,0.04305208460966257,2.5948490649068243
3820260301030006,静岡競輪,6R,22:45,3-7,3,7,95.7,0.03743895760052397,2.582908242370144
4420260228040001,大垣競輪,1R,11:05,6-7,6,7,135.1,0.026395251293396402,2.5659984497378536
2720260301030007,京王閣競輪,7R,18:30,2-5,2,5,250.5,0.014160671214486793,2.5472481392289414
5620260301030001,岸和田競輪,1R,20:49,6-7,6,7,95.2,0.0371441344156654,2.536121596371346
2720260301030003,京王閣競輪,3R,16:50,5-6,5,6,141.0,0.025071494999467148,2.535080794924868
4420260228040009,大垣競輪,9R,14:48,2-9,2,9,95.3,0.036928383399894,2.5192749380098984
3820260301030002,静岡競輪,2R,21:05,3-4,3,4,137.9,0.02546776936458817,2.512005395376709
2720260301030004,京王閣競輪,4R,17:14,6-7,6,7,131.2,0.026745748581314288,2.5090422138684345
8320260301030002,久留米競輪,2R,16:14,2-6,2,6,149.5,0.023469371593578384,2.5086710532399685
3620260303010006,小田原競輪,6R,10:34,2-5,2,5,87.2,0.04008059477002312,2.495027863946016
3620260303010002,小田原競輪,2R,09:10,5-7,5,7,67.8,0.051375675135404864,2.4832707741804496
2720260301030002,京王閣競輪,2R,16:26,1-6,1,6,164.6,0.021112915427411633,2.4751858793519546
4420260228040005,大垣競輪,5R,12:54,7-9,7,9,89.1,0.03895355315660374,2.470761586253393
8320260301030009,久留米競輪,9R,19:09,1-6,1,6,92.3,0.037592461246849146,2.469784173084176
4420260228040009,大垣競輪,9R,14:48,8-9,8,9,220.4,0.015684199614293327,2.4567975949902494
4420260228040012,大垣競輪,12R,16:20,4-8,4,8,363.5,0.009439244238204676,2.4311652805873996
4420260228040008,大垣競輪,8R,14:19,1-3,1,3,89.3,0.03832513287064262,2.4224343653483857
8320260301030004,久留米競輪,4R,17:02,2-6,2,6,117.4,0.029089092892176628,2.4150595055415365
3820260301030007,静岡競輪,7R,23:12,5-7,5,7,202.3,0.016813123607892576,2.4012949058766684
3820260301030007,静岡競輪,7R,23:12,2-6,2,6,62.2,0.05459301585809605,2.3956855863735744
3620260303010005,小田原競輪,5R,10:13,1-7,1,7,87.9,0.03857652416040461,2.3908764736995654
5620260301030002,岸和田競輪,2R,21:13,3-4,3,4,179.1,0.01891917403018239,2.388424068805666
5620260301030002,岸和田競輪,2R,21:13,3-5,3,5,92.9,0.03643293789889956,2.384619930807769
3820260301030002,静岡競輪,2R,21:05,2-3,2,3,61.1,0.05539324305717995,2.384527150793695
3620260303010007,小田原競輪,7R,10:55,2-3,2,3,68.1,0.04951580298067328,2.3720261829838503
2720260301030009,京王閣競輪,9R,19:22,4-7,4,7,107.3,0.031393168272231535,2.3684869556104435
4420260228040006,大垣競輪,6R,13:22,1-8,1,8,189.1,0.01770004401050478,2.3470783223864538
3820260301030003,静岡競輪,3R,21:29,1-6,1,6,34.6,0.09656895471351798,2.3412858330877224
3620260303010007,小田原競輪,7R,10:55,3-6,3,6,116.5,0.028547946142960023,2.3258357256548425
4420260228040008,大垣競輪,8R,14:19,3-9,3,9,58.5,0.05672226342970677,2.318252410637846
3620260303010003,小田原競輪,3R,09:31,1-6,1,6,49.1,0.06721414643480338,2.3002145899488458
3620260303010002,小田原競輪,2R,09:10,3-7,3,7,117.2,0.028102068136902476,2.2935623856449703
7320260301030001,小松島競輪,1R,20:57,3-7,3,7,110.1,0.029896240802984295,2.2915761124085705
8320260301030010,久留米競輪,10R,19:35,1-5,1,5,58.2,0.056536121905013365,2.290402294871778
8320260301030008,久留米競輪,8R,18:43,3-4,3,4,105.8,0.03100343095781203,2.2801629953365126
4420260228040009,大垣競輪,9R,14:48,7-9,7,9,106.2,0.03057513766809402,2.247079620351585
8320260301030012,久留米競輪,12R,20:30,2-3,2,3,133.8,0.024244282006451005,2.243884932463145
4420260228040011,大垣競輪,11R,15:49,6-7,6,7,134.1,0.024159350918934307,2.2397689582290905
8320260301030001,久留米競輪,1R,15:53,4-6,4,6,85.6,0.037818375419022186,2.237252935868299
8320260301030005,久留米競輪,5R,17:26,1-3,1,3,133.9,0.02398017340738273,2.2109452192485475
3820260301030005,静岡競輪,5R,22:18,2-6,2,6,68.4,0.04668455392722741,2.193223488622355
4420260228040004,大垣競輪,4R,12:26,6-7,6,7,233.6,0.013658334350870136,2.1905869043632635
8320260301030009,久留米競輪,9R,19:09,2-7,2,7,173.3,0.018397526606975186,2.1882913609888
4420260228040003,大垣競輪,3R,11:59,2-8,2,8,153.7,0.020740730711935565,2.187850310424496
8320260301030010,久留米競輪,10R,19:35,4-5,4,5,81.0,0.03934585995321489,2.1870146562104065
4420260228040006,大垣競輪,6R,13:22,2-8,2,8,98.6,0.03227798929655335,2.1826097446401604
5620260301030002,岸和田競輪,2R,21:13,2-7,2,7,66.1,0.04802929361731273,2.174736308104371
4420260228040006,大垣競輪,6R,13:22,3-4,3,4,162.6,0.019511863456198694,2.1726289979779074
5620260301030006,岸和田競輪,6R,22:54,2-5,2,5,49.8,0.06368993320170142,2.1717586734447307
2720260301030002,京王閣競輪,2R,16:26,4-5,4,5,59.8,0.05299276167517546,2.168967148175492
4420260228040006,大垣競輪,6R,13:22,4-8,4,8,319.6,0.009914561345626769,2.1686938060623158
8320260301030002,久留米競輪,2R,16:14,4-6,4,6,204.6,0.015477467313233576,2.1666898122875895
3620260303010005,小田原競輪,5R,10:13,2-3,2,3,71.6,0.044144521382842854,2.160747731011548
4420260228040012,大垣競輪,12R,16:20,5-8,5,8,193.8,0.01625308311044603,2.1498475068044405
4420260228040008,大垣競輪,8R,14:19,1-7,1,7,121.9,0.025734056599110763,2.1369814994316023
2720260301030009,京王閣競輪,9R,19:22,6-7,6,7,121.8,0.025750308748957552,2.1363876056230295
3620260303010002,小田原競輪,2R,09:10,6-7,6,7,153.1,0.02038078384342512,2.120298006428386
4420260228040011,大垣競輪,11R,15:49,4-5,4,5,244.8,0.012696956261394509,2.108214892789376
3820260301030006,静岡競輪,6R,22:45,3-5,3,5,287.2,0.010821233569714674,2.1078582812220543
4420260228040002,大垣競輪,2R,11:32,1-3,1,3,53.6,0.05759614528113073,2.087153387068607
8320260301030009,久留米競輪,9R,19:09,6-7,6,7,217.7,0.01416351424238774,2.083397050567811
7320260301030002,小松島競輪,2R,21:21,4-5,4,5,87.4,0.035270030744377553,2.0826006870585982
4420260228040009,大垣競輪,9R,14:48,7-8,7,8,173.7,0.017726153770373447,2.0790329099138676
8320260301030006,久留米競輪,6R,17:51,4-6,4,6,111.3,0.027364270813456045,2.045643341537658
2720260301030007,京王閣競輪,7R,18:30,5-6,5,6,157.1,0.019280561554556534,2.0289762202208315
7320260301030003,小松島競輪,3R,21:45,3-7,3,7,124.9,0.024194021458487633,2.0218332801651053
4420260228040012,大垣競輪,12R,16:20,4-5,4,5,138.7,0.021758113352715346,2.0178503220216184
4420260228040010,大垣競輪,10R,15:18,1-4,1,4,141.9,0.021221588208958753,2.0113433668512473
4420260228040006,大垣競輪,6R,13:22,1-4,1,4,226.0,0.013292498721302344,2.00410471101433
2720260301030004,京王閣競輪,4R,17:14,1-2,1,2,92.5,0.03243876396180507,2.000585666466969
7320260301030001,小松島競輪,1R,20:57,4-6,4,6,74.2,0.040351521059254165,1.9940828625966591
4420260228040012,大垣競輪,12R,16:20,1-4,1,4,97.1,0.030742141923135853,1.985061980736491
3820260301030006,静岡競輪,6R,22:45,2-3,2,3,31.9,0.09352314270734198,1.9833882523642092
3820260301030004,静岡競輪,4R,21:53,2-6,2,6,96.5,0.030905149455738672,1.982346922478782
5620260301030007,岸和田競輪,7R,23:21,3-6,3,6,130.3,0.022868238609234537,1.9797314907832604
2720260301030007,京王閣競輪,7R,18:30,1-6,1,6,49.7,0.0596142157447532,1.9628265225142343
3620260303010001,小田原競輪,1R,08:50,3-7,3,7,66.9,0.044081543295084374,1.9490552464411448
4420260228040007,大垣競輪,7R,13:50,4-5,4,5,93.1,0.031636350808006225,1.9453442602253794
3620260303010004,小田原競輪,4R,09:52,2-7,2,7,71.1,0.0412729755834509,1.9345085639833588
3820260301030003,静岡競輪,3R,21:29,5-6,5,6,63.6,0.04611844370557371,1.933133019674488
4420260228040007,大垣競輪,7R,13:50,5-9,5,9,42.5,0.06889725236751165,1.9281332256192454
3620260303010004,小田原競輪,4R,09:52,4-6,4,6,67.2,0.0435397527165951,1.9258713825551905
4420260228040008,大垣競輪,8R,14:19,6-9,6,9,113.8,0.025665492062882177,1.9207329967559916
3620260303010003,小田原競輪,3R,09:31,2-4,2,4,117.4,0.02486302091173604,1.9189186550378112
5620260301030001,岸和田競輪,1R,20:49,2-7,2,7,44.9,0.06495930721001496,1.9166728937296713
3820260301030001,静岡競輪,1R,20:41,2-6,2,6,35.0,0.08284762763753724,1.8996669673138031
4420260228040005,大垣競輪,5R,12:54,4-9,4,9,83.3,0.03480645868319253,1.8993780083099376
4420260228040007,大垣競輪,7R,13:50,2-8,2,8,237.3,0.01221306183353235,1.8981595730972267
7320260301030003,小松島競輪,3R,21:45,4-6,4,6,104.1,0.02780334285905292,1.8943279916274087
8320260301030002,久留米競輪,2R,16:14,1-4,1,4,59.8,0.048324312363933974,1.8897938793632516
4420260228040001,大垣競輪,1R,11:05,2-6,2,6,98.0,0.02944728747731194,1.88583417277657
2720260301030011,京王閣競輪,11R,20:16,2-6,2,6,49.7,0.05795907870250204,1.8805662115143513
4420260228040008,大垣競輪,8R,14:19,3-8,3,8,259.0,0.011116291773640746,1.879119569372953
4420260228040004,大垣競輪,4R,12:26,5-6,5,6,163.5,0.017585056132377413,1.875156677643707
8320260301030011,久留米競輪,11R,20:02,6-7,6,7,41.2,0.0696826358964491,1.870924598933703
8320260301030006,久留米競輪,6R,17:51,2-6,2,6,91.1,0.031493510364974595,1.8690587942491854
4420260228040004,大垣競輪,4R,12:26,1-6,1,6,236.2,0.012128435272147776,1.8647364112813047
2720260301030005,京王閣競輪,5R,17:38,4-7,4,7,67.3,0.042552173041785255,1.8637612457121473
8320260301030012,久留米競輪,12R,20:30,1-2,1,2,48.1,0.0593498978773231,1.8547300878992412
4420260228040009,大垣競輪,9R,14:48,2-6,2,6,144.3,0.01978046776507724,1.8543214985006462
3620260303010006,小田原競輪,6R,10:34,5-7,5,7,93.3,0.030508483579208483,1.8464415179401512
4420260228040009,大垣競輪,9R,14:48,3-6,3,6,168.0,0.016859700061051662,1.8324296102566793
4420260228040009,大垣競輪,9R,14:48,6-9,6,9,202.9,0.013912181468164527,1.8227816198905828
5620260301030004,岸和田競輪,4R,22:01,2-7,2,7,36.0,0.07831300675658139,1.8192682432369298
3620260303010003,小田原競輪,3R,09:31,1-2,1,2,49.3,0.056883612673033275,1.8043621047805405
4420260228040011,大垣競輪,11R,15:49,8-9,8,9,192.0,0.014604261788719439,1.8040182634341324
4420260228040005,大垣競輪,5R,12:54,7-8,7,8,205.3,0.013626649481754571,1.7975511386042138
2720260301030002,京王閣競輪,2R,16:26,5-6,5,6,149.6,0.018624520534272982,1.786228271927238
8320260301030011,久留米競輪,11R,20:02,3-4,3,4,70.6,0.039438255564220946,1.7843408428339984
5620260301030004,岸和田競輪,4R,22:01,3-7,3,7,57.7,0.047929801713423106,1.7655495588645134
4420260228040005,大垣競輪,5R,12:54,3-9,3,9,90.0,0.03069428367488119,1.762485530739307
3820260301030006,静岡競輪,6R,22:45,5-6,5,6,191.5,0.01441216919758658,1.7599304013378299
3620260303010001,小田原競輪,1R,08:50,5-7,5,7,96.3,0.028546204463592857,1.748999489843992
2720260301030005,京王閣競輪,5R,17:38,1-2,1,2,79.8,0.03440486406417412,1.7455081523210945
3620260303010006,小田原競輪,6R,10:34,4-6,4,6,72.3,0.03782694306305795,1.7348879834590898
3620260303010005,小田原競輪,5R,10:13,2-4,2,4,95.8,0.028487713719715525,1.7291229743487473
3820260301030003,静岡競輪,3R,21:29,1-5,1,5,61.1,0.044651572773491945,1.7282110964603579
3820260301030001,静岡競輪,1R,20:41,3-4,3,4,47.2,0.057686529833113724,1.7228042081229678
8320260301030004,久留米競輪,4R,17:02,2-4,2,4,61.7,0.04405318788543888,1.7180816925315794
4420260228040003,大垣競輪,3R,11:59,5-8,5,8,56.8,0.04784889801365604,1.7178174071756631
5620260301030001,岸和田競輪,1R,20:49,4-5,4,5,62.4,0.043472079744447195,1.712657776053505
4420260228040001,大垣競輪,1R,11:05,2-4,2,4,55.5,0.04885598330705376,1.7115070735414837
2720260301030010,京王閣競輪,10R,19:48,2-6,2,6,301.2,0.008989179020251072,1.7075407208996225
7320260301030006,小松島競輪,6R,23:03,2-7,2,7,49.3,0.05470636403612325,1.697023746980876
3620260303010006,小田原競輪,6R,10:34,4-7,4,7,50.7,0.05307798270446784,1.6910537231165197
8320260301030011,久留米競輪,11R,20:02,5-7,5,7,33.5,0.08013559910848952,1.6845425701343992
4420260228040008,大垣競輪,8R,14:19,2-6,2,6,128.7,0.020807555185723577,1.6779323524026242
2720260301030010,京王閣競輪,10R,19:48,4-6,4,6,66.6,0.040175591309752706,1.6756943812295302
4420260228040002,大垣競輪,2R,11:32,1-5,1,5,71.0,0.03750768511054399,1.663045642848623
4420260228040011,大垣競輪,11R,15:49,4-8,4,8,301.3,0.008782624471291592,1.646204753200157
2720260301030004,京王閣競輪,4R,17:14,2-5,2,5,37.7,0.07010698963947049,1.6430335094080375
4420260228040012,大垣競輪,12R,16:20,6-8,6,8,357.6,0.007385500696037418,1.641055048902981
3620260303010004,小田原競輪,4R,09:52,1-7,1,7,58.7,0.0444663215942148,1.6101730775804088
2720260301030009,京王閣競輪,9R,19:22,5-6,5,6,67.8,0.03843833482380464,1.6061191010539546
4420260228040009,大垣競輪,9R,14:48,1-3,1,3,117.8,0.02208701963023696,1.6018509124419138
7320260301030001,小松島競輪,1R,20:57,5-7,5,7,163.7,0.015876148550896408,1.5989255177817419
4420260228040007,大垣競輪,7R,13:50,6-7,6,7,243.1,0.010684946297743097,1.5975104449813466
3820260301030007,静岡競輪,7R,23:12,3-6,3,6,89.9,0.028889939900868983,1.5972055970881218
8320260301030001,久留米競輪,1R,15:53,6-7,6,7,76.5,0.033933783078936006,1.5959344055386042
7320260301030002,小松島競輪,2R,21:21,4-7,4,7,57.1,0.04533536256613542,1.5886492025263323
4420260228040010,大垣競輪,10R,15:18,1-5,1,5,51.7,0.050051230733623574,1.587648628928339
2720260301030006,京王閣競輪,6R,18:04,4-5,4,5,48.1,0.05356912053780369,1.5766746978683575
2720260301030007,京王閣競輪,7R,18:30,5-7,5,7,42.1,0.06119325325493095,1.5762359620325928
2720260301030007,京王閣競輪,7R,18:30,3-6,3,6,84.3,0.03055552861879095,1.575831062564077
2720260301030003,京王閣競輪,3R,16:50,2-3,2,3,62.2,0.04140618099125745,1.5754644576562136
2720260301030010,京王閣競輪,10R,19:48,6-7,6,7,84.6,0.03041736983284151,1.5733094878583915
4420260228040008,大垣競輪,8R,14:19,6-7,6,7,406.3,0.006332217887429943,1.572780127662786
3820260301030005,静岡競輪,5R,22:18,4-6,4,6,136.8,0.01878538234009839,1.56984030412546
4420260228040006,大垣競輪,6R,13:22,4-9,4,9,111.0,0.023146137598901457,1.5692212734780617
8320260301030009,久留米競輪,9R,19:09,3-7,3,7,82.4,0.031093429081577598,1.562098556321994
8320260301030005,久留米競輪,5R,17:26,1-2,1,2,88.6,0.02889694566030244,1.5602693855027963
4420260228040005,大垣競輪,5R,12:54,4-5,4,5,95.1,0.02684242785100222,1.552714888630311
8320260301030002,久留米競輪,2R,16:14,1-2,1,2,42.7,0.05972614947672865,1.5503065826563134
4420260228040004,大垣競輪,4R,12:26,2-6,2,6,177.1,0.014332668397523975,1.538315573201496
4420260228040006,大垣競輪,6R,13:22,1-2,1,2,48.7,0.05210434395792998,1.5374815507511905
2720260301030008,京王閣競輪,8R,18:56,3-5,3,5,65.2,0.038847093415827885,1.5328304907119783
4420260228040006,大垣競輪,6R,13:22,1-6,1,6,176.5,0.01429415618299595,1.5229185662987854
8320260301030002,久留米競輪,2R,16:14,2-5,2,5,29.0,0.08674599081778976,1.515633733715903
4420260228040012,大垣競輪,12R,16:20,3-5,3,5,37.4,0.06698469971844188,1.5052277694697263
2720260301030004,京王閣競輪,4R,17:14,3-6,3,6,76.7,0.0325215894352061,1.4944059096803075
4420260228040010,大垣競輪,10R,15:18,1-9,1,9,41.7,0.059714049863301734,1.4900758792996824
8320260301030009,久留米競輪,9R,19:09,4-6,4,6,66.8,0.03722094336817433,1.486359016994045
8320260301030003,久留米競輪,3R,16:38,2-3,2,3,39.3,0.06300677408063213,1.4761662213688425
3820260301030002,静岡競輪,2R,21:05,4-5,4,5,116.6,0.02121430177412202,1.4735875868626276
8320260301030003,久留米競輪,3R,16:38,2-7,2,7,35.6,0.06941502947893076,1.471175049449935
4420260228040004,大垣競輪,4R,12:26,6-9,6,9,155.1,0.015927400171931894,1.4703397666666365
7320260301030002,小松島競輪,2R,21:21,3-4,3,4,76.1,0.03244374399760298,1.4689689182175867
3820260301030006,静岡競輪,6R,22:45,5-7,5,7,287.2,0.008563450270739929,1.4594229177565077
8320260301030005,久留米競輪,5R,17:26,5-6,5,6,64.7,0.038009974402746824,1.4592453438577198
4420260228040007,大垣競輪,7R,13:50,1-8,1,8,118.6,0.020686813160600892,1.4534560408472657
4420260228040010,大垣競輪,10R,15:18,6-9,6,9,125.6,0.019506236664030743,1.4499833250022611
8320260301030003,久留米競輪,3R,16:38,4-6,4,6,115.7,0.02116779136710128,1.4491134611736185
2720260301030005,京王閣競輪,5R,17:38,2-4,2,4,67.8,0.03605230767631924,1.4443464604544447
2720260301030006,京王閣競輪,6R,18:04,2-3,2,3,131.9,0.0184854148966655,1.4382262248701796
2720260301030001,京王閣競輪,1R,16:03,5-6,5,6,78.5,0.030955981161485107,1.430044521176581
2720260301030005,京王閣競輪,5R,17:38,1-7,1,7,60.3,0.040229663859800355,1.4258487307459613
2720260301030006,京王閣競輪,6R,18:04,2-7,2,7,64.6,0.037532643492182924,1.4246087695950167
3820260301030005,静岡競輪,5R,22:18,3-6,3,6,54.7,0.04431607812046403,1.4240894731893827
8320260301030001,久留米競輪,1R,15:53,3-4,3,4,72.6,0.033386958963786816,1.4238932207709225
4420260228040007,大垣競輪,7R,13:50,6-8,6,8,362.5,0.006682921256436108,1.422558955458089
3820260301030003,静岡競輪,3R,21:29,3-5,3,5,51.8,0.046715870821893934,1.4198821085741056
2720260301030003,京王閣競輪,3R,16:50,2-7,2,7,53.3,0.045286872109157925,1.413790283418117
3620260303010002,小田原競輪,2R,09:10,3-4,3,4,67.8,0.03558782545750637,1.4128545660189316
2720260301030008,京王閣競輪,8R,18:56,3-6,3,6,48.3,0.04991684259968095,1.4109834975645894
7320260301030001,小松島競輪,1R,20:57,6-7,6,7,141.9,0.016987573032598877,1.4105366133257808
8320260301030003,久留米競輪,3R,16:38,3-7,3,7,48.0,0.05016338743980166,1.4078425971104798
4420260228040006,大垣競輪,6R,13:22,1-3,1,3,78.8,0.030454758202097927,1.3998349463253166
2720260301030002,京王閣競輪,2R,16:26,2-6,2,6,76.5,0.03132140233956024,1.396087278976358
4420260228040001,大垣競輪,1R,11:05,4-5,4,5,64.3,0.03723742950347911,1.3943667170737064
3820260301030001,静岡競輪,1R,20:41,2-3,2,3,34.5,0.06932205209855491,1.3916107974001442
4420260228040010,大垣競輪,10R,15:18,4-5,4,5,53.0,0.04510366502626249,1.390494246391912
3820260301030007,静岡競輪,7R,23:12,4-5,4,5,73.5,0.03241175654558804,1.3822641061007208
2720260301030007,京王閣競輪,7R,18:30,2-4,2,4,92.1,0.02586593540711241,1.3822526509950528
4420260228040011,大垣競輪,11R,15:49,3-4,3,4,123.9,0.019195728865202644,1.3783508063986076
3620260303010002,小田原競輪,2R,09:10,1-7,1,7,68.3,0.034743381120460465,1.3729729305274496
8320260301030006,久留米競輪,6R,17:51,4-5,4,5,82.5,0.028705519427155334,1.3682053527403149
8320260301030008,久留米競輪,8R,18:43,3-5,3,5,39.2,0.06028233444357582,1.3630675101881722
4420260228040004,大垣競輪,4R,12:26,6-8,6,8,214.7,0.010938317283277776,1.3484567207197382
4420260228040006,大垣競輪,6R,13:22,3-8,3,8,128.7,0.018245259699967816,1.3481649233858577
2720260301030007,京王閣競輪,7R,18:30,3-5,3,5,70.3,0.03330244923758531,1.3411621814022472
8320260301030009,久留米競輪,9R,19:09,4-7,4,7,79.3,0.029520066047059375,1.3409412375318084
8320260301030007,久留米競輪,7R,18:17,2-7,2,7,87.7,0.02658444851033973,1.3314561343567943
4420260228040009,大垣競輪,9R,14:48,2-3,2,3,53.2,0.04357670648164523,1.3182807848235263
2720260301030001,京王閣競輪,1R,16:03,3-5,3,5,40.2,0.057404545629672496,1.3076627343128346
3820260301030005,静岡競輪,5R,22:18,1-5,1,5,30.4,0.07570501866197778,1.3014325673241243
4420260228040012,大垣競輪,12R,16:20,1-8,1,8,102.7,0.02234932144978829,1.2952753128932573
4420260228040005,大垣競輪,5R,12:54,4-8,4,8,247.6,0.009256693653166167,1.291957348523943
8320260301030006,久留米競輪,6R,17:51,5-6,5,6,113.1,0.020245494335396453,1.2897654093333388
4420260228040006,大垣競輪,6R,13:22,4-5,4,5,144.8,0.01580141049857976,1.2880442401943495
3620260303010004,小田原競輪,4R,09:52,4-5,4,5,30.3,0.07515953485555682,1.2773339061233715
8320260301030004,久留米競輪,4R,17:02,4-6,4,6,35.9,0.06327973530683845,1.2717424975155
2720260301030001,京王閣競輪,1R,16:03,2-6,2,6,35.2,0.06438251861250704,1.2662646551602483
8320260301030004,久留米競輪,4R,17:02,4-7,4,7,51.4,0.04387934189950635,1.2553981736346262
3620260303010007,小田原競輪,7R,10:55,1-6,1,6,65.9,0.03422261717196794,1.255270471632687
4420260228040002,大垣競輪,2R,11:32,3-4,3,4,37.6,0.059905232680497494,1.2524367487867059
8320260301030011,久留米競輪,11R,20:02,4-7,4,7,23.7,0.09503869606124875,1.252417096651595
2720260301030002,京王閣競輪,2R,16:26,2-4,2,4,28.1,0.08008290702279108,1.2503296873404297
7320260301030002,小松島競輪,2R,21:21,5-7,5,7,53.3,0.042210037954648706,1.249795022982776
2720260301030003,京王閣競輪,3R,16:50,4-7,4,7,24.9,0.0903405578020527,1.2494798892711123
4420260228040006,大垣競輪,6R,13:22,2-4,2,4,70.7,0.03181233141741785,1.2491318312114421
4420260228040007,大垣競輪,7R,13:50,4-6,4,6,186.3,0.012070888271124017,1.2488064849104048
4420260228040011,大垣競輪,11R,15:49,2-7,2,7,77.7,0.028882084340187075,1.2441379532325358
4420260228040012,大垣競輪,12R,16:20,1-6,1,6,102.3,0.021718858362353967,1.221839210468811
5620260301030005,岸和田競輪,5R,22:27,4-6,4,6,234.0,0.00949157576403473,1.2210287287841268
4420260228040007,大垣競輪,7R,13:50,6-9,6,9,70.2,0.03148315919447758,1.2101177754523258
8320260301030006,久留米競輪,6R,17:51,1-4,1,4,68.1,0.03243824334809803,1.2090443720054753
2720260301030006,京王閣競輪,6R,18:04,5-7,5,7,53.6,0.04115522944685911,1.2059202983516482
8320260301030008,久留米競輪,8R,18:43,1-6,1,6,139.4,0.015817370307660374,1.2049414208878564
4420260228040006,大垣競輪,6R,13:22,4-6,4,6,289.6,0.007604000097409048,1.2021184282096606
3620260303010004,小田原競輪,4R,09:52,3-5,3,5,42.6,0.051596191347282785,1.1979977513942468
2720260301030006,京王閣競輪,6R,18:04,4-6,4,6,42.5,0.05164377726457198,1.194860533744309
8320260301030007,久留米競輪,7R,18:17,3-7,3,7,197.3,0.011109547196996607,1.1919136619674306
3820260301030003,静岡競輪,3R,21:29,4-6,4,6,43.2,0.05069947265982499,1.1902172189044395
8320260301030012,久留米競輪,12R,20:30,3-5,3,5,61.3,0.03572782946159152,1.1901159459955601
4420260228040006,大垣競輪,6R,13:22,5-8,5,8,115.1,0.01900993309019383,1.1880432986813099
3820260301030005,静岡競輪,5R,22:18,5-7,5,7,68.4,0.03195440196941516,1.1856810947079972
4420260228040011,大垣競輪,11R,15:49,4-9,4,9,97.9,0.02223513272969531,1.1768194942371708
4420260228040012,大垣競輪,12R,16:20,4-9,4,9,143.2,0.015198303170355412,1.1763970139948947
4420260228040009,大垣競輪,9R,14:48,4-9,4,9,122.7,0.017728012796180862,1.1752271700913917
7320260301030006,小松島競輪,6R,23:03,1-5,1,5,30.8,0.07060689767365212,1.1746924483484853
2720260301030008,京王閣競輪,8R,18:56,6-7,6,7,39.6,0.05479650021312152,1.169941408439612
8320260301030011,久留米競輪,11R,20:02,4-6,4,6,55.7,0.03890850015301186,1.1672034585227609
4420260228040010,大垣競輪,10R,15:18,1-3,1,3,85.1,0.025447295773035915,1.165564870285356
2720260301030009,京王閣競輪,9R,19:22,2-6,2,6,52.1,0.04154628083661191,1.1645612315874807
7320260301030007,小松島競輪,7R,23:30,2-6,2,6,27.0,0.08003729600814347,1.1610069922198738
4420260228040008,大垣競輪,8R,14:19,3-4,3,4,87.4,0.024710718278042172,1.1597167775008859
8320260301030001,久留米競輪,1R,15:53,1-3,1,3,31.7,0.06804656146620286,1.1570759984786307
7320260301030002,小松島競輪,2R,21:21,2-5,2,5,48.0,0.044809132961079884,1.1508383821318344
4420260228040006,大垣競輪,6R,13:22,1-9,1,9,56.8,0.03784860669837611,1.1498008604677628
4420260228040001,大垣競輪,1R,11:05,4-7,4,7,46.0,0.04652412892034825,1.1401099303360192
5620260301030003,岸和田競輪,3R,21:37,2-7,2,7,53.1,0.04029877852864233,1.1398651398709077
4420260228040011,大垣競輪,11R,15:49,3-7,3,7,63.1,0.03384604298581023,1.1356853124046258
4420260228040008,大垣競輪,8R,14:19,2-8,2,8,105.1,0.020318181126186954,1.1354408363622488
2720260301030009,京王閣競輪,9R,19:22,5-7,5,7,32.7,0.06516703687657895,1.130962105864132
4420260228040008,大垣競輪,8R,14:19,1-6,1,6,122.6,0.017375993148625722,1.1302967600215132
7320260301030003,小松島競輪,3R,21:45,5-6,5,6,69.4,0.030596447236002716,1.1233934381785886
3820260301030007,静岡競輪,7R,23:12,2-5,2,5,38.5,0.05515228092619212,1.1233628156583966
5620260301030002,岸和田競輪,2R,21:13,2-3,2,3,43.6,0.04869630752021816,1.1231590078815117
5620260301030003,岸和田競輪,3R,21:37,1-7,1,7,44.0,0.048161865534002785,1.1191220834961224
8320260301030001,久留米競輪,1R,15:53,3-7,3,7,70.2,0.030161571289192023,1.11734230450128
4420260228040012,大垣競輪,12R,16:20,7-8,7,8,245.7,0.008595516163500645,1.1119183213721082
5620260301030001,岸和田競輪,1R,20:49,5-6,5,6,74.9,0.028188710585965886,1.111334422888845
2720260301030008,京王閣競輪,8R,18:56,2-3,2,3,54.5,0.038565971667605184,1.1018454558844826
3620260303010004,小田原競輪,4R,09:52,4-7,4,7,32.1,0.06530175169831196,1.0961862295158138
4420260228040007,大垣競輪,7R,13:50,8-9,8,9,64.5,0.032403339768190646,1.0900154150482968
5620260301030006,岸和田競輪,6R,22:54,2-7,2,7,49.8,0.04193929399374248,1.0885768408883756
2720260301030011,京王閣競輪,11R,20:16,1-7,1,7,46.7,0.04470716556757944,1.08782463200596
4420260228040007,大垣競輪,7R,13:50,1-2,1,2,64.9,0.03214722550939265,1.0863549355595832
3620260303010002,小田原競輪,2R,09:10,4-7,4,7,51.5,0.04043027720336846,1.082159275973476
5620260301030002,岸和田競輪,2R,21:13,3-6,3,6,61.8,0.03368903627631374,1.081982441876189
4420260228040003,大垣競輪,3R,11:59,2-3,2,3,43.4,0.047670442198844,1.0688971914298295
3820260301030002,静岡競輪,2R,21:05,2-5,2,5,46.2,0.04476578703884378,1.0681793611945825
2720260301030008,京王閣競輪,8R,18:56,2-7,2,7,46.8,0.0440654365395485,1.0622624300508696
3820260301030005,静岡競輪,5R,22:18,3-5,3,5,39.1,0.052742779259458965,1.0622426690448457
4420260228040005,大垣競輪,5R,12:54,5-7,5,7,63.3,0.03240387993678433,1.051165599998448
8320260301030007,久留米競輪,7R,18:17,5-7,5,7,116.4,0.01759735207534379,1.0483317815700173
4420260228040003,大垣競輪,3R,11:59,3-8,3,8,37.6,0.054210700799477755,1.0383223500603638
3820260301030006,静岡競輪,6R,22:45,1-3,1,3,38.3,0.053141934451878314,1.0353360895069392
3620260303010005,小田原競輪,5R,10:13,3-4,3,4,59.6,0.03408570303724887,1.0315079010200328
3820260301030001,静岡競輪,1R,20:41,1-3,1,3,49.3,0.04112475594080199,1.027450467881538
4420260228040012,大垣競輪,12R,16:20,4-7,4,7,181.0,0.011200728730340802,1.027331900191685
3820260301030007,静岡競輪,7R,23:12,4-7,4,7,67.4,0.030063606191189973,1.0262870572862042
8320260301030007,久留米競輪,7R,18:17,2-6,2,6,208.9,0.009695160884240286,1.0253191087177957
5620260301030005,岸和田競輪,5R,22:27,2-7,2,7,33.4,0.06051962812428918,1.0213555793512588
3620260303010005,小田原競輪,5R,10:13,1-2,1,2,47.3,0.04271211554346893,1.0202830652060801
3820260301030007,静岡競輪,7R,23:12,4-6,4,6,62.2,0.03247934852385958,1.020215478184066
4420260228040003,大垣競輪,3R,11:59,7-8,7,8,50.7,0.039772354427794254,1.0164583694891687
4420260228040009,大垣競輪,9R,14:48,3-4,3,4,93.6,0.02149158262396056,1.0116121336027084
4420260228040005,大垣競輪,5R,12:54,2-3,2,3,109.3,0.018402761286119063,1.0114218085728135
8320260301030001,久留米競輪,1R,15:53,2-3,2,3,51.0,0.039332614341312674,1.0059633314069463
2720260301030005,京王閣競輪,5R,17:38,4-5,4,5,34.0,0.058973573154897284,1.0051014872665078
8320260301030005,久留米競輪,5R,17:26,3-7,3,7,39.7,0.05026628888245909,0.995571668633626
8320260301030012,久留米競輪,12R,20:30,1-6,1,6,38.2,0.05222361700653454,0.9949421696496195
3620260303010001,小田原競輪,1R,08:50,4-5,4,5,39.9,0.04995892186875224,0.9933609825632144
7320260301030006,小松島競輪,6R,23:03,2-5,2,5,35.2,0.056609934286272624,0.9926696868767966
4420260228040003,大垣競輪,3R,11:59,1-8,1,8,88.7,0.02243987555827447,0.9904169620189456
5620260301030001,岸和田競輪,1R,20:49,3-4,3,4,73.9,0.026829752926767585,0.9827187412881246
8320260301030005,久留米競輪,5R,17:26,1-7,1,7,45.0,0.0439720755976427,0.9787434018939214
4420260228040009,大垣競輪,9R,14:48,1-8,1,8,184.7,0.010692453629797852,0.9748961854236631
4420260228040009,大垣競輪,9R,14:48,1-6,1,6,225.3,0.008747266995952425,0.9707592541880814
2720260301030006,京王閣競輪,6R,18:04,3-5,3,5,99.9,0.01966197316337608,0.9642311190212705
3620260303010003,小田原競輪,3R,09:31,2-6,2,6,88.7,0.022139699613080294,0.963791355680222
8320260301030004,久留米競輪,4R,17:02,6-7,6,7,58.2,0.03373347385972797,0.963288178636168
5620260301030001,岸和田競輪,1R,20:49,3-7,3,7,40.7,0.04819612184967721,0.9615821592818627
8320260301030009,久留米競輪,9R,19:09,2-5,2,5,31.8,0.061664305984150236,0.9609249302959775
3620260303010005,小田原競輪,5R,10:13,5-7,5,7,26.3,0.07447987472012796,0.9588207051393653
8320260301030002,久留米競輪,2R,16:14,3-7,3,7,74.7,0.026197888051694943,0.9569822374616124
4420260228040005,大垣競輪,5R,12:54,3-5,3,5,85.4,0.022895211857370736,0.9552510926194608
5620260301030006,岸和田競輪,6R,22:54,4-5,4,5,66.5,0.029363040632558686,0.9526422020651526
7320260301030001,小松島競輪,1R,20:57,2-6,2,6,55.0,0.03547623314943517,0.9511928232189342
8320260301030002,久留米競輪,2R,16:14,1-7,1,7,27.9,0.06992438195199188,0.9508902564605735
2720260301030005,京王閣競輪,5R,17:38,2-5,2,5,33.5,0.058150068340327085,0.9480272894009574
4420260228040007,大垣競輪,7R,13:50,7-8,7,8,145.5,0.013344239996876258,0.9415869195454956
8320260301030006,久留米競輪,6R,17:51,1-3,1,3,29.7,0.06530285138218296,0.939494686050834
4420260228040003,大垣競輪,3R,11:59,2-6,2,6,199.0,0.009742711858721918,0.9387996598856616
3620260303010006,小田原競輪,6R,10:34,4-5,4,5,34.4,0.05635477409006815,0.9386042286983443
4420260228040012,大垣競輪,12R,16:20,6-7,6,7,201.8,0.009601054884369548,0.9374928756657748
2720260301030004,京王閣競輪,4R,17:14,1-6,1,6,59.1,0.03276681313148751,0.9365186560709118
7320260301030001,小松島競輪,1R,20:57,4-5,4,5,44.9,0.043058195497263425,0.9333129778271276
8320260301030012,久留米競輪,12R,20:30,1-7,1,7,16.3,0.11858317121859174,0.9329056908630455
8320260301030004,久留米競輪,4R,17:02,3-5,3,5,31.7,0.060962983831899714,0.932526587471221
7320260301030001,小松島競輪,1R,20:57,3-6,3,6,60.2,0.03207097494415226,0.930672691637966
8320260301030005,久留米競輪,5R,17:26,5-7,5,7,37.1,0.052031220384811214,0.9303582762764961
4420260228040009,大垣競輪,9R,14:48,3-7,3,7,53.3,0.03618420583306872,0.9286181709025627
2720260301030002,京王閣競輪,2R,16:26,3-4,3,4,24.2,0.0795422069109574,0.924921407245169
2720260301030005,京王閣競輪,5R,17:38,1-6,1,6,116.3,0.016525815404223394,0.9219523315111806
7320260301030002,小松島競輪,2R,21:21,5-6,5,6,65.7,0.029249272686289626,0.9216772154892285
3620260303010007,小田原競輪,7R,10:55,3-7,3,7,49.1,0.038824328055544,0.9062745075272103
3820260301030007,静岡競輪,7R,23:12,1-7,1,7,33.7,0.05638674780649989,0.9002334010790465
5620260301030002,岸和田競輪,2R,21:13,5-6,5,6,39.6,0.04786208351479648,0.8953385071859408
7320260301030003,小松島競輪,3R,21:45,4-7,4,7,62.4,0.03033260394026771,0.892754485872705
2720260301030001,京王閣競輪,1R,16:03,1-6,1,6,27.9,0.06749537025212311,0.8831208300342348
5620260301030001,岸和田競輪,1R,20:49,1-7,1,7,20.5,0.09147975486740838,0.8753349747818717
7320260301030001,小松島競輪,1R,20:57,1-7,1,7,31.1,0.060199540796013966,0.8722057187560344
3620260303010001,小田原競輪,1R,08:50,2-5,2,5,74.6,0.025090748943355987,0.8717698711743564
3820260301030007,静岡競輪,7R,23:12,1-5,1,5,31.1,0.060121837493900245,0.8697891460602978
2720260301030002,京王閣競輪,2R,16:26,1-7,1,7,49.8,0.037529823438858106,0.8689852072551336
2720260301030010,京王閣競輪,10R,19:48,2-4,2,4,64.9,0.0287728255442725,0.8673563778232853
3620260303010006,小田原競輪,6R,10:34,1-2,1,2,23.5,0.07937201557301697,0.8652423659658988
8320260301030012,久留米競輪,12R,20:30,2-4,2,4,90.9,0.020455302227111664,0.8593869724444505
3620260303010001,小田原競輪,1R,08:50,2-7,2,7,141.8,0.01306558281985665,0.8526996438556731
7320260301030002,小松島競輪,2R,21:21,1-5,1,5,31.0,0.05976381153849705,0.8526781576934086
8320260301030005,久留米競輪,5R,17:26,3-6,3,6,50.0,0.03698662764645431,0.8493313823227153
8320260301030002,久留米競輪,2R,16:14,2-3,2,3,84.5,0.021874477274239502,0.848393329673238
4420260228040011,大垣競輪,11R,15:49,5-8,5,8,167.4,0.011009147538078969,0.8429312978744194
8320260301030005,久留米競輪,5R,17:26,1-6,1,6,58.7,0.03139147084036261,0.8426793383292854
4420260228040006,大垣競輪,6R,13:22,8-9,8,9,78.5,0.023421255331964853,0.8385685435592409
4420260228040005,大垣競輪,5R,12:54,3-8,3,8,259.1,0.007090376932706094,0.8371166632641489
2720260301030004,京王閣競輪,4R,17:14,5-7,5,7,27.6,0.06655583459294509,0.8369410347652846
4420260228040005,大垣競輪,5R,12:54,2-7,2,7,66.8,0.027490718288949556,0.8363799817018303
2720260301030003,京王閣競輪,3R,16:50,3-4,3,4,24.0,0.07644938803716943,0.8347853128920661
4420260228040009,大垣競輪,9R,14:48,5-8,5,8,55.8,0.032846316066755296,0.8328244365249455
5620260301030002,岸和田競輪,2R,21:13,4-5,4,5,65.4,0.02802452175637738,0.8328037228670808
4420260228040004,大垣競輪,4R,12:26,4-5,4,5,60.5,0.030292538317014533,0.8326985681793793
4420260228040006,大垣競輪,6R,13:22,7-8,7,8,88.2,0.02077670292590052,0.832505198064426
3620260303010003,小田原競輪,3R,09:31,3-4,3,4,32.2,0.05680824918618246,0.8292256237950755
5620260301030001,岸和田競輪,1R,20:49,4-6,4,6,102.1,0.017915846039587464,0.8292078806418801
4420260228040009,大垣競輪,9R,14:48,6-7,6,7,113.2,0.016154988416998764,0.8287446888042602
4420260228040003,大垣競輪,3R,11:59,6-8,6,8,204.2,0.008955127927943325,0.8286371228860268
8320260301030002,久留米競輪,2R,16:14,3-4,3,4,111.0,0.016462284007887046,0.8273135248754622
4420260228040003,大垣競輪,3R,11:59,2-4,2,4,84.8,0.021530717995326916,0.8258048860037224
8320260301030009,久留米競輪,9R,19:09,5-7,5,7,39.8,0.04577568654050102,0.8218723243119406
4420260228040003,大垣競輪,3R,11:59,5-6,5,6,84.8,0.021388466961786305,0.8137419983594787
5620260301030003,岸和田競輪,3R,21:37,1-6,1,6,23.7,0.07624807539134658,0.8070793867749138
2720260301030004,京王閣競輪,4R,17:14,2-4,2,4,39.2,0.04601816052748582,0.8039118926774442
4420260228040005,大垣競輪,5R,12:54,5-8,5,8,102.0,0.017651778168434887,0.8004813731803586
3620260303010007,小田原競輪,7R,10:55,4-6,4,6,33.2,0.054230252304452525,0.800444376507824
5620260301030002,岸和田競輪,2R,21:13,1-7,1,7,27.9,0.06449778442349045,0.7994881854153835
5620260301030005,岸和田競輪,5R,22:27,1-3,1,3,21.2,0.08480581567857184,0.7978832923857231
2720260301030011,京王閣競輪,11R,20:16,1-6,1,6,40.9,0.043903879583425766,0.7956686749621138
8320260301030012,久留米競輪,12R,20:30,2-5,2,5,37.9,0.04736013580094493,0.794949146855813
8320260301030008,久留米競輪,8R,18:43,5-7,5,7,30.8,0.058141099904971356,0.7907458770731177
4420260228040011,大垣競輪,11R,15:49,2-8,2,8,170.3,0.010510143585475341,0.7898774526064507
3820260301030004,静岡競輪,4R,21:53,2-7,2,7,32.1,0.05569446636517832,0.7877923703222243
7320260301030005,小松島競輪,5R,22:36,3-4,3,4,33.5,0.0532971176413225,0.7854534409843037
5620260301030002,岸和田競輪,2R,21:13,2-4,2,4,47.3,0.037733384204461644,0.7847890728710356
2720260301030005,京王閣競輪,5R,17:38,3-4,3,4,24.8,0.07188107399812751,0.7826506351535625
3820260301030005,静岡競輪,5R,22:18,6-7,6,7,68.4,0.026036863539780162,0.7809214661209631
2720260301030009,京王閣競輪,9R,19:22,1-7,1,7,45.3,0.03919189808758664,0.7753929833676747
3820260301030004,静岡競輪,4R,21:53,3-4,3,4,48.2,0.03682214354483006,0.7748273188608088
4420260228040001,大垣競輪,1R,11:05,1-6,1,6,39.1,0.04538046533514432,0.7743761946041428
4420260228040012,大垣競輪,12R,16:20,6-9,6,9,165.3,0.010720732295384554,0.7721370484270669
8320260301030001,久留米競輪,1R,15:53,4-5,4,5,40.0,0.044055655142919835,0.7622262057167934
8320260301030007,久留米競輪,7R,18:17,2-5,2,5,43.8,0.04000647246695564,0.752283494052657
8320260301030003,久留米競輪,3R,16:38,6-7,6,7,57.1,0.030666536239245798,0.7510592192609351
8320260301030012,久留米競輪,12R,20:30,1-4,1,4,45.0,0.03890897492063265,0.7509038714284693
4420260228040005,大垣競輪,5R,12:54,2-4,2,4,79.4,0.02195524511242514,0.7432464619265562
5620260301030003,岸和田競輪,3R,21:37,1-5,1,5,27.5,0.06330343320574469,0.740844413157979
3620260303010004,小田原競輪,4R,09:52,1-5,1,5,33.3,0.05227577761929408,0.7407833947224927
5620260301030005,岸和田競輪,5R,22:27,1-7,1,7,19.5,0.08900502072275689,0.7355979040937592
4420260228040008,大垣競輪,8R,14:19,4-7,4,7,133.7,0.01289834323493904,0.7245084905113495
3820260301030006,静岡競輪,6R,22:45,4-7,4,7,95.7,0.01798460314693929,0.7211265211620901
2720260301030003,京王閣競輪,3R,16:50,1-6,1,6,49.1,0.035031754420595265,0.7200591420512277
4420260228040002,大垣競輪,2R,11:32,4-5,4,5,42.7,0.04024385382837974,0.7184125584718151
3620260303010007,小田原競輪,7R,10:55,5-6,5,6,53.5,0.032080138836895915,0.7162874277739315
3620260303010001,小田原競輪,1R,08:50,3-5,3,5,25.2,0.06762989399722193,0.7042733287299925
8320260301030012,久留米競輪,12R,20:30,2-6,2,6,59.7,0.028536653878871426,0.7036382365686242
8320260301030006,久留米競輪,6R,17:51,3-5,3,5,27.7,0.06141959605688755,0.7013228107757852
4420260228040002,大垣競輪,2R,11:32,3-8,3,8,29.5,0.05744211831108115,0.694542490176894
3820260301030005,静岡競輪,5R,22:18,2-5,2,5,30.4,0.05572083629358068,0.6939134233248527
2720260301030009,京王閣競輪,9R,19:22,2-7,2,7,24.7,0.06854168201252164,0.6929795457092844
5620260301030005,岸和田競輪,5R,22:27,3-7,3,7,46.8,0.03608023587284183,0.6885550388489974
4420260228040005,大垣競輪,5R,12:54,1-4,1,4,28.0,0.06027586990977633,0.6877243574737373
4420260228040005,大垣競輪,5R,12:54,6-7,6,7,207.9,0.008116224353694745,0.6873630431331377
5620260301030007,岸和田競輪,7R,23:21,3-5,3,5,37.2,0.04528584754014596,0.6846335284934297
2720260301030002,京王閣競輪,2R,16:26,3-6,3,6,54.8,0.030706752093040877,0.6827300146986399
4420260228040008,大垣競輪,8R,14:19,6-8,6,8,370.0,0.00454770207590765,0.6826497680858303
3820260301030004,静岡競輪,4R,21:53,2-4,2,4,32.1,0.05236056523871084,0.6807741441626181
4420260228040012,大垣競輪,12R,16:20,3-7,3,7,44.8,0.037502833952116746,0.6801269610548302
4420260228040010,大垣競輪,10R,15:18,3-5,3,5,30.6,0.05485657006056217,0.6786110438532025
2720260301030009,京王閣競輪,9R,19:22,1-4,1,4,55.6,0.03018132487090085,0.6780816628220874
7320260301030005,小松島競輪,5R,22:36,4-7,4,7,28.7,0.05841287816152793,0.6764496032358516
3820260301030005,静岡競輪,5R,22:18,3-7,3,7,39.1,0.04280140154583715,0.6735348004422326
8320260301030006,久留米競輪,6R,17:51,1-5,1,5,67.4,0.024825411585457362,0.6732327408598264
4420260228040007,大垣競輪,7R,13:50,3-6,3,6,168.9,0.009900026445290838,0.6721144666096226
3620260303010001,小田原競輪,1R,08:50,1-2,1,2,36.9,0.04522736672735979,0.6688898322395762
2720260301030011,京王閣競輪,11R,20:16,2-7,2,7,28.5,0.058529740130062284,0.668097593706775
4420260228040004,大垣競輪,4R,12:26,1-8,1,8,90.8,0.018357090324364903,0.6668238014523331
3820260301030004,静岡競輪,4R,21:53,5-6,5,6,57.9,0.028761258002506535,0.6652768383451284
4420260228040011,大垣競輪,11R,15:49,2-9,2,9,68.0,0.024486306587483898,0.6650688479489051
2720260301030006,京王閣競輪,6R,18:04,2-4,2,4,34.3,0.04842556121909797,0.6609967498150602
4420260228040005,大垣競輪,5R,12:54,1-7,1,7,24.9,0.06670577704355987,0.6609738483846408
2720260301030011,京王閣競輪,11R,20:16,1-4,1,4,25.8,0.06437012162797513,0.6607491380017585
8320260301030004,久留米競輪,4R,17:02,3-6,3,6,28.0,0.05930872191679168,0.6606442136701669
8320260301030008,久留米競輪,8R,18:43,6-7,6,7,204.0,0.008124185238249093,0.657333788602815
3620260303010001,小田原競輪,1R,08:50,2-4,2,4,60.9,0.02719771822495367,0.6563410398996785
4420260228040008,大垣競輪,8R,14:19,8-9,8,9,63.9,0.025905871369834764,0.6553851805324413
2720260301030009,京王閣競輪,9R,19:22,4-6,4,6,125.2,0.013200482912828083,0.652700460686076
3620260303010004,小田原競輪,4R,09:52,2-3,2,3,35.0,0.04716233391608151,0.6506816870628529
3820260301030001,静岡競輪,1R,20:41,4-5,4,5,21.2,0.07779052265420072,0.6491590802690552
4420260228040004,大垣競輪,4R,12:26,3-4,3,4,36.3,0.04526612269240318,0.6431602537342354
4420260228040008,大垣競輪,8R,14:19,7-9,7,9,43.3,0.03783454290826464,0.6382357079278589
7320260301030001,小松島競輪,1R,20:57,1-6,1,6,27.1,0.060280782508949714,0.6336092059925373
4420260228040006,大垣競輪,6R,13:22,5-6,5,6,104.1,0.015690957314201642,0.6334286564083909
8320260301030005,久留米競輪,5R,17:26,4-5,4,5,26.7,0.06075393251518626,0.6221299981554731
4420260228040004,大垣競輪,4R,12:26,7-8,7,8,79.3,0.020440552712751466,0.6209358301211911
7320260301030007,小松島競輪,7R,23:30,2-4,2,4,18.9,0.08566007082231236,0.6189753385417036
3620260303010005,小田原競輪,5R,10:13,2-6,2,6,46.3,0.03486181751532466,0.6141021509595317
7320260301030001,小松島競輪,1R,20:57,2-4,2,4,25.2,0.06388515320027988,0.6099058606470529
5620260301030003,岸和田競輪,3R,21:37,1-4,1,4,21.7,0.07406209712832161,0.6071475076845789
8320260301030008,久留米競輪,8R,18:43,2-7,2,7,32.4,0.049588007279959684,0.6066514358706936
4420260228040004,大垣競輪,4R,12:26,4-8,4,8,84.0,0.0191070526365059,0.6049924214664955
7320260301030003,小松島競輪,3R,21:45,5-7,5,7,48.0,0.03339188744817008,0.6028105975121638
2720260301030004,京王閣競輪,4R,17:14,4-6,4,6,34.3,0.0466750166788097,0.6009530720831726
7320260301030002,小松島競輪,2R,21:21,4-6,4,6,53.3,0.029999928134598376,0.5989961695740933
4420260228040009,大垣競輪,9R,14:48,1-2,1,2,61.9,0.025804497191388963,0.5972983761469768
2720260301030003,京王閣競輪,3R,16:50,3-6,3,6,41.4,0.03854324776539489,0.5956904574873483
7320260301030002,小松島競輪,2R,21:21,3-6,3,6,63.2,0.025219764083795018,0.5938890900958451
5620260301030006,岸和田競輪,6R,22:54,4-6,4,6,199.5,0.00797344877549832,0.5907030307119148
3620260303010001,小田原競輪,1R,08:50,4-6,4,6,39.6,0.04015690271756786,0.5902133476156874
4420260228040012,大垣競輪,12R,16:20,8-9,8,9,143.7,0.011044597477477554,0.5871086575135243
4420260228040005,大垣競輪,5R,12:54,1-3,1,3,29.7,0.05340147973581277,0.5860239481536391
4420260228040005,大垣競輪,5R,12:54,6-9,6,9,141.5,0.011183527421359989,0.5824691301224385
4420260228040006,大垣競輪,6R,13:22,1-7,1,7,49.0,0.032282511321851975,0.5818430547707467
4420260228040003,大垣競輪,3R,11:59,4-6,4,6,152.2,0.010385547389366118,0.580680312661523
5620260301030007,岸和田競輪,7R,23:21,1-5,1,5,23.0,0.0686642048265302,0.5792767110101946
7320260301030002,小松島競輪,2R,21:21,1-4,1,4,22.9,0.06892098375787378,0.5782905280553094
8320260301030011,久留米競輪,11R,20:02,2-3,2,3,41.0,0.038460652512348516,0.5768867530062891
2720260301030010,京王閣競輪,10R,19:48,1-2,1,2,94.1,0.016732932874867018,0.5745689835249863
4420260228040002,大垣競輪,2R,11:32,4-7,4,7,67.1,0.023432704679298096,0.5723344839809021
4420260228040003,大垣競輪,3R,11:59,4-5,4,5,37.2,0.042251186818070025,0.5717441496322051
4420260228040004,大垣競輪,4R,12:26,3-8,3,8,44.6,0.035043146710278625,0.5629243432784268
3620260303010007,小田原競輪,7R,10:55,1-5,1,5,43.6,0.03578123980519835,0.5600620555066482
2720260301030005,京王閣競輪,5R,17:38,3-6,3,6,38.6,0.0402445522390298,0.5534397164265503
4420260228040003,大垣競輪,3R,11:59,3-6,3,6,64.6,0.02404148300812929,0.553079802325152
2720260301030009,京王閣競輪,9R,19:22,3-4,3,4,40.0,0.03871798240455443,0.5487192961821772
4420260228040004,大垣競輪,4R,12:26,7-9,7,9,51.9,0.02982495847796287,0.5479153450062728
8320260301030011,久留米競輪,11R,20:02,3-5,3,5,61.2,0.02528401518574063,0.5473817293673267
3820260301030003,静岡競輪,3R,21:29,3-6,3,6,16.1,0.09610387355148423,0.5472723641788961
4420260228040002,大垣競輪,2R,11:32,4-8,4,8,78.3,0.01969324686830386,0.5419812297881923
4420260228040002,大垣競輪,2R,11:32,5-8,5,8,40.6,0.037973972666635616,0.541743290265406
3620260303010006,小田原競輪,6R,10:34,1-3,1,3,22.3,0.06908115197577605,0.540509689059806
4420260228040012,大垣競輪,12R,16:20,5-6,5,6,90.5,0.01699414367446668,0.5379700025392347
5620260301030004,岸和田競輪,4R,22:01,1-2,1,2,10.3,0.14927844794953438,0.5375680138802041
8320260301030006,久留米競輪,6R,17:51,1-7,1,7,32.9,0.04673120394781828,0.5374566098832214
2720260301030010,京王閣競輪,10R,19:48,2-7,2,7,69.7,0.022028712703981074,0.5354012754674808
3820260301030005,静岡競輪,5R,22:18,2-7,2,7,34.2,0.044816384544348366,0.5327203514167143
4420260228040005,大垣競輪,5R,12:54,4-6,4,6,237.2,0.006456313888386413,0.531437654325257
4420260228040010,大垣競輪,10R,15:18,4-6,4,6,249.8,0.00612470700272145,0.5299518092798183
2720260301030003,京王閣競輪,3R,16:50,2-5,2,5,54.2,0.02812964542836487,0.524626782217376
3820260301030005,静岡競輪,5R,22:18,1-4,1,4,30.4,0.05007970822217374,0.5224231299540816
4420260228040007,大垣競輪,7R,13:50,3-5,3,5,65.1,0.023315318642042913,0.5178272435969935
2720260301030006,京王閣競輪,6R,18:04,1-2,1,2,21.1,0.07181902565482662,0.5153814413168418
3620260303010001,小田原競輪,1R,08:50,5-6,5,6,40.6,0.037275814149078594,0.5133980544525909
8320260301030002,久留米競輪,2R,16:14,5-7,5,7,15.1,0.10017508371278531,0.5126437640630581
8320260301030007,久留米競輪,7R,18:17,1-6,1,6,81.6,0.018504877781318138,0.50999802695556
8320260301030007,久留米競輪,7R,18:17,1-3,1,3,17.8,0.08482891044804733,0.5099546059752424
3820260301030007,静岡競輪,7R,23:12,5-6,5,6,73.5,0.020502624540460174,0.5069429037238227
2720260301030007,京王閣競輪,7R,18:30,4-5,4,5,42.1,0.035755156924450235,0.505292106519355
5620260301030006,岸和田競輪,6R,22:54,5-7,5,7,49.8,0.030206688443560267,0.5042930844893012
8320260301030003,久留米競輪,3R,16:38,1-3,1,3,34.6,0.043368791315496175,0.5005601795161676
2720260301030010,京王閣競輪,10R,19:48,1-5,1,5,30.3,0.0494452873429095,0.49819220649015783
4420260228040010,大垣競輪,10R,15:18,1-6,1,6,194.8,0.007682258643339348,0.49650398372250515
8320260301030009,久留米競輪,9R,19:09,1-2,1,2,35.3,0.04237510356644253,0.4958411558954212
3620260303010006,小田原競輪,6R,10:34,5-6,5,6,81.1,0.01836808756145013,0.4896519012336056
7320260301030004,小松島競輪,4R,22:09,1-6,1,6,23.0,0.06468981030713988,0.4878656370642174
3620260303010005,小田原競輪,5R,10:13,1-3,1,3,29.8,0.049866488874858284,0.4860213684707768
8320260301030012,久留米競輪,12R,20:30,3-4,3,4,135.3,0.010955474839875344,0.48227574583513433
3820260301030007,静岡競輪,7R,23:12,6-7,6,7,80.9,0.01831429093376279,0.48162613654140984
4420260228040010,大垣競輪,10R,15:18,4-7,4,7,98.2,0.015082121847243033,0.4810643653992659
4420260228040010,大垣競輪,10R,15:18,1-2,1,2,76.3,0.01940467036011528,0.48057634847679576
4420260228040003,大垣競輪,3R,11:59,1-6,1,6,138.6,0.010676511090129188,0.4797644370919054
8320260301030003,久留米競輪,3R,16:38,5-7,5,7,25.8,0.05718817236813928,0.47545484709799335
2720260301030007,京王閣競輪,7R,18:30,4-6,4,6,45.5,0.032265063803287856,0.4680604030495974
4420260228040011,大垣競輪,11R,15:49,1-4,1,4,31.1,0.04719524024657052,0.4677719716683433
4420260228040003,大垣競輪,3R,11:59,1-4,1,4,60.6,0.02421970745838479,0.4677142719781182
4420260228040004,大垣競輪,4R,12:26,5-8,5,8,59.8,0.02448899441647678,0.46444186610531135
4420260228040008,大垣競輪,8R,14:19,1-8,1,8,83.2,0.01759859422295319,0.4642030393497054
4420260228040002,大垣競輪,2R,11:32,1-7,1,7,81.9,0.017856148119519234,0.4624185309886253
3820260301030003,静岡競輪,3R,21:29,1-2,1,2,14.6,0.1000365316915839,0.46053336269712486
7320260301030005,小松島競輪,5R,22:36,5-6,5,6,100.5,0.01452588488387999,0.45985143082993885
4420260228040007,大垣競輪,7R,13:50,1-6,1,6,80.0,0.018225593086789234,0.4580474469431386
8320260301030008,久留米競輪,8R,18:43,2-6,2,6,146.7,0.009921636907444301,0.4555041343220789
3620260303010002,小田原競輪,2R,09:10,1-3,1,3,48.4,0.030058348045034204,0.4548240453796555
3820260301030003,静岡競輪,3R,21:29,2-6,2,6,14.2,0.10239421842633867,0.453997901654009
2720260301030009,京王閣競輪,9R,19:22,4-5,4,5,30.4,0.047828840261054675,0.45399674393606215
2720260301030003,京王閣競輪,3R,16:50,5-7,5,7,72.9,0.019940913585969916,0.45369260041720705
4420260228040008,大垣競輪,8R,14:19,7-8,7,8,287.8,0.005048245707987684,0.4528851147588555
4420260228040004,大垣競輪,4R,12:26,4-7,4,7,63.6,0.02280989702530327,0.4507094508092879
2720260301030010,京王閣競輪,10R,19:48,4-5,4,5,21.5,0.06734432104459098,0.447902902458706
3620260303010003,小田原競輪,3R,09:31,4-5,4,5,27.6,0.05243523096723303,0.4472123746956316
8320260301030011,久留米競輪,11R,20:02,3-6,3,6,50.4,0.02830521832636211,0.4265830036486504
8320260301030010,久留米競輪,10R,19:35,1-4,1,4,22.6,0.06307254123624843,0.42543943193921474
5620260301030007,岸和田競輪,7R,23:21,3-7,3,7,35.5,0.04015025642657914,0.42533410314355957
2720260301030009,京王閣競輪,9R,19:22,3-6,3,6,45.7,0.031089208348160004,0.4207768215109122
5620260301030001,岸和田競輪,1R,20:49,2-5,2,5,26.2,0.05418714944647664,0.4197033154976879
4420260228040004,大垣競輪,4R,12:26,8-9,8,9,62.8,0.022524128453612978,0.414515266886895
4420260228040011,大垣競輪,11R,15:49,2-4,2,4,87.0,0.016252841724405345,0.41399723002326505
4420260228040004,大垣競輪,4R,12:26,1-5,1,5,47.7,0.029453560014092432,0.4049348126722092
3620260303010002,小田原競輪,2R,09:10,2-6,2,6,25.3,0.05544193526909288,0.40268096230804984
4420260228040006,大垣競輪,6R,13:22,3-6,3,6,87.4,0.016025668066608337,0.4006433890215688
2720260301030003,京王閣競輪,3R,16:50,4-5,4,5,22.3,0.06273456578961202,0.3989808171083482
4420260228040007,大垣競輪,7R,13:50,1-4,1,4,36.8,0.03799210925837137,0.3981096207080663
5620260301030003,岸和田競輪,3R,21:37,4-7,4,7,77.1,0.018101639406399462,0.39563639823339836
7320260301030002,小松島競輪,2R,21:21,2-3,2,3,32.2,0.04330710175818832,0.39448867661366394
7320260301030006,小松島競輪,6R,23:03,5-7,5,7,35.2,0.03950536816409664,0.39058895937620175
4420260228040005,大垣競輪,5R,12:54,8-9,8,9,59.7,0.023289082167619195,0.39035820540686594
4420260228040012,大垣競輪,12R,16:20,2-4,2,4,56.4,0.02455269756465081,0.38477214264630577
8320260301030006,久留米競輪,6R,17:51,1-6,1,6,57.9,0.023913975582383028,0.38461918621997726
4420260228040005,大垣競輪,5R,12:54,2-8,2,8,96.7,0.014309118764164176,0.3836917844946759
4420260228040004,大垣競輪,4R,12:26,3-5,3,5,23.7,0.05826338936431559,0.3808423279342794
4420260228040012,大垣競輪,12R,16:20,5-7,5,7,69.4,0.019814688848697495,0.3751394060996063
8320260301030011,久留米競輪,11R,20:02,2-7,2,7,14.4,0.09543724681280813,0.37429635410443707
3620260303010002,小田原競輪,2R,09:10,4-5,4,5,22.3,0.061598535451503435,0.37364734056852655
8320260301030008,久留米競輪,8R,18:43,2-5,2,5,19.6,0.06992671952235327,0.3705637026381241
7320260301030004,小松島競輪,4R,22:09,3-5,3,5,37.5,0.03649551304885347,0.3685817393320052
3820260301030007,静岡競輪,7R,23:12,2-3,2,3,19.7,0.0690343164309274,0.3599760336892699
4420260228040009,大垣競輪,9R,14:48,6-8,6,8,166.6,0.008142703883775734,0.3565744670370372
8320260301030001,久留米競輪,1R,15:53,5-7,5,7,35.1,0.03863765272018653,0.35618161047854735
3820260301030006,静岡競輪,6R,22:45,2-4,2,4,18.5,0.07311808211041537,0.3526845190426844
7320260301030004,小松島競輪,4R,22:09,5-6,5,6,50.0,0.027029159783994193,0.3514579891997096
4420260228040009,大垣競輪,9R,14:48,5-6,5,6,41.5,0.032553062835875786,0.3509521076888451
4420260228040004,大垣競輪,4R,12:26,4-9,4,9,49.5,0.027263185037540282,0.3495276593582439
8320260301030007,久留米競輪,7R,18:17,5-6,5,6,197.3,0.006835834251539771,0.3487100978287969
5620260301030007,岸和田競輪,7R,23:21,5-7,5,7,35.5,0.037918443914382406,0.34610475896057546
2720260301030003,京王閣競輪,3R,16:50,3-5,3,5,66.1,0.020350720519866763,0.34518262636319297
5620260301030005,岸和田競輪,5R,22:27,3-4,3,4,58.5,0.022975952652758008,0.3440932301863435
4420260228040010,大垣競輪,10R,15:18,3-6,3,6,189.9,0.0070563251857790315,0.3399961527794382
4420260228040005,大垣競輪,5R,12:54,5-9,5,9,32.2,0.04161216691168137,0.3399117745561402
7320260301030002,小松島競輪,2R,21:21,3-5,3,5,43.7,0.030643384073890736,0.33911588402902537
3820260301030006,静岡競輪,6R,22:45,3-4,3,4,47.8,0.02800487925269191,0.33863322827867326
2720260301030010,京王閣競輪,10R,19:48,5-7,5,7,24.6,0.0543673609656842,0.3374370797558315
4420260228040011,大垣競輪,11R,15:49,3-5,3,5,51.4,0.025977886896451224,0.3352633864775929
4420260228040006,大垣競輪,6R,13:22,2-6,2,6,48.0,0.027749790945973973,0.33198996540675063
4420260228040003,大垣競輪,3R,11:59,3-4,3,4,28.6,0.04656806238190303,0.33184658412242674
7320260301030006,小松島競輪,6R,23:03,4-6,4,6,82.2,0.01617673509298745,0.3297276246435683
4420260228040004,大垣競輪,4R,12:26,5-7,5,7,40.4,0.03290797624592744,0.32948224033546847
4420260228040004,大垣競輪,4R,12:26,5-9,5,9,36.0,0.03690012563179774,0.32840452274471854
8320260301030004,久留米競輪,4R,17:02,5-7,5,7,38.7,0.03431634762682416,0.3280426531580951
7320260301030002,小松島競輪,2R,21:21,2-7,2,7,22.2,0.059746155793194436,0.3263646586089164
8320260301030003,久留米競輪,3R,16:38,2-5,2,5,18.6,0.07126730090980442,0.3255717969223624
4420260228040005,大垣競輪,5R,12:54,3-4,3,4,115.3,0.011484162920855119,0.32412398477459514
4420260228040002,大垣競輪,2R,11:32,7-8,7,8,66.0,0.02004299729243344,0.3228378213006069
3820260301030007,静岡競輪,7R,23:12,3-5,3,5,47.6,0.02775397800915752,0.32108935323589805
4420260228040009,大垣競輪,9R,14:48,1-7,1,7,62.5,0.02113508084221795,0.3209425526386218
5620260301030007,岸和田競輪,7R,23:21,4-5,4,5,34.0,0.03884872624914641,0.3208566924709779
5620260301030004,岸和田競輪,4R,22:01,4-7,4,7,48.1,0.027459776077735146,0.3208152293390605
4420260228040001,大垣競輪,1R,11:05,1-3,1,3,17.4,0.07585133092119858,0.31981315802885524
3820260301030004,静岡競輪,4R,21:53,2-3,2,3,22.2,0.05945000148228285,0.3197900329066792
7320260301030003,小松島競輪,3R,21:45,1-4,1,4,12.7,0.10387527515691419,0.31921599449281013
7320260301030006,小松島競輪,6R,23:03,1-7,1,7,20.5,0.06431741874181177,0.31850708420714113
5620260301030001,岸和田競輪,1R,20:49,3-5,3,5,34.0,0.038746634293121696,0.31738556596613776
4420260228040010,大垣競輪,10R,15:18,2-3,2,3,72.0,0.0182848097157125,0.31650629953129994
3620260303010001,小田原競輪,1R,08:50,6-7,6,7,63.2,0.020783763383059095,0.31353384580933485
5620260301030001,岸和田競輪,1R,20:49,5-7,5,7,18.6,0.0705573081346933,0.31236593130529533
4420260228040011,大垣競輪,11R,15:49,2-5,2,5,60.2,0.021751758741046914,0.3094558762110242
8320260301030009,久留米競輪,9R,19:09,3-6,3,6,33.0,0.03965499370225721,0.30861479217448795
8320260301030004,久留米競輪,4R,17:02,2-5,2,5,39.5,0.033089747924401905,0.30704504301387514
2720260301030007,京王閣競輪,7R,18:30,2-6,2,6,125.2,0.010406284347936449,0.3028668003616435
5620260301030005,岸和田競輪,5R,22:27,2-6,2,6,39.0,0.03329297016218996,0.2984258363254084
7320260301030004,小松島競輪,4R,22:09,4-5,4,5,33.3,0.03894636518967434,0.2969139608161555
4420260228040012,大垣競輪,12R,16:20,1-5,1,5,25.2,0.0514600290746116,0.2967927326802122
3820260301030003,静岡競輪,3R,21:29,2-4,2,4,23.1,0.05608496941727673,0.29556279353909254
4420260228040006,大垣競輪,6R,13:22,3-5,3,5,42.2,0.03064432561130116,0.2931905407969091
8320260301030003,久留米競輪,3R,16:38,4-7,4,7,25.1,0.05151482206100474,0.29302203373121904
3620260303010002,小田原競輪,2R,09:10,1-5,1,5,23.5,0.05500300871511,0.29257070480508496
4420260228040012,大垣競輪,12R,16:20,2-6,2,6,74.6,0.01732250018361506,0.2922585136976832
8320260301030007,久留米競輪,7R,18:17,1-5,1,5,14.9,0.08671513973160284,0.29205558200088233
8320260301030004,久留米競輪,4R,17:02,2-7,2,7,55.0,0.023346309180361992,0.28404700491990953
3620260303010005,小田原競輪,5R,10:13,2-5,2,5,16.9,0.07592354849502952,0.2831079695659988
2720260301030005,京王閣競輪,5R,17:38,5-7,5,7,19.4,0.06611818244151269,0.282692739365346
4420260228040001,大垣競輪,1R,11:05,2-3,2,3,24.7,0.051882107184533025,0.28148804745796574
4420260228040006,大垣競輪,6R,13:22,2-5,2,5,23.8,0.05374999143779953,0.27924979621962875
7320260301030005,小松島競輪,5R,22:36,2-4,2,4,20.1,0.063634295151317,0.2790493325414716
4420260228040003,大垣競輪,3R,11:59,4-7,4,7,36.1,0.035391471345612095,0.2776321155765966
8320260301030009,久留米競輪,9R,19:09,2-3,2,3,28.8,0.044325816325897424,0.2765835101858458
5620260301030004,岸和田競輪,4R,22:01,2-5,2,5,26.2,0.048610735599603785,0.2736012727096191
5620260301030004,岸和田競輪,4R,22:01,3-5,3,5,48.1,0.026429881891299488,0.2712773189715054
4420260228040009,大垣競輪,9R,14:48,5-9,5,9,22.2,0.05703700602836902,0.2662215338297922
7320260301030003,小松島競輪,3R,21:45,1-6,1,6,18.9,0.06684214559467401,0.26331655173933877
3620260303010007,小田原競輪,7R,10:55,4-5,4,5,22.6,0.05589378894437684,0.2631996301429167
4420260228040007,大垣競輪,7R,13:50,4-8,4,8,85.9,0.014693195745136677,0.26214551450724066
2720260301030010,京王閣競輪,10R,19:48,1-6,1,6,57.0,0.022114293694304343,0.2605147405753476
7320260301030003,小松島競輪,3R,21:45,3-4,3,4,27.1,0.046394387976571444,0.2572879141650861
8320260301030008,久留米競輪,8R,18:43,1-7,1,7,15.7,0.07967451166019422,0.2508898330650493
5620260301030006,岸和田競輪,6R,22:54,1-4,1,4,11.7,0.10676706234883764,0.24917462948140034
4420260228040012,大垣競輪,12R,16:20,3-4,3,4,30.5,0.04089905220302772,0.24742109219234543
8320260301030012,久留米競輪,12R,20:30,4-7,4,7,26.6,0.04664258960067248,0.24069288337788808
2720260301030005,京王閣競輪,5R,17:38,1-5,1,5,22.3,0.05556275441566414,0.23904942346931035
4420260228040008,大垣競輪,8R,14:19,1-2,1,2,20.6,0.060097518923800455,0.23800888983028945
5620260301030006,岸和田競輪,6R,22:54,1-5,1,5,9.9,0.12456285483260078,0.23317226284274772
2720260301030006,京王閣競輪,6R,18:04,3-4,3,4,36.8,0.0332832296361102,0.2248228506088552
7320260301030007,小松島競輪,7R,23:30,2-3,2,3,19.5,0.06268478675054731,0.22235334163567266
3620260303010007,小田原競輪,7R,10:55,1-7,1,7,27.2,0.04480908357584713,0.21880707326304205
7320260301030001,小松島競輪,1R,20:57,3-5,3,5,35.8,0.03393195605620904,0.21476402681228346
8320260301030006,久留米競輪,6R,17:51,1-2,1,2,33.4,0.03626290432964646,0.21118100461019185
4420260228040003,大垣競輪,3R,11:59,2-7,2,7,33.8,0.035824605643109644,0.2108716707371059
8320260301030005,久留米競輪,5R,17:26,1-4,1,4,23.4,0.05154430260784569,0.20613668102358917
5620260301030006,岸和田競輪,6R,22:54,5-6,5,6,99.7,0.012065517943310167,0.20293213894802364
8320260301030005,久留米競輪,5R,17:26,3-4,3,4,20.5,0.05862015135615131,0.20171310280110188
5620260301030003,岸和田競輪,3R,21:37,2-6,2,6,18.5,0.06490273603004483,0.20070061655582938
7320260301030001,小松島競輪,1R,20:57,5-6,5,6,58.0,0.02064523304468497,0.1974235165917282
2720260301030001,京王閣競輪,1R,16:03,3-6,3,6,13.7,0.08733947773086896,0.19655084491290475
7320260301030006,小松島競輪,6R,23:03,2-4,2,4,27.4,0.04363840046950375,0.19569217286440277
4420260228040011,大垣競輪,11R,15:49,1-9,1,9,17.6,0.06786061971478438,0.1943469069802053
4420260228040002,大垣競輪,2R,11:32,1-4,1,4,65.2,0.018230277893111838,0.18861411863089184
5620260301030003,岸和田競輪,3R,21:37,2-5,2,5,22.0,0.05395534022609924,0.18701748497418325
3820260301030004,静岡競輪,4R,21:53,1-4,1,4,20.6,0.05758384930008098,0.18622729558166817
3820260301030004,静岡競輪,4R,21:53,4-6,4,6,72.3,0.01636829824435827,0.18342796306710274
8320260301030005,久留米競輪,5R,17:26,2-7,2,7,20.0,0.0590395969956999,0.1807919399139979
4420260228040005,大垣競輪,5R,12:54,2-9,2,9,31.3,0.03763247294493984,0.17789640317661704
2720260301030010,京王閣競輪,10R,19:48,2-5,2,5,47.0,0.02505398294095259,0.17753719822477176
4420260228040003,大垣競輪,3R,11:59,2-5,2,5,27.2,0.0428725123868212,0.16613233692153662
5620260301030002,岸和田競輪,2R,21:13,4-6,4,6,45.1,0.025760168604723188,0.16178360407301584
3820260301030002,静岡競輪,2R,21:05,4-6,4,6,36.6,0.03173761758710804,0.16159680368815432
4420260228040010,大垣競輪,10R,15:18,5-9,5,9,9.6,0.12082435008658003,0.15991376083116826
3820260301030003,静岡競輪,3R,21:29,2-5,2,5,22.7,0.05108631742832137,0.15965940562289505
4420260228040002,大垣競輪,2R,11:32,6-7,6,7,44.7,0.025912245862801355,0.15827739006722075
8320260301030006,久留米競輪,6R,17:51,2-5,2,5,35.7,0.03241387989719628,0.15717551232990745
8320260301030011,久留米競輪,11R,20:02,3-7,3,7,15.2,0.07574362692716817,0.15130312929295608
7320260301030007,小松島競輪,7R,23:30,2-7,2,7,70.8,0.016200489160059128,0.14699463253218625
2720260301030011,京王閣競輪,11R,20:16,4-6,4,6,65.1,0.01753825426688388,0.14174035277414054
5620260301030005,岸和田競輪,5R,22:27,2-3,2,3,19.5,0.058489484274199574,0.14054494334689172
4420260228040012,大垣競輪,12R,16:20,5-9,5,9,44.8,0.02543031067198298,0.13927791810483736
4420260228040005,大垣競輪,5R,12:54,3-6,3,6,210.5,0.005401102489258406,0.1369320739888944
3620260303010001,小田原競輪,1R,08:50,1-4,1,4,13.8,0.08235652018031,0.13651997848827824
4420260228040008,大垣競輪,8R,14:19,4-6,4,6,108.5,0.01045078537493407,0.13391021318034668
8320260301030001,久留米競輪,1R,15:53,3-6,3,6,24.6,0.04609234923079951,0.1338717910776679
2720260301030006,京王閣競輪,6R,18:04,4-7,4,7,20.1,0.056264410424201716,0.1309146495264546
2720260301030009,京王閣競輪,9R,19:22,2-3,2,3,14.7,0.07679566244300987,0.12889623791224492
8320260301030011,久留米競輪,11R,20:02,1-7,1,7,16.3,0.06909152690580043,0.12619188856454722
2720260301030001,京王閣競輪,1R,16:03,1-3,1,3,11.1,0.10143089390454141,0.12588292234040965
3820260301030004,静岡競輪,4R,21:53,2-5,2,5,15.2,0.07370657057142299,0.12033987268562951
3820260301030001,静岡競輪,1R,20:41,1-4,1,4,20.9,0.05354251029688079,0.11903846520480843
8320260301030007,久留米競輪,7R,18:17,4-5,4,5,16.8,0.06646233229937162,0.11656718262944343
5620260301030003,岸和田競輪,3R,21:37,4-5,4,5,41.6,0.026768141460504873,0.11355468475700281
5620260301030006,岸和田競輪,6R,22:54,3-5,3,5,49.8,0.02229395925972484,0.11023917113429693
5620260301030005,岸和田競輪,5R,22:27,1-6,1,6,21.2,0.052304296894593295,0.10885109416537775
7320260301030007,小松島競輪,7R,23:30,4-5,4,5,29.8,0.03717778137907476,0.10789788509642784
4420260228040002,大垣競輪,2R,11:32,2-7,2,7,37.6,0.029395537592436197,0.105272213475601
3820260301030005,静岡競輪,5R,22:18,1-3,1,3,13.0,0.08452376418480638,0.09880893440248295
8320260301030001,久留米競輪,1R,15:53,2-6,2,6,24.6,0.04460340027971453,0.09724364688097742
3820260301030005,静岡競輪,5R,22:18,1-6,1,6,17.1,0.06408415247432277,0.09583900731091943
7320260301030007,小松島競輪,7R,23:30,4-6,4,6,21.8,0.050267108836308215,0.09582297263151918
4420260228040010,大垣競輪,10R,15:18,4-8,4,8,90.1,0.012127732101814047,0.09270866237344566
5620260301030007,岸和田競輪,7R,23:21,2-7,2,7,19.0,0.05729475839498605,0.08860040950473502
2720260301030004,京王閣競輪,4R,17:14,1-3,1,3,30.8,0.035185336757002944,0.0837083721156906
4420260228040001,大垣競輪,1R,11:05,1-2,1,2,13.6,0.07962878887101434,0.08295152864579491
4420260228040002,大垣競輪,2R,11:32,2-8,2,8,44.5,0.024294254483955197,0.08109432453600629
2720260301030006,京王閣競輪,6R,18:04,2-5,2,5,32.1,0.03359481564993547,0.07839358236292848
5620260301030007,岸和田競輪,7R,23:21,5-6,5,6,52.1,0.020696370197332174,0.07828088728100635
2720260301030007,京王閣競輪,7R,18:30,1-5,1,5,16.8,0.06417356963086453,0.07811596979852409
7320260301030001,小松島競輪,1R,20:57,1-2,1,2,11.7,0.09205838455378107,0.0770830992792384
2720260301030001,京王閣競輪,1R,16:03,2-3,2,3,10.5,0.10229447065929292,0.07409194192257562
3620260303010007,小田原競輪,7R,10:55,5-7,5,7,25.1,0.04270679318644653,0.07194050897980797
4420260228040010,大垣競輪,10R,15:18,2-9,2,9,21.9,0.04894583528023001,0.07191379263703723
5620260301030001,岸和田競輪,1R,20:49,1-5,1,5,13.5,0.07939845897552904,0.07187919616964211
5620260301030001,岸和田競輪,1R,20:49,2-6,2,6,42.5,0.025187323301171682,0.07046124029979639
3820260301030007,静岡競輪,7R,23:12,3-7,3,7,42.5,0.02505156798963775,0.06469163955960444
8320260301030003,久留米競輪,3R,16:38,1-5,1,5,21.3,0.04995982893916778,0.06414435640427385
2720260301030009,京王閣競輪,9R,19:22,3-5,3,5,14.4,0.07366071323327188,0.06071427055911505
4420260228040009,大垣競輪,9R,14:48,4-6,4,6,128.1,0.008279112140573884,0.06055426520751439
4420260228040005,大垣競輪,5R,12:54,6-8,6,8,251.3,0.004203647758791892,0.05637668178440247
8320260301030008,久留米競輪,8R,18:43,4-7,4,7,30.6,0.03447711723028752,0.054999787246798215
3620260303010001,小田原競輪,1R,08:50,3-6,3,6,18.9,0.05577615517909226,0.0541693328848436
2720260301030001,京王閣競輪,1R,16:03,2-5,2,5,27.0,0.03890208080191832,0.050356181651794785
7320260301030005,小松島競輪,5R,22:36,1-2,1,2,12.5,0.08401496419999155,0.05018705249989441
4420260228040011,大垣競輪,11R,15:49,3-8,3,8,85.5,0.01226761708607882,0.048881260859739095
4420260228040004,大垣競輪,4R,12:26,3-7,3,7,21.6,0.04850845068313796,0.04778253475577987
7320260301030002,小松島競輪,2R,21:21,2-6,2,6,25.4,0.0411983732262626,0.04643867994706996
5620260301030003,岸和田競輪,3R,21:37,3-7,3,7,48.1,0.021728787245205244,0.045154666494372275
3820260301030004,静岡競輪,4R,21:53,1-3,1,3,16.0,0.06528986865472411,0.04463789847558575
7320260301030005,小松島競輪,5R,22:36,1-7,1,7,13.4,0.0779111747097018,0.044009741110004
5620260301030002,岸和田競輪,2R,21:13,4-7,4,7,64.4,0.0162004697537949,0.04331025214439155
4420260228040001,大垣競輪,1R,11:05,3-5,3,5,25.9,0.04016440951205217,0.04025820636215105
7320260301030002,小松島競輪,2R,21:21,6-7,6,7,29.0,0.035861670421013035,0.03998844220937792
3820260301030005,静岡競輪,5R,22:18,1-2,1,2,11.4,0.09121543847764578,0.03985599864516187
7320260301030004,小松島競輪,4R,22:09,5-7,5,7,25.0,0.04153294669564021,0.038323667391005234
7320260301030004,小松島競輪,4R,22:09,4-6,4,6,33.3,0.03115438352024271,0.03744097122408219
8320260301030011,久留米競輪,11R,20:02,1-4,1,4,28.3,0.03663854773773734,0.036870900977966636
8320260301030008,久留米競輪,8R,18:43,1-2,1,2,10.9,0.09505203684117727,0.03606720156883236
5620260301030002,岸和田競輪,2R,21:13,2-6,2,6,16.5,0.06278580907799933,0.0359658497869888
2720260301030011,京王閣競輪,11R,20:16,1-2,1,2,7.9,0.13095327304811805,0.03453085708013259
3620260303010003,小田原競輪,3R,09:31,4-7,4,7,55.0,0.0187801423359446,0.03290782847695306
2720260301030007,京王閣競輪,7R,18:30,1-3,1,3,15.5,0.06638770189918455,0.029009379437360483
4420260228040001,大垣競輪,1R,11:05,1-5,1,5,15.7,0.06551527743386623,0.028589855711699697
4420260228040003,大垣競輪,3R,11:59,1-2,1,2,44.4,0.023161676160302735,0.02837842151744141
3620260303010005,小田原競輪,5R,10:13,3-7,3,7,24.7,0.04162584610741646,0.028158398853186606
3620260303010006,小田原競輪,6R,10:34,3-5,3,5,31.3,0.03284086666743947,0.02791912669085539
2720260301030011,京王閣競輪,11R,20:16,4-5,4,5,33.4,0.03070039600868557,0.025393226690098025
4420260228040004,大垣競輪,4R,12:26,1-4,1,4,50.7,0.020150629779406473,0.021636929815908257
3620260303010007,小田原競輪,7R,10:55,6-7,6,7,24.8,0.041177253207145485,0.02119587953720803
2720260301030011,京王閣競輪,11R,20:16,2-5,2,5,11.8,0.08653150893950479,0.021071805486156503
4420260228040004,大垣競輪,4R,12:26,1-9,1,9,38.3,0.026653262341713405,0.020819947687623408
8320260301030011,久留米競輪,11R,20:02,4-5,4,5,26.1,0.03902335896855713,0.01850966907934115
8320260301030011,久留米競輪,11R,20:02,2-6,2,6,26.5,0.038351197180330046,0.016306725278746326
2720260301030007,京王閣競輪,7R,18:30,3-7,3,7,15.9,0.06380813990025394,0.014549424414037615
2720260301030010,京王閣競輪,10R,19:48,1-7,1,7,23.1,0.04379881229748503,0.011752564071904281
5620260301030005,岸和田競輪,5R,22:27,1-5,1,5,13.0,0.07781000850055259,0.011530110507183666
2720260301030001,京王閣競輪,1R,16:03,4-6,4,6,17.5,0.057440999141789656,0.0052174849813189095
5620260301030004,岸和田競輪,4R,22:01,2-6,2,6,72.1,0.01393443682917748,0.004672895383696307
4420260228040011,大垣競輪,11R,15:49,1-7,1,7,12.2,0.0822417850037152,0.003349777045325464
8320260301030012,久留米競輪,12R,20:30,3-6,3,6,56.1,0.017845619812417602,0.0011392714766274015
5620260301030001,岸和田競輪,1R,20:49,1-4,1,4,16.5,0.06058947890041495,-0.00027359814315330855
7320260301030003,小松島競輪,3R,21:45,1-5,1,5,8.7,0.11487401210452883,-0.0005960946905992914
4420260228040008,大垣競輪,8R,14:19,5-7,5,7,85.9,0.01159951280716035,-0.0036018498649258435
8320260301030001,久留米競輪,1R,15:53,4-7,4,7,40.4,0.024612220508571273,-0.005666291453720662
4420260228040001,大垣競輪,1R,11:05,1-4,1,4,13.8,0.07192997387728071,-0.007366360493526125
4420260228040010,大垣競輪,10R,15:18,2-4,2,4,62.8,0.01574040984479896,-0.011502261746625386
3820260301030007,静岡競輪,7R,23:12,3-4,3,4,23.8,0.041519644811106954,-0.011832453495654427
4420260228040006,大垣競輪,6R,13:22,6-9,6,9,49.0,0.020149495860490894,-0.012674702835946183
4420260228040003,大垣競輪,3R,11:59,1-3,1,3,18.1,0.05451338207627901,-0.013307784419349877
3620260303010001,小田原競輪,1R,08:50,2-6,2,6,53.3,0.018481304470422847,-0.014946471726462351
2720260301030002,京王閣競輪,2R,16:26,1-4,1,4,15.7,0.06271182872150524,-0.015424289072367703
5620260301030007,岸和田競輪,7R,23:21,1-6,1,6,25.2,0.03894772525885091,-0.018517323476957115
4420260228040010,大垣競輪,10R,15:18,3-4,3,4,61.6,0.015920511365693998,-0.019296499873249773
4420260228040007,大垣競輪,7R,13:50,1-7,1,7,28.2,0.03476724329081162,-0.019563739199112362
2720260301030001,京王閣競輪,1R,16:03,3-4,3,4,10.4,0.09407814277011975,-0.02158731519075452
3620260303010003,小田原競輪,3R,09:31,1-7,1,7,20.1,0.04849377235080399,-0.02527517574883975
7320260301030007,小松島競輪,7R,23:30,3-4,3,4,25.7,0.03791969235616687,-0.02546390644651142
7320260301030001,小松島競輪,1R,20:57,1-5,1,5,14.8,0.06581334380238758,-0.025962511724663684
2720260301030002,京王閣競輪,2R,16:26,5-7,5,7,29.9,0.03257247643105347,-0.02608295471150135
4420260228040002,大垣競輪,2R,11:32,4-6,4,6,43.2,0.02253904523023026,-0.02631324605405272
4420260228040007,大垣競輪,7R,13:50,2-7,2,7,48.6,0.02000641543946098,-0.027688209642196315
3820260301030003,静岡競輪,3R,21:29,4-5,4,5,57.1,0.017017167510659965,-0.028319735141315916
4420260228040008,大垣競輪,8R,14:19,1-5,1,5,33.6,0.02891799050030116,-0.028355519189880996
7320260301030007,小松島競輪,7R,23:30,5-6,5,6,27.0,0.03595783246321695,-0.029138523493142277
7320260301030004,小松島競輪,4R,22:09,1-4,1,4,11.5,0.08433017807651011,-0.030202952120133686
7320260301030003,小松島競輪,3R,21:45,3-5,3,5,18.9,0.05115383542630676,-0.03319251044280225
5620260301030005,岸和田競輪,5R,22:27,2-5,2,5,16.7,0.05755978890438669,-0.038751525296742306
5620260301030003,岸和田競輪,3R,21:37,3-5,3,5,31.4,0.030599135237660474,-0.03918715353746116
8320260301030001,久留米競輪,1R,15:53,1-4,1,4,16.3,0.05867517606488684,-0.04359463014234444
5620260301030004,岸和田競輪,4R,22:01,1-5,1,5,13.7,0.06980477439083412,-0.04367459084557268
8320260301030009,久留米競輪,9R,19:09,1-4,1,4,16.1,0.059362866311635634,-0.04425785238266622
7320260301030001,小松島競輪,1R,20:57,2-5,2,5,25.8,0.036992548763041075,-0.04559224191354028
4420260228040005,大垣競輪,5R,12:54,2-6,2,6,116.9,0.008153010126394786,-0.04691311622444949
7320260301030005,小松島競輪,5R,22:36,1-5,1,5,14.3,0.06660863378021392,-0.04749653694294087
8320260301030007,久留米競輪,7R,18:17,6-7,6,7,197.3,0.004824209555734813,-0.04818345465352136
5620260301030003,岸和田競輪,3R,21:37,4-6,4,6,29.6,0.03198350827578815,-0.053288155036670726
3820260301030007,静岡競輪,7R,23:12,2-4,2,4,14.4,0.06549208132890882,-0.056914028863712884
7320260301030006,小松島競輪,6R,23:03,2-6,2,6,20.5,0.046001462518612736,-0.05697001836843896
8320260301030004,久留米競輪,4R,17:02,2-3,2,3,23.2,0.04060067900644569,-0.05806424705045998
2720260301030010,京王閣競輪,10R,19:48,2-3,2,3,23.6,0.03985589452746397,-0.05940088915185027
5620260301030002,岸和田競輪,2R,21:13,1-5,1,5,11.3,0.08293446223177729,-0.06284057678091659
2720260301030005,京王閣競輪,5R,17:38,2-3,2,3,13.6,0.06885045331318217,-0.06363383494072261
5620260301030004,岸和田競輪,4R,22:01,1-3,1,3,8.7,0.10724132987692961,-0.06700043007071244
3620260303010006,小田原競輪,6R,10:34,1-7,1,7,13.9,0.06710194319432308,-0.0672829895989091
7320260301030004,小松島競輪,4R,22:09,1-7,1,7,10.3,0.09011036233578607,-0.07186326794140352
5620260301030007,岸和田競輪,7R,23:21,1-7,1,7,15.3,0.060555764404552986,-0.07349680461033925
2720260301030011,京王閣競輪,11R,20:16,5-7,5,7,51.8,0.01785874433411299,-0.07491704349294714
8320260301030004,久留米競輪,4R,17:02,1-5,1,5,17.7,0.052258606752548065,-0.07502266047989925
4420260228040009,大垣競輪,9R,14:48,2-4,2,4,36.6,0.025224274555601493,-0.07679155126498527
5620260301030005,岸和田競輪,5R,22:27,1-4,1,4,13.7,0.06729531476918532,-0.0780541876621611
5620260301030003,岸和田競輪,3R,21:37,6-7,6,7,61.6,0.01494078209593148,-0.07964782289062089
4420260228040002,大垣競輪,2R,11:32,3-6,3,6,19.6,0.046909084369690296,-0.08058194635407012
8320260301030011,久留米競輪,11R,20:02,1-3,1,3,35.7,0.02560123153746964,-0.08603603411233374
7320260301030005,小松島競輪,5R,22:36,4-5,4,5,18.2,0.05000045174716618,-0.08999177820157556
3820260301030004,静岡競輪,4R,21:53,3-7,3,7,24.1,0.03767975675704275,-0.09191786215526965
8320260301030009,久留米競輪,9R,19:09,3-5,3,5,10.0,0.0905936841648072,-0.09406315835192802
2720260301030002,京王閣競輪,2R,16:26,1-5,1,5,22.4,0.04040736916938244,-0.09487493060583352
8320260301030006,久留米競輪,6R,17:51,5-7,5,7,21.2,0.04265590089165483,-0.09569490109691758
5620260301030007,岸和田競輪,7R,23:21,4-6,4,6,46.0,0.019606320085552072,-0.09810927606460462
3620260303010005,小田原競輪,5R,10:13,3-5,3,5,10.5,0.0858383956811824,-0.09869684534758483
2720260301030005,京王閣競輪,5R,17:38,5-6,5,6,28.9,0.031180458169970282,-0.09888475888785886
2720260301030010,京王閣競輪,10R,19:48,4-7,4,7,14.9,0.06039888794671308,-0.10005656959397502
8320260301030004,久留米競輪,4R,17:02,1-4,1,4,13.2,0.06805573492253762,-0.1016642990225034
5620260301030006,岸和田競輪,6R,22:54,2-4,2,4,22.1,0.04058522321851825,-0.10306656687074667
3620260303010006,小田原競輪,6R,10:34,2-7,2,7,23.7,0.037707155776574824,-0.10634040809517664
4420260228040012,大垣競輪,12R,16:20,3-9,3,9,20.9,0.042717046301731836,-0.10721373229380471
2720260301030002,京王閣競輪,2R,16:26,1-3,1,3,14.3,0.06238235815378962,-0.10793227840080843
5620260301030006,岸和田競輪,6R,22:54,2-6,2,6,49.8,0.01791159003441731,-0.10800281628601793
8320260301030009,久留米競輪,9R,19:09,1-3,1,3,13.9,0.06410703938075075,-0.10891215260756448
2720260301030003,京王閣競輪,3R,16:50,1-3,1,3,31.8,0.028016153490880685,-0.10908631898999421
7320260301030007,小松島競輪,7R,23:30,3-6,3,6,24.6,0.036157884423559834,-0.11051604318042807
3820260301030002,静岡競輪,2R,21:05,2-6,2,6,12.7,0.06982836876159208,-0.1131797167277806
2720260301030005,京王閣競輪,5R,17:38,1-4,1,4,26.3,0.033704217024550696,-0.11357909225431662
4420260228040008,大垣競輪,8R,14:19,3-5,3,5,42.5,0.02070378175231618,-0.12008927552656234
3820260301030004,静岡競輪,4R,21:53,5-7,5,7,17.0,0.051716896910387916,-0.1208127525234054
8320260301030002,久留米競輪,2R,16:14,2-7,2,7,19.4,0.045148379127991765,-0.12412144491695987
2720260301030011,京王閣競輪,11R,20:16,3-6,3,6,37.8,0.02316605596011318,-0.1243230847077218
7320260301030007,小松島競輪,7R,23:30,2-5,2,5,13.8,0.06343118549276147,-0.12464964019989166
4420260228040010,大垣競輪,10R,15:18,1-7,1,7,48.2,0.01815627347263059,-0.12486761861920548
7320260301030004,小松島競輪,4R,22:09,3-6,3,6,30.0,0.029150967646112576,-0.1254709706166227
8320260301030011,久留米競輪,11R,20:02,5-6,5,6,31.4,0.02778351041507534,-0.12759777296663433
2720260301030011,京王閣競輪,11R,20:16,6-7,6,7,96.9,0.008975541111497017,-0.13027006629593907
4420260228040006,大垣競輪,6R,13:22,2-3,2,3,19.1,0.045289576479710617,-0.13496908923752715
3620260303010002,小田原競輪,2R,09:10,2-3,2,3,13.5,0.0640646212345582,-0.13512761333346435
5620260301030004,岸和田競輪,4R,22:01,1-4,1,4,11.1,0.07788123129507632,-0.13551833262465285
7320260301030004,小松島競輪,4R,22:09,2-4,2,4,25.0,0.03450260187569072,-0.1374349531077319
2720260301030004,京王閣競輪,4R,17:14,3-4,3,4,17.1,0.050414116982459053,-0.13791859959995012
8320260301030001,久留米競輪,1R,15:53,1-6,1,6,11.4,0.07551614092549874,-0.13911599344931436
4420260228040005,大垣競輪,5R,12:54,1-6,1,6,45.0,0.019084096897530968,-0.1412156396111064
7320260301030005,小松島競輪,5R,22:36,5-7,5,7,22.3,0.03842627931140777,-0.14309397135560675
4420260228040002,大垣競輪,2R,11:32,1-2,1,2,35.9,0.023815836049938713,-0.14501148580720025
3620260303010004,小田原競輪,4R,09:52,2-4,2,4,12.8,0.06664092917032435,-0.1469961066198482
4420260228040006,大垣競輪,6R,13:22,6-7,6,7,48.9,0.01743605186641337,-0.14737706373238624
3620260303010007,小田原競輪,7R,10:55,1-2,1,2,15.3,0.055675652788744846,-0.1481625123322038
7320260301030005,小松島競輪,5R,22:36,2-7,2,7,16.7,0.050810704574568225,-0.15146123360471064
2720260301030001,京王閣競輪,1R,16:03,1-5,1,5,18.9,0.044814811219034426,-0.15300006796024945
8320260301030010,久留米競輪,10R,19:35,6-7,6,7,15.3,0.05532199307121864,-0.1535735060103547
5620260301030003,岸和田競輪,3R,21:37,3-6,3,6,23.0,0.03667919023518803,-0.1563786245906753
8320260301030006,久留米競輪,6R,17:51,3-4,3,4,10.9,0.07733260081918439,-0.15707465107089014
8320260301030003,久留米競輪,3R,16:38,3-4,3,4,18.7,0.0450061362173165,-0.15838525273618143
8320260301030001,久留米競輪,1R,15:53,2-4,2,4,27.1,0.031032392504688543,-0.15902216312294049
5620260301030004,岸和田競輪,4R,22:01,4-6,4,6,144.3,0.00582077581632607,-0.16006204970414795
4420260228040010,大垣競輪,10R,15:18,2-7,2,7,59.0,0.014226606131449163,-0.1606302382444994
8320260301030009,久留米競輪,9R,19:09,1-7,1,7,28.7,0.029119832613031145,-0.16426080400600618
4420260228040003,大垣競輪,3R,11:59,4-8,4,8,36.9,0.022648655821910495,-0.1642646001715028
4420260228040008,大垣競輪,8R,14:19,2-4,2,4,19.3,0.04316272324298695,-0.1669594414103518
4420260228040006,大垣競輪,6R,13:22,5-7,5,7,24.3,0.03426965671220353,-0.16724734189345425
4420260228040004,大垣競輪,4R,12:26,2-5,2,5,24.6,0.03364794628363644,-0.17226052142254356
2720260301030009,京王閣競輪,9R,19:22,1-5,1,5,15.2,0.05434172013077554,-0.1740058540122118
3820260301030004,静岡競輪,4R,21:53,1-6,1,6,24.1,0.03424652251263897,-0.17465880744540085
7320260301030007,小松島競輪,7R,23:30,4-7,4,7,81.0,0.010179086350721607,-0.17549400559154982
8320260301030005,久留米競輪,5R,17:26,2-4,2,4,12.0,0.06868879761952314,-0.1757344285657223
4420260228040006,大垣競輪,6R,13:22,5-9,5,9,21.1,0.03901231757724929,-0.17684009912003995
8320260301030006,久留米競輪,6R,17:51,4-7,4,7,15.0,0.05478864305368185,-0.17817035419477223
7320260301030006,小松島競輪,6R,23:03,3-7,3,7,18.9,0.04343024302112271,-0.17916840690078084
4420260228040002,大垣競輪,2R,11:32,3-7,3,7,11.7,0.06997677862035129,-0.18127169014188993
8320260301030008,久留米競輪,8R,18:43,3-7,3,7,20.2,0.040470288024259754,-0.18250018190995299
7320260301030004,小松島競輪,4R,22:09,3-7,3,7,18.7,0.04368362406723392,-0.1831162299427258
4420260228040010,大垣競輪,10R,15:18,6-7,6,7,145.5,0.005610930741614343,-0.18360957709511305
4420260228040004,大垣競輪,4R,12:26,2-4,2,4,33.4,0.02433430250131082,-0.18723429645621859
3820260301030006,静岡競輪,6R,22:45,2-5,2,5,33.7,0.024107858084544985,-0.187565182550834
4420260228040012,大垣競輪,12R,16:20,1-7,1,7,28.9,0.02810551349402133,-0.18775066002278362
4420260228040002,大垣競輪,2R,11:32,2-3,2,3,14.3,0.05678218254652237,-0.18801478958473006
7320260301030006,小松島競輪,6R,23:03,2-3,2,3,12.9,0.06279710875088938,-0.1899172971135269
2720260301030006,京王閣競輪,6R,18:04,1-5,1,5,10.1,0.08001909223533557,-0.19180716842311074
2720260301030002,京王閣競輪,2R,16:26,6-7,6,7,53.9,0.014991766519565112,-0.19194378459544048
2720260301030002,京王閣競輪,2R,16:26,1-2,1,2,12.8,0.06306177160562343,-0.19280932344802004
8320260301030001,久留米競輪,1R,15:53,1-7,1,7,16.1,0.04999725735414532,-0.19504415659826024
3820260301030001,静岡競輪,1R,20:41,2-4,2,4,9.5,0.08459820463478523,-0.1963170559695403
4420260228040003,大垣競輪,3R,11:59,3-5,3,5,9.3,0.08641377351053797,-0.19635190635199684
7320260301030003,小松島競輪,3R,21:45,6-7,6,7,69.4,0.011579214511586687,-0.19640251289588384
4420260228040010,大垣競輪,10R,15:18,2-6,2,6,135.2,0.005938099859486101,-0.19716889899747925
8320260301030008,久留米競輪,8R,18:43,4-6,4,6,113.0,0.0070715148869287025,-0.20091881777705667
4420260228040012,大垣競輪,12R,16:20,2-5,2,5,19.4,0.041084461931942644,-0.2029614385203128
5620260301030005,岸和田競輪,5R,22:27,3-5,3,5,21.2,0.03759074489000458,-0.20307620833190299
5620260301030007,岸和田競輪,7R,23:21,2-3,2,3,11.8,0.06750726843526143,-0.203414232463915
7320260301030001,小松島競輪,1R,20:57,3-4,3,4,14.3,0.05568721441252221,-0.20367283390093238
4420260228040005,大垣競輪,5R,12:54,4-7,4,7,37.8,0.02106458588335719,-0.20375865360909828
3820260301030003,静岡競輪,3R,21:29,2-3,2,3,8.1,0.09829008117961374,-0.20385034244512867
4420260228040012,大垣競輪,12R,16:20,1-3,1,3,9.2,0.08652447266621512,-0.20397485147082095
4420260228040009,大垣競輪,9R,14:48,1-4,1,4,71.4,0.011129735040898439,-0.20533691807985144
8320260301030006,久留米競輪,6R,17:51,2-3,2,3,9.5,0.08355325095071585,-0.20624411596819947
4420260228040002,大垣競輪,2R,11:32,5-6,5,6,23.7,0.03343081586898317,-0.2076896639050988
3620260303010007,小田原競輪,7R,10:55,2-5,2,5,14.7,0.05368425743373684,-0.21084141572406856
7320260301030006,小松島競輪,6R,23:03,4-5,4,5,35.2,0.022195299384215727,-0.21872546167560636
8320260301030010,久留米競輪,10R,19:35,5-7,5,7,13.5,0.05783997670507285,-0.21916031448151652
8320260301030007,久留米競輪,7R,18:17,3-5,3,5,36.2,0.02143705134568461,-0.22397874128621698
2720260301030002,京王閣競輪,2R,16:26,2-7,2,7,14.7,0.05270492872968871,-0.22523754767357596
4420260228040010,大垣競輪,10R,15:18,3-7,3,7,43.7,0.017713826878653565,-0.22590576540283913
4420260228040002,大垣競輪,2R,11:32,1-8,1,8,50.6,0.015273477703933069,-0.22716202818098674
4420260228040005,大垣競輪,5R,12:54,3-7,3,7,44.3,0.01739973088832727,-0.2291919216471019
8320260301030005,久留米競輪,5R,17:26,2-6,2,6,17.5,0.04403525198351679,-0.22938309028845616
3620260303010003,小田原競輪,3R,09:31,3-5,3,5,9.6,0.07996839820906301,-0.2323033771929951
8320260301030010,久留米競輪,10R,19:35,2-7,2,7,11.7,0.06559521498028151,-0.23253598473070636
8320260301030004,久留米競輪,4R,17:02,3-7,3,7,18.2,0.04196733729516232,-0.23619446122804588
2720260301030010,京王閣競輪,10R,19:48,1-3,1,3,10.0,0.07616177258768063,-0.23838227412319368
7320260301030007,小松島競輪,7R,23:30,1-4,1,4,9.0,0.08459034817621715,-0.23868686641404568
7320260301030006,小松島競輪,6R,23:03,3-5,3,5,20.5,0.03697042249497584,-0.24210633885299526
5620260301030004,岸和田競輪,4R,22:01,5-6,5,6,144.3,0.005250964833316109,-0.24228577455248534
8320260301030008,久留米競輪,8R,18:43,2-4,2,4,17.0,0.04440870898224407,-0.24505194730185087
3620260303010001,小田原競輪,1R,08:50,1-6,1,6,11.6,0.06507523225641021,-0.24512730582564157
4420260228040007,大垣競輪,7R,13:50,2-3,2,3,43.9,0.017147370509083548,-0.2472304346512323
4420260228040006,大垣競輪,6R,13:22,1-5,1,5,26.1,0.028763556907320874,-0.2492711647189252
8320260301030007,久留米競輪,7R,18:17,4-6,4,6,50.7,0.014762647242254286,-0.2515337848177076
7320260301030005,小松島競輪,5R,22:36,1-6,1,6,22.3,0.03353237702272812,-0.25222799239316285
7320260301030006,小松島競輪,6R,23:03,4-7,4,7,22.4,0.0333300653651177,-0.25340653582136363
4420260228040010,大垣競輪,10R,15:18,7-9,7,9,16.4,0.04537017317311076,-0.25592915996098353
7320260301030006,小松島競輪,6R,23:03,6-7,6,7,22.4,0.03318484481262541,-0.2566594761971909
2720260301030008,京王閣競輪,8R,18:56,1-2,1,2,10.8,0.06882694122579153,-0.2566690347614514
8320260301030002,久留米競輪,2R,16:14,5-6,5,6,11.1,0.06680309729040783,-0.25848562007647313
2720260301030005,京王閣競輪,5R,17:38,2-7,2,7,17.5,0.04223326836664244,-0.26091780358375727
7320260301030004,小松島競輪,4R,22:09,2-7,2,7,20.0,0.03675134171641787,-0.26497316567164264
4420260228040007,大垣競輪,7R,13:50,1-3,1,3,26.9,0.027311262663237468,-0.26532703435891214
4420260228040008,大垣競輪,8R,14:19,1-9,1,9,10.7,0.06859245275064152,-0.2660607555681358
2720260301030001,京王閣競輪,1R,16:03,1-2,1,2,9.3,0.07888936778741179,-0.2663288795770703
7320260301030002,小松島競輪,2R,21:21,1-3,1,3,12.1,0.06050768464302207,-0.267857015819433
2720260301030009,京王閣競輪,9R,19:22,1-6,1,6,30.1,0.023927608305375565,-0.2797789900081955
7320260301030005,小松島競輪,5R,22:36,3-7,3,7,16.7,0.04307502032049608,-0.28064716064771555
4420260228040009,大垣競輪,9R,14:48,4-7,4,7,34.9,0.020595771731146066,-0.2812075665830023
2720260301030004,京王閣競輪,4R,17:14,5-6,5,6,10.0,0.0715802646787407,-0.2841973532125931
7320260301030004,小松島競輪,4R,22:09,1-3,1,3,8.8,0.08061506062621952,-0.29058746648926814
5620260301030007,岸和田競輪,7R,23:21,3-4,3,4,17.3,0.04098948592842254,-0.2908818934382901
7320260301030002,小松島競輪,2R,21:21,2-4,2,4,14.2,0.049925767431114404,-0.29105410247817554
4420260228040010,大垣競輪,10R,15:18,5-7,5,7,18.8,0.03759472698251175,-0.2932191327287791
3820260301030004,静岡競輪,4R,21:53,1-7,1,7,11.5,0.06144781618874002,-0.29335011382948983
3820260301030007,静岡競輪,7R,23:12,1-6,1,6,11.9,0.05927997638361731,-0.294568281034954
5620260301030005,岸和田競輪,5R,22:27,6-7,6,7,39.0,0.018063015957381256,-0.295542377662131
4420260228040008,大垣競輪,8R,14:19,5-8,5,8,85.6,0.008225924292458072,-0.295860880565589
5620260301030005,岸和田競輪,5R,22:27,5-7,5,7,18.0,0.03897286549495587,-0.2984884210907943
5620260301030006,岸和田競輪,6R,22:54,2-3,2,3,22.1,0.031712389507493416,-0.29915619188439546
4420260228040008,大垣競輪,8R,14:19,2-5,2,5,19.9,0.035216574804230155,-0.29919016139582
5620260301030003,岸和田競輪,3R,21:37,1-3,1,3,9.2,0.07597471462837603,-0.3010326254189406
8320260301030003,久留米競輪,3R,16:38,3-5,3,5,13.6,0.05136741390215528,-0.30140317093068814
4420260228040009,大垣競輪,9R,14:48,1-5,1,5,16.6,0.04192529552293689,-0.3040400943192476
7320260301030007,小松島競輪,7R,23:30,1-2,1,2,5.2,0.13382736750200006,-0.30409768898959966
7320260301030004,小松島競輪,4R,22:09,4-7,4,7,15.0,0.04632216871787908,-0.3051674692318138
5620260301030007,岸和田競輪,7R,23:21,2-5,2,5,10.7,0.0649236063815489,-0.3053174117174269
8320260301030006,久留米競輪,6R,17:51,2-7,2,7,11.5,0.06030853377030035,-0.30645186164154603
3620260303010001,小田原競輪,1R,08:50,1-7,1,7,13.3,0.05201239251653769,-0.30823517953004864
4420260228040002,大垣競輪,2R,11:32,2-5,2,5,17.3,0.03996746334917246,-0.3085628840593163
2720260301030010,京王閣競輪,10R,19:48,3-7,3,7,8.6,0.08026146698135461,-0.3097513839603504
7320260301030005,小松島競輪,5R,22:36,3-6,3,6,40.2,0.017158234643447113,-0.31023896733342604
7320260301030003,小松島競輪,3R,21:45,2-7,2,7,36.7,0.018776584126364203,-0.31089936256243367
2720260301030005,京王閣競輪,5R,17:38,1-3,1,3,10.3,0.06670360239961161,-0.3129528952840004
5620260301030003,岸和田競輪,3R,21:37,2-4,2,4,10.7,0.06406331577476725,-0.31452252120999047
3820260301030004,静岡競輪,4R,21:53,1-5,1,5,8.5,0.08062859163227896,-0.31465697112562885
4420260228040004,大垣競輪,4R,12:26,1-3,1,3,15.7,0.04354746830446285,-0.3163047476199333
7320260301030003,小松島競輪,3R,21:45,2-4,2,4,19.5,0.035010939508905,-0.3172866795763525
3620260303010007,小田原競輪,7R,10:55,3-5,3,5,22.6,0.03011735972465627,-0.31934767022276833
4420260228040008,大垣競輪,8R,14:19,5-9,5,9,15.9,0.04278251509221297,-0.31975801003381377
4420260228040007,大垣競輪,7R,13:50,4-7,4,7,27.7,0.024351679290699993,-0.3254584836476102
2720260301030011,京王閣競輪,11R,20:16,3-7,3,7,28.4,0.023683562457783264,-0.3273868261989553
4420260228040007,大垣競輪,7R,13:50,2-9,2,9,12.8,0.05235527307799876,-0.32985250460161586
5620260301030001,岸和田競輪,1R,20:49,2-3,2,3,19.0,0.03508907763437099,-0.33330752494695115
4420260228040005,大垣競輪,5R,12:54,1-5,1,5,9.4,0.07054627392367285,-0.3368650251174752
5620260301030005,岸和田競輪,5R,22:27,4-7,4,7,29.2,0.022656424763721643,-0.338432396899328
7320260301030006,小松島競輪,6R,23:03,1-2,1,2,6.3,0.10468936428722017,-0.3404570049905129
2720260301030003,京王閣競輪,3R,16:50,1-2,1,2,17.2,0.03830290208473442,-0.341190084142568
5620260301030007,岸和田競輪,7R,23:21,1-4,1,4,10.7,0.06114008260900623,-0.3458011160836334
4420260228040004,大垣競輪,4R,12:26,4-6,4,6,53.9,0.012123019091719079,-0.3465692709563417
2720260301030004,京王閣競輪,4R,17:14,1-4,1,4,13.2,0.04941283417174922,-0.34775058893291033
4420260228040004,大垣競輪,4R,12:26,2-7,2,7,24.2,0.026860563153804425,-0.349974371677933
4420260228040010,大垣競輪,10R,15:18,3-8,3,8,43.4,0.014965523534059905,-0.3504962786218001
7320260301030007,小松島競輪,7R,23:30,1-6,1,6,8.2,0.07911488136233674,-0.35125797282883875
5620260301030004,岸和田競輪,4R,22:01,2-4,2,4,12.0,0.05405454608553603,-0.3513454469735676
7320260301030004,小松島競輪,4R,22:09,1-5,1,5,8.1,0.07991178182329106,-0.3527145672313424
3820260301030004,静岡競輪,4R,21:53,1-2,1,2,7.4,0.08721218279435822,-0.3546298473217492
5620260301030002,岸和田競輪,2R,21:13,1-6,1,6,7.9,0.08152266796287415,-0.35597092309329414
3620260303010006,小田原競輪,6R,10:34,1-6,1,6,12.9,0.04979761268104096,-0.3576107964145716
3820260301030005,静岡競輪,5R,22:18,4-7,4,7,39.1,0.016357068293158347,-0.3604386297375086
4420260228040009,大垣競輪,9R,14:48,1-9,1,9,34.4,0.018297565138965438,-0.37056375921958895
7320260301030006,小松島競輪,6R,23:03,1-4,1,4,11.2,0.05605625190654799,-0.37216997864666257
4420260228040007,大垣競輪,7R,13:50,3-8,3,8,57.4,0.010906780867493936,-0.3739507782058481
4420260228040008,大垣競輪,8R,14:19,5-6,5,6,70.2,0.008917656903332086,-0.3739804853860875
4420260228040006,大垣競輪,6R,13:22,3-7,3,7,19.7,0.031745899602004954,-0.3746057778405024
4420260228040001,大垣競輪,1R,11:05,2-7,2,7,11.5,0.05434486229105308,-0.3750340836528896
7320260301030005,小松島競輪,5R,22:36,2-5,2,5,14.3,0.04363454930909093,-0.37602594487999974
3620260303010004,小田原競輪,4R,09:52,1-2,1,2,13.2,0.04714494621366637,-0.37768670997960396
5620260301030006,岸和田競輪,6R,22:54,3-7,3,7,49.8,0.012486015846921408,-0.3781964108233139
7320260301030004,小松島競輪,4R,22:09,6-7,6,7,18.7,0.03321863074259085,-0.37881160511355116
7320260301030006,小松島競輪,6R,23:03,1-6,1,6,10.7,0.05798814231620004,-0.3795268772166597
3620260303010006,小田原競輪,6R,10:34,1-5,1,5,8.7,0.07118549272244161,-0.38068621331475805
3620260303010002,小田原競輪,2R,09:10,2-5,2,5,6.0,0.10223708541195106,-0.3865774875282937
7320260301030004,小松島競輪,4R,22:09,2-6,2,6,27.2,0.022478273943105406,-0.38859094874753297
5620260301030005,岸和田競輪,5R,22:27,3-6,3,6,33.4,0.018249172725615815,-0.3904776309644318
4420260228040008,大垣競輪,8R,14:19,3-6,3,6,50.9,0.011969961236759807,-0.39072897304892584
5620260301030003,岸和田競輪,3R,21:37,5-7,5,7,48.1,0.012654321003538627,-0.39132715972979204
2720260301030007,京王閣競輪,7R,18:30,6-7,6,7,10.7,0.056709995503139266,-0.39320304811640994
3820260301030004,静岡競輪,4R,21:53,4-5,4,5,12.5,0.04854213856609341,-0.39322326792383244
3620260303010001,小田原競輪,1R,08:50,1-3,1,3,5.6,0.10824289038936803,-0.39383981381953903
5620260301030007,岸和田競輪,7R,23:21,1-3,1,3,8.5,0.07124800049007941,-0.39439199583432494
5620260301030007,岸和田競輪,7R,23:21,6-7,6,7,32.5,0.018627542547576113,-0.3946048672037763
8320260301030012,久留米競輪,12R,20:30,3-7,3,7,10.8,0.055991151374385865,-0.39529556515663267
4420260228040008,大垣競輪,8R,14:19,2-7,2,7,20.5,0.029308406998094845,-0.3991776565390557
2720260301030009,京王閣競輪,9R,19:22,1-3,1,3,13.7,0.04380714931971265,-0.3998420543199367
4420260228040007,大垣競輪,7R,13:50,4-9,4,9,10.0,0.05993587870547548,-0.40064121294524524
2720260301030011,京王閣競輪,11R,20:16,2-4,2,4,7.4,0.080943663371375,-0.40101689105182503
7320260301030004,小松島競輪,4R,22:09,2-3,2,3,18.7,0.03195260087081045,-0.4024863637158447
3620260303010004,小田原競輪,4R,09:52,3-4,3,4,8.0,0.07462147853679173,-0.4030281717056662
4420260228040006,大垣競輪,6R,13:22,2-9,2,9,9.8,0.060892768510809006,-0.40325086859407167
4420260228040011,大垣競輪,11R,15:49,2-3,2,3,29.6,0.02014873384054263,-0.4035974783199381
5620260301030006,岸和田競輪,6R,22:54,3-4,3,4,49.8,0.011954101363941188,-0.4046857520757289
4420260228040007,大垣競輪,7R,13:50,7-9,7,9,10.7,0.05560820466491542,-0.404992210085405
3820260301030005,静岡競輪,5R,22:18,2-4,2,4,17.1,0.034578998186056205,-0.4086991310184388
5620260301030006,岸和田競輪,6R,22:54,1-2,1,2,3.0,0.19709114635445724,-0.4087265609366283
8320260301030009,久留米競輪,9R,19:09,3-4,3,4,9.6,0.061519029771417336,-0.40941731419439364
4420260228040012,大垣競輪,12R,16:20,7-9,7,9,42.5,0.013895599540070896,-0.40943701954698697
8320260301030012,久留米競輪,12R,20:30,5-6,5,6,14.4,0.04090458954312387,-0.4109739105790162
8320260301030009,久留米競輪,9R,19:09,2-4,2,4,14.1,0.0412714086439635,-0.4180731381201146
8320260301030012,久留米競輪,12R,20:30,1-5,1,5,7.1,0.08176452892557054,-0.4194718446284492
4420260228040010,大垣競輪,10R,15:18,2-8,2,8,54.7,0.010593358466533425,-0.42054329188062156
8320260301030007,久留米競輪,7R,18:17,3-6,3,6,97.3,0.005939163713077897,-0.4221193707175206
2720260301030011,京王閣競輪,11R,20:16,3-4,3,4,16.6,0.034736401169952205,-0.42337574057879335
4420260228040007,大垣競輪,7R,13:50,5-7,5,7,19.9,0.028781639250358745,-0.42724537891786096
5620260301030007,岸和田競輪,7R,23:21,4-7,4,7,16.6,0.03444398243361079,-0.4282298916020608
4420260228040010,大垣競輪,10R,15:18,4-9,4,9,10.1,0.05640230503473308,-0.4303367191491959
7320260301030005,小松島競輪,5R,22:36,3-5,3,5,15.4,0.036969913078632496,-0.4306633385890596
3620260303010007,小田原競輪,7R,10:55,2-7,2,7,9.0,0.06304396069797737,-0.4326043537182037
7320260301030005,小松島競輪,5R,22:36,1-4,1,4,6.4,0.08854396876310204,-0.43331859991614696
5620260301030007,岸和田競輪,7R,23:21,1-2,1,2,5.9,0.09603234532397703,-0.43340916258853546
3620260303010004,小田原競輪,4R,09:52,2-5,2,5,11.9,0.04751375917014056,-0.43458626587532734
7320260301030005,小松島競輪,5R,22:36,6-7,6,7,33.5,0.01677850555171879,-0.43792006401742045
7320260301030005,小松島競輪,5R,22:36,1-3,1,3,8.0,0.07016144117278114,-0.43870847061775087
8320260301030008,久留米競輪,8R,18:43,5-6,5,6,48.3,0.011581518281662427,-0.4406126669957048
3620260303010005,小田原競輪,5R,10:13,4-5,4,5,8.4,0.06642897218606626,-0.44199663363704333
2720260301030005,京王閣競輪,5R,17:38,3-7,3,7,7.3,0.07636327724477845,-0.4425480761131173
8320260301030002,久留米競輪,2R,16:14,3-6,3,6,40.0,0.013871550110554309,-0.4451379955778276
5620260301030006,岸和田競輪,6R,22:54,1-7,1,7,5.1,0.10871070680010926,-0.4455753953194428
2720260301030004,京王閣競輪,4R,17:14,3-5,3,5,7.1,0.0780371537217198,-0.4459362085757894
8320260301030001,久留米競輪,1R,15:53,2-7,2,7,19.1,0.02900055715436204,-0.44608935835168495
2720260301030008,京王閣競輪,8R,18:56,2-5,2,5,9.4,0.058543082926845416,-0.4496950204876531
3820260301030006,静岡競輪,6R,22:45,1-4,1,4,17.4,0.03161887006561149,-0.4498316608583601
3620260303010007,小田原競輪,7R,10:55,4-7,4,7,8.2,0.06667745489116457,-0.4532448698924506
7320260301030007,小松島競輪,7R,23:30,1-5,1,5,8.8,0.06208926021342112,-0.45361451012189413
7320260301030006,小松島競輪,6R,23:03,3-6,3,6,18.9,0.028836886794819952,-0.454982839577903
2720260301030002,京王閣競輪,2R,16:26,2-5,2,5,10.2,0.05312535129800444,-0.4581214167603548
4420260228040005,大垣競輪,5R,12:54,1-2,1,2,8.4,0.06418010938765922,-0.4608870811436625
3620260303010001,小田原競輪,1R,08:50,2-3,2,3,14.0,0.03843837047847304,-0.46186281330137746
7320260301030003,小松島競輪,3R,21:45,4-5,4,5,9.1,0.05908146571737552,-0.4623586619718828
2720260301030002,京王閣競輪,2R,16:26,3-5,3,5,10.2,0.0526256318694382,-0.46321855493173036
5620260301030002,岸和田競輪,2R,21:13,1-4,1,4,10.8,0.049687974650963224,-0.46336987376959715
3620260303010003,小田原競輪,3R,09:31,1-5,1,5,5.8,0.09193395783331255,-0.4667830445667872
7320260301030003,小松島競輪,3R,21:45,2-6,2,6,31.2,0.017064492409401732,-0.46758783682666594
3620260303010004,小田原競輪,4R,09:52,1-3,1,3,10.5,0.050702706358339886,-0.4676215832374312
4420260228040010,大垣競輪,10R,15:18,5-6,5,6,33.2,0.016013581818192964,-0.4683490836359936
4420260228040005,大垣競輪,5R,12:54,5-6,5,6,55.7,0.009513945732569145,-0.4700732226958986
4420260228040010,大垣競輪,10R,15:18,5-8,5,8,20.1,0.026299964023092693,-0.47137072313583683
2720260301030009,京王閣競輪,9R,19:22,3-7,3,7,10.0,0.052594250898907784,-0.4740574910109222
5620260301030004,岸和田競輪,4R,22:01,3-6,3,6,57.7,0.009109491269520943,-0.47438235374864157
3620260303010002,小田原競輪,2R,09:10,3-5,3,5,11.5,0.045462218000522026,-0.4771844929939967
4420260228040003,大垣競輪,3R,11:59,1-5,1,5,10.7,0.04882859940151743,-0.47753398640376354
8320260301030002,久留米競輪,2R,16:14,3-5,3,5,10.5,0.04956938162941081,-0.4795214928911865
3820260301030002,静岡競輪,2R,21:05,1-6,1,6,3.9,0.13331752624171134,-0.48006164765732584
2720260301030008,京王閣競輪,8R,18:56,1-5,1,5,7.4,0.06999975006464212,-0.48200184952164826
8320260301030003,久留米競輪,3R,16:38,2-4,2,4,7.6,0.06758835439096135,-0.48632850662869376
5620260301030004,岸和田競輪,4R,22:01,6-7,6,7,57.7,0.008893605134374028,-0.4868389837466186
8320260301030012,久留米競輪,12R,20:30,6-7,6,7,8.2,0.06217735570049645,-0.4901456832559291
2720260301030006,京王閣競輪,6R,18:04,1-4,1,4,5.3,0.09603237290782506,-0.4910284235885273
8320260301030004,久留米競輪,4R,17:02,3-4,3,4,6.5,0.07826516549122323,-0.491276424307049
2720260301030011,京王閣競輪,11R,20:16,5-6,5,6,30.0,0.016817190926558097,-0.4954842722032571
7320260301030004,小松島競輪,4R,22:09,2-5,2,5,17.6,0.02862510144679887,-0.49619821453633983
4420260228040002,大垣競輪,2R,11:32,2-6,2,6,22.6,0.022154937741375388,-0.49929840704491624
3620260303010005,小田原競輪,5R,10:13,1-4,1,4,17.6,0.028388993549998902,-0.5003537135200193
4420260228040012,大垣競輪,12R,16:20,2-8,2,8,28.0,0.01784330726162588,-0.5003873966744754
8320260301030002,久留米競輪,2R,16:14,1-3,1,3,14.5,0.034343722514206663,-0.5020160235440034
5620260301030005,岸和田競輪,5R,22:27,4-5,4,5,18.0,0.027635048778718176,-0.5025691219830728
4420260228040010,大垣競輪,10R,15:18,6-8,6,8,117.2,0.004218181501649905,-0.5056291280066311
4420260228040001,大垣競輪,1R,11:05,5-7,5,7,11.6,0.0423614180231138,-0.5086075509318799
7320260301030004,小松島競輪,4R,22:09,3-4,3,4,12.0,0.040943002842098834,-0.508683965894814
5620260301030003,岸和田競輪,3R,21:37,5-6,5,6,20.5,0.023886425247220882,-0.5103282824319719
7320260301030001,小松島競輪,1R,20:57,1-3,1,3,6.2,0.07892199752774226,-0.510683615327998
5620260301030001,岸和田競輪,1R,20:49,2-4,2,4,12.4,0.039403591791450795,-0.5113954617860101
4420260228040012,大垣競輪,12R,16:20,1-9,1,9,14.4,0.03376808399946442,-0.5137395904077124
4420260228040002,大垣競輪,2R,11:32,2-4,2,4,18.7,0.02594982593258373,-0.5147382550606843
2720260301030003,京王閣競輪,3R,16:50,1-4,1,4,6.3,0.07676074576243373,-0.5164073016966675
7320260301030007,小松島競輪,7R,23:30,3-5,3,5,21.0,0.022892797428480535,-0.5192512540019087
8320260301030012,久留米競輪,12R,20:30,4-6,4,6,31.2,0.015332905876240817,-0.5216133366612865
4420260228040012,大垣競輪,12R,16:20,2-7,2,7,21.3,0.022448037782347042,-0.521856795236008
8320260301030012,久留米競輪,12R,20:30,2-7,2,7,6.8,0.07012397352801972,-0.523156980009466
4420260228040004,大垣競輪,4R,12:26,2-9,2,9,15.5,0.030651836930199444,-0.5248965275819086
4420260228040003,大垣競輪,3R,11:59,1-7,1,7,11.6,0.04075549346489276,-0.527236275807244
4420260228040006,大垣競輪,6R,13:22,4-7,4,7,25.4,0.018560412755631125,-0.5285655160069694
2720260301030010,京王閣競輪,10R,19:48,3-4,3,4,4.8,0.09799369072320994,-0.5296302845285923
2720260301030006,京王閣競輪,6R,18:04,3-7,3,7,19.6,0.02394962721827487,-0.5305873065218125
7320260301030002,小松島競輪,2R,21:21,1-2,1,2,5.5,0.0852697618145111,-0.531016310020189
2720260301030006,京王閣競輪,6R,18:04,1-3,1,3,8.9,0.052262826158171856,-0.5348608471922704
4420260228040010,大垣競輪,10R,15:18,8-9,8,9,15.0,0.03078835728823489,-0.5381746406764767
3620260303010002,小田原競輪,2R,09:10,2-4,2,4,5.6,0.08237473623571114,-0.5387014770800177
2720260301030007,京王閣競輪,7R,18:30,1-7,1,7,3.9,0.11745666235037941,-0.5419190168335204
3620260303010002,小田原競輪,2R,09:10,1-2,1,2,6.0,0.07610982380707974,-0.5433410571575216
4420260228040010,大垣競輪,10R,15:18,2-5,2,5,11.3,0.04033681170523013,-0.5441940277308994
5620260301030001,岸和田競輪,1R,20:49,3-6,3,6,28.9,0.015717134724835324,-0.5457748064522592
4420260228040009,大垣競輪,9R,14:48,2-5,2,5,6.1,0.07441941657306775,-0.5460415589042867
7320260301030003,小松島競輪,3R,21:45,2-3,2,3,15.2,0.029778810042898653,-0.5473620873479406
2720260301030011,京王閣競輪,11R,20:16,3-5,3,5,12.4,0.0363869118965714,-0.5488022924825147
7320260301030007,小松島競輪,7R,23:30,6-7,6,7,47.2,0.009545025768719514,-0.5494747837164389
4420260228040007,大垣競輪,7R,13:50,3-4,3,4,22.3,0.020072925509488082,-0.5523737611384157
4420260228040011,大垣競輪,11R,15:49,1-8,1,8,15.1,0.029628294153509288,-0.5526127582820097
4420260228040003,大垣競輪,3R,11:59,5-7,5,7,6.7,0.06663778966953855,-0.5535268092140917
5620260301030001,岸和田競輪,1R,20:49,1-2,1,2,6.0,0.07309505283135129,-0.5614296830118923
3820260301030002,静岡競輪,2R,21:05,1-4,1,4,12.1,0.03616806857218666,-0.5623663702765415
7320260301030002,小松島競輪,2R,21:21,1-7,1,7,5.3,0.0825130802953237,-0.5626806744347844
8320260301030003,久留米競輪,3R,16:38,1-2,1,2,7.0,0.062260955152090604,-0.5641733139353657
2720260301030011,京王閣競輪,11R,20:16,1-3,1,3,7.0,0.0622067001460086,-0.5645530989779398
7320260301030003,小松島競輪,3R,21:45,1-3,1,3,4.5,0.09647387500981508,-0.5658675624558321
2720260301030009,京王閣競輪,9R,19:22,1-2,1,2,7.7,0.0563144150242144,-0.566379004313549
5620260301030003,岸和田競輪,3R,21:37,2-3,2,3,6.5,0.0666167970711343,-0.566990819037627
8320260301030007,久留米競輪,7R,18:17,3-4,3,4,7.0,0.06170594567622381,-0.5680583802664333
4420260228040011,大垣競輪,11R,15:49,3-9,3,9,15.2,0.028390231842453477,-0.5684684759947072
2720260301030011,京王閣競輪,11R,20:16,4-7,4,7,23.4,0.01843685666982217,-0.5685775539261613
3820260301030006,静岡競輪,6R,22:45,1-5,1,5,33.7,0.01274205334397437,-0.5705928023080638
2720260301030011,京王閣競輪,11R,20:16,2-3,2,3,5.8,0.07373933346597758,-0.5723118658973301
5620260301030006,岸和田競輪,6R,22:54,1-6,1,6,11.7,0.03648905962296261,-0.5730780024113376
2720260301030003,京王閣競輪,3R,16:50,1-7,1,7,14.6,0.02921629562444182,-0.5734420838831494
4420260228040009,大垣競輪,9R,14:48,4-8,4,8,40.7,0.01037756558583832,-0.5776330806563803
5620260301030005,岸和田競輪,5R,22:27,5-6,5,6,19.5,0.02164554257752145,-0.5779119197383318
4420260228040008,大垣競輪,8R,14:19,4-9,4,9,7.9,0.053416198372811426,-0.5780120328547897
7320260301030007,小松島競輪,7R,23:30,1-3,1,3,6.8,0.061629515813965155,-0.5809192924650369
3620260303010007,小田原競輪,7R,10:55,2-4,2,4,5.3,0.0790251544964099,-0.5811666811690275
7320260301030007,小松島競輪,7R,23:30,3-7,3,7,56.7,0.007328385052671981,-0.5844805675134986
8320260301030012,久留米競輪,12R,20:30,5-7,5,7,4.3,0.09629179347073287,-0.5859452880758487
5620260301030006,岸和田競輪,6R,22:54,6-7,6,7,49.8,0.00822263684949204,-0.5905126848952964
5620260301030002,岸和田競輪,2R,21:13,1-2,1,2,4.0,0.10217753989025288,-0.5912898404389885
4420260228040004,大垣競輪,4R,12:26,1-2,1,2,17.0,0.023957270065334376,-0.5927264088893156
8320260301030001,久留米競輪,1R,15:53,2-5,2,5,7.8,0.05215366909619673,-0.5932013810496655
7320260301030003,小松島競輪,3R,21:45,1-2,1,2,5.7,0.07119863764833645,-0.5941677654044822
5620260301030006,岸和田競輪,6R,22:54,4-7,4,7,28.5,0.014130971772273404,-0.5972673044902079
4420260228040007,大垣競輪,7R,13:50,3-7,3,7,21.7,0.018444390570629927,-0.5997567246173305
4420260228040006,大垣競輪,6R,13:22,6-8,6,8,41.6,0.0096152843729989,-0.6000041700832457
8320260301030011,久留米競輪,11R,20:02,1-5,1,5,16.5,0.024206883967526495,-0.6005864145358129
4420260228040009,大垣競輪,9R,14:48,4-5,4,5,9.6,0.04155928702770993,-0.6010308445339847
3820260301030001,静岡競輪,1R,20:41,1-5,1,5,6.6,0.0603130488467592,-0.6019338776113894
8320260301030008,久留米競輪,8R,18:43,1-4,1,4,5.0,0.07915807393356313,-0.6042096303321844
5620260301030007,岸和田競輪,7R,23:21,2-4,2,4,6.8,0.057928268386584145,-0.6060877749712279
8320260301030009,久留米競輪,9R,19:09,4-5,4,5,4.7,0.0832879912563622,-0.6085464410950976
3820260301030004,静岡競輪,4R,21:53,6-7,6,7,26.3,0.014787424716360506,-0.6110907299597187
4420260228040003,大垣競輪,3R,11:59,6-7,6,7,21.8,0.017818128610831038,-0.6115647962838834
7320260301030004,小松島競輪,4R,22:09,1-2,1,2,5.0,0.07755612472390967,-0.6122193763804517
4420260228040005,大垣競輪,5R,12:54,2-5,2,5,12.0,0.03213288956524506,-0.6144053252170594
3620260303010004,小田原競輪,4R,09:52,3-7,3,7,8.8,0.04313183782781481,-0.6204398271152296
2720260301030007,京王閣競輪,7R,18:30,1-4,1,4,5.0,0.07562039301938277,-0.6218980349030861
4420260228040009,大垣競輪,9R,14:48,5-7,5,7,6.0,0.06268229023875611,-0.6239062585674633
4420260228040002,大垣競輪,2R,11:32,5-7,5,7,8.1,0.04605132272131049,-0.6269842859573851
8320260301030003,久留米競輪,3R,16:38,1-4,1,4,8.9,0.041883978404208766,-0.6272325922025419
4420260228040011,大垣競輪,11R,15:49,1-2,1,2,7.7,0.047986402659000255,-0.630504699525698
8320260301030003,久留米競輪,3R,16:38,1-6,1,6,15.5,0.023825942129632023,-0.6306978969907037
4420260228040007,大垣競輪,7R,13:50,2-4,2,4,16.6,0.022237295780577378,-0.6308608900424155
3620260303010003,小田原競輪,3R,09:31,1-3,1,3,3.8,0.0970507811679737,-0.6312070315617
8320260301030004,久留米競輪,4R,17:02,1-7,1,7,10.1,0.036323423988743345,-0.6331334177136922
2720260301030011,京王閣競輪,11R,20:16,1-5,1,5,5.4,0.0678556206154916,-0.6335796486763454
3620260303010001,小田原競輪,1R,08:50,3-4,3,4,5.1,0.0717007532814756,-0.6343261582644745
2720260301030010,京王閣競輪,10R,19:48,1-4,1,4,6.5,0.055967497173754335,-0.6362112683705968
2720260301030001,京王閣競輪,1R,16:03,1-4,1,4,5.0,0.07273926365150135,-0.6363036817424932
5620260301030006,岸和田競輪,6R,22:54,1-3,1,3,4.8,0.07569449903202641,-0.6366664046462733
4420260228040007,大垣競輪,7R,13:50,3-9,3,9,8.7,0.04051481667808533,-0.6475210949006576
4420260228040001,大垣競輪,1R,11:05,2-5,2,5,7.9,0.0444926438406672,-0.6485081136587292
2720260301030008,京王閣競輪,8R,18:56,2-6,2,6,4.9,0.07060943531847799,-0.6540137669394578
2720260301030004,京王閣競輪,4R,17:14,1-5,1,5,4.6,0.07431013106881235,-0.6581733970834632
3820260301030004,静岡競輪,4R,21:53,3-5,3,5,6.2,0.05507603151572733,-0.6585286046024905
5620260301030003,岸和田競輪,3R,21:37,1-2,1,2,2.9,0.11733352363678815,-0.6597327814533144
5620260301030005,岸和田競輪,5R,22:27,2-4,2,4,8.0,0.04244774634378709,-0.6604180292497033
4420260228040004,大垣競輪,4R,12:26,2-3,2,3,6.9,0.049098757469883784,-0.6612185734578019
8320260301030003,久留米競輪,3R,16:38,1-7,1,7,6.9,0.04885551830900154,-0.6628969236678894
8320260301030005,久留米競輪,5R,17:26,6-7,6,7,5.3,0.06346039392160444,-0.6636599122154965
4420260228040008,大垣競輪,8R,14:19,4-5,4,5,18.2,0.018397915743294184,-0.6651579334720459
3620260303010002,小田原競輪,2R,09:10,2-7,2,7,4.7,0.07105188432752035,-0.6660561436606542
3620260303010007,小田原競輪,7R,10:55,1-4,1,4,5.7,0.058249499397418504,-0.6679778534347145
2720260301030009,京王閣競輪,9R,19:22,2-4,2,4,6.3,0.052258805810016865,-0.6707695233968938
3820260301030007,静岡競輪,7R,23:12,1-4,1,4,4.7,0.06999059157912049,-0.6710442195781336
8320260301030002,久留米競輪,2R,16:14,1-6,1,6,7.6,0.04297343137164965,-0.6734019215754627
4420260228040001,大垣競輪,1R,11:05,1-7,1,7,4.1,0.07920190447945821,-0.6752721916342214
3820260301030006,静岡競輪,6R,22:45,4-5,4,5,52.2,0.006218507309403024,-0.6753939184491622
7320260301030003,小松島競輪,3R,21:45,3-6,3,6,14.8,0.02188748339428268,-0.6760652457646164
8320260301030010,久留米競輪,10R,19:35,4-7,4,7,5.0,0.0644794737507229,-0.6776026312463855
5620260301030002,岸和田競輪,2R,21:13,1-3,1,3,5.0,0.06387439294614734,-0.6806280352692633
4420260228040009,大垣競輪,9R,14:48,2-7,2,7,7.7,0.04136781861167432,-0.6814677966901077
2720260301030008,京王閣競輪,8R,18:56,1-6,1,6,3.8,0.08296747811097709,-0.6847235831782871
4420260228040011,大垣競輪,11R,15:49,1-3,1,3,5.7,0.05524793414524165,-0.6850867753721226
3820260301030003,静岡競輪,3R,21:29,1-4,1,4,6.4,0.049094127188037275,-0.6857975859965615
8320260301030001,久留米競輪,1R,15:53,1-2,1,2,4.5,0.06977808194817826,-0.6859986312331978
3820260301030005,静岡競輪,5R,22:18,3-4,3,4,9.4,0.03332885141579886,-0.6867087966914907
5620260301030002,岸和田競輪,2R,21:13,6-7,6,7,10.2,0.03056032129842776,-0.6882847227560369
5620260301030006,岸和田競輪,6R,22:54,3-6,3,6,49.8,0.0061498601658528315,-0.6937369637405291
5620260301030002,岸和田競輪,2R,21:13,2-5,2,5,4.7,0.06458847853811789,-0.6964341508708459
7320260301030002,小松島競輪,2R,21:21,3-7,3,7,7.8,0.038799679285862976,-0.6973625015702688
8320260301030006,久留米競輪,6R,17:51,2-4,2,4,7.1,0.042223484268758174,-0.700213261691817
4420260228040002,大垣競輪,2R,11:32,3-5,3,5,3.5,0.08512181407856982,-0.7020736507250056
5620260301030007,岸和田競輪,7R,23:21,2-6,2,6,8.2,0.03632276155664042,-0.7021533552355486
4420260228040012,大垣競輪,12R,16:20,2-3,2,3,4.3,0.06902051976443441,-0.7032117650129321
5620260301030005,岸和田競輪,5R,22:27,1-2,1,2,2.4,0.12310934614793437,-0.7045375692449576
5620260301030003,岸和田競輪,3R,21:37,3-4,3,4,7.8,0.0377373926372951,-0.7056483374290983
3820260301030001,静岡競輪,1R,20:41,1-2,1,2,4.4,0.06645143004868062,-0.7076137077858052
4420260228040006,大垣競輪,6R,13:22,7-9,7,9,7.0,0.041252847937298,-0.711230064438914
2720260301030001,京王閣競輪,1R,16:03,4-5,4,5,8.8,0.03275569977135799,-0.7117498420120496
8320260301030005,久留米競輪,5R,17:26,4-6,4,6,3.9,0.0737585213596075,-0.7123417666975307
8320260301030011,久留米競輪,11R,20:02,2-4,2,4,5.4,0.053047998149828135,-0.7135408099909281
7320260301030005,小松島競輪,5R,22:36,2-6,2,6,14.3,0.019996166546811828,-0.7140548183805908
3820260301030007,静岡競輪,7R,23:12,1-2,1,2,2.6,0.1098618115180783,-0.7143592900529965
3820260301030007,静岡競輪,7R,23:12,1-3,1,3,3.8,0.07469820095758987,-0.7161468363611585
8320260301030004,久留米競輪,4R,17:02,1-6,1,6,5.8,0.04893523200288741,-0.716175654383253
8320260301030004,久留米競輪,4R,17:02,1-2,1,2,8.8,0.03211241534512009,-0.7174107449629432
4420260228040010,大垣競輪,10R,15:18,7-8,7,8,28.7,0.009831273271517298,-0.7178424571074535
8320260301030008,久留米競輪,8R,18:43,4-5,4,5,5.1,0.055305554753884725,-0.717941670755188
5620260301030004,岸和田競輪,4R,22:01,4-5,4,5,24.0,0.01170323231103863,-0.7191224245350729
4420260228040010,大垣競輪,10R,15:18,3-9,3,9,4.0,0.06987328422430887,-0.7205068631027645
4420260228040002,大垣競輪,2R,11:32,1-6,1,6,12.9,0.02115578382296678,-0.7270903886837286
7320260301030006,小松島競輪,6R,23:03,3-4,3,4,10.7,0.0252958121454439,-0.7293348100437502
2720260301030002,京王閣競輪,2R,16:26,2-3,2,3,3.4,0.07916855037357151,-0.7308269287298569
7320260301030001,小松島競輪,1R,20:57,1-4,1,4,2.8,0.09609581728511336,-0.7309317116016826
2720260301030007,京王閣競輪,7R,18:30,4-7,4,7,3.7,0.07256153164274423,-0.7315223329218463
4420260228040008,大垣競輪,8R,14:19,2-9,2,9,3.0,0.08924779585608682,-0.7322566124317396
4420260228040008,大垣競輪,8R,14:19,1-4,1,4,7.4,0.03617621574811163,-0.7322960034639738
7320260301030006,小松島競輪,6R,23:03,1-3,1,3,3.4,0.07810153698228767,-0.7344547742602219
7320260301030005,小松島競輪,5R,22:36,2-3,2,3,5.5,0.047957752407047624,-0.7362323617612381
7320260301030007,小松島競輪,7R,23:30,5-7,5,7,35.4,0.00729440496320671,-0.7417780643024825
8320260301030008,久留米競輪,8R,18:43,1-5,1,5,2.4,0.10756724559235187,-0.7418386105783555
4420260228040004,大垣競輪,4R,12:26,3-9,3,9,4.8,0.05355887772385678,-0.7429173869254875
7320260301030003,小松島競輪,3R,21:45,2-5,2,5,6.5,0.03861310757155661,-0.749014800784882
4420260228040005,大垣競輪,5R,12:54,1-8,1,8,6.0,0.04042888109744822,-0.7574267134153106
8320260301030011,久留米競輪,11R,20:02,1-6,1,6,9.2,0.026350869615071854,-0.757571999541339
2720260301030010,京王閣競輪,10R,19:48,3-5,3,5,2.7,0.08925168127703531,-0.7590204605520047
2720260301030009,京王閣競輪,9R,19:22,2-5,2,5,2.5,0.09525312637892448,-0.7618671840526888
3820260301030003,静岡競輪,3R,21:29,3-4,3,4,4.6,0.05131256065222439,-0.7639622209997678
2720260301030007,京王閣競輪,7R,18:30,3-4,3,4,5.8,0.04051482578145931,-0.765014010467536
4420260228040012,大垣競輪,12R,16:20,2-9,2,9,8.6,0.026947140814412282,-0.7682545889960544
5620260301030004,岸和田競輪,4R,22:01,2-3,2,3,2.9,0.07966740670456005,-0.7689645205567759
8320260301030005,久留米競輪,5R,17:26,4-7,4,7,2.5,0.09158756197803028,-0.7710310950549243
4420260228040002,大垣競輪,2R,11:32,6-8,6,8,10.6,0.02134521129424407,-0.7737407602810129
3820260301030004,静岡競輪,4R,21:53,4-7,4,7,7.0,0.031932183308548516,-0.7764747168401605
4420260228040004,大垣競輪,4R,12:26,1-7,1,7,9.8,0.022778025138660986,-0.7767753536411224
3820260301030002,静岡競輪,2R,21:05,2-4,2,4,14.7,0.014972082691762586,-0.77991038443109
3820260301030004,静岡競輪,4R,21:53,3-6,3,6,11.1,0.019788284237989694,-0.7803500449583144
3820260301030003,静岡競輪,3R,21:29,1-3,1,3,2.3,0.09382583828015734,-0.7842005719556382
8320260301030011,久留米競輪,11R,20:02,1-2,1,2,6.0,0.0358332825303915,-0.785000304817651
2720260301030001,京王閣競輪,1R,16:03,2-4,2,4,3.1,0.06907637690637576,-0.7858632315902352
4420260228040007,大垣競輪,7R,13:50,1-9,1,9,2.7,0.07917813927459613,-0.7862190239585904
5620260301030001,岸和田競輪,1R,20:49,1-6,1,6,5.1,0.041766770131653995,-0.7869894723285646
4420260228040009,大垣競輪,9R,14:48,3-5,3,5,3.2,0.0663647360850182,-0.7876328445279418
3620260303010001,小田原競輪,1R,08:50,1-5,1,5,2.7,0.07789308761370077,-0.7896886634430079
4420260228040008,大垣競輪,8R,14:19,4-8,4,8,22.6,0.009291516511951817,-0.790011726829889
8320260301030001,久留米競輪,1R,15:53,1-5,1,5,2.5,0.08193623426836358,-0.795159414329091
4420260228040006,大垣競輪,6R,13:22,2-7,2,7,3.6,0.0568753836133203,-0.7952486189920469
3620260303010007,小田原競輪,7R,10:55,2-6,2,6,3.9,0.05231831638613632,-0.7959585660940683
3620260303010002,小田原競輪,2R,09:10,1-4,1,4,4.7,0.04327825897760843,-0.7965921828052404
8320260301030004,久留米競輪,4R,17:02,1-3,1,3,3.1,0.06400441315476668,-0.8015863192202233
4420260228040012,大垣競輪,12R,16:20,1-2,1,2,3.6,0.05455817510878466,-0.8035905696083752
2720260301030008,京王閣競輪,8R,18:56,5-6,5,6,2.7,0.0718240140938868,-0.8060751619465056
2720260301030003,京王閣競輪,3R,16:50,2-4,2,4,1.9,0.10197877225036689,-0.806240332724303
8320260301030009,久留米競輪,9R,19:09,1-5,1,5,2.2,0.08773706900394738,-0.8069784481913157
8320260301030007,久留米競輪,7R,18:17,1-4,1,4,1.2,0.16042751481393386,-0.8074869822232794
8320260301030006,久留米競輪,6R,17:51,3-7,3,7,1.9,0.09975594403588572,-0.8104637063318172
7320260301030002,小松島競輪,2R,21:21,1-6,1,6,3.2,0.05900527283271839,-0.8111831269353011
2720260301030004,京王閣競輪,4R,17:14,4-5,4,5,1.9,0.09831806027120737,-0.813195685484706
8320260301030003,久留米競輪,3R,16:38,4-5,4,5,3.5,0.05253157876784591,-0.8161394743125393
8320260301030002,久留米競輪,2R,16:14,1-5,1,5,1.6,0.11430437040360104,-0.8171130073542383
4420260228040005,大垣競輪,5R,12:54,1-9,1,9,2.5,0.07135549210450484,-0.8216112697387379
5620260301030004,岸和田競輪,4R,22:01,3-4,3,4,6.1,0.02916500940322767,-0.8220934426403113
4420260228040003,大垣競輪,3R,11:59,3-7,3,7,2.4,0.07269138730890415,-0.8255406704586301
2720260301030002,京王閣競輪,2R,16:26,3-7,3,7,3.3,0.051907143905237485,-0.8287064251127163
5620260301030004,岸和田競輪,4R,22:01,1-6,1,6,9.3,0.018241262594539294,-0.8303562578707846
2720260301030005,京王閣競輪,5R,17:38,3-5,3,5,1.6,0.10334378746820214,-0.8346499400508766
7320260301030001,小松島競輪,1R,20:57,2-3,2,3,3.2,0.051433923741100146,-0.8354114440284796
4420260228040006,大垣競輪,6R,13:22,3-9,3,9,5.0,0.032777650574891445,-0.8361117471255428
3820260301030001,静岡競輪,1R,20:41,2-5,2,5,1.7,0.09186182250462317,-0.8438349017421406
7320260301030007,小松島競輪,7R,23:30,1-7,1,7,9.7,0.016014799676109193,-0.8446564431417408
4420260228040004,大垣競輪,4R,12:26,2-8,2,8,7.5,0.020662554337703323,-0.845030842467225
5620260301030001,岸和田競輪,1R,20:49,1-3,1,3,2.8,0.05421704301165385,-0.8481922795673692
4420260228040001,大垣競輪,1R,11:05,3-7,3,7,3.0,0.0498398500060927,-0.8504804499817219
8320260301030011,久留米競輪,11R,20:02,2-5,2,5,3.8,0.03763714644436448,-0.856978843511415
2720260301030006,京王閣競輪,6R,18:04,1-7,1,7,1.7,0.08164858573808703,-0.861197404245252
3620260303010006,小田原競輪,6R,10:34,1-4,1,4,1.3,0.10473295343333044,-0.8638471605366704
3620260303010004,小田原競輪,4R,09:52,1-4,1,4,1.8,0.07458027368687312,-0.8657555073636284
8320260301030012,久留米競輪,12R,20:30,4-5,4,5,4.4,0.029959815977373974,-0.8681768096995545
4420260228040011,大垣競輪,11R,15:49,1-5,1,5,2.0,0.06492334668669915,-0.8701533066266017
3620260303010003,小田原競輪,3R,09:31,1-4,1,4,1.7,0.07087502591226955,-0.8795124559491417
3620260303010005,小田原競輪,5R,10:13,1-5,1,5,1.3,0.08957380879997899,-0.8835540485600273
3820260301030006,静岡競輪,6R,22:45,1-2,1,2,1.0,0.11586158422257202,-0.884138415777428
3820260301030002,静岡競輪,2R,21:05,1-2,1,2,1.4,0.08113976112190793,-0.8864043344293289
4420260228040010,大垣競輪,10R,15:18,1-8,1,8,8.6,0.012972354129187678,-0.888437754488986
8320260301030010,久留米競輪,10R,19:35,1-7,1,7,1.3,0.0842482475189159,-0.8904772782254093
3820260301030005,静岡競輪,5R,22:18,2-3,2,3,1.5,0.06561066649922787,-0.9015840002511581
2720260301030003,京王閣競輪,3R,16:50,1-5,1,5,4.9,0.016744381347327284,-0.9179525313980963
