race_id,競輪場,レース番号,開始時間,買い目,a,b,odds,p,EV
2620260322010007,西武園競輪,7R,22:40,4-7,4,7,435.0,0.06812425393305459,28.634050460878747
4320260322010005,岐阜競輪,5R,17:42,4-5,4,5,719.0,0.038276063897811144,26.52048994252621
4320260322010005,岐阜競輪,5R,17:42,1-3,1,3,1078.5,0.024502128066604144,25.42554511983257
2620260322010007,西武園競輪,7R,22:40,3-4,3,4,435.0,0.06071012386122359,25.408903879632263
4320260322010005,岐阜競輪,5R,17:42,4-6,4,6,719.0,0.03672884132474875,25.40803691249435
2620260322010007,西武園競輪,7R,22:40,4-6,4,6,435.0,0.056895955153630114,23.7497404918291
2820260322010005,立川競輪,5R,10:13,4-6,4,6,708.3,0.03474911335328734,23.61279698813342
2620260322010007,西武園競輪,7R,22:40,1-6,1,6,435.0,0.05538171086112009,23.09104422458724
2820260322010005,立川競輪,5R,10:13,6-7,6,7,373.8,0.05998508920151091,21.42242634352478
8720260320030007,熊本競輪,7R,13:40,6-7,6,7,357.7,0.06098434731669976,20.8141010351835
2620260322010004,西武園競輪,4R,21:40,1-7,1,7,333.0,0.06437785836558728,20.437826835740562
2620260322010004,西武園競輪,4R,21:40,3-6,3,6,333.0,0.058987374591772515,18.642795739060247
2620260322010007,西武園競輪,7R,22:40,2-6,2,6,435.0,0.03786138211078498,15.469701218191464
8720260320030010,熊本競輪,10R,14:55,3-6,3,6,529.6,0.030080447717675825,14.930605111281118
2620260322010004,西武園競輪,4R,21:40,4-6,4,6,333.0,0.0443835261820342,13.77971421861739
4320260322010004,岐阜競輪,4R,17:18,6-7,6,7,626.6,0.023584915234941137,13.778307886214117
2820260322010007,立川競輪,7R,10:55,6-7,6,7,265.8,0.05355064643354164,13.233761822035369
2620260322010004,西武園競輪,4R,21:40,3-4,3,4,333.0,0.0426495043238132,13.202284939829797
4320260322010005,岐阜競輪,5R,17:42,1-4,1,4,431.4,0.03250573583325118,13.022974438464557
8720260320030010,熊本競輪,10R,14:55,1-3,1,3,423.7,0.03154204758462862,12.364365561607146
2820260322010006,立川競輪,6R,10:34,3-6,3,6,276.2,0.04801985836898106,12.263084881512569
2620260322010008,西武園競輪,8R,23:00,3-4,3,4,237.7,0.05535331823058637,12.15748374341038
4720260322010004,松阪競輪,4R,21:50,2-6,2,6,292.5,0.044570168047098194,12.036774153776221
4720260322010004,松阪競輪,4R,21:50,1-5,1,5,146.2,0.08685937199780876,11.69884018607964
4320260322010005,岐阜競輪,5R,17:42,3-5,3,5,431.4,0.029064374409403522,11.538371120216679
4320260322010005,岐阜競輪,5R,17:42,1-2,1,2,269.6,0.04630904338286969,11.48491809602167
2820260322010005,立川競輪,5R,10:13,1-6,1,6,434.1,0.027851268450204525,11.090235634233785
4720260322010004,松阪競輪,4R,21:50,1-6,1,6,146.2,0.08217765969608605,11.01437384756778
2820260322010005,立川競輪,5R,10:13,4-7,4,7,154.7,0.07621225001441767,10.790035077230414
8720260320030010,熊本競輪,10R,14:55,1-4,1,4,302.6,0.03764398478498216,10.391069795935604
4320260322010004,岐阜競輪,4R,17:18,5-7,5,7,250.6,0.04434271498146069,10.112284374354049
4720260322010004,松阪競輪,4R,21:50,3-6,3,6,292.5,0.03726758721823978,9.900769261335135
2220260320030005,前橋競輪,5R,17:30,5-6,5,6,360.7,0.03009780466993541,9.856278144445703
4720260322010004,松阪競輪,4R,21:50,5-6,5,6,292.5,0.037025527049668105,9.829966662027921
2820260322010005,立川競輪,5R,10:13,2-4,2,4,420.6,0.02573864891469321,9.825675733519965
2820260322010006,立川競輪,6R,10:34,6-7,6,7,276.2,0.038258828412227,9.567088407457096
4320260322010004,岐阜競輪,4R,17:18,3-6,3,6,626.6,0.015830120775794505,8.919153678112837
8720260320030010,熊本競輪,10R,14:55,4-6,4,6,273.3,0.03588815079291528,8.808231611703746
8720260320030010,熊本競輪,10R,14:55,3-4,3,4,564.9,0.017060426521677306,8.63743494209551
8720260320030010,熊本競輪,10R,14:55,3-5,3,5,353.0,0.027095827169432395,8.564826990809635
4720260322010004,松阪競輪,4R,21:50,5-7,5,7,292.5,0.032534546863743324,8.516354957644923
2820260322010006,立川競輪,6R,10:34,3-5,3,5,251.1,0.037226418080217316,8.347553579942568
2220260320030004,前橋競輪,4R,17:06,6-7,6,7,176.5,0.05246645899653358,8.260330012888177
4320260322010003,岐阜競輪,3R,16:54,3-6,3,6,316.9,0.02884764100619011,8.141817434861645
6320260319040003,防府競輪,3R,11:35,4-5,4,5,137.5,0.06633786038217934,8.12145580254966
4320260322010005,岐阜競輪,5R,17:42,1-6,1,6,539.2,0.016837463891611212,8.078760530356767
8720260320030010,熊本競輪,10R,14:55,4-5,4,5,273.3,0.03288758217820298,7.988176209302875
2620260322010008,西武園競輪,8R,23:00,1-4,1,4,79.2,0.1132433521728041,7.968873492086084
2820260322010005,立川競輪,5R,10:13,1-4,1,4,200.8,0.04213956997489825,7.461625650959569
8720260320030010,熊本競輪,10R,14:55,2-3,2,3,217.2,0.038928371051892466,7.455242192471044
2820260322010004,立川競輪,4R,09:52,1-3,1,3,144.2,0.05848974204646074,7.434220803099638
2820260322010006,立川競輪,6R,10:34,3-4,3,4,190.5,0.0437375428621404,7.332001915237745
2620260322010004,西武園競輪,4R,21:40,1-5,1,5,166.5,0.04904327030608362,7.165704505962923
2620260322010007,西武園競輪,7R,22:40,5-7,5,7,435.0,0.018454006084279592,7.0274926466616225
4320260322010004,岐阜競輪,4R,17:18,5-6,5,6,417.7,0.018916339547939302,6.901355029174247
2620260322010008,西武園競輪,8R,23:00,4-6,4,6,237.7,0.03303375613826902,6.852123834066545
8720260320030004,熊本競輪,4R,12:12,6-7,6,7,196.4,0.03986617828550885,6.829717415273938
8720260320030010,熊本競輪,10R,14:55,1-6,1,6,143.6,0.05418951987962703,6.781615054714441
6320260319040003,防府競輪,3R,11:35,4-9,4,9,154.7,0.05008280338620022,6.7478096838451735
8720260320030010,熊本競輪,10R,14:55,5-6,5,6,159.8,0.048412090128236246,6.736252002492153
4320260322010004,岐阜競輪,4R,17:18,2-5,2,5,179.0,0.04265089385194898,6.634509999498867
2820260322010005,立川競輪,5R,10:13,2-6,2,6,560.8,0.01353609356892602,6.591041273453711
4320260322010005,岐阜競輪,5R,17:42,1-5,1,5,431.4,0.017220976907340972,6.429129437826895
4320260322010004,岐阜競輪,4R,17:18,4-5,4,5,179.0,0.041391485008497,6.409075816520963
4320260322010008,岐阜競輪,8R,18:56,3-6,3,6,115.5,0.06387615016868455,6.377695344483065
4720260322010004,松阪競輪,4R,21:50,2-3,2,3,146.2,0.05002930560577881,6.314284479564861
4320260322010009,岐阜競輪,9R,19:22,5-6,5,6,147.7,0.0495211830920909,6.314278742701825
2820260322010007,立川競輪,7R,10:55,2-6,2,6,199.4,0.036659132228998956,6.309830966462392
2620260322010001,西武園競輪,1R,20:40,1-6,1,6,140.2,0.05191563433658156,6.278571933988735
2620260322010007,西武園競輪,7R,22:40,1-2,1,2,87.0,0.08315509783006367,6.234493511215539
4320260322010004,岐阜競輪,4R,17:18,2-6,2,6,313.3,0.023055019943952915,6.223137748440449
8720260320030004,熊本競輪,4R,12:12,5-6,5,6,110.8,0.06514755572247635,6.218349174050379
4720260322010004,松阪競輪,4R,21:50,3-4,3,4,292.5,0.02462452077613396,6.202672327019183
8720260320030007,熊本競輪,7R,13:40,2-7,2,7,124.4,0.05649273328731746,6.027696020942292
2820260322010004,立川競輪,4R,09:52,5-7,5,7,113.1,0.061892941669473,6.000091702817396
2820260322010005,立川競輪,5R,10:13,3-6,3,6,73.9,0.09461784577051824,5.992258802441298
2820260322010007,立川競輪,7R,10:55,2-7,2,7,96.2,0.07247223563164436,5.971829067764188
2220260320030003,前橋競輪,3R,16:42,4-6,4,6,87.4,0.07968959876436396,5.964870932005411
4320260322010010,岐阜競輪,10R,19:48,2-3,2,3,137.2,0.0494026462379083,5.778043063841018
2620260322010004,西武園競輪,4R,21:40,2-4,2,4,166.5,0.04007480058125766,5.6724542967794
4720260322010001,松阪競輪,1R,20:50,2-3,2,3,126.0,0.052780441069348115,5.650335574737863
2620260322010007,西武園競輪,7R,22:40,1-3,1,3,108.7,0.060286365713167075,5.553127953021261
8720260320030007,熊本競輪,7R,13:40,1-6,1,6,272.6,0.024036449823481902,5.552336221881167
4320260322010011,岐阜競輪,11R,20:16,5-6,5,6,161.2,0.040542351090981255,5.535426995866178
2220260320030007,前橋競輪,7R,18:18,3-6,3,6,142.8,0.04563837641293298,5.51716015176683
2620260322010004,西武園競輪,4R,21:40,2-6,2,6,111.0,0.05772550566358077,5.407531128657466
4320260322010004,岐阜競輪,4R,17:18,2-3,2,3,156.6,0.040411689087591234,5.328470511116787
2220260320030004,前橋競輪,4R,17:06,5-6,5,6,171.3,0.036856618664523104,5.313538777232808
8720260320030006,熊本競輪,6R,13:12,6-7,6,7,82.8,0.07587391218598623,5.28235992899966
2820260322010006,立川競輪,6R,10:34,5-7,5,7,212.4,0.02920460158096436,5.20305737579683
2620260322010004,西武園競輪,4R,21:40,1-6,1,6,66.6,0.09294451020099426,5.190104379386217
4720260322010004,松阪競輪,4R,21:50,3-5,3,5,146.2,0.041912329966212886,5.127582641060323
2620260322010004,西武園競輪,4R,21:40,2-3,2,3,111.0,0.05481449247247652,5.084408664444894
6320260319040006,防府競輪,6R,13:05,2-8,2,8,145.8,0.041707007305080875,5.080881665080792
4320260322010009,岐阜競輪,9R,19:22,1-2,1,2,147.7,0.04085232739322826,5.033888755979814
2220260320030003,前橋競輪,3R,16:42,6-7,6,7,193.9,0.030985008417267063,5.0079931321080835
8720260320030006,熊本競輪,6R,13:12,2-5,2,5,124.3,0.04775327972016308,4.935732669216271
2820260322010006,立川競輪,6R,10:34,2-6,2,6,78.9,0.07507561570255716,4.923466078931761
8720260320030003,熊本競輪,3R,11:47,3-4,3,4,105.3,0.0548452965146323,4.77520972299078
8720260320030007,熊本競輪,7R,13:40,5-6,5,6,184.6,0.031077375656614975,4.736883546211124
2820260322010006,立川競輪,6R,10:34,4-6,4,6,424.9,0.013384045041389256,4.686880738086295
2620260322010008,西武園競輪,8R,23:00,1-6,1,6,79.2,0.07176578835301924,4.683850437559124
8720260320030007,熊本競輪,7R,13:40,4-6,4,6,159.0,0.035689846968554644,4.674685668000189
2820260322010006,立川競輪,6R,10:34,1-6,1,6,230.1,0.024551144838696384,4.649218427384038
8720260320030006,熊本競輪,6R,13:12,5-6,5,6,101.7,0.055447683264120834,4.639029387961089
8720260320030010,熊本競輪,10R,14:55,2-6,2,6,89.2,0.06320656175392053,4.638025308449712
4720260322010004,松阪競輪,4R,21:50,4-6,4,6,292.5,0.019268587899149626,4.636061960501266
2820260322010002,立川競輪,2R,09:10,3-7,3,7,134.8,0.04162264749548231,4.610732882391015
2820260322010006,立川競輪,6R,10:34,5-6,5,6,502.2,0.01114889502522489,4.59897508166794
2220260320030003,前橋競輪,3R,16:42,5-6,5,6,278.7,0.019861045017761488,4.535273246450126
4720260322010001,松阪競輪,1R,20:50,4-5,4,5,126.0,0.043699172872353885,4.506095781916589
4320260322010006,岐阜競輪,6R,18:06,3-5,3,5,111.9,0.04891774488289592,4.473895652396054
8720260320030003,熊本競輪,3R,11:47,3-5,3,5,170.3,0.03208881731856626,4.4647255893518345
8720260320030007,熊本競輪,7R,13:40,1-7,1,7,93.8,0.05817316007829085,4.456642415343682
4320260322010005,岐阜競輪,5R,17:42,6-7,6,7,102.7,0.052565761211087435,4.39850367637868
2820260322010004,立川競輪,4R,09:52,1-5,1,5,151.8,0.03553643126869822,4.394430266588389
2820260322010004,立川競輪,4R,09:52,1-7,1,7,94.6,0.055825023013862995,4.281047177111439
2820260322010002,立川競輪,2R,09:10,2-6,2,6,142.3,0.03705378176012279,4.272753144465474
2820260322010007,立川競輪,7R,10:55,3-6,3,6,78.6,0.06702886350879173,4.268468671791029
8720260320030004,熊本競輪,4R,12:12,1-6,1,6,116.7,0.044663208922566255,4.212196481263482
4320260322010005,岐阜競輪,5R,17:42,3-4,3,4,102.7,0.04993391150378233,4.1282127114384455
2820260322010003,立川競輪,3R,09:31,2-6,2,6,124.0,0.041226459187087325,4.112080939198829
6320260319040012,防府競輪,12R,16:30,3-6,3,6,177.2,0.028713350431249677,4.088005696417443
2220260320030001,前橋競輪,1R,15:42,4-7,4,7,162.2,0.031336631570025,4.082801640658055
6320260319040012,防府競輪,12R,16:30,3-5,3,5,91.1,0.05571073072381536,4.075247568939579
4720260322010004,松阪競輪,4R,21:50,1-3,1,3,58.5,0.08572727279815207,4.015045458691896
8720260320030012,熊本競輪,12R,16:10,1-2,1,2,107.4,0.04612910667311952,3.9542660566930365
4320260322010008,岐阜競輪,8R,18:56,6-7,6,7,115.5,0.042473053338370016,3.9056376605817364
2820260322010005,立川競輪,5R,10:13,1-7,1,7,72.3,0.06765440364897374,3.891413383820801
2220260320030006,前橋競輪,6R,17:54,4-6,4,6,186.5,0.026132922792611375,3.8737901008220215
6320260319040003,防府競輪,3R,11:35,3-4,3,4,179.1,0.02714778347897307,3.862168021084077
2220260320030003,前橋競輪,3R,16:42,3-6,3,6,165.1,0.029447795934522104,3.861831108789599
4320260322010002,岐阜競輪,2R,16:22,6-7,6,7,112.8,0.043020195161503516,3.852678014217597
2220260320030005,前橋競輪,5R,17:30,4-6,4,6,90.1,0.05306512686318096,3.7811679303726047
2820260322010007,立川競輪,7R,10:55,5-6,5,6,174.4,0.027098813305433078,3.726033040467529
2620260322010004,西武園競輪,4R,21:40,5-7,5,7,333.0,0.01415406978656154,3.7133052389249928
6320260319040004,防府競輪,4R,12:05,3-7,3,7,94.4,0.04990156147139465,3.710707402899655
4320260322010002,岐阜競輪,2R,16:22,3-6,3,6,137.9,0.034065955103620496,3.6976952087892663
4320260322010011,岐阜競輪,11R,20:16,2-7,2,7,161.2,0.02870184563592236,3.6267375165106843
2620260322010004,西武園競輪,4R,21:40,3-5,3,5,166.5,0.02761064260512958,3.597171993754075
2820260322010005,立川競輪,5R,10:13,5-6,5,6,747.7,0.006126417416690849,3.5807223024597477
2820260322010003,立川競輪,3R,09:31,1-6,1,6,102.5,0.04377977386915256,3.487426821588138
2820260322010004,立川競輪,4R,09:52,2-5,2,5,174.8,0.025665336548322343,3.486300828646746
4320260322010005,岐阜競輪,5R,17:42,2-6,2,6,86.2,0.05184033027817163,3.468636469978395
4320260322010001,岐阜競輪,1R,15:57,1-6,1,6,129.2,0.03428911122056316,3.4301531696967604
8720260320030006,熊本競輪,6R,13:12,2-7,2,7,67.8,0.06480579583452328,3.3938329575806785
4320260322010004,岐阜競輪,4R,17:18,3-7,3,7,104.4,0.041825930092698194,3.3666271016776914
2220260320030004,前橋競輪,4R,17:06,3-5,3,5,105.9,0.04095368639218991,3.3369953889329116
6320260319040006,防府競輪,6R,13:05,1-8,1,8,231.4,0.018694229947015785,3.3258448097394524
8720260320030011,熊本競輪,11R,15:30,6-7,6,7,105.1,0.040964900759079666,3.3054110697792725
6320260319040011,防府競輪,11R,15:50,5-9,5,9,165.9,0.025819504943509812,3.283455870128278
8720260320030010,熊本競輪,10R,14:55,2-4,2,4,94.1,0.04537399521892813,3.2696929501011374
6320260319040009,防府競輪,9R,14:40,3-6,3,6,133.4,0.03195281346700696,3.2625053164987285
4320260322010006,岐阜競輪,6R,18:06,3-6,3,6,74.6,0.0570259632080433,3.25413685532003
2220260320030003,前橋競輪,3R,16:42,2-5,2,5,193.9,0.021929735230559255,3.25217566120544
4320260322010006,岐阜競輪,6R,18:06,6-7,6,7,111.9,0.03791368127624019,3.2425409348112773
2820260322010007,立川競輪,7R,10:55,1-2,1,2,118.8,0.035323779672337574,3.196465025073704
6320260319040006,防府競輪,6R,13:05,5-8,5,8,254.8,0.016334947544000677,3.162144634211373
8720260320030006,熊本競輪,6R,13:12,2-6,2,6,194.6,0.021362233593586088,3.1570906573118522
2220260320030003,前橋競輪,3R,16:42,1-6,1,6,45.5,0.09128890799177643,3.1536453136258276
2820260322010005,立川競輪,5R,10:13,4-5,4,5,498.5,0.008313817002928922,3.1444377759600677
2820260322010006,立川競輪,6R,10:34,2-5,2,5,69.9,0.059045357619362776,3.127270497593458
8720260320030007,熊本競輪,7R,13:40,3-6,3,6,64.3,0.06410156984226686,3.121730940857759
2220260320030004,前橋競輪,4R,17:06,1-3,1,3,182.1,0.022531960740381864,3.103070050823537
2820260322010001,立川競輪,1R,08:50,4-5,4,5,80.3,0.05091120924766966,3.088170102587874
2820260322010007,立川競輪,7R,10:55,4-6,4,6,348.9,0.011705224446579387,3.0839528094115476
6320260319040008,防府競輪,8R,14:10,1-6,1,6,154.6,0.0263766957415661,3.0778371616461184
2620260322010006,西武園競輪,6R,22:20,1-6,1,6,70.5,0.05776906812843025,3.072719303054333
2820260322010003,立川競輪,3R,09:31,6-7,6,7,46.3,0.08746572112941024,3.049662888291694
2820260322010004,立川競輪,4R,09:52,3-6,3,6,303.7,0.013314402474472967,3.0435840314974403
2820260322010001,立川競輪,1R,08:50,2-5,2,5,81.3,0.04968175896412014,3.0391270037829674
2820260322010002,立川競輪,2R,09:10,6-7,6,7,75.3,0.05347797081248899,3.026891202180421
6320260319040012,防府競輪,12R,16:30,5-6,5,6,246.3,0.01632290778634893,3.0203321877777416
8720260320030003,熊本競輪,3R,11:47,6-7,6,7,109.3,0.036688152132576035,3.01001502809056
4320260322010004,岐阜競輪,4R,17:18,3-4,3,4,104.4,0.03837848442319744,3.0067137737818133
2820260322010004,立川競輪,4R,09:52,3-5,3,5,62.7,0.06383636806671851,3.0025402777832504
2820260322010006,立川競輪,6R,10:34,3-7,3,7,54.6,0.07316716698461322,2.9949273173598816
8720260320030004,熊本競輪,4R,12:12,4-7,4,7,160.0,0.024910897409928474,2.9857435855885557
8720260320030010,熊本競輪,10R,14:55,3-7,3,7,98.5,0.04041973803852401,2.981344196794615
8720260320030003,熊本競輪,3R,11:47,5-6,5,6,85.1,0.04677076074023323,2.9801917389938475
4720260322010009,松阪競輪,9R,23:30,1-4,1,4,102.7,0.03870049563636743,2.9745409018549354
2220260320030004,前橋競輪,4R,17:06,4-6,4,6,67.7,0.05869862542373626,2.9738969411869447
2820260322010001,立川競輪,1R,08:50,2-6,2,6,203.4,0.01950552962884812,2.9674247265077076
6320260319040004,防府競輪,4R,12:05,3-5,3,5,132.5,0.02952407234845868,2.9119395861707753
6320260319040009,防府競輪,9R,14:40,5-6,5,6,161.1,0.02424365813034151,2.905653324798017
4320260322010007,岐阜競輪,7R,18:30,2-6,2,6,114.0,0.03409932685470196,2.8873232614360234
2820260322010007,立川競輪,7R,10:55,1-6,1,6,174.4,0.02210527955070287,2.855160753642581
6320260319040003,防府競輪,3R,11:35,4-7,4,7,88.9,0.043244984213094154,2.8444790965440707
2220260320030007,前橋競輪,7R,18:18,4-7,4,7,95.2,0.04036797234326055,2.843030967078404
2820260322010002,立川競輪,2R,09:10,5-6,5,6,75.3,0.05093998081781845,2.835780555581729
6320260319040009,防府競輪,9R,14:40,6-7,6,7,123.3,0.031082190556265543,2.8324340955875416
6320260319040001,防府競輪,1R,10:45,1-6,1,6,229.4,0.01665411158195435,2.8204531969003277
8720260320030008,熊本競輪,8R,14:03,2-4,2,4,68.6,0.055644759698848995,2.817230515341041
2220260320030003,前橋競輪,3R,16:42,2-4,2,4,51.2,0.07445181810011953,2.81193308672612
8720260320030002,熊本競輪,2R,11:23,5-6,5,6,94.1,0.04032591961757912,2.794669036014195
2620260322010008,西武園競輪,8R,23:00,2-5,2,5,237.7,0.015956271051776477,2.7928056290072685
2220260320030004,前橋競輪,4R,17:06,1-6,1,6,224.1,0.016882981376339735,2.783476126437735
2620260322010007,西武園競輪,7R,22:40,4-5,4,5,87.0,0.043484807091871004,2.7831782169927775
2820260322010004,立川競輪,4R,09:52,3-7,3,7,41.2,0.09143830856384458,2.7672583128303967
6320260319040006,防府競輪,6R,13:05,7-8,7,8,228.7,0.016437085822958122,2.7591615277105226
8720260320030006,熊本競輪,6R,13:12,3-6,3,6,203.4,0.01833131764876439,2.728590009758677
6320260319040003,防府競輪,3R,11:35,2-4,2,4,134.7,0.027662215316743816,2.7261004031653915
8720260320030003,熊本競輪,3R,11:47,3-7,3,7,148.5,0.025091379649220168,2.726069877909195
2620260322010007,西武園競輪,7R,22:40,2-3,2,3,87.0,0.04264124465171187,2.7097882846989325
4320260322010003,岐阜競輪,3R,16:54,3-4,3,4,87.1,0.04225801589167257,2.680673184164681
2220260320030003,前橋競輪,3R,16:42,1-2,1,2,43.7,0.08403002004498758,2.6721118759659577
2620260322010006,西武園競輪,6R,22:20,3-7,3,7,70.5,0.05201072067717032,2.6667558077405076
8720260320030004,熊本競輪,4R,12:12,4-6,4,6,308.6,0.01184285516810868,2.654705104878339
6320260319040002,防府競輪,2R,11:10,7-8,7,8,59.5,0.06130282671512944,2.6475181895502016
8720260320030004,熊本競輪,4R,12:12,3-4,3,4,172.8,0.021068248492589432,2.6405933395194543
2820260322010006,立川競輪,6R,10:34,4-5,4,5,394.6,0.00920622672711328,2.632777066518901
4720260322010004,松阪競輪,4R,21:50,1-4,1,4,58.5,0.06192801781359426,2.622789042095264
2820260322010003,立川競輪,3R,09:31,1-2,1,2,56.7,0.063755557034083,2.6149400838325065
2220260320030012,前橋競輪,12R,20:30,4-7,4,7,183.1,0.019720457667105454,2.6108157988470087
8720260320030012,熊本競輪,12R,16:10,1-4,1,4,143.2,0.025170773537917447,2.6044547706297783
2220260320030005,前橋競輪,5R,17:30,4-7,4,7,45.0,0.07999884090918638,2.599947840913387
8720260320030006,熊本競輪,6R,13:12,4-7,4,7,67.8,0.05275020226795296,2.5764637137672106
2820260322010003,立川競輪,3R,09:31,3-6,3,6,104.5,0.03418691385746076,2.57253249810465
2620260322010008,西武園競輪,8R,23:00,2-4,2,4,47.5,0.07507503066041338,2.5660639563696352
6320260319040007,防府競輪,7R,13:35,3-8,3,8,102.5,0.03468116382939797,2.5548192925132915
8720260320030008,熊本競輪,8R,14:03,1-4,1,4,89.1,0.03980863525199019,2.5469494009523257
6320260319040010,防府競輪,10R,15:15,1-9,1,9,180.8,0.01959343632712401,2.5424932879440214
6320260319040006,防府競輪,6R,13:05,8-9,8,9,119.8,0.02954596181621388,2.5396062255824225
2820260322010005,立川競輪,5R,10:13,1-3,1,3,35.0,0.10073893084213731,2.525862579474806
2620260322010002,西武園競輪,2R,21:00,2-5,2,5,68.2,0.05168672871330649,2.525034898247503
8720260320030002,熊本競輪,2R,11:23,1-6,1,6,125.5,0.02800554472868585,2.5146958634500742
4320260322010009,岐阜競輪,9R,19:22,4-6,4,6,147.7,0.023785357967929265,2.513097371863152
2620260322010002,西武園競輪,2R,21:00,4-7,4,7,68.2,0.051394060834162855,2.5050749488899067
8720260320030010,熊本競輪,10R,14:55,1-5,1,5,68.8,0.05079794137863318,2.4948983668499625
6320260319040006,防府競輪,6R,13:05,6-8,6,8,221.2,0.015780832831725027,2.490720222377576
2820260322010004,立川競輪,4R,09:52,2-3,2,3,72.1,0.04792287409532364,2.4552392222728345
2220260320030007,前橋競輪,7R,18:18,5-6,5,6,57.1,0.06037877375853183,2.4476279816121678
4720260322010001,松阪競輪,1R,20:50,5-6,5,6,126.0,0.027042092798005495,2.4073036925486924
2820260322010003,立川競輪,3R,09:31,4-6,4,6,254.0,0.01336970143080879,2.3959041634254326
2220260320030009,前橋競輪,9R,19:09,6-7,6,7,68.8,0.04935153329009824,2.3953854903587586
4320260322010006,岐阜競輪,6R,18:06,1-2,1,2,111.9,0.030308518564680156,2.39152322738771
8720260320030002,熊本競輪,2R,11:23,1-3,1,3,62.7,0.05383782122151695,2.375631390589113
4320260322010008,岐阜競輪,8R,18:56,1-3,1,3,77.0,0.04376709591245604,2.3700663852591153
8720260320030011,熊本競輪,11R,15:30,4-6,4,6,128.6,0.026010092557764593,2.3448979029285266
2620260322010004,西武園競輪,4R,21:40,1-4,1,4,47.5,0.07040882808353499,2.3444193339679122
2820260322010002,立川競輪,2R,09:10,3-5,3,5,85.4,0.03915939544524163,2.344212371023635
2220260320030004,前橋競輪,4R,17:06,3-6,3,6,126.6,0.026350883026095055,2.336021791103634
4320260322010006,岐阜競輪,6R,18:06,1-3,1,3,74.6,0.04456901249361539,2.324848332023708
2820260322010003,立川競輪,3R,09:31,2-4,2,4,115.9,0.028603008585386898,2.3150886950463416
4320260322010003,岐阜競輪,3R,16:54,1-6,1,6,85.0,0.03882449401835873,2.3000819915604924
4320260322010005,岐阜競輪,5R,17:42,5-7,5,7,59.9,0.0550739093211307,2.298927168335729
4320260322010008,岐阜競輪,8R,18:56,1-4,1,4,115.5,0.028476804599332543,2.2890709312229087
8720260320030012,熊本競輪,12R,16:10,1-7,1,7,69.7,0.047093723154975474,2.2824325039017905
6320260319040002,防府競輪,2R,11:10,6-7,6,7,95.8,0.03421097736889497,2.277411631940138
4320260322010004,岐阜競輪,4R,17:18,3-5,3,5,96.4,0.03399317289768157,2.2769418673365034
6320260319040010,防府競輪,10R,15:15,1-3,1,3,70.4,0.046474163848909504,2.2717811349632293
8720260320030005,熊本競輪,5R,12:42,1-2,1,2,114.8,0.028436045629706357,2.2644580382902895
6320260319040011,防府競輪,11R,15:50,5-7,5,7,132.2,0.024530606509590852,2.2429461805679103
2820260322010001,立川競輪,1R,08:50,4-6,4,6,164.9,0.01961434744679925,2.2344058939771965
6320260319040010,防府競輪,10R,15:15,3-4,3,4,144.0,0.022425068064976704,2.2292098013566455
4320260322010003,岐阜競輪,3R,16:54,3-7,3,7,72.6,0.04446609853253471,2.22823875346202
6320260319040009,防府競輪,9R,14:40,2-6,2,6,80.5,0.03986885028639228,2.209442448054579
6320260319040008,防府競輪,8R,14:10,6-9,6,9,144.2,0.022229906772292786,2.2055525565646197
4720260322010003,松阪競輪,3R,21:30,2-6,2,6,53.2,0.060115436989176305,2.1981412478241795
4320260322010006,岐阜競輪,6R,18:06,3-7,3,7,111.9,0.02856952521976442,2.196929872091639
2820260322010005,立川競輪,5R,10:13,1-2,1,2,156.5,0.020337342506703132,2.1827941022990403
2620260322010004,西武園競輪,4R,21:40,1-3,1,3,37.0,0.08576654797773808,2.1733622751763093
2220260320030001,前橋競輪,1R,15:42,5-7,5,7,129.8,0.024433865276843717,2.1715157129343146
6320260319040004,防府競輪,4R,12:05,2-3,2,3,94.4,0.033473839612648444,2.159930459434013
6320260319040009,防府競輪,9R,14:40,3-5,3,5,83.1,0.03797090911459491,2.1553825474228367
8720260320030006,熊本競輪,6R,13:12,4-5,4,5,82.8,0.03807141892443522,2.152313486943236
6320260319040003,防府競輪,3R,11:35,1-5,1,5,73.1,0.04311449481184042,2.1516695707455344
6320260319040002,防府競輪,2R,11:10,5-6,5,6,138.8,0.022567648931332295,2.132389671668923
6320260319040001,防府競輪,1R,10:45,1-5,1,5,110.6,0.028226389734296524,2.1218387046131952
2620260322010008,西武園競輪,8R,23:00,3-6,3,6,118.8,0.026208515209962268,2.1135716069435175
4320260322010006,岐阜競輪,6R,18:06,2-5,2,5,89.5,0.034782347580990886,2.1130201084986844
2620260322010008,西武園競輪,8R,23:00,1-3,1,3,29.7,0.1047139926624551,2.1100055820749164
2620260322010008,西武園競輪,8R,23:00,1-5,1,5,118.8,0.026161968632485398,2.1080418735392654
4320260322010006,岐阜競輪,6R,18:06,2-6,2,6,74.6,0.041660512350594724,2.107874221354366
4320260322010006,岐阜競輪,6R,18:06,4-7,4,7,63.9,0.04856059725173048,2.1030221643855778
6320260319040002,防府競輪,2R,11:10,5-8,5,8,78.4,0.03956609438255865,2.1019817995925982
4320260322010003,岐阜競輪,3R,16:54,1-5,1,5,54.4,0.05696415927279229,2.0988502644399003
6320260319040010,防府競輪,10R,15:15,5-9,5,9,98.8,0.03133792441970968,2.096186932667316
8720260320030006,熊本競輪,6R,13:12,4-6,4,6,213.1,0.0145091189827366,2.0918932552211693
4320260322010002,岐阜競輪,2R,16:22,1-7,1,7,55.1,0.0560689920035156,2.08940145939371
8720260320030011,熊本競輪,11R,15:30,3-6,3,6,63.4,0.048706975788555054,2.0880222649943905
2220260320030003,前橋競輪,3R,16:42,2-6,2,6,62.8,0.04916013145250168,2.0872562552171052
2820260322010001,立川競輪,1R,08:50,2-7,2,7,89.7,0.03438265476158536,2.084124132114207
2220260320030012,前橋競輪,12R,20:30,2-5,2,5,48.1,0.06408094632676808,2.082293518317545
8720260320030008,熊本競輪,8R,14:03,1-2,1,2,48.3,0.06374672086178658,2.0789666176242916
8720260320030001,熊本競輪,1R,11:00,3-5,3,5,68.8,0.044744988429480714,2.078455203948273
2820260322010001,立川競輪,1R,08:50,4-7,4,7,87.2,0.035036284902626766,2.055164043509054
4720260322010003,松阪競輪,3R,21:30,2-5,2,5,53.2,0.057410831247111146,2.054256222346313
4320260322010006,岐阜競輪,6R,18:06,1-7,1,7,111.9,0.02722743219868686,2.04674966303306
4720260322010005,松阪競輪,5R,22:10,2-6,2,6,34.5,0.08803203733060087,2.0371052879057303
6320260319040012,防府競輪,12R,16:30,2-6,2,6,131.2,0.023008812463685566,2.018756195235546
6320260319040007,防府競輪,7R,13:35,1-8,1,8,119.4,0.025256916556851035,2.015675836888014
6320260319040007,防府競輪,7R,13:35,5-9,5,9,151.9,0.019817208461325283,2.0102339652753107
6320260319040006,防府競輪,6R,13:05,3-8,3,8,283.5,0.010599618988709824,2.004991983299235
2820260322010002,立川競輪,2R,09:10,2-3,2,3,111.4,0.02697036961729801,2.0044991753669983
4320260322010003,岐阜競輪,3R,16:54,1-3,1,3,37.8,0.07946153056884997,2.0036458555025285
4320260322010005,岐阜競輪,5R,17:42,2-5,2,5,55.3,0.05431211037282248,2.0034597036170827
6320260319040002,防府競輪,2R,11:10,1-8,1,8,328.2,0.009144882067482454,2.0013502945477413
2220260320030001,前橋競輪,1R,15:42,4-6,4,6,95.4,0.03145229955978169,2.000549378003173
6320260319040012,防府競輪,12R,16:30,6-9,6,9,249.1,0.012028280113422081,1.9962445762534404
4320260322010002,岐阜競輪,2R,16:22,1-3,1,3,67.1,0.044604797323052184,1.9929819003768015
2620260322010002,西武園競輪,2R,21:00,1-7,1,7,34.1,0.08775852576806918,1.9925657286911593
6320260319040011,防府競輪,11R,15:50,3-5,3,5,176.5,0.01689042873653975,1.9811606719992656
2820260322010005,立川競輪,5R,10:13,3-4,3,4,27.0,0.11014781272530241,1.973990943583165
4320260322010003,岐阜競輪,3R,16:54,4-5,4,5,124.5,0.023750995132391588,1.9569988939827527
2820260322010007,立川競輪,7R,10:55,2-4,2,4,107.3,0.027504272978255702,1.9512084905668368
4720260322010003,松阪競輪,3R,21:30,5-6,5,6,53.2,0.05547291955760315,1.9511593204644875
2620260322010006,西武園競輪,6R,22:20,2-5,2,5,70.5,0.04179766623208792,1.9467354693621983
2220260320030008,前橋競輪,8R,18:43,1-6,1,6,91.2,0.032277300131417545,1.9436897719852801
2220260320030001,前橋競輪,1R,15:42,3-6,3,6,63.6,0.04613317614478344,1.9340700028082267
6320260319040005,防府競輪,5R,12:35,3-9,3,9,94.9,0.030843362501169553,1.9270351013609908
8720260320030003,熊本競輪,3R,11:47,4-6,4,6,36.8,0.07948331731555765,1.9249860772125214
6320260319040001,防府競輪,1R,10:45,5-6,5,6,120.1,0.02422106923487986,1.908950415109071
6320260319040008,防府競輪,8R,14:10,1-7,1,7,38.7,0.07461473935884123,1.887590413187156
2220260320030003,前橋競輪,3R,16:42,2-7,2,7,92.9,0.0310642796504189,1.8858715795239158
8720260320030007,熊本競輪,7R,13:40,1-2,1,2,139.6,0.020556469790703538,1.869683182782214
8720260320030009,熊本競輪,9R,14:25,5-6,5,6,156.7,0.01826014509560269,1.8613647364809416
6320260319040003,防府競輪,3R,11:35,4-8,4,8,206.2,0.013815377270153549,1.8487307931056618
2220260320030007,前橋競輪,7R,18:18,4-6,4,6,71.4,0.0398732315604609,1.8469487334169088
8720260320030008,熊本競輪,8R,14:03,2-3,2,3,84.3,0.03368423512277713,1.8395810208501118
2820260322010004,立川競輪,4R,09:52,1-2,1,2,134.2,0.02108612075505973,1.8297574053290155
8720260320030004,熊本競輪,4R,12:12,3-7,3,7,54.7,0.051653458482254964,1.8254441789793465
4320260322010002,岐阜競輪,2R,16:22,3-5,3,5,47.7,0.05913504615795989,1.8207417017346872
4320260322010006,岐阜競輪,6R,18:06,5-7,5,7,89.5,0.03150350047299416,1.8195632923329774
6320260319040004,防府競輪,4R,12:05,1-6,1,6,155.4,0.01812243722747773,1.8162267451500393
8720260320030011,熊本競輪,11R,15:30,4-7,4,7,56.8,0.04948169963230527,1.810560539114939
8720260320030001,熊本競輪,1R,11:00,2-3,2,3,90.3,0.03110312633471813,1.808612308025047
2620260322010002,西武園競輪,2R,21:00,2-7,2,7,68.2,0.0411716831188594,1.8079087887062113
4320260322010001,岐阜競輪,1R,15:57,5-6,5,6,91.5,0.03064196078868567,1.803739412164739
4320260322010009,岐阜競輪,9R,19:22,2-3,2,3,73.8,0.03786066295117188,1.7941169257964846
2220260320030001,前橋競輪,1R,15:42,1-6,1,6,57.9,0.04821452372707144,1.7916209237974363
4320260322010003,岐阜競輪,3R,16:54,6-7,6,7,232.4,0.01199213157076533,1.7869713770458628
8720260320030009,熊本競輪,9R,14:25,1-5,1,5,48.8,0.056998709944439896,1.7815370452886667
2820260322010005,立川競輪,5R,10:13,1-5,1,5,384.5,0.007224409020596493,1.7777852684193514
8720260320030005,熊本競輪,5R,12:42,2-5,2,5,94.3,0.029379652619505453,1.770501242019364
2220260320030001,前橋競輪,1R,15:42,1-7,1,7,57.9,0.04767361347094255,1.7603022199675737
2820260322010004,立川競輪,4R,09:52,5-6,5,6,320.6,0.00854127793925951,1.7383337073265994
2220260320030004,前橋競輪,4R,17:06,2-7,2,7,48.9,0.055836806042164316,1.7304198154618349
8720260320030003,熊本競輪,3R,11:47,1-3,1,3,134.7,0.020253618088769215,1.7281623565572128
4320260322010007,岐阜競輪,7R,18:30,5-6,5,6,57.0,0.04777286928218346,1.7230535490844572
2220260320030012,前橋競輪,12R,20:30,2-7,2,7,45.7,0.059581941911891347,1.7228947453734347
2220260320030004,前橋競輪,4R,17:06,3-4,3,4,43.1,0.06293363377034297,1.7124396155017823
8720260320030008,熊本競輪,8R,14:03,2-6,2,6,55.7,0.048651282980520086,1.709876462014969
2220260320030005,前橋競輪,5R,17:30,4-5,4,5,45.0,0.06019420996516478,1.7087394484324152
8720260320030007,熊本競輪,7R,13:40,2-4,2,4,84.1,0.03218526290182368,1.7067806100433711
6320260319040008,防府競輪,8R,14:10,6-7,6,7,155.9,0.017270757579608803,1.6925111066610126
8720260320030001,熊本競輪,1R,11:00,3-4,3,4,65.7,0.040929779287259764,1.6890864991729666
6320260319040012,防府競輪,12R,16:30,2-5,2,5,65.1,0.041221027412298536,1.6834888845406346
2220260320030011,前橋競輪,11R,20:02,1-7,1,7,44.2,0.06045549482628699,1.6721328713218853
6320260319040009,防府競輪,9R,14:40,5-7,5,7,71.5,0.037333361373430546,1.669335338200284
6320260319040010,防府競輪,10R,15:15,3-9,3,9,152.4,0.017511247195688844,1.66871407262298
2220260320030011,前橋競輪,11R,20:02,5-6,5,6,77.3,0.03451448365712585,1.6679695866958282
4320260322010008,岐阜競輪,8R,18:56,2-7,2,7,57.7,0.04607719241650632,1.6586540024324146
6320260319040008,防府競輪,8R,14:10,5-6,5,6,219.7,0.012038543922764152,1.644868099831284
4720260322010009,松阪競輪,9R,23:30,4-6,4,6,51.3,0.0515361626209367,1.6438051424540525
6320260319040007,防府競輪,7R,13:35,2-8,2,8,151.9,0.01739489871602709,1.642285114964515
8720260320030004,熊本競輪,4R,12:12,2-6,2,6,113.7,0.02305985009696962,1.6219049560254457
2620260322010008,西武園競輪,8R,23:00,2-3,2,3,39.6,0.06618671539977056,1.620993929830914
2220260320030005,前橋競輪,5R,17:30,1-4,1,4,51.5,0.05069782833362038,1.6109381591814498
6320260319040004,防府競輪,4R,12:05,1-5,1,5,90.8,0.028569549374855105,1.5941150832368436
4320260322010006,岐阜競輪,6R,18:06,2-7,2,7,149.2,0.017352090252512806,1.5889318656749105
8720260320030005,熊本競輪,5R,12:42,1-4,1,4,49.8,0.05197308714661242,1.5882597399012983
2620260322010003,西武園競輪,3R,21:20,5-7,5,7,38.2,0.06774891755729344,1.5880086506886095
2220260320030004,前橋競輪,4R,17:06,2-3,2,3,84.4,0.030641437243080667,1.5861373033160087
6320260319040005,防府競輪,5R,12:35,4-8,4,8,202.3,0.01278071732266305,1.5855391143747353
8720260320030001,熊本競輪,1R,11:00,1-3,1,3,73.5,0.03517516943029763,1.585374953126876
8720260320030002,熊本競輪,2R,11:23,6-7,6,7,155.8,0.016586719546165894,1.5842109052926463
8720260320030006,熊本競輪,6R,13:12,2-3,2,3,149.2,0.01731767807250887,1.5837975684183232
6320260319040001,防府競輪,1R,10:45,4-6,4,6,152.0,0.016951305430326084,1.5765984254095646
6320260319040010,防府競輪,10R,15:15,1-4,1,4,104.6,0.024629306426105748,1.576225452170661
6320260319040008,防府競輪,8R,14:10,4-7,4,7,118.6,0.021686036551092226,1.571963934959538
2220260320030011,前橋競輪,11R,20:02,6-7,6,7,92.8,0.02748822554800094,1.5509073308544874
6320260319040004,防府競輪,4R,12:05,1-3,1,3,236.9,0.010744145074757443,1.5452879682100384
4720260322010001,松阪競輪,1R,20:50,2-5,2,5,31.5,0.08070077223330527,1.542074325349116
4320260322010002,岐阜競輪,2R,16:22,2-6,2,6,82.7,0.030666373775450357,1.5361091112297447
8720260320030009,熊本競輪,9R,14:25,5-7,5,7,86.2,0.02941437417765673,1.53551905411401
6320260319040009,防府競輪,9R,14:40,1-6,1,6,59.6,0.04237333675647471,1.5254508706858925
6320260319040007,防府競輪,7R,13:35,4-8,4,8,123.7,0.020370466910452124,1.5198267568229276
8720260320030004,熊本競輪,4R,12:12,1-7,1,7,36.6,0.0686778674990975,1.513609950466969
8720260320030009,熊本競輪,9R,14:25,1-6,1,6,63.1,0.03982746066804196,1.5131127681534475
4320260322010003,岐阜競輪,3R,16:54,5-7,5,7,102.5,0.024513944943343732,1.5126793566927326
4320260322010001,岐阜競輪,1R,15:57,3-6,3,6,129.2,0.019430020647897596,1.5103586677083691
8720260320030011,熊本競輪,11R,15:30,5-6,5,6,90.5,0.027654419117126787,1.502724930099974
4720260322010003,松阪競輪,3R,21:30,4-6,4,6,53.2,0.04699600312196407,1.5001873660884888
2620260322010007,西武園競輪,7R,22:40,2-4,2,4,31.0,0.08059129061445887,1.498330009048225
6320260319040001,防府競輪,1R,10:45,6-9,6,9,100.1,0.024952746244036362,1.4977698990280395
6320260319040005,防府競輪,5R,12:35,8-9,8,9,162.3,0.015382301149282499,1.4965474765285496
2820260322010004,立川競輪,4R,09:52,4-5,4,5,31.7,0.07846704736526613,1.4874054014789366
4320260322010007,岐阜競輪,7R,18:30,2-4,2,4,114.0,0.021818653858673643,1.4873265398887954
8720260320030002,熊本競輪,2R,11:23,4-6,4,6,37.6,0.06602384710955421,1.4824966513192384
6320260319040005,防府競輪,5R,12:35,5-8,5,8,143.9,0.017180041471602566,1.4722079677636093
4320260322010005,岐阜競輪,5R,17:42,1-7,1,7,52.6,0.04695972422866984,1.4700814944280336
4320260322010002,岐阜競輪,2R,16:22,5-7,5,7,33.5,0.07357861806746718,1.4648837052601507
6320260319040010,防府競輪,10R,15:15,4-7,4,7,119.6,0.020598184673929,1.4635428870019083
6320260319040004,防府競輪,4R,12:05,1-2,1,2,76.0,0.032390251214744106,1.4616590923205521
4320260322010004,岐阜競輪,4R,17:18,2-4,2,4,50.1,0.048930828331148805,1.451434499390555
4720260322010001,松阪競輪,1R,20:50,3-5,3,5,63.0,0.03884582432841497,1.447286932690143
6320260319040007,防府競輪,7R,13:35,8-9,8,9,169.8,0.014305545719517044,1.4290816631739944
4320260322010007,岐阜競輪,7R,18:30,1-2,1,2,57.0,0.04258020573112593,1.427071726674178
8720260320030007,熊本競輪,7R,13:40,2-5,2,5,86.7,0.027921685472883748,1.4208101304990208
8720260320030001,熊本競輪,1R,11:00,2-7,2,7,37.4,0.06469321756599757,1.4195263369683087
2220260320030001,前橋競輪,1R,15:42,2-6,2,6,75.4,0.032026076223684224,1.4147661472657909
2620260322010003,西武園競輪,3R,21:20,5-6,5,6,38.2,0.0631345304644149,1.4117390637406495
4720260322010003,松阪競輪,3R,21:30,4-5,4,5,53.2,0.04526244333956843,1.4079619856650405
6320260319040007,防府競輪,7R,13:35,2-9,2,9,136.4,0.017639530020673123,1.4060318948198143
8720260320030002,熊本競輪,2R,11:23,1-2,1,2,77.9,0.030877098868495267,1.4053260018557814
2820260322010001,立川競輪,1R,08:50,1-2,1,2,51.7,0.04652164428269562,1.4051690094153635
2220260320030006,前橋競輪,6R,17:54,4-7,4,7,69.9,0.034402663829345606,1.4047462016712582
4320260322010003,岐阜競輪,3R,16:54,5-6,5,6,166.0,0.014469896859171081,1.4020028786223993
8720260320030001,熊本競輪,1R,11:00,3-6,3,6,123.9,0.019366106681672435,1.3994606178592148
8720260320030002,熊本競輪,2R,11:23,3-7,3,7,70.6,0.033983938349873205,1.3992660475010479
2620260322010007,西武園競輪,7R,22:40,2-5,2,5,87.0,0.02753454587688728,1.3955054912891933
6320260319040011,防府競輪,11R,15:50,5-6,5,6,231.0,0.010368801311465293,1.3951931029484825
6320260319040011,防府競輪,11R,15:50,3-9,3,9,87.3,0.027436138308740584,1.395174874353053
4320260322010010,岐阜競輪,10R,19:48,4-6,4,6,68.6,0.034906749376837666,1.3946030072510638
2820260322010005,立川競輪,5R,10:13,5-7,5,7,189.5,0.012618933302181244,1.3912878607633457
8720260320030005,熊本競輪,5R,12:42,1-3,1,3,62.1,0.03836394749219285,1.382401139265176
6320260319040007,防府競輪,7R,13:35,4-9,4,9,110.3,0.02158927223999392,1.3812967280713293
6320260319040005,防府競輪,5R,12:35,3-8,3,8,102.6,0.023208966961922862,1.3812400102932854
2220260320030004,前橋競輪,4R,17:06,1-7,1,7,48.5,0.04906592088728856,1.3796971630334953
2220260320030007,前橋競輪,7R,18:18,2-6,2,6,71.4,0.033299592737253615,1.3775909214399085
2220260320030005,前橋競輪,5R,17:30,6-7,6,7,45.0,0.0528009957503834,1.376044808767253
8720260320030012,熊本競輪,12R,16:10,2-6,2,6,66.7,0.03545639318091755,1.3649414251672005
6320260319040010,防府競輪,10R,15:15,3-8,3,8,152.4,0.01551089412662481,1.363860264897621
6320260319040010,防府競輪,10R,15:15,1-7,1,7,55.5,0.04246237326783444,1.3566617163648114
4720260322010001,松阪競輪,1R,20:50,6-7,6,7,126.0,0.01866425853874406,1.3516965758817516
8720260320030001,熊本競輪,1R,11:00,1-2,1,2,58.6,0.04002096250139217,1.3452284025815815
8720260320030006,熊本競輪,6R,13:12,1-2,1,2,61.3,0.03824713345391289,1.34454928072486
6320260319040012,防府競輪,12R,16:30,3-9,3,9,56.2,0.04166804555675743,1.341744160289768
6320260319040008,防府競輪,8R,14:10,1-4,1,4,59.4,0.0394231792336033,1.341736846476036
8720260320030006,熊本競輪,6R,13:12,1-6,1,6,53.2,0.0440153660159515,1.3416174720486196
6320260319040003,防府競輪,3R,11:35,3-5,3,5,54.4,0.04301000845303447,1.3397444598450754
2820260322010006,立川競輪,6R,10:34,1-7,1,7,51.6,0.045307877846560055,1.3378864968824988
6320260319040007,防府競輪,7R,13:35,1-9,1,9,82.1,0.02846248613342419,1.336770111554126
4720260322010003,松阪競輪,3R,21:30,1-6,1,6,26.6,0.08775118414444254,1.3341814982421716
2220260320030001,前橋競輪,1R,15:42,5-6,5,6,95.4,0.024378040363640847,1.3256650506913368
6320260319040012,防府競輪,12R,16:30,3-4,3,4,51.5,0.0451391347361829,1.3246654389134194
6320260319040011,防府競輪,11R,15:50,7-9,7,9,54.9,0.04223969336323052,1.3189591656413553
4720260322010006,松阪競輪,6R,22:30,2-5,2,5,30.7,0.07548013768592943,1.3172402269580332
6320260319040009,防府競輪,9R,14:40,3-7,3,7,50.6,0.04567765526498684,1.3112893564083343
2220260320030008,前橋競輪,8R,18:43,3-6,3,6,22.8,0.10130465241702204,1.3097460751081025
2820260322010001,立川競輪,1R,08:50,1-6,1,6,80.3,0.028761242091683358,1.3095277399621734
4320260322010007,岐阜競輪,7R,18:30,3-4,3,4,114.0,0.020257215057333106,1.3093225165359739
2220260320030005,前橋競輪,5R,17:30,3-4,3,4,45.0,0.05086541651712889,1.2889437432708002
6320260319040011,防府競輪,11R,15:50,3-7,3,7,83.5,0.027386503662757772,1.286773055840274
6320260319040008,防府競輪,8R,14:10,4-6,4,6,264.8,0.008616836104917843,1.2817382005822449
2220260320030001,前橋競輪,1R,15:42,3-7,3,7,49.9,0.04572088058378562,1.2814719411309023
2820260322010005,立川競輪,5R,10:13,2-5,2,5,498.5,0.00457417848200897,1.2802279732814714
4320260322010001,岐阜競輪,1R,15:57,4-6,4,6,56.3,0.040252272228112077,1.26620292644271
2620260322010006,西武園競輪,6R,22:20,1-7,1,7,23.5,0.09625179813622534,1.2619172562012952
2620260322010007,西武園競輪,7R,22:40,1-5,1,5,54.3,0.041581792364591544,1.2578913253973205
8720260320030009,熊本競輪,9R,14:25,2-5,2,5,32.1,0.07032538783981365,1.2574449496580185
4320260322010010,岐阜競輪,10R,19:48,2-5,2,5,137.2,0.016429801820857258,1.2541688098216155
6320260319040009,防府競輪,9R,14:40,4-6,4,6,60.6,0.03711355493655124,1.2490814291550052
4720260322010001,松阪競輪,1R,20:50,5-7,5,7,42.0,0.05354416171136513,1.2488547918773354
8720260320030008,熊本競輪,8R,14:03,4-7,4,7,57.8,0.03878594596027658,1.2418276765039864
2220260320030001,前橋競輪,1R,15:42,4-5,4,5,54.0,0.04140101236772341,1.2356546678570641
2220260320030006,前橋競輪,6R,17:54,2-4,2,4,62.1,0.03599884112203211,1.235528033678194
2220260320030009,前橋競輪,9R,19:09,5-6,5,6,43.0,0.0519556851610782,1.2340944619263627
6320260319040003,防府競輪,3R,11:35,1-9,1,9,72.4,0.030838981709071782,1.2327422757367974
8720260320030012,熊本競輪,12R,16:10,1-3,1,3,26.7,0.08304308984690507,1.2172504989123656
8720260320030012,熊本競輪,12R,16:10,2-3,2,3,17.9,0.12331962013432034,1.2074212004043336
8720260320030004,熊本競輪,4R,12:12,4-5,4,5,52.0,0.042316932707766264,1.2004805008038457
4320260322010002,岐阜競輪,2R,16:22,4-6,4,6,112.8,0.019495177888058608,1.1990560657730112
4720260322010009,松阪競輪,9R,23:30,1-7,1,7,102.7,0.021376212335251516,1.1953370068303308
6320260319040006,防府競輪,6R,13:05,2-4,2,4,45.1,0.0486075015249946,1.1921983187772565
6320260319040003,防府競輪,3R,11:35,5-8,5,8,100.1,0.021873904293466175,1.1895778197759639
4720260322010003,松阪競輪,3R,21:30,1-5,1,5,26.6,0.08195317255590355,1.1799543899870346
8720260320030002,熊本競輪,2R,11:23,2-6,2,6,92.2,0.023584624997634716,1.1745024247819211
6320260319040012,防府競輪,12R,16:30,4-6,4,6,165.6,0.01301082837002563,1.1545931780762442
6320260319040004,防府競輪,4R,12:05,5-8,5,8,158.8,0.013565835168301637,1.1542546247263
6320260319040010,防府競輪,10R,15:15,1-8,1,8,123.4,0.01735062818154919,1.1410675176031702
4320260322010007,岐阜競輪,7R,18:30,1-5,1,5,38.0,0.05622921234095555,1.1367100689563108
8720260320030001,熊本競輪,1R,11:00,2-6,2,6,92.3,0.02314226786300579,1.1360313237554345
4320260322010001,岐阜競輪,1R,15:57,6-7,6,7,156.9,0.013579112377651723,1.1305627320535554
4720260322010003,松阪競輪,3R,21:30,3-6,3,6,53.2,0.04003954494424295,1.1301037910337253
6320260319040010,防府競輪,10R,15:15,4-9,4,9,281.0,0.007564017059175383,1.1254887936282825
6320260319040007,防府競輪,7R,13:35,7-8,7,8,120.3,0.017668016471193163,1.1254623814845375
2820260322010006,立川競輪,6R,10:34,1-3,1,3,39.7,0.05353509021574651,1.1253430815651368
8720260320030003,熊本競輪,3R,11:47,2-3,2,3,62.2,0.034163502072104536,1.1249698288849022
6320260319040005,防府競輪,5R,12:35,7-8,7,8,80.7,0.02632320387031771,1.1242825523346394
6320260319040010,防府競輪,10R,15:15,2-9,2,9,114.9,0.01846637694309454,1.1217867107615627
2220260320030001,前橋競輪,1R,15:42,3-4,3,4,30.6,0.06917388646476594,1.1167209258218378
2220260320030011,前橋競輪,11R,20:02,4-6,4,6,132.6,0.01590353437170805,1.1088086576884875
8720260320030007,熊本競輪,7R,13:40,4-7,4,7,33.0,0.06378750870124096,1.104987787140952
4720260322010003,松阪競輪,3R,21:30,1-7,1,7,53.2,0.03955086829567108,1.1041061933297014
8720260320030008,熊本競輪,8R,14:03,1-7,1,7,47.6,0.04404862185580938,1.0967144003365266
2820260322010001,立川競輪,1R,08:50,6-7,6,7,105.2,0.019863129262771576,1.0896011984435696
6320260319040007,防府競輪,7R,13:35,7-9,7,9,106.2,0.019566276828955682,1.0779385992350936
4320260322010009,岐阜競輪,9R,19:22,1-6,1,6,73.8,0.028101432021477885,1.0738856831850678
2220260320030009,前橋競輪,9R,19:09,2-6,2,6,86.0,0.024085642173087788,1.0713652268855496
6320260319040001,防府競輪,1R,10:45,1-3,1,3,72.5,0.02856576545425194,1.071017995433266
2820260322010002,立川競輪,2R,09:10,3-6,3,6,74.2,0.0278977987166631,1.0700166647764018
6320260319040008,防府競輪,8R,14:10,2-6,2,6,148.7,0.013878057743586272,1.0636671864712786
6320260319040001,防府競輪,1R,10:45,3-5,3,5,43.9,0.04700146516039534,1.0633643205413557
8720260320030001,熊本競輪,1R,11:00,2-4,2,4,44.7,0.04612578891951527,1.0618227647023328
2820260322010003,立川競輪,3R,09:31,1-5,1,5,78.4,0.02625238177689831,1.0581867313088278
2620260322010006,西武園競輪,6R,22:20,3-5,3,5,35.2,0.05845685214064454,1.0576811953506882
2220260320030006,前橋競輪,6R,17:54,2-6,2,6,139.8,0.014631816039014242,1.0455278822541914
2620260322010006,西武園競輪,6R,22:20,2-7,2,7,70.5,0.029000030917514033,1.0445021796847391
2820260322010004,立川競輪,4R,09:52,1-4,1,4,28.2,0.07240141461058502,1.0417198920184978
2220260320030012,前橋競輪,12R,20:30,4-5,4,5,87.2,0.023410853567365,1.0414264310742283
2220260320030003,前橋競輪,3R,16:42,2-3,2,3,68.6,0.02949740718468196,1.0235221328691821
8720260320030010,熊本競輪,10R,14:55,1-2,1,2,30.5,0.06633655536823513,1.0232649387311712
4320260322010006,岐阜競輪,6R,18:06,2-3,2,3,63.9,0.031631004772094594,1.0212212049368445
6320260319040008,防府競輪,8R,14:10,7-9,7,9,32.9,0.061370863061287056,1.019101394716344
4320260322010007,岐阜競輪,7R,18:30,6-7,6,7,28.5,0.07059848223070594,1.0120567435751195
6320260319040011,防府競輪,11R,15:50,6-7,6,7,120.5,0.01669586804296189,1.0118520991769078
4320260322010004,岐阜競輪,4R,17:18,1-6,1,6,41.7,0.04823598149256071,1.0114404282397818
4320260322010001,岐阜競輪,1R,15:57,1-2,1,2,27.4,0.07335239363047409,1.0098555854749902
8720260320030003,熊本競輪,3R,11:47,1-6,1,6,67.3,0.029776789059345908,1.0039779036939795
8720260320030006,熊本競輪,6R,13:12,3-4,3,4,186.5,0.010731341565477519,1.0013952019615573
8720260320030011,熊本競輪,11R,15:30,4-5,4,5,57.5,0.03475007662435609,0.9981294059004753
2820260322010003,立川競輪,3R,09:31,5-6,5,6,161.6,0.01234256089637337,0.9945578408539366
4720260322010009,松阪競輪,9R,23:30,4-5,4,5,34.2,0.05810890629738187,0.9873245953704601
6320260319040008,防府競輪,8R,14:10,6-8,6,8,227.4,0.008724914165214466,0.9840454811697696
6320260319040001,防府競輪,1R,10:45,3-6,3,6,78.8,0.02509023745792278,0.977110711684315
2820260322010002,立川競輪,2R,09:10,1-3,1,3,35.3,0.05594755573926099,0.9749487175959128
8720260320030008,熊本競輪,8R,14:03,3-4,3,4,102.3,0.019258522099683914,0.9701468107976643
2220260320030003,前橋競輪,3R,16:42,5-7,5,7,148.6,0.013162304643001244,0.9559184699499848
2220260320030004,前橋競輪,4R,17:06,1-2,1,2,85.6,0.022837135776595907,0.9548588224766095
2220260320030012,前橋競輪,12R,20:30,6-7,6,7,122.1,0.01597281719115691,0.9502809790402587
6320260319040011,防府競輪,11R,15:50,1-5,1,5,47.5,0.04103908910931432,0.9493567326924304
2620260322010001,西武園競輪,1R,20:40,4-5,4,5,46.7,0.04172311198448452,0.9484693296754272
6320260319040008,防府競輪,8R,14:10,1-3,1,3,85.5,0.02273929365745537,0.944209607712434
4320260322010009,岐阜競輪,9R,19:22,2-5,2,5,29.5,0.06586084768314232,0.9428950066526984
4320260322010004,岐阜競輪,4R,17:18,4-7,4,7,37.9,0.050778074159006925,0.9244890106263624
4320260322010008,岐阜競輪,8R,18:56,4-7,4,7,28.8,0.06647812766540119,0.9145700767635543
4320260322010001,岐阜競輪,1R,15:57,2-3,2,3,43.0,0.04451009156653217,0.9139339373608832
2820260322010003,立川競輪,3R,09:31,2-5,2,5,77.3,0.02472231325107958,0.9110348143084515
8720260320030008,熊本競輪,8R,14:03,1-6,1,6,61.2,0.03113163511945772,0.9052560693108125
2220260320030005,前橋競輪,5R,17:30,1-7,1,7,36.0,0.05288999223812853,0.9040397205726269
2220260320030006,前橋競輪,6R,17:54,3-6,3,6,43.0,0.04424224838734157,0.9024166806556877
8720260320030010,熊本競輪,10R,14:55,2-5,2,5,31.7,0.059671840151759116,0.891597332810764
6320260319040005,防府競輪,5R,12:35,6-9,6,9,160.4,0.011789006998860254,0.8909567226171848
6320260319040001,防府競輪,1R,10:45,6-7,6,7,67.4,0.027977065976823978,0.8856542468379363
6320260319040008,防府競輪,8R,14:10,2-4,2,4,98.1,0.01919787382200545,0.8833114219387346
6320260319040009,防府競輪,9R,14:40,2-5,2,5,40.4,0.04655666267539649,0.8808891720860181
8720260320030011,熊本競輪,11R,15:30,5-7,5,7,39.4,0.04771271009031861,0.8798807775585533
4720260322010009,松阪競輪,9R,23:30,1-2,1,2,34.2,0.05493179641378723,0.8786674373515235
8720260320030004,熊本競輪,4R,12:12,5-7,5,7,20.7,0.09064394703619041,0.8763297036491415
4320260322010010,岐阜競輪,10R,19:48,3-6,3,6,34.3,0.054600204908871935,0.8727870283743073
2620260322010005,西武園競輪,5R,22:00,2-7,2,7,39.0,0.047966512342278264,0.8706939813488523
4320260322010001,岐阜競輪,1R,15:57,2-7,2,7,41.4,0.045160827849070745,0.8696582729515288
2820260322010005,立川競輪,5R,10:13,2-7,2,7,41.2,0.04533313450452955,0.8677251415866174
8720260320030010,熊本競輪,10R,14:55,4-7,4,7,39.7,0.04694463410860655,0.8637019741116803
6320260319040005,防府競輪,5R,12:35,5-9,5,9,95.6,0.01947491766160759,0.8618021284496855
8720260320030008,熊本競輪,8R,14:03,1-3,1,3,86.7,0.021371576517420394,0.8529156840603482
4320260322010004,岐阜競輪,4R,17:18,4-6,4,6,89.5,0.020662796074764744,0.8493202486914446
6320260319040008,防府競輪,8R,14:10,7-8,7,8,79.8,0.02314129160988241,0.8466750704686163
4320260322010002,岐阜競輪,2R,16:22,5-6,5,6,70.9,0.026039827708375613,0.8462237845238312
6320260319040004,防府競輪,4R,12:05,5-7,5,7,27.4,0.06728030670694835,0.8434804037703845
4720260322010007,松阪競輪,7R,22:50,2-3,2,3,27.0,0.06801444632640598,0.8363900508129614
2820260322010007,立川競輪,7R,10:55,1-4,1,4,113.9,0.016121742514706734,0.836266472425097
4320260322010006,岐阜競輪,6R,18:06,5-6,5,6,29.8,0.06137577186370344,0.8289980015383625
2620260322010001,西武園競輪,1R,20:40,2-7,2,7,46.7,0.0391558329193844,0.8285773973352517
4320260322010007,岐阜競輪,7R,18:30,4-7,4,7,38.0,0.04795590326347056,0.8223243240118812
6320260319040002,防府競輪,2R,11:10,1-6,1,6,338.4,0.005370874195512572,0.8175038277614541
2820260322010002,立川競輪,2R,09:10,4-6,4,6,75.3,0.02412658457333212,0.8167318183719086
4720260322010002,松阪競輪,2R,21:10,3-5,3,5,64.5,0.028128487973399084,0.814287474284241
6320260319040001,防府競輪,1R,10:45,3-4,3,4,65.7,0.02751170926235965,0.8075192985370292
4320260322010006,岐阜競輪,6R,18:06,1-5,1,5,37.3,0.04845147774931797,0.80724012004956
4320260322010007,岐阜競輪,7R,18:30,3-6,3,6,57.0,0.03163674193733258,0.8032942904279572
2820260322010001,立川競輪,1R,08:50,1-4,1,4,37.9,0.04757391588205849,0.8030514119300167
4720260322010009,松阪競輪,9R,23:30,1-6,1,6,51.3,0.035099780024861596,0.8006187152753999
2620260322010003,西武園競輪,3R,21:20,2-6,2,6,38.2,0.04712538079310698,0.8001895462966866
6320260319040004,防府競輪,4R,12:05,5-6,5,6,72.2,0.024929015417859204,0.7998749131694347
2620260322010003,西武園競輪,3R,21:20,1-7,1,7,19.1,0.09389910354558564,0.7934728777206859
8720260320030011,熊本競輪,11R,15:30,2-4,2,4,33.7,0.05306195962137136,0.7881880392402152
6320260319040006,防府競輪,6R,13:05,1-4,1,4,76.2,0.02343257085792537,0.7855618993739133
8720260320030012,熊本競輪,12R,16:10,1-5,1,5,123.5,0.014455849648968544,0.7852974316476151
6320260319040002,防府競輪,2R,11:10,3-5,3,5,55.2,0.03230506605595735,0.7832396462888458
8720260320030006,熊本競輪,6R,13:12,2-4,2,4,131.6,0.013543970628144731,0.7823865346638466
6320260319040001,防府競輪,1R,10:45,1-7,1,7,54.1,0.032869821339134686,0.7782573344471866
6320260319040004,防府競輪,4R,12:05,3-9,3,9,84.0,0.021100091969040762,0.7724077253994239
4320260322010009,岐阜競輪,9R,19:22,2-4,2,4,49.2,0.03600586849620638,0.7714887300133539
4320260322010001,岐阜競輪,1R,15:57,1-3,1,3,42.2,0.04193659470921768,0.7697242967289861
8720260320030009,熊本競輪,9R,14:25,6-7,6,7,95.8,0.018392972152242185,0.7620467321848012
2820260322010002,立川競輪,2R,09:10,1-6,1,6,24.6,0.07144328633257158,0.7575048437812608
6320260319040001,防府競輪,1R,10:45,1-4,1,4,119.0,0.014749712491490888,0.7552157864874156
6320260319040007,防府競輪,7R,13:35,6-8,6,8,165.0,0.010629667913856096,0.7538952057862558
2820260322010001,立川競輪,1R,08:50,5-6,5,6,54.9,0.03190200807465982,0.7514202432988242
8720260320030012,熊本競輪,12R,16:10,2-5,2,5,67.1,0.026098979708728542,0.751241538455685
6320260319040001,防府競輪,1R,10:45,5-9,5,9,44.9,0.03858552077969837,0.732489883008457
2620260322010001,西武園競輪,1R,20:40,2-6,2,6,46.7,0.03709302069486111,0.732244066450014
2220260320030001,前橋競輪,1R,15:42,6-7,6,7,108.1,0.01600755917010428,0.7304171462882725
8720260320030011,熊本競輪,11R,15:30,1-6,1,6,75.8,0.022807012985215168,0.7287715842793097
2220260320030007,前橋競輪,7R,18:18,1-6,1,6,57.1,0.030268942181106352,0.7283565985411729
8720260320030012,熊本競輪,12R,16:10,4-7,4,7,41.1,0.04197788531823568,0.7252910865794866
2820260322010002,立川競輪,2R,09:10,2-5,2,5,34.6,0.049758006996333454,0.7216270420731377
4320260322010002,岐阜競輪,2R,16:22,4-5,4,5,40.0,0.04291142600796707,0.7164570403186827
4320260322010008,岐阜競輪,8R,18:56,1-5,1,5,77.0,0.022288061930140848,0.7161807686208452
8720260320030005,熊本競輪,5R,12:42,1-7,1,7,50.3,0.03409705056643566,0.7150816434917135
6320260319040004,防府競輪,4R,12:05,1-7,1,7,35.3,0.04830291780589874,0.7050929985482253
2820260322010001,立川競輪,1R,08:50,2-3,2,3,25.0,0.06819479849591514,0.7048699623978787
6320260319040005,防府競輪,5R,12:35,1-8,1,8,44.0,0.038716191165330156,0.7035124112745268
8720260320030002,熊本競輪,2R,11:23,1-7,1,7,79.2,0.021505809132308602,0.7032600832788414
6320260319040006,防府競輪,6R,13:05,4-5,4,5,74.2,0.022937152909822706,0.7019367459088448
6320260319040001,防府競輪,1R,10:45,4-7,4,7,53.4,0.03185179832265724,0.7008860304298967
6320260319040001,防府競輪,1R,10:45,1-2,1,2,80.8,0.021012465320976656,0.6978071979349136
4720260322010003,松阪競輪,3R,21:30,3-4,3,4,53.2,0.031903998357266664,0.6972927126065867
2220260320030008,前橋競輪,8R,18:43,2-6,2,6,68.4,0.024778657387345842,0.6948601652944557
8720260320030007,熊本競輪,7R,13:40,2-6,2,6,71.5,0.023683099735172786,0.6933416310648541
2220260320030001,前橋競輪,1R,15:42,2-4,2,4,34.1,0.04955973239974229,0.6899868748312121
8720260320030009,熊本競輪,9R,14:25,4-5,4,5,44.9,0.03762050084492719,0.6891604879372308
8720260320030003,熊本競輪,3R,11:47,2-6,2,6,33.8,0.04988004762692727,0.6859456097901415
4720260322010002,松阪競輪,2R,21:10,4-5,4,5,64.5,0.026043656486472413,0.6798158433774706
4320260322010002,岐阜競輪,2R,16:22,2-3,2,3,24.8,0.06752158862272309,0.6745353978435327
2620260322010003,西武園競輪,3R,21:20,1-6,1,6,19.1,0.08722076207855284,0.6659165557003592
2820260322010007,立川競輪,7R,10:55,5-7,5,7,26.7,0.06229163751811731,0.6631867217337322
8720260320030008,熊本競輪,8R,14:03,6-7,6,7,53.8,0.030797072387461565,0.6568824944454321
6320260319040005,防府競輪,5R,12:35,3-4,3,4,66.4,0.024944219129165224,0.656296150176571
8720260320030006,熊本競輪,6R,13:12,1-3,1,3,41.8,0.039545956567018634,0.6530209845013788
8720260320030003,熊本競輪,3R,11:47,5-7,5,7,38.3,0.043123116937552025,0.6516153787082424
6320260319040010,防府競輪,10R,15:15,4-5,4,5,43.2,0.038182799922717815,0.6494969566614097
8720260320030008,熊本競輪,8R,14:03,3-5,3,5,36.5,0.04504824138000245,0.6442608103700893
4320260322010010,岐阜競輪,10R,19:48,6-7,6,7,45.7,0.035952910272772066,0.6430479994656835
6320260319040011,防府競輪,11R,15:50,3-6,3,6,152.6,0.01074717822512505,0.6400193971540826
2220260320030010,前橋競輪,10R,19:35,1-5,1,5,19.1,0.08567209535524006,0.6363370212850854
6320260319040002,防府競輪,2R,11:10,1-4,1,4,152.5,0.010716329630223538,0.6342402686090896
4320260322010008,岐阜競輪,8R,18:56,1-7,1,7,57.7,0.028298581309515382,0.6328281415590375
6320260319040004,防府競輪,4R,12:05,1-8,1,8,200.7,0.008131984426083762,0.632089274315011
8720260320030009,熊本競輪,9R,14:25,4-7,4,7,42.7,0.038109046806000725,0.6272562986162311
2820260322010003,立川競輪,3R,09:31,3-4,3,4,69.2,0.023511769982594792,0.6270144827955597
8720260320030012,熊本競輪,12R,16:10,2-4,2,4,39.8,0.04087776839888147,0.6269351822754825
2620260322010005,西武園競輪,5R,22:00,1-6,1,6,39.0,0.04170800927118175,0.6266123615760881
2820260322010005,立川競輪,5R,10:13,3-5,3,5,90.9,0.017869579557157626,0.6243447817456282
2820260322010007,立川競輪,7R,10:55,2-3,2,3,18.8,0.08639204074793991,0.6241703660612703
6320260319040002,防府競輪,2R,11:10,8-9,8,9,82.6,0.01964135766319456,0.6223761429798707
2620260322010007,西武園競輪,7R,22:40,3-5,3,5,108.7,0.01489694040309846,0.6192974218168026
6320260319040009,防府競輪,9R,14:40,4-5,4,5,37.0,0.04369455510143572,0.6166985387531216
6320260319040011,防府競輪,11R,15:50,5-8,5,8,171.6,0.009373009288006166,0.6084083938218581
4320260322010010,岐阜競輪,10R,19:48,4-5,4,5,68.6,0.02338517712504735,0.6042231507782481
2820260322010006,立川競輪,6R,10:34,1-4,1,4,73.6,0.021748465147316196,0.6006870348424718
4320260322010007,岐阜競輪,7R,18:30,2-3,2,3,38.0,0.04212314113799588,0.6006793632438434
4320260322010011,岐阜競輪,11R,20:16,4-6,4,6,26.8,0.059646112990387815,0.5985158281423935
6320260319040012,防府競輪,12R,16:30,2-3,2,3,19.4,0.08236013553921132,0.5977866294606995
4320260322010002,岐阜競輪,2R,16:22,1-4,1,4,57.7,0.027671419327875882,0.5966408952184385
4320260322010008,岐阜競輪,8R,18:56,2-4,2,4,33.0,0.04826210099832938,0.5926493329448694
6320260319040011,防府競輪,11R,15:50,2-6,2,6,78.4,0.02026967826559145,0.58914277602237
8720260320030007,熊本競輪,7R,13:40,5-7,5,7,27.9,0.05695722019991515,0.5891064435776325
8720260320030003,熊本競輪,3R,11:47,1-4,1,4,24.7,0.06433344305983829,0.5890360435780058
6320260319040005,防府競輪,5R,12:35,1-9,1,9,28.0,0.056733933539867526,0.5885501391162906
8720260320030005,熊本競輪,5R,12:42,2-3,2,3,38.0,0.041785829411938646,0.5878615176536686
4320260322010006,岐阜競輪,6R,18:06,1-6,1,6,27.9,0.05688437315780963,0.5870740111028885
8720260320030009,熊本競輪,9R,14:25,1-4,1,4,22.1,0.07168010702769839,0.5841303653121346
6320260319040008,防府競輪,8R,14:10,3-4,3,4,230.1,0.006877613654864045,0.5825389019842169
6320260319040007,防府競輪,7R,13:35,3-5,3,5,32.0,0.049419231914345954,0.5814154212590705
6320260319040003,防府競輪,3R,11:35,4-6,4,6,97.9,0.016152222996161595,0.5813026313242202
6320260319040002,防府競輪,2R,11:10,4-8,4,8,59.5,0.02630877248257974,0.5653719627134945
2620260322010005,西武園競輪,5R,22:00,1-2,1,2,19.5,0.08011943547609275,0.5623289917838086
6320260319040005,防府競輪,5R,12:35,6-8,6,8,176.7,0.008841632297015435,0.5623164268826273
4720260322010001,松阪競輪,1R,20:50,1-5,1,5,18.0,0.08665899055797942,0.5598618300436295
4320260322010004,岐阜競輪,4R,17:18,1-5,1,5,20.8,0.0749577732380595,0.5591216833516375
4320260322010003,岐阜競輪,3R,16:54,2-5,2,5,23.8,0.06543391986549335,0.5573272927987418
6320260319040008,防府競輪,8R,14:10,3-7,3,7,106.8,0.014536718834249921,0.5525215714978915
2620260322010002,西武園競輪,2R,21:00,3-7,3,7,68.2,0.02267034832952265,0.5461177560734447
2220260320030008,前橋競輪,8R,18:43,2-3,2,3,19.5,0.07923437600243452,0.5450703320474732
2220260320030004,前橋競輪,4R,17:06,5-7,5,7,22.0,0.07018310368663916,0.5440282811060615
2220260320030006,前橋競輪,6R,17:54,2-7,2,7,62.1,0.024854742267000934,0.543479494780758
6320260319040005,防府競輪,5R,12:35,3-5,3,5,46.8,0.03290972568995713,0.5401751622899935
2220260320030004,前橋競輪,4R,17:06,2-5,2,5,37.8,0.040688984505575156,0.5380436143107408
2620260322010006,西武園競輪,6R,22:20,5-7,5,7,35.2,0.04369328213810571,0.5380035312613209
2220260320030011,前橋競輪,11R,20:02,4-5,4,5,58.0,0.02651660108624746,0.5379628630023527
6320260319040009,防府競輪,9R,14:40,1-5,1,5,31.3,0.0491330808695111,0.5378654312156974
6320260319040005,防府競輪,5R,12:35,2-9,2,9,123.5,0.012437716645573024,0.5360580057282684
6320260319040008,防府競輪,8R,14:10,4-5,4,5,109.8,0.013968672613628753,0.5337602529764371
8720260320030007,熊本競輪,7R,13:40,1-3,1,3,25.2,0.06077663691841692,0.5315712503441063
4720260322010005,松阪競輪,5R,22:10,1-6,1,6,11.5,0.1331412044376406,0.5311238510328669
6320260319040008,防府競輪,8R,14:10,1-5,1,5,29.1,0.052583530819511795,0.5301807468477933
2220260320030009,前橋競輪,9R,19:09,1-7,1,7,21.5,0.07107975406080265,0.5282147123072569
2820260322010002,立川競輪,2R,09:10,3-4,3,4,93.1,0.016409560643967317,0.5277300959533571
2820260322010003,立川競輪,3R,09:31,5-7,5,7,29.1,0.05241875039649805,0.5253856365380933
6320260319040005,防府競輪,5R,12:35,2-3,2,3,58.4,0.026111468142994237,0.5249097395508633
2820260322010007,立川競輪,7R,10:55,3-5,3,5,20.1,0.07577428538459606,0.5230631362303808
8720260320030012,熊本競輪,12R,16:10,4-6,4,6,80.7,0.01881307855071605,0.5182154390427853
8720260320030002,熊本競輪,2R,11:23,5-7,5,7,50.2,0.03022058545759316,0.5170733899711766
2620260322010008,西武園競輪,8R,23:00,5-7,5,7,237.7,0.006342271966085666,0.5075580463385627
2820260322010007,立川競輪,7R,10:55,3-4,3,4,28.9,0.052136698243285325,0.5067505792309459
2820260322010002,立川競輪,2R,09:10,2-4,2,4,64.8,0.023215036395030954,0.5043343583980058
6320260319040002,防府競輪,2R,11:10,7-9,7,9,23.4,0.06419708298357105,0.5022117418155625
2220260320030012,前橋競輪,12R,20:30,1-6,1,6,29.0,0.05173394458991045,0.500284393107403
4320260322010007,岐阜競輪,7R,18:30,1-3,1,3,38.0,0.039452034272934686,0.49917730237151803
2220260320030008,前橋競輪,8R,18:43,6-7,6,7,45.6,0.03285324474964041,0.49810796058360274
2220260320030011,前橋競輪,11R,20:02,1-4,1,4,34.3,0.04342434311841236,0.48945496896154395
6320260319040004,防府競輪,4R,12:05,6-7,6,7,39.4,0.03767440100824637,0.48437139972490706
8720260320030009,熊本競輪,9R,14:25,1-3,1,3,30.7,0.04832996458145241,0.48372991265058896
6320260319040004,防府競輪,4R,12:05,7-8,7,8,69.4,0.021354173364723783,0.48197963151183076
4320260322010006,岐阜競輪,6R,18:06,2-4,2,4,27.9,0.053014276245781256,0.47909830725729696
4320260322010008,岐阜競輪,8R,18:56,1-6,1,6,115.5,0.012767787657607502,0.47467947445366643
2220260320030009,前橋競輪,9R,19:09,1-3,1,3,49.1,0.030022562993359227,0.47410784297393804
8720260320030009,熊本競輪,9R,14:25,3-6,3,6,105.5,0.013943283850704768,0.4710164462493529
4320260322010009,岐阜競輪,9R,19:22,2-7,2,7,49.2,0.02987400772790106,0.4698011802127322
2820260322010007,立川競輪,7R,10:55,1-7,1,7,30.1,0.048819137443739086,0.4694560370565466
6320260319040007,防府競輪,7R,13:35,6-9,6,9,118.6,0.012384268242285307,0.46877421353503723
2220260320030012,前橋競輪,12R,20:30,2-6,2,6,24.0,0.061193691899066184,0.4686486055775885
8720260320030011,熊本競輪,11R,15:30,1-4,1,4,47.2,0.031038800820720233,0.46503139873799504
2220260320030012,前橋競輪,12R,20:30,3-7,3,7,41.6,0.03518942581562608,0.4638801139300448
2220260320030011,前橋競輪,11R,20:02,1-5,1,5,19.7,0.07426974762662397,0.4631140282444921
8720260320030009,熊本競輪,9R,14:25,3-7,3,7,60.8,0.0240168378687085,0.46022374241747666
6320260319040009,防府競輪,9R,14:40,3-4,3,4,27.7,0.05264328564175097,0.45821901227650175
2220260320030006,前橋競輪,6R,17:54,6-7,6,7,79.9,0.018244033181171435,0.4576982511755978
2820260322010002,立川競輪,2R,09:10,1-2,1,2,20.8,0.06995449500548157,0.4550534961140167
2820260322010007,立川競輪,7R,10:55,4-5,4,5,74.4,0.019542414416236033,0.453955632567961
6320260319040004,防府競輪,4R,12:05,4-7,4,7,36.7,0.03954180479438294,0.45118423595385404
4320260322010004,岐阜競輪,4R,17:18,2-7,2,7,27.8,0.052131278858172064,0.4492495522571833
2820260322010002,立川競輪,2R,09:10,5-7,5,7,22.7,0.06367161794077811,0.4453457272556629
4720260322010001,松阪競輪,1R,20:50,2-4,2,4,25.2,0.057286900536160736,0.4436298935112506
4720260322010004,松阪競輪,4R,21:50,2-4,2,4,48.7,0.029543003264006017,0.4387442589570931
2220260320030007,前橋競輪,7R,18:18,3-4,3,4,23.8,0.06043992883650186,0.4384703063087443
6320260319040007,防府競輪,7R,13:35,2-3,2,3,28.0,0.05115848876026104,0.4324376852873091
2220260320030005,前橋競輪,5R,17:30,2-6,2,6,36.0,0.03977445602864726,0.4318804170313013
6320260319040002,防府競輪,2R,11:10,1-9,1,9,190.0,0.007527433558008972,0.4302123760217047
8720260320030012,熊本競輪,12R,16:10,1-6,1,6,74.1,0.019288326761929687,0.4292650130589897
2220260320030006,前橋競輪,6R,17:54,1-4,1,4,19.9,0.07177188805575813,0.4282605723095867
2820260322010001,立川競輪,1R,08:50,1-5,1,5,22.5,0.06345556591769848,0.4277502331482157
4720260322010001,松阪競輪,1R,20:50,1-3,1,3,25.2,0.056394979499191394,0.4211534833796231
4720260322010009,松阪競輪,9R,23:30,5-7,5,7,34.2,0.04150078751737383,0.4193269330941851
6320260319040012,防府競輪,12R,16:30,4-5,4,5,74.5,0.019050814630719448,0.41928568998859883
4720260322010005,松阪競輪,5R,22:10,5-6,5,6,34.5,0.04107097764207106,0.4169487286514515
2820260322010001,立川競輪,1R,08:50,3-4,3,4,20.2,0.07013073886800233,0.41664092513364714
2820260322010004,立川競輪,4R,09:52,6-7,6,7,108.8,0.012984437015380015,0.41270674727334566
6320260319040004,防府競輪,4R,12:05,3-8,3,8,168.0,0.008406519424464121,0.41229526330997235
2820260322010004,立川競輪,4R,09:52,1-6,1,6,186.1,0.007560431745873384,0.40699634790703665
8720260320030005,熊本競輪,5R,12:42,3-5,3,5,35.9,0.03915341075210457,0.4056074460005541
2220260320030008,前橋競輪,8R,18:43,2-5,2,5,45.6,0.03073551093250497,0.4015392985222266
2220260320030012,前橋競輪,12R,20:30,5-7,5,7,91.5,0.015296443240876215,0.3996245565401737
6320260319040012,防府競輪,12R,16:30,6-7,6,7,69.3,0.020163959020416136,0.39736236011483816
8720260320030011,熊本競輪,11R,15:30,2-7,2,7,19.9,0.06997220502999145,0.3924468800968297
6320260319040008,防府競輪,8R,14:10,2-7,2,7,36.0,0.03861472058966847,0.390129941228065
2820260322010005,立川競輪,5R,10:13,2-3,2,3,19.1,0.07256612623328541,0.3860130110557516
2220260320030009,前橋競輪,9R,19:09,4-6,4,6,114.7,0.012032108827735283,0.380082882541237
6320260319040001,防府競輪,1R,10:45,5-7,5,7,25.8,0.05340337867526221,0.3778071698217651
2220260320030010,前橋競輪,10R,19:35,4-6,4,6,40.7,0.0338117660004756,0.37613887621935693
8720260320030007,熊本競輪,7R,13:40,1-5,1,5,48.1,0.028558558167516405,0.373666647857539
6320260319040001,防府競輪,1R,10:45,2-5,2,5,40.3,0.034060116549095826,0.37262269692856176
6320260319040007,防府競輪,7R,13:35,2-6,2,6,81.3,0.01686937702003347,0.37148035172872107
2220260320030009,前橋競輪,9R,19:09,4-5,4,5,21.5,0.06346131040222729,0.36441817364788665
4320260322010007,岐阜競輪,7R,18:30,4-6,4,6,114.0,0.011948171884249438,0.36209159480443587
6320260319040012,防府競輪,12R,16:30,2-9,2,9,43.4,0.031349993406750085,0.3605897138529537
8720260320030012,熊本競輪,12R,16:10,4-5,4,5,97.6,0.013931324112237815,0.3596972333544106
6320260319040003,防府競輪,3R,11:35,5-6,5,6,53.5,0.025414192590350326,0.35965930358374254
6320260319040005,防府競輪,5R,12:35,2-5,2,5,76.7,0.017685027548330845,0.35644161295697585
2620260322010006,西武園競輪,6R,22:20,1-5,1,5,14.1,0.09616875683122901,0.35597947132032903
4320260322010005,岐阜競輪,5R,17:42,2-4,2,4,17.3,0.07836275889629157,0.3556757289058443
6320260319040002,防府競輪,2R,11:10,5-9,5,9,35.9,0.037701051971863284,0.3534677657898919
6320260319040012,防府競輪,12R,16:30,1-5,1,5,74.3,0.018215783297957894,0.35343269903827146
4320260322010009,岐阜競輪,9R,19:22,1-7,1,7,29.5,0.0458675139993748,0.3530916629815566
6320260319040002,防府競輪,2R,11:10,6-8,6,8,102.1,0.013224457945051667,0.3502171561897751
4320260322010009,岐阜競輪,9R,19:22,6-7,6,7,73.8,0.018270059141535254,0.34833036464530176
6320260319040002,防府競輪,2R,11:10,3-7,3,7,29.4,0.045845124019286324,0.34784664616701777
4320260322010010,岐阜競輪,10R,19:48,1-6,1,6,19.6,0.06876312499349518,0.34775724987250567
6320260319040012,防府競輪,12R,16:30,4-9,4,9,88.7,0.015188788979258693,0.34724558246024606
2220260320030006,前橋競輪,6R,17:54,4-5,4,5,25.4,0.0530040353004036,0.3463024966302515
8720260320030002,熊本競輪,2R,11:23,2-7,2,7,72.8,0.018436847322448803,0.34220248507427287
6320260319040011,防府競輪,11R,15:50,1-6,1,6,52.9,0.02533936229425958,0.3404522653663318
4720260322010009,松阪競輪,9R,23:30,2-7,2,7,25.6,0.05222856914327845,0.3370513700679283
2620260322010005,西武園競輪,5R,22:00,2-5,2,5,19.5,0.0685487436071511,0.33670050033944654
6320260319040004,防府競輪,4R,12:05,2-8,2,8,86.0,0.01552735475002956,0.33535250850254217
4320260322010001,岐阜競輪,1R,15:57,1-7,1,7,30.5,0.043759469785953915,0.33466382847159437
8720260320030005,熊本競輪,5R,12:42,2-4,2,4,23.6,0.05652691516959925,0.33403519800254244
2820260322010006,立川競輪,6R,10:34,1-5,1,5,72.6,0.01837431020054943,0.33397492055988853
6320260319040010,防府競輪,10R,15:15,7-8,7,8,93.3,0.01428628162263747,0.33291007539207595
4320260322010003,岐阜競輪,3R,16:54,4-7,4,7,62.2,0.021407695372634192,0.33155865217784686
2220260320030011,前橋競輪,11R,20:02,3-6,3,6,38.6,0.03449413214268403,0.3314735007076035
2220260320030009,前橋競輪,9R,19:09,1-4,1,4,49.1,0.027078062324486892,0.3295328601323064
2620260322010008,西武園競輪,8R,23:00,2-6,2,6,33.9,0.0391950406583489,0.3287118783180276
6320260319040011,防府競輪,11R,15:50,4-5,4,5,99.2,0.013375418081875597,0.3268414737220593
6320260319040002,防府競輪,2R,11:10,1-5,1,5,81.4,0.01623928485938495,0.3218777875539349
2620260322010003,西武園競輪,3R,21:20,2-5,2,5,19.1,0.06895604967312768,0.31706054875673884
4320260322010003,岐阜競輪,3R,16:54,2-3,2,3,14.7,0.08934720597846746,0.3134039278834715
6320260319040004,防府競輪,4R,12:05,3-4,3,4,106.2,0.012316381633591408,0.3079997294874075
2220260320030006,前橋競輪,6R,17:54,2-3,2,3,22.3,0.05864936572285529,0.30788085561967304
8720260320030009,熊本競輪,9R,14:25,3-4,3,4,41.7,0.0312743637904924,0.30414097006353313
2220260320030011,前橋競輪,11R,20:02,5-7,5,7,32.0,0.04073670131056676,0.3035744419381363
8720260320030011,熊本競輪,11R,15:30,2-5,2,5,25.4,0.051320274709678426,0.30353497762583204
2820260322010007,立川競輪,7R,10:55,4-7,4,7,31.7,0.041111280340137536,0.30322758678235995
4320260322010005,岐阜競輪,5R,17:42,4-7,4,7,16.4,0.07942940529802286,0.3026422468875749
6320260319040003,防府競輪,3R,11:35,5-7,5,7,19.1,0.06813639400495865,0.3014051254947103
6320260319040011,防府競輪,11R,15:50,2-3,2,3,39.0,0.033344304059047605,0.30042785830285657
4720260322010009,松阪競輪,9R,23:30,4-7,4,7,34.2,0.037992124343469304,0.29933065254665037
4320260322010002,岐阜競輪,2R,16:22,2-5,2,5,21.5,0.06023196836591463,0.2949873198671644
4320260322010003,岐阜競輪,3R,16:54,3-5,3,5,29.5,0.0438591973911771,0.29384632303972436
2620260322010001,西武園競輪,1R,20:40,1-3,1,3,15.5,0.08343564237534475,0.2932524568178436
2220260320030009,前橋競輪,9R,19:09,1-6,1,6,57.3,0.02250969033374779,0.2898052561237483
2220260320030002,前橋競輪,2R,16:16,3-4,3,4,42.3,0.03048316372726908,0.289437825663482
8720260320030012,熊本競輪,12R,16:10,6-7,6,7,36.0,0.035802161975269226,0.288877831109692
6320260319040010,防府競輪,10R,15:15,3-5,3,5,18.8,0.06853263705285169,0.2884135765936118
2220260320030012,前橋競輪,12R,20:30,4-6,4,6,55.5,0.02313467825268172,0.28397464302383546
6320260319040010,防府競輪,10R,15:15,1-2,1,2,27.4,0.04682009093885982,0.28287049172475887
6320260319040012,防府競輪,12R,16:30,3-8,3,8,42.4,0.0301875645456927,0.2799527367373704
6320260319040005,防府競輪,5R,12:35,2-4,2,4,106.5,0.012017663585537535,0.27988117185974737
6320260319040011,防府競輪,11R,15:50,4-7,4,7,53.6,0.023866513349017984,0.27924511550736386
2220260320030007,前橋競輪,7R,18:18,6-7,6,7,47.6,0.026863027101810488,0.2786800900461792
2620260322010001,西武園競輪,1R,20:40,3-6,3,6,70.1,0.018222757852127458,0.2774153254341347
8720260320030007,熊本競輪,7R,13:40,2-3,2,3,21.6,0.059085080259542004,0.2762377336061075
8720260320030008,熊本競輪,8R,14:03,3-6,3,6,113.5,0.011242968580160217,0.27607693384818477
6320260319040006,防府競輪,6R,13:05,5-9,5,9,30.0,0.042516707008673105,0.27550121026019303
2820260322010006,立川競輪,6R,10:34,4-7,4,7,37.0,0.034423428838664304,0.2736668670305793
6320260319040003,防府競輪,3R,11:35,2-5,2,5,29.1,0.04366812891020908,0.27074255128708447
6320260319040003,防府競輪,3R,11:35,3-9,3,9,40.6,0.031286981425631605,0.2702514458806431
8720260320030005,熊本競輪,5R,12:42,1-5,1,5,47.1,0.026914179518565676,0.2676578553244433
6320260319040008,防府競輪,8R,14:10,4-8,4,8,135.2,0.009345576522596738,0.2635219458550788
2220260320030011,前橋競輪,11R,20:02,2-4,2,4,30.9,0.040825056625008745,0.26149424971277013
2220260320030011,前橋競輪,11R,20:02,2-7,2,7,22.1,0.05707134505307825,0.2612767256730295
2620260322010005,西武園競輪,5R,22:00,1-3,1,3,19.5,0.06467396521074313,0.261142321609491
6320260319040009,防府競輪,9R,14:40,2-3,2,3,22.6,0.055731120113160657,0.25952331455743094
2620260322010009,西武園競輪,9R,23:20,5-6,5,6,71.2,0.017668031678371207,0.2579638555000301
6320260319040007,防府競輪,7R,13:35,2-5,2,5,53.9,0.023280533316883536,0.25482074578002245
2620260322010006,西武園競輪,6R,22:20,3-4,3,4,35.2,0.035527878100219276,0.2505813091277187
2620260322010009,西武園競輪,9R,23:20,1-4,1,4,14.2,0.0880255327749987,0.2499625654049813
2220260320030007,前橋競輪,7R,18:18,1-7,1,7,40.8,0.030521818159883488,0.24529018092324617
2620260322010002,西武園競輪,2R,21:00,5-7,5,7,34.1,0.036477212292845486,0.24387293918603103
4320260322010010,岐阜競輪,10R,19:48,1-5,1,5,22.8,0.05442774516794562,0.24095258982916024
4720260322010001,松阪競輪,1R,20:50,1-6,1,6,31.5,0.039320736267739784,0.23860319243380324
6320260319040012,防府競輪,12R,16:30,5-7,5,7,36.4,0.03402286816748684,0.23843240129652088
6320260319040010,防府競輪,10R,15:15,5-8,5,8,44.6,0.027738715371434294,0.2371467055659695
2220260320030011,前橋競輪,11R,20:02,2-6,2,6,24.4,0.050661945854704564,0.23615147885479137
4320260322010011,岐阜競輪,11R,20:16,5-7,5,7,32.2,0.03829869914560875,0.23321811248860191
2820260322010001,立川競輪,1R,08:50,5-7,5,7,25.2,0.04887503569595003,0.2316508995379407
6320260319040011,防府競輪,11R,15:50,2-9,2,9,23.8,0.05161684933429461,0.22848101415621191
4320260322010011,岐阜競輪,11R,20:16,3-6,3,6,40.3,0.030469202067463723,0.2279088433187879
8720260320030002,熊本競輪,2R,11:23,2-3,2,3,24.8,0.049456806907717726,0.22652881131139968
8720260320030003,熊本競輪,3R,11:47,4-7,4,7,17.3,0.07078695877434886,0.22461438679623535
2220260320030011,前橋競輪,11R,20:02,3-5,3,5,25.0,0.04897396871831043,0.22434921795776086
6320260319040012,防府競輪,12R,16:30,6-8,6,8,142.0,0.008619821062675066,0.22401459089985942
6320260319040008,防府競輪,8R,14:10,5-9,5,9,28.6,0.042510582027851074,0.21580264599654075
4720260322010001,松阪競輪,1R,20:50,3-6,3,6,126.0,0.009614972541249574,0.2114865401974464
8720260320030011,熊本競輪,11R,15:30,2-6,2,6,27.7,0.04371507331506593,0.21090753082732627
6320260319040005,防府競輪,5R,12:35,2-6,2,6,121.4,0.009966456630265047,0.20992783491417666
2220260320030005,前橋競輪,5R,17:30,2-4,2,4,20.0,0.0604626199159369,0.209252398318738
8720260320030005,熊本競輪,5R,12:42,4-5,4,5,22.9,0.052688970637068705,0.2065774275888732
8720260320030004,熊本競輪,4R,12:12,3-6,3,6,35.4,0.033960062938100236,0.2021862280087483
2220260320030006,前橋競輪,6R,17:54,3-4,3,4,15.9,0.07544704801023178,0.19960806336268533
8720260320030002,熊本競輪,2R,11:23,3-5,3,5,17.6,0.06809482751244975,0.19846896421911553
2820260322010007,立川競輪,7R,10:55,2-5,2,5,26.7,0.04471282314437969,0.19383237795493757
4720260322010006,松阪競輪,6R,22:30,5-7,5,7,30.7,0.038803261235350064,0.19126011992524705
6320260319040005,防府競輪,5R,12:35,4-5,4,5,70.1,0.016989250657298366,0.19094647107661533
2220260320030007,前橋競輪,7R,18:18,3-7,3,7,25.9,0.045977815594112514,0.190825423887514
8720260320030003,熊本競輪,3R,11:47,1-5,1,5,32.0,0.037169319906268976,0.18941823700060723
2220260320030011,前橋競輪,11R,20:02,1-6,1,6,22.1,0.05377810151961841,0.18849604358356697
2820260322010004,立川競輪,4R,09:52,3-4,3,4,11.0,0.10803217953284051,0.18835397486124572
6320260319040010,防府競輪,10R,15:15,2-3,2,3,26.9,0.0441456119448871,0.18751696131746298
4320260322010011,岐阜競輪,11R,20:16,4-5,4,5,14.6,0.0812098386588912,0.18566364441981142
6320260319040006,防府競輪,6R,13:05,4-6,4,6,69.4,0.017061667991162606,0.1840797585866849
6320260319040008,防府競輪,8R,14:10,3-9,3,9,62.7,0.018854325743503837,0.18216622411769068
2220260320030006,前橋競輪,6R,17:54,1-6,1,6,29.4,0.04017742209643585,0.1812162096352139
6320260319040010,防府競輪,10R,15:15,5-7,5,7,18.9,0.06247583813440652,0.18079334074028308
6320260319040007,防府競輪,7R,13:35,3-7,3,7,24.8,0.047551484615546605,0.17927681846555577
2620260322010009,西武園競輪,9R,23:20,4-6,4,6,35.6,0.033106152664741005,0.17857903486477977
6320260319040012,防府競輪,12R,16:30,1-3,1,3,28.1,0.04193031985291276,0.17824198786684864
4720260322010003,松阪競輪,3R,21:30,6-7,6,7,53.2,0.02213927732585437,0.17780955373545249
6320260319040012,防府競輪,12R,16:30,2-4,2,4,34.6,0.034017599441262064,0.17700894066766737
2220260320030002,前橋競輪,2R,16:16,2-7,2,7,37.5,0.031363671830954676,0.17613769366080034
6320260319040005,防府競輪,5R,12:35,5-6,5,6,93.7,0.012546375442538994,0.17559537896590371
6320260319040007,防府競輪,7R,13:35,1-5,1,5,32.8,0.035783712488433046,0.1737057696206039
8720260320030010,熊本競輪,10R,14:55,6-7,6,7,18.0,0.06506061702236411,0.17109110640255398
4320260322010001,岐阜競輪,1R,15:57,1-4,1,4,15.1,0.07744966131937646,0.1694898859225844
4320260322010001,岐阜競輪,1R,15:57,3-4,3,4,24.4,0.047652758725151734,0.16272731289370213
2220260320030009,前橋競輪,9R,19:09,2-5,2,5,16.3,0.07131309950757,0.16240352197339103
4320260322010011,岐阜競輪,11R,20:16,6-7,6,7,53.7,0.02164395229737906,0.16228023836925565
8720260320030002,熊本競輪,2R,11:23,2-5,2,5,26.5,0.04378926055979518,0.16041540483457228
2220260320030006,前橋競輪,6R,17:54,1-2,1,2,21.5,0.053923605430852437,0.15935751676332743
8720260320030004,熊本競輪,4R,12:12,3-5,3,5,14.7,0.07867377195292141,0.1565044477079447
6320260319040011,防府競輪,11R,15:50,2-7,2,7,22.5,0.05127723294843339,0.15373774133975138
8720260320030005,熊本競輪,5R,12:42,2-7,2,7,31.0,0.03719648342852578,0.15309098628429907
4320260322010010,岐阜競輪,10R,19:48,3-5,3,5,27.4,0.04193560002143047,0.14903544058719498
8720260320030005,熊本競輪,5R,12:42,1-6,1,6,24.6,0.046682590068657465,0.1483917156889738
6320260319040011,防府競輪,11R,15:50,3-8,3,8,102.5,0.01120178173873013,0.1481826282198384
2820260322010006,立川競輪,6R,10:34,2-3,2,3,10.2,0.1123899630637704,0.1463776232504581
6320260319040011,防府競輪,11R,15:50,2-8,2,8,55.0,0.02084274539166714,0.1463509965416927
4320260322010010,岐阜競輪,10R,19:48,5-7,5,7,45.7,0.0250826759629544,0.1462782915070162
2220260320030009,前橋競輪,9R,19:09,3-6,3,6,57.3,0.019966255964178094,0.14406646674740475
8720260320030009,熊本競輪,9R,14:25,2-6,2,6,21.9,0.05215001453518808,0.142085318320619
2820260322010003,立川競輪,3R,09:31,4-7,4,7,18.2,0.06235365743334819,0.134836565286937
6320260319040002,防府競輪,2R,11:10,2-6,2,6,97.5,0.011603443071225013,0.1313356994444388
6320260319040004,防府競輪,4R,12:05,1-4,1,4,95.0,0.011903829612362575,0.13086381317444462
6320260319040003,防府競輪,3R,11:35,1-8,1,8,141.8,0.007966768799846622,0.12968781581825106
6320260319040004,防府競輪,4R,12:05,2-7,2,7,14.6,0.07737446876171705,0.12966724392106888
2220260320030004,前橋競輪,4R,17:06,3-7,3,7,20.0,0.05642538924839413,0.12850778496788262
6320260319040002,防府競輪,2R,11:10,3-6,3,6,100.2,0.011254669288369885,0.12771786269466245
2220260320030004,前橋競輪,4R,17:06,1-5,1,5,33.8,0.03327752053758801,0.12478019417047448
4320260322010002,岐阜競輪,2R,16:22,1-2,1,2,26.9,0.04180866404092676,0.12465306270092968
6320260319040001,防府競輪,1R,10:45,2-4,2,4,55.1,0.020384234226479815,0.1231713058790378
8720260320030012,熊本競輪,12R,16:10,3-4,3,4,15.9,0.07058371035961482,0.12228099471787557
4320260322010008,岐阜競輪,8R,18:56,3-7,3,7,12.8,0.08750653622253368,0.12008366364843126
6320260319040003,防府競輪,3R,11:35,1-4,1,4,41.2,0.027125432704714347,0.11756782743423111
2220260320030003,前橋競輪,3R,16:42,1-7,1,7,19.7,0.05664096349665955,0.11582698088419319
2820260322010003,立川競輪,3R,09:31,2-7,2,7,10.3,0.10820280428010329,0.11448888408506397
2620260322010006,西武園競輪,6R,22:20,1-4,1,4,17.6,0.06329300445880225,0.11395687847491964
2620260322010001,西武園競輪,1R,20:40,6-7,6,7,140.2,0.00794480693972566,0.11386193294953761
2620260322010002,西武園競輪,2R,21:00,1-5,1,5,11.3,0.09850083938594803,0.11305948506121277
4720260322010005,松阪競輪,5R,22:10,1-2,1,2,8.6,0.12935327241943606,0.11243814280715014
2220260320030002,前橋競輪,2R,16:16,3-5,3,5,23.9,0.04643066137593732,0.1096928068849019
8720260320030006,熊本競輪,6R,13:12,3-5,3,5,21.8,0.05087076764795606,0.10898273472544218
8720260320030006,熊本競輪,6R,13:12,1-5,1,5,14.3,0.07725739540826303,0.10478075433816136
2620260322010001,西武園競輪,1R,20:40,1-5,1,5,14.0,0.07883845400645269,0.10373835609033755
4720260322010003,松阪競輪,3R,21:30,2-3,2,3,26.6,0.04144551740811066,0.10245076305574363
4720260322010009,松阪競輪,9R,23:30,1-5,1,5,25.6,0.042944016143535955,0.09936681327452046
2220260320030012,前橋競輪,12R,20:30,5-6,5,6,55.5,0.01980593232027221,0.09922924377510767
2620260322010006,西武園競輪,6R,22:20,6-7,6,7,70.5,0.015563651447075489,0.09723742701882188
4320260322010010,岐阜競輪,10R,19:48,2-7,2,7,34.3,0.03187591091171983,0.09334374427199021
6320260319040003,防府競輪,3R,11:35,8-9,8,9,68.4,0.015963095277098854,0.09187571695356178
6320260319040006,防府競輪,6R,13:05,4-8,4,8,82.8,0.013185157898931994,0.0917310740315691
6320260319040005,防府競輪,5R,12:35,4-9,4,9,89.5,0.012162490387583038,0.08854288968868196
6320260319040007,防府競輪,7R,13:35,5-7,5,7,43.9,0.024792668578709966,0.08839815060536749
2220260320030012,前橋競輪,12R,20:30,1-4,1,4,19.2,0.05660436014762446,0.08680371483438964
4320260322010009,岐阜競輪,9R,19:22,5-7,5,7,14.7,0.07382440331268603,0.0852187286964845
2220260320030002,前橋競輪,2R,16:16,2-3,2,3,47.3,0.022897682702608873,0.08306039183339964
4320260322010008,岐阜競輪,8R,18:56,2-3,2,3,16.5,0.06562988804156573,0.08289315268583453
6320260319040011,防府競輪,11R,15:50,4-9,4,9,43.5,0.02487157637720515,0.0819135724084239
6320260319040005,防府競輪,5R,12:35,6-7,6,7,56.5,0.01908301450819976,0.07819031971328627
2620260322010002,西武園競輪,2R,21:00,3-4,3,4,22.7,0.04737684736561113,0.07545443519937267
2820260322010002,立川競輪,2R,09:10,4-7,4,7,27.8,0.03863541744407141,0.07406460494518519
8720260320030001,熊本競輪,1R,11:00,5-6,5,6,30.9,0.03474294234981424,0.07355691860925995
6320260319040004,防府競輪,4R,12:05,2-6,2,6,37.4,0.02867948019672361,0.07261255935746291
4320260322010001,岐阜競輪,1R,15:57,4-7,4,7,20.9,0.05127511259965166,0.07164985333271967
6320260319040002,防府競輪,2R,11:10,3-9,3,9,52.5,0.020327436749443692,0.06719042934579389
2220260320030008,前橋競輪,8R,18:43,1-5,1,5,27.3,0.038997849354388624,0.06464128737480945
8720260320030008,熊本競輪,8R,14:03,5-6,5,6,16.4,0.0648936495312497,0.06425585231249498
6320260319040010,防府競輪,10R,15:15,6-9,6,9,115.4,0.009216213053675098,0.06355098639410639
6320260319040001,防府競輪,1R,10:45,4-9,4,9,60.0,0.017720104824463415,0.06320628946780493
2820260322010003,立川競輪,3R,09:31,1-3,1,3,19.1,0.05565931773901545,0.06309296881519533
2220260320030010,前橋競輪,10R,19:35,1-4,1,4,29.6,0.0357187103707153,0.05727382697317296
6320260319040005,防府競輪,5R,12:35,5-7,5,7,28.9,0.036529260380798574,0.05569562500507863
4320260322010010,岐阜競輪,10R,19:48,1-7,1,7,13.7,0.07684232655585192,0.0527398738151712
4720260322010005,松阪競輪,5R,22:10,3-6,3,6,17.2,0.06119410180147097,0.05253855098530069
8720260320030012,熊本競輪,12R,16:10,5-7,5,7,39.8,0.026415188890986485,0.05132451786126202
2620260322010001,西武園競輪,1R,20:40,3-5,3,5,28.0,0.03753730709696017,0.05104459871488465
6320260319040006,防府競輪,6R,13:05,3-5,3,5,66.4,0.015804619597513978,0.0494267412749283
2220260320030007,前橋競輪,7R,18:18,4-5,4,5,13.6,0.07708690731014603,0.048381939417986075
6320260319040005,防府競輪,5R,12:35,2-7,2,7,37.5,0.027956069091460433,0.04835259092976618
6320260319040001,防府競輪,1R,10:45,6-8,6,8,79.8,0.013109456775940926,0.046134650720085935
2220260320030007,前橋競輪,7R,18:18,1-4,1,4,25.9,0.04038278546162419,0.04591414345606637
2220260320030002,前橋競輪,2R,16:16,5-7,5,7,17.9,0.05842220768272713,0.04575751752081558
2820260322010003,立川競輪,3R,09:31,4-5,4,5,130.0,0.008031265190619762,0.044064474780569185
8720260320030001,熊本競輪,1R,11:00,3-7,3,7,17.5,0.05951757765624122,0.04155760898422134
6320260319040002,防府競輪,2R,11:10,3-8,3,8,51.8,0.02001852006362291,0.03695933929566664
6320260319040005,防府競輪,5R,12:35,3-7,3,7,20.7,0.05007580479290867,0.03656915921320936
2220260320030010,前橋競輪,10R,19:35,2-6,2,6,65.2,0.01585996364673364,0.034069629767033316
4720260322010008,松阪競輪,8R,23:10,1-7,1,7,13.5,0.07641198089447272,0.03156174207538176
2820260322010006,立川競輪,6R,10:34,2-4,2,4,14.9,0.06916705443358717,0.030589111060448815
2620260322010002,西武園競輪,2R,21:00,4-5,4,5,17.0,0.06040018181737143,0.026803090895314297
6320260319040007,防府競輪,7R,13:35,1-2,1,2,28.5,0.03599782229502792,0.025937935408295587
6320260319040008,防府競輪,8R,14:10,3-5,3,5,102.2,0.010034816484720209,0.02555824473840529
4720260322010002,松阪競輪,2R,21:10,1-2,1,2,9.2,0.11122696743902663,0.023288100439044834
8720260320030004,熊本競輪,4R,12:12,2-3,2,3,27.8,0.036767257527357745,0.02212975926054539
4320260322010002,岐阜競輪,2R,16:22,3-4,3,4,20.3,0.05029260270423274,0.02093983489592466
6320260319040003,防府競輪,3R,11:35,1-3,1,3,65.7,0.015486030965812598,0.01743223445388775
2820260322010007,立川競輪,7R,10:55,1-5,1,5,35.7,0.02846144987811148,0.016073760648579904
6320260319040001,防府競輪,1R,10:45,4-8,4,8,68.9,0.014745648843760704,0.01597520533511254
2620260322010003,西武園競輪,3R,21:20,1-5,1,5,9.5,0.10692328243474669,0.015771183130093513
6320260319040006,防府競輪,6R,13:05,3-9,3,9,43.5,0.02334680369881685,0.015585960898532925
6320260319040005,防府競輪,5R,12:35,4-6,4,6,106.5,0.00951982943468673,0.01386183479413683
6320260319040001,防府競輪,1R,10:45,1-9,1,9,50.4,0.020059497502127984,0.010998674107250306
6320260319040011,防府競輪,11R,15:50,1-9,1,9,15.5,0.06496023090850378,0.0068835790818084774
6320260319040001,防府競輪,1R,10:45,2-3,2,3,28.9,0.034817662788987395,0.006230454601735769
2820260322010001,立川競輪,1R,08:50,2-4,2,4,28.6,0.03513366815610357,0.00482290926456197
4720260322010002,松阪競輪,2R,21:10,1-6,1,6,12.9,0.07783193367617805,0.0040319444226968315
2220260320030007,前橋競輪,7R,18:18,2-4,2,4,21.9,0.04573994728684139,0.0017048455818262642
2220260320030010,前橋競輪,10R,19:35,3-6,3,6,29.6,0.0337868380419754,9.040604247201323e-05
4720260322010008,松阪競輪,8R,23:10,1-5,1,5,13.5,0.07400024971491248,-0.0009966288486815689
4320260322010011,岐阜競輪,11R,20:16,1-4,1,4,12.4,0.08045605861360096,-0.002344873191348129
4320260322010008,岐阜競輪,8R,18:56,4-5,4,5,17.7,0.056350613643564036,-0.0025941385089166547
6320260319040006,防府競輪,6R,13:05,6-9,6,9,39.7,0.025104255856048252,-0.003361042514884338
2220260320030010,前橋競輪,10R,19:35,3-4,3,4,19.1,0.05210638852055756,-0.0047679792573505075
6320260319040011,防府競輪,11R,15:50,7-8,7,8,60.1,0.016558530537163597,-0.004832314716467834
8720260320030002,熊本競輪,2R,11:23,4-7,4,7,20.6,0.04820933934777824,-0.0068876094357681605
4320260322010008,岐阜競輪,8R,18:56,2-5,2,5,25.6,0.0387506079899795,-0.007984435456524719
2620260322010005,西武園競輪,5R,22:00,4-7,4,7,39.0,0.025361852215779065,-0.010887763584616406
2620260322010006,西武園競輪,6R,22:20,1-3,1,3,8.8,0.11204095759220546,-0.014039573188591836
2820260322010006,立川競輪,6R,10:34,1-2,1,2,12.5,0.07876816748270754,-0.015397906466155797
2620260322010002,西武園競輪,2R,21:00,1-4,1,4,8.5,0.11536740678375845,-0.019377042338053152
8720260320030005,熊本競輪,5R,12:42,5-7,5,7,27.9,0.03504966422176095,-0.022114368212869495
6320260319040001,防府競輪,1R,10:45,5-8,5,8,39.3,0.024871849978917428,-0.022536295828545216
2220260320030012,前橋競輪,12R,20:30,3-5,3,5,26.1,0.03737744390041338,-0.024448714199210797
4320260322010004,岐阜競輪,4R,17:18,1-3,1,3,13.0,0.07480985719999046,-0.02747185640012395
6320260319040010,防府競輪,10R,15:15,3-7,3,7,24.4,0.039807521952191,-0.02869646436653972
6320260319040011,防府競輪,11R,15:50,4-6,4,6,97.7,0.009939594123652785,-0.02890165411912282
6320260319040003,防府競輪,3R,11:35,1-2,1,2,57.9,0.01676554476981837,-0.029274957827516435
6320260319040012,防府競輪,12R,16:30,5-8,5,8,72.1,0.013460427140237853,-0.029503203188850913
6320260319040002,防府競輪,2R,11:10,1-3,1,3,116.4,0.008329704732810101,-0.030422369100904234
4720260322010009,松阪競輪,9R,23:30,2-5,2,5,12.8,0.07552054188772267,-0.03333706383714974
6320260319040002,防府競輪,2R,11:10,4-7,4,7,14.4,0.06712151608490685,-0.03345016837734127
8720260320030008,熊本競輪,8R,14:03,4-5,4,5,13.5,0.07149878205078422,-0.03476644231441306
6320260319040003,防府競輪,3R,11:35,3-7,3,7,35.3,0.027295525682857532,-0.036467943395129154
2220260320030005,前橋競輪,5R,17:30,1-6,1,6,30.0,0.032029303629159775,-0.03912089112520678
6320260319040001,防府競輪,1R,10:45,3-9,3,9,24.8,0.03872070710139866,-0.0397264638853132
2620260322010005,西武園競輪,5R,22:00,1-4,1,4,19.5,0.04907610542993643,-0.04301594411623966
6320260319040003,防府競輪,3R,11:35,1-7,1,7,35.4,0.027033355422019137,-0.04301921806052256
4720260322010007,松阪競輪,7R,22:50,1-4,1,4,13.5,0.07085381434415675,-0.04347350635388392
4320260322010003,岐阜競輪,3R,16:54,2-7,2,7,14.0,0.06814165811280128,-0.04601678642078211
6320260319040009,防府競輪,9R,14:40,1-3,1,3,16.3,0.05848381280677163,-0.04671385124962235
4720260322010008,松阪競輪,8R,23:10,1-6,1,6,13.5,0.07061019191391896,-0.046762409162094065
6320260319040006,防府競輪,6R,13:05,4-7,4,7,42.8,0.022173727865446552,-0.05096444735888761
6320260319040010,防府競輪,10R,15:15,4-8,4,8,141.3,0.006707494948577591,-0.05223096376598635
2220260320030012,前橋競輪,12R,20:30,3-4,3,4,24.7,0.03816932816468369,-0.05721759433231277
6320260319040006,防府競輪,6R,13:05,2-3,2,3,31.7,0.029713974440997264,-0.05806701022038674
2620260322010003,西武園競輪,3R,21:20,3-5,3,5,19.1,0.049271738476576746,-0.05890979509738403
6320260319040005,防府競輪,5R,12:35,1-4,1,4,21.4,0.043932725004628796,-0.059839684900943824
6320260319040012,防府競輪,12R,16:30,1-4,1,4,59.9,0.01568486291968816,-0.060476711110679204
2620260322010005,西武園競輪,5R,22:00,3-4,3,4,19.5,0.04812720467931075,-0.061519508753440366
2220260320030010,前橋競輪,10R,19:35,4-5,4,5,9.0,0.10424165681303349,-0.06182508868269854
4320260322010011,岐阜競輪,11R,20:16,1-5,1,5,16.1,0.05821070576295219,-0.06280763721646965
6320260319040003,防府競輪,3R,11:35,6-9,6,9,48.9,0.019145062827433994,-0.06380642773847778
6320260319040011,防府競輪,11R,15:50,8-9,8,9,54.3,0.01718916544459411,-0.06662831635853983
2820260322010004,立川競輪,4R,09:52,4-6,4,6,57.1,0.016322759635728525,-0.06797042479990123
6320260319040008,防府競輪,8R,14:10,1-8,1,8,24.2,0.03849873425230377,-0.06833063109424886
4320260322010007,岐阜競輪,7R,18:30,2-7,2,7,11.4,0.08172003906901709,-0.06839155461320512
2620260322010002,西武園競輪,2R,21:00,2-4,2,4,13.6,0.06837416968212345,-0.07011129232312108
4720260322010001,松阪競輪,1R,20:50,2-6,2,6,25.2,0.036803413181116885,-0.07255398783585454
6320260319040002,防府競輪,2R,11:10,6-9,6,9,77.3,0.011972727305588418,-0.07450817927801534
6320260319040008,防府競輪,8R,14:10,5-8,5,8,59.3,0.01555597334697251,-0.07753078052453022
6320260319040002,防府競輪,2R,11:10,2-5,2,5,26.5,0.03476002296838852,-0.07885939133770425
4720260322010007,松阪競輪,7R,22:50,2-4,2,4,13.5,0.0677166233697227,-0.08582558450874356
2220260320030010,前橋競輪,10R,19:35,2-4,2,4,29.6,0.030819164249688086,-0.08775273820923257
4320260322010003,岐阜競輪,3R,16:54,1-4,1,4,16.4,0.05561101470243225,-0.0879793588801111
4720260322010006,松阪競輪,6R,22:30,1-5,1,5,10.2,0.08924111628051948,-0.08974061393870136
2220260320030010,前橋競輪,10R,19:35,2-3,2,3,29.6,0.030659485806425815,-0.09247922012979581
2220260320030005,前橋競輪,5R,17:30,3-6,3,6,27.7,0.03273679170891968,-0.09319086966292489
2220260320030003,前橋競輪,3R,16:42,4-7,4,7,18.2,0.04969689309698752,-0.09551654563482714
4720260322010008,松阪競輪,8R,23:10,6-7,6,7,27.0,0.03344097472627432,-0.09709368239059346
2220260320030009,前橋競輪,9R,19:09,3-5,3,5,16.3,0.05529822027368918,-0.0986390095388664
6320260319040006,防府競輪,6R,13:05,3-4,3,4,66.6,0.013529780325776201,-0.09891663030330511
2620260322010009,西武園競輪,9R,23:20,1-5,1,5,14.2,0.06336574705518795,-0.10020639181633118
8720260320030004,熊本競輪,4R,12:12,2-4,2,4,72.0,0.01247718800314858,-0.10164246377330222
2820260322010007,立川競輪,7R,10:55,1-3,1,3,15.2,0.05908715431253464,-0.10187525444947354
2620260322010008,西武園競輪,8R,23:00,3-5,3,5,79.2,0.011319231179313742,-0.10351689059835167
6320260319040002,防府競輪,2R,11:10,2-7,2,7,16.6,0.05399123113055912,-0.10374556323271855
2220260320030006,前橋競輪,6R,17:54,3-5,3,5,11.9,0.07530797978972745,-0.10383504050224335
6320260319040003,防府競輪,3R,11:35,1-6,1,6,86.7,0.010317699197858759,-0.1054554795456456
2220260320030004,前橋競輪,4R,17:06,4-7,4,7,8.8,0.10150499879842766,-0.10675601057383655
2220260320030006,前橋競輪,6R,17:54,3-7,3,7,18.0,0.04961987352098074,-0.10684227662234669
6320260319040006,防府競輪,6R,13:05,1-9,1,9,22.4,0.0398304428621471,-0.10779807988790513
2620260322010009,西武園競輪,9R,23:20,1-2,1,2,10.1,0.08814033490206757,-0.10978261748911755
6320260319040006,防府競輪,6R,13:05,2-9,2,9,11.5,0.07736150797499873,-0.11034265828751455
4720260322010005,松阪競輪,5R,22:10,3-4,3,4,34.5,0.025749169713652258,-0.1116536448789971
2220260320030008,前橋競輪,8R,18:43,4-6,4,6,27.3,0.03241752572491129,-0.11500154770992166
2220260320030010,前橋競輪,10R,19:35,3-5,3,5,8.3,0.10662253986233276,-0.11503291914263802
2220260320030012,前橋競輪,12R,20:30,1-2,1,2,7.1,0.12463482499106857,-0.11509274256341318
6320260319040006,防府競輪,6R,13:05,2-5,2,5,15.8,0.05588556223077687,-0.11700811675372547
6320260319040008,防府競輪,8R,14:10,2-9,2,9,17.7,0.049728629645184944,-0.1198032552802265
8720260320030006,熊本競輪,6R,13:12,1-7,1,7,8.7,0.10078334240658234,-0.12318492106273371
8720260320030001,熊本競輪,1R,11:00,6-7,6,7,18.0,0.048415020583217144,-0.12852962950209146
6320260319040011,防府競輪,11R,15:50,1-8,1,8,32.0,0.02701116434492121,-0.13564274096252127
6320260319040008,防府競輪,8R,14:10,1-2,1,2,14.6,0.059071766408434666,-0.13755221043685395
2220260320030010,前橋競輪,10R,19:35,5-7,5,7,9.5,0.09075644729957041,-0.13781375065408108
2220260320030009,前橋競輪,9R,19:09,1-2,1,2,22.9,0.03759003974985781,-0.13918808972825614
6320260319040010,防府競輪,10R,15:15,3-6,3,6,46.2,0.018621151208247665,-0.1397028141789578
4720260322010006,松阪競輪,6R,22:30,3-6,3,6,30.7,0.027969990442956807,-0.141321293401226
4720260322010001,松阪競輪,1R,20:50,1-4,1,4,14.0,0.06131524971669629,-0.14158650396625194
2820260322010002,立川競輪,2R,09:10,2-7,2,7,16.4,0.05232139627232835,-0.14192910113381518
6320260319040007,防府競輪,7R,13:35,3-4,3,4,14.9,0.057417335054371854,-0.14448170768985935
6320260319040009,防府競輪,9R,14:40,2-7,2,7,15.4,0.05542407741654051,-0.14646920778527606
8720260320030004,熊本競輪,4R,12:12,1-3,1,3,14.4,0.05917994300454194,-0.147808820734596
6320260319040004,防府競輪,4R,12:05,4-6,4,6,57.5,0.014759616809834264,-0.15132203343452988
8720260320030009,熊本競輪,9R,14:25,2-3,2,3,13.9,0.06091764142379881,-0.15324478420919652
4720260322010008,松阪競輪,8R,23:10,4-6,4,6,27.0,0.03134747696838682,-0.15361812185355583
4720260322010005,松阪競輪,5R,22:10,1-4,1,4,11.5,0.07353295938325176,-0.15437096709260478
4320260322010010,岐阜競輪,10R,19:48,3-7,3,7,13.7,0.06171773719355245,-0.1544670004483315
6320260319040004,防府競輪,4R,12:05,4-5,4,5,34.8,0.024288497778891235,-0.15476027729458508
4320260322010009,岐阜競輪,9R,19:22,1-3,1,3,14.7,0.057460511101461914,-0.15533048680850992
6320260319040007,防府競輪,7R,13:35,5-6,5,6,55.0,0.01534181560633081,-0.1562001416518054
8720260320030009,熊本競輪,9R,14:25,1-2,1,2,6.8,0.12399588175563722,-0.15682800406166686
6320260319040001,防府競輪,1R,10:45,2-7,2,7,21.3,0.039525617921948,-0.15810433826250747
2220260320030005,前橋競輪,5R,17:30,1-5,1,5,24.0,0.0350734568911025,-0.15823703461354
4720260322010009,松阪競輪,9R,23:30,3-5,3,5,17.1,0.049206030151950436,-0.15857688440164752
8720260320030005,熊本競輪,5R,12:42,5-6,5,6,17.8,0.04725017231789466,-0.15894693274147498
6320260319040001,防府競輪,1R,10:45,2-9,2,9,29.1,0.028866003041035412,-0.15999931150586943
2220260320030008,前橋競輪,8R,18:43,2-7,2,7,39.1,0.02141743833369162,-0.16257816115265766
4720260322010002,松阪競輪,2R,21:10,2-4,2,4,12.9,0.06466789454025022,-0.16578416043077215
2220260320030009,前橋競輪,9R,19:09,5-7,5,7,6.6,0.1261908163168582,-0.167140612308736
8720260320030011,熊本競輪,11R,15:30,1-5,1,5,26.0,0.03202743109784109,-0.16728679145613157
4320260322010008,岐阜競輪,8R,18:56,4-6,4,6,19.2,0.04335041507875273,-0.16767203048794765
6320260319040004,防府競輪,4R,12:05,5-9,5,9,22.5,0.03698626184491297,-0.16780910848945807
4720260322010002,松阪競輪,2R,21:10,1-3,1,3,10.7,0.07741108094218282,-0.1717014339186438
2820260322010003,立川競輪,3R,09:31,2-3,2,3,15.6,0.052880764462340274,-0.17506007438749172
8720260320030003,熊本競輪,3R,11:47,3-6,3,6,31.6,0.02609304826528431,-0.17545967481701574
2220260320030012,前橋競輪,12R,20:30,1-5,1,5,15.3,0.05382499461547817,-0.176477582383184
8720260320030012,熊本競輪,12R,16:10,3-7,3,7,6.4,0.12833836329838952,-0.17863447489030704
4720260322010005,松阪競輪,5R,22:10,3-5,3,5,34.5,0.02380022997844461,-0.178892065743661
4720260322010008,松阪競輪,8R,23:10,4-7,4,7,27.0,0.030358565654538355,-0.18031872732746446
2820260322010002,立川競輪,2R,09:10,1-7,1,7,9.6,0.08522730898957792,-0.181817833700052
2620260322010006,西武園競輪,6R,22:20,1-2,1,2,8.8,0.09295013855305871,-0.18203878073308333
4720260322010007,松阪競輪,7R,22:50,5-7,5,7,27.0,0.03016835823403338,-0.18545432768109882
6320260319040011,防府競輪,11R,15:50,6-8,6,8,118.8,0.006856292681225961,-0.1854724294703558
2220260320030002,前橋競輪,2R,16:16,4-7,4,7,20.2,0.04029772675308692,-0.18598591958764432
6320260319040006,防府競輪,6R,13:05,5-7,5,7,31.1,0.026132436966756815,-0.18728121033386302
2620260322010001,西武園競輪,1R,20:40,4-7,4,7,35.0,0.023212786303827247,-0.18755247936604635
2220260320030008,前橋競輪,8R,18:43,3-5,3,5,7.8,0.10387469287308035,-0.1897773955899733
4720260322010002,松阪競輪,2R,21:10,1-4,1,4,10.7,0.07571515287603608,-0.18984786422641398
6320260319040007,防府競輪,7R,13:35,3-6,3,6,30.0,0.026971095741150974,-0.19086712776547077
6320260319040010,防府競輪,10R,15:15,4-6,4,6,74.0,0.010909311505595517,-0.19271094858593174
4320260322010001,岐阜競輪,1R,15:57,4-5,4,5,10.6,0.0761021016084052,-0.19331772295090488
6320260319040008,防府競輪,8R,14:10,8-9,8,9,26.3,0.030627834028082217,-0.19448796506143773
4320260322010001,岐阜競輪,1R,15:57,2-6,2,6,22.8,0.035325893720819165,-0.194569623165323
2220260320030006,前橋競輪,6R,17:54,1-7,1,7,16.9,0.04755039878632235,-0.1963982605111524
6320260319040012,防府競輪,12R,16:30,1-9,1,9,55.7,0.014401319665764866,-0.19784649461689696
6320260319040004,防府競輪,4R,12:05,6-9,6,9,36.4,0.021998865251303713,-0.19924130485254488
4320260322010003,岐阜競輪,3R,16:54,2-6,2,6,17.6,0.04548286973188519,-0.19950149271882067
6320260319040010,防府競輪,10R,15:15,8-9,8,9,175.4,0.004554969058335313,-0.20105842716798605
4320260322010008,岐阜競輪,8R,18:56,3-4,3,4,8.5,0.09367344329671581,-0.20377573197791554
6320260319040005,防府競輪,5R,12:35,1-6,1,6,29.2,0.027245220244045344,-0.20443956887387604
8720260320030001,熊本競輪,1R,11:00,4-7,4,7,10.0,0.07929815846773228,-0.20701841532267728
6320260319040006,防府競輪,6R,13:05,5-6,5,6,40.9,0.019334792430399286,-0.20920698959666928
8720260320030001,熊本競輪,1R,11:00,4-5,4,5,12.5,0.06320846524351645,-0.20989418445604435
8720260320030011,熊本競輪,11R,15:30,3-7,3,7,10.5,0.07520868086951409,-0.2103088508701021
6320260319040007,防府競輪,7R,13:35,1-3,1,3,11.8,0.0666610570165917,-0.21339952720421795
2620260322010009,西武園競輪,9R,23:20,1-6,1,6,17.8,0.04408876424806368,-0.21521999638446643
4320260322010009,岐阜競輪,9R,19:22,1-5,1,5,8.6,0.09076545339860753,-0.2194171007719753
2220260320030007,前橋競輪,7R,18:18,1-3,1,3,17.8,0.04382905672289461,-0.2198427903324759
6320260319040005,防府競輪,5R,12:35,1-2,1,2,16.9,0.04614469278236167,-0.2201546919780879
8720260320030011,熊本競輪,11R,15:30,3-5,3,5,14.0,0.0557018064570126,-0.22017470960182361
2220260320030003,前橋競輪,3R,16:42,1-5,1,5,17.8,0.043710866408745525,-0.2219465779243296
4720260322010003,松阪競輪,3R,21:30,1-4,1,4,10.6,0.07326481310297073,-0.22339298110851036
2220260320030010,前橋競輪,10R,19:35,6-7,6,7,29.6,0.026225088616841512,-0.2237373769414912
2620260322010001,西武園競輪,1R,20:40,2-5,2,5,12.7,0.06086480236709076,-0.22701700993794738
8720260320030005,熊本競輪,5R,12:42,2-6,2,6,15.2,0.05075539582254048,-0.22851798349738472
6320260319040009,防府競輪,9R,14:40,4-7,4,7,14.7,0.052273109003787635,-0.23158529764432179
2220260320030001,前橋競輪,1R,15:42,2-3,2,3,11.3,0.06783573166382822,-0.233456232198741
8720260320030001,熊本競輪,1R,11:00,2-5,2,5,15.3,0.050000765373222594,-0.23498828978969433
4720260322010006,松阪競輪,6R,22:30,1-2,1,2,7.6,0.10050801191338185,-0.23613910945829797
6320260319040006,防府競輪,6R,13:05,7-9,7,9,19.1,0.03994140484012998,-0.23711916755351736
4720260322010002,松阪競輪,2R,21:10,5-7,5,7,64.5,0.011817264196827139,-0.2377864593046496
6320260319040007,防府競輪,7R,13:35,4-5,4,5,27.3,0.02791086708009694,-0.2380333287133536
6320260319040007,防府競輪,7R,13:35,1-4,1,4,18.5,0.04105324915196491,-0.24051489068864906
6320260319040010,防府競輪,10R,15:15,2-7,2,7,18.8,0.04034320336238166,-0.24154777678722472
4320260322010005,岐阜競輪,5R,17:42,3-7,3,7,10.8,0.07001173900644184,-0.2438732187304281
2220260320030010,前橋競輪,10R,19:35,5-6,5,6,9.8,0.07708671134792364,-0.24455022879034827
6320260319040002,防府競輪,2R,11:10,1-2,1,2,94.1,0.008006403435566802,-0.24659743671316403
4320260322010011,岐阜競輪,11R,20:16,2-4,2,4,10.7,0.07035885988956925,-0.24716019918160914
6320260319040011,防府競輪,11R,15:50,1-3,1,3,18.0,0.04180759372576934,-0.24746331293615187
4320260322010007,岐阜競輪,7R,18:30,2-5,2,5,12.6,0.059599351794349456,-0.24904816739119684
6320260319040004,防府競輪,4R,12:05,4-8,4,8,103.9,0.007198497335180165,-0.25207612687478087
4320260322010011,岐阜競輪,11R,20:16,2-3,2,3,20.1,0.03719040495526187,-0.25247286039923633
8720260320030007,熊本競輪,7R,13:40,4-5,4,5,20.5,0.03646325614280478,-0.252503249072502
2620260322010005,西武園競輪,5R,22:00,1-5,1,5,13.0,0.05734262906647765,-0.2545458221357906
2620260322010001,西武園競輪,1R,20:40,5-6,5,6,35.0,0.02112842722948871,-0.2605050469678951
6320260319040010,防府競輪,10R,15:15,6-7,6,7,43.6,0.01693503755040257,-0.26163236280244784
4320260322010001,岐阜競輪,1R,15:57,3-7,3,7,29.6,0.024887098714379233,-0.2633418780543747
8720260320030002,熊本競輪,2R,11:23,1-4,1,4,9.8,0.07514826754295956,-0.2635469780789963
4720260322010009,松阪競輪,9R,23:30,3-6,3,6,17.1,0.04300519273090081,-0.2646112043015961
6320260319040006,防府競輪,6R,13:05,1-6,1,6,44.6,0.016457945003812736,-0.26597565282995195
2220260320030009,前橋競輪,9R,19:09,1-5,1,5,9.8,0.07472929965059338,-0.2676528634241848
6320260319040011,防府競輪,11R,15:50,6-9,6,9,43.9,0.01667478740290024,-0.2679768330126795
2620260322010002,西武園競輪,2R,21:00,3-5,3,5,22.7,0.03219810083949436,-0.26910311094347794
2620260322010001,西武園競輪,1R,20:40,1-4,1,4,8.2,0.0891039797883064,-0.2693473657358876
4320260322010011,岐阜競輪,11R,20:16,1-3,1,3,16.1,0.04536637188426903,-0.26960141266326854
2220260320030003,前橋競輪,3R,16:42,4-5,4,5,19.5,0.03743365053364185,-0.27004381459398386
4720260322010008,松阪競輪,8R,23:10,3-5,3,5,27.0,0.027007600038947546,-0.2707947989484163
2220260320030010,前橋競輪,10R,19:35,1-6,1,6,40.7,0.017875066284318647,-0.272484802228231
6320260319040007,防府競輪,7R,13:35,6-7,6,7,49.6,0.01459090866398,-0.2762909302665919
6320260319040006,防府競輪,6R,13:05,3-6,3,6,73.4,0.00982168079030689,-0.2790886299914742
6320260319040010,防府競輪,10R,15:15,7-9,7,9,44.5,0.016129346224375594,-0.2822440930152861
4320260322010011,岐阜競輪,11R,20:16,1-7,1,7,17.9,0.04002821890949898,-0.28349488151996827
6320260319040002,防府競輪,2R,11:10,2-3,2,3,40.5,0.017616078593786923,-0.2865488169516296
2820260322010004,立川競輪,4R,09:52,2-6,2,6,128.2,0.005560191739175146,-0.28718341903774625
6320260319040006,防府競輪,6R,13:05,1-3,1,3,47.2,0.015076752498257986,-0.288377282082223
6320260319040008,防府競輪,8R,14:10,3-8,3,8,98.6,0.007206276932106475,-0.2894610944943017
8720260320030012,熊本競輪,12R,16:10,2-7,2,7,9.4,0.075427062979391,-0.2909856079937245
6320260319040004,防府競輪,4R,12:05,2-4,2,4,25.6,0.0276785297373466,-0.291429638723927
2220260320030004,前橋競輪,4R,17:06,2-6,2,6,26.7,0.02649577489502895,-0.292562810302727
8720260320030004,熊本競輪,4R,12:12,2-7,2,7,16.3,0.04320123461746052,-0.2958198757353935
4720260322010005,松阪競輪,5R,22:10,1-7,1,7,34.5,0.020404221059303812,-0.2960543734540185
8720260320030004,熊本競輪,4R,12:12,1-4,1,4,25.5,0.027540690701712615,-0.2977123871063283
6320260319040008,防府競輪,8R,14:10,2-5,2,5,26.1,0.026898540544080758,-0.2979480917994922
2220260320030009,前橋競輪,9R,19:09,3-4,3,4,28.6,0.02428260206406455,-0.30551758096775383
2220260320030008,前橋競輪,8R,18:43,3-7,3,7,7.8,0.08895503540449434,-0.30615072384494413
2220260320030008,前橋競輪,8R,18:43,1-7,1,7,24.8,0.027965300421590313,-0.30646054954456026
6320260319040007,防府競輪,7R,13:35,1-7,1,7,20.0,0.03461236853995245,-0.30775262920095103
2620260322010002,西武園競輪,2R,21:00,4-6,4,6,68.2,0.010141391794438154,-0.3083570796193179
2220260320030010,前橋競輪,10R,19:35,2-7,2,7,29.6,0.02335203942733213,-0.3087796329509689
6320260319040002,防府競輪,2R,11:10,3-4,3,4,31.0,0.02213701531335803,-0.31375252528590103
4720260322010003,松阪競輪,3R,21:30,3-5,3,5,17.7,0.03864459351212665,-0.31599069483535824
4320260322010005,岐阜競輪,5R,17:42,2-3,2,3,9.9,0.06905422243626515,-0.316363197880975
6320260319040002,防府競輪,2R,11:10,4-5,4,5,15.3,0.04460306317727797,-0.31757313338764703
2620260322010009,西武園競輪,9R,23:20,2-5,2,5,14.2,0.047920107619120494,-0.31953447180848904
2220260320030006,前橋競輪,6R,17:54,5-6,5,6,23.3,0.028864826583554742,-0.32744954060317444
8720260320030009,熊本競輪,9R,14:25,2-7,2,7,9.4,0.07144574297426043,-0.32841001604195197
2220260320030010,前橋競輪,10R,19:35,1-7,1,7,25.0,0.026810265873007815,-0.32974335317480463
4720260322010009,松阪競輪,9R,23:30,3-4,3,4,14.6,0.045756587912672134,-0.3319538164749869
8720260320030004,熊本競輪,4R,12:12,2-5,2,5,9.4,0.07095471647931044,-0.33302566509448184
4720260322010006,松阪競輪,6R,22:30,3-5,3,5,10.2,0.06537079364154588,-0.33321790485623204
4720260322010007,松阪競輪,7R,22:50,1-5,1,5,9.0,0.07405315660788162,-0.3335215905290655
6320260319040008,防府競輪,8R,14:10,2-3,2,3,56.2,0.011832374942538124,-0.33502052822935746
8720260320030011,熊本競輪,11R,15:30,1-2,1,2,13.4,0.04954419980717673,-0.3361077225838318
8720260320030001,熊本競輪,1R,11:00,1-7,1,7,9.3,0.0712937411508793,-0.3369682072968224
2220260320030002,前橋競輪,2R,16:16,6-7,6,7,24.2,0.02720750427003227,-0.34157839666521905
4320260322010011,岐阜競輪,11R,20:16,3-5,3,5,14.6,0.04496248646160449,-0.34354769766057447
4720260322010008,松阪競輪,8R,23:10,2-4,2,4,13.5,0.04859539929423562,-0.34396210952781914
8720260320030002,熊本競輪,2R,11:23,3-6,3,6,14.3,0.04586892534769428,-0.3440743675279717
8720260320030008,熊本競輪,8R,14:03,4-6,4,6,23.4,0.028004321090145234,-0.34469888649060154
8720260320030002,熊本競輪,2R,11:23,1-5,1,5,13.5,0.048471011151635754,-0.34564134945291736
6320260319040006,防府競輪,6R,13:05,1-2,1,2,13.0,0.050327968537766395,-0.3457364090090369
6320260319040010,防府競輪,10R,15:15,1-6,1,6,34.2,0.0190850180455716,-0.34729238284145125
6320260319040005,防府競輪,5R,12:35,1-3,1,3,9.1,0.07161317061982592,-0.34832014735958416
8720260320030005,熊本競輪,5R,12:42,3-7,3,7,13.3,0.04890999394008025,-0.34949708059693263
6320260319040012,防府競輪,12R,16:30,5-9,5,9,37.3,0.017427071119897965,-0.3499702472278059
6320260319040001,防府競輪,1R,10:45,7-9,7,9,14.4,0.045063089870319595,-0.3510915058673978
6320260319040002,防府競輪,2R,11:10,2-9,2,9,37.8,0.01711804991540411,-0.3529377131977247
4720260322010003,松阪競輪,3R,21:30,2-4,2,4,13.3,0.04864514235414458,-0.3530196066898771
8720260320030008,熊本競輪,8R,14:03,2-5,2,5,6.0,0.10780176987463183,-0.35318938075220907
4320260322010011,岐阜競輪,11R,20:16,2-6,2,6,20.1,0.0321744557052858,-0.3532934403237554
4320260322010010,岐阜競輪,10R,19:48,1-3,1,3,6.2,0.10429157329921876,-0.3533922455448437
8720260320030003,熊本競輪,3R,11:47,2-4,2,4,6.9,0.09313673299347913,-0.3573565423449939
4320260322010002,岐阜競輪,2R,16:22,4-7,4,7,10.2,0.06281694499169865,-0.3592671610846738
6320260319040003,防府競輪,3R,11:35,7-8,7,8,45.9,0.013914007729286988,-0.36134704522572725
6320260319040012,防府競輪,12R,16:30,1-2,1,2,20.1,0.031768565601978646,-0.3614518314002292
6320260319040003,防府競輪,3R,11:35,2-3,2,3,37.2,0.017095436203607515,-0.36404977322580034
6320260319040002,防府競輪,2R,11:10,1-7,1,7,24.7,0.025684514809104612,-0.36559248421511614
8720260320030001,熊本競輪,1R,11:00,4-6,4,6,20.1,0.03130954202264519,-0.37067820534483165
2620260322010001,西武園競輪,1R,20:40,3-4,3,4,15.5,0.04057434193933698,-0.37109769994027675
4320260322010001,岐阜競輪,1R,15:57,3-5,3,5,15.6,0.040244866134759055,-0.3721800882977587
4320260322010009,岐阜競輪,9R,19:22,3-7,3,7,14.7,0.042574754168612346,-0.37415111372139853
8720260320030004,熊本競輪,4R,12:12,1-2,1,2,12.9,0.04831792985180708,-0.37669870491168866
2620260322010001,西武園競輪,1R,20:40,5-7,5,7,28.0,0.022225033302639093,-0.3776990675261054
2220260320030001,前橋競輪,1R,15:42,1-2,1,2,9.0,0.06869409902364716,-0.3817531087871755
8720260320030003,熊本競輪,3R,11:47,2-7,2,7,13.3,0.046457421333381405,-0.3821162962660273
6320260319040007,防府競輪,7R,13:35,2-7,2,7,26.0,0.02372251426511115,-0.3832146291071101
2220260320030006,前橋競輪,6R,17:54,5-7,5,7,17.4,0.03526308996756273,-0.3864222345644086
4320260322010002,岐阜競輪,2R,16:22,1-5,1,5,17.1,0.03576814410288605,-0.38836473584064857
2220260320030001,前橋競輪,1R,15:42,2-5,2,5,14.8,0.04132471906603979,-0.3883941578226111
4720260322010002,松阪競輪,2R,21:10,1-5,1,5,10.7,0.05699661928173676,-0.39013617368541675
4320260322010008,岐阜競輪,8R,18:56,2-6,2,6,21.0,0.029019754824527726,-0.3905851486849178
2220260320030011,前橋競輪,11R,20:02,1-3,1,3,8.7,0.06971671079698977,-0.3934646160661891
4320260322010011,岐阜競輪,11R,20:16,1-6,1,6,14.6,0.04153948531332765,-0.39352351442541633
2220260320030011,前橋競輪,11R,20:02,1-2,1,2,6.2,0.09728289352513958,-0.3968460601441346
8720260320030001,熊本競輪,1R,11:00,1-5,1,5,10.8,0.0557172845414744,-0.3982533269520765
2220260320030010,前橋競輪,10R,19:35,4-7,4,7,14.1,0.042672214017341656,-0.39832178235548266
2220260320030007,前橋競輪,7R,18:18,1-5,1,5,10.9,0.05515232800883402,-0.39883962470370915
2220260320030009,前橋競輪,9R,19:09,3-7,3,7,11.4,0.052639368483959795,-0.39991119928285834
2620260322010005,西武園競輪,5R,22:00,5-7,5,7,19.5,0.03075894544622518,-0.400200563798609
2220260320030005,前橋競輪,5R,17:30,1-2,1,2,15.0,0.03990909524601795,-0.40136357130973077
6320260319040012,防府競輪,12R,16:30,7-9,7,9,22.8,0.026220987144881504,-0.4021614930967017
2220260320030008,前橋競輪,8R,18:43,4-5,4,5,17.1,0.03490401245211143,-0.40314138706889446
6320260319040012,防府競輪,12R,16:30,1-6,1,6,49.6,0.012027217581854769,-0.4034500079400034
6320260319040010,防府競輪,10R,15:15,6-8,6,8,72.9,0.008154531978449595,-0.4055346187710245
2220260320030003,前橋競輪,3R,16:42,3-5,3,5,47.4,0.012526237381593985,-0.40625634811244515
2220260320030007,前橋競輪,7R,18:18,5-7,5,7,9.8,0.06055927650710186,-0.40651909023040167
2620260322010001,西武園競輪,1R,20:40,2-4,2,4,8.7,0.0679390192063716,-0.40893053290456705
8720260320030009,熊本競輪,9R,14:25,4-6,4,6,23.8,0.024826979806019882,-0.4091178806167268
4720260322010005,松阪競輪,5R,22:10,1-5,1,5,8.6,0.06856539872097751,-0.41033757099959345
4720260322010003,松阪競輪,3R,21:30,5-7,5,7,26.6,0.022163840319390754,-0.41044184750420587
2220260320030009,前橋競輪,9R,19:09,2-4,2,4,20.2,0.029181785174549987,-0.4105279394740903
2220260320030007,前橋競輪,7R,18:18,2-5,2,5,9.2,0.06404320097300809,-0.41080255104832564
4720260322010002,松阪競輪,2R,21:10,1-7,1,7,12.9,0.04566672437652233,-0.4108992555428619
2620260322010009,西武園競輪,9R,23:20,2-6,2,6,17.8,0.03270771831748007,-0.41780261394885476
4320260322010001,岐阜競輪,1R,15:57,2-5,2,5,8.2,0.07093850919358921,-0.41830422461256855
2820260322010004,立川競輪,4R,09:52,2-7,2,7,13.3,0.043627037484448,-0.41976040145684157
8720260320030002,熊本競輪,2R,11:23,4-5,4,5,6.3,0.09157148541450223,-0.4230996418886359
2820260322010003,立川競輪,3R,09:31,1-4,1,4,18.9,0.03043103589884964,-0.4248534215117419
8720260320030001,熊本競輪,1R,11:00,5-7,5,7,6.9,0.08317932204429006,-0.42606267789439856
2220260320030006,前橋競輪,6R,17:54,1-5,1,5,7.9,0.07255384564441757,-0.4268246194091012
2220260320030007,前橋競輪,7R,18:18,2-3,2,3,11.4,0.05027140458274071,-0.4269059877567559
4720260322010008,松阪競輪,8R,23:10,1-3,1,3,9.0,0.06296985360124058,-0.43327131758883475
6320260319040011,防府競輪,11R,15:50,2-5,2,5,18.1,0.03128013611091712,-0.4338295363924001
6320260319040012,防府競輪,12R,16:30,2-8,2,8,24.6,0.02298440252647261,-0.4345836978487738
4320260322010007,岐阜競輪,7R,18:30,1-4,1,4,28.5,0.019831810755265432,-0.4347933934749352
4720260322010001,松阪競輪,1R,20:50,4-6,4,6,42.0,0.013443673118272532,-0.43536572903255366
8720260320030005,熊本競輪,5R,12:42,3-4,3,4,8.1,0.06963526296969202,-0.43595436994549464
4320260322010008,岐阜競輪,8R,18:56,5-7,5,7,10.5,0.053707582084464425,-0.4360703881131235
6320260319040004,防府競輪,4R,12:05,8-9,8,9,50.3,0.011171845484710362,-0.4380561721190689
2220260320030002,前橋競輪,2R,16:16,3-6,3,6,30.1,0.018614536655379266,-0.4397024466730841
4720260322010006,松阪競輪,6R,22:30,2-3,2,3,7.6,0.07352918142812892,-0.4411782211462202
2620260322010009,西武園競輪,9R,23:20,2-3,2,3,11.8,0.04694795016531149,-0.44601418804932436
4720260322010003,松阪競輪,3R,21:30,1-3,1,3,8.8,0.06291095967281196,-0.44638355487925474
6320260319040003,防府競輪,3R,11:35,2-9,2,9,17.1,0.032353378712161776,-0.44675722402203355
2620260322010002,西武園競輪,2R,21:00,1-6,1,6,34.1,0.016177814530650977,-0.44833652450480166
6320260319040012,防府競輪,12R,16:30,8-9,8,9,52.2,0.010562948938348422,-0.44861406541821236
2820260322010004,立川競輪,4R,09:52,2-4,2,4,9.1,0.060531285778069,-0.44916529941957206
6320260319040003,防府競輪,3R,11:35,7-9,7,9,10.8,0.050974199439371704,-0.4494786460547856
2220260320030001,前橋競輪,1R,15:42,1-4,1,4,7.8,0.07034619189237529,-0.45129970323947277
2220260320030012,前橋競輪,12R,20:30,1-3,1,3,7.8,0.0703382331735054,-0.4513617812466578
2620260322010009,西武園競輪,9R,23:20,1-3,1,3,8.9,0.06164163896622537,-0.4513894132005942
8720260320030008,熊本競輪,8R,14:03,5-7,5,7,6.9,0.07944793999119786,-0.4518092140607348
6320260319040003,防府競輪,3R,11:35,5-9,5,9,6.9,0.0789845937320093,-0.4550063032491357
6320260319040003,防府競輪,3R,11:35,2-8,2,8,62.4,0.008730676229805518,-0.4552058032601357
6320260319040006,防府競輪,6R,13:05,2-7,2,7,10.5,0.05184816575938138,-0.45559425952649557
6320260319040011,防府競輪,11R,15:50,2-4,2,4,18.0,0.030150654650734937,-0.4572882162867711
8720260320030005,熊本競輪,5R,12:42,3-6,3,6,8.7,0.06204309248431081,-0.46022509538649603
2220260320030010,前橋競輪,10R,19:35,2-5,2,5,7.4,0.07288054419679348,-0.4606839729437282
2620260322010002,西武園競輪,2R,21:00,5-6,5,6,68.2,0.007899611278334637,-0.4612465108175777
2220260320030001,前橋競輪,1R,15:42,1-5,1,5,9.0,0.05975881627966299,-0.4621706534830331
4720260322010006,松阪競輪,6R,22:30,1-4,1,4,10.2,0.05262881062620958,-0.4631861316126623
2620260322010005,西武園競輪,5R,22:00,3-5,3,5,9.7,0.05533793958464092,-0.4632219860289831
6320260319040001,防府競輪,1R,10:45,3-8,3,8,21.1,0.025406247767275045,-0.46392817211049653
4320260322010004,岐阜競輪,4R,17:18,1-2,1,2,6.2,0.08645846810955851,-0.46395749772073724
6320260319040009,防府競輪,9R,14:40,1-7,1,7,9.2,0.058240128605188325,-0.4641908168322675
6320260319040008,防府競輪,8R,14:10,4-9,4,9,18.1,0.029593951850562746,-0.4643494715048143
4320260322010002,岐阜競輪,2R,16:22,1-6,1,6,40.0,0.013363438169313433,-0.4654624732274627
4320260322010009,岐阜競輪,9R,19:22,4-5,4,5,6.4,0.08320807865500193,-0.4674682966079876
4720260322010002,松阪競輪,2R,21:10,2-3,2,3,8.0,0.06646396154913772,-0.4682883076068982
2220260320030002,前橋競輪,2R,16:16,2-6,2,6,20.7,0.02538988835575815,-0.4744293110358063
8720260320030006,熊本競輪,6R,13:12,1-4,1,4,17.6,0.029809872643306357,-0.475346241477808
6320260319040006,防府競輪,6R,13:05,1-7,1,7,20.4,0.025697786575297213,-0.4757651538639369
2220260320030008,前橋競輪,8R,18:43,1-3,1,3,5.4,0.09665865181215079,-0.4780432802143857
4320260322010007,岐阜競輪,7R,18:30,1-7,1,7,6.7,0.07779143403428981,-0.4787973919702583
4720260322010009,松阪競輪,9R,23:30,1-3,1,3,17.1,0.030455890512879218,-0.47920427222976536
6320260319040001,防府競輪,1R,10:45,4-5,4,5,19.0,0.027309386316247297,-0.4811216599913013
2220260320030005,前橋競輪,5R,17:30,1-3,1,3,15.6,0.03321918271534358,-0.4817807496406401
4720260322010009,松阪競輪,9R,23:30,2-3,2,3,8.5,0.060897090621126956,-0.48237472972042084
6320260319040007,防府競輪,7R,13:35,3-9,3,9,13.1,0.03949054513623818,-0.4826738587152798
2220260320030003,前橋競輪,3R,16:42,3-7,3,7,27.3,0.01882131209020708,-0.4861781799373467
2220260320030002,前橋競輪,2R,16:16,3-7,3,7,21.6,0.023722517566747828,-0.48759362055824684
6320260319040006,防府競輪,6R,13:05,6-7,6,7,29.0,0.017630880364301247,-0.4887044694352638
2220260320030005,前橋競輪,5R,17:30,2-5,2,5,11.6,0.04403316183185649,-0.48921532275046475
8720260320030007,熊本競輪,7R,13:40,1-4,1,4,15.5,0.03294690901377694,-0.48932291028645736
4320260322010003,岐阜競輪,3R,16:54,4-6,4,6,42.5,0.011997298744785258,-0.4901148033466265
6320260319040007,防府競輪,7R,13:35,4-6,4,6,27.8,0.018317761405319273,-0.4907662329321242
6320260319040006,防府競輪,6R,13:05,2-6,2,6,17.3,0.029331253212468995,-0.4925693194242864
4320260322010007,岐阜競輪,7R,18:30,1-6,1,6,16.2,0.031292626850421695,-0.49305944502316856
6320260319040005,防府競輪,5R,12:35,1-7,1,7,6.0,0.08438179657919528,-0.49370922052482835
2820260322010002,立川競輪,2R,09:10,4-5,4,5,14.1,0.0358739514059777,-0.49417728517571446
2220260320030012,前橋競輪,12R,20:30,2-3,2,3,6.4,0.07898225478505494,-0.4945135693756484
2220260320030008,前橋競輪,8R,18:43,3-4,3,4,7.2,0.0701857888907075,-0.4946623199869059
2220260320030011,前橋競輪,11R,20:02,3-4,3,4,18.5,0.02723220013730062,-0.49620429745993855
2620260322010009,西武園競輪,9R,23:20,3-5,3,5,17.8,0.02815625535299559,-0.4988186547166785
4720260322010002,松阪競輪,2R,21:10,3-4,3,4,12.9,0.038762362472339815,-0.4999655241068164
2220260320030008,前橋競輪,8R,18:43,2-4,2,4,21.0,0.023777235928216817,-0.5006780455074469
4320260322010009,岐阜競輪,9R,19:22,3-4,3,4,9.8,0.050883221259451675,-0.5013444316573735
6320260319040008,防府競輪,8R,14:10,5-7,5,7,15.4,0.03237759831701763,-0.5013849859179285
2220260320030011,前橋競輪,11R,20:02,4-7,4,7,23.8,0.020906857630167443,-0.5024167884020148
2220260320030008,前橋競輪,8R,18:43,5-7,5,7,13.0,0.03819905434385549,-0.5034122935298786
4720260322010007,松阪競輪,7R,22:50,3-5,3,5,13.5,0.0367619229970899,-0.5037140395392863
4320260322010011,岐阜競輪,11R,20:16,1-2,1,2,10.0,0.04959392559868214,-0.5040607440131786
2620260322010002,西武園競輪,2R,21:00,2-3,2,3,13.6,0.03630330225538509,-0.5062750893267628
4720260322010007,松阪競輪,7R,22:50,2-6,2,6,13.5,0.03650013595993803,-0.5072481645408367
8720260320030010,熊本競輪,10R,14:55,5-7,5,7,8.0,0.06149106705826822,-0.5080714635338542
4320260322010009,岐阜競輪,9R,19:22,1-4,1,4,9.2,0.05330447685729547,-0.5095988129128817
6320260319040006,防府競輪,6R,13:05,4-9,4,9,13.4,0.03658396037795902,-0.5097749309353492
8720260320030006,熊本競輪,6R,13:12,3-7,3,7,6.9,0.07093804811378553,-0.5105274680148799
8720260320030002,熊本競輪,2R,11:23,3-4,3,4,5.1,0.09544948692427277,-0.513207616686209
8720260320030005,熊本競輪,5R,12:42,6-7,6,7,8.3,0.0584807349686372,-0.5146098997603112
2220260320030008,前橋競輪,8R,18:43,4-7,4,7,17.1,0.02835928304645547,-0.5150562599056114
8720260320030003,熊本競輪,3R,11:47,2-5,2,5,8.4,0.05765041916096974,-0.5157364790478542
4320260322010007,岐阜競輪,7R,18:30,3-5,3,5,8.7,0.05518054082509349,-0.5199292948216867
4720260322010008,松阪競輪,8R,23:10,5-7,5,7,13.5,0.03549530170092094,-0.5208134270375673
2220260320030008,前橋競輪,8R,18:43,1-4,1,4,16.1,0.029683861706755812,-0.5220898265212314
2820260322010003,立川競輪,3R,09:31,3-7,3,7,4.9,0.09752490062831333,-0.5221279869212647
4320260322010007,岐阜競輪,7R,18:30,5-7,5,7,4.7,0.10101538844812774,-0.5252276742937996
2220260320030009,前橋競輪,9R,19:09,2-3,2,3,16.3,0.029096198689405946,-0.5257319613626831
8720260320030009,熊本競輪,9R,14:25,1-7,1,7,8.2,0.05781871905981202,-0.5258865037095415
2820260322010001,立川競輪,1R,08:50,3-7,3,7,7.1,0.06663952466762058,-0.526859374859894
2220260320030003,前橋競輪,3R,16:42,1-3,1,3,8.8,0.05373651432737227,-0.527118673919124
6320260319040002,防府競輪,2R,11:10,5-7,5,7,4.8,0.09728651566067344,-0.5330247248287675
2620260322010002,西武園競輪,2R,21:00,1-3,1,3,5.6,0.08321707987317628,-0.5339843527102128
2620260322010005,西武園競輪,5R,22:00,2-4,2,4,7.8,0.05965365617710271,-0.5347014818185989
4720260322010005,松阪競輪,5R,22:10,2-4,2,4,11.5,0.04041289085241489,-0.5352517551972288
8720260320030008,熊本競輪,8R,14:03,2-7,2,7,7.5,0.0617623857158764,-0.536782107130927
2220260320030010,前橋競輪,10R,19:35,1-3,1,3,13.0,0.03547056458930576,-0.5388826603390251
4320260322010011,岐阜競輪,11R,20:16,2-5,2,5,9.4,0.04885521516227328,-0.5407609774746311
4320260322010006,岐阜競輪,6R,18:06,1-4,1,4,6.5,0.0703866340523608,-0.5424868786596548
6320260319040012,防府競輪,12R,16:30,4-8,4,8,39.5,0.011496344509716218,-0.5458943918662094
8720260320030009,熊本競輪,9R,14:25,3-5,3,5,19.1,0.02377106613240009,-0.5459726368711582
4320260322010011,岐阜競輪,11R,20:16,3-7,3,7,16.1,0.02797693705431795,-0.5495713134254809
2620260322010003,西武園競輪,3R,21:20,1-2,1,2,4.7,0.09546297609638911,-0.5513240123469711
2620260322010009,西武園競輪,9R,23:20,2-4,2,4,6.4,0.06991344789827868,-0.5525539334510164
2220260320030002,前橋競輪,2R,16:16,2-5,2,5,8.6,0.05186531964974977,-0.553958251012152
4720260322010008,松阪競輪,8R,23:10,1-4,1,4,6.7,0.0664049208389569,-0.5550870303789888
6320260319040005,防府競輪,5R,12:35,7-9,7,9,14.0,0.031593871162404495,-0.557685803726337
2620260322010002,西武園競輪,2R,21:00,6-7,6,7,68.2,0.0064846622776479936,-0.5577460326644068
2220260320030008,前橋競輪,8R,18:43,5-6,5,6,10.1,0.04377087417632276,-0.5579141708191402
8720260320030003,熊本競輪,3R,11:47,1-2,1,2,11.2,0.03942184779583264,-0.5584753046866745
4320260322010006,岐阜競輪,6R,18:06,4-5,4,5,5.9,0.07474065898581679,-0.5590301119836809
4320260322010002,岐阜競輪,2R,16:22,3-7,3,7,5.7,0.0773145089626753,-0.5593072989127508
2220260320030009,前橋競輪,9R,19:09,4-7,4,7,7.3,0.06027271958690167,-0.5600091470156179
2220260320030004,前橋競輪,4R,17:06,2-4,2,4,7.0,0.06225318566760642,-0.5642277003267551
4720260322010007,松阪競輪,7R,22:50,3-6,3,6,27.0,0.016105181403223347,-0.5651601021129696
6320260319040009,防府競輪,9R,14:40,2-4,2,4,6.8,0.06348413543062818,-0.5683078790717284
2820260322010001,立川競輪,1R,08:50,1-3,1,3,5.1,0.08454504919519643,-0.5688202491044982
2820260322010003,立川競輪,3R,09:31,3-5,3,5,21.0,0.02050486116510092,-0.5693979155328808
8720260320030010,熊本競輪,10R,14:55,1-7,1,7,6.3,0.06828390316488117,-0.5698114100612486
4320260322010011,岐阜競輪,11R,20:16,4-7,4,7,7.3,0.05892666373329385,-0.5698353547469549
4720260322010002,松阪競輪,2R,21:10,2-6,2,6,6.4,0.06684152886344842,-0.57221421527393
4320260322010011,岐阜競輪,11R,20:16,3-4,3,4,6.7,0.06384820906942831,-0.5722169992348303
2620260322010005,西武園競輪,5R,22:00,2-6,2,6,7.8,0.054007610473229856,-0.5787406383088072
2220260320030005,前橋競輪,5R,17:30,5-7,5,7,7.2,0.058505466222428096,-0.5787606431985177
8720260320030011,熊本競輪,11R,15:30,1-7,1,7,9.1,0.046287021423164265,-0.5787881050492052
4720260322010006,松阪競輪,6R,22:30,2-4,2,4,10.2,0.04124633210489116,-0.5792874125301102
6320260319040007,防府競輪,7R,13:35,5-8,5,8,23.1,0.018117171441073773,-0.5814933397111959
2220260320030012,前橋競輪,12R,20:30,2-4,2,4,6.3,0.06625222594125264,-0.5826109765701084
2820260322010001,立川競輪,1R,08:50,3-6,3,6,8.9,0.04657893339002544,-0.5854474928287736
8720260320030007,熊本競輪,7R,13:40,3-5,3,5,6.8,0.060923789101148595,-0.5857182341121896
6320260319040002,防府競輪,2R,11:10,2-4,2,4,17.9,0.023092029692283966,-0.586652668508117
4320260322010006,岐阜競輪,6R,18:06,3-4,3,4,5.9,0.06984057153137618,-0.5879406279648804
2220260320030002,前橋競輪,2R,16:16,4-6,4,6,12.5,0.03283555795402173,-0.5895555255747283
6320260319040001,防府競輪,1R,10:45,7-8,7,8,14.2,0.02887037326578338,-0.590040699625876
4720260322010009,松阪競輪,9R,23:30,2-6,2,6,6.0,0.06824981868833281,-0.5905010878700031
6320260319040010,防府競輪,10R,15:15,5-6,5,6,15.7,0.025944687549257835,-0.592668405476652
4720260322010006,松阪競輪,6R,22:30,1-6,1,6,10.2,0.03990217967505193,-0.5929977673144704
4320260322010003,岐阜競輪,3R,16:54,1-7,1,7,6.9,0.05875297809490518,-0.5946044511451543
6320260319040011,防府競輪,11R,15:50,1-4,1,4,10.3,0.039209672832308015,-0.5961403698272274
4320260322010002,岐阜競輪,2R,16:22,2-7,2,7,4.8,0.08392884922252332,-0.597141523731888
6320260319040011,防府競輪,11R,15:50,1-2,1,2,5.1,0.07899050469949861,-0.597148426032557
6320260319040004,防府競輪,4R,12:05,2-9,2,9,9.4,0.04225308890088123,-0.6028209643317164
4320260322010009,岐阜競輪,9R,19:22,4-7,4,7,9.8,0.04045445117225944,-0.6035463785118576
4720260322010005,松阪競輪,5R,22:10,2-3,2,3,6.9,0.05735766858853904,-0.6042320867390807
4720260322010009,松阪競輪,9R,23:30,3-7,3,7,12.8,0.030746470273804078,-0.6064451804953077
6320260319040010,防府競輪,10R,15:15,2-4,2,4,16.9,0.02328448439795125,-0.6064922136746239
4320260322010004,岐阜競輪,4R,17:18,1-7,1,7,4.3,0.09077991216803405,-0.6096463776774537
6320260319040003,防府競輪,3R,11:35,6-8,6,8,73.9,0.005267989068211002,-0.610695607859207
6320260319040010,防府競輪,10R,15:15,2-5,2,5,5.7,0.06814719594202548,-0.6115609831304547
2620260322010003,西武園競輪,3R,21:20,1-4,1,4,19.1,0.02024402398122419,-0.613339141958618
4720260322010007,松阪競輪,7R,22:50,1-3,1,3,5.4,0.07123444585081799,-0.6153339924055827
2220260320030008,前橋競輪,8R,18:43,1-2,1,2,19.5,0.01964965391090208,-0.6168317487374095
2620260322010006,西武園競輪,6R,22:20,2-4,2,4,17.6,0.021690801583470348,-0.6182418921309218
2220260320030006,前橋競輪,6R,17:54,1-3,1,3,3.8,0.10032561918194181,-0.6187626471086212
4720260322010008,松阪競輪,8R,23:10,2-3,2,3,9.0,0.04233378550976062,-0.6189959304121544
2220260320030001,前橋競輪,1R,15:42,1-3,1,3,4.0,0.09445024177720948,-0.6221990328911621
8720260320030011,熊本競輪,11R,15:30,1-3,1,3,6.9,0.05465426243870403,-0.6228855891729421
8720260320030005,熊本競輪,5R,12:42,4-6,4,6,4.7,0.07934816323654614,-0.6270636327882331
6320260319040004,防府競輪,4R,12:05,4-9,4,9,19.7,0.018774858013370248,-0.6301352971366061
2620260322010003,西武園競輪,3R,21:20,3-6,3,6,12.7,0.028865121642411767,-0.6334129551413705
6320260319040001,防府競輪,1R,10:45,2-8,2,8,19.9,0.01841364711941907,-0.6335684223235605
8720260320030001,熊本競輪,1R,11:00,1-6,1,6,13.8,0.02644624193300557,-0.6350418613245231
4320260322010003,岐阜競輪,3R,16:54,1-2,1,2,3.3,0.11006360346755648,-0.6367901085570636
2620260322010001,西武園競輪,1R,20:40,2-3,2,3,5.8,0.06241776074527043,-0.6379769876774315
2220260320030003,前橋競輪,3R,16:42,3-4,3,4,7.6,0.04716023229607703,-0.6415822345498146
2220260320030005,前橋競輪,5R,17:30,2-7,2,7,5.6,0.06392982993730927,-0.6419929523510681
2220260320030011,前橋競輪,11R,20:02,2-5,2,5,5.1,0.07014499830000037,-0.6422605086699982
6320260319040012,防府競輪,12R,16:30,3-7,3,7,4.9,0.07146971809067898,-0.6497983813556729
4320260322010010,岐阜競輪,10R,19:48,2-4,2,4,11.4,0.03069813468351488,-0.6500412646079303
2220260320030012,前橋競輪,12R,20:30,1-7,1,7,7.1,0.04916778264593933,-0.6509087432138307
4320260322010001,岐阜競輪,1R,15:57,2-4,2,4,4.2,0.0830401956736155,-0.6512311781708149
4320260322010001,岐阜競輪,1R,15:57,1-5,1,5,5.2,0.06690102924530329,-0.6521146479244229
6320260319040005,防府競輪,5R,12:35,2-8,2,8,25.8,0.013351520682460354,-0.6555307663925228
2220260320030007,前橋競輪,7R,18:18,2-7,2,7,10.2,0.03370056367427379,-0.6562542505224074
2220260320030007,前橋競輪,7R,18:18,1-2,1,2,10.2,0.033596405238132704,-0.6573166665710464
4720260322010009,松阪競輪,9R,23:30,2-4,2,4,4.8,0.07136501476654106,-0.657447929120603
2220260320030010,前橋競輪,10R,19:35,1-2,1,2,23.3,0.014589853338131578,-0.6600564172215342
6320260319040004,防府競輪,4R,12:05,2-5,2,5,6.8,0.049925366070536624,-0.660507510720351
6320260319040012,防府競輪,12R,16:30,4-7,4,7,11.9,0.028488823205186933,-0.6609830038582755
6320260319040012,防府競輪,12R,16:30,1-8,1,8,30.9,0.010840497615719832,-0.6650286236742572
4320260322010008,岐阜競輪,8R,18:56,1-2,1,2,17.7,0.018790586186960383,-0.6674066244908012
2820260322010001,立川競輪,1R,08:50,1-7,1,7,7.2,0.0459447501224192,-0.6691977991185818
6320260319040002,防府競輪,2R,11:10,4-6,4,6,21.8,0.01512370231260058,-0.6703032895853074
4320260322010010,岐阜競輪,10R,19:48,1-4,1,4,4.2,0.07772956777582618,-0.6735358153415301
2220260320030005,前橋競輪,5R,17:30,3-7,3,7,6.1,0.05339036295155067,-0.674318785995541
6320260319040001,防府競輪,1R,10:45,1-8,1,8,21.3,0.015246701515137108,-0.6752452577275796
2620260322010009,西武園競輪,9R,23:20,3-6,3,6,17.8,0.01803648655122127,-0.6789505393882613
6320260319040003,防府競輪,3R,11:35,2-6,2,6,30.0,0.010567847486684424,-0.6829645753994673
2220260320030005,前橋競輪,5R,17:30,3-5,3,5,8.7,0.036030812595643995,-0.6865319304178973
6320260319040011,防府競輪,11R,15:50,4-8,4,8,33.7,0.009251419287856756,-0.6882271699992273
6320260319040003,防府競輪,3R,11:35,3-6,3,6,30.1,0.01034768821979105,-0.6885345845842894
4720260322010002,松阪競輪,2R,21:10,2-5,2,5,6.4,0.048420840416167676,-0.6901066213365268
2220260320030001,前橋競輪,1R,15:42,2-7,2,7,9.6,0.031826724031188205,-0.6944634493005932
2620260322010002,西武園競輪,2R,21:00,2-6,2,6,34.1,0.008935211630111238,-0.6953092834132069
6320260319040003,防府競輪,3R,11:35,6-7,6,7,18.1,0.01654106712922856,-0.700606684960963
6320260319040004,防府競輪,4R,12:05,3-6,3,6,15.8,0.018721465759713306,-0.7042008409965297
8720260320030012,熊本競輪,12R,16:10,3-5,3,5,5.9,0.049796868629883306,-0.7061984750836885
2220260320030011,前橋競輪,11R,20:02,3-7,3,7,7.4,0.0396659023964739,-0.7064723222660931
2220260320030002,前橋競輪,2R,16:16,5-6,5,6,6.1,0.048052682335854496,-0.7068786377512876
2620260322010003,西武園競輪,3R,21:20,1-3,1,3,4.2,0.06920106009613888,-0.7093555475962167
2220260320030011,前橋競輪,11R,20:02,2-3,2,3,4.4,0.06593675575555162,-0.7098782746755729
6320260319040001,防府競輪,1R,10:45,3-7,3,7,5.3,0.054576484240334455,-0.7107446335262274
8720260320030003,熊本競輪,3R,11:47,1-7,1,7,10.0,0.028858493380151264,-0.7114150661984874
8720260320030005,熊本競輪,5R,12:42,4-7,4,7,4.4,0.06532935759762454,-0.712550826570452
8720260320030011,熊本競輪,11R,15:30,3-4,3,4,4.9,0.05817654210159877,-0.714934943702166
4720260322010009,松阪競輪,9R,23:30,5-6,5,6,5.1,0.05528998324989752,-0.7180210854255227
6320260319040010,防府競輪,10R,15:15,2-6,2,6,15.4,0.01825950756011497,-0.7188035835742295
4320260322010010,岐阜競輪,10R,19:48,3-4,3,4,4.5,0.06198296165357582,-0.7210766725589088
6320260319040010,防府競輪,10R,15:15,1-5,1,5,3.9,0.07144143399997649,-0.7213784074000917
4720260322010006,松阪競輪,6R,22:30,3-4,3,4,7.6,0.03654973504173396,-0.7222220136828219
2620260322010001,西武園競輪,1R,20:40,1-2,1,2,2.3,0.12054417792112734,-0.7227483907814072
6320260319040001,防府競輪,1R,10:45,2-6,2,6,15.3,0.01778127884481298,-0.7279464336743614
6320260319040012,防府競輪,12R,16:30,2-7,2,7,4.9,0.055118238251452484,-0.7299206325678829
2620260322010002,西武園競輪,2R,21:00,1-2,1,2,2.4,0.11162633758634503,-0.7320967897927719
8720260320030007,熊本競輪,7R,13:40,3-4,3,4,3.9,0.06839618083342193,-0.7332548947496544
6320260319040011,防府競輪,11R,15:50,3-4,3,4,16.2,0.016225697216944616,-0.7371437050854972
6320260319040005,防府競輪,5R,12:35,4-7,4,7,9.8,0.02680204792555239,-0.7373399303295866
2220260320030010,前橋競輪,10R,19:35,3-7,3,7,6.1,0.04298259634225578,-0.7378061623122398
8720260320030008,熊本競輪,8R,14:03,3-7,3,7,12.3,0.021167773808299623,-0.7396363821579146
8720260320030011,熊本競輪,11R,15:30,2-3,2,3,3.2,0.08120385475343989,-0.7401476647889924
6320260319040005,防府競輪,5R,12:35,1-5,1,5,4.6,0.0561401888269199,-0.7417551313961686
2620260322010009,西武園競輪,9R,23:20,3-4,3,4,5.4,0.047308927414840926,-0.744531791959859
4720260322010007,松阪競輪,7R,22:50,1-6,1,6,6.7,0.03792097293688956,-0.7459294813228399
6320260319040008,防府競輪,8R,14:10,3-6,3,6,46.8,0.005290504496039277,-0.7524043895853618
6320260319040004,防府競輪,4R,12:05,1-9,1,9,12.1,0.020404143893400194,-0.7531098588898577
2220260320030007,前橋競輪,7R,18:18,3-5,3,5,3.0,0.08200864554854798,-0.7539740633543561
4720260322010002,松阪競輪,2R,21:10,2-7,2,7,6.4,0.0381030326560473,-0.7561405910012973
4720260322010007,松阪競輪,7R,22:50,1-2,1,2,2.0,0.1191760938606962,-0.7616478122786076
4320260322010009,岐阜競輪,9R,19:22,3-5,3,5,2.6,0.09160807111444873,-0.7618190151024333
4720260322010006,松阪競輪,6R,22:30,1-3,1,3,2.7,0.08661764141749198,-0.7661323681727716
6320260319040009,防府競輪,9R,14:40,1-4,1,4,3.5,0.06653886379488369,-0.7671139767179072
6320260319040012,防府競輪,12R,16:30,1-7,1,7,8.7,0.026715808374006215,-0.7675724671461459
6320260319040011,防府競輪,11R,15:50,1-7,1,7,3.5,0.06536227269164412,-0.7712320455792456
4720260322010008,松阪競輪,8R,23:10,1-2,1,2,2.2,0.10190088517860324,-0.7758180526070728
6320260319040012,防府競輪,12R,16:30,7-8,7,8,11.4,0.019402001775985257,-0.7788171797537681
6320260319040004,防府競輪,4R,12:05,6-8,6,8,27.4,0.007933004859488623,-0.7826356668500117
2820260322010001,立川競輪,1R,08:50,3-5,3,5,2.5,0.08674821094555084,-0.7831294726361229
2220260320030005,前橋競輪,5R,17:30,2-3,2,3,5.3,0.04029524507935509,-0.786435201079418
2620260322010009,西武園競輪,9R,23:20,4-5,4,5,4.4,0.048346053604460884,-0.7872773641403721
6320260319040009,防府競輪,9R,14:40,1-2,1,2,3.0,0.07018083865490052,-0.7894574840352985
2220260320030009,前橋競輪,9R,19:09,2-7,2,7,3.1,0.06786324497174807,-0.7896239405875809
2220260320030001,前橋競輪,1R,15:42,3-5,3,5,3.6,0.05825217894315436,-0.7902921558046443
4720260322010005,松阪競輪,5R,22:10,5-7,5,7,34.5,0.00603453168391436,-0.7918086569049546
4320260322010007,岐阜競輪,7R,18:30,3-7,3,7,2.7,0.07560945152543859,-0.7958544808813158
2820260322010002,立川競輪,2R,09:10,1-5,1,5,2.4,0.08402839611983393,-0.7983318493123985
6320260319040008,防府競輪,8R,14:10,1-9,1,9,2.1,0.09519964540098808,-0.800080744657925
2620260322010002,西武園競輪,2R,21:00,3-6,3,6,34.1,0.005838483842837857,-0.800907700959229
2220260320030004,前橋競輪,4R,17:06,1-4,1,4,3.6,0.0550697883030175,-0.801748762109137
4720260322010005,松阪競輪,5R,22:10,1-3,1,3,2.1,0.09340771648372348,-0.8038437953841807
6320260319040004,防府競輪,4R,12:05,7-9,7,9,3.3,0.05909153689572033,-0.8049979282441229
8720260320030012,熊本競輪,12R,16:10,5-6,5,6,20.9,0.00930297004800221,-0.8055679259967539
4320260322010010,岐阜競輪,10R,19:48,4-7,4,7,4.7,0.041333755995768454,-0.8057313468198882
8720260320030008,熊本競輪,8R,14:03,1-5,1,5,2.3,0.08220316012162013,-0.8109327317202737
2620260322010003,西武園競輪,3R,21:20,2-3,2,3,6.3,0.029966535465532497,-0.8112108265671453
4320260322010001,岐阜競輪,1R,15:57,5-7,5,7,4.8,0.03927091826079078,-0.8114995923482042
6320260319040003,防府競輪,3R,11:35,3-8,3,8,22.7,0.008256696236370958,-0.8125729954343792
6320260319040007,防府競輪,7R,13:35,4-7,4,7,6.6,0.027835410586616816,-0.816286290128329
2820260322010003,立川競輪,3R,09:31,1-7,1,7,1.6,0.11277648180547553,-0.8195576291112392
2220260320030003,前橋競輪,3R,16:42,1-4,1,4,1.4,0.12570527793675387,-0.8240126108885446
6320260319040005,防府競輪,5R,12:35,3-6,3,6,10.6,0.016586119165669218,-0.8241871368439063
8720260320030007,熊本競輪,7R,13:40,3-7,3,7,1.8,0.09720285978840636,-0.8250348523808686
8720260320030009,熊本競輪,9R,14:25,2-4,2,4,2.0,0.08688079966510183,-0.8262384006697964
2220260320030002,前橋競輪,2R,16:16,4-5,4,5,2.7,0.06403447573678664,-0.827106915510676
2220260320030012,前橋競輪,12R,20:30,3-6,3,6,4.8,0.03552741885225987,-0.8294683895091526
8720260320030002,熊本競輪,2R,11:23,2-4,2,4,2.4,0.07055183293933853,-0.8306756009455876
6320260319040002,防府競輪,2R,11:10,2-8,2,8,8.5,0.019917659831135016,-0.8306998914353524
8720260320030003,熊本競輪,3R,11:47,4-5,4,5,2.0,0.08392751787496075,-0.8321449642500784
2220260320030004,前橋競輪,4R,17:06,4-5,4,5,2.1,0.07804510601845122,-0.8361052773612525
2220260320030002,前橋競輪,2R,16:16,2-4,2,4,4.3,0.03640898662354147,-0.8434413575187717
6320260319040006,防府競輪,6R,13:05,1-5,1,5,5.7,0.02728941877073971,-0.8444503130067836
4320260322010003,岐阜競輪,3R,16:54,2-4,2,4,2.4,0.06435365074179197,-0.8455512382196992
8720260320030006,熊本競輪,6R,13:12,5-7,5,7,1.3,0.11803416505482406,-0.8465555854287288
2820260322010005,立川競輪,5R,10:13,3-7,3,7,1.0,0.15166503550904803,-0.8483349644909519
6320260319040008,防府競輪,8R,14:10,2-8,2,8,7.7,0.01948262322097652,-0.8499838011984808
8720260320030001,熊本競輪,1R,11:00,1-4,1,4,2.9,0.051569531620621875,-0.8504483583001966
8720260320030004,熊本競輪,4R,12:12,1-5,1,5,1.4,0.10507620510018259,-0.8528933128597443
6320260319040007,防府競輪,7R,13:35,2-4,2,4,6.3,0.023239159974973205,-0.8535932921576688
2820260322010002,立川競輪,2R,09:10,1-4,1,4,2.8,0.0522654414763394,-0.8536567638662497
4320260322010006,岐阜競輪,6R,18:06,4-6,4,6,1.7,0.08528430588899014,-0.8550166799887168
6320260319040007,防府競輪,7R,13:35,1-6,1,6,7.2,0.020099703303034275,-0.8552821362181532
2620260322010005,西武園競輪,5R,22:00,2-3,2,3,1.9,0.07334470711289895,-0.8606450564854919
8720260320030012,熊本競輪,12R,16:10,3-6,3,6,2.0,0.06867775479060997,-0.86264449041878
2220260320030006,前橋競輪,6R,17:54,2-5,2,5,3.5,0.039033734290438035,-0.8633819299834669
2620260322010008,西武園競輪,8R,23:00,1-2,1,2,1.0,0.13633362588010764,-0.8636663741198923
4320260322010004,岐阜競輪,4R,17:18,1-4,1,4,1.5,0.08787426452300118,-0.8681886032154982
4320260322010008,岐阜競輪,8R,18:56,3-5,3,5,1.7,0.0762118540438448,-0.8704398481254638
4720260322010003,松阪競輪,3R,21:30,1-2,1,2,1.4,0.09080102413491625,-0.8728785662111173
2820260322010007,立川競輪,7R,10:55,3-7,3,7,1.1,0.11210108829993104,-0.8766888028700759
2820260322010004,立川競輪,4R,09:52,4-7,4,7,1.1,0.11096438865113784,-0.8779391724837484
6320260319040010,防府競輪,10R,15:15,2-8,2,8,7.0,0.01635329614035417,-0.8855269270175208
4320260322010002,岐阜競輪,2R,16:22,2-4,2,4,2.3,0.04969546229225957,-0.885700436727803
6320260319040006,防府競輪,6R,13:05,3-7,3,7,7.3,0.014934436572686201,-0.8909786130193907
6320260319040002,防府競輪,2R,11:10,4-9,4,9,4.5,0.024166431033862255,-0.8912510603476198
2820260322010006,立川競輪,6R,10:34,2-7,2,7,1.0,0.10425994152761167,-0.8957400584723884
4720260322010001,松阪競輪,1R,20:50,1-2,1,2,1.0,0.10354368357029836,-0.8964563164297017
4320260322010005,岐阜競輪,5R,17:42,2-7,2,7,1.0,0.10278584503937788,-0.8972141549606221
4720260322010004,松阪競輪,4R,21:50,1-2,1,2,1.0,0.10204072844053907,-0.8979592715594609
2620260322010007,西武園競輪,7R,22:40,1-4,1,4,1.0,0.1000049853463984,-0.8999950146536015
8720260320030010,熊本競輪,10R,14:55,2-7,2,7,1.2,0.0786846989266096,-0.9055783612880685
6320260319040001,防府競輪,1R,10:45,8-9,8,9,4.4,0.02082732904004868,-0.9083597522237858
2620260322010004,西武園競輪,4R,21:40,1-2,1,2,1.0,0.08788792442862203,-0.912112075571378
2620260322010003,西武園競輪,3R,21:20,2-4,2,4,7.6,0.009920519663043335,-0.9246040505608707
6320260319040003,防府競輪,3R,11:35,2-7,2,7,2.5,0.028081570923942596,-0.9297960726901435
2620260322010003,西武園競輪,3R,21:20,3-4,3,4,12.7,0.00543665381509794,-0.9309544965482561
2620260322010006,西武園競輪,6R,22:20,2-3,2,3,1.3,0.049802310978387394,-0.9352569957280964
