race_id,競輪場,レース番号,開始時間,買い目,a,b,odds,p,EV
4320260314030002,岐阜競輪,2R,11:37,6-7,6,7,443.2,0.054811176198317255,23.292313291094207
7420260316010001,高知競輪,1R,20:40,4-6,4,6,571.5,0.03592538743509341,19.531358919155885
6120260316010010,玉野競輪,10R,19:40,4-5,4,5,327.7,0.058912068216094696,18.30548475441423
3120260316010001,松戸競輪,1R,20:50,3-7,3,7,405.0,0.04719447045961228,18.113760536142973
7420260316010002,高知競輪,2R,21:00,2-6,2,6,380.2,0.04826001688368597,17.348458419177405
7420260316010002,高知競輪,2R,21:00,2-7,2,7,380.2,0.046247468478265996,16.58328751543673
3120260316010001,松戸競輪,1R,20:50,4-7,4,7,405.0,0.03800227290253197,14.390920525525448
5320260314030010,奈良競輪,10R,15:21,4-5,4,5,410.1,0.03245837846493625,12.311181008470358
8720260314030002,熊本競輪,2R,09:10,2-4,2,4,143.3,0.09094652181743756,12.032636576438804
5320260314030010,奈良競輪,10R,15:21,5-6,5,6,300.7,0.04252270157323874,11.786576363072887
5320260314030010,奈良競輪,10R,15:21,2-6,2,6,410.1,0.029668813580914846,11.167180449533179
3620260316010004,小田原競輪,4R,12:17,1-6,1,6,256.1,0.047117273351480235,11.066733705314089
3620260316010004,小田原競輪,4R,12:17,6-7,6,7,229.2,0.04891649752699039,10.211661233186197
3620260316010002,小田原競輪,2R,11:29,4-6,4,6,279.5,0.03978056654944323,10.118668350569383
7420260316010002,高知競輪,2R,21:00,3-6,3,6,380.2,0.02887278674004816,9.97743351856631
5320260314030010,奈良競輪,10R,15:21,4-6,4,6,410.1,0.02573212431777472,9.552744182719412
3620260316010003,小田原競輪,3R,11:53,6-7,6,7,292.3,0.03535154990384119,9.333258036892781
3620260316010008,小田原競輪,8R,14:03,1-6,1,6,204.6,0.04858724403137393,8.940950128819106
3620260316010008,小田原競輪,8R,14:03,4-6,4,6,232.5,0.04079775813837889,8.485478767173092
5320260314030010,奈良競輪,10R,15:21,2-5,2,5,250.6,0.03734731905360264,8.359238154832822
4320260314030002,岐阜競輪,2R,11:37,1-6,1,6,106.9,0.08432312490806951,8.01414205267263
3120260316010008,松戸競輪,8R,23:10,2-4,2,4,132.7,0.0664174977570504,7.813601952360587
3120260316010006,松戸競輪,6R,22:30,1-2,1,2,96.7,0.09023765138483794,7.7259808889138295
5320260314030003,奈良競輪,3R,12:09,3-4,3,4,203.1,0.04247839348431338,7.627361716664046
3120260316010002,松戸競輪,2R,21:10,3-6,3,6,234.0,0.0357105502543468,7.356268759517151
6120260316010004,玉野競輪,4R,17:15,1-6,1,6,265.1,0.03131376208620707,7.3012783290534955
7420260316010001,高知競輪,1R,20:40,5-6,5,6,285.7,0.028981683561789817,7.28006699360335
6120260316010003,玉野競輪,3R,16:51,6-7,6,7,153.2,0.05336354415156667,7.175294964020013
5320260314030010,奈良競輪,10R,15:21,2-4,2,4,410.1,0.019766110305053528,7.106081836102453
6120260316010002,玉野競輪,2R,16:27,1-7,1,7,185.2,0.04349690585193592,7.055626963778533
3120260316010001,松戸競輪,1R,20:50,2-7,2,7,135.0,0.05840117829231199,6.884159069462119
6120260316010002,玉野競輪,2R,16:27,6-7,6,7,259.3,0.030391497222536864,6.880515229803809
5320260314030008,奈良競輪,8R,14:21,2-5,2,5,111.3,0.07053295595598354,6.850317997900968
7420260316010002,高知競輪,2R,21:00,4-5,4,5,190.1,0.04071103213837858,6.7391672095057675
8720260314030004,熊本競輪,4R,09:52,2-6,2,6,132.6,0.057743090916738384,6.6567338555595095
3620260316010004,小田原競輪,4R,12:17,2-6,2,6,229.2,0.0328896778262639,6.538314157779685
8720260314030003,熊本競輪,3R,09:31,1-6,1,6,135.0,0.05532167760268353,6.468426476362276
3620260316010003,小田原競輪,3R,11:53,4-6,4,6,182.6,0.04081017421520844,6.451937811697061
3120260316010001,松戸競輪,1R,20:50,3-6,3,6,135.0,0.05404652483532797,6.296280852769276
3620260316010003,小田原競輪,3R,11:53,5-6,5,6,219.2,0.033055136210201244,6.245685857276112
8720260314030001,熊本競輪,1R,08:50,2-6,2,6,68.6,0.10542842955393324,6.232390267399819
6120260316010003,玉野競輪,3R,16:51,4-7,4,7,269.7,0.026388654223454815,6.117020044065764
6120260316010004,玉野競輪,4R,17:15,2-6,2,6,189.4,0.03750704635251314,6.103834579165989
3120260316010002,松戸競輪,2R,21:10,3-7,3,7,234.0,0.03021793182202462,6.070996046353761
7420260316010001,高知競輪,1R,20:40,3-6,3,6,190.5,0.03680499110532522,6.011350805564455
8720260314030002,熊本競輪,2R,09:10,1-2,1,2,84.5,0.08147401681738017,5.884554421068625
7420260316010001,高知競輪,1R,20:40,4-7,4,7,190.5,0.03592234639736239,5.843206988697535
3120260316010001,松戸競輪,1R,20:50,6-7,6,7,202.5,0.033250136991394036,5.733152740757292
5320260314030004,奈良競輪,4R,12:33,5-6,5,6,122.2,0.05419597045699529,5.622747589844825
3620260316010004,小田原競輪,4R,12:17,5-7,5,7,229.2,0.028472348944112325,5.525862377990545
3620260316010011,小田原競輪,11R,15:33,3-4,3,4,122.9,0.05242000720901626,5.442418885988099
3620260316010008,小田原競輪,8R,14:03,1-2,1,2,83.8,0.07647021605849494,5.408204105701875
3120260316010008,松戸競輪,8R,23:10,2-7,2,7,132.7,0.04785758813092879,5.35070194497425
8720260314030002,熊本競輪,2R,09:10,2-3,2,3,137.4,0.046161879157322616,5.3426421962161275
7420260316010001,高知競輪,1R,20:40,3-5,3,5,190.5,0.03328845908042017,5.341451454820042
3120260316010008,松戸競輪,8R,23:10,3-4,3,4,132.7,0.047027779459998774,5.240586334341836
3620260316010003,小田原競輪,3R,11:53,3-6,3,6,93.2,0.06683992787529675,5.229481277977657
7420260316010002,高知競輪,2R,21:00,2-5,2,5,95.0,0.06554199801203303,5.226489811143138
3620260316010004,小田原競輪,4R,12:17,3-7,3,7,150.1,0.04094196133925947,5.145388397022845
3620260316010011,小田原競輪,11R,15:33,2-5,2,5,213.3,0.028684339348134767,5.118369582957146
7420260316010001,高知競輪,1R,20:40,6-7,6,7,190.5,0.03177777467428948,5.053666075452146
3620260316010009,小田原競輪,9R,14:31,5-6,5,6,179.3,0.033576480555181795,5.020262963544096
3620260316010008,小田原競輪,8R,14:03,2-6,2,6,341.1,0.01756658475165106,4.991962058788177
5320260314030010,奈良競輪,10R,15:21,4-7,4,7,161.1,0.03711904007316151,4.979877355786319
3620260316010004,小田原競輪,4R,12:17,1-7,1,7,108.8,0.05489482818103514,4.972557306096623
4320260314030005,岐阜競輪,5R,12:51,1-6,1,6,81.2,0.07144099052914463,4.801008430966544
6120260316010002,玉野競輪,2R,16:27,1-3,1,3,112.7,0.05103150108305408,4.751250172060194
3620260316010004,小田原競輪,4R,12:17,2-3,2,3,197.9,0.02884553344369902,4.708531068508036
5320260314030009,奈良競輪,9R,14:51,3-7,3,7,201.0,0.028284612896448125,4.685207192186073
6120260316010004,玉野競輪,4R,17:15,1-3,1,3,189.4,0.030006320878578484,4.683197174402765
7420260316010002,高知競輪,2R,21:00,5-6,5,6,190.1,0.029672971098992064,4.640831805918391
3120260316010002,松戸競輪,2R,21:10,2-6,2,6,117.0,0.04820481795169629,4.639963700348465
8720260314030005,熊本競輪,5R,10:13,3-6,3,6,175.4,0.03211234229450777,4.632504838456662
8720260314030002,熊本競輪,2R,09:10,2-6,2,6,178.2,0.03142754648902285,4.600388784343871
3620260316010010,小田原競輪,10R,15:01,4-6,4,6,220.9,0.02531841430205684,4.592837719324356
3620260316010004,小田原競輪,4R,12:17,1-2,1,2,140.4,0.03941592899073556,4.533996430299273
7420260316010001,高知競輪,1R,20:40,5-7,5,7,190.5,0.029004216987513494,4.52530333612132
3620260316010011,小田原競輪,11R,15:33,2-3,2,3,131.9,0.041867874898393685,4.522372699098128
3620260316010011,小田原競輪,11R,15:33,2-6,2,6,201.5,0.027144213344404616,4.46955898889753
7420260316010002,高知競輪,2R,21:00,3-5,3,5,126.7,0.04301441013144901,4.44992576365459
3620260316010004,小田原競輪,4R,12:17,5-6,5,6,256.1,0.021275347319604836,4.448616448550799
4320260314030010,岐阜競輪,10R,15:11,4-6,4,6,99.7,0.05446370252859246,4.430031142100668
3620260316010001,小田原競輪,1R,11:05,1-6,1,6,88.1,0.06108397884381191,4.381498536139829
5320260314030010,奈良競輪,10R,15:21,1-4,1,4,107.4,0.049916261853457974,4.361006523061387
3620260316010011,小田原競輪,11R,15:33,3-6,3,6,168.7,0.03161888543464079,4.334105972823901
7420260316010002,高知競輪,2R,21:00,5-7,5,7,190.1,0.02782193482295546,4.288949809843833
3120260316010001,松戸競輪,1R,20:50,1-7,1,7,81.0,0.06524602107097024,4.28492770674859
7420260316010001,高知競輪,1R,20:40,3-7,3,7,142.8,0.03680618511618839,4.255923234591703
3120260316010002,松戸競輪,2R,21:10,2-5,2,5,117.0,0.04489882827767996,4.253162908488555
3620260316010012,小田原競輪,12R,16:09,5-7,5,7,127.2,0.041158829782421635,4.235403148324032
8720260314030007,熊本競輪,7R,10:55,2-3,2,3,99.2,0.052240150856621474,4.182222964976851
3120260316010006,松戸競輪,6R,22:30,1-6,1,6,96.7,0.05355068304258801,4.178351050218261
5320260314030003,奈良競輪,3R,12:09,2-3,2,3,120.3,0.04289384151086854,4.160129133757485
8720260314030003,熊本競輪,3R,09:31,1-3,1,3,73.5,0.06995243913970661,4.141504276768436
3620260316010008,小田原競輪,8R,14:03,6-7,6,7,284.2,0.01782149219307513,4.0648680812719515
3120260316010002,松戸競輪,2R,21:10,2-7,2,7,117.0,0.04319699133038575,4.054047985655133
3620260316010010,小田原競輪,10R,15:01,5-6,5,6,127.6,0.039410066538285785,4.028724490285266
4320260314030009,岐阜競輪,9R,14:41,6-7,6,7,100.1,0.050098213588941884,4.014831180253083
3120260316010001,松戸競輪,1R,20:50,1-6,1,6,67.5,0.0740548336466155,3.9987012711465457
3620260316010001,小田原競輪,1R,11:05,5-6,5,6,162.2,0.0307219962200381,3.983107786890179
5320260314030008,奈良競輪,8R,14:21,1-2,1,2,122.4,0.04068718632988912,3.9801116067784292
6120260316010002,玉野競輪,2R,16:27,3-6,3,6,144.0,0.03457747116478697,3.9791558477293236
3620260316010011,小田原競輪,11R,15:33,3-7,3,7,87.4,0.05684456472096593,3.9682149566124227
7420260316010001,高知競輪,1R,20:40,2-7,2,7,95.2,0.05209128860505775,3.959090675201498
5320260314030008,奈良競輪,8R,14:21,2-3,2,3,144.0,0.03434177754906217,3.945215967064952
3120260316010002,松戸競輪,2R,21:10,4-6,4,6,117.0,0.042255136199493185,3.943850935340703
5320260314030006,奈良競輪,6R,13:27,4-7,4,7,199.8,0.02473697392314538,3.942447389844447
8720260314030006,熊本競輪,6R,10:34,4-6,4,6,119.4,0.04132668756219941,3.93440649492661
3620260316010006,小田原競輪,6R,13:09,3-6,3,6,213.1,0.02314651438693681,3.932522215856234
3620260316010010,小田原競輪,10R,15:01,3-6,3,6,61.7,0.0798180018086937,3.924770711596401
3120260316010006,松戸競輪,6R,22:30,4-7,4,7,96.7,0.050790808671046794,3.911471198490225
3620260316010011,小田原競輪,11R,15:33,6-7,6,7,127.2,0.03846183108419363,3.8923449139094304
6120260316010003,玉野競輪,3R,16:51,3-6,3,6,143.4,0.03391411865385239,3.863284614962433
8720260314030001,熊本競輪,1R,08:50,1-2,1,2,47.8,0.10047108501207591,3.8025178635772283
6120260316010004,玉野競輪,4R,17:15,1-4,1,4,100.0,0.04786499674712451,3.7864996747124504
3620260316010011,小田原競輪,11R,15:33,4-5,4,5,129.5,0.03680042750580863,3.7656553620022173
3120260316010008,松戸競輪,8R,23:10,2-5,2,5,132.7,0.03590658315898946,3.7648035851979005
5320260314030008,奈良競輪,8R,14:21,2-4,2,4,84.4,0.056211620175987104,3.744260742853312
8720260314030006,熊本競輪,6R,10:34,3-6,3,6,157.9,0.02995383604899663,3.7297107121365682
6120260316010004,玉野競輪,4R,17:15,1-2,1,2,74.6,0.06328057104365784,3.720730599856874
8720260314030005,熊本競輪,5R,10:13,4-6,4,6,75.2,0.06261634042635288,3.708748800061737
7420260316010002,高知競輪,2R,21:00,1-7,1,7,95.0,0.049155174299967005,3.669741558496866
5320260314030010,奈良競輪,10R,15:21,6-7,6,7,98.0,0.04744706755215186,3.6498126201108825
6120260316010003,玉野競輪,3R,16:51,2-3,2,3,134.8,0.03445798562719428,3.6449364625457896
4320260314030010,岐阜競輪,10R,15:11,6-7,6,7,145.5,0.03190303737396865,3.6418919379124386
4320260314030008,岐阜競輪,8R,14:12,5-6,5,6,61.4,0.07559216319902608,3.6413588204202014
5320260314030003,奈良競輪,3R,12:09,2-5,2,5,108.3,0.04240537228633032,3.5925018186095734
4320260314030001,岐阜競輪,1R,11:13,6-7,6,7,75.8,0.06023090678133265,3.5655027340250145
8720260314030007,熊本競輪,7R,10:55,6-7,6,7,130.7,0.03485559798278308,3.555626656349748
4320260314030008,岐阜競輪,8R,14:12,2-6,2,6,146.3,0.03095038047780809,3.528040663903324
5320260314030010,奈良競輪,10R,15:21,3-4,3,4,136.7,0.033098956156795464,3.5246273066339393
3620260316010007,小田原競輪,7R,13:36,3-4,3,4,222.4,0.020317297584917487,3.518566982885649
6120260316010004,玉野競輪,4R,17:15,5-6,5,6,71.6,0.06303045201682564,3.512980364404715
5320260314030009,奈良競輪,9R,14:51,3-6,3,6,86.1,0.05233460585562131,3.506009564168995
4320260314030005,岐阜競輪,5R,12:51,5-6,5,6,146.9,0.030405626150040947,3.4665864814410154
8720260314030003,熊本競輪,3R,09:31,5-6,5,6,120.3,0.037033153702652866,3.4550883904291396
3120260316010001,松戸競輪,1R,20:50,4-6,4,6,101.2,0.04380520461651409,3.433086707191226
3120260316010008,松戸競輪,8R,23:10,1-6,1,6,66.3,0.06639108814453057,3.4017291439823767
7420260316010001,高知競輪,1R,20:40,1-5,1,5,81.6,0.05360492056587978,3.3741615181757902
6120260316010009,玉野競輪,9R,19:15,4-6,4,6,90.5,0.04828880345804707,3.3701367129532596
3620260316010007,小田原競輪,7R,13:36,6-7,6,7,108.7,0.03994863771708869,3.3424169198475404
3620260316010011,小田原競輪,11R,15:33,4-6,4,6,125.0,0.03471819434980909,3.339774293726136
5320260314030008,奈良競輪,8R,14:21,2-7,2,7,153.0,0.028220891607771477,3.3177964159890356
5320260314030005,奈良競輪,5R,13:00,1-4,1,4,118.8,0.03619704342119481,3.300208758437944
3120260316010008,松戸競輪,8R,23:10,1-7,1,7,66.3,0.06421675223543058,3.257570673209047
3620260316010009,小田原競輪,9R,14:31,1-4,1,4,172.7,0.024489620319590986,3.229357429193363
5320260314030009,奈良競輪,9R,14:51,5-6,5,6,129.2,0.03273150218007259,3.2289100816653784
8720260314030001,熊本競輪,1R,08:50,4-6,4,6,170.6,0.024787707072339446,3.228782826541109
4320260314030005,岐阜競輪,5R,12:51,6-7,6,7,90.9,0.04652003686274786,3.228671350823781
6120260316010004,玉野競輪,4R,17:15,6-7,6,7,230.5,0.018140993797957153,3.1814990704291235
8720260314030005,熊本競輪,5R,10:13,1-6,1,6,166.9,0.024868063429255332,3.150479786342715
3620260316010009,小田原競輪,9R,14:31,3-6,3,6,137.1,0.030261974800621372,3.14891674516519
5320260314030002,奈良競輪,2R,11:45,2-6,2,6,58.8,0.07052875213326915,3.147090625436226
3620260316010008,小田原競輪,8R,14:03,2-4,2,4,62.3,0.06627721080794584,3.1290702333350255
5320260314030005,奈良競輪,5R,13:00,3-4,3,4,103.2,0.039928007678986764,3.120570392471434
5320260314030004,奈良競輪,4R,12:33,3-6,3,6,46.0,0.08897446263016862,3.092825280987756
4320260314030007,岐阜競輪,7R,13:45,1-6,1,6,98.1,0.04166879550971976,3.0877088395035086
8720260314030003,熊本競輪,3R,09:31,4-6,4,6,300.7,0.013577986109124071,3.0829004230136077
4320260314030006,岐阜競輪,6R,13:18,6-7,6,7,63.3,0.06446141725255562,3.080407712086771
3620260316010006,小田原競輪,6R,13:09,3-4,3,4,95.6,0.0425214193018298,3.065047685254929
8720260314030003,熊本競輪,3R,09:31,6-7,6,7,157.5,0.0258006621496809,3.0636042885747417
3620260316010009,小田原競輪,9R,14:31,4-6,4,6,233.2,0.017407180218145298,3.059354426871483
5320260314030011,奈良競輪,11R,15:57,3-7,3,7,66.6,0.060842385874441074,3.0521028992377754
4320260314030002,岐阜競輪,2R,11:37,5-6,5,6,193.9,0.020887461785270442,3.0500788401639385
6120260316010010,玉野競輪,10R,19:40,1-5,1,5,65.5,0.061823451793917295,3.0494360925015824
6120260316010003,玉野競輪,3R,16:51,3-7,3,7,99.1,0.04045470235466317,3.00906100334712
6120260316010001,玉野競輪,1R,16:03,3-6,3,6,79.0,0.05052097906709531,2.9911573463005294
5320260314030007,奈良競輪,7R,13:54,5-6,5,6,183.5,0.02171246345877379,2.9842370446849906
4320260314030009,岐阜競輪,9R,14:41,3-6,3,6,96.3,0.041252251065295856,2.972591777587991
8720260314030003,熊本競輪,3R,09:31,3-4,3,4,213.4,0.018605432840128087,2.9703993680833336
7420260316010008,高知競輪,8R,23:00,2-4,2,4,60.7,0.0649746122516921,2.9439589636777104
6120260316010004,玉野競輪,4R,17:15,3-4,3,4,147.3,0.026675197214175272,2.929256549648018
3620260316010003,小田原競輪,3R,11:53,1-6,1,6,274.0,0.014309208183902685,2.9207230423893358
5320260314030010,奈良競輪,10R,15:21,3-6,3,6,90.2,0.043407834832326304,2.915386701875833
6120260316010003,玉野競輪,3R,16:51,4-6,4,6,198.3,0.019721780387589958,2.910829050859089
5320260314030010,奈良競輪,10R,15:21,2-3,2,3,102.5,0.038089325338314606,2.9041558471772473
4320260314030009,岐阜競輪,9R,14:41,4-6,4,6,91.1,0.042829972326901236,2.9018104789807024
5320260314030008,奈良競輪,8R,14:21,1-6,1,6,111.3,0.034966577739499974,2.891780102406347
3620260316010009,小田原競輪,9R,14:31,6-7,6,7,72.8,0.05344894175005481,2.89108295940399
5320260314030004,奈良競輪,4R,12:33,4-5,4,5,98.4,0.03931653149457498,2.868746699066178
3620260316010011,小田原競輪,11R,15:33,5-6,5,6,201.5,0.019193770426190714,2.867544740877429
6120260316010003,玉野競輪,3R,16:51,5-6,5,6,118.3,0.03267501770661495,2.8654545946925483
8720260314030001,熊本競輪,1R,08:50,1-4,1,4,135.8,0.02843609168647524,2.861621251023338
3620260316010011,小田原競輪,11R,15:33,5-7,5,7,94.2,0.04089067352075549,2.8519014456551672
3620260316010002,小田原競輪,2R,11:29,2-6,2,6,176.5,0.021757578565733276,2.840212616851923
4320260314030010,岐阜競輪,10R,15:11,4-5,4,5,101.6,0.03765140368371435,2.8253826142653775
5320260314030009,奈良競輪,9R,14:51,6-7,6,7,258.4,0.014687827551982693,2.7953346394323275
5320260314030007,奈良競輪,7R,13:54,5-7,5,7,82.5,0.04597959530995825,2.7933166130715557
8720260314030003,熊本競輪,3R,09:31,2-6,2,6,101.8,0.037182152820071306,2.785143157083259
3620260316010009,小田原競輪,9R,14:31,1-3,1,3,95.1,0.03974499848203937,2.7797493556419437
3620260316010002,小田原競輪,2R,11:29,1-6,1,6,93.1,0.04042548131696399,2.7636123106093473
5320260314030001,奈良競輪,1R,11:21,1-2,1,2,108.2,0.0346967069263366,2.75418368942962
5320260314030009,奈良競輪,9R,14:51,1-7,1,7,124.7,0.029989742691638423,2.7397209136473113
4320260314030007,岐阜競輪,7R,13:45,2-6,2,6,54.0,0.06907907917117648,2.7302702752435297
4320260314030010,岐阜競輪,10R,15:11,1-6,1,6,70.8,0.05220253275439708,2.6959393190113135
3620260316010010,小田原競輪,10R,15:01,6-7,6,7,302.4,0.012142694666488006,2.6719508671459726
5320260314030001,奈良競輪,1R,11:21,2-4,2,4,90.9,0.040388253818239184,2.671292272077942
8720260314030003,熊本競輪,3R,09:31,1-4,1,4,63.6,0.057662872442900644,2.667358687368481
8720260314030004,熊本競輪,4R,09:52,1-2,1,2,40.4,0.09024315021705874,2.645823268769173
3120260316010008,松戸競輪,8R,23:10,1-4,1,4,44.2,0.082172460949064,2.632022773948629
4320260314030004,岐阜競輪,4R,12:25,2-6,2,6,97.6,0.037192342235081,2.6299726021439054
4320260314030003,岐阜競輪,3R,12:01,2-6,2,6,107.1,0.03387532572076535,2.6280473846939687
3620260316010001,小田原競輪,1R,11:05,6-7,6,7,139.8,0.025937975822518503,2.626129019988087
3620260316010006,小田原競輪,6R,13:09,2-6,2,6,66.0,0.05476934399318911,2.6147767035504814
5320260314030009,奈良競輪,9R,14:51,4-6,4,6,82.2,0.0438792784253479,2.6068766865635977
6120260316010004,玉野競輪,4R,17:15,3-6,3,6,331.4,0.010853580433102698,2.5968765555302338
3620260316010001,小田原競輪,1R,11:05,2-3,2,3,130.8,0.027491445195318272,2.59588103154763
3620260316010007,小田原競輪,7R,13:36,4-6,4,6,233.0,0.015428737547472362,2.5948958485610603
3620260316010010,小田原競輪,10R,15:01,1-6,1,6,140.1,0.025646810059391786,2.593118089320789
5320260314030007,奈良競輪,7R,13:54,2-5,2,5,84.7,0.04220878205076076,2.5750838396994364
5320260314030007,奈良競輪,7R,13:54,3-6,3,6,103.2,0.03461738653599798,2.572514290514992
4320260314030007,岐阜競輪,7R,13:45,4-6,4,6,209.1,0.017013263522740147,2.557473402604965
5320260314030006,奈良競輪,6R,13:27,4-6,4,6,94.0,0.03779239060915921,2.552484717260966
4320260314030012,岐阜競輪,12R,16:21,2-3,2,3,75.2,0.0470130258805172,2.5353795462148936
8720260314030007,熊本競輪,7R,10:55,4-6,4,6,187.2,0.018840001549229855,2.5268482900158284
6120260316010002,玉野競輪,2R,16:27,2-7,2,7,92.6,0.03788595040778296,2.508239007760702
5320260314030006,奈良競輪,6R,13:27,1-4,1,4,106.6,0.032761526295619764,2.492378703113067
3120260316010008,松戸競輪,8R,23:10,1-3,1,3,44.2,0.07848504649865423,2.4690390552405175
3120260316010008,松戸競輪,8R,23:10,2-6,2,6,66.3,0.05220001679282003,2.4608611133639675
8720260314030003,熊本競輪,3R,09:31,3-5,3,5,72.7,0.047526815000094605,2.455199450506878
6120260316010011,玉野競輪,11R,20:05,4-6,4,6,103.0,0.03337620435530808,2.437749048596732
3620260316010008,小田原競輪,8R,14:03,2-3,2,3,124.7,0.027341410116075982,2.409473841474675
3620260316010011,小田原競輪,11R,15:33,1-6,1,6,65.3,0.05202467748357855,2.397211439677679
4320260314030004,岐阜競輪,4R,12:25,6-7,6,7,69.0,0.04909429244452722,2.387506178672378
8720260314030005,熊本競輪,5R,10:13,2-3,2,3,75.2,0.04471116964256952,2.362279957121228
3620260316010007,小田原競輪,7R,13:36,4-7,4,7,125.4,0.02676744409552387,2.3566374895786937
3120260316010006,松戸競輪,6R,22:30,2-5,2,5,96.7,0.03431400737169193,2.3181645128426096
4320260314030008,岐阜競輪,8R,14:12,6-7,6,7,160.5,0.020644012858038074,2.313364063715111
5320260314030001,奈良競輪,1R,11:21,5-6,5,6,40.6,0.0814165985086714,2.305513899452059
3120260316010006,松戸競輪,6R,22:30,2-4,2,4,48.3,0.06821082417340533,2.2945828075754773
3620260316010012,小田原競輪,12R,16:09,4-5,4,5,47.6,0.06906514592221044,2.287500945897217
4320260314030007,岐阜競輪,7R,13:45,4-7,4,7,98.1,0.03349718636525211,2.286073982431232
8720260314030005,熊本競輪,5R,10:13,6-7,6,7,190.1,0.017280908195950198,2.2851006480501326
4320260314030012,岐阜競輪,12R,16:21,3-6,3,6,106.3,0.030645506788510773,2.257617371618695
5320260314030011,奈良競輪,11R,15:57,3-4,3,4,143.9,0.02263598431908964,2.2573181435169993
3620260316010001,小田原競輪,1R,11:05,2-5,2,5,62.4,0.05204387663075337,2.24753790175901
4320260314030002,岐阜競輪,2R,11:37,4-6,4,6,517.1,0.006277005313563143,2.2458394476435015
5320260314030002,奈良競輪,2R,11:45,4-6,4,6,109.9,0.029502070248607192,2.2422775203219305
3120260316010008,松戸競輪,8R,23:10,1-5,1,5,66.3,0.04879378605460685,2.235028015420434
6120260316010010,玉野競輪,10R,19:40,3-5,3,5,81.9,0.0393765241466798,2.224937327613076
4320260314030012,岐阜競輪,12R,16:21,2-6,2,6,134.0,0.024057294105183293,2.2236774100945613
6120260316010012,玉野競輪,12R,20:30,1-2,1,2,51.7,0.062206855564611044,2.216094432690391
3120260316010002,松戸競輪,2R,21:10,3-4,3,4,58.5,0.05489418622586678,2.2113098942132066
5320260314030003,奈良競輪,3R,12:09,2-4,2,4,48.5,0.06558685808050942,2.1809626169047065
3620260316010010,小田原競輪,10R,15:01,2-4,2,4,78.7,0.04010105564995873,2.155953079651752
6120260316010003,玉野競輪,3R,16:51,3-4,3,4,204.3,0.015444178172331641,2.1552456006073544
4320260314030007,岐阜競輪,7R,13:45,2-4,2,4,57.9,0.0544519220238854,2.1527662851829645
5320260314030009,奈良競輪,9R,14:51,2-6,2,6,72.3,0.04340193519297399,2.137959914452019
6120260316010002,玉野競輪,2R,16:27,1-4,1,4,86.4,0.0359744716381558,2.1081943495366615
3620260316010004,小田原競輪,4R,12:17,2-5,2,5,207.3,0.014979351671353265,2.105219601471532
3620260316010003,小田原競輪,3R,11:53,1-4,1,4,82.7,0.03723409084308332,2.079259312722991
4320260314030002,岐阜競輪,2R,11:37,2-6,2,6,134.9,0.02281950344031225,2.0783510140981227
5320260314030007,奈良競輪,7R,13:54,4-5,4,5,45.2,0.06794761064551569,2.071232001177309
6120260316010001,玉野競輪,1R,16:03,2-6,2,6,79.0,0.03862088997247853,2.0510503078258036
3620260316010010,小田原競輪,10R,15:01,1-2,1,2,73.6,0.04136235505519221,2.044269332062146
4320260314030005,岐阜競輪,5R,12:51,3-6,3,6,123.2,0.024582332774238574,2.0285433977861924
6120260316010004,玉野競輪,4R,17:15,4-7,4,7,89.8,0.03352087772137689,2.0101748193796447
8720260314030007,熊本競輪,7R,10:55,2-5,2,5,135.0,0.022294212946677675,2.009718747801486
3620260316010006,小田原競輪,6R,13:09,4-6,4,6,137.8,0.021833194886300367,2.0086142553321906
5320260314030010,奈良競輪,10R,15:21,2-7,2,7,70.4,0.042582824809564886,1.9978308665933682
3620260316010010,小田原競輪,10R,15:01,2-7,2,7,119.7,0.02486335798907152,1.9761439512918613
5320260314030005,奈良競輪,5R,13:00,1-3,1,3,78.4,0.03781579878627621,1.964758624844055
4320260314030002,岐阜競輪,2R,11:37,3-6,3,6,258.5,0.011461349622141341,1.9627588773235365
8720260314030006,熊本競輪,6R,10:34,1-3,1,3,62.7,0.04722411476875322,1.9609519960008268
3620260316010009,小田原競輪,9R,14:31,3-5,3,5,91.4,0.03229375359236256,1.9516490783419385
4320260314030005,岐阜競輪,5R,12:51,1-5,1,5,46.5,0.06301511480319442,1.9302028383485408
7420260316010001,高知競輪,1R,20:40,1-6,1,6,51.9,0.056319625658406015,1.9229885716712722
8720260314030005,熊本競輪,5R,10:13,5-6,5,6,78.6,0.037105015809851566,1.916454242654333
4320260314030003,岐阜競輪,3R,12:01,5-6,5,6,50.2,0.058015293599878934,1.9123677387139226
3620260316010009,小田原競輪,9R,14:31,2-6,2,6,40.5,0.07174231396596042,1.9055637156213971
3620260316010010,小田原競輪,10R,15:01,2-5,2,5,50.8,0.05701085647164894,1.896151508759766
4320260314030010,岐阜競輪,10R,15:11,1-5,1,5,80.3,0.03605587164719097,1.8952864932694347
6120260316010009,玉野競輪,9R,19:15,1-4,1,4,40.2,0.07187345404854528,1.8893128527515204
5320260314030007,奈良競輪,7R,13:54,2-6,2,6,122.3,0.02353170687593728,1.8779277509271295
4320260314030012,岐阜競輪,12R,16:21,1-3,1,3,54.8,0.05235521775127837,1.8690659327700545
3620260316010006,小田原競輪,6R,13:09,5-6,5,6,151.2,0.018971115561623217,1.86843267291743
3620260316010004,小田原競輪,4R,12:17,2-7,2,7,69.1,0.041451131056349226,1.8642731559937311
4320260314030001,岐阜競輪,1R,11:13,2-4,2,4,67.8,0.042161277905255354,1.8585346419763127
5320260314030007,奈良競輪,7R,13:54,6-7,6,7,110.1,0.025937549871290877,1.8557242408291255
6120260316010007,玉野競輪,7R,18:27,6-7,6,7,36.0,0.07911635569226627,1.8481888049215858
6120260316010002,玉野競輪,2R,16:27,4-6,4,6,129.6,0.021969571856273656,1.8472565125730656
3120260316010009,松戸競輪,9R,23:30,3-7,3,7,87.7,0.03231261705562381,1.8338165157782087
3620260316010010,小田原競輪,10R,15:01,3-7,3,7,49.1,0.05766397991079196,1.8313014136198853
8720260314030003,熊本競輪,3R,09:31,4-5,4,5,76.0,0.037249026011366045,1.8309259768638193
4320260314030009,岐阜競輪,9R,14:41,1-6,1,6,141.8,0.01989230268415664,1.8207285206134118
3620260316010006,小田原競輪,6R,13:09,4-7,4,7,93.7,0.02992948988505694,1.8043932022298357
4320260314030007,岐阜競輪,7R,13:45,4-5,4,5,160.3,0.017474614482755044,1.8011807015856336
3620260316010012,小田原競輪,12R,16:09,2-5,2,5,43.4,0.06451608944035049,1.7999982817112112
5320260314030008,奈良競輪,8R,14:21,5-6,5,6,42.9,0.06506567324241261,1.7913173820995008
8720260314030006,熊本競輪,6R,10:34,5-6,5,6,82.9,0.03357067994725807,1.7830093676276944
3620260316010001,小田原競輪,1R,11:05,3-6,3,6,193.1,0.014382999371362245,1.7773571786100493
3120260316010008,松戸競輪,8R,23:10,2-3,2,3,44.2,0.06242897169910798,1.759360549100573
4320260314030003,岐阜競輪,3R,12:01,3-4,3,4,79.3,0.034580755972035915,1.742253948582448
4320260314030005,岐阜競輪,5R,12:51,4-5,4,5,50.9,0.05380250083752783,1.7385472926301664
6120260316010008,玉野競輪,8R,18:51,5-6,5,6,56.2,0.04865139581242861,1.734208444658488
6120260316010003,玉野競輪,3R,16:51,2-6,2,6,60.2,0.045396547602066586,1.7328721656444088
3620260316010009,小田原競輪,9R,14:31,3-4,3,4,166.5,0.01639127193307307,1.7291467768566662
6120260316010011,玉野競輪,11R,20:05,3-4,3,4,44.1,0.06178036741857022,1.724514203158947
4320260314030002,岐阜競輪,2R,11:37,5-7,5,7,36.9,0.0735413869184059,1.7136771772891772
3620260316010008,小田原競輪,8R,14:03,2-5,2,5,83.8,0.032367084280621995,1.712361662716123
8720260314030006,熊本競輪,6R,10:34,6-7,6,7,153.0,0.017696746450423545,1.7076022069148022
4320260314030007,岐阜競輪,7R,13:45,6-7,6,7,62.4,0.04327984426456902,1.7006622821091066
4320260314030012,岐阜競輪,12R,16:21,1-2,1,2,61.0,0.04417357533462782,1.6945880954122967
8720260314030003,熊本競輪,3R,09:31,2-3,2,3,56.5,0.04766024501033963,1.6928038430841892
4320260314030002,岐阜競輪,2R,11:37,3-5,3,5,124.1,0.02166726745757403,1.6889078914849374
3620260316010006,小田原競輪,6R,13:09,1-3,1,3,45.5,0.05907866248588721,1.6880791431078679
4320260314030007,岐阜競輪,7R,13:45,3-6,3,6,100.2,0.026729279062044795,1.6782737620168886
7420260316010003,高知競輪,3R,21:20,2-5,2,5,49.5,0.05405607324425157,1.675775625590453
6120260316010012,玉野競輪,12R,20:30,2-6,2,6,62.1,0.04307994893004547,1.6752648285558238
5320260314030007,奈良競輪,7R,13:54,1-6,1,6,132.1,0.02023083683539767,1.6724935459560322
5320260314030005,奈良競輪,5R,13:00,1-2,1,2,50.9,0.052355873139589705,1.664913942805116
4320260314030006,岐阜競輪,6R,13:18,3-5,3,5,77.2,0.03444907234963129,1.659468385391536
4320260314030004,岐阜競輪,4R,12:25,3-6,3,6,99.5,0.026722011752432436,1.6588401693670276
5320260314030004,奈良競輪,4R,12:33,6-7,6,7,136.3,0.019505528341867497,1.6586035129965402
7420260316010008,高知競輪,8R,23:00,2-5,2,5,60.7,0.04360105389908222,1.646583971674291
5320260314030008,奈良競輪,8R,14:21,6-7,6,7,128.8,0.020533360051849303,1.6446967746781906
4320260314030002,岐阜競輪,2R,11:37,2-7,2,7,36.9,0.07144597177966525,1.6363563586696475
4320260314030006,岐阜競輪,6R,13:18,1-6,1,6,68.8,0.03811734095177669,1.6224730574822361
4320260314030010,岐阜競輪,10R,15:11,5-7,5,7,119.6,0.021903423124054095,1.6196494056368698
8720260314030001,熊本競輪,1R,08:50,1-5,1,5,31.4,0.08334756666379271,1.617113593243091
5320260314030004,奈良競輪,4R,12:33,4-6,4,6,84.3,0.031025971381410243,1.6154893874528833
6120260316010004,玉野競輪,4R,17:15,4-6,4,6,93.0,0.027955395149978742,1.5998517489480228
3620260316010009,小田原競輪,9R,14:31,4-7,4,7,79.0,0.03288556917873958,1.597959965120427
4320260314030005,岐阜競輪,5R,12:51,5-7,5,7,63.6,0.04081442419574871,1.595797378849618
3120260316010008,松戸競輪,8R,23:10,4-6,4,6,66.3,0.0390883939819822,1.59156052100542
4320260314030001,岐阜競輪,1R,11:13,2-7,2,7,35.0,0.07359053026034842,1.575668559112195
8720260314030002,熊本競輪,2R,09:10,2-5,2,5,29.0,0.08873188154206182,1.5732245647197929
6120260316010006,玉野競輪,6R,18:03,2-7,2,7,63.0,0.04082890787992578,1.5722211964353243
8720260314030006,熊本競輪,6R,10:34,2-6,2,6,32.8,0.07815924766552165,1.56362332342911
6120260316010003,玉野競輪,3R,16:51,1-4,1,4,47.4,0.0539369405086058,1.5566109801079149
3620260316010002,小田原競輪,2R,11:29,5-6,5,6,145.8,0.017509430410996122,1.5528749539232347
6120260316010002,玉野競輪,2R,16:27,1-6,1,6,72.0,0.03544308811372254,1.551902344188023
3620260316010001,小田原競輪,1R,11:05,3-7,3,7,86.2,0.02954773476468876,1.547014736716171
8720260314030007,熊本競輪,7R,10:55,5-6,5,6,222.6,0.011441907766981858,1.5469686689301616
8720260314030004,熊本競輪,4R,09:52,2-5,2,5,25.5,0.09981533170192491,1.5452909583990855
4320260314030006,岐阜競輪,6R,13:18,2-3,2,3,102.1,0.02491880051006643,1.5442095320777827
7420260316010002,高知競輪,2R,21:00,3-4,3,4,63.3,0.04011538369666227,1.5393037879987213
8720260314030002,熊本競輪,2R,09:10,1-6,1,6,62.2,0.04068827858770982,1.5308109281555509
3620260316010002,小田原競輪,2R,11:29,3-7,3,7,51.6,0.049024785578774877,1.5296789358647835
3620260316010002,小田原競輪,2R,11:29,1-3,1,3,60.9,0.041379570780535016,1.5200158605345826
4320260314030006,岐阜競輪,6R,13:18,2-6,2,6,102.1,0.02462965966792002,1.5146882520946336
4320260314030006,岐阜競輪,6R,13:18,5-6,5,6,72.0,0.03490163502607731,1.512917721877566
6120260316010002,玉野競輪,2R,16:27,2-6,2,6,76.2,0.03294465505415168,1.510382715126358
5320260314030009,奈良競輪,9R,14:51,3-5,3,5,45.2,0.055449843481728545,1.5063329253741302
5320260314030004,奈良競輪,4R,12:33,3-4,3,4,36.1,0.06921360582488026,1.4986111702781773
3620260316010012,小田原競輪,12R,16:09,4-7,4,7,51.2,0.04855629961355654,1.4860825402140954
6120260316010012,玉野競輪,12R,20:30,1-4,1,4,93.2,0.026574339194613467,1.476728412937975
3620260316010003,小田原競輪,3R,11:53,2-7,2,7,66.4,0.03712070513420425,1.4648148209111622
8720260314030005,熊本競輪,5R,10:13,2-7,2,7,79.5,0.031001852040409787,1.4646472372125778
5320260314030002,奈良競輪,2R,11:45,2-5,2,5,22.7,0.1084385758167406,1.4615556710400117
4320260314030004,岐阜競輪,4R,12:25,4-6,4,6,101.5,0.024210975160058854,1.457413978745974
3620260316010007,小田原競輪,7R,13:36,1-6,1,6,34.2,0.07175918999861025,1.4541642979524707
8720260314030007,熊本競輪,7R,10:55,3-6,3,6,80.7,0.030397937169181783,1.45311352955297
5320260314030011,奈良競輪,11R,15:57,2-3,2,3,66.6,0.036726102918618775,1.4459584543800101
8720260314030006,熊本競輪,6R,10:34,3-5,3,5,78.9,0.03093945213123895,1.4411227731547531
4320260314030006,岐阜競輪,6R,13:18,3-7,3,7,39.1,0.06239327992810015,1.4395772451887159
5320260314030003,奈良競輪,3R,12:09,3-7,3,7,56.0,0.0434493914965666,1.4331659238077297
3620260316010001,小田原競輪,1R,11:05,3-5,3,5,71.1,0.034115577956509345,1.4256175927078143
3120260316010006,松戸競輪,6R,22:30,1-4,1,4,32.2,0.07515623633286617,1.4200308099182908
8720260314030001,熊本競輪,1R,08:50,3-6,3,6,75.6,0.0318828353094647,1.4103423493955312
3620260316010012,小田原競輪,12R,16:09,1-5,1,5,78.5,0.03070372233404503,1.410242203222535
6120260316010002,玉野競輪,2R,16:27,5-6,5,6,35.5,0.0675053689097713,1.3964405962968809
7420260316010008,高知競輪,8R,23:00,1-7,1,7,30.3,0.07892788186151775,1.3915148204039878
3620260316010002,小田原競輪,2R,11:29,3-6,3,6,304.9,0.007829926506713462,1.3873445918969343
6120260316010001,玉野競輪,1R,16:03,5-6,5,6,58.8,0.04042722711903522,1.3771209545992709
4320260314030007,岐阜競輪,7R,13:45,3-5,3,5,84.3,0.0281583336801958,1.373747529240506
7420260316010009,高知競輪,9R,23:20,2-4,2,4,47.2,0.05008085149240986,1.3638161904417454
5320260314030005,奈良競輪,5R,13:00,2-4,2,4,41.7,0.056682185632539434,1.3636471408768944
3620260316010003,小田原競輪,3R,11:53,2-4,2,4,54.8,0.04306490622655358,1.359956861215136
5320260314030011,奈良競輪,11R,15:57,4-7,4,7,37.7,0.062390029209049,1.3521041011811477
4320260314030006,岐阜競輪,6R,13:18,4-6,4,6,54.6,0.04288932853337206,1.3417573379221146
5320260314030003,奈良競輪,3R,12:09,1-3,1,3,56.0,0.041736776880485,1.33725950530716
3120260316010006,松戸競輪,6R,22:30,2-6,2,6,48.3,0.04836919303500053,1.3362320235905254
3620260316010005,小田原競輪,5R,12:42,3-4,3,4,87.8,0.026597236742182274,1.3352373859636035
4320260314030007,岐阜競輪,7R,13:45,2-3,2,3,32.0,0.07291684422076886,1.3333390150646034
6120260316010011,玉野競輪,11R,20:05,6-7,6,7,154.5,0.015087585049701605,1.331031890178898
4320260314030006,岐阜競輪,6R,13:18,1-3,1,3,62.1,0.03745500685420309,1.3259559256460118
6120260316010003,玉野競輪,3R,16:51,3-5,3,5,91.1,0.0254941228743185,1.3225145938504155
8720260314030007,熊本競輪,7R,10:55,1-2,1,2,47.0,0.0493516656735824,1.3195282866583726
4320260314030005,岐阜競輪,5R,12:51,3-5,3,5,109.1,0.021246109411250165,1.317950536767393
3620260316010001,小田原競輪,1R,11:05,2-6,2,6,98.9,0.023428614372541748,1.317089961444379
6120260316010001,玉野競輪,1R,16:03,3-7,3,7,81.3,0.028494504032366377,1.3166031778313863
4320260314030001,岐阜競輪,1R,11:13,1-2,1,2,75.8,0.030466622192818534,1.3093699622156447
8720260314030001,熊本競輪,1R,08:50,5-6,5,6,26.7,0.08629893805204991,1.3041816459897326
7420260316010001,高知競輪,1R,20:40,1-7,1,7,40.8,0.05620582480591894,1.2931976520814925
4320260314030011,岐阜競輪,11R,15:45,6-7,6,7,114.6,0.01994981296075371,1.2862485653023752
3620260316010010,小田原競輪,10R,15:01,2-6,2,6,64.5,0.03543577498552031,1.28560748656606
7420260316010002,高知競輪,2R,21:00,2-3,2,3,34.5,0.06624323684513969,1.2853916711573192
8720260314030006,熊本競輪,6R,10:34,4-5,4,5,55.0,0.04145722863288374,1.2801475748086055
8720260314030004,熊本競輪,4R,09:52,4-6,4,6,146.2,0.015481998410703605,1.263468167644867
3620260316010004,小田原競輪,4R,12:17,3-6,3,6,65.0,0.034821826713676965,1.2634187363890028
5320260314030004,奈良競輪,4R,12:33,2-6,2,6,57.1,0.039281809718604156,1.2429913349322974
8720260314030007,熊本競輪,7R,10:55,2-4,2,4,65.9,0.03400842536204812,1.2411552313589715
6120260316010004,玉野競輪,4R,17:15,1-7,1,7,60.2,0.0372050199172372,1.2397421990176798
6120260316010010,玉野競輪,10R,19:40,2-3,2,3,54.6,0.04099385161027829,1.2382642979211949
6120260316010007,玉野競輪,7R,18:27,5-6,5,6,72.0,0.031006258163031118,1.2324505877382403
4320260314030007,岐阜競輪,7R,13:45,3-4,3,4,111.8,0.019943092682780134,1.2296377619348187
6120260316010004,玉野競輪,4R,17:15,1-5,1,5,24.4,0.09122416300270875,1.2258695772660935
8720260314030004,熊本競輪,4R,09:52,3-6,3,6,61.9,0.03592016124980452,1.2234579813629
3620260316010003,小田原競輪,3R,11:53,1-2,1,2,125.2,0.01775661768554766,1.2231285342305669
8720260314030006,熊本競輪,6R,10:34,1-4,1,4,37.0,0.060057870849636805,1.2221412214365617
3620260316010001,小田原競輪,1R,11:05,2-4,2,4,61.4,0.03613623316051226,1.218764716055453
3620260316010004,小田原競輪,4R,12:17,1-3,1,3,55.8,0.039680492035037096,1.21417145555507
5320260314030011,奈良競輪,11R,15:57,2-6,2,6,56.0,0.03937202014153842,1.2048331279261517
6120260316010007,玉野競輪,7R,18:27,2-6,2,6,41.1,0.05360655827334803,1.203229545034604
7420260316010004,高知競輪,4R,21:40,1-3,1,3,27.7,0.07953445295735374,1.2031043469186988
5320260314030002,奈良競輪,2R,11:45,4-5,4,5,37.1,0.059185255601020684,1.1957729827978674
5320260314030006,奈良競輪,6R,13:27,4-5,4,5,31.9,0.06881791264682535,1.1952914134337287
3120260316010006,松戸競輪,6R,22:30,1-7,1,7,32.2,0.06812097787502977,1.1934954875759587
4320260314030005,岐阜競輪,5R,12:51,2-6,2,6,97.9,0.022332954777193416,1.1863962726872357
3620260316010007,小田原競輪,7R,13:36,3-6,3,6,69.9,0.031195876996861244,1.1805918020806012
5320260314030003,奈良競輪,3R,12:09,3-5,3,5,104.8,0.020787095681148105,1.1784876273843214
5320260314030005,奈良競輪,5R,13:00,2-3,2,3,37.7,0.05775264600022895,1.1772747542086313
3620260316010010,小田原競輪,10R,15:01,2-3,2,3,23.7,0.09161428653474388,1.1712585908734297
6120260316010012,玉野競輪,12R,20:30,4-5,4,5,66.5,0.0325969687257375,1.167698420261544
6120260316010005,玉野競輪,5R,17:39,1-4,1,4,43.3,0.04966884281117867,1.1506608937240363
5320260314030003,奈良競輪,3R,12:09,2-7,2,7,31.5,0.06820873186247256,1.1485750536678858
3620260316010002,小田原競輪,2R,11:29,6-7,6,7,44.7,0.04799257302798242,1.145268014350814
3620260316010009,小田原競輪,9R,14:31,1-7,1,7,33.3,0.0643632325274503,1.1432956431640946
7420260316010009,高知競輪,9R,23:20,2-6,2,6,47.2,0.04528347284281423,1.137379918180832
4320260314030010,岐阜競輪,10R,15:11,3-6,3,6,64.8,0.03298149669283037,1.137200985695408
4320260314030008,岐阜競輪,8R,14:12,3-6,3,6,32.7,0.06506750073282543,1.1277072739633915
8720260314030006,熊本競輪,6R,10:34,3-7,3,7,122.4,0.017323456694141055,1.1203910993628652
4320260314030001,岐阜競輪,1R,11:13,1-6,1,6,87.3,0.024192542733498353,1.112008980634406
4320260314030001,岐阜競輪,1R,11:13,2-6,2,6,97.2,0.021674724643541553,1.106783235352239
4320260314030008,岐阜競輪,8R,14:12,2-3,2,3,26.8,0.07858640166489439,1.1061155646191696
6120260316010009,玉野競輪,9R,19:15,1-6,1,6,72.4,0.02899060258758759,1.0989196273413415
3620260316010012,小田原競輪,12R,16:09,1-4,1,4,57.6,0.03642585708728237,1.0981293682274647
6120260316010008,玉野競輪,8R,18:51,2-5,2,5,35.1,0.05974999900279285,1.0972249649980292
6120260316010001,玉野競輪,1R,16:03,1-7,1,7,64.3,0.03261270102080513,1.0969966756377696
7420260316010009,高知競輪,9R,23:20,4-6,4,6,47.2,0.04442443864489136,1.0968335040388721
3620260316010011,小田原競輪,11R,15:33,2-4,2,4,46.8,0.04465331195512497,1.0897749994998485
3620260316010003,小田原競輪,3R,11:53,2-3,2,3,31.0,0.06728995692526012,1.0859886646830637
3620260316010007,小田原競輪,7R,13:36,2-4,2,4,70.9,0.029339749518057272,1.0801882408302608
8720260314030005,熊本競輪,5R,10:13,1-2,1,2,54.7,0.03794481611974739,1.0755814417501823
4320260314030003,岐阜競輪,3R,12:01,4-6,4,6,96.7,0.021417357154636565,1.071058436853356
4320260314030011,岐阜競輪,11R,15:45,2-6,2,6,66.9,0.030949008770063458,1.0704886867172454
5320260314030008,奈良競輪,8R,14:21,4-6,4,6,42.2,0.04893738154206946,1.0651575010753316
4320260314030011,岐阜競輪,11R,15:45,5-7,5,7,72.1,0.028624209051174597,1.0638054725896882
6120260316010010,玉野競輪,10R,19:40,4-6,4,6,46.8,0.04369176857274176,1.0447747692043143
8720260314030004,熊本競輪,4R,09:52,1-6,1,6,83.8,0.024392494353985855,1.0440910268640144
6120260316010006,玉野競輪,6R,18:03,2-6,2,6,78.7,0.025939618447073622,1.0414479717846943
5320260314030006,奈良競輪,6R,13:27,3-4,3,4,49.2,0.04134159615321381,1.0340065307381194
6120260316010003,玉野競輪,3R,16:51,2-7,2,7,39.6,0.05123082090202595,1.0287405077202276
3620260316010005,小田原競輪,5R,12:42,1-3,1,3,53.4,0.03796046565887568,1.0270888661839614
5320260314030002,奈良競輪,2R,11:45,3-5,3,5,33.2,0.06098395674944965,1.0246673640817283
3620260316010010,小田原競輪,10R,15:01,4-7,4,7,117.2,0.01720753802010795,1.0167234559566518
5320260314030009,奈良競輪,9R,14:51,4-7,4,7,86.1,0.02341890838733133,1.0163680121492273
8720260314030003,熊本競輪,3R,09:31,3-7,3,7,60.1,0.033537717695722155,1.0156168335129014
3120260316010003,松戸競輪,3R,21:30,2-7,2,7,40.5,0.04971586039772496,1.0134923461078609
4320260314030008,岐阜競輪,8R,14:12,1-6,1,6,92.1,0.021821026386914792,1.009716530234852
4320260314030004,岐阜競輪,4R,12:25,1-6,1,6,41.7,0.04812743150388331,1.0069138937119342
3620260316010002,小田原競輪,2R,11:29,3-4,3,4,49.3,0.040650191840710365,1.0040544577470207
3620260316010008,小田原競輪,8R,14:03,3-6,3,6,134.6,0.014849267596963386,0.9987114185512718
5320260314030003,奈良競輪,3R,12:09,4-6,4,6,41.6,0.04798063514430488,0.9959944220030832
4320260314030004,岐阜競輪,4R,12:25,2-5,2,5,71.9,0.027750293210081406,0.9952460818048532
3620260316010003,小田原競輪,3R,11:53,2-6,2,6,104.3,0.019120778770464343,0.9942972257594309
4320260314030007,岐阜競輪,7R,13:45,1-5,1,5,44.5,0.04480127624021481,0.993656792689559
8720260314030006,熊本競輪,6R,10:34,4-7,4,7,77.7,0.025641480502618462,0.9923430350534546
4320260314030003,岐阜競輪,3R,12:01,2-4,2,4,53.5,0.03716837576713932,0.9885081035419536
3620260316010012,小田原競輪,12R,16:09,1-2,1,2,56.7,0.03490467834107199,0.979095261938782
4320260314030003,岐阜競輪,3R,12:01,1-6,1,6,44.0,0.04491305156628651,0.9761742689166066
4320260314030001,岐阜競輪,1R,11:13,5-6,5,6,62.8,0.031433772439741256,0.9740409092157507
4320260314030009,岐阜競輪,9R,14:41,1-3,1,3,42.2,0.04677607729966888,0.9739504620460269
5320260314030011,奈良競輪,11R,15:57,3-6,3,6,94.5,0.020884323951258804,0.973568613393957
4320260314030007,岐阜競輪,7R,13:45,5-6,5,6,81.5,0.024182775214404754,0.9708961799739875
3620260316010012,小田原競輪,12R,16:09,4-6,4,6,153.7,0.012821679666047057,0.9706921646714324
5320260314030006,奈良競輪,6R,13:27,3-7,3,7,79.9,0.024616619282516666,0.9668678806730817
4320260314030008,岐阜競輪,8R,14:12,2-7,2,7,73.1,0.026876093051888206,0.9646424020930278
5320260314030005,奈良競輪,5R,13:00,4-6,4,6,36.6,0.05362684500519856,0.9627425271902674
6120260316010003,玉野競輪,3R,16:51,4-5,4,5,153.2,0.012763703968704989,0.9553994480056043
4320260314030006,岐阜競輪,6R,13:18,3-4,3,4,46.5,0.041927988403945925,0.9496514607834854
6120260316010012,玉野競輪,12R,20:30,2-5,2,5,29.1,0.0669120457330517,0.9471405308318048
5320260314030001,奈良競輪,1R,11:21,2-6,2,6,21.4,0.09086736712093157,0.9445616563879355
3620260316010006,小田原競輪,6R,13:09,6-7,6,7,151.2,0.012845317022746206,0.9422119338392263
3120260316010006,松戸競輪,6R,22:30,2-3,2,3,32.2,0.060189017095326564,0.9380863504695156
3620260316010005,小田原競輪,5R,12:42,4-7,4,7,49.1,0.03941436177493687,0.9352451631494003
6120260316010004,玉野競輪,4R,17:15,2-4,2,4,33.5,0.05764797442654807,0.9312071432893605
8720260314030005,熊本競輪,5R,10:13,5-7,5,7,49.2,0.03921211691178098,0.9292361520596244
3620260316010011,小田原競輪,11R,15:33,1-3,1,3,25.8,0.07443689452603183,0.9204718787716213
6120260316010006,玉野競輪,6R,18:03,5-6,5,6,105.0,0.018259720389133878,0.9172706408590572
6120260316010009,玉野競輪,9R,19:15,4-7,4,7,32.9,0.058214430742321716,0.9152547714223844
5320260314030006,奈良競輪,6R,13:27,2-6,2,6,28.5,0.06699788200530027,0.9094396371510576
5320260314030003,奈良競輪,3R,12:09,3-6,3,6,73.8,0.025856549238628693,0.9082133338107974
4320260314030001,岐阜競輪,1R,11:13,4-6,4,6,56.0,0.03404918302381266,0.9067542493335088
6120260316010001,玉野競輪,1R,16:03,2-7,2,7,86.4,0.022056468277340358,0.9056788591622071
4320260314030011,岐阜競輪,11R,15:45,3-7,3,7,39.3,0.04835944639515204,0.9005262433294752
3620260316010005,小田原競輪,5R,12:42,3-5,3,5,24.6,0.0771717821420386,0.8984258406941497
5320260314030010,奈良競輪,10R,15:21,5-7,5,7,32.4,0.05853860374700762,0.8966507614030468
3120260316010009,松戸競輪,9R,23:30,3-6,3,6,87.7,0.02159386057108625,0.8937815720842643
3620260316010012,小田原競輪,12R,16:09,3-7,3,7,23.4,0.08073639793591543,0.8892317117004209
4320260314030005,岐阜競輪,5R,12:51,3-4,3,4,40.6,0.04627827512972017,0.8788979702666391
3620260316010004,小田原競輪,4R,12:17,4-6,4,6,21.6,0.08687825841056439,0.8765703816681909
8720260314030002,熊本競輪,2R,09:10,3-6,3,6,86.7,0.02157305966182442,0.8703842726801774
8720260314030004,熊本競輪,4R,09:52,1-4,1,4,60.0,0.031169556736912175,0.8701734042147304
3120260316010003,松戸競輪,3R,21:30,2-6,2,6,40.5,0.046102353468816026,0.867145315487049
3620260316010006,小田原競輪,6R,13:09,1-6,1,6,58.6,0.03184055502154198,0.8658565242623601
4320260314030012,岐阜競輪,12R,16:21,2-5,2,5,32.6,0.0569994361091952,0.8581816171597636
6120260316010006,玉野競輪,6R,18:03,6-7,6,7,105.0,0.01766901586032404,0.8552466653340243
6120260316010003,玉野競輪,3R,16:51,2-4,2,4,83.2,0.022246972874535836,0.8509481431613817
3620260316010003,小田原競輪,3R,11:53,4-7,4,7,31.0,0.059660302621441424,0.8494693812646841
3620260316010003,小田原競輪,3R,11:53,2-5,2,5,52.8,0.03501696139700225,0.8488955617617187
7420260316010002,高知競輪,2R,21:00,2-4,2,4,29.2,0.06324440382671472,0.8467365917400695
3120260316010006,松戸競輪,6R,22:30,1-5,1,5,48.3,0.03820434227425939,0.8452697318467284
5320260314030010,奈良競輪,10R,15:21,1-6,1,6,30.4,0.06059885958791464,0.842205331472605
4320260314030011,岐阜競輪,11R,15:45,2-5,2,5,47.2,0.03902163501486612,0.8418211727016811
6120260316010007,玉野競輪,7R,18:27,3-6,3,6,41.1,0.0444287927615416,0.8260233824993599
5320260314030001,奈良競輪,1R,11:21,3-5,3,5,75.8,0.024007588809519743,0.8197752317615965
6120260316010005,玉野競輪,5R,17:39,1-2,1,2,26.0,0.069919445540995,0.81790558406587
6120260316010009,玉野競輪,9R,19:15,1-2,1,2,25.8,0.07030552006437343,0.8138824176608346
3620260316010001,小田原競輪,1R,11:05,1-2,1,2,20.0,0.09026457639933382,0.8052915279866764
4320260314030011,岐阜競輪,11R,15:45,3-6,3,6,40.0,0.04503048522949783,0.8012194091799132
4320260314030011,岐阜競輪,11R,15:45,5-6,5,6,65.4,0.02749411969530431,0.7981154280729021
6120260316010001,玉野競輪,1R,16:03,6-7,6,7,120.2,0.014946088574193564,0.7965198466180665
3620260316010007,小田原競輪,7R,13:36,5-6,5,6,54.3,0.03307533094777852,0.7959904704643737
6120260316010003,玉野競輪,3R,16:51,2-5,2,5,49.5,0.03622875740406388,0.793323491501162
6120260316010002,玉野競輪,2R,16:27,1-2,1,2,39.9,0.04483708425454208,0.7889996617562289
6120260316010008,玉野競輪,8R,18:51,3-6,3,6,28.1,0.06353931842609511,0.7854548477732728
6120260316010011,玉野競輪,11R,20:05,2-6,2,6,77.2,0.023071353873893627,0.7811085190645881
4320260314030009,岐阜競輪,9R,14:41,5-6,5,6,94.5,0.018819574134705867,0.7784497557297043
6120260316010003,玉野競輪,3R,16:51,1-6,1,6,17.8,0.09979858573993648,0.7764148261708694
4320260314030003,岐阜競輪,3R,12:01,4-5,4,5,29.1,0.0610346942787108,0.7761096035104844
8720260314030007,熊本競輪,7R,10:55,2-7,2,7,30.1,0.05900082087452187,0.7759247083231082
4320260314030011,岐阜競輪,11R,15:45,4-6,4,6,28.3,0.06267689075287922,0.7737560083064818
6120260316010009,玉野競輪,9R,19:15,4-5,4,5,30.1,0.05885974445336747,0.771678308046361
8720260314030001,熊本競輪,1R,08:50,1-6,1,6,41.6,0.04250481259211076,0.7682002038318076
5320260314030009,奈良競輪,9R,14:51,1-3,1,3,20.4,0.08661048767467874,0.7668539485634462
6120260316010011,玉野競輪,11R,20:05,3-5,3,5,38.6,0.045728300718910694,0.7651124077499529
8720260314030005,熊本競輪,5R,10:13,2-4,2,4,21.7,0.08129604428318407,0.7641241609450944
6120260316010011,玉野競輪,11R,20:05,4-7,4,7,38.6,0.04567826867360348,0.7631811708010943
4320260314030004,岐阜競輪,4R,12:25,3-4,3,4,48.3,0.036400113807078485,0.7581254968818907
3620260316010009,小田原競輪,9R,14:31,1-6,1,6,42.7,0.04109608248577297,0.754802722142506
4320260314030010,岐阜競輪,10R,15:11,2-7,2,7,38.1,0.04599856615336506,0.7525453704432088
3620260316010005,小田原競輪,5R,12:42,5-6,5,6,26.5,0.06610977311270137,0.7519089874865863
3120260316010009,松戸競輪,9R,23:30,1-6,1,6,43.8,0.03997023606806868,0.7506963397814082
3120260316010009,松戸競輪,9R,23:30,4-5,4,5,43.8,0.03996409933133711,0.7504275507125655
3620260316010001,小田原競輪,1R,11:05,4-6,4,6,119.2,0.014672646393529474,0.7489794501087133
3620260316010009,小田原競輪,9R,14:31,1-5,1,5,40.9,0.04261750482099974,0.7430559471788893
8720260314030001,熊本競輪,1R,08:50,1-3,1,3,51.2,0.03402402034818555,0.7420298418271003
8720260314030005,熊本競輪,5R,10:13,3-4,3,4,21.8,0.07967743441432198,0.7369680702322192
4320260314030001,岐阜競輪,1R,11:13,3-6,3,6,61.3,0.028332920763461014,0.73680804280016
6120260316010005,玉野競輪,5R,17:39,2-7,2,7,40.0,0.04332947346536311,0.7331789386145244
5320260314030001,奈良競輪,1R,11:21,2-3,2,3,66.8,0.02588512238553055,0.7291261753534406
5320260314030006,奈良競輪,6R,13:27,5-6,5,6,26.8,0.06412232812510259,0.7184783937527495
6120260316010006,玉野競輪,6R,18:03,3-7,3,7,22.5,0.07629452842720634,0.7166268896121426
4320260314030010,岐阜競輪,10R,15:11,3-5,3,5,74.8,0.02275820216050674,0.7023135216059042
3620260316010004,小田原競輪,4R,12:17,2-4,2,4,21.7,0.0784425616054643,0.7022035868385752
6120260316010001,玉野競輪,1R,16:03,4-7,4,7,83.8,0.02030740963658275,0.7017609275456345
5320260314030011,奈良競輪,11R,15:57,4-6,4,6,65.9,0.025815838625992196,0.7012637654528859
8720260314030005,熊本競輪,5R,10:13,2-5,2,5,33.0,0.05154981044386677,0.7011437446476034
5320260314030007,奈良競輪,7R,13:54,2-7,2,7,37.5,0.04518270273636767,0.6943513526137877
4320260314030004,岐阜競輪,4R,12:25,2-3,2,3,33.1,0.051181333639201076,0.6941021434575556
5320260314030007,奈良競輪,7R,13:54,3-7,3,7,27.3,0.06200014048780845,0.6926038353171706
5320260314030011,奈良競輪,11R,15:57,2-7,2,7,20.9,0.08092864423917064,0.6914086645986661
6120260316010005,玉野競輪,5R,17:39,4-7,4,7,65.0,0.02594472966637632,0.6864074283144608
3120260316010002,松戸競輪,2R,21:10,1-7,1,7,33.4,0.05041043961786444,0.6837086832366723
6120260316010005,玉野競輪,5R,17:39,4-5,4,5,37.1,0.045299769052437905,0.6806214318454464
5320260314030003,奈良競輪,3R,12:09,5-6,5,6,73.8,0.022764142577698727,0.6799937222341659
3620260316010004,小田原競輪,4R,12:17,3-5,3,5,87.1,0.019266743782144602,0.6781333834247947
5320260314030008,奈良競輪,8R,14:21,1-7,1,7,56.9,0.029371548973117625,0.6712411365703927
8720260314030006,熊本競輪,6R,10:34,1-6,1,6,31.7,0.05269843606378741,0.6705404232220609
5320260314030003,奈良競輪,3R,12:09,2-6,2,6,34.5,0.04834397623739684,0.667867180190191
4320260314030011,岐阜競輪,11R,15:45,1-7,1,7,68.4,0.02436863548580144,0.6668146672288187
8720260314030006,熊本競輪,6R,10:34,2-4,2,4,19.4,0.08581345400751332,0.6647810077457583
7420260316010004,高知競輪,4R,21:40,2-5,2,5,27.7,0.05993444557494703,0.6601841424260326
5320260314030010,奈良競輪,10R,15:21,3-5,3,5,30.8,0.053740640074456086,0.6552117142932474
3120260316010001,松戸競輪,1R,20:50,3-4,3,4,27.0,0.0612776298330963,0.6544960054936002
7420260316010001,高知競輪,1R,20:40,2-6,2,6,31.7,0.052180872880684376,0.6541336703176948
6120260316010011,玉野競輪,11R,20:05,3-6,3,6,61.8,0.02666954728826731,0.6481780224149198
6120260316010010,玉野競輪,10R,19:40,5-6,5,6,109.2,0.015081193213456478,0.6468662989094474
6120260316010005,玉野競輪,5R,17:39,2-4,2,4,37.1,0.04437347936849943,0.646256084571329
6120260316010010,玉野競輪,10R,19:40,4-7,4,7,27.3,0.06007754627773698,0.6401170133822196
6120260316010005,玉野競輪,5R,17:39,2-6,2,6,32.5,0.05021331914750888,0.6319328722940385
3620260316010011,小田原競輪,11R,15:33,3-5,3,5,48.6,0.03338373145706723,0.6224493488134675
3120260316010002,松戸競輪,2R,21:10,2-3,2,3,26.0,0.06229220477548483,0.6195973241626056
4320260314030010,岐阜競輪,10R,15:11,2-4,2,4,22.1,0.07315638192678264,0.6167560405818966
7420260316010003,高知競輪,3R,21:20,1-3,1,3,16.5,0.09740214671298623,0.607135420764273
6120260316010001,玉野競輪,1R,16:03,2-3,2,3,25.3,0.06346737846527167,0.6057246751713734
8720260314030003,熊本競輪,3R,09:31,3-6,3,6,78.7,0.020299799741531847,0.5975942396585563
4320260314030004,岐阜競輪,4R,12:25,5-7,5,7,41.4,0.03851196885702618,0.5943955106808838
7420260316010008,高知競輪,8R,23:00,3-7,3,7,60.7,0.026190711498916153,0.5897761879842105
6120260316010001,玉野競輪,1R,16:03,4-6,4,6,44.6,0.03553749226362987,0.5849721549578923
4320260314030009,岐阜競輪,9R,14:41,1-2,1,2,43.6,0.03627642002698845,0.5816519131766964
4320260314030002,岐阜競輪,2R,11:37,2-4,2,4,163.3,0.009684045051251824,0.581404556869423
8720260314030004,熊本競輪,4R,09:52,6-7,6,7,98.3,0.016082035276142582,0.5808640676448158
8720260314030004,熊本競輪,4R,09:52,1-7,1,7,52.7,0.029983199110286546,0.580114593112101
5320260314030009,奈良競輪,9R,14:51,2-7,2,7,68.2,0.02310740568689841,0.5759250678464716
4320260314030011,岐阜競輪,11R,15:45,4-5,4,5,22.1,0.07130458842746419,0.5758314042469588
5320260314030004,奈良競輪,4R,12:33,4-7,4,7,147.6,0.01066921250756566,0.5747757661166915
6120260316010008,玉野競輪,8R,18:51,3-4,3,4,35.1,0.04479052137289897,0.5721473001887538
6120260316010011,玉野競輪,11R,20:05,4-5,4,5,30.9,0.05072356399682114,0.5673581275017732
8720260314030001,熊本競輪,1R,08:50,2-4,2,4,19.6,0.07985264544244756,0.5651118506719723
7420260316010001,高知競輪,1R,20:40,2-5,2,5,31.7,0.049300080303581004,0.5628125456235178
6120260316010002,玉野競輪,2R,16:27,4-7,4,7,50.8,0.030708367146237342,0.5599850510288569
3620260316010006,小田原競輪,6R,13:09,2-3,2,3,18.1,0.08604678965600124,0.5574468927736225
6120260316010011,玉野競輪,11R,20:05,1-6,1,6,30.9,0.05020729037424619,0.5514052725642071
3620260316010006,小田原競輪,6R,13:09,1-4,1,4,27.4,0.05647066083136972,0.5472961067795303
7420260316010007,高知競輪,7R,22:40,4-5,4,5,28.5,0.053988832540507556,0.5386817274044653
5320260314030006,奈良競輪,6R,13:27,1-6,1,6,57.1,0.026874722634515534,0.534546662430837
6120260316010006,玉野競輪,6R,18:03,2-4,2,4,26.2,0.05832150728089225,0.5280234907593768
6120260316010009,玉野競輪,9R,19:15,1-7,1,7,40.2,0.03784788152612288,0.52148483735014
4320260314030008,岐阜競輪,8R,14:12,4-6,4,6,82.9,0.018235083447086783,0.5116884177634944
4320260314030011,岐阜競輪,11R,15:45,3-5,3,5,28.6,0.052794812306582006,0.5099316319682454
4320260314030003,岐阜競輪,3R,12:01,3-5,3,5,21.4,0.07052469220195122,0.5092284131217559
5320260314030005,奈良競輪,5R,13:00,1-6,1,6,30.6,0.04931321845896164,0.5089844848442262
3620260316010003,小田原競輪,3R,11:53,1-7,1,7,46.6,0.032227195825647606,0.5017873254751786
4320260314030012,岐阜競輪,12R,16:21,6-7,6,7,30.6,0.04902302407815824,0.5001045367916424
3620260316010011,小田原競輪,11R,15:33,1-5,1,5,27.0,0.055553888730339784,0.49995499571917423
3120260316010001,松戸競輪,1R,20:50,2-6,2,6,22.5,0.06644974411006996,0.495119242476574
3620260316010007,小田原競輪,7R,13:36,2-7,2,7,25.7,0.058159923602451896,0.4947100365830137
3620260316010007,小田原競輪,7R,13:36,5-7,5,7,32.8,0.045479903216045045,0.4917408254862774
7420260316010004,高知競輪,4R,21:40,2-6,2,6,27.7,0.05372411742036952,0.4881580525442357
7420260316010001,高知競輪,1R,20:40,3-4,3,4,35.7,0.041534413985025595,0.4827785792654138
3620260316010006,小田原競輪,6R,13:09,3-5,3,5,39.3,0.0377220654971181,0.4824771740367413
3620260316010012,小田原競輪,12R,16:09,5-6,5,6,141.9,0.010444101430847645,0.48201799303728077
6120260316010005,玉野競輪,5R,17:39,4-6,4,6,43.3,0.03422342203954937,0.48187417431248747
3620260316010002,小田原競輪,2R,11:29,3-5,3,5,81.8,0.01806243812803856,0.47750743887355407
5320260314030004,奈良競輪,4R,12:33,3-7,3,7,34.7,0.04251811583146995,0.4753786193520073
3620260316010004,小田原競輪,4R,12:17,4-7,4,7,15.7,0.09368207422782787,0.4708085653768974
6120260316010008,玉野競輪,8R,18:51,1-2,1,2,31.2,0.047105367210678845,0.46968745697317993
4320260314030012,岐阜競輪,12R,16:21,3-7,3,7,17.9,0.08198888629416537,0.46760106466555995
7420260316010001,高知競輪,1R,20:40,1-4,1,4,22.8,0.06417738521697411,0.46324438294700965
6120260316010006,玉野競輪,6R,18:03,2-3,2,3,16.5,0.08846161387923163,0.4596166290073218
3620260316010001,小田原競輪,1R,11:05,1-3,1,3,24.1,0.060536143853309424,0.4589210668647572
8720260314030005,熊本競輪,5R,10:13,1-3,1,3,36.9,0.03950176254723483,0.4576150379929651
6120260316010012,玉野競輪,12R,20:30,5-6,5,6,49.0,0.02973092549092518,0.45681534905533394
4320260314030003,岐阜競輪,3R,12:01,6-7,6,7,59.1,0.02455337167625389,0.4511042660666049
5320260314030001,奈良競輪,1R,11:21,2-5,2,5,119.6,0.012122393307833237,0.449838239616855
5320260314030009,奈良競輪,9R,14:51,1-5,1,5,24.9,0.05818142259232652,0.4487174225489301
6120260316010007,玉野競輪,7R,18:27,3-4,3,4,57.6,0.025070492619685854,0.44406037489390515
7420260316010008,高知競輪,8R,23:00,3-4,3,4,30.3,0.047618595515087764,0.44284344410715937
8720260314030005,熊本競輪,5R,10:13,3-7,3,7,42.5,0.033885344981027375,0.4401271616936635
4320260314030008,岐阜競輪,8R,14:12,5-7,5,7,27.0,0.05325360319056089,0.4378472861451441
5320260314030007,奈良競輪,7R,13:54,2-3,2,3,25.0,0.05727392398275496,0.43184809956887404
6120260316010012,玉野競輪,12R,20:30,1-5,1,5,33.2,0.0430593632835101,0.4295708610125355
8720260314030006,熊本競輪,6R,10:34,2-3,2,3,20.6,0.06916721474110266,0.4248446236667147
7420260316010003,高知競輪,3R,21:20,1-5,1,5,24.7,0.057642806640981564,0.42377732403224466
5320260314030005,奈良競輪,5R,13:00,3-6,3,6,26.1,0.05439638810279883,0.41974572948304956
4320260314030004,岐阜競輪,4R,12:25,4-5,4,5,84.8,0.01673413898658191,0.41905498606214575
7420260316010007,高知競輪,7R,22:40,1-4,1,4,14.2,0.09993139101565453,0.41902575242229423
6120260316010002,玉野競輪,2R,16:27,2-3,2,3,31.6,0.044888743484113605,0.41848429409799004
5320260314030007,奈良競輪,7R,13:54,1-5,1,5,37.1,0.038070028147792895,0.41239804428311655
3620260316010007,小田原競輪,7R,13:36,2-3,2,3,29.1,0.048468959111782964,0.41044671015288436
5320260314030003,奈良競輪,3R,12:09,1-2,1,2,21.1,0.06682779893225094,0.4100665574704949
6120260316010012,玉野競輪,12R,20:30,4-6,4,6,93.2,0.0151008277472259,0.40739714604145383
6120260316010001,玉野競輪,1R,16:03,1-2,1,2,19.4,0.07246497611947261,0.4058205367177685
4320260314030001,岐阜競輪,1R,11:13,1-4,1,4,33.2,0.042319969094250454,0.4050229739291151
3120260316010001,松戸競輪,1R,20:50,1-4,1,4,16.8,0.0833853815232492,0.40087440959058673
3620260316010002,小田原競輪,2R,11:29,4-7,4,7,14.3,0.09777357174990739,0.3981620760236757
6120260316010006,玉野競輪,6R,18:03,5-7,5,7,45.0,0.030994432151667535,0.394749446825039
6120260316010008,玉野競輪,8R,18:51,2-3,2,3,18.7,0.07444311024663708,0.3920861616121134
7420260316010004,高知競輪,4R,21:40,2-7,2,7,27.7,0.049981329739986965,0.3844828337976389
3620260316010006,小田原競輪,6R,13:09,1-7,1,7,32.3,0.04284396787416045,0.38386016233538234
3620260316010001,小田原競輪,1R,11:05,3-4,3,4,61.4,0.022521441036049993,0.38281647961346943
5320260314030008,奈良競輪,8R,14:21,3-6,3,6,48.9,0.028232214970577197,0.38055531206122484
4320260314030010,岐阜競輪,10R,15:11,4-7,4,7,20.4,0.06767347560583614,0.3805389023590573
3620260316010008,小田原競輪,8R,14:03,4-5,4,5,21.9,0.06303792184199278,0.38053048833964165
5320260314030002,奈良競輪,2R,11:45,5-6,5,6,29.7,0.04622154895133411,0.37278000385462295
3620260316010008,小田原競輪,8R,14:03,5-6,5,6,76.3,0.017977466615258432,0.3716807027442184
6120260316010006,玉野競輪,6R,18:03,4-7,4,7,28.6,0.04766005780601122,0.3630776532519211
8720260314030001,熊本競輪,1R,08:50,4-5,4,5,21.2,0.06427657720329824,0.3626634367099226
4320260314030003,岐阜競輪,3R,12:01,3-7,3,7,42.1,0.03236149051175785,0.3624187505450056
5320260314030011,奈良競輪,11R,15:57,3-5,3,5,30.4,0.04479007756599347,0.36161835800620157
6120260316010012,玉野競輪,12R,20:30,3-4,3,4,19.8,0.06852415811284623,0.3567783306343555
7420260316010003,高知競輪,3R,21:20,1-2,1,2,9.9,0.1368991123696297,0.3553012124593342
6120260316010002,玉野競輪,2R,16:27,3-7,3,7,31.2,0.04332344797251974,0.35169157674261586
7420260316010009,高知競輪,9R,23:20,1-2,1,2,15.7,0.08604909794743908,0.35097083777479354
4320260314030002,岐阜競輪,2R,11:37,3-7,3,7,25.0,0.0539600395964276,0.34900098991069006
6120260316010008,玉野競輪,8R,18:51,4-5,4,5,40.1,0.033582068665639515,0.34664095349214463
6120260316010010,玉野競輪,10R,19:40,6-7,6,7,65.5,0.02049302922907237,0.34229341450424045
6120260316010003,玉野競輪,3R,16:51,1-3,1,3,17.9,0.07467971523565356,0.33676690271819854
6120260316010012,玉野競輪,12R,20:30,2-4,2,4,28.2,0.04738151566148592,0.3361587416539029
8720260314030005,熊本競輪,5R,10:13,2-6,2,6,44.1,0.03020434911765517,0.3320117960885929
5320260314030004,奈良競輪,4R,12:33,1-7,1,7,47.8,0.027836791248370595,0.3305986216721144
5320260314030011,奈良競輪,11R,15:57,1-4,1,4,42.2,0.03149047475784863,0.32889803478121227
6120260316010010,玉野競輪,10R,19:40,2-4,2,4,21.8,0.060935235492099234,0.32838813372776343
7420260316010005,高知競輪,5R,22:00,2-6,2,6,24.7,0.05367199020845444,0.3256981581488245
4320260314030003,岐阜競輪,3R,12:01,1-3,1,3,22.7,0.05836642083609019,0.3249177529792473
6120260316010007,玉野競輪,7R,18:27,3-7,3,7,15.1,0.08743051177924788,0.320200727866643
4320260314030003,岐阜競輪,3R,12:01,2-3,2,3,28.7,0.04590764747026015,0.3175494823964664
4320260314030011,岐阜競輪,11R,15:45,1-6,1,6,55.5,0.02368013212571972,0.31424733297744445
3620260316010005,小田原競輪,5R,12:42,3-6,3,6,36.4,0.03606587993935321,0.31279802979245663
5320260314030011,奈良競輪,11R,15:57,4-5,4,5,27.9,0.047028131981198595,0.31208488227544073
6120260316010004,玉野競輪,4R,17:15,2-7,2,7,29.2,0.04467957846610495,0.3046436912102646
8720260314030007,熊本競輪,7R,10:55,1-5,1,5,29.5,0.04415251786821164,0.3024992771122432
8720260314030002,熊本競輪,2R,09:10,5-6,5,6,28.1,0.04619965292285218,0.29821024713214617
4320260314030005,岐阜競輪,5R,12:51,4-6,4,6,21.2,0.06118296792496079,0.2970789200091688
7420260316010008,高知競輪,8R,23:00,2-7,2,7,30.3,0.04274194069574752,0.2950808030811498
7420260316010008,高知競輪,8R,23:00,1-3,1,3,15.1,0.08575252763629179,0.294863167308006
4320260314030002,岐阜競輪,2R,11:37,2-3,2,3,55.4,0.02332926819574089,0.2924414580440453
3620260316010009,小田原競輪,9R,14:31,2-3,2,3,18.4,0.07021150788451197,0.29189174507502025
3620260316010003,小田原競輪,3R,11:53,1-3,1,3,21.3,0.06051419685907514,0.28895239309830045
5320260314030011,奈良競輪,11R,15:57,1-2,1,2,28.0,0.04595345290861019,0.2866966814410854
3620260316010007,小田原競輪,7R,13:36,1-3,1,3,17.3,0.07418902095541531,0.283470062528685
4320260314030011,岐阜競輪,11R,15:45,1-2,1,2,37.7,0.034036702217720524,0.28318367360806396
3620260316010003,小田原競輪,3R,11:53,4-5,4,5,22.4,0.05725845834324044,0.28258946688858577
8720260314030003,熊本競輪,3R,09:31,2-5,2,5,18.4,0.06948944593365389,0.2786058051792315
3620260316010007,小田原競輪,7R,13:36,3-5,3,5,34.2,0.037341750334161566,0.27708786142832564
3620260316010010,小田原競輪,10R,15:01,4-5,4,5,27.7,0.04601982346894246,0.27474911008970615
6120260316010002,玉野競輪,2R,16:27,3-4,3,4,36.0,0.03537972104767814,0.2736699577164132
3620260316010005,小田原競輪,5R,12:42,2-4,2,4,55.6,0.022893165269550722,0.27285998898702024
5320260314030001,奈良競輪,1R,11:21,1-5,1,5,39.8,0.03179077965540232,0.26527303028501237
4320260314030007,岐阜競輪,7R,13:45,1-7,1,7,19.4,0.06521446642206849,0.2651606485881286
6120260316010002,玉野競輪,2R,16:27,1-5,1,5,14.9,0.08479207956558499,0.2634019855272163
4320260314030002,岐阜競輪,2R,11:37,4-7,4,7,67.4,0.01872853077972068,0.262302974553174
8720260314030007,熊本競輪,7R,10:55,5-7,5,7,24.2,0.05192242237762956,0.25652262153863536
5320260314030001,奈良競輪,1R,11:21,1-3,1,3,22.5,0.05568327846282185,0.2528737654134916
3620260316010007,小田原競輪,7R,13:36,1-7,1,7,14.6,0.08559463499727438,0.24968167096020588
8720260314030004,熊本競輪,4R,09:52,4-5,4,5,38.5,0.03235450308023638,0.24564836858910066
5320260314030011,奈良競輪,11R,15:57,1-6,1,6,41.1,0.030291933195547446,0.24499845433700007
4320260314030004,岐阜競輪,4R,12:25,5-6,5,6,95.8,0.012987208824451642,0.24417460538246738
3620260316010006,小田原競輪,6R,13:09,2-7,2,7,17.9,0.06942721655585211,0.24274717634975285
3620260316010009,小田原競輪,9R,14:31,1-2,1,2,15.0,0.08280072846058825,0.24201092690882375
4320260314030003,岐阜競輪,3R,12:01,4-7,4,7,46.6,0.02664474445366606,0.24164509154083857
3620260316010012,小田原競輪,12R,16:09,2-6,2,6,102.4,0.01206747394045252,0.2357093315023382
6120260316010008,玉野競輪,8R,18:51,3-5,3,5,12.7,0.09724988680201216,0.23507356238555444
3120260316010009,松戸競輪,9R,23:30,1-5,1,5,17.5,0.0705191522173242,0.23408516380317357
8720260314030004,熊本競輪,4R,09:52,2-4,2,4,18.8,0.06535051985473989,0.22858977326911
3120260316010004,松戸競輪,4R,21:50,2-5,2,5,18.0,0.06814719812137943,0.2266495661848298
6120260316010011,玉野競輪,11R,20:05,1-7,1,7,18.1,0.0677286967902221,0.22588941190302014
6120260316010009,玉野競輪,9R,19:15,3-6,3,6,45.2,0.02707626467524993,0.22384716332129706
4320260314030009,岐阜競輪,9R,14:41,1-4,1,4,25.2,0.04840898184683126,0.21990634254014774
5320260314030003,奈良競輪,3R,12:09,6-7,6,7,24.8,0.04899949513618766,0.21518747937745397
5320260314030002,奈良競輪,2R,11:45,1-6,1,6,24.7,0.049165002630748605,0.2143755649794905
8720260314030002,熊本競輪,2R,09:10,1-3,1,3,21.6,0.05619821785039632,0.21388150556856056
3620260316010001,小田原競輪,1R,11:05,5-7,5,7,21.9,0.055274224659272814,0.21050552003807455
5320260314030009,奈良競輪,9R,14:51,4-5,4,5,26.0,0.04653611433245497,0.2099389726438292
6120260316010011,玉野競輪,11R,20:05,2-3,2,3,25.7,0.047029347851475375,0.2086542397829172
6120260316010008,玉野競輪,8R,18:51,1-6,1,6,31.2,0.038724095097349476,0.2081917670373037
4320260314030005,岐阜競輪,5R,12:51,2-5,2,5,62.6,0.019270697445489975,0.20634566008767252
3120260316010006,松戸競輪,6R,22:30,3-4,3,4,24.1,0.04994668069768779,0.20371500481427574
7420260316010007,高知競輪,7R,22:40,1-5,1,5,14.2,0.08440866382771169,0.1986030263535059
3620260316010009,小田原競輪,9R,14:31,2-4,2,4,25.7,0.04656313261306353,0.19667250815573278
4320260314030011,岐阜競輪,11R,15:45,1-5,1,5,40.3,0.0296699351390824,0.19569838610502055
4320260314030002,岐阜競輪,2R,11:37,2-5,2,5,33.7,0.03543067986758492,0.19401391153761183
3620260316010005,小田原競輪,5R,12:42,4-6,4,6,66.1,0.018048486537229298,0.19300496011085655
4320260314030007,岐阜競輪,7R,13:45,1-4,1,4,37.2,0.032058709312263366,0.19258398641619734
5320260314030002,奈良競輪,2R,11:45,1-4,1,4,18.8,0.06322565506379638,0.1886423151993719
4320260314030012,岐阜競輪,12R,16:21,3-4,3,4,41.8,0.028428853353749464,0.18832607018672753
3620260316010006,小田原競輪,6R,13:09,4-5,4,5,33.0,0.035972674670654625,0.18709826413160258
3120260316010006,松戸競輪,6R,22:30,2-7,2,7,19.3,0.0615061269855753,0.1870682508216035
8720260314030007,熊本競輪,7R,10:55,3-5,3,5,25.6,0.046316324723059535,0.18569791291032423
7420260316010009,高知競輪,9R,23:20,3-7,3,7,47.2,0.02512058629502115,0.18569167312499846
5320260314030005,奈良競輪,5R,13:00,1-5,1,5,14.0,0.0842360577613307,0.17930480865862974
8720260314030007,熊本競輪,7R,10:55,1-6,1,6,41.8,0.028181040924048845,0.17796751062524163
6120260316010010,玉野競輪,10R,19:40,3-6,3,6,40.9,0.028799891522561336,0.17791556327275848
8720260314030002,熊本競輪,2R,09:10,4-6,4,6,25.4,0.046301280278282946,0.17605251906838681
3620260316010008,小田原競輪,8R,14:03,1-3,1,3,18.7,0.06258689386837907,0.17037491533868843
5320260314030002,奈良競輪,2R,11:45,2-3,2,3,12.7,0.09195389860786261,0.1678145123198551
5320260314030011,奈良競輪,11R,15:57,5-6,5,6,24.9,0.046721577450686606,0.16336727852209654
4320260314030002,岐阜競輪,2R,11:37,1-2,1,2,11.2,0.1028432351929709,0.15184423416127402
7420260316010002,高知競輪,2R,21:00,1-6,1,6,22.3,0.05124955721148871,0.14286512581619837
3620260316010002,小田原競輪,2R,11:29,4-5,4,5,26.2,0.0436175958540763,0.14278101137679888
7420260316010008,高知競輪,8R,23:00,1-5,1,5,15.1,0.07566978171144428,0.14261370384280858
4320260314030006,岐阜競輪,6R,13:18,5-7,5,7,15.1,0.07562816454374534,0.14198528461055449
3620260316010008,小田原競輪,8R,14:03,4-7,4,7,17.4,0.0655572430432846,0.14069602895315203
3620260316010007,小田原競輪,7R,13:36,4-5,4,5,52.6,0.021681095291797327,0.14042561234853945
6120260316010001,玉野競輪,1R,16:03,1-3,1,3,13.0,0.08747055888786268,0.13711726554221482
4320260314030009,岐阜競輪,9R,14:41,3-7,3,7,13.6,0.08352739805158135,0.13597261350150647
6120260316010009,玉野競輪,9R,19:15,2-4,2,4,11.3,0.10030043927820795,0.13339496384374994
4320260314030006,岐阜競輪,6R,13:18,2-5,2,5,35.5,0.03180881709692725,0.1292130069409172
5320260314030004,奈良競輪,4R,12:33,1-5,1,5,18.0,0.06271844101138598,0.12893193820494764
6120260316010011,玉野競輪,11R,20:05,2-7,2,7,34.3,0.03290933695547829,0.1287902575729052
3620260316010001,小田原競輪,1R,11:05,4-7,4,7,28.3,0.03964174335769341,0.1218613370227235
7420260316010009,高知競輪,9R,23:20,4-7,4,7,47.2,0.023710196428923462,0.11912127144518747
6120260316010004,玉野競輪,4R,17:15,3-5,3,5,18.0,0.06207788158367091,0.11740186850607648
6120260316010007,玉野競輪,7R,18:27,1-2,1,2,22.1,0.050486865732683656,0.11575973269230877
7420260316010008,高知競輪,8R,23:00,1-2,1,2,10.1,0.1102542796569504,0.11356822453519899
6120260316010012,玉野競輪,12R,20:30,1-7,1,7,42.3,0.026259773164397208,0.11078840485400177
4320260314030009,岐阜競輪,9R,14:41,5-7,5,7,24.4,0.04541382410744454,0.10809730822164676
6120260316010010,玉野競輪,10R,19:40,1-7,1,7,17.2,0.06426104006007749,0.1052898890333327
4320260314030004,岐阜競輪,4R,12:25,1-4,1,4,16.1,0.06841799353855607,0.10152969597075279
5320260314030008,奈良競輪,8R,14:21,4-7,4,7,26.3,0.04185901227190117,0.10089202275100084
6120260316010004,玉野競輪,4R,17:15,3-7,3,7,66.2,0.01659857578256691,0.09882571680592966
5320260314030007,奈良競輪,7R,13:54,4-6,4,6,26.0,0.042262248029561175,0.09881844876859058
6120260316010010,玉野競輪,10R,19:40,2-6,2,6,65.5,0.016763842069174133,0.09803165553090576
6120260316010009,玉野競輪,9R,19:15,6-7,6,7,51.7,0.021226708506057523,0.09742082976317401
6120260316010012,玉野競輪,12R,20:30,5-7,5,7,35.8,0.030535992424202962,0.093188528786466
7420260316010001,高知競輪,1R,20:40,2-4,2,4,18.4,0.05937608416439727,0.09251994862490975
3620260316010005,小田原競輪,5R,12:42,1-4,1,4,55.6,0.019644061753379637,0.09220983348790779
4320260314030012,岐阜競輪,12R,16:21,5-6,5,6,29.0,0.0376613641283282,0.09217955972151781
8720260314030003,熊本競輪,3R,09:31,5-7,5,7,20.6,0.052828300950165503,0.08826299957340944
5320260314030002,奈良競輪,2R,11:45,3-6,3,6,39.5,0.02752140241497096,0.08709539539135291
7420260316010001,高知競輪,1R,20:40,2-3,2,3,17.8,0.061071368131123016,0.08707035273398978
5320260314030005,奈良競輪,5R,13:00,4-5,4,5,11.6,0.09361222639388853,0.08590182616910691
3620260316010012,小田原競輪,12R,16:09,6-7,6,7,160.4,0.00675883781416885,0.08411758539268344
7420260316010005,高知競輪,5R,22:00,3-5,3,5,24.7,0.04388184655853645,0.08388160999585015
4320260314030001,岐阜競輪,1R,11:13,4-7,4,7,13.0,0.08317381557196488,0.08125960243554342
6120260316010005,玉野競輪,5R,17:39,2-3,2,3,20.8,0.05189346034335213,0.07938397514172424
5320260314030006,奈良競輪,6R,13:27,2-7,2,7,22.6,0.047679268072812545,0.07755145844556366
3620260316010005,小田原競輪,5R,12:42,1-6,1,6,37.9,0.028418321575687182,0.07705438771854412
4320260314030006,岐阜競輪,6R,13:18,3-6,3,6,38.6,0.027885097936194717,0.07636478033711613
6120260316010007,玉野競輪,7R,18:27,1-5,1,5,36.0,0.029889257344677643,0.07601326440839506
3620260316010012,小田原競輪,12R,16:09,1-7,1,7,81.9,0.013130870981005389,0.07541833334434145
7420260316010009,高知競輪,9R,23:20,2-7,2,7,47.2,0.0227753741412065,0.07499765946494685
3620260316010004,小田原競輪,4R,12:17,1-5,1,5,40.3,0.02665254077099958,0.07409739307128294
6120260316010009,玉野競輪,9R,19:15,1-3,1,3,25.8,0.04162705296845266,0.07397796658607869
7420260316010006,高知競輪,6R,22:20,2-6,2,6,24.7,0.043401855759002725,0.07202583724736722
5320260314030004,奈良競輪,4R,12:33,1-6,1,6,18.0,0.059554395675586,0.07197912216054791
5320260314030008,奈良競輪,8R,14:21,1-3,1,3,29.8,0.03590598936124051,0.06999848296496713
3620260316010011,小田原競輪,11R,15:33,4-7,4,7,17.8,0.05984170053534085,0.06518226952906714
8720260314030006,熊本競輪,6R,10:34,1-5,1,5,20.8,0.051194646274724,0.06484864251425915
5320260314030006,奈良競輪,6R,13:27,6-7,6,7,57.1,0.01863025174402326,0.06378737458372807
4320260314030008,岐阜競輪,8R,14:12,2-4,2,4,39.8,0.026694060947633838,0.0624236257158266
4320260314030001,岐阜競輪,1R,11:13,2-3,2,3,30.1,0.03529537635223985,0.06239082820241948
5320260314030004,奈良競輪,4R,12:33,2-4,2,4,36.1,0.029412402577562002,0.0617877330499883
3120260316010007,松戸競輪,7R,22:50,4-6,4,6,22.5,0.04716187679121535,0.06114222780234524
7420260316010005,高知競輪,5R,22:00,3-4,3,4,24.7,0.042833524132607666,0.057988046075409416
5320260314030011,奈良競輪,11R,15:57,1-7,1,7,15.0,0.07045989873768184,0.056898481065227546
6120260316010006,玉野競輪,6R,18:03,4-5,4,5,22.5,0.04696778618734164,0.05677518921518687
8720260314030002,熊本競輪,2R,09:10,3-4,3,4,16.8,0.06275583593009715,0.054298043625632175
7420260316010007,高知競輪,7R,22:40,2-4,2,4,14.2,0.07419935323723677,0.05363081596876196
3620260316010006,小田原競輪,6R,13:09,5-7,5,7,39.7,0.026218432788391154,0.04087178169912886
5320260314030009,奈良競輪,9R,14:51,1-2,1,2,14.3,0.07262815470427435,0.03858261227112325
3120260316010009,松戸競輪,9R,23:30,1-7,1,7,17.5,0.059312125735618684,0.03796220037332687
4320260314030011,岐阜競輪,11R,15:45,1-3,1,3,22.2,0.0467373634340849,0.03756946823668472
7420260316010008,高知競輪,8R,23:00,2-3,2,3,20.2,0.05130297018810981,0.03631999779981809
5320260314030001,奈良競輪,1R,11:21,4-5,4,5,28.0,0.03692514546766308,0.033904073094566334
4320260314030010,岐阜競輪,10R,15:11,1-2,1,2,14.6,0.07079097856313976,0.03354828702184043
4320260314030008,岐阜競輪,8R,14:12,1-2,1,2,35.7,0.028835709696761566,0.029434836174387913
4320260314030011,岐阜競輪,11R,15:45,4-7,4,7,15.0,0.06852427586647383,0.027864137997107408
4320260314030010,岐阜競輪,10R,15:11,5-6,5,6,91.2,0.011268100164641515,0.027650735015306127
4320260314030009,岐阜競輪,9R,14:41,1-5,1,5,46.4,0.022140103336755396,0.027300794825450225
3620260316010005,小田原競輪,5R,12:42,2-3,2,3,24.5,0.041725014984911005,0.022262867130319552
4320260314030004,岐阜競輪,4R,12:25,1-2,1,2,12.2,0.08358395936998175,0.019724304313777363
8720260314030006,熊本競輪,6R,10:34,3-4,3,4,27.0,0.037715378209074946,0.018315211645023588
3120260316010007,松戸競輪,7R,22:50,1-4,1,4,11.2,0.09089820528257926,0.018059899164887705
4320260314030011,岐阜競輪,11R,15:45,2-3,2,3,16.5,0.06168860348336298,0.017861957475489243
3120260316010005,松戸競輪,5R,22:10,2-7,2,7,16.8,0.06054843754401655,0.017213750739478062
3620260316010010,小田原競輪,10R,15:01,1-4,1,4,32.0,0.03171662437286919,0.014931979931814165
3620260316010005,小田原競輪,5R,12:42,1-7,1,7,18.9,0.053610263678837713,0.0132339835300328
6120260316010002,玉野競輪,2R,16:27,5-7,5,7,14.2,0.07128405765534665,0.012233618705922433
5320260314030008,奈良競輪,8R,14:21,2-6,2,6,30.2,0.03346907447231084,0.010766049063787309
6120260316010001,玉野競輪,1R,16:03,3-4,3,4,17.2,0.05860931892585463,0.008080285524699526
3120260316010001,松戸競輪,1R,20:50,1-3,1,3,10.3,0.09767995405527258,0.006103526769307699
5320260314030010,奈良競輪,10R,15:21,3-7,3,7,16.8,0.059778287975722794,0.004275237992142911
3620260316010009,小田原競輪,9R,14:31,5-7,5,7,18.3,0.05485337664502327,0.003816792603925867
4320260314030007,岐阜競輪,7R,13:45,1-2,1,2,10.3,0.09744401238498723,0.003673327565368645
3120260316010005,松戸競輪,5R,22:10,5-7,5,7,33.7,0.029713103010501077,0.0013315714538864043
3620260316010002,小田原競輪,2R,11:29,5-7,5,7,19.1,0.05232757059019208,-0.0005434017273312497
8720260314030005,熊本競輪,5R,10:13,1-5,1,5,21.9,0.04559024406475574,-0.0015736549818493595
3120260316010009,松戸競輪,9R,23:30,1-2,1,2,9.7,0.1028384076799588,-0.0024674455043997012
8720260314030004,熊本競輪,4R,09:52,1-3,1,3,16.5,0.06027931214110829,-0.005391349671713175
6120260316010001,玉野競輪,1R,16:03,5-7,5,7,43.2,0.022983045867211546,-0.0071324185364611825
6120260316010004,玉野競輪,4R,17:15,4-5,4,5,11.8,0.08395789440912993,-0.009296845972266765
6120260316010011,玉野競輪,11R,20:05,1-3,1,3,11.0,0.08974513310455753,-0.012803535849867154
4320260314030007,岐阜競輪,7R,13:45,3-7,3,7,21.1,0.04670949312882533,-0.01442969498178548
3620260316010004,小田原競輪,4R,12:17,4-5,4,5,17.0,0.05786647883536768,-0.01626985979874951
6120260316010008,玉野競輪,8R,18:51,2-4,2,4,40.1,0.024524071363822654,-0.0165847383107115
7420260316010003,高知競輪,3R,21:20,2-6,2,6,16.5,0.05958429948580288,-0.01685905848425251
6120260316010007,玉野競輪,7R,18:27,4-6,4,6,57.6,0.01706218574939069,-0.01721810083509634
4320260314030009,岐阜競輪,9R,14:41,3-5,3,5,24.6,0.03991353041957986,-0.01812715167833545
4320260314030003,岐阜競輪,3R,12:01,2-7,2,7,27.9,0.03515180125950092,-0.019264744859924465
4320260314030012,岐阜競輪,12R,16:21,2-4,2,4,41.2,0.023726650434214014,-0.022462002110382517
4320260314030012,岐阜競輪,12R,16:21,1-7,1,7,12.6,0.07718595958517704,-0.027456909226769244
4320260314030006,岐阜競輪,6R,13:18,1-4,1,4,17.7,0.054899902392685634,-0.028271727649464284
8720260314030005,熊本競輪,5R,10:13,4-5,4,5,10.6,0.09163864498767879,-0.028630363130604852
3620260316010002,小田原競輪,2R,11:29,1-5,1,5,21.2,0.0455470350541026,-0.03440285685302502
4320260314030005,岐阜競輪,5R,12:51,3-7,3,7,27.8,0.03462174459516393,-0.037515500254442724
3120260316010009,松戸競輪,9R,23:30,2-7,2,7,17.5,0.0545733354655081,-0.04496662935360829
6120260316010004,玉野競輪,4R,17:15,2-3,2,3,26.6,0.0358981627615956,-0.04510887054155688
6120260316010012,玉野競輪,12R,20:30,2-3,2,3,7.9,0.12082002667028717,-0.045521789304731275
3120260316010005,松戸競輪,5R,22:10,2-6,2,6,16.8,0.05676696326255368,-0.04631501718909814
4320260314030012,岐阜競輪,12R,16:21,1-5,1,5,15.1,0.06315200108995934,-0.046404783541613925
3120260316010005,松戸競輪,5R,22:10,2-5,2,5,16.8,0.05645810222329667,-0.05150388264861594
6120260316010006,玉野競輪,6R,18:03,1-2,1,2,22.5,0.041694830669504274,-0.06186630993615383
6120260316010011,玉野競輪,11R,20:05,5-7,5,7,30.9,0.030305357004821613,-0.06356446855101217
3620260316010008,小田原競輪,8R,14:03,1-7,1,7,12.4,0.07540908051102542,-0.06492740166328481
5320260314030001,奈良競輪,1R,11:21,3-4,3,4,14.6,0.06397563815767612,-0.06595568289792864
4320260314030008,岐阜競輪,8R,14:12,3-7,3,7,19.8,0.047094531489385374,-0.06752827651016957
3620260316010011,小田原競輪,11R,15:33,1-2,1,2,14.7,0.06317753186904816,-0.07129028152499206
5320260314030006,奈良競輪,6R,13:27,1-3,1,3,29.3,0.03168548451014695,-0.07161530385269432
3120260316010003,松戸競輪,3R,21:30,1-4,1,4,20.2,0.04591088261976449,-0.07260017108075734
4320260314030009,岐阜競輪,9R,14:41,2-7,2,7,14.8,0.06253488874386776,-0.07448364659075712
4320260314030009,岐阜競輪,9R,14:41,2-3,2,3,15.8,0.058510552139241744,-0.0755332761999804
6120260316010007,玉野競輪,7R,18:27,1-7,1,7,12.5,0.07387881891053343,-0.0765147636183322
8720260314030007,熊本競輪,7R,10:55,3-4,3,4,14.6,0.06314672725091491,-0.07805778213664227
3120260316010005,松戸競輪,5R,22:10,1-2,1,2,8.4,0.10974937618858942,-0.07810524001584884
7420260316010003,高知競輪,3R,21:20,2-3,2,3,9.9,0.09260953372681419,-0.08316561610453954
7420260316010003,高知競輪,3R,21:20,3-4,3,4,16.5,0.05543827583999412,-0.08526844864009708
8720260314030006,熊本競輪,6R,10:34,1-7,1,7,26.0,0.03506223301520032,-0.08838194160479174
5320260314030009,奈良競輪,9R,14:51,2-3,2,3,13.1,0.06956433755209437,-0.08870717806756367
6120260316010009,玉野競輪,9R,19:15,2-5,2,5,15.7,0.05779335375465543,-0.09264434605190985
4320260314030004,岐阜競輪,4R,12:25,3-7,3,7,14.3,0.06320057208275008,-0.09623181921667379
5320260314030009,奈良競輪,9R,14:51,5-7,5,7,56.5,0.015938439442191105,-0.09947817151620253
5320260314030007,奈良競輪,7R,13:54,4-7,4,7,12.9,0.06978906315640485,-0.09972108528237744
4320260314030011,岐阜競輪,11R,15:45,1-4,1,4,14.1,0.06352780832622157,-0.1042579026002759
6120260316010011,玉野競輪,11R,20:05,5-6,5,6,44.1,0.02030924445409967,-0.1043623195742045
3620260316010004,小田原競輪,4R,12:17,3-4,3,4,12.7,0.07040590994052683,-0.1058449437553094
7420260316010004,高知競輪,4R,21:40,1-7,1,7,13.8,0.06477211276884211,-0.1061448437899789
6120260316010007,玉野競輪,7R,18:27,2-3,2,3,14.4,0.062042789894256524,-0.10658382552270607
4320260314030006,岐阜競輪,6R,13:18,1-2,1,2,25.1,0.03550107505675209,-0.10892301607552246
4320260314030009,岐阜競輪,9R,14:41,2-6,2,6,27.4,0.032261930839522376,-0.11602309499708696
7420260316010006,高知競輪,6R,22:20,1-6,1,6,8.2,0.10776564881492043,-0.11632167971765262
3620260316010008,小田原競輪,8R,14:03,3-4,3,4,16.2,0.054433465483601534,-0.11817785916565515
5320260314030008,奈良競輪,8R,14:21,3-4,3,4,17.6,0.05006641742640516,-0.1188310532952691
5320260314030005,奈良競輪,5R,13:00,2-6,2,6,12.4,0.0706767025022646,-0.1236088889719189
4320260314030006,岐阜競輪,6R,13:18,1-7,1,7,11.0,0.07956834691930803,-0.12474818388761166
7420260316010004,高知競輪,4R,21:40,2-3,2,3,13.8,0.06339175617654645,-0.12519376476365895
8720260314030003,熊本競輪,3R,09:31,2-4,2,4,23.3,0.03751051844950846,-0.12600492012645292
3120260316010005,松戸競輪,5R,22:10,1-7,1,7,11.2,0.07794138801314601,-0.12705645425276468
6120260316010008,玉野競輪,8R,18:51,4-7,4,7,40.1,0.021745836906817934,-0.12799194003660086
7420260316010006,高知競輪,6R,22:20,1-2,1,2,8.2,0.10598916955947962,-0.13088880961226712
4320260314030012,岐阜競輪,12R,16:21,4-6,4,6,57.9,0.015000290006422964,-0.13148320862811036
3620260316010009,小田原競輪,9R,14:31,4-5,4,5,45.2,0.01918517235062574,-0.13283020975171644
3620260316010005,小田原競輪,5R,12:42,1-2,1,2,25.4,0.034038585299479646,-0.135419933393217
5320260314030005,奈良競輪,5R,13:00,3-5,3,5,9.3,0.09291929585946582,-0.13585054850696787
7420260316010009,高知競輪,9R,23:20,1-6,1,6,11.8,0.07320999120591008,-0.13612210377026102
3120260316010002,松戸競輪,2R,21:10,1-6,1,6,15.6,0.05533528838741481,-0.1367695011563289
6120260316010012,玉野競輪,12R,20:30,3-6,3,6,14.5,0.05927590189580827,-0.14049942251078018
3620260316010005,小田原競輪,5R,12:42,6-7,6,7,16.7,0.05135187445851082,-0.14242369654286935
3120260316010005,松戸競輪,5R,22:10,4-5,4,5,33.7,0.0254386710400529,-0.1427167859502172
3120260316010003,松戸競輪,3R,21:30,1-7,1,7,13.5,0.0634632963500257,-0.14324549927465302
7420260316010005,高知競輪,5R,22:00,1-5,1,5,12.3,0.06942135384988751,-0.1461173476463835
4320260314030004,岐阜競輪,4R,12:25,3-5,3,5,43.1,0.01972870444872269,-0.14969283826005197
7420260316010003,高知競輪,3R,21:20,1-4,1,4,9.9,0.08570533072627112,-0.1515172258099159
4320260314030005,岐阜競輪,5R,12:51,2-3,2,3,57.8,0.014674929800162346,-0.15178905755061645
6120260316010008,玉野競輪,8R,18:51,2-7,2,7,21.6,0.039257060448515665,-0.15204749431206155
4320260314030002,岐阜競輪,2R,11:37,1-3,1,3,10.3,0.08206199801068753,-0.15476142048991837
6120260316010010,玉野競輪,10R,19:40,2-7,2,7,27.3,0.030854459891052077,-0.15767324497427826
6120260316010010,玉野競輪,10R,19:40,1-2,1,2,13.1,0.06422323930056179,-0.15867556516264059
3620260316010005,小田原競輪,5R,12:42,4-5,4,5,16.1,0.05215314226191306,-0.16033440958319967
8720260314030004,熊本競輪,4R,09:52,2-7,2,7,14.1,0.05948095008232193,-0.16131860383926078
3120260316010007,松戸競輪,7R,22:50,1-2,1,2,7.5,0.11182152437612469,-0.1613385671790648
4320260314030009,岐阜競輪,9R,14:41,2-5,2,5,27.3,0.030670227813102247,-0.1627027807023087
3120260316010005,松戸競輪,5R,22:10,3-6,3,6,33.7,0.024825245806694787,-0.16338921631438563
5320260314030009,奈良競輪,9R,14:51,1-4,1,4,11.4,0.07329551323438593,-0.16443114912800028
5320260314030009,奈良競輪,9R,14:51,1-6,1,6,15.2,0.05495416013780839,-0.16469676590531246
6120260316010002,玉野競輪,2R,16:27,2-4,2,4,25.6,0.03262593314835671,-0.16477611140206816
7420260316010005,高知競輪,5R,22:00,2-5,2,5,12.3,0.06785743768161037,-0.16535351651619234
3120260316010007,松戸競輪,7R,22:50,2-4,2,4,11.2,0.07451896364394185,-0.16538760718785128
3120260316010007,松戸競輪,7R,22:50,2-5,2,5,22.5,0.03708041966970503,-0.16569055743163685
4320260314030009,岐阜競輪,9R,14:41,4-5,4,5,20.2,0.04116174692462585,-0.16853271212255794
7420260316010007,高知競輪,7R,22:40,2-6,2,6,28.5,0.029138501690507135,-0.16955270182054671
6120260316010005,玉野競輪,5R,17:39,3-5,3,5,15.7,0.05277561901067342,-0.1714227815324273
3120260316010006,松戸競輪,6R,22:30,3-7,3,7,19.3,0.04292342021292413,-0.17157798989056428
6120260316010010,玉野競輪,10R,19:40,1-6,1,6,18.2,0.04542988219886112,-0.17317614398072767
5320260314030003,奈良競輪,3R,12:09,4-5,4,5,19.4,0.04255841672737458,-0.17436671548893323
6120260316010005,玉野競輪,5R,17:39,3-4,3,4,23.6,0.03497357062764171,-0.17462373318765556
6120260316010012,玉野競輪,12R,20:30,1-3,1,3,10.1,0.08143013538686263,-0.17755563259268747
3620260316010002,小田原競輪,2R,11:29,1-4,1,4,9.5,0.08616921191771398,-0.18139248678171715
5320260314030003,奈良競輪,3R,12:09,4-7,4,7,12.4,0.06595973797240506,-0.18209924914217723
3120260316010003,松戸競輪,3R,21:30,3-7,3,7,20.2,0.04039650662590722,-0.1839905661566742
3120260316010002,松戸競輪,2R,21:10,1-5,1,5,15.6,0.0523048392550564,-0.18404450762112023
3120260316010007,松戸競輪,7R,22:50,3-6,3,6,22.5,0.036261489229257524,-0.18411649234170568
5320260314030002,奈良競輪,2R,11:45,1-3,1,3,12.5,0.06493719524733148,-0.1882850594083565
6120260316010009,玉野競輪,9R,19:15,3-5,3,5,24.1,0.03361891346603814,-0.18978418546848086
3120260316010005,松戸競輪,5R,22:10,1-5,1,5,11.2,0.07222036387149557,-0.19113192463924966
3120260316010007,松戸競輪,7R,22:50,1-6,1,6,11.2,0.07219082181155577,-0.19146279571057545
3620260316010005,小田原競輪,5R,12:42,2-5,2,5,11.0,0.07347761885620899,-0.1917461925817011
7420260316010005,高知競輪,5R,22:00,2-4,2,4,12.3,0.06537307680019604,-0.19591115535758874
5320260314030006,奈良競輪,6R,13:27,2-3,2,3,12.2,0.06586334629071533,-0.19646717525327306
7420260316010009,高知競輪,9R,23:20,2-3,2,3,15.7,0.051115087872274964,-0.1974931204052831
8720260314030001,熊本競輪,1R,08:50,2-3,2,3,9.8,0.08171404591930381,-0.19920234999082254
5320260314030002,奈良競輪,2R,11:45,3-4,3,4,20.2,0.03961393408085516,-0.19979853156672578
7420260316010003,高知競輪,3R,21:20,2-7,2,7,49.5,0.01614389757245131,-0.2008770701636602
3620260316010002,小田原競輪,2R,11:29,2-5,2,5,26.8,0.029788949789817006,-0.20165614563290424
5320260314030003,奈良競輪,3R,12:09,5-7,5,7,18.5,0.04311250161935406,-0.20241872004194994
4320260314030001,岐阜競輪,1R,11:13,1-5,1,5,19.5,0.04089248603931364,-0.20259652223338398
3620260316010012,小田原競輪,12R,16:09,2-7,2,7,17.0,0.04666713094731456,-0.20665877389565246
3620260316010008,小田原競輪,8R,14:03,1-5,1,5,11.0,0.07207644883377692,-0.20715906282845387
4320260314030002,岐阜競輪,2R,11:37,3-4,3,4,124.1,0.0063816846305141065,-0.2080329373531994
6120260316010008,玉野競輪,8R,18:51,1-3,1,3,10.4,0.07610559585192919,-0.20850180313993638
6120260316010011,玉野競輪,11R,20:05,1-4,1,4,9.0,0.08744857531526767,-0.212962822162591
3620260316010002,小田原競輪,2R,11:29,2-7,2,7,10.9,0.07211859158040981,-0.21390735177353304
6120260316010008,玉野競輪,8R,18:51,4-6,4,6,46.8,0.01678136972296416,-0.2146318969652773
7420260316010009,高知競輪,9R,23:20,3-4,3,4,15.7,0.04999130164606009,-0.21513656415685667
5320260314030004,奈良競輪,4R,12:33,2-7,2,7,43.2,0.01815751850646806,-0.2155952005205798
4320260314030010,岐阜競輪,10R,15:11,2-6,2,6,22.9,0.03417606717516504,-0.2173680616887207
8720260314030001,熊本競輪,1R,08:50,3-4,3,4,38.0,0.020571572807561635,-0.2182802333126579
4320260314030010,岐阜競輪,10R,15:11,1-7,1,7,11.9,0.06550260488758639,-0.220519001837722
4320260314030003,岐阜競輪,3R,12:01,3-6,3,6,24.4,0.03172366052540493,-0.22594268318011979
3120260316010003,松戸競輪,3R,21:30,1-6,1,6,13.5,0.05730364012666185,-0.22640085829006507
6120260316010012,玉野競輪,12R,20:30,4-7,4,7,49.0,0.01575196609416045,-0.22815366138613802
4320260314030009,岐阜競輪,9R,14:41,4-7,4,7,9.0,0.08529709873528224,-0.23232611138245984
5320260314030008,奈良競輪,8R,14:21,5-7,5,7,12.8,0.05997433844750879,-0.23232846787188743
3620260316010010,小田原競輪,10R,15:01,3-5,3,5,6.8,0.11266101988568207,-0.23390506477736195
7420260316010009,高知競輪,9R,23:20,1-3,1,3,9.4,0.08140779395943808,-0.23476673678128201
8720260314030004,熊本競輪,4R,09:52,1-5,1,5,15.9,0.04806929050069308,-0.23569828103898005
8720260314030005,熊本競輪,5R,10:13,3-5,3,5,14.7,0.05190304515071906,-0.23702523628442995
6120260316010006,玉野競輪,6R,18:03,3-6,3,6,14.3,0.05326070302033624,-0.23837194680919171
6120260316010010,玉野競輪,10R,19:40,3-4,3,4,10.9,0.06973152725436388,-0.2399263529274337
3120260316010004,松戸競輪,4R,21:50,1-5,1,5,9.0,0.08419602310220785,-0.24223579208012935
8720260314030004,熊本競輪,4R,09:52,5-7,5,7,23.9,0.03168841674369977,-0.24264683982557544
6120260316010007,玉野競輪,7R,18:27,1-3,1,3,18.0,0.042069294066523356,-0.24275270680257954
3120260316010009,松戸競輪,9R,23:30,3-5,3,5,17.5,0.043215448228583406,-0.24372965599979035
6120260316010009,玉野競輪,9R,19:15,3-7,3,7,22.6,0.03343295759911972,-0.24441515825989435
3120260316010009,松戸競輪,9R,23:30,2-3,2,3,10.9,0.06929713102862992,-0.24466127178793384
3120260316010004,松戸競輪,4R,21:50,1-3,1,3,9.0,0.08383159396389865,-0.24551565432491218
4320260314030005,岐阜競輪,5R,12:51,2-7,2,7,23.7,0.031828766133877126,-0.2456582426271121
3120260316010003,松戸競輪,3R,21:30,4-7,4,7,40.5,0.018546260616057672,-0.24887644504966433
3120260316010005,松戸競輪,5R,22:10,3-7,3,7,33.7,0.022279620344496157,-0.24917679439047946
6120260316010005,玉野競輪,5R,17:39,3-6,3,6,18.5,0.04050006599060696,-0.25074877917377125
6120260316010006,玉野競輪,6R,18:03,4-6,4,6,24.2,0.03094611889928326,-0.25110392263734516
4320260314030001,岐阜競輪,1R,11:13,4-5,4,5,14.1,0.05299382372657514,-0.2527870854552905
6120260316010001,玉野競輪,1R,16:03,2-5,2,5,14.2,0.052594963224572515,-0.2531515222110703
4320260314030005,岐阜競輪,5R,12:51,1-2,1,2,14.6,0.051123962955007735,-0.25359014085688714
3120260316010005,松戸競輪,5R,22:10,3-5,3,5,33.7,0.022126490996852245,-0.25433725340607927
3620260316010007,小田原競輪,7R,13:36,1-4,1,4,14.9,0.04961730187048005,-0.2607022021298472
6120260316010004,玉野競輪,4R,17:15,5-7,5,7,10.5,0.07034003515599607,-0.2614296308620412
5320260314030011,奈良競輪,11R,15:57,6-7,6,7,11.8,0.062453130368106485,-0.26305306165634346
3620260316010001,小田原競輪,1R,11:05,1-7,1,7,7.8,0.09438838662781776,-0.26377058430302147
4320260314030004,岐阜競輪,4R,12:25,4-7,4,7,10.5,0.06997437848093764,-0.2652690259501548
6120260316010005,玉野競輪,5R,17:39,5-6,5,6,14.4,0.05097610819779595,-0.26594404195173826
6120260316010010,玉野競輪,10R,19:40,5-7,5,7,25.2,0.02912616912674135,-0.266020538006118
8720260314030006,熊本競輪,6R,10:34,1-2,1,2,7.6,0.09636235062390744,-0.2676461352583035
6120260316010003,玉野競輪,3R,16:51,1-2,1,2,8.2,0.08924455592809613,-0.2681946413896118
3620260316010010,小田原競輪,10R,15:01,1-7,1,7,41.9,0.017357990634659443,-0.2727001924077693
4320260314030001,岐阜競輪,1R,11:13,3-5,3,5,16.0,0.04544442586371572,-0.27288918618054847
3620260316010008,小田原競輪,8R,14:03,5-7,5,7,22.5,0.03231154494559469,-0.2729902387241194
6120260316010005,玉野競輪,5R,17:39,5-7,5,7,16.2,0.04483996285690384,-0.2735926017181579
7420260316010006,高知競輪,6R,22:20,3-4,3,4,24.7,0.02937835827951613,-0.2743545504959516
4320260314030012,岐阜競輪,12R,16:21,1-6,1,6,25.2,0.028730812105373725,-0.27598353494458217
8720260314030007,熊本競輪,7R,10:55,2-6,2,6,64.8,0.011149403306477547,-0.27751866574025497
6120260316010012,玉野競輪,12R,20:30,6-7,6,7,44.3,0.016300805695950032,-0.2778743076694137
4320260314030002,岐阜競輪,2R,11:37,4-5,4,5,75.6,0.009548009334031451,-0.2781704943472223
6120260316010012,玉野競輪,12R,20:30,3-7,3,7,11.9,0.060653419807143664,-0.27822430429499034
7420260316010001,高知競輪,1R,20:40,1-3,1,3,10.9,0.06606465382360706,-0.27989527332268305
5320260314030004,奈良競輪,4R,12:33,5-7,5,7,29.5,0.024374188062929354,-0.28096145214358403
3620260316010009,小田原競輪,9R,14:31,3-7,3,7,13.8,0.05191650006072428,-0.283552299162005
3620260316010007,小田原競輪,7R,13:36,2-5,2,5,14.1,0.050660514671916804,-0.2856867431259731
4320260314030009,岐阜競輪,9R,14:41,2-4,2,4,11.9,0.059972866785404505,-0.2863228852536863
4320260314030005,岐阜競輪,5R,12:51,4-7,4,7,9.5,0.07511370608627206,-0.28641979218041547
6120260316010005,玉野競輪,5R,17:39,1-3,1,3,12.3,0.0579434559968469,-0.28729549123878306
3120260316010004,松戸競輪,4R,21:50,1-2,1,2,6.0,0.11822858588609711,-0.2906284846834173
4320260314030010,岐阜競輪,10R,15:11,2-3,2,3,15.7,0.04517938194542548,-0.29068370345682004
4320260314030011,岐阜競輪,11R,15:45,3-4,3,4,6.7,0.10581051011423437,-0.29106958223462975
6120260316010001,玉野競輪,1R,16:03,4-5,4,5,14.6,0.04853563413185487,-0.291379741674919
3120260316010003,松戸競輪,3R,21:30,2-4,2,4,20.2,0.035052764357147985,-0.2919341599856107
8720260314030003,熊本競輪,3R,09:31,1-2,1,2,7.6,0.09314919097059933,-0.29206614862344515
6120260316010006,玉野競輪,6R,18:03,2-5,2,5,17.5,0.040383361485196334,-0.2932911740090641
7420260316010004,高知競輪,4R,21:40,1-5,1,5,9.2,0.07669201134118331,-0.29443349566111365
3620260316010005,小田原競輪,5R,12:42,5-7,5,7,7.0,0.10069953839266742,-0.2951032312513281
6120260316010010,玉野競輪,10R,19:40,1-3,1,3,9.3,0.07577811237332222,-0.2952635549281033
6120260316010011,玉野競輪,11R,20:05,3-7,3,7,18.1,0.0388812587548661,-0.2962492165369235
3120260316010003,松戸競輪,3R,21:30,3-5,3,5,13.5,0.052101702329440724,-0.29662701855255025
3620260316010012,小田原競輪,12R,16:09,1-6,1,6,136.6,0.0051167036750743074,-0.30105827798484963
4320260314030005,岐阜競輪,5R,12:51,1-4,1,4,6.4,0.10845814813560128,-0.3058678519321517
4320260314030010,岐阜競輪,10R,15:11,3-4,3,4,10.6,0.06542788552115816,-0.3064644134757235
4320260314030001,岐阜競輪,1R,11:13,3-7,3,7,9.3,0.07413483075873695,-0.31054607394374634
6120260316010011,玉野競輪,11R,20:05,2-5,2,5,18.1,0.03797414028006836,-0.3126680609307626
6120260316010002,玉野競輪,2R,16:27,3-5,3,5,8.0,0.08563146634975838,-0.314948269201933
3120260316010003,松戸競輪,3R,21:30,1-2,1,2,8.1,0.08455089418828746,-0.3151377570748717
5320260314030006,奈良競輪,6R,13:27,3-5,3,5,10.8,0.06336314681632535,-0.31567801438368615
6120260316010001,玉野競輪,1R,16:03,1-4,1,4,10.2,0.06692238043787628,-0.31739171953366196
3120260316010009,松戸競輪,9R,23:30,1-4,1,4,9.7,0.06990204883296058,-0.3219501263202824
6120260316010006,玉野競輪,6R,18:03,1-5,1,5,21.0,0.03219747398105842,-0.32385304639777324
5320260314030006,奈良競輪,6R,13:27,2-4,2,4,9.4,0.07164325963833862,-0.32655335939961694
3620260316010009,小田原競輪,9R,14:31,2-7,2,7,6.6,0.10186759600560041,-0.3276738663630373
8720260314030007,熊本競輪,7R,10:55,1-4,1,4,11.0,0.06102323789681928,-0.3287443831349879
6120260316010008,玉野競輪,8R,18:51,2-6,2,6,18.7,0.035883973573674496,-0.32896969417228694
4320260314030001,岐阜競輪,1R,11:13,1-3,1,3,18.6,0.03605649057119668,-0.32934927537574177
7420260316010007,高知競輪,7R,22:40,1-3,1,3,9.5,0.07040218947004484,-0.331179200034574
3120260316010007,松戸競輪,7R,22:50,2-3,2,3,11.2,0.05965245374940285,-0.33189251800668806
3620260316010007,小田原競輪,7R,13:36,1-2,1,2,6.9,0.09646763123936583,-0.33437334444837574
7420260316010003,高知競輪,3R,21:20,2-4,2,4,8.2,0.08105525952736185,-0.33534687187563283
6120260316010007,玉野競輪,7R,18:27,1-6,1,6,20.5,0.03239047928647111,-0.3359951746273422
6120260316010009,玉野競輪,9R,19:15,2-6,2,6,13.9,0.04764723278331705,-0.337703464311893
5320260314030007,奈良競輪,7R,13:54,1-3,1,3,12.5,0.05293578895208326,-0.33830263809895933
4320260314030006,岐阜競輪,6R,13:18,2-4,2,4,16.1,0.04092457823373233,-0.34111429043690944
4320260314030004,岐阜競輪,4R,12:25,2-4,2,4,12.9,0.05106113008893802,-0.34131142185269947
7420260316010009,高知競輪,9R,23:20,3-5,3,5,15.7,0.04188443497943983,-0.3424143708227947
3620260316010001,小田原競輪,1R,11:05,2-7,2,7,14.5,0.04528830211817851,-0.34331961928641164
6120260316010003,玉野競輪,3R,16:51,5-7,5,7,15.3,0.04290403301665517,-0.3435682948451758
5320260314030008,奈良競輪,8R,14:21,1-5,1,5,8.8,0.07410341122531763,-0.3478899812172048
7420260316010006,高知競輪,6R,22:20,2-5,2,5,24.7,0.02638011657849656,-0.348411120511135
8720260314030007,熊本競輪,7R,10:55,4-5,4,5,21.1,0.030855063045154098,-0.34895816974724847
3120260316010007,松戸競輪,7R,22:50,2-6,2,6,11.2,0.058021793720554854,-0.35015591032978566
4320260314030001,岐阜競輪,1R,11:13,2-5,2,5,16.5,0.03938270939144397,-0.35018529504117446
6120260316010005,玉野競輪,5R,17:39,1-5,1,5,9.2,0.0705029348275864,-0.35137299958620516
8720260314030004,熊本競輪,4R,09:52,3-5,3,5,9.9,0.06541333008025041,-0.35240803220552097
4320260314030003,岐阜競輪,3R,12:01,1-7,1,7,14.5,0.04461688208166929,-0.3530552098157953
7420260316010007,高知競輪,7R,22:40,1-6,1,6,14.2,0.045516088225647934,-0.3536715471957994
6120260316010005,玉野競輪,5R,17:39,3-7,3,7,20.0,0.03218936841191408,-0.35621263176171836
5320260314030011,奈良競輪,11R,15:57,2-5,2,5,10.3,0.06247162462800601,-0.35654226633153807
3120260316010009,松戸競輪,9R,23:30,2-6,2,6,17.5,0.036756252244501506,-0.35676558572122363
5320260314030007,奈良競輪,7R,13:54,3-5,3,5,10.9,0.05900190721043558,-0.35687921140625223
7420260316010009,高知競輪,9R,23:20,1-4,1,4,7.8,0.08226468485302654,-0.358335458146393
3120260316010005,松戸競輪,5R,22:10,3-4,3,4,33.7,0.01902714780022086,-0.35878511913255695
4320260314030008,岐阜競輪,8R,14:12,3-4,3,4,11.9,0.05355587502857361,-0.36268508715997405
3120260316010009,松戸競輪,9R,23:30,2-5,2,5,9.7,0.06542759703486342,-0.3653523087618249
6120260316010006,玉野競輪,6R,18:03,1-4,1,4,13.1,0.04841684149920279,-0.3657393763604434
3620260316010005,小田原競輪,5R,12:42,2-7,2,7,10.9,0.05804431551735094,-0.36731696086087473
3620260316010008,小田原競輪,8R,14:03,3-7,3,7,23.1,0.02734572467315019,-0.36831376005023053
3120260316010004,松戸競輪,4R,21:50,1-7,1,7,9.0,0.07017488669194206,-0.36842601977252143
4320260314030008,岐阜競輪,8R,14:12,3-5,3,5,4.6,0.13720676396967818,-0.3688488857394804
3120260316010001,松戸競輪,1R,20:50,2-4,2,4,8.4,0.07496587832542709,-0.3702866220664124
4320260314030007,岐阜競輪,7R,13:45,1-3,1,3,13.9,0.045288397936500566,-0.37049126868264215
6120260316010008,玉野競輪,8R,18:51,1-4,1,4,23.4,0.026847129717835844,-0.3717771646026413
4320260314030008,岐阜競輪,8R,14:12,4-5,4,5,10.1,0.06182111027469489,-0.37560678622558163
3120260316010003,松戸競輪,3R,21:30,1-5,1,5,8.1,0.07689606649980396,-0.3771418613515879
8720260314030004,熊本競輪,4R,09:52,3-4,3,4,14.6,0.04265709879261242,-0.3772063576278587
7420260316010007,高知競輪,7R,22:40,1-7,1,7,9.5,0.06513097376492162,-0.38125574923324457
3120260316010009,松戸競輪,9R,23:30,3-4,3,4,14.6,0.04235184135904617,-0.3816631161579259
4320260314030002,岐阜競輪,2R,11:37,1-5,1,5,5.7,0.10783707578822913,-0.385328668007094
5320260314030007,奈良競輪,7R,13:54,3-4,3,4,7.1,0.08656465320929202,-0.3853909622140267
3620260316010010,小田原競輪,10R,15:01,5-7,5,7,22.5,0.027315768936074684,-0.38539519893831964
6120260316010009,玉野競輪,9R,19:15,5-7,5,7,21.3,0.028774591935583307,-0.3871011917720756
3120260316010002,松戸競輪,2R,21:10,1-3,1,3,8.6,0.07113069862257002,-0.3882759918458979
6120260316010008,玉野競輪,8R,18:51,5-7,5,7,11.7,0.0519753256836855,-0.39188868950087974
6120260316010007,玉野競輪,7R,18:27,1-4,1,4,36.0,0.016884153898303538,-0.39217045966107267
5320260314030003,奈良競輪,3R,12:09,1-6,1,6,12.9,0.04697736826180855,-0.3939919494226697
7420260316010007,高知競輪,7R,22:40,2-7,2,7,14.2,0.04262213629963846,-0.39476566454513395
3120260316010005,松戸競輪,5R,22:10,1-6,1,6,8.4,0.07174657580120511,-0.3973287632698771
6120260316010009,玉野競輪,9R,19:15,5-6,5,6,30.1,0.019991956036313978,-0.3982421233069492
5320260314030001,奈良競輪,1R,11:21,4-6,4,6,3.8,0.15805908980207575,-0.3993754587521122
4320260314030010,岐阜競輪,10R,15:11,1-3,1,3,9.4,0.06345688728424981,-0.40350525952805183
4320260314030008,岐阜競輪,8R,14:12,1-5,1,5,10.2,0.058427856401513795,-0.4040358647045593
6120260316010006,玉野競輪,6R,18:03,3-5,3,5,8.0,0.07422482678017642,-0.40620138575858866
5320260314030011,奈良競輪,11R,15:57,1-3,1,3,22.0,0.02698645891919034,-0.4062979037778125
3120260316010009,松戸競輪,9R,23:30,1-3,1,3,7.9,0.07468677320199936,-0.4099744917042051
7420260316010007,高知競輪,7R,22:40,3-4,3,4,14.2,0.04141106612112011,-0.4119628610800945
7420260316010003,高知競輪,3R,21:20,3-5,3,5,16.5,0.03559919829751492,-0.41261322809100376
4320260314030006,岐阜競輪,6R,13:18,4-5,4,5,11.4,0.05143812772219562,-0.4136053439669699
4320260314030010,岐阜競輪,10R,15:11,2-5,2,5,25.0,0.023447318608158824,-0.4138170347960294
3120260316010005,松戸競輪,5R,22:10,2-4,2,4,11.2,0.051994239942659275,-0.41766451264221616
5320260314030011,奈良競輪,11R,15:57,2-4,2,4,14.5,0.04012618411772727,-0.4181703302929546
5320260314030010,奈良競輪,10R,15:21,1-2,1,2,10.2,0.05691868163390232,-0.4194294473341964
3620260316010012,小田原競輪,12R,16:09,3-4,3,4,4.8,0.12092959544900903,-0.4195379418447567
6120260316010001,玉野競輪,1R,16:03,1-6,1,6,10.0,0.05786272975326003,-0.42137270246739966
3120260316010003,松戸競輪,3R,21:30,3-4,3,4,20.2,0.02847592804221267,-0.42478625354730415
3120260316010007,松戸競輪,7R,22:50,1-7,1,7,11.2,0.0508215973263524,-0.4307981099448531
7420260316010006,高知競輪,6R,22:20,1-3,1,3,6.1,0.09276148538943257,-0.43415493912446135
3620260316010001,小田原競輪,1R,11:05,1-4,1,4,6.3,0.08963873035889636,-0.43527599873895295
7420260316010009,高知競輪,9R,23:20,1-7,1,7,11.8,0.04773113873884986,-0.4367725628815716
7420260316010007,高知競輪,7R,22:40,2-5,2,5,9.5,0.059188758024564664,-0.43770679876663565
8720260314030002,熊本競輪,2R,09:10,4-5,4,5,4.9,0.11474440662841273,-0.4377524075207776
3120260316010002,松戸競輪,2R,21:10,2-4,2,4,8.0,0.07023138678920193,-0.43814890568638454
3120260316010001,松戸競輪,1R,20:50,2-3,2,3,6.3,0.0885012285145618,-0.44244226035826073
5320260314030004,奈良競輪,4R,12:33,1-3,1,3,5.8,0.09590875160786788,-0.44372924067436625
5320260314030007,奈良競輪,7R,13:54,1-2,1,2,14.6,0.03806856125390908,-0.44419900569292736
5320260314030004,奈良競輪,4R,12:33,2-5,2,5,13.3,0.041721460057586354,-0.44510458123410146
7420260316010008,高知競輪,8R,23:00,2-6,2,6,20.2,0.02738050370531687,-0.44691382515259925
7420260316010006,高知競輪,6R,22:20,1-5,1,5,8.2,0.06735765111902745,-0.447667260823975
3120260316010007,松戸競輪,7R,22:50,1-5,1,5,11.2,0.04923536843187258,-0.4485638735630272
3120260316010009,松戸競輪,9R,23:30,6-7,6,7,43.8,0.012586198996755778,-0.44872448394209696
3120260316010005,松戸競輪,5R,22:10,1-3,1,3,8.4,0.06551388443415487,-0.44968337075309905
7420260316010005,高知競輪,5R,22:00,1-4,1,4,8.2,0.0670756311287312,-0.44997982474440423
6120260316010006,玉野競輪,6R,18:03,1-6,1,6,28.6,0.019199677642308288,-0.45088921942998295
8720260314030007,熊本競輪,7R,10:55,1-3,1,3,6.3,0.08708083067901504,-0.45139076672220524
4320260314030012,岐阜競輪,12R,16:21,1-4,1,4,20.5,0.026721376202431948,-0.45221178785014504
3620260316010012,小田原競輪,12R,16:09,3-6,3,6,29.3,0.01868297259697412,-0.4525889029086583
8720260314030002,熊本競輪,2R,09:10,3-5,3,5,8.9,0.06125531499550284,-0.45482769654002475
8720260314030001,熊本競輪,1R,08:50,3-5,3,5,8.1,0.06719988887164247,-0.4556809001396961
3120260316010007,松戸競輪,7R,22:50,3-4,3,4,11.2,0.04848627567353331,-0.456953712456427
5320260314030002,奈良競輪,2R,11:45,2-4,2,4,6.3,0.08602402178055119,-0.45804866278252754
6120260316010009,玉野競輪,9R,19:15,1-5,1,5,14.4,0.03759104375799632,-0.45868896988485297
6120260316010012,玉野競輪,12R,20:30,2-7,2,7,12.2,0.044236911797267416,-0.4603096760733376
3620260316010010,小田原競輪,10R,15:01,1-3,1,3,6.2,0.08671905199343044,-0.4623418776407312
6120260316010011,玉野競輪,11R,20:05,1-2,1,2,7.5,0.07157907382117798,-0.4631569463411651
8720260314030004,熊本競輪,4R,09:52,5-6,5,6,22.1,0.024216309037821026,-0.4648195702641553
4320260314030012,岐阜競輪,12R,16:21,4-7,4,7,12.6,0.04246639692940238,-0.46492339868953003
5320260314030006,奈良競輪,6R,13:27,1-7,1,7,32.6,0.01641271476250133,-0.4649454987424566
7420260316010007,高知競輪,7R,22:40,5-6,5,6,28.5,0.018765233112853157,-0.46519085628368506
7420260316010004,高知競輪,4R,21:40,1-4,1,4,9.2,0.05804417305227704,-0.4659936079190513
4320260314030003,岐阜競輪,3R,12:01,1-2,1,2,8.4,0.06345039707130867,-0.4670166646010071
6120260316010007,玉野競輪,7R,18:27,5-7,5,7,7.5,0.07102483567488757,-0.4673137324383432
6120260316010001,玉野競輪,1R,16:03,1-5,1,5,7.2,0.07370676304187919,-0.4693113060984698
3620260316010008,小田原競輪,8R,14:03,2-7,2,7,16.1,0.03287263138038553,-0.47075063477579293
3120260316010004,松戸競輪,4R,21:50,1-4,1,4,9.0,0.0587563788777764,-0.47119259010001247
4320260314030005,岐阜競輪,5R,12:51,1-3,1,3,9.5,0.05519362045848574,-0.4756606056443855
5320260314030006,奈良競輪,6R,13:27,1-2,1,2,9.1,0.057619107408134,-0.4756661225859806
8720260314030003,熊本競輪,3R,09:31,1-7,1,7,7.1,0.07381685161965394,-0.475900353500457
7420260316010008,高知競輪,8R,23:00,4-6,4,6,20.2,0.025922888942580893,-0.47635764335986597
3620260316010002,小田原競輪,2R,11:29,1-2,1,2,8.3,0.062415638926148154,-0.48195019691297025
6120260316010007,玉野競輪,7R,18:27,4-5,4,5,32.0,0.016120925248414388,-0.4841303920507396
6120260316010012,玉野競輪,12R,20:30,1-6,1,6,20.2,0.025481924905326976,-0.48526511691239516
6120260316010010,玉野競輪,10R,19:40,2-5,2,5,20.4,0.025074070073100377,-0.4884889705087524
4320260314030002,岐阜競輪,2R,11:37,1-4,1,4,18.9,0.02673444995526022,-0.49471889584558193
4320260314030007,岐阜競輪,7R,13:45,5-7,5,7,10.8,0.04671921128526169,-0.49543251811917366
4320260314030003,岐阜競輪,3R,12:01,1-5,1,5,5.2,0.09649051136727693,-0.49824934089015993
4320260314030003,岐阜競輪,3R,12:01,5-7,5,7,9.3,0.05375928505285106,-0.5000386490084852
7420260316010008,高知競輪,8R,23:00,1-6,1,6,10.1,0.049385774178182386,-0.5012036808003579
4320260314030012,岐阜競輪,12R,16:21,4-5,4,5,14.5,0.03439192799650309,-0.5013170440507052
3620260316010006,小田原競輪,6R,13:09,2-5,2,5,6.7,0.07436449758014921,-0.5017578662130002
6120260316010009,玉野競輪,9R,19:15,3-4,3,4,8.2,0.0604693772374099,-0.5041511066532389
3120260316010004,松戸競輪,4R,21:50,2-7,2,7,9.0,0.055020203199224973,-0.5048181712069753
6120260316010008,玉野競輪,8R,18:51,6-7,6,7,15.6,0.03164954509321985,-0.5062670965457703
3620260316010007,小田原競輪,7R,13:36,2-6,2,6,11.1,0.044038498170887355,-0.5111726703031504
3620260316010012,小田原競輪,12R,16:09,2-4,2,4,6.1,0.08012767633106065,-0.5112211743805302
3620260316010003,小田原競輪,3R,11:53,3-5,3,5,6.0,0.08144954507653708,-0.5113027295407775
7420260316010009,高知競輪,9R,23:20,1-5,1,5,6.7,0.07192307212350532,-0.5181154167725144
6120260316010007,玉野競輪,7R,18:27,2-5,2,5,9.9,0.04848647857866013,-0.5199838620712647
3120260316010007,松戸競輪,7R,22:50,6-7,6,7,22.5,0.02126747142067134,-0.5214818930348948
3620260316010003,小田原競輪,3R,11:53,3-7,3,7,5.7,0.0839103231476608,-0.5217111580583335
7420260316010004,高知競輪,4R,21:40,1-6,1,6,6.9,0.06906452858386285,-0.5234547527713463
8720260314030005,熊本競輪,5R,10:13,1-7,1,7,19.4,0.02452155775120382,-0.5242817796266459
4320260314030001,岐阜競輪,1R,11:13,5-7,5,7,5.4,0.08745699975299721,-0.527732201333815
3620260316010002,小田原競輪,2R,11:29,2-3,2,3,20.9,0.022574745276370337,-0.52818782372386
7420260316010005,高知競輪,5R,22:00,1-3,1,3,8.2,0.057497774486247856,-0.5285182492127676
3620260316010012,小田原競輪,12R,16:09,1-3,1,3,7.9,0.05949337273757491,-0.5300023553731582
7420260316010004,高知競輪,4R,21:40,3-6,3,6,13.8,0.034026188109723646,-0.5304386040858137
3120260316010007,松戸競輪,7R,22:50,5-6,5,6,22.5,0.020843308428786136,-0.531025560352312
5320260314030001,奈良競輪,1R,11:21,1-4,1,4,6.1,0.076699290983931,-0.5321343249980209
7420260316010006,高知競輪,6R,22:20,1-4,1,4,6.1,0.0765847952688782,-0.532832748859843
7420260316010005,高知競輪,5R,22:00,2-7,2,7,12.3,0.037896200672292726,-0.5338767317307994
5320260314030001,奈良競輪,1R,11:21,1-6,1,6,3.3,0.1408979773371696,-0.5350366747873403
3620260316010011,小田原競輪,11R,15:33,2-7,2,7,9.6,0.04835348987969751,-0.5358064971549039
7420260316010005,高知競輪,5R,22:00,2-3,2,3,8.2,0.056369524255984946,-0.5377699011009235
3120260316010003,松戸競輪,3R,21:30,2-3,2,3,8.1,0.056700424612379265,-0.540726560639728
4320260314030008,岐阜競輪,8R,14:12,1-3,1,3,8.9,0.05150903929399572,-0.5415695502834381
5320260314030006,奈良競輪,6R,13:27,2-5,2,5,4.5,0.10177141278276179,-0.542028642477572
3620260316010002,小田原競輪,2R,11:29,2-4,2,4,7.6,0.060055024851384906,-0.5435818111294748
5320260314030004,奈良競輪,4R,12:33,1-4,1,4,10.1,0.04516693654307992,-0.5438139409148928
6120260316010007,玉野競輪,7R,18:27,4-7,4,7,9.6,0.04733412604221799,-0.5455923899947073
3120260316010005,松戸競輪,5R,22:10,1-4,1,4,6.7,0.06696527756832818,-0.5513326402922012
7420260316010004,高知競輪,4R,21:40,4-7,4,7,27.7,0.01613185638030182,-0.5531475782656395
8720260314030004,熊本競輪,4R,09:52,3-7,3,7,11.2,0.03973326825217178,-0.5549873955756761
4320260314030008,岐阜競輪,8R,14:12,1-7,1,7,24.6,0.018066484210583794,-0.5555644884196387
4320260314030012,岐阜競輪,12R,16:21,2-7,2,7,6.2,0.07091840043075223,-0.5603059173293361
3120260316010005,松戸競輪,5R,22:10,4-7,4,7,16.8,0.02615311288757753,-0.5606277034886975
7420260316010006,高知競輪,6R,22:20,1-7,1,7,4.9,0.08948959291611941,-0.5615009947110149
6120260316010002,玉野競輪,2R,16:27,2-5,2,5,6.2,0.07048293169879946,-0.5630058234674433
5320260314030007,奈良競輪,7R,13:54,1-4,1,4,7.2,0.060574283126642994,-0.5638651614881705
6120260316010005,玉野競輪,5R,17:39,6-7,6,7,13.6,0.0319815213888175,-0.5650513091120821
4320260314030006,岐阜競輪,6R,13:18,1-5,1,5,9.4,0.04623319465627993,-0.5654079702309687
3120260316010009,松戸競輪,9R,23:30,4-6,4,6,21.9,0.019638005834834382,-0.569927672217127
7420260316010002,高知競輪,2R,21:00,1-4,1,4,6.4,0.0670347847106037,-0.5709773778521363
7420260316010005,高知競輪,5R,22:00,1-2,1,2,4.9,0.08713069138868847,-0.5730596121954266
3120260316010007,松戸競輪,7R,22:50,2-7,2,7,11.2,0.03810234558983469,-0.5732537293938516
6120260316010008,玉野競輪,8R,18:51,1-7,1,7,10.4,0.04092827362252933,-0.574345954325695
8720260314030004,熊本競輪,4R,09:52,4-7,4,7,20.7,0.020547881495551246,-0.5746588530420892
4320260314030009,岐阜競輪,9R,14:41,1-7,1,7,7.7,0.05509121595412864,-0.5757976371532094
6120260316010007,玉野競輪,7R,18:27,2-4,2,4,13.7,0.03095774286595585,-0.575878922736405
5320260314030008,奈良競輪,8R,14:21,4-5,4,5,4.2,0.10092760461759492,-0.5761040606061013
3620260316010006,小田原競輪,6R,13:09,1-2,1,2,3.8,0.11144455394972419,-0.5765106949910481
7420260316010007,高知競輪,7R,22:40,2-3,2,3,9.5,0.0443509654284581,-0.578665828429648
7420260316010003,高知競輪,3R,21:20,1-7,1,7,24.7,0.01702034810928897,-0.5795974017005624
3120260316010007,松戸競輪,7R,22:50,1-3,1,3,5.6,0.07504023396452247,-0.5797746897986742
3620260316010006,小田原競輪,6R,13:09,3-7,3,7,13.3,0.03158225657888816,-0.5799559875007874
4320260314030004,岐阜競輪,4R,12:25,1-7,1,7,4.6,0.0905235826414038,-0.5835915198495425
7420260316010002,高知競輪,2R,21:00,1-5,1,5,6.0,0.06938945040211436,-0.5836632975873138
6120260316010007,玉野競輪,7R,18:27,3-5,3,5,10.2,0.04037628070993439,-0.5881619367586692
3620260316010012,小田原競輪,12R,16:09,3-5,3,5,4.3,0.09561566277143319,-0.5888526500828373
3120260316010004,松戸競輪,4R,21:50,2-3,2,3,6.0,0.0683748375162565,-0.589750974902461
3120260316010004,松戸競輪,4R,21:50,2-4,2,4,9.0,0.045568554597476094,-0.5898830086227151
6120260316010008,玉野競輪,8R,18:51,1-5,1,5,6.6,0.06208822585721892,-0.5902177093423552
4320260314030012,岐阜競輪,12R,16:21,3-5,3,5,6.1,0.06713721325672997,-0.5904629991339472
4320260314030011,岐阜競輪,11R,15:45,2-7,2,7,12.9,0.03171284153263346,-0.5909043442290284
6120260316010010,玉野競輪,10R,19:40,3-7,3,7,9.9,0.04131917908199098,-0.5909401270882892
6120260316010009,玉野競輪,9R,19:15,2-3,2,3,6.9,0.058994336289514726,-0.5929390796023484
5320260314030006,奈良競輪,6R,13:27,3-6,3,6,11.1,0.036639138974022135,-0.5933055573883543
5320260314030001,奈良競輪,1R,11:21,3-6,3,6,3.2,0.12658476925619802,-0.5949287383801662
8720260314030003,熊本競輪,3R,09:31,4-7,4,7,16.1,0.025127785158803553,-0.5954426589432628
6120260316010006,玉野競輪,6R,18:03,1-3,1,3,5.3,0.07608747508980225,-0.5967363820240481
7420260316010004,高知競輪,4R,21:40,2-4,2,4,9.2,0.04380325878782877,-0.5970100191519754
6120260316010007,玉野競輪,7R,18:27,2-7,2,7,4.0,0.10033679670796905,-0.5986528131681238
7420260316010006,高知競輪,6R,22:20,2-7,2,7,12.3,0.03220051834131914,-0.6039336244017746
4320260314030008,岐阜競輪,8R,14:12,2-5,2,5,4.4,0.08970573514735598,-0.6052947653516336
7420260316010003,高知競輪,3R,21:20,3-6,3,6,9.9,0.03971491797201994,-0.6068223120770027
4320260314030004,岐阜競輪,4R,12:25,1-3,1,3,6.3,0.06225799489379879,-0.6077746321690676
3620260316010001,小田原競輪,1R,11:05,4-5,4,5,8.4,0.046590948627098006,-0.6086360315323767
7420260316010003,高知競輪,3R,21:20,1-6,1,6,6.1,0.06336981068047592,-0.6134441548490969
8720260314030007,熊本競輪,7R,10:55,4-7,4,7,5.5,0.06998250669838198,-0.6150962131588991
5320260314030006,奈良競輪,6R,13:27,5-7,5,7,8.4,0.045464587440590176,-0.6180974654990425
6120260316010005,玉野競輪,5R,17:39,2-5,2,5,6.0,0.06351802047549132,-0.6188918771470521
6120260316010006,玉野競輪,6R,18:03,3-4,3,4,3.8,0.0999707526415212,-0.6201111399622194
8720260314030007,熊本競輪,7R,10:55,3-7,3,7,3.8,0.09779994821905014,-0.6283601967676096
5320260314030010,奈良競輪,10R,15:21,1-5,1,5,5.0,0.07422386030474956,-0.6288806984762522
3120260316010004,松戸競輪,4R,21:50,2-6,2,6,9.0,0.041156714717592566,-0.629589567541667
4320260314030003,岐阜競輪,3R,12:01,1-4,1,4,7.6,0.048470244537067136,-0.6316261415182898
8720260314030007,熊本競輪,7R,10:55,1-7,1,7,3.8,0.0959592568296091,-0.6353548240474854
6120260316010005,玉野競輪,5R,17:39,1-6,1,6,6.5,0.056002968071669844,-0.635980707534146
3620260316010007,小田原競輪,7R,13:36,3-7,3,7,8.3,0.04356398508926366,-0.6384189237591116
8720260314030005,熊本競輪,5R,10:13,4-7,4,7,5.2,0.0691224712917959,-0.6405631492826613
3620260316010012,小田原競輪,12R,16:09,2-3,2,3,3.2,0.11207690120218386,-0.6413539161530116
3620260316010005,小田原競輪,5R,12:42,1-5,1,5,5.2,0.06861574629509984,-0.6431981192654808
7420260316010006,高知競輪,6R,22:20,2-3,2,3,8.2,0.04316526301516095,-0.6460448432756802
7420260316010002,高知競輪,2R,21:00,1-3,1,3,5.0,0.0701873055367443,-0.6490634723162785
5320260314030004,奈良競輪,4R,12:33,3-5,3,5,3.8,0.09209015911730985,-0.6500573953542226
5320260314030008,奈良競輪,8R,14:21,1-4,1,4,5.9,0.05890971540201369,-0.6524326791281192
4320260314030004,岐阜競輪,4R,12:25,2-7,2,7,4.1,0.08471642686172853,-0.652662649866913
5320260314030003,奈良競輪,3R,12:09,1-7,1,7,5.1,0.06731558838479035,-0.6566904992375693
5320260314030008,奈良競輪,8R,14:21,3-7,3,7,15.3,0.02218308472855974,-0.6605988036530359
5320260314030011,奈良競輪,11R,15:57,5-7,5,7,3.8,0.08823682954842552,-0.664700047715983
3120260316010005,松戸競輪,5R,22:10,2-3,2,3,6.7,0.050025929150512086,-0.664826274691569
7420260316010003,高知競輪,3R,21:20,4-5,4,5,12.3,0.027105673136507052,-0.6666002204209632
7420260316010005,高知競輪,5R,22:00,1-6,1,6,6.1,0.05419748179909774,-0.6693953610255039
6120260316010006,玉野競輪,6R,18:03,1-7,1,7,10.1,0.032220749982802624,-0.6745704251736935
4320260314030007,岐阜競輪,7R,13:45,2-5,2,5,4.3,0.07549010889453775,-0.6753925317534877
3620260316010011,小田原競輪,11R,15:33,1-7,1,7,3.9,0.08237840016992311,-0.6787242393372999
3120260316010004,松戸競輪,4R,21:50,1-6,1,6,6.0,0.053131521217851946,-0.6812108726928883
3620260316010003,小田原競輪,3R,11:53,1-5,1,5,10.5,0.030178198940678237,-0.6831289111228784
5320260314030004,奈良競輪,4R,12:33,2-3,2,3,4.9,0.06428293937165698,-0.6850135970788808
6120260316010003,玉野競輪,3R,16:51,1-5,1,5,3.6,0.0863653988165227,-0.6890845642605182
3620260316010005,小田原競輪,5R,12:42,3-7,3,7,5.0,0.06183606243715488,-0.6908196878142256
6120260316010005,玉野競輪,5R,17:39,1-7,1,7,6.3,0.04893046270879137,-0.6917380849346144
7420260316010003,高知競輪,3R,21:20,4-6,4,6,9.9,0.03099615707862528,-0.6931380449216098
3620260316010006,小田原競輪,6R,13:09,2-4,2,4,3.7,0.08276807282675137,-0.6937581305410199
4320260314030008,岐阜競輪,8R,14:12,4-7,4,7,17.4,0.017476735758953966,-0.695904797794201
4320260314030006,岐阜競輪,6R,13:18,2-7,2,7,4.7,0.06433238201487107,-0.6976378045301059
5320260314030009,奈良競輪,9R,14:51,2-4,2,4,5.1,0.0587530009435356,-0.7003596951879685
5320260314030005,奈良競輪,5R,13:00,2-5,2,5,2.6,0.11476079279129925,-0.7016219387426219
3120260316010009,松戸競輪,9R,23:30,2-4,2,4,4.6,0.06480014166743067,-0.701919348329819
3120260316010009,松戸競輪,9R,23:30,5-7,5,7,9.7,0.030471514944887992,-0.7044263050345865
6120260316010011,玉野競輪,11R,20:05,2-4,2,4,5.9,0.04961284036812504,-0.7072842418280623
5320260314030002,奈良競輪,2R,11:45,1-2,1,2,2.5,0.11704355298220968,-0.7073911175444758
8720260314030002,熊本競輪,2R,09:10,1-5,1,5,2.8,0.10402904556785589,-0.7087186724100035
3120260316010003,松戸競輪,3R,21:30,2-5,2,5,4.5,0.06408966918939812,-0.7115964886477084
4320260314030004,岐阜競輪,4R,12:25,1-5,1,5,7.6,0.03762314717277912,-0.7140640814868787
5320260314030002,奈良競輪,2R,11:45,1-5,1,5,3.3,0.08565517769125236,-0.7173379136188672
5320260314030003,奈良競輪,3R,12:09,1-5,1,5,6.9,0.04092543604209513,-0.7176144913095436
7420260316010007,高知競輪,7R,22:40,1-2,1,2,2.5,0.11196695987057614,-0.7200826003235596
4320260314030001,岐阜競輪,1R,11:13,3-4,3,4,6.1,0.04578015528958736,-0.7207410527335172
4320260314030012,岐阜競輪,12R,16:21,5-7,5,7,2.8,0.09822278813931926,-0.7249761932099061
3120260316010003,松戸競輪,3R,21:30,1-3,1,3,4.0,0.0687391025614332,-0.7250435897542672
7420260316010003,高知競輪,3R,21:20,5-6,5,6,16.5,0.016658216819125795,-0.7251394224844243
5320260314030010,奈良競輪,10R,15:21,1-3,1,3,3.6,0.07583132646151144,-0.7270072247385588
5320260314030007,奈良競輪,7R,13:54,2-4,2,4,4.2,0.06469035979131171,-0.7283004888764908
3620260316010003,小田原競輪,3R,11:53,5-7,5,7,5.5,0.048900200895777596,-0.7310488950732232
8720260314030002,熊本競輪,2R,09:10,1-4,1,4,2.5,0.10751306175384058,-0.7312173456153985
5320260314030006,奈良競輪,6R,13:27,1-5,1,5,4.7,0.0551663298842299,-0.7407182495441195
5320260314030004,奈良競輪,4R,12:33,1-2,1,2,5.8,0.04407480803266031,-0.7443661134105701
6120260316010001,玉野競輪,1R,16:03,2-4,2,4,5.4,0.0472711535733217,-0.7447357707040628
5320260314030005,奈良競輪,5R,13:00,5-6,5,6,2.4,0.10572691846597623,-0.7462553956816571
8720260314030006,熊本競輪,6R,10:34,2-7,2,7,4.6,0.0543769509484732,-0.7498660256370233
7420260316010004,高知競輪,4R,21:40,1-2,1,2,2.1,0.1148007489246303,-0.7589184272582764
4320260314030005,岐阜競輪,5R,12:51,1-7,1,7,2.8,0.08540747995649745,-0.7608590561218072
4320260314030010,岐阜競輪,10R,15:11,1-4,1,4,2.3,0.10218684355433019,-0.7649702598250405
3620260316010005,小田原競輪,5R,12:42,2-6,2,6,7.3,0.032124303311930724,-0.7654925858229057
4320260314030001,岐阜競輪,1R,11:13,1-7,1,7,3.3,0.07093643684416849,-0.765909758414244
4320260314030003,岐阜競輪,3R,12:01,2-5,2,5,3.0,0.07697399689548824,-0.7690780093135352
7420260316010005,高知競輪,5R,22:00,1-7,1,7,6.1,0.03778306490837778,-0.7695233040588956
3620260316010008,小田原競輪,8R,14:03,1-4,1,4,1.8,0.12745003905534352,-0.7705899297003816
3620260316010003,小田原競輪,3R,11:53,3-4,3,4,2.3,0.09893156491937594,-0.7724574006854353
3620260316010006,小田原競輪,6R,13:09,1-5,1,5,4.4,0.05020319864582798,-0.7791059259583568
4320260314030002,岐阜競輪,2R,11:37,1-7,1,7,1.4,0.15622673617426155,-0.7812825693560338
5320260314030009,奈良競輪,9R,14:51,3-4,3,4,3.1,0.07021422977773092,-0.7823358876890341
3620260316010002,小田原競輪,2R,11:29,1-7,1,7,2.1,0.10319952170398602,-0.7832810044216294
4320260314030010,岐阜競輪,10R,15:11,3-7,3,7,5.1,0.04181583864490607,-0.7867392229109791
6120260316010008,玉野競輪,8R,18:51,3-7,3,7,3.3,0.06437782952125388,-0.7875531625798622
7420260316010009,高知競輪,9R,23:20,2-5,2,5,5.2,0.04083827772430661,-0.7876409558336056
7420260316010009,高知競輪,9R,23:20,3-6,3,6,4.7,0.04493098492787956,-0.7888243708389661
8720260314030006,熊本競輪,6R,10:34,5-7,5,7,10.5,0.02000667499694297,-0.7899299125320988
7420260316010008,高知競輪,8R,23:00,3-6,3,6,12.1,0.01719083241756373,-0.7919909277474788
8720260314030004,熊本競輪,4R,09:52,2-3,2,3,1.9,0.10937810196523647,-0.7921816062660507
7420260316010006,高知競輪,6R,22:20,2-4,2,4,8.2,0.025306050867024865,-0.7924903828903961
6120260316010001,玉野競輪,1R,16:03,3-5,3,5,3.2,0.06458733760803517,-0.7933205196542874
8720260314030003,熊本競輪,3R,09:31,1-5,1,5,2.2,0.09390909608727491,-0.7933999886079952
3120260316010002,松戸競輪,2R,21:10,1-4,1,4,2.6,0.07929571566793205,-0.7938311392633767
4320260314030006,岐阜競輪,6R,13:18,4-7,4,7,2.4,0.08563678394965941,-0.7944717185208174
6120260316010010,玉野競輪,10R,19:40,1-4,1,4,1.9,0.10725391849611635,-0.7962175548573789
8720260314030003,熊本競輪,3R,09:31,2-7,2,7,3.8,0.05275883056433812,-0.7995164438555151
6120260316010011,玉野競輪,11R,20:05,1-5,1,5,2.7,0.07415451355051798,-0.7997828134136015
3620260316010010,小田原競輪,10R,15:01,3-4,3,4,2.3,0.08330747229892406,-0.8083928137124747
3120260316010002,松戸競輪,2R,21:10,1-2,1,2,2.1,0.08805935355442365,-0.8150753575357104
3620260316010001,小田原競輪,1R,11:05,1-5,1,5,1.7,0.10629242423076596,-0.8193028788076979
8720260314030001,熊本競輪,1R,08:50,2-5,2,5,1.2,0.14920378346531898,-0.8209554598416172
5320260314030008,奈良競輪,8R,14:21,3-5,3,5,2.7,0.06550016390892803,-0.8231495574458942
4320260314030007,岐阜競輪,7R,13:45,2-7,2,7,1.8,0.09787929419504851,-0.8238172704489126
5320260314030009,奈良競輪,9R,14:51,2-5,2,5,3.8,0.04603847725847583,-0.8250537864177918
4320260314030009,岐阜競輪,9R,14:41,3-4,3,4,2.2,0.07915082317597355,-0.8258681890128582
4320260314030005,岐阜競輪,5R,12:51,2-4,2,4,4.0,0.04268561103767481,-0.8292575558493007
6120260316010012,玉野競輪,12R,20:30,3-5,3,5,2.0,0.08408619371454064,-0.8318276125709188
5320260314030007,奈良競輪,7R,13:54,1-7,1,7,4.0,0.04142040833200308,-0.8343183666719877
6120260316010003,玉野競輪,3R,16:51,1-7,1,7,1.6,0.10328986385154652,-0.8347362178375255
7420260316010003,高知競輪,3R,21:20,6-7,6,7,24.7,0.006584403570405537,-0.8373652318109832
3620260316010007,小田原競輪,7R,13:36,1-5,1,5,2.1,0.07690451704284815,-0.8385005142100189
3620260316010010,小田原競輪,10R,15:01,1-5,1,5,3.4,0.04730705641746606,-0.8391560081806154
6120260316010009,玉野競輪,9R,19:15,2-7,2,7,2.8,0.05707533483171778,-0.8401890624711902
3620260316010008,小田原競輪,8R,14:03,3-5,3,5,5.9,0.026863271773626227,-0.8415066965356053
5320260314030010,奈良競輪,10R,15:21,1-7,1,7,1.9,0.08121298230344243,-0.8456953336234594
4320260314030011,岐阜競輪,11R,15:45,2-4,2,4,1.8,0.0840381836709272,-0.848731269392331
8720260314030006,熊本競輪,6R,10:34,2-5,2,5,2.0,0.07425185986560215,-0.8514962802687958
3120260316010001,松戸競輪,1R,20:50,1-2,1,2,1.3,0.11373954082304505,-0.8521385969300415
7420260316010008,高知競輪,8R,23:00,1-4,1,4,1.5,0.09777312198616087,-0.8533403170207587
7420260316010002,高知競輪,2R,21:00,1-2,1,2,1.5,0.0970811514483533,-0.85437827282747
5320260314030011,奈良競輪,11R,15:57,1-5,1,5,2.7,0.05339489654181907,-0.8558337793370885
4320260314030008,岐阜競輪,8R,14:12,1-4,1,4,7.7,0.01857983277182677,-0.8569352876569338
5320260314030003,奈良競輪,3R,12:09,1-4,1,4,2.2,0.0648318924430109,-0.857369836625376
8720260314030005,熊本競輪,5R,10:13,1-4,1,4,1.7,0.07425666609613128,-0.8737636676365768
6120260316010004,玉野競輪,4R,17:15,2-5,2,5,1.1,0.11022152105294414,-0.8787563268417614
3620260316010011,小田原競輪,11R,15:33,1-4,1,4,1.5,0.0775515915515346,-0.8836726126726981
3120260316010006,松戸競輪,6R,22:30,1-3,1,3,1.7,0.0664421907068086,-0.8870482757984254
3120260316010008,松戸競輪,8R,23:10,1-2,1,2,1.0,0.1062213309881023,-0.8937786690118977
3620260316010004,小田原競輪,4R,12:17,1-4,1,4,1.1,0.0931032340275073,-0.897586442569742
3620260316010009,小田原競輪,9R,14:31,2-5,2,5,1.4,0.07228306134987025,-0.8988037141101817
6120260316010002,玉野競輪,2R,16:27,4-5,4,5,1.5,0.06482568637489117,-0.9027614704376632
7420260316010001,高知競輪,1R,20:40,1-2,1,2,1.1,0.08697253921922071,-0.9043302068588572
3120260316010006,松戸競輪,6R,22:30,3-6,3,6,2.3,0.03387865119137099,-0.9220791022598467
