race_id,競輪場,レース番号,開始時間,買い目,a,b,odds,p,EV
8720260404010005,熊本競輪,5R,22:36,1-5,1,5,598.8,0.11629951349058512,68.64014867816236
4520260404010010,豊橋競輪,10R,19:48,1-6,1,6,525.7,0.08813485767118376,45.33249467774131
4520260404010010,豊橋競輪,10R,19:48,6-7,6,7,1051.5,0.0427475932799944,43.94909433391412
4520260404010010,豊橋競輪,10R,19:48,5-6,5,6,1051.5,0.02962666172243516,30.15243480114057
4520260404010009,豊橋競輪,9R,19:22,1-6,1,6,333.0,0.09074837081724406,29.21920748214227
4520260404010010,豊橋競輪,10R,19:48,5-7,5,7,525.7,0.05530908529591637,28.075986140063236
8720260404010005,熊本競輪,5R,22:36,5-7,5,7,598.8,0.0469252752931229,27.09885484552199
4520260404010010,豊橋競輪,10R,19:48,2-7,2,7,525.7,0.05130779512568646,25.972507897573372
4720260404010006,松阪競輪,6R,22:45,1-2,1,2,352.5,0.07352457196480373,24.917411617593316
1320260404010004,いわき平競輪,4R,22:01,1-6,1,6,264.0,0.08603120997688667,21.71223943389808
4520260404010006,豊橋競輪,6R,18:06,1-3,1,3,575.2,0.03624612383099507,19.848770427588367
4520260404010006,豊橋競輪,6R,18:06,3-7,3,7,575.2,0.03310984564509307,18.044783215057535
8720260404010005,熊本競輪,5R,22:36,1-3,1,3,171.1,0.09872862757334645,15.892468177799579
4720260404010006,松阪競輪,6R,22:45,5-7,5,7,352.5,0.046487127057724696,15.386712287847956
8720260404010005,熊本競輪,5R,22:36,1-6,1,6,399.2,0.04071605362462015,15.253848606948363
4520260404010006,豊橋競輪,6R,18:06,2-3,2,3,287.6,0.05394906007977111,14.515749678942173
4720260404010001,松阪競輪,1R,20:41,3-5,3,5,435.0,0.03536809862006024,14.385122899726204
4520260404010010,豊橋競輪,10R,19:48,3-5,3,5,525.7,0.027251707865289305,13.326222824782588
4520260404010010,豊橋競輪,10R,19:48,2-3,2,3,525.7,0.025450269035420178,12.37920643192039
1320260404010001,いわき平競輪,1R,20:49,2-7,2,7,276.7,0.045071600377756114,11.471311824525117
4520260404010005,豊橋競輪,5R,17:42,1-6,1,6,387.3,0.03151953658913672,11.207516520972652
4720260404010006,松阪競輪,6R,22:45,3-5,3,5,176.2,0.06730002674356564,10.858264712216265
4720260404010006,松阪競輪,6R,22:45,3-7,3,7,176.2,0.06425934648688478,10.322496850989097
4720260404010006,松阪競輪,6R,22:45,1-7,1,7,176.2,0.06396785402939215,10.271135879978896
4520260404010008,豊橋競輪,8R,18:56,6-7,6,7,403.5,0.02775589687220023,10.199504387932793
8720260404010007,熊本競輪,7R,23:30,2-7,2,7,150.0,0.07322617236505222,9.983925854757832
4520260404010008,豊橋競輪,8R,18:56,2-6,2,6,201.7,0.05370665900048992,9.832633120398816
4720260404010001,松阪競輪,1R,20:41,2-5,2,5,217.5,0.04943102660930522,9.751248287523886
1320260404010006,いわき平競輪,6R,22:54,1-7,1,7,117.7,0.08677066541784395,9.212907319680234
4520260404010009,豊橋競輪,9R,19:22,3-6,3,6,333.0,0.03023344235111368,9.067736302920855
4720260404010006,松阪競輪,6R,22:45,1-4,1,4,176.2,0.05583811624492955,8.838676082356585
8720260404010005,熊本競輪,5R,22:36,2-6,2,6,399.2,0.02457893738995503,8.811911806070047
8720260404010005,熊本競輪,5R,22:36,2-3,2,3,171.1,0.056741557581813845,8.70848050224835
1320260404010004,いわき平競輪,4R,22:01,2-6,2,6,132.0,0.07291636780460789,8.624960550208241
4520260404010008,豊橋競輪,8R,18:56,1-2,1,2,201.7,0.04757413742918358,8.595703519466328
4520260404010010,豊橋競輪,10R,19:48,3-6,3,6,525.7,0.0181419808354952,8.537239325219828
3720260402030010,伊東競輪,10R,15:16,3-6,3,6,340.3,0.02791717299853095,8.500213971400083
1320260404010001,いわき平競輪,1R,20:49,3-6,3,6,276.7,0.03421837998453192,8.468225741719982
8720260404010005,熊本競輪,5R,22:36,1-4,1,4,299.4,0.03086908275198378,8.242203375943943
8420260402030001,武雄競輪,1R,08:30,1-6,1,6,393.7,0.023381730491172346,8.205387294374551
4520260404010003,豊橋競輪,3R,16:54,4-6,4,6,142.4,0.06306189165833351,7.980013372146692
4520260404010002,豊橋競輪,2R,16:32,6-7,6,7,233.1,0.038522920096296015,7.979692674446602
4520260404010004,豊橋競輪,4R,17:18,1-5,1,5,183.2,0.04868810126862669,7.919660152412408
4520260404010010,豊橋競輪,10R,19:48,1-5,1,5,87.6,0.10160772096195565,7.900836356267314
6120260402030002,玉野競輪,2R,16:18,4-6,4,6,283.3,0.031234152286606896,7.848635342795735
8420260402030006,武雄競輪,6R,10:14,1-6,1,6,227.9,0.03734560823076066,7.511064115790356
8420260402030006,武雄競輪,6R,10:14,6-7,6,7,217.5,0.038762280742060014,7.430796061398054
4520260404010004,豊橋競輪,4R,17:18,5-7,5,7,111.3,0.07560686387251002,7.415043949010364
4520260404010006,豊橋競輪,6R,18:06,3-5,3,5,287.6,0.028860170790228595,7.300185119269745
4720260404010006,松阪競輪,6R,22:45,1-5,1,5,117.5,0.07012532246639927,7.239725389801913
4520260404010010,豊橋競輪,10R,19:48,1-2,1,2,87.6,0.09369775489902177,7.207923329154307
1320260404010001,いわき平競輪,1R,20:49,5-6,5,6,276.7,0.029440084595528437,7.146071407582719
4520260404010005,豊橋競輪,5R,17:42,4-5,4,5,193.6,0.0420439235729288,7.139703603719015
4520260404010009,豊橋競輪,9R,19:22,6-7,6,7,333.0,0.0242839546213103,7.086556888896329
1320260404010004,いわき平競輪,4R,22:01,2-4,2,4,132.0,0.06124769256383856,7.084695418426691
4520260404010010,豊橋競輪,10R,19:48,3-7,3,7,210.3,0.03813387869190687,7.0195546889080145
4720260404010001,松阪競輪,1R,20:41,4-6,4,6,217.5,0.036576777318595544,6.955449066794531
6120260402030011,玉野競輪,11R,20:02,4-6,4,6,182.7,0.04279318685782127,6.818315238923946
4520260404010006,豊橋競輪,6R,18:06,3-4,3,4,287.6,0.02712386223988253,6.800822780190216
6120260402030011,玉野競輪,11R,20:02,2-3,2,3,219.3,0.03538052320078042,6.758948737931146
1320260404010006,いわき平競輪,6R,22:54,2-5,2,5,117.7,0.06563257866452432,6.724954508814513
6120260402030011,玉野競輪,11R,20:02,6-7,6,7,243.6,0.03157804368127129,6.692411440757686
1320260404010001,いわき平競輪,1R,20:49,5-7,5,7,276.7,0.027603865012318846,6.637989448908624
4520260404010004,豊橋競輪,4R,17:18,4-5,4,5,195.5,0.03887790879940382,6.600631170283446
3720260402030010,伊東競輪,10R,15:16,6-7,6,7,409.8,0.01817198760814455,6.446880521817636
6120260402030008,玉野競輪,8R,18:43,1-6,1,6,177.2,0.041493761094099635,6.352694465874455
4520260404010003,豊橋競輪,3R,16:54,6-7,6,7,132.2,0.0555108101090336,6.338529096414241
4520260404010010,豊橋競輪,10R,19:48,2-6,2,6,262.8,0.027746448177599775,6.2917665810732215
4520260404010003,豊橋競輪,3R,16:54,3-6,3,6,179.1,0.04022349816125799,6.204028520681305
4520260404010010,豊橋競輪,10R,19:48,1-3,1,3,95.5,0.07491152964315106,6.154051080920927
1320260404010004,いわき平競輪,4R,22:01,6-7,6,7,264.0,0.027066980793255542,6.145682929419463
8420260402030006,武雄競輪,6R,10:14,4-7,4,7,217.5,0.03258734510144107,6.087747559563432
8720260404010004,熊本競輪,4R,22:09,2-5,2,5,105.7,0.06673746141219475,6.054149671268985
4520260404010006,豊橋競輪,6R,18:06,4-5,4,5,287.6,0.02417113386904339,5.95161810073688
8720260404010002,熊本競輪,2R,21:21,3-4,3,4,114.7,0.06030016151172881,5.916428525395295
3720260402030011,伊東競輪,11R,15:47,7-8,7,8,361.4,0.018961452812010438,5.852669046260572
4520260404010010,豊橋競輪,10R,19:48,4-6,4,6,525.7,0.013034439091348278,5.852204630321791
4520260404010005,豊橋競輪,5R,17:42,3-5,3,5,258.2,0.026507332750162912,5.844193316092063
4520260404010008,豊橋競輪,8R,18:56,1-6,1,6,201.7,0.03360089841223851,5.777301209748507
4720260404010006,松阪競輪,6R,22:45,3-4,3,4,117.5,0.05685472386295491,5.680430053897203
8420260402030006,武雄競輪,6R,10:14,4-6,4,6,239.3,0.027873875311731362,5.670218362097315
1320260404010001,いわき平競輪,1R,20:49,2-6,2,6,138.3,0.04711680453738969,5.516254067520994
3720260402030010,伊東競輪,10R,15:16,1-8,1,8,528.5,0.012237101518431218,5.467308152490899
8420260402030007,武雄競輪,7R,10:35,2-5,2,5,180.2,0.035740732916347155,5.440480071525757
1320260404010004,いわき平競輪,4R,22:01,2-5,2,5,132.0,0.04873542890060501,5.4330766148798615
8720260404010007,熊本競輪,7R,23:30,1-6,1,6,75.0,0.08455779502213413,5.34183462666006
4720260404010002,松阪競輪,2R,21:05,2-5,2,5,139.5,0.04544459153453471,5.339520519067592
1320260404010001,いわき平競輪,1R,20:49,4-7,4,7,276.7,0.022834685641911864,5.318357517117013
1320260404010004,いわき平競輪,4R,22:01,4-7,4,7,264.0,0.023859654232888675,5.29894871748261
3720260402030010,伊東競輪,10R,15:16,5-6,5,6,456.4,0.0137430581590378,5.272331743784851
3720260402030006,伊東競輪,6R,13:13,4-9,4,9,151.5,0.040950788786114925,5.204044501096411
4520260404010003,豊橋競輪,3R,16:54,1-6,1,6,126.2,0.049065140741885574,5.19202076162596
8420260402030001,武雄競輪,1R,08:30,1-4,1,4,249.3,0.02477264059996774,5.175819301571958
3720260402030011,伊東競輪,11R,15:47,3-5,3,5,196.8,0.03135694540912733,5.171046856516259
3720260402030002,伊東競輪,2R,11:14,4-8,4,8,156.3,0.03930721114647294,5.143717102193721
8420260402030006,武雄競輪,6R,10:14,5-6,5,6,184.0,0.03292083452960334,5.057433553447015
4520260404010001,豊橋競輪,1R,16:07,1-2,1,2,180.8,0.0334386460838335,5.0457072119570965
8420260402030001,武雄競輪,1R,08:30,1-3,1,3,115.0,0.05104872300013717,4.8706031450157745
1320260404010004,いわき平競輪,4R,22:01,1-7,1,7,88.0,0.06650933519584319,4.852821497234201
3720260402030002,伊東競輪,2R,11:14,1-8,1,8,83.4,0.06939395364453727,4.787455733954408
8720260404010005,熊本競輪,5R,22:36,2-4,2,4,299.4,0.019264855238933693,4.767897658536747
8720260404010002,熊本競輪,2R,21:21,2-3,2,3,114.7,0.05028318019103575,4.767480767911801
4520260404010010,豊橋競輪,10R,19:48,4-5,4,5,262.8,0.021568656623642414,4.6682429606932265
3720260402030012,伊東競輪,12R,16:25,2-9,2,9,284.9,0.019763013755583415,4.630482618965714
3720260402030002,伊東競輪,2R,11:14,4-6,4,6,162.4,0.03464019442045026,4.625567573881122
4520260404010007,豊橋競輪,7R,18:30,1-2,1,2,120.0,0.04684472255492885,4.621366706591462
4520260404010004,豊橋競輪,4R,17:18,4-6,4,6,146.6,0.038206250084788326,4.601036262429968
4720260404010002,松阪競輪,2R,21:05,2-7,2,7,139.5,0.03984244696743253,4.558021351956837
4520260404010010,豊橋競輪,10R,19:48,4-7,4,7,175.2,0.03145360095777269,4.510670887801775
8420260402030006,武雄競輪,6R,10:14,1-4,1,4,174.0,0.03139726353761393,4.463123855544823
8420260402030003,武雄競輪,3R,09:11,2-6,2,6,42.6,0.1277415955640547,4.441791971028731
4520260404010005,豊橋競輪,5R,17:42,1-2,1,2,193.6,0.0278999002560726,4.401420689575655
4520260404010005,豊橋競輪,5R,17:42,2-3,2,3,154.9,0.03453143933158743,4.348919952462893
6120260402030011,玉野競輪,11R,20:02,2-7,2,7,137.0,0.039039066300658135,4.348352083190164
3720260402030010,伊東競輪,10R,15:16,2-6,2,6,478.1,0.011180315423904453,4.345308804168719
4520260404010009,豊橋競輪,9R,19:22,5-6,5,6,83.2,0.0634537381776458,4.27935101638013
4720260404010002,松阪競輪,2R,21:05,3-5,3,5,139.5,0.037023693139548244,4.1648051929669805
6120260402030002,玉野競輪,2R,16:18,3-6,3,6,59.0,0.08741001646605008,4.157190971496955
3720260402030012,伊東競輪,12R,16:25,5-9,5,9,267.1,0.019288915898096927,4.15206943638169
8420260402030006,武雄競輪,6R,10:14,5-7,5,7,136.7,0.037638890242187174,4.145236296106987
4720260404010006,松阪競輪,6R,22:45,2-3,2,3,70.5,0.07238083355192393,4.102848765410637
8420260402030006,武雄競輪,6R,10:14,4-5,4,5,184.0,0.027646526836477406,4.086960937911843
4520260404010005,豊橋競輪,5R,17:42,5-6,5,6,193.6,0.026224235004262172,4.077011896825156
4520260404010004,豊橋競輪,4R,17:18,1-6,1,6,104.7,0.04848266782896212,4.076135321692334
8420260402030001,武雄競輪,1R,08:30,1-7,1,7,182.4,0.0278148322648441,4.073425405107564
1320260404010004,いわき平競輪,4R,22:01,5-7,5,7,264.0,0.019142458246493542,4.053608977074295
4520260404010010,豊橋競輪,10R,19:48,2-5,2,5,131.4,0.03823856027817572,4.02454682055229
1320260404010006,いわき平競輪,6R,22:54,1-3,1,3,58.8,0.08502660697403813,3.9995644900734417
8720260404010005,熊本競輪,5R,22:36,3-6,3,6,598.8,0.008345196354221773,3.997103576907997
8420260402030001,武雄競輪,1R,08:30,1-5,1,5,141.1,0.035269509354950886,3.97652776998357
3720260402030011,伊東競輪,11R,15:47,5-8,5,8,305.8,0.016156697180133326,3.9407179976847715
1320260404010002,いわき平競輪,2R,21:13,4-5,4,5,90.7,0.05446094326629642,3.9396075542530857
4520260404010003,豊橋競輪,3R,16:54,4-5,4,5,115.7,0.04264324358381914,3.933823282647875
4520260404010008,豊橋競輪,8R,18:56,5-6,5,6,50.4,0.09697210487810226,3.8873940858563536
8420260402030001,武雄競輪,1R,08:30,1-2,1,2,113.3,0.04299569972175711,3.8714127784750803
6120260402030011,玉野競輪,11R,20:02,2-6,2,6,168.6,0.028714599389552994,3.841281457078635
3720260402030011,伊東競輪,11R,15:47,6-7,6,7,397.5,0.012129963461795276,3.821660476063622
8720260404010002,熊本競輪,2R,21:21,2-7,2,7,114.7,0.04187977093494356,3.803609726238026
8720260404010007,熊本競輪,7R,23:30,4-6,4,6,150.0,0.03188434218144779,3.7826513272171685
4520260404010005,豊橋競輪,5R,17:42,5-7,5,7,86.0,0.05553355727845537,3.7758859259471613
3720260402030002,伊東競輪,2R,11:14,7-8,7,8,278.0,0.017092461580958732,3.751704319506527
1320260404010004,いわき平競輪,4R,22:01,3-5,3,5,264.0,0.017976731526526513,3.745857123002999
8720260404010004,熊本競輪,4R,22:09,1-3,1,3,35.2,0.134823435924376,3.745784944538036
8420260402030003,武雄競輪,3R,09:11,2-3,2,3,56.9,0.08331796314062734,3.740792102701695
6120260402030011,玉野競輪,11R,20:02,3-7,3,7,121.8,0.038855245651215425,3.7325689203180383
6120260402030011,玉野競輪,11R,20:02,5-6,5,6,182.7,0.025841974258466967,3.7213286970219146
3720260402030010,伊東競輪,10R,15:16,3-4,3,4,174.6,0.026990066842592142,3.712465670716588
8420260402030006,武雄競輪,6R,10:14,1-5,1,5,129.3,0.03626252474315686,3.6887444492901826
1320260404010001,いわき平競輪,1R,20:49,4-5,4,5,138.3,0.03375377427136387,3.668146981729623
6120260402030011,玉野競輪,11R,20:02,3-4,3,4,91.3,0.05092379493018641,3.6493424771260186
6120260402030004,玉野競輪,4R,17:06,1-6,1,6,111.5,0.04135062222671626,3.610594378278863
1320260404010004,いわき平競輪,4R,22:01,4-6,4,6,132.0,0.034707260683260556,3.5813584101903935
4520260404010003,豊橋競輪,3R,16:54,2-3,2,3,163.3,0.027856930161762716,3.549036695415852
8720260404010004,熊本競輪,4R,22:09,3-5,3,5,105.7,0.04301861003123079,3.547067080301094
4520260404010004,豊橋競輪,4R,17:18,6-7,6,7,59.8,0.07568720312356313,3.5260947467890746
4520260404010006,豊橋競輪,6R,18:06,1-4,1,4,143.8,0.030985423052055133,3.4557038348855285
4720260404010002,松阪競輪,2R,21:05,3-7,3,7,139.5,0.031716849219129206,3.4245004660685243
4720260404010001,松阪競輪,1R,20:41,2-6,2,6,87.0,0.05080400278407239,3.419948242214298
8420260402030004,武雄競輪,4R,09:32,4-6,4,6,134.7,0.03269089505843229,3.4034635643708295
4520260404010002,豊橋競輪,2R,16:32,4-5,4,5,112.5,0.03845533287417108,3.3262249483442465
4520260404010004,豊橋競輪,4R,17:18,5-6,5,6,244.3,0.017498198453060863,3.274809882082769
6120260402030007,玉野競輪,7R,18:18,6-7,6,7,108.0,0.039257525543628845,3.239812758711915
3720260402030009,伊東競輪,9R,14:45,8-9,8,9,214.2,0.019581231378887464,3.1942997613576942
3720260402030012,伊東競輪,12R,16:25,2-3,2,3,78.4,0.053496807449184405,3.1941497040160574
3720260402030010,伊東競輪,10R,15:16,7-8,7,8,318.7,0.013126509663434727,3.1834186297366474
8420260402030005,武雄競輪,5R,09:53,4-5,4,5,67.0,0.06234734427215799,3.1772720662345852
3720260402030004,伊東競輪,4R,12:13,2-4,2,4,139.7,0.029676060266483173,3.145745619227699
4520260404010010,豊橋競輪,10R,19:48,1-4,1,4,61.8,0.06588967898464185,3.071982161250866
4520260404010006,豊橋競輪,6R,18:06,4-7,4,7,143.8,0.028227187610336383,3.0590695783663726
8420260402030007,武雄競輪,7R,10:35,6-7,6,7,84.1,0.048213098896179245,3.054721617168674
3720260402030005,伊東競輪,5R,12:43,1-7,1,7,75.9,0.05339104992050376,3.0523806889662355
6120260402030012,玉野競輪,12R,20:30,4-6,4,6,109.7,0.03667147249299738,3.022860532481813
3720260402030011,伊東競輪,11R,15:47,4-7,4,7,86.8,0.0463366982180454,3.0220254053263407
6120260402030010,玉野競輪,10R,19:35,6-7,6,7,100.5,0.039979112440380035,3.017900800258194
8420260402030002,武雄競輪,2R,08:50,2-6,2,6,68.5,0.05809618735508383,2.9795888338232426
4520260404010006,豊橋競輪,6R,18:06,2-4,2,4,82.1,0.047897079701558494,2.932350243497952
1320260404010006,いわき平競輪,6R,22:54,3-4,3,4,117.7,0.032914545207631735,2.874041970938255
3720260402030002,伊東競輪,2R,11:14,6-7,6,7,255.3,0.015130961753140739,2.862934535576831
3720260402030009,伊東競輪,9R,14:45,7-8,7,8,337.2,0.011455048693108273,2.8626424193161095
1320260404010004,いわき平競輪,4R,22:01,3-7,3,7,264.0,0.014530731989614735,2.8361132452582902
3720260402030002,伊東競輪,2R,11:14,3-8,3,8,164.6,0.023219406601173755,2.8219143265532
3720260402030002,伊東競輪,2R,11:14,5-8,5,8,109.7,0.03478723464669939,2.816159640742923
8420260402030007,武雄競輪,7R,10:35,1-6,1,6,118.9,0.032083717209194035,2.814753976173171
1320260404010004,いわき平競輪,4R,22:01,1-4,1,4,52.8,0.07205473283661581,2.8044898937733147
3720260402030009,伊東競輪,9R,14:45,1-8,1,8,140.0,0.027169791713982823,2.803770839957595
1320260404010004,いわき平競輪,4R,22:01,1-5,1,5,66.0,0.05730549142535122,2.7821624340731805
6120260402030002,玉野競輪,2R,16:18,2-6,2,6,132.8,0.02841227493397802,2.7731501112322814
4520260404010002,豊橋競輪,2R,16:32,4-6,4,6,217.6,0.01733075748810559,2.771172829411776
3720260402030004,伊東競輪,4R,12:13,2-5,2,5,114.1,0.033031988858970324,2.7689499288085138
6120260402030003,玉野競輪,3R,16:42,3-6,3,6,81.6,0.04610771234724742,2.7623893275353892
4520260404010003,豊橋競輪,3R,16:54,5-6,5,6,252.4,0.014825505922488201,2.7419576948360223
3720260402030011,伊東競輪,11R,15:47,4-6,4,6,552.1,0.006703953982836702,2.701252993924143
8720260404010002,熊本競輪,2R,21:21,4-6,4,6,114.7,0.03221520316550508,2.6950838030834325
6120260402030004,玉野競輪,4R,17:06,2-6,2,6,134.1,0.027533103936967576,2.692189237947352
6120260402030010,玉野競輪,10R,19:35,4-6,4,6,100.5,0.03662002611349719,2.6803126244064677
6120260402030011,玉野競輪,11R,20:02,3-6,3,6,129.0,0.028516617399595143,2.6786436445477735
8720260404010004,熊本競輪,4R,22:09,2-3,2,3,52.8,0.06964109482651584,2.6770498068400364
6120260402030005,玉野競輪,5R,17:30,4-6,4,6,70.5,0.05197855798878459,2.6644883382093134
8720260404010007,熊本競輪,7R,23:30,2-6,2,6,75.0,0.04853079360606331,2.6398095204547487
4520260404010008,豊橋競輪,8R,18:56,4-6,4,6,134.5,0.026959219170580428,2.6260149784430675
3720260402030006,伊東競輪,6R,13:13,7-8,7,8,303.0,0.011950538947522904,2.62101330109944
3720260402030010,伊東競輪,10R,15:16,1-6,1,6,211.4,0.016970514369048912,2.5875667376169402
4520260404010005,豊橋競輪,5R,17:42,2-5,2,5,154.9,0.02308202435165736,2.575405572071725
3720260402030012,伊東競輪,12R,16:25,4-9,4,9,191.3,0.018665779213543454,2.5707635635508628
8420260402030006,武雄競輪,6R,10:14,1-7,1,7,83.2,0.04266092960800073,2.549389343385661
8420260402030006,武雄競輪,6R,10:14,3-6,3,6,64.2,0.05528008146350141,2.548981229956791
4520260404010009,豊橋競輪,9R,19:22,4-7,4,7,333.0,0.01065372713923013,2.547691137363633
4520260404010003,豊橋競輪,3R,16:54,5-7,5,7,94.1,0.03763374662589227,2.5413355574964624
8720260404010004,熊本競輪,4R,22:09,1-5,1,5,26.4,0.13343819075271943,2.522768235871793
3720260402030008,伊東競輪,8R,14:14,1-8,1,8,444.3,0.007915580806375585,2.5168925522726724
4520260404010008,豊橋競輪,8R,18:56,1-7,1,7,134.5,0.026138772953672257,2.5156649622689184
4520260404010003,豊橋競輪,3R,16:54,2-6,2,6,231.4,0.015167817599875934,2.5098329926112912
4520260404010006,豊橋競輪,6R,18:06,5-7,5,7,115.0,0.030020550305591157,2.452363285142983
6120260402030011,玉野競輪,11R,20:02,3-5,3,5,109.6,0.03144464558219374,2.4463331558084334
3720260402030004,伊東競輪,4R,12:13,5-7,5,7,147.2,0.023384853621238065,2.4422504530462428
3720260402030004,伊東競輪,4R,12:13,7-8,7,8,236.1,0.014574525694569953,2.441045516487966
3720260402030010,伊東競輪,10R,15:16,1-4,1,4,209.2,0.016435007616127064,2.438203593293782
1320260404010001,いわき平競輪,1R,20:49,4-6,4,6,138.3,0.024784354529948826,2.427676231491923
4520260404010010,豊橋競輪,10R,19:48,3-4,3,4,262.8,0.013032510036425806,2.424943637572702
6120260402030002,玉野競輪,2R,16:18,1-6,1,6,106.2,0.032165660266250624,2.4159931202758163
8420260402030001,武雄競輪,1R,08:30,4-6,4,6,120.6,0.028186686254065042,2.399314362240244
6120260402030002,玉野競輪,2R,16:18,6-7,6,7,223.6,0.015149948028724014,2.3875283792226893
3720260402030007,伊東競輪,7R,13:43,3-7,3,7,116.4,0.028957434208544908,2.3706453418746274
3720260402030005,伊東競輪,5R,12:43,7-9,7,9,170.9,0.019673115661782332,2.3621354665986005
8720260404010007,熊本競輪,7R,23:30,1-4,1,4,37.5,0.08960744479643604,2.3602791798663514
8420260402030007,武雄競輪,7R,10:35,2-6,2,6,177.4,0.018941461860269217,2.3602153340117593
4520260404010004,豊橋競輪,4R,17:18,2-6,2,6,283.8,0.011818698901188338,2.3541467481572504
6120260402030012,玉野競輪,12R,20:30,2-6,2,6,139.0,0.024098640479297613,2.3497110266223684
4520260404010009,豊橋競輪,9R,19:22,2-6,2,6,83.2,0.04022938796836603,2.3470850789680537
3720260402030008,伊東競輪,8R,14:14,3-8,3,8,328.4,0.010130722952358978,2.3269294175546884
3720260402030012,伊東競輪,12R,16:25,5-6,5,6,732.7,0.004517083899361263,2.309667373061998
3720260402030011,伊東競輪,11R,15:47,5-7,5,7,53.5,0.06185166238250987,2.3090639374642783
3720260402030005,伊東競輪,5R,12:43,4-7,4,7,201.5,0.016400656592181446,2.3047323033245615
3720260402030010,伊東競輪,10R,15:16,2-3,2,3,89.2,0.03692557114142118,2.293760945814769
4520260404010005,豊橋競輪,5R,17:42,1-5,1,5,154.9,0.021247564427827756,2.2912477298705194
4520260404010007,豊橋競輪,7R,18:30,2-3,2,3,120.0,0.02741510361829126,2.2898124341949515
4520260404010005,豊橋競輪,5R,17:42,2-7,2,7,48.4,0.06793125880244275,2.287872926038229
4720260404010006,松阪競輪,6R,22:45,1-6,1,6,117.5,0.02791181910619493,2.279638744977904
4520260404010005,豊橋競輪,5R,17:42,2-6,2,6,96.8,0.03382787106449834,2.274537919043439
3720260402030010,伊東競輪,10R,15:16,6-9,6,9,95.6,0.03412720641256573,2.262560933041284
6120260402030002,玉野競輪,2R,16:18,4-5,4,5,128.7,0.02528173666500426,2.253759508786048
4520260404010003,豊橋競輪,3R,16:54,2-7,2,7,82.9,0.039142953733998995,2.244950864548517
1320260404010001,いわき平競輪,1R,20:49,2-5,2,5,55.3,0.05864253138569986,2.242931985629202
3720260402030010,伊東競輪,10R,15:16,1-2,1,2,140.4,0.023051512466615534,2.236432350312821
8720260404010007,熊本競輪,7R,23:30,2-3,2,3,75.0,0.04288410809480884,2.2163081071106627
3720260402030010,伊東競輪,10R,15:16,4-6,4,6,627.6,0.005120062353689272,2.2133511331753875
8420260402030001,武雄競輪,1R,08:30,2-6,2,6,66.7,0.048099865063911215,2.2082609997628784
8420260402030007,武雄競輪,7R,10:35,2-3,2,3,84.8,0.037824645476661395,2.2075299364208862
6120260402030008,玉野競輪,8R,18:43,1-2,1,2,53.1,0.06032548192996773,2.2032830904812863
3720260402030011,伊東競輪,11R,15:47,3-4,3,4,174.3,0.01831873874065666,2.192956162496456
8420260402030005,武雄競輪,5R,09:53,2-4,2,4,54.2,0.05885161801371268,2.1897576963432273
1320260404010007,いわき平競輪,7R,23:21,1-7,1,7,45.0,0.07086933887095526,2.1891202491929866
1320260404010006,いわき平競輪,6R,22:54,1-5,1,5,29.4,0.10843132981707948,2.1878810966221365
3720260402030004,伊東競輪,4R,12:13,1-4,1,4,171.1,0.018593700069708084,2.1813820819270533
3720260402030005,伊東競輪,5R,12:43,1-6,1,6,151.1,0.020998991565842274,2.1729476255987676
1320260404010004,いわき平競輪,4R,22:01,4-5,4,5,132.0,0.023905564052537364,2.1555344549349322
4520260404010003,豊橋競輪,3R,16:54,1-2,1,2,92.5,0.03394413074579006,2.1398320939855804
4520260404010004,豊橋競輪,4R,17:18,2-3,2,3,283.8,0.011045522489655887,2.134719282564341
3720260402030004,伊東競輪,4R,12:13,2-7,2,7,39.9,0.07847362390210844,2.1310975936941263
3720260402030008,伊東競輪,8R,14:14,3-4,3,4,191.2,0.016352041521268703,2.126510338866576
6120260402030006,玉野競輪,6R,17:54,6-7,6,7,159.7,0.01953192340291052,2.11924816744481
8720260404010003,熊本競輪,3R,21:45,3-7,3,7,44.2,0.07039022809872292,2.111248081963553
3720260402030012,伊東競輪,12R,16:25,2-6,2,6,674.8,0.0046024887050481085,2.1057593781664634
3720260402030002,伊東競輪,2R,11:14,1-6,1,6,50.8,0.061012366598952775,2.0994282232268007
6120260402030003,玉野競輪,3R,16:42,2-5,2,5,33.8,0.09165127946023983,2.097813245756106
1320260404010001,いわき平競輪,1R,20:49,3-5,3,5,69.1,0.044649628281218386,2.08528931423219
8720260404010007,熊本競輪,7R,23:30,3-6,3,6,150.0,0.020561013151825742,2.0841519727738613
3720260402030010,伊東競輪,10R,15:16,6-8,6,8,772.4,0.003990026151018603,2.081896199046769
4520260404010004,豊橋競輪,4R,17:18,3-4,3,4,80.7,0.03815125653542417,2.078806402408731
6120260402030004,玉野競輪,4R,17:06,6-7,6,7,149.2,0.020583319970641674,2.0710313396197377
4520260404010007,豊橋競輪,7R,18:30,3-6,3,6,120.0,0.025527526405038872,2.063303168604665
8420260402030004,武雄競輪,4R,09:32,2-6,2,6,79.3,0.03855432119644466,2.0573576708780617
6120260402030012,玉野競輪,12R,20:30,5-7,5,7,90.6,0.03367576622616973,2.0510244200909775
3720260402030012,伊東競輪,12R,16:25,7-9,7,9,87.2,0.03492095507828868,2.045107282826773
6120260402030010,玉野競輪,10R,19:35,4-7,4,7,43.0,0.07070228399320166,2.0401982117076716
4520260404010001,豊橋競輪,1R,16:07,1-6,1,6,174.6,0.017408676441287595,2.039554906648814
6120260402030002,玉野競輪,2R,16:18,3-7,3,7,36.9,0.08231984842464418,2.0376024068693703
6120260402030003,玉野競輪,3R,16:42,2-4,2,4,103.7,0.029233668259760766,2.0315313985371914
3720260402030003,伊東競輪,3R,11:43,2-3,2,3,52.5,0.0576993055327442,2.0292135404690708
3720260402030010,伊東競輪,10R,15:16,2-8,2,8,371.9,0.008140900006946162,2.0276007125832773
4520260404010008,豊橋競輪,8R,18:56,1-5,1,5,36.6,0.08254633686299237,2.021195929185521
4520260404010008,豊橋競輪,8R,18:56,3-6,3,6,100.8,0.029894877957935235,2.0134036981598715
3720260402030012,伊東競輪,12R,16:25,3-5,3,5,57.7,0.05206735426701029,2.004286341206494
1320260404010002,いわき平競輪,2R,21:13,2-6,2,6,90.7,0.03310378987904529,2.0025137420294077
4520260404010004,豊橋競輪,4R,17:18,3-5,3,5,179.5,0.016714622604250724,2.000274757463005
3720260402030009,伊東競輪,9R,14:45,5-7,5,7,127.3,0.023534560305165618,1.9959495268475833
4520260404010004,豊橋競輪,4R,17:18,3-6,3,6,191.2,0.015652507300091434,1.9927593957774818
4520260404010009,豊橋競輪,9R,19:22,1-4,1,4,55.5,0.05383351962974602,1.9877603394509045
3720260402030008,伊東競輪,8R,14:14,7-8,7,8,215.8,0.013828265594335932,1.9841397152576943
3720260402030004,伊東競輪,4R,12:13,6-7,6,7,123.3,0.02416968052809642,1.9801216091142884
3720260402030009,伊東競輪,9R,14:45,5-9,5,9,75.5,0.03946007727296909,1.9792358341091663
4520260404010002,豊橋競輪,2R,16:32,3-4,3,4,130.5,0.02279908786046778,1.975280965791045
8420260402030001,武雄競輪,1R,08:30,3-6,3,6,52.3,0.05687283814593998,1.9744494350326605
3720260402030001,伊東競輪,1R,10:45,4-5,4,5,102.4,0.028999445733267702,1.9695432430866129
3720260402030006,伊東競輪,6R,13:13,8-9,8,9,145.9,0.020280144580171452,1.9588730942470152
6120260402030001,玉野競輪,1R,15:55,2-5,2,5,62.7,0.04708168286325223,1.952021515525915
4720260404010002,松阪競輪,2R,21:05,2-6,2,6,69.7,0.042351447310317716,1.9518958775291448
1320260404010004,いわき平競輪,4R,22:01,3-4,3,4,132.0,0.022361920101842476,1.9517734534432067
4520260404010001,豊橋競輪,1R,16:07,1-7,1,7,95.5,0.03088219138673499,1.9492492774331915
3720260402030009,伊東競輪,9R,14:45,1-3,1,3,67.4,0.04370002859791923,1.9453819274997564
6120260402030002,玉野競輪,2R,16:18,4-7,4,7,103.6,0.0284174458139904,1.9440473863294052
1320260404010002,いわき平競輪,2R,21:13,4-6,4,6,90.7,0.03228053548966135,1.9278445689122847
3720260402030002,伊東競輪,2R,11:14,5-6,5,6,95.4,0.030647351431027807,1.923757326520053
8720260404010002,熊本競輪,2R,21:21,1-4,1,4,22.9,0.12723181335123876,1.9136085257433675
3720260402030007,伊東競輪,7R,13:43,2-4,2,4,82.6,0.03522486653168693,1.9095739755173402
3720260402030012,伊東競輪,12R,16:25,6-7,6,7,275.7,0.010537672975232875,1.9052364392717034
3720260402030009,伊東競輪,9R,14:45,6-9,6,9,222.0,0.013070195926198801,1.901583495616134
6120260402030002,玉野競輪,2R,16:18,5-7,5,7,250.0,0.01160464651048624,1.9011616276215602
6120260402030008,玉野競輪,8R,18:43,6-7,6,7,177.2,0.016337315342062415,1.8949722786134595
3720260402030005,伊東競輪,5R,12:43,2-7,2,7,182.8,0.01573300609501017,1.8759935141678592
3720260402030005,伊東競輪,5R,12:43,6-9,6,9,320.9,0.008955863075140062,1.8739364608124456
6120260402030006,玉野競輪,6R,17:54,1-6,1,6,79.8,0.03590300976981501,1.8650601796312376
3720260402030012,伊東競輪,12R,16:25,2-5,2,5,294.7,0.009652029697903308,1.8444531519721048
8420260402030004,武雄競輪,4R,09:32,1-4,1,4,65.5,0.043321265710202755,1.8375429040182807
3720260402030010,伊東競輪,10R,15:16,1-5,1,5,100.9,0.028079294042348865,1.8332007688730005
4520260404010009,豊橋競輪,9R,19:22,1-2,1,2,33.3,0.08506136691965818,1.8325435184246173
8420260402030007,武雄競輪,7R,10:35,3-6,3,6,142.3,0.019855232358262524,1.8253995645807573
3720260402030010,伊東競輪,10R,15:16,4-5,4,5,211.4,0.01336163476821722,1.8246495900011204
6120260402030003,玉野競輪,3R,16:42,5-6,5,6,36.5,0.07715294183758781,1.8160823770719547
4520260404010009,豊橋競輪,9R,19:22,4-6,4,6,166.5,0.016884084796446427,1.8112001186083302
8720260404010004,熊本競輪,4R,22:09,1-4,1,4,26.4,0.10647911834014298,1.8110487241797744
3720260402030008,伊東競輪,8R,14:14,5-6,5,6,209.8,0.013377785611649188,1.806659421324
6120260402030009,玉野競輪,9R,19:09,1-7,1,7,91.5,0.030581256321520603,1.7981849534191352
3720260402030012,伊東競輪,12R,16:25,1-2,1,2,66.6,0.04180087554073033,1.7839383110126397
4520260404010008,豊橋競輪,8R,18:56,5-7,5,7,33.6,0.08256023614336452,1.7740239344170483
4520260404010009,豊橋競輪,9R,19:22,3-4,3,4,166.5,0.016604149512455833,1.7645908938238963
3720260402030011,伊東競輪,11R,15:47,3-7,3,7,75.8,0.03625443744157017,1.7480863580710189
8720260404010007,熊本競輪,7R,23:30,2-4,2,4,50.0,0.054784858577868425,1.7392429288934212
3720260402030007,伊東競輪,7R,13:43,5-7,5,7,115.5,0.023562611662780786,1.721481647051181
3720260402030003,伊東競輪,3R,11:43,1-2,1,2,54.3,0.0501165699821252,1.721329750029398
3720260402030012,伊東競輪,12R,16:25,3-6,3,6,166.5,0.016322618078196627,1.7177159100197383
6120260402030011,玉野競輪,11R,20:02,5-7,5,7,78.3,0.03466278350061714,1.714095948098322
3720260402030007,伊東競輪,7R,13:43,7-9,7,9,100.2,0.027079142439322405,1.713330072420105
1320260404010001,いわき平競輪,1R,20:49,6-7,6,7,138.3,0.019606551079058336,1.711586014233768
8420260402030007,武雄競輪,7R,10:35,4-5,4,5,78.9,0.03433345316997548,1.7089094551110655
6120260402030003,玉野競輪,3R,16:42,2-3,2,3,46.3,0.05848922348232363,1.7080510472315842
3720260402030011,伊東競輪,11R,15:47,4-5,4,5,70.2,0.03834217040412504,1.6916203623695778
3720260402030012,伊東競輪,12R,16:25,2-7,2,7,82.1,0.03272641908508979,1.6868390068858714
3720260402030002,伊東競輪,2R,11:14,2-8,2,8,178.7,0.01499149999245185,1.6789810486511456
4520260404010007,豊橋競輪,7R,18:30,6-7,6,7,120.0,0.022299392197339386,1.6759270636807262
6120260402030002,玉野競輪,2R,16:18,1-4,1,4,54.4,0.0491634544199997,1.6744919204479833
4520260404010003,豊橋競輪,3R,16:54,2-4,2,4,60.3,0.04433129949396444,1.673177359486056
3720260402030002,伊東競輪,2R,11:14,3-6,3,6,130.3,0.02049200624014061,1.6701084130903214
3720260402030006,伊東競輪,6R,13:13,5-7,5,7,94.2,0.028302844316188767,1.6661279345849818
3720260402030011,伊東競輪,11R,15:47,3-8,3,8,473.2,0.005600621343865925,1.6502140199173558
4520260404010004,豊橋競輪,4R,17:18,2-5,2,5,209.4,0.012638636384376952,1.6465304588885337
3720260402030010,伊東競輪,10R,15:16,5-8,5,8,264.2,0.009995527225153159,1.6408182928854647
4520260404010004,豊橋競輪,4R,17:18,1-3,1,3,53.6,0.049211929154674164,1.637759402690535
8420260402030003,武雄競輪,3R,09:11,5-6,5,6,56.4,0.04667827207261374,1.632654544895415
8720260404010001,熊本競輪,1R,20:57,1-5,1,5,29.0,0.09051673124889917,1.624985206218076
3720260402030012,伊東競輪,12R,16:25,1-9,1,9,60.9,0.04309047633148247,1.6242100085872822
3720260402030008,伊東競輪,8R,14:14,4-5,4,5,68.0,0.038430856020143185,1.6132982093697366
3720260402030011,伊東競輪,11R,15:47,1-6,1,6,375.0,0.006954589543292818,1.6079710787348067
3720260402030004,伊東競輪,4R,12:13,4-9,4,9,123.3,0.021086115013753678,1.5999179811958286
6120260402030002,玉野競輪,2R,16:18,5-6,5,6,193.1,0.013439969451799837,1.5952581011425484
1320260404010001,いわき平競輪,1R,20:49,1-6,1,6,46.1,0.05629040926310923,1.5949878670293356
8420260402030004,武雄競輪,4R,09:32,4-7,4,7,63.2,0.04095816693985622,1.588556150598913
4720260404010002,松阪競輪,2R,21:05,6-7,6,7,139.5,0.01854201884547379,1.5866116289435936
3720260402030007,伊東競輪,7R,13:43,4-5,4,5,159.3,0.01622251217556758,1.5842461895679154
6120260402030002,玉野競輪,2R,16:18,1-7,1,7,88.5,0.029191215482188636,1.5834225701736941
3720260402030003,伊東競輪,3R,11:43,3-5,3,5,88.3,0.029239849532990123,1.581878713763028
3720260402030001,伊東競輪,1R,10:45,4-6,4,6,134.8,0.01909661962418763,1.5742243253404928
3720260402030006,伊東競輪,6R,13:13,3-4,3,4,128.7,0.019981038108966155,1.571559604623944
6120260402030003,玉野競輪,3R,16:42,1-2,1,2,71.0,0.0362189692106701,1.5715468139575774
1320260404010002,いわき平競輪,2R,21:13,2-5,2,5,45.3,0.05665196638352133,1.566334077173516
8420260402030004,武雄競輪,4R,09:32,3-7,3,7,59.5,0.04311555229565641,1.5653753615915562
6120260402030011,玉野競輪,11R,20:02,2-5,2,5,81.2,0.03157721605702134,1.5640699438301326
3720260402030007,伊東競輪,7R,13:43,1-7,1,7,78.0,0.03284825320072288,1.5621637496563845
4520260404010008,豊橋競輪,8R,18:56,4-5,4,5,36.6,0.06993937951738019,1.5597812903361152
8420260402030001,武雄競輪,1R,08:30,6-7,6,7,81.3,0.03145952486297499,1.557659371359867
8720260404010003,熊本競輪,3R,21:45,5-7,5,7,44.2,0.05763403235615984,1.5474242301422652
6120260402030012,玉野競輪,12R,20:30,6-7,6,7,231.7,0.010969878417010671,1.5417208292213727
4520260404010005,豊橋競輪,5R,17:42,2-4,2,4,48.4,0.05242586906222289,1.5374120626115881
3720260402030001,伊東競輪,1R,10:45,5-6,5,6,59.1,0.042875257181825194,1.533927699445869
3720260402030006,伊東競輪,6R,13:13,7-9,7,9,45.1,0.05617199921286478,1.5333571645002015
6120260402030007,玉野競輪,7R,18:18,2-6,2,6,39.2,0.06446582622037558,1.527060387838723
3720260402030012,伊東競輪,12R,16:25,1-6,1,6,189.9,0.01322233910032511,1.5109221951517386
8420260402030007,武雄競輪,7R,10:35,5-6,5,6,145.9,0.017203396755764124,1.5099755866659859
3720260402030005,伊東競輪,5R,12:43,6-7,6,7,491.3,0.005104302763660251,1.5077439477862815
3720260402030009,伊東競輪,9R,14:45,6-7,6,7,319.4,0.007796487176647185,1.490198004221111
1320260404010006,いわき平競輪,6R,22:54,2-4,2,4,39.2,0.06350596003584152,1.489433633404988
3720260402030006,伊東競輪,6R,13:13,1-4,1,4,67.0,0.03714702185148281,1.488850464049348
3720260402030007,伊東競輪,7R,13:43,4-9,4,9,135.1,0.018391188610845207,1.4846495813251872
3720260402030004,伊東競輪,4R,12:13,1-7,1,7,49.8,0.049874016133349866,1.483726003440823
8720260404010006,熊本競輪,6R,23:03,2-3,2,3,27.7,0.08963725963714467,1.4829520919489072
3720260402030005,伊東競輪,5R,12:43,3-4,3,4,66.0,0.03761894010024151,1.48285004661594
6120260402030004,玉野競輪,4R,17:06,2-3,2,3,55.4,0.044756681712674405,1.4795201668821618
8720260404010007,熊本競輪,7R,23:30,4-7,4,7,50.0,0.049575130344744936,1.478756517237247
8720260404010007,熊本競輪,7R,23:30,1-3,1,3,30.0,0.08221684620843003,1.466505386252901
4720260404010002,松阪競輪,2R,21:05,4-6,4,6,69.7,0.03530020636790016,1.4604243838426414
8420260402030004,武雄競輪,4R,09:32,4-5,4,5,33.0,0.07439076693845639,1.454895308969061
8420260402030002,武雄競輪,2R,08:50,1-6,1,6,73.2,0.033434238495319187,1.4473862578573646
3720260402030005,伊東競輪,5R,12:43,3-6,3,6,212.4,0.011520667850784618,1.446989851506653
3720260402030001,伊東競輪,1R,10:45,6-7,6,7,69.2,0.03533271803941937,1.4450240883278207
4520260404010002,豊橋競輪,2R,16:32,2-6,2,6,88.2,0.027680180813574172,1.4413919477572419
6120260402030001,玉野競輪,1R,15:55,3-6,3,6,68.0,0.03581997792702643,1.4357584990377972
4520260404010001,豊橋競輪,1R,16:07,2-3,2,3,38.6,0.06294600887171413,1.4297159424481656
8720260404010001,熊本競輪,1R,20:57,2-7,2,7,38.7,0.06269993898885097,1.4264876388685326
4720260404010003,松阪競輪,3R,21:29,2-5,2,5,39.7,0.06100167582864241,1.4217665303971039
4520260404010001,豊橋競輪,1R,16:07,3-6,3,6,71.3,0.03394162491609398,1.4200378565175007
4520260404010006,豊橋競輪,6R,18:06,2-5,2,5,47.9,0.05047127588733492,1.4175741150033425
3720260402030010,伊東競輪,10R,15:16,8-9,8,9,99.4,0.024311828062875285,1.4165957094498034
8420260402030002,武雄競輪,2R,08:50,1-3,1,3,57.0,0.04239164877179597,1.4163239799923706
3720260402030005,伊東競輪,5R,12:43,4-8,4,8,145.5,0.016598354604432555,1.4150605949449369
3720260402030012,伊東競輪,12R,16:25,4-6,4,6,474.9,0.005085121665311431,1.4149242788563985
3720260402030003,伊東競輪,3R,11:43,1-3,1,3,167.4,0.014407178095110084,1.4117616131214281
8420260402030007,武雄競輪,7R,10:35,1-5,1,5,44.1,0.05438558364818875,1.3984042388851239
4520260404010009,豊橋競輪,9R,19:22,4-5,4,5,66.6,0.03590338072513596,1.3911651562940546
3720260402030008,伊東競輪,8R,14:14,1-6,1,6,444.3,0.005375573728923969,1.3883674077609194
4520260404010002,豊橋競輪,2R,16:32,1-6,1,6,33.3,0.07169151332000559,1.3873273935561858
8420260402030007,武雄競輪,7R,10:35,5-7,5,7,31.4,0.07595215899902157,1.384897792569277
6120260402030012,玉野競輪,12R,20:30,4-7,4,7,52.1,0.04559947154385025,1.3757324674345983
3720260402030005,伊東競輪,5R,12:43,6-8,6,8,462.4,0.005131267287538372,1.3726979937577428
3720260402030011,伊東競輪,11R,15:47,2-3,2,3,45.9,0.05166120602522698,1.3712493565579185
4520260404010006,豊橋競輪,6R,18:06,1-5,1,5,71.9,0.03293322505907295,1.3678988817473452
3720260402030006,伊東競輪,6R,13:13,2-7,2,7,90.7,0.026096459630779462,1.3669488885116974
4520260404010010,豊橋競輪,10R,19:48,2-4,2,4,116.8,0.020220000270238694,1.3616960315638793
4520260404010003,豊橋競輪,3R,16:54,2-5,2,5,252.4,0.009263753231392745,1.3381713156035286
8420260402030007,武雄競輪,7R,10:35,3-4,3,4,64.0,0.03649892913509318,1.3359314646459635
4520260404010001,豊橋競輪,1R,16:07,2-6,2,6,31.6,0.07388615984778485,1.3348026511900013
8420260402030006,武雄競輪,6R,10:14,3-4,3,4,48.5,0.0479504340799387,1.3255960528770272
6120260402030005,玉野競輪,5R,17:30,1-6,1,6,70.5,0.03283891988817349,1.3151438521162309
6120260402030011,玉野競輪,11R,20:02,4-7,4,7,41.3,0.056037567058524376,1.3143515195170568
4520260404010002,豊橋競輪,2R,16:32,1-4,1,4,64.0,0.03614888790177084,1.313528825713334
3720260402030009,伊東競輪,9R,14:45,2-3,2,3,97.9,0.023398825147967196,1.2907449819859886
3720260402030007,伊東競輪,7R,13:43,1-4,1,4,102.9,0.022256556443736947,1.2901996580605322
6120260402030005,玉野競輪,5R,17:30,3-6,3,6,29.0,0.07884020161136432,1.286365846729565
3720260402030001,伊東競輪,1R,10:45,1-4,1,4,109.7,0.020827545259632506,1.284781714981686
3720260402030006,伊東競輪,6R,13:13,4-5,4,5,136.8,0.016675307122189828,1.2811820143155686
1320260404010007,いわき平競輪,7R,23:21,2-7,2,7,45.0,0.0506256398294999,1.2781537923274953
3720260402030006,伊東競輪,6R,13:13,4-8,4,8,364.8,0.006210916737678278,1.265742425905036
3720260402030006,伊東競輪,6R,13:13,2-4,2,4,132.2,0.01710068251294542,1.2607102282113845
3720260402030008,伊東競輪,8R,14:14,4-7,4,7,98.1,0.022899245410868057,1.246415974806156
8720260404010005,熊本競輪,5R,22:36,3-4,3,4,299.4,0.00750168787873366,1.2460053508928577
3720260402030004,伊東競輪,4R,12:13,1-2,1,2,35.9,0.06248477140074146,1.2432032932866184
6120260402030003,玉野競輪,3R,16:42,4-6,4,6,133.3,0.01681239422197506,1.2410921497892757
3720260402030002,伊東競輪,2R,11:14,2-6,2,6,169.0,0.013259954940886314,1.240932385009787
3720260402030005,伊東競輪,5R,12:43,4-9,4,9,77.0,0.029041964352429873,1.2362312551371004
1320260404010002,いわき平競輪,2R,21:13,1-7,1,7,45.3,0.04925127274695999,1.2310826554372873
8420260402030001,武雄競輪,1R,08:30,5-6,5,6,56.2,0.03966045253381579,1.2289174324004475
8420260402030005,武雄競輪,5R,09:53,3-5,3,5,39.0,0.05712358349079437,1.2278197561409803
6120260402030012,玉野競輪,12R,20:30,3-6,3,6,160.4,0.013869247933499317,1.2246273685332905
4720260404010006,松阪競輪,6R,22:45,4-6,4,6,176.2,0.012592902985829102,1.2188695061030876
8720260404010001,熊本競輪,1R,20:57,1-6,1,6,116.2,0.019028255776685,1.211083321250797
3720260402030011,伊東競輪,11R,15:47,2-8,2,8,84.2,0.026259297747348205,1.211032870326719
3720260402030008,伊東競輪,8R,14:14,3-5,3,5,39.9,0.05540195332781485,1.2105379377798124
8420260402030005,武雄競輪,5R,09:53,2-3,2,3,40.8,0.05399544987935106,1.203014355077523
3720260402030006,伊東競輪,6R,13:13,3-7,3,7,75.1,0.02931760405291854,1.2017520643741824
6120260402030001,玉野競輪,1R,15:55,5-6,5,6,77.0,0.028530088712399947,1.1968168308547957
4520260404010008,豊橋競輪,8R,18:56,3-4,3,4,100.8,0.021780589500918386,1.1954834216925732
6120260402030001,玉野競輪,1R,15:55,3-5,3,5,55.1,0.039836292151463,1.194979697545611
4520260404010002,豊橋競輪,2R,16:32,5-6,5,6,28.8,0.07614164598761197,1.1928794044432247
3720260402030011,伊東競輪,11R,15:47,6-8,6,8,903.5,0.002409186373954458,1.1766998888678528
3720260402030011,伊東競輪,11R,15:47,2-6,2,6,133.4,0.016267503670061086,1.1700849895861487
8720260404010002,熊本競輪,2R,21:21,3-7,3,7,57.3,0.03785338957469634,1.1689992226301
3720260402030008,伊東競輪,8R,14:14,1-3,1,3,91.5,0.02369249929705008,1.1678636856800826
3720260402030008,伊東競輪,8R,14:14,8-9,8,9,112.7,0.01917301994361765,1.160799347645709
3720260402030009,伊東競輪,9R,14:45,3-7,3,7,120.5,0.017925475310377033,1.1600197749004324
3720260402030005,伊東競輪,5R,12:43,2-8,2,8,140.3,0.015389682101400341,1.1591723988264682
4520260404010004,豊橋競輪,4R,17:18,1-4,1,4,28.9,0.07439546627901557,1.1500289754635498
3720260402030006,伊東競輪,6R,13:13,1-7,1,7,42.2,0.050864059467042574,1.1464633095091967
6120260402030005,玉野競輪,5R,17:30,5-6,5,6,70.5,0.030438090352629395,1.1458853698603724
8720260404010005,熊本競輪,5R,22:36,4-6,4,6,598.8,0.0035815137104641265,1.1446104098259187
3720260402030011,伊東競輪,11R,15:47,1-3,1,3,105.1,0.020374877400842067,1.1413996148285013
4520260404010005,豊橋競輪,5R,17:42,1-4,1,4,43.0,0.04953483057239323,1.1299977146129088
3720260402030006,伊東競輪,6R,13:13,2-8,2,8,249.3,0.00851151506329701,1.121920705279945
6120260402030001,玉野競輪,1R,15:55,5-7,5,7,48.0,0.04414545328429747,1.1189817576462784
3720260402030005,伊東競輪,5R,12:43,5-7,5,7,100.1,0.021035506945210565,1.1056542452155775
8420260402030006,武雄競輪,6R,10:14,2-6,2,6,35.8,0.058745654146109744,1.1030944184307288
3720260402030010,伊東競輪,10R,15:16,3-8,3,8,104.6,0.020054785928641832,1.0977306081359357
3720260402030004,伊東競輪,4R,12:13,1-8,1,8,165.0,0.012683376429275334,1.09275711083043
8420260402030003,武雄競輪,3R,09:11,1-2,1,2,18.7,0.1117821739890754,1.0903266535957101
6120260402030004,玉野競輪,4R,17:06,3-4,3,4,75.8,0.027556654468778048,1.088794408733376
4520260404010009,豊橋競輪,9R,19:22,2-3,2,3,66.6,0.03136056936285332,1.088613919566031
8420260402030004,武雄競輪,4R,09:32,5-7,5,7,59.5,0.035075829558575536,1.0870118587352442
3720260402030006,伊東競輪,6R,13:13,4-6,4,6,109.4,0.019062058836919017,1.0853892367589406
1320260404010006,いわき平競輪,6R,22:54,4-5,4,5,39.2,0.053103135525389186,1.0816429125952562
3720260402030005,伊東競輪,5R,12:43,2-3,2,3,62.6,0.03319928724072393,1.078275381269318
3720260402030012,伊東競輪,12R,16:25,4-5,4,5,151.7,0.013676984996737817,1.0747986240051266
8720260404010003,熊本競輪,3R,21:45,3-4,3,4,44.2,0.0468636230134732,1.0713721371955156
4520260404010005,豊橋競輪,5R,17:42,1-3,1,3,64.5,0.032046671268571456,1.067010296822859
6120260402030006,玉野競輪,6R,17:54,2-6,2,6,106.5,0.0192907244296779,1.0544621517606965
3720260402030005,伊東競輪,5R,12:43,7-8,7,8,194.1,0.010583013906709082,1.0541629992922328
6120260402030011,玉野競輪,11R,20:02,4-5,4,5,45.6,0.044922186615954915,1.0484517096875443
4720260404010006,松阪競輪,6R,22:45,2-4,2,4,50.3,0.04039345187546321,1.0317906293357995
3720260402030004,伊東競輪,4R,12:13,4-6,4,6,268.5,0.007549992731917003,1.0271730485197152
8720260404010007,熊本競輪,7R,23:30,3-4,3,4,75.0,0.02702529116794336,1.0268968375957521
3720260402030001,伊東競輪,1R,10:45,3-6,3,6,28.0,0.07234537295152618,1.025670442642733
8420260402030005,武雄競輪,5R,09:53,4-7,4,7,89.9,0.022292560242759753,1.004101165824102
3720260402030006,伊東競輪,6R,13:13,3-8,3,8,201.0,0.009926150809907146,0.9951563127913365
6120260402030001,玉野競輪,1R,15:55,4-6,4,6,30.4,0.06561416848725632,0.9946707220125921
3720260402030009,伊東競輪,9R,14:45,2-7,2,7,52.9,0.037680250784393396,0.9932852664944105
8420260402030005,武雄競輪,5R,09:53,5-6,5,6,27.0,0.07379942049007321,0.9925843532319767
3720260402030007,伊東競輪,7R,13:43,4-7,4,7,270.2,0.007338776283904173,0.9829373519109075
3720260402030003,伊東競輪,3R,11:43,3-4,3,4,39.1,0.05064855297204857,0.9803584212070993
3720260402030004,伊東競輪,4R,12:13,3-5,3,5,106.1,0.0186075318249384,0.9742591266259639
4520260404010008,豊橋競輪,8R,18:56,2-4,2,4,50.4,0.03916702356460196,0.9740179876559385
8720260404010002,熊本競輪,2R,21:21,1-7,1,7,19.1,0.10285341655687721,0.9645002562363549
3720260402030011,伊東競輪,11R,15:47,5-9,5,9,81.7,0.024035807501526462,0.963725472874712
4520260404010009,豊橋競輪,9R,19:22,3-7,3,7,83.2,0.023592916691289843,0.962930668715315
6120260402030011,玉野競輪,11R,20:02,2-4,2,4,38.4,0.05108522771903974,0.9616727444111259
8720260404010001,熊本競輪,1R,20:57,1-7,1,7,23.2,0.0843386679681633,0.9566570968613886
8420260402030001,武雄競輪,1R,08:30,4-7,4,7,58.4,0.033471022354315975,0.954707705492053
3720260402030011,伊東競輪,11R,15:47,6-9,6,9,414.1,0.004711194904306126,0.9509058098731669
6120260402030006,玉野競輪,6R,17:54,5-7,5,7,63.9,0.03048768864684054,0.9481633045331104
3720260402030007,伊東競輪,7R,13:43,3-6,3,6,196.5,0.00984235096038749,0.9340219637161418
3720260402030011,伊東競輪,11R,15:47,3-6,3,6,451.7,0.0042732911772965535,0.9302456247848532
8420260402030002,武雄競輪,2R,08:50,1-2,1,2,18.2,0.1057968540265942,0.9255027432840142
8420260402030004,武雄競輪,4R,09:32,3-4,3,4,24.3,0.07923414670981144,0.925389765048418
3720260402030011,伊東競輪,11R,15:47,5-6,5,6,189.3,0.010165720787527997,0.92437094507905
8420260402030005,武雄競輪,5R,09:53,3-4,3,4,134.1,0.014344565400259444,0.9236062201747912
6120260402030003,玉野競輪,3R,16:42,6-7,6,7,78.7,0.0244388875065083,0.9233404467622033
3720260402030010,伊東競輪,10R,15:16,1-7,1,7,54.7,0.035105396833712915,0.9202652068040966
3720260402030012,伊東競輪,12R,16:25,6-9,6,9,294.7,0.0064991635388613,0.915303494902425
3720260402030005,伊東競輪,5R,12:43,8-9,8,9,102.7,0.01864525745031701,0.914867940147557
3720260402030003,伊東競輪,3R,11:43,1-4,1,4,44.4,0.04285104132025278,0.9025862346192235
4520260404010004,豊橋競輪,4R,17:18,3-7,3,7,24.6,0.07732104831162787,0.9020977884660457
3720260402030004,伊東競輪,4R,12:13,4-7,4,7,90.7,0.020916434803428988,0.8971206366710092
3720260402030009,伊東競輪,9R,14:45,3-8,3,8,395.8,0.004773048975094743,0.8891727843424992
8720260404010002,熊本競輪,2R,21:21,2-4,2,4,28.6,0.06600397245403787,0.8877136121854832
4520260404010002,豊橋競輪,2R,16:32,2-4,2,4,192.0,0.009738103978023958,0.8697159637806
4520260404010011,豊橋競輪,11R,20:16,2-3,2,3,55.2,0.03385521467867445,0.8688078502628298
6120260402030010,玉野競輪,10R,19:35,1-6,1,6,120.6,0.015487238965225806,0.8677610192062322
6120260402030008,玉野競輪,8R,18:43,3-6,3,6,53.1,0.03506290658253399,0.8618403395325549
3720260402030004,伊東競輪,4R,12:13,3-8,3,8,163.0,0.011419220908035788,0.8613330080098334
3720260402030009,伊東競輪,9R,14:45,5-6,5,6,337.2,0.0055110810647866675,0.8583365350460641
6120260402030003,玉野競輪,3R,16:42,2-6,2,6,54.0,0.03440374940521673,0.8578024678817036
4720260404010004,松阪競輪,4R,21:53,2-7,2,7,45.0,0.04121430726023226,0.8546438267104517
4520260404010001,豊橋競輪,1R,16:07,1-3,1,3,158.2,0.01169816137769224,0.8506491299509122
6120260402030001,玉野競輪,1R,15:55,6-7,6,7,45.8,0.040373969756102274,0.8491278148294841
6120260402030004,玉野競輪,4R,17:06,3-6,3,6,151.7,0.012116630193238071,0.8380928003142152
8420260402030006,武雄競輪,6R,10:14,3-5,3,5,35.0,0.05246205067680357,0.8361717736881249
8420260402030004,武雄競輪,4R,09:32,1-3,1,3,41.2,0.044535651961038106,0.8348688607947701
3720260402030008,伊東競輪,8R,14:14,1-5,1,5,35.9,0.05098662760744456,0.8304199311072595
8720260404010002,熊本競輪,2R,21:21,6-7,6,7,114.7,0.015945138505530657,0.8289073865843664
3720260402030003,伊東競輪,3R,11:43,5-6,5,6,129.8,0.014087978357525614,0.8286195908068248
3720260402030008,伊東競輪,8R,14:14,2-6,2,6,256.0,0.007132098673645195,0.8258172604531699
6120260402030012,玉野競輪,12R,20:30,2-5,2,5,33.1,0.055038757769410404,0.8217828821674844
8420260402030005,武雄競輪,5R,09:53,1-4,1,4,64.8,0.02807025157396819,0.8189523019931386
3720260402030004,伊東競輪,4R,12:13,5-6,5,6,213.9,0.008484740502511625,0.8148859934872368
3720260402030001,伊東競輪,1R,10:45,1-6,1,6,54.8,0.0330944314640442,0.813574844229622
3720260402030010,伊東競輪,10R,15:16,2-4,2,4,165.9,0.010875684236748197,0.804276014876526
3720260402030007,伊東競輪,7R,13:43,6-9,6,9,186.8,0.009655872980656115,0.8037170727865623
8720260404010007,熊本競輪,7R,23:30,5-7,5,7,150.0,0.011965186461148325,0.7947779691722487
3720260402030010,伊東競輪,10R,15:16,4-9,4,9,54.5,0.032869462147321414,0.791385687029017
3720260402030005,伊東競輪,5R,12:43,1-4,1,4,26.1,0.06853036819811914,0.7886426099709096
4520260404010001,豊橋競輪,1R,16:07,6-7,6,7,25.5,0.07006359833271084,0.7866217574841263
3720260402030010,伊東競輪,10R,15:16,1-3,1,3,34.7,0.05144008483033999,0.7849709436127978
1320260404010006,いわき平競輪,6R,22:54,1-4,1,4,16.8,0.10557841505028906,0.7737173728448563
3720260402030010,伊東競輪,10R,15:16,2-5,2,5,89.6,0.019793342929768434,0.7734835265072515
3720260402030004,伊東競輪,4R,12:13,3-4,3,4,106.1,0.016698802905394196,0.7717429882623241
6120260402030010,玉野競輪,10R,19:35,1-2,1,2,86.1,0.020552992524708828,0.7696126563774299
6120260402030003,玉野競輪,3R,16:42,2-7,2,7,52.6,0.03354949357102581,0.7647033618359576
6120260402030007,玉野競輪,7R,18:18,4-5,4,5,33.2,0.053064753225854355,0.7617498070983648
3720260402030003,伊東競輪,3R,11:43,2-8,2,8,31.8,0.055303202176024135,0.7586418291975676
3720260402030008,伊東競輪,8R,14:14,2-8,2,8,149.5,0.011757294290063659,0.757715496364517
3720260402030004,伊東競輪,4R,12:13,4-5,4,5,285.3,0.006148507130657644,0.7541690843766258
8420260402030004,武雄競輪,4R,09:32,3-6,3,6,51.0,0.03431057948852375,0.7498395539147114
4520260404010007,豊橋競輪,7R,18:30,1-6,1,6,40.0,0.043636088027117374,0.745443521084695
8720260404010004,熊本競輪,4R,22:09,1-6,1,6,52.8,0.032955013626401596,0.7400247194740042
4520260404010009,豊橋競輪,9R,19:22,2-7,2,7,55.5,0.03128113741618923,0.7361031265985023
4520260404010008,豊橋競輪,8R,18:56,3-5,3,5,26.9,0.06446585027727254,0.7341313724586314
6120260402030004,玉野競輪,4R,17:06,4-6,4,6,115.6,0.014999746506817721,0.7339706961881285
6120260402030007,玉野競輪,7R,18:18,4-6,4,6,108.0,0.01604284014212277,0.7326267353492593
3720260402030004,伊東競輪,4R,12:13,8-9,8,9,120.1,0.014413838253277552,0.731101974218634
6120260402030001,玉野競輪,1R,15:55,1-2,1,2,54.4,0.031814100661854174,0.7306870760048669
6120260402030010,玉野競輪,10R,19:35,5-7,5,7,40.2,0.04303672494858895,0.730076342933276
4720260404010004,松阪競輪,4R,21:53,1-7,1,7,22.5,0.07689224091427838,0.7300754205712634
6120260402030004,玉野競輪,4R,17:06,1-3,1,3,27.6,0.06258194081292827,0.7272615664368203
3720260402030009,伊東競輪,9R,14:45,3-5,3,5,151.7,0.011352502696420349,0.7221746590469669
3720260402030008,伊東競輪,8R,14:14,6-9,6,9,149.5,0.011476871693338546,0.7157923181541126
3720260402030002,伊東競輪,2R,11:14,2-4,2,4,68.3,0.02509387811494945,0.7139118752510474
1320260404010003,いわき平競輪,3R,21:37,2-7,2,7,30.7,0.05579841332097545,0.7130112889539464
8420260402030003,武雄競輪,3R,09:11,3-6,3,6,43.8,0.03906282806111627,0.7109518690768926
4720260404010007,松阪競輪,7R,23:12,2-7,2,7,34.5,0.049558098106909976,0.7097543846883942
3720260402030011,伊東競輪,11R,15:47,3-9,3,9,121.2,0.014075585366242973,0.7059609463886485
4520260404010004,豊橋競輪,4R,17:18,1-2,1,2,45.3,0.03758607272572627,0.7026490944753998
8720260404010004,熊本競輪,4R,22:09,2-4,2,4,35.2,0.048347427100545085,0.7018294339391871
3720260402030011,伊東競輪,11R,15:47,8-9,8,9,231.1,0.007363027001011274,0.7015955399337053
3720260402030003,伊東競輪,3R,11:43,5-8,5,8,65.5,0.025917692097832783,0.6976088324080472
4520260404010006,豊橋競輪,6R,18:06,3-6,3,6,26.1,0.06502426841416445,0.6971334056096923
4520260404010002,豊橋競輪,2R,16:32,2-7,2,7,65.2,0.02595906128647739,0.6925307958783258
4720260404010003,松阪競輪,3R,21:29,1-7,1,7,39.7,0.04262038004093712,0.6920290876252038
3720260402030001,伊東競輪,1R,10:45,2-4,2,4,65.6,0.025782946846509648,0.6913613131310328
4720260404010004,松阪競輪,4R,21:53,3-6,3,6,45.0,0.037324188404157334,0.67958847818708
4520260404010002,豊橋競輪,2R,16:32,1-2,1,2,31.3,0.05359600728804022,0.6775550281156588
4520260404010003,豊橋競輪,3R,16:54,3-5,3,5,62.4,0.02686164058893545,0.6761663727495721
8720260404010006,熊本競輪,6R,23:03,1-2,1,2,9.2,0.18213733224277984,0.6756634566335744
4520260404010003,豊橋競輪,3R,16:54,3-4,3,4,22.3,0.07500061970023919,0.6725138193153339
4720260404010006,松阪競輪,6R,22:45,2-6,2,6,88.1,0.018975469070889,0.6717388251453209
3720260402030009,伊東競輪,9R,14:45,1-7,1,7,27.5,0.06076472541079668,0.6710299487969087
3720260402030012,伊東競輪,12R,16:25,3-4,3,4,36.1,0.04621342435475994,0.6683046192068338
1320260404010006,いわき平競輪,6R,22:54,2-3,2,3,39.2,0.042490898177606234,0.6656432085621644
6120260402030004,玉野競輪,4R,17:06,3-7,3,7,48.2,0.03452799873328078,0.6642495389441336
3720260402030002,伊東競輪,2R,11:14,3-7,3,7,103.3,0.01608911444738589,0.6620055224149624
4520260404010011,豊橋競輪,11R,20:16,2-7,2,7,39.4,0.04217541187598912,0.6617112279139712
4520260404010001,豊橋競輪,1R,16:07,3-7,3,7,28.4,0.05850229373642065,0.6614651421143465
6120260402030001,玉野競輪,1R,15:55,1-5,1,5,75.5,0.021979756588211413,0.6594716224099617
1320260404010005,いわき平競輪,5R,22:27,2-3,2,3,33.0,0.050224422060499985,0.6574059279964994
3720260402030008,伊東競輪,8R,14:14,2-4,2,4,85.3,0.01931159618450595,0.6472791545383574
3720260402030005,伊東競輪,5R,12:43,1-8,1,8,37.5,0.043843284508819046,0.6441231690807143
3720260402030007,伊東競輪,7R,13:43,3-5,3,5,42.8,0.03832057093098963,0.6401204358463561
6120260402030009,玉野競輪,9R,19:09,3-7,3,7,28.5,0.05723228531766497,0.6311201315534516
6120260402030005,玉野競輪,5R,17:30,1-3,1,3,19.7,0.08259582218526104,0.6271376970496425
3720260402030002,伊東競輪,2R,11:14,3-4,3,4,45.1,0.036050593494410324,0.6258817665979057
6120260402030009,玉野競輪,9R,19:09,4-6,4,6,32.6,0.049806110371190905,0.6236791981008236
4520260404010008,豊橋競輪,8R,18:56,3-7,3,7,67.2,0.02414917281765879,0.6228244133466709
4520260404010007,豊橋競輪,7R,18:30,3-5,3,5,40.0,0.04054130447036271,0.6216521788145082
3720260402030002,伊東競輪,2R,11:14,5-7,5,7,61.3,0.026429066125064907,0.6201017534664788
3720260402030003,伊東競輪,3R,11:43,3-6,3,6,169.6,0.00954092387867797,0.6181406898237838
6120260402030003,玉野競輪,3R,16:42,1-6,1,6,66.0,0.024504073911607648,0.6172688781661049
3720260402030008,伊東競輪,8R,14:14,3-6,3,6,251.8,0.006375619011383508,0.6053808670663674
8720260404010003,熊本競輪,3R,21:45,4-5,4,5,44.2,0.03618284334436711,0.5992816758210264
4720260404010001,松阪競輪,1R,20:41,1-5,1,5,31.0,0.051506661003131185,0.5967064910970667
3720260402030005,伊東競輪,5R,12:43,2-6,2,6,215.4,0.007396380317698055,0.5931803204321611
8720260404010006,熊本競輪,6R,23:03,2-5,2,5,27.7,0.057330132673333326,0.5880446750513331
3720260402030008,伊東競輪,8R,14:14,1-7,1,7,50.8,0.03116522624828809,0.5831934934130347
3720260402030010,伊東競輪,10R,15:16,4-8,4,8,393.7,0.003990392647181869,0.5710175851955017
3720260402030003,伊東競輪,3R,11:43,3-7,3,7,65.9,0.023803845355311996,0.5686734089150607
6120260402030010,玉野競輪,10R,19:35,2-7,2,7,35.4,0.044261466273588665,0.5668559060850387
4520260404010005,豊橋競輪,5R,17:42,1-7,1,7,24.2,0.06470155187769,0.5657775554400979
6120260402030008,玉野競輪,8R,18:43,1-5,1,5,18.9,0.0827305915840131,0.5636081809378473
3720260402030009,伊東競輪,9R,14:45,2-6,2,6,155.6,0.01004268247820087,0.5626413936080554
4520260404010011,豊橋競輪,11R,20:16,1-2,1,2,39.4,0.03956870024826138,0.5590067897814983
4720260404010001,松阪競輪,1R,20:41,3-4,3,4,29.0,0.05362597420058422,0.5551532518169424
3720260402030008,伊東競輪,8R,14:14,2-3,2,3,51.7,0.03006946164607676,0.5545911671021686
8420260402030004,武雄競輪,4R,09:32,1-6,1,6,134.7,0.011483756119809015,0.546861949338274
1320260404010007,いわき平競輪,7R,23:21,5-7,5,7,45.0,0.03428708863034457,0.5429189883655057
6120260402030004,玉野競輪,4R,17:06,4-7,4,7,36.4,0.04232610263673284,0.5406701359770751
6120260402030009,玉野競輪,9R,19:09,3-6,3,6,28.5,0.05400065757979039,0.5390187410240261
3720260402030005,伊東競輪,5R,12:43,2-9,2,9,57.8,0.026583906652168476,0.5365498044953378
8720260404010001,熊本競輪,1R,20:57,1-4,1,4,19.3,0.07949582187668985,0.5342693622201142
3720260402030006,伊東競輪,6R,13:13,1-8,1,8,83.4,0.01839493556477142,0.5341376261019364
8720260404010004,熊本競輪,4R,22:09,3-4,3,4,52.8,0.02902615238422693,0.5325808458871819
6120260402030010,玉野競輪,10R,19:35,2-5,2,5,67.0,0.022769345967701724,0.5255461798360155
3720260402030001,伊東競輪,1R,10:45,4-7,4,7,66.2,0.023026690028365503,0.5243668798777963
4520260404010008,豊橋競輪,8R,18:56,1-3,1,3,57.6,0.0263908311915574,0.5201118766337063
6120260402030010,玉野競輪,10R,19:35,5-6,5,6,75.3,0.020165127885369102,0.5184341297682933
1320260404010003,いわき平競輪,3R,21:37,2-6,2,6,30.7,0.04942613111424755,0.5173822252073996
6120260402030006,玉野競輪,6R,17:54,4-5,4,5,21.3,0.07114369115281875,0.5153606215550395
6120260402030010,玉野競輪,10R,19:35,3-6,3,6,23.1,0.0651840393462732,0.5057513088989112
4520260404010009,豊橋競輪,9R,19:22,2-5,2,5,23.7,0.0634245673051581,0.5031622451322468
4520260404010009,豊橋競輪,9R,19:22,1-3,1,3,23.7,0.06330801891255028,0.5004000482274416
4520260404010011,豊橋競輪,11R,20:16,2-5,2,5,21.2,0.07059326784374456,0.49657727828738474
8720260404010002,熊本競輪,2R,21:21,1-6,1,6,22.9,0.06532711295300923,0.49599088662391133
3720260402030011,伊東競輪,11R,15:47,4-9,4,9,83.1,0.01799957660887032,0.4957648161971233
4720260404010001,松阪競輪,1R,20:41,2-3,2,3,20.7,0.07206660260344303,0.4917786738912706
3720260402030011,伊東競輪,11R,15:47,1-5,1,5,40.8,0.036457185565431496,0.48745317106960484
3720260402030009,伊東競輪,9R,14:45,1-5,1,5,28.0,0.05311287241144768,0.487160427520535
3720260402030009,伊東競輪,9R,14:45,3-9,3,9,48.0,0.03097816822007107,0.4869520745634113
8420260402030007,武雄競輪,7R,10:35,1-2,1,2,26.6,0.05586477502015845,0.48600301553621494
3720260402030003,伊東競輪,3R,11:43,1-8,1,8,133.9,0.011095703802653975,0.48571473917536734
3720260402030006,伊東競輪,6R,13:13,6-8,6,8,157.6,0.009417709463683735,0.48423101147655667
1320260404010001,いわき平競輪,1R,20:49,3-7,3,7,46.1,0.03211352421647148,0.48043346637933504
4520260404010009,豊橋競輪,9R,19:22,1-7,1,7,19.5,0.07590804868998506,0.48020694945470876
6120260402030006,玉野競輪,6R,17:54,2-7,2,7,39.9,0.0370770750528742,0.47937529460968054
3720260402030005,伊東競輪,5R,12:43,5-6,5,6,172.7,0.00854980606271715,0.4765515070312516
6120260402030010,玉野競輪,10R,19:35,1-4,1,4,35.4,0.041698582524678604,0.4761298213736225
1320260404010007,いわき平競輪,7R,23:21,1-6,1,6,22.5,0.06548709606625441,0.47345966149072427
6120260402030011,玉野競輪,11R,20:02,1-6,1,6,24.3,0.06059964884705189,0.47257146698336094
4720260404010002,松阪競輪,2R,21:05,3-4,3,4,27.9,0.052778131744528306,0.4725098756723396
3720260402030001,伊東競輪,1R,10:45,5-7,5,7,30.4,0.047887178505734,0.45577022657431354
3720260402030003,伊東競輪,3R,11:43,2-6,2,6,48.9,0.029750604493190624,0.4548045597170214
4520260404010001,豊橋競輪,1R,16:07,1-4,1,4,95.5,0.015219725315625637,0.4534837676422483
6120260402030004,玉野競輪,4R,17:06,1-4,1,4,19.0,0.07643033956909623,0.4521764518128284
3720260402030007,伊東競輪,7R,13:43,4-8,4,8,219.3,0.006620524240873262,0.4518809660235066
6120260402030012,玉野競輪,12R,20:30,3-7,3,7,83.4,0.017379390587425214,0.449441174991263
8420260402030005,武雄競輪,5R,09:53,3-7,3,7,84.0,0.017241402191843096,0.44827778411482
3720260402030004,伊東競輪,4R,12:13,4-8,4,8,351.1,0.00412094371659411,0.446863338896192
6120260402030005,玉野競輪,5R,17:30,1-5,1,5,44.8,0.032286213787161344,0.4464223776648282
1320260404010002,いわき平競輪,2R,21:13,1-6,1,6,30.2,0.04785793405303414,0.4453096084016308
3720260402030007,伊東競輪,7R,13:43,6-7,6,7,280.2,0.005144170391498986,0.44139654369801584
6120260402030009,玉野競輪,9R,19:09,2-3,2,3,22.8,0.06312533751255904,0.43925769528634606
4720260404010007,松阪競輪,7R,23:12,3-7,3,7,34.5,0.04165993069918501,0.437267609121883
1320260404010003,いわき平競輪,3R,21:37,1-2,1,2,15.3,0.09390933090587295,0.43681276285985615
6120260402030004,玉野競輪,4R,17:06,1-2,1,2,13.4,0.10716756097913266,0.43604531712037775
4720260404010003,松阪競輪,3R,21:29,5-6,5,6,39.7,0.03617087427359586,0.43598370866175573
4720260404010003,松阪競輪,3R,21:29,2-7,2,7,39.7,0.036116202950523923,0.43381325713579977
4720260404010002,松阪競輪,2R,21:05,2-4,2,4,23.2,0.06178537397471136,0.4334206762133035
4520260404010009,豊橋競輪,9R,19:22,3-5,3,5,30.2,0.04734889991212586,0.42993677734620106
3720260402030007,伊東競輪,7R,13:43,5-9,5,9,36.9,0.038515970153491785,0.4212392986638469
8420260402030004,武雄競輪,4R,09:32,1-2,1,2,28.2,0.05037484190860252,0.4205705418225911
6120260402030012,玉野競輪,12R,20:30,1-6,1,6,28.9,0.04901671919679901,0.41658318478749123
8420260402030002,武雄競輪,2R,08:50,3-6,3,6,90.7,0.015543260828348324,0.409773757131193
1320260404010002,いわき平競輪,2R,21:13,3-7,3,7,45.3,0.03109921282060174,0.4087943407732588
8720260404010002,熊本競輪,2R,21:21,2-6,2,6,57.3,0.02437969771297576,0.39695667895351106
8720260404010002,熊本競輪,2R,21:21,1-5,1,5,57.3,0.024273816205024286,0.39088966854789153
3720260402030011,伊東競輪,11R,15:47,1-7,1,7,31.0,0.044845810696946334,0.3902201316053364
6120260402030004,玉野競輪,4R,17:06,2-7,2,7,21.4,0.06442271018010126,0.37864599785416697
1320260404010003,いわき平競輪,3R,21:37,3-7,3,7,30.7,0.04487191729841921,0.37756786106146967
3720260402030012,伊東競輪,12R,16:25,8-9,8,9,131.5,0.01046555243225873,0.37622014484202304
6120260402030007,玉野競輪,7R,18:18,2-4,2,4,30.8,0.04462242451739546,0.37437067513578026
3720260402030008,伊東競輪,8R,14:14,4-6,4,6,387.4,0.003531937963508978,0.3682727670633781
4520260404010005,豊橋競輪,5R,17:42,3-6,3,6,35.2,0.03886730855597871,0.36812926117045075
6120260402030005,玉野競輪,5R,17:30,4-5,4,5,27.4,0.04965514586021898,0.36055099657
3720260402030008,伊東競輪,8R,14:14,3-9,3,9,28.2,0.0481118801351047,0.3567550198099525
1320260404010005,いわき平競輪,5R,22:27,3-4,3,4,33.0,0.04107233072952658,0.3553869140743773
3720260402030008,伊東競輪,8R,14:14,4-8,4,8,302.1,0.004478616889829151,0.35299016241738657
8420260402030005,武雄競輪,5R,09:53,3-6,3,6,93.2,0.01450007046715792,0.35140656753911825
4720260404010001,松阪競輪,1R,20:41,1-6,1,6,25.5,0.052890400333483904,0.34870520850383957
6120260402030006,玉野競輪,6R,17:54,1-5,1,5,26.6,0.05067727944553936,0.3480156332513471
4520260404010001,豊橋競輪,1R,16:07,4-6,4,6,33.7,0.0399278330457721,0.3455679736425199
4520260404010006,豊橋競輪,6R,18:06,4-6,4,6,23.0,0.058462530782978764,0.3446382080085115
6120260402030008,玉野競輪,8R,18:43,2-3,2,3,26.5,0.05066453040317111,0.34261005568403435
6120260402030001,玉野競輪,1R,15:55,1-3,1,3,49.7,0.026900361422386096,0.3369479626925891
4520260404010011,豊橋競輪,11R,20:16,3-7,3,7,34.5,0.03870946702953902,0.3354766125190962
6120260402030012,玉野競輪,12R,20:30,4-5,4,5,17.6,0.07579080356392612,0.3339181427250997
4520260404010006,豊橋競輪,6R,18:06,2-7,2,7,23.9,0.055801436719331174,0.3336543375920149
3720260402030009,伊東競輪,9R,14:45,2-9,2,9,22.0,0.060577591006439946,0.3327070021416789
6120260402030003,玉野競輪,3R,16:42,1-3,1,3,27.8,0.047914242643342105,0.33201594548491054
6120260402030008,玉野競輪,8R,18:43,5-7,5,7,35.4,0.03749031478738136,0.32715714347330005
3720260402030009,伊東競輪,9R,14:45,4-7,4,7,52.1,0.025466108365661662,0.32678424585097265
4520260404010007,豊橋競輪,7R,18:30,4-6,4,6,30.0,0.04420066966496988,0.32602008994909637
3720260402030007,伊東競輪,7R,13:43,4-6,4,6,369.1,0.0035918946079372856,0.32576829978965227
3720260402030003,伊東競輪,3R,11:43,4-8,4,8,27.7,0.047830414369161425,0.32490247802577144
8720260404010007,熊本競輪,7R,23:30,4-5,4,5,150.0,0.008828479683743973,0.324271952561596
6120260402030012,玉野競輪,12R,20:30,1-7,1,7,21.9,0.06018555826311898,0.3180637259623056
6120260402030003,玉野競輪,3R,16:42,3-4,3,4,32.5,0.040499500138457045,0.3162337544998539
4720260404010004,松阪競輪,4R,21:53,6-7,6,7,45.0,0.029188015405195368,0.31346069323379155
8720260404010001,熊本競輪,1R,20:57,2-5,2,5,19.3,0.06796935971557232,0.31180864251054574
6120260402030001,玉野競輪,1R,15:55,1-4,1,4,27.2,0.048055337756608064,0.3071051869797392
3720260402030006,伊東競輪,6R,13:13,5-9,5,9,28.4,0.04599231504413537,0.3061817472534445
4520260404010007,豊橋競輪,7R,18:30,5-6,5,6,60.0,0.02174309115510154,0.3045854693060923
4720260404010005,松阪競輪,5R,22:18,2-3,2,3,27.0,0.04817569568508787,0.3007437834973725
8720260404010001,熊本競輪,1R,20:57,5-7,5,7,58.1,0.022368825266252505,0.2996287479692705
4520260404010004,豊橋競輪,4R,17:18,1-7,1,7,11.4,0.1137920368392672,0.29722921996764606
6120260402030002,玉野競輪,2R,16:18,2-5,2,5,56.6,0.022913956885499694,0.2969299597192827
6120260402030008,玉野競輪,8R,18:43,1-3,1,3,11.5,0.11270717760209234,0.29613254242406195
3720260402030012,伊東競輪,12R,16:25,1-5,1,5,31.8,0.04073781695879972,0.29546257928983133
8420260402030004,武雄競輪,4R,09:32,1-5,1,5,34.3,0.03772206695364074,0.2938668965098774
8420260402030004,武雄競輪,4R,09:32,6-7,6,7,148.8,0.008686398541600124,0.2925361029900986
3720260402030006,伊東競輪,6R,13:13,4-7,4,7,53.8,0.024023027133826452,0.29243885979986306
3720260402030004,伊東競輪,4R,12:13,2-8,2,8,63.9,0.020167229493659348,0.2886859646448323
4720260404010001,松阪競輪,1R,20:41,1-7,1,7,27.1,0.04722611399472342,0.27982768925700485
8420260402030004,武雄競輪,4R,09:32,1-7,1,7,90.4,0.014116775557696571,0.27615651041577016
8420260402030007,武雄競輪,7R,10:35,4-6,4,6,71.1,0.01789789723070357,0.27254049310302375
8720260404010003,熊本競輪,3R,21:45,2-7,2,7,22.1,0.05751357258401571,0.27104995410674726
8720260404010001,熊本競輪,1R,20:57,1-3,1,3,11.6,0.10905412766490914,0.26502788091294605
4520260404010001,豊橋競輪,1R,16:07,3-5,3,5,34.2,0.03693030939233998,0.2630165812180274
6120260402030001,玉野競輪,1R,15:55,2-3,2,3,23.3,0.053968777396971784,0.25747251334944266
3720260402030004,伊東競輪,4R,12:13,1-6,1,6,61.4,0.02047824957814056,0.2573645240978304
3720260402030009,伊東競輪,9R,14:45,4-8,4,8,154.3,0.008134325847001269,0.25512647819229595
4520260404010007,豊橋競輪,7R,18:30,1-5,1,5,20.0,0.06266708662774664,0.253341732554933
3720260402030006,伊東競輪,6R,13:13,3-9,3,9,27.9,0.044834256699145536,0.25087576190616034
6120260402030007,玉野競輪,7R,18:18,5-7,5,7,13.5,0.09264231121636102,0.25067120142087385
6120260402030009,玉野競輪,9R,19:09,1-6,1,6,41.5,0.030093602920035066,0.2488845211814552
6120260402030002,玉野競輪,2R,16:18,1-2,1,2,27.5,0.045401318647156755,0.24853626279681085
3720260402030009,伊東競輪,9R,14:45,3-6,3,6,331.0,0.003764990612550022,0.2462118927540573
3720260402030004,伊東競輪,4R,12:13,2-3,2,3,21.9,0.056875008783538045,0.24556269235948314
6120260402030009,玉野競輪,9R,19:09,1-3,1,3,17.5,0.07109727388831044,0.24420229304543284
4720260404010007,松阪競輪,7R,23:12,3-4,3,4,34.5,0.03605877984170066,0.24402790453867285
1320260404010002,いわき平競輪,2R,21:13,2-4,2,4,22.6,0.055024458782098204,0.2435527684754195
4520260404010008,豊橋競輪,8R,18:56,1-4,1,4,50.4,0.024649839041147023,0.24235188767381
4520260404010005,豊橋競輪,5R,17:42,4-6,4,6,21.5,0.05776970189120788,0.2420485906609693
8420260402030002,武雄競輪,2R,08:50,3-4,3,4,19.7,0.0630164851063466,0.24142475659502782
6120260402030009,玉野競輪,9R,19:09,5-6,5,6,45.7,0.02699953688916342,0.23387883583476832
3720260402030009,伊東競輪,9R,14:45,6-8,6,8,492.1,0.0025067549246009495,0.23357409839612742
3720260402030003,伊東競輪,3R,11:43,2-5,2,5,16.1,0.07643120633653717,0.2305424220182486
3720260402030002,伊東競輪,2R,11:14,1-2,1,2,25.6,0.048064814775324684,0.23045925824831204
3720260402030012,伊東競輪,12R,16:25,5-8,5,8,152.6,0.008060907599962348,0.23009449975425422
3720260402030004,伊東競輪,4R,12:13,5-8,5,8,263.3,0.004657759111131329,0.22638797396087895
8420260402030005,武雄競輪,5R,09:53,5-7,5,7,19.1,0.06419544158335308,0.22613293424204395
8720260404010003,熊本競輪,3R,21:45,5-6,5,6,44.2,0.027708053836609337,0.2246959795781327
1320260404010004,いわき平競輪,4R,22:01,2-3,2,3,22.0,0.05564550182488723,0.22420104014751896
4520260404010009,豊橋競輪,9R,19:22,2-4,2,4,55.5,0.0220058810124693,0.2213263961920462
1320260404010003,いわき平競輪,3R,21:37,3-6,3,6,30.7,0.03975360874070114,0.22043578833952493
3720260402030009,伊東競輪,9R,14:45,3-4,3,4,100.0,0.012196927992321038,0.21969279923210383
1320260404010002,いわき平競輪,2R,21:13,3-5,3,5,22.6,0.053925530544433324,0.21871699030419323
4520260404010004,豊橋競輪,4R,17:18,2-7,2,7,20.6,0.05911492662748189,0.21776748852612693
8720260404010004,熊本競輪,4R,22:09,3-6,3,6,105.7,0.011513758997128143,0.2170043259964447
4720260404010002,松阪競輪,2R,21:05,1-5,1,5,19.9,0.0609296488337754,0.2125000117921303
8420260402030001,武雄競輪,1R,08:30,2-4,2,4,23.5,0.05151434858585428,0.21058719176757568
1320260404010005,いわき平競輪,5R,22:27,1-5,1,5,16.5,0.07318513870817905,0.20755478868495447
8420260402030006,武雄競輪,6R,10:14,2-4,2,4,23.6,0.05107585939508085,0.20539028172390816
4720260404010007,松阪競輪,7R,23:12,1-6,1,6,17.2,0.06996512193757458,0.20340009732628261
3720260402030009,伊東競輪,9R,14:45,5-8,5,8,158.3,0.00756025131091995,0.19678778251862816
3720260402030005,伊東競輪,5R,12:43,1-2,1,2,19.7,0.06066116727388409,0.19502499529551653
4520260404010007,豊橋競輪,7R,18:30,5-7,5,7,30.0,0.03956926904622109,0.18707807138663268
4520260404010008,豊橋競輪,8R,18:56,4-7,4,7,57.6,0.020602882627659847,0.1867260393532073
3720260402030005,伊東競輪,5R,12:43,3-9,3,9,31.0,0.03826996690578523,0.18636897407934194
3720260402030012,伊東競輪,12R,16:25,3-9,3,9,23.1,0.05132385342224652,0.1855810140538947
3720260402030003,伊東競輪,3R,11:43,6-8,6,8,151.4,0.007810152541587628,0.18245709479636685
1320260404010001,いわき平競輪,1R,20:49,1-5,1,5,17.2,0.06873836681028725,0.1822999091369406
3720260402030008,伊東競輪,8R,14:14,1-4,1,4,96.2,0.012283859291235023,0.18170726381680935
8720260404010007,熊本競輪,7R,23:30,1-7,1,7,10.0,0.1180208444526053,0.180208444526053
6120260402030006,玉野競輪,6R,17:54,2-5,2,5,39.9,0.029577877429283347,0.18015730942840547
3720260402030002,伊東競輪,2R,11:14,4-7,4,7,39.9,0.029396881436840848,0.1729355693299497
8720260404010003,熊本競輪,3R,21:45,1-3,1,3,14.7,0.07948166481583031,0.16838047279270563
3720260402030008,伊東競輪,8R,14:14,5-8,5,8,50.8,0.02297284308696157,0.16702042881764778
8420260402030007,武雄競輪,7R,10:35,1-3,1,3,20.9,0.055764620446946675,0.16548056734118544
4520260404010005,豊橋競輪,5R,17:42,3-4,3,4,19.3,0.06027106771815825,0.16323160696045425
1320260404010005,いわき平競輪,5R,22:27,1-7,1,7,16.5,0.07042254996445761,0.16197207441355066
4520260404010008,豊橋競輪,8R,18:56,2-7,2,7,26.9,0.043159867039615274,0.1610004233656508
8720260404010007,熊本競輪,7R,23:30,1-5,1,5,50.0,0.023211538988806367,0.16057694944031842
6120260402030001,玉野競輪,1R,15:55,1-6,1,6,60.9,0.01902956485880406,0.1589004999011674
3720260402030008,伊東競輪,8R,14:14,1-2,1,2,43.2,0.026818711418233443,0.15856833326768482
8720260404010004,熊本競輪,4R,22:09,5-7,5,7,105.7,0.010934814744821301,0.1558099185276116
3720260402030001,伊東競輪,1R,10:45,2-5,2,5,21.4,0.05393031267434688,0.15410869123102322
8420260402030007,武雄競輪,7R,10:35,1-4,1,4,21.3,0.05418053255022927,0.1540453433198834
6120260402030008,玉野競輪,8R,18:43,2-7,2,7,44.3,0.02601544244695759,0.1524841004002211
4720260404010007,松阪競輪,7R,23:12,1-7,1,7,17.2,0.06672271704333439,0.14763073314535147
8720260404010002,熊本競輪,2R,21:21,3-5,3,5,114.7,0.010005231857863301,0.14760009409692065
1320260404010005,いわき平競輪,5R,22:27,2-6,2,6,33.0,0.03468080977079974,0.14446672243639158
8720260404010003,熊本競輪,3R,21:45,3-5,3,5,14.7,0.07765803906692964,0.14157317428386573
6120260402030001,玉野競輪,1R,15:55,1-7,1,7,38.1,0.029927076536946425,0.14022161605765882
8420260402030007,武雄競輪,7R,10:35,2-7,2,7,14.8,0.076944770457354,0.13878260276883925
6120260402030009,玉野競輪,9R,19:09,5-7,5,7,41.5,0.027370620532145305,0.13588075208403017
3720260402030001,伊東競輪,1R,10:45,1-2,1,2,26.5,0.04282260129832546,0.13479893440562485
4720260404010002,松阪競輪,2R,21:05,1-6,1,6,19.9,0.056836463896975865,0.13104563154981963
4520260404010007,豊橋競輪,7R,18:30,1-7,1,7,15.0,0.07539130038190006,0.13086950572850098
6120260402030002,玉野競輪,2R,16:18,3-4,3,4,10.3,0.10966082585008805,0.12950650625590687
6120260402030012,玉野競輪,12R,20:30,2-4,2,4,15.9,0.07095505842490839,0.12818542895604335
8720260404010006,熊本競輪,6R,23:03,1-4,1,4,9.2,0.12246036122161895,0.12663532323889415
3720260402030010,伊東競輪,10R,15:16,2-9,2,9,26.5,0.04245851206094632,0.12515056961507742
6120260402030010,玉野競輪,10R,19:35,2-6,2,6,60.3,0.01865154893622096,0.1246884008541238
4520260404010006,豊橋競輪,6R,18:06,1-2,1,2,18.5,0.0607298569129645,0.12350235288984335
8420260402030003,武雄競輪,3R,09:11,3-4,3,4,28.9,0.038856134262309466,0.1229422801807436
6120260402030009,玉野競輪,9R,19:09,2-5,2,5,32.6,0.034445650928868005,0.12292822028109707
4720260404010001,松阪競輪,1R,20:41,2-4,2,4,16.1,0.06948054265349217,0.11863673672122399
8720260404010003,熊本競輪,3R,21:45,1-6,1,6,44.2,0.025156723328586816,0.11192717112353745
4720260404010007,松阪競輪,7R,23:12,1-3,1,3,11.5,0.09659387438320413,0.11082955540684747
3720260402030002,伊東競輪,2R,11:14,4-5,4,5,21.9,0.050688838062092,0.11008555355981464
3720260402030010,伊東競輪,10R,15:16,3-7,3,7,19.8,0.05596789391763303,0.10816429956913409
3720260402030004,伊東競輪,4R,12:13,3-6,3,6,59.8,0.01849628497769857,0.10607784166637435
8420260402030001,武雄競輪,1R,08:30,4-5,4,5,25.9,0.04234386600328091,0.09670612948497559
3720260402030011,伊東競輪,11R,15:47,1-8,1,8,101.9,0.010759079140524345,0.0963501644194309
3720260402030009,伊東競輪,9R,14:45,1-6,1,6,62.3,0.017587863245815967,0.09572388021433476
6120260402030002,玉野競輪,2R,16:18,2-7,2,7,42.5,0.025761996905062055,0.09488486846513733
4520260404010002,豊橋競輪,2R,16:32,4-7,4,7,66.6,0.01643841167396158,0.09479821748584127
6120260402030006,玉野競輪,6R,17:54,3-7,3,7,31.9,0.03431401846104756,0.09461718890741722
4720260404010002,松阪競輪,2R,21:05,1-7,1,7,19.9,0.05478169922297405,0.09015581453718347
3720260402030004,伊東競輪,4R,12:13,1-5,1,5,52.6,0.020709966462584845,0.08934423593196295
6120260402030009,玉野競輪,9R,19:09,1-2,1,2,28.5,0.03822145910700958,0.08931158454977295
6120260402030008,玉野競輪,8R,18:43,1-7,1,7,17.1,0.06368033404001637,0.08893371208427991
3720260402030007,伊東競輪,7R,13:43,2-6,2,6,60.7,0.017926335217317454,0.08812854769116951
1320260404010005,いわき平競輪,5R,22:27,2-4,2,4,16.5,0.06593557926594976,0.08793705788817108
1320260404010006,いわき平競輪,6R,22:54,4-6,4,6,117.7,0.009236497805330831,0.0871357916874389
3720260402030012,伊東競輪,12R,16:25,1-4,1,4,28.8,0.037700276867557315,0.08576797378565071
3720260402030007,伊東競輪,7R,13:43,3-8,3,8,63.0,0.017196026735008814,0.08334968430555523
4520260404010002,豊橋競輪,2R,16:32,3-6,3,6,22.9,0.047303408358040075,0.08324805139911762
3720260402030010,伊東競輪,10R,15:16,5-7,5,7,35.5,0.030444945831498916,0.0807955770182116
8420260402030007,武雄競輪,7R,10:35,3-5,3,5,29.7,0.03633804789974661,0.07924002262247432
3720260402030001,伊東競輪,1R,10:45,2-7,2,7,23.9,0.04511189828141189,0.07817436892574414
3720260402030009,伊東競輪,9R,14:45,4-9,4,9,25.2,0.04274214683760368,0.07710210030761266
4520260404010011,豊橋競輪,11R,20:16,6-7,6,7,39.4,0.027220186600741637,0.07247535206922051
1320260404010001,いわき平競輪,1R,20:49,1-7,1,7,19.7,0.054244393767636644,0.06861455722244192
4520260404010011,豊橋競輪,11R,20:16,3-4,3,4,23.0,0.04635261274905193,0.06611009322819439
8420260402030001,武雄競輪,1R,08:30,3-7,3,7,16.4,0.0649749448659307,0.06558909580126326
3720260402030009,伊東競輪,9R,14:45,1-9,1,9,11.2,0.09471944738831764,0.060857810749157526
8420260402030003,武雄競輪,3R,09:11,1-5,1,5,27.1,0.03912760028522547,0.06035796772961022
1320260404010007,いわき平競輪,7R,23:21,2-6,2,6,22.5,0.04708115439775961,0.05932597394959127
3720260402030004,伊東競輪,4R,12:13,7-9,7,9,18.4,0.05700992207607375,0.04898256619975694
6120260402030006,玉野競輪,6R,17:54,1-3,1,3,18.7,0.055937684343523045,0.04603469722388098
8420260402030005,武雄競輪,5R,09:53,2-6,2,6,15.0,0.06970011178488114,0.04550167677321704
6120260402030008,玉野競輪,8R,18:43,3-5,3,5,15.1,0.06923208545954136,0.04540449043907446
3720260402030003,伊東競輪,3R,11:43,4-5,4,5,15.4,0.06786791444557562,0.04516588246186459
6120260402030012,玉野競輪,12R,20:30,5-6,5,6,39.3,0.02654979294254307,0.0434068626419426
3720260402030009,伊東競輪,9R,14:45,7-9,7,9,21.7,0.04803069078581388,0.04226599005216114
1320260404010005,いわき平競輪,5R,22:27,1-3,1,3,16.5,0.06301029928394775,0.039669938185137754
4520260404010002,豊橋競輪,2R,16:32,2-3,2,3,30.2,0.034362341211885715,0.03774270459894846
8720260404010001,熊本競輪,1R,20:57,3-6,3,6,116.2,0.00890300856886126,0.03452959570167846
6120260402030007,玉野競輪,7R,18:18,5-6,5,6,13.5,0.07648216696219559,0.03250925398964055
8420260402030001,武雄競輪,1R,08:30,3-4,3,4,16.9,0.0610628212583348,0.031961679265858134
4520260404010003,豊橋競輪,3R,16:54,1-4,1,4,11.2,0.09202637694080162,0.030695421736978146
1320260404010003,いわき平競輪,3R,21:37,1-6,1,6,15.3,0.06720692444629935,0.02826594402838012
4520260404010001,豊橋競輪,1R,16:07,2-5,2,5,14.3,0.07186573035461655,0.027679944071016704
8420260402030003,武雄競輪,3R,09:11,2-5,2,5,10.6,0.09662658215079001,0.024241770798373974
3720260402030007,伊東競輪,7R,13:43,8-9,8,9,60.2,0.017012269683479294,0.02413863494545354
3720260402030006,伊東競輪,6R,13:13,5-6,5,6,49.0,0.020855029007251922,0.021896421355344087
3720260402030001,伊東競輪,1R,10:45,1-7,1,7,26.8,0.038114208921068135,0.02146079908462606
3720260402030012,伊東競輪,12R,16:25,2-8,2,8,123.8,0.008234678365699863,0.01945318167364296
3720260402030006,伊東競輪,6R,13:13,2-5,2,5,50.2,0.020260270304959756,0.017065569308979844
4520260404010002,豊橋競輪,2R,16:32,5-7,5,7,14.8,0.06849244425926886,0.013688175037179118
3720260402030006,伊東競輪,6R,13:13,6-7,6,7,40.8,0.024760847702929654,0.010242586279529897
3720260402030012,伊東競輪,12R,16:25,4-7,4,7,33.5,0.030146803349083172,0.009917912194286282
3720260402030007,伊東競輪,7R,13:43,1-6,1,6,87.4,0.01155501961929955,0.009908714726780676
3720260402030002,伊東競輪,2R,11:14,2-7,2,7,110.7,0.009115827926338069,0.009122151445624338
6120260402030009,玉野競輪,9R,19:09,6-7,6,7,57.1,0.01767160882347877,0.009048863820637854
6120260402030004,玉野競輪,4R,17:06,2-5,2,5,16.5,0.06094507967031911,0.00559381456026542
8720260404010007,熊本競輪,7R,23:30,2-5,2,5,75.0,0.01340426552472631,0.005319914354473321
3720260402030003,伊東競輪,3R,11:43,1-6,1,6,163.1,0.006156186421766373,0.004074005390095392
3720260402030004,伊東競輪,4R,12:13,2-9,2,9,14.0,0.07166906412983148,0.0033668978176408793
6120260402030008,玉野競輪,8R,18:43,5-6,5,6,44.3,0.022645064355706637,0.0031763509578039972
8420260402030003,武雄競輪,3R,09:11,4-6,4,6,13.9,0.07202262738032117,0.0011145205864642183
1320260404010007,いわき平競輪,7R,23:21,6-7,6,7,45.0,0.022119722998759646,-0.0046124650558159175
1320260404010007,いわき平競輪,7R,23:21,1-2,1,2,9.0,0.11046477012465683,-0.005817068878088527
4720260404010003,松阪競輪,3R,21:29,1-2,1,2,9.9,0.1003717058309236,-0.006320112273856315
3720260402030002,伊東競輪,2R,11:14,1-7,1,7,17.1,0.05805803147617283,-0.007207661757444472
3720260402030008,伊東競輪,8R,14:14,6-8,6,8,444.3,0.002234159747071084,-0.007362824376317301
4520260404010009,豊橋競輪,9R,19:22,5-7,5,7,19.5,0.05086102705166126,-0.008209972492605355
6120260402030007,玉野競輪,7R,18:18,3-6,3,6,36.0,0.0274694914203611,-0.011098308867000473
3720260402030004,伊東競輪,4R,12:13,6-8,6,8,182.6,0.005413676058875763,-0.011462751649285785
4520260404010011,豊橋競輪,11R,20:16,5-6,5,6,19.7,0.050170126413822506,-0.011648509647696703
3720260402030002,伊東競輪,2R,11:14,1-3,1,3,15.7,0.06277972797626892,-0.014358270772578008
8420260402030006,武雄競輪,6R,10:14,3-7,3,7,16.0,0.06158776360575579,-0.014595782307907368
8420260402030006,武雄競輪,6R,10:14,2-5,2,5,17.7,0.05565267278475273,-0.014947691709876754
6120260402030009,玉野競輪,9R,19:09,1-4,1,4,14.7,0.06698718545695509,-0.015288373782760267
3720260402030003,伊東競輪,3R,11:43,7-8,7,8,47.1,0.020897199973711072,-0.01574188123820852
3720260402030007,伊東競輪,7R,13:43,6-8,6,8,256.5,0.0038372238535430633,-0.015752081566204224
8720260404010003,熊本競輪,3R,21:45,2-5,2,5,14.7,0.06668786555681636,-0.019688376314799583
4720260404010002,松阪競輪,2R,21:05,2-3,2,3,15.5,0.06282404610519282,-0.026227285369511244
3720260402030007,伊東競輪,7R,13:43,5-8,5,8,60.2,0.0161576935708738,-0.02730684703339714
3720260402030003,伊東競輪,3R,11:43,6-7,6,7,85.4,0.011374088612078097,-0.02865283252853046
6120260402030007,玉野競輪,7R,18:18,1-6,1,6,54.0,0.01797125638424718,-0.029552155250652246
8420260402030002,武雄競輪,2R,08:50,5-6,5,6,32.2,0.030102067642108078,-0.030713421924119744
1320260404010007,いわき平競輪,7R,23:21,2-5,2,5,15.0,0.06453127506746069,-0.03203087398808968
1320260404010005,いわき平競輪,5R,22:27,2-5,2,5,16.5,0.05860427938078793,-0.03302939021699913
6120260402030008,玉野競輪,8R,18:43,4-6,4,6,44.3,0.021807440924792906,-0.03393036703167429
8420260402030005,武雄競輪,5R,09:53,1-7,1,7,31.4,0.03070864981867042,-0.03574839569374888
8420260402030003,武雄競輪,3R,09:11,3-5,3,5,53.7,0.01784774249741997,-0.041576227888547534
6120260402030012,玉野競輪,12R,20:30,2-7,2,7,31.1,0.030786512613620913,-0.04253945771638956
3720260402030007,伊東競輪,7R,13:43,7-8,7,8,100.2,0.009532429337762865,-0.04485058035616096
3720260402030011,伊東競輪,11R,15:47,2-7,2,7,10.0,0.09549145978929698,-0.04508540210703027
6120260402030010,玉野競輪,10R,19:35,2-4,2,4,24.1,0.03945842227260257,-0.04905202323027791
4520260404010007,豊橋競輪,7R,18:30,3-7,3,7,20.0,0.04739226611901017,-0.05215467761979653
3720260402030002,伊東競輪,2R,11:14,6-8,6,8,42.8,0.02212625895742939,-0.052996116622022194
8720260404010002,熊本競輪,2R,21:21,5-7,5,7,114.7,0.008243907075171513,-0.05442385847782738
8420260402030004,武雄競輪,4R,09:32,2-5,2,5,11.3,0.08352384930250102,-0.05618050288173837
6120260402030005,玉野競輪,5R,17:30,6-7,6,7,49.3,0.019107327901553645,-0.058008734453405375
3720260402030005,伊東競輪,5R,12:43,5-8,5,8,52.7,0.017838800194620214,-0.05989522974351469
1320260404010002,いわき平競輪,2R,21:13,3-6,3,6,30.2,0.031054917484606058,-0.062141491964897044
6120260402030008,玉野競輪,8R,18:43,2-6,2,6,66.4,0.014088944159343222,-0.06449410781960996
1320260404010007,いわき平競輪,7R,23:21,2-3,2,3,22.5,0.0415675143927136,-0.06473092616394405
6120260402030005,玉野競輪,5R,17:30,1-2,1,2,25.9,0.036053628308330456,-0.06621102681424129
8420260402030002,武雄競輪,2R,08:50,1-5,1,5,14.4,0.0647788967696916,-0.06718388651644092
6120260402030006,玉野競輪,6R,17:54,1-7,1,7,15.2,0.06133162308368134,-0.06775932912804361
3720260402030006,伊東競輪,6R,13:13,2-3,2,3,44.1,0.021127421551077094,-0.0682807095975001
6120260402030005,玉野競輪,5R,17:30,1-4,1,4,17.0,0.054743308011923425,-0.0693637637973018
8420260402030006,武雄競輪,6R,10:14,1-3,1,3,15.6,0.05933213742812469,-0.07441865612125487
3720260402030004,伊東競輪,4R,12:13,2-6,2,6,28.4,0.03240383441508188,-0.07973110261167471
1320260404010001,いわき平競輪,1R,20:49,2-4,2,4,17.2,0.0534829894480786,-0.08009258149304821
8420260402030007,武雄競輪,7R,10:35,3-7,3,7,12.1,0.07600609379778875,-0.08032626504675622
1320260404010007,いわき平競輪,7R,23:21,3-7,3,7,45.0,0.020413492083518135,-0.08139285624168391
3720260402030012,伊東競輪,12R,16:25,6-8,6,8,312.7,0.0029146542187363875,-0.08858762580113166
3720260402030005,伊東競輪,5R,12:43,3-7,3,7,30.7,0.029645024637033456,-0.0898977436430729
3720260402030007,伊東競輪,7R,13:43,2-5,2,5,12.9,0.07016768835266511,-0.09483682025062001
6120260402030006,玉野競輪,6R,17:54,3-6,3,6,53.2,0.01695996930781091,-0.09772963282445957
6120260402030003,玉野競輪,3R,16:42,4-7,4,7,44.4,0.02030402851393145,-0.09850113398144356
3720260402030007,伊東競輪,7R,13:43,1-3,1,3,20.9,0.04286728385215076,-0.10407376749004915
8420260402030001,武雄競輪,1R,08:30,2-7,2,7,16.1,0.05538138144961853,-0.10835975866114156
3720260402030007,伊東競輪,7R,13:43,1-9,1,9,19.9,0.044777975731282366,-0.10891828294748096
1320260404010001,いわき平競輪,1R,20:49,2-3,2,3,13.1,0.06786109220197731,-0.11101969215409724
6120260402030005,玉野競輪,5R,17:30,4-7,4,7,24.6,0.03611490373855626,-0.11157336803151596
3720260402030001,伊東競輪,1R,10:45,3-5,3,5,10.0,0.08871954677594684,-0.11280453224053155
3720260402030005,伊東競輪,5R,12:43,4-5,4,5,31.7,0.027860254313746825,-0.11682993825422572
1320260404010005,いわき平競輪,5R,22:27,1-4,1,4,11.0,0.08021960322972405,-0.11758436447303544
6120260402030003,玉野競輪,3R,16:42,1-4,1,4,46.0,0.01918127052800124,-0.11766155571194292
6120260402030004,玉野競輪,4R,17:06,5-7,5,7,18.4,0.0478857039948348,-0.1189030464950398
1320260404010003,いわき平競輪,3R,21:37,3-4,3,4,30.7,0.02861866086032702,-0.12140711158796058
4520260404010002,豊橋競輪,2R,16:32,3-7,3,7,20.5,0.042823966762967805,-0.12210868135915998
3720260402030004,伊東競輪,4R,12:13,6-9,6,9,37.5,0.02333524125598649,-0.12492845290050669
4720260404010003,松阪競輪,3R,21:29,2-3,2,3,13.2,0.0659288718604125,-0.12973889144255502
6120260402030012,玉野競輪,12R,20:30,1-2,1,2,9.6,0.09060575484244626,-0.1301847535125159
4520260404010011,豊橋競輪,11R,20:16,1-6,1,6,34.5,0.025190461849863906,-0.13092906617969524
8420260402030007,武雄競輪,7R,10:35,4-7,4,7,11.5,0.07502421440089328,-0.13722153438972728
1320260404010007,いわき平競輪,7R,23:21,1-4,1,4,11.2,0.07702066394134544,-0.1373685638569312
6120260402030004,玉野競輪,4R,17:06,4-5,4,5,21.5,0.040104722127679016,-0.1377484742549011
4520260404010011,豊橋競輪,11R,20:16,5-7,5,7,11.0,0.07784426698574282,-0.14371306315682908
3720260402030006,伊東競輪,6R,13:13,3-5,3,5,36.8,0.023203722607137846,-0.14610300805732734
3720260402030010,伊東競輪,10R,15:16,4-7,4,7,48.1,0.01761262188922038,-0.15283288712849974
4520260404010007,豊橋競輪,7R,18:30,1-4,1,4,7.5,0.11278726871120709,-0.1540954846659468
4520260404010001,豊橋競輪,1R,16:07,2-4,2,4,12.3,0.0684841741453293,-0.15764465801244953
8420260402030004,武雄競輪,4R,09:32,5-6,5,6,30.0,0.028055511937329337,-0.15833464188011992
6120260402030012,玉野競輪,12R,20:30,3-5,3,5,28.5,0.029515662501268053,-0.1588036187138605
4520260404010001,豊橋競輪,1R,16:07,4-7,4,7,13.0,0.06459392148464957,-0.16027902069955557
3720260402030008,伊東競輪,8R,14:14,5-7,5,7,12.6,0.06657607655113004,-0.16114143545576154
8420260402030005,武雄競輪,5R,09:53,1-2,1,2,11.4,0.07356123028190566,-0.1614019747862755
8720260404010002,熊本競輪,2R,21:21,3-6,3,6,38.2,0.02193542240333084,-0.16206686419276184
6120260402030011,玉野競輪,11R,20:02,1-3,1,3,12.1,0.06922759123559385,-0.1623461460493144
3720260402030007,伊東競輪,7R,13:43,2-9,2,9,12.4,0.06753215516446368,-0.16260127596065044
8720260404010006,熊本競輪,6R,23:03,1-5,1,5,9.2,0.09099908184470275,-0.16280844702873476
6120260402030010,玉野競輪,10R,19:35,4-5,4,5,22.3,0.03752754957575129,-0.16313564446074624
6120260402030009,玉野競輪,9R,19:09,3-5,3,5,13.0,0.0643453818022493,-0.16351003657075913
3720260402030012,伊東競輪,12R,16:25,3-8,3,8,32.7,0.025539826451128275,-0.16484767504810538
1320260404010002,いわき平競輪,2R,21:13,1-5,1,5,11.3,0.07372443058174091,-0.16691393442632763
4520260404010006,豊橋競輪,6R,18:06,1-7,1,7,22.1,0.03763011634439006,-0.16837442878897957
4720260404010004,松阪競輪,4R,21:53,1-6,1,6,11.2,0.07410758792669253,-0.16999501522104365
6120260402030002,玉野競輪,2R,16:18,2-3,2,3,8.0,0.10345720225647179,-0.1723423819482257
3720260402030011,伊東競輪,11R,15:47,4-8,4,8,82.4,0.010010441587083828,-0.1751396132242925
8720260404010006,熊本競輪,6R,23:03,3-5,3,5,27.7,0.029656568064032288,-0.17851306462630567
6120260402030007,玉野競輪,7R,18:18,1-2,1,2,16.0,0.051328602930221026,-0.17874235311646358
8420260402030001,武雄競輪,1R,08:30,5-7,5,7,17.8,0.04610292246368965,-0.17936798014632427
6120260402030005,玉野競輪,5R,17:30,3-7,3,7,14.1,0.05814305662028292,-0.18018290165401085
6120260402030009,玉野競輪,9R,19:09,2-4,2,4,13.8,0.059391773304291004,-0.18039352840078415
3720260402030009,伊東競輪,9R,14:45,2-8,2,8,55.0,0.014881115371183766,-0.18153865458489282
3720260402030007,伊東競輪,7R,13:43,2-3,2,3,12.8,0.06382848031770452,-0.18299545193338207
4520260404010011,豊橋競輪,11R,20:16,2-6,2,6,34.5,0.023531429446471415,-0.18816568409673617
3720260402030001,伊東競輪,1R,10:45,3-4,3,4,15.4,0.052609937638614775,-0.1898069603653324
6120260402030003,玉野競輪,3R,16:42,1-7,1,7,31.2,0.025947523433657377,-0.19043726886988988
4520260404010011,豊橋競輪,11R,20:16,1-4,1,4,15.3,0.05289955398547573,-0.19063682402222126
6120260402030007,玉野競輪,7R,18:18,3-4,3,4,43.2,0.018590938425066872,-0.1968714600371111
1320260404010003,いわき平競輪,3R,21:37,2-5,2,5,15.3,0.05245701748125624,-0.1974076325367795
3720260402030007,伊東競輪,7R,13:43,1-8,1,8,39.5,0.020310958080839117,-0.1977171558068549
8720260404010002,熊本競輪,2R,21:21,1-2,1,2,6.7,0.11944160727636591,-0.19974123124834842
4720260404010002,松阪競輪,2R,21:05,3-6,3,6,23.2,0.03447431923069179,-0.2001957938479505
3720260402030008,伊東競輪,8R,14:14,2-7,2,7,21.5,0.03713814665814753,-0.201529846849828
6120260402030006,玉野競輪,6R,17:54,1-2,1,2,13.8,0.05776396886339537,-0.20285722968514386
6120260402030010,玉野競輪,10R,19:35,3-4,3,4,8.3,0.09598161925810375,-0.20335256015773884
8420260402030002,武雄競輪,2R,08:50,3-5,3,5,21.0,0.0379035524013449,-0.20402539957175703
4720260404010005,松阪競輪,5R,22:18,2-5,2,5,13.5,0.05895966220866099,-0.2040445601830767
4720260404010004,松阪競輪,4R,21:53,1-4,1,4,9.0,0.08807834567977167,-0.20729488888205494
3720260402030012,伊東競輪,12R,16:25,2-4,2,4,56.3,0.013954678725836743,-0.21435158773539142
8720260404010004,熊本競輪,4R,22:09,4-6,4,6,105.7,0.007427610536993038,-0.21490156623983592
6120260402030011,玉野競輪,11R,20:02,1-2,1,2,11.3,0.06931004396318431,-0.21679650321601718
6120260402030006,玉野競輪,6R,17:54,5-6,5,6,53.2,0.014716623489384528,-0.2170756303647431
4520260404010004,豊橋競輪,4R,17:18,2-4,2,4,26.9,0.029061795919825304,-0.21823768975669933
3720260402030005,伊東競輪,5R,12:43,4-6,4,6,97.6,0.007982072903342456,-0.2209496846337763
1320260404010003,いわき平競輪,3R,21:37,1-7,1,7,10.2,0.07617909568827505,-0.22297322397959451
8420260402030002,武雄競輪,2R,08:50,2-3,2,3,10.4,0.07467032917519305,-0.2234285765779923
1320260404010006,いわき平競輪,6R,22:54,6-7,6,7,117.7,0.006593554215245732,-0.22393866886557723
6120260402030001,玉野競輪,1R,15:55,3-4,3,4,10.1,0.07681507784339062,-0.22416771378175482
4720260404010002,松阪競輪,2R,21:05,1-4,1,4,9.9,0.07835779233011887,-0.22425785593182312
1320260404010005,いわき平競輪,5R,22:27,1-2,1,2,8.2,0.09435397271900678,-0.22629742370414452
1320260404010003,いわき平競輪,3R,21:37,1-3,1,3,10.2,0.07576082656248594,-0.22723956906264353
1320260404010001,いわき平競輪,1R,20:49,3-4,3,4,19.7,0.03921452287306383,-0.22747389940064255
4720260404010007,松阪競輪,7R,23:12,3-6,3,6,17.2,0.0447961501881242,-0.22950621676426386
6120260402030007,玉野競輪,7R,18:18,1-3,1,3,36.0,0.021259151503065864,-0.23467054588962888
4520260404010011,豊橋競輪,11R,20:16,1-3,1,3,21.2,0.03608823274138629,-0.23492946588261066
3720260402030007,伊東競輪,7R,13:43,3-4,3,4,39.1,0.019505336387462303,-0.23734134725022393
6120260402030009,玉野競輪,9R,19:09,2-7,2,7,28.5,0.02671554659250152,-0.2386069221137067
6120260402030001,玉野競輪,1R,15:55,2-6,2,6,17.9,0.042457681330661814,-0.24000750418115357
4520260404010007,豊橋競輪,7R,18:30,1-3,1,3,10.0,0.07597391329455566,-0.24026086705444338
4520260404010001,豊橋競輪,1R,16:07,5-7,5,7,11.0,0.0690314959386155,-0.24065354467522948
4520260404010011,豊橋競輪,11R,20:16,4-6,4,6,23.0,0.032989952625324157,-0.24123108961754436
4720260404010005,松阪競輪,5R,22:18,1-2,1,2,6.7,0.11312588761151189,-0.24205655300287032
4720260404010007,松阪競輪,7R,23:12,2-5,2,5,17.2,0.0440069592776471,-0.24308030042446993
6120260402030006,玉野競輪,6R,17:54,2-3,2,3,22.8,0.03318067966205587,-0.24348050370512608
6120260402030010,玉野競輪,10R,19:35,1-7,1,7,16.7,0.04513610649125177,-0.24622702159609544
8420260402030002,武雄競輪,2R,08:50,4-6,4,6,15.3,0.04924797639846488,-0.24650596110348733
6120260402030007,玉野競輪,7R,18:18,4-7,4,7,28.8,0.026153958607193745,-0.24676599211282013
6120260402030010,玉野競輪,10R,19:35,2-3,2,3,11.1,0.06757245527544391,-0.2499457464425726
1320260404010002,いわき平競輪,2R,21:13,6-7,6,7,45.3,0.016472177113346795,-0.2538103767653902
4720260404010004,松阪競輪,4R,21:53,1-3,1,3,9.0,0.08287273615803106,-0.25414537457772046
4520260404010001,豊橋競輪,1R,16:07,4-5,4,5,17.8,0.0418840943944221,-0.2544631197792866
6120260402030012,玉野競輪,12R,20:30,2-3,2,3,27.0,0.02757514727507359,-0.2554710235730131
4520260404010011,豊橋競輪,11R,20:16,4-5,4,5,8.3,0.08961027519140216,-0.25623471591136204
8720260404010006,熊本競輪,6R,23:03,2-4,2,4,9.2,0.08082541670989327,-0.25640616626898205
3720260402030003,伊東競輪,3R,11:43,1-5,1,5,33.6,0.022031527216269567,-0.2597406855333425
8420260402030007,武雄競輪,7R,10:35,2-4,2,4,20.5,0.03600959652772857,-0.2618032711815643
3720260402030012,伊東競輪,12R,16:25,1-3,1,3,7.5,0.0980183220248781,-0.2648625848134142
6120260402030005,玉野競輪,5R,17:30,3-4,3,4,6.9,0.10648509673340692,-0.26525283253949217
6120260402030004,玉野競輪,4R,17:06,1-5,1,5,9.0,0.08144769427416487,-0.26697075153251615
6120260402030006,玉野競輪,6R,17:54,4-7,4,7,8.6,0.08492971204701752,-0.26960447639564933
4720260404010003,松阪競輪,3R,21:29,2-6,2,6,13.2,0.05510216895171845,-0.2726513698373165
6120260402030002,玉野競輪,2R,16:18,2-4,2,4,16.6,0.043609942711603414,-0.2760749509873832
1320260404010007,いわき平競輪,7R,23:21,5-6,5,6,22.5,0.032158121602181594,-0.2764422639509141
1320260404010006,いわき平競輪,6R,22:54,1-6,1,6,39.2,0.018377465001130314,-0.2796033719556916
8720260404010003,熊本競輪,3R,21:45,1-5,1,5,11.0,0.06547546871791943,-0.2797698441028863
4520260404010007,豊橋競輪,7R,18:30,2-7,2,7,30.0,0.023959509298575512,-0.2812147210427346
6120260402030007,玉野競輪,7R,18:18,2-5,2,5,5.8,0.12380581837627183,-0.28192625341762345
8420260402030002,武雄競輪,2R,08:50,4-5,4,5,7.9,0.09010347330011717,-0.28818256092907435
4520260404010007,豊橋競輪,7R,18:30,2-4,2,4,15.0,0.04744563169259195,-0.28831552461112075
4520260404010007,豊橋競輪,7R,18:30,2-5,2,5,30.0,0.02334829179014552,-0.29955124629563445
4720260404010005,松阪競輪,5R,22:18,3-5,3,5,27.0,0.025713723340916927,-0.30572946979524296
4720260404010005,松阪競輪,5R,22:18,1-6,1,6,13.5,0.05135344173285637,-0.30672853660643895
4720260404010003,松阪競輪,3R,21:29,4-7,4,7,39.7,0.0174559487010734,-0.306998836567386
4720260404010005,松阪競輪,5R,22:18,3-4,3,4,27.0,0.025647367253065614,-0.30752108416722845
3720260402030006,伊東競輪,6R,13:13,1-2,1,2,18.8,0.03678361653509031,-0.30846800914030215
3720260402030005,伊東競輪,5R,12:43,2-5,2,5,27.8,0.024860050673781553,-0.30889059126887286
6120260402030009,玉野競輪,9R,19:09,4-5,4,5,11.4,0.06056644653605706,-0.30954250948894946
6120260402030001,玉野競輪,1R,15:55,2-7,2,7,11.9,0.05792225670149042,-0.310725145252264
4520260404010006,豊橋競輪,6R,18:06,5-6,5,6,11.2,0.061431298278166395,-0.31196945928453645
4720260404010004,松阪競輪,4R,21:53,3-4,3,4,15.0,0.045757077099485205,-0.3136438435077219
4520260404010003,豊橋競輪,3R,16:54,1-5,1,5,20.9,0.0327370740914527,-0.3157951514886387
4720260404010005,松阪競輪,5R,22:18,1-4,1,4,9.0,0.07590183180084278,-0.316883513792415
3720260402030003,伊東競輪,3R,11:43,1-7,1,7,38.7,0.017612915461961046,-0.3183801716221075
3720260402030011,伊東競輪,11R,15:47,7-9,7,9,22.9,0.029737418564141298,-0.31901311488116435
3720260402030012,伊東競輪,12R,16:25,3-7,3,7,8.4,0.0804742176400729,-0.3240165718233876
3720260402030007,伊東競輪,7R,13:43,2-7,2,7,12.9,0.05220381341114371,-0.3265708069962461
3720260402030011,伊東競輪,11R,15:47,1-9,1,9,38.6,0.01742404573618634,-0.32743183458320724
3720260402030005,伊東競輪,5R,12:43,1-3,1,3,10.0,0.06723766364178774,-0.32762336358212263
3720260402030008,伊東競輪,8R,14:14,7-9,7,9,11.4,0.05891231176049101,-0.3283996459304024
6120260402030007,玉野競輪,7R,18:18,1-4,1,4,61.7,0.010869278286510818,-0.3293655297222825
3720260402030003,伊東競輪,3R,11:43,2-7,2,7,10.5,0.06372533288349233,-0.33088400472333057
1320260404010006,いわき平競輪,6R,22:54,2-6,2,6,58.8,0.011366781551657693,-0.33163324476252765
4520260404010011,豊橋競輪,11R,20:16,1-5,1,5,8.9,0.07427398055648436,-0.33896157304728913
3720260402030010,伊東競輪,10R,15:16,2-7,2,7,26.4,0.024986359818615047,-0.3403601007885628
4520260404010002,豊橋競輪,2R,16:32,1-3,1,3,9.4,0.07007037079418904,-0.34133851453462294
6120260402030001,玉野競輪,1R,15:55,2-4,2,4,7.3,0.08983738450458723,-0.3441870931165133
8420260402030005,武雄競輪,5R,09:53,2-5,2,5,5.4,0.12088779111900916,-0.3472059279573505
1320260404010007,いわき平競輪,7R,23:21,3-5,3,5,22.5,0.02889583558416798,-0.3498436993562205
6120260402030010,玉野競輪,10R,19:35,1-5,1,5,28.7,0.02262086763749247,-0.35078109880396613
6120260402030008,玉野競輪,8R,18:43,4-5,4,5,13.9,0.04654251914021919,-0.35305898395095325
3720260402030001,伊東競輪,1R,10:45,2-6,2,6,16.3,0.039688005773798746,-0.35308550588708043
1320260404010003,いわき平競輪,3R,21:37,3-5,3,5,15.3,0.042206628684275466,-0.3542385811305854
4520260404010011,豊橋競輪,11R,20:16,4-7,4,7,11.5,0.056046999138659515,-0.35545950990541564
4520260404010001,豊橋競輪,1R,16:07,1-5,1,5,33.3,0.019264948168264705,-0.35847722599678533
4720260404010003,松阪競輪,3R,21:29,4-6,4,6,19.8,0.03237595577667255,-0.3589560756218835
8720260404010006,熊本競輪,6R,23:03,3-4,3,4,13.8,0.04632612925605314,-0.3606994162664666
1320260404010007,いわき平競輪,7R,23:21,1-3,1,3,11.2,0.05703819609333403,-0.36117220375465897
3720260402030010,伊東競輪,10R,15:16,3-5,3,5,14.2,0.04495054050786079,-0.36170232478837683
4720260404010004,松阪競輪,4R,21:53,2-6,2,6,15.0,0.042493189887268086,-0.36260215169097876
8420260402030002,武雄競輪,2R,08:50,2-4,2,4,4.6,0.1384456826206605,-0.36314985994496174
3720260402030001,伊東競輪,1R,10:45,1-3,1,3,8.2,0.07735934382133658,-0.36565338066504005
3720260402030006,伊東競輪,6R,13:13,2-6,2,6,35.2,0.017957297591344828,-0.36790312478466203
4720260404010003,松阪競輪,3R,21:29,1-6,1,6,9.9,0.06363939783209599,-0.3699699614622497
4720260404010004,松阪競輪,4R,21:53,1-2,1,2,6.4,0.09809528632415185,-0.3721901675254281
1320260404010003,いわき平競輪,3R,21:37,4-5,4,5,30.7,0.02043853620276249,-0.37253693857519155
3720260402030008,伊東競輪,8R,14:14,3-7,3,7,18.2,0.034472097229054297,-0.3726078304312118
8720260404010001,熊本競輪,1R,20:57,3-4,3,4,23.2,0.026927657641150474,-0.375278342725309
3720260402030011,伊東競輪,11R,15:47,2-4,2,4,10.3,0.0606081646369629,-0.37573590423928216
3720260402030006,伊東競輪,6R,13:13,6-9,6,9,17.4,0.03559907295463409,-0.3805761305893669
3720260402030010,伊東競輪,10R,15:16,5-9,5,9,12.0,0.05160600464848711,-0.3807279442181547
3720260402030004,伊東競輪,4R,12:13,1-3,1,3,17.0,0.03631133147006353,-0.38270736500892
4720260404010004,松阪競輪,4R,21:53,2-5,2,5,22.5,0.02743431319392595,-0.3827279531366661
1320260404010007,いわき平競輪,7R,23:21,4-7,4,7,22.5,0.02741349687548003,-0.38319632030169926
6120260402030003,玉野競輪,3R,16:42,3-7,3,7,14.2,0.04331085735031379,-0.3849858256255442
6120260402030007,玉野競輪,7R,18:18,2-7,2,7,7.8,0.07861385567019621,-0.3868119257724696
3720260402030006,伊東競輪,6R,13:13,5-8,5,8,73.2,0.00834599634425189,-0.38907306760076155
6120260402030007,玉野競輪,7R,18:18,1-7,1,7,20.5,0.029781482167627736,-0.3894796155636314
8720260404010004,熊本競輪,4R,22:09,2-6,2,6,35.2,0.0173053797425095,-0.3908506330636655
3720260402030003,伊東競輪,3R,11:43,4-7,4,7,10.8,0.05638638794484273,-0.3910270101956985
1320260404010003,いわき平競輪,3R,21:37,2-3,2,3,10.2,0.05892483674762472,-0.39896666517422785
8720260404010006,熊本競輪,6R,23:03,1-6,1,6,27.7,0.021659108416175372,-0.40004269687194227
3720260402030009,伊東競輪,9R,14:45,1-2,1,2,7.9,0.07589031767609297,-0.4004664903588655
4720260404010001,松阪競輪,1R,20:41,1-3,1,3,8.0,0.07490804554623097,-0.40073563563015224
4520260404010007,豊橋競輪,7R,18:30,3-4,3,4,8.0,0.07477907894325428,-0.40176736845396577
6120260402030005,玉野競輪,5R,17:30,5-7,5,7,30.8,0.019388132814424648,-0.40284550931572083
4720260404010005,松阪競輪,5R,22:18,1-3,1,3,9.0,0.06591981490297122,-0.4067216658732591
6120260402030006,玉野競輪,6R,17:54,3-4,3,4,7.6,0.07804157020976987,-0.40688406640574903
4720260404010001,松阪競輪,1R,20:41,1-4,1,4,8.2,0.07219873069190767,-0.4079704083263571
6120260402030006,玉野競輪,6R,17:54,4-6,4,6,11.4,0.05192442594155042,-0.40806154426632524
4720260404010004,松阪競輪,4R,21:53,2-4,2,4,11.2,0.05258101395479723,-0.4110926437062711
6120260402030002,玉野競輪,2R,16:18,3-5,3,5,8.0,0.07340582486885536,-0.41275340104915714
1320260404010007,いわき平競輪,7R,23:21,4-5,4,5,15.0,0.03890196144954708,-0.4164705782567938
1320260404010007,いわき平競輪,7R,23:21,4-6,4,6,22.5,0.025902458415646472,-0.41719468564795437
4720260404010004,松阪競輪,4R,21:53,4-6,4,6,15.0,0.038405477211409966,-0.4239178418288505
6120260402030007,玉野競輪,7R,18:18,2-3,2,3,11.3,0.05097151578162866,-0.4240218716675961
3720260402030011,伊東競輪,11R,15:47,2-9,2,9,15.5,0.037112800727834364,-0.42475158871856733
8720260404010001,熊本競輪,1R,20:57,2-6,2,6,38.7,0.014804693775852515,-0.4270583508745076
8420260402030005,武雄競輪,5R,09:53,6-7,6,7,23.1,0.024745874116629228,-0.42837030790586483
4720260404010007,松阪競輪,7R,23:12,1-2,1,2,4.9,0.11568299178925422,-0.4331533402326543
3720260402030012,伊東競輪,12R,16:25,1-8,1,8,27.0,0.020984676534180128,-0.43341373357713653
3720260402030005,伊東競輪,5R,12:43,3-8,3,8,23.5,0.024059818103931804,-0.4345942745576026
3720260402030009,伊東競輪,9R,14:45,4-5,4,5,31.5,0.0179297651960554,-0.4352123963242549
3720260402030001,伊東競輪,1R,10:45,2-3,2,3,6.4,0.08817528259183915,-0.4356781914122294
4720260404010004,松阪競輪,4R,21:53,3-5,3,5,22.5,0.025008009410002075,-0.4373197882749533
1320260404010003,いわき平競輪,3R,21:37,4-6,4,6,30.7,0.018256098385462913,-0.4395377795662886
3720260402030008,伊東競輪,8R,14:14,6-7,6,7,68.0,0.008239598529021602,-0.43970730002653113
3720260402030006,伊東競輪,6R,13:13,1-6,1,6,17.4,0.03218661072720867,-0.43995297334656913
8720260404010001,熊本競輪,1R,20:57,2-4,2,4,9.6,0.058322630104732494,-0.4401027509945681
4520260404010003,豊橋競輪,3R,16:54,3-7,3,7,8.6,0.06506445238628655,-0.4404457094779357
8420260402030004,武雄競輪,4R,09:32,2-3,2,3,6.4,0.08737910907832835,-0.44077370189869847
8420260402030005,武雄競輪,5R,09:53,1-6,1,6,17.7,0.031414282407775246,-0.4439672013823782
1320260404010004,いわき平競輪,4R,22:01,1-2,1,2,4.6,0.1206440738724,-0.44503726018696
4520260404010008,豊橋競輪,8R,18:56,2-3,2,3,13.9,0.03991547601905013,-0.44517488333520316
6120260402030009,玉野競輪,9R,19:09,4-7,4,7,10.6,0.0522818592196485,-0.4458122922717259
4720260404010003,松阪競輪,3R,21:29,1-5,1,5,7.9,0.07004545310073584,-0.4466409205041868
4520260404010002,豊橋競輪,2R,16:32,3-5,3,5,7.4,0.07431150499649838,-0.45009486302591195
4720260404010007,松阪競輪,7R,23:12,2-3,2,3,6.9,0.07892228985276484,-0.45543620001592255
3720260402030012,伊東競輪,12R,16:25,5-7,5,7,17.0,0.0319155053811541,-0.45743640852038037
8420260402030004,武雄競輪,4R,09:32,2-4,2,4,5.9,0.09146671019637109,-0.4603464098414105
4520260404010005,豊橋競輪,5R,17:42,3-7,3,7,6.9,0.07812319440080617,-0.46094995863443733
6120260402030004,玉野競輪,4R,17:06,2-4,2,4,9.8,0.05480472130627188,-0.4629137311985355
4520260404010005,豊橋競輪,5R,17:42,6-7,6,7,7.2,0.07412970188145082,-0.466266146453554
4720260404010005,松阪競輪,5R,22:18,1-5,1,5,6.7,0.07965467852408672,-0.4663136538886189
3720260402030005,伊東競輪,5R,12:43,2-4,2,4,22.2,0.023954075649668154,-0.46821952057736704
4720260404010003,松阪競輪,3R,21:29,1-4,1,4,7.9,0.06682459294607569,-0.472085715726002
1320260404010005,いわき平競輪,5R,22:27,6-7,6,7,33.0,0.015985112206211943,-0.47249129719500593
3720260402030002,伊東競輪,2R,11:14,2-3,2,3,37.5,0.014043732749229513,-0.47336002190389326
8720260404010003,熊本競輪,3R,21:45,3-6,3,6,14.7,0.035535296427221294,-0.47763114251984695
6120260402030005,玉野競輪,5R,17:30,2-4,2,4,10.0,0.05216218495908048,-0.4783781504091952
8720260404010006,熊本競輪,6R,23:03,1-3,1,3,3.9,0.13263701054001797,-0.48271565889392987
3720260402030002,伊東競輪,2R,11:14,1-5,1,5,6.4,0.08029413048189704,-0.4861175649158589
4720260404010005,松阪競輪,5R,22:18,2-4,2,4,9.0,0.05665726541014122,-0.49008461130872905
4520260404010011,豊橋競輪,11R,20:16,3-6,3,6,25.0,0.020355762742431293,-0.49110593143921766
4720260404010007,松阪競輪,7R,23:12,1-5,1,5,8.6,0.05899807756416234,-0.49261653294820396
4720260404010007,松阪競輪,7R,23:12,1-4,1,4,8.6,0.058953182690780995,-0.4930026288592835
1320260404010007,いわき平競輪,7R,23:21,2-4,2,4,9.0,0.05605602906241337,-0.49549573843827965
6120260402030003,玉野競輪,3R,16:42,3-5,3,5,4.5,0.11191987059294206,-0.4963605823317607
8420260402030004,武雄競輪,4R,09:32,2-7,2,7,10.4,0.04840288738080686,-0.4966099712396087
6120260402030003,玉野競輪,3R,16:42,5-7,5,7,7.3,0.0689238620636916,-0.4968558069350514
6120260402030002,玉野競輪,2R,16:18,1-5,1,5,19.2,0.025965649004426043,-0.5014595391150201
4720260404010007,松阪競輪,7R,23:12,4-7,4,7,34.5,0.014436053487686385,-0.5019561546748197
6120260402030007,玉野競輪,7R,18:18,3-7,3,7,13.9,0.03561765655786785,-0.5049145738456369
4720260404010005,松阪競輪,5R,22:18,2-6,2,6,13.5,0.03642771289172593,-0.5082258759617
6120260402030010,玉野競輪,10R,19:35,3-5,3,5,7.9,0.06214752936991866,-0.5090345179776425
4520260404010007,豊橋競輪,7R,18:30,2-6,2,6,60.0,0.00817649164733614,-0.5094105011598316
3720260402030005,伊東競輪,5R,12:43,5-9,5,9,16.9,0.028990245696030814,-0.5100648477370793
8420260402030006,武雄競輪,6R,10:14,2-7,2,7,7.5,0.06532254296258179,-0.5100809277806366
3720260402030006,伊東競輪,6R,13:13,1-9,1,9,6.5,0.07521224015988984,-0.511120438960716
4720260404010005,松阪競輪,5R,22:18,1-7,1,7,5.4,0.09050493248311979,-0.5112733645911531
6120260402030004,玉野競輪,4R,17:06,5-6,5,6,25.0,0.019547127259139176,-0.5113218185215206
3720260402030008,伊東競輪,8R,14:14,2-9,2,9,9.4,0.05193606689212591,-0.5118009712140164
3720260402030006,伊東競輪,6R,13:13,1-3,1,3,12.0,0.04058746289338117,-0.5129504452794259
1320260404010002,いわき平競輪,2R,21:13,2-3,2,3,9.0,0.05400625241561283,-0.5139437282594845
6120260402030008,玉野競輪,8R,18:43,3-7,3,7,9.1,0.05337216803832561,-0.514313270851237
3720260402030001,伊東競輪,1R,10:45,1-5,1,5,10.5,0.04611864885215772,-0.515754187052344
6120260402030009,玉野競輪,9R,19:09,2-6,2,6,18.3,0.026382705323553038,-0.5171964925789794
6120260402030005,玉野競輪,5R,17:30,2-6,2,6,14.1,0.03414542148325771,-0.5185495570860663
3720260402030007,伊東競輪,7R,13:43,1-2,1,2,5.9,0.07917734240775828,-0.532853679794226
4720260404010005,松阪競輪,5R,22:18,5-6,5,6,27.0,0.017259796060579397,-0.5339855063643563
6120260402030010,玉野競輪,10R,19:35,1-3,1,3,6.2,0.07509587773747672,-0.5344055580276443
4720260404010007,松阪競輪,7R,23:12,2-6,2,6,8.6,0.05336730209785499,-0.5410412019584471
1320260404010005,いわき平競輪,5R,22:27,2-7,2,7,8.2,0.05564324608713548,-0.543725382085489
3720260402030007,伊東競輪,7R,13:43,3-9,3,9,12.4,0.03661846982373951,-0.5459309741856301
4720260404010007,松阪競輪,7R,23:12,4-5,4,5,34.5,0.01315828010932738,-0.5460393362282054
6120260402030005,玉野競輪,5R,17:30,2-7,2,7,19.7,0.02301746600713462,-0.546555919659448
6120260402030006,玉野競輪,6R,17:54,3-5,3,5,16.8,0.0269820957963497,-0.546700790621325
8420260402030003,武雄競輪,3R,09:11,4-5,4,5,9.7,0.04628721450758004,-0.5510140192764736
1320260404010001,いわき平競輪,1R,20:49,1-4,1,4,7.0,0.06365700640263042,-0.554400955181587
6120260402030001,玉野競輪,1R,15:55,4-5,4,5,6.3,0.07062747258202125,-0.5550469227332662
3720260402030003,伊東競輪,3R,11:43,3-8,3,8,25.2,0.017470834068433846,-0.5597349814754671
6120260402030005,玉野競輪,5R,17:30,2-5,2,5,13.3,0.03289814875996023,-0.562454621492529
1320260404010007,いわき平競輪,7R,23:21,3-6,3,6,22.5,0.0192808124951971,-0.5661817188580652
8720260404010007,熊本競輪,7R,23:30,3-5,3,5,75.0,0.005772549237131672,-0.5670588072151246
3720260402030008,伊東競輪,8R,14:14,5-9,5,9,4.6,0.09333591176993576,-0.5706548058582955
6120260402030008,玉野競輪,8R,18:43,3-4,3,4,6.6,0.0648378982169343,-0.5720698717682337
8720260404010003,熊本競輪,3R,21:45,4-6,4,6,44.2,0.00951894703812797,-0.5792625409147437
3720260402030009,伊東競輪,9R,14:45,2-4,2,4,12.8,0.03281971324481716,-0.5799076704663404
6120260402030012,玉野競輪,12R,20:30,3-4,3,4,11.2,0.037503578670192134,-0.5799599188938481
3720260402030003,伊東競輪,3R,11:43,4-6,4,6,16.2,0.02577990682664006,-0.582365509408431
8420260402030003,武雄競輪,3R,09:11,1-4,1,4,6.7,0.06191654237025149,-0.585159166119315
4520260404010011,豊橋競輪,11R,20:16,2-4,2,4,8.3,0.04997482290445199,-0.5852089698930485
8720260404010003,熊本競輪,3R,21:45,1-2,1,2,6.3,0.06565082958393297,-0.5863997736212223
8720260404010001,熊本競輪,1R,20:57,1-2,1,2,2.7,0.1530454578576565,-0.5867772637843274
6120260402030006,玉野競輪,6R,17:54,2-4,2,4,5.2,0.07938042340133773,-0.5872217983130438
6120260402030006,玉野競輪,6R,17:54,1-4,1,4,3.7,0.11084793606331661,-0.5898626365657285
6120260402030012,玉野競輪,12R,20:30,1-4,1,4,3.4,0.12038296615973273,-0.5906979150569087
4520260404010003,豊橋競輪,3R,16:54,1-7,1,7,5.1,0.07985764124020332,-0.592726029674963
4520260404010011,豊橋競輪,11R,20:16,3-5,3,5,6.0,0.0678271548751381,-0.5930370707491714
3720260402030007,伊東競輪,7R,13:43,5-6,5,6,44.2,0.009059086280717013,-0.5995883863923079
4720260404010005,松阪競輪,5R,22:18,3-7,3,7,13.5,0.029546718499555043,-0.6011193002560069
4520260404010002,豊橋競輪,2R,16:32,2-5,2,5,7.0,0.05698240354333116,-0.6011231751966819
3720260402030005,伊東競輪,5R,12:43,3-5,3,5,13.3,0.02955277205563204,-0.6069481316600939
8420260402030002,武雄競輪,2R,08:50,2-5,2,5,3.8,0.10322134549860287,-0.6077588871053091
6120260402030005,玉野競輪,5R,17:30,2-3,2,3,5.2,0.07462235954578812,-0.6119637303619018
1320260404010003,いわき平競輪,3R,21:37,1-4,1,4,7.6,0.05064548915355602,-0.6150942824329744
1320260404010002,いわき平競輪,2R,21:13,1-2,1,2,5.0,0.07667284759191191,-0.6166357620404405
3720260402030010,伊東競輪,10R,15:16,7-9,7,9,6.0,0.0636169095370523,-0.6182985427776861
6120260402030008,玉野競輪,8R,18:43,2-4,2,4,11.5,0.033114564875759575,-0.6191825039287648
4520260404010002,豊橋競輪,2R,16:32,1-7,1,7,5.9,0.06450408786505679,-0.6194258815961649
8720260404010003,熊本競輪,3R,21:45,2-4,2,4,11.0,0.034388868898913114,-0.6217224421119558
8420260402030006,武雄競輪,6R,10:14,1-2,1,2,6.0,0.06292985072911694,-0.6224208956252983
6120260402030001,玉野競輪,1R,15:55,4-7,4,7,4.7,0.07987600628543019,-0.6245827704584781
4720260404010004,松阪競輪,4R,21:53,4-5,4,5,15.0,0.024955935661617544,-0.6256609650757368
6120260402030005,玉野競輪,5R,17:30,1-7,1,7,18.2,0.02049788902952243,-0.6269384196626917
4720260404010003,松阪競輪,3R,21:29,1-3,1,3,4.9,0.07606769250477384,-0.6272683067266082
4520260404010011,豊橋競輪,11R,20:16,1-7,1,7,8.3,0.0447221195173436,-0.628806408006048
6120260402030008,玉野競輪,8R,18:43,4-7,4,7,10.4,0.0354538074130459,-0.6312804029043226
4720260404010007,松阪競輪,7R,23:12,2-4,2,4,8.6,0.042842150646124184,-0.631557504443332
1320260404010002,いわき平競輪,2R,21:13,1-4,1,4,5.0,0.07353073375756344,-0.6323463312121828
6120260402030007,玉野競輪,7R,18:18,3-5,3,5,6.1,0.059912352001187566,-0.6345346527927559
4520260404010006,豊橋競輪,6R,18:06,1-6,1,6,5.0,0.07297215255069542,-0.6351392372465229
1320260404010006,いわき平競輪,6R,22:54,3-6,3,6,58.8,0.006198815704911648,-0.6355096365511952
1320260404010003,いわき平競輪,3R,21:37,2-4,2,4,10.2,0.03564309252567528,-0.6364404562381121
8420260402030001,武雄競輪,1R,08:30,2-5,2,5,5.4,0.06721803903289404,-0.6370225892223722
4520260404010006,豊橋競輪,6R,18:06,6-7,6,7,5.4,0.06717139136666325,-0.6372744866200184
6120260402030005,玉野競輪,5R,17:30,3-5,3,5,4.9,0.07398812441318497,-0.6374581903753935
3720260402030006,伊東競輪,6R,13:13,2-9,2,9,8.9,0.04061840581577592,-0.6384961882395943
1320260404010003,いわき平競輪,3R,21:37,1-5,1,5,5.1,0.07065170410071636,-0.6396763090863467
6120260402030003,玉野競輪,3R,16:42,4-5,4,5,5.1,0.07060594168773374,-0.639909697392558
6120260402030008,玉野競輪,8R,18:43,2-5,2,5,10.2,0.034865507762213206,-0.6443718208254253
4720260404010004,松阪競輪,4R,21:53,1-5,1,5,6.4,0.05555741990605387,-0.6444325126012552
3720260402030012,伊東競輪,12R,16:25,7-8,7,8,21.1,0.016837117498964802,-0.6447368207718427
1320260404010007,いわき平競輪,7R,23:21,3-4,3,4,15.0,0.02362627402969702,-0.6456058895545447
4520260404010007,豊橋競輪,7R,18:30,4-5,4,5,5.7,0.06156008068577243,-0.6491075400910972
3720260402030010,伊東競輪,10R,15:16,3-9,3,9,3.8,0.09204300922527225,-0.6502365649439654
6120260402030012,玉野競輪,12R,20:30,1-3,1,3,7.3,0.047399562849012186,-0.653983191202211
8420260402030002,武雄競輪,2R,08:50,1-4,1,4,3.7,0.09324800161032906,-0.6549823940417825
3720260402030004,伊東競輪,4R,12:13,3-7,3,7,7.6,0.045213751768122895,-0.656375486562266
8420260402030003,武雄競輪,3R,09:11,1-6,1,6,5.4,0.0634034009185361,-0.657621635039905
8720260404010006,熊本競輪,6R,23:03,3-7,3,7,27.7,0.012278146938534708,-0.6598953298025886
3720260402030009,伊東競輪,9R,14:45,2-5,2,5,11.1,0.030317029164579345,-0.6634809762731693
8420260402030003,武雄競輪,3R,09:11,2-4,2,4,2.7,0.12272915413837096,-0.6686312838263984
3720260402030008,伊東競輪,8R,14:14,2-5,2,5,5.6,0.059076889059652304,-0.6691694212659471
6120260402030012,玉野競輪,12R,20:30,1-5,1,5,3.4,0.0964302572476981,-0.6721371253578264
8420260402030001,武雄競輪,1R,08:30,3-5,3,5,4.2,0.0780044851619854,-0.6723811623196614
8720260404010001,熊本競輪,1R,20:57,4-6,4,6,58.1,0.005634984577448045,-0.6726073960502685
4720260404010004,松阪競輪,4R,21:53,2-3,2,3,6.4,0.05075748144837226,-0.6751521187304175
1320260404010007,いわき平競輪,7R,23:21,1-5,1,5,3.7,0.08625905798906723,-0.6808414854404512
6120260402030011,玉野競輪,11R,20:02,1-7,1,7,4.1,0.07592755467198653,-0.6886970258448553
4720260404010007,松阪競輪,7R,23:12,4-6,4,6,17.2,0.018096509464448175,-0.6887400372114914
8720260404010004,熊本競輪,4R,22:09,6-7,6,7,105.7,0.0029292317959274854,-0.6903801991704648
4720260404010003,松阪競輪,3R,21:29,3-4,3,4,7.9,0.03905156072897376,-0.6914926702411073
6120260402030007,玉野競輪,7R,18:18,1-5,1,5,5.0,0.06107679406061978,-0.6946160296969011
1320260404010005,いわき平競輪,5R,22:27,4-6,4,6,11.0,0.027654623538440778,-0.6957991410771515
6120260402030009,玉野競輪,9R,19:09,3-4,3,4,2.9,0.10365383887893423,-0.6994038672510907
3720260402030005,伊東競輪,5R,12:43,1-5,1,5,5.4,0.05501492227252477,-0.7029194197283662
8420260402030005,武雄競輪,5R,09:53,1-5,1,5,3.8,0.0780007783982892,-0.703597042086501
6120260402030008,玉野競輪,8R,18:43,1-4,1,4,3.8,0.07753214384182265,-0.705377853401074
8720260404010006,熊本競輪,6R,23:03,1-7,1,7,9.2,0.03181657570197425,-0.7072875035418369
1320260404010002,いわき平競輪,2R,21:13,3-4,3,4,5.6,0.05219281807511446,-0.707720218779359
8720260404010003,熊本競輪,3R,21:45,2-6,2,6,11.0,0.026560519712133947,-0.7078342831665265
8720260404010003,熊本競輪,3R,21:45,2-3,2,3,3.6,0.08032410099272846,-0.7108332364261776
8720260404010006,熊本競輪,6R,23:03,4-7,4,7,27.7,0.010416463167775381,-0.711463970252622
8420260402030005,武雄競輪,5R,09:53,1-3,1,3,12.9,0.022204265157601245,-0.7135649794669439
8420260402030005,武雄競輪,5R,09:53,2-7,2,7,4.7,0.060557695658520046,-0.7153788304049558
3720260402030008,伊東競輪,8R,14:14,1-9,1,9,6.5,0.043344298495625204,-0.7182620597784362
6120260402030009,玉野競輪,9R,19:09,1-5,1,5,7.2,0.03902986269407382,-0.7189849886026685
3720260402030008,伊東競輪,8R,14:14,4-9,4,9,8.8,0.03168425495372002,-0.7211785564072638
3720260402030004,伊東競輪,4R,12:13,3-9,3,9,6.6,0.04161009703143452,-0.7253733595925322
4520260404010001,豊橋競輪,1R,16:07,2-7,2,7,2.6,0.10424501918736893,-0.7289629501128407
4520260404010001,豊橋競輪,1R,16:07,5-6,5,6,5.9,0.04586389073713268,-0.7294030446509172
3720260402030004,伊東競輪,4R,12:13,5-9,5,9,11.4,0.023494731671823376,-0.7321600589412135
1320260404010005,いわき平競輪,5R,22:27,3-5,3,5,8.2,0.032369024667535454,-0.7345739977262093
6120260402030010,玉野競輪,10R,19:35,3-7,3,7,2.3,0.11535108246252415,-0.7346925103361945
4520260404010002,豊橋競輪,2R,16:32,1-5,1,5,2.4,0.10664756164025604,-0.7440458520633855
3720260402030011,伊東競輪,11R,15:47,1-2,1,2,4.5,0.05662352435073095,-0.7451941404217107
4720260404010003,松阪競輪,3R,21:29,2-4,2,4,4.4,0.05771890711682587,-0.7460368086859661
1320260404010001,いわき平競輪,1R,20:49,1-2,1,2,2.6,0.09720179217840455,-0.7472753403361482
3720260402030007,伊東競輪,7R,13:43,2-8,2,8,8.0,0.031377374471554795,-0.7489810042275616
8420260402030005,武雄競輪,5R,09:53,4-6,4,6,11.6,0.021457613651287816,-0.7510916816450613
1320260404010002,いわき平競輪,2R,21:13,1-3,1,3,3.4,0.0731591544829149,-0.7512588747580893
3720260402030011,伊東競輪,11R,15:47,1-4,1,4,9.2,0.02677415607021353,-0.7536777641540355
1320260404010003,いわき平競輪,3R,21:37,6-7,6,7,7.6,0.03231111819782545,-0.7544355016965266
3720260402030003,伊東競輪,3R,11:43,5-7,5,7,7.3,0.03361519854076417,-0.7546090506524216
3720260402030003,伊東競輪,3R,11:43,2-4,2,4,2.2,0.11054828676069092,-0.7567937691264799
3720260402030002,伊東競輪,2R,11:14,1-4,1,4,2.6,0.09348696826371858,-0.7569338825143317
6120260402030011,玉野競輪,11R,20:02,1-4,1,4,2.6,0.09336752577444976,-0.7572444329864306
4720260404010005,松阪競輪,5R,22:18,4-6,4,6,13.5,0.01761711370096292,-0.7621689650370006
4520260404010007,豊橋競輪,7R,18:30,4-7,4,7,3.1,0.07474191366853347,-0.7683000676275462
8720260404010006,熊本競輪,6R,23:03,4-6,4,6,27.7,0.008274081296123621,-0.7708079480973757
8420260402030003,武雄競輪,3R,09:11,1-3,1,3,7.0,0.03260016866170787,-0.771798819368045
4520260404010003,豊橋競輪,3R,16:54,4-7,4,7,2.4,0.09306313122088046,-0.7766484850698869
4720260404010002,松阪競輪,2R,21:05,1-3,1,3,2.7,0.0811048319399426,-0.781016953762155
4520260404010001,豊橋競輪,1R,16:07,3-4,3,4,7.2,0.029921496841590234,-0.7845652227405503
8720260404010006,熊本競輪,6R,23:03,2-6,2,6,13.8,0.015008190526852809,-0.7928869707294313
8720260404010003,熊本競輪,3R,21:45,1-4,1,4,6.3,0.032400401246641425,-0.795877472146159
3720260402030012,伊東競輪,12R,16:25,4-8,4,8,23.9,0.00847925990416324,-0.7973456882904986
4520260404010003,豊橋競輪,3R,16:54,1-3,1,3,3.2,0.06271834206170565,-0.799301305402542
1320260404010001,いわき平競輪,1R,20:49,1-3,1,3,2.5,0.07947364314161465,-0.8013158921459633
6120260402030004,玉野競輪,4R,17:06,1-7,1,7,2.3,0.08619320154607174,-0.801755636444035
6120260402030003,玉野競輪,3R,16:42,1-5,1,5,2.5,0.0788305098337665,-0.8029237254155838
3720260402030001,伊東競輪,1R,10:45,3-7,3,7,2.5,0.07808200773664183,-0.8047949806583954
4720260404010002,松阪競輪,2R,21:05,1-2,1,2,2.1,0.09231624965566473,-0.8061358757231041
3720260402030007,伊東競輪,7R,13:43,1-5,1,5,4.2,0.0457843418782875,-0.8077057641111924
6120260402030004,玉野競輪,4R,17:06,3-5,3,5,5.8,0.03271833789441357,-0.8102336402124013
8420260402030001,武雄競輪,1R,08:30,2-3,2,3,2.1,0.09036366653055944,-0.8102363002858252
3720260402030002,伊東競輪,2R,11:14,2-5,2,5,8.2,0.02246036046733486,-0.8158250441678542
8720260404010001,熊本競輪,1R,20:57,2-3,2,3,2.2,0.08320305678303476,-0.8169532750773235
3720260402030006,伊東競輪,6R,13:13,3-6,3,6,9.2,0.01960645272475558,-0.8196206349322487
8720260404010006,熊本競輪,6R,23:03,5-7,5,7,27.7,0.006442273153632279,-0.8215490336443859
8720260404010004,熊本競輪,4R,22:09,1-2,1,2,1.0,0.17723892995193846,-0.8227610700480615
3720260402030005,伊東競輪,5R,12:43,1-9,1,9,2.5,0.07014849242480102,-0.8246287689379974
6120260402030011,玉野競輪,11R,20:02,1-5,1,5,2.9,0.06019495730483447,-0.82543462381598
3720260402030011,伊東競輪,11R,15:47,2-5,2,5,2.3,0.07559170765046419,-0.8261390724039324
6120260402030001,玉野競輪,1R,15:55,3-7,3,7,3.5,0.04938751234883891,-0.8271437067790638
4520260404010006,豊橋競輪,6R,18:06,2-6,2,6,1.7,0.09678201055968316,-0.8354705820485386
6120260402030002,玉野競輪,2R,16:18,1-3,1,3,1.4,0.11603291412111408,-0.8375539202304403
8720260404010005,熊本競輪,5R,22:36,1-2,1,2,1.0,0.15701317872872825,-0.8429868212712718
8720260404010006,熊本競輪,6R,23:03,5-6,5,6,27.7,0.005527091528044587,-0.846899564673165
3720260402030010,伊東競輪,10R,15:16,1-9,1,9,2.5,0.058308756179596355,-0.8542281095510091
3720260402030006,伊東競輪,6R,13:13,1-5,1,5,3.4,0.04168417913775973,-0.8582737909316169
8420260402030004,武雄競輪,4R,09:32,3-5,3,5,1.9,0.072600917166317,-0.8620582573839977
3720260402030002,伊東競輪,2R,11:14,3-5,3,5,4.3,0.03184717224865038,-0.8630571593308034
8420260402030007,武雄競輪,7R,10:35,1-7,1,7,1.3,0.10493704124349408,-0.8635818463834577
4520260404010005,豊橋競輪,5R,17:42,4-7,4,7,1.3,0.10178145934248845,-0.867684102854765
3720260402030009,伊東競輪,9R,14:45,4-6,4,6,22.1,0.005943011840138863,-0.8686594383329311
8720260404010006,熊本競輪,6R,23:03,3-6,3,6,13.8,0.009438405104173424,-0.8697500095624068
3720260402030012,伊東競輪,12R,16:25,1-7,1,7,1.9,0.06806232899453021,-0.8706815749103927
8420260402030006,武雄競輪,6R,10:14,2-3,2,3,1.5,0.08456487384520131,-0.873152689232198
1320260404010006,いわき平競輪,6R,22:54,1-2,1,2,1.0,0.12664968143121808,-0.8733503185687819
8720260404010007,熊本競輪,7R,23:30,1-2,1,2,1.0,0.1260928870580424,-0.8739071129419576
4520260404010009,豊橋競輪,9R,19:22,1-5,1,5,1.0,0.12301981098736514,-0.8769801890126349
4520260404010010,豊橋競輪,10R,19:48,1-7,1,7,1.0,0.12249527055269861,-0.8775047294473014
3720260402030009,伊東競輪,9R,14:45,1-4,1,4,2.1,0.05762489562565244,-0.8789877191861298
1320260404010005,いわき平競輪,5R,22:27,1-6,1,6,2.7,0.04478218358712493,-0.8790881043147627
8720260404010002,熊本競輪,2R,21:21,1-3,1,3,1.1,0.10975684040515776,-0.8792674755543265
4520260404010008,豊橋競輪,8R,18:56,2-5,2,5,1.0,0.11806994872237928,-0.8819300512776207
4720260404010001,松阪競輪,1R,20:41,1-2,1,2,1.2,0.09433901274387056,-0.8867931847073554
4520260404010004,豊橋競輪,4R,17:18,4-7,4,7,1.0,0.11044828649647911,-0.8895517135035209
3720260402030004,伊東競輪,4R,12:13,1-9,1,9,2.4,0.045761127020903625,-0.8901732951498313
4720260404010006,松阪競輪,6R,22:45,1-3,1,3,1.0,0.08941991491894871,-0.9105800850810513
1320260404010004,いわき平競輪,4R,22:01,1-3,1,3,1.0,0.0667930766828341,-0.9332069233171659
