race_id,競輪場,レース番号,開始時間,買い目,a,b,odds,p,EV
2720260503010006,京王閣競輪,6R,18:08,3-4,3,4,565.7,0.027367490485707253,14.481789367764595
2720260503010010,京王閣競輪,10R,19:48,4-6,4,6,245.8,0.061072695059425655,14.011668445606826
8320260501030002,久留米競輪,2R,21:21,4-7,4,7,352.9,0.03966487434399188,12.997734155994733
2720260503010005,京王閣競輪,5R,17:44,3-7,3,7,440.0,0.03031979406076143,12.34070938673503
2720260503010005,京王閣競輪,5R,17:44,2-6,2,6,586.7,0.022624118199841513,12.273570147847018
2720260503010006,京王閣競輪,6R,18:08,2-5,2,5,353.5,0.03688533563391104,12.038966146587553
6320260501030007,防府競輪,7R,10:35,5-6,5,6,539.0,0.02408489211506598,11.981756850020563
2720260503010002,京王閣競輪,2R,16:37,3-6,3,6,282.0,0.042086295054558825,10.86833520538559
8320260501030003,久留米競輪,3R,21:45,3-7,3,7,311.4,0.03784139710266939,10.783811057771247
2720260503010006,京王閣競輪,6R,18:08,3-5,3,5,377.1,0.031173690086210078,10.75559853150982
2720260503010005,京王閣競輪,5R,17:44,6-7,6,7,586.7,0.019839875982233024,10.640055238776116
6320260501030007,防府競輪,7R,10:35,3-5,3,5,238.1,0.04846498168016172,10.539512138046506
6320260501030007,防府競輪,7R,10:35,3-6,3,6,341.3,0.03361849300376411,10.473991662184693
8320260501030003,久留米競輪,3R,21:45,3-6,3,6,230.6,0.045782771493975354,9.557507106510716
2720260503010006,京王閣競輪,6R,18:08,1-3,1,3,565.7,0.0176238826885256,8.969830436898933
2720260503010008,京王閣競輪,8R,18:56,2-6,2,6,272.5,0.03649377856679536,8.944554659451734
2720260503010005,京王閣競輪,5R,17:44,4-6,4,6,335.2,0.029158696063063393,8.773994920338849
2720260503010003,京王閣競輪,3R,16:59,6-7,6,7,193.1,0.04978509834892608,8.613502491177627
8320260501030001,久留米競輪,1R,20:57,1-7,1,7,116.8,0.08192491809168961,8.568830433109346
2720260503010006,京王閣競輪,6R,18:08,2-3,2,3,404.0,0.023654312042186404,8.556342065043307
2720260503010004,京王閣競輪,4R,17:21,5-6,5,6,198.8,0.04763480953488093,8.46980013553433
2720260503010006,京王閣競輪,6R,18:08,3-7,3,7,195.0,0.04785286048895477,8.33130779534618
2720260503010004,京王閣競輪,4R,17:21,1-5,1,5,198.8,0.04672608844171098,8.289146382212143
2720260503010004,京王閣競輪,4R,17:21,1-2,1,2,219.1,0.04238923528609443,8.28748145118329
2720260503010004,京王閣競輪,4R,17:21,1-3,1,3,231.0,0.038632980391125823,7.924218470350064
2720260503010005,京王閣競輪,5R,17:44,2-3,2,3,260.7,0.03398409299177032,7.8596530429545215
8320260501030002,久留米競輪,2R,21:21,1-7,1,7,134.1,0.0660381568208726,7.855716829679016
7520260501030004,松山競輪,4R,21:53,5-7,5,7,228.2,0.03870045793552028,7.831444500885727
7520260501030002,松山競輪,2R,21:05,1-7,1,7,132.0,0.0662083534363503,7.73950265359824
8320260501030002,久留米競輪,2R,21:21,6-7,6,7,100.0,0.08591117468418162,7.591117468418162
2720260503010005,京王閣競輪,5R,17:44,2-7,2,7,440.0,0.01917094773884156,7.435217005090287
2720260503010005,京王閣競輪,5R,17:44,4-7,4,7,335.2,0.02515199303063808,7.430948063869884
2720260503010002,京王閣競輪,2R,16:37,6-7,6,7,313.3,0.0267146894676068,7.369712210201211
6320260501030007,防府競輪,7R,10:35,2-5,2,5,204.8,0.04071253681435638,7.337927539580187
2720260503010002,京王閣競輪,2R,16:37,3-7,3,7,137.5,0.060450355496717845,7.3119238807987035
8320260501030003,久留米競輪,3R,21:45,6-7,6,7,259.5,0.030446872335357342,6.90096337102523
7520260501030002,松山競輪,2R,21:05,3-7,3,7,196.2,0.04025322309417959,6.8976823710780355
2720260503010004,京王閣競輪,4R,17:21,2-6,2,6,174.4,0.04340560660870519,6.569937792558186
6320260501030006,防府競輪,6R,10:14,2-4,2,4,185.4,0.04079019978674697,6.562503040462889
8320260501030002,久留米競輪,2R,21:21,3-7,3,7,291.5,0.025483458153769185,6.428428051823717
6320260501030007,防府競輪,7R,10:35,2-6,2,6,276.7,0.026721655166813164,6.393881984657202
8320260501030003,久留米競輪,3R,21:45,4-6,4,6,283.1,0.025982968623147633,6.355778417213095
2720260503010004,京王閣競輪,4R,17:21,4-6,4,6,388.5,0.018855227694597826,6.325255959351256
2720260503010007,京王閣競輪,7R,18:32,3-4,3,4,145.8,0.049779337642418424,6.257827428264607
6320260501030007,防府競輪,7R,10:35,4-6,4,6,341.3,0.0211860215970159,6.230789171061527
5320260501030003,奈良競輪,3R,16:44,6-7,6,7,214.3,0.033412491777256186,6.160296987866001
8320260501030003,久留米競輪,3R,21:45,5-6,5,6,239.5,0.02936092202409503,6.03194082477076
2720260503010004,京王閣競輪,4R,17:21,4-5,4,5,316.6,0.0221800519662173,6.022204452504398
6320260501030007,防府競輪,7R,10:35,4-5,4,5,196.9,0.035094051115604,5.910018664662427
2720260503010010,京王閣競輪,10R,19:48,4-7,4,7,163.9,0.04176865707034149,5.84588289382897
5320260501030004,奈良競輪,4R,17:08,1-2,1,2,165.7,0.04091709623558522,5.7799628462364705
2620260501030002,西武園競輪,2R,21:13,2-7,2,7,166.7,0.04050204519678292,5.751690934303712
7520260501030002,松山競輪,2R,21:05,4-7,4,7,113.4,0.05946755547070341,5.743620790377768
3520260501030004,平塚競輪,4R,12:24,4-6,4,6,365.8,0.018428838995539452,5.741269304568332
2620260501030006,西武園競輪,6R,22:54,3-7,3,7,155.6,0.042726576842159636,5.648255356640039
2720260503010010,京王閣競輪,10R,19:48,3-6,3,6,100.5,0.0658080739136448,5.613711428321301
5320260501030008,奈良競輪,8R,18:44,3-6,3,6,127.3,0.05174510194149043,5.587151477151732
8320260501030001,久留米競輪,1R,20:57,4-7,4,7,164.2,0.03973891667683316,5.525130118336004
6320260501030002,防府競輪,2R,08:50,3-6,3,6,68.7,0.09468532868654828,5.504882080765867
3520260501030004,平塚競輪,4R,12:24,4-9,4,9,171.1,0.03793336991854734,5.490399593063449
2620260501030005,西武園競輪,5R,22:27,4-7,4,7,284.0,0.02283588334239417,5.485390869239945
5320260501030003,奈良競輪,3R,16:44,3-6,3,6,300.1,0.021381949039683157,5.416722906808916
2720260503010006,京王閣競輪,6R,18:08,2-7,2,7,115.4,0.05527046391907735,5.378211536261526
5320260501030002,奈良競輪,2R,16:20,1-4,1,4,83.6,0.0759017425927417,5.345385680753205
5320260501030004,奈良競輪,4R,17:08,1-5,1,5,122.2,0.05166837448977897,5.3138753626509905
2620260501030005,西武園競輪,5R,22:27,5-6,5,6,170.4,0.03700421603717218,5.30551841273414
2720260503010005,京王閣競輪,5R,17:44,3-6,3,6,180.5,0.034759395129631346,5.274070820898458
7520260501030004,松山競輪,4R,21:53,6-7,6,7,103.7,0.05989894360942015,5.211520452296869
2720260503010003,京王閣競輪,3R,16:59,1-6,1,6,153.5,0.04023193203684407,5.175601567655565
2720260503010004,京王閣競輪,4R,17:21,1-4,1,4,305.3,0.020111405270876792,5.140012029198685
8320260501030006,久留米競輪,6R,23:03,3-7,3,7,187.5,0.0326845282205909,5.128349041360793
8320260501030003,久留米競輪,3R,21:45,2-6,2,6,177.9,0.034357182698659505,5.112142802091526
2720260503010005,京王閣競輪,5R,17:44,5-7,5,7,121.3,0.0499318764880117,5.056736617995819
5320260501030004,奈良競輪,4R,17:08,1-7,1,7,177.5,0.034110305459456244,5.054579219053483
8320260501030001,久留米競輪,1R,20:57,3-7,3,7,196.0,0.030421101678359635,4.962535928958489
3520260501030001,平塚競輪,1R,10:45,6-8,6,8,662.4,0.00887914242497461,4.881543942303182
2720260503010002,京王閣競輪,2R,16:37,1-3,1,3,95.5,0.061469091959305805,4.870298282113704
2720260503010007,京王閣競輪,7R,18:32,3-6,3,6,76.5,0.0767231201774521,4.869318693575086
2720260503010010,京王閣競輪,10R,19:48,1-6,1,6,152.6,0.038420536161839526,4.8629738182967115
8320260501030001,久留米競輪,1R,20:57,2-7,2,7,84.4,0.06916870581660607,4.837838770921553
5320260501030010,奈良競輪,10R,19:35,5-7,5,7,112.9,0.05136658231003936,4.799287142803444
3520260501030001,平塚競輪,1R,10:45,3-6,3,6,269.1,0.02130316842035775,4.732682621918271
5320260501030010,奈良競輪,10R,19:35,3-7,3,7,88.2,0.06479836013468009,4.715215363878784
2720260503010006,京王閣競輪,6R,18:08,2-4,2,4,171.4,0.033189664363846724,4.688708471963329
8320260501030002,久留米競輪,2R,21:21,2-7,2,7,119.7,0.04742166414805502,4.676373198522186
7520260501030007,松山競輪,7R,23:12,4-5,4,5,172.5,0.031668456516221986,4.462808749048293
2720260503010004,京王閣競輪,4R,17:21,1-6,1,6,127.5,0.04275397744314304,4.451132124000738
2720260503010002,京王閣競輪,2R,16:37,1-7,1,7,128.1,0.04239754059594181,4.431124950340145
2720260503010006,京王閣競輪,6R,18:08,1-5,1,5,182.4,0.029670219048757558,4.411847954493378
7520260501030007,松山競輪,7R,23:12,3-7,3,7,188.1,0.028762668735209683,4.410257989092941
2620260501030005,西武園競輪,5R,22:27,2-6,2,6,85.2,0.0634469114718718,4.405676857403478
2620260501030006,西武園競輪,6R,22:54,5-6,5,6,311.2,0.01720605404707628,4.354524019450138
2720260503010007,京王閣競輪,7R,18:32,1-6,1,6,109.3,0.048929840775460844,4.34803159675787
6320260501030006,防府競輪,6R,10:14,2-5,2,5,207.8,0.025693236703402393,4.339054586967017
6320260501030006,防府競輪,6R,10:14,1-6,1,6,221.2,0.023867692597661735,4.2795336026027755
2720260503010008,京王閣競輪,8R,18:56,2-3,2,3,142.1,0.03711848604553078,4.274536867069924
2720260503010005,京王閣競輪,5R,17:44,2-4,2,4,185.2,0.028409772126686557,4.26148979786235
3520260501030002,平塚競輪,2R,11:18,1-8,1,8,384.7,0.013633248766849876,4.244710800607147
2720260503010003,京王閣競輪,3R,16:59,4-6,4,6,119.7,0.04363362706439573,4.2229451596081695
2720260503010001,京王閣競輪,1R,16:13,5-6,5,6,143.1,0.03647101067954013,4.219001628242192
2720260503010006,京王閣競輪,6R,18:08,5-7,5,7,80.8,0.06402564707561602,4.173272283709774
5320260501030010,奈良競輪,10R,19:35,4-7,4,7,178.1,0.02902098813458134,4.168637986768936
5320260501030003,奈良競輪,3R,16:44,5-6,5,6,113.2,0.04560863199780715,4.1628971421517695
7520260501030007,松山競輪,7R,23:12,4-7,4,7,295.7,0.01743177025041471,4.154574463047629
6320260501030007,防府競輪,7R,10:35,5-7,5,7,94.8,0.05421279040481532,4.139372530376492
2720260503010007,京王閣競輪,7R,18:32,1-4,1,4,180.1,0.02842667199945583,4.119643627101995
2620260501030003,西武園競輪,3R,21:37,6-7,6,7,153.9,0.033123134152352955,4.09765034604712
2620260501030001,西武園競輪,1R,20:49,5-6,5,6,107.6,0.04735023094408296,4.094884849583326
2720260503010004,京王閣競輪,4R,17:21,3-6,3,6,127.5,0.03972428629351465,4.0648465024231175
7520260501030003,松山競輪,3R,21:29,6-7,6,7,100.4,0.05042297304987557,4.0624664942075075
3520260501030001,平塚競輪,1R,10:45,5-6,5,6,223.6,0.022476394606092777,4.025721833922344
2720260503010006,京王閣競輪,6R,18:08,1-7,1,7,108.7,0.0461471522556173,4.0161954501856005
8320260501030002,久留米競輪,2R,21:21,5-7,5,7,419.1,0.011930254834838389,3.999969801280769
5320260501030009,奈良競輪,9R,19:09,6-7,6,7,97.0,0.051453925158005474,3.991030740326531
5320260501030004,奈良競輪,4R,17:08,1-3,1,3,226.0,0.02162498171892671,3.8872458684774367
2720260503010006,京王閣競輪,6R,18:08,1-4,1,4,188.5,0.025687216839534815,3.8420403742523126
6320260501030007,防府競輪,7R,10:35,2-3,2,3,91.4,0.05269639037250537,3.816450080046991
2620260501030006,西武園競輪,6R,22:54,6-7,6,7,311.2,0.015472077550695046,3.814910533776298
2720260503010006,京王閣競輪,6R,18:08,1-2,1,2,217.5,0.022130459699221727,3.813374984580726
2720260503010007,京王閣競輪,7R,18:32,4-6,4,6,204.2,0.02344391769285646,3.787247992881289
2720260503010003,京王閣競輪,3R,16:59,4-7,4,7,117.3,0.040796899373837354,3.7854762965511215
6320260501030007,防府競輪,7R,10:35,2-4,2,4,123.3,0.03851525559466626,3.7489310148223494
6320260501030001,防府競輪,1R,08:30,2-6,2,6,99.5,0.04769171451428606,3.7453255941714634
3520260501030002,平塚競輪,2R,11:18,1-3,1,3,66.3,0.0711743789796886,3.7188613263533545
8320260501030003,久留米競輪,3R,21:45,5-7,5,7,214.7,0.02182090229654643,3.684947723068518
2720260503010008,京王閣競輪,8R,18:56,4-6,4,6,145.3,0.03222947418790563,3.682942599502688
2720260503010007,京王閣競輪,7R,18:32,6-7,6,7,87.5,0.05312065388479774,3.6480572149198025
3520260501030011,平塚競輪,11R,16:30,3-4,3,4,249.4,0.01861720977658989,3.6431321182815184
2720260503010010,京王閣競輪,10R,19:48,5-6,5,6,177.0,0.026146976051195682,3.6280147610616353
5320260501030003,奈良競輪,3R,16:44,2-6,2,6,181.8,0.025434651128226304,3.624019575111542
3520260501030011,平塚競輪,11R,16:30,4-7,4,7,157.1,0.02941726409715715,3.6214521896633878
6320260501030003,防府競輪,3R,09:11,4-7,4,7,124.5,0.03711823363300564,3.6212200873092026
3520260501030004,平塚競輪,4R,12:24,1-4,1,4,95.9,0.04798046684377671,3.6013267703181864
2620260501030004,西武園競輪,4R,22:01,1-7,1,7,61.1,0.07452681290899113,3.5535882687393583
6320260501030006,防府競輪,6R,10:14,2-7,2,7,79.7,0.057094107008719,3.550400328594905
3520260501030001,平塚競輪,1R,10:45,2-6,2,6,212.6,0.02106531790350718,3.4784865862856265
7520260501030002,松山競輪,2R,21:05,6-7,6,7,259.3,0.017254834956335334,3.474178704177752
8320260501030003,久留米競輪,3R,21:45,2-7,2,7,159.7,0.027745954319834263,3.4310289048775315
7520260501030007,松山競輪,7R,23:12,2-6,2,6,82.8,0.053248140805165795,3.408946058667728
7520260501030007,松山競輪,7R,23:12,2-5,2,5,79.6,0.055235148462395404,3.3967178176066737
2720260503010002,京王閣競輪,2R,16:37,2-6,2,6,282.0,0.015571987205273415,3.3913003918871034
3520260501030004,平塚競輪,4R,12:24,2-4,2,4,135.1,0.03248300257481169,3.388453647857059
2720260503010009,京王閣競輪,9R,19:21,5-6,5,6,106.9,0.040724200722751236,3.3534170572621074
3520260501030010,平塚競輪,10R,15:49,2-8,2,8,223.1,0.019380049998345382,3.3236891546308547
5320260501030003,奈良競輪,3R,16:44,1-3,1,3,117.6,0.03665054683522527,3.310104307822492
7520260501030007,松山競輪,7R,23:12,5-7,5,7,345.0,0.012443411891988065,3.2929771027358825
7520260501030002,松山競輪,2R,21:05,2-7,2,7,90.7,0.047274411790828155,3.2877891494281135
2720260503010010,京王閣競輪,10R,19:48,6-7,6,7,305.2,0.014035463522100295,3.28362346694501
5320260501030007,奈良競輪,7R,18:20,6-7,6,7,62.2,0.06851955249713046,3.261916165321515
2620260501030002,西武園競輪,2R,21:13,5-7,5,7,170.2,0.024793928124944686,3.2199265668655856
2720260503010008,京王閣競輪,8R,18:56,1-6,1,6,46.0,0.09148506530997261,3.2083130042587396
7520260501030001,松山競輪,1R,20:41,5-7,5,7,373.0,0.011235932036284276,3.1910026495340356
3520260501030005,平塚競輪,5R,12:57,3-5,3,5,86.6,0.04821246182793065,3.175199194298794
2720260503010006,京王閣競輪,6R,18:08,4-5,4,5,99.2,0.04203858980704401,3.1702281088587663
5320260501030012,奈良競輪,12R,20:30,1-5,1,5,71.4,0.058071790158432154,3.1463258173120563
6320260501030006,防府競輪,6R,10:14,2-3,2,3,107.1,0.03860486355849668,3.1345808871149945
2620260501030005,西武園競輪,5R,22:27,5-7,5,7,170.4,0.024222067847551487,3.1274403612227735
2720260503010007,京王閣競輪,7R,18:32,5-6,5,6,180.1,0.022825975784052484,3.1109582387078527
6320260501030006,防府競輪,6R,10:14,5-6,5,6,145.9,0.028014686168736022,3.087342712018586
5320260501030001,奈良競輪,1R,15:56,1-6,1,6,77.9,0.052337680894272445,3.077105341663824
7520260501030001,松山競輪,1R,20:41,5-6,5,6,130.5,0.031224782641219254,3.0748341346791124
8320260501030003,久留米競輪,3R,21:45,4-7,4,7,230.6,0.01758938288652344,3.056111693632305
6320260501030006,防府競輪,6R,10:14,1-2,1,2,185.4,0.021856796566611218,3.05225008344972
6320260501030007,防府競輪,7R,10:35,6-7,6,7,104.5,0.038691390142573945,3.0432502698989774
5320260501030008,奈良競輪,8R,18:44,6-7,6,7,155.9,0.025932069829710927,3.0428096864519336
5320260501030003,奈良競輪,3R,16:44,1-6,1,6,206.9,0.019463214597191986,3.026939100159022
8320260501030001,久留米競輪,1R,20:57,1-5,1,5,73.2,0.05498589433334642,3.024967465200958
3520260501030011,平塚競輪,11R,16:30,4-9,4,9,124.3,0.032174949716186806,2.99934624972202
6320260501030006,防府競輪,6R,10:14,2-6,2,6,185.4,0.021324109139841195,2.953489834526558
8320260501030004,久留米競輪,4R,22:09,6-7,6,7,76.1,0.05184499385392871,2.9454040322839745
2720260503010008,京王閣競輪,8R,18:56,5-6,5,6,110.8,0.03549012156174749,2.9323054690416215
2720260503010008,京王閣競輪,8R,18:56,2-4,2,4,100.6,0.03894830850848535,2.9181998359536263
8320260501030001,久留米競輪,1R,20:57,5-7,5,7,202.6,0.01933793162622998,2.917864947474194
8320260501030003,久留米競輪,3R,21:45,1-7,1,7,42.3,0.0924643464135792,2.9112418532944
2620260501030005,西武園競輪,5R,22:27,1-7,1,7,121.7,0.032127142040343455,2.9098731863097984
8320260501030004,久留米競輪,4R,22:09,2-6,2,6,72.1,0.05421322831077507,2.908773761206882
6320260501030005,防府競輪,5R,09:53,6-7,6,7,146.0,0.026669745419090868,2.893782831187267
3520260501030010,平塚競輪,10R,15:49,8-9,8,9,152.1,0.025570728694512282,2.889307834435318
2720260503010007,京王閣競輪,7R,18:32,2-6,2,6,79.5,0.048746768132500846,2.8753680665338175
5320260501030007,奈良競輪,7R,18:20,4-5,4,5,140.9,0.027502777759249735,2.8751413862782877
7520260501030007,松山競輪,7R,23:12,2-7,2,7,115.0,0.03362034039328357,2.866339145227611
2620260501030004,西武園競輪,4R,22:01,2-7,2,7,64.9,0.05932393192673387,2.8501231820450283
2620260501030005,西武園競輪,5R,22:27,1-6,1,6,81.1,0.04747142384249257,2.849932473626147
3520260501030005,平塚競輪,5R,12:57,1-3,1,3,155.2,0.024558829255202055,2.8115303004073584
6320260501030001,防府競輪,1R,08:30,5-6,5,6,50.3,0.0753544061290502,2.7903266282912247
5320260501030008,奈良競輪,8R,18:44,5-6,5,6,155.9,0.024238921912109294,2.778847926097839
3520260501030005,平塚競輪,5R,12:57,5-8,5,8,111.9,0.03353246520500197,2.7522828564397206
5320260501030002,奈良競輪,2R,16:20,3-4,3,4,138.5,0.027053460705927467,2.7469043077709543
5320260501030004,奈良競輪,4R,17:08,1-4,1,4,64.2,0.058360717308759566,2.7467580512223644
2720260503010008,京王閣競輪,8R,18:56,2-7,2,7,145.3,0.025717519405583467,2.736755569631278
2620260501030004,西武園競輪,4R,22:01,1-4,1,4,73.4,0.0509075832749572,2.7366166123818587
6320260501030003,防府競輪,3R,09:11,3-7,3,7,171.7,0.02175570295606777,2.7354541975568356
2720260503010005,京王閣競輪,5R,17:44,1-7,1,7,71.8,0.05188119126560853,2.725069532870692
3520260501030002,平塚競輪,2R,11:18,1-2,1,2,133.5,0.027524317585908023,2.674496397718721
5320260501030010,奈良競輪,10R,19:35,3-4,3,4,174.7,0.02094486494533431,2.659067905949904
6320260501030004,防府競輪,4R,09:32,1-2,1,2,57.2,0.06345480547994928,2.629614873453099
5320260501030007,奈良競輪,7R,18:20,2-6,2,6,86.4,0.041831562106496724,2.6142469660013172
5320260501030006,奈良競輪,6R,17:56,1-6,1,6,170.8,0.021011582320475848,2.5887782603372753
5320260501030002,奈良競輪,2R,16:20,2-3,2,3,113.7,0.03154622716199137,2.5868060283184184
7520260501030003,松山競輪,3R,21:29,5-6,5,6,79.2,0.045260975004220175,2.584669220334238
6320260501030005,防府競輪,5R,09:53,4-5,4,5,104.3,0.034269832715094525,2.574343552184359
3520260501030008,平塚競輪,8R,14:37,4-6,4,6,239.9,0.014867783949560617,2.566781369499592
6320260501030002,防府競輪,2R,08:50,5-6,5,6,48.8,0.07277039454399567,2.5511952537469886
5320260501030006,奈良競輪,6R,17:56,1-3,1,3,75.7,0.046664801182750695,2.5325254495342278
7520260501030005,松山競輪,5R,22:18,4-7,4,7,115.1,0.030643468154840266,2.5270631846221145
6320260501030007,防府競輪,7R,10:35,3-4,3,4,75.3,0.0466060747793421,2.5094374308844603
8320260501030004,久留米競輪,4R,22:09,3-7,3,7,157.4,0.02228773546984316,2.5080895629533138
5320260501030004,奈良競輪,4R,17:08,3-7,3,7,133.1,0.02624226212508904,2.492845088849351
7520260501030004,松山競輪,4R,21:53,4-7,4,7,78.7,0.04432715319041136,2.4885469560853744
2620260501030007,西武園競輪,7R,23:21,1-7,1,7,45.4,0.07672313243090244,2.4832302123629706
6320260501030006,防府競輪,6R,10:14,1-4,1,4,78.8,0.04419577926785907,2.482627406307295
2620260501030002,西武園競輪,2R,21:13,1-6,1,6,94.1,0.03691161356498988,2.473382836465547
5320260501030007,奈良競輪,7R,18:20,5-6,5,6,123.6,0.02804929305582967,2.466892621700547
3520260501030011,平塚競輪,11R,16:30,2-4,2,4,75.2,0.04598600136261272,2.458147302468477
2620260501030001,西武園競輪,1R,20:49,1-6,1,6,39.1,0.08826977875959,2.451348349499969
2720260503010005,京王閣競輪,5R,17:44,2-5,2,5,62.8,0.05483391793884636,2.443570046559551
2720260503010006,京王閣競輪,6R,18:08,3-6,3,6,58.9,0.058343856513185396,2.4364531486266197
6320260501030006,防府競輪,6R,10:14,4-6,4,6,79.7,0.04307572024172261,2.4331349032652922
6320260501030003,防府競輪,3R,09:11,1-2,1,2,191.5,0.017915019329193444,2.4307262015405446
3520260501030007,平塚競輪,7R,14:03,1-8,1,8,88.4,0.03870858972629397,2.4218393318043874
3520260501030003,平塚競輪,3R,11:51,4-9,4,9,84.7,0.040366138546313615,2.4190119348727634
2720260503010003,京王閣競輪,3R,16:59,2-6,2,6,115.1,0.02969129891423866,2.4174685050288693
7520260501030007,松山競輪,7R,23:12,3-4,3,4,60.8,0.05600265975947753,2.4049617133762338
3520260501030011,平塚競輪,11R,16:30,4-5,4,5,141.2,0.024035544978052097,2.3938189509009558
2720260503010009,京王閣競輪,9R,19:21,1-6,1,6,76.5,0.044318193847283964,2.390341829317223
5320260501030010,奈良競輪,10R,19:35,4-5,4,5,243.7,0.01391038278138491,2.3899602838235023
2720260503010004,京王閣競輪,4R,17:21,2-4,2,4,164.3,0.020523748116167403,2.3720518154863046
7520260501030002,松山競輪,2R,21:05,3-6,3,6,134.5,0.02494276730595932,2.3548022026515287
2620260501030004,西武園競輪,4R,22:01,3-6,3,6,128.5,0.02609405152239499,2.353085620627756
2720260503010002,京王閣競輪,2R,16:37,5-7,5,7,125.3,0.02672620681034623,2.3487937133363825
8320260501030003,久留米競輪,3R,21:45,1-6,1,6,34.4,0.0972400400625523,2.345057378151799
6320260501030005,防府競輪,5R,09:53,4-7,4,7,74.6,0.044682561360504615,2.333319077493644
3520260501030006,平塚競輪,6R,13:30,4-5,4,5,94.2,0.035346789230335136,2.32966754549757
3520260501030009,平塚競輪,9R,15:12,1-4,1,4,60.5,0.05502197758954063,2.3288296441672083
5320260501030002,奈良競輪,2R,16:20,1-6,1,6,38.9,0.08545317579993289,2.3241285386173893
2720260503010001,京王閣競輪,1R,16:13,5-7,5,7,52.9,0.0627914882918349,2.321669730638066
2620260501030003,西武園競輪,3R,21:37,1-7,1,7,51.6,0.06420221461509751,2.3128342741390315
2620260501030005,西武園競輪,5R,22:27,4-5,4,5,63.1,0.0524751122409525,2.311179582404103
2720260503010002,京王閣競輪,2R,16:37,1-5,1,5,122.6,0.026955555929192014,2.304751156918941
3520260501030008,平塚競輪,8R,14:37,5-6,5,6,91.2,0.036224168275907145,2.3036441467627315
8320260501030007,久留米競輪,7R,23:30,2-6,2,6,68.9,0.047919385318618904,2.3016456484528427
2720260503010008,京王閣競輪,8R,18:56,1-2,1,2,36.5,0.09044135074541952,2.3011093022078124
3520260501030003,平塚競輪,3R,11:51,4-7,4,7,113.7,0.028972126539066948,2.294130787491912
8320260501030003,久留米競輪,3R,21:45,3-5,3,5,91.5,0.03595669781428115,2.2900378500067253
6320260501030003,防府競輪,3R,09:11,1-3,1,3,78.4,0.04192712532753888,2.2870866256790485
2620260501030007,西武園競輪,7R,23:21,2-7,2,7,61.2,0.05360058267102938,2.280355659466998
6320260501030001,防府競輪,1R,08:30,4-6,4,6,48.1,0.06810805659607272,2.2759975222710978
5320260501030003,奈良競輪,3R,16:44,1-5,1,5,46.8,0.06967540098887548,2.2608087662793723
5320260501030001,奈良競輪,1R,15:56,4-6,4,6,44.0,0.07398899667687374,2.2555158537824447
3520260501030009,平塚競輪,9R,15:12,4-5,4,5,109.5,0.029623813654445788,2.243807595161814
2720260503010008,京王閣競輪,8R,18:56,3-5,3,5,86.0,0.037696152264762514,2.241869094769576
3520260501030008,平塚競輪,8R,14:37,4-5,4,5,147.3,0.02193841734064936,2.231528874277651
5320260501030010,奈良競輪,10R,19:35,3-6,3,6,71.8,0.04499161675948575,2.230398083331077
3520260501030007,平塚競輪,7R,14:03,1-4,1,4,87.7,0.03675306784873028,2.223244050333646
7520260501030002,松山競輪,2R,21:05,1-6,1,6,73.3,0.043813520346686466,2.2115310414121176
6320260501030002,防府競輪,2R,08:50,3-4,3,4,31.1,0.10316014168676615,2.2082804064584276
2620260501030006,西武園競輪,6R,22:54,3-5,3,5,77.8,0.04117565086664221,2.2034656374247636
3520260501030008,平塚競輪,8R,14:37,3-4,3,4,91.0,0.0351721089123669,2.2006619110253878
3520260501030002,平塚競輪,2R,11:18,1-6,1,6,212.1,0.014938902669356928,2.168541256170604
2720260503010008,京王閣競輪,8R,18:56,6-7,6,7,176.7,0.017925176362917964,2.167378663327604
3520260501030006,平塚競輪,6R,13:30,6-9,6,9,274.5,0.011533918895436765,2.166060736797392
2620260501030004,西武園競輪,4R,22:01,2-6,2,6,96.4,0.03279297250942253,2.161242549908332
2720260503010011,京王閣競輪,11R,20:16,1-2,1,2,74.1,0.04261161610229839,2.1575207531803104
5320260501030012,奈良競輪,12R,20:30,5-6,5,6,49.5,0.06360858715539186,2.148625064191897
2720260503010009,京王閣競輪,9R,19:21,4-6,4,6,195.3,0.016104306380230835,2.1451710360590823
2720260503010010,京王閣競輪,10R,19:48,2-4,2,4,52.3,0.06007042426277985,2.141683188943386
2620260501030003,西武園競輪,3R,21:37,1-5,1,5,50.2,0.06257603152754204,2.1413167826826105
2720260503010001,京王閣競輪,1R,16:13,3-6,3,6,76.7,0.040768028966240176,2.1269078217106214
2720260503010002,京王閣競輪,2R,16:37,4-6,4,6,45.4,0.06864643238413168,2.1165480302395783
3520260501030010,平塚競輪,10R,15:49,2-9,2,9,59.1,0.05264148831217604,2.1111119592496044
3520260501030006,平塚競輪,6R,13:30,7-9,7,9,67.3,0.04621068380492547,2.109979020071484
5320260501030004,奈良競輪,4R,17:08,2-6,2,6,75.3,0.04125178076408775,2.1062590915358075
3520260501030009,平塚競輪,9R,15:12,4-7,4,7,64.7,0.04800029689800369,2.105619209300839
7520260501030006,松山競輪,6R,22:45,4-5,4,5,88.6,0.034821495355854645,2.0851844885287214
2720260503010011,京王閣競輪,11R,20:16,2-4,2,4,48.5,0.06357052584677472,2.083170503568574
6320260501030003,防府競輪,3R,09:11,1-7,1,7,68.2,0.04513249850865407,2.078036398290208
7520260501030003,松山競輪,3R,21:29,2-5,2,5,75.0,0.040914372855187245,2.068577964139043
8320260501030004,久留米競輪,4R,22:09,2-7,2,7,91.1,0.03361827133128776,2.0626245182803147
3520260501030010,平塚競輪,10R,15:49,5-8,5,8,231.6,0.013201207374251872,2.0573996278767335
5320260501030001,奈良競輪,1R,15:56,1-3,1,3,51.9,0.058779579089450244,2.0506601547424674
8320260501030004,久留米競輪,4R,22:09,3-6,3,6,75.3,0.04049991754623085,2.049643791231183
5320260501030004,奈良競輪,4R,17:08,3-6,3,6,143.4,0.021123535882130638,2.0291150454975337
2620260501030006,西武園競輪,6R,22:54,4-5,4,5,77.8,0.0388837033534316,2.0251521208969785
5320260501030009,奈良競輪,9R,19:09,4-7,4,7,52.1,0.057855714451114745,2.0142827229030784
3520260501030005,平塚競輪,5R,12:57,3-7,3,7,106.3,0.028326585866710465,2.011116077631322
8320260501030001,久留米競輪,1R,20:57,6-7,6,7,159.9,0.018827303068056977,2.0104857605823105
5320260501030006,奈良競輪,6R,17:56,1-2,1,2,87.0,0.03449445126394593,2.001017259963296
6320260501030005,防府競輪,5R,09:53,5-6,5,6,148.1,0.020216229348924288,1.9940235665756867
5320260501030006,奈良競輪,6R,17:56,3-6,3,6,69.0,0.04337195144010406,1.9926646493671805
2720260503010011,京王閣競輪,11R,20:16,4-7,4,7,50.6,0.059001450029565805,1.9854733714960298
7520260501030005,松山競輪,5R,22:18,3-7,3,7,131.5,0.02263709565177624,1.9767780782085755
2720260503010003,京王閣競輪,3R,16:59,3-6,3,6,239.4,0.012430227147010569,1.9757963789943305
3520260501030005,平塚競輪,5R,12:57,1-5,1,5,33.1,0.08966450524948677,1.9678951237580122
2720260503010001,京王閣競輪,1R,16:13,3-4,3,4,112.7,0.026210447521870024,1.953917435714752
2720260503010009,京王閣競輪,9R,19:21,6-7,6,7,97.6,0.03011782799659149,1.9395000124673292
5320260501030010,奈良競輪,10R,19:35,6-7,6,7,49.5,0.059335869614372344,1.9371255459114312
5320260501030007,奈良競輪,7R,18:20,2-5,2,5,47.2,0.062158291117770034,1.933871340758746
7520260501030005,松山競輪,5R,22:18,1-6,1,6,53.1,0.0550972066364915,1.9256616723976987
2720260503010002,京王閣競輪,2R,16:37,1-2,1,2,112.8,0.02590833391312946,1.922460065401003
5320260501030009,奈良競輪,9R,19:09,1-6,1,6,45.6,0.0639923558159098,1.918051425205487
5320260501030012,奈良競輪,12R,20:30,4-5,4,5,70.6,0.04131152979253904,1.9165940033532562
7520260501030005,松山競輪,5R,22:18,6-7,6,7,108.3,0.026832067006656607,1.9059128568209105
7520260501030007,松山競輪,7R,23:12,3-6,3,6,62.7,0.04630835369728968,1.9035337768200633
3520260501030003,平塚競輪,3R,11:51,1-5,1,5,149.5,0.019406778125323952,1.901313329735931
2720260503010010,京王閣競輪,10R,19:48,3-7,3,7,64.1,0.04502817714948121,1.886306155281745
2720260503010002,京王閣競輪,2R,16:37,2-7,2,7,112.8,0.02558751518347809,1.8862717126963284
7520260501030006,松山競輪,6R,22:45,2-6,2,6,70.9,0.04058265408391371,1.8773101745494825
5320260501030008,奈良競輪,8R,18:44,2-6,2,6,177.3,0.01620704674330235,1.8735093875875068
2620260501030006,西武園競輪,6R,22:54,2-5,2,5,62.2,0.046177170113419666,1.8722199810547036
8320260501030007,久留米競輪,7R,23:30,2-7,2,7,68.9,0.041681331456020584,1.8718437373198187
5320260501030007,奈良競輪,7R,18:20,1-2,1,2,51.8,0.05536420773861159,1.86786596086008
2620260501030004,西武園競輪,4R,22:01,3-7,3,7,59.9,0.04776132226719895,1.8609032038052171
3520260501030004,平塚競輪,4R,12:24,6-7,6,7,235.4,0.012135151134949456,1.856614577167102
7520260501030002,松山競輪,2R,21:05,5-7,5,7,151.3,0.018840841458209228,1.8506193126270563
2720260503010008,京王閣競輪,8R,18:56,3-4,3,4,81.7,0.03471486781565982,1.8362047005394073
3520260501030003,平塚競輪,3R,11:51,2-5,2,5,92.6,0.030550629280184316,1.8289882713450676
2720260503010011,京王閣競輪,11R,20:16,5-7,5,7,81.8,0.03456505825777646,1.8274217654861147
2620260501030004,西武園競輪,4R,22:01,4-7,4,7,123.4,0.02290916270286899,1.8269906775340332
6320260501030004,防府競輪,4R,09:32,3-5,3,5,75.5,0.03737034537770569,1.8214610760167798
6320260501030001,防府競輪,1R,08:30,1-2,1,2,50.6,0.05568870303969974,1.8178483738088071
5320260501030008,奈良競輪,8R,18:44,4-6,4,6,86.1,0.03271538203237484,1.8167943929874735
7520260501030005,松山競輪,5R,22:18,1-7,1,7,39.4,0.07117540419164112,1.8043109251506597
2620260501030002,西武園競輪,2R,21:13,4-7,4,7,133.3,0.021007528884017766,1.8003036002395683
6320260501030007,防府競輪,7R,10:35,1-6,1,6,69.6,0.040228894029443636,1.7999310244492768
2620260501030007,西武園競輪,7R,23:21,3-7,3,7,156.4,0.017799762742182253,1.7838828928773047
3520260501030009,平塚競輪,9R,15:12,4-8,4,8,226.5,0.01227618147246403,1.7805551035131026
2620260501030001,西武園競輪,1R,20:49,4-6,4,6,44.1,0.06259956715634762,1.7606409115949302
5320260501030009,奈良競輪,9R,19:09,4-6,4,6,99.9,0.027576017890296477,1.754844187240618
3520260501030001,平塚競輪,1R,10:45,1-6,1,6,79.0,0.03473228101785584,1.7438502004106113
3520260501030008,平塚競輪,8R,14:37,1-6,1,6,151.8,0.01806178450208021,1.7417788874157765
2720260503010007,京王閣競輪,7R,18:32,4-7,4,7,83.9,0.03267644541955883,1.7415537707009863
5320260501030007,奈良競輪,7R,18:20,1-7,1,7,32.2,0.0850830668418475,1.7396747523074896
8320260501030007,久留米競輪,7R,23:30,6-7,6,7,163.7,0.016698248575164464,1.7335032917544226
3520260501030001,平塚競輪,1R,10:45,6-7,6,7,164.0,0.01650973902497429,1.7075972000957833
3520260501030011,平塚競輪,11R,16:30,4-6,4,6,281.6,0.009612631241535004,1.706916957616257
2620260501030007,西武園競輪,7R,23:21,3-5,3,5,54.1,0.04985883423917387,1.6973629323393067
6320260501030001,防府競輪,1R,08:30,1-6,1,6,77.9,0.03460848781634546,1.6960012008933112
6320260501030003,防府競輪,3R,09:11,5-7,5,7,22.3,0.1208890542751795,1.6958259103365028
2720260503010005,京王閣競輪,5R,17:44,1-6,1,6,46.6,0.05767148315980969,1.6874911152471315
2620260501030004,西武園競輪,4R,22:01,6-7,6,7,137.1,0.01959750679620256,1.6868181817593708
2720260503010002,京王閣競輪,2R,16:37,4-7,4,7,29.0,0.09264375706484641,1.6866689548805458
3520260501030010,平塚競輪,10R,15:49,6-9,6,9,103.8,0.02582134992979046,1.6802561227122497
3520260501030003,平塚競輪,3R,11:51,1-4,1,4,111.5,0.02400453150498658,1.6765052628060038
3520260501030009,平塚競輪,9R,15:12,1-8,1,8,90.8,0.029469342404625717,1.675816290340015
2720260503010009,京王閣競輪,9R,19:21,2-6,2,6,36.5,0.07307485986946956,1.6672323852356388
8320260501030007,久留米競輪,7R,23:30,5-6,5,6,100.7,0.026473776230860606,1.6659092664476631
8320260501030006,久留米競輪,6R,23:03,2-6,2,6,93.7,0.028420072699276523,1.6629608119222103
2620260501030007,西武園競輪,7R,23:21,4-7,4,7,87.9,0.030194976111501293,1.6541384002009636
8320260501030005,久留米競輪,5R,22:36,6-7,6,7,58.6,0.04522110837129772,1.6499569505580465
2720260503010008,京王閣競輪,8R,18:56,3-7,3,7,116.7,0.022698027563229018,1.6488598166288266
5320260501030007,奈良競輪,7R,18:20,4-6,4,6,186.8,0.014140000219491095,1.6413520410009368
2620260501030002,西武園競輪,2R,21:13,6-7,6,7,320.0,0.008240699840294907,1.6370239488943703
3520260501030002,平塚競輪,2R,11:18,3-8,3,8,87.3,0.030152019572742286,1.6322713087004015
2620260501030006,西武園競輪,6R,22:54,4-6,4,6,155.6,0.01691264432314725,1.6316074566817118
3520260501030009,平塚競輪,9R,15:12,4-6,4,6,199.5,0.013182468778265156,1.6299025212638987
2620260501030002,西武園競輪,2R,21:13,2-6,2,6,64.5,0.04072740451316793,1.6269175910993314
6320260501030006,防府競輪,6R,10:14,1-5,1,5,91.4,0.028721838555312813,1.6251760439555913
2720260503010007,京王閣競輪,7R,18:32,5-7,5,7,82.7,0.03173937396437151,1.6248462268535238
7520260501030007,松山競輪,7R,23:12,1-5,1,5,46.0,0.056981210158450625,1.621135667288729
3520260501030004,平塚競輪,4R,12:24,3-7,3,7,132.1,0.01983597863418525,1.6203327775758716
8320260501030006,久留米競輪,6R,23:03,4-5,4,5,93.7,0.027912102658076702,1.6153640190617868
2620260501030007,西武園競輪,7R,23:21,4-5,4,5,48.5,0.05387839608215041,1.6131022099842949
5320260501030002,奈良競輪,2R,16:20,3-6,3,6,79.1,0.03293406911246759,1.6050848667961861
6320260501030003,防府競輪,3R,09:11,1-6,1,6,142.3,0.018274820526574087,1.6005069609314928
3520260501030004,平塚競輪,4R,12:24,4-7,4,7,349.7,0.0074016143414156015,1.5883445351930359
8320260501030005,久留米競輪,5R,22:36,3-7,3,7,58.6,0.04408108023268248,1.5831513016351932
6320260501030003,防府競輪,3R,09:11,2-7,2,7,237.1,0.01080171353598586,1.5610862793822475
2720260503010006,京王閣競輪,6R,18:08,4-7,4,7,40.9,0.06250102433812617,1.5562918954293603
2720260503010011,京王閣競輪,11R,20:16,2-5,2,5,65.7,0.038885539006001314,1.5547799126942863
2720260503010007,京王閣競輪,7R,18:32,3-5,3,5,52.8,0.048296671077017274,1.5500642328665117
8320260501030007,久留米競輪,7R,23:30,3-7,3,7,109.1,0.023343333215233603,1.5467576537819858
2720260503010010,京王閣競輪,10R,19:48,2-7,2,7,134.1,0.01895056774600496,1.5412711347392651
6320260501030002,防府競輪,2R,08:50,1-6,1,6,64.7,0.039253655380374446,1.5397115031102269
5320260501030010,奈良競輪,10R,19:35,2-3,2,3,71.8,0.035344378602892905,1.5377263836877106
3520260501030006,平塚競輪,6R,13:30,2-4,2,4,113.0,0.022424053444889087,1.533918039272467
3520260501030003,平塚競輪,3R,11:51,5-7,5,7,108.4,0.023257646839230456,1.5211289173725815
2720260503010004,京王閣競輪,4R,17:21,1-7,1,7,30.7,0.08200843123107528,1.517658838794011
5320260501030006,奈良競輪,6R,17:56,5-6,5,6,95.8,0.026263537295878575,1.5160468729451675
3520260501030008,平塚競輪,8R,14:37,5-8,5,8,148.7,0.01689271354678293,1.5119465044066218
5320260501030001,奈良競輪,1R,15:56,1-7,1,7,59.6,0.04207206829905786,1.5074952706238482
7520260501030001,松山競輪,1R,20:41,2-7,2,7,200.8,0.012465788470298951,1.5031303248360297
3520260501030009,平塚競輪,9R,15:12,3-4,3,4,120.5,0.020715871630230663,1.4962625314427949
6320260501030005,防府競輪,5R,09:53,2-6,2,6,48.4,0.05141265230197878,1.4883723714157728
5320260501030011,奈良競輪,11R,20:02,1-2,1,2,36.3,0.06840746335785958,1.4831909198903026
6320260501030001,防府競輪,1R,08:30,1-5,1,5,28.8,0.08602148462740578,1.4774187572692865
2720260503010009,京王閣競輪,9R,19:21,1-4,1,4,72.6,0.03403501640463237,1.4709421909763098
2720260503010004,京王閣競輪,4R,17:21,3-4,3,4,129.5,0.019050826517783292,1.4670820340529365
7520260501030003,松山競輪,3R,21:29,2-7,2,7,54.0,0.045620404172912465,1.4635018253372731
3520260501030001,平塚競輪,1R,10:45,5-8,5,8,149.7,0.016454955268153736,1.463306803642614
3520260501030003,平塚競輪,3R,11:51,3-4,3,4,178.6,0.013791368208101092,1.463138361966855
2720260503010002,京王閣競輪,2R,16:37,1-6,1,6,90.9,0.027002279823189305,1.4545072359279079
5320260501030010,奈良競輪,10R,19:35,5-6,5,6,72.3,0.03384752747377265,1.4471762363537626
6320260501030004,防府競輪,4R,09:32,3-7,3,7,32.8,0.0743912569562121,1.4400332281637565
7520260501030001,松山競輪,1R,20:41,2-6,2,6,69.6,0.035011697617760476,1.4368141541961288
5320260501030006,奈良競輪,6R,17:56,6-7,6,7,33.4,0.07295848099848962,1.436813265349553
3520260501030006,平塚競輪,6R,13:30,4-6,4,6,235.7,0.010324071029817894,1.4333835417280776
5320260501030008,奈良競輪,8R,18:44,2-4,2,4,52.5,0.046077220964807215,1.419054100652379
5320260501030005,奈良競輪,5R,17:32,2-5,2,5,60.1,0.040143702979830845,1.4126365490878339
3520260501030001,平塚競輪,1R,10:45,2-8,2,8,167.2,0.014421917529993451,1.411344611014905
3520260501030002,平塚競輪,2R,11:18,1-4,1,4,143.6,0.016785790934733445,1.4104395782277228
7520260501030006,松山競輪,6R,22:45,1-5,1,5,35.4,0.06777678214583055,1.3992980879624013
5320260501030007,奈良競輪,7R,18:20,1-6,1,6,103.0,0.02328778283582277,1.398641632089745
2720260503010009,京王閣競輪,9R,19:21,3-4,3,4,120.5,0.01983922511083519,1.3906266258556403
3520260501030008,平塚競輪,8R,14:37,6-9,6,9,139.0,0.017190885632558717,1.3895331029256615
2620260501030004,西武園競輪,4R,22:01,3-4,3,4,77.1,0.030915746545272724,1.3836040586405267
2620260501030002,西武園競輪,2R,21:13,3-7,3,7,91.9,0.025920379291152075,1.3820828568568757
5320260501030012,奈良競輪,12R,20:30,1-3,1,3,113.9,0.020845395261128226,1.3742905202425049
6320260501030003,防府競輪,3R,09:11,1-4,1,4,38.9,0.060915424726518314,1.369610021861562
2620260501030002,西武園競輪,2R,21:13,3-6,3,6,91.9,0.02567511459981867,1.359543031723336
3520260501030009,平塚競輪,9R,15:12,5-8,5,8,145.7,0.01617152070723952,1.3561905670447976
2620260501030003,西武園競輪,3R,21:37,1-4,1,4,31.5,0.07466440234158261,1.3519286737598524
6320260501030006,防府競輪,6R,10:14,1-7,1,7,38.5,0.06105206697314283,1.350504578465999
5320260501030007,奈良競輪,7R,18:20,1-4,1,4,103.0,0.022738597890210942,1.3420755826917272
2620260501030007,西武園競輪,7R,23:21,5-7,5,7,43.9,0.05302705186595975,1.3278875769156326
2720260503010005,京王閣競輪,5R,17:44,3-4,3,4,55.0,0.04231396470232966,1.3272680586281314
2620260501030004,西武園競輪,4R,22:01,4-6,4,6,228.5,0.010173412120896171,1.3246246696247752
6320260501030005,防府競輪,5R,09:53,4-6,4,6,58.7,0.039562436719915536,1.322315035459042
5320260501030008,奈良競輪,8R,18:44,2-5,2,5,66.9,0.03470360276411008,1.3216710249189645
2720260503010003,京王閣競輪,3R,16:59,5-6,5,6,17.4,0.13325660162806316,1.3186648683282987
6320260501030003,防府競輪,3R,09:11,6-7,6,7,211.9,0.010941357261926379,1.3184736038021998
2620260501030003,西武園競輪,3R,21:37,3-7,3,7,103.3,0.02243046924193974,1.3170674726923752
5320260501030010,奈良競輪,10R,19:35,2-4,2,4,165.4,0.014008538034967336,1.3170121909835975
5320260501030001,奈良競輪,1R,15:56,3-4,3,4,28.7,0.08071202302161398,1.316435060720321
5320260501030004,奈良競輪,4R,17:08,2-3,2,3,68.4,0.033717540422432135,1.306279764894358
3520260501030003,平塚競輪,3R,11:51,4-5,4,5,265.9,0.00865141177446632,1.3004103908305944
2720260503010007,京王閣競輪,7R,18:32,4-5,4,5,306.3,0.007485260678226591,1.2927353457408048
3520260501030004,平塚競輪,4R,12:24,4-5,4,5,156.4,0.014654888042343205,1.2920244898224773
2720260503010004,京王閣競輪,4R,17:21,3-5,3,5,53.0,0.043208241547243016,1.29003680200388
3520260501030007,平塚競輪,7R,14:03,4-8,4,8,148.1,0.015443032282765508,1.2871130810775715
6320260501030004,防府競輪,4R,09:32,1-4,1,4,20.0,0.11357695012046115,1.2715390024092228
5320260501030008,奈良競輪,8R,18:44,4-5,4,5,42.4,0.053547541261459816,1.2704157494858963
2720260503010008,京王閣競輪,8R,18:56,1-3,1,3,27.7,0.08172275865729059,1.2637204148069494
3520260501030010,平塚競輪,10R,15:49,2-6,2,6,114.0,0.019794492959551394,1.2565721973888588
2720260503010009,京王閣競輪,9R,19:21,2-4,2,4,40.7,0.055359872757855345,1.2531468212447128
2620260501030001,西武園競輪,1R,20:49,3-6,3,6,58.7,0.03815898983499258,1.2399327033140644
2620260501030003,西武園競輪,3R,21:37,2-6,2,6,34.7,0.06438526028423856,1.2341685318630784
7520260501030001,松山競輪,1R,20:41,2-4,2,4,38.1,0.05850689795601033,1.2291128121239936
7520260501030004,松山競輪,4R,21:53,4-5,4,5,60.6,0.03675873148265006,1.227579127848594
7520260501030005,松山競輪,5R,22:18,3-5,3,5,50.2,0.04429426404857959,1.2235720552386957
8320260501030002,久留米競輪,2R,21:21,2-5,2,5,155.9,0.014261032777999904,1.223295010090185
3520260501030010,平塚競輪,10R,15:49,5-6,5,6,160.2,0.013865740140089275,1.2212915704423017
6320260501030005,防府競輪,5R,09:53,1-5,1,5,48.9,0.04535794250527103,1.2180033885077535
5320260501030005,奈良競輪,5R,17:32,2-4,2,4,34.0,0.06520795570548828,1.2170704939866015
2620260501030001,西武園競輪,1R,20:49,4-5,4,5,43.0,0.05141039517564836,1.2106469925528796
8320260501030004,久留米競輪,4R,22:09,1-7,1,7,23.7,0.09324057449692957,1.2098016155772306
3520260501030011,平塚競輪,11R,16:30,3-5,3,5,76.8,0.02873589291000231,1.2069165754881772
3520260501030010,平塚競輪,10R,15:49,2-5,2,5,95.9,0.022941032596425805,1.2000450259972348
6320260501030004,防府競輪,4R,09:32,2-3,2,3,84.2,0.02612641455890692,1.1998441058599627
5320260501030003,奈良競輪,3R,16:44,1-7,1,7,40.5,0.054265057968530525,1.1977348477254863
3520260501030006,平塚競輪,6R,13:30,6-7,6,7,84.1,0.026039133902564758,1.1898911612056962
2620260501030001,西武園競輪,1R,20:49,2-6,2,6,27.0,0.08106507500914709,1.1887570252469715
3520260501030009,平塚競輪,9R,15:12,5-6,5,6,140.8,0.015511120892914322,1.1839658217223366
3520260501030007,平塚競輪,7R,14:03,2-8,2,8,80.9,0.026987220408555595,1.183266131052148
7520260501030004,松山競輪,4R,21:53,3-6,3,6,59.0,0.03686187627194014,1.1748507000444683
3520260501030008,平塚競輪,8R,14:37,6-7,6,7,44.0,0.0492634511110198,1.167591848884871
5320260501030009,奈良競輪,9R,19:09,3-7,3,7,35.3,0.06118691994253998,1.159898273971661
5320260501030011,奈良競輪,11R,20:02,2-4,2,4,41.2,0.052403914698757575,1.1590412855888124
3520260501030011,平塚競輪,11R,16:30,3-8,3,8,222.8,0.00967410346659306,1.1553902523569337
3520260501030011,平塚競輪,11R,16:30,1-3,1,3,122.4,0.01759707130878571,1.1538815281953712
7520260501030005,松山競輪,5R,22:18,3-6,3,6,153.4,0.01403657226165059,1.1532101849372007
2720260503010001,京王閣競輪,1R,16:13,3-5,3,5,52.9,0.04069475057984159,1.1527523056736202
8320260501030002,久留米競輪,2R,21:21,1-5,1,5,109.9,0.019571677405725796,1.1509273468892651
5320260501030004,奈良競輪,4R,17:08,2-5,2,5,32.1,0.06696735739560924,1.149652172399057
6320260501030004,防府競輪,4R,09:32,2-7,2,7,66.0,0.0324857915134513,1.144062239887786
3520260501030010,平塚競輪,10R,15:49,5-9,5,9,60.6,0.035328832460199945,1.1409272470881167
8320260501030001,久留米競輪,1R,20:57,1-6,1,6,42.2,0.05073117063193788,1.1408554006677787
7520260501030001,松山競輪,1R,20:41,4-7,4,7,261.1,0.00819795628365787,1.14048638566307
3520260501030003,平塚競輪,3R,11:51,7-8,7,8,125.6,0.01702883662927724,1.1388218806372215
7520260501030004,松山競輪,4R,21:53,3-5,3,5,102.2,0.02087772042354308,1.1337030272861028
3520260501030006,平塚競輪,6R,13:30,1-9,1,9,109.1,0.019513004581871256,1.128868799882154
2720260503010009,京王閣競輪,9R,19:21,4-7,4,7,91.3,0.023299408463354064,1.1272359927042261
3520260501030005,平塚競輪,5R,12:57,2-5,2,5,39.6,0.05359572487746524,1.1223907051476236
3520260501030010,平塚競輪,10R,15:49,3-9,3,9,85.8,0.024680567783258014,1.1175927158035375
2620260501030002,西武園競輪,2R,21:13,4-6,4,6,102.5,0.020615789436398798,1.113118417230877
7520260501030003,松山競輪,3R,21:29,1-5,1,5,31.4,0.06729612507075079,1.1130983272215746
2620260501030005,西武園競輪,5R,22:27,3-6,3,6,85.2,0.024791689633158767,1.1122519567451272
2620260501030005,西武園競輪,5R,22:27,2-5,2,5,25.0,0.08448393960626979,1.112098490156745
6320260501030006,防府競輪,6R,10:14,6-7,6,7,35.5,0.059485821152212334,1.1117466509035379
2620260501030006,西武園競輪,6R,22:54,2-7,2,7,44.4,0.047519809944558136,1.109879561538381
5320260501030005,奈良競輪,5R,17:32,4-5,4,5,28.2,0.07478673510652042,1.1089859300038758
6320260501030002,防府競輪,2R,08:50,1-4,1,4,49.4,0.04268973476966856,1.1088728976216267
2620260501030006,西武園競輪,6R,22:54,2-6,2,6,103.7,0.02029188202087771,1.1042681655650184
5320260501030012,奈良競輪,12R,20:30,1-7,1,7,58.3,0.035963833229257475,1.0966914772657108
5320260501030011,奈良競輪,11R,20:02,3-4,3,4,81.2,0.025712073370242026,1.0878203576636527
3520260501030007,平塚競輪,7R,14:03,1-5,1,5,49.3,0.04232708978135032,1.0867255262205706
3520260501030011,平塚競輪,11R,16:30,1-6,1,6,227.2,0.009174595279184919,1.0844680474308133
5320260501030011,奈良競輪,11R,20:02,4-7,4,7,92.5,0.022498333739823566,1.0810958709336798
3520260501030011,平塚競輪,11R,16:30,3-7,3,7,61.5,0.033719628774618274,1.0737571696390238
5320260501030001,奈良競輪,1R,15:56,4-7,4,7,35.2,0.05884325418455627,1.0712825472963807
8320260501030003,久留米競輪,3R,21:45,4-5,4,5,113.2,0.018225309104919943,1.0631049906769374
3520260501030011,平塚競輪,11R,16:30,4-8,4,8,316.5,0.006491170387258634,1.0544554275673579
5320260501030005,奈良競輪,5R,17:32,2-3,2,3,47.2,0.043514335906971534,1.0538766548090566
7520260501030001,松山競輪,1R,20:41,1-4,1,4,24.2,0.08465925946228024,1.0487540789871819
2720260503010003,京王閣競輪,3R,16:59,1-4,1,4,61.7,0.032958582679912654,1.033544551350611
7520260501030001,松山競輪,1R,20:41,1-5,1,5,19.4,0.10480320923507969,1.033182259160546
2720260503010004,京王閣競輪,4R,17:21,2-5,2,5,42.9,0.047378271165769245,1.0325278330115006
7520260501030004,松山競輪,4R,21:53,2-5,2,5,45.3,0.04486243064933277,1.0322681084147742
2720260503010003,京王閣競輪,3R,16:59,3-4,3,4,199.5,0.01018620709633777,1.0321483157193851
8320260501030002,久留米競輪,2R,21:21,2-4,2,4,43.2,0.04690962470550643,1.0264957872778777
2720260503010005,京王閣競輪,5R,17:44,1-2,1,2,35.5,0.05693489979980838,1.0211889428931977
8320260501030005,久留米競輪,5R,22:36,1-5,1,5,35.2,0.057356813283992475,1.0189598275965355
8320260501030007,久留米競輪,7R,23:30,5-7,5,7,87.3,0.023100884121252736,1.0167071837853636
3520260501030003,平塚競輪,3R,11:51,4-6,4,6,163.3,0.012345781781815989,1.016066164970551
5320260501030009,奈良競輪,9R,19:09,3-4,3,4,55.3,0.03639224816145349,1.012491323328378
6320260501030007,防府競輪,7R,10:35,1-5,1,5,35.8,0.056116220627372565,1.0089606984599375
3520260501030001,平塚競輪,1R,10:45,4-6,4,6,144.7,0.013882161130737735,1.0087487156177501
7520260501030004,松山競輪,4R,21:53,2-7,2,7,37.2,0.05375901682780532,0.999835425994358
3520260501030002,平塚競輪,2R,11:18,5-8,5,8,105.5,0.018945969351217118,0.9987997665534059
5320260501030002,奈良競輪,2R,16:20,2-4,2,4,147.8,0.013513440062444402,0.9972864412292828
2720260503010001,京王閣競輪,1R,16:13,4-5,4,5,89.7,0.02224207074782393,0.9951137460798065
2720260503010003,京王閣競輪,3R,16:59,2-4,2,4,82.0,0.02433045829855515,0.9950975804815221
5320260501030004,奈良競輪,4R,17:08,5-6,5,6,38.2,0.052114453772076616,0.9907721340933269
5320260501030012,奈良競輪,12R,20:30,1-4,1,4,98.6,0.02013600553167689,0.985410145423341
2720260503010011,京王閣競輪,11R,20:16,6-7,6,7,242.7,0.008177307319101705,0.9846324863459837
6320260501030005,防府競輪,5R,09:53,1-7,1,7,34.5,0.05752046758653777,0.9844561317355529
2720260503010009,京王閣競輪,9R,19:21,1-3,1,3,44.2,0.04480691983712102,0.9804658568007492
3520260501030006,平塚競輪,6R,13:30,4-9,4,9,252.3,0.007837362354298473,0.9773665219895049
3520260501030011,平塚競輪,11R,16:30,3-6,3,6,162.1,0.012173255731990192,0.97328475415561
2720260503010002,京王閣競輪,2R,16:37,2-3,2,3,51.2,0.03851154078278125,0.9717908880784003
2720260503010004,京王閣競輪,4R,17:21,2-3,2,3,50.2,0.03914503518524008,0.9650807662990522
7520260501030003,松山競輪,3R,21:29,3-7,3,7,92.2,0.021285085899307044,0.9624849199161096
3520260501030009,平塚競輪,9R,15:12,7-8,7,8,75.6,0.02587121273557412,0.9558636828094034
3520260501030007,平塚競輪,7R,14:03,2-4,2,4,77.8,0.025107381412251696,0.953354273873182
7520260501030004,松山競輪,4R,21:53,3-7,3,7,75.2,0.025958744785187737,0.9520976078461179
2720260503010001,京王閣競輪,1R,16:13,1-3,1,3,38.3,0.05089461237185964,0.9492636538422241
2720260503010009,京王閣競輪,9R,19:21,3-5,3,5,47.6,0.0409485082101214,0.9491489908017787
6320260501030005,防府競輪,5R,09:53,5-7,5,7,109.9,0.017689902494921247,0.944120284191845
2720260503010009,京王閣競輪,9R,19:21,4-5,4,5,62.2,0.03124482145863956,0.9434278947273806
7520260501030003,松山競輪,3R,21:29,5-7,5,7,108.1,0.017966324129738167,0.9421596384246957
2720260503010002,京王閣競輪,2R,16:37,5-6,5,6,137.5,0.014116997672653578,0.941087179989867
8320260501030005,久留米競輪,5R,22:36,1-7,1,7,22.0,0.08814167794805165,0.9391169148571363
5320260501030003,奈良競輪,3R,16:44,1-2,1,2,46.8,0.04141226647619738,0.9380940710860375
5320260501030008,奈良競輪,8R,18:44,4-7,4,7,34.1,0.05680034900346675,0.9368919010182162
8320260501030007,久留米競輪,7R,23:30,3-6,3,6,72.7,0.02661349946498926,0.9348014111047194
8320260501030004,久留米競輪,4R,22:09,2-5,2,5,60.7,0.03175587362138709,0.9275815288181966
7520260501030001,松山競輪,1R,20:41,1-6,1,6,36.0,0.05353081385239557,0.9271092986862404
5320260501030002,奈良競輪,2R,16:20,3-7,3,7,41.8,0.045935954376841115,0.9201228929519585
3520260501030004,平塚競輪,4R,12:24,1-7,1,7,60.0,0.03192154366349044,0.9152926198094264
3520260501030006,平塚競輪,6R,13:30,2-6,2,6,110.5,0.017276575152669026,0.9090615543699274
2620260501030007,西武園競輪,7R,23:21,5-6,5,6,175.9,0.010839813164212848,0.90672313558504
5320260501030006,奈良競輪,6R,17:56,2-7,2,7,21.7,0.08778238593856158,0.9048777748667862
7520260501030006,松山競輪,6R,22:45,4-7,4,7,44.3,0.0429569054139617,0.9029909098385032
3520260501030002,平塚競輪,2R,11:18,4-8,4,8,192.3,0.009894155424763525,0.902646088182026
2720260503010010,京王閣競輪,10R,19:48,4-5,4,5,31.7,0.06001600975394049,0.9025075091999135
2620260501030005,西武園競輪,5R,22:27,2-7,2,7,42.6,0.044654797886151384,0.9022943899500491
5320260501030009,奈良競輪,9R,19:09,1-3,1,3,26.1,0.07271218324410947,0.8977879826712571
2720260503010011,京王閣競輪,11R,20:16,2-7,2,7,41.4,0.04581642056376867,0.8967998113400228
5320260501030010,奈良競輪,10R,19:35,2-5,2,5,71.2,0.02657835114175839,0.8923786012931973
3520260501030010,平塚競輪,10R,15:49,1-8,1,8,90.4,0.020931353035602358,0.8921943144184532
3520260501030011,平塚競輪,11R,16:30,1-5,1,5,85.6,0.02209995430236517,0.8917560882824584
5320260501030008,奈良競輪,8R,18:44,2-3,2,3,27.6,0.06853386071022324,0.8915345556021617
5320260501030004,奈良競輪,4R,17:08,6-7,6,7,55.2,0.034222220057774456,0.8890665471891501
3520260501030004,平塚競輪,4R,12:24,6-9,6,9,66.6,0.028288105716426072,0.8839878407139763
3520260501030008,平塚競輪,8R,14:37,7-8,7,8,79.7,0.023617358394645988,0.8823034640532852
5320260501030008,奈良競輪,8R,18:44,5-7,5,7,43.2,0.04352296673097995,0.880192162778334
3520260501030002,平塚競輪,2R,11:18,1-7,1,7,71.6,0.02624135997056744,0.8788813738926287
2720260503010006,京王閣競輪,6R,18:08,1-6,1,6,33.2,0.05654933439610758,0.8774379019507716
5320260501030004,奈良競輪,4R,17:08,5-7,5,7,32.5,0.0576612080213558,0.8739892606940634
3520260501030011,平塚競輪,11R,16:30,1-8,1,8,270.0,0.006913042753436601,0.8665215434278821
2620260501030001,西武園競輪,1R,20:49,3-5,3,5,66.2,0.028151038156434594,0.8635987259559703
3520260501030009,平塚競輪,9R,15:12,3-5,3,5,72.5,0.025655336097996636,0.8600118671047561
3520260501030010,平塚競輪,10R,15:49,4-9,4,9,62.3,0.029783609288830625,0.8555188586941478
2720260503010010,京王閣競輪,10R,19:48,2-5,2,5,61.0,0.03039170135286881,0.8538937825249975
3520260501030005,平塚競輪,5R,12:57,1-8,1,8,104.3,0.01762055213636905,0.8378235878232918
3520260501030003,平塚競輪,3R,11:51,1-8,1,8,129.9,0.014114452049340871,0.8334673212093793
5320260501030012,奈良競輪,12R,20:30,2-4,2,4,31.3,0.05851054231824713,0.8313799745611352
3520260501030010,平塚競輪,10R,15:49,4-8,4,8,165.4,0.011054423264606728,0.8284016079659529
2720260503010005,京王閣競輪,5R,17:44,5-6,5,6,32.9,0.05556136327841865,0.8279688518599735
2620260501030007,西武園競輪,7R,23:21,1-5,1,5,15.9,0.11445563640447076,0.8198446188310851
3520260501030008,平塚競輪,8R,14:37,6-8,6,8,154.1,0.011800524299008623,0.8184607944772289
3520260501030011,平塚競輪,11R,16:30,1-7,1,7,69.0,0.026332285391489928,0.816927692012805
3520260501030003,平塚競輪,3R,11:51,4-8,4,8,254.1,0.0071417053886399864,0.8147073392534205
2620260501030002,西武園競輪,2R,21:13,2-4,2,4,25.7,0.07047476673654308,0.8112015051291572
3520260501030011,平塚競輪,11R,16:30,6-7,6,7,101.3,0.017830204441864405,0.8061997099608642
3520260501030009,平塚競輪,9R,15:12,5-7,5,7,30.4,0.05937110893998351,0.8048817117754987
7520260501030001,松山競輪,1R,20:41,4-6,4,6,93.2,0.01934840357536717,0.8032712132242203
3520260501030008,平塚競輪,8R,14:37,1-4,1,4,188.3,0.009571859932503002,0.8023812252903155
7520260501030002,松山競輪,2R,21:05,4-5,4,5,42.7,0.042116807986510886,0.798387701024015
3520260501030007,平塚競輪,7R,14:03,1-2,1,2,29.7,0.060532304507046726,0.7978094438592878
7520260501030006,松山競輪,6R,22:45,5-6,5,6,118.2,0.015181369982697271,0.7944379319548174
6320260501030006,防府競輪,6R,10:14,3-6,3,6,43.6,0.04099707092824216,0.7874722924713582
3520260501030010,平塚競輪,10R,15:49,6-8,6,8,189.4,0.009425341483150681,0.785159676908739
3520260501030010,平塚競輪,10R,15:49,7-8,7,8,59.1,0.03019687041754887,0.7846350416771384
6320260501030005,防府競輪,5R,09:53,3-7,3,7,61.2,0.02914017980737758,0.7833790042115081
3520260501030009,平塚競輪,9R,15:12,2-4,2,4,90.6,0.019658285662203526,0.7810406809956394
3520260501030006,平塚競輪,6R,13:30,1-4,1,4,100.7,0.017667489390006223,0.7791161815736267
2720260503010003,京王閣競輪,3R,16:59,3-7,3,7,153.5,0.011570804208830783,0.7761184460555253
2620260501030002,西武園競輪,2R,21:13,1-5,1,5,24.3,0.07304060193934223,0.7748866271260162
6320260501030004,防府競輪,4R,09:32,1-3,1,3,14.6,0.12145558850421173,0.7732515921614913
5320260501030012,奈良競輪,12R,20:30,1-2,1,2,23.6,0.07512072617012122,0.772849137614861
7520260501030005,松山競輪,5R,22:18,5-7,5,7,27.6,0.06414722116961398,0.770463304281346
3520260501030001,平塚競輪,1R,10:45,1-8,1,8,57.9,0.03055782719830047,0.7692981947815971
6320260501030002,防府競輪,2R,08:50,2-6,2,6,58.8,0.030076776094845693,0.7685144343769268
5320260501030005,奈良競輪,5R,17:32,5-6,5,6,43.8,0.04025332509308196,0.7630956390769896
2620260501030007,西武園競輪,7R,23:21,2-5,2,5,19.5,0.09020924194372504,0.7590802179026381
7520260501030005,松山競輪,5R,22:18,4-6,4,6,83.7,0.021009499754662216,0.7584951294652276
3520260501030009,平塚競輪,9R,15:12,3-8,3,8,157.3,0.011170314273934149,0.7570904352898418
2620260501030003,西武園競輪,3R,21:37,5-6,5,6,53.5,0.032810804899196404,0.7553780621070076
8320260501030001,久留米競輪,1R,20:57,1-3,1,3,22.9,0.07646901169375875,0.7511403677870752
3520260501030001,平塚競輪,1R,10:45,3-5,3,5,39.6,0.04419663529273839,0.7501867575924401
8320260501030001,久留米競輪,1R,20:57,3-6,3,6,103.0,0.016969633969899235,0.7478722988996211
6320260501030005,防府競輪,5R,09:53,3-5,3,5,80.5,0.021662608804447835,0.7438400087580508
8320260501030001,久留米競輪,1R,20:57,4-5,4,5,71.5,0.024383711319419715,0.7434353593385097
2620260501030001,西武園競輪,1R,20:49,2-5,2,5,25.3,0.06875748563883653,0.7395643866625643
7520260501030001,松山競輪,1R,20:41,3-5,3,5,27.4,0.06338255374218653,0.7366819725359108
6320260501030004,防府競輪,4R,09:32,4-7,4,7,27.2,0.06350468587749786,0.7273274558679417
8320260501030007,久留米競輪,7R,23:30,2-5,2,5,31.9,0.05368761933778813,0.7126350568754412
6320260501030003,防府競輪,3R,09:11,2-4,2,4,113.1,0.015135400542966543,0.7118138014095159
3520260501030007,平塚競輪,7R,14:03,4-5,4,5,108.1,0.015828713572145794,0.7110839371489601
2620260501030003,西武園競輪,3R,21:37,2-5,2,5,68.9,0.024827980152433527,0.7106478325026702
2620260501030003,西武園競輪,3R,21:37,5-7,5,7,185.5,0.009207323894316137,0.7079585823956434
2620260501030007,西武園競輪,7R,23:21,6-7,6,7,281.5,0.006050500758979129,0.7032159636526247
3520260501030004,平塚競輪,4R,12:24,3-6,3,6,87.1,0.019543452885164132,0.7022347462977958
3520260501030011,平塚競輪,11R,16:30,5-7,5,7,41.9,0.04060607512677933,0.7013945478120538
3520260501030003,平塚競輪,3R,11:51,5-6,5,6,164.5,0.010331147449249704,0.6994737554015764
3520260501030001,平塚競輪,1R,10:45,7-8,7,8,156.5,0.010845816440413358,0.6973702729246904
5320260501030005,奈良競輪,5R,17:32,3-4,3,4,21.4,0.07922176396596567,0.6953457488716652
3520260501030003,平塚競輪,3R,11:51,8-9,8,9,70.8,0.02373855342981307,0.6806895828307653
8320260501030004,久留米競輪,4R,22:09,3-5,3,5,79.6,0.0210940748802246,0.679088360465878
7520260501030007,松山競輪,7R,23:12,1-7,1,7,48.1,0.034854697724653244,0.676510960555821
5320260501030011,奈良競輪,11R,20:02,1-5,1,5,43.2,0.03880690253880217,0.6764581896762538
8320260501030007,久留米競輪,7R,23:30,4-6,4,6,46.7,0.03578826323301236,0.6713118929816773
3520260501030001,平塚競輪,1R,10:45,2-3,2,3,41.8,0.03996781817453215,0.6706547996954437
2720260503010011,京王閣競輪,11R,20:16,1-7,1,7,43.4,0.03848942679530161,0.6704411229160898
2620260501030003,西武園競輪,3R,21:37,4-7,4,7,118.6,0.014081489385348174,0.6700646411022935
7520260501030001,松山競輪,1R,20:41,1-7,1,7,96.7,0.017267322715235255,0.6697501065632492
2620260501030002,西武園競輪,2R,21:13,4-5,4,5,35.2,0.04739378765886103,0.6682613255919083
2720260503010001,京王閣競輪,1R,16:13,6-7,6,7,26.3,0.06337757205052402,0.6668301449287819
5320260501030009,奈良競輪,9R,19:09,5-6,5,6,57.2,0.029023665069224144,0.6601536419596212
5320260501030009,奈良競輪,9R,19:09,5-7,5,7,27.7,0.0599163930229398,0.6596840867354326
5320260501030002,奈良競輪,2R,16:20,4-7,4,7,69.2,0.023964056183844857,0.6583126879220642
2720260503010010,京王閣競輪,10R,19:48,2-6,2,6,56.0,0.02955523140077885,0.6550929584436156
3520260501030006,平塚競輪,6R,13:30,5-9,5,9,42.1,0.03930511525163682,0.6547453520939102
3520260501030001,平塚競輪,1R,10:45,8-9,8,9,277.8,0.005946821869295705,0.6520271152903467
5320260501030007,奈良競輪,7R,18:20,5-7,5,7,17.8,0.09277612883379131,0.6514150932414855
3520260501030008,平塚競輪,8R,14:37,3-9,3,9,40.6,0.04065136975843095,0.6504456121922966
2620260501030007,西武園競輪,7R,23:21,3-4,3,4,61.2,0.026952457316526984,0.6494903877714515
3520260501030008,平塚競輪,8R,14:37,2-6,2,6,77.2,0.021309333030402437,0.6450805099470682
8320260501030006,久留米競輪,6R,23:03,3-6,3,6,62.5,0.026280435663642025,0.6425272289776265
6320260501030007,防府競輪,7R,10:35,4-7,4,7,31.2,0.05258779308031474,0.6407391441058199
3520260501030001,平塚競輪,1R,10:45,2-9,2,9,97.8,0.016767630995859924,0.6398743113951006
6320260501030003,防府競輪,3R,09:11,3-5,3,5,13.3,0.12238448242495974,0.6277136162519645
8320260501030002,久留米競輪,2R,21:21,2-3,2,3,45.6,0.035690818951931824,0.6275013442080912
8320260501030003,久留米競輪,3R,21:45,2-5,2,5,61.0,0.0266175873250471,0.6236728268278731
3520260501030007,平塚競輪,7R,14:03,3-8,3,8,106.7,0.015203042846347275,0.6221646717052542
7520260501030002,松山競輪,2R,21:05,4-6,4,6,41.2,0.039046548778859935,0.6087178096890293
7520260501030006,松山競輪,6R,22:45,2-7,2,7,22.1,0.07274161027739036,0.607589587130327
3520260501030001,平塚競輪,1R,10:45,2-5,2,5,36.9,0.043480258305783226,0.6044215314834009
3520260501030006,平塚競輪,6R,13:30,3-4,3,4,118.4,0.013507832717176507,0.5993273937136985
3520260501030006,平塚競輪,6R,13:30,1-6,1,6,121.2,0.013174628153001886,0.5967649321438286
6320260501030002,防府競輪,2R,08:50,2-4,2,4,48.8,0.032691928822766565,0.5953661265510084
5320260501030001,奈良競輪,1R,15:56,3-6,3,6,72.3,0.022060872544306928,0.5950010849533909
3520260501030006,平塚競輪,6R,13:30,5-6,5,6,69.5,0.022908611427386393,0.5921484942033544
3520260501030002,平塚競輪,2R,11:18,5-6,5,6,79.0,0.020125961498250022,0.5899509583617517
8320260501030003,久留米競輪,3R,21:45,1-5,1,5,19.1,0.08315540041010269,0.5882681478329614
3520260501030002,平塚競輪,2R,11:18,2-3,2,3,24.8,0.06395607993836033,0.5861107824713363
3520260501030004,平塚競輪,4R,12:24,7-9,7,9,62.4,0.025336439032017745,0.5809937955979072
3520260501030008,平塚競輪,8R,14:37,4-8,4,8,300.5,0.005220982587431814,0.5689052675232602
3520260501030008,平塚競輪,8R,14:37,1-8,1,8,203.8,0.007684643181832518,0.5661302804574673
3520260501030007,平塚競輪,7R,14:03,4-9,4,9,37.4,0.041847793267261665,0.5651074681955863
8320260501030005,久留米競輪,5R,22:36,2-6,2,6,44.0,0.03553538984477634,0.5635571531701589
3520260501030004,平塚競輪,4R,12:24,5-7,5,7,156.4,0.009977952153862154,0.560551716864041
5320260501030002,奈良競輪,2R,16:20,5-6,5,6,52.1,0.02990051422596266,0.5578167911726546
8320260501030005,久留米競輪,5R,22:36,5-6,5,6,58.6,0.026535979188185732,0.555008380427684
6320260501030003,防府競輪,3R,09:11,2-3,2,3,163.3,0.009494912995484545,0.5505192921626263
3520260501030007,平塚競輪,7R,14:03,2-5,2,5,54.0,0.028711468354205273,0.5504192911270847
2720260503010010,京王閣競輪,10R,19:48,1-2,1,2,38.4,0.04035156196675329,0.5494999795233262
7520260501030005,松山競輪,5R,22:18,2-6,2,6,39.4,0.03931436282419744,0.548985895273379
6320260501030003,防府競輪,3R,09:11,4-6,4,6,100.6,0.015383736898488758,0.5476039319879689
5320260501030012,奈良競輪,12R,20:30,5-7,5,7,23.7,0.06528952542871307,0.5473617526604997
3520260501030007,平塚競輪,7R,14:03,7-8,7,8,99.2,0.015597935615802326,0.5473152130875907
5320260501030003,奈良競輪,3R,16:44,3-4,3,4,42.8,0.03594238370517261,0.5383340225813875
5320260501030006,奈良競輪,6R,17:56,1-5,1,5,53.0,0.028927401908669152,0.533152301159465
2720260503010009,京王閣競輪,9R,19:21,2-3,2,3,22.4,0.06821310618824203,0.5279735786166213
8320260501030004,久留米競輪,4R,22:09,5-7,5,7,49.8,0.030627290177711243,0.5252390508500198
5320260501030006,奈良競輪,6R,17:56,1-4,1,4,75.7,0.020135966838336766,0.5242926896620932
7520260501030001,松山競輪,1R,20:41,4-5,4,5,29.0,0.05249561672456143,0.5223728850122813
8320260501030006,久留米競輪,6R,23:03,4-7,4,7,46.8,0.03250280965039824,0.5211314916386376
5320260501030002,奈良競輪,2R,16:20,1-3,1,3,13.9,0.10941643813992183,0.5208884901449136
5320260501030001,奈良競輪,1R,15:56,3-7,3,7,81.0,0.018702667188834975,0.5149160422956329
7520260501030005,松山競輪,5R,22:18,3-4,3,4,86.3,0.017548038904461185,0.5143957574550002
2620260501030001,西武園競輪,1R,20:49,1-3,1,3,22.7,0.06634424553349594,0.5060143736103577
2720260503010011,京王閣競輪,11R,20:16,2-3,2,3,15.6,0.09627295384658278,0.5018580800066914
2720260503010008,京王閣競輪,8R,18:56,3-6,3,6,46.3,0.03238319910997403,0.49934211879179746
5320260501030009,奈良競輪,9R,19:09,1-4,1,4,21.5,0.06971160610495801,0.49879953125659715
8320260501030006,久留米競輪,6R,23:03,1-7,1,7,20.8,0.0719593579885612,0.4967546461620731
3520260501030002,平塚競輪,2R,11:18,3-4,3,4,30.1,0.04967668737789107,0.49526829007452133
2720260503010009,京王閣競輪,9R,19:21,3-6,3,6,58.4,0.025469693563030613,0.48743010408098786
3520260501030009,平塚競輪,9R,15:12,2-8,2,8,137.9,0.010767944404506097,0.4848995333813908
5320260501030012,奈良競輪,12R,20:30,2-6,2,6,17.4,0.08521855464617273,0.48280285084340546
8320260501030004,久留米競輪,4R,22:09,4-6,4,6,44.7,0.03314966215861295,0.4817898984899991
7520260501030006,松山競輪,6R,22:45,3-7,3,7,59.1,0.02499179978739144,0.4770153674348341
8320260501030002,久留米競輪,2R,21:21,4-5,4,5,119.7,0.012339026323922978,0.4769814509735806
2720260503010007,京王閣競輪,7R,18:32,2-5,2,5,60.6,0.024344257223253663,0.47526198772917194
3520260501030005,平塚競輪,5R,12:57,2-3,2,3,100.5,0.014637798003601512,0.4710986993619519
3520260501030007,平塚競輪,7R,14:03,8-9,8,9,33.3,0.044021772889154584,0.4659250372088475
5320260501030010,奈良競輪,10R,19:35,3-5,3,5,38.2,0.038355381921084765,0.4651755893854381
3520260501030010,平塚競輪,10R,15:49,2-4,2,4,71.7,0.020353433669303513,0.45934119408906193
3520260501030003,平塚競輪,3R,11:51,3-8,3,8,180.1,0.008091651725073217,0.4573064756856864
3520260501030010,平塚競輪,10R,15:49,5-7,5,7,32.7,0.044455716061997594,0.4537019152273214
3520260501030006,平塚競輪,6R,13:30,8-9,8,9,157.1,0.009232251405434311,0.45038669579373036
8320260501030002,久留米競輪,2R,21:21,2-6,2,6,16.8,0.08625419990984057,0.4490705584853216
5320260501030009,奈良競輪,9R,19:09,3-5,3,5,38.2,0.03785692859155446,0.4461346721973807
3520260501030004,平塚競輪,4R,12:24,2-6,2,6,63.4,0.022772093772727313,0.4437507451909115
5320260501030011,奈良競輪,11R,20:02,5-7,5,7,26.0,0.055522408146485076,0.4435826118086119
3520260501030011,平塚競輪,11R,16:30,5-8,5,8,114.7,0.012552831770450877,0.4398098040707157
2620260501030006,西武園競輪,6R,22:54,3-6,3,6,77.8,0.018462866559795173,0.4364110183520644
3520260501030008,平塚競輪,8R,14:37,4-9,4,9,212.5,0.006752577050282931,0.43492262318512287
7520260501030001,松山競輪,1R,20:41,3-4,3,4,31.4,0.04544547818244686,0.4269880149288314
7520260501030004,松山競輪,4R,21:53,1-5,1,5,27.0,0.052654567725570284,0.42167332859039774
2720260503010010,京王閣競輪,10R,19:48,2-3,2,3,21.9,0.06467610456220584,0.4164066899123078
3520260501030005,平塚競輪,5R,12:57,2-8,2,8,134.8,0.010506066475953639,0.4162177609585507
3520260501030005,平塚競輪,5R,12:57,4-5,4,5,25.0,0.05661002579363104,0.415250644840776
5320260501030001,奈良競輪,1R,15:56,1-5,1,5,26.6,0.05312826713629495,0.41321190582544576
3520260501030004,平塚競輪,4R,12:24,4-8,4,8,165.1,0.00855757156700919,0.41285506571321706
3520260501030005,平塚競輪,5R,12:57,5-7,5,7,16.0,0.08810341702526958,0.4096546724043133
5320260501030002,奈良競輪,2R,16:20,4-6,4,6,90.5,0.015570650253898862,0.4091438479778471
5320260501030005,奈良競輪,5R,17:32,1-5,1,5,15.9,0.08851690519909906,0.40741879266567516
3520260501030010,平塚競輪,10R,15:49,2-3,2,3,78.4,0.017950877275705743,0.40734877841533046
3520260501030003,平塚競輪,3R,11:51,3-5,3,5,131.4,0.010704809600057952,0.406611981447615
8320260501030007,久留米競輪,7R,23:30,4-7,4,7,45.1,0.031174745660592775,0.40598102929273416
2620260501030002,西武園競輪,2R,21:13,1-7,1,7,38.1,0.03690059502088152,0.405912670295586
3520260501030004,平塚競輪,4R,12:24,5-9,5,9,44.2,0.03176680003567711,0.4040925615769284
3520260501030003,平塚競輪,3R,11:51,5-8,5,8,278.9,0.005034358654638533,0.4040826287786867
6320260501030004,防府競輪,4R,09:32,2-5,2,5,122.1,0.011490271552233852,0.40296215652775325
5320260501030003,奈良競輪,3R,16:44,2-3,2,3,33.5,0.041835148889239046,0.401477487789508
2720260503010004,京王閣競輪,4R,17:21,6-7,6,7,15.9,0.08812142725198366,0.40113069330654016
6320260501030003,防府競輪,3R,09:11,3-6,3,6,146.4,0.00956657252297298,0.40054621736324436
3520260501030004,平塚競輪,4R,12:24,5-6,5,6,100.7,0.013884981852639132,0.3982176725607607
5320260501030001,奈良競輪,1R,15:56,6-7,6,7,101.3,0.013785544129296444,0.39647562029772976
6320260501030003,防府競輪,3R,09:11,2-5,2,5,30.7,0.04545064942761031,0.3953349374276365
2720260503010001,京王閣競輪,1R,16:13,4-7,4,7,31.3,0.044376215794317345,0.38897555436213294
6320260501030007,防府競輪,7R,10:35,2-7,2,7,23.6,0.05882319693839219,0.3882274477460559
3520260501030011,平塚競輪,11R,16:30,1-9,1,9,47.6,0.029137548451986746,0.3869473063145692
3520260501030002,平塚競輪,2R,11:18,4-5,4,5,46.8,0.02963453498086504,0.38689623710448373
5320260501030002,奈良競輪,2R,16:20,4-5,4,5,56.1,0.02471168250060054,0.38632538828369034
2720260503010010,京王閣競輪,10R,19:48,1-7,1,7,54.9,0.025245952394707054,0.3860027864694173
3520260501030011,平塚競輪,11R,16:30,5-9,5,9,30.4,0.0455100037807296,0.3835041149341798
7520260501030007,松山競輪,7R,23:12,1-4,1,4,21.3,0.06485290172280314,0.381366806695707
2720260503010001,京王閣競輪,1R,16:13,2-5,2,5,27.8,0.04956997231446489,0.378045230342124
2720260503010001,京王閣競輪,1R,16:13,1-6,1,6,28.6,0.048106494925149616,0.37584575485927907
5320260501030002,奈良競輪,2R,16:20,6-7,6,7,46.1,0.029839420377651218,0.3755972794097211
2620260501030004,西武園競輪,4R,22:01,4-5,4,5,46.7,0.029400778044949276,0.3730163346991313
5320260501030005,奈良競輪,5R,17:32,1-2,1,2,17.7,0.07749372180509731,0.37163887595022227
5320260501030003,奈良競輪,3R,16:44,3-5,3,5,19.8,0.0692402306344005,0.3709565665611301
5320260501030006,奈良競輪,6R,17:56,4-6,4,6,75.1,0.018234717404681133,0.369427277091553
7520260501030003,松山競輪,3R,21:29,1-7,1,7,19.5,0.07008950044773675,0.3667452587308666
2720260503010002,京王閣競輪,2R,16:37,1-4,1,4,14.4,0.09440917642553251,0.3594921405276681
3520260501030007,平塚競輪,7R,14:03,4-7,4,7,98.9,0.01368081414610734,0.35303251905001587
8320260501030002,久留米競輪,2R,21:21,5-6,5,6,54.0,0.025049969644629987,0.3526983608100194
7520260501030004,松山競輪,4R,21:53,4-6,4,6,24.1,0.055932347327573864,0.34796957059453026
3520260501030005,平塚競輪,5R,12:57,1-6,1,6,68.0,0.019822694817857978,0.3479432476143425
7520260501030007,松山競輪,7R,23:12,6-7,6,7,129.3,0.010404685792382976,0.34532587295511896
3520260501030007,平塚競輪,7R,14:03,1-6,1,6,79.1,0.017005053111152163,0.34509970109213595
3520260501030007,平塚競輪,7R,14:03,1-7,1,7,34.0,0.039504301264341325,0.3431462429876051
7520260501030004,松山競輪,4R,21:53,2-6,2,6,20.3,0.06604707433125984,0.3407556089245747
3520260501030004,平塚競輪,4R,12:24,3-9,3,9,27.4,0.04890556655985097,0.34001252373991653
3520260501030004,平塚競輪,4R,12:24,3-4,3,4,44.7,0.0299675108106896,0.33954773323782517
3520260501030001,平塚競輪,1R,10:45,1-2,1,2,17.9,0.07479521911698431,0.33883442219401894
5320260501030011,奈良競輪,11R,20:02,3-5,3,5,21.7,0.061627666774147896,0.3373203689990094
7520260501030007,松山競輪,7R,23:12,3-5,3,5,27.6,0.048416639597469495,0.33629925289015805
7520260501030003,松山競輪,3R,21:29,4-7,4,7,156.2,0.008547838909116014,0.33517243760392135
3520260501030007,平塚競輪,7R,14:03,3-5,3,5,82.1,0.016221747630636645,0.3318054804752686
6320260501030002,防府競輪,2R,08:50,4-5,4,5,16.8,0.07922385767228507,0.33096080889438917
3520260501030004,平塚競輪,4R,12:24,6-8,6,8,172.3,0.007724616087895557,0.3309513519444045
3520260501030002,平塚競輪,2R,11:18,7-8,7,8,103.1,0.012882303956642836,0.32816553792987624
3520260501030003,平塚競輪,3R,11:51,3-7,3,7,49.2,0.026981708557654395,0.32750006103659635
6320260501030006,防府競輪,6R,10:14,4-5,4,5,25.5,0.05160717337883508,0.31598292116029447
3520260501030001,平塚競輪,1R,10:45,3-9,3,9,76.8,0.017091917391674257,0.31265925568058295
2720260503010003,京王閣競輪,3R,16:59,4-5,4,5,12.0,0.10926898845826301,0.31122786149915616
7520260501030006,松山競輪,6R,22:45,5-7,5,7,39.4,0.033213912875371704,0.30862816728964515
6320260501030006,防府競輪,6R,10:14,1-3,1,3,31.1,0.042057549208933426,0.30798978039782954
8320260501030001,久留米競輪,1R,20:57,5-6,5,6,126.6,0.010330936264327744,0.30789653106389236
3520260501030005,平塚競輪,5R,12:57,3-8,3,8,214.2,0.006102519117564939,0.30715959498240997
3520260501030005,平塚競輪,5R,12:57,3-9,3,9,92.4,0.014139250809347508,0.30646677478370976
5320260501030002,奈良競輪,2R,16:20,2-6,2,6,71.5,0.018243272493301835,0.30439398327108114
2720260503010001,京王閣競輪,1R,16:13,2-3,2,3,24.5,0.05321329444825487,0.30372571398224446
5320260501030010,奈良競輪,10R,19:35,2-6,2,6,41.1,0.031654602380962335,0.30100415785755197
5320260501030005,奈良競輪,5R,17:32,3-6,3,6,29.7,0.043750806185963484,0.2993989437231155
7520260501030004,松山競輪,4R,21:53,3-4,3,4,51.4,0.025266439613800894,0.2986949961493659
3520260501030006,平塚競輪,6R,13:30,3-9,3,9,87.0,0.014905584618091767,0.2967858617739836
5320260501030011,奈良競輪,11R,20:02,1-4,1,4,106.7,0.012152264332663122,0.2966466042951552
2620260501030004,西武園競輪,4R,22:01,5-7,5,7,28.0,0.04630046417370286,0.29641299686367995
5320260501030001,奈良競輪,1R,15:56,5-6,5,6,62.3,0.020778666638429193,0.29451093157413855
3520260501030010,平塚競輪,10R,15:49,3-5,3,5,118.1,0.010943059473260465,0.292375323792061
5320260501030006,奈良競輪,6R,17:56,1-7,1,7,16.8,0.07685451747257739,0.29115589353930016
2720260503010009,京王閣競輪,9R,19:21,3-7,3,7,40.7,0.03171753340003389,0.29090360938137927
3520260501030008,平塚競輪,8R,14:37,3-6,3,6,23.7,0.054466166412311265,0.29084814397177694
2720260503010003,京王閣競輪,3R,16:59,2-7,2,7,46.7,0.02758319562784064,0.2881352358201579
5320260501030011,奈良競輪,11R,20:02,2-3,2,3,14.0,0.09195631489614695,0.2873884085460572
3520260501030009,平塚競輪,9R,15:12,6-8,6,8,184.1,0.0069845455097234665,0.28585482834009013
8320260501030004,久留米競輪,4R,22:09,3-4,3,4,115.4,0.011128104150331067,0.2841832189482052
5320260501030008,奈良競輪,8R,18:44,3-7,3,7,16.3,0.07876648184076263,0.2838936540044308
7520260501030001,松山競輪,1R,20:41,3-7,3,7,127.3,0.01004775833347695,0.27907963585161566
3520260501030004,平塚競輪,4R,12:24,7-8,7,8,220.2,0.005801927287540661,0.2775843887164535
3520260501030011,平塚競輪,11R,16:30,2-3,2,3,25.2,0.05062101426059807,0.27564955936707136
7520260501030002,松山競輪,2R,21:05,5-6,5,6,129.6,0.009832213310572824,0.274254845050238
3520260501030002,平塚競輪,2R,11:18,4-6,4,6,118.8,0.010719487533935592,0.2734751190315483
2620260501030003,西武園競輪,3R,21:37,4-6,4,6,30.7,0.04143661738878823,0.27210415383579867
5320260501030006,奈良競輪,6R,17:56,2-3,2,3,21.8,0.05830045053012929,0.2709498215568187
3520260501030001,平塚競輪,1R,10:45,5-9,5,9,67.8,0.018723315528239626,0.2694407928146467
8320260501030007,久留米競輪,7R,23:30,3-5,3,5,36.3,0.03494801260764553,0.2686128576575326
5320260501030012,奈良競輪,12R,20:30,3-5,3,5,31.5,0.04019348005619912,0.2660946217702722
6320260501030003,防府競輪,3R,09:11,1-5,1,5,7.9,0.16004798709453685,0.26437909804684123
5320260501030010,奈良競輪,10R,19:35,1-3,1,3,14.1,0.08941931648626197,0.2608123624562937
2720260503010004,京王閣競輪,4R,17:21,4-7,4,7,26.0,0.04839574076710796,0.258289259944807
5320260501030005,奈良競輪,5R,17:32,4-6,4,6,18.9,0.06634760111897142,0.2539696611485598
5320260501030002,奈良競輪,2R,16:20,2-5,2,5,43.4,0.02880241827976061,0.25002495334161035
3520260501030009,平塚競輪,9R,15:12,1-6,1,6,52.1,0.023950709132115028,0.247831945783193
3520260501030007,平塚競輪,7R,14:03,5-7,5,7,81.3,0.015310254071410224,0.24472365600565116
6320260501030002,防府競輪,2R,08:50,4-6,4,6,35.1,0.035457182821924,0.24454711704953236
8320260501030006,久留米競輪,6R,23:03,3-4,3,4,23.4,0.05317044067188838,0.2441883117221879
7520260501030006,松山競輪,6R,22:45,2-5,2,5,20.8,0.0596139412082607,0.23996997713182244
3520260501030011,平塚競輪,11R,16:30,2-6,2,6,46.1,0.02688848026974793,0.23955894043537973
8320260501030004,久留米競輪,4R,22:09,1-4,1,4,19.2,0.06447214032573605,0.23786509425413205
8320260501030006,久留米競輪,6R,23:03,1-5,1,5,18.7,0.06616118705697992,0.23721419796552445
3520260501030002,平塚競輪,2R,11:18,2-6,2,6,86.3,0.014327566775368228,0.23646901271427812
2620260501030007,西武園競輪,7R,23:21,2-3,2,3,25.1,0.04920976895876529,0.23516520086500892
2620260501030004,西武園競輪,4R,22:01,1-3,1,3,15.4,0.08017627591822257,0.23471464914062756
3520260501030008,平塚競輪,8R,14:37,7-9,7,9,34.4,0.035863320284652535,0.23369821779204725
8320260501030005,久留米競輪,5R,22:36,4-6,4,6,26.4,0.04670947679928279,0.23313018750106562
2620260501030007,西武園競輪,7R,23:21,1-4,1,4,16.5,0.07469299404223774,0.23243440169692264
8320260501030003,久留米競輪,3R,21:45,2-3,2,3,30.0,0.041043324137568636,0.23129972412705913
8320260501030006,久留米競輪,6R,23:03,2-4,2,4,20.8,0.059177567873188903,0.23089341176232914
8320260501030001,久留米競輪,1R,20:57,2-5,2,5,26.8,0.04591043011059428,0.23039952696392674
3520260501030002,平塚競輪,2R,11:18,1-5,1,5,29.9,0.04114834157443378,0.23033541307557015
3520260501030005,平塚競輪,5R,12:57,3-6,3,6,139.5,0.008805870011255644,0.2284188665701623
2720260503010011,京王閣競輪,11R,20:16,2-6,2,6,138.0,0.00887156762269504,0.22427633193191543
2720260503010010,京王閣競輪,10R,19:48,3-5,3,5,18.9,0.0646471338153259,0.22183082910965934
3520260501030007,平塚競輪,7R,14:03,1-3,1,3,36.0,0.03393377938796309,0.22161605796667128
2620260501030006,西武園競輪,6R,22:54,1-5,1,5,15.5,0.07859235641517752,0.21818152443525163
3520260501030006,平塚競輪,6R,13:30,4-8,4,8,146.1,0.008325950745902413,0.21642140397634257
3520260501030003,平塚競輪,3R,11:51,7-9,7,9,17.2,0.07060012880460843,0.214322215439265
6320260501030005,防府競輪,5R,09:53,2-4,2,4,14.3,0.08467236749521237,0.21081485518153698
5320260501030012,奈良競輪,12R,20:30,1-6,1,6,36.5,0.033136656839055284,0.20948797462551783
5320260501030005,奈良競輪,5R,17:32,1-3,1,3,12.9,0.09345712931323599,0.20559696814074435
5320260501030007,奈良競輪,7R,18:20,1-5,1,5,30.5,0.03928251499123973,0.1981167072328116
6320260501030004,防府競輪,4R,09:32,4-5,4,5,43.8,0.027314163728910247,0.1963603713262687
2620260501030003,西武園競輪,3R,21:37,2-3,2,3,25.1,0.04759752617910157,0.19469790709544932
2720260503010011,京王閣競輪,11R,20:16,3-7,3,7,13.1,0.09112759818402077,0.19377153621067222
2720260503010005,京王閣競輪,5R,17:44,1-3,1,3,15.5,0.07654569565417113,0.18645828263965258
3520260501030008,平塚競輪,8R,14:37,2-5,2,5,42.4,0.027970251088577577,0.18593864615568934
8320260501030006,久留米競輪,6R,23:03,6-7,6,7,93.7,0.01263329744835817,0.18373997091116046
3520260501030002,平塚競輪,2R,11:18,2-5,2,5,29.7,0.03979884021044673,0.182025554250268
7520260501030002,松山競輪,2R,21:05,3-5,3,5,43.7,0.027033990007806902,0.18138536334116173
2620260501030001,西武園競輪,1R,20:49,1-4,1,4,12.8,0.09228421684706717,0.1812379756424598
3520260501030011,平塚競輪,11R,16:30,1-4,1,4,88.2,0.013390122563543518,0.1810088101045384
3520260501030005,平塚競輪,5R,12:57,1-2,1,2,36.6,0.03225448380575887,0.18051410729077477
8320260501030001,久留米競輪,1R,20:57,2-6,2,6,27.7,0.04252001025361652,0.17780428402517767
3520260501030008,平塚競輪,8R,14:37,2-8,2,8,122.4,0.009614942239279802,0.17686893008784788
3520260501030001,平塚競輪,1R,10:45,4-8,4,8,170.5,0.006830794552892308,0.16465047126813848
3520260501030006,平塚競輪,6R,13:30,2-8,2,8,75.4,0.01542846641519255,0.16330636770551843
5320260501030001,奈良競輪,1R,15:56,4-5,4,5,16.0,0.07250314947856648,0.1600503916570637
5320260501030003,奈良競輪,3R,16:44,4-7,4,7,21.5,0.05388280658352333,0.15848034154575164
7520260501030006,松山競輪,6R,22:45,1-3,1,3,18.6,0.062282460247725255,0.1584537606076899
5320260501030001,奈良競輪,1R,15:56,2-7,2,7,44.5,0.025985556099837482,0.15635724644276805
8320260501030007,久留米競輪,7R,23:30,2-3,2,3,18.7,0.06181949805072169,0.1560246135484955
8320260501030004,久留米競輪,4R,22:09,4-7,4,7,61.8,0.018691174586093953,0.1551145894206063
3520260501030003,平塚競輪,3R,11:51,6-8,6,8,158.8,0.007273015762252798,0.15495490304574444
3520260501030002,平塚競輪,2R,11:18,4-7,4,7,59.5,0.019382024285268654,0.15323044497348492
2720260503010003,京王閣競輪,3R,16:59,2-3,2,3,166.3,0.006894482401077018,0.14655242329910823
8320260501030005,久留米競輪,5R,22:36,2-7,2,7,48.0,0.0238553604394843,0.14505730109524628
3520260501030009,平塚競輪,9R,15:12,6-7,6,7,51.3,0.022288036702091583,0.1433762828172982
7520260501030003,松山競輪,3R,21:29,3-5,3,5,79.2,0.01443479222004336,0.1432355438274342
5320260501030007,奈良競輪,7R,18:20,3-5,3,5,34.7,0.032942943384759074,0.14312013545114
3520260501030011,平塚競輪,11R,16:30,6-9,6,9,57.6,0.01982286914590347,0.14179726280403981
6320260501030007,防府競輪,7R,10:35,3-7,3,7,16.5,0.0681819897031066,0.1250028301012589
2620260501030006,西武園競輪,6R,22:54,4-7,4,7,28.2,0.03984719141679026,0.12369079795348537
3520260501030011,平塚競輪,11R,16:30,1-2,1,2,28.0,0.040131456631802565,0.1236807856904718
7520260501030007,松山競輪,7R,23:12,2-4,2,4,17.8,0.06304057760765909,0.12212228141633186
3520260501030002,平塚競輪,2R,11:18,3-5,3,5,12.6,0.08864707981524478,0.11695320567208412
8320260501030006,久留米競輪,6R,23:03,2-7,2,7,31.2,0.03576794624784542,0.11595992293277702
8320260501030004,久留米競輪,4R,22:09,1-6,1,6,9.4,0.11868679588453404,0.11565588131462001
3520260501030007,平塚競輪,7R,14:03,2-3,2,3,46.2,0.02413877058181079,0.11521120087965864
3520260501030006,平塚競輪,6R,13:30,1-8,1,8,93.2,0.011850277018073672,0.10444581808446629
6320260501030005,防府競輪,5R,09:53,3-4,3,4,25.0,0.04415468174438919,0.10386704360972976
7520260501030005,松山競輪,5R,22:18,2-3,2,3,31.5,0.03495350339170426,0.10103535683868436
2620260501030006,西武園競輪,6R,22:54,1-7,1,7,12.4,0.08876412818210938,0.10067518945815634
5320260501030002,奈良競輪,2R,16:20,1-5,1,5,11.4,0.0965447419245217,0.10061005793954747
3520260501030011,平塚競輪,11R,16:30,6-8,6,8,220.6,0.004985973524203119,0.09990575943920788
7520260501030002,松山競輪,2R,21:05,2-3,2,3,19.5,0.05636757947814687,0.09916779982386403
8320260501030004,久留米競輪,4R,22:09,2-4,2,4,57.2,0.01921321892046904,0.0989961222508291
2620260501030003,西武園競輪,3R,21:37,4-5,4,5,76.1,0.01436995093492064,0.09355326614746073
3520260501030010,平塚競輪,10R,15:49,1-2,1,2,25.8,0.04232143382057478,0.09189299257082939
3520260501030006,平塚競輪,6R,13:30,2-7,2,7,15.0,0.07267258493063211,0.09008877395948156
3520260501030008,平塚競輪,8R,14:37,2-4,2,4,88.5,0.012308605691106296,0.08931160366290714
8320260501030005,久留米競輪,5R,22:36,3-6,3,6,19.5,0.0555909499155285,0.08402352335280572
6320260501030001,防府競輪,1R,08:30,1-3,1,3,29.4,0.03665560658343975,0.07767483355312854
5320260501030002,奈良競輪,2R,16:20,5-7,5,7,26.0,0.04144520110237593,0.07757522866177413
2620260501030002,西武園競輪,2R,21:13,1-4,1,4,16.2,0.06622179190192895,0.07279302881124905
7520260501030006,松山競輪,6R,22:45,3-6,3,6,118.2,0.009069244349828642,0.07198468214974563
7520260501030005,松山競輪,5R,22:18,2-4,2,4,25.3,0.04233368281611109,0.0710421752476107
2720260503010006,京王閣競輪,6R,18:08,5-6,5,6,14.1,0.07586872737167587,0.06974905594062975
3520260501030002,平塚競輪,2R,11:18,6-8,6,8,156.5,0.006813237712431668,0.0662717019955561
7520260501030006,松山競輪,6R,22:45,4-6,4,6,50.6,0.02105543292990753,0.06540490625332107
3520260501030004,平塚競輪,4R,12:24,8-9,8,9,59.6,0.017854432808302696,0.0641241953748406
3520260501030002,平塚競輪,2R,11:18,6-7,6,7,77.2,0.013761887215411512,0.06241769302976885
5320260501030012,奈良競輪,12R,20:30,6-7,6,7,27.6,0.03848644682346357,0.06222593232759466
2720260503010011,京王閣競輪,11R,20:16,1-6,1,6,138.0,0.00767470304613006,0.05910902036594812
5320260501030002,奈良競輪,2R,16:20,3-5,3,5,24.1,0.04390447847013507,0.05809793113025519
3520260501030006,平塚競輪,6R,13:30,5-8,5,8,49.6,0.021298284426768725,0.0563949075677288
8320260501030006,久留米競輪,6R,23:03,3-5,3,5,37.5,0.028143050641399173,0.05536439905246904
6320260501030004,防府競輪,4R,09:32,1-6,1,6,49.8,0.021158834589682422,0.053709962566184544
5320260501030004,奈良競輪,4R,17:08,1-6,1,6,35.3,0.029786803326271663,0.05147415741738959
8320260501030002,久留米競輪,2R,21:21,1-4,1,4,16.3,0.06422041553196442,0.04679277317102004
3520260501030010,平塚競輪,10R,15:49,1-6,1,6,49.2,0.0212336768094497,0.04469689902492546
3520260501030004,平塚競輪,4R,12:24,1-3,1,3,17.7,0.05881386849764066,0.041005472408239596
7520260501030003,松山競輪,3R,21:29,1-6,1,6,7.6,0.13636260185255308,0.03635577407940338
3520260501030011,平塚競輪,11R,16:30,8-9,8,9,61.5,0.016849321475732842,0.03623327075756988
3520260501030008,平塚競輪,8R,14:37,5-7,5,7,16.6,0.06239905525418375,0.03582431721945034
7520260501030003,松山競輪,3R,21:29,3-6,3,6,18.9,0.05441799809503706,0.028500163996200367
8320260501030003,久留米競輪,3R,21:45,2-4,2,4,43.2,0.023763507864525277,0.026583539747492058
6320260501030005,防府競輪,5R,09:53,1-6,1,6,20.7,0.04945952636618234,0.0238121957799744
3520260501030006,平塚競輪,6R,13:30,7-8,7,8,41.9,0.024406443003114342,0.02262996183049082
2620260501030005,西武園競輪,5R,22:27,1-4,1,4,15.9,0.06424721206351415,0.021530671809875113
2720260503010008,京王閣競輪,8R,18:56,5-7,5,7,42.1,0.0242492614627184,0.020893907580444626
3520260501030009,平塚競輪,9R,15:12,2-5,2,5,40.0,0.025451681528060738,0.018067261122429512
3520260501030008,平塚競輪,8R,14:37,2-9,2,9,71.5,0.014229938082024869,0.01744057286477818
5320260501030012,奈良競輪,12R,20:30,4-7,4,7,42.3,0.024018691034820027,0.015990630772886982
5320260501030011,奈良競輪,11R,20:02,2-6,2,6,14.0,0.07241282835902063,0.013779597026288837
7520260501030003,松山競輪,3R,21:29,1-3,1,3,12.4,0.08161965888202023,0.012083770137050864
5320260501030010,奈良競輪,10R,19:35,1-4,1,4,22.4,0.04512351668864623,0.01076677382567559
3520260501030005,平塚競輪,5R,12:57,1-9,1,9,37.0,0.02730351274519964,0.010229971572386587
2620260501030005,西武園競輪,5R,22:27,3-5,3,5,25.4,0.039708210042369886,0.008588535076194947
2620260501030006,西武園競輪,6R,22:54,3-4,3,4,23.9,0.042172908856897104,0.00793252167984071
2720260503010011,京王閣競輪,11R,20:16,4-6,4,6,90.2,0.011139647568108743,0.004796210643408738
7520260501030006,松山競輪,6R,22:45,3-5,3,5,50.6,0.01984017034903665,0.003912619661254668
6320260501030001,防府競輪,1R,08:30,2-4,2,4,11.5,0.08714362994633165,0.002151744382814069
7520260501030004,松山競輪,4R,21:53,1-6,1,6,13.2,0.07583864304937304,0.001070088251724055
2720260503010003,京王閣競輪,3R,16:59,1-2,1,2,46.0,0.02172554749857319,-0.0006248150656331664
8320260501030007,久留米競輪,7R,23:30,3-4,3,4,21.4,0.04666029562455038,-0.0014696736346219152
5320260501030003,奈良競輪,3R,16:44,2-7,2,7,16.5,0.06038355582216513,-0.003671328934275353
2620260501030003,西武園競輪,3R,21:37,3-4,3,4,33.4,0.029704781508808745,-0.007860297605787991
3520260501030005,平塚競輪,5R,12:57,1-4,1,4,30.7,0.032292069084293176,-0.008633479112199471
7520260501030001,松山競輪,1R,20:41,6-7,6,7,208.9,0.004741202870734354,-0.009562720303593397
5320260501030012,奈良競輪,12R,20:30,2-3,2,3,18.3,0.054061570001870715,-0.010673268965765925
7520260501030005,松山競輪,5R,22:18,4-5,4,5,19.0,0.052024182738785035,-0.011540527963084357
3520260501030009,平塚競輪,9R,15:12,8-9,8,9,112.8,0.008748578524670328,-0.013160342417186999
3520260501030002,平塚競輪,2R,11:18,3-7,3,7,16.0,0.06152512360483568,-0.01559802232262908
3520260501030009,平塚競輪,9R,15:12,5-9,5,9,46.4,0.02116804756204613,-0.017802593121059584
3520260501030001,平塚競輪,1R,10:45,2-7,2,7,32.5,0.030098041371331645,-0.021813655431721535
5320260501030011,奈良競輪,11R,20:02,4-6,4,6,48.9,0.01999970816082157,-0.02201427093582531
2620260501030004,西武園競輪,4R,22:01,5-6,5,6,39.3,0.024879177671233963,-0.022248317520505267
3520260501030010,平塚競輪,10R,15:49,6-7,6,7,32.1,0.03033269495304109,-0.026320492007380958
2720260503010009,京王閣競輪,9R,19:21,1-5,1,5,15.5,0.06258157319801626,-0.02998561543074796
7520260501030006,松山競輪,6R,22:45,6-7,6,7,50.6,0.019097435865564255,-0.0336697452024487
2620260501030007,西武園競輪,7R,23:21,2-4,2,4,17.1,0.05641405430889666,-0.03531967131786695
3520260501030010,平塚競輪,10R,15:49,4-5,4,5,95.6,0.010085276256075006,-0.03584758991922954
2620260501030002,西武園競輪,2R,21:13,3-5,3,5,17.5,0.05500083772616032,-0.03748533979219437
3520260501030004,平塚競輪,4R,12:24,1-5,1,5,24.6,0.03906257359426585,-0.039060689581060126
2720260503010005,京王閣競輪,5R,17:44,3-5,3,5,13.0,0.07391590010837923,-0.039093298591070025
8320260501030002,久留米競輪,2R,21:21,1-3,1,3,18.9,0.05061742488475718,-0.043330669678089406
2720260503010008,京王閣競輪,8R,18:56,2-5,2,5,22.6,0.04225378482557872,-0.0450644629419209
3520260501030006,平塚競輪,6R,13:30,4-7,4,7,23.0,0.04149754925084096,-0.045556367230657924
2720260503010007,京王閣競輪,7R,18:32,1-7,1,7,15.7,0.06076117905468231,-0.04604948884148774
2620260501030006,西武園競輪,6R,22:54,1-6,1,6,22.2,0.04276001362848182,-0.05072769744770356
5320260501030008,奈良競輪,8R,18:44,3-4,3,4,9.9,0.09587012259034264,-0.05088578635560781
2620260501030006,西武園競輪,6R,22:54,1-2,1,2,9.7,0.09757917492923242,-0.05348200318644558
2620260501030004,西武園競輪,4R,22:01,1-2,1,2,9.7,0.097557458679981,-0.053692650804184394
2620260501030005,西武園競輪,5R,22:27,4-6,4,6,27.0,0.03502009155129687,-0.05445752811498439
5320260501030010,奈良競輪,10R,19:35,4-6,4,6,52.9,0.0178506611253453,-0.055700026469233666
3520260501030005,平塚競輪,5R,12:57,4-8,4,8,96.6,0.009762077128844505,-0.056983349353620816
3520260501030002,平塚競輪,2R,11:18,1-9,1,9,44.6,0.02112360807230693,-0.05788707997511089
2720260503010005,京王閣競輪,5R,17:44,1-4,1,4,13.8,0.06777713017714194,-0.06467560355544111
3520260501030008,平塚競輪,8R,14:37,3-5,3,5,13.7,0.06822560034179678,-0.06530927531738417
3520260501030002,平塚競輪,2R,11:18,2-4,2,4,46.0,0.020273762307335602,-0.06740693386256225
2620260501030005,西武園競輪,5R,22:27,2-4,2,4,11.5,0.0808656353716955,-0.07004519322550173
3520260501030009,平塚競輪,9R,15:12,1-3,1,3,21.5,0.042949404945497316,-0.07658779367180768
5320260501030010,奈良競輪,10R,19:35,1-5,1,5,12.3,0.0748966237322718,-0.07877152809305688
5320260501030004,奈良競輪,4R,17:08,3-5,3,5,21.5,0.04283902399285646,-0.0789609841535861
3520260501030002,平塚競輪,2R,11:18,2-7,2,7,34.2,0.02687265501213673,-0.08095519858492373
8320260501030007,久留米競輪,7R,23:30,2-4,2,4,13.3,0.06906625608405409,-0.08141879408208053
6320260501030004,防府競輪,4R,09:32,1-5,1,5,9.9,0.09268351984368015,-0.08243315354756653
2720260503010001,京王閣競輪,1R,16:13,1-4,1,4,27.7,0.033088466904243115,-0.08344946675246578
2620260501030003,西武園競輪,3R,21:37,1-3,1,3,9.4,0.09746615519271759,-0.08381814118845465
2720260503010004,京王閣競輪,4R,17:21,5-7,5,7,9.9,0.09237222567630837,-0.0855149658045471
2720260503010010,京王閣競輪,10R,19:48,5-7,5,7,57.1,0.016002090011219838,-0.08628066035934723
5320260501030006,奈良競輪,6R,17:56,3-7,3,7,8.2,0.11110448385893688,-0.08894323235671764
2720260503010002,京王閣競輪,2R,16:37,3-5,3,5,20.5,0.044419102327380514,-0.0894084022886995
3520260501030010,平塚競輪,10R,15:49,7-9,7,9,11.0,0.08272898697987577,-0.08998114322136652
2720260503010007,京王閣競輪,7R,18:32,1-5,1,5,32.9,0.02764713997686084,-0.09040909476127845
5320260501030004,奈良競輪,4R,17:08,3-4,3,4,18.1,0.05012412253261899,-0.09275338215959616
5320260501030011,奈良競輪,11R,20:02,2-7,2,7,10.7,0.08457982887225493,-0.09499583106687226
3520260501030004,平塚競輪,4R,12:24,1-9,1,9,10.9,0.08289668945380393,-0.0964260849535371
7520260501030007,松山競輪,7R,23:12,2-3,2,3,10.2,0.08841305043897785,-0.09818688552242605
5320260501030011,奈良競輪,11R,20:02,6-7,6,7,25.1,0.03592405930670853,-0.09830611140161594
7520260501030003,松山競輪,3R,21:29,4-6,4,6,47.2,0.01907411520678536,-0.09970176223973104
5320260501030004,奈良競輪,4R,17:08,2-4,2,4,12.1,0.07435590125513367,-0.10029359481288269
2620260501030003,西武園競輪,3R,21:37,2-4,2,4,27.2,0.03303997007080044,-0.1013128140742281
3520260501030007,平塚競輪,7R,14:03,3-7,3,7,61.0,0.01472437195867191,-0.1018133105210135
5320260501030008,奈良競輪,8R,18:44,1-5,1,5,22.7,0.0394137066484387,-0.10530885908044163
5320260501030003,奈良競輪,3R,16:44,4-5,4,5,12.7,0.07021293763778098,-0.10829569200018152
2620260501030007,西武園競輪,7R,23:21,2-6,2,6,78.2,0.011342745781269006,-0.11299727990476371
8320260501030001,久留米競輪,1R,20:57,3-4,3,4,24.3,0.03649317643011421,-0.11321581274822468
3520260501030001,平塚競輪,1R,10:45,1-5,1,5,11.0,0.08052497568989925,-0.11422526741110828
2720260503010001,京王閣競輪,1R,16:13,1-7,1,7,12.2,0.07247100102325862,-0.11585378751624487
2720260503010003,京王閣競輪,3R,16:59,1-7,1,7,24.1,0.03662679527748279,-0.11729423381266468
2620260501030007,西武園競輪,7R,23:21,1-6,1,6,58.6,0.01503956430814491,-0.11868153154270822
3520260501030004,平塚競輪,4R,12:24,3-5,3,5,37.5,0.023493774047233504,-0.11898347322874359
3520260501030008,平塚競輪,8R,14:37,1-7,1,7,26.3,0.0334480935287924,-0.1203151401927599
3520260501030010,平塚競輪,10R,15:49,3-6,3,6,94.7,0.009263212285544876,-0.1227737965589002
5320260501030003,奈良競輪,3R,16:44,1-4,1,4,25.6,0.03424080316133803,-0.1234354390697463
2720260503010011,京王閣競輪,11R,20:16,1-5,1,5,28.7,0.030500121262813706,-0.12464651975724661
8320260501030002,久留米競輪,2R,21:21,1-2,1,2,12.6,0.06919923654156258,-0.1280896195763115
3520260501030007,平塚競輪,7R,14:03,6-8,6,8,118.8,0.00732492781359073,-0.1297985757454213
5320260501030005,奈良競輪,5R,17:32,1-6,1,6,11.0,0.07904190515065558,-0.13053904334278865
8320260501030005,久留米競輪,5R,22:36,4-7,4,7,24.0,0.03602674183332123,-0.13535819600029042
3520260501030006,平塚競輪,6R,13:30,1-2,1,2,25.1,0.03441211293973998,-0.13625596521252636
2720260503010002,京王閣競輪,2R,16:37,4-5,4,5,11.5,0.07499581311101715,-0.13754814922330283
5320260501030006,奈良競輪,6R,17:56,2-6,2,6,27.1,0.03180637136291646,-0.1380473360649639
8320260501030006,久留米競輪,6R,23:03,5-6,5,6,93.7,0.009151629103332972,-0.14249235301770047
3520260501030007,平塚競輪,7R,14:03,4-6,4,6,127.7,0.0067089436608453405,-0.14326789451004995
6320260501030004,防府競輪,4R,09:32,3-4,3,4,16.8,0.05072467342320647,-0.14782548649013127
2620260501030002,西武園競輪,2R,21:13,1-2,1,2,8.4,0.10127220158980332,-0.14931350664565202
5320260501030004,奈良競輪,4R,17:08,4-6,4,6,14.4,0.059020046439388026,-0.1501113312728124
2620260501030007,西武園競輪,7R,23:21,4-6,4,6,127.9,0.00663934331049775,-0.15082799058733776
6320260501030001,防府競輪,1R,08:30,2-3,2,3,17.9,0.047397656670256236,-0.15158194560241345
2720260503010007,京王閣競輪,7R,18:32,2-4,2,4,34.0,0.024952440582754375,-0.15161702018635126
3520260501030006,平塚競輪,6R,13:30,5-7,5,7,8.6,0.09817768744151856,-0.1556718880029404
5320260501030007,奈良競輪,7R,18:20,1-3,1,3,29.4,0.028688368656589226,-0.15656196149627677
3520260501030004,平塚競輪,4R,12:24,1-8,1,8,38.5,0.021897657255556563,-0.1569401956610723
5320260501030003,奈良競輪,3R,16:44,4-6,4,6,47.6,0.017710814289672996,-0.1569652398115654
2720260503010010,京王閣競輪,10R,19:48,1-4,1,4,11.6,0.07258606982452731,-0.1580015900354832
8320260501030005,久留米競輪,5R,22:36,5-7,5,7,48.0,0.017534332224174585,-0.15835205323961987
2720260503010008,京王閣競輪,8R,18:56,4-5,4,5,21.5,0.03882962128316417,-0.1651631424119704
3520260501030003,平塚競輪,3R,11:51,5-9,5,9,25.5,0.03272635190588044,-0.16547802640004872
5320260501030007,奈良競輪,7R,18:20,3-4,3,4,41.4,0.02015229654328012,-0.1656949231082031
3520260501030009,平塚競輪,9R,15:12,6-9,6,9,87.7,0.009496326092822565,-0.167172201659461
3520260501030008,平塚競輪,8R,14:37,8-9,8,9,137.7,0.00604068320419451,-0.16819792278241608
3520260501030003,平塚競輪,3R,11:51,2-7,2,7,12.3,0.06739112254184004,-0.17108919273536738
2620260501030002,西武園競輪,2R,21:13,3-4,3,4,16.8,0.049138726288838766,-0.17446939834750874
3520260501030001,平塚競輪,1R,10:45,3-7,3,7,26.9,0.030659521119361557,-0.17525888188917416
3520260501030006,平塚競輪,6R,13:30,3-7,3,7,19.1,0.043161287351619754,-0.1756194115840627
2720260503010002,京王閣競輪,2R,16:37,2-5,2,5,54.7,0.015059237592751993,-0.17625970367646593
8320260501030005,久留米競輪,5R,22:36,1-4,1,4,9.7,0.08448465868191463,-0.18049881078542818
5320260501030003,奈良競輪,3R,16:44,2-4,2,4,19.9,0.04109623614432665,-0.18218490072789972
3520260501030007,平塚競輪,7R,14:03,2-6,2,6,69.3,0.011798886310452417,-0.18233717868564758
8320260501030002,久留米競輪,2R,21:21,3-5,3,5,95.7,0.008533589590136375,-0.18333547622394886
6320260501030002,防府競輪,2R,08:50,1-3,1,3,9.0,0.09067534258158878,-0.1839219167657009
7520260501030001,松山競輪,1R,20:41,2-5,2,5,10.5,0.07730092113248273,-0.1883403281089313
2620260501030006,西武園競輪,6R,22:54,2-4,2,4,17.2,0.047177307612775936,-0.18855030906025394
6320260501030004,防府競輪,4R,09:32,3-6,3,6,77.9,0.010407797612603416,-0.18923256597819382
8320260501030005,久留米競輪,5R,22:36,3-5,3,5,31.0,0.026038529843368644,-0.19280557485557204
2620260501030004,西武園競輪,4R,22:01,1-6,1,6,18.9,0.04266902540163693,-0.1935554199090621
6320260501030005,防府競輪,5R,09:53,2-7,2,7,13.4,0.0601070177763686,-0.19456596179666075
7520260501030004,松山競輪,4R,21:53,1-4,1,4,13.6,0.05862660214144872,-0.20267821087629745
2720260503010011,京王閣競輪,11R,20:16,1-3,1,3,8.9,0.08915505286577798,-0.20652002949457604
3520260501030003,平塚競輪,3R,11:51,1-9,1,9,13.8,0.05725349892768868,-0.2099017147978961
2720260503010004,京王閣競輪,4R,17:21,2-7,2,7,9.5,0.08279202581007622,-0.21347575480427594
3520260501030005,平塚競輪,5R,12:57,6-8,6,8,123.9,0.006347365816996138,-0.2135613752741785
3520260501030007,平塚競輪,7R,14:03,5-6,5,6,103.0,0.007629416315533481,-0.21417011950005138
2620260501030007,西武園競輪,7R,23:21,1-3,1,3,10.6,0.0741239821514868,-0.2142857891942399
3520260501030001,平塚競輪,1R,10:45,7-9,7,9,61.2,0.012784727605151525,-0.21757467056472657
8320260501030004,久留米競輪,4R,22:09,1-5,1,5,8.9,0.08779000765719724,-0.2186689318509445
3520260501030003,平塚競輪,3R,11:51,6-7,6,7,39.7,0.019659302268399195,-0.21952569994455184
3520260501030009,平塚競輪,9R,15:12,2-6,2,6,73.5,0.010606526775570864,-0.22042028199554142
7520260501030002,松山競輪,2R,21:05,3-4,3,4,11.5,0.06777410031587329,-0.22059784636745716
2620260501030004,西武園競輪,4R,22:01,2-4,2,4,20.0,0.03892176726124418,-0.22156465477511633
5320260501030009,奈良競輪,9R,19:09,2-6,2,6,38.9,0.019965243961811884,-0.22335200988551773
3520260501030011,平塚競輪,11R,16:30,2-8,2,8,32.0,0.024236459948412965,-0.22443328165078513
3520260501030011,平塚競輪,11R,16:30,2-5,2,5,12.9,0.060113968556839384,-0.22452980561677194
2720260503010007,京王閣競輪,7R,18:32,3-7,3,7,8.4,0.0922159872041736,-0.2253857074849418
5320260501030009,奈良競輪,9R,19:09,3-6,3,6,24.7,0.031033403969357373,-0.23347492195687292
5320260501030006,奈良競輪,6R,17:56,2-5,2,5,19.4,0.03949806184455624,-0.23373760021560908
2720260503010001,京王閣競輪,1R,16:13,3-7,3,7,11.5,0.06646893164708528,-0.23560728605851922
2720260503010003,京王閣競輪,3R,16:59,1-3,1,3,83.1,0.009186669679091763,-0.23658774966747453
5320260501030001,奈良競輪,1R,15:56,3-5,3,5,28.9,0.026376441238288688,-0.23772084821345696
3520260501030007,平塚競輪,7R,14:03,5-9,5,9,15.8,0.048214196062222284,-0.23821570221688793
2720260503010002,京王閣競輪,2R,16:37,2-4,2,4,12.5,0.06083815857683944,-0.23952301778950702
7520260501030002,松山競輪,2R,21:05,2-5,2,5,23.5,0.03235459564772526,-0.2396670022784564
6320260501030002,防府競輪,2R,08:50,1-2,1,2,22.1,0.034380880060293925,-0.24018255066750416
3520260501030007,平塚競輪,7R,14:03,3-6,3,6,114.2,0.006650184118271712,-0.24054897369337047
6320260501030004,防府競輪,4R,09:32,5-6,5,6,112.7,0.006720448762255114,-0.2426054244938487
2620260501030006,西武園競輪,6R,22:54,1-3,1,3,8.8,0.0859968590526938,-0.24322764033629451
5320260501030012,奈良競輪,12R,20:30,2-7,2,7,9.1,0.08301253354805245,-0.24458594471272277
2620260501030005,西武園競輪,5R,22:27,3-4,3,4,20.0,0.03765076286868151,-0.2469847426263697
5320260501030012,奈良競輪,12R,20:30,3-4,3,4,62.9,0.011961844397516668,-0.2475999873962016
3520260501030003,平塚競輪,3R,11:51,6-9,6,9,28.6,0.026272170713077917,-0.24861591760597157
6320260501030004,防府競輪,4R,09:32,6-7,6,7,57.2,0.01312661962525383,-0.24915735743548084
7520260501030002,松山競輪,2R,21:05,2-6,2,6,25.1,0.02990393868010829,-0.2494111391292818
5320260501030004,奈良競輪,4R,17:08,4-7,4,7,11.6,0.06465327266671604,-0.25002203706609394
6320260501030004,防府競輪,4R,09:32,2-4,2,4,38.3,0.01950336087154559,-0.25302127861980395
5320260501030003,奈良競輪,3R,16:44,5-7,5,7,7.6,0.09823889218321401,-0.2533844194075736
2720260503010001,京王閣競輪,1R,16:13,4-6,4,6,34.1,0.02187056143162316,-0.2542138551816502
3520260501030001,平塚競輪,1R,10:45,4-5,4,5,29.5,0.02516960230092324,-0.25749673212276436
6320260501030004,防府競輪,4R,09:32,4-6,4,6,82.3,0.00901981174454187,-0.2576694934242041
7520260501030003,松山競輪,3R,21:29,2-6,2,6,7.8,0.0950149860245515,-0.2588831090084983
8320260501030006,久留米競輪,6R,23:03,2-3,2,3,12.5,0.05926931791325814,-0.2591335260842733
3520260501030003,平塚競輪,3R,11:51,2-4,2,4,19.5,0.03790685464299084,-0.2608163344616786
2720260503010009,京王閣競輪,9R,19:21,5-7,5,7,16.2,0.04555949517763079,-0.26193617812238124
7520260501030002,松山競輪,2R,21:05,1-4,1,4,7.7,0.09574685290883916,-0.2627492326019384
5320260501030010,奈良競輪,10R,19:35,2-7,2,7,15.8,0.04662159318411394,-0.26337882769099963
2720260503010003,京王閣競輪,3R,16:59,3-5,3,5,22.9,0.032140517718622835,-0.26398214424353716
5320260501030008,奈良競輪,8R,18:44,1-7,1,7,17.5,0.041992495920688655,-0.2651313213879485
3520260501030001,平塚競輪,1R,10:45,1-9,1,9,22.3,0.03293560919446458,-0.26553591496343987
2720260503010011,京王閣競輪,11R,20:16,3-5,3,5,8.3,0.08830891542286379,-0.2670360019902305
2620260501030002,西武園競輪,2R,21:13,2-3,2,3,9.2,0.079287015546824,-0.27055945696921924
6320260501030001,防府競輪,1R,08:30,4-5,4,5,6.1,0.11901740523380264,-0.273993828073804
3520260501030008,平塚競輪,8R,14:37,1-2,1,2,50.7,0.01430348585535406,-0.27481326713354914
5320260501030001,奈良競輪,1R,15:56,1-2,1,2,11.5,0.06304678673032,-0.27496195260131995
5320260501030011,奈良競輪,11R,20:02,1-7,1,7,26.7,0.027103039773488005,-0.27634883804787025
7520260501030004,松山競輪,4R,21:53,5-6,5,6,14.4,0.05015136842771446,-0.27782029464091174
5320260501030007,奈良競輪,7R,18:20,4-7,4,7,10.6,0.0681217608383076,-0.27790933511393956
5320260501030012,奈良競輪,12R,20:30,3-6,3,6,34.0,0.02117291902093619,-0.28012075328816954
2720260503010010,京王閣競輪,10R,19:48,1-3,1,3,9.2,0.07812762874314233,-0.2812258155630907
5320260501030001,奈良競輪,1R,15:56,2-3,2,3,19.3,0.03719464679004635,-0.28214331695210537
5320260501030010,奈良競輪,10R,19:35,1-7,1,7,6.4,0.11215283093606998,-0.2822218820091521
2720260503010003,京王閣競輪,3R,16:59,2-5,2,5,9.2,0.07786223644102047,-0.28366742474261175
8320260501030004,久留米競輪,4R,22:09,5-6,5,6,14.6,0.048883115181963255,-0.28630651834333654
2720260503010008,京王閣競輪,8R,18:56,1-7,1,7,10.2,0.06986330377109431,-0.287394301534838
5320260501030011,奈良競輪,11R,20:02,4-5,4,5,22.6,0.03145615204410965,-0.28909096380312194
7520260501030003,松山競輪,3R,21:29,4-5,4,5,100.4,0.0070794462468736245,-0.2892235968138881
3520260501030005,平塚競輪,5R,12:57,2-7,2,7,21.0,0.03381156700063778,-0.28995709298660655
2620260501030005,西武園競輪,5R,22:27,1-5,1,5,10.5,0.06735245315129046,-0.29279924191145024
3520260501030004,平塚競輪,4R,12:24,2-5,2,5,26.8,0.02637319409807569,-0.29319839817157156
5320260501030009,奈良競輪,9R,19:09,1-5,1,5,9.8,0.07194230187498632,-0.29496544162513405
5320260501030006,奈良競輪,6R,17:56,5-7,5,7,8.5,0.08273308712531115,-0.29676875943485526
6320260501030007,防府競輪,7R,10:35,1-4,1,4,12.9,0.054509086651971364,-0.29683278218956943
8320260501030007,久留米競輪,7R,23:30,4-5,4,5,17.0,0.041293101592173836,-0.2980172729330448
3520260501030011,平塚競輪,11R,16:30,7-9,7,9,13.4,0.052244629081915295,-0.29992197030233503
3520260501030009,平塚競輪,9R,15:12,3-7,3,7,17.8,0.0388170816274179,-0.3090559470319614
3520260501030005,平塚競輪,5R,12:57,2-6,2,6,58.0,0.011834250766047376,-0.31361345556925224
3520260501030001,平塚競輪,1R,10:45,3-8,3,8,46.5,0.01475773198986072,-0.3137654624714765
3520260501030004,平塚競輪,4R,12:24,2-3,2,3,17.3,0.03962021803936254,-0.314570227919028
2620260501030005,西武園競輪,5R,22:27,6-7,6,7,51.6,0.013274691144959144,-0.31502593692010816
6320260501030005,防府競輪,5R,09:53,2-3,2,3,11.8,0.05773763252058258,-0.31869593625712556
3520260501030007,平塚競輪,7R,14:03,3-9,3,9,17.5,0.03854508724321519,-0.32546097324373413
3520260501030007,平塚競輪,7R,14:03,2-9,2,9,9.8,0.06877111383582474,-0.3260430844089175
3520260501030005,平塚競輪,5R,12:57,8-9,8,9,67.9,0.009899194284281208,-0.3278447080973059
3520260501030005,平塚競輪,5R,12:57,5-9,5,9,16.2,0.04144301372272544,-0.3286231776918479
3520260501030010,平塚競輪,10R,15:49,3-4,3,4,69.2,0.009648867061152195,-0.3322983993682681
2720260503010011,京王閣競輪,11R,20:16,3-6,3,6,40.2,0.01652231469594943,-0.3358029492228328
3520260501030009,平塚競輪,9R,15:12,1-9,1,9,16.8,0.03952182942069694,-0.3360332657322914
3520260501030003,平塚競輪,3R,11:51,3-6,3,6,62.4,0.0106307276938453,-0.3366425919040533
7520260501030006,松山競輪,6R,22:45,1-4,1,4,8.2,0.08084806907933806,-0.33704583354942796
3520260501030010,平塚競輪,10R,15:49,1-4,1,4,28.3,0.023419143117173788,-0.33723824978398176
3520260501030001,平塚競輪,1R,10:45,3-4,3,4,29.5,0.0224515898077327,-0.3376781006718853
8320260501030004,久留米競輪,4R,22:09,2-3,2,3,28.9,0.022861406794545274,-0.33930534363764164
3520260501030008,平塚競輪,8R,14:37,1-9,1,9,59.6,0.01106854417593728,-0.3403147671141381
5320260501030007,奈良競輪,7R,18:20,3-6,3,6,32.1,0.020545285543779657,-0.34049633404467294
8320260501030006,久留米競輪,6R,23:03,1-2,1,2,5.6,0.11707924820046721,-0.3443562100773837
3520260501030006,平塚競輪,6R,13:30,1-3,1,3,31.9,0.020507884695112596,-0.34579847822590826
5320260501030009,奈良競輪,9R,19:09,2-4,2,4,27.1,0.02399580117768277,-0.3497137880847969
7520260501030001,松山競輪,1R,20:41,1-2,1,2,5.6,0.11539398765775753,-0.35379366911655785
5320260501030007,奈良競輪,7R,18:20,2-3,2,3,14.2,0.045241039964279695,-0.3575772325072284
3520260501030003,平塚競輪,3R,11:51,1-6,1,6,40.6,0.01581292744825677,-0.35799514560077517
8320260501030005,久留米競輪,5R,22:36,4-5,4,5,31.0,0.020635587994699445,-0.3602967721643172
3520260501030002,平塚競輪,2R,11:18,3-6,3,6,20.1,0.03177705903532295,-0.3612811133900087
3520260501030003,平塚競輪,3R,11:51,2-3,2,3,18.2,0.03505407271693949,-0.3620158765517013
3520260501030001,平塚競輪,1R,10:45,6-9,6,9,68.0,0.00936413456702508,-0.36323884944229456
3520260501030008,平塚競輪,8R,14:37,1-3,1,3,17.1,0.03710904118615831,-0.3654353957166928
8320260501030006,久留米競輪,6R,23:03,2-5,2,5,20.8,0.03048703728217458,-0.36586962453076866
8320260501030005,久留米競輪,5R,22:36,2-3,2,3,18.2,0.034832856299210124,-0.36604201535437575
8320260501030007,久留米競輪,7R,23:30,1-7,1,7,12.7,0.049371354362415604,-0.37298379959732186
5320260501030002,奈良競輪,2R,16:20,1-2,1,2,7.1,0.08800751691456196,-0.3751466299066101
3520260501030008,平塚競輪,8R,14:37,4-7,4,7,20.1,0.03102762639152914,-0.3763447095302642
6320260501030001,防府競輪,1R,08:30,3-6,3,6,20.2,0.030603277954311663,-0.38181378532290444
3520260501030003,平塚競輪,3R,11:51,1-3,1,3,28.0,0.02207310492343254,-0.3819530621438889
3520260501030004,平塚競輪,4R,12:24,5-8,5,8,77.9,0.007933684831342026,-0.38196595163845615
3520260501030008,平塚競輪,8R,14:37,2-3,2,3,14.8,0.041484487993621824,-0.38602957769439694
7520260501030004,松山競輪,4R,21:53,2-3,2,3,19.0,0.03224305184492832,-0.38738201494636204
3520260501030006,平塚競輪,6R,13:30,6-8,6,8,106.7,0.005734316476637584,-0.3881484319427697
2720260503010008,京王閣競輪,8R,18:56,1-5,1,5,6.3,0.09705965619550046,-0.38852416596834716
7520260501030002,松山競輪,2R,21:05,1-2,1,2,7.3,0.08367820234770734,-0.3891491228617364
8320260501030006,久留米競輪,6R,23:03,4-6,4,6,23.4,0.026052986214026127,-0.39036012259178865
5320260501030004,奈良競輪,4R,17:08,2-7,2,7,13.3,0.045719852091861864,-0.39192596717823713
7520260501030001,松山競輪,1R,20:41,2-3,2,3,8.6,0.07040621030957488,-0.3945065913376561
3520260501030009,平塚競輪,9R,15:12,1-7,1,7,6.1,0.09920877095899133,-0.39482649715015294
5320260501030007,奈良競輪,7R,18:20,3-7,3,7,8.9,0.06733814801334986,-0.40069048268118623
6320260501030003,防府競輪,3R,09:11,3-4,3,4,18.2,0.03288527051591576,-0.40148807661033314
3520260501030001,平塚競輪,1R,10:45,1-4,1,4,12.6,0.04748763779271385,-0.40165576381180546
3520260501030011,平塚競輪,11R,16:30,5-6,5,6,39.5,0.015126214280954245,-0.40251453590230735
7520260501030006,松山競輪,6R,22:45,1-7,1,7,7.2,0.08257762308800834,-0.40544111376633996
2620260501030001,西武園競輪,1R,20:49,1-5,1,5,7.9,0.07506113621588589,-0.40701702389450145
6320260501030003,防府競輪,3R,09:11,2-6,2,6,131.0,0.004493416773893838,-0.4113624026199072
5320260501030006,奈良競輪,6R,17:56,4-7,4,7,10.0,0.05863490150186304,-0.41365098498136965
8320260501030005,久留米競輪,5R,22:36,2-4,2,4,21.1,0.027741066226668255,-0.4146635026172998
5320260501030005,奈良競輪,5R,17:32,3-5,3,5,11.5,0.05088063353365843,-0.41487271436292805
2620260501030006,西武園競輪,6R,22:54,5-7,5,7,14.8,0.0395343346010501,-0.41489184790445843
3520260501030006,平塚競輪,6R,13:30,1-5,1,5,12.1,0.048353255861082536,-0.4149256040809013
2620260501030004,西武園競輪,4R,22:01,2-5,2,5,8.9,0.06555441887382377,-0.41656567202296846
2620260501030007,西武園競輪,7R,23:21,3-6,3,6,108.2,0.005389805034107468,-0.41682309530957196
7520260501030005,松山競輪,5R,22:18,2-7,2,7,11.1,0.05246090133856256,-0.41768399514195564
5320260501030007,奈良競輪,7R,18:20,2-4,2,4,14.1,0.041293975664262204,-0.41775494313390293
3520260501030006,平塚競輪,6R,13:30,2-3,2,3,21.8,0.026595711149679645,-0.42021349693698373
5320260501030009,奈良競輪,9R,19:09,2-7,2,7,14.0,0.04129200012857388,-0.4219119981999656
3520260501030007,平塚競輪,7R,14:03,6-7,6,7,85.8,0.0067280181474656375,-0.4227360429474484
7520260501030006,松山競輪,6R,22:45,3-4,3,4,20.8,0.027682668276309073,-0.4242004998527713
7520260501030005,松山競輪,5R,22:18,1-5,1,5,6.0,0.09594758290275149,-0.4243145025834911
3520260501030005,平塚競輪,5R,12:57,6-7,6,7,27.5,0.020928511090020294,-0.4244659450244419
3520260501030009,平塚競輪,9R,15:12,7-9,7,9,16.7,0.03441934543156568,-0.4251969312928531
8320260501030005,久留米競輪,5R,22:36,1-6,1,6,5.7,0.10069243030301211,-0.42605314727283095
3520260501030010,平塚競輪,10R,15:49,1-3,1,3,28.6,0.019876103075947553,-0.4315434520279
8320260501030006,久留米競輪,6R,23:03,1-3,1,3,5.5,0.10327769293866707,-0.4319726888373312
3520260501030001,平塚競輪,1R,10:45,2-4,2,4,25.9,0.02191440938535754,-0.43241679691923973
8320260501030002,久留米競輪,2R,21:21,3-6,3,6,8.4,0.06715819559368172,-0.43587115701307355
2620260501030003,西武園競輪,3R,21:37,2-7,2,7,22.8,0.024666335993135023,-0.4376075393565214
8320260501030001,久留米競輪,1R,20:57,2-4,2,4,7.7,0.07274374352685646,-0.4398731748432052
3520260501030005,平塚競輪,5R,12:57,2-9,2,9,34.1,0.01631606120705833,-0.443622312839311
2720260503010011,京王閣競輪,11R,20:16,5-6,5,6,78.2,0.007113162855972135,-0.44375066466297897
3520260501030009,平塚競輪,9R,15:12,2-3,2,3,32.1,0.01732805797100888,-0.443769339130615
2620260501030006,西武園競輪,6R,22:54,2-3,2,3,11.1,0.05010158362597487,-0.44387242175167896
6320260501030001,防府競輪,1R,08:30,3-4,3,4,8.6,0.06465328822776677,-0.44398172124120583
6320260501030002,防府競輪,2R,08:50,2-5,2,5,9.1,0.061033333057466777,-0.4445966691770523
3520260501030006,平塚競輪,6R,13:30,2-9,2,9,22.4,0.02472362434204562,-0.4461908147381781
2720260503010009,京王閣競輪,9R,19:21,1-2,1,2,5.6,0.09888685278823763,-0.44623362438586933
6320260501030005,防府競輪,5R,09:53,1-2,1,2,5.3,0.10444723682757406,-0.4464296448138575
5320260501030011,奈良競輪,11R,20:02,1-6,1,6,22.7,0.024377535598907797,-0.446629941904793
8320260501030003,久留米競輪,3R,21:45,1-2,1,2,6.4,0.0857106014937499,-0.45145215044000064
6320260501030006,防府競輪,6R,10:14,3-5,3,5,11.1,0.04915383858754539,-0.4543923916782462
7520260501030007,松山競輪,7R,23:12,4-6,4,6,18.4,0.029573660230812177,-0.455844651753056
6320260501030007,防府競輪,7R,10:35,1-2,1,2,8.9,0.06086824684344412,-0.4582726030933473
2720260503010007,京王閣競輪,7R,18:32,1-2,1,2,9.5,0.05693905647638983,-0.45907896347429655
3520260501030009,平塚競輪,9R,15:12,3-9,3,9,36.3,0.01485286964314474,-0.46084083195384595
3520260501030010,平塚競輪,10R,15:49,3-7,3,7,18.0,0.02968387855541797,-0.4656901860024766
5320260501030008,奈良競輪,8R,18:44,2-7,2,7,14.4,0.036980964032133176,-0.4674741179372822
7520260501030006,松山競輪,6R,22:45,1-2,1,2,4.7,0.11328173717524809,-0.46757583527633395
2620260501030001,西武園競輪,1R,20:49,2-3,2,3,8.8,0.060495768476283934,-0.46763723740870133
3520260501030004,平塚競輪,4R,12:24,1-6,1,6,15.6,0.033823598120995925,-0.47235186931246353
5320260501030009,奈良競輪,9R,19:09,2-3,2,3,20.2,0.026076203608502917,-0.4732606871082411
3520260501030001,平塚競輪,1R,10:45,4-9,4,9,58.5,0.008964134402500138,-0.4755981374537419
3520260501030008,平塚競輪,8R,14:37,3-7,3,7,5.8,0.09008810670190173,-0.47748898112897
5320260501030001,奈良競輪,1R,15:56,5-7,5,7,29.8,0.017510932278337086,-0.4781742181055548
2620260501030001,西武園競輪,1R,20:49,3-4,3,4,12.2,0.04259119413484121,-0.48038743155493735
7520260501030003,松山競輪,3R,21:29,1-2,1,2,4.2,0.12355846529884273,-0.48105444574486045
3520260501030010,平塚競輪,10R,15:49,4-7,4,7,14.0,0.03675517785211652,-0.48542751007036866
3520260501030001,平塚競輪,1R,10:45,1-7,1,7,8.8,0.05831169017762653,-0.4868571264368865
2620260501030003,西武園競輪,3R,21:37,1-6,1,6,4.3,0.11874929141957793,-0.4893780468958149
7520260501030003,松山競輪,3R,21:29,1-4,1,4,19.4,0.026172119639274707,-0.4922608789980707
3520260501030011,平塚競輪,11R,16:30,3-9,3,9,13.5,0.037562853013856576,-0.49290148431293623
8320260501030004,久留米競輪,4R,22:09,1-3,1,3,6.3,0.08006905503514242,-0.49556495327860284
3520260501030007,平塚競輪,7R,14:03,6-9,6,9,25.9,0.019344685153335706,-0.4989726545286053
8320260501030007,久留米競輪,7R,23:30,1-3,1,3,6.9,0.07255255886488324,-0.49938734383230565
8320260501030005,久留米競輪,5R,22:36,2-5,2,5,44.0,0.011334380812495496,-0.5012872442501981
5320260501030011,奈良競輪,11R,20:02,5-6,5,6,10.3,0.04827990324715603,-0.5027169965542928
7520260501030005,松山競輪,5R,22:18,1-2,1,2,6.0,0.08270329161972867,-0.503780250281628
8320260501030001,久留米競輪,1R,20:57,1-4,1,4,5.8,0.08519868898076141,-0.5058476039115838
6320260501030006,防府競輪,6R,10:14,3-4,3,4,7.2,0.06859811910123731,-0.5060935424710913
3520260501030007,平塚競輪,7R,14:03,7-9,7,9,10.9,0.04507854846930154,-0.5086438216846132
3520260501030002,平塚競輪,2R,11:18,8-9,8,9,51.4,0.009538591252029856,-0.5097164096456654
3520260501030001,平塚競輪,1R,10:45,4-7,4,7,29.8,0.016409335213499677,-0.5110018106377097
6320260501030001,防府競輪,1R,08:30,1-4,1,4,6.3,0.0775086916227351,-0.5116952427767689
2620260501030002,西武園競輪,2R,21:13,5-6,5,6,19.9,0.024521638325548413,-0.5120193973215866
8320260501030006,久留米競輪,6R,23:03,1-6,1,6,7.8,0.062447125618402335,-0.5129124201764618
3520260501030003,平塚競輪,3R,11:51,1-2,1,2,8.9,0.05472451257947966,-0.512951838042631
8320260501030002,久留米競輪,2R,21:21,1-6,1,6,4.3,0.11323081877209482,-0.5131074792799923
3520260501030003,平塚競輪,3R,11:51,2-9,2,9,5.3,0.09127951440353331,-0.5162185736612734
6320260501030005,防府競輪,5R,09:53,2-5,2,5,10.1,0.04762652156849542,-0.5189721321581963
3520260501030002,平塚競輪,2R,11:18,2-8,2,8,35.6,0.013419667171277449,-0.5222598487025227
2720260503010005,京王閣競輪,5R,17:44,4-5,4,5,7.3,0.06537594579793127,-0.5227555956751018
2720260503010001,京王閣競輪,1R,16:13,2-7,2,7,6.2,0.07680820467498997,-0.5237891310150622
7520260501030007,松山競輪,7R,23:12,1-6,1,6,8.6,0.05502029510886137,-0.5268254620637922
3520260501030008,平塚競輪,8R,14:37,5-9,5,9,18.6,0.02535992702606049,-0.5283053573152748
8320260501030003,久留米競輪,3R,21:45,1-4,1,4,5.7,0.08261056273249856,-0.5291197924247582
3520260501030003,平塚競輪,3R,11:51,2-6,2,6,18.6,0.025303334689794874,-0.5293579747698153
6320260501030006,防府競輪,6R,10:14,5-7,5,7,6.6,0.07113702490098413,-0.5304956356535048
5320260501030009,奈良競輪,9R,19:09,2-5,2,5,18.7,0.02502443893117437,-0.5320429919870393
2620260501030005,西武園競輪,5R,22:27,1-2,1,2,4.8,0.09739608573245057,-0.5324987884842374
3520260501030006,平塚競輪,6R,13:30,3-8,3,8,50.9,0.00918028628058317,-0.5327234283183166
6320260501030003,防府競輪,3R,09:11,5-6,5,6,10.0,0.046714747296299444,-0.5328525270370056
2720260503010009,京王閣競輪,9R,19:21,2-7,2,7,6.3,0.07412388070211999,-0.533019551576644
7520260501030004,松山競輪,4R,21:53,1-7,1,7,7.4,0.0628383487442785,-0.534996219292339
8320260501030007,久留米競輪,7R,23:30,1-5,1,5,7.5,0.06178566238733279,-0.5366075320950041
3520260501030010,平塚競輪,10R,15:49,1-9,1,9,8.1,0.057056427139389146,-0.5378429401709479
8320260501030007,久留米競輪,7R,23:30,1-2,1,2,4.6,0.10032520295694684,-0.5385040663980445
6320260501030002,防府競輪,2R,08:50,2-3,2,3,6.0,0.07689160541798619,-0.5386503674920828
2720260503010006,京王閣競輪,6R,18:08,2-6,2,6,6.9,0.06674841998109629,-0.5394359021304356
8320260501030007,久留米競輪,7R,23:30,1-6,1,6,8.1,0.05684302123565113,-0.5395715279912259
5320260501030011,奈良競輪,11R,20:02,3-6,3,6,11.5,0.040025704409906014,-0.5397043992860808
2720260503010011,京王閣競輪,11R,20:16,1-4,1,4,8.2,0.055991373914614055,-0.5408707339001648
7520260501030006,松山競輪,6R,22:45,1-6,1,6,9.8,0.046844763182388026,-0.5409213208125974
3520260501030007,平塚競輪,7R,14:03,5-8,5,8,26.1,0.017584117498538644,-0.5410545332881413
2620260501030005,西武園競輪,5R,22:27,3-7,3,7,29.8,0.015372551131656684,-0.5418979762766308
3520260501030005,平塚競輪,5R,12:57,4-7,4,7,13.1,0.03488040483123857,-0.5430666967107748
3520260501030009,平塚競輪,9R,15:12,1-2,1,2,10.0,0.04534648956204076,-0.5465351043795924
8320260501030003,久留米競輪,3R,21:45,3-4,3,4,13.9,0.03262291645157298,-0.5465414613231355
3520260501030011,平塚競輪,11R,16:30,2-9,2,9,5.9,0.07669003514409559,-0.547528792649836
3520260501030009,平塚競輪,9R,15:12,1-5,1,5,6.7,0.06682804175800615,-0.5522521202213588
5320260501030001,奈良競輪,1R,15:56,2-5,2,5,13.2,0.03388508138021175,-0.552716925781205
2720260503010007,京王閣競輪,7R,18:32,2-3,2,3,4.9,0.09128082349718092,-0.5527239648638135
3520260501030006,平塚競輪,6R,13:30,3-5,3,5,11.9,0.03750811880056554,-0.5536533862732701
3520260501030006,平塚競輪,6R,13:30,1-7,1,7,8.0,0.055601525870910516,-0.5551877930327158
3520260501030009,平塚競輪,9R,15:12,2-9,2,9,31.4,0.014033825121561117,-0.5593378911829809
5320260501030011,奈良競輪,11R,20:02,1-3,1,3,14.0,0.031457163542050054,-0.5595997104112993
7520260501030002,松山競輪,2R,21:05,1-5,1,5,9.3,0.047228825586067134,-0.5607719220495756
3520260501030002,平塚競輪,2R,11:18,6-9,6,9,43.4,0.010114580156565994,-0.5610272212050358
8320260501030005,久留米競輪,5R,22:36,1-2,1,2,5.8,0.07561369373143044,-0.5614405763577035
3520260501030007,平塚競輪,7R,14:03,3-4,3,4,30.7,0.014174683161259461,-0.5648372269493346
5320260501030006,奈良競輪,6R,17:56,2-4,2,4,15.6,0.02774735742375608,-0.5671412241894052
3520260501030005,平塚競輪,5R,12:57,1-7,1,7,7.6,0.056593559979608576,-0.5698889441549748
2720260503010007,京王閣競輪,7R,18:32,1-3,1,3,4.9,0.08715221398899319,-0.5729541514539334
3520260501030004,平塚競輪,4R,12:24,1-2,1,2,6.3,0.06753093707029134,-0.5745550964571646
7520260501030005,松山競輪,5R,22:18,2-5,2,5,5.6,0.07584018449324036,-0.575294966837854
7520260501030006,松山競輪,6R,22:45,2-4,2,4,5.9,0.0716474192204676,-0.5772802265992412
6320260501030005,防府競輪,5R,09:53,3-6,3,6,15.8,0.02661383008052859,-0.5795014847276483
8320260501030001,久留米競輪,1R,20:57,3-5,3,5,24.1,0.017341034144848343,-0.5820810771091549
8320260501030004,久留米競輪,4R,22:09,4-5,4,5,23.6,0.017682798005923955,-0.5826859670601947
2620260501030005,西武園競輪,5R,22:27,1-3,1,3,8.3,0.05007672881674341,-0.5843631508210296
8320260501030001,久留米競輪,1R,20:57,4-6,4,6,17.9,0.023218574358651083,-0.5843875189801456
3520260501030005,平塚競輪,5R,12:57,6-9,6,9,40.5,0.010126331155829846,-0.5898835881888913
2620260501030002,西武園競輪,2R,21:13,2-5,2,5,5.3,0.07705519170217606,-0.5916074839784669
7520260501030005,松山競輪,5R,22:18,1-3,1,3,8.1,0.05000290526989707,-0.5949764673138338
5320260501030008,奈良競輪,8R,18:44,1-3,1,3,5.2,0.07754566292235687,-0.5967625528037442
5320260501030005,奈良競輪,5R,17:32,2-6,2,6,11.7,0.03396880504953158,-0.6025649809204805
8320260501030005,久留米競輪,5R,22:36,1-3,1,3,4.1,0.09670558714185168,-0.6035070927184081
3520260501030005,平塚競輪,5R,12:57,7-9,7,9,14.4,0.027252448062450474,-0.6075647479007131
7520260501030007,松山競輪,7R,23:12,5-6,5,6,17.1,0.02274289793107208,-0.6110964453786674
5320260501030006,奈良競輪,6R,17:56,3-4,3,4,10.5,0.037013967489889686,-0.6113533413561583
3520260501030009,平塚競輪,9R,15:12,4-9,4,9,24.5,0.015760146336939253,-0.6138764147449882
3520260501030002,平塚競輪,2R,11:18,2-9,2,9,19.2,0.020081399210462966,-0.6144371351591111
5320260501030008,奈良競輪,8R,18:44,1-2,1,2,12.8,0.030026838857321964,-0.6156564626262788
3520260501030011,平塚競輪,11R,16:30,7-8,7,8,24.8,0.015436635148571728,-0.6171714483154211
6320260501030007,防府競輪,7R,10:35,1-3,1,3,5.4,0.07046136813532655,-0.6195086120692366
5320260501030009,奈良競輪,9R,19:09,4-5,4,5,10.8,0.03484960248561397,-0.623624293155369
2720260503010006,京王閣競輪,6R,18:08,4-6,4,6,5.0,0.07524223567997806,-0.6237888216001097
5320260501030010,奈良競輪,10R,19:35,1-2,1,2,5.7,0.06591707234025032,-0.6242726876605731
3520260501030010,平塚競輪,10R,15:49,3-8,3,8,41.3,0.009080396253769283,-0.6249796347193286
3520260501030010,平塚競輪,10R,15:49,1-5,1,5,13.7,0.027259173410346386,-0.6265493242782545
7520260501030005,松山競輪,5R,22:18,5-6,5,6,7.5,0.049131246902035866,-0.631515648234731
7520260501030002,松山競輪,2R,21:05,1-3,1,3,4.9,0.0747095784810908,-0.6339230654426551
3520260501030005,平塚競輪,5R,12:57,4-9,4,9,21.5,0.017019218653822266,-0.6340867989428213
6320260501030006,防府競輪,6R,10:14,4-7,4,7,3.9,0.0920979443366979,-0.6408180170868782
6320260501030005,防府競輪,5R,09:53,1-4,1,4,4.4,0.08150546483156203,-0.6413759547411271
3520260501030003,平塚競輪,3R,11:51,3-9,3,9,9.7,0.03692893356315992,-0.6417893444373488
5320260501030008,奈良競輪,8R,18:44,1-6,1,6,19.2,0.018632933950786877,-0.642247668144892
7520260501030007,松山競輪,7R,23:12,1-3,1,3,3.9,0.09071368924086518,-0.6462166119606259
5320260501030001,奈良競輪,1R,15:56,2-4,2,4,4.3,0.08218551462207799,-0.6466022871250647
2720260503010001,京王閣競輪,1R,16:13,1-5,1,5,7.4,0.04773904614453761,-0.6467310585304217
5320260501030009,奈良競輪,9R,19:09,1-2,1,2,7.1,0.04959967692819903,-0.647842293809787
5320260501030006,奈良競輪,6R,17:56,4-5,4,5,14.7,0.0238928973245758,-0.6487744093287358
2620260501030001,西武園競輪,1R,20:49,1-2,1,2,3.1,0.11259793310354187,-0.6509464073790202
6320260501030004,防府競輪,4R,09:32,5-7,5,7,7.5,0.0463801346187412,-0.6521489903594411
8320260501030002,久留米競輪,2R,21:21,3-4,3,4,12.1,0.02854697920050158,-0.6545815516739308
5320260501030003,奈良競輪,3R,16:44,3-7,3,7,6.3,0.05478501749413993,-0.6548543897869185
3520260501030005,平塚競輪,5R,12:57,4-6,4,6,29.3,0.011766382961957228,-0.6552449792146532
2720260503010008,京王閣競輪,8R,18:56,4-7,4,7,15.8,0.02179188886054848,-0.6556881560033341
2720260503010001,京王閣競輪,1R,16:13,1-2,1,2,5.8,0.059271050989265196,-0.6562279042622619
8320260501030007,久留米競輪,7R,23:30,1-4,1,4,4.3,0.07885394962009154,-0.6609280166336065
5320260501030011,奈良競輪,11R,20:02,2-5,2,5,3.1,0.10935816047412976,-0.6609897025301977
2720260503010003,京王閣競輪,3R,16:59,5-7,5,7,2.6,0.12956455332709588,-0.6631321613495507
8320260501030005,久留米競輪,5R,22:36,3-4,3,4,7.4,0.04533229888457138,-0.6645409882541717
6320260501030001,防府競輪,1R,08:30,3-5,3,5,4.6,0.07193214304308326,-0.669112142001817
3520260501030010,平塚競輪,10R,15:49,1-7,1,7,4.8,0.06803622931716014,-0.6734260992776313
2620260501030004,西武園競輪,4R,22:01,2-3,2,3,4.9,0.06631780867050002,-0.6750427375145498
7520260501030005,松山競輪,5R,22:18,1-4,1,4,5.6,0.057867317922612814,-0.6759430196333682
6320260501030004,防府競輪,4R,09:32,2-6,2,6,68.4,0.004687192068087739,-0.6793960625427986
3520260501030005,平塚競輪,5R,12:57,5-6,5,6,9.6,0.03336531379254933,-0.6796929875915264
2720260503010010,京王閣競輪,10R,19:48,1-5,1,5,8.2,0.03885571820793867,-0.6813831106949029
3520260501030004,平塚競輪,4R,12:24,2-8,2,8,21.2,0.014780440875094811,-0.68665465344799
3520260501030003,平塚競輪,3R,11:51,1-7,1,7,7.4,0.04231166828586237,-0.6868936546846185
5320260501030011,奈良競輪,11R,20:02,3-7,3,7,6.8,0.045938574356519074,-0.6876176943756703
2620260501030003,西武園競輪,3R,21:37,3-6,3,6,5.4,0.05708272368117876,-0.6917532921216347
3520260501030001,平塚競輪,1R,10:45,5-7,5,7,9.2,0.03348133798119563,-0.6919716905730002
6320260501030002,防府競輪,2R,08:50,3-5,3,5,2.3,0.1329782301212983,-0.694150070721014
2620260501030004,西武園競輪,4R,22:01,3-5,3,5,5.7,0.053281713284390055,-0.6962942342789766
8320260501030006,久留米競輪,6R,23:03,1-4,1,4,2.9,0.10367544176689342,-0.6993412188760091
3520260501030008,平塚競輪,8R,14:37,1-5,1,5,12.2,0.0244650658872741,-0.701526196175256
8320260501030001,久留米競輪,1R,20:57,1-2,1,2,2.5,0.11885736803741173,-0.7028565799064707
5320260501030001,奈良競輪,1R,15:56,1-4,1,4,2.6,0.11426399020636635,-0.7029136254634475
3520260501030010,平塚競輪,10R,15:49,4-6,4,6,25.2,0.011466473951716225,-0.7110448564167511
2620260501030003,西武園競輪,3R,21:37,1-2,1,2,2.6,0.11106153935278154,-0.7112399976827679
6320260501030002,防府競輪,2R,08:50,1-5,1,5,3.9,0.07403160828219171,-0.7112767276994523
3520260501030002,平塚競輪,2R,11:18,3-9,3,9,6.5,0.04433782923714358,-0.7118041099585668
6320260501030001,防府競輪,1R,08:30,2-5,2,5,2.9,0.09761544799541282,-0.7169152008133028
5320260501030012,奈良競輪,12R,20:30,4-6,4,6,14.4,0.01925229490009418,-0.7227669534386438
2720260503010011,京王閣競輪,11R,20:16,4-5,4,5,5.1,0.05285896043132536,-0.7304193018002407
7520260501030004,松山競輪,4R,21:53,1-2,1,2,3.9,0.06911014487090508,-0.7304704350034702
5320260501030008,奈良競輪,8R,18:44,3-5,3,5,3.6,0.07445554456725728,-0.7319600395578738
7520260501030006,松山競輪,6R,22:45,2-3,2,3,4.9,0.053892505105506194,-0.7359267249830197
3520260501030005,平塚競輪,5R,12:57,7-8,7,8,13.1,0.019954474161369588,-0.7385963884860585
2620260501030003,西武園競輪,3R,21:37,3-5,3,5,11.6,0.022515997784141838,-0.7388144257039546
2720260503010011,京王閣競輪,11R,20:16,3-4,3,4,2.3,0.11334628436255727,-0.7393035459661184
3520260501030010,平塚競輪,10R,15:49,2-7,2,7,4.1,0.06343267494264243,-0.739926032735166
3520260501030008,平塚競輪,8R,14:37,3-8,3,8,9.7,0.026580209558184797,-0.7421719672856075
3520260501030005,平塚競輪,5R,12:57,3-4,3,4,19.3,0.013340321871683616,-0.7425317878765062
3520260501030004,平塚競輪,4R,12:24,2-7,2,7,11.8,0.02160291105631854,-0.7450856495354412
3520260501030007,平塚競輪,7R,14:03,1-9,1,9,2.7,0.09388643742855399,-0.7465066189429042
2720260503010001,京王閣競輪,1R,16:13,2-4,2,4,7.5,0.033694934102553906,-0.7472879942308457
3520260501030009,平塚競輪,9R,15:12,3-6,3,6,25.1,0.009660750339563422,-0.7575151664769582
2720260503010003,京王閣競輪,3R,16:59,1-5,1,5,2.0,0.12027527677398027,-0.7594494464520395
7520260501030001,松山競輪,1R,20:41,3-6,3,6,9.3,0.025836951464067823,-0.7597163513841693
5320260501030009,奈良競輪,9R,19:09,1-7,1,7,2.2,0.10854336948199156,-0.7612045871396186
5320260501030002,奈良競輪,2R,16:20,2-7,2,7,8.5,0.02799164460902291,-0.7620710208233052
5320260501030001,奈良競輪,1R,15:56,2-6,2,6,7.4,0.031858281372960734,-0.7642487178400905
7520260501030004,松山競輪,4R,21:53,1-3,1,3,6.0,0.03890972093136287,-0.7665416744118227
2720260503010009,京王閣競輪,9R,19:21,2-5,2,5,2.6,0.08964005758201538,-0.76693585028676
8320260501030001,久留米競輪,1R,20:57,2-3,2,3,3.6,0.06442773898668071,-0.7680601396479494
6320260501030004,防府競輪,4R,09:32,1-7,1,7,1.5,0.1544173331708619,-0.7683740002437072
5320260501030008,奈良競輪,8R,18:44,1-4,1,4,4.4,0.052291184775876326,-0.7699187869861441
3520260501030003,平塚競輪,3R,11:51,2-8,2,8,10.3,0.02228512204572324,-0.7704632429290507
2720260503010001,京王閣競輪,1R,16:13,2-6,2,6,4.6,0.049871844390722175,-0.770589515802678
5320260501030012,奈良競輪,12R,20:30,2-5,2,5,1.8,0.12637373173033062,-0.7725272828854048
2620260501030001,西武園競輪,1R,20:49,2-4,2,4,2.6,0.08486294501380441,-0.7793563429641085
3520260501030002,平塚競輪,2R,11:18,5-7,5,7,5.7,0.038220194387017334,-0.7821448919940012
7520260501030004,松山競輪,4R,21:53,2-4,2,4,4.3,0.05037661581597325,-0.7833805519913151
2720260503010009,京王閣競輪,9R,19:21,1-7,1,7,4.3,0.049934646341787445,-0.785281020730314
3520260501030006,平塚競輪,6R,13:30,2-5,2,5,3.4,0.06311293063396159,-0.7854160358445306
3520260501030002,平塚競輪,2R,11:18,7-9,7,9,10.9,0.019292434889364052,-0.7897124597059318
3520260501030002,平塚競輪,2R,11:18,5-9,5,9,7.4,0.02815915771406118,-0.7916222329159472
2620260501030004,西武園競輪,4R,22:01,1-5,1,5,2.6,0.07993860944537629,-0.7921596154420216
3520260501030001,平塚競輪,1R,10:45,1-3,1,3,2.7,0.0757563892079952,-0.7954577491384129
7520260501030007,松山競輪,7R,23:12,1-2,1,2,2.0,0.1002647439345464,-0.7994705121309071
3520260501030002,平塚競輪,2R,11:18,4-9,4,9,13.2,0.015099761819762034,-0.8006831439791412
5320260501030005,奈良競輪,5R,17:32,1-4,1,4,1.6,0.12341467388592839,-0.8025365217825146
7520260501030003,松山競輪,3R,21:29,2-4,2,4,11.3,0.01726017016233041,-0.8049600771656663
3520260501030007,平塚競輪,7R,14:03,2-7,2,7,7.5,0.02597225011758461,-0.8052081241181155
6320260501030005,防府競輪,5R,09:53,1-3,1,3,3.5,0.055491161725040906,-0.8057809339623568
7520260501030002,松山競輪,2R,21:05,2-4,2,4,2.5,0.07615125861143959,-0.809621853471401
6320260501030006,防府競輪,6R,10:14,3-7,3,7,2.1,0.09057436183705966,-0.8097938401421747
7520260501030001,松山競輪,1R,20:41,1-3,1,3,1.9,0.09869725573712185,-0.8124752140994684
3520260501030006,平塚競輪,6R,13:30,3-6,3,6,18.3,0.010244597006476142,-0.8125238747814866
3520260501030004,平塚競輪,4R,12:24,2-9,2,9,3.3,0.05589171554798332,-0.815557338691655
6320260501030003,防府競輪,3R,09:11,4-5,4,5,1.2,0.15277187342622733,-0.8166737518885272
5320260501030012,奈良競輪,12R,20:30,3-7,3,7,7.3,0.024253341955981406,-0.8229506037213358
8320260501030004,久留米競輪,4R,22:09,1-2,1,2,1.8,0.09819056161113278,-0.823256989099961
5320260501030002,奈良競輪,2R,16:20,1-7,1,7,1.6,0.10931989471209348,-0.8250881684606504
5320260501030007,奈良競輪,7R,18:20,2-7,2,7,1.5,0.11494240550390095,-0.8275863917441486
7520260501030003,松山競輪,3R,21:29,2-3,2,3,3.5,0.049186238136089494,-0.8278481665236868
3520260501030004,平塚競輪,4R,12:24,3-8,3,8,12.7,0.013122432793173829,-0.8333451035266923
3520260501030009,平塚競輪,9R,15:12,2-7,2,7,4.1,0.040112138914537986,-0.8355402304503943
2620260501030002,西武園競輪,2R,21:13,1-3,1,3,2.1,0.07529834211152478,-0.841873481565798
8320260501030002,久留米競輪,2R,21:21,4-6,4,6,1.9,0.08196740718003517,-0.8442619263579332
8320260501030003,久留米競輪,3R,21:45,1-3,1,3,1.4,0.10966135240879385,-0.8464741066276886
2620260501030006,西武園競輪,6R,22:54,1-4,1,4,1.8,0.08264570605701427,-0.8512377290973743
2620260501030007,西武園競輪,7R,23:21,1-2,1,2,1.2,0.12355735637378025,-0.8517311723514637
2620260501030005,西武園競輪,5R,22:27,2-3,2,3,2.2,0.06552239417698369,-0.8558507328106358
3520260501030008,平塚競輪,8R,14:37,2-7,2,7,3.8,0.037726887591594274,-0.8566378271519417
5320260501030010,奈良競輪,10R,19:35,1-6,1,6,1.7,0.08386094127172403,-0.8574363998380692
3520260501030011,平塚競輪,11R,16:30,2-7,2,7,2.1,0.06750870190415337,-0.858231726001278
2720260503010010,京王閣競輪,10R,19:48,3-4,3,4,1.3,0.10824322702977815,-0.8592838048612884
2720260503010007,京王閣競輪,7R,18:32,2-7,2,7,2.2,0.06251286476754228,-0.862471697511407
5320260501030003,奈良競輪,3R,16:44,2-5,2,5,1.8,0.07512696264603341,-0.8647714672371398
5320260501030006,奈良競輪,6R,17:56,3-5,3,5,2.5,0.05256862747359445,-0.8685784313160139
5320260501030004,奈良競輪,4R,17:08,4-5,4,5,1.4,0.09351914404209102,-0.8690731983410726
2720260503010008,京王閣競輪,8R,18:56,1-4,1,4,1.4,0.09088819749612131,-0.8727565235054302
3520260501030005,平塚競輪,5R,12:57,2-4,2,4,6.6,0.019270671404979702,-0.872813568727134
2720260503010002,京王閣競輪,2R,16:37,3-4,3,4,1.1,0.115489932623326,-0.8729610741143414
2720260503010005,京王閣競輪,5R,17:44,1-5,1,5,1.2,0.10383794630607622,-0.8753944644327085
2720260503010006,京王閣競輪,6R,18:08,6-7,6,7,1.2,0.10202941728561979,-0.8775646992572562
7520260501030003,松山競輪,3R,21:29,3-4,3,4,13.0,0.008415808696754125,-0.8905944869421963
6320260501030007,防府競輪,7R,10:35,1-7,1,7,1.4,0.077618671203944,-0.8913338603144784
2720260503010004,京王閣競輪,4R,17:21,3-7,3,7,1.1,0.07459035780037852,-0.9179506064195836
