race_id,競輪場,レース番号,開始時間,買い目,a,b,odds,p,EV
6120260525010006,玉野競輪,6R,22:54,1-7,1,7,4976.2,0.09013446521363991,447.5271257961149
6120260525010006,玉野競輪,6R,22:54,1-4,1,4,4976.2,0.07081823889562504,351.4057203924093
6120260525010006,玉野競輪,6R,22:54,2-4,2,4,4976.2,0.05570339752188222,276.1912467483903
6120260525010006,玉野競輪,6R,22:54,5-7,5,7,4976.2,0.027585245572400094,136.26969901737735
6120260525010006,玉野競輪,6R,22:54,1-3,1,3,1244.0,0.09654279754898065,119.09924015093193
6120260525010006,玉野競輪,6R,22:54,1-6,1,6,4976.2,0.01766532466943649,86.90618862004985
6120260525010007,玉野競輪,7R,23:21,1-7,1,7,790.5,0.10502534058911135,82.02253173569252
6120260525010007,玉野競輪,7R,23:21,1-6,1,6,790.5,0.09768272418090418,76.21819346500476
6120260525010006,玉野競輪,6R,22:54,2-3,2,3,829.3,0.08065840346412056,65.89001399279518
6120260525010007,玉野競輪,7R,23:21,1-4,1,4,790.5,0.08249393920492093,64.21145894149
6120260525010007,玉野競輪,7R,23:21,2-7,2,7,790.5,0.05623456743155339,43.453425554642955
4220260525010006,名古屋競輪,6R,22:45,1-7,1,7,318.7,0.09252734410175759,28.488464565230142
4220260525010006,名古屋競輪,6R,22:45,1-4,1,4,318.7,0.08586580482556183,26.365431997906555
6120260525010007,玉野競輪,7R,23:21,2-3,2,3,395.2,0.06524327924482212,24.784143957553702
6120260525010006,玉野競輪,6R,22:54,2-6,2,6,1658.7,0.014541401621589393,23.119822869730328
6120260525010007,玉野競輪,7R,23:21,6-7,6,7,790.5,0.02905991220571545,21.97186059861806
6120260525010007,玉野競輪,7R,23:21,1-3,1,3,197.6,0.11088843085516431,20.911553936980468
8620260525010004,別府競輪,4R,16:55,6-7,6,7,1065.9,0.019450466608494563,19.73225235799436
8620260525010011,別府競輪,11R,19:48,4-6,4,6,1011.0,0.019284534859369862,18.49666474282293
8620260525010011,別府競輪,11R,19:48,5-6,5,6,1011.0,0.01875063247509281,17.956889432318828
1120260523030004,函館競輪,4R,17:07,5-7,5,7,169.1,0.10705103737437363,17.10233042000658
8620260525010004,別府競輪,4R,16:55,5-7,5,7,444.1,0.040527886389399415,16.99843434553228
3820260524020006,静岡競輪,6R,13:22,4-6,4,6,559.4,0.03178230681802152,16.779022434001238
8620260525010004,別府競輪,4R,16:55,2-5,2,5,380.6,0.04515949168597992,16.187702535683957
4220260525010005,名古屋競輪,5R,22:18,1-3,1,3,155.2,0.0991020948244266,14.380645116751007
8620260525010011,別府競輪,11R,19:48,3-5,3,5,505.5,0.029360914805784018,13.84194243432382
4220260525010006,名古屋競輪,6R,22:45,1-3,1,3,159.3,0.09295339476357584,13.807475785837632
4220260525010005,名古屋競輪,5R,22:18,1-7,1,7,155.2,0.09183140940886281,13.252234740255506
6120260525010004,玉野競輪,4R,22:01,2-4,2,4,223.5,0.06346425809286013,13.18426168375424
4420260525010003,大垣競輪,3R,11:40,4-6,4,6,307.8,0.045831121597701606,13.106819227772554
6120260525010007,玉野競輪,7R,23:21,2-5,2,5,790.5,0.015202500028540433,11.017576272561213
4220260525010005,名古屋競輪,5R,22:18,2-4,2,4,155.2,0.07683430995966063,10.92468490573933
6120260525010004,玉野競輪,4R,22:01,4-5,4,5,223.5,0.05153689868589121,10.518496856296686
8620260525010011,別府競輪,11R,19:48,2-3,2,3,337.0,0.03273298617556856,10.031016341166604
5520260523030003,和歌山競輪,3R,09:11,3-6,3,6,267.4,0.04094855350151301,9.949643206304579
6120260525010004,玉野競輪,4R,22:01,3-4,3,4,223.5,0.04887558627776242,9.923693533079902
6120260525010007,玉野競輪,7R,23:21,2-6,2,6,197.6,0.0547300197642997,9.81465190542562
6120260525010004,玉野競輪,4R,22:01,1-4,1,4,111.7,0.09506303362821411,9.618540856271517
6120260525010004,玉野競輪,4R,22:01,1-7,1,7,223.5,0.04743385396856809,9.60146636197497
8620260525010002,別府競輪,2R,16:07,1-6,1,6,187.4,0.056176733234701334,9.52751980818303
8620260525010004,別府競輪,4R,16:55,3-7,3,7,333.0,0.031564571258159126,9.511002228966989
3820260524020005,静岡競輪,5R,12:52,1-3,1,3,283.9,0.03699729979494005,9.50353341178348
8620260525010004,別府競輪,4R,16:55,4-7,4,7,253.7,0.0401367846927602,9.182702276553261
3820260524020002,静岡競輪,2R,11:26,6-7,6,7,259.0,0.03868577060399732,9.019614586435306
6120260525010004,玉野競輪,4R,22:01,2-3,2,3,223.5,0.042651072259554675,8.53251465001047
8620260525010004,別府競輪,4R,16:55,2-4,2,4,213.1,0.04433234771300373,8.447223297641093
4420260525010011,大垣競輪,11R,15:38,6-7,6,7,349.4,0.026876801883153417,8.390754577973803
4420260525010006,大垣競輪,6R,13:07,4-6,4,6,198.4,0.04572078633892067,8.071004009641861
5520260523030002,和歌山競輪,2R,08:50,1-6,1,6,286.9,0.031227779114915696,7.9592498280693125
8620260525010002,別府競輪,2R,16:07,1-2,1,2,220.5,0.04048984654072218,7.9280111622292395
8620260525010004,別府競輪,4R,16:55,2-3,2,3,253.7,0.034954085749763476,7.867851554714994
5520260523030006,和歌山競輪,6R,10:14,1-3,1,3,210.8,0.041800750753677646,7.811598258875248
8620260525010011,別府競輪,11R,19:48,1-3,1,3,144.4,0.05979124999368257,7.633856499087763
1120260523030004,函館競輪,4R,17:07,1-5,1,5,284.4,0.030277081888617833,7.610802089122911
4420260525010012,大垣競輪,12R,16:14,2-3,2,3,141.8,0.059437633562071136,7.428256439101688
8620260525010004,別府競輪,4R,16:55,2-7,2,7,204.9,0.04074169134452301,7.347972556492765
5520260523030005,和歌山競輪,5R,09:53,3-6,3,6,120.8,0.06813842918783597,7.231122245890585
5520260523030002,和歌山競輪,2R,08:50,6-7,6,7,308.1,0.026590335023287916,7.192482220675007
8620260525010002,別府競輪,2R,16:07,6-7,6,7,187.4,0.04368624734258579,7.1868027520005775
6120260525010004,玉野競輪,4R,22:01,1-6,1,6,111.7,0.07299999229853915,7.1540991397468225
3820260524020007,静岡競輪,7R,13:52,2-6,2,6,99.9,0.07937383618429825,6.929446234811396
8620260525010011,別府競輪,11R,19:48,1-2,1,2,126.3,0.062343870057652934,6.874030788281566
3820260524020004,静岡競輪,4R,12:22,2-3,2,3,175.0,0.044451337796868357,6.778984114451962
4420260525010004,大垣競輪,4R,12:08,6-7,6,7,355.3,0.021874273613100362,6.771929414734559
8620260525010002,別府競輪,2R,16:07,5-6,5,6,208.2,0.036829454702898126,6.667892469143389
5520260523030006,和歌山競輪,6R,10:14,3-6,3,6,224.9,0.03396060324072167,6.637739668838304
8620260525010002,別府競輪,2R,16:07,4-6,4,6,85.2,0.08906848112811931,6.588634592115765
5520260523030005,和歌山競輪,5R,09:53,6-7,6,7,144.5,0.05217808766705026,6.539733667888763
3820260524020006,静岡競輪,6R,13:22,1-5,1,5,175.8,0.042349905270626806,6.445113346576193
2720260525010001,京王閣競輪,1R,20:57,1-7,1,7,104.2,0.07108501487151381,6.407058549611739
3820260524020004,静岡競輪,4R,12:22,1-3,1,3,141.0,0.05244265637984247,6.394414549557788
4420260525010006,大垣競輪,6R,13:07,4-5,4,5,230.7,0.03197658601230189,6.376998393038046
3820260524020005,静岡競輪,5R,12:52,2-5,2,5,189.2,0.0386993479309652,6.321916628538616
3820260524020005,静岡競輪,5R,12:52,3-5,3,5,271.5,0.02691868560854659,6.308423142720399
5520260523030001,和歌山競輪,1R,08:30,4-5,4,5,177.4,0.041182531074841655,6.30578101267691
3820260524020005,静岡競輪,5R,12:52,4-5,4,5,249.8,0.02900012776784318,6.244231916407227
3820260524020011,静岡競輪,11R,15:52,4-6,4,6,219.0,0.03303113601401121,6.233818787068455
1120260523030004,函館競輪,4R,17:07,6-7,6,7,240.6,0.02991719660038453,6.198077502052517
4220260525010005,名古屋競輪,5R,22:18,3-4,3,4,155.2,0.04636320686322018,6.1955697051717715
8620260525010002,別府競輪,2R,16:07,2-7,2,7,234.3,0.030661636113458887,6.184021341383418
4420260525010010,大垣競輪,10R,15:07,6-7,6,7,103.5,0.06900976232482442,6.142510400619328
4420260525010004,大垣競輪,4R,12:08,3-6,3,6,122.7,0.05813610317608134,6.13329985970518
5520260523030004,和歌山競輪,4R,09:32,3-5,3,5,210.6,0.03377884077525106,6.1138238672678735
3820260524020002,静岡競輪,2R,11:26,4-6,4,6,90.0,0.07854723703960512,6.069251333564461
5520260523030002,和歌山競輪,2R,08:50,5-6,5,6,160.0,0.04401014496337725,6.041623194140359
8620260525010011,別府競輪,11R,19:48,2-7,2,7,91.9,0.07602008181118085,5.986245518447521
3820260524020006,静岡競輪,6R,13:22,3-5,3,5,136.7,0.050836536091595386,5.9493544837210885
4420260525010003,大垣競輪,3R,11:40,3-6,3,6,103.9,0.06665295070011178,5.925241577741614
5520260523030006,和歌山競輪,6R,10:14,2-3,2,3,206.5,0.033395011676327135,5.896069911161553
1120260523030006,函館競輪,6R,17:55,1-3,1,3,89.3,0.07702696670422784,5.878508126687547
1120260523030003,函館競輪,3R,16:43,3-5,3,5,96.3,0.07077761361704492,5.815884191321426
1120260523030009,函館競輪,9R,19:09,5-6,5,6,158.2,0.043024667739327685,5.806502436361639
4420260525010011,大垣競輪,11R,15:38,1-7,1,7,225.2,0.03002857198976541,5.762434412095169
8620260525010011,別府競輪,11R,19:48,1-5,1,5,112.3,0.05876242494506648,5.599020321330965
4220260525010006,名古屋競輪,6R,22:45,4-5,4,5,318.7,0.020703216771143732,5.598115184963508
8620260525010003,別府競輪,3R,16:31,4-5,4,5,446.6,0.014737793323966571,5.581898498483471
4420260525010002,大垣競輪,2R,11:12,6-7,6,7,158.1,0.04163025031039828,5.581742574073967
1120260523030006,函館競輪,6R,17:55,3-4,3,4,67.0,0.09812158365484483,5.574146104874604
4220260525010006,名古屋競輪,6R,22:45,2-3,2,3,106.2,0.061551750853853934,5.536795940679288
5520260523030006,和歌山競輪,6R,10:14,4-7,4,7,266.3,0.024481946550973917,5.519542366524354
5520260523030001,和歌山競輪,1R,08:30,1-4,1,4,193.3,0.03362538000958381,5.499785955852551
3820260524020006,静岡競輪,6R,13:22,1-2,1,2,192.3,0.0334414284522206,5.430786691362022
3820260524020006,静岡競輪,6R,13:22,1-4,1,4,361.9,0.017759627895384836,5.4272093353397715
3820260524020005,静岡競輪,5R,12:52,1-5,1,5,297.4,0.021558495878841993,5.4114966743676085
8620260525010011,別府競輪,11R,19:48,3-6,3,6,337.0,0.01900808209732978,5.405723666800135
8620260525010001,別府競輪,1R,15:45,5-6,5,6,140.2,0.045444078686316405,5.371259831821559
5520260523030002,和歌山競輪,2R,08:50,4-6,4,6,277.3,0.022968797222178088,5.369247469709984
2720260525010006,京王閣競輪,6R,23:03,1-7,1,7,66.7,0.09478020113706198,5.321839415842034
3820260524020005,静岡競輪,5R,12:52,5-7,5,7,260.2,0.024264054077271828,5.31350687090613
8620260525010006,別府競輪,6R,17:43,4-6,4,6,103.8,0.06071446790741944,5.302161768790137
4420260525010011,大垣競輪,11R,15:38,4-6,4,6,177.8,0.03534494894458448,5.284331922347121
4220260525010006,名古屋競輪,6R,22:45,5-7,5,7,318.7,0.019680279388240556,5.272105041032265
2720260525010001,京王閣競輪,1R,20:57,1-5,1,5,104.2,0.05986261143390878,5.237684111413295
8620260525010004,別府競輪,4R,16:55,5-6,5,6,266.4,0.0233821863478702,5.229014443072621
3820260524020007,静岡競輪,7R,13:52,4-6,4,6,115.3,0.053597791530891746,5.179825363511818
5520260523030003,和歌山競輪,3R,09:11,1-6,1,6,225.6,0.027327600129380344,5.1651065891882055
4420260525010003,大垣競輪,3R,11:40,6-7,6,7,187.6,0.03278186019565531,5.149876972704935
8620260525010003,別府競輪,3R,16:31,3-6,3,6,191.4,0.03188327981979221,5.102459757508228
8620260525010002,別府競輪,2R,16:07,2-5,2,5,249.9,0.023975160374941278,4.991392577697826
3820260524020006,静岡競輪,6R,13:22,4-5,4,5,118.3,0.050486740064267455,4.97258134960284
8620260525010011,別府競輪,11R,19:48,6-7,6,7,101.1,0.058549324772395786,4.919336734489214
4420260525010011,大垣競輪,11R,15:38,4-7,4,7,144.7,0.04085452303822344,4.9116494836309315
5520260523030003,和歌山競輪,3R,09:11,5-6,5,6,111.0,0.05322640683381272,4.9081311585532115
3820260524020006,静岡競輪,6R,13:22,1-6,1,6,227.9,0.025881473479086668,4.898387805883852
4420260525010012,大垣競輪,12R,16:14,3-7,3,7,89.6,0.06547332057229892,4.866409523277983
4420260525010012,大垣競輪,12R,16:14,2-7,2,7,249.8,0.023358757825763462,4.835017704875713
4220260525010005,名古屋競輪,5R,22:18,2-3,2,3,77.6,0.0747558078621903,4.801050690105967
8620260525010006,別府競輪,6R,17:43,1-6,1,6,103.8,0.05568153545808631,4.779743380549359
8620260525010011,別府競輪,11R,19:48,3-7,3,7,77.7,0.07394828617955937,4.745781836151763
1120260523030001,函館競輪,1R,15:59,1-5,1,5,54.8,0.10415203885426268,4.707531729213595
8620260525010003,別府競輪,3R,16:31,4-6,4,6,160.8,0.03548427464903111,4.705871363564203
4420260525010008,大垣競輪,8R,14:07,6-7,6,7,140.3,0.04052107340042431,4.685106598079531
3820260524020001,静岡競輪,1R,10:58,5-6,5,6,113.0,0.050299428844680444,4.68383545944889
8620260525010002,別府競輪,2R,16:07,5-7,5,7,149.9,0.03765511982139076,4.644502461226476
8620260525010010,別府競輪,10R,19:22,5-6,5,6,97.5,0.05762510918668883,4.618448145702161
3820260524020002,静岡競輪,2R,11:26,5-7,5,7,168.0,0.03322412970431132,4.581653790324302
3820260524020008,静岡競輪,8R,14:22,6-7,6,7,251.4,0.022137732523593048,4.565425956431293
8620260525010003,別府競輪,3R,16:31,3-4,3,4,154.6,0.035449538816863024,4.480498701087023
6120260525010004,玉野競輪,4R,22:01,1-3,1,3,74.5,0.07332517509261118,4.462725544399532
4420260525010004,大垣競輪,4R,12:08,4-6,4,6,241.1,0.022531863754232356,4.432432351145421
2720260525010006,京王閣競輪,6R,23:03,1-6,1,6,66.7,0.08056957797559418,4.373990850972132
4420260525010006,大垣競輪,6R,13:07,5-6,5,6,354.4,0.015084353566042792,4.345894903805565
4420260525010012,大垣競輪,12R,16:14,3-5,3,5,72.3,0.07388535745399821,4.34191134392407
5520260523030005,和歌山競輪,5R,09:53,4-6,4,6,175.9,0.03029327570993508,4.328587197377581
4420260525010008,大垣競輪,8R,14:07,3-6,3,6,183.0,0.028750820577384234,4.261400165661315
1120260523030009,函館競輪,9R,19:09,1-3,1,3,158.2,0.03314076885811432,4.242869633353685
3820260524020011,静岡競輪,11R,15:52,1-4,1,4,107.2,0.04872351942072718,4.223161281901954
8620260525010003,別府競輪,3R,16:31,5-6,5,6,446.6,0.011692841143512864,4.222022854692845
4220260525010006,名古屋競輪,6R,22:45,6-7,6,7,318.7,0.016366608187514006,4.216038029360713
3820260524020005,静岡競輪,5R,12:52,1-7,1,7,148.7,0.034913876342816307,4.191693412176784
3820260524020009,静岡競輪,9R,14:52,1-6,1,6,209.6,0.024559589255680622,4.147689907990658
4420260525010007,大垣競輪,7R,13:37,6-7,6,7,127.6,0.04029465037533302,4.141597387892493
4420260525010011,大垣競輪,11R,15:38,1-4,1,4,131.6,0.03890718589194472,4.120185663379925
3820260524020001,静岡競輪,1R,10:58,1-6,1,6,101.9,0.04984675644401965,4.079384481645603
3820260524020006,静岡競輪,6R,13:22,2-4,2,4,125.5,0.04036531456220025,4.065846977556132
3820260524020009,静岡競輪,9R,14:52,4-6,4,6,121.3,0.0413641584102007,4.017472415157345
5520260523030004,和歌山競輪,4R,09:32,1-6,1,6,149.8,0.033024924765613445,3.947133729888894
3820260524020006,静岡競輪,6R,13:22,2-3,2,3,123.0,0.04017833206451197,3.9419348439349724
3820260524020005,静岡競輪,5R,12:52,3-7,3,7,120.1,0.0410589326528297,3.9311778116048464
5520260523030006,和歌山競輪,6R,10:14,3-4,3,4,337.4,0.014508430951726693,3.895144603112586
8620260525010002,別府競輪,2R,16:07,3-5,3,5,267.8,0.01807888869110863,3.841526391478891
3820260524020003,静岡競輪,3R,11:54,5-7,5,7,119.7,0.04027776095242719,3.8212479860055346
4420260525010010,大垣競輪,10R,15:07,5-6,5,6,133.7,0.036005163568686493,3.813890369133384
2720260525010001,京王閣競輪,1R,20:57,2-7,2,7,104.2,0.046074238383364614,3.8009356395465925
4420260525010003,大垣競輪,3R,11:40,1-4,1,4,90.5,0.05288285298884944,3.7858981954908746
1120260523030004,函館競輪,4R,17:07,1-2,1,2,109.7,0.04358406241998412,3.7811716474722576
3820260524020002,静岡競輪,2R,11:26,5-6,5,6,282.5,0.01678850426191445,3.742752453990833
1120260523030004,函館競輪,4R,17:07,1-7,1,7,54.4,0.08658595669326928,3.710276044113849
8620260525010003,別府競輪,3R,16:31,1-6,1,6,83.7,0.05627054667783504,3.7098447569347934
8620260525010011,別府競輪,11R,19:48,4-5,4,5,168.5,0.027938019125640007,3.707556222670341
8620260525010004,別府競輪,4R,16:55,3-6,3,6,253.7,0.018545919594789784,3.705099801198168
3820260524020006,静岡競輪,6R,13:22,5-6,5,6,71.5,0.0657392344958019,3.7003552664498356
3820260524020005,静岡競輪,5R,12:52,1-4,1,4,115.6,0.04061235572763618,3.694788322114743
3820260524020003,静岡競輪,3R,11:54,2-7,2,7,281.4,0.01664158084770813,3.6829408505450667
4420260525010009,大垣競輪,9R,14:37,2-5,2,5,74.1,0.06318006884936765,3.6816431017381426
4420260525010005,大垣競輪,5R,12:37,4-6,4,6,119.3,0.03919688896543109,3.676188853575929
2720260525010001,京王閣競輪,1R,20:57,4-7,4,7,104.2,0.044684910756342455,3.656167700810884
4420260525010005,大垣競輪,5R,12:37,1-4,1,4,50.6,0.09198382720059031,3.6543816563498703
1120260523030006,函館競輪,6R,17:55,3-6,3,6,268.1,0.01735577668535783,3.6530837293444343
1120260523030004,函館競輪,4R,17:07,2-7,2,7,36.3,0.12815092857236585,3.6518787071768797
2720260525010004,京王閣競輪,4R,22:09,1-3,1,3,69.0,0.06740654937445435,3.65105190683735
4420260525010005,大垣競輪,5R,12:37,3-4,3,4,109.1,0.042414829908657456,3.6274579430345284
4220260525010005,名古屋競輪,5R,22:18,1-6,1,6,77.6,0.05943700863414018,3.612311870009277
4420260525010001,大垣競輪,1R,10:45,5-7,5,7,127.3,0.03596587238354474,3.578455554425245
3820260524020010,静岡競輪,10R,15:22,1-3,1,3,181.1,0.02521122334501858,3.565752547782865
3820260524020010,静岡競輪,10R,15:22,3-5,3,5,90.5,0.05043055900518795,3.5639655899695093
4420260525010009,大垣競輪,9R,14:37,4-5,4,5,85.5,0.053259076346945725,3.553651027663859
3820260524020006,静岡競輪,6R,13:22,3-4,3,4,212.1,0.02139672417127812,3.538245196728089
4420260525010011,大垣競輪,11R,15:38,1-2,1,2,108.9,0.041595547318591386,3.529755102994602
1120260523030009,函館競輪,9R,19:09,3-6,3,6,158.2,0.028449863236949882,3.500768364085471
2720260525010004,京王閣競輪,4R,22:09,2-5,2,5,69.0,0.06516819456781273,3.4966054251790784
4420260525010001,大垣競輪,1R,10:45,3-6,3,6,91.7,0.049028534483656634,3.495916612151314
3820260524020010,静岡競輪,10R,15:22,1-2,1,2,203.1,0.022038846431739277,3.4760897102862467
5520260523030005,和歌山競輪,5R,09:53,3-5,3,5,94.1,0.047394575759604485,3.4598295789787814
8620260525010003,別府競輪,3R,16:31,2-4,2,4,103.0,0.04308035820754721,3.4372768953773623
4420260525010011,大垣競輪,11R,15:38,5-6,5,6,111.3,0.0397935912550424,3.4290267066862192
8620260525010011,別府競輪,11R,19:48,2-4,2,4,144.4,0.030630795612493492,3.423086886444061
1120260523030004,函館競輪,4R,17:07,5-6,5,6,368.1,0.011911795963553677,3.384732094184109
5520260523030005,和歌山競輪,5R,09:53,1-7,1,7,114.0,0.03843102818361533,3.3811372129321473
4420260525010012,大垣競輪,12R,16:14,2-5,2,5,156.6,0.02795144707091439,3.3771966113051937
3820260524020005,静岡競輪,5R,12:52,1-2,1,2,85.5,0.05108256173227295,3.367559028109337
3820260524020007,静岡競輪,7R,13:52,6-7,6,7,132.2,0.03285132272447989,3.342944864176241
8620260525010011,別府競輪,11R,19:48,5-7,5,7,59.4,0.07264058073443708,3.3148504956255627
4220260525010006,名古屋競輪,6R,22:45,1-6,1,6,79.6,0.05410857914968298,3.307042900314765
5520260523030007,和歌山競輪,7R,10:35,3-5,3,5,149.6,0.028625944325262963,3.282441271059339
1120260523030004,函館競輪,4R,17:07,4-5,4,5,160.4,0.026698034363876258,3.2823647119657515
5520260523030002,和歌山競輪,2R,08:50,3-7,3,7,154.0,0.02780688121652422,3.28225970734473
5520260523030007,和歌山競輪,7R,10:35,3-6,3,6,88.4,0.048186805350112535,3.2597135929499483
5520260523030001,和歌山競輪,1R,08:30,2-3,2,3,68.5,0.06218010850992828,3.259337432930087
2720260525010006,京王閣競輪,6R,23:03,1-5,1,5,66.7,0.06357414947452227,3.240395769950635
8620260525010004,別府競輪,4R,16:55,4-6,4,6,177.6,0.023758688668240862,3.219543107479577
4420260525010012,大垣競輪,12R,16:14,1-3,1,3,70.4,0.05979872687033271,3.2098303716714236
3820260524020008,静岡競輪,8R,14:22,1-6,1,6,196.4,0.021330877733852623,3.189384386928655
3820260524020003,静岡競輪,3R,11:54,3-7,3,7,95.4,0.04382243719453569,3.180660508358705
8620260525010006,別府競輪,6R,17:43,5-6,5,6,103.8,0.0399602670931362,3.1478757242675375
3820260524020011,静岡競輪,11R,15:52,5-6,5,6,99.1,0.04156049119837113,3.118644677758579
4420260525010004,大垣競輪,4R,12:08,4-7,4,7,103.8,0.03967502951533265,3.118268063691529
5520260523030004,和歌山競輪,4R,09:32,2-3,2,3,72.1,0.05677971532005835,3.0938174745762064
8620260525010003,別府競輪,3R,16:31,1-5,1,5,167.5,0.024398564736820852,3.0867595934174927
3820260524020006,静岡競輪,6R,13:22,3-6,3,6,130.9,0.031133962169278162,3.0754356479585114
8620260525010011,別府競輪,11R,19:48,2-5,2,5,126.3,0.0322121568452253,3.0683954095519548
3820260524020008,静岡競輪,8R,14:22,5-6,5,6,190.5,0.021308738269365517,3.059314640314131
3820260524020004,静岡競輪,4R,12:22,1-5,1,5,115.3,0.034918459092911046,3.0260983334126434
3820260524020008,静岡競輪,8R,14:22,3-6,3,6,216.8,0.01853327063960163,3.0180130746656335
5520260523030007,和歌山競輪,7R,10:35,1-6,1,6,97.8,0.04080787451686683,2.9910101277495755
8620260525010002,別府競輪,2R,16:07,4-5,4,5,49.3,0.0808684422357413,2.986814202222046
4420260525010010,大垣競輪,10R,15:07,1-6,1,6,84.4,0.04705133362069119,2.9711325575863365
1120260523030003,函館競輪,3R,16:43,2-5,2,5,66.3,0.05922203869698016,2.9264211656097845
1120260523030002,函館競輪,2R,16:21,4-7,4,7,40.8,0.09585346631209982,2.910821425533672
5520260523030001,和歌山競輪,1R,08:30,3-5,3,5,76.7,0.05066516789676729,2.8860183776820514
3820260524020006,静岡競輪,6R,13:22,1-7,1,7,85.4,0.045463659643215366,2.8825965335305925
3820260524020005,静岡競輪,5R,12:52,3-4,3,4,82.1,0.04722008409680538,2.8767689043477214
8620260525010001,別府競輪,1R,15:45,2-7,2,7,56.1,0.06847240580364959,2.841301965584742
5520260523030006,和歌山競輪,6R,10:14,1-7,1,7,70.7,0.05426201573943868,2.8363245127783148
1120260523030002,函館競輪,2R,16:21,3-4,3,4,106.7,0.0359537608013592,2.836266277505027
4420260525010002,大垣競輪,2R,11:12,3-6,3,6,104.0,0.03673901749450842,2.8208578194288756
2720260525010001,京王閣競輪,1R,20:57,4-5,4,5,104.2,0.03648998161045312,2.8022560838092154
3820260524020009,静岡競輪,9R,14:52,1-7,1,7,186.9,0.02029279567978406,2.792723512551641
4420260525010004,大垣競輪,4R,12:08,3-7,3,7,45.0,0.0840972815816048,2.784377671172216
8620260525010003,別府競輪,3R,16:31,3-5,3,5,287.1,0.013142028190541485,2.773076293504461
5520260523030007,和歌山競輪,7R,10:35,4-6,4,6,164.0,0.022992193229358554,2.7707196896148027
5520260523030005,和歌山競輪,5R,09:53,4-5,4,5,183.9,0.020468770073058567,2.7642068164354705
8620260525010002,別府競輪,2R,16:07,3-6,3,6,163.0,0.023085634250846032,2.7629583828879034
3820260524020005,静岡競輪,5R,12:52,2-3,2,3,65.0,0.057845835223612405,2.7599792895348063
1120260523030003,函館競輪,3R,16:43,1-3,1,3,81.8,0.04587356638946352,2.752457730658116
3820260524020004,静岡競輪,4R,12:22,1-7,1,7,158.6,0.023437840476256168,2.717241499534228
4420260525010001,大垣競輪,1R,10:45,6-7,6,7,111.4,0.03336444437092242,2.7167991029207577
3820260524020010,静岡競輪,10R,15:22,5-6,5,6,101.5,0.0363485155861602,2.6893743319952605
5520260523030004,和歌山競輪,4R,09:32,5-7,5,7,75.6,0.048447388593032374,2.6626225776332473
8620260525010004,別府競輪,4R,16:55,1-2,1,2,39.4,0.09261432680777941,2.6490044762265086
8620260525010002,別府競輪,2R,16:07,2-3,2,3,267.8,0.013481470373993002,2.610337766155326
5520260523030007,和歌山競輪,7R,10:35,2-5,2,5,116.9,0.030768289642778973,2.596813059240862
4420260525010011,大垣競輪,11R,15:38,1-3,1,3,66.6,0.05386265836599363,2.587253047175176
4220260525010005,名古屋競輪,5R,22:18,1-5,1,5,155.2,0.023043782796258922,2.5763950899793846
4420260525010002,大垣競輪,2R,11:12,5-6,5,6,67.5,0.05290488667376926,2.571079850479425
2720260525010007,京王閣競輪,7R,23:30,3-5,3,5,63.0,0.056648112741806624,2.5688311027338173
3820260524020009,静岡競輪,9R,14:52,3-6,3,6,70.5,0.05043421810588352,2.5556123764647882
3820260524020011,静岡競輪,11R,15:52,1-2,1,2,131.4,0.026871769904630884,2.5309505654684985
5520260523030003,和歌山競輪,3R,09:11,4-6,4,6,75.2,0.046937670398321724,2.5297128139537937
4220260525010001,名古屋競輪,1R,20:41,5-7,5,7,117.0,0.03014982883086944,2.5275299732117245
3820260524020005,静岡競輪,5R,12:52,5-6,5,6,80.0,0.04383599457867436,2.506879566293949
1120260523030008,函館競輪,8R,18:43,6-7,6,7,55.0,0.06360569793104531,2.498313386207492
3820260524020008,静岡競輪,8R,14:22,2-3,2,3,53.2,0.06575437377050451,2.49813268459084
5520260523030003,和歌山競輪,3R,09:11,6-7,6,7,114.6,0.030365952583701138,2.47993816609215
4420260525010012,大垣競輪,12R,16:14,1-2,1,2,174.8,0.019906697684908208,2.479690755321955
2720260525010007,京王閣競輪,7R,23:30,1-7,1,7,63.0,0.05506206580228275,2.468910145543813
1120260523030003,函館競輪,3R,16:43,5-6,5,6,104.7,0.033104871939906744,2.466080092108236
4420260525010003,大垣競輪,3R,11:40,2-6,2,6,132.6,0.02605927152831082,2.4554594046540146
1120260523030006,函館競輪,6R,17:55,4-5,4,5,107.2,0.03218035595670933,2.4497341585592403
4420260525010009,大垣競輪,9R,14:37,2-7,2,7,100.0,0.03439181903918269,2.4391819039182687
4420260525010011,大垣競輪,11R,15:38,3-6,3,6,69.4,0.049521781926618234,2.436811665707306
8620260525010005,別府競輪,5R,17:19,3-6,3,6,42.9,0.08001482385989253,2.4326359435893896
5520260523030004,和歌山競輪,4R,09:32,1-2,1,2,59.0,0.058041881267887285,2.42447099480535
3820260524020001,静岡競輪,1R,10:58,1-3,1,3,81.7,0.04181361722397966,2.416172527199138
4420260525010006,大垣競輪,6R,13:07,2-5,2,5,194.5,0.01752548850978841,2.408707515153846
8620260525010001,別府競輪,1R,15:45,3-6,3,6,151.0,0.022555595858380732,2.4058949746154905
8620260525010007,別府競輪,7R,18:07,5-6,5,6,145.5,0.02336008368569727,2.398892176268953
8620260525010010,別府競輪,10R,19:22,2-3,2,3,97.5,0.03483438073577702,2.3963521217382597
3820260524020001,静岡競輪,1R,10:58,6-7,6,7,105.3,0.03214945393216313,2.385337499056778
4420260525010002,大垣競輪,2R,11:12,5-7,5,7,57.7,0.058617459356903365,2.3822274048933245
8620260525010001,別府競輪,1R,15:45,4-7,4,7,151.0,0.022382819056590474,2.3798056775451615
3820260524020002,静岡競輪,2R,11:26,2-6,2,6,144.5,0.02336428148767191,2.376138674968591
2720260525010006,京王閣競輪,6R,23:03,2-7,2,7,66.7,0.050552578025468746,2.3718569542987655
3820260524020003,静岡競輪,3R,11:54,4-7,4,7,194.1,0.017328169462332222,2.363397692638684
4220260525010005,名古屋競輪,5R,22:18,3-6,3,6,155.2,0.021609006137273283,2.353717752504813
5520260523030002,和歌山競輪,2R,08:50,3-6,3,6,437.9,0.007617651359006749,2.3357695301090553
6120260525010007,玉野競輪,7R,23:21,5-7,5,7,395.2,0.008431487378557607,2.332123812005966
1120260523030003,函館競輪,3R,16:43,1-5,1,5,153.1,0.021758738312822063,2.3312628356930576
4420260525010011,大垣競輪,11R,15:38,2-7,2,7,77.9,0.04267598473851941,2.3244592111306623
3820260524020010,静岡競輪,10R,15:22,1-5,1,5,171.8,0.01934602167276738,2.3236465233814365
4420260525010002,大垣競輪,2R,11:12,4-6,4,6,129.6,0.025572959937494356,2.3142556078992684
4420260525010008,大垣競輪,8R,14:07,4-6,4,6,69.6,0.04726249490763003,2.28946964557105
4420260525010010,大垣競輪,10R,15:07,2-7,2,7,49.4,0.06654188310160927,2.287169025219498
8620260525010004,別府競輪,4R,16:55,1-7,1,7,36.7,0.08945520300441089,2.2830059502618796
4420260525010011,大垣競輪,11R,15:38,1-5,1,5,73.9,0.04437484168669772,2.2793008006469617
1120260523030008,函館競輪,8R,18:43,1-3,1,3,55.0,0.0596217579845227,2.2791966891487485
5520260523030005,和歌山競輪,5R,09:53,1-3,1,3,65.2,0.050238675460451854,2.275561640021461
8620260525010007,別府競輪,7R,18:07,6-7,6,7,145.5,0.022497725595432894,2.273419074135486
8620260525010004,別府競輪,4R,16:55,2-6,2,6,136.6,0.0238658282740129,2.2600721422301624
4420260525010006,大垣競輪,6R,13:07,3-4,3,4,50.3,0.0646351282950384,2.2511469532404313
1120260523030010,函館競輪,10R,19:35,2-3,2,3,97.9,0.03305940550043988,2.2365157984930644
4420260525010007,大垣競輪,7R,13:37,2-6,2,6,60.2,0.053377419200671385,2.2133206358804176
3820260524020006,静岡競輪,6R,13:22,2-6,2,6,59.7,0.05382252783927301,2.2132049120045987
4220260525010007,名古屋競輪,7R,23:12,1-7,1,7,35.2,0.09107129379024623,2.2057095414166676
4420260525010006,大垣競輪,6R,13:07,1-4,1,4,70.8,0.045238579540536505,2.2028914314699843
5520260523030001,和歌山競輪,1R,08:30,3-6,3,6,62.5,0.051214366654518555,2.20089791590741
5520260523030006,和歌山競輪,6R,10:14,6-7,6,7,66.5,0.048078080935108014,2.197192382184683
1120260523030010,函館競輪,10R,19:35,3-6,3,6,122.4,0.026107225938603228,2.1955244548850352
3820260524020010,静岡競輪,10R,15:22,5-7,5,7,81.7,0.03899449958379031,2.1858506159956685
8620260525010005,別府競輪,5R,17:19,5-6,5,6,98.6,0.03226061241029008,2.1808963836546016
4420260525010009,大垣競輪,9R,14:37,1-2,1,2,89.2,0.03564206256045398,2.1792719803924947
4420260525010010,大垣競輪,10R,15:07,4-6,4,6,241.5,0.013150506765246716,2.1758473838070818
5520260523030006,和歌山競輪,6R,10:14,4-6,4,6,160.6,0.01977054740319235,2.1751499129526914
3820260524020009,静岡競輪,9R,14:52,4-5,4,5,70.5,0.044832281148674005,2.1606758209815173
8620260525010002,別府競輪,2R,16:07,2-4,2,4,45.7,0.06864002297786208,2.1368490500882973
4420260525010009,大垣競輪,9R,14:37,3-4,3,4,41.7,0.07481828091658636,2.1199223142216517
2720260525010006,京王閣競輪,6R,23:03,2-4,2,4,66.7,0.046662188214283855,2.112367953892733
3820260524020009,静岡競輪,9R,14:52,2-5,2,5,79.5,0.03900748025957861,2.1010946806365
5520260523030003,和歌山競輪,3R,09:11,1-3,1,3,59.6,0.05197379600953676,2.097638242168391
1120260523030008,函館競輪,8R,18:43,3-6,3,6,78.6,0.03937388548160206,2.0947873988539216
4420260525010004,大垣競輪,4R,12:08,5-7,5,7,90.0,0.034263750103988126,2.083737509358931
4420260525010005,大垣競輪,5R,12:37,4-5,4,5,91.2,0.033541368754680854,2.058972830426894
1120260523030012,函館競輪,12R,20:30,1-6,1,6,55.2,0.055127357781309005,2.0430301495282572
1120260523030001,函館競輪,1R,15:59,1-2,1,2,112.5,0.026915141192627806,2.0279533841706283
3820260524020004,静岡競輪,4R,12:22,3-6,3,6,86.0,0.035201206525137044,2.027303761161786
3820260524020003,静岡競輪,3R,11:54,4-6,4,6,87.9,0.03443851677622768,2.0271456246304136
5520260523030006,和歌山競輪,6R,10:14,3-5,3,5,44.9,0.06738386997336007,2.025535761803867
4220260525010007,名古屋競輪,7R,23:12,1-4,1,4,35.2,0.08593623508744833,2.0249554750781815
5520260523030005,和歌山競輪,5R,09:53,1-2,1,2,81.7,0.03697021496246185,2.0204665624331333
5520260523030005,和歌山競輪,5R,09:53,5-6,5,6,245.2,0.012314569690107937,2.019532488014466
1120260523030009,函館競輪,9R,19:09,3-5,3,5,59.3,0.050895538966621884,2.0181054607206774
2720260525010006,京王閣競輪,6R,23:03,1-3,1,3,33.3,0.09046232517371589,2.0123954282847385
4420260525010005,大垣競輪,5R,12:37,4-7,4,7,45.7,0.06578981777908027,2.0065946725039687
5520260523030001,和歌山競輪,1R,08:30,3-4,3,4,240.5,0.012460554243997042,1.9967632956812884
4420260525010010,大垣競輪,10R,15:07,3-6,3,6,76.2,0.03925411394451535,1.9911634825720697
5520260523030006,和歌山競輪,6R,10:14,1-4,1,4,111.2,0.02688036676884188,1.9890967846952168
5520260523030004,和歌山競輪,4R,09:32,3-6,3,6,96.2,0.030989889298310667,1.9812273504974862
3820260524020009,静岡競輪,9R,14:52,3-5,3,5,53.6,0.05523562068987088,1.9606292689770792
4420260525010007,大垣競輪,7R,13:37,4-6,4,6,80.0,0.03696043935375009,1.9568351483000073
5520260523030005,和歌山競輪,5R,09:53,2-6,2,6,58.2,0.05054727222368248,1.9418512434183204
5520260523030001,和歌山競輪,1R,08:30,4-6,4,6,70.7,0.04153220969869641,1.9363272256978359
8620260525010006,別府競輪,6R,17:43,1-2,1,2,51.9,0.056476824666310294,1.931147200181504
4420260525010003,大垣競輪,3R,11:40,5-6,5,6,128.2,0.022862693747971917,1.9309973384899997
5520260523030004,和歌山競輪,4R,09:32,1-5,1,5,81.1,0.03609302332148395,1.9271441913723484
8620260525010003,別府競輪,3R,16:31,6-7,6,7,36.2,0.08071829577916768,1.9220023072058705
5520260523030007,和歌山競輪,7R,10:35,6-7,6,7,95.0,0.030632591497970485,1.9100961923071962
3820260524020004,静岡競輪,4R,12:22,1-2,1,2,267.1,0.010877654149676275,1.9054214233785336
1120260523030009,函館競輪,9R,19:09,2-3,2,3,36.5,0.07951721662303118,1.9023784067406382
8620260525010005,別府競輪,5R,17:19,2-7,2,7,55.8,0.051845660530909554,1.8929878576247532
3820260524020010,静岡競輪,10R,15:22,6-7,6,7,81.7,0.03528507830198885,1.8827908972724892
5520260523030002,和歌山競輪,2R,08:50,3-5,3,5,62.5,0.04608313454582767,1.8801959091142297
1120260523030006,函館競輪,6R,17:55,2-5,2,5,59.5,0.048239073473743926,1.8702248716877636
3820260524020007,静岡競輪,7R,13:52,1-2,1,2,28.6,0.1003416928149622,1.8697724145079193
8620260525010003,別府競輪,3R,16:31,1-2,1,2,46.2,0.0620815527353579,1.8681677363735352
3820260524020009,静岡競輪,9R,14:52,5-6,5,6,256.2,0.011193380393584952,1.8677440568364645
1120260523030001,函館競輪,1R,15:59,1-4,1,4,76.2,0.03756162413897798,1.8621957593901217
1120260523030009,函館競輪,9R,19:09,3-4,3,4,118.6,0.0240474223695017,1.8520242930229012
4420260525010011,大垣競輪,11R,15:38,2-6,2,6,74.5,0.038185492045826275,1.8448191574140576
3820260524020002,静岡競輪,2R,11:26,3-6,3,6,73.1,0.038847799343746325,1.839774132027856
3820260524020011,静岡競輪,11R,15:52,1-6,1,6,262.8,0.01077552699869844,1.8318084952579503
8620260525010002,別府競輪,2R,16:07,1-5,1,5,57.6,0.049131077015655625,1.829950036101764
8620260525010005,別府競輪,5R,17:19,4-6,4,6,111.7,0.025237613114214533,1.8190413848577633
1120260523030012,函館競輪,12R,20:30,1-4,1,4,58.5,0.048164905011302064,1.8176469431611708
5520260523030007,和歌山競輪,7R,10:35,3-4,3,4,48.9,0.05752834031007145,1.8131358411624938
3820260524020006,静岡競輪,6R,13:22,1-3,1,3,166.3,0.016863793656543807,1.8044488850832354
1120260523030011,函館競輪,11R,20:01,5-6,5,6,89.0,0.031192444873820165,1.7761275937699947
8620260525010011,別府競輪,11R,19:48,2-6,2,6,126.3,0.021961089671229055,1.7736856254762294
3820260524020007,静岡競輪,7R,13:52,3-4,3,4,121.5,0.022676187446543806,1.7551567747550725
5520260523030007,和歌山競輪,7R,10:35,5-7,5,7,158.9,0.017332485716876282,1.7541319804116413
2720260525010001,京王閣競輪,1R,20:57,3-7,3,7,104.2,0.02639938218168627,1.7508156233317091
3820260524020003,静岡競輪,3R,11:54,5-6,5,6,38.5,0.07113438007844006,1.7386736330199422
3820260524020010,静岡競輪,10R,15:22,2-3,2,3,48.9,0.0559137280989022,1.7341813040363174
2720260525010004,京王閣競輪,4R,22:09,3-5,3,5,69.0,0.03954177792305137,1.7283826766905448
4420260525010009,大垣競輪,9R,14:37,4-7,4,7,109.2,0.024942792146202254,1.7237529023652862
1120260523030006,函館競輪,6R,17:55,6-7,6,7,268.1,0.010151509887281657,1.7216198007802124
4420260525010008,大垣競輪,8R,14:07,5-7,5,7,59.7,0.0454574271891223,1.7138084031906016
4420260525010008,大垣競輪,8R,14:07,4-5,4,5,51.3,0.05266419283805538,1.701673092592241
6120260525010001,玉野競輪,1R,20:49,1-7,1,7,37.1,0.07252608975085015,1.6907179297565404
4220260525010005,名古屋競輪,5R,22:18,2-5,2,5,155.2,0.017176261608826137,1.6657558016898162
4420260525010009,大垣競輪,9R,14:37,1-4,1,4,98.8,0.026957710884939673,1.6634218354320396
4420260525010004,大垣競輪,4R,12:08,2-3,2,3,38.8,0.06850057518193935,1.6578223170592463
4420260525010010,大垣競輪,10R,15:07,2-5,2,5,74.9,0.035454098738572214,1.655511995519059
1120260523030001,函館競輪,1R,15:59,1-7,1,7,84.9,0.03112476062538675,1.6424921770953351
8620260525010002,別府競輪,2R,16:07,1-3,1,3,79.7,0.03310724819007295,1.638647680748814
8620260525010003,別府競輪,3R,16:31,2-3,2,3,67.0,0.039316193496532995,1.6341849642677104
3820260524020010,静岡競輪,10R,15:22,2-7,2,7,60.3,0.043526049587396205,1.624620790119991
2720260525010004,京王閣競輪,4R,22:09,1-4,1,4,34.5,0.07606607527867687,1.6242795971143522
5520260523030005,和歌山競輪,5R,09:53,1-6,1,6,202.3,0.012918449486234634,1.6134023310652665
3820260524020001,静岡競輪,1R,10:58,3-5,3,5,62.1,0.04202080675777283,1.6094920996576927
3820260524020009,静岡競輪,9R,14:52,4-7,4,7,75.2,0.03462339570645914,1.6036793571257277
1120260523030003,函館競輪,3R,16:43,5-7,5,7,58.5,0.044473760443310716,1.6017149859336768
3820260524020010,静岡競輪,10R,15:22,1-6,1,6,152.3,0.017061477195158596,1.5984629768226544
8620260525010001,別府競輪,1R,15:45,5-7,5,7,54.5,0.047572231065261567,1.5926865930567553
4420260525010006,大垣競輪,6R,13:07,6-7,6,7,33.6,0.07684490187965168,1.5819887031562967
1120260523030001,函館競輪,1R,15:59,5-6,5,6,102.3,0.02520207779777256,1.578172558712133
1120260523030010,函館競輪,10R,19:35,3-4,3,4,163.2,0.015782506699600744,1.5757050933748413
4420260525010007,大垣競輪,7R,13:37,3-6,3,6,52.6,0.04892415039652155,1.5734103108570339
1120260523030002,函館競輪,2R,16:21,2-3,2,3,61.2,0.041915895177800824,1.5652527848814106
1120260523030012,函館競輪,12R,20:30,1-2,1,2,33.9,0.07562759127013666,1.5637753440576327
5520260523030004,和歌山競輪,4R,09:32,2-5,2,5,114.6,0.022312379340822586,1.5569986724582683
3820260524020004,静岡競輪,4R,12:22,5-7,5,7,50.7,0.05036277553733108,1.553392719742686
5520260523030005,和歌山競輪,5R,09:53,5-7,5,7,70.3,0.03625989339927786,1.5490705059692336
1120260523030010,函館競輪,10R,19:35,6-7,6,7,40.8,0.062441605311770565,1.547617496720239
4420260525010002,大垣競輪,2R,11:12,2-7,2,7,38.0,0.06702382498154819,1.546905349298831
8620260525010011,別府競輪,11R,19:48,1-6,1,6,56.1,0.045395588809247815,1.5466925321988025
4420260525010006,大垣競輪,6R,13:07,4-7,4,7,25.4,0.09999329168189804,1.53982960872021
3820260524020001,静岡競輪,1R,10:58,2-6,2,6,44.0,0.0577046002745396,1.5390024120797423
6120260525010001,玉野競輪,1R,20:49,1-5,1,5,37.1,0.06840012224290123,1.5376445352116357
5520260523030007,和歌山競輪,7R,10:35,5-6,5,6,290.6,0.008731635914382304,1.5374133967194976
2720260525010004,京王閣競輪,4R,22:09,1-6,1,6,34.5,0.07333615606956097,1.5300973843998533
3820260524020001,静岡競輪,1R,10:58,3-7,3,7,98.6,0.02562240836885861,1.5263694651694588
4420260525010006,大垣競輪,6R,13:07,2-6,2,6,97.2,0.02597606996070884,1.5248740001808994
4420260525010009,大垣競輪,9R,14:37,4-6,4,6,188.6,0.01334302489538871,1.5164944952703103
1120260523030006,函館競輪,6R,17:55,1-7,1,7,67.0,0.03744326762713578,1.5086989310180976
3820260524020010,静岡競輪,10R,15:22,3-7,3,7,50.7,0.04942849821167303,1.5060248593318226
3820260524020004,静岡競輪,4R,12:22,6-7,6,7,175.0,0.014240982437297224,1.4921719265270141
8620260525010009,別府競輪,9R,18:56,4-6,4,6,50.5,0.049156193440965903,1.482387768768778
8620260525010005,別府競輪,5R,17:19,3-4,3,4,38.0,0.06523068539353893,1.4787660449544795
8620260525010001,別府競輪,1R,15:45,6-7,6,7,245.4,0.010095713177253149,1.477488013697923
1120260523030006,函館競輪,6R,17:55,4-7,4,7,44.6,0.0554310689258285,1.472225674091951
8620260525010005,別府競輪,5R,17:19,6-7,6,7,57.8,0.04260467236010955,1.4625500624143317
8620260525010011,別府競輪,11R,19:48,1-4,1,4,45.9,0.053373958566867344,1.4498646982192112
2720260525010005,京王閣競輪,5R,22:36,1-5,1,5,38.2,0.0640076947238103,1.4450939384495536
8620260525010005,別府競輪,5R,17:19,2-3,2,3,26.6,0.0916223712427036,1.4371550750559159
1120260523030008,函館競輪,8R,18:43,1-7,1,7,27.5,0.08800652342807638,1.4201793942721004
3820260524020008,静岡競輪,8R,14:22,3-5,3,5,67.6,0.03579583356328327,1.4197983488779489
8620260525010006,別府競輪,6R,17:43,2-3,2,3,69.2,0.03494727861794687,1.4183516803619236
3820260524020002,静岡競輪,2R,11:26,1-6,1,6,94.1,0.025697847279045942,1.4181674289582231
1120260523030010,函館競輪,10R,19:35,5-6,5,6,69.9,0.03447121416044293,1.4095378698149612
3820260524020009,静岡競輪,9R,14:52,1-5,1,5,93.4,0.025630098745472313,1.3938512228271143
1120260523030001,函館競輪,1R,15:59,5-7,5,7,22.8,0.10435531456466977,1.379301172074471
6120260525010004,玉野競輪,4R,22:01,2-6,2,6,55.8,0.04237558894390206,1.3645578630697348
1120260523030012,函館競輪,12R,20:30,1-3,1,3,47.1,0.0501519080050429,1.3621548670375208
3820260524020003,静岡競輪,3R,11:54,2-6,2,6,69.5,0.03395720686503516,1.3600258771199436
3820260524020001,静岡競輪,1R,10:58,4-5,4,5,52.2,0.04498973170637921,1.3484639950729949
3820260524020007,静岡競輪,7R,13:52,5-6,5,6,179.8,0.01305686978369577,1.3476251871084997
4420260525010002,大垣競輪,2R,11:12,1-6,1,6,61.3,0.038230829441224294,1.343549844747049
1120260523030010,函館競輪,10R,19:35,2-7,2,7,32.6,0.07130391149400075,1.3245075147044245
1120260523030009,函館競輪,9R,19:09,1-6,1,6,94.9,0.024391296829315318,1.3147340691020237
8620260525010007,別府競輪,7R,18:07,1-3,1,3,72.7,0.03180503223469659,1.3122258434624423
3820260524020011,静岡競輪,11R,15:52,1-7,1,7,62.5,0.03699388561520862,1.3121178509505387
3820260524020005,静岡競輪,5R,12:52,4-7,4,7,51.2,0.045133860895660204,1.3108536778578026
4420260525010009,大垣競輪,9R,14:37,2-3,2,3,27.0,0.08548896760700578,1.308202125389156
1120260523030010,函館競輪,10R,19:35,4-6,4,6,97.9,0.023564318050949495,1.306946737187956
1120260523030002,函館競輪,2R,16:21,2-7,2,7,22.6,0.10174960442382339,1.2995410599784085
1120260523030005,函館競輪,5R,17:31,5-6,5,6,44.4,0.05173788047175538,1.2971618929459385
1120260523030001,函館競輪,1R,15:59,1-3,1,3,53.5,0.042768976453191714,1.2881402402457565
5520260523030002,和歌山競輪,2R,08:50,1-3,1,3,69.9,0.032667426885031534,1.2834531392637043
3820260524020011,静岡競輪,11R,15:52,3-4,3,4,38.9,0.058575579055716955,1.2785900252673894
8620260525010007,別府競輪,7R,18:07,4-6,4,6,48.5,0.04683191098795503,1.271347682915819
1120260523030009,函館競輪,9R,19:09,6-7,6,7,67.8,0.03338051270394473,1.2631987613274527
3820260524020003,静岡競輪,3R,11:54,6-7,6,7,144.3,0.015664609061367397,1.2604030875553156
5520260523030002,和歌山競輪,2R,08:50,2-3,2,3,118.8,0.018989385637403454,1.2559390137235305
3820260524020011,静岡競輪,11R,15:52,3-6,3,6,138.3,0.01631057302962946,1.2557522499977547
8620260525010012,別府競輪,12R,20:15,1-3,1,3,45.7,0.049347176305753235,1.255165957172923
3820260524020006,静岡競輪,6R,13:22,3-7,3,7,41.3,0.0545665511953826,1.2535985643693013
2720260525010007,京王閣競輪,7R,23:30,3-4,3,4,63.0,0.03571152750151847,1.2498262325956637
1120260523030008,函館競輪,8R,18:43,5-7,5,7,36.7,0.06126939378334187,1.2485867518486469
3820260524020008,静岡競輪,8R,14:22,2-6,2,6,46.5,0.04812573866821622,1.2378468480720541
3820260524020005,静岡競輪,5R,12:52,2-7,2,7,39.5,0.05651457664868241,1.2323257776229553
3820260524020001,静岡競輪,1R,10:58,3-6,3,6,129.5,0.017228823895879725,1.2311326945164245
5520260523030004,和歌山競輪,4R,09:32,1-3,1,3,29.8,0.07471138387160135,1.2263992393737202
2720260525010004,京王閣競輪,4R,22:09,2-7,2,7,69.0,0.03222391861990112,1.2234503847731775
1120260523030012,函館競輪,12R,20:30,2-5,2,5,53.7,0.041370648495594686,1.2216038242134348
4420260525010001,大垣競輪,1R,10:45,1-4,1,4,72.5,0.030541499716254472,1.2142587294284493
3820260524020007,静岡競輪,7R,13:52,1-7,1,7,49.9,0.044208593086423234,1.2060087950125191
3820260524020002,静岡競輪,2R,11:26,1-7,1,7,54.0,0.04071193989368678,1.1984447542590861
4420260525010004,大垣競輪,4R,12:08,2-5,2,5,85.4,0.025718004538257375,1.1963175875671799
8620260525010005,別府競輪,5R,17:19,2-4,2,4,67.0,0.03274318918187537,1.1937936751856495
4420260525010003,大垣競輪,3R,11:40,1-2,1,2,66.9,0.03268432196097976,1.1865811391895464
1120260523030001,函館競輪,1R,15:59,2-7,2,7,80.3,0.02716088978881527,1.181019450041866
4220260525010005,名古屋競輪,5R,22:18,2-6,2,6,51.7,0.04215624182906831,1.1794777025628318
1120260523030010,函館競輪,10R,19:35,2-6,2,6,44.5,0.048944698233485046,1.1780390713900846
4420260525010009,大垣競輪,9R,14:37,5-7,5,7,39.9,0.054532740043258116,1.1758563277259988
1120260523030002,函館競輪,2R,16:21,3-7,3,7,35.8,0.06063498232132612,1.1707323671034748
1120260523030008,函館競輪,8R,18:43,4-7,4,7,22.9,0.09473561366859909,1.169445553010919
5520260523030007,和歌山競輪,7R,10:35,4-7,4,7,56.2,0.03851872908589343,1.1647525746272112
1120260523030001,函館競輪,1R,15:59,3-6,3,6,180.0,0.01201450647231243,1.1626111650162372
6120260525010001,玉野競輪,1R,20:49,5-7,5,7,74.2,0.02910618415771541,1.1596788645024834
3820260524020006,静岡競輪,6R,13:22,4-7,4,7,39.9,0.054090298009013535,1.15820289055964
4420260525010005,大垣競輪,5R,12:37,2-3,2,3,93.2,0.023146204086558247,1.1572262208672286
4420260525010008,大垣競輪,8R,14:07,3-5,3,5,65.8,0.032745136038217354,1.1546299513147016
2720260525010004,京王閣競輪,4R,22:09,3-4,3,4,69.0,0.031209761836517916,1.1534735667197364
5520260523030003,和歌山競輪,3R,09:11,3-7,3,7,41.0,0.05235535382963545,1.1465695070150534
8620260525010009,別府競輪,9R,18:56,4-5,4,5,36.1,0.0593845604536387,1.143782632376357
1120260523030002,函館競輪,2R,16:21,6-7,6,7,32.7,0.06488105991108656,1.1216106590925308
3820260524020004,静岡競輪,4R,12:22,4-6,4,6,50.2,0.04218116478714935,1.1174944723148976
2720260525010007,京王閣競輪,7R,23:30,1-3,1,3,21.0,0.10075997934919503,1.1159595663330957
4420260525010002,大垣競輪,2R,11:12,4-7,4,7,64.8,0.03263942833748555,1.1150349562690636
4420260525010010,大垣競輪,10R,15:07,4-5,4,5,88.7,0.023683435087220792,1.1007206922364845
2720260525010006,京王閣競輪,6R,23:03,2-5,2,5,66.7,0.03146210123204221,1.0985221521772157
3820260524020003,静岡競輪,3R,11:54,3-6,3,6,27.1,0.07700546066953427,1.086847984144379
5520260523030005,和歌山競輪,5R,09:53,1-5,1,5,252.9,0.008231756120563625,1.081811122890541
1120260523030012,函館競輪,12R,20:30,3-5,3,5,96.6,0.02154959680545994,1.08169105140743
8620260525010008,別府競輪,8R,18:31,6-7,6,7,171.0,0.012166822777691495,1.0805266949852457
1120260523030006,函館競輪,6R,17:55,2-3,2,3,16.2,0.1281872948493511,1.0766341765594878
8620260525010009,別府競輪,9R,18:56,4-7,4,7,42.1,0.04930619068636372,1.0757906278959126
1120260523030010,函館競輪,10R,19:35,2-4,2,4,61.2,0.033915448903390655,1.0756254728875083
8620260525010009,別府競輪,9R,18:56,1-7,1,7,31.5,0.06585693122449715,1.0744933335716604
4420260525010005,大垣競輪,5R,12:37,3-6,3,6,79.8,0.025974046145980374,1.0727288824492338
3820260524020010,静岡競輪,10R,15:22,4-5,4,5,26.3,0.07841065298640724,1.0622001735425104
4420260525010009,大垣競輪,9R,14:37,5-6,5,6,52.8,0.03901570333052473,1.0600291358517056
3820260524020009,静岡競輪,9R,14:52,5-7,5,7,230.6,0.008929135734998189,1.0590587004905823
8620260525010008,別府競輪,8R,18:31,1-7,1,7,34.2,0.06020305424778212,1.0589444552741485
2720260525010001,京王閣競輪,1R,20:57,3-5,3,5,104.2,0.01970026447738871,1.0527675585439038
4420260525010003,大垣競輪,3R,11:40,4-5,4,5,50.6,0.04052713487453205,1.0506730246513216
8620260525010010,別府競輪,10R,19:22,3-5,3,5,27.8,0.0737456598206971,1.0501293430153793
1120260523030004,函館競輪,4R,17:07,2-6,2,6,127.7,0.01603838062733481,1.0481012061106552
3820260524020011,静岡競輪,11R,15:52,1-3,1,3,78.4,0.026122972872935614,1.0480410732381524
4420260525010007,大垣競輪,7R,13:37,5-7,5,7,73.8,0.027678793679917053,1.0426949735778783
4420260525010001,大垣競輪,1R,10:45,2-4,2,4,56.2,0.036341112285058826,1.042370510420306
1120260523030012,函館競輪,12R,20:30,2-4,2,4,58.5,0.034873240827176535,1.0400845883898273
1120260523030006,函館競輪,6R,17:55,1-4,1,4,53.6,0.0380194022679394,1.0378399615615521
4220260525010001,名古屋競輪,1R,20:41,5-6,5,6,39.0,0.05214596483343439,1.0336926285039412
5520260523030007,和歌山競輪,7R,10:35,1-5,1,5,84.7,0.0239587086406672,1.0293026218645118
4420260525010006,大垣競輪,6R,13:07,1-5,1,5,114.0,0.017795418215540034,1.0286776765715637
4220260525010006,名古屋競輪,6R,22:45,2-6,2,6,63.7,0.031811887310434134,1.0264172216746545
3820260524020007,静岡競輪,7R,13:52,1-3,1,3,179.8,0.011251731469928515,1.0230613182931472
5520260523030006,和歌山競輪,6R,10:14,2-7,2,7,43.6,0.04634882727716289,1.020808869284302
6120260525010001,玉野競輪,1R,20:49,1-4,1,4,24.7,0.08163518699745675,1.0163891188371816
1120260523030001,函館競輪,1R,15:59,1-6,1,6,214.3,0.009396477588102935,1.013665147130459
4420260525010009,大垣競輪,9R,14:37,6-7,6,7,115.3,0.017457421185208225,1.0128406626545083
5520260523030004,和歌山競輪,4R,09:32,4-6,4,6,106.7,0.018843646482801818,1.010617079714954
4420260525010008,大垣競輪,8R,14:07,3-4,3,4,24.9,0.08065850280470313,1.008396719837108
1120260523030004,函館競輪,4R,17:07,3-5,3,5,37.6,0.05276490677896212,0.9839604948889757
1120260523030003,函館競輪,3R,16:43,1-6,1,6,114.8,0.017275693997985217,0.9832496709687029
3820260524020010,静岡競輪,10R,15:22,2-6,2,6,48.9,0.04053110850054961,0.9819712056768759
5520260523030007,和歌山競輪,7R,10:35,2-4,2,4,32.3,0.06120178704296245,0.9768177214876868
1120260523030011,函館競輪,11R,20:01,5-7,5,7,64.7,0.030551267686712992,0.9766670193303306
4420260525010001,大垣競輪,1R,10:45,3-5,3,5,37.8,0.052273447002237856,0.9759362966845908
8620260525010005,別府競輪,5R,17:19,1-2,1,2,52.3,0.037649690727995,0.9690788250741382
2720260525010001,京王閣競輪,1R,20:57,3-6,3,6,104.2,0.018823460622365146,0.9614045968504483
3820260524020004,静岡競輪,4R,12:22,2-5,2,5,68.5,0.028559863403440737,0.9563506431356905
1120260523030011,函館競輪,11R,20:01,6-7,6,7,101.7,0.019216244690062778,0.9542920849793846
4220260525010005,名古屋競輪,5R,22:18,6-7,6,7,155.2,0.012577012491971691,0.9519523387540063
3820260524020007,静岡競輪,7R,13:52,3-6,3,6,249.8,0.007812724275442818,0.9516185240056161
3820260524020011,静岡競輪,11R,15:52,2-3,2,3,55.9,0.03477630071603864,0.9439952100265601
3820260524020006,静岡競輪,6R,13:22,2-5,2,5,25.3,0.07679395810427117,0.9428871400380607
4420260525010004,大垣競輪,4R,12:08,5-6,5,6,110.6,0.017562021668345074,0.9423595965189651
1120260523030003,函館競輪,3R,16:43,2-6,2,6,37.0,0.05241229794886655,0.9392550241080624
8620260525010012,別府競輪,12R,20:15,1-4,1,4,48.4,0.039937210919143595,0.9329610084865501
3820260524020003,静岡競輪,3R,11:54,1-4,1,4,65.4,0.029479481829090555,0.9279581116225224
4420260525010005,大垣競輪,5R,12:37,1-2,1,2,29.9,0.06428648605435817,0.9221659330253094
3820260524020004,静岡競輪,4R,12:22,1-6,1,6,211.5,0.009084231852760253,0.9213150368587935
8620260525010004,別府競輪,4R,16:55,1-6,1,6,30.6,0.06247934718958544,0.9118680240013146
8620260525010003,別府競輪,3R,16:31,2-5,2,5,108.6,0.0175997020366725,0.9113276411826334
1120260523030007,函館競輪,7R,18:19,6-7,6,7,60.5,0.0315898539828062,0.9111861659597751
4420260525010008,大垣競輪,8R,14:07,5-6,5,6,168.4,0.011347316386257866,0.9108880794458247
4420260525010007,大垣競輪,7R,13:37,1-7,1,7,37.8,0.05043965028049624,0.9066187806027577
1120260523030003,函館競輪,3R,16:43,1-4,1,4,102.9,0.01848366502884595,0.9019691314682483
4420260525010011,大垣競輪,11R,15:38,4-5,4,5,31.6,0.0600726345009458,0.8982952502298873
1120260523030012,函館競輪,12R,20:30,3-4,3,4,107.4,0.01765302026381202,0.8959343763334109
5520260523030005,和歌山競輪,5R,09:53,4-7,4,7,31.7,0.05969363115805677,0.8922881077103997
8620260525010003,別府競輪,3R,16:31,5-7,5,7,52.2,0.03617580247815565,0.8883768893597248
3820260524020002,静岡競輪,2R,11:26,3-5,3,5,56.0,0.03356731097667417,0.8797694146937534
6120260525010004,玉野競輪,4R,22:01,5-7,5,7,111.7,0.016794790202663095,0.8759780656374678
4420260525010004,大垣競輪,4R,12:08,2-6,2,6,122.7,0.015274690485405786,0.8742045225592898
4420260525010005,大垣競輪,5R,12:37,6-7,6,7,39.3,0.04760401843151928,0.8708379243587074
3820260524020008,静岡競輪,8R,14:22,2-5,2,5,25.5,0.073329064336216,0.8698911405735079
3820260524020008,静岡競輪,8R,14:22,1-3,1,3,53.2,0.03506277084431646,0.8653394089176356
1120260523030004,函館競輪,4R,17:07,1-6,1,6,260.7,0.007143351089252005,0.8622716289679977
1120260523030001,函館競輪,1R,15:59,6-7,6,7,195.7,0.009452216039262964,0.8497986788837619
4420260525010010,大垣競輪,10R,15:07,2-4,2,4,133.7,0.013750845251074813,0.8384880100687024
4220260525010007,名古屋競輪,7R,23:12,2-7,2,7,35.2,0.051987568417745364,0.8299624083046369
3820260524020010,静岡競輪,10R,15:22,2-5,2,5,41.1,0.04446863836862859,0.8276610369506352
1120260523030003,函館競輪,3R,16:43,6-7,6,7,46.6,0.03899606528660292,0.8172166423556961
4420260525010007,大垣競輪,7R,13:37,2-7,2,7,25.6,0.07095117343512777,0.8163500399392711
3820260524020003,静岡競輪,3R,11:54,1-2,1,2,61.8,0.02938133191230533,0.8157663121804692
1120260523030011,函館競輪,11R,20:01,2-7,2,7,54.8,0.03310538098753565,0.8141748781169533
2720260525010004,京王閣競輪,4R,22:09,5-7,5,7,69.0,0.02610959298236716,0.801561915783334
1120260523030012,函館競輪,12R,20:30,4-6,4,6,80.5,0.022338128482127496,0.7982193428112634
3820260524020004,静岡競輪,4R,12:22,3-7,3,7,24.1,0.0744923619791811,0.7952659236982647
4420260525010004,大垣競輪,4R,12:08,1-7,1,7,31.1,0.057613239675965655,0.791771753922532
2720260525010005,京王閣競輪,5R,22:36,3-4,3,4,38.2,0.046821284020168226,0.7885730495704264
6120260525010001,玉野競輪,1R,20:49,2-3,2,3,74.2,0.024030543346814887,0.7830663163336646
3820260524020009,静岡競輪,9R,14:52,6-7,6,7,192.1,0.009274509378617232,0.7816332516323701
3820260524020011,静岡競輪,11R,15:52,2-4,2,4,32.0,0.05565230430716003,0.7808737378291211
8620260525010007,別府競輪,7R,18:07,1-7,1,7,48.5,0.03669348681984841,0.7796341107626479
1120260523030009,函館競輪,9R,19:09,4-5,4,5,47.4,0.037392158884776615,0.7723883311384114
8620260525010011,別府競輪,11R,19:48,4-7,4,7,27.3,0.06483761947994718,0.7700670118025581
5520260523030002,和歌山競輪,2R,08:50,4-7,4,7,29.5,0.059591929665968074,0.7579619251460581
1120260523030011,函館競輪,11R,20:01,4-5,4,5,41.9,0.04190214337103773,0.7556998072464809
4220260525010001,名古屋競輪,1R,20:41,4-6,4,6,39.0,0.04500158085289639,0.7550616532629593
4420260525010010,大垣競輪,10R,15:07,3-4,3,4,65.8,0.026553095250654853,0.7471936674930892
1120260523030007,函館競輪,7R,18:19,4-7,4,7,48.4,0.03597801542090355,0.7413359463717317
4420260525010006,大垣競輪,6R,13:07,3-6,3,6,39.2,0.04431281918948537,0.7370625122278265
2720260525010003,京王閣競輪,3R,21:45,1-5,1,5,19.5,0.08885376905474263,0.7326484965674811
8620260525010003,別府競輪,3R,16:31,2-6,2,6,42.3,0.04092462518843719,0.731111645470893
2720260525010005,京王閣競輪,5R,22:36,1-4,1,4,19.1,0.09048842275405503,0.7283288746024512
4420260525010012,大垣競輪,12R,16:14,2-4,2,4,21.9,0.07887888403776144,0.7274475604269754
4420260525010007,大垣競輪,7R,13:37,3-5,3,5,51.2,0.03373331532204303,0.7271457444886034
4220260525010001,名古屋競輪,1R,20:41,1-7,1,7,58.5,0.02936657684302034,0.7179447453166898
4420260525010007,大垣競輪,7R,13:37,4-7,4,7,34.2,0.05004983803043239,0.7117044606407879
4420260525010004,大垣競輪,4R,12:08,2-4,2,4,55.7,0.030565435802785826,0.7024947742151706
3820260524020002,静岡競輪,2R,11:26,2-7,2,7,42.8,0.03974738368840443,0.7011880218637094
8620260525010004,別府競輪,4R,16:55,4-5,4,5,38.3,0.04436191384759537,0.6990613003629027
3820260524020011,静岡競輪,11R,15:52,4-7,4,7,22.6,0.0750002208860216,0.6950049920240882
8620260525010010,別府競輪,10R,19:22,5-7,5,7,32.5,0.052095843216503485,0.6931149045363632
1120260523030012,函館競輪,12R,20:30,4-5,4,5,71.6,0.023646176939320373,0.6930662688553386
3820260524020008,静岡競輪,8R,14:22,4-6,4,6,46.5,0.0363853367230176,0.6919181576203184
8620260525010010,別府競輪,10R,19:22,4-6,4,6,97.5,0.017325949536327465,0.6892800797919278
8620260525010009,別府競輪,9R,18:56,3-4,3,4,50.5,0.03344447536394952,0.6889460058794505
2720260525010005,京王閣競輪,5R,22:36,2-7,2,7,38.2,0.04420856423283297,0.6887671536942195
3820260524020004,静岡競輪,4R,12:22,2-7,2,7,97.6,0.017269648546846376,0.6855176981722062
4420260525010003,大垣競輪,3R,11:40,4-7,4,7,28.1,0.0599489552214351,0.6845656417223263
8620260525010006,別府競輪,6R,17:43,2-5,2,5,41.5,0.04054967082943494,0.68281133942155
4420260525010010,大垣競輪,10R,15:07,4-7,4,7,34.7,0.048473631710262435,0.6820350203461067
4420260525010008,大垣競輪,8R,14:07,2-7,2,7,33.4,0.05031365454022417,0.6804760616434873
8620260525010001,別府競輪,1R,15:45,2-3,2,3,17.8,0.09419594585785554,0.6766878362698288
1120260523030006,函館競輪,6R,17:55,5-6,5,6,268.1,0.006247560567060622,0.6749709880289527
4420260525010001,大垣競輪,1R,10:45,4-7,4,7,45.8,0.03643790131149179,0.668855880066324
4420260525010005,大垣競輪,5R,12:37,2-7,2,7,39.6,0.042125965048040295,0.6681882159023957
2720260525010007,京王閣競輪,7R,23:30,5-7,5,7,63.0,0.026334998614845305,0.6591049127352542
4420260525010011,大垣競輪,11R,15:38,3-4,3,4,24.3,0.06811497564660338,0.655193908212462
8620260525010008,別府競輪,8R,18:31,1-6,1,6,34.2,0.04828700592202256,0.6514156025331719
4420260525010002,大垣競輪,2R,11:12,4-5,4,5,39.5,0.04177211576478266,0.649998572708915
1120260523030004,函館競輪,4R,17:07,4-7,4,7,22.5,0.07329679841285361,0.6491779642892062
2720260525010005,京王閣競輪,5R,22:36,3-7,3,7,38.2,0.04306427593419204,0.6450553406861361
4420260525010007,大垣競輪,7R,13:37,2-5,2,5,45.0,0.03653397847474681,0.6440290313636066
4420260525010008,大垣競輪,8R,14:07,2-4,2,4,28.6,0.057366155883603026,0.6406720582710466
3820260524020008,静岡競輪,8R,14:22,3-4,3,4,30.9,0.053068635292954025,0.6398208305522792
4420260525010006,大垣競輪,6R,13:07,1-2,1,2,59.7,0.027462419077407013,0.6395064189211987
1120260523030002,函館競輪,2R,16:21,4-5,4,5,160.1,0.010166989458996443,0.6277350123853305
8620260525010012,別府競輪,12R,20:15,6-7,6,7,29.4,0.05535606449661558,0.6274682962004978
4420260525010012,大垣競輪,12R,16:14,1-7,1,7,65.1,0.02484703294123509,0.6175418444744043
1120260523030007,函館競輪,7R,18:19,1-6,1,6,20.1,0.08030683578294522,0.614167399237199
1120260523030004,函館競輪,4R,17:07,2-4,2,4,42.8,0.03761572476988341,0.6099530201510099
1120260523030003,函館競輪,3R,16:43,4-6,4,6,54.7,0.0293902139404345,0.6076447025417673
4220260525010004,名古屋競輪,4R,21:53,1-6,1,6,24.7,0.06495814528144127,0.6044661884515992
1120260523030006,函館競輪,6R,17:55,1-2,1,2,28.2,0.056894576627080806,0.6044270608836786
4420260525010004,大垣競輪,4R,12:08,4-5,4,5,46.5,0.03450075374295804,0.6042850490475487
3820260524020003,静岡競輪,3R,11:54,2-4,2,4,46.9,0.034192654902510305,0.6036355149277333
5520260523030004,和歌山競輪,4R,09:32,5-6,5,6,222.6,0.007197815185597239,0.6022336603139453
5520260523030004,和歌山競輪,4R,09:32,3-4,3,4,28.8,0.05562267269635911,0.6019329736551424
8620260525010010,別府競輪,10R,19:22,6-7,6,7,65.0,0.02456263822754504,0.5965714847904275
3820260524020001,静岡競輪,1R,10:58,4-6,4,6,85.1,0.01872873746935299,0.5938155586419394
3820260524020011,静岡競輪,11R,15:52,2-7,2,7,34.1,0.046691015433896185,0.5921636262958601
8620260525010008,別府競輪,8R,18:31,3-6,3,6,42.7,0.037279526312199975,0.591835773530939
5520260523030004,和歌山競輪,4R,09:32,2-6,2,6,77.1,0.020615201374850914,0.5894320260010053
8620260525010001,別府競輪,1R,15:45,3-7,3,7,65.4,0.0241189622304277,0.5773801298699717
4420260525010012,大垣競輪,12R,16:14,5-7,5,7,50.4,0.03122719855990228,0.5738508074190747
4420260525010007,大垣競輪,7R,13:37,5-6,5,6,106.0,0.01475937789401845,0.5644940567659558
8620260525010002,別府競輪,2R,16:07,1-7,1,7,28.4,0.05495752311796265,0.560793656550139
3820260524020009,静岡競輪,9R,14:52,1-2,1,2,25.3,0.06165656600689043,0.5599111199743279
3820260524020011,静岡競輪,11R,15:52,2-6,2,6,90.6,0.017197406475562876,0.5580850266859965
8620260525010005,別府競輪,5R,17:19,2-5,2,5,38.9,0.03970643652477049,0.5445803808135719
3820260524020004,静岡競輪,4R,12:22,1-4,1,4,24.6,0.06223485262994674,0.5309773746966899
3820260524020007,静岡競輪,7R,13:52,4-5,4,5,30.8,0.049697549050288156,0.5306845107488753
3820260524020003,静岡競輪,3R,11:54,1-5,1,5,26.5,0.057723425904372454,0.5296707864658701
3820260524020005,静岡競輪,5R,12:52,2-4,2,4,23.7,0.06442635025576726,0.526904501061684
4420260525010006,大垣競輪,6R,13:07,2-3,2,3,35.9,0.04251206406947307,0.5261831000940831
4420260525010003,大垣競輪,3R,11:40,2-5,2,5,55.7,0.0271974842391509,0.5148998721207052
8620260525010011,別府競輪,11R,19:48,3-4,3,4,53.2,0.028393244665165747,0.5105206161868179
8620260525010005,別府競輪,5R,17:19,4-7,4,7,45.3,0.03332868620843445,0.5097894852420806
3820260524020007,静岡競輪,7R,13:52,1-4,1,4,21.6,0.06959506645307412,0.5032534353864011
4420260525010011,大垣競輪,11R,15:38,1-6,1,6,75.0,0.020028782021291734,0.5021586515968801
4420260525010005,大垣競輪,5R,12:37,3-5,3,5,70.9,0.021154025917793515,0.49982043757156025
3820260524020003,静岡競輪,3R,11:54,4-5,4,5,22.8,0.06577819756114404,0.4997429043940842
4220260525010007,名古屋競輪,7R,23:12,3-4,3,4,35.2,0.04255579863527345,0.4979641119616256
3820260524020009,静岡競輪,9R,14:52,2-7,2,7,49.7,0.030128455421803466,0.49738423446363234
4420260525010001,大垣競輪,1R,10:45,4-5,4,5,124.7,0.012000765129162691,0.4964954116065876
3820260524020007,静岡競輪,7R,13:52,1-5,1,5,72.5,0.02061402032350908,0.4945164734544083
4420260525010005,大垣競輪,5R,12:37,1-3,1,3,19.5,0.07663457982938968,0.4943743066730988
8620260525010008,別府競輪,8R,18:31,3-5,3,5,24.4,0.061029463518451496,0.48911890985021644
8620260525010012,別府競輪,12R,20:15,4-5,4,5,27.4,0.054249285333266103,0.4864304181314911
8620260525010006,別府競輪,6R,17:43,5-7,5,7,51.9,0.02859466711258297,0.48406322314305616
2720260525010006,京王閣競輪,6R,23:03,3-5,3,5,66.7,0.022247508866953907,0.4839088414258257
8620260525010012,別府競輪,12R,20:15,1-5,1,5,34.3,0.04320904495695013,0.48207024202338933
5520260523030003,和歌山競輪,3R,09:11,2-3,2,3,40.3,0.036629308290547974,0.4761611241090833
4220260525010004,名古屋競輪,4R,21:53,2-3,2,3,24.7,0.059757860707481486,0.4760191594747927
4420260525010008,大垣競輪,8R,14:07,2-3,2,3,39.3,0.03752042541669924,0.47455271887628014
8620260525010006,別府競輪,6R,17:43,6-7,6,7,103.8,0.014192039555751886,0.47313370588704573
6120260525010005,玉野競輪,5R,22:27,1-4,1,4,16.5,0.08925033782540229,0.47263057411913767
3820260524020007,静岡競輪,7R,13:52,1-6,1,6,71.3,0.020626812803643,0.47069175289974585
4420260525010003,大垣競輪,3R,11:40,1-6,1,6,58.7,0.025027784007612623,0.46913092124686107
1120260523030008,函館競輪,8R,18:43,3-4,3,4,22.0,0.0666307798202786,0.4658771560461292
3820260524020004,静岡競輪,4R,12:22,2-4,2,4,27.4,0.05346028718952723,0.46481186899304605
8620260525010005,別府競輪,5R,17:19,1-6,1,6,52.3,0.02796302515952838,0.46246621584333414
5520260523030001,和歌山競輪,1R,08:30,1-6,1,6,16.5,0.08860011677808863,0.4619019268384623
8620260525010003,別府競輪,3R,16:31,1-3,1,3,27.3,0.05353999555339356,0.46164187860764416
4420260525010012,大垣競輪,12R,16:14,6-7,6,7,169.2,0.008598805094800443,0.4549178220402348
8620260525010012,別府競輪,12R,20:15,3-6,3,6,39.2,0.03704637041622355,0.4522177203159632
1120260523030005,函館競輪,5R,17:31,2-5,2,5,16.3,0.08893063713657515,0.44956938532617485
2720260525010003,京王閣競輪,3R,21:45,1-7,1,7,19.5,0.07432886741669827,0.4494129146256163
2720260525010003,京王閣競輪,3R,21:45,1-3,1,3,19.5,0.07425422736479696,0.4479574336135408
5520260523030001,和歌山競輪,1R,08:30,1-3,1,3,35.3,0.04093705940005056,0.44507819682178473
2720260525010007,京王閣競輪,7R,23:30,1-2,1,2,10.5,0.13758620789319684,0.44465518287856676
8620260525010009,別府競輪,9R,18:56,5-6,5,6,36.1,0.040012709744124506,0.44445882176289464
8620260525010001,別府競輪,1R,15:45,3-4,3,4,37.7,0.038279245514300814,0.44312755588914077
4420260525010006,大垣競輪,6R,13:07,3-5,3,5,46.8,0.030764941357516784,0.43979925553178534
1120260523030011,函館競輪,11R,20:01,2-4,2,4,32.3,0.044556024845423786,0.4391596025071882
8620260525010012,別府競輪,12R,20:15,3-4,3,4,22.8,0.06285150535424229,0.4330143220767242
5520260523030001,和歌山競輪,1R,08:30,2-5,2,5,12.2,0.117395309034207,0.43222277021732536
3820260524020005,静岡競輪,5R,12:52,1-6,1,6,25.1,0.05689829434430596,0.42814718804207974
4420260525010003,大垣競輪,3R,11:40,1-3,1,3,19.0,0.07505746742395838,0.42609188105520923
1120260523030003,函館競輪,3R,16:43,1-7,1,7,52.8,0.027006821939734627,0.42596019841798816
8620260525010001,別府競輪,1R,15:45,1-7,1,7,109.0,0.013077392617915042,0.4254357953527397
3820260524020009,静岡競輪,9R,14:52,1-3,1,3,16.9,0.08409726785349947,0.42124382672414096
8620260525010006,別府競輪,6R,17:43,3-6,3,6,41.5,0.03417105900506072,0.41809894871001996
2720260525010006,京王閣競輪,6R,23:03,1-4,1,4,16.6,0.08529171382494218,0.41584244949404026
1120260523030001,函館競輪,1R,15:59,4-7,4,7,37.2,0.03803813923505447,0.41501877954402633
8620260525010001,別府競輪,1R,15:45,1-2,1,2,21.1,0.06696197922968902,0.41289776174643844
8620260525010010,別府競輪,10R,19:22,1-6,1,6,19.5,0.07244177839820497,0.4126146787649969
1120260523030003,函館競輪,3R,16:43,3-4,3,4,21.1,0.06669924221170785,0.4073540106670357
4420260525010001,大垣競輪,1R,10:45,5-6,5,6,127.3,0.011046472202168214,0.40621591133601376
2720260525010005,京王閣競輪,5R,22:36,1-2,1,2,12.7,0.11058869766346878,0.40447646032605333
1120260523030012,函館競輪,12R,20:30,5-6,5,6,52.2,0.026842201839801103,0.40116293603761766
1120260523030009,函館競輪,9R,19:09,2-6,2,6,19.7,0.07108681697165309,0.4004102943415657
4420260525010010,大垣競輪,10R,15:07,2-3,2,3,36.5,0.03831761198161362,0.39859283732889716
5520260523030003,和歌山競輪,3R,09:11,1-5,1,5,21.7,0.06430464453712736,0.39541078645566374
1120260523030005,函館競輪,5R,17:31,1-2,1,2,23.9,0.05824715310139362,0.3921069591233075
6120260525010001,玉野競輪,1R,20:49,1-3,1,3,24.7,0.05632749317057551,0.39128908131321505
1120260523030009,函館競輪,9R,19:09,1-2,1,2,18.9,0.07355629982413994,0.3902140666762448
8620260525010007,別府競輪,7R,18:07,1-4,1,4,20.7,0.06702867410155468,0.38749355390218176
1120260523030001,函館競輪,1R,15:59,2-5,2,5,16.4,0.08453634661037994,0.386396084410231
1120260523030005,函館競輪,5R,17:31,3-6,3,6,23.9,0.057923227056624844,0.38436512665333367
4220260525010004,名古屋競輪,4R,21:53,1-2,1,2,12.3,0.11251724988556899,0.38396217359249873
8620260525010010,別府競輪,10R,19:22,3-6,3,6,32.5,0.042534555511757006,0.38237305413210265
4220260525010001,名古屋競輪,1R,20:41,2-4,2,4,29.2,0.0472028560934344,0.3783233979282845
2720260525010002,京王閣競輪,2R,21:21,4-6,4,6,31.5,0.04349435711914723,0.37007224925313786
1120260523030006,函館競輪,6R,17:55,4-6,4,6,134.0,0.010189437893892189,0.36538467778155326
6120260525010001,玉野競輪,1R,20:49,3-5,3,5,74.2,0.018325431159130403,0.35974699200747606
4420260525010003,大垣競輪,3R,11:40,2-7,2,7,34.3,0.03962580300562627,0.3591650430929809
4420260525010012,大垣競輪,12R,16:14,5-6,5,6,138.0,0.009848441933925044,0.35908498688165613
4420260525010009,大垣競輪,9R,14:37,1-6,1,6,70.9,0.01912688082482688,0.35609585048022585
4420260525010012,大垣競輪,12R,16:14,3-6,3,6,65.5,0.02068917634293492,0.3551410504622372
4220260525010001,名古屋競輪,1R,20:41,4-5,4,5,23.4,0.05756572723318664,0.34703801725656724
4220260525010001,名古屋競輪,1R,20:41,3-5,3,5,19.5,0.06895461242803443,0.34461494234667134
4420260525010011,大垣競輪,11R,15:38,3-7,3,7,24.4,0.055073539690623854,0.3437943684512219
4420260525010001,大垣競輪,1R,10:45,2-7,2,7,17.3,0.07735829241323235,0.33829845874891973
8620260525010009,別府競輪,9R,18:56,1-4,1,4,14.8,0.09038090750488831,0.3376374310723471
5520260523030006,和歌山競輪,6R,10:14,3-7,3,7,35.3,0.0377458583808319,0.332428800843366
3820260524020011,静岡競輪,11R,15:52,6-7,6,7,55.9,0.023822528572647547,0.3316793472109978
1120260523030009,函館競輪,9R,19:09,4-6,4,6,94.9,0.014030797099887573,0.3315226447793307
2720260525010005,京王閣競輪,5R,22:36,4-7,4,7,38.2,0.03483086869866586,0.33053918428903595
8620260525010012,別府競輪,12R,20:15,1-6,1,6,68.6,0.019391628580819106,0.3302657206441906
4420260525010005,大垣競輪,5R,12:37,5-7,5,7,32.4,0.04104409256278682,0.32982859903429285
5520260523030006,和歌山競輪,6R,10:14,2-6,2,6,30.7,0.04328255717454925,0.3287745052586619
4220260525010001,名古屋競輪,1R,20:41,3-7,3,7,39.0,0.03401170010760037,0.3264563041964146
8620260525010008,別府競輪,8R,18:31,3-7,3,7,28.5,0.04651249636911081,0.32560614651965825
2720260525010002,京王閣競輪,2R,21:21,1-7,1,7,31.5,0.042018655216291625,0.32358763931318624
6120260525010001,玉野競輪,1R,20:49,2-5,2,5,37.1,0.035675146008963335,0.3235479169325397
4420260525010002,大垣競輪,2R,11:12,3-4,3,4,45.9,0.028834561773550538,0.32350638540596965
1120260523030006,函館競輪,6R,17:55,1-6,1,6,178.7,0.007372439788603889,0.31745499022351487
2720260525010002,京王閣競輪,2R,21:21,3-6,3,6,31.5,0.04179529206949475,0.3165517001890845
3820260524020004,静岡競輪,4R,12:22,3-5,3,5,14.8,0.08893850831383968,0.3162899230448273
4220260525010001,名古屋競輪,1R,20:41,3-6,3,6,23.4,0.05599973335216827,0.3103937604407374
1120260523030006,函館競輪,6R,17:55,5-7,5,7,41.2,0.03168646008885928,0.30548215566100256
5520260523030004,和歌山競輪,4R,09:32,2-7,2,7,17.3,0.07546039459500256,0.30546482649354445
8620260525010010,別府競輪,10R,19:22,4-5,4,5,27.8,0.04677326358508121,0.3002967276652577
3820260524020002,静岡競輪,2R,11:26,4-5,4,5,17.8,0.07304208955105398,0.30014919400876106
4420260525010003,大垣競輪,3R,11:40,1-5,1,5,46.6,0.027853598066233304,0.297977669886472
4420260525010001,大垣競輪,1R,10:45,2-6,2,6,38.9,0.03330414570715753,0.29553126800842766
4420260525010002,大垣競輪,2R,11:12,1-7,1,7,28.9,0.044594763429145104,0.28878866310229334
8620260525010009,別府競輪,9R,18:56,1-6,1,6,19.4,0.06642752502292061,0.28869398544465974
2720260525010007,京王閣競輪,7R,23:30,2-4,2,4,21.0,0.061300702904554936,0.2873147609956537
3820260524020008,静岡競輪,8R,14:22,1-7,1,7,32.9,0.03910262931507097,0.28647650446583484
3820260524020008,静岡競輪,8R,14:22,4-5,4,5,21.6,0.05940125054419852,0.28306701175468807
1120260523030012,函館競輪,12R,20:30,1-5,1,5,22.4,0.05707124535464442,0.2783958959440349
2720260525010001,京王閣競輪,1R,20:57,2-5,2,5,34.7,0.03682220357581199,0.27773046408067636
5520260523030003,和歌山競輪,3R,09:11,3-4,3,4,19.0,0.0672231448495813,0.2772397521420449
4420260525010001,大垣競輪,1R,10:45,2-5,2,5,34.8,0.036648140446587416,0.27535528754124194
1120260523030007,函館競輪,7R,18:19,3-6,3,6,30.2,0.04206892097443888,0.2704814134280542
8620260525010004,別府競輪,4R,16:55,3-4,3,4,37.0,0.03430552891186575,0.26930456973903283
4420260525010009,大垣競輪,9R,14:37,3-7,3,7,17.0,0.0746142384217397,0.2684420531695748
3820260524020002,静岡競輪,2R,11:26,2-3,2,3,31.8,0.039843663328797255,0.2670284938557528
8620260525010012,別府競輪,12R,20:15,4-7,4,7,14.4,0.08758638238129882,0.26124390629070304
4220260525010007,名古屋競輪,7R,23:12,5-7,5,7,35.2,0.035790579285103645,0.25982839083564846
4420260525010003,大垣競輪,3R,11:40,2-3,2,3,17.9,0.07030045977854094,0.25837823003588256
8620260525010003,別府競輪,3R,16:31,4-7,4,7,15.7,0.08012335005510561,0.25793659586515805
8620260525010006,別府競輪,6R,17:43,3-7,3,7,51.9,0.024178910258708254,0.25488544242695843
3820260524020007,静岡競輪,7R,13:52,4-7,4,7,16.7,0.07511570274089628,0.2544322357729678
1120260523030007,函館競輪,7R,18:19,1-2,1,2,24.2,0.05183372669476002,0.25437618601319234
4220260525010001,名古屋競輪,1R,20:41,2-7,2,7,58.5,0.021423928506009503,0.25329981760155595
1120260523030001,函館競輪,1R,15:59,3-7,3,7,29.0,0.04308607270128126,0.24949610833715652
1120260523030008,函館競輪,8R,18:43,4-5,4,5,45.8,0.027259670885255004,0.24849292654467914
8620260525010008,別府競輪,8R,18:31,2-7,2,7,34.2,0.03642958872146269,0.245891934274024
2720260525010005,京王閣競輪,5R,22:36,1-6,1,6,19.1,0.06505446152639886,0.24254021515421842
5520260523030002,和歌山競輪,2R,08:50,2-6,2,6,68.2,0.018169021588034726,0.23912727230396835
4420260525010012,大垣競輪,12R,16:14,1-5,1,5,43.5,0.02846369831669611,0.23817087677628068
3820260524020011,静岡競輪,11R,15:52,2-5,2,5,17.7,0.06994927262689468,0.23810212549603582
3820260524020008,静岡競輪,8R,14:22,5-7,5,7,30.9,0.04006098235962506,0.23788435491241433
1120260523030008,函館競輪,8R,18:43,5-6,5,6,110.1,0.01123517981998782,0.23699329818065906
8620260525010008,別府競輪,8R,18:31,2-3,2,3,17.1,0.0722385957830799,0.2352799878906664
3820260524020001,静岡競輪,1R,10:58,1-5,1,5,15.5,0.07943058745836343,0.23117410560463303
4420260525010007,大垣競輪,7R,13:37,4-5,4,5,48.8,0.02522150042536154,0.2308092207576431
8620260525010009,別府競輪,9R,18:56,3-6,3,6,84.2,0.014578366659346231,0.22749847271695267
3820260524020004,静岡競輪,4R,12:22,5-6,5,6,53.4,0.022842485557316054,0.21978872876067723
4420260525010001,大垣競輪,1R,10:45,1-7,1,7,18.9,0.06438968814371115,0.21696510591614082
3820260524020002,静岡競輪,2R,11:26,1-5,1,5,57.5,0.02114077037414791,0.21559429651350492
3820260524020001,静岡競輪,1R,10:58,3-4,3,4,98.6,0.012312993866897715,0.21406119527611467
1120260523030011,函館競輪,11R,20:01,1-6,1,6,37.5,0.032358926415406504,0.21345974057774386
1120260523030010,函館競輪,10R,19:35,1-4,1,4,22.2,0.05456531924030544,0.21135008713478087
3820260524020010,静岡競輪,10R,15:22,3-6,3,6,26.3,0.04601028419363849,0.21007047429269243
1120260523030005,函館競輪,5R,17:31,4-6,4,6,28.2,0.04284550274836753,0.20824317750396437
1120260523030009,函館競輪,9R,19:09,1-4,1,4,59.3,0.02035908260841798,0.20729359867918618
5520260523030006,和歌山競輪,6R,10:14,1-2,1,2,23.3,0.05149024786086691,0.19972277515819892
2720260525010006,京王閣競輪,6R,23:03,5-7,5,7,66.7,0.017975671405238532,0.19897728272941007
4420260525010007,大垣競輪,7R,13:37,1-2,1,2,17.5,0.06804350160776247,0.1907612781358432
1120260523030005,函館競輪,5R,17:31,2-3,2,3,12.4,0.09598686281138202,0.19023709886113704
8620260525010009,別府競輪,9R,18:56,6-7,6,7,42.1,0.028094140290770137,0.1827633062414229
4420260525010004,大垣競輪,4R,12:08,1-2,1,2,26.0,0.045357574026361536,0.17929692468539993
1120260523030011,函館競輪,11R,20:01,1-2,1,2,25.4,0.0461246416050574,0.1715658967684579
2720260525010006,京王閣競輪,6R,23:03,4-5,4,5,66.7,0.01754585091732209,0.17030825618538348
4420260525010008,大垣競輪,8R,14:07,1-5,1,5,36.9,0.031695440588915214,0.16956175773097137
4420260525010006,大垣競輪,6R,13:07,1-3,1,3,26.3,0.0444678061316691,0.16950330126289725
6120260525010001,玉野競輪,1R,20:49,6-7,6,7,24.7,0.04715638586384703,0.16476273083702164
2720260525010004,京王閣競輪,4R,22:09,1-7,1,7,23.0,0.050520757574496325,0.16197742421341554
8620260525010001,別府競輪,1R,15:45,1-5,1,5,24.5,0.047393989277616705,0.16115273730160928
8620260525010007,別府競輪,7R,18:07,3-4,3,4,24.2,0.04775829300373026,0.15575069069027214
5520260523030001,和歌山競輪,1R,08:30,2-4,2,4,23.1,0.05000637008197533,0.15514714889363024
4420260525010006,大垣競輪,6R,13:07,1-7,1,7,15.6,0.07389060640833794,0.152693459970072
1120260523030002,函館競輪,2R,16:21,2-5,2,5,104.0,0.011055809735462507,0.14980421248810072
1120260523030012,函館競輪,12R,20:30,2-6,2,6,28.8,0.03988138261095296,0.1485838191954454
4420260525010001,大垣競輪,1R,10:45,4-6,4,6,124.7,0.009205724083283679,0.14795379318547486
8620260525010007,別府競輪,7R,18:07,4-5,4,5,20.7,0.055415418522216923,0.14709916340989038
4420260525010001,大垣競輪,1R,10:45,1-5,1,5,37.3,0.030719741156490128,0.14584634513708172
3820260524020001,静岡競輪,1R,10:58,1-4,1,4,25.6,0.044749885809472895,0.1455970767225061
1120260523030007,函館競輪,7R,18:19,1-7,1,7,12.7,0.09013913587913908,0.14476702566506616
1120260523030002,函館競輪,2R,16:21,3-6,3,6,51.3,0.02229690555418308,0.14383125492959192
1120260523030005,函館競輪,5R,17:31,2-6,2,6,23.9,0.04773162254915457,0.14078577892479416
8620260525010002,別府競輪,2R,16:07,2-6,2,6,38.6,0.02954216033690117,0.14032738900438524
2720260525010004,京王閣競輪,4R,22:09,2-6,2,6,23.0,0.04956005274767035,0.139881213196418
8620260525010001,別府競輪,1R,15:45,4-6,4,6,54.5,0.020908769956404914,0.13952796262406775
8620260525010001,別府競輪,1R,15:45,1-4,1,4,47.8,0.023695056072007697,0.1326236802419678
4220260525010005,名古屋競輪,5R,22:18,5-7,5,7,155.2,0.0072665252497077885,0.12776471875464868
1120260523030008,函館競輪,8R,18:43,1-6,1,6,50.0,0.022529203420557586,0.1264601710278792
5520260523030002,和歌山競輪,2R,08:50,4-5,4,5,13.1,0.08565297627366383,0.1220539891849961
5520260523030005,和歌山競輪,5R,09:53,1-4,1,4,51.8,0.021610467179545463,0.119422199900455
1120260523030009,函館競輪,9R,19:09,4-7,4,7,39.5,0.028339543174909172,0.11941195540891236
2720260525010003,京王閣競輪,3R,21:45,1-2,1,2,9.7,0.11514636820431816,0.11691977158188616
1120260523030008,函館競輪,8R,18:43,1-5,1,5,50.0,0.022323480154079506,0.11617400770397524
8620260525010007,別府競輪,7R,18:07,2-6,2,6,18.1,0.06144868784628332,0.1122212500177282
8620260525010010,別府競輪,10R,19:22,2-5,2,5,24.3,0.04562076502285406,0.1085845900553537
8620260525010008,別府競輪,8R,18:31,5-6,5,6,57.0,0.019420950218166068,0.10699416243546578
3820260524020004,静岡競輪,4R,12:22,2-6,2,6,188.0,0.005880688100859344,0.10556936296155661
3820260524020009,静岡競輪,9R,14:52,2-6,2,6,30.7,0.03599630996030923,0.10508671578149342
4220260525010003,名古屋競輪,3R,21:29,1-2,1,2,10.5,0.10512493249846536,0.10381179123388629
4420260525010005,大垣競輪,5R,12:37,2-5,2,5,67.9,0.0162180910659837,0.10120838338029348
8620260525010007,別府競輪,7R,18:07,1-6,1,6,36.3,0.03028222447983373,0.0992447486179644
2720260525010004,京王閣競輪,4R,22:09,2-3,2,3,23.0,0.047645880571948046,0.09585525315480514
8620260525010008,別府競輪,8R,18:31,1-3,1,3,11.4,0.09585177539730316,0.09271023952925606
1120260523030004,函館競輪,4R,17:07,3-6,3,6,78.2,0.013959882414562377,0.09166280481877798
3820260524020001,静岡競輪,1R,10:58,2-4,2,4,20.8,0.052426864241397544,0.09047877622106903
4420260525010010,大垣競輪,10R,15:07,5-7,5,7,13.1,0.08321495915616267,0.09011596494573104
2720260525010005,京王閣競輪,5R,22:36,1-7,1,7,12.7,0.08577512391683635,0.08934407374382158
4420260525010010,大垣競輪,10R,15:07,1-2,1,2,23.6,0.045985186798877586,0.08525040845351106
3820260524020010,静岡競輪,10R,15:22,1-4,1,4,24.0,0.045182960433798824,0.08439105041117179
2720260525010005,京王閣競輪,5R,22:36,3-5,3,5,38.2,0.028344477480195175,0.08275903974345566
6120260525010002,玉野競輪,2R,21:13,4-6,4,6,19.5,0.05539101432418616,0.0801247793216302
4420260525010009,大垣競輪,9R,14:37,1-5,1,5,19.7,0.05481717658868483,0.07989837879709105
4420260525010004,大垣競輪,4R,12:08,1-4,1,4,18.9,0.057076246426052586,0.0787410574523939
1120260523030010,函館競輪,10R,19:35,4-5,4,5,48.9,0.0220534485504431,0.07841363411666769
3820260524020008,静岡競輪,8R,14:22,2-7,2,7,15.2,0.0708866076540541,0.07747643634162227
3820260524020010,静岡競輪,10R,15:22,4-6,4,6,14.8,0.07277967178334827,0.07713914239355435
8620260525010005,別府競輪,5R,17:19,2-6,2,6,25.7,0.041823671726059275,0.07486836335972336
8620260525010005,別府競輪,5R,17:19,4-5,4,5,42.9,0.025031014776966207,0.07383053393185035
1120260523030005,函館競輪,5R,17:31,2-4,2,4,14.1,0.0761468477380707,0.07367055310679693
2720260525010007,京王閣競輪,7R,23:30,2-5,2,5,12.6,0.08495908479122483,0.07048446836943278
3820260524020001,静岡競輪,1R,10:58,5-7,5,7,18.6,0.057230078241849364,0.06447945529839827
1120260523030009,函館競輪,9R,19:09,5-7,5,7,18.2,0.058354756344248984,0.06205656546533156
3820260524020003,静岡競輪,3R,11:54,1-3,1,3,17.0,0.062332017590570755,0.05964429903970281
4420260525010009,大垣競輪,9R,14:37,2-4,2,4,34.1,0.031073800412546357,0.05961659406783082
4420260525010010,大垣競輪,10R,15:07,3-7,3,7,12.7,0.08315196690359367,0.05602997967563961
1120260523030011,函館競輪,11R,20:01,3-5,3,5,12.9,0.08177202871923017,0.05485917047806921
3820260524020010,静岡競輪,10R,15:22,1-7,1,7,58.2,0.0180892868172394,0.05279649276333309
8620260525010012,別府競輪,12R,20:15,2-3,2,3,32.9,0.03193503948164851,0.05066279894623604
4420260525010002,大垣競輪,2R,11:12,2-4,2,4,21.6,0.04852351173210025,0.04810785341336543
1120260523030003,函館競輪,3R,16:43,3-7,3,7,13.6,0.07699514962716478,0.047134034929440904
1120260523030006,函館競輪,6R,17:55,1-5,1,5,67.0,0.01553910521417505,0.04112004934972835
4420260525010001,大垣競輪,1R,10:45,1-3,1,3,11.4,0.09106582695185518,0.03815042725114903
3820260524020003,静岡競輪,3R,11:54,1-7,1,7,71.2,0.014570617344535255,0.03742795493091022
1120260523030011,函館競輪,11R,20:01,2-6,2,6,30.9,0.0334641844946936,0.034043300886032135
8620260525010006,別府競輪,6R,17:43,1-7,1,7,25.9,0.039870540211813334,0.03264699148596528
1120260523030012,函館競輪,12R,20:30,3-6,3,6,52.2,0.019778683325967255,0.032447269615490715
5520260523030006,和歌山競輪,6R,10:14,5-6,5,6,12.2,0.08450341214933037,0.03094162822183044
2720260525010002,京王閣競輪,2R,21:21,1-2,1,2,10.5,0.09808131458294883,0.029853803120962752
2720260525010002,京王閣競輪,2R,21:21,5-6,5,6,31.5,0.03253529191061364,0.02486169518432968
2720260525010004,京王閣競輪,4R,22:09,4-5,4,5,23.0,0.04432134330754457,0.019390896073525177
1120260523030004,函館競輪,4R,17:07,1-4,1,4,74.5,0.013673309489527104,0.018661556969769233
6120260525010001,玉野競輪,1R,20:49,4-6,4,6,18.5,0.055050944389748266,0.018442471210342815
1120260523030009,函館競輪,9R,19:09,1-7,1,7,26.3,0.03843969373006392,0.010963945100681105
3820260524020002,静岡競輪,2R,11:26,1-3,1,3,24.8,0.0406412608021018,0.007903267892124699
4420260525010002,大垣競輪,2R,11:12,2-3,2,3,17.1,0.05877641982135151,0.005076778945110938
2720260525010002,京王閣競輪,2R,21:21,1-5,1,5,15.7,0.06395475701248761,0.004089685096055451
1120260523030002,函館競輪,2R,16:21,1-4,1,4,13.5,0.07425329771656455,0.002419519173621376
5520260523030002,和歌山競輪,2R,08:50,2-4,2,4,23.2,0.04309684029107658,-0.0001533052470233942
2720260525010007,京王閣競輪,7R,23:30,2-7,2,7,21.0,0.04758947347224221,-0.0006210570829136008
8620260525010008,別府競輪,8R,18:31,4-7,4,7,42.7,0.023345149312128534,-0.0031621243721114967
1120260523030001,函館競輪,1R,15:59,4-6,4,6,83.3,0.011963435824509296,-0.0034457958183756743
8620260525010007,別府競輪,7R,18:07,1-2,1,2,12.1,0.08217450672749717,-0.005688468597284335
4220260525010002,名古屋競輪,2R,21:05,2-5,2,5,15.0,0.06594259892021509,-0.01086101619677371
1120260523030012,函館競輪,12R,20:30,3-7,3,7,16.8,0.058267147360856746,-0.02111192433760667
5520260523030007,和歌山競輪,7R,10:35,4-5,4,5,77.6,0.012612945911191087,-0.021235397291571756
4420260525010008,大垣競輪,8R,14:07,1-6,1,6,35.3,0.027630757911882915,-0.024634245710533187
6120260525010003,玉野競輪,3R,21:37,1-6,1,6,10.5,0.0923265211058004,-0.030571528389095715
6120260525010002,玉野競輪,2R,21:13,2-4,2,4,19.5,0.049637959799041856,-0.032059783918683804
6120260525010002,玉野競輪,2R,21:13,1-6,1,6,9.7,0.0996333520171209,-0.03355648543392742
3820260524020007,静岡競輪,7R,13:52,2-3,2,3,30.1,0.03202430059925586,-0.036068551962398554
4420260525010001,大垣競輪,1R,10:45,2-3,2,3,8.8,0.10950505373328484,-0.036355527147093336
1120260523030004,函館競輪,4R,17:07,2-5,2,5,16.2,0.05945694031082309,-0.03679756696466596
4420260525010004,大垣競輪,4R,12:08,2-7,2,7,31.5,0.030314116484356293,-0.045105330742776784
3820260524020008,静岡競輪,8R,14:22,1-2,1,2,13.4,0.07082357398497907,-0.05096410860128042
8620260525010003,別府競輪,3R,16:31,1-4,1,4,16.2,0.05857418216454814,-0.051098248934320134
8620260525010001,別府競輪,1R,15:45,2-6,2,6,14.4,0.06583387008312666,-0.05199227080297608
3820260524020007,静岡競輪,7R,13:52,5-7,5,7,30.5,0.03098400522962707,-0.054987840496374396
4220260525010004,名古屋競輪,4R,21:53,1-3,1,3,8.2,0.1149827891044487,-0.05714112934352078
5520260523030003,和歌山競輪,3R,09:11,2-6,2,6,49.4,0.01905946561376448,-0.058462398680034666
8620260525010012,別府競輪,12R,20:15,5-6,5,6,28.4,0.032833320888449355,-0.06753368676803839
4420260525010001,大垣競輪,1R,10:45,3-4,3,4,17.4,0.05356885382380238,-0.06790194346583867
1120260523030011,函館競輪,11R,20:01,4-6,4,6,30.9,0.030162767868004495,-0.0679704728786612
8620260525010004,別府競輪,4R,16:55,3-5,3,5,26.6,0.03495851975188044,-0.07010337459998028
2720260525010003,京王閣競輪,3R,21:45,1-6,1,6,19.5,0.04762551292035155,-0.07130249805314481
3820260524020009,静岡競輪,9R,14:52,1-4,1,4,13.1,0.07081979800890323,-0.07226064608336769
4420260525010003,大垣競輪,3R,11:40,3-4,3,4,10.1,0.0918480211697755,-0.07233498618526746
1120260523030007,函館競輪,7R,18:19,5-7,5,7,22.0,0.042056853980106994,-0.0747492124376461
8620260525010010,別府競輪,10R,19:22,1-2,1,2,16.2,0.05696531368938419,-0.07716191823197616
4420260525010012,大垣競輪,12R,16:14,1-6,1,6,119.2,0.007723611524757137,-0.0793455062489492
2720260525010004,京王閣競輪,4R,22:09,2-4,2,4,17.2,0.053469992462374875,-0.08031612964715218
3820260524020010,静岡競輪,10R,15:22,2-4,2,4,10.7,0.08569311777193396,-0.08308363984030664
6120260525010002,玉野競輪,2R,21:13,6-7,6,7,19.5,0.04701575284499247,-0.08319281952264679
1120260523030007,函館競輪,7R,18:19,2-3,2,3,34.6,0.02644150544490607,-0.08512391160624988
8620260525010005,別府競輪,5R,17:19,3-5,3,5,12.5,0.0730382905579248,-0.08702136802594007
5520260523030006,和歌山競輪,6R,10:14,1-6,1,6,17.1,0.0533423733901984,-0.08784541502760723
8620260525010010,別府競輪,10R,19:22,1-7,1,7,13.9,0.06530668073147072,-0.09223713783255694
6120260525010001,玉野競輪,1R,20:49,4-7,4,7,24.7,0.03674001105799643,-0.09252172686748816
1120260523030003,函館競輪,3R,16:43,3-6,3,6,14.3,0.0634379737106942,-0.09283697593707285
3820260524020007,静岡競輪,7R,13:52,2-4,2,4,6.5,0.13928438092083037,-0.09465152401460264
1120260523030011,函館競輪,11R,20:01,4-7,4,7,30.9,0.029258154504425638,-0.09592302581324785
2720260525010006,京王閣競輪,6R,23:03,2-6,2,6,22.2,0.04068258326084702,-0.09684665160919625
5520260523030002,和歌山競輪,2R,08:50,3-4,3,4,37.6,0.024011060735150566,-0.09718411635833868
5520260523030007,和歌山競輪,7R,10:35,1-3,1,3,10.8,0.08356644545942908,-0.09748238903816586
1120260523030012,函館競輪,12R,20:30,2-3,2,3,25.1,0.03585633618730246,-0.10000596169870823
6120260525010002,玉野競輪,2R,21:13,1-2,1,2,9.7,0.09258409975583734,-0.10193423236837784
3820260524020007,静岡競輪,7R,13:52,3-7,3,7,60.7,0.014786491959544727,-0.10245993805563502
1120260523030001,函館競輪,1R,15:59,2-3,2,3,24.5,0.036359786708537636,-0.10918522564082789
4420260525010008,大垣競輪,8R,14:07,4-7,4,7,8.5,0.10421186680488112,-0.11419913215851052
1120260523030011,函館競輪,11R,20:01,1-5,1,5,20.3,0.04358404852351336,-0.11524381497267877
4420260525010003,大垣競輪,3R,11:40,1-7,1,7,21.9,0.04036774545045267,-0.1159463746350865
5520260523030003,和歌山競輪,3R,09:11,3-5,3,5,10.9,0.08100689694250146,-0.11702482332673403
8620260525010007,別府競輪,7R,18:07,2-7,2,7,13.2,0.06651633859094214,-0.12198433059956382
8620260525010009,別府競輪,9R,18:56,1-2,1,2,10.9,0.08023001495850277,-0.12549283695231983
1120260523030010,函館競輪,10R,19:35,5-7,5,7,16.3,0.053537746931641,-0.1273347250142517
4420260525010008,大垣競輪,8R,14:07,2-6,2,6,50.1,0.01741431687991271,-0.12754272431637315
1120260523030011,函館競輪,11R,20:01,3-7,3,7,12.5,0.06977968727589219,-0.12775390905134765
6120260525010001,玉野競輪,1R,20:49,4-5,4,5,24.7,0.03522216915261464,-0.1300124219304184
8620260525010001,別府競輪,1R,15:45,1-6,1,6,72.7,0.011963463508905568,-0.13025620290256523
4420260525010002,大垣競輪,2R,11:12,3-5,3,5,16.9,0.05143819979568136,-0.1306944234529851
4220260525010007,名古屋競輪,7R,23:12,2-3,2,3,17.6,0.0493138314662835,-0.13207656619341035
8620260525010008,別府競輪,8R,18:31,2-5,2,5,17.1,0.050527533408357146,-0.13597917871709275
2720260525010007,京王閣競輪,7R,23:30,3-7,3,7,31.5,0.02740917130473537,-0.13661110390083586
4220260525010001,名古屋競輪,1R,20:41,1-6,1,6,16.7,0.05167357766159138,-0.13705125305142407
5520260523030001,和歌山競輪,1R,08:30,1-5,1,5,9.7,0.08881262388368658,-0.13851754832824026
4420260525010006,大垣競輪,6R,13:07,2-7,2,7,12.3,0.07001915556000109,-0.13876438661198653
4220260525010001,名古屋競輪,1R,20:41,1-5,1,5,13.0,0.06616481379399779,-0.13985742067802875
1120260523030009,函館競輪,9R,19:09,2-5,2,5,8.7,0.09884698467944489,-0.1400312332888295
1120260523030005,函館競輪,5R,17:31,4-5,4,5,10.7,0.0803444387074905,-0.14031450582985172
5520260523030001,和歌山競輪,1R,08:30,5-6,5,6,8.4,0.10234197948940395,-0.14032737228900682
8620260525010007,別府競輪,7R,18:07,4-7,4,7,16.1,0.05336061545538778,-0.14089409116825657
8620260525010007,別府競輪,7R,18:07,3-6,3,6,48.5,0.017709869673323806,-0.14107132084379537
4420260525010009,大垣競輪,9R,14:37,2-6,2,6,38.6,0.022047743758393204,-0.14895709092602227
5520260523030001,和歌山競輪,1R,08:30,1-2,1,2,8.3,0.10248629258961864,-0.1493637715061652
8620260525010005,別府競輪,5R,17:19,1-4,1,4,41.9,0.020213443784807078,-0.15305670541658345
8620260525010001,別府競輪,1R,15:45,1-3,1,3,33.2,0.025459100266744507,-0.15475787114408235
1120260523030010,函館競輪,10R,19:35,4-7,4,7,18.8,0.04491483372216345,-0.1556011260233271
8620260525010010,別府競輪,10R,19:22,3-7,3,7,21.6,0.03900754221057843,-0.15743708825150593
6120260525010005,玉野競輪,5R,22:27,4-7,4,7,16.5,0.05092020190708225,-0.1598166685331429
3820260524020010,静岡競輪,10R,15:22,3-4,3,4,8.7,0.0965575960940953,-0.159948913981371
2720260525010003,京王閣競輪,3R,21:45,1-4,1,4,9.7,0.08647117868910392,-0.161229566715692
3820260524020001,静岡競輪,1R,10:58,1-2,1,2,9.6,0.08728710312397234,-0.16204381000986556
5520260523030005,和歌山競輪,5R,09:53,2-4,2,4,14.0,0.059804080061056274,-0.16274287914521213
2720260525010003,京王閣競輪,3R,21:45,4-5,4,5,19.5,0.0428511350593863,-0.1644028663419671
2720260525010002,京王閣競輪,2R,21:21,1-4,1,4,10.5,0.07956598314234954,-0.1645571770053298
1120260523030002,函館競輪,2R,16:21,4-6,4,6,19.8,0.04211310830605032,-0.16616045554020364
2720260525010005,京王閣競輪,5R,22:36,4-5,4,5,38.2,0.021793120331983752,-0.16750280331822065
8620260525010009,別府競輪,9R,18:56,1-3,1,3,18.0,0.046188289312659114,-0.16861079237213594
8620260525010010,別府競輪,10R,19:22,4-7,4,7,48.7,0.01705638151204256,-0.16935422036352732
5520260523030007,和歌山競輪,7R,10:35,1-7,1,7,13.6,0.06096930625828137,-0.17081743488737344
8620260525010004,別府競輪,4R,16:55,1-5,1,5,8.8,0.09397455184725624,-0.17302394374414498
1120260523030008,函館競輪,8R,18:43,2-6,2,6,42.3,0.01949813360922354,-0.17522894832984426
1120260523030008,函館競輪,8R,18:43,2-7,2,7,13.1,0.06275357985578217,-0.17792810388925362
1120260523030011,函館競輪,11R,20:01,2-3,2,3,9.6,0.08548609953687916,-0.1793334444459601
3820260524020002,静岡競輪,2R,11:26,3-7,3,7,14.4,0.05697163682669652,-0.17960842969557
1120260523030011,函館競輪,11R,20:01,3-4,3,4,10.1,0.08101117996293598,-0.1817870823743466
4420260525010007,大垣競輪,7R,13:37,1-4,1,4,17.1,0.047824449463698106,-0.18220191417076237
6120260525010003,玉野競輪,3R,21:37,1-4,1,4,10.5,0.07782474444173655,-0.18284018336176622
1120260523030007,函館競輪,7R,18:19,3-4,3,4,17.3,0.047179181592340205,-0.1838001584525144
1120260523030006,函館競輪,6R,17:55,2-6,2,6,59.5,0.013710949827911822,-0.18419848523924653
2720260525010001,京王閣競輪,1R,20:57,5-7,5,7,52.1,0.015637097332652124,-0.18530722896882434
6120260525010002,玉野競輪,2R,21:13,2-6,2,6,9.7,0.08395818780336325,-0.18560557830737645
5520260523030007,和歌山競輪,7R,10:35,2-6,2,6,15.8,0.05154341582878854,-0.1856140299051411
4220260525010003,名古屋競輪,3R,21:29,1-6,1,6,10.5,0.07748691095415376,-0.18638743498138555
4220260525010004,名古屋競輪,4R,21:53,1-7,1,7,12.3,0.06521683882347966,-0.19783288247120012
4420260525010005,大垣競輪,5R,12:37,2-6,2,6,39.5,0.02028580884486892,-0.19871055062767762
5520260523030006,和歌山競輪,6R,10:14,4-5,4,5,17.1,0.04679183108920762,-0.1998596883745496
4420260525010011,大垣競輪,11R,15:38,5-7,5,7,16.7,0.047899220392575895,-0.20008301944398255
8620260525010010,別府競輪,10R,19:22,3-4,3,4,24.3,0.03290078409207207,-0.20051094656264878
1120260523030003,函館競輪,3R,16:43,2-3,2,3,7.9,0.10032389840047717,-0.20744120263623034
5520260523030002,和歌山競輪,2R,08:50,1-7,1,7,10.6,0.07473521281468055,-0.20780674416438616
8620260525010008,別府競輪,8R,18:31,3-4,3,4,15.5,0.05110491778807411,-0.2078737742848512
8620260525010006,別府競輪,6R,17:43,2-4,2,4,12.9,0.06131138742496213,-0.20908310221798854
3820260524020003,静岡競輪,3R,11:54,1-6,1,6,26.8,0.029433212421260957,-0.21118990711020635
8620260525010005,別府競輪,5R,17:19,1-3,1,3,10.0,0.07887426076607532,-0.2112573923392469
8620260525010002,別府競輪,2R,16:07,3-4,3,4,13.4,0.05876099231344268,-0.21260270299986805
4220260525010001,名古屋競輪,1R,20:41,3-4,3,4,13.0,0.06027704241129984,-0.2163984486531021
5520260523030004,和歌山競輪,4R,09:32,2-4,2,4,19.4,0.040293719734985196,-0.21830183714128726
5520260523030005,和歌山競輪,5R,09:53,3-7,3,7,7.9,0.09891670287229518,-0.21855804730886808
4420260525010008,大垣競輪,8R,14:07,1-3,1,3,14.5,0.05387702790493751,-0.21878309537840612
8620260525010008,別府競輪,8R,18:31,5-7,5,7,28.5,0.027397251945350268,-0.21917831955751732
3820260524020001,静岡競輪,1R,10:58,2-3,2,3,15.9,0.049050120410362975,-0.22010308547522872
1120260523030010,函館競輪,10R,19:35,1-3,1,3,15.7,0.04965642195970201,-0.22039417523267846
8620260525010008,別府競輪,8R,18:31,2-6,2,6,28.5,0.027130714792839405,-0.22677462840407692
8620260525010006,別府競輪,6R,17:43,1-5,1,5,10.9,0.07069704792891181,-0.22940217757486125
8620260525010003,別府競輪,3R,16:31,2-7,2,7,9.4,0.08191333415749796,-0.2300146589195191
4420260525010002,大垣競輪,2R,11:12,1-4,1,4,25.7,0.029804829929514005,-0.2340158708114901
4220260525010001,名古屋競輪,1R,20:41,6-7,6,7,39.0,0.01962726786626154,-0.23453655321580003
8620260525010012,別府競輪,12R,20:15,1-2,1,2,41.2,0.01853000250833021,-0.23656389665679523
4420260525010007,大垣競輪,7R,13:37,1-3,1,3,12.7,0.060058117310965706,-0.2372619101507356
4420260525010011,大垣競輪,11R,15:38,2-3,2,3,10.8,0.07034469349799904,-0.24027731022161025
2720260525010002,京王閣競輪,2R,21:21,1-6,1,6,10.5,0.07233679055965167,-0.2404636991236575
4220260525010001,名古屋競輪,1R,20:41,2-3,2,3,13.0,0.05829440238743264,-0.2421727689633757
5520260523030002,和歌山競輪,2R,08:50,5-7,5,7,8.1,0.09308302285231077,-0.24602751489628283
3820260524020002,静岡競輪,2R,11:26,4-7,4,7,7.5,0.1004887981841181,-0.24633401361911422
5520260523030006,和歌山競輪,6R,10:14,5-7,5,7,9.3,0.08079070313796381,-0.24864646081693653
6120260525010002,玉野競輪,2R,21:13,1-5,1,5,19.5,0.038436333579746955,-0.2504914951949344
1120260523030007,函館競輪,7R,18:19,1-5,1,5,8.3,0.09017970562806536,-0.25150844328705746
8620260525010010,別府競輪,10R,19:22,2-6,2,6,32.5,0.02301415738874528,-0.25203988486577844
4420260525010005,大垣競輪,5R,12:37,2-4,2,4,21.5,0.03471929075580447,-0.25353524875020395
1120260523030002,函館競輪,2R,16:21,2-6,2,6,16.1,0.04634206096248526,-0.25389281850398726
2720260525010002,京王閣競輪,2R,21:21,3-4,3,4,15.7,0.047380362576493015,-0.2561283075490597
8620260525010012,別府競輪,12R,20:15,3-7,3,7,7.2,0.10270584204470024,-0.2605179372781583
6120260525010005,玉野競輪,5R,22:27,1-6,1,6,16.5,0.04451632272565202,-0.26548067502674166
8620260525010007,別府競輪,7R,18:07,3-5,3,5,29.1,0.025015980059893306,-0.2720349802571048
4420260525010011,大垣競輪,11R,15:38,2-5,2,5,11.5,0.06270400304703334,-0.2789039649591165
1120260523030007,函館競輪,7R,18:19,1-3,1,3,6.7,0.10749462160585038,-0.27978603524080237
2720260525010007,京王閣競輪,7R,23:30,4-5,4,5,21.0,0.034291648793137744,-0.27987537534410734
2720260525010005,京王閣競輪,5R,22:36,6-7,6,7,38.2,0.01883300039360791,-0.2805793849641778
8620260525010010,別府競輪,10R,19:22,1-4,1,4,12.1,0.05933911382829411,-0.2819967226776413
4420260525010002,大垣競輪,2R,11:12,2-6,2,6,11.7,0.061269620793289514,-0.2831454367185128
8620260525010001,別府競輪,1R,15:45,4-5,4,5,11.0,0.06495283407999579,-0.28551882512004634
2720260525010001,京王閣競輪,1R,20:57,1-4,1,4,6.9,0.10350292142549324,-0.2858298421640967
5520260523030004,和歌山競輪,4R,09:32,1-7,1,7,7.5,0.09515199208749558,-0.28636005934378317
8620260525010007,別府競輪,7R,18:07,5-7,5,7,24.2,0.029446376819287114,-0.2873976809732519
8620260525010005,別府競輪,5R,17:19,5-7,5,7,17.6,0.04047722378019354,-0.28760086146859365
8620260525010008,別府競輪,8R,18:31,4-6,4,6,42.7,0.01668029975262613,-0.2877512005628642
6120260525010001,玉野競輪,1R,20:49,1-6,1,6,7.4,0.0961141467112219,-0.2887553143369579
4420260525010012,大垣競輪,12R,16:14,2-6,2,6,102.8,0.006901478837585482,-0.29052797549621245
8620260525010004,別府競輪,4R,16:55,1-3,1,3,9.9,0.07146485997563423,-0.2924978862412211
5520260523030007,和歌山競輪,7R,10:35,1-2,1,2,8.0,0.08804259779230726,-0.2956592176615419
8620260525010012,別府競輪,12R,20:15,2-7,2,7,15.2,0.04608749487095782,-0.2994700779614412
4220260525010003,名古屋競輪,3R,21:29,1-3,1,3,10.5,0.0667114140087419,-0.29953015290820995
2720260525010006,京王閣競輪,6R,23:03,2-3,2,3,13.3,0.05259966975949389,-0.3004243921987312
5520260523030003,和歌山競輪,3R,09:11,1-4,1,4,12.8,0.05458045213478679,-0.3013702126747291
1120260523030003,函館競輪,3R,16:43,4-5,4,5,19.9,0.035034179544699354,-0.30281982706048294
8620260525010009,別府競輪,9R,18:56,2-6,2,6,18.0,0.03868583289707139,-0.30365500785271493
8620260525010006,別府競輪,6R,17:43,4-7,4,7,15.9,0.043745523548875495,-0.30444617557287956
6120260525010001,玉野競輪,1R,20:49,2-6,2,6,12.3,0.05638358178885158,-0.30648194399712547
6120260525010003,玉野競輪,3R,21:37,1-3,1,3,10.5,0.06587507842678351,-0.3083116765187731
2720260525010003,京王閣競輪,3R,21:45,3-5,3,5,19.5,0.03539159418372877,-0.309863913417289
6120260525010001,玉野競輪,1R,20:49,2-7,2,7,18.5,0.037144307157248174,-0.31283031759090874
8620260525010012,別府競輪,12R,20:15,2-4,2,4,26.5,0.025905269218309657,-0.31351036571479407
8620260525010002,別府競輪,2R,16:07,3-7,3,7,27.9,0.024581193144037932,-0.31418471128134173
1120260523030012,函館競輪,12R,20:30,2-7,2,7,8.4,0.0816230485724618,-0.31436639199132077
1120260523030012,函館競輪,12R,20:30,6-7,6,7,11.0,0.06182874343489675,-0.31988382221613576
1120260523030007,函館競輪,7R,18:19,2-7,2,7,34.6,0.019565170468656884,-0.32304510178447177
8620260525010012,別府競輪,12R,20:15,2-5,2,5,24.2,0.02792841088942355,-0.3241324564759501
4420260525010008,大垣競輪,8R,14:07,2-5,2,5,33.0,0.020456868553769908,-0.324923337725593
4420260525010004,大垣競輪,4R,12:08,3-5,3,5,8.8,0.07656514571966146,-0.3262267176669791
3820260524020009,静岡競輪,9R,14:52,3-4,3,4,5.7,0.11807043924963204,-0.3269984962770973
5520260523030006,和歌山競輪,6R,10:14,1-5,1,5,7.4,0.09068236933732993,-0.3289504669037585
1120260523030007,函館競輪,7R,18:19,4-6,4,6,26.9,0.024923487570334444,-0.32955818435800355
1120260523030003,函館競輪,3R,16:43,2-4,2,4,12.1,0.05520276426432475,-0.3320465524016706
4420260525010012,大垣競輪,12R,16:14,4-5,4,5,7.5,0.08886782190800319,-0.33349133568997613
5520260523030007,和歌山競輪,7R,10:35,1-4,1,4,13.5,0.04935757867000037,-0.33367268795499505
1120260523030002,函館競輪,2R,16:21,3-5,3,5,115.6,0.005733187472978643,-0.33724352812366887
4420260525010010,大垣競輪,10R,15:07,1-5,1,5,10.8,0.06124279996138175,-0.338577760417077
8620260525010006,別府競輪,6R,17:43,1-3,1,3,10.3,0.06411680220935555,-0.3395969372436378
1120260523030003,函館競輪,3R,16:43,1-2,1,2,17.8,0.03698019241261111,-0.34175257505552226
6120260525010005,玉野競輪,5R,22:27,2-7,2,7,16.5,0.03983798247458145,-0.3426732891694061
6120260525010005,玉野競輪,5R,22:27,3-7,3,7,16.5,0.03983241322305468,-0.3427651818195977
1120260523030001,函館競輪,1R,15:59,2-4,2,4,19.7,0.03332782008046828,-0.34344194441477494
6120260525010002,玉野競輪,2R,21:13,5-6,5,6,19.5,0.03361770487375516,-0.34445475496177447
1120260523030010,函館競輪,10R,19:35,1-2,1,2,8.0,0.0818845637682045,-0.34492348985436405
6120260525010005,玉野競輪,5R,22:27,1-2,1,2,8.2,0.0797571735275133,-0.345991177074391
4420260525010010,大垣競輪,10R,15:07,2-6,2,6,28.5,0.02290565046057244,-0.3471889618736854
4420260525010002,大垣競輪,2R,11:12,2-5,2,5,8.0,0.08153796187241522,-0.3476963050206783
3820260524020002,静岡競輪,2R,11:26,1-2,1,2,24.4,0.026722690309132987,-0.3479663564571551
8620260525010010,別府競輪,10R,19:22,2-4,2,4,39.0,0.01663306428996948,-0.3513104926911903
2720260525010001,京王閣競輪,1R,20:57,1-2,1,2,5.7,0.11379490262433514,-0.3513690550412897
1120260523030002,函館競輪,2R,16:21,1-3,1,3,15.0,0.04291032772340135,-0.3563450841489797
8620260525010006,別府競輪,6R,17:43,2-7,2,7,41.5,0.015498701554363295,-0.3568038854939233
4420260525010007,大垣競輪,7R,13:37,3-4,3,4,10.8,0.05952232103119105,-0.3571589328631366
6120260525010002,玉野競輪,2R,21:13,3-4,3,4,19.5,0.03292119999009718,-0.3580366001931049
3820260524020002,静岡競輪,2R,11:26,3-4,3,4,6.4,0.0988655956867696,-0.3672601876046745
4420260525010003,大垣競輪,3R,11:40,2-4,2,4,12.6,0.0502008963012702,-0.36746870660399555
1120260523030010,函館競輪,10R,19:35,3-5,3,5,27.2,0.023241400794415834,-0.3678338983918893
5520260523030003,和歌山競輪,3R,09:11,1-2,1,2,23.5,0.026873982845649756,-0.36846140312723075
8620260525010007,別府競輪,7R,18:07,2-3,2,3,10.3,0.06118815189840941,-0.369762035446383
4420260525010002,大垣競輪,2R,11:12,1-3,1,3,16.0,0.03923302880638226,-0.3722715390978838
6120260525010001,玉野競輪,1R,20:49,1-2,1,2,7.4,0.08458624427714485,-0.37406179234912806
2720260525010003,京王閣競輪,3R,21:45,5-7,5,7,19.5,0.03204928658366033,-0.37503891161862357
8620260525010006,別府競輪,6R,17:43,4-5,4,5,8.3,0.07449827304677306,-0.38166433371178354
4420260525010007,大垣競輪,7R,13:37,1-6,1,6,16.8,0.036745627490772315,-0.38267345815502507
2720260525010005,京王閣競輪,5R,22:36,2-4,2,4,12.7,0.04830270931434752,-0.38655559170778653
4420260525010011,大垣競輪,11R,15:38,2-4,2,4,11.6,0.052829462806759445,-0.38717823144159047
4420260525010008,大垣競輪,8R,14:07,1-7,1,7,8.6,0.07119258843094653,-0.3877437394938599
5520260523030003,和歌山競輪,3R,09:11,5-7,5,7,9.6,0.06363979939318729,-0.3890579258254021
5520260523030002,和歌山競輪,2R,08:50,1-2,1,2,11.1,0.05492397233482235,-0.3903439070834719
6120260525010002,玉野競輪,2R,21:13,3-6,3,6,9.7,0.06246532563468151,-0.39408634134358944
1120260523030007,函館競輪,7R,18:19,1-4,1,4,6.9,0.08748093831191815,-0.39638152564776474
6120260525010002,玉野競輪,2R,21:13,1-4,1,4,9.7,0.06219983873869293,-0.3966615642346787
2720260525010007,京王閣競輪,7R,23:30,1-5,1,5,6.3,0.09573180760977451,-0.39688961205842055
4220260525010001,名古屋競輪,1R,20:41,4-7,4,7,23.4,0.02561935775135711,-0.4005070286182436
4420260525010006,大垣競輪,6R,13:07,2-4,2,4,13.9,0.0431250867857551,-0.4005612936780041
3820260524020003,静岡競輪,3R,11:54,2-3,2,3,8.2,0.07309564011831948,-0.4006157510297803
6120260525010001,玉野競輪,1R,20:49,3-4,3,4,24.7,0.024252812791754272,-0.4009555240436695
1120260523030007,函館競輪,7R,18:19,4-5,4,5,16.1,0.03720363992562638,-0.40102139719741525
1120260523030011,函館競輪,11R,20:01,1-3,1,3,7.4,0.08045924736016206,-0.40460156953480064
4420260525010005,大垣競輪,5R,12:37,1-5,1,5,9.2,0.06451245596890362,-0.40648540508608677
4220260525010004,名古屋競輪,4R,21:53,5-7,5,7,24.7,0.02398150190337855,-0.4076569029865498
8620260525010003,別府競輪,3R,16:31,1-7,1,7,5.4,0.10915653595674128,-0.410554705833597
2720260525010003,京王閣競輪,3R,21:45,2-4,2,4,9.7,0.06061289332979604,-0.4120549347009784
2720260525010002,京王閣競輪,2R,21:21,4-5,4,5,15.7,0.037287422107609,-0.41458747291053877
3820260524020009,静岡競輪,9R,14:52,3-7,3,7,13.8,0.042368648771553184,-0.415312646952566
4420260525010010,大垣競輪,10R,15:07,1-4,1,4,18.4,0.03170443309850649,-0.41663843098748055
8620260525010007,別府競輪,7R,18:07,3-7,3,7,24.2,0.02409131318468933,-0.4169902209305183
1120260523030007,函館競輪,7R,18:19,3-5,3,5,11.0,0.052924496518516995,-0.417830538296313
1120260523030005,函館競輪,5R,17:31,3-4,3,4,6.7,0.08682235544169095,-0.4182902185406706
1120260523030012,函館競輪,12R,20:30,5-7,5,7,9.1,0.06361535931656684,-0.4211002302192418
8620260525010012,別府競輪,12R,20:15,5-7,5,7,6.6,0.08737063373624093,-0.4233538173408099
2720260525010002,京王閣競輪,2R,21:21,2-6,2,6,10.5,0.05452423778795212,-0.42749550322650265
1120260523030002,函館競輪,2R,16:21,5-6,5,6,84.9,0.006738565753468021,-0.427895767530565
2720260525010001,京王閣競輪,1R,20:57,3-4,3,4,11.5,0.04971399976143151,-0.42828900274353765
4420260525010009,大垣競輪,9R,14:37,3-6,3,6,10.3,0.05536333633012269,-0.42975763579973625
3820260524020005,静岡競輪,5R,12:52,3-6,3,6,8.9,0.06392265679344623,-0.4310883545383285
1120260523030007,函館競輪,7R,18:19,5-6,5,6,17.3,0.03284825394014026,-0.43172520683557347
3820260524020008,静岡競輪,8R,14:22,4-7,4,7,9.8,0.05794951180070457,-0.43209478435309523
6120260525010003,玉野競輪,3R,21:37,1-7,1,7,10.5,0.05401306291883114,-0.4328628393522731
2720260525010006,京王閣競輪,6R,23:03,3-4,3,4,16.6,0.03413477345899535,-0.43336276058067713
1120260523030001,函館競輪,1R,15:59,2-6,2,6,71.4,0.007890236501277107,-0.43663711380881454
5520260523030003,和歌山競輪,3R,09:11,2-5,2,5,12.4,0.04539981455350861,-0.4370422995364932
1120260523030004,函館競輪,4R,17:07,1-3,1,3,15.4,0.03654692799539262,-0.43717730887095363
1120260523030008,函館競輪,8R,18:43,1-2,1,2,18.9,0.029768031451540014,-0.43738420556589375
2720260525010005,京王閣競輪,5R,22:36,2-3,2,3,9.5,0.058588458155177284,-0.4434096475258158
2720260525010002,京王閣競輪,2R,21:21,3-5,3,5,15.7,0.0353024771879213,-0.4457511081496356
6120260525010003,玉野競輪,3R,21:37,2-3,2,3,10.5,0.05270676012888813,-0.4465790186466747
2720260525010004,京王閣競輪,4R,22:09,1-5,1,5,6.2,0.08902027416276576,-0.44807430019085226
3820260524020011,静岡競輪,11R,15:52,4-5,4,5,5.4,0.10123919812223292,-0.4533083301399422
6120260525010002,玉野競輪,2R,21:13,2-3,2,3,9.7,0.0563472754461524,-0.45343142817232174
8620260525010005,別府競輪,5R,17:19,1-5,1,5,19.2,0.02844494872661218,-0.4538569844490461
4420260525010012,大垣競輪,12R,16:14,1-4,1,4,7.4,0.0737130766296819,-0.4545232329403539
2720260525010005,京王閣競輪,5R,22:36,3-6,3,6,19.1,0.02848980642690722,-0.455844697246072
2720260525010005,京王閣競輪,5R,22:36,2-5,2,5,19.1,0.02845068084783791,-0.45659199580629584
4220260525010002,名古屋競輪,2R,21:05,1-2,1,2,7.5,0.07231636325136344,-0.45762727561477423
1120260523030005,函館競輪,5R,17:31,1-5,1,5,8.6,0.06301195679714768,-0.45809717154453
4420260525010012,大垣競輪,12R,16:14,4-7,4,7,6.8,0.079678762200557,-0.4581844170362124
8620260525010008,別府競輪,8R,18:31,1-2,1,2,5.8,0.09339275816483583,-0.4583220026439522
2720260525010001,京王閣競輪,1R,20:57,1-6,1,6,9.4,0.057339240054852594,-0.46101114348438554
4220260525010007,名古屋競輪,7R,23:12,1-6,1,6,11.7,0.04606012104931079,-0.46109658372306384
1120260523030002,函館競輪,2R,16:21,1-2,1,2,6.7,0.08035279826336364,-0.4616362516354636
1120260523030011,函館競輪,11R,20:01,2-5,2,5,11.8,0.0455563292381036,-0.4624353149903775
5520260523030004,和歌山競輪,4R,09:32,6-7,6,7,12.1,0.044247027321666216,-0.46461096940783886
1120260523030009,函館競輪,9R,19:09,2-7,2,7,5.9,0.09069982156026207,-0.46487105279445373
8620260525010006,別府競輪,6R,17:43,2-6,2,6,23.0,0.023256993736057455,-0.4650891440706786
2720260525010007,京王閣競輪,7R,23:30,1-6,1,6,31.5,0.01693905450026656,-0.4664197832416034
8620260525010009,別府競輪,9R,18:56,3-7,3,7,31.5,0.01693725533855249,-0.4664764568355966
3820260524020002,静岡競輪,2R,11:26,1-4,1,4,7.0,0.07605981116990958,-0.46758132181063294
4220260525010002,名古屋競輪,2R,21:05,2-3,2,3,7.5,0.07094011264347054,-0.46794915517397095
4220260525010001,名古屋競輪,1R,20:41,2-5,2,5,9.7,0.05460008364077994,-0.4703791886844346
4420260525010008,大垣競輪,8R,14:07,3-7,3,7,7.4,0.07141578272151491,-0.4715232078607896
8620260525010007,別府競輪,7R,18:07,2-5,2,5,7.6,0.069080457087779,-0.47498852613287956
8620260525010010,別府競輪,10R,19:22,2-7,2,7,24.3,0.02150469096975648,-0.4774360094349175
1120260523030006,函館競輪,6R,17:55,2-4,2,4,6.8,0.07649603394431155,-0.4798269691786815
4420260525010004,大垣競輪,4R,12:08,1-6,1,6,14.6,0.0354376825155642,-0.4826098352727627
8620260525010006,別府競輪,6R,17:43,3-4,3,4,7.6,0.06799367257486666,-0.4832480884310134
1120260523030010,函館競輪,10R,19:35,2-5,2,5,12.2,0.04233458896000618,-0.48351801468792466
8620260525010008,別府競輪,8R,18:31,4-5,4,5,15.5,0.033310903223997955,-0.4836810000280317
6120260525010002,玉野競輪,2R,21:13,1-7,1,7,9.7,0.05306259438956119,-0.4852928344212565
8620260525010008,別府競輪,8R,18:31,1-5,1,5,6.5,0.07894735495424138,-0.486842192797431
3820260524020004,静岡競輪,4R,12:22,3-4,3,4,3.7,0.13859477086714184,-0.48719934779157514
1120260523030002,函館競輪,2R,16:21,1-7,1,7,4.6,0.1113720932378378,-0.4876883711059462
1120260523030002,函館競輪,2R,16:21,5-7,5,7,33.3,0.015369042455395736,-0.48821088623532205
4420260525010006,大垣競輪,6R,13:07,1-6,1,6,19.2,0.02654462323135897,-0.4903432339579078
4420260525010010,大垣競輪,10R,15:07,1-3,1,3,8.1,0.06285913666012197,-0.4908409930530121
5520260523030004,和歌山競輪,4R,09:32,4-7,4,7,6.8,0.07487104067616426,-0.490876923402083
1120260523030001,函館競輪,1R,15:59,3-5,3,5,4.1,0.12380252230679542,-0.4924096585421388
3820260524020001,静岡競輪,1R,10:58,2-7,2,7,7.9,0.06407413076593808,-0.4938143669490891
4220260525010002,名古屋競輪,2R,21:05,2-7,2,7,15.0,0.033709919546431086,-0.4943512068035337
4420260525010003,大垣競輪,3R,11:40,3-5,3,5,9.0,0.05599954507217332,-0.49600409435044013
8620260525010012,別府競輪,12R,20:15,2-6,2,6,39.2,0.012750434953686772,-0.5001829498154785
5520260523030003,和歌山競輪,3R,09:11,2-7,2,7,17.8,0.028008992707197627,-0.5014399298118822
1120260523030003,函館競輪,3R,16:43,4-7,4,7,12.1,0.04112516800749886,-0.5023854671092638
1120260523030009,函館競輪,9R,19:09,1-5,1,5,10.7,0.04645522435048068,-0.5029290994498568
3820260524020008,静岡競輪,8R,14:22,1-4,1,4,8.6,0.057628485757296524,-0.50439502248725
2720260525010007,京王閣競輪,7R,23:30,1-4,1,4,7.0,0.07079135935280154,-0.5044604845303893
2720260525010002,京王閣競輪,2R,21:21,2-5,2,5,10.5,0.04707487010701429,-0.5057138638763499
8620260525010009,別府競輪,9R,18:56,1-5,1,5,6.4,0.07722549472965594,-0.505756833730202
8620260525010002,別府競輪,2R,16:07,1-4,1,4,4.8,0.102896643246641,-0.5060961124161232
1120260523030009,函館競輪,9R,19:09,3-7,3,7,11.5,0.04291575371570847,-0.5064688322693526
4420260525010009,大垣競輪,9R,14:37,1-7,1,7,16.5,0.029837587847587187,-0.5076798005148114
8620260525010012,別府競輪,12R,20:15,4-6,4,6,16.8,0.029292981252487575,-0.5078779149582087
4220260525010002,名古屋競輪,2R,21:05,2-4,2,4,7.5,0.0653671128774353,-0.5097466534192353
1120260523030005,函館競輪,5R,17:31,1-3,1,3,6.9,0.07036827808000277,-0.5144588812479809
4420260525010006,大垣競輪,6R,13:07,5-7,5,7,8.9,0.05452614674237874,-0.5147172939928293
8620260525010009,別府競輪,9R,18:56,2-3,2,3,19.4,0.02492559878520504,-0.5164433835670222
1120260523030010,函館競輪,10R,19:35,1-7,1,7,4.8,0.10019863662529922,-0.5190465441985638
1120260523030008,函館競輪,8R,18:43,2-3,2,3,10.7,0.04489196778713775,-0.5196559446776261
4220260525010001,名古屋競輪,1R,20:41,1-4,1,4,8.3,0.05752604749559796,-0.5225338057865369
3820260524020007,静岡競輪,7R,13:52,3-5,3,5,62.4,0.00761741899515012,-0.5246730547026326
2720260525010002,京王閣競輪,2R,21:21,2-4,2,4,7.8,0.060938931705981636,-0.5246763326933432
1120260523030001,函館競輪,1R,15:59,3-4,3,4,8.8,0.05376046992119983,-0.5269078646934415
6120260525010001,玉野競輪,1R,20:49,2-4,2,4,10.6,0.0445789621752866,-0.5274630009419621
1120260523030005,函館競輪,5R,17:31,3-5,3,5,4.7,0.10013231092332776,-0.5293781386603595
4220260525010002,名古屋競輪,2R,21:05,1-3,1,3,7.5,0.06221003428052505,-0.5334247428960621
4420260525010002,大垣競輪,2R,11:12,1-2,1,2,7.3,0.0636532404773604,-0.5353313445152691
2720260525010002,京王閣競輪,2R,21:21,2-3,2,3,7.8,0.05944803683989486,-0.5363053126488202
8620260525010009,別府競輪,9R,18:56,5-7,5,7,11.4,0.04057135555944086,-0.5374865466223742
2720260525010002,京王閣競輪,2R,21:21,5-7,5,7,31.5,0.014646995471207354,-0.5386196426569684
6120260525010001,玉野競輪,1R,20:49,3-7,3,7,24.7,0.018618143042697925,-0.5401318668453612
5520260523030002,和歌山競輪,2R,08:50,1-4,1,4,6.8,0.0675988851035768,-0.5403275812956778
8620260525010009,別府競輪,9R,18:56,2-7,2,7,11.4,0.03989045814109346,-0.5452487771915345
6120260525010002,玉野競輪,2R,21:13,1-3,1,3,6.5,0.06983105879276706,-0.5460981178470141
1120260523030007,函館競輪,7R,18:19,2-4,2,4,30.2,0.014932720434755586,-0.5490318428703813
4220260525010002,名古屋競輪,2R,21:05,2-6,2,6,7.5,0.0596020008979716,-0.552984993265213
1120260523030011,函館競輪,11R,20:01,1-4,1,4,10.4,0.04269331904857887,-0.5559894818947797
1120260523030004,函館競輪,4R,17:07,4-6,4,6,68.7,0.006445533354823223,-0.5571918585236446
2720260525010001,京王閣競輪,1R,20:57,1-3,1,3,5.7,0.07752707016029212,-0.5580957000863349
5520260523030007,和歌山競輪,7R,10:35,2-3,2,3,4.4,0.09957804548496191,-0.5618565998661675
4420260525010004,大垣競輪,4R,12:08,1-3,1,3,3.9,0.11163791151236976,-0.564612145101758
3820260524020011,静岡競輪,11R,15:52,3-5,3,5,5.9,0.0736417871831509,-0.5655134556194097
5520260523030004,和歌山競輪,4R,09:32,4-5,4,5,21.2,0.0203149631902144,-0.5693227803674548
6120260525010005,玉野競輪,5R,22:27,1-3,1,3,5.5,0.07822201149224517,-0.5697789367926516
3820260524020003,静岡競輪,3R,11:54,2-5,2,5,6.3,0.06765738830463179,-0.5737584536808198
1120260523030010,函館競輪,10R,19:35,1-5,1,5,6.8,0.0624182737328141,-0.5755557386168642
4420260525010001,大垣競輪,1R,10:45,1-6,1,6,15.1,0.027986291375112046,-0.577407000235808
5520260523030002,和歌山競輪,2R,08:50,1-5,1,5,4.1,0.10264040100201274,-0.5791743558917478
3820260524020008,静岡競輪,8R,14:22,1-5,1,5,10.5,0.039488680566150076,-0.5853688540554243
2720260525010002,京王閣競輪,2R,21:21,1-3,1,3,5.2,0.07910600662983691,-0.588648765524848
8620260525010010,別府競輪,10R,19:22,1-3,1,3,4.5,0.0912890726486281,-0.5891991730811736
1120260523030010,函館競輪,10R,19:35,3-7,3,7,9.7,0.04221352927713676,-0.5905287660117735
4420260525010009,大垣競輪,9R,14:37,1-3,1,3,5.5,0.07417444446146515,-0.5920405554619417
3820260524020009,静岡競輪,9R,14:52,2-4,2,4,4.6,0.08863991632112128,-0.5922563849228422
1120260523030005,函館競輪,5R,17:31,1-6,1,6,14.8,0.027465354405618304,-0.5935127547968491
1120260523030006,函館競輪,6R,17:55,3-5,3,5,6.2,0.06537337500964883,-0.5946850749401772
4220260525010003,名古屋競輪,3R,21:29,2-5,2,5,5.2,0.07753587914218271,-0.5968134284606499
6120260525010003,玉野競輪,3R,21:37,2-6,2,6,5.2,0.07660889677048499,-0.6016337367934781
4220260525010001,名古屋競輪,1R,20:41,2-6,2,6,9.7,0.0408707287930833,-0.6035539307070921
4220260525010003,名古屋競輪,3R,21:29,1-7,1,7,10.5,0.0374349079114716,-0.6069334669295482
4220260525010003,名古屋競輪,3R,21:29,2-6,2,6,5.2,0.07547395048144515,-0.6075354574964853
3820260524020011,静岡競輪,11R,15:52,1-5,1,5,6.4,0.0612841520188523,-0.6077814270793452
1120260523030007,函館競輪,7R,18:19,3-7,3,7,7.5,0.052155153481255094,-0.6088363488905868
5520260523030005,和歌山競輪,5R,09:53,2-5,2,5,11.2,0.03491090829991428,-0.6089978270409602
8620260525010001,別府競輪,1R,15:45,2-5,2,5,3.0,0.12877972323968648,-0.6136608302809405
1120260523030008,函館競輪,8R,18:43,3-7,3,7,3.1,0.12433896838177967,-0.614549198016483
5520260523030005,和歌山競輪,5R,09:53,2-3,2,3,3.7,0.10327362817360719,-0.6178875757576534
4420260525010001,大垣競輪,1R,10:45,3-7,3,7,3.8,0.10037908216146682,-0.6185594877864261
6120260525010003,玉野競輪,3R,21:37,2-5,2,5,10.5,0.036088483000402294,-0.6210709284957759
5520260523030003,和歌山競輪,3R,09:11,4-5,4,5,4.8,0.07852761095127506,-0.6230674674338798
6120260525010005,玉野競輪,5R,22:27,5-7,5,7,8.2,0.04585616888642921,-0.6239794151312805
4220260525010002,名古屋競輪,2R,21:05,4-5,4,5,7.5,0.05011751963798224,-0.6241186027151332
1120260523030008,函館競輪,8R,18:43,1-4,1,4,8.6,0.043517048752055594,-0.6257533807323219
1120260523030008,函館競輪,8R,18:43,2-5,2,5,19.6,0.01905237296733374,-0.6265734898402586
1120260523030008,函館競輪,8R,18:43,4-6,4,6,13.4,0.027789240187930952,-0.6276241814817252
8620260525010007,別府競輪,7R,18:07,1-5,1,5,9.7,0.03810477418569489,-0.6303836903987596
4220260525010001,名古屋競輪,1R,20:41,1-2,1,2,6.8,0.054211886247200594,-0.631359173519036
3820260524020003,静岡競輪,3R,11:54,3-5,3,5,3.2,0.11511666134444531,-0.631626683697775
8620260525010009,別府競輪,9R,18:56,2-5,2,5,7.2,0.050984928005798756,-0.632908518358249
2720260525010001,京王閣競輪,1R,20:57,2-6,2,6,10.4,0.03523380049619414,-0.6335684748395809
5520260523030007,和歌山競輪,7R,10:35,2-7,2,7,4.9,0.07462597735680371,-0.6343327109516619
3820260524020001,静岡競輪,1R,10:58,2-5,2,5,4.1,0.08907667762099547,-0.6347856217539186
4420260525010007,大垣競輪,7R,13:37,2-4,2,4,5.4,0.06759192712206008,-0.6350035935408755
3820260524020006,静岡競輪,6R,13:22,6-7,6,7,5.2,0.07015688618267185,-0.6351841918501064
8620260525010008,別府競輪,8R,18:31,2-4,2,4,8.5,0.04264032620990862,-0.6375572272157768
2720260525010005,京王閣競輪,5R,22:36,2-6,2,6,12.7,0.02853499032724719,-0.6376056228439607
6120260525010003,玉野競輪,3R,21:37,1-2,1,2,3.5,0.10328745082606623,-0.6384939221087682
2720260525010005,京王閣競輪,5R,22:36,5-7,5,7,19.1,0.018905815260057916,-0.6388989285328938
4220260525010002,名古屋競輪,2R,21:05,1-6,1,6,7.5,0.04783968983263848,-0.6412023262552115
2720260525010001,京王閣競輪,1R,20:57,2-3,2,3,6.9,0.05194883373530725,-0.64155304722638
3820260524020008,静岡競輪,8R,14:22,3-7,3,7,10.0,0.03560857477640242,-0.6439142522359758
1120260523030012,函館競輪,12R,20:30,1-7,1,7,3.2,0.11084986751615095,-0.645280423948317
4420260525010005,大垣競輪,5R,12:37,1-7,1,7,3.3,0.10720007747755232,-0.6462397443240774
8620260525010001,別府競輪,1R,15:45,3-5,3,5,5.1,0.06905589231259031,-0.6478149492057894
6120260525010001,玉野競輪,1R,20:49,3-6,3,6,10.6,0.033193909976944214,-0.6481445542443913
4220260525010002,名古屋競輪,2R,21:05,1-7,1,7,15.0,0.02343342993060639,-0.6484985510409041
6120260525010005,玉野競輪,5R,22:27,1-7,1,7,4.1,0.08545104459580213,-0.6496507171572112
4420260525010007,大垣競輪,7R,13:37,1-5,1,5,13.9,0.025018772679707,-0.6522390597520726
8620260525010012,別府競輪,12R,20:15,3-5,3,5,5.4,0.06423899113841605,-0.6531094478525533
4220260525010003,名古屋競輪,3R,21:29,2-3,2,3,5.2,0.06531590722280567,-0.6603572824414106
6120260525010002,玉野競輪,2R,21:13,3-5,3,5,19.5,0.01736928076526196,-0.6612990250773918
4420260525010005,大垣競輪,5R,12:37,5-6,5,6,18.7,0.018088443919485074,-0.6617460987056292
4220260525010007,名古屋競輪,7R,23:12,6-7,6,7,17.6,0.019216074265515005,-0.6617970929269359
6120260525010003,玉野競輪,3R,21:37,2-4,2,4,5.2,0.0642260114187742,-0.6660247406223742
2720260525010003,京王閣競輪,3R,21:45,2-3,2,3,6.5,0.05102845976283414,-0.6683150115415781
5520260523030006,和歌山競輪,6R,10:14,2-4,2,4,16.6,0.019922159504060614,-0.6692921522325938
4420260525010002,大垣競輪,2R,11:12,3-7,3,7,7.9,0.04172375678946587,-0.6703823213632196
1120260523030005,函館競輪,5R,17:31,1-4,1,4,6.3,0.05230557203139837,-0.6704748962021903
2720260525010007,京王閣競輪,7R,23:30,6-7,6,7,63.0,0.005230163761036566,-0.6704996830546963
1120260523030007,函館競輪,7R,18:19,2-6,2,6,26.9,0.012243956197303877,-0.6706375782925258
4420260525010007,大垣競輪,7R,13:37,2-3,2,3,3.9,0.08423841600694384,-0.671470177572919
5520260523030003,和歌山競輪,3R,09:11,1-7,1,7,8.2,0.039785814940841144,-0.6737563174851027
8620260525010009,別府競輪,9R,18:56,3-5,3,5,12.0,0.02666298969412851,-0.6800441236704579
2720260525010003,京王閣競輪,3R,21:45,3-4,3,4,9.7,0.03295490987721687,-0.6803373741909964
5520260523030003,和歌山競輪,3R,09:11,4-7,4,7,6.0,0.05323526081152295,-0.6805884351308623
4220260525010001,名古屋競輪,1R,20:41,1-3,1,3,4.6,0.06931228287074354,-0.6811634987945798
1120260523030004,函館競輪,4R,17:07,2-3,2,3,4.7,0.06754236136210912,-0.6825509015980871
4420260525010008,大垣競輪,8R,14:07,1-2,1,2,8.6,0.03689561482525876,-0.6826977125027747
5520260523030002,和歌山競輪,2R,08:50,2-5,2,5,4.5,0.07025715827788881,-0.6838427877495004
6120260525010005,玉野競輪,5R,22:27,6-7,6,7,16.5,0.01898255026381278,-0.686787920647089
4420260525010005,大垣競輪,5R,12:37,3-7,3,7,6.1,0.05118887552035621,-0.687747859325827
8620260525010009,別府競輪,9R,18:56,2-4,2,4,5.1,0.06105578218642693,-0.6886155108492227
8620260525010006,別府競輪,6R,17:43,1-4,1,4,3.0,0.10339798329915248,-0.6898060501025426
4420260525010003,大垣競輪,3R,11:40,5-7,5,7,9.3,0.03302529862747212,-0.6928647227645093
2720260525010003,京王閣競輪,3R,21:45,2-5,2,5,4.8,0.06324377316689338,-0.6964298887989118
5520260523030002,和歌山競輪,2R,08:50,2-7,2,7,6.2,0.048277983093261714,-0.7006765048217773
8620260525010007,別府競輪,7R,18:07,2-4,2,4,2.7,0.11019007903984687,-0.7024867865924134
6120260525010005,玉野競輪,5R,22:27,2-3,2,3,8.2,0.03626533716668434,-0.7026242352331884
4420260525010012,大垣競輪,12R,16:14,3-4,3,4,1.6,0.18525612641172276,-0.7035901977412435
1120260523030008,函館競輪,8R,18:43,2-4,2,4,8.8,0.03337331478217263,-0.7063148299168809
3820260524020011,静岡競輪,11R,15:52,5-7,5,7,3.1,0.09426103997530196,-0.7077907760765639
1120260523030007,函館競輪,7R,18:19,2-5,2,5,14.2,0.02045382616523063,-0.7095556684537251
1120260523030006,函館競輪,6R,17:55,2-7,2,7,3.8,0.0762860153381342,-0.7101131417150901
1120260523030002,函館競輪,2R,16:21,1-5,1,5,24.3,0.01189278638152786,-0.711005290928873
4420260525010012,大垣競輪,12R,16:14,4-6,4,6,11.3,0.02549394422015009,-0.711918430312304
1120260523030011,函館競輪,11R,20:01,3-6,3,6,4.4,0.06543040820770134,-0.7121062038861141
1120260523030010,函館競輪,10R,19:35,1-6,1,6,3.9,0.07339090214518507,-0.7137754816337782
8620260525010012,別府競輪,12R,20:15,1-7,1,7,4.0,0.07144691027303696,-0.7142123589078522
8620260525010001,別府競輪,1R,15:45,2-4,2,4,3.2,0.0888009321052814,-0.7158370172630995
6120260525010005,玉野競輪,5R,22:27,3-6,3,6,16.5,0.017213135707442328,-0.7159832608272017
4220260525010004,名古屋競輪,4R,21:53,2-6,2,6,12.3,0.022895891468785026,-0.7183805349339442
8620260525010006,別府競輪,6R,17:43,3-5,3,5,6.1,0.04614635396043085,-0.7185072408413719
1120260523030011,函館競輪,11R,20:01,1-7,1,7,8.7,0.03233547078482254,-0.718681404172044
5520260523030005,和歌山競輪,5R,09:53,3-4,3,4,3.6,0.07755492452649239,-0.7208022717046274
8620260525010008,別府競輪,8R,18:31,1-4,1,4,4.2,0.06610351118037047,-0.722365253042444
6120260525010002,玉野競輪,2R,21:13,4-5,4,5,19.5,0.014103298902358556,-0.7249856714040082
4220260525010002,名古屋競輪,2R,21:05,6-7,6,7,15.0,0.01811661131347458,-0.7282508302978813
3820260524020005,静岡競輪,5R,12:52,6-7,6,7,4.3,0.06286485313511798,-0.7296811315189926
1120260523030002,函館競輪,2R,16:21,2-4,2,4,3.9,0.0689869213706316,-0.7309510066545368
3820260524020004,静岡競輪,4R,12:22,4-5,4,5,2.6,0.10264758353483652,-0.7331162828094251
1120260523030008,函館競輪,8R,18:43,3-5,3,5,6.9,0.03842615584769802,-0.7348595246508837
3820260524020002,静岡競輪,2R,11:26,2-5,2,5,14.4,0.01825996231856447,-0.7370565426126716
2720260525010001,京王閣競輪,1R,20:57,2-4,2,4,3.4,0.07589732180795275,-0.7419491058529606
1120260523030002,函館競輪,2R,16:21,1-6,1,6,5.2,0.04942733666015736,-0.7429778493671817
4420260525010010,大垣競輪,10R,15:07,1-7,1,7,2.5,0.10094038588936355,-0.7476490352765911
8620260525010010,別府競輪,10R,19:22,1-5,1,5,2.3,0.1094232553976224,-0.7483265125854686
1120260523030004,函館競輪,4R,17:07,3-7,3,7,2.1,0.11942127592697332,-0.749215320553356
4420260525010004,大垣競輪,4R,12:08,1-5,1,5,4.9,0.05099960622414067,-0.7501019295017107
5520260523030004,和歌山競輪,4R,09:32,3-7,3,7,2.6,0.09592596749704692,-0.750592484507678
4420260525010007,大垣競輪,7R,13:37,3-7,3,7,4.0,0.06203258041848015,-0.7518696783260794
3820260524020007,静岡競輪,7R,13:52,2-7,2,7,2.4,0.10180343172726856,-0.7556717638545555
4220260525010003,名古屋競輪,3R,21:29,5-7,5,7,10.5,0.022870031708306787,-0.7598646670627787
2720260525010007,京王閣競輪,7R,23:30,2-6,2,6,15.7,0.01514768138144577,-0.7621814023113014
3820260524020004,静岡競輪,4R,12:22,4-7,4,7,2.7,0.08788064084183522,-0.7627222697270448
3820260524020001,静岡競輪,1R,10:58,1-7,1,7,4.2,0.05639425341563367,-0.7631441356543386
4220260525010003,名古屋競輪,3R,21:29,2-4,2,4,5.2,0.04528682395849232,-0.76450851541584
5520260523030005,和歌山競輪,5R,09:53,2-7,2,7,2.9,0.07985065980515269,-0.7684330865650573
2720260525010005,京王閣競輪,5R,22:36,1-3,1,3,2.2,0.10432634701289652,-0.7704820365716276
4220260525010003,名古屋競輪,3R,21:29,6-7,6,7,10.5,0.021748250408232514,-0.7716433707135586
5520260523030003,和歌山競輪,3R,09:11,2-4,2,4,5.9,0.03858947814260713,-0.7723220789586179
3820260524020011,静岡競輪,11R,15:52,3-7,3,7,4.7,0.04751931957231097,-0.7766591980101385
1120260523030001,函館競輪,1R,15:59,4-5,4,5,1.6,0.13713114659511388,-0.7805901654478178
5520260523030004,和歌山競輪,4R,09:32,1-4,1,4,3.8,0.05727613260375479,-0.7823506961057318
4220260525010004,名古屋競輪,4R,21:53,6-7,6,7,24.7,0.00876482683511655,-0.7835087771726212
3820260524020005,静岡競輪,5R,12:52,4-6,4,6,3.0,0.07139365816188399,-0.785819025514348
5520260523030007,和歌山競輪,7R,10:35,3-7,3,7,3.0,0.07041830196503344,-0.7887450941048997
6120260525010002,玉野競輪,2R,21:13,5-7,5,7,19.5,0.010717616487038718,-0.791006478502745
4420260525010004,大垣競輪,4R,12:08,3-4,3,4,2.5,0.08229869425149669,-0.7942532643712583
4420260525010005,大垣競輪,5R,12:37,1-6,1,6,2.8,0.0728908057621793,-0.795905743865898
8620260525010005,別府競輪,5R,17:19,1-7,1,7,5.2,0.03828415032396075,-0.8009224183154041
3820260524020008,静岡競輪,8R,14:22,2-4,2,4,2.0,0.09821733087659759,-0.8035653382468049
1120260523030006,函館競輪,6R,17:55,3-7,3,7,2.0,0.09804774566790159,-0.8039045086641968
3820260524020006,静岡競輪,6R,13:22,5-7,5,7,2.0,0.09525577546625627,-0.8094884490674874
2720260525010007,京王閣競輪,7R,23:30,2-3,2,3,2.1,0.08935924495042694,-0.8123455856041034
3820260524020005,静岡競輪,5R,12:52,2-6,2,6,2.2,0.0848380983520799,-0.8133561836254242
3820260524020009,静岡競輪,9R,14:52,2-3,2,3,1.8,0.10284593489748353,-0.8148773171845296
3820260524020003,静岡競輪,3R,11:54,3-4,3,4,2.6,0.07096924885920608,-0.8154799529660641
4420260525010010,大垣競輪,10R,15:07,3-5,3,5,3.6,0.050749999726447684,-0.8173000009847884
3820260524020006,静岡競輪,6R,13:22,2-7,2,7,2.2,0.08163496436909878,-0.8204030783879827
3820260524020007,静岡競輪,7R,13:52,2-5,2,5,2.4,0.07268006988024647,-0.8255678322874085
4420260525010009,大垣競輪,9R,14:37,3-5,3,5,1.5,0.11591512354957029,-0.8261273146756446
4220260525010002,名古屋競輪,2R,21:05,5-7,5,7,7.5,0.0226535986987676,-0.830098009759243
4420260525010008,大垣競輪,8R,14:07,1-4,1,4,2.1,0.0806025353956594,-0.8307346756691153
8620260525010005,別府競輪,5R,17:19,3-7,3,7,1.8,0.09360552884313836,-0.831510048082351
1120260523030012,函館競輪,12R,20:30,4-7,4,7,3.1,0.05388341059911704,-0.8329614271427371
3820260524020002,静岡競輪,2R,11:26,2-4,2,4,2.1,0.0787815171696501,-0.8345588139437348
5520260523030001,和歌山競輪,1R,08:30,2-6,2,6,1.4,0.1165599306546364,-0.836816097083509
4220260525010007,名古屋競輪,7R,23:12,2-6,2,6,7.0,0.022998617243360987,-0.8390096792964731
4420260525010001,大垣競輪,1R,10:45,1-2,1,2,2.3,0.06886911111951874,-0.841601044425107
6120260525010001,玉野競輪,1R,20:49,5-6,5,6,3.5,0.04493218478023651,-0.8427373532691722
2720260525010003,京王閣競輪,3R,21:45,2-6,2,6,4.8,0.030956774170374332,-0.8514074839822032
6120260525010006,玉野競輪,6R,22:54,1-2,1,2,1.0,0.14463285097306045,-0.8553671490269396
4220260525010005,名古屋競輪,5R,22:18,1-2,1,2,1.0,0.14320201036652525,-0.8567979896334748
4420260525010006,大垣競輪,6R,13:07,3-7,3,7,1.4,0.10158372744618967,-0.8577827815753345
4420260525010003,大垣競輪,3R,11:40,3-7,3,7,1.7,0.083264734042186,-0.8584499521282838
6120260525010007,玉野競輪,7R,23:21,1-2,1,2,1.0,0.14081455231716536,-0.8591854476828347
6120260525010005,玉野競輪,5R,22:27,2-6,2,6,8.2,0.016918059666831322,-0.8612719107319832
4420260525010002,大垣競輪,2R,11:12,1-5,1,5,2.4,0.05547933248162975,-0.8668496020440886
5520260523030006,和歌山競輪,6R,10:14,2-5,2,5,1.6,0.0805780367051302,-0.8710751412717916
2720260525010004,京王閣競輪,4R,22:09,1-2,1,2,1.2,0.10509133108630969,-0.8738904026964284
3820260524020001,静岡競輪,1R,10:58,4-7,4,7,4.4,0.027562940127490596,-0.8787230634390414
4220260525010006,名古屋競輪,6R,22:45,1-2,1,2,1.0,0.12045114017400183,-0.8795488598259982
1120260523030009,函館競輪,9R,19:09,2-4,2,4,1.9,0.06267577972919998,-0.8809160185145201
2720260525010006,京王閣競輪,6R,23:03,1-2,1,2,1.0,0.11566338405984847,-0.8843366159401516
8620260525010011,別府競輪,11R,19:48,1-7,1,7,1.0,0.11406455831706408,-0.8859354416829359
1120260523030003,函館競輪,3R,16:43,2-7,2,7,1.7,0.06542608427882411,-0.888775656725999
4220260525010007,名古屋競輪,7R,23:12,1-2,1,2,1.1,0.09693211927212532,-0.8933746688006622
4420260525010011,大垣競輪,11R,15:38,3-5,3,5,1.3,0.08091075931120688,-0.894816012895431
8620260525010003,別府競輪,3R,16:31,3-7,3,7,1.4,0.07373720483247909,-0.8967679132345293
3820260524020010,静岡競輪,10R,15:22,4-7,4,7,1.3,0.07869218603057765,-0.8977001581602491
8620260525010002,別府競輪,2R,16:07,4-7,4,7,1.2,0.08432602484691736,-0.8988087701836992
8620260525010004,別府競輪,4R,16:55,1-4,1,4,1.1,0.0899658003369953,-0.9010376196293052
1120260523030004,函館競輪,4R,17:07,3-4,3,4,3.1,0.03191851359107785,-0.9010526078676586
6120260525010003,玉野競輪,3R,21:37,5-7,5,7,10.5,0.009063072657831045,-0.904837737092774
6120260525010004,玉野競輪,4R,22:01,1-2,1,2,1.0,0.09318711426146725,-0.9068128857385327
4220260525010004,名古屋競輪,4R,21:53,3-5,3,5,1.2,0.05622416891077568,-0.9325309973070692
