race_id,競輪場,レース番号,開始時間,best_bet,first,second,third,best_odds,best_p,max_EV
7420260222020006,高知競輪,6R,18:06,3-7-6,3,7,6,9999.9,0.0042250134247405,41.24971174606301
2720260223010002,京王閣競輪,2R,21:13,2-7-4,2,7,4,5544.8,0.0073568509494645,39.79226714459097
4520260223010004,豊橋競輪,4R,17:06,7-6-3,7,6,3,6790.6,0.0058123404739587,38.46927922246415
3520260223010005,平塚競輪,5R,22:36,5-4-2,5,4,2,3141.5,0.0118079417122968,36.09464888918068
2720260223010004,京王閣競輪,4R,22:01,6-5-7,6,5,7,9999.9,0.0035068170273702,34.06781959199955
7420260222020005,高知競輪,5R,17:42,3-7-6,3,7,6,8034.1,0.0042503384545099,33.14764417737808
7420260222020004,高知競輪,4R,17:18,4-6-7,4,6,7,4208.7,0.0080555976293817,32.90359374277896
4520260223010011,豊橋競輪,11R,20:02,3-6-5,3,6,5,9942.5,0.0033744448800106,32.55041821950635
2720260223010001,京王閣競輪,1R,20:49,6-7-4,6,7,4,5958.4,0.0055786850932049,32.24003725935241
6120260223010003,玉野競輪,3R,21:29,1-7-6,1,7,6,4690.9,0.0069453637513402,31.580006821162208
4520260223010009,豊橋競輪,9R,19:09,2-6-7,2,6,7,4257.6,0.0072110621437548,29.70181818325059
3120260222020007,松戸競輪,7R,10:55,3-6-4,3,6,4,8180.0,0.0033621664613049,26.502521653474798
2720260223010005,京王閣競輪,5R,22:27,6-7-2,6,7,2,9999.9,0.0026877801498642,25.87753272062716
6120260223010004,玉野競輪,4R,21:53,6-7-2,6,7,2,9999.9,0.0025339941240103,24.339687840690825
6320260221030011,防府競輪,11R,15:35,1-6-2,1,6,2,2865.0,0.0088283637977739,24.293262280622432
6120260223010005,玉野競輪,5R,22:18,5-4-6,5,4,6,9397.5,0.0024717443427365,22.228217460866485
2720260223010006,京王閣競輪,6R,22:54,2-7-6,2,7,6,9999.9,0.0022619702681165,21.61947648413842
4520260223010006,豊橋競輪,6R,17:54,5-6-1,5,6,1,5380.4,0.0038159257382601,19.531206842135013
6120260223010002,玉野競輪,2R,21:05,6-7-2,6,7,2,3742.4,0.0050932625852721,18.06102589912245
4520260223010008,豊橋競輪,8R,18:43,5-1-6,5,1,6,3956.6,0.0047226042284953,17.685455890464734
3520260223010002,平塚競輪,2R,21:21,2-7-6,2,7,6,6247.2,0.0029248202544041,17.271937093313767
3120260222020006,松戸競輪,6R,10:34,7-6-3,7,6,3,3683.6,0.0049151218262081,17.10534275902034
8720260220040002,熊本競輪,2R,11:10,6-4-3,6,4,3,9999.9,0.0017718368532585,16.718191348900426
4520260223010002,豊橋競輪,2R,16:16,6-7-1,6,7,1,5672.4,0.0030945440670026,16.553491765665548
7420260222020003,高知競輪,3R,16:54,2-6-1,2,6,1,2237.6,0.0076118262916305,16.03222251015242
6120260223010007,玉野競輪,7R,23:12,5-2-6,5,2,6,2956.8,0.0056797915208447,15.794007568833855
7420260222020007,高知競輪,7R,18:30,5-6-4,5,6,4,2863.8,0.0052868234034918,14.140404862919942
3120260222020001,松戸競輪,1R,08:50,5-3-7,5,3,7,1272.7,0.0118432782402145,14.072940216321058
2720260223010003,京王閣競輪,3R,21:37,7-3-5,7,3,5,3273.4,0.0045711531512069,13.963212725160972
8720260220040005,熊本競輪,5R,12:35,3-8-4,3,8,4,8001.0,0.0018459849101666,13.769725266243649
6120260223010001,玉野競輪,1R,20:41,1-6-7,1,6,7,1960.5,0.0073852186518079,13.47872116686954
8720260220040008,熊本競輪,8R,14:05,2-4-5,2,4,5,1362.1,0.0106124811186859,13.455260531762152
3520260223010006,平塚競輪,6R,23:03,4-7-2,4,7,2,1995.7,0.007103689778422,13.17683369079688
2720260223010007,京王閣競輪,7R,23:21,5-2-7,5,2,7,2154.5,0.0063393936150577,12.658223543642018
4520260223010001,豊橋競輪,1R,15:42,5-4-3,5,4,3,2083.7,0.0064689955085337,12.4794459411317
8720260220040011,熊本競輪,11R,15:50,9-4-6,9,4,6,2134.8,0.0062735613054356,12.392798674844103
6320260221030003,防府競輪,3R,11:47,5-6-3,5,6,3,1299.0,0.0101315309972704,12.16085876545435
6320260221030010,防府競輪,10R,15:00,2-6-7,2,6,7,1168.9,0.0111964429987672,12.08752222125904
6320260221030012,防府競輪,12R,16:10,2-6-4,2,6,4,3797.1,0.0034452465493175,12.08194567241359
8720260220040012,熊本競輪,12R,16:30,8-2-3,8,2,3,4131.7,0.0031639085511671,12.07232096085727
4520260223010010,豊橋競輪,10R,19:35,5-6-4,5,6,4,1496.2,0.0082944598041297,11.410170758938913
8720260220040010,熊本競輪,10R,15:15,2-4-7,2,4,7,2082.6,0.0059081839536867,11.304383901948013
8720260220040001,熊本競輪,1R,10:45,3-9-4,3,9,4,1903.3,0.0062516131030258,10.898695218989191
7420260222020009,高知競輪,9R,19:22,7-6-2,7,6,2,3229.5,0.0036522936278145,10.795082271026962
3120260222020003,松戸競輪,3R,09:31,2-1-6,2,1,6,1560.9,0.0074856232642332,10.684309353141607
6120260223010006,玉野競輪,6R,22:45,6-5-7,6,5,7,7210.5,0.0016099333332435,10.60842429935248
6320260221030009,防府競輪,9R,14:33,5-4-6,5,4,6,1156.6,0.0100227240132993,10.592282593781968
6320260221030007,防府競輪,7R,13:42,7-6-2,7,6,2,1431.9,0.0080201695065856,10.484080716479951
4520260223010007,豊橋競輪,7R,18:18,1-7-6,1,7,6,1949.3,0.005823716084708,10.352169763921443
3520260223010004,平塚競輪,4R,22:09,6-5-7,6,5,7,3888.0,0.0028145675245259,9.943038535356804
7420260222020010,高知競輪,10R,19:48,6-4-5,6,4,5,4433.0,0.0024652963666093,9.928658793179466
4520260223010003,豊橋競輪,3R,16:42,6-1-4,6,1,4,3018.4,0.0033511883368726,9.115226876016482
6320260221030001,防府競輪,1R,11:00,7-5-6,7,5,6,975.4,0.0103284570091977,9.074376966771489
3120260222020004,松戸競輪,4R,09:52,3-5-7,3,5,7,6860.8,0.0014676282361238,9.069103802398596
8720260220040003,熊本競輪,3R,11:35,2-5-1,2,5,1,1299.3,0.0077119195122569,9.020097022275502
6320260221030002,防府競輪,2R,11:23,4-5-7,4,5,7,2382.5,0.0041024957298259,8.77419607631024
4520260223010005,豊橋競輪,5R,17:30,1-7-6,1,7,6,2876.7,0.0033161406259859,8.539541738773812
6320260221030008,防府競輪,8R,14:10,5-1-6,5,1,6,1230.5,0.0074196708678932,8.129905002942683
7420260222020011,高知競輪,11R,20:16,7-6-1,7,6,1,971.5,0.0091578592821187,7.896860292578408
4520260223010012,豊橋競輪,12R,20:30,7-5-6,7,5,6,1788.7,0.0049020030251898,7.768212811157001
3520260223010001,平塚競輪,1R,20:57,3-7-6,3,7,6,2405.9,0.0036277269094783,7.727948171514015
3520260223010007,平塚競輪,7R,23:30,5-4-3,5,4,3,1381.3,0.0061873996986248,7.546655203710454
7420260222020008,高知競輪,8R,18:56,6-5-4,6,5,4,3342.7,0.0025432979802657,7.501482158634488
3120260222020005,松戸競輪,5R,10:13,6-7-4,6,7,4,2611.1,0.0032438313688883,7.469968087304373
3520260223010003,平塚競輪,3R,21:45,7-6-2,7,6,2,6532.4,0.0012797676009359,7.359953876354117
8720260220040004,熊本競輪,4R,12:05,3-5-4,3,5,4,1336.4,0.0060498198199912,7.084979207436359
3120260222020002,松戸競輪,2R,09:10,4-5-2,4,5,2,879.7,0.0090585407994123,6.968798341243087
7420260222020001,高知競輪,1R,15:57,5-6-2,5,6,2,1789.1,0.0042631796517213,6.62725471489473
8720260220040006,熊本競輪,6R,13:05,5-4-3,5,4,3,1737.2,0.0039012286230785,5.777214364012013
7420260222020002,高知競輪,2R,16:22,6-2-5,6,2,5,418.6,0.0139053184741393,4.820766313274736
8720260220040009,熊本競輪,9R,14:40,7-4-9,7,4,9,1136.1,0.0051168830945483,4.813290883716402
8720260220040007,熊本競輪,7R,13:35,9-4-3,9,4,3,1834.4,0.0030263439198737,4.551525286616386
6320260221030005,防府競輪,5R,12:42,1-6-4,1,6,4,277.5,0.0169853538019478,3.713435680040521
6320260221030004,防府競輪,4R,12:12,2-7-6,2,7,6,1006.8,0.0025870857720992,1.604677955349545
6320260221030006,防府競輪,6R,13:12,3-4-6,3,4,6,116.3,0.0176318248190984,1.0505812264611505
3520260223020006,平塚競輪,6R,23:03,1-7-3,1,7,3,9999.9,0.0134531808588675,133.5304632705898
2720260223020002,京王閣競輪,2R,21:13,2-7-6,2,7,6,9999.9,0.0116628022594961,115.62685631473538
2720260223020007,京王閣競輪,7R,23:21,2-7-3,2,7,3,9999.9,0.011435515610199,113.35401255042925
6120260223020006,玉野競輪,6R,22:45,1-7-4,1,7,4,9999.9,0.0113212751873272,112.21161974575324
6120260223020004,玉野競輪,4R,21:53,2-3-7,2,3,7,9999.9,0.0111053749669253,110.0526391317564
3520260223020005,平塚競輪,5R,22:36,2-7-1,2,7,1,9999.9,0.0098795308567001,97.79432061391554
2720260223020006,京王閣競輪,6R,22:54,1-6-3,1,6,3,9999.9,0.0091032952962312,90.03204263278333
2720260223020003,京王閣競輪,3R,21:37,6-7-2,6,7,2,9999.9,0.0088399027606055,87.39814361577915
2720260223020004,京王閣競輪,4R,22:01,2-7-3,2,7,3,9999.9,0.0087785382739555,86.78450488572823
3520260223020003,平塚競輪,3R,21:45,1-3-7,1,3,7,9999.9,0.0081980295444405,80.97947564145136
6120260223020003,玉野競輪,3R,21:29,1-7-4,1,7,4,9999.9,0.0078632641887274,77.63185556085547
6120260223020002,玉野競輪,2R,21:05,1-3-7,1,3,7,9999.9,0.0074011815067834,73.01107494968346
2720260223020001,京王閣競輪,1R,20:49,2-7-4,2,7,4,9999.9,0.007327856212748,72.27782934185902
2720260223020005,京王閣競輪,5R,22:27,2-6-4,2,6,4,9999.9,0.0071880106379803,70.87938757873958
3520260223020004,平塚競輪,4R,22:09,1-3-7,1,3,7,9999.9,0.007175742149649,70.75670392227546
6120260223020007,玉野競輪,7R,23:12,5-4-6,5,4,6,9999.9,0.0066894876301853,65.89420735309018
6120260223020005,玉野競輪,5R,22:18,6-2-7,6,2,7,9999.9,0.0061475591735701,60.47497697978421
3520260223020002,平塚競輪,2R,21:21,2-6-7,2,6,7,9999.9,0.0055965518712288,54.96495905710137
7420260222030009,高知競輪,9R,19:20,7-6-3,7,6,3,4039.0,0.0114624730158881,45.29692851117215
8620260224010007,別府競輪,7R,11:00,6-4-3,6,4,3,7177.4,0.0063186995865216,44.35183441230024
8620260224010002,別府競輪,2R,09:20,3-4-6,3,4,6,4609.4,0.0095231785407683,42.896139165817424
7420260222030010,高知競輪,10R,19:48,6-4-3,6,4,3,9999.9,0.0042971435512068,41.97100579771328
8620260224010006,別府競輪,6R,10:40,6-5-1,6,5,1,9892.2,0.0037057198643916,35.65772204253501
5620260224010004,岸和田競輪,4R,12:24,2-6-1,2,6,1,7499.0,0.004642497859244,33.81409144647132
3520260223020001,平塚競輪,1R,20:57,6-3-5,6,3,5,9999.9,0.0034727912409613,33.727565130489246
3520260223020007,平塚競輪,7R,23:30,1-6-3,1,6,3,9999.9,0.0033487294371538,32.48695949859496
5620260224010009,岸和田競輪,9R,14:41,7-6-3,7,6,3,9033.2,0.0032709739524166,28.54736190697009
5620260224010006,岸和田競輪,6R,13:18,5-6-4,5,6,4,6246.9,0.0045775834875603,27.595706288440613
5620260224010007,岸和田競輪,7R,13:45,3-7-2,3,7,2,9563.3,0.002936183782587,27.079606368014808
8620260224010004,別府競輪,4R,10:00,5-6-4,5,6,4,6867.0,0.0040667895622971,26.926643924294737
5620260224010010,岸和田競輪,10R,15:09,3-6-5,3,6,5,2783.5,0.0078412600146679,20.826147250828303
5620260224010011,岸和田競輪,11R,15:37,2-6-4,2,6,4,3536.3,0.0058280171381298,19.60961700556876
5620260224010002,岸和田競輪,2R,11:31,2-6-5,2,6,5,1968.2,0.0094768630321691,17.65236181991539
4520260223020002,豊橋競輪,2R,16:12,5-7-6,5,7,6,6866.3,0.0026597292454363,17.262498917939837
5620260224010005,岸和田競輪,5R,12:51,3-4-6,3,4,6,2145.3,0.0077279191812896,15.578705019620616
3120260222030003,松戸競輪,3R,09:30,7-6-4,7,6,4,4291.0,0.0038227194345169,15.403289093512026
4520260223020005,豊橋競輪,5R,17:24,7-5-6,7,5,6,4061.1,0.0037634542805573,14.28376417877165
7420260222030004,高知競輪,4R,17:12,1-3-4,1,3,4,4242.6,0.0035555411259827,14.084738781094376
6120260223020001,玉野競輪,1R,20:41,6-5-1,6,5,1,2073.7,0.0062642756894296,11.990228497170182
3120260222030002,松戸競輪,2R,09:10,6-2-4,6,2,4,1500.8,0.0082800736656531,11.426734557412203
8620260224010001,別府競輪,1R,09:00,6-5-2,6,5,2,9999.9,0.0012316908083133,11.316784914052793
3120260222030001,松戸競輪,1R,08:50,5-6-4,5,6,4,1076.7,0.0111637622663113,11.02002283213744
7420260222030002,高知競輪,2R,16:24,4-1-6,4,1,6,879.7,0.0134515385824656,10.83331849099499
5620260224010008,岸和田競輪,8R,14:13,5-6-4,5,6,4,4133.0,0.0028537023600276,10.794351853994389
4520260223020003,豊橋競輪,3R,16:36,7-6-3,7,6,3,1744.5,0.006753639545671,10.78172418742311
4520260223020009,豊橋競輪,9R,19:07,6-7-2,6,7,2,6507.0,0.0017882808890046,10.636343744753258
3120260222030005,松戸競輪,5R,10:10,4-6-2,4,6,2,1683.9,0.0067142558373602,10.306135404530998
7420260222030007,高知競輪,7R,18:28,7-6-2,7,6,2,956.7,0.0115630069702263,10.06232876841558
4520260223020001,豊橋競輪,1R,15:48,2-6-7,2,6,7,2441.4,0.0043339769834863,9.580971407483574
3120260222030006,松戸競輪,6R,10:30,3-6-7,3,6,7,2081.8,0.0050373923191014,9.486843329905437
7420260222030011,高知競輪,11R,20:16,2-6-4,2,6,4,1039.1,0.0098581855462535,9.243640601112077
8620260224010003,別府競輪,3R,09:40,3-4-5,3,4,5,3244.3,0.0030843744226985,9.006635939560944
4520260223020007,豊橋競輪,7R,18:15,7-6-5,7,6,5,2577.7,0.0038578596840597,8.944404907600923
7420260222030003,高知競輪,3R,16:48,3-1-5,3,1,5,1040.1,0.0095081668237263,8.889444313357803
5620260224010003,岸和田競輪,3R,11:57,6-4-7,6,4,7,9999.9,0.0009766718966081,8.766621298891783
5620260224010001,岸和田競輪,1R,11:05,5-6-2,5,6,2,1151.1,0.0080423999005245,8.257606525493824
4520260223020012,豊橋競輪,12R,20:30,7-5-6,7,5,6,1713.6,0.0050555370476048,7.663168284775713
3120260222030007,松戸競輪,7R,10:50,2-1-4,2,1,4,1624.7,0.0052376089442335,7.509543251696328
4520260223020004,豊橋競輪,4R,17:00,2-6-4,2,6,4,2238.4,0.0037105278538251,7.305645548002325
5620260224010012,岸和田競輪,12R,16:06,1-6-7,1,6,7,1310.2,0.0063147629050422,7.273602358186327
4520260223020006,豊橋競輪,6R,17:49,3-5-6,3,5,6,1129.8,0.0071267423910615,7.051793553421351
8620260224010005,別府競輪,5R,10:20,3-5-6,3,5,6,1768.0,0.0039288977248132,5.946291177469767
3120260222030004,松戸競輪,4R,09:50,4-6-7,4,6,7,795.1,0.0087250422602805,5.9372811011490745
7420260222030006,高知競輪,6R,18:02,6-5-2,6,5,2,2947.5,0.0023331138392246,5.876853041114723
7420260222030005,高知競輪,5R,17:36,7-2-1,7,2,1,1641.4,0.0041852019212413,5.869590433525566
7420260222030008,高知競輪,8R,18:54,3-7-6,3,7,6,2800.5,0.0024380062585325,5.8276365270204895
7420260222030001,高知競輪,1R,16:00,3-6-1,3,6,1,508.4,0.0134181483627486,5.821786627621407
4520260223020011,豊橋競輪,11R,20:02,2-6-1,2,6,1,2043.3,0.0033003783485077,5.743663079505808
4520260223020010,豊橋競輪,10R,19:34,3-1-4,3,1,4,567.6,0.0081448262388622,3.6230033731782183
4520260223020008,豊橋競輪,8R,18:41,7-5-6,7,5,6,603.4,0.005179085184416,2.1250600002766507
2720260223030006,京王閣競輪,6R,22:54,1-6-7,1,6,7,9999.9,0.0123884177842727,122.8829390009493
3520260223030004,平塚競輪,4R,22:09,2-7-6,2,7,6,9999.9,0.0112971938598795,111.97080887940989
6120260223030005,玉野競輪,5R,22:18,1-2-3,1,2,3,9999.9,0.0109530301522611,108.52920621959588
6120260223030003,玉野競輪,3R,21:29,1-3-7,1,3,7,9999.9,0.0101935394881772,100.93437552782392
2720260223030002,京王閣競輪,2R,21:13,1-7-6,1,7,6,9999.9,0.0089221560952778,88.22066873716851
3520260223030002,平塚競輪,2R,21:21,4-2-6,4,2,6,9999.9,0.008888283643411,87.88194760574635
6120260223030004,玉野競輪,4R,21:53,2-7-6,2,7,6,9999.9,0.0087112658349404,86.11178722282065
6120260223030006,玉野競輪,6R,22:45,5-1-3,5,1,3,9999.9,0.0080963239638304,79.96243000590852
3520260223030005,平塚競輪,5R,22:36,1-2-7,1,2,7,9999.9,0.007813864295275,77.13786156632071
3520260223030003,平塚競輪,3R,21:45,2-6-5,2,6,5,9999.9,0.0076877276426677,75.87650765391341
2720260223030005,京王閣競輪,5R,22:27,6-1-7,6,1,7,9999.9,0.0072729839597412,71.72911229901666
6120260223030002,玉野競輪,2R,21:05,5-3-4,5,3,4,9999.9,0.0059239541086811,58.23894869140096
2720260223030001,京王閣競輪,1R,20:49,2-7-6,2,7,6,9999.9,0.0047979473434517,46.97899363978286
3520260223030006,平塚競輪,6R,23:03,6-3-7,6,3,7,9999.9,0.0047892106196105,46.89162727504361
2720260223030004,京王閣競輪,4R,22:01,3-6-5,3,6,5,9999.9,0.0047529760869765,46.529285572156994
5620260224020007,岸和田競輪,7R,13:45,6-4-2,6,4,2,9999.9,0.0042183370520761,41.18294868705663
6120260223030007,玉野競輪,7R,23:12,2-4-7,2,4,7,9999.9,0.004049907293902,39.49866794829144
2320260225010004,取手競輪,4R,12:33,3-6-4,3,6,4,9401.3,0.0042535887081383,38.9892635218208
2320260225010003,取手競輪,3R,12:09,1-6-3,1,6,3,3903.7,0.0099628527849705,37.89198841668943
3620260225010005,小田原競輪,5R,12:41,3-4-5,3,4,5,5480.9,0.0064845210010317,34.54101115455475
2320260225010006,取手競輪,6R,13:24,2-6-7,2,6,7,9719.6,0.00353855168556,33.39330696296961
2220260225010002,前橋競輪,2R,16:12,4-6-5,4,6,5,4175.5,0.0078379664235203,31.72742880140937
2320260225010005,取手競輪,5R,12:57,1-3-6,1,3,6,9999.9,0.0028783424322366,27.783136488123198
2320260225010009,取手競輪,9R,14:48,3-6-4,3,6,4,9999.9,0.0028720624325687,27.720337119444373
2220260225010004,前橋競輪,4R,17:00,2-6-3,2,6,3,6062.2,0.0046971003337187,27.474761643069847
2220260225010003,前橋競輪,3R,16:36,4-6-5,4,6,5,7644.0,0.003465693163623,25.49175854273453
8620260224020007,別府競輪,7R,10:55,5-1-7,5,1,7,6823.6,0.003769711342635,24.723002317604625
3520260223030007,平塚競輪,7R,23:30,5-4-2,5,4,2,4199.6,0.005853623592056,23.582877637198383
3620260225010008,小田原競輪,8R,14:00,3-6-7,3,6,7,3858.1,0.0060864406055328,22.48209650020622
2320260225010002,取手競輪,2R,11:45,2-6-1,2,6,1,4714.3,0.0047767288931835,21.51893302113507
8620260224020006,別府競輪,6R,10:34,5-3-7,5,3,7,8572.9,0.0025760220118771,21.083979105621356
3520260223030001,平塚競輪,1R,20:57,5-6-3,5,6,3,9999.9,0.0021644535559742,20.644319114386537
3620260225010011,小田原競輪,11R,15:30,2-6-4,2,6,4,6403.1,0.0032848346519263,20.03312475974953
3620260225010004,小田原競輪,4R,12:17,1-6-7,1,6,7,5587.0,0.0037344855872532,19.86457097598392
6120260223030001,玉野競輪,1R,20:41,5-6-2,5,6,2,9999.9,0.0020152497529344,19.15229600436885
3620260225010009,小田原競輪,9R,14:28,7-6-1,7,6,1,3860.4,0.0049025415767969,17.925771503066816
5620260224020006,岸和田競輪,6R,13:19,6-3-5,6,3,5,4625.2,0.0038292685760869,16.71113301811732
8620260224020003,別府競輪,3R,09:31,4-6-1,4,6,1,1863.7,0.0095019384337881,16.70876265905095
5620260224020001,岸和田競輪,1R,11:13,5-4-6,5,4,6,3869.4,0.0045492662069858,16.60293066131096
2720260223030007,京王閣競輪,7R,23:21,6-3-7,6,3,7,5337.7,0.0030384776045096,15.218481909591064
2320260225010010,取手競輪,10R,15:18,3-6-4,3,6,4,3142.9,0.004885717576746,14.355321771955213
5620260224020010,岸和田競輪,10R,15:09,4-6-5,4,6,5,1867.2,0.0080975683953392,14.119779707777374
2220260225010011,前橋競輪,11R,19:51,7-6-3,7,6,3,7127.2,0.002112096015436,14.053330721216003
2220260225010008,前橋競輪,8R,18:36,3-7-6,3,7,6,1736.4,0.0086171620978058,13.962840266629994
4520260223030002,豊橋競輪,2R,16:24,7-6-4,7,6,4,1440.6,0.0100854992779118,13.529170259759743
2320260225010007,取手競輪,7R,13:51,7-6-3,7,6,3,3566.8,0.0040072157584016,13.29293716706685
3620260225010003,小田原競輪,3R,11:53,6-4-5,6,4,5,4987.6,0.0028519662011215,13.224466624713726
5620260224020005,岸和田競輪,5R,12:53,5-6-1,5,6,1,3283.6,0.0043045371622824,13.134378226070512
5620260224020009,岸和田競輪,9R,14:40,3-6-2,3,6,2,2387.8,0.0057672666882853,12.771079398287794
5620260224020002,岸和田競輪,2R,11:37,5-6-2,5,6,2,1500.6,0.0090327060147297,12.554478645703528
2220260225010009,前橋競輪,9R,19:00,6-3-5,6,3,5,9999.9,0.0013258240274969,12.25810769256662
3620260225010002,小田原競輪,2R,11:29,4-6-5,4,6,5,4008.3,0.0032818546791162,12.154658110301863
2220260225010007,前橋競輪,7R,18:12,4-7-6,4,7,6,4424.6,0.0029155251531436,11.900032592599471
2320260225010008,取手競輪,8R,14:18,4-6-1,4,6,1,3254.2,0.0039481209955066,11.847975343577788
3620260225010001,小田原競輪,1R,11:05,2-3-7,2,3,7,1578.0,0.0080659802381808,11.728116815849374
3620260225010007,小田原競輪,7R,13:33,3-6-2,3,6,2,1701.1,0.0074027283893312,11.592781263091336
5620260224020012,岸和田競輪,12R,16:18,5-6-7,5,6,7,1112.7,0.0112754698913301,11.54621534808305
4520260223030010,豊橋競輪,10R,19:38,3-2-1,3,2,1,2151.4,0.0057962035459275,11.469952308708564
5620260224020011,岸和田競輪,11R,15:43,6-7-4,6,7,4,4997.7,0.0024245922267657,11.117384571707342
3620260225010010,小田原競輪,10R,14:58,3-6-5,3,6,5,4614.9,0.0025503510243755,10.769614942390549
8620260224020005,別府競輪,5R,10:13,7-1-5,7,1,5,1876.2,0.0061075410180559,10.458968458076642
4520260223030011,豊橋競輪,11R,20:04,5-6-1,5,6,1,2106.2,0.005392699702446,10.358104113291777
3620260225010006,小田原競輪,6R,13:06,3-6-2,3,6,2,1541.7,0.0073184052759965,10.282785414003852
4520260223030003,豊橋競輪,3R,16:48,5-6-1,5,6,1,1634.7,0.0066252757330205,9.830338240768722
2220260225010006,前橋競輪,6R,17:48,6-5-4,6,5,4,3713.4,0.0026762427157499,8.93795970066595
5620260224020008,岸和田競輪,8R,14:12,6-3-7,6,3,7,3504.1,0.0027465671975278,8.6242461168574
2220260225010012,前橋競輪,12R,20:17,2-6-7,2,6,7,1482.2,0.006145964380937,8.109548405424947
4520260223030009,豊橋競輪,9R,19:12,7-6-5,7,6,5,1789.5,0.0047794320172129,7.55279359480253
3620260225010012,小田原競輪,12R,16:06,1-4-3,1,4,3,1096.2,0.0077875633254798,7.536726917390986
2720260223030003,京王閣競輪,3R,21:37,5-3-2,5,3,2,993.0,0.0085649646906061,7.505009937771945
2220260225010001,前橋競輪,1R,15:48,3-2-4,3,2,4,1474.2,0.0056474602868071,7.325485954811091
8620260224020002,別府競輪,2R,09:10,7-6-5,7,6,5,2680.7,0.0030355096368708,7.137290683559627
2320260225010001,取手競輪,1R,11:21,6-1-4,6,1,4,2575.3,0.003134102242868,7.071253506058085
4520260223030001,豊橋競輪,1R,16:00,7-2-6,7,2,6,750.6,0.009991690875505,6.499763171154065
2220260225010010,前橋競輪,10R,19:25,7-4-6,7,4,6,856.7,0.0086635260699895,6.422042784160067
4520260223030004,豊橋競輪,4R,17:12,6-3-4,6,3,4,2326.8,0.0031055812411509,6.226066431910027
8620260224020004,別府競輪,4R,09:52,3-7-5,3,7,5,2602.4,0.0026579098305204,5.916944542946465
4520260223030008,豊橋競輪,8R,18:48,7-5-6,7,5,6,923.6,0.0067799722769442,5.261982394985745
8620260224020001,別府競輪,1R,08:50,4-1-2,4,1,2,1209.4,0.0048130391738406,4.820889576842851
4520260223030007,豊橋競輪,7R,18:24,4-6-2,4,6,2,987.7,0.0058686524887927,4.796468063180599
2320260225010011,取手競輪,11R,15:54,5-2-1,5,2,1,483.4,0.0114668378299772,4.5430694070109805
4520260223030012,豊橋競輪,12R,20:30,3-5-4,3,5,4,1052.2,0.00453319161179,3.769824213925525
4520260223030006,豊橋競輪,6R,18:00,3-2-1,3,2,1,1135.8,0.0037943550315326,3.3096284448148365
2220260225010005,前橋競輪,5R,17:24,5-6-4,5,6,4,973.5,0.0043646757340689,3.249011827116119
5620260224020004,岸和田競輪,4R,12:30,7-4-2,7,4,2,1721.0,0.0024131541955367,3.153038370518761
4520260223030005,豊橋競輪,5R,17:36,4-5-2,4,5,2,546.6,0.0070057497122465,2.8293427927139594
2620260226010005,西武園競輪,5R,22:18,2-3-7,2,3,7,9999.9,0.0136731054256924,135.7296869463817
4720260226010005,松阪競輪,5R,22:27,1-7-6,1,7,6,9999.9,0.0114770254864491,113.76910716194293
8120260226010006,小倉競輪,6R,23:03,2-7-4,2,7,4,9999.9,0.010703333270273,106.03226236940374
4720260226010002,松阪競輪,2R,21:13,1-7-5,1,7,5,9999.9,0.0098052708161167,97.05172763408612
8120260226010005,小倉競輪,5R,22:36,2-7-4,2,7,4,9999.9,0.0089650399722833,88.64950321883643
2620260226010002,西武園競輪,2R,21:05,2-7-6,2,7,6,9999.9,0.0087499538443223,86.49866344783872
2620260226010003,西武園競輪,3R,21:29,5-7-1,5,7,1,9999.9,0.008392045895345,82.91961974886102
4720260226010003,松阪競輪,3R,21:37,2-5-6,2,5,6,9999.9,0.0080653514089742,79.65270755460192
4720260226010004,松阪競輪,4R,22:01,2-3-4,2,3,4,9999.9,0.0075448050829251,74.44729634874359
8120260226010004,小倉競輪,4R,22:09,1-7-5,1,7,5,9999.9,0.0073836281033385,72.83554267057522
4720260226010006,松阪競輪,6R,22:54,5-7-1,5,7,1,9999.9,0.0068730896151087,67.73020884212583
2620260226010006,西武園競輪,6R,22:45,5-6-1,5,6,1,9999.9,0.0067074610456102,66.07393970999755
4720260226010001,松阪競輪,1R,20:49,2-7-6,2,7,6,9999.9,0.0059075375943989,58.074785190229896
2620260226010007,西武園競輪,7R,23:12,6-5-7,6,5,7,9999.9,0.0057965618791913,56.96503913572562
8120260226010003,小倉競輪,3R,21:45,4-7-5,4,7,5,9999.9,0.0051046836006671,50.0463255383115
8120260226010001,小倉競輪,1R,20:57,2-7-6,2,7,6,9999.9,0.0050092823900871,49.09232297263247
3620260225020005,小田原競輪,5R,12:42,5-6-7,5,6,7,9999.9,0.0048810194870393,47.80970676844517
4720260226010007,松阪競輪,7R,23:21,4-2-7,4,2,7,9999.9,0.0046261331416509,45.26086880319519
2320260225020006,取手競輪,6R,13:27,6-3-5,6,3,5,6031.2,0.0066969873274508,39.39086996932138
5620260224030001,岸和田競輪,1R,11:13,4-6-5,4,6,5,9999.9,0.0033387798379882,32.38746450189871
2320260225020005,取手競輪,5R,13:00,5-3-4,5,3,4,9828.8,0.0032140732380954,30.59048304259232
5620260224030010,岸和田競輪,10R,15:11,5-6-3,5,6,3,6623.6,0.0045448401416144,29.10320316199771
2620260226010001,西武園競輪,1R,20:41,5-3-7,5,3,7,9999.9,0.0028821570761596,27.821282545889208
8620260224030004,別府競輪,4R,09:52,4-6-1,4,6,1,5072.4,0.0052749903960981,25.756861285168164
5620260224030006,岸和田競輪,6R,13:18,2-6-5,2,6,5,2725.7,0.0096559585732733,25.319246283171093
2620260226010004,西武園競輪,4R,21:53,5-3-6,5,3,6,9999.9,0.002490227316113,23.90202413839862
2320260225020008,取手競輪,8R,14:21,1-6-5,1,6,5,5593.6,0.0041448339918878,22.184543417024116
2220260225020001,前橋競輪,1R,16:03,5-6-7,5,6,7,3731.0,0.0062071246458714,22.158782053746503
2320260225020007,取手競輪,7R,13:54,1-6-4,1,6,4,4327.5,0.0051773814361283,21.40511816484524
3620260225020004,小田原競輪,4R,12:17,5-6-4,5,6,4,4360.9,0.0049323786459796,20.50961003725273
2320260225020003,取手競輪,3R,12:09,5-6-4,5,6,4,3282.3,0.0064152790350335,20.05687037669053
2220260225020010,前橋競輪,10R,19:40,7-6-4,7,6,4,1494.0,0.0118646949234132,16.725854215579403
8120260226010007,小倉競輪,7R,23:30,7-3-5,7,3,5,9999.9,0.0017350681137189,16.350507630378196
8620260224030007,別府競輪,7R,10:55,5-4-2,5,4,2,7179.8,0.0024053581558187,16.269990487147513
2320260225020004,取手競輪,4R,12:33,7-6-4,7,6,4,2167.4,0.0072563129620807,14.727332714013832
2220260225020012,前橋競輪,12R,20:30,7-6-2,7,6,2,1318.6,0.0116991057441973,14.426440834298589
8620260224030005,別府競輪,5R,10:13,4-5-7,4,5,7,5854.5,0.0025965055955129,14.201242008930748
2320260225020010,取手競輪,10R,15:21,2-6-4,2,6,4,1800.0,0.0082578334193884,13.864100154899251
2320260225020002,取手競輪,2R,11:45,2-3-6,2,3,6,1522.7,0.0093763681896101,13.277395842319333
2220260225020002,前橋競輪,2R,16:27,1-6-7,1,6,7,2682.0,0.0052546731360423,13.093033350865648
2220260225020003,前橋競輪,3R,16:51,3-6-5,3,6,5,1910.5,0.0068014808837721,11.994229228446734
2220260225020005,前橋競輪,5R,17:39,1-6-7,1,6,7,3544.3,0.0036327300690876,11.875485183867475
3620260225020001,小田原競輪,1R,11:05,6-4-7,6,4,7,2181.7,0.0058669148778958,11.799848189105385
3620260225020008,小田原競輪,8R,14:03,4-1-5,4,1,5,846.7,0.0150977279540369,11.78324625868306
2320260225020009,取手競輪,9R,14:51,1-6-5,1,6,5,4278.8,0.0029194043046191,11.491547138604288
8620260224030003,別府競輪,3R,09:31,2-3-7,2,3,7,1865.8,0.0065373325907706,11.197355147859792
5620260224030002,岸和田競輪,2R,11:37,6-5-7,6,5,7,7376.9,0.0016168173642091,10.927100014034178
2320260225020001,取手競輪,1R,11:21,4-3-6,4,3,6,1662.0,0.0068257614584671,10.344415543972325
2220260225020004,前橋競輪,4R,17:15,2-6-3,2,6,3,1250.2,0.0089860689589144,10.234383412434822
3620260225020009,小田原競輪,9R,14:31,4-6-5,4,6,5,1267.3,0.0087261631145712,10.058666515096146
2320260225020011,取手競輪,11R,15:57,2-4-3,2,4,3,2895.3,0.0035904763472912,9.395506168312332
3620260225020012,小田原競輪,12R,16:09,5-7-6,5,7,6,2468.2,0.004176023671725,9.307261626551886
3620260225020010,小田原競輪,10R,15:01,2-6-7,2,6,7,1940.1,0.0052931586101069,9.269257019468537
3620260225020011,小田原競輪,11R,15:33,5-6-2,5,6,2,886.6,0.0115445309984832,9.235381183255257
8620260224030001,別府競輪,1R,08:50,7-5-6,7,5,6,1306.3,0.0077981036426117,9.186662788343666
5620260224030009,岸和田競輪,9R,14:41,4-2-7,4,2,7,2036.7,0.0048887633756423,8.956944367170813
5620260224030011,岸和田競輪,11R,15:45,1-6-2,1,6,2,2454.1,0.0040530959224209,8.946702703213147
2220260225020009,前橋競輪,9R,19:15,4-6-7,4,6,7,4142.2,0.0023946856019569,8.919266700425982
8120260226010002,小倉競輪,2R,21:21,2-3-7,2,3,7,1273.5,0.0075912145276985,8.66741170102408
5620260224030007,岸和田競輪,7R,13:45,2-6-5,2,6,5,3607.7,0.0026538589308884,8.574326864966341
5620260224030005,岸和田競輪,5R,12:51,1-6-4,1,6,4,4675.5,0.0020173937582893,8.432324516881769
5620260224030008,岸和田競輪,8R,14:12,2-6-1,2,6,1,920.2,0.0100507386176921,8.248689676000348
8620260224030006,別府競輪,6R,10:34,2-1-3,2,1,3,1421.6,0.006297701853486,7.952812954915711
2220260225020011,前橋競輪,11R,20:05,6-7-1,6,7,1,3863.6,0.0022842099165999,7.825273433775376
3620260225020007,小田原競輪,7R,13:36,2-6-5,2,6,5,1408.2,0.0057360855684779,7.077555697530675
2220260225020008,前橋競輪,8R,18:51,6-7-5,6,7,5,1192.3,0.0067081758830218,6.998158105326983
8620260224030002,別府競輪,2R,09:10,6-4-7,6,4,7,9999.9,0.0007992475762497,6.992395837739628
5620260224030003,岸和田競輪,3R,12:01,7-6-5,7,6,5,1799.4,0.004305550578324,6.7474077106362165
3620260225020002,小田原競輪,2R,11:29,2-6-7,2,6,7,2154.2,0.0035283271653825,6.600722379667079
3620260225020003,小田原競輪,3R,11:53,1-7-6,1,7,6,2157.6,0.0032167063630152,5.940365648841675
2220260225020006,前橋競輪,6R,18:03,3-5-6,3,5,6,846.6,0.008135850790224,5.887811279003664
5620260224030004,岸和田競輪,4R,12:25,7-6-1,7,6,1,1997.2,0.0030287856041859,5.04909060868015
5620260224030012,岸和田競輪,12R,16:21,4-6-7,4,6,7,1605.1,0.0034011858009171,4.4592433290521685
2220260225020007,前橋競輪,7R,18:27,3-6-5,3,6,5,900.4,0.0054831291617517,3.937009497241292
3620260225020006,小田原競輪,6R,13:09,2-6-1,2,6,1,481.9,0.0089395079010507,3.3079488575163527
4720260226020001,松阪競輪,1R,20:49,1-7-6,1,7,6,9999.9,0.0140399662089451,139.39825809283016
2620260226020001,西武園競輪,1R,20:41,1-6-5,1,6,5,9999.9,0.013378345446663,132.7821166320861
2620260226020004,西武園競輪,4R,21:53,2-7-5,2,7,5,9999.9,0.0110309056652608,109.30795356204156
2620260226020002,西武園競輪,2R,21:05,1-6-7,1,6,7,9999.9,0.0109571069296673,108.56997358598042
4720260226020003,松阪競輪,3R,21:37,2-7-6,2,7,6,9999.9,0.0104612035063268,103.6109889429177
2620260226020006,西武園競輪,6R,22:45,2-6-7,2,6,7,9999.9,0.0102081147711868,101.08012690039142
8120260226020007,小倉競輪,7R,23:30,1-6-5,1,6,5,9999.9,0.0099839199538478,98.83820114648272
2620260226020007,西武園競輪,7R,23:12,1-6-5,1,6,5,9999.9,0.0092946776532568,91.94584706480316
8120260226020003,小倉競輪,3R,21:45,2-5-1,2,5,1,9999.9,0.0089116690982533,88.11579981562357
2620260226020003,西武園競輪,3R,21:29,2-6-4,2,6,4,9999.9,0.0086823053814278,85.82218558374032
8120260226020004,小倉競輪,4R,22:09,5-3-7,5,3,7,9999.9,0.0083373131685529,82.37229795421271
4720260226020005,松阪競輪,5R,22:27,1-7-5,1,7,5,9999.9,0.0080536626138667,79.5358207724057
8120260226020006,小倉競輪,6R,23:03,1-7-6,1,7,6,9999.9,0.0079913547870691,78.91274873521309
4720260226020006,松阪競輪,6R,22:54,1-7-5,1,7,5,9999.9,0.0076086211643805,75.08545078168939
8120260226020002,小倉競輪,2R,21:21,2-3-7,2,3,7,9999.9,0.0074750101932446,73.74935443142742
2620260226020005,西武園競輪,5R,22:18,2-6-4,2,6,4,9999.9,0.0071389813340952,70.3890994428192
4720260226020004,松阪競輪,4R,22:01,2-3-7,2,3,7,9999.9,0.0067474159847121,66.47348510552311
4720260226020002,松阪競輪,2R,21:13,1-6-7,1,6,7,9999.9,0.0064349661091436,63.34901759482548
8120260226020005,小倉競輪,5R,22:36,2-6-4,2,6,4,9999.9,0.0063250390310643,62.24975780674001
4720260226020007,松阪競輪,7R,23:21,1-6-5,1,6,5,9999.9,0.0056994768744496,55.99419879680948
8120260226020001,小倉競輪,1R,20:57,4-3-6,4,3,6,9999.9,0.0053879034895801,52.878496105452975
5320260227010004,奈良競輪,4R,09:52,7-6-4,7,6,4,7093.9,0.0054800946004008,37.875243085783374
5320260227010007,奈良競輪,7R,10:55,2-7-4,2,7,4,9340.0,0.00362364367151,32.844831891904285
5320260227010006,奈良競輪,6R,10:34,5-3-4,5,3,4,5390.2,0.0052312033072696,27.19723206684507
7520260227010004,松山競輪,4R,17:02,3-6-4,3,6,4,2919.5,0.0068834574535535,19.09625403564948
5320260227010002,奈良競輪,2R,09:10,7-6-1,7,6,1,3402.3,0.0055196312475747,17.779441393623568
2320260225030005,取手競輪,5R,13:04,1-7-6,1,7,6,1957.2,0.0091214336210809,16.852469883179577
7520260227010011,松山競輪,11R,19:51,5-1-6,5,1,6,2562.0,0.0065403769330407,15.756445702450474
7520260227010007,松山競輪,7R,18:14,4-7-6,4,7,6,1824.4,0.0086035387782022,14.69629614695214
7520260227010003,松山競輪,3R,16:38,3-6-4,3,6,4,3105.8,0.0049752824054804,14.452232094941044
3620260225030011,小田原競輪,11R,15:39,7-3-4,7,3,4,1808.3,0.0083720350728894,14.13915102230601
7520260227010002,松山競輪,2R,16:18,4-6-1,4,6,1,1986.4,0.0075834537045159,14.063772438650522
2320260225030009,取手競輪,9R,14:56,5-6-1,5,6,1,2894.9,0.0051443261339584,13.892309725196364
2320260225030010,取手競輪,10R,15:24,4-6-3,4,6,3,5201.1,0.0028027044865996,13.577146305253567
2320260225030001,取手競輪,1R,11:16,3-6-5,3,6,5,2522.9,0.0055797942950045,13.077263026866904
2320260225030006,取手競輪,6R,13:32,1-6-7,1,6,7,1946.2,0.0066770262429475,11.99482847402445
2220260225030010,前橋競輪,10R,19:38,5-6-4,5,6,4,965.2,0.0126906729166503,11.249037499150896
2220260225030001,前橋競輪,1R,16:02,7-4-2,7,4,2,2826.7,0.0041928241432936,10.851856005848145
2220260225030003,前橋競輪,3R,16:50,3-6-5,3,6,5,1181.1,0.0096410077317693,10.386994231992745
5320260227010001,奈良競輪,1R,08:50,2-6-7,2,6,7,2604.5,0.0043713160979029,10.38509277698824
5320260227010003,奈良競輪,3R,09:31,5-3-4,5,3,4,2165.9,0.0050975973642199,10.040886131163951
7520260227010001,松山競輪,1R,15:47,5-6-3,5,6,3,1340.6,0.0078861883286466,9.572224073383715
7520260227010010,松山競輪,10R,19:26,7-6-4,7,6,4,3567.0,0.0029630608105731,9.569237911314376
2220260225030002,前橋競輪,2R,16:26,4-6-2,4,6,2,914.9,0.0115075090877694,9.52822006440023
2320260225030011,取手競輪,11R,15:54,5-6-7,5,6,7,2599.7,0.0039591352764738,9.292563978249104
3620260225030002,小田原競輪,2R,11:29,5-7-6,5,7,6,3251.6,0.0029485515520934,8.587510226787089
7520260227010009,松山競輪,9R,19:02,5-1-6,5,1,6,1219.0,0.0078414920591835,8.558778820144804
3620260225030012,小田原競輪,12R,16:10,1-6-2,1,6,2,1236.7,0.0076755489381101,8.492351371760773
3620260225030001,小田原競輪,1R,11:05,5-2-6,5,2,6,2020.5,0.004648083432509,8.391452575384438
3620260225030003,小田原競輪,3R,11:55,7-6-5,7,6,5,2614.2,0.0035506934313606,8.282222768263033
3620260225030005,小田原競輪,5R,12:50,4-3-1,4,3,1,849.5,0.0108098338113107,8.182953822708477
3620260225030006,小田原競輪,6R,13:18,2-1-6,2,1,6,869.7,0.0097029888303423,7.438689385748715
2320260225030002,取手競輪,2R,11:42,1-6-4,1,6,4,1342.5,0.0061839233559361,7.301917105344263
7520260227010005,松山競輪,5R,17:26,1-6-5,1,6,5,1565.1,0.0051609830883117,7.077454631516673
7520260227010006,松山競輪,6R,17:50,3-6-4,3,6,4,1109.3,0.0072733207746539,7.068294735323654
2320260225030003,取手競輪,3R,12:08,1-6-7,1,6,7,548.4,0.0145308112262112,6.968696876454223
5320260227010005,奈良競輪,5R,10:13,7-4-6,7,4,6,1271.9,0.0062168395485531,6.90719822180469
3620260225030008,小田原競輪,8R,14:14,5-6-7,5,6,7,1142.1,0.0069180897717678,6.90115032833609
7520260227010008,松山競輪,8R,18:38,3-7-6,3,7,6,763.9,0.010163749082081,6.764087923801747
7520260227010012,松山競輪,12R,20:17,7-6-5,7,6,5,800.6,0.0094039062857519,6.528767372372992
3620260225030009,小田原競輪,9R,14:42,2-4-5,2,4,5,1978.7,0.0038008680669436,6.520777644061376
2220260225030008,前橋競輪,8R,18:50,6-5-1,6,5,1,3193.8,0.0023414943872674,6.478264774054869
2320260225030008,取手競輪,8R,14:28,3-7-6,3,7,6,2787.5,0.0026062385613498,6.2648899897628345
3620260225030010,小田原競輪,10R,15:10,7-3-6,7,3,6,825.6,0.0086054630555112,6.104670298630059
3620260225030004,小田原競輪,4R,12:22,4-6-7,4,6,7,1501.7,0.0045437272430847,5.823315200940396
2220260225030012,前橋競輪,12R,20:30,1-7-6,1,7,6,597.9,0.0110432772772857,5.602775484089136
2220260225030011,前橋競輪,11R,20:04,4-5-3,4,5,3,601.4,0.010619858641855,5.386782987211609
2220260225030004,前橋競輪,4R,17:14,4-1-3,4,1,3,825.5,0.0070271113059024,4.80088038302244
3620260225030007,小田原競輪,7R,13:46,3-5-1,3,5,1,315.6,0.0181072809797783,4.714657877218035
2220260225030009,前橋競輪,9R,19:14,1-6-7,1,6,7,430.1,0.0118452057819637,4.094623006822608
2220260225030007,前橋競輪,7R,18:26,2-6-7,2,6,7,678.7,0.006949923015196,3.716912750413583
2220260225030005,前橋競輪,5R,17:38,5-7-6,5,7,6,513.3,0.0091823893927968,3.713320475322602
2320260225030004,取手競輪,4R,12:36,3-1-6,3,1,6,1116.8,0.0037160512043738,3.1500859850446687
2220260225030006,前橋競輪,6R,18:02,1-7-4,1,7,4,684.2,0.005524025484426,2.7795382364442904
2320260225030007,取手競輪,7R,14:00,2-3-7,2,3,7,782.5,0.0031704643367586,1.480888343513639
4720260226030003,松阪競輪,3R,21:37,2-7-3,2,7,3,9999.9,0.0104815016546454,103.813968396289
2620260226030006,西武園競輪,6R,22:45,2-7-6,2,7,6,9999.9,0.0067844711326086,66.84403287897274
4720260226030004,松阪競輪,4R,22:01,2-7-5,2,7,5,9999.9,0.0067383937344611,66.38326350523789
2620260226030003,西武園競輪,3R,21:29,4-7-1,4,7,1,9999.9,0.006709336410167,66.09269316802975
5520260228010007,和歌山競輪,7R,13:41,1-3-6,1,3,6,9999.9,0.0062862704125398,61.86207549835694
8120260226030004,小倉競輪,4R,22:09,2-7-5,2,7,5,9999.9,0.00623508582745,61.35023476591765
8120260226030003,小倉競輪,3R,21:45,2-6-5,2,6,5,9999.9,0.0057339635390071,56.33906199371776
4720260226030002,松阪競輪,2R,21:13,5-4-7,5,4,7,9999.9,0.0054926368554187,53.92581929050212
2620260226030004,西武園競輪,4R,21:53,6-1-5,6,1,5,9999.9,0.0051171889899736,50.17137818083722
4720260226030006,松阪競輪,6R,22:54,5-6-2,5,6,2,9999.9,0.0048170096895942,47.169615194973765
4720260226030005,松阪競輪,5R,22:27,4-7-5,4,7,5,9999.9,0.0047335503193948,46.33502983891652
8120260226030005,小倉競輪,5R,22:36,4-5-7,4,5,7,9999.9,0.0046094787016069,45.09432606819891
4420260228010010,大垣競輪,10R,15:18,2-6-7,2,6,7,6487.6,0.0069570498908505,44.13455687188217
2620260226030002,西武園競輪,2R,21:05,6-4-3,6,4,3,9999.9,0.0042572724876165,41.57229914891662
4720260226030001,松阪競輪,1R,20:49,5-6-4,5,6,4,9999.9,0.0039280302816619,38.27991001359166
5320260227020007,奈良競輪,7R,10:50,4-6-5,4,6,5,7731.6,0.0044637223101877,33.5117154134477
2620260226030007,西武園競輪,7R,23:12,2-6-5,2,6,5,5090.2,0.0063275079921,31.20828118138769
8120260226030006,小倉競輪,6R,23:03,6-4-1,6,4,1,9999.9,0.0031285613893108,30.285301036969983
4420260228010011,大垣競輪,11R,15:48,5-6-1,5,6,1,8805.3,0.0034645917375879,29.506769626983008
5320260227020005,奈良競輪,5R,10:10,2-6-1,2,6,1,6203.6,0.0037025303212084,21.96901710064883
5520260228010003,和歌山競輪,3R,11:57,1-6-7,1,6,7,3187.4,0.0071443030745093,21.77175161969118
5520260228010006,和歌山競輪,6R,13:15,3-1-4,3,1,4,6922.8,0.0032509358646877,21.505578804060374
4720260226030007,松阪競輪,7R,23:21,5-7-6,5,7,6,7560.7,0.0029461780264578,21.275168204640146
8120260226030007,小倉競輪,7R,23:30,5-6-4,5,6,4,6445.5,0.003359998041964,20.65686737947952
7520260227020002,松山競輪,2R,16:14,4-6-7,4,6,7,1953.0,0.0108535581536698,20.196999074117308
7520260227020010,松山競輪,10R,19:30,5-6-4,5,6,4,3621.1,0.0058263158328515,20.097672262338605
6220260228010006,広島競輪,6R,10:40,2-4-3,2,4,3,3946.4,0.005307628888197,19.94602664438095
4420260228010009,大垣競輪,9R,14:50,2-4-6,2,4,6,5341.1,0.0038243504113161,19.426237981880707
5520260228010010,和歌山競輪,10R,15:04,6-4-5,6,4,5,5212.7,0.0037671364824088,18.63695234185245
4420260228010006,大垣競輪,6R,13:28,7-6-4,7,6,4,8658.1,0.0022403347220713,18.39704205716568
4420260228010008,大垣競輪,8R,14:22,6-5-3,6,5,3,9348.0,0.0020576547136152,18.234956262874988
2620260226030001,西武園競輪,1R,20:41,1-7-6,1,7,6,2450.6,0.0077801938511645,18.06614305166374
4420260228010003,大垣競輪,3R,12:10,3-8-4,3,8,4,9999.9,0.0018726512533933,17.726325268808523
7520260227020003,松山競輪,3R,16:36,5-6-4,5,6,4,3343.3,0.0055924766858324,17.69732730374378
5520260228010011,和歌山競輪,11R,15:33,2-6-4,2,6,4,4179.9,0.0042773283818036,16.87880490310128
6220260228010005,広島競輪,5R,10:20,5-6-7,5,6,7,2177.5,0.0081970213561339,16.849014002981736
5320260227020006,奈良競輪,6R,10:30,3-4-2,3,4,2,2562.4,0.0069062489973421,16.69657243078952
5520260228010002,和歌山競輪,2R,11:31,3-6-2,3,6,2,2907.2,0.005810467429532,15.892190911135614
2620260226030005,西武園競輪,5R,22:18,7-4-1,7,4,1,9999.9,0.0016629415564564,15.629249270408817
5320260227020002,奈良競輪,2R,09:10,7-1-6,7,1,6,5501.3,0.0030042197577987,15.527114153578069
6220260228010003,広島競輪,3R,09:40,7-6-1,7,6,1,1748.9,0.0092041802241544,15.097190794023668
7520260227020004,松山競輪,4R,17:00,5-6-2,5,6,2,3240.4,0.0047354623716068,14.344792268954734
5520260228010004,和歌山競輪,4R,12:23,2-5-6,2,5,6,2564.6,0.0058132992020918,13.90878713368468
5320260227020004,奈良競輪,4R,09:50,4-1-3,4,1,3,2059.1,0.0068450919086839,13.094728749171026
5320260227020001,奈良競輪,1R,08:50,5-4-6,5,4,6,1496.6,0.0092524959781839,12.847285480950063
4420260228010001,大垣競輪,1R,11:18,2-8-4,2,8,4,5640.1,0.0024256485438767,12.680900352319242
4420260228010005,大垣競輪,5R,13:02,9-6-5,9,6,5,9952.5,0.0013598472328975,12.533879585412445
4420260228010007,大垣競輪,7R,13:54,8-5-1,8,5,1,7224.6,0.0018430438776861,12.31525479873156
4420260228010004,大垣競輪,4R,12:36,8-4-1,8,4,1,8034.5,0.0016137027309306,11.965294591662625
6220260228010004,広島競輪,4R,10:00,2-6-7,2,6,7,3397.4,0.0036713225103827,11.472951096774205
5520260228010005,和歌山競輪,5R,12:49,4-6-3,4,6,3,1621.5,0.0076607560810096,11.421915985357115
7520260227020001,松山競輪,1R,15:54,1-3-4,1,3,4,1322.7,0.0093783226032351,11.404707307299123
7520260227020005,松山競輪,5R,17:24,5-6-4,5,6,4,5559.3,0.0022156834834009,11.317649189271096
6220260228010002,広島競輪,2R,09:20,5-6-7,5,6,7,2631.6,0.004367148954244,10.49258918798856
5520260228010008,和歌山競輪,8R,14:08,2-6-5,2,6,5,1410.4,0.0081284978915973,10.464433426308831
8120260226030001,小倉競輪,1R,20:57,5-6-2,5,6,2,1461.3,0.0077327464306603,10.299862359123916
6220260228010001,広島競輪,1R,09:00,1-6-7,1,6,7,1185.3,0.0094765471345303,10.232551318558858
5320260227020003,奈良競輪,3R,09:30,6-5-1,6,5,1,8896.3,0.0012354229114913,9.99069284750025
4420260228010012,大垣競輪,12R,16:20,8-4-9,8,4,9,3557.7,0.0030869512394736,9.982446424675503
4420260228010002,大垣競輪,2R,11:44,9-6-7,9,6,7,9999.9,0.0009983350832582,8.983250999073706
5520260228010009,和歌山競輪,9R,14:36,7-6-4,7,6,4,1818.0,0.0051469522584827,8.357159205921638
5520260228010012,和歌山競輪,12R,16:04,2-7-6,2,7,6,635.8,0.0132633407011816,7.432832017811277
5520260228010001,和歌山競輪,1R,11:05,6-1-2,6,1,2,1331.7,0.0062181524300612,7.280713591112606
8120260226030002,小倉競輪,2R,21:21,5-3-4,5,3,4,1577.2,0.0051798641941558,7.16968180702256
7520260227020006,松山競輪,6R,17:48,7-6-2,7,6,2,746.9,0.0107643988311426,7.0399294869804265
7520260227020008,松山競輪,8R,18:36,4-6-5,4,6,5,1221.5,0.006195789542925,6.5681569266829465
7520260227020009,松山競輪,9R,19:02,4-6-7,4,6,7,579.9,0.0130223691805272,6.551671887787772
7520260227020012,松山競輪,12R,20:30,1-6-5,1,6,5,2085.9,0.0035834896253675,6.474801009554147
7520260227020011,松山競輪,11R,20:00,7-6-4,7,6,4,2792.5,0.0024350297160706,5.79982048212733
7520260227020007,松山競輪,7R,18:12,4-5-1,4,5,1,365.1,0.018428510260258,5.728249096020228
6220260228010007,広島競輪,7R,11:00,4-5-1,4,5,1,640.8,0.0091602121629636,4.8698639540270845
3820260301010004,静岡競輪,4R,21:53,2-7-5,2,7,5,9999.9,0.0153573904795509,152.57236905646167
3820260301010006,静岡競輪,6R,22:45,2-3-5,2,3,5,9999.9,0.0120060155835362,119.05895523380384
7320260301010005,小松島競輪,5R,22:36,1-6-7,1,6,7,9999.9,0.0103057446453775,102.05641587931096
3820260301010002,静岡競輪,2R,21:05,3-6-5,3,6,5,9999.9,0.0086593626405106,85.59276046884249
5620260301010004,岸和田競輪,4R,22:01,4-2-7,4,2,7,9999.9,0.0077571795087509,76.57101936955881
7320260301010006,小松島競輪,6R,23:03,7-6-1,7,6,1,9999.9,0.0077427261609587,76.42648733697136
3820260301010007,静岡競輪,7R,23:12,2-6-4,2,6,4,9999.9,0.0076037370291682,75.0366099179793
3820260301010005,静岡競輪,5R,22:18,5-7-1,5,7,1,9999.9,0.0071785203549678,70.78448569764274
5620260301010006,岸和田競輪,6R,22:54,5-2-7,5,2,7,9999.9,0.0069781351888938,68.78065407541949
7320260301010002,小松島競輪,2R,21:21,4-2-7,4,2,7,9999.9,0.0069428552579083,68.42785829355783
7320260301010004,小松島競輪,4R,22:09,2-6-4,2,6,4,9999.9,0.0062001492635634,61.00087262070802
3820260301010003,静岡競輪,3R,21:29,2-4-7,2,4,7,9999.9,0.0061050607526186,60.049997020110965
3820260301010001,静岡競輪,1R,20:41,2-7-6,2,7,6,9999.9,0.0060531782675775,59.5311773579484
5520260228020007,和歌山競輪,7R,13:41,1-6-3,1,6,3,9999.9,0.0060398483117071,59.39787913224028
7320260301010003,小松島競輪,3R,21:45,4-2-7,4,2,7,9999.9,0.0059770614156155,58.77001645001344
2720260301010004,京王閣競輪,4R,17:15,1-7-6,1,7,6,8305.9,0.006491819186635,52.92040098227197
5620260301010005,岸和田競輪,5R,22:27,5-7-2,5,7,2,9999.9,0.0050584074494181,49.58356865343632
2720260301010005,京王閣競輪,5R,17:36,6-5-3,6,5,3,9999.9,0.0050462718163418,49.46221353623708
2720260301010003,京王閣競輪,3R,16:54,7-4-5,7,4,5,7061.2,0.0069283713135896,47.92261551951942
5620260301010003,岸和田競輪,3R,21:37,3-7-5,3,7,5,9999.9,0.0048009227740339,47.00874764806221
4420260228020010,大垣競輪,10R,15:18,7-6-9,7,6,9,9999.9,0.0045173808241435,44.17335650335348
4420260228020011,大垣競輪,11R,15:48,9-7-6,9,7,6,9999.9,0.0043291804005576,42.29137108753644
8320260301010004,久留米競輪,4R,17:01,2-7-6,2,7,6,6866.2,0.0057981946630285,38.81156419528693
2720260301010002,京王閣競輪,2R,16:32,6-1-4,6,1,4,9999.9,0.0037722593255615,36.72221602968252
8320260301010007,久留米競輪,7R,18:06,2-3-4,2,3,4,7495.3,0.0049647468829346,36.21226731166004
5620260301010007,岸和田競輪,7R,23:21,2-5-7,2,5,7,4092.7,0.008944328457991,35.60645308001987
8320260301010006,久留米競輪,6R,17:44,3-7-6,3,7,6,9999.9,0.0034680091153187,33.67974435227589
5620260301010002,岸和田競輪,2R,21:13,2-5-6,2,5,6,9999.9,0.0033861609226644,32.86127061055238
5620260301010001,岸和田競輪,1R,20:49,7-3-2,7,3,2,9999.9,0.0033381697859855,32.38136404287665
7520260227030002,松山競輪,2R,16:26,1-6-2,1,6,2,3713.4,0.0084688431306504,30.44820208135735
5520260228020006,和歌山競輪,6R,13:15,6-5-2,6,5,2,9999.9,0.0029995720163262,28.99542020606052
2720260301010006,京王閣競輪,6R,17:58,5-4-7,5,4,7,9999.9,0.0028403364581836,27.40308054819108
6220260228020002,広島競輪,2R,09:20,1-6-4,1,6,4,2860.6,0.0098238629577959,27.10214237707096
7520260227030001,松山競輪,1R,15:54,3-4-5,3,4,5,3773.1,0.0073507068962607,26.73495219028146
5520260228020012,和歌山競輪,12R,16:06,3-6-7,3,6,7,3032.0,0.0086100391536255,25.10563871379252
8320260301010001,久留米競輪,1R,15:42,6-7-3,6,7,3,5689.4,0.0042895114027984,23.404746175081502
4420260228020009,大垣競輪,9R,14:50,1-4-2,1,4,2,9031.4,0.0025895432829673,22.387201205791165
5520260228020010,和歌山競輪,10R,15:04,6-7-5,6,7,5,5697.9,0.0040281491348826,21.95199095564776
5520260228020003,和歌山競輪,3R,11:57,3-6-5,3,6,5,1881.8,0.0114429264112455,20.53329892068189
4420260228020006,大垣競輪,6R,13:28,7-6-9,7,6,9,8023.2,0.0026626583305973,20.363040318048387
4420260228020007,大垣競輪,7R,13:54,8-5-3,8,5,3,9999.9,0.0021040108496075,20.03989809499065
7520260227030011,松山競輪,11R,20:01,5-6-4,5,6,4,3710.8,0.0055710869232161,19.673189354670672
4420260228020004,大垣競輪,4R,12:36,6-9-4,6,9,4,9999.9,0.0019282827878253,18.282635049974783
4420260228020008,大垣競輪,8R,14:22,3-9-2,3,9,2,8229.6,0.0023391502546569,18.25027093572512
5320260227030006,奈良競輪,6R,10:30,7-5-2,7,5,2,3752.7,0.005129663414995,18.25008789745201
7520260227030006,松山競輪,6R,17:51,2-3-1,2,3,1,1437.5,0.0128924253735296,17.532861474448822
4420260228020001,大垣競輪,1R,11:18,9-5-6,9,5,6,8278.1,0.0021982725529485,17.19752002056344
2720260301010001,京王閣競輪,1R,16:00,1-3-6,1,3,6,4321.9,0.004187275519257,17.09698606667704
8320260301010003,久留米競輪,3R,16:38,3-7-6,3,7,6,2627.8,0.0066639986194898,16.511655572295425
4420260228020012,大垣競輪,12R,16:20,5-7-3,5,7,3,6729.3,0.0025646773032774,16.25848297694514
5520260228020005,和歌山競輪,5R,12:49,2-1-6,2,1,6,6754.4,0.0025363756939918,16.13169598749867
8320260301010002,久留米競輪,2R,16:12,1-6-2,1,6,2,3448.9,0.0047619500926488,15.423489674536471
6220260228020004,広島競輪,4R,10:00,2-6-5,2,6,5,1491.8,0.0104382349524165,14.57175890201495
7520260227030012,松山競輪,12R,20:30,4-6-7,4,6,7,1204.2,0.0128224597350568,14.44080601295548
5320260227030002,奈良競輪,2R,09:10,1-4-3,1,4,3,2072.0,0.0073961549009495,14.324832954767423
4420260228020005,大垣競輪,5R,13:02,4-9-3,4,9,3,9198.1,0.0014639877013156,12.46590527547105
5320260227030007,奈良競輪,7R,10:50,4-1-5,4,1,5,3262.2,0.0040929113714551,12.351895475961117
7320260301010001,小松島競輪,1R,20:57,6-3-5,6,3,5,2245.5,0.0057170619657417,11.837662644073172
4420260228020003,大垣競輪,3R,12:10,6-7-9,6,7,9,9999.9,0.0012629990411405,11.629864111501195
5520260228020011,和歌山競輪,11R,15:33,5-6-3,5,6,3,1937.3,0.006503438633413,11.59911166451118
4420260228020002,大垣競輪,2R,11:44,1-8-2,1,8,2,4228.6,0.0029461004442497,11.457880338554318
2720260301010010,京王閣競輪,10R,19:42,7-5-6,7,5,6,1554.7,0.0076910671264193,10.957302061444222
6220260228020003,広島競輪,3R,09:40,3-2-6,3,2,6,1489.2,0.0080076872465434,10.92504784755247
7520260227030003,松山競輪,3R,16:47,6-1-5,6,1,5,8580.3,0.0013398762409236,10.496540109997396
7520260227030004,松山競輪,4R,17:08,7-3-4,7,3,4,2266.6,0.0048317417732219,9.951625903184963
8320260301010011,久留米競輪,11R,19:52,5-6-3,5,6,3,1027.0,0.0105204711587863,9.80452388007362
5520260228020002,和歌山競輪,2R,11:31,7-3-4,7,3,4,3388.6,0.0031581843055138,9.70182333766422
5320260227030001,奈良競輪,1R,08:50,4-2-5,4,2,5,1226.6,0.008478605661011,9.39985770379612
6220260228020001,広島競輪,1R,09:00,7-6-1,7,6,1,1674.1,0.0061674936068549,9.325001047235888
6220260228020007,広島競輪,7R,11:00,7-6-4,7,6,4,3277.7,0.0031176812292417,9.218823765085526
2720260301010009,京王閣競輪,9R,19:14,3-6-4,3,6,4,3471.0,0.0029273500534436,9.160832035502844
5320260227030004,奈良競輪,4R,09:50,4-7-6,4,7,6,1094.3,0.0092423480819663,9.113901506095758
2720260301010008,京王閣競輪,8R,18:46,4-6-7,4,6,7,3879.0,0.0025985335675846,9.079711708660872
5520260228020008,和歌山競輪,8R,14:08,6-4-5,6,4,5,2500.9,0.0039841310255678,8.96391328184253
8320260301010010,久留米競輪,10R,19:24,7-6-5,7,6,5,1055.8,0.0086603893256269,8.143639049996958
5520260228020009,和歌山競輪,9R,14:36,4-6-2,4,6,2,954.0,0.0095154541671527,8.077743275463703
8320260301010008,久留米競輪,8R,18:30,3-5-6,3,5,6,892.2,0.0092026183934315,7.210576130619655
6220260228020005,広島競輪,5R,10:20,6-4-2,6,4,2,4111.0,0.0019488965686677,7.011913793792953
6220260228020006,広島競輪,6R,10:40,5-1-6,5,1,6,1782.8,0.0044635296950454,6.957580740327035
5320260227030003,奈良競輪,3R,09:30,1-3-6,1,3,6,1484.3,0.0052796400706589,6.836569756879035
8320260301010012,久留米競輪,12R,20:20,1-6-4,1,6,4,1391.9,0.0055779404923867,6.763935371353154
7520260227030010,松山競輪,10R,19:33,7-6-5,7,6,5,2567.7,0.0029997924111506,6.702566974111513
2720260301010007,京王閣競輪,7R,18:22,4-6-2,4,6,2,1339.5,0.0055596626800928,6.447168159984374
5320260227030005,奈良競輪,5R,10:10,2-3-7,2,3,7,3570.2,0.0020592138098969,6.351805144094039
7520260227030007,松山競輪,7R,18:14,1-6-4,1,6,4,654.9,0.0096793233096135,5.338988835465942
5520260228020001,和歌山競輪,1R,11:05,4-6-1,4,6,1,698.0,0.0088431067799647,5.172488532415376
7520260227030009,松山競輪,9R,19:05,1-6-2,1,6,2,844.5,0.0072940892984065,5.159858412504363
7320260301010007,小松島競輪,7R,23:30,3-5-6,3,5,6,1327.5,0.0044708593545009,4.935065793099987
7520260227030008,松山競輪,8R,18:38,4-6-5,4,6,5,1789.7,0.0032747088757743,4.86074647497343
8320260301010009,久留米競輪,9R,18:56,7-3-2,7,3,2,591.9,0.0093769611449956,4.550223301722927
8320260301010005,久留米競輪,5R,17:22,6-7-1,6,7,1,1578.4,0.0034303619686812,4.414483331366517
2720260301010011,京王閣競輪,11R,20:10,6-2-5,6,2,5,2248.2,0.002243223023217,4.0432140007966
7520260227030005,松山競輪,5R,17:29,5-6-1,5,6,1,835.0,0.0060318524982248,4.036596836017727
5520260228020004,和歌山競輪,4R,12:23,6-7-4,6,7,4,1190.2,0.0030708882500595,2.654971195220829
3820260301020006,静岡競輪,6R,22:45,2-3-4,2,3,4,9999.9,0.0165871601225488,164.86994250947637
3820260301020004,静岡競輪,4R,21:53,5-2-7,5,2,7,9999.9,0.0156452953734196,155.4513892046588
3820260301020002,静岡競輪,2R,21:05,6-4-3,6,4,3,9999.9,0.0098746319061328,97.74533159813812
5620260301020006,岸和田競輪,6R,22:54,2-5-7,2,5,7,9999.9,0.0083258704591422,82.25787200437644
5620260301020002,岸和田競輪,2R,21:13,2-4-5,2,4,5,9999.9,0.008088770021757,79.88689134056837
7320260301020004,小松島競輪,4R,22:09,5-3-4,5,3,4,9999.9,0.0080638807817919,79.63800142984084
7320260301020002,小松島競輪,2R,21:21,5-7-1,5,7,1,9999.9,0.0074633996784168,73.63325044420019
5620260301020004,岸和田競輪,4R,22:01,4-7-2,4,7,2,9999.9,0.0073774267071651,72.77352932898107
5620260301020003,岸和田競輪,3R,21:37,3-7-1,3,7,1,9999.9,0.0073553933493709,72.55319795437413
5620260301020001,岸和田競輪,1R,20:49,7-6-5,7,6,5,9999.9,0.0071488992386092,70.48827749616815
3820260301020007,静岡競輪,7R,23:12,4-5-3,4,5,3,9999.9,0.0071028819769373,70.02810948117614
7320260301020001,小松島競輪,1R,20:57,2-6-7,2,6,7,9999.9,0.0070115568834989,69.11486767930131
7320260301020006,小松島競輪,6R,23:03,1-7-5,1,7,5,9999.9,0.0066057515501211,65.05685492605653
3820260301020003,静岡競輪,3R,21:29,4-7-1,4,7,1,9999.9,0.0060588453187911,59.58784730337932
5620260301020005,岸和田競輪,5R,22:27,6-5-1,6,5,1,9999.9,0.0057950743385138,56.95016387770463
7320260301020005,小松島競輪,5R,22:36,2-6-7,2,6,7,9999.9,0.0056065954886644,55.065394227095865
3820260301020005,静岡競輪,5R,22:18,3-6-5,3,6,5,9999.9,0.0054293737264686,53.29319432731387
5620260301020007,岸和田競輪,7R,23:21,4-2-7,4,2,7,9999.9,0.0054170786195558,53.17024448769663
7320260301020007,小松島競輪,7R,23:30,2-5-7,2,5,7,9999.9,0.004716875505089,46.1682833633396
8320260301020006,久留米競輪,6R,17:49,7-5-1,7,5,1,9999.9,0.0046163795592456,45.16333395450022
7320260301020003,小松島競輪,3R,21:45,7-3-4,7,3,4,9999.9,0.0045562563444487,44.562107818853534
5520260228030010,和歌山競輪,10R,14:58,4-6-5,4,6,5,9999.9,0.004486822252464,43.86777384241545
4420260228030012,大垣競輪,12R,16:20,3-4-5,3,4,5,7887.3,0.0046357122229198,35.563253015836054
2720260301020006,京王閣競輪,6R,18:02,1-5-2,1,5,2,6478.5,0.0054600952807661,34.373227276443785
8320260301020012,久留米競輪,12R,20:30,6-2-7,6,2,7,9999.9,0.0033939710948781,32.9393715516719
8320260301020007,久留米競輪,7R,18:15,7-5-6,7,5,6,9682.2,0.0032687061784581,30.64826696106721
4420260228030008,大垣競輪,8R,14:16,6-1-2,6,1,2,7898.0,0.003683600774939,28.0930789204689
2720260301020005,京王閣競輪,5R,17:36,6-3-5,6,3,5,8158.5,0.0035383642983619,27.867745128185792
4420260228030011,大垣競輪,11R,15:44,6-7-4,6,7,4,9469.0,0.0028906901916863,26.37194542507842
8320260301020004,久留米競輪,4R,16:58,5-6-4,5,6,4,8592.3,0.002544334352815,20.861684059692323
2720260301020003,京王閣競輪,3R,16:46,1-4-6,1,4,6,6955.4,0.003099114179747,20.555578765812854
2720260301020011,京王閣競輪,11R,20:16,6-5-1,6,5,1,6668.2,0.0031961979725264,20.31288732040108
8320260301020001,久留米競輪,1R,15:54,3-5-2,3,5,2,795.0,0.0220732648831521,16.548245582105945
5520260228030004,和歌山競輪,4R,12:17,3-1-6,3,1,6,2964.0,0.0059060085348695,16.505409297353385
6220260228030004,広島競輪,4R,09:52,7-6-3,7,6,3,5410.0,0.0032109114071609,16.371030712740566
5520260228030007,和歌山競輪,7R,13:35,6-5-4,6,5,4,5292.0,0.003177873042839,15.817304142704405
4420260228030010,大垣競輪,10R,15:12,9-8-7,9,8,7,7037.8,0.0023399313007227,15.467968508226829
8320260301020010,久留米競輪,10R,19:34,5-6-4,5,6,4,1521.5,0.0105974272483852,15.123985558418187
5520260228030002,和歌山競輪,2R,11:28,7-3-4,7,3,4,1157.7,0.0138731883438029,15.0609901456207
2720260301020004,京王閣競輪,4R,17:10,3-5-6,3,5,6,2562.1,0.0062137118443707,14.920151116462227
4420260228030009,大垣競輪,9R,14:44,1-6-9,1,6,9,4722.1,0.0033611742096495,14.871800735386156
8320260301020002,久留米競輪,2R,16:14,3-6-4,3,6,4,7218.4,0.002055376912306,13.836532703789882
5520260228030001,和歌山競輪,1R,11:05,5-1-2,5,1,2,969.8,0.0150970100169009,13.641080314390518
6220260228030003,広島競輪,3R,09:31,5-6-3,5,6,3,2995.0,0.0044967901249514,12.46788642422963
6220260228030001,広島競輪,1R,08:50,4-6-3,4,6,3,2912.2,0.0045714117579831,12.312865321598526
4420260228030001,大垣競輪,1R,11:16,6-5-7,6,5,7,2780.7,0.0047114631640626,12.101165620308908
5520260228030003,和歌山競輪,3R,11:52,3-6-5,3,6,5,3799.3,0.0034408447517204,12.072801465211349
4420260228030007,大垣競輪,7R,13:48,6-8-9,6,8,9,8410.7,0.0015075263111861,11.67935154549353
8320260301020009,久留米競輪,9R,19:07,4-7-6,4,7,6,2253.1,0.0056117509279494,11.64383601576287
5520260228030011,和歌山競輪,11R,15:28,3-6-2,3,6,2,3603.4,0.0034641288507285,11.482641900715322
5520260228030012,和歌山競輪,12R,16:02,1-6-2,1,6,2,1274.1,0.0096991777151373,11.357722326856464
2720260301020009,京王閣競輪,9R,19:20,6-4-7,6,4,7,9999.9,0.0011952052738116,10.951933217588982
2720260301020010,京王閣競輪,10R,19:48,7-4-6,7,4,6,5659.5,0.0020952912676862,10.85830092947005
5520260228030009,和歌山競輪,9R,14:30,3-6-5,3,6,5,2233.9,0.0051744063668635,10.559106382936516
5520260228030005,和歌山競輪,5R,12:43,6-1-5,6,1,5,4884.8,0.0023302090574666,10.38260520391314
2720260301020008,京王閣競輪,8R,18:54,6-1-4,6,1,4,2432.6,0.0045726951843068,10.123538305344857
2720260301020001,京王閣競輪,1R,16:06,5-2-6,5,2,6,936.4,0.0117123839081478,9.967476291589634
6220260228030002,広島競輪,2R,09:10,3-6-5,3,6,5,2164.4,0.0048235854478118,9.440168343243888
4420260228030002,大垣競輪,2R,11:40,6-2-7,6,2,7,4335.4,0.002406765959067,9.434293138939324
4420260228030003,大垣競輪,3R,12:04,6-3-2,6,3,2,4202.8,0.0024017310596784,9.093995297616503
6220260228030007,広島競輪,7R,10:55,4-3-6,4,3,6,1061.6,0.0094788298051864,9.06272572118589
6220260228030006,広島競輪,6R,10:34,1-6-5,1,6,5,1790.6,0.0055346791317144,8.910396453247971
6220260228030005,広島競輪,5R,10:13,3-6-5,3,6,5,936.8,0.0100511593323317,8.415926062528378
8320260301020003,久留米競輪,3R,16:35,5-4-7,5,4,7,2689.6,0.0034897667510391,8.386076653594788
4420260228030004,大垣競輪,4R,12:30,8-3-4,8,3,4,8571.1,0.0010755975772592,8.219054394446403
4420260228030005,大垣競輪,5R,12:56,6-7-1,6,7,1,4640.5,0.0018423299707404,7.549332229221209
2720260301020002,京王閣競輪,2R,16:26,4-6-3,4,6,3,1975.6,0.0042840327081819,7.463535018284338
8320260301020008,久留米競輪,8R,18:41,5-4-1,5,4,1,572.3,0.012815962113447,6.334575117525731
4420260228030006,大垣競輪,6R,13:22,3-6-4,3,6,4,4077.5,0.0017066943083417,5.959046042263481
8320260301020011,久留米競輪,11R,20:02,4-3-6,4,3,6,1559.3,0.0044341389896311,5.914152926531778
2720260301020007,京王閣競輪,7R,18:28,4-6-1,4,6,1,1253.4,0.005411911114219,5.783289390562155
5520260228030008,和歌山競輪,8R,14:02,2-6-1,2,6,1,1055.7,0.0059720153640597,5.304656619837915
8320260301020005,久留米競輪,5R,17:23,4-7-6,4,7,6,1490.4,0.0039343140122512,4.863701603859225
5520260228030006,和歌山競輪,6R,13:09,5-6-1,5,6,1,830.5,0.0067082561614878,4.57120674211566
3820260301020001,静岡競輪,1R,20:41,5-6-3,5,6,3,1043.6,0.0052205783110558,4.448195525417921
8320260301030010,久留米競輪,10R,19:35,2-3-7,2,3,7,9619.9,0.0046115769028251,43.362908647488126
3620260303010003,小田原競輪,3R,09:31,5-6-7,5,6,7,7274.5,0.0054913970739871,38.94716801471968
3820260301030002,静岡競輪,2R,21:05,3-6-5,3,6,5,2400.7,0.0148870801386317,34.73941328881331
3620260303010004,小田原競輪,4R,09:52,5-6-3,5,6,3,6596.7,0.0052534626576255,33.65551711355822
4420260228040011,大垣競輪,11R,15:49,6-5-7,6,5,7,9999.9,0.0032517225912562,31.516900740303285
3820260301030006,静岡競輪,6R,22:45,6-1-7,6,1,7,2574.5,0.010342132547368,25.625820243199048
2720260301030008,京王閣競輪,8R,18:56,7-4-5,7,4,5,6896.7,0.0033427889671952,22.054212670055797
2720260301030006,京王閣競輪,6R,18:04,6-3-5,6,3,5,8612.7,0.0024960342800776,20.497594444025008
3620260303010006,小田原競輪,6R,10:34,3-6-7,3,6,7,7413.6,0.0028035333396379,19.784274766740207
7320260301030006,小松島競輪,6R,23:03,7-4-3,7,4,3,3328.6,0.0060802489466886,19.238716643947765
2720260301030002,京王閣競輪,2R,16:26,4-6-3,4,6,3,3744.1,0.0052869298771963,18.79479415321081
3620260303010005,小田原競輪,5R,10:13,7-6-4,7,6,4,5255.6,0.0036285756083889,18.070341967448755
4420260228040007,大垣競輪,7R,13:50,5-6-9,5,6,9,7730.7,0.0021660072582916,15.744752311674922
2720260301030007,京王閣競輪,7R,18:30,1-2-6,1,2,6,1753.3,0.0093228281968453,15.345714677528942
8320260301030002,久留米競輪,2R,16:14,7-4-6,7,4,6,3642.2,0.0044317435249001,15.141296266391189
2720260301030004,京王閣競輪,4R,17:14,2-7-3,2,7,3,4964.8,0.0030649173067199,14.216701444403151
4420260228040012,大垣競輪,12R,16:20,6-4-1,6,4,1,9999.9,0.0015203693445174,14.203541408239904
4420260228040009,大垣競輪,9R,14:48,9-6-2,9,6,2,9770.0,0.0015470210764763,14.114395917173496
3620260303010002,小田原競輪,2R,09:10,5-6-1,5,6,1,2185.0,0.0062829134539914,12.72816589697136
8320260301030007,久留米競輪,7R,18:17,2-3-1,2,3,1,1892.2,0.0070969341553376,12.428818808729895
3820260301030001,静岡競輪,1R,20:41,6-1-4,6,1,4,1492.6,0.0087469127552259,12.055641978450293
3820260301030007,静岡競輪,7R,23:12,2-7-6,2,7,6,1641.0,0.0078406590233077,11.866521457248046
4420260228040001,大垣競輪,1R,11:05,2-6-4,2,6,4,2690.4,0.004780205477731,11.860664817287525
4420260228040006,大垣競輪,6R,13:22,8-4-5,8,4,5,9999.9,0.0012710499363439,11.71037225844543
8320260301030005,久留米競輪,5R,17:26,2-5-3,2,5,3,3699.4,0.0033651160409935,11.448910282051576
7320260301030001,小松島競輪,1R,20:57,4-7-6,4,7,6,2318.4,0.0053341138201645,11.366609480669515
4420260228040005,大垣競輪,5R,12:54,9-4-8,9,4,8,3496.0,0.0034744966924403,11.146840436771347
5620260301030001,岸和田競輪,1R,20:49,7-4-6,7,4,6,1950.8,0.0061318625510921,10.96203746467055
4420260228040010,大垣競輪,10R,15:18,1-4-3,1,4,3,3711.1,0.0032103351622045,10.913874820457387
8320260301030009,久留米競輪,9R,19:09,1-6-2,1,6,2,2755.7,0.0042223634009518,10.63556682400289
2720260301030003,京王閣競輪,3R,16:50,6-7-4,6,7,4,2015.4,0.005600750949889,10.287753464406425
8320260301030008,久留米競輪,8R,18:43,6-3-4,6,3,4,9999.9,0.0011084793603367,10.084682755431537
5620260301030002,岸和田競輪,2R,21:13,5-3-7,5,3,7,2389.6,0.0046175745115509,10.034156052802208
4420260228040003,大垣競輪,3R,11:59,2-8-3,2,8,3,3586.4,0.003058777434079,9.96999938958094
4420260228040004,大垣競輪,4R,12:26,6-7-3,6,7,3,8216.5,0.00132269673733,9.867937742272748
5620260301030003,岸和田競輪,3R,21:37,1-7-6,1,7,6,1148.0,0.0094340238678568,9.830259400299695
8320260301030006,久留米競輪,6R,17:51,3-6-2,3,6,2,878.3,0.0119581490123595,9.502842277555434
3820260301030005,静岡競輪,5R,22:18,6-7-2,6,7,2,3278.5,0.0031437698498616,9.306849452771324
4420260228040008,大垣競輪,8R,14:19,3-8-2,3,8,2,6547.2,0.0015613036232109,9.222167081886628
8320260301030004,久留米競輪,4R,17:02,5-4-6,5,4,6,1488.1,0.0066273130659657,8.862104573463668
8320260301030012,久留米競輪,12R,20:30,1-3-2,1,3,2,1495.3,0.0065937682333453,8.85966163932134
2720260301030010,京王閣競輪,10R,19:48,5-6-4,5,6,4,1594.8,0.0061071550438706,8.739690863964906
8320260301030003,久留米競輪,3R,16:38,5-6-7,5,6,7,1888.7,0.0047205992840034,7.915795867697248
3820260301030003,静岡競輪,3R,21:29,1-5-6,1,5,6,924.2,0.0095403045675398,7.817149481320339
8320260301030001,久留米競輪,1R,15:53,5-6-4,5,6,4,1321.6,0.006453135692877,7.52846413170629
7320260301030005,小松島競輪,5R,22:36,4-7-6,4,7,6,1795.2,0.0047267596225618,7.48547887442305
3620260303010001,小田原競輪,1R,08:50,4-7-6,4,7,6,1996.0,0.0041699067537694,7.323133880523864
2720260301030005,京王閣競輪,5R,17:38,7-6-4,7,6,4,2237.6,0.0034834661476892,6.794603852069498
2720260301030009,京王閣競輪,9R,19:22,7-6-4,7,6,4,1986.2,0.0038186191711616,6.584541397761197
5620260301030004,岸和田競輪,4R,22:01,1-4-7,1,4,7,423.9,0.0172891764994487,6.328881918116339
4420260228040002,大垣競輪,2R,11:32,3-1-7,3,1,7,596.8,0.0111568925243737,5.658433458546267
5620260301030006,岸和田競輪,6R,22:54,5-7-2,5,7,2,879.9,0.0071789189061129,5.316730745488817
8320260301030011,久留米競輪,11R,20:02,7-6-4,7,6,4,618.9,0.0099011749895865,5.127837201055117
7320260301030007,小松島競輪,7R,23:30,2-6-5,2,6,5,608.5,0.0099751683928196,5.0698899670307735
7320260301030003,小松島競輪,3R,21:45,5-7-6,5,7,6,1408.2,0.0042780526994469,5.024353811361139
5620260301030007,岸和田競輪,7R,23:21,3-7-2,3,7,2,1241.6,0.0048284751872812,4.995034792528381
7320260301030004,小松島競輪,4R,22:09,6-5-2,6,5,2,2169.9,0.0027457335914975,4.957967320190477
3620260303010007,小田原競輪,7R,10:55,3-1-6,3,1,6,2222.8,0.002677812790298,4.952242270274535
2720260301030001,京王閣競輪,1R,16:03,3-5-6,3,5,6,500.0,0.0118989963651769,4.949498182588474
2720260301030011,京王閣競輪,11R,20:16,2-6-1,2,6,1,447.0,0.0130489866037009,4.832897011854312
7320260301030002,小松島競輪,2R,21:21,5-4-7,5,4,7,1191.2,0.0047154421786554,4.6170347232144096
3820260301030004,静岡競輪,4R,21:53,2-6-7,2,6,7,943.1,0.0056041635621367,4.285286655451204
5620260301030005,岸和田競輪,5R,22:27,2-7-6,2,7,6,794.3,0.0061712943096862,3.9018590701838143
3120260304010002,松戸競輪,2R,21:21,2-7-6,2,7,6,9999.9,0.0116566914360096,115.56574869095304
3120260304010004,松戸競輪,4R,22:09,1-7-3,1,7,3,9999.9,0.0116136592492853,115.13543112692874
3120260304010003,松戸競輪,3R,21:45,2-3-1,2,3,1,9999.9,0.0107178891250025,106.17781946111288
8720260304010004,熊本競輪,4R,21:53,2-6-5,2,6,5,9999.9,0.0090653178250195,89.65227171841276
2420260304010004,宇都宮競輪,4R,22:01,2-3-7,2,3,7,9999.9,0.0078183362715862,77.18258088223484
8720260304010005,熊本競輪,5R,22:18,6-1-5,6,1,5,9999.9,0.007313371671199,72.13298537482342
8720260304010002,熊本競輪,2R,21:05,2-7-5,2,7,5,9999.9,0.0070037177930274,69.03647755849474
3120260304010006,松戸競輪,6R,23:03,3-5-4,3,5,4,9999.9,0.00693446978431,68.34400439612234
8720260304010006,熊本競輪,6R,22:45,5-2-6,5,2,6,9999.9,0.0067841183202904,66.84050479107202
2420260304010007,宇都宮競輪,7R,23:21,6-3-7,6,3,7,9999.9,0.006059355591565,59.59294998009169
8720260304010007,熊本競輪,7R,23:12,6-2-4,6,2,4,9999.9,0.0059540427276768,58.53983187249621
2420260304010006,宇都宮競輪,6R,22:54,5-7-2,5,7,2,9999.9,0.0058249835364853,57.24925286649962
3120260304010005,松戸競輪,5R,22:36,7-2-3,7,2,3,9999.9,0.0057105120092297,56.10454904109616
8720260304010003,熊本競輪,3R,21:29,5-7-2,5,7,2,9999.9,0.0052497574495114,51.49704951936918
2420260304010005,宇都宮競輪,5R,22:27,2-3-7,2,3,7,9999.9,0.0047237219813327,46.23674744112908
3620260303020005,小田原競輪,5R,10:20,5-6-7,5,6,7,6036.9,0.0076209432234858,45.00687214586188
3120260304010007,松戸競輪,7R,23:30,5-7-2,5,7,2,9999.9,0.0044504816913319,43.504371865150254
3720260304010004,伊東競輪,4R,17:06,5-6-3,5,6,3,6111.9,0.0057179384505945,33.9474680161886
3620260303020001,小田原競輪,1R,09:00,4-6-5,4,6,5,5065.8,0.0065162534320927,32.01003663629523
3720260304010007,伊東競輪,7R,18:21,5-7-3,5,7,3,6064.7,0.0050950255604867,29.899801516683727
3620260303020004,小田原競輪,4R,10:00,7-6-4,7,6,4,3917.4,0.0072492005969265,27.398018418400067
2620260304010012,西武園競輪,12R,16:10,4-7-6,4,7,6,5627.1,0.0049982232377854,27.12550198134235
2620260304010007,西武園競輪,7R,13:48,5-6-3,5,6,3,2796.5,0.0098126584353659,26.44109931450098
4520260304010003,豊橋競輪,3R,09:30,5-7-6,5,7,6,7474.3,0.0035834372896819,25.783685334270054
4520260304010006,豊橋競輪,6R,10:30,2-6-7,2,6,7,6601.3,0.00395479478268,25.106786798905684
2620260304010003,西武園競輪,3R,11:59,7-5-6,7,5,6,8520.1,0.003040429426273,24.904762754789203
3720260304010011,伊東競輪,11R,20:04,6-4-5,6,4,5,9780.0,0.0025740594144996,24.174301073806262
2620260304010011,西武園競輪,11R,15:41,6-5-2,6,5,2,9312.8,0.0026542156079063,23.718179113310068
2620260304010002,西武園競輪,2R,11:32,7-6-5,7,6,5,1742.3,0.0140915181066896,23.551651997285425
4520260304010004,豊橋競輪,4R,09:50,5-6-3,5,6,3,9178.8,0.0026062023088164,22.92180975216458
3720260304010006,伊東競輪,6R,17:56,7-2-3,7,2,3,5705.4,0.0040472619201899,22.09124815945159
2620260304010004,西武園競輪,4R,12:26,7-4-6,7,4,6,9789.4,0.0023155466958975,21.667812824819578
2620260304010006,西武園競輪,6R,13:20,3-7-6,3,7,6,1594.6,0.0137252132911237,20.886225114025933
2620260304010009,西武園競輪,9R,14:44,4-6-7,4,6,7,7483.0,0.002817204786907,20.081143420425526
3720260304010001,伊東競輪,1R,15:54,2-6-5,2,6,5,5153.1,0.0037565434571589,18.357844089085653
2620260304010008,西武園競輪,8R,14:16,6-4-7,6,4,7,5997.1,0.0030715632229932,17.42047180461282
2620260304010001,西武園競輪,1R,11:05,4-6-5,4,6,5,7291.7,0.0024714529560868,17.021093519898212
3720260304010002,伊東競輪,2R,16:18,3-6-5,3,6,5,1786.0,0.0099726100017816,16.811081463181978
3720260304010010,伊東競輪,10R,19:38,2-6-4,2,6,4,2493.6,0.0070269952737479,16.522515414617825
2620260304010005,西武園競輪,5R,12:53,1-2-4,1,2,4,2009.9,0.0083103138771275,15.702899861638702
2420260304010002,宇都宮競輪,2R,21:13,5-2-6,5,2,6,1456.5,0.0091528338132494,12.331102448997846
4520260304010001,豊橋競輪,1R,08:50,7-6-4,7,6,4,3361.0,0.0037852031576771,11.722067812953057
3720260304010009,伊東競輪,9R,19:12,5-6-1,5,6,1,3869.6,0.0032802035927976,11.693075822689888
3620260303020006,小田原競輪,6R,10:40,3-6-7,3,6,7,3335.6,0.0037887698827301,11.63782082083467
2620260304010010,西武園競輪,10R,15:12,1-6-2,1,6,2,3358.1,0.0037555363667099,11.611466673048682
8720260304010001,熊本競輪,1R,20:41,5-2-6,5,2,6,1971.2,0.0062960011025938,11.410677373433018
3620260303020002,小田原競輪,2R,09:20,3-6-1,3,6,1,1261.4,0.0092894045636906,10.717654916639349
3620260303020007,小田原競輪,7R,11:00,6-5-4,6,5,4,1035.0,0.011130798467807,10.520376414180344
2420260304010001,宇都宮競輪,1R,20:49,7-5-2,7,5,2,9999.9,0.001134808946704,10.347975986145617
2420260304010003,宇都宮競輪,3R,21:37,3-7-6,3,7,6,1038.7,0.0105840383193453,9.993640602303971
3720260304010003,伊東競輪,3R,16:42,2-6-5,2,6,5,1894.0,0.0050925661685839,8.645320323298064
4520260304010005,豊橋競輪,5R,10:10,3-7-6,3,7,6,1968.6,0.0046494492248226,8.152905743985828
3620260303020003,小田原競輪,3R,09:40,1-7-6,1,7,6,791.2,0.010257038987667,7.115369247042164
3720260304010005,伊東競輪,5R,17:31,6-4-5,6,4,5,2811.7,0.0028592700502908,7.039409600402664
4520260304010002,豊橋競輪,2R,09:10,3-4-2,3,4,2,2135.6,0.0036745950898533,6.847465273890828
3720260304010008,伊東競輪,8R,18:46,7-3-6,7,3,6,644.5,0.0114564743610381,6.383697725689062
3720260304010012,伊東競輪,12R,20:30,2-5-6,2,5,6,1771.7,0.003536594433971,5.265784358666454
4520260304010007,豊橋競輪,7R,10:50,6-2-7,6,2,7,1730.3,0.0033879076370505,4.862096584388559
3120260304010001,松戸競輪,1R,20:57,5-4-1,5,4,1,981.7,0.0052995180323389,4.202536852347117
3120260304020002,松戸競輪,2R,21:21,5-7-2,5,7,2,9999.9,0.0218195359982466,217.19317802886675
2420260304020006,宇都宮競輪,6R,22:54,2-7-3,2,7,3,9999.9,0.013799411820201,136.9927382608289
2420260304020003,宇都宮競輪,3R,21:37,5-6-7,5,6,7,9999.9,0.0111811904918139,110.81078679909017
3120260304020005,松戸競輪,5R,22:36,2-7-3,2,7,3,9999.9,0.0094917289418596,93.91634024570249
3120260304020003,松戸競輪,3R,21:45,6-7-5,6,7,5,9999.9,0.0087247395093525,86.24652261957463
2420260304020004,宇都宮競輪,4R,22:01,2-7-5,2,7,5,9999.9,0.0086985744106373,85.98487424893243
8720260304020004,熊本競輪,4R,21:53,6-4-2,6,4,2,9999.9,0.0075256696658695,74.25594409172902
3120260304020006,松戸競輪,6R,23:03,2-7-4,2,7,4,9999.9,0.0067516782583302,66.51610741547648
8720260304020007,熊本競輪,7R,23:12,3-5-2,3,5,2,9999.9,0.006621115380166,65.21049169012285
8720260304020003,熊本競輪,3R,21:29,3-7-4,3,7,4,9999.9,0.0065825113351215,64.82445510008164
2420260304020007,宇都宮競輪,7R,23:21,6-2-5,6,2,5,9999.9,0.0063988072905194,62.98743302446505
3120260304020007,松戸競輪,7R,23:30,3-6-4,3,6,4,9999.9,0.0051355335962256,50.35482240889688
3120260304020004,松戸競輪,4R,22:09,2-7-5,2,7,5,9999.9,0.0047329823071494,46.32934977326336
8720260304020006,熊本競輪,6R,22:45,3-7-4,3,7,4,9999.9,0.0045158125959301,44.157674378042366
2620260304020012,西武園競輪,12R,16:04,6-7-1,6,7,1,9963.9,0.0043677815642188,42.520138727720536
7520260305010010,松山競輪,10R,15:18,9-4-1,9,4,1,8201.1,0.005174796540537,41.43902390859804
8720260304020005,熊本競輪,5R,22:18,6-3-2,6,3,2,9999.9,0.0041693843766099,40.69342682766147
3720260304020007,伊東競輪,7R,18:12,6-5-2,6,5,2,7033.2,0.0057489866937419,39.43377321442593
8720260304020001,熊本競輪,1R,20:41,6-2-7,6,2,7,9999.9,0.0036877730576926,35.87736179962088
2620260304020005,西武園競輪,5R,12:49,5-6-3,5,6,3,5967.2,0.0054384260684977,31.452176035939488
2420260304020005,宇都宮競輪,5R,22:27,3-7-6,3,7,6,9999.9,0.0031305162614743,30.304849563117315
2620260304020009,西武園競輪,9R,14:36,6-1-5,6,1,5,9999.9,0.0029004979394152,28.00468934435884
7520260305010006,松山競輪,6R,13:28,1-6-4,1,6,4,9894.2,0.0028373174975409,27.07298678416941
2620260304020011,西武園競輪,11R,15:33,6-3-5,6,3,5,9912.8,0.0023913027382164,22.704505783392243
7520260305010011,松山競輪,11R,15:48,2-5-8,2,5,8,9999.9,0.002340437946478,22.404145420985863
4520260304020006,豊橋競輪,6R,10:30,1-6-4,1,6,4,3933.1,0.0059005307902559,22.207377651155717
3620260303030005,小田原競輪,5R,10:20,4-6-7,4,6,7,5033.5,0.0045299263235825,21.801384149752817
2620260304020010,西武園競輪,10R,15:04,2-6-3,2,6,3,1960.9,0.0115753010678619,21.69800786397051
7520260305010008,松山競輪,8R,14:22,1-4-6,1,4,6,7178.1,0.0031344186633793,21.499170607603016
3720260304020002,伊東競輪,2R,16:14,1-6-3,1,6,3,2140.5,0.0098915755016574,20.17291736129779
3720260304020006,伊東競輪,6R,17:48,6-4-3,6,4,3,9999.9,0.0020934341510104,19.934132166689476
2620260304020008,西武園競輪,8R,14:08,6-2-7,6,2,7,6880.6,0.0030041752275895,19.670528070952983
3620260303030002,小田原競輪,2R,09:20,2-6-3,2,6,3,3118.3,0.006450670743281,19.115126578773395
7520260305010001,松山競輪,1R,11:18,7-8-6,7,8,6,7866.6,0.0024358787721904,18.162083949313192
3620260303030001,小田原競輪,1R,09:00,3-6-4,3,6,4,4310.4,0.0042385250791215,17.269738501045445
2620260304020004,西武園競輪,4R,12:23,3-6-2,3,6,2,5366.9,0.0032242329988644,16.304136081605836
7520260305010002,松山競輪,2R,11:44,2-6-9,2,6,9,9999.9,0.0016826830756187,15.826662487879911
7520260305010003,松山競輪,3R,12:10,5-7-4,5,7,4,2932.4,0.0056333952685065,15.519368285368468
7520260305010007,松山競輪,7R,13:54,9-5-4,9,5,4,4686.4,0.0035084425991268,15.441965396548245
2620260304020007,西武園競輪,7R,13:41,5-6-4,5,6,4,2053.8,0.0079690506407361,15.366836205943963
7520260305010009,松山競輪,9R,14:50,7-6-2,7,6,2,7242.1,0.0022541104071513,15.32449297963101
4520260304020004,豊橋競輪,4R,09:50,5-6-1,5,6,1,3998.6,0.0038410995016576,14.359020467328364
3120260304020001,松戸競輪,1R,20:57,5-4-6,5,4,6,853.8,0.0172499908094948,13.72804215314671
7520260305010004,松山競輪,4R,12:36,8-9-6,8,9,6,9999.9,0.0014704985016821,13.704837966971006
2620260304020002,西武園競輪,2R,11:31,7-6-3,7,6,3,4429.1,0.0032848546289206,13.54894963695223
3720260304020012,伊東競輪,12R,20:30,7-6-5,7,6,5,2281.1,0.0062872341044075,13.341809715564098
4520260304020005,豊橋競輪,5R,10:10,4-6-5,4,6,5,5122.3,0.0027379985566342,13.024850006647556
7520260305010012,松山競輪,12R,16:20,7-4-5,7,4,5,4849.5,0.0027311607695057,12.244764151718323
2620260304020006,西武園競輪,6R,13:15,5-4-3,5,4,3,914.5,0.0142353669706818,12.018243094688538
3720260304020005,伊東競輪,5R,17:24,3-6-7,3,6,7,1359.7,0.0094954499468579,11.91096329274275
3720260304020001,伊東競輪,1R,15:54,5-4-6,5,4,6,3080.2,0.0041873991705995,11.898026925280694
3720260304020003,伊東競輪,3R,16:36,1-6-7,1,6,7,3792.5,0.0033648486455325,11.761188488182162
3620260303030003,小田原競輪,3R,09:40,2-6-4,2,6,4,1226.0,0.0102100890375314,11.51756916001351
4520260304020003,豊橋競輪,3R,09:30,5-7-1,5,7,1,1871.0,0.0064082023140357,10.989746529560932
2620260304020003,西武園競輪,3R,11:57,3-6-7,3,6,7,3691.9,0.0030844714233253,10.38756004777476
4520260304020001,豊橋競輪,1R,08:50,5-4-6,5,4,6,2729.9,0.0041407685990143,10.303884198449309
3720260304020009,伊東競輪,9R,19:02,2-5-6,2,5,6,1522.5,0.0072699448035697,10.068490963434948
4520260304020002,豊橋競輪,2R,09:10,7-6-1,7,6,1,2912.8,0.0037461903645709,9.911903293922125
3720260304020008,伊東競輪,8R,18:36,5-4-3,5,4,3,2068.4,0.0052223929767646,9.801997633140004
3620260303030004,小田原競輪,4R,10:00,5-2-6,5,2,6,1783.2,0.0059977720491409,9.695227118028196
2420260304020001,宇都宮競輪,1R,20:49,4-5-2,4,5,2,762.0,0.0133214388350135,9.150936392280324
3720260304020011,伊東競輪,11R,20:00,3-6-5,3,6,5,1321.1,0.0076827276442278,9.1496514907894
3720260304020010,伊東競輪,10R,19:30,3-4-5,3,4,5,852.7,0.0118794815721453,9.12963393656836
3620260303030006,小田原競輪,6R,10:40,1-6-5,1,6,5,1381.5,0.0068025316798503,8.3976975157132
3720260304020004,伊東競輪,4R,17:00,7-6-1,7,6,1,3146.0,0.002917395461298,8.17812612124381
4520260304020007,豊橋競輪,7R,10:50,1-6-4,1,6,4,1290.1,0.0069972390519741,8.027138100951884
3620260303030007,小田原競輪,7R,11:00,4-7-5,4,7,5,1286.2,0.0066859131181593,7.5994214525766
8720260304020002,熊本競輪,2R,21:05,7-1-5,7,1,5,980.2,0.0075124401057308,6.363693791637382
2620260304020001,西武園競輪,1R,11:05,1-4-6,1,4,6,1646.8,0.0043830236944084,6.217963419951872
2420260304020002,宇都宮競輪,2R,21:13,5-4-3,5,4,3,1047.0,0.006865672919348,6.188359546557376
7520260305010005,松山競輪,5R,13:02,6-4-5,6,4,5,7502.7,0.0009273134467328,5.957354596802311
2420260304030003,宇都宮競輪,3R,21:37,5-7-3,5,7,3,9999.9,0.0120479112105466,119.4779073143452
8720260304030006,熊本競輪,6R,22:45,2-3-4,2,3,4,9999.9,0.0111405003201098,110.40388915106624
3120260304030006,松戸競輪,6R,23:03,1-4-7,1,4,7,9999.9,0.0108194443307422,107.193361362989
2420260304030006,宇都宮競輪,6R,22:54,2-6-5,2,6,5,9999.9,0.0103257891230988,102.2568586520763
8720260304030002,熊本競輪,2R,21:05,2-7-6,2,7,6,9999.9,0.0096372399068851,95.371435344861
3120260304030003,松戸競輪,3R,21:45,5-6-7,5,6,7,9999.9,0.0096195708548985,95.19474659190034
8720260304030005,熊本競輪,5R,22:18,5-2-6,5,2,6,9999.9,0.0093709142776092,92.7082056846643
2420260304030004,宇都宮競輪,4R,22:01,1-7-4,1,7,4,9999.9,0.0084658300874801,83.65745429179309
3120260304030005,松戸競輪,5R,22:36,2-4-7,2,4,7,9999.9,0.0079323468332001,78.32267509731805
8720260304030003,熊本競輪,3R,21:29,5-6-2,5,6,2,9999.9,0.007448033629541,73.47959149204746
8120260306010003,小倉競輪,3R,16:35,2-6-5,2,6,5,7560.4,0.009566775749401,71.32865137577176
8720260304030004,熊本競輪,4R,21:53,4-7-2,4,7,2,9999.9,0.0068992211230414,67.99152130830238
2420260304030002,宇都宮競輪,2R,21:13,6-3-5,6,3,5,9999.9,0.0064177401550518,63.176759776502536
2420260304030005,宇都宮競輪,5R,22:27,6-7-2,6,7,2,9999.9,0.0062471014432675,61.47038972253158
3120260304030004,松戸競輪,4R,22:09,6-4-7,6,4,7,9999.9,0.006221063160657,61.21000950025463
8120260306010002,小倉競輪,2R,16:14,4-6-5,4,6,5,7657.3,0.0080391684745336,60.558324760046624
2420260304030001,宇都宮競輪,1R,20:49,4-6-7,4,6,7,9999.9,0.0054306197254772,53.30565419279955
2420260304030007,宇都宮競輪,7R,23:21,4-7-2,4,7,2,9999.9,0.0045626015034193,44.62555877404292
3120260304030007,松戸競輪,7R,23:30,6-3-5,6,3,5,9999.9,0.0040361072172484,39.36066856176238
2620260304030004,西武園競輪,4R,12:17,5-7-3,5,7,3,2688.6,0.0129393130863575,33.78863716398094
2620260304030012,西武園競輪,12R,16:02,2-4-6,2,4,6,8311.8,0.0040256712711986,32.46057447194873
8720260304030007,熊本競輪,7R,23:12,3-7-5,3,7,5,9999.9,0.0031581331549258,30.581015735942756
2620260304030008,西武園競輪,8R,14:02,4-6-2,4,6,2,4975.2,0.0061917690945688,29.80528959929892
8120260306010011,小倉競輪,11R,19:51,7-3-5,7,3,5,5514.0,0.0049605325622304,26.35237654813849
7520260305020010,松山競輪,10R,15:12,5-9-3,5,9,3,9591.2,0.0027568725189815,25.441715704055454
8120260306010007,小倉競輪,7R,18:10,4-2-6,4,2,6,8676.0,0.002998535923794,25.0152976748374
7520260305020011,松山競輪,11R,15:44,6-1-7,6,1,7,9999.9,0.0025074563044654,24.074312299023603
8120260306010010,小倉競輪,10R,19:25,4-5-6,4,5,6,3876.0,0.0063142141964298,23.47389422536209
7520260305020007,松山競輪,7R,13:48,2-4-8,2,4,8,6295.4,0.0038431243775487,23.19400520642065
8120260306010004,小倉競輪,4R,16:58,6-4-1,6,4,1,9958.9,0.0023679688696451,22.582365175908745
7520260305020009,松山競輪,9R,14:44,5-4-9,5,4,9,9999.9,0.0023035195678707,22.03496532675033
3720260304030011,伊東競輪,11R,20:04,6-5-3,6,5,3,6150.2,0.0036786095220275,21.624184282374134
3720260304030003,伊東競輪,3R,16:46,6-3-1,6,3,1,8051.6,0.0026745622362395,20.534505301306567
8120260306010006,小倉競輪,6R,17:46,6-4-7,6,4,7,4885.5,0.0042804548943441,19.91216238631852
2620260304030010,西武園競輪,10R,14:58,1-6-5,1,6,5,8739.3,0.0023916517169525,19.901361849963468
7520260305020005,松山競輪,5R,12:56,6-4-7,6,4,7,9495.2,0.0021298401624065,19.22325831008309
7520260305020001,松山競輪,1R,11:16,1-4-8,1,4,8,3864.6,0.0050622955513725,18.56374738783448
2620260304030005,西武園競輪,5R,12:43,3-7-6,3,7,6,2235.9,0.0087490760516919,18.562059143977923
7520260305020003,松山競輪,3R,12:04,1-8-6,1,8,6,5295.4,0.0036435352374863,18.29397649658537
4520260304030001,豊橋競輪,1R,08:50,2-4-5,2,4,5,3826.7,0.004939045774154,17.90024646395527
7520260305020002,松山競輪,2R,11:40,1-4-8,1,4,8,3325.0,0.0054169897264776,17.011490840538322
2620260304030003,西武園競輪,3R,11:52,5-7-6,5,7,6,1993.0,0.0090190652226685,16.974996988778344
3720260304030005,伊東競輪,5R,17:34,6-3-1,6,3,1,5918.4,0.0029551107596501,16.489527519913224
7520260305020008,松山競輪,8R,14:16,5-4-7,5,4,7,8383.3,0.0020716781580417,16.367499502311613
2620260304030001,西武園競輪,1R,11:05,7-6-5,7,6,5,5688.1,0.003052605988338,16.363528122265752
3720260304030007,伊東競輪,7R,18:22,6-5-4,6,5,4,2305.3,0.0074960267171931,16.280590391145417
8120260306010012,小倉競輪,12R,20:17,2-6-4,2,6,4,1583.3,0.0108914275410663,16.24439722577033
2620260304030009,西武園競輪,9R,14:30,3-4-7,3,4,7,1763.9,0.008981625075623,14.84268847089156
7520260305020012,松山競輪,12R,16:20,6-7-5,6,7,5,9999.9,0.0015788375379437,14.788217495683892
4520260304030005,豊橋競輪,5R,10:13,7-6-2,7,6,2,1141.0,0.0135319876344397,14.439997890895771
3120260304030001,松戸競輪,1R,20:57,5-4-6,5,4,6,1728.0,0.0088076910484807,14.219690131774684
2620260304030002,西武園競輪,2R,11:28,6-5-4,6,5,4,6826.2,0.0021841910635276,13.90972503785266
4520260304030004,豊橋競輪,4R,09:52,1-6-2,1,6,2,4838.1,0.0030746713805334,13.875567606158931
8120260306010001,小倉競輪,1R,15:54,1-6-7,1,6,7,1308.9,0.0111693682031648,13.61958604112246
7520260305020006,松山競輪,6R,13:22,2-6-5,2,6,5,4124.6,0.0031610333440705,12.037998130953394
7520260305020004,松山競輪,4R,12:30,2-4-5,2,4,5,3152.4,0.0041075950821818,11.948782737070076
8720260304030001,熊本競輪,1R,20:41,6-4-3,6,4,3,2137.5,0.0054192203129948,10.583583419026455
2620260304030006,西武園競輪,6R,13:09,2-6-5,2,6,5,2608.5,0.0044373924326597,10.574938160592868
2620260304030007,西武園競輪,7R,13:35,2-6-1,2,6,1,993.9,0.0108036342923331,9.737732123149884
4520260304030006,豊橋競輪,6R,10:34,5-4-6,5,4,6,1487.7,0.0068270474353156,9.156598469519048
8120260306010009,小倉競輪,9R,18:59,3-7-2,3,7,2,1492.2,0.0065603600296291,8.789369236212615
3720260304030004,伊東競輪,4R,17:10,6-5-4,6,5,4,2969.3,0.0032784058237148,8.73457041235636
8120260306010008,小倉競輪,8R,18:34,4-6-5,4,6,5,4041.3,0.0024043633163689,8.716753470441681
3720260304030006,伊東競輪,6R,17:58,1-6-7,1,6,7,1281.4,0.0074202968330408,8.508368361858548
3720260304030001,伊東競輪,1R,16:06,4-6-1,4,6,1,1957.7,0.004851276706504,8.497344408322919
3720260304030010,伊東競輪,10R,19:38,6-5-7,6,5,7,1927.2,0.0043371661933531,7.358586687830094
3720260304030009,伊東競輪,9R,19:12,5-4-6,5,4,6,1754.8,0.0045842710399293,7.044478820868052
4520260304030003,豊橋競輪,3R,09:31,4-3-6,4,3,6,1493.8,0.005143349579033,6.683135601159535
3720260304030002,伊東競輪,2R,16:26,3-2-4,3,2,4,1113.8,0.006766637090985,6.53668039193911
3720260304030012,伊東競輪,12R,20:30,3-7-2,3,7,2,1732.4,0.0039352690835308,5.817460160308868
3120260304030002,松戸競輪,2R,21:21,5-6-4,5,6,4,701.2,0.0095926208524547,5.72634574174127
2620260304030011,西武園競輪,11R,15:28,1-2-7,1,2,7,1692.5,0.0039210774947171,5.636423659808768
4520260304030007,豊橋競輪,7R,10:55,3-7-6,3,7,6,1596.6,0.0036179644828311,4.776442093288175
3720260304030008,伊東競輪,8R,18:46,7-4-1,7,4,1,580.8,0.0085420080324506,3.961198265247363
8120260306010005,小倉競輪,5R,17:22,1-6-4,1,6,4,780.5,0.0061748733946207,3.8194886845014606
4520260304030002,豊橋競輪,2R,09:10,5-6-2,5,6,2,343.0,0.012501557900214,3.288034359773402
2220260307010003,前橋競輪,3R,16:50,6-5-1,6,5,1,9999.9,0.0057618588903741,56.618012717852274
8320260307010004,久留米競輪,4R,21:40,5-3-6,5,3,6,7902.6,0.0071020381880685,55.12456698503016
2220260307010006,前橋競輪,6R,18:04,3-7-2,3,7,2,9999.9,0.0051288849955861,50.28833706736156
8320260307010003,久留米競輪,3R,21:20,6-3-7,6,3,7,9999.9,0.0048378611200277,47.37812741416553
2220260307010005,前橋競輪,5R,17:38,7-6-2,7,6,2,9999.9,0.0044276743663073,43.276300895636425
4320260307010004,岐阜競輪,4R,21:50,5-6-3,5,6,3,4926.4,0.0079090075754164,37.96293491953137
2220260307010001,前橋競輪,1R,16:03,3-4-2,3,4,2,7112.6,0.0046287322242828,31.922320818434216
8320260307010006,久留米競輪,6R,22:20,6-7-1,6,7,1,9250.7,0.0035033656811248,31.408584906381584
2820260307010002,立川競輪,2R,09:10,4-6-3,4,6,3,9999.9,0.0032303571330445,31.303248294732143
2820260307010005,立川競輪,5R,10:13,5-6-4,5,6,4,6380.2,0.0050353670252113,31.126648694253497
7520260305030011,松山競輪,11R,15:49,6-5-4,6,5,4,9999.9,0.0031411338711793,30.411024598406875
7520260305030012,松山競輪,12R,16:20,9-7-4,9,7,4,5516.9,0.005171490293349,27.530594799377223
8120260306020001,小倉競輪,1R,15:53,1-6-7,1,6,7,2166.0,0.0125633503335649,26.212216822501677
2220260307010010,前橋競輪,10R,19:48,7-6-2,7,6,2,5727.9,0.0046701066065358,25.74990363157676
8120260306020012,小倉競輪,12R,20:30,7-6-3,7,6,3,5962.3,0.0043763208418907,25.09293775560547
8120260306020004,小倉競輪,4R,17:02,5-6-7,5,6,7,9210.6,0.0027448286916229,24.281519147062504
8320260307010008,久留米競輪,8R,23:00,5-3-7,5,3,7,4120.3,0.0059629057128936,23.56896040883573
2820260307010004,立川競輪,4R,09:52,5-6-1,5,6,1,3641.7,0.0066255616588238,23.12830789293863
4320260307010008,岐阜競輪,8R,23:10,4-7-2,4,7,2,5290.0,0.0044886500506717,22.74495876805355
8120260306020011,小倉競輪,11R,20:02,7-4-6,7,4,6,4847.0,0.0048930870777241,22.716793065728783
4320260307010007,岐阜競輪,7R,22:50,4-7-2,4,7,2,8022.0,0.0029362496842414,22.55459496698463
2820260307010006,立川競輪,6R,10:34,1-4-6,1,4,6,7767.9,0.0030049359528626,22.342041988242016
2220260307010009,前橋競輪,9R,19:22,1-6-7,1,6,7,3393.6,0.0067806723766185,22.01088977729278
7520260305030006,松山競輪,6R,13:22,8-4-7,8,4,7,6694.2,0.0032212957748912,20.563998176277085
8120260306020003,小倉競輪,3R,16:38,4-6-7,4,6,7,3832.2,0.0056106080885496,20.50097231693996
4320260307010005,岐阜競輪,5R,22:10,3-7-6,3,7,6,4780.4,0.0044948974907086,20.48740796458376
2220260307010004,前橋競輪,4R,17:14,4-5-2,4,5,2,2323.3,0.0091752893183175,20.31694967324725
8120260306020010,小倉競輪,10R,19:35,5-6-7,5,6,7,4195.0,0.0050321158024496,20.109725791276187
7520260305030007,松山競輪,7R,13:50,5-4-3,5,4,3,6129.7,0.0032738188350388,19.06752731313754
2220260307010002,前橋競輪,2R,16:26,1-4-6,1,4,6,2709.7,0.0071625362158779,18.408324384164462
4320260307010003,岐阜競輪,3R,21:30,5-7-4,5,7,4,4373.7,0.0044020063075195,18.25305498719824
8320260307010007,久留米競輪,7R,22:40,6-7-2,6,7,2,4715.1,0.0040773945838437,18.22532320228161
4320260307010002,岐阜競輪,2R,21:10,2-7-5,2,7,5,5618.9,0.0033568216290597,17.861645051523638
4320260307010006,岐阜競輪,6R,22:30,4-7-6,4,7,6,4170.8,0.0040617131071172,15.940593027164583
2820260307010007,立川競輪,7R,10:55,3-7-6,3,7,6,2831.5,0.0059398039091413,15.818554768733764
2220260307010008,前橋競輪,8R,18:56,5-1-6,5,1,6,1567.8,0.0105204002369349,15.493883491466626
8320260307010002,久留米競輪,2R,21:00,7-6-3,7,6,3,6247.0,0.0026051611424065,15.274441656613863
7520260305030008,松山競輪,8R,14:19,5-4-3,5,4,3,3456.8,0.0046362241856452,15.026499764938489
7520260305030010,松山競輪,10R,15:18,5-1-4,5,1,4,4673.0,0.003267858188803,14.270701316276597
4320260307010001,岐阜競輪,1R,20:50,7-4-2,7,4,2,6182.3,0.0023527469523878,13.54538748374759
8120260306020002,小倉競輪,2R,16:14,1-3-6,1,3,6,1858.3,0.0074994007253028,12.936136367830308
8320260307010005,久留米競輪,5R,22:00,2-6-5,2,6,5,2479.9,0.0055411835465861,12.741581077178951
7520260305030004,松山競輪,4R,12:26,7-6-3,7,6,3,6939.5,0.0018882132123075,12.103255586808384
2820260307010003,立川競輪,3R,09:31,5-4-3,5,4,3,3156.9,0.0041363761635108,12.05812591058753
8120260306020005,小倉競輪,5R,17:26,6-7-5,6,7,5,6813.7,0.0018361690775549,11.511105243736104
8120260306020006,小倉競輪,6R,17:51,6-3-4,6,3,4,2509.8,0.0049752613885767,11.486911033049845
2820260307010001,立川競輪,1R,08:50,5-6-3,5,6,3,2453.6,0.0047821832225009,10.73356475472821
4320260307010009,岐阜競輪,9R,23:30,6-7-4,6,7,4,2766.0,0.0040113093143389,10.09528156346159
7520260305030005,松山競輪,5R,12:54,1-8-5,1,8,5,5560.3,0.0018779351655921,9.441882901241897
8120260306020009,小倉競輪,9R,19:09,7-6-5,7,6,5,3257.5,0.003129936551014,9.195768314928308
7520260305030003,松山競輪,3R,11:59,3-8-4,3,8,4,6410.5,0.0015556123098332,8.972252712185906
7520260305030002,松山競輪,2R,11:32,4-8-5,4,8,5,4896.3,0.0019704294729642,8.647813828475039
7520260305030009,松山競輪,9R,14:48,9-6-1,9,6,1,3955.0,0.0021231811312073,7.397181373924905
8320260307010001,久留米競輪,1R,20:40,4-3-5,4,3,5,1255.3,0.0062646048553555,6.863958474927825
2220260307010011,前橋競輪,11R,20:16,3-4-1,3,4,1,489.1,0.0120342879670169,4.885970244668007
8320260307010009,久留米競輪,9R,23:20,1-7-3,1,7,3,622.3,0.0080448622455473,4.006317775404136
7520260305030001,松山競輪,1R,11:05,2-6-3,2,6,3,1516.1,0.0031750904336486,3.813754606454744
2220260307010007,前橋競輪,7R,18:30,1-6-2,1,6,2,338.8,0.0136586206539562,3.627540677560385
8120260306020007,小倉競輪,7R,18:17,1-2-6,1,2,6,696.6,0.0065201796452908,3.5419571409095747
8120260306020008,小倉競輪,8R,18:43,7-5-4,7,5,4,804.8,0.0052094711829268,3.19258240801952
8320260307020003,久留米競輪,3R,21:20,4-5-6,4,5,6,9999.9,0.0105123036334684,104.12198510432108
8320260307020004,久留米競輪,4R,21:40,5-3-2,5,3,2,9999.9,0.0094836470348853,93.8355219841504
4320260307020007,岐阜競輪,7R,22:50,5-7-4,5,7,4,9999.9,0.0086929632760941,85.92876346461374
4320260307020001,岐阜競輪,1R,20:50,6-1-5,6,1,5,9999.9,0.0077662068897588,76.66129227689962
4320260307020003,岐阜競輪,3R,21:30,2-7-5,2,7,5,9999.9,0.007342166074487,72.42092652826265
8320260307020005,久留米競輪,5R,22:00,2-7-6,2,7,6,9999.9,0.0073148309638109,72.14757815501352
4320260307020008,岐阜競輪,8R,23:10,5-3-7,5,3,7,9999.9,0.0067356461900516,66.35578833589763
8320260307020008,久留米競輪,8R,23:00,2-7-4,2,7,4,9999.9,0.0063704227023049,62.70358998077882
8320260307020007,久留米競輪,7R,22:40,5-4-1,5,4,1,9999.9,0.0062699714196657,61.69908719951572
4320260307020002,岐阜競輪,2R,21:10,4-5-7,4,5,7,9999.9,0.0061939104373183,60.93848498213933
8320260307020006,久留米競輪,6R,22:20,4-5-3,4,5,3,9999.9,0.0060476330757839,59.47572599453198
4320260307020005,岐阜競輪,5R,22:10,4-7-2,4,7,2,9999.9,0.0059148969665139,58.14837817544269
8320260307020001,久留米競輪,1R,20:40,4-3-5,4,3,5,9999.9,0.005857267561312,57.57208988636418
8320260307020002,久留米競輪,2R,21:00,3-7-6,3,7,6,9999.9,0.0056219111576461,55.218549385346
2220260307020005,前橋競輪,5R,17:36,6-3-2,6,3,2,9623.6,0.005604518389245,52.9356431707386
4320260307020006,岐阜競輪,6R,22:30,2-7-5,2,7,5,9999.9,0.005338881149587,52.38827760775522
4320260307020004,岐阜競輪,4R,21:50,2-7-4,2,7,4,9999.9,0.0052075377555,51.07485680122457
2220260307020006,前橋競輪,6R,18:02,4-3-6,4,3,6,9891.2,0.0051604497698709,50.04304076374796
7520260305040011,松山競輪,11R,15:44,3-4-9,3,4,9,9343.3,0.0054069144742708,49.51842400745505
2820260307020007,立川競輪,7R,10:55,6-5-3,6,5,3,9999.9,0.0050487406385745,49.48690151168135
8320260307020009,久留米競輪,9R,23:20,3-6-4,3,6,4,9999.9,0.0050220766269223,49.22026406156062
2220260307020002,前橋競輪,2R,16:26,7-3-5,7,3,5,3999.6,0.0107972705764352,42.18476339751037
4320260307020009,岐阜競輪,9R,23:30,4-5-3,4,5,3,9999.9,0.0041820661951514,40.820243744894896
8120260306030002,小倉競輪,2R,16:14,5-6-1,5,6,1,2903.8,0.012290989537842,34.69057541998568
7520260305040010,松山競輪,10R,15:12,6-4-2,6,4,2,9986.3,0.0035496587045205,34.4479567209532
3620260308010010,小田原競輪,10R,14:58,2-6-4,2,6,4,6434.6,0.0049850442679451,31.076765846519947
7520260305040012,松山競輪,12R,16:20,5-6-9,5,6,9,9999.9,0.0031308905417103,30.308592328049127
3620260308010011,小田原競輪,11R,15:28,5-6-1,5,6,1,6876.5,0.0044476315668633,29.58413846953571
3620260308010004,小田原競輪,4R,12:17,7-6-5,7,6,5,2520.9,0.0119573841480541,29.14336969882959
2220260307020003,前橋競輪,3R,16:46,1-7-2,1,7,2,5618.3,0.0047146292459228,25.488201492368542
2820260307020001,立川競輪,1R,08:50,2-7-4,2,7,4,1919.7,0.0137689676235995,25.43228714702415
7520260305040008,松山競輪,8R,14:16,3-4-6,3,4,6,6309.0,0.00385437392449,23.317245089607884
3620260308010006,小田原競輪,6R,13:09,1-6-5,1,6,5,7121.5,0.0033962338215354,23.186279160064515
2220260307020004,前橋競輪,4R,17:10,5-6-1,5,6,1,6916.0,0.0034665460321023,22.974632358019857
3620260308010008,小田原競輪,8R,14:02,6-7-3,6,7,3,7578.3,0.0029100245192225,21.05303881402399
2820260307020006,立川競輪,6R,10:34,2-3-1,2,3,1,5324.9,0.0039883992298698,20.23782705913403
3620260308010001,小田原競輪,1R,11:05,7-4-2,7,4,2,8737.1,0.0024016154656197,19.98315448466593
3620260308010002,小田原競輪,2R,11:28,7-6-2,7,6,2,4892.1,0.0038614297685509,17.89050057072792
2220260307020001,前橋競輪,1R,16:06,3-7-2,3,7,2,1216.5,0.0150995062919551,17.368549404163428
2220260307020011,前橋競輪,11R,20:16,6-5-7,6,5,7,7342.5,0.002343143596987,16.204531860877417
3620260308010003,小田原競輪,3R,11:52,1-5-6,1,5,6,2026.8,0.0083866213835258,15.998004220130287
2820260307020002,立川競輪,2R,09:10,7-6-4,7,6,4,5337.4,0.003114601416159,15.623873598607377
3620260308010009,小田原競輪,9R,14:30,3-6-4,3,6,4,2142.1,0.0077324670553839,15.563717679337866
8120260306030001,小倉競輪,1R,15:54,2-6-3,2,6,3,1305.6,0.0124142056609489,15.207986910934892
7520260305040004,松山競輪,4R,12:30,3-8-4,3,8,4,3703.4,0.0043003484236573,14.925910352172622
7520260305040005,松山競輪,5R,12:56,3-4-9,3,4,9,2641.1,0.0056543512388082,13.933707056816402
7520260305040001,松山競輪,1R,11:16,6-4-1,6,4,1,8730.3,0.0015606532889497,12.624971408517926
8120260306030003,小倉競輪,3R,16:35,7-6-1,7,6,1,5626.1,0.0024088736276154,12.552563916327486
3620260308010007,小田原競輪,7R,13:35,6-1-4,6,1,4,5961.8,0.002256070040092,12.450238365020528
7520260305040006,松山競輪,6R,13:22,2-4-9,2,4,9,3529.9,0.0037927418757738,12.38799954729405
7520260305040003,松山競輪,3R,12:04,2-6-4,2,6,4,3401.5,0.0036610934541221,11.45320938419638
7520260305040009,松山競輪,9R,14:44,1-4-5,1,4,5,4248.8,0.002924298858919,11.424760991775226
3620260308010012,小田原競輪,12R,16:02,1-4-3,1,4,3,1451.3,0.0085197784287212,11.364754433603094
8120260306030012,小倉競輪,12R,20:30,3-6-4,3,6,4,3881.7,0.0031724010517406,11.314309162541576
7520260305040002,松山競輪,2R,11:40,6-1-7,6,1,7,9999.9,0.0011496752761671,10.496637794143918
2820260307020004,立川競輪,4R,09:52,5-3-6,5,3,6,1720.1,0.006323242072933,9.876608689652215
8120260306030004,小倉競輪,4R,16:58,6-4-1,6,4,1,3258.9,0.0032876973402837,9.714276862250795
3620260308010005,小田原競輪,5R,12:43,1-7-2,1,7,2,1925.2,0.0053849007971813,9.367011014733569
7520260305040007,松山競輪,7R,13:48,8-7-2,8,7,2,7295.8,0.0013276609085436,8.686348456552658
2820260307020005,立川競輪,5R,10:13,2-3-1,2,3,1,1972.6,0.0047930867788139,8.454842979888406
8120260306030006,小倉競輪,6R,17:49,1-6-3,1,6,3,531.0,0.0136827421494542,6.265536081360187
8120260306030010,小倉競輪,10R,19:34,3-4-6,3,4,6,1977.5,0.0034976261164127,5.9165556452062456
2220260307020010,前橋競輪,10R,19:48,4-6-7,4,6,7,1262.4,0.0052755990923647,5.659916294201232
2820260307020003,立川競輪,3R,09:31,6-5-2,6,5,2,4648.7,0.0013905673658847,5.464330513788299
8120260306030008,小倉競輪,8R,18:41,7-6-4,7,6,4,616.6,0.0103044430714066,5.353719597829334
8120260306030009,小倉競輪,9R,19:07,7-6-5,7,6,5,638.0,0.0082372076495724,4.255338480427204
8120260306030005,小倉競輪,5R,17:23,3-6-5,3,6,5,530.1,0.0097118048808671,4.14822776734769
8120260306030011,小倉競輪,11R,20:02,1-4-5,1,4,5,481.8,0.0102289849667304,3.9283249569707257
2220260307020008,前橋競輪,8R,18:54,5-7-3,5,7,3,1646.5,0.0024822971052857,3.0871021838529678
2220260307020009,前橋競輪,9R,19:20,1-3-2,1,3,2,684.0,0.0056410477417725,2.85847665537243
2220260307020007,前橋競輪,7R,18:28,4-3-5,4,3,5,1458.2,0.0024214064321407,2.5308948593476077
8120260306030007,小倉競輪,7R,18:15,5-3-6,5,3,6,185.5,0.0185186438021408,2.43520842529712
8320260307030003,久留米競輪,3R,21:20,4-5-3,4,5,3,9999.9,0.0149797389198409,148.79589122451722
4320260307030007,岐阜競輪,7R,22:50,2-4-7,2,4,7,9999.9,0.0100557840305767,99.55683472736472
8320260307030006,久留米競輪,6R,22:20,1-3-7,1,3,7,9999.9,0.0095370161120986,94.36920741937574
8320260307030001,久留米競輪,1R,20:40,2-3-7,2,3,7,9999.9,0.0091572372648319,90.57145692459298
4320260307030002,岐阜競輪,2R,21:10,5-6-3,5,6,3,9999.9,0.0077556966924366,76.55619135469726
8320260307030007,久留米競輪,7R,22:40,1-4-3,1,4,3,9999.9,0.007160155851653,70.60084250094548
4320260307030005,岐阜競輪,5R,22:10,2-3-4,2,3,4,9999.9,0.0070346331431535,69.34562796822154
8320260307030004,久留米競輪,4R,21:40,5-3-4,5,3,4,9999.9,0.0066784796681759,65.78412883379315
8320260307030008,久留米競輪,8R,23:00,3-6-5,3,6,5,9999.9,0.0062529671045615,61.52904574890527
8320260307030002,久留米競輪,2R,21:00,4-7-2,4,7,2,9999.9,0.0062466828403301,61.46620373501703
4320260307030006,岐阜競輪,6R,22:30,5-2-7,5,2,7,9999.9,0.0058395662237452,57.39507828083008
2420260309010004,宇都宮競輪,4R,12:34,4-6-1,4,6,1,9999.9,0.0058368632618923,57.3680489325975
8320260307030005,久留米競輪,5R,22:00,4-6-5,4,6,5,9999.9,0.0056775451833539,55.77488407902152
2420260309010006,宇都宮競輪,6R,13:30,4-2-3,4,2,3,9999.9,0.0055429558984897,54.4290046893076
2220260307030001,前橋競輪,1R,16:00,3-6-5,3,6,5,9999.9,0.0053712224841599,52.71168771935125
2420260309010005,宇都宮競輪,5R,13:02,2-7-4,2,7,4,9145.5,0.0053600794168297,48.02060630661674
3620260308020009,小田原競輪,9R,14:40,5-6-1,5,6,1,3340.9,0.0122104609145127,39.79392886929569
2420260309010003,宇都宮競輪,3R,12:08,1-6-5,1,6,5,5918.1,0.0068739972107226,39.68100289277782
4320260307030003,岐阜競輪,3R,21:30,5-4-3,5,4,3,9999.9,0.0039240039248177,38.23964684778505
4320260307030004,岐阜競輪,4R,21:50,6-7-5,6,7,5,9999.9,0.003751618876631,36.51581360442276
4320260307030008,岐阜競輪,8R,23:10,4-7-2,4,7,2,9999.9,0.0035795920147885,34.795562188684464
2820260307030007,立川競輪,7R,11:00,7-5-6,7,5,6,5815.0,0.005986094884519,33.80914175347838
3620260308020005,小田原競輪,5R,12:48,4-6-2,4,6,2,9999.9,0.0033308590438269,32.308257352365594
1320260309010007,いわき平競輪,7R,18:16,6-3-5,6,3,5,9999.9,0.0032759249351332,31.758921758839435
8420260309010004,武雄競輪,4R,09:50,5-6-7,5,6,7,3897.3,0.0083938803082435,31.713469725317573
3620260308020004,小田原競輪,4R,12:21,5-6-1,5,6,1,5016.4,0.0063541968792364,30.87519322500161
3620260308020012,小田原競輪,12R,16:09,6-7-4,6,7,4,9408.0,0.0032874363119909,29.9282008232113
1320260309010006,いわき平競輪,6R,17:52,5-2-6,5,2,6,5006.4,0.0056960239229664,27.51657416793945
2420260309010009,宇都宮競輪,9R,14:54,4-6-5,4,6,5,5563.7,0.0048761990308233,26.129708547791736
8420260309010001,武雄競輪,1R,08:50,5-4-6,5,4,6,2351.9,0.0108320725536036,24.475951438820346
2220260307030010,前橋競輪,10R,19:48,6-7-3,6,7,3,5705.3,0.0043005053595992,23.535673228121656
1320260309010004,いわき平競輪,4R,17:04,7-6-2,7,6,2,4611.2,0.0052589406778087,23.250027253511693
4320260307030009,岐阜競輪,9R,23:30,2-3-7,2,3,7,9999.9,0.0023892962415435,22.892723485810947
3620260308020007,小田原競輪,7R,13:44,4-5-2,4,5,2,2218.4,0.0103653049850571,21.994392578850853
3620260308020001,小田原競輪,1R,11:05,7-6-4,7,6,4,3895.8,0.0056670196457528,21.077575135923908
8420260309010006,武雄競輪,6R,10:30,1-3-2,1,3,2,2376.3,0.0088319220755094,19.98729642803316
1320260309010003,いわき平競輪,3R,16:40,4-6-5,4,6,5,4867.4,0.0042313888610404,19.59586214222826
3620260308020008,小田原競輪,8R,14:12,1-6-4,1,6,4,1456.6,0.0127466016948213,17.566700028676845
2420260309010002,宇都宮競輪,2R,11:42,1-2-5,1,2,5,2157.2,0.0083181708929266,16.94395825022142
2420260309010008,宇都宮競輪,8R,14:26,3-6-4,3,6,4,2917.9,0.005622372102038,15.40551955653684
3620260308020003,小田原競輪,3R,11:55,4-6-3,4,6,3,3504.0,0.004493579550382,14.745502744538603
3620260308020011,小田原競輪,11R,15:39,7-6-1,7,6,1,2461.1,0.0062167977434885,14.300160926499782
2820260307030001,立川競輪,1R,09:00,1-4-2,1,4,2,2562.6,0.0059676418562452,14.292679020814012
8420260309010003,武雄競輪,3R,09:30,5-6-2,5,6,2,4303.1,0.0034904579013132,14.019789395140846
1320260309010002,いわき平競輪,2R,16:16,1-6-7,1,6,7,2847.2,0.0050891179151542,13.489736528027228
8420260309010005,武雄競輪,5R,10:10,4-5-1,4,5,1,1346.4,0.0105350212461489,13.184352605814883
3620260308020010,小田原競輪,10R,15:09,2-7-6,2,7,6,1217.5,0.011576220691429,13.09404869181481
2820260307030004,立川競輪,4R,10:00,4-6-3,4,6,3,2157.0,0.0061220759724847,12.205317872649518
2820260307030003,立川競輪,3R,09:40,4-5-7,4,5,7,2041.5,0.0064631190031965,12.194457445025732
1320260309010001,いわき平競輪,1R,15:46,1-6-3,1,6,3,3401.6,0.0038498513007645,12.095654184680557
2420260309010007,宇都宮競輪,7R,13:58,4-6-2,4,6,2,1855.2,0.0068674486013779,11.740490645276296
2420260309010010,宇都宮競輪,10R,15:24,7-6-3,7,6,3,2058.0,0.0060636711177969,11.479035160426076
1320260309010011,いわき平競輪,11R,20:02,2-6-4,2,6,4,2025.8,0.0061319873375615,11.422179948432234
2220260307030005,前橋競輪,5R,17:40,6-7-2,6,7,2,8766.0,0.0013763746216323,11.065299933229127
2220260307030008,前橋競輪,8R,18:54,4-3-2,4,3,2,2351.6,0.0050114779808705,10.784991619815289
2820260307030002,立川競輪,2R,09:20,4-6-1,4,6,1,1495.7,0.0076524051780817,10.44570242485694
2220260307030003,前橋競輪,3R,16:52,5-6-2,5,6,2,2835.0,0.0040106656269384,10.370237052370417
2220260307030009,前橋競輪,9R,19:20,5-6-2,5,6,2,3744.2,0.0029836757475279,10.171478733894164
2220260307030004,前橋競輪,4R,17:16,2-7-4,2,7,4,3236.8,0.0034246230069247,10.084819748813915
3620260308020002,小田原競輪,2R,11:29,7-4-5,7,4,5,2016.1,0.005433230981656,9.953936982116826
2420260309010011,宇都宮競輪,11R,15:54,7-6-1,7,6,1,1389.4,0.007755598104292,9.775628006103402
2220260307030006,前橋競輪,6R,18:04,2-6-7,2,6,7,2848.5,0.0037372246003256,9.6454842740276
3620260308020006,小田原競輪,6R,13:16,2-3-7,2,3,7,3084.2,0.0034268318910275,9.569034918307056
1320260309010009,いわき平競輪,9R,19:07,5-6-3,5,6,3,2365.7,0.0043034100017735,9.18057704119572
2820260307030006,立川競輪,6R,10:40,5-2-6,5,2,6,1350.5,0.0074507371433529,9.062220512098174
4320260307030001,岐阜競輪,1R,20:50,6-5-1,6,5,1,926.2,0.0101401281782913,8.391786718733437
2220260307030002,前橋競輪,2R,16:24,3-5-1,3,5,1,1871.7,0.0048676901231673,8.110855603532324
8420260309010007,武雄競輪,7R,10:50,2-6-3,2,6,3,1647.5,0.0051172472982575,7.430664923879334
8420260309010002,武雄競輪,2R,09:10,5-6-3,5,6,3,794.5,0.010345449318065,7.219459483202684
2820260307030005,立川競輪,5R,10:20,6-3-5,6,3,5,1425.3,0.0055821130509129,6.956185731466235
2420260309010001,宇都宮競輪,1R,11:16,4-7-6,4,7,6,3454.9,0.0022937937388096,6.9248279882134085
8320260307030009,久留米競輪,9R,23:20,2-7-4,2,7,4,1205.0,0.0056753265138206,5.838768449153891
2220260307030007,前橋競輪,7R,18:28,3-5-1,3,5,1,2089.8,0.0031532337089576,5.589627804979742
1320260309010010,いわき平競輪,10R,19:34,4-6-1,4,6,1,687.1,0.0095735320167204,5.577973848688611
2220260307030011,前橋競輪,11R,20:16,7-4-2,7,4,2,2023.4,0.0030865428717212,5.245310846640821
1320260309010008,いわき平競輪,8R,18:41,1-6-7,1,6,7,517.9,0.0112130667067945,4.807247247448885
1320260309010005,いわき平競輪,5R,17:28,3-5-1,3,5,1,757.1,0.0064189846459112,3.859813275419372
1320260309010012,いわき平競輪,12R,20:30,6-2-7,6,2,7,1347.3,0.003231160571764,3.35334263833773
4520260310010004,豊橋競輪,4R,21:40,3-5-2,3,5,2,9999.9,0.0110166987949992,109.16588628011284
4520260310010007,豊橋競輪,7R,22:40,1-6-5,1,6,5,9999.9,0.0102498212199573,101.49718721745184
4520260310010008,豊橋競輪,8R,23:00,2-6-7,2,6,7,9999.9,0.0098982674350012,97.98168452326917
7420260310010004,高知競輪,4R,21:50,2-6-7,2,6,7,9999.9,0.0097597581430312,96.59660545449772
7420260310010007,高知競輪,7R,22:50,2-5-3,2,5,3,9999.9,0.0084250074335648,83.24923183490469
4520260310010005,豊橋競輪,5R,22:00,1-7-6,1,7,6,9999.9,0.0081126220740103,80.12540947789559
7420260310010003,高知競輪,3R,21:30,2-5-3,2,5,3,9999.9,0.0071575487584656,70.57477182978099
7420260310010008,高知競輪,8R,23:10,5-3-7,5,3,7,9999.9,0.0068244828660842,67.24414621255568
7420260310010005,高知競輪,5R,22:10,5-7-2,5,7,2,9999.9,0.0062846373810423,61.845745346685234
4520260310010006,豊橋競輪,6R,22:20,1-6-5,1,6,5,9999.9,0.0062028666432386,61.028046145722
4520260310010002,豊橋競輪,2R,21:00,2-5-6,2,5,6,9999.9,0.005938408579763,58.38349195677228
3820260310010003,静岡競輪,3R,16:51,4-7-6,4,7,6,7278.7,0.0070930334420338,50.62806251453211
7420260310010002,高知競輪,2R,21:10,3-7-6,3,7,6,9999.9,0.0048487336133597,47.48685126023612
7420260310010006,高知競輪,6R,22:30,5-7-2,5,7,2,9999.9,0.0046975296015152,45.974826262192586
7420260310010009,高知競輪,9R,23:30,6-5-7,6,5,7,9999.9,0.0038249834729181,37.24945223083393
7420260310010001,高知競輪,1R,20:50,7-1-6,7,1,6,9999.9,0.0036868859343902,35.868490655308584
7320260310010007,小松島競輪,7R,13:36,5-4-3,5,4,3,6372.6,0.005167342834516,31.929408947237185
1320260309020007,いわき平競輪,7R,18:20,4-3-2,4,3,2,4874.2,0.0067250763724238,31.779367254468227
3820260310010006,静岡競輪,6R,18:07,6-4-2,6,4,2,8095.7,0.0037554314664075,29.402846522595876
3620260308030012,小田原競輪,12R,16:21,2-6-5,2,6,5,3573.2,0.0080867275209863,27.895494777988343
7320260310010010,小松島競輪,10R,15:01,7-6-3,7,6,3,2395.7,0.0116893230434146,27.00411121510839
1320260309020006,いわき平競輪,6R,17:54,4-3-2,4,3,2,9999.9,0.0026751983670075,25.75171615023928
8420260309020005,武雄競輪,5R,10:13,1-6-5,1,6,5,4591.6,0.0053105697913853,23.38401225412486
3820260310010005,静岡競輪,5R,17:41,5-3-7,5,3,7,5735.2,0.0042462077054224,23.352850432138776
3820260310010002,静岡競輪,2R,16:27,5-6-4,5,6,4,3307.3,0.0073594880133322,23.340034706493917
8420260309020007,武雄競輪,7R,10:55,5-6-1,5,6,1,4002.2,0.0059702460804946,22.89411886335558
8420260309020001,武雄競輪,1R,08:50,7-6-1,7,6,1,1422.2,0.0161651435689922,21.990067183820805
7320260310010011,小松島競輪,11R,15:33,7-6-1,7,6,1,3992.5,0.0054640094142603,20.815057586434484
7320260310010008,小松島競輪,8R,14:03,3-7-5,3,7,5,1263.7,0.0171596218165301,20.68461408954916
3620260308030004,小田原競輪,4R,12:25,4-6-5,4,6,5,2950.2,0.0070506676435869,19.80087968211012
4520260310010001,豊橋競輪,1R,20:40,4-7-6,4,7,6,6117.7,0.0033973665994886,19.78406964569174
3820260310010004,静岡競輪,4R,17:15,1-5-2,1,5,2,2812.5,0.0072818941662897,19.480327342689783
7320260310010004,小松島競輪,4R,12:17,2-6-5,2,6,5,6118.3,0.0027008820083913,15.524806391940665
8420260309020002,武雄競輪,2R,09:10,4-5-6,4,5,6,3491.6,0.0045029288450924,14.72242635552491
7320260310010006,小松島競輪,6R,13:09,5-3-7,5,3,7,4715.7,0.003264112045296,14.39257317200268
7320260310010009,小松島競輪,9R,14:31,7-6-5,7,6,5,1498.1,0.0101793199970235,14.249639287540909
8420260309020004,武雄競輪,4R,09:52,5-2-6,5,2,6,2407.7,0.0060850992239856,13.651093401590323
3820260310010007,静岡競輪,7R,18:33,4-7-6,4,7,6,4743.7,0.0030493724641141,13.46530815801814
1320260309020010,いわき平競輪,10R,19:38,7-3-6,7,3,6,4540.2,0.0030111669923244,12.671300378551294
3820260310010010,静岡競輪,10R,19:51,4-6-2,4,6,2,1472.0,0.0090613753002198,12.33834444192368
7320260310010001,小松島競輪,1R,11:05,5-6-7,5,6,7,2915.8,0.0043774117755152,11.763657255047493
4520260310010009,豊橋競輪,9R,23:20,5-3-7,5,3,7,2537.2,0.0050012266978578,11.689112377804951
3620260308030001,小田原競輪,1R,11:13,3-4-6,3,4,6,3048.2,0.0040912724206558,11.47101659264323
1320260309020003,いわき平競輪,3R,16:39,2-7-6,2,7,6,2576.2,0.0047470102013818,11.229247680799972
3620260308030010,小田原競輪,10R,15:11,5-6-1,5,6,1,2385.0,0.0050533670386829,11.05228038725892
3620260308030007,小田原競輪,7R,13:45,7-6-5,7,6,5,1095.7,0.010569337657848,10.580823271704086
4520260310010003,豊橋競輪,3R,21:20,7-1-6,7,1,6,9999.9,0.0011416027130818,10.415912970546795
3820260310010001,静岡競輪,1R,16:03,3-1-6,3,1,6,1331.7,0.0085138558692091,10.337901861025887
3620260308030011,小田原競輪,11R,15:45,3-5-6,3,5,6,1166.3,0.0093106368860304,9.85899580017728
3620260308030008,小田原競輪,8R,14:12,5-6-2,5,6,2,1640.5,0.0062385270377216,9.234303605382427
8420260309020003,武雄競輪,3R,09:31,2-6-1,2,6,1,1080.0,0.0093579548312012,9.106591217697392
1320260309020002,いわき平競輪,2R,16:15,1-2-6,1,2,6,561.7,0.0177951568010543,8.995539575152248
7320260310010003,小松島競輪,3R,11:53,2-6-5,2,6,5,1773.9,0.0054528099772051,8.672739618564265
7320260310010005,小松島競輪,5R,12:42,1-3-7,1,3,7,1340.1,0.0070078955121448,8.391280775825306
1320260309020004,いわき平競輪,4R,17:03,5-6-2,5,6,2,1255.1,0.0072958342251944,8.157001536041557
1320260309020012,いわき平競輪,12R,20:30,6-1-4,6,1,4,3215.6,0.0028274068242671,8.091809384113304
8420260309020006,武雄競輪,6R,10:34,6-1-5,6,1,5,4034.9,0.0022303135544394,7.999092160807592
7320260310010002,小松島競輪,2R,11:29,5-6-3,5,6,3,1711.0,0.0052567020611447,7.994217226618669
1320260309020011,いわき平競輪,11R,20:04,2-6-5,2,6,5,1944.6,0.0042826203155427,7.327983465604493
3620260308030003,小田原競輪,3R,12:01,4-6-5,4,6,5,2188.0,0.0037087537628702,7.114753233160146
1320260309020001,いわき平競輪,1R,15:51,7-5-4,7,5,4,374.0,0.0208931817476941,6.814049973637595
3620260308030005,小田原競輪,5R,12:51,3-7-5,3,7,5,1007.0,0.0076349402507199,6.688384832474957
3620260308030009,小田原競輪,9R,14:41,5-6-2,5,6,2,844.8,0.0090510106003152,6.646293755146325
3620260308030006,小田原競輪,6R,13:18,4-2-6,4,2,6,1909.8,0.0038385156373401,6.330797164192157
3820260310010008,静岡競輪,8R,18:59,4-7-6,4,7,6,4196.2,0.0016687614162342,6.00245665480211
3620260308030002,小田原競輪,2R,11:37,2-7-6,2,7,6,1302.1,0.0053240782808834,5.9324823295383
1320260309020005,いわき平競輪,5R,17:28,2-3-4,2,3,4,1078.5,0.0062009620796249,5.687737602875523
1320260309020008,いわき平競輪,8R,18:46,6-1-7,6,1,7,1656.1,0.0034356366843617,4.689757912971492
7320260310010012,小松島競輪,12R,16:09,1-2-6,1,2,6,603.4,0.0093010894618372,4.612277381272604
3820260310010011,静岡競輪,11R,20:17,7-5-1,7,5,1,1114.5,0.0048217597510351,4.373851242528686
3820260310010009,静岡競輪,9R,19:25,6-5-7,6,5,7,2592.0,0.0019348220950068,4.015058870257657
1320260309020009,いわき平競輪,9R,19:12,5-3-7,5,3,7,2178.9,0.002128908423482,3.6386785639249695
7420260310020006,高知競輪,6R,22:30,1-7-6,1,7,6,9999.9,0.0120428519955709,119.42731567051
7420260310020007,高知競輪,7R,22:50,1-4-6,1,4,6,9999.9,0.0103988140527083,102.98710064567857
4520260310020006,豊橋競輪,6R,22:20,1-7-6,1,7,6,9999.9,0.0090287648664304,89.28674578781776
7420260310020004,高知競輪,4R,21:50,1-3-5,1,3,5,9999.9,0.0077797304622546,76.79652664950021
4520260310020004,豊橋競輪,4R,21:40,1-7-6,1,7,6,9999.9,0.0076878525842064,75.87775705680609
4520260310020007,豊橋競輪,7R,22:40,1-3-5,1,3,5,9999.9,0.0067807764751676,66.80708667402928
7420260310020003,高知競輪,3R,21:30,3-5-2,3,5,2,9999.9,0.0066957287011561,65.956617438691
4520260310020008,豊橋競輪,8R,23:00,4-2-7,4,2,7,9999.9,0.0060153261198603,59.15265966599191
4520260310020002,豊橋競輪,2R,21:00,5-4-1,5,4,1,9999.9,0.0059057786176834,58.057195598972825
4520260310020005,豊橋競輪,5R,22:00,4-7-6,4,7,6,9999.9,0.0054165713267642,53.16517161051004
7420260310020005,高知競輪,5R,22:10,6-5-1,6,5,1,9999.9,0.0053264158007574,52.26362536599443
7320260310020007,小松島競輪,7R,13:44,4-7-2,4,7,2,6799.3,0.0074812406601395,49.86719962048706
7420260310020008,高知競輪,8R,23:10,5-4-1,5,4,1,9999.9,0.0050020151251443,49.01965104993102
4520260310020009,豊橋競輪,9R,23:20,5-7-3,5,7,3,9999.9,0.0049670587417354,48.67009071148071
3820260310020006,静岡競輪,6R,18:04,3-7-2,3,7,2,6849.1,0.0070103928767389,47.01488185207258
4520260310020001,豊橋競輪,1R,20:40,6-5-1,6,5,1,9999.9,0.0038065819626118,37.06543896792198
7420260310020002,高知競輪,2R,21:10,4-6-5,4,6,5,9999.9,0.0036330774326498,35.33041101875479
7420260310020009,高知競輪,9R,23:30,4-7-6,4,7,6,9999.9,0.0028229439687982,27.229157393585467
1320260309030002,いわき平競輪,2R,16:16,6-5-1,6,5,1,9282.7,0.0029836548158282,26.69637255888851
3820260310020002,静岡競輪,2R,16:24,7-6-4,7,6,4,4698.1,0.005583688176874,25.23272542377193
8420260309030003,武雄競輪,3R,09:31,7-6-1,7,6,1,4676.2,0.0055156393522131,24.79223273881915
3820260310020009,静岡競輪,9R,19:20,5-6-2,5,6,2,2631.2,0.0079821170820336,20.00254646624682
3820260310020003,静岡競輪,3R,16:52,6-5-1,6,5,1,7856.9,0.00255822896677,19.09974916901576
3820260310020004,静岡競輪,4R,17:16,5-1-6,5,1,6,6293.5,0.0029042753087431,17.278056655575114
8420260309030004,武雄競輪,4R,09:52,2-6-4,2,6,4,2779.4,0.0058603250922224,15.288187561323184
1320260309030010,いわき平競輪,10R,19:34,6-5-2,6,5,2,4252.8,0.0038171703060533,15.233661877583504
1320260309030001,いわき平競輪,1R,15:46,5-6-4,5,6,4,2413.7,0.0063232534168976,14.262436772365833
1320260309030012,いわき平競輪,12R,20:30,4-6-1,4,6,1,2105.9,0.0058505424022497,11.320657244897657
4520260310020003,豊橋競輪,3R,21:20,5-4-1,5,4,1,9999.9,0.0012189765588054,11.18964369039862
8420260309030002,武雄競輪,2R,09:10,7-6-4,7,6,4,2758.1,0.0042589895871052,10.746719180195043
3820260310020005,静岡競輪,5R,17:40,6-2-4,6,2,4,4843.3,0.0024238222911047,10.739298502507683
8420260309030001,武雄競輪,1R,08:50,6-4-1,6,4,1,1384.3,0.0078889049218442,9.920611083308996
3820260310020011,静岡競輪,11R,20:16,4-7-6,4,7,6,2589.7,0.0039691893182318,9.27900957742493
7320260310020004,小松島競輪,4R,12:21,6-7-5,6,7,5,5425.2,0.0017883802660593,8.702320619424984
8420260309030005,武雄競輪,5R,10:13,5-4-6,5,4,6,2684.9,0.0035737661370311,8.59520470131496
1320260309030009,いわき平競輪,9R,19:07,7-6-1,7,6,1,1180.2,0.0081043594289863,8.564764998089656
1320260309030003,いわき平競輪,3R,16:40,1-2-7,1,2,7,1836.8,0.0052065110588508,8.563319512897202
3820260310020010,静岡競輪,10R,19:48,5-4-6,5,4,6,2269.1,0.0040744160533446,8.245257466644315
7320260310020002,小松島競輪,2R,11:29,2-7-6,2,7,6,2182.9,0.0039981291040125,7.727516021148894
1320260309030004,いわき平競輪,4R,17:04,1-6-7,1,6,7,1407.3,0.0054891485160293,6.724878706608036
1320260309030006,いわき平競輪,6R,17:52,5-6-3,5,6,3,924.6,0.0083149731574533,6.688024181381366
3820260310020007,静岡競輪,7R,18:28,7-3-6,7,3,6,1570.3,0.0048513111166218,6.618013846431329
8420260309030007,武雄競輪,7R,10:55,7-6-2,7,6,2,4047.7,0.0018166107463651,6.353095318062186
1320260309030011,いわき平競輪,11R,20:02,7-2-6,7,2,6,1895.6,0.0038162734449148,6.234127942180501
1320260309030008,いわき平競輪,8R,18:41,4-5-6,4,5,6,1342.0,0.0053111838796199,6.127608766449913
1320260309030007,いわき平競輪,7R,18:16,6-1-5,6,1,5,1661.4,0.0035859355229627,4.957673277850375
8420260309030006,武雄競輪,6R,10:34,4-7-6,4,7,6,1799.0,0.0033100855006242,4.954843815623041
7420260310020001,高知競輪,1R,20:50,1-6-5,1,6,5,418.8,0.0137107179169392,4.742048663614157
7320260310020003,小松島競輪,3R,11:55,5-6-2,5,6,2,1300.8,0.004268003933879,4.551819517189856
7320260310020005,小松島競輪,5R,12:48,5-6-1,5,6,1,1219.5,0.0037591230911279,3.584250609630522
3820260310020001,静岡競輪,1R,16:00,4-6-3,4,6,3,555.3,0.0062166810961539,2.452123012694284
3820260310020008,静岡競輪,8R,18:54,5-3-6,5,3,6,210.6,0.0132132170005532,1.782703500316508
7320260310020006,小松島競輪,6R,13:16,1-7-4,1,7,4,556.9,0.0045992544845062,1.561324822421541
1320260309030005,いわき平競輪,5R,17:28,2-6-7,2,6,7,464.4,0.0051082239456423,1.3722592003563192
7320260310020001,小松島競輪,1R,11:05,3-6-1,3,6,1,301.8,0.0068045836440235,1.0536233437663198
4520260310030002,豊橋競輪,2R,21:00,2-5-3,2,5,3,9999.9,0.0108580653354828,107.57956754829448
4520260310030007,豊橋競輪,7R,22:40,4-3-5,4,3,5,9999.9,0.0105990048920725,104.98898902023645
7420260310030003,高知競輪,3R,21:30,5-1-2,5,1,2,9999.9,0.0103901539224383,102.90050020899128
7420260310030002,高知競輪,2R,21:10,1-5-6,1,5,6,9999.9,0.0091365456011223,90.364542356663
4520260310030004,豊橋競輪,4R,21:40,4-7-5,4,7,5,9999.9,0.0073431878773332,72.43114445454458
4520260310030006,豊橋競輪,6R,22:20,4-7-1,4,7,1,9999.9,0.0070052050117815,69.05134959731424
5520260312010006,和歌山競輪,6R,10:34,3-6-4,3,6,4,9999.9,0.0068749710752261,67.74902325515356
7420260310030004,高知競輪,4R,21:50,3-5-4,3,5,4,9999.9,0.0068033386392205,67.03270605834126
4520260310030005,豊橋競輪,5R,22:00,4-7-2,4,7,2,9999.9,0.0063479875425583,62.47924062682912
2420260309040006,宇都宮競輪,6R,13:30,1-6-3,1,6,3,8381.0,0.0075445399427577,62.23078926025292
7420260310030005,高知競輪,5R,22:10,3-4-6,3,4,6,9999.9,0.0058657098757085,57.65651218609803
3820260310030002,静岡競輪,2R,16:25,3-6-4,3,6,4,3854.0,0.014396402292454,54.48373443511792
7420260310030007,高知競輪,7R,22:50,2-4-3,2,4,3,9999.9,0.0053505467630501,52.50493257582482
4520260310030003,豊橋競輪,3R,21:20,2-5-3,2,5,3,9999.9,0.0050848463241497,49.84795475686493
3820260310030010,静岡競輪,10R,19:45,3-4-6,3,4,6,9426.5,0.0053429941451784,49.36573430952443
2620260312010003,西武園競輪,3R,16:36,4-5-6,4,5,6,6667.5,0.0072849816163074,47.57261492672974
4520260310030008,豊橋競輪,8R,23:00,4-5-7,4,5,7,9269.2,0.0047202989676282,42.75339519073939
2620260312010002,西武園競輪,2R,16:15,1-6-5,1,6,5,6303.1,0.0065844603336519,40.502511929041454
5520260312010007,和歌山競輪,7R,10:55,2-6-4,2,6,4,9999.9,0.0039176132303169,38.17574054184681
2320260312010011,取手競輪,11R,15:12,5-4-1,5,4,1,9999.9,0.0037095047616524,36.094676666048215
4520260310030009,豊橋競輪,9R,23:20,7-4-2,7,4,2,9999.9,0.0035374609731556,34.37425598545952
7420260310030008,高知競輪,8R,23:10,6-3-7,6,3,7,9999.9,0.0034007741161166,33.007401083754715
2420260309040010,宇都宮競輪,10R,15:24,3-7-6,3,7,6,8542.2,0.0039001528713503,32.315885857649135
2320260312010010,取手競輪,10R,14:45,5-8-4,5,8,4,7426.1,0.0041072451622852,29.500813299646836
2620260312010001,西武園競輪,1R,15:45,6-7-3,6,7,3,9999.9,0.0029871812208641,28.8715134905194
5520260312010005,和歌山競輪,5R,10:13,5-4-2,5,4,2,8763.7,0.0033021341944814,27.938913440176982
2420260309040008,宇都宮競輪,8R,14:26,6-4-7,6,4,7,9165.1,0.0028701998305496,25.305668466971053
3820260310030009,静岡競輪,9R,19:17,4-6-5,4,6,5,2182.8,0.0117883865245757,24.73169010584401
5520260312010004,和歌山競輪,4R,09:52,5-6-4,5,6,4,9999.9,0.0024746576432443,23.746328966678867
2320260312010004,取手競輪,4R,12:13,5-9-4,5,9,4,6820.5,0.0034417814996963,22.47467071867917
2320260312010006,取手競輪,6R,13:00,7-9-6,7,9,6,9999.9,0.0022304939300084,21.30471625069124
2620260312010010,西武園競輪,10R,19:31,6-5-9,6,5,9,9999.9,0.0021982728715027,20.9825088877402
2320260312010007,取手競輪,7R,13:25,2-4-3,2,4,3,3976.0,0.0055194076437561,20.945164791574523
2320260312010012,取手競輪,12R,15:40,1-9-4,1,9,4,5571.4,0.0037263261058878,19.76085326634345
2620260312010004,西武園競輪,4R,16:59,6-2-9,6,2,9,9875.9,0.0020131317612296,18.881487960728208
2420260309040002,宇都宮競輪,2R,11:42,2-6-1,2,6,1,1485.9,0.0124405412451064,17.485400236103608
2320260312010008,取手競輪,8R,13:51,8-4-9,8,4,9,7840.9,0.0023427422592635,17.36920778065954
2620260312010008,西武園競輪,8R,18:38,3-6-8,3,6,8,4856.2,0.0037397880744845,17.16115884731204
2420260309040009,宇都宮競輪,9R,14:54,3-6-4,3,6,4,3322.6,0.005351628950977,16.78132235251618
5520260312010003,和歌山競輪,3R,09:31,6-7-5,6,7,5,4668.1,0.0037914974396906,16.699089198219774
2320260312010002,取手競輪,2R,11:27,7-4-5,7,4,5,3872.7,0.0045613027427426,16.664557131819368
2320260312010005,取手競輪,5R,12:36,8-4-9,8,4,9,9999.9,0.0017551511011277,16.551335496167304
4520260310030001,豊橋競輪,1R,20:40,3-7-6,3,7,6,3402.7,0.0048125692444637,15.375729368136728
2420260309040003,宇都宮競輪,3R,12:08,3-6-5,3,6,5,1191.4,0.0128891884503021,14.356179119689958
7420260310030001,高知競輪,1R,20:50,4-3-2,4,3,2,1449.7,0.0105558572582274,14.302826267252335
3820260310030006,静岡競輪,6R,17:59,7-6-5,7,6,5,4773.0,0.0028903096145209,12.79544779010828
2620260312010009,西武園競輪,9R,19:04,1-4-6,1,4,6,3380.8,0.0040581586607268,12.719822800185312
2320260312010003,取手競輪,3R,11:50,2-6-8,2,6,8,6418.7,0.0020079198048325,11.888234851278868
5520260312010001,和歌山競輪,1R,08:50,3-6-1,3,6,1,3860.6,0.0032930861163481,11.713288260773504
2420260309040004,宇都宮競輪,4R,12:34,4-5-7,4,5,7,4059.6,0.0031183235530572,11.6591462959911
2320260312010009,取手競輪,9R,14:18,1-5-4,1,5,4,4754.2,0.0026099820935869,11.408376869330906
2320260312010001,取手競輪,1R,11:05,5-4-8,5,4,8,8226.6,0.0014801029077272,11.176214580709194
2420260309040005,宇都宮競輪,5R,13:02,2-6-4,2,6,4,1195.1,0.010185951560066,11.173230709434929
7420260310030009,高知競輪,9R,23:30,4-6-7,4,6,7,3369.0,0.0034596502961857,10.65556184784973
2620260312010006,西武園競輪,6R,17:47,7-6-5,7,6,5,3663.7,0.0029963631998155,9.97777585516408
2420260309040011,宇都宮競輪,11R,15:54,4-6-7,4,6,7,1746.4,0.0055209939990216,8.641863919891346
2620260312010005,西武園競輪,5R,17:23,2-4-3,2,4,3,1884.8,0.0050379319529425,8.495494144906136
3820260310030011,静岡競輪,11R,20:15,4-6-7,4,6,7,2371.9,0.0038856617239228,8.216401042972521
2620260312010012,西武園競輪,12R,20:30,6-5-1,6,5,1,3831.1,0.0023354627860143,7.947391479499558
3820260310030003,静岡競輪,3R,16:47,7-2-6,7,2,6,3122.8,0.0027560963411851,7.606737654253099
3820260310030004,静岡競輪,4R,17:11,2-7-5,2,7,5,3411.7,0.0024919110817512,7.501653037610668
2620260312010011,西武園競輪,11R,20:00,9-8-4,9,8,4,4474.9,0.0018257421433028,7.170013517065911
3820260310030001,静岡競輪,1R,15:55,1-6-5,1,6,5,491.6,0.0161401972534757,6.934520969808703
2620260312010007,西武園競輪,7R,18:12,1-6-3,1,6,3,1601.1,0.0047655174743553,6.630070028190357
5520260312010002,和歌山競輪,2R,09:10,5-3-4,5,3,4,2509.1,0.0026641877908908,5.684713586124297
3820260310030008,静岡競輪,8R,18:51,4-2-3,4,2,3,951.4,0.0066808841072656,5.356193139652499
2420260309040007,宇都宮競輪,7R,13:58,7-6-4,7,6,4,1865.9,0.0031501939136574,4.877946823493403
3820260310030007,静岡競輪,7R,18:25,6-1-7,6,1,7,1417.1,0.0040884494938538,4.793741777740319
7420260310030006,高知競輪,6R,22:30,2-7-6,2,7,6,773.2,0.0070779829858432,4.472696444654002
3820260310030005,静岡競輪,5R,17:35,2-4-7,2,4,7,1464.7,0.0033338297845535,3.88306048543562
2420260309040001,宇都宮競輪,1R,11:16,2-1-3,2,1,3,221.7,0.0136319005383919,2.022192349361499
7520260313010008,松山競輪,8R,23:10,2-7-6,2,7,6,9999.9,0.0095487422411695,94.48646753747131
4420260313010005,大垣競輪,5R,22:00,5-2-7,5,2,7,9999.9,0.0094567450354394,93.56650467989051
4420260313010004,大垣競輪,4R,21:40,7-5-4,7,5,4,9999.9,0.0080578516034132,79.57771024897217
7520260313010003,松山競輪,3R,21:30,2-6-4,2,6,4,9999.9,0.0075357280953272,74.35652738046319
4420260313010002,大垣競輪,2R,21:00,4-6-2,4,6,2,9999.9,0.0073809491567163,72.8087534722479
4420260313010003,大垣競輪,3R,21:20,5-7-2,5,7,2,9999.9,0.0067343824275391,66.34315083714863
4420260313010007,大垣競輪,7R,22:40,3-4-2,3,4,2,9999.9,0.0067190556632749,66.18988472718293
4420260313010008,大垣競輪,8R,23:00,2-6-4,2,6,4,9999.9,0.0066357429456505,65.35676588221078
7520260313010005,松山競輪,5R,22:10,6-7-1,6,7,1,9999.9,0.0065596221753589,64.59556579137148
7520260313010007,松山競輪,7R,22:50,2-6-4,2,6,4,9999.9,0.0064615758228524,63.615112070942345
7520260313010001,松山競輪,1R,20:50,3-7-2,3,7,2,9999.9,0.0063846409858355,62.84577139425719
6220260313010006,広島競輪,6R,17:59,7-4-6,7,4,6,9999.9,0.0060070752058176,59.07015135065542
7520260313010006,松山競輪,6R,22:30,2-7-6,2,7,6,9999.9,0.005963463544323,58.63403909687637
7520260313010002,松山競輪,2R,21:10,3-7-1,3,7,1,9999.9,0.0057699813733467,56.69923673533035
4420260313010006,大垣競輪,6R,22:20,5-3-1,5,3,1,9999.9,0.0055702515349556,54.70195832440272
7520260313010004,松山競輪,4R,21:50,3-7-6,3,7,6,9999.9,0.0055214842578356,54.21429042993103
2620260312020002,西武園競輪,2R,16:15,3-7-2,3,7,2,7179.1,0.0071586516001657,50.39267570274991
5520260312020007,和歌山競輪,7R,10:55,1-6-4,1,6,4,4885.6,0.0095769318151216,45.78905807595824
6220260313010007,広島競輪,7R,18:25,1-7-6,1,7,6,7564.5,0.005803199565496,42.898303113194665
2620260312020003,西武園競輪,3R,16:36,7-1-3,7,1,3,5822.4,0.0073287660246434,41.67100730188404
2320260312020012,取手競輪,12R,15:40,2-4-9,2,4,9,7527.5,0.0050356986115558,36.90622129848702
6220260313010003,広島競輪,3R,16:47,4-3-2,4,3,2,3293.0,0.0096135702623632,30.657486873962284
6220260313010004,広島競輪,4R,17:11,7-4-3,7,4,3,9198.4,0.0034331216918703,30.579226570499912
6220260313010005,広島競輪,5R,17:35,4-2-3,4,2,3,7306.2,0.0039880017453249,28.13713835169278
2320260312020005,取手競輪,5R,12:36,1-4-8,1,4,8,5447.7,0.0047635995855966,24.95066146245508
2620260312020001,西武園競輪,1R,15:45,7-5-4,7,5,4,4162.8,0.0060540962564379,24.20199189630005
2620260312020011,西武園競輪,11R,20:00,9-6-4,9,6,4,7019.7,0.003544231611531,23.87944264346472
5520260312020005,和歌山競輪,5R,10:13,1-6-5,1,6,5,5861.8,0.0042224373379243,23.751083187444895
4420260313010009,大垣競輪,9R,23:20,5-7-2,5,7,2,9999.9,0.0024495135174274,23.49489022292249
6220260313010002,広島競輪,2R,16:25,4-5-2,4,5,2,3222.5,0.007512416761264,23.208763013173492
5520260312020006,和歌山競輪,6R,10:34,5-6-7,5,6,7,9591.8,0.0025195134856458,23.16666945161743
2620260312020010,西武園競輪,10R,19:31,6-4-2,6,4,2,7149.4,0.0032482325806229,22.22291401190564
5520260312020003,和歌山競輪,3R,09:31,1-6-2,1,6,2,5198.1,0.0043899629989486,21.81946666483512
6220260313010008,広島競輪,8R,18:51,4-5-6,4,5,6,5115.7,0.0044233992304765,21.628783443348976
5520260312020004,和歌山競輪,4R,09:52,3-7-6,3,7,6,4433.7,0.0043368053932296,18.228094071962342
6220260313010009,広島競輪,9R,19:17,1-7-6,1,7,6,2503.5,0.0075356549308295,17.86551211933174
2320260312020010,取手競輪,10R,14:45,3-4-5,3,4,5,7861.0,0.0023241411931458,17.27007391931986
2620260312020009,西武園競輪,9R,19:04,3-8-4,3,8,4,9637.7,0.0017725826055229,16.08361937724829
2620260312020012,西武園競輪,12R,20:30,8-4-5,8,4,5,8560.9,0.0018934938243098,15.210011280534022
2320260312020008,取手競輪,8R,13:51,9-6-4,9,6,4,9046.2,0.0017470858413565,14.804487938079278
2320260312020001,取手競輪,1R,11:05,1-6-4,1,6,4,2656.5,0.005792403816099,14.387520737467243
2320260312020011,取手競輪,11R,15:12,3-8-1,3,8,1,6122.5,0.0023997236316277,13.692307934640786
2620260312020004,西武園競輪,4R,16:59,6-4-5,6,4,5,8552.1,0.0016383280979182,13.01114572620646
2320260312020002,取手競輪,2R,11:27,8-4-5,8,4,5,5887.0,0.0023246490915319,12.685209201848483
2320260312020006,取手競輪,6R,13:00,7-4-8,7,4,8,3797.1,0.0033493241487293,11.717718725140143
6220260313010001,広島競輪,1R,15:55,2-7-1,2,7,1,3638.1,0.0034842276732628,11.67596869809774
2320260312020003,取手競輪,3R,11:50,1-4-3,1,4,3,2001.4,0.0061651774838791,11.338986216235826
2320260312020007,取手競輪,7R,13:25,9-6-4,9,6,4,5125.7,0.0023453988244656,11.02181075456372
2620260312020005,西武園競輪,5R,17:23,5-4-8,5,4,8,3883.5,0.0029138104959672,10.315783061088744
2320260312020009,取手競輪,9R,14:18,7-4-5,7,4,5,4202.7,0.0025654777080442,9.7819331635976
2620260312020007,西武園競輪,7R,18:12,4-1-9,4,1,9,3866.8,0.002782452218894,9.759186240019606
2620260312020008,西武園競輪,8R,18:38,3-8-4,3,8,4,2955.2,0.003560091513123,9.520782439581094
6220260313010010,広島競輪,10R,19:45,6-7-1,6,7,1,9999.9,0.0010487945470487,9.48784059103292
2320260312020004,取手競輪,4R,12:13,2-4-5,2,4,5,2260.8,0.0045849950714956,9.365756857637257
2620260312020006,西武園競輪,6R,17:47,6-5-8,6,5,8,4949.1,0.0019422913443038,8.612594092094266
4420260313010001,大垣競輪,1R,20:40,2-5-7,2,5,7,3378.0,0.0026294779838462,7.882376629432635
6220260313010011,広島競輪,11R,20:15,7-4-2,7,4,2,1199.5,0.006572694877914,6.883947506057952
5520260312020002,和歌山競輪,2R,09:10,6-4-3,6,4,3,1099.0,0.0063123520722461,5.937274927398539
7520260313010009,松山競輪,9R,23:30,4-7-5,4,7,5,1777.8,0.0035828760381337,5.369637020594231
4420260313030007,大垣競輪,7R,22:40,3-4-2,3,4,2,9999.9,0.0092849331525052,91.84840303173736
4420260313030003,大垣競輪,3R,21:20,2-7-5,2,7,5,9999.9,0.0083702232420969,82.70139539864483
4420260313030006,大垣競輪,6R,22:20,5-4-1,5,4,1,9999.9,0.0081135434150863,80.13462279652158
4420260313030005,大垣競輪,5R,22:00,2-3-4,2,3,4,9999.9,0.0066411538554865,65.41087443947966
7520260313030003,松山競輪,3R,21:30,4-6-2,4,6,2,9999.9,0.0066039770031176,65.03910963347637
7520260313030001,松山競輪,1R,20:50,2-7-6,2,7,6,9999.9,0.0065448539246479,64.44788476108657
5320260314020006,奈良競輪,6R,13:08,1-6-5,1,6,5,9999.9,0.0061333005945342,60.33239261528308
7520260313030005,松山競輪,5R,22:10,5-6-7,5,6,7,9999.9,0.0057535803390349,56.53522803231577
7520260313030006,松山競輪,6R,22:30,3-5-2,3,5,2,9999.9,0.0055380290733057,54.37973693015014
7520260313030007,松山競輪,7R,22:50,5-2-3,5,2,3,9999.9,0.0046822280046226,45.82181182342637
6220260313030010,広島競輪,10R,19:45,6-5-2,6,5,2,9999.9,0.00438988096495,42.89837066140402
7520260313030004,松山競輪,4R,21:50,4-2-3,4,2,3,9999.9,0.0043422852886035,42.42241865750692
7520260313030008,松山競輪,8R,23:10,3-7-4,3,7,4,9999.9,0.0043246415170337,42.245982706185664
4420260313030008,大垣競輪,8R,23:00,5-4-6,5,4,6,9999.9,0.0040509295905903,39.50889081294413
4420260313030004,大垣競輪,4R,21:40,2-6-7,2,6,7,9999.9,0.0039300147767204,38.299754765726334
8720260314020006,熊本競輪,7R,10:55,2-6-1,2,6,1,9090.2,0.0038586715760847,34.07609636092524
5320260314020003,奈良競輪,3R,11:57,3-7-1,3,7,1,5431.3,0.0059460728222515,31.29490531949457
4320260314020010,岐阜競輪,10R,15:03,2-6-7,2,6,7,2575.9,0.0117990491794268,29.39317078128568
8720260314020001,熊本競輪,2R,09:10,1-6-3,1,6,3,3667.3,0.0079478339794696,28.1470915529092
2320260312040009,取手競輪,9R,14:18,6-4-5,6,4,5,9999.9,0.0028970397753922,27.97010804994463
2320260312040012,取手競輪,12R,15:40,9-4-5,9,4,5,9179.6,0.0029829300409868,26.38210460424319
2320260312040011,取手競輪,11R,15:12,7-4-9,7,4,9,7849.9,0.0034844523726187,26.35260267981977
4320260314020011,岐阜競輪,11R,15:30,5-6-4,5,6,4,3952.4,0.0069149995974416,26.330844408928428
5320260314020005,奈良競輪,5R,12:43,5-3-4,5,3,4,3678.3,0.0064147375316731,22.59532906275338
2620260312040004,西武園競輪,4R,16:59,2-4-8,2,4,8,6118.4,0.0036223936713055,21.16325343851606
6220260313030003,広島競輪,3R,16:47,2-5-3,2,5,3,4395.6,0.004985985300626,20.916396987431902
2620260312040011,西武園競輪,11R,20:00,5-3-4,5,3,4,4333.4,0.0050206878349516,20.75664866397951
4320260314020001,岐阜競輪,1R,11:19,5-7-6,5,7,6,1290.5,0.0163516283812367,20.101776425986078
8720260314020004,熊本競輪,5R,10:13,5-6-4,5,6,4,4677.0,0.0043378718062887,19.28822643801228
4320260314020005,岐阜競輪,5R,12:51,7-6-1,7,6,1,7070.4,0.0028077074721834,18.8516149113262
2620260312040012,西武園競輪,12R,20:30,3-8-7,3,8,7,5040.1,0.0039101809147548,18.70770282845573
5320260314020011,奈良競輪,11R,15:21,7-4-6,7,4,6,3643.9,0.0053890952881839,18.637324320613576
5320260314020001,奈良競輪,1R,11:12,5-6-1,5,6,1,3811.4,0.0050182633199894,18.126608817807803
8720260314020005,熊本競輪,6R,10:34,1-6-5,1,6,5,5051.2,0.0037364286308081,17.873448299938012
2620260312040003,西武園競輪,3R,16:36,5-8-4,5,8,4,3045.2,0.0061749120298943,17.803842113434378
5320260314020008,奈良競輪,8R,14:00,4-5-6,4,5,6,3440.8,0.0053018952344952,17.24276112285141
2620260312040002,西武園競輪,2R,16:15,5-2-6,5,2,6,5378.3,0.0032543666137915,16.502959958955277
4320260314020006,岐阜競輪,6R,13:16,5-4-2,5,4,2,1495.1,0.0113960705809544,16.038265125585028
6220260313030005,広島競輪,5R,17:35,5-6-4,5,6,4,4219.7,0.0040262948944353,15.98975656604884
5320260314020004,奈良競輪,4R,12:20,1-2-5,1,2,5,4758.5,0.0032307963693002,14.373744523315157
5320260314020007,奈良競輪,7R,13:33,2-3-4,2,3,4,3493.3,0.0043762738328485,14.287637380289764
8720260314020003,熊本競輪,4R,09:52,7-6-1,7,6,1,3561.5,0.0042696235624939,14.206264317822129
7520260313030002,松山競輪,2R,21:10,3-6-4,3,6,4,9999.9,0.0015141766475955,14.141615058290832
2320260312040010,取手競輪,10R,14:45,8-2-1,8,2,1,4196.3,0.0034641120008346,13.536453189102463
2320260312040008,取手競輪,8R,13:51,3-4-2,3,4,2,2242.2,0.0063986158083736,13.346976365535324
6220260313030011,広島競輪,11R,20:15,1-6-5,1,6,5,3619.0,0.0038176141320866,12.815945544021751
6220260313030006,広島競輪,6R,17:59,6-2-7,6,2,7,6863.2,0.001941651028215,12.32593933684536
6220260313030007,広島競輪,7R,18:25,6-1-4,6,1,4,9999.9,0.0012542913467984,11.542788038850274
6220260313030009,広島競輪,9R,19:17,7-5-6,7,5,6,1703.1,0.0070119897584228,10.942119757569875
6220260313030008,広島競輪,8R,18:51,6-4-7,6,4,7,9999.9,0.0011710066801555,10.70994970088759
6220260313030001,広島競輪,1R,15:55,5-1-3,5,1,3,1166.2,0.0094366490549673,10.00502012790294
4320260314020007,岐阜競輪,7R,13:42,4-6-7,4,6,7,1793.8,0.0061304897360377,9.996872488504604
4320260314020002,岐阜競輪,2R,11:42,1-6-4,1,6,4,2481.4,0.0044018617018411,9.922779626948625
2320260312040006,取手競輪,6R,13:00,5-8-4,5,8,4,6537.1,0.0016708077577995,9.922237393511752
2620260312040008,西武園競輪,8R,18:38,5-8-4,5,8,4,2797.7,0.0038710584368552,9.830060188789847
2320260312040003,取手競輪,3R,11:50,2-7-1,2,7,1,1296.8,0.0081214919307149,9.531950735751105
6220260313030004,広島競輪,4R,17:11,3-6-4,3,6,4,1821.3,0.0056978722437579,9.377534717556284
5320260314020009,奈良競輪,9R,14:27,5-6-3,5,6,3,1237.5,0.007998417923353,8.89804218014935
8720260314020002,熊本競輪,3R,09:31,1-6-7,1,6,7,2326.7,0.0042094515119948,8.794130832958505
2320260312040007,取手競輪,7R,13:25,1-5-2,1,5,2,1763.1,0.0054460408955575,8.60191470295758
2320260312040004,取手競輪,4R,12:13,9-6-7,9,6,7,3185.4,0.0028847978965415,8.189235219643436
2320260312040005,取手競輪,5R,12:36,7-6-4,7,6,4,5051.8,0.0017850790643444,8.017862417255515
2620260312040001,西武園競輪,1R,15:45,2-4-6,2,4,6,2962.5,0.00294678327334,7.729845447269989
4320260314020009,岐阜競輪,9R,14:36,1-7-6,1,7,6,1145.4,0.007468131747363,7.553998103429633
4320260314020004,岐阜競輪,4R,12:28,2-6-7,2,6,7,1309.5,0.0064993926079264,7.510954620079625
4420260313030009,大垣競輪,9R,23:20,2-4-7,2,4,7,1964.0,0.004325100990122,7.494498344599767
2320260312040002,取手競輪,2R,11:27,6-8-5,6,8,5,5011.5,0.0016309315821775,7.173413624082739
5320260314020002,奈良競輪,2R,11:34,2-4-5,2,4,5,1840.0,0.0044283708454682,7.148202355661509
2620260312040005,西武園競輪,5R,17:23,6-5-8,6,5,8,6124.9,0.0012798959379572,6.8392346303946185
5320260314020010,奈良競輪,10R,14:54,3-6-7,3,6,7,2344.0,0.0033025406586144,6.741155303792304
2620260312040010,西武園競輪,10R,19:31,9-5-6,9,5,6,3933.4,0.0018964514809633,6.45950225522125
2620260312040009,西武園競輪,9R,19:04,3-6-8,3,6,8,3231.3,0.0021377867212744,5.9078302324541125
2320260312040001,取手競輪,1R,11:05,6-4-7,6,4,7,2026.3,0.0033894021822757,5.867945641945425
2620260312040007,西武園競輪,7R,18:12,2-4-9,2,4,9,2426.9,0.0027659442556405,5.712670114014068
4320260314020012,岐阜競輪,12R,16:05,4-6-7,4,6,7,1661.0,0.0039548103467735,5.568939985990827
6220260313030002,広島競輪,2R,16:25,4-6-7,4,6,7,1006.5,0.0063870369505971,5.428552690776004
4320260314020008,岐阜競輪,8R,14:09,2-4-3,2,4,3,545.3,0.0109028692247294,4.945334588244988
4420260313030002,大垣競輪,2R,21:00,4-6-2,4,6,2,1131.7,0.0049300858365634,4.579378141238865
2620260312040006,西武園競輪,6R,17:47,3-4-5,3,4,5,1735.3,0.0031742337891919,4.508247894384748
4420260313030001,大垣競輪,1R,20:40,5-3-4,5,3,4,187.0,0.0190133172691542,2.555490329331845
3120260316010005,松戸競輪,5R,22:10,1-3-7,1,3,7,9999.9,0.0124165027694151,123.16378604387477
4320260314030002,岐阜競輪,2R,11:37,7-6-5,7,6,5,7496.8,0.0118656513459557,87.95441501036117
3120260316010004,松戸競輪,4R,21:50,2-7-5,2,7,5,9999.9,0.0088412217933889,87.41133381171058
3120260316010008,松戸競輪,8R,23:10,2-7-3,2,7,3,9999.9,0.0078788431263677,77.78764337936435
7420260316010007,高知競輪,7R,22:40,4-7-1,4,7,1,9999.9,0.0070891384207262,69.8906752934209
7420260316010008,高知競輪,8R,23:00,2-7-4,2,7,4,9999.9,0.0068136884846664,67.1362034778157
3120260316010003,松戸競輪,3R,21:30,2-7-6,2,7,6,9999.9,0.0064245543783286,63.24490132784817
7420260316010002,高知競輪,2R,21:00,2-7-3,2,7,3,8266.5,0.0075632782756677,61.52183986580769
3120260316010007,松戸競輪,7R,22:50,2-7-6,2,7,6,9999.9,0.0059188345843679,58.187753960220974
7420260316010006,高知競輪,6R,22:20,6-2-7,6,2,7,9999.9,0.0051835139528307,50.834621176912336
3120260316010001,松戸競輪,1R,20:50,3-7-4,3,7,4,7330.5,0.0069982831063426,50.30091431104451
3620260316010004,小田原競輪,4R,12:17,7-5-6,7,5,6,9999.9,0.0049601439600332,48.60094358593656
3120260316010006,松戸競輪,6R,22:30,4-3-6,4,3,6,9999.9,0.0047748093732749,46.74761625181234
7420260316010005,高知競輪,5R,22:00,5-6-3,5,6,3,9999.9,0.0047018915719494,46.01844553033682
5320260314030010,奈良競輪,10R,15:21,3-4-2,3,4,2,9999.9,0.0045072175623037,44.07172490128163
3120260316010009,松戸競輪,9R,23:30,3-5-4,3,5,4,9999.9,0.0043097101626176,42.09667065515999
7420260316010001,高知競輪,1R,20:40,7-3-2,7,3,2,9668.2,0.0042799714949439,40.37962040741668
3120260316010002,松戸競輪,2R,21:10,2-7-4,2,7,4,5997.7,0.0068386973833979,40.01645529640574
7420260316010004,高知競輪,4R,21:40,5-6-1,5,6,1,9999.9,0.0038175284971491,37.17490321864134
3620260316010002,小田原競輪,2R,11:29,4-6-1,4,6,1,3289.6,0.008230787709786,26.07599925011212
5320260314030004,奈良競輪,4R,12:33,5-6-4,5,6,4,3332.5,0.0079197956185449,25.39271889880111
6120260316010003,玉野競輪,3R,16:51,7-6-4,7,6,4,4832.2,0.0050722347072289,23.510052552271794
8720260314030002,熊本競輪,2R,09:10,2-6-1,2,6,1,3944.1,0.0061679961556035,23.327193637315947
3620260316010012,小田原競輪,12R,16:09,5-7-4,5,7,4,2441.5,0.00922667361565,21.526923632609478
8720260314030004,熊本競輪,4R,09:52,2-6-1,2,6,1,2002.4,0.0107965396515784,20.618990998320704
6120260316010004,玉野競輪,4R,17:15,1-6-5,1,6,5,3672.2,0.005809074990012,20.332085178322348
5320260314030007,奈良競輪,7R,13:54,7-6-5,7,6,5,4751.9,0.0044436001362593,20.11554348749084
3620260316010003,小田原競輪,3R,11:53,4-6-7,4,6,7,3138.2,0.0061715641213059,18.367602525482315
3620260316010001,小田原競輪,1R,11:05,5-6-7,5,6,7,3933.4,0.0048813440818592,18.200278811585267
3620260316010011,小田原競輪,11R,15:33,3-6-4,3,6,4,4367.0,0.0041853046961504,17.277225608089186
6120260316010011,玉野競輪,11R,20:05,4-6-7,4,6,7,3114.3,0.0056499516981071,16.595644573415182
3620260316010008,小田原競輪,8R,14:03,4-6-2,4,6,2,2363.0,0.0069617913451633,15.450712948621003
3620260316010006,小田原競輪,6R,13:09,3-6-5,3,6,5,5211.4,0.0031214169667339,15.266952380437058
4320260314030001,岐阜競輪,1R,11:13,7-6-2,7,6,2,1499.4,0.0107650823243564,15.141164437140125
5320260314030008,奈良競輪,8R,14:21,2-7-5,2,7,5,3112.2,0.0050736183292487,14.790114964287875
8720260314030005,熊本競輪,5R,10:13,3-6-7,3,6,7,3281.8,0.0048064785452778,14.773901289892738
8720260314030007,熊本競輪,7R,10:55,3-6-2,3,6,2,2788.6,0.0052180588678005,13.55107895874861
8720260314030001,熊本競輪,1R,08:50,2-6-4,2,6,4,692.4,0.0209132753793716,13.480351872676923
3620260316010010,小田原競輪,10R,15:01,5-6-4,5,6,4,2497.6,0.0057173022427725,13.279534081548825
4320260314030005,岐阜競輪,5R,12:51,1-6-5,1,6,5,1468.6,0.009503321816066,12.956578419074546
3620260316010009,小田原競輪,9R,14:31,6-3-5,6,3,5,4622.7,0.0030116024101846,12.921734461560536
5320260314030003,奈良競輪,3R,12:09,4-3-6,4,3,6,2222.5,0.006085989791472,12.526112311546672
7420260316010003,高知競輪,3R,21:20,7-1-4,7,1,4,9999.9,0.0013431676874948,12.43154255818015
5320260314030009,奈良競輪,9R,14:51,3-7-6,3,7,6,3106.3,0.0042740049724628,12.276341645961203
6120260316010002,玉野競輪,2R,16:27,7-6-4,7,6,4,3180.3,0.0041362946655411,12.154657924820604
8720260314030006,熊本競輪,6R,10:34,4-7-6,4,7,6,2870.3,0.0044852307761882,11.873957896893174
8720260314030003,熊本競輪,3R,09:31,1-6-4,1,6,4,1497.8,0.0085068542538587,11.74156630142966
6120260316010009,玉野競輪,9R,19:15,4-6-5,4,6,5,1558.0,0.008172069177195,11.732083778069832
4320260314030010,岐阜競輪,10R,15:11,4-5-6,4,5,6,1826.5,0.006599880602816,11.054681921043583
7420260316010009,高知競輪,9R,23:20,4-7-3,4,7,3,3266.2,0.0036121726254369,10.798078229202115
4320260314030012,岐阜競輪,12R,16:21,3-6-2,3,6,2,2579.6,0.0045732556366634,10.797170240337092
5320260314030011,奈良競輪,11R,15:57,7-3-4,7,3,4,1182.7,0.0098174257933684,10.611069485816811
4320260314030009,岐阜競輪,9R,14:41,7-6-4,7,6,4,1071.8,0.010070925683319,9.794018147381404
4320260314030007,岐阜競輪,7R,13:45,2-6-4,2,6,4,1232.8,0.0087471324443112,9.783464877346924
5320260314030005,奈良競輪,5R,13:00,4-1-3,4,1,3,2687.5,0.0038347824238237,9.305977764026297
6120260316010008,玉野競輪,8R,18:51,3-6-4,3,6,4,1264.4,0.0078779520486061,8.960882570257587
6120260316010010,玉野競輪,10R,19:40,4-6-5,4,6,5,1261.8,0.0076828042903871,8.69416245361045
4320260314030008,岐阜競輪,8R,14:12,7-6-2,7,6,2,2955.3,0.0032251162665743,8.531186102607062
4320260314030004,岐阜競輪,4R,12:25,3-6-2,3,6,2,2419.7,0.0038474674951449,8.309717098002144
5320260314030006,奈良競輪,6R,13:27,4-7-6,4,7,6,2104.5,0.0040501892886597,7.523623357984409
3620260316010007,小田原競輪,7R,13:36,7-4-6,7,4,6,2003.2,0.0042284001075127,7.470331095369593
4320260314030003,岐阜競輪,3R,12:01,4-6-2,4,6,2,2944.1,0.0027143463770535,6.991307168683262
6120260316010012,玉野競輪,12R,20:30,5-4-6,5,4,6,1782.0,0.0043012031595962,6.664744030400584
5320260314030001,奈良競輪,1R,11:21,1-2-5,1,2,5,1538.0,0.0047928092197712,6.37134058000814
6120260316010007,玉野競輪,7R,18:27,6-4-5,6,4,5,3481.5,0.0020773918074145,6.232439577513892
6120260316010006,玉野競輪,6R,18:03,7-6-3,7,6,3,2231.2,0.0030238483949086,5.74681053872017
4320260314030006,岐阜競輪,6R,13:18,1-3-4,1,3,4,1585.6,0.0041892670888429,5.642501896069381
6120260316010001,玉野競輪,1R,16:03,3-6-2,3,6,2,816.0,0.0081275229533696,5.632058729949618
6120260316010005,玉野競輪,5R,17:39,2-4-6,2,4,6,1084.0,0.0050366742528572,4.4597548900972495
5320260314030002,奈良競輪,2R,11:45,5-3-2,5,3,2,447.7,0.0114739184083196,4.136873271404718
3620260316010005,小田原競輪,5R,12:42,3-4-2,3,4,2,1303.3,0.0038876616976293,4.066789490520359
4320260314030011,岐阜競輪,11R,15:45,3-7-6,3,7,6,546.3,0.00710794549875,2.883070625967155
3120260316020004,松戸競輪,4R,21:50,1-5-6,1,5,6,9999.9,0.0166387631014581,165.38596713827084
7420260316020006,高知競輪,6R,22:20,1-4-3,1,4,3,9999.9,0.0148864700426869,147.86321177986508
3120260316020006,松戸競輪,6R,22:30,1-7-4,1,7,4,9999.9,0.0119296487050066,118.29529408519552
7420260316020007,高知競輪,7R,22:40,1-7-4,1,7,4,9999.9,0.0101934592410143,100.93357306421964
3120260316020005,松戸競輪,5R,22:10,1-4-3,1,4,3,9999.9,0.0100462547024251,99.46154239878123
3620260316020005,小田原競輪,5R,12:50,7-6-4,7,6,4,9461.1,0.0092812196096785,86.81054684912984
7420260316020003,高知競輪,3R,21:20,2-7-6,2,7,6,9999.9,0.0077738662936041,76.73788554941191
3120260316020008,松戸競輪,8R,23:10,3-7-1,3,7,1,9999.9,0.0075403494607964,74.40274057301875
7420260316020005,高知競輪,5R,22:00,2-4-1,2,4,1,9999.9,0.0069580335550112,68.57963974675664
3120260316020002,松戸競輪,2R,21:10,2-4-7,2,4,7,9999.9,0.0064097463842154,63.09682286751624
7420260316020001,高知競輪,1R,20:40,2-5-6,2,5,6,8541.7,0.0070933132819883,59.58895406076032
3120260316020003,松戸競輪,3R,21:30,4-6-7,4,6,7,9999.9,0.0060457579284573,59.45697470878097
7420260316020002,高知競輪,2R,21:00,2-6-5,2,6,5,9999.9,0.0060048479456249,59.04787897145529
7420260316020008,高知競輪,8R,23:00,4-6-5,4,6,5,9999.9,0.0056087898062321,55.08733718334125
7420260316020004,高知競輪,4R,21:40,6-2-5,6,2,5,9999.9,0.0054913111520443,53.9125623893287
3120260316020007,松戸競輪,7R,22:50,5-1-6,5,1,6,9999.9,0.0051732765747052,50.73224841939519
7420260316020009,高知競輪,9R,23:20,4-6-5,4,6,5,9999.9,0.004218059134014,41.18016953422691
3120260316020009,松戸競輪,9R,23:30,5-3-7,5,3,7,9999.9,0.0035967190596265,34.966830924359094
2420260317010005,宇都宮競輪,5R,13:04,6-4-5,6,4,5,7694.7,0.0044226800945352,33.03119652342002
2420260317010006,宇都宮競輪,6R,13:32,7-3-2,7,3,2,7733.6,0.0042994332168511,32.25009672584009
3620260316020012,小田原競輪,12R,16:10,3-7-6,3,7,6,5506.0,0.0057570829099794,30.69849850234663
5520260317010006,和歌山競輪,6R,10:34,3-7-6,3,7,6,5479.6,0.0056846311949508,30.149505095852597
2420260317010004,宇都宮競輪,4R,12:36,4-6-2,4,6,2,6710.5,0.0046235707443221,30.026471479773623
2420260317010010,宇都宮競輪,10R,15:24,3-6-5,3,6,5,9999.9,0.0029285927819788,28.285634960510716
2420260317010003,宇都宮競輪,3R,12:08,5-4-2,5,4,2,5657.3,0.0047546324491929,25.898382154819227
4220260317010011,名古屋競輪,11R,19:51,6-7-5,6,7,5,9999.9,0.0025427464463782,24.427210189137543
5520260317010004,和歌山競輪,4R,09:52,7-6-4,7,6,4,6077.9,0.0040278217818704,23.480698008030608
3120260316020001,松戸競輪,1R,20:50,3-7-1,3,7,1,3685.5,0.0062986115211231,22.213532761099263
4220260317010002,名古屋競輪,2R,16:18,5-6-1,5,6,1,3847.6,0.0060284883379939,22.195211729265505
2420260317010009,宇都宮競輪,9R,14:56,1-6-4,1,6,4,3048.6,0.0072324398385047,21.048816091665493
5520260317010003,和歌山競輪,3R,09:31,7-6-5,7,6,5,3205.1,0.0067508536668954,20.63716108776674
5520260317010002,和歌山競輪,2R,09:10,3-6-4,3,6,4,2260.5,0.0089907794369268,19.32365691717309
4220260317010010,名古屋競輪,10R,19:26,7-5-6,7,5,6,3040.6,0.0064502631502825,18.612670134748992
2420260317010008,宇都宮競輪,8R,14:28,7-6-2,7,6,2,7443.7,0.0026199329393784,18.501994820851188
3620260316020004,小田原競輪,4R,12:22,7-1-3,7,1,3,3624.6,0.0053395575037349,18.35376012803786
3620260316020011,小田原競輪,11R,15:39,1-6-4,1,6,4,3285.5,0.0056329382260393,17.507018541652176
2420260317010001,宇都宮競輪,1R,11:16,3-6-7,3,6,7,2459.2,0.0073039278393424,16.961819342510946
6120260316020012,玉野競輪,12R,20:30,1-5-6,1,5,6,2625.2,0.0067153915910323,16.629246004777993
4220260317010009,名古屋競輪,9R,19:02,2-6-4,2,6,4,1881.7,0.0092838663241257,16.469451262107413
3620260316020002,小田原競輪,2R,11:29,6-7-1,6,7,1,2551.4,0.0068004490799529,16.350665782591964
6120260316020004,玉野競輪,4R,17:14,1-6-5,1,6,5,2745.7,0.0061626168125837,15.92069698231117
6120260316020005,玉野競輪,5R,17:38,6-4-1,6,4,1,5932.8,0.0026999613210113,15.018330525295909
4220260317010004,名古屋競輪,4R,17:02,2-6-7,2,6,7,3185.8,0.0049559318327879,14.788607632895992
4220260317010008,名古屋競輪,8R,18:38,5-6-7,5,6,7,1729.8,0.0085778644341932,13.837989898267544
4220260317010001,名古屋競輪,1R,15:47,5-6-7,5,6,7,2096.8,0.007017152043784,13.713564405406313
3620260316020003,小田原競輪,3R,11:55,5-6-7,5,6,7,4549.5,0.0032274098277872,13.683101011518264
2420260317010007,宇都宮競輪,7R,14:00,7-6-4,7,6,4,2792.5,0.0052556956523631,13.676530109224167
4220260317010003,名古屋競輪,3R,16:38,2-6-5,2,6,5,3291.7,0.0044094681953252,13.51464645855214
3620260316020009,小田原競輪,9R,14:42,3-5-6,3,5,6,1095.3,0.0131622938831889,13.416660490256866
5520260317010007,和歌山競輪,7R,10:55,7-6-4,7,6,4,2315.1,0.0059896563264029,12.866653361255572
6120260316020002,玉野競輪,2R,16:26,1-7-6,1,7,6,2215.3,0.0060192818123769,12.334514998958753
6120260316020001,玉野競輪,1R,16:02,1-6-5,1,6,5,1787.7,0.0074156715554751,12.256996039722926
4220260317010007,名古屋競輪,7R,18:14,2-6-7,2,6,7,1016.9,0.0126839223938013,11.898280682256612
3620260316020010,小田原競輪,10R,15:10,5-6-7,5,6,7,1526.1,0.0081469937461412,11.433127155986163
5520260317010005,和歌山競輪,5R,10:13,3-6-4,3,6,4,3540.0,0.0034923908932079,11.363063761956242
2420260317010002,宇都宮競輪,2R,11:42,5-6-2,5,6,2,2630.7,0.0046189730375254,11.151132369818116
3620260316020008,小田原競輪,8R,14:14,5-6-4,5,6,4,2856.1,0.0042225600902655,11.06005387380756
3620260316020001,小田原競輪,1R,11:05,5-6-4,5,6,4,1131.3,0.0106334825534655,11.029658812735578
6120260316020011,玉野競輪,11R,20:04,5-6-7,5,6,7,1507.7,0.0075871277461417,10.439112502857895
3620260316020007,小田原競輪,7R,13:46,4-6-3,4,6,3,3701.3,0.0030043487775753,10.119996130439803
4220260317010006,名古屋競輪,6R,17:50,3-6-5,3,6,5,1251.3,0.008807895781027,10.021319990799112
5520260317010001,和歌山競輪,1R,08:50,7-4-6,7,4,6,3373.8,0.0030784555360212,9.386093287428352
2420260317010011,宇都宮競輪,11R,15:54,5-1-6,5,1,6,1038.8,0.0095088937302345,8.877838806967691
6120260316020010,玉野競輪,10R,19:38,4-5-7,4,5,7,1051.6,0.0085016658644817,7.940351823089024
6120260316020003,玉野競輪,3R,16:50,6-4-1,6,4,1,6816.6,0.0012380139099114,7.439045618302229
3620260316020006,小田原競輪,6R,13:18,7-2-6,7,2,6,1269.7,0.005914321900295,6.509414516804579
4220260317010012,名古屋競輪,12R,20:17,1-4-6,1,4,6,868.5,0.008122317302264,6.054232577016338
6120260316020008,玉野競輪,8R,18:50,3-7-6,3,7,6,2448.2,0.0027330011729047,5.690933471505372
6120260316020007,玉野競輪,7R,18:26,5-4-6,5,4,6,607.3,0.0098372585192422,4.974167098735839
6120260316020009,玉野競輪,9R,19:14,7-6-4,7,6,4,1301.2,0.0044762641082394,4.824514857641189
4220260317010005,名古屋競輪,5R,17:26,4-1-7,4,1,7,760.7,0.0074918193666017,4.699026992173981
6120260316020006,玉野競輪,6R,18:02,1-2-5,1,2,5,439.9,0.0112329741433245,3.94138532564846
7420260316030004,高知競輪,4R,21:40,1-7-6,1,7,6,9999.9,0.0124901951484268,123.90070246475372
3120260316030004,松戸競輪,4R,21:50,1-4-7,1,4,7,9999.9,0.0119162233907356,118.16104228501791
7420260316030002,高知競輪,2R,21:00,1-7-6,1,7,6,9999.9,0.0094352342035494,93.3513985120744
3120260316030003,松戸競輪,3R,21:30,2-7-6,2,7,6,9999.9,0.0072121945728561,71.12122450910395
3120260316030007,松戸競輪,7R,22:50,2-4-6,2,4,6,9999.9,0.0068337684920926,67.33700154407728
7420260316030005,高知競輪,5R,22:00,1-7-6,1,7,6,9999.9,0.0059822607291768,58.82200906569593
3120260316030005,松戸競輪,5R,22:10,1-7-6,1,7,6,9999.9,0.0058328158486619,57.32757520503446
3120260316030002,松戸競輪,2R,21:10,3-5-7,3,5,7,9999.9,0.0054168538171543,53.16799648616146
7420260316030008,高知競輪,8R,23:00,4-5-7,4,5,7,9999.9,0.0053382365409587,52.381831585933305
3120260316030006,松戸競輪,6R,22:30,2-6-4,2,6,4,9999.9,0.0048296013170062,47.29553020993104
7420260316030006,高知競輪,6R,22:20,7-1-3,7,1,3,9999.9,0.0045881782628748,44.88132381092234
3120260316030008,松戸競輪,8R,23:10,5-2-7,5,2,7,9999.9,0.00442091159709,43.20867387974054
7420260316030003,高知競輪,3R,21:20,3-7-6,3,7,6,9999.9,0.0042465116939652,41.46469228848311
2420260317020006,宇都宮競輪,6R,13:32,2-3-7,2,3,7,9142.0,0.0041918362857061,37.32176732392573
2420260317020005,宇都宮競輪,5R,13:04,5-3-7,5,3,7,5739.3,0.0059874615563075,33.36383811011603
3120260316030001,松戸競輪,1R,20:50,6-1-7,6,1,7,7658.2,0.0040353249306418,29.90332538384118
7420260316030001,高知競輪,1R,20:40,6-4-1,6,4,1,9057.7,0.0033007436907592,28.897146127789743
2420260317020010,宇都宮競輪,10R,15:24,5-6-4,5,6,4,2951.9,0.0096484663764466,27.481307896632813
3620260316030011,小田原競輪,11R,15:39,7-2-6,7,2,6,3485.1,0.0079421338580337,26.679130708633345
3620260316030001,小田原競輪,1R,11:05,5-4-6,5,4,6,3301.6,0.0079869897111745,25.36984523041389
3120260316030009,松戸競輪,9R,23:30,5-6-1,5,6,1,4343.2,0.00525007870396,21.80214182703941
3620260316030004,小田原競輪,4R,12:22,1-5-3,1,5,3,2332.4,0.0096618710854324,21.535348119662743
2420260317020008,宇都宮競輪,8R,14:28,2-3-6,2,3,6,4830.0,0.0045010350668152,20.73999937271753
2420260317020011,宇都宮競輪,11R,15:54,6-5-4,6,5,4,9051.6,0.0023875568681499,20.61120974774622
6120260316030010,玉野競輪,10R,19:38,4-6-1,4,6,1,3006.9,0.007140166299802,20.4697660468747
4220260317020001,名古屋競輪,1R,15:47,6-3-5,6,3,5,5376.0,0.0039332991914619,20.145416453299564
5520260317020002,和歌山競輪,2R,09:10,7-4-6,7,4,6,3572.8,0.0058327591722645,19.83928197066664
2420260317020003,宇都宮競輪,3R,12:08,5-7-6,5,7,6,3839.3,0.0053566915246919,19.56594577074998
6120260316030012,玉野競輪,12R,20:30,3-4-7,3,4,7,2761.8,0.0071250570917908,18.677982676108
6120260316030001,玉野競輪,1R,16:02,5-6-4,5,6,4,2461.8,0.0079009609756664,18.450585729895685
3620260316030002,小田原競輪,2R,11:29,5-6-4,5,6,4,3627.1,0.0052809474767008,18.154524592741584
3620260316030005,小田原競輪,5R,12:50,3-6-4,3,6,4,2806.1,0.006612807145662,17.556198131442237
4220260317020002,名古屋競輪,2R,16:18,6-4-2,6,4,2,4580.4,0.0039575548489598,17.127184230175608
4220260317020004,名古屋競輪,4R,17:02,3-6-7,3,6,7,1963.0,0.0080293147672613,14.761544888134038
5520260317020007,和歌山競輪,7R,10:55,7-1-3,7,1,3,3517.5,0.0043548991804037,14.31835786707009
2420260317020004,宇都宮競輪,4R,12:36,4-6-7,4,6,7,4816.7,0.0030723597231034,13.798635078272609
3620260316030012,小田原競輪,12R,16:10,4-5-3,4,5,3,2344.5,0.0061705811733175,13.46692756084298
7420260316030007,高知競輪,7R,22:40,6-4-2,6,4,2,9999.9,0.0013824210904747,12.824072662638194
5520260317020004,和歌山競輪,4R,09:52,5-6-2,5,6,2,5196.8,0.0025034131876405,12.009737653530223
4220260317020005,名古屋競輪,5R,17:26,1-6-2,1,6,2,1112.0,0.0115930003888712,11.891416432424815
4220260317020003,名古屋競輪,3R,16:38,7-6-1,7,6,1,3696.4,0.0034345919648014,11.695625738692238
3620260316030010,小田原競輪,10R,15:10,7-6-2,7,6,2,966.1,0.0126277088002833,11.19962947195373
2420260317020009,宇都宮競輪,9R,14:56,2-6-4,2,6,4,3207.9,0.0035878780809042,10.509554095732677
4220260317020010,名古屋競輪,10R,19:26,3-6-5,3,6,5,2729.5,0.0041730578575874,10.390361422284926
4220260317020011,名古屋競輪,11R,19:51,7-4-2,7,4,2,5702.6,0.0019351273159483,10.035257031927133
3620260316030009,小田原競輪,9R,14:42,5-6-1,5,6,1,1057.8,0.0103993442653574,10.00042636389515
4220260317020012,名古屋競輪,12R,20:17,3-6-4,3,6,4,1019.6,0.0103970622980841,9.600844719126648
6120260316030003,玉野競輪,3R,16:50,2-7-3,2,7,3,2957.8,0.003512998036258,9.390745591643975
6120260316030005,玉野競輪,5R,17:38,7-6-4,7,6,4,1691.0,0.0060132255009268,9.168364322067358
5520260317020005,和歌山競輪,5R,10:13,4-6-5,4,6,5,1485.3,0.0067755782152955,9.063766323178434
6120260316030002,玉野競輪,2R,16:26,4-3-6,4,3,6,1842.6,0.0053547613098854,8.866683189594886
7420260316030009,高知競輪,9R,23:20,2-5-6,2,5,6,2283.3,0.0043189975977536,8.86156721495094
3620260316030003,小田原競輪,3R,11:55,1-6-7,1,6,7,2086.3,0.004695604641399,8.79643996335089
3620260316030006,小田原競輪,6R,13:18,5-2-6,5,2,6,827.2,0.01147251191434,8.490061855542056
4220260317020009,名古屋競輪,9R,19:02,5-6-2,5,6,2,1067.8,0.0087296934705199,8.321566687821214
2420260317020001,宇都宮競輪,1R,11:16,5-3-4,5,3,4,522.1,0.0165443971051522,7.637829728600009
5520260317020006,和歌山競輪,6R,10:34,1-6-7,1,6,7,2445.5,0.0034959444923505,7.549332256043236
6120260316030006,玉野競輪,6R,18:02,2-5-1,2,5,1,1270.2,0.0066449969499793,7.44047512586371
6120260316030011,玉野競輪,11R,20:04,3-7-2,3,7,2,2433.6,0.0034425991197632,7.377909217855741
4220260317020007,名古屋競輪,7R,18:14,5-6-1,5,6,1,662.2,0.0121754520772055,7.06258436552551
3620260316030007,小田原競輪,7R,13:46,5-1-2,5,1,2,1270.4,0.006122953864054,6.778600588894253
6120260316030009,玉野競輪,9R,19:14,3-4-2,3,4,2,2811.3,0.0027248084370516,6.660253959083205
6120260316030008,玉野競輪,8R,18:50,6-4-1,6,4,1,931.0,0.0072990362813249,5.795402777913501
2420260317020002,宇都宮競輪,2R,11:42,2-6-1,2,6,1,1223.5,0.0055438283299671,5.782873961714774
4220260317020008,名古屋競輪,8R,18:38,1-6-4,1,6,4,766.6,0.0086253446855305,5.61218923592773
5520260317020001,和歌山競輪,1R,08:50,4-1-5,4,1,5,1022.9,0.0063840132946878,5.530207199136242
2420260317020007,宇都宮競輪,7R,14:00,3-4-1,3,4,1,2121.3,0.0030261087685965,5.41928453082391
3620260316030008,小田原競輪,8R,14:14,3-1-4,3,1,4,910.0,0.0063449385865785,4.773894113786525
6120260316030007,玉野競輪,7R,18:26,5-4-6,5,4,6,1741.7,0.0031756636402499,4.531053362223406
5520260317020003,和歌山競輪,3R,09:31,3-7-6,3,7,6,818.1,0.0062668258719217,4.126890245819179
6120260316030004,玉野競輪,4R,17:14,5-6-1,5,6,1,807.9,0.0055110336877125,3.452364116302961
4220260317020006,名古屋競輪,6R,17:50,2-6-4,2,6,4,218.2,0.0171723304210525,2.747002497873661
8420260319010004,武雄競輪,4R,21:50,1-7-6,1,7,6,9999.9,0.0116527302385641,115.52613711261776
1320260319010006,いわき平競輪,6R,22:20,4-2-7,4,2,7,9999.9,0.0104587108555485,103.58606268439944
8420260319010006,武雄競輪,6R,22:30,4-7-2,4,7,2,9999.9,0.0097426196054728,96.42522179276756
1320260319010004,いわき平競輪,4R,21:40,1-7-6,1,7,6,9999.9,0.0097038551350709,96.0375809651955
1320260319010008,いわき平競輪,8R,23:00,2-7-4,2,7,4,9999.9,0.0094988630728759,93.98768084245228
8420260319010007,武雄競輪,7R,22:50,1-7-6,1,7,6,9999.9,0.0091354638900367,90.35372535397846
8420260319010002,武雄競輪,2R,21:10,4-5-3,4,5,3,9999.9,0.0084450865171104,83.45002066245284
1320260319010007,いわき平競輪,7R,22:40,4-2-7,4,2,7,9999.9,0.0083350198821789,82.34936531980136
8420260319010003,武雄競輪,3R,21:30,1-7-6,1,7,6,9999.9,0.0083036218206835,82.03538784465296
8420260319010001,武雄競輪,1R,20:50,1-7-3,1,7,3,9999.9,0.0082360173737997,81.35935013625974
1320260319010005,いわき平競輪,5R,22:00,2-7-4,2,7,4,9999.9,0.0080983975099794,79.9831652600435
1320260319010001,いわき平競輪,1R,20:40,2-7-4,2,7,4,9999.9,0.007391942521385,72.91868601959875
1320260319010002,いわき平競輪,2R,21:00,2-7-6,2,7,6,9999.9,0.006443560201927,63.43495766325074
8420260319010008,武雄競輪,8R,23:10,2-5-6,2,5,6,9999.9,0.0062544868595171,61.54424314648544
1320260319010003,いわき平競輪,3R,21:20,4-3-6,4,3,6,9999.9,0.0060871233865565,59.87062515322712
8420260319010005,武雄競輪,5R,22:10,7-3-2,7,3,2,9999.9,0.006009817798578,59.09757700400077
2320260319010007,取手競輪,7R,11:00,1-6-7,1,6,7,9999.9,0.0050308160739279,49.30765765767239
8120260319010003,小倉競輪,3R,16:50,6-4-5,6,4,5,9999.9,0.0049449257349707,48.44876285713364
2320260319010006,取手競輪,6R,10:40,5-6-7,5,6,7,8814.3,0.0054811981170084,47.312924562747526
2420260317030002,宇都宮競輪,2R,11:20,7-5-6,7,5,6,6326.1,0.0076199215906873,47.20438597484718
2320260319010003,取手競輪,3R,09:40,5-4-7,5,4,7,4455.1,0.0105368436203401,45.94269201297755
2320260319010001,取手競輪,1R,09:00,3-6-2,3,6,2,2972.7,0.0140404867085515,40.73815483851107
8120260319010004,小倉競輪,4R,17:14,5-6-4,5,6,4,6407.1,0.0064930764802383,40.60179031653544
1320260319010009,いわき平競輪,9R,23:20,6-5-7,6,5,7,9999.9,0.0040390577280897,39.39017337512455
8120260319010005,小倉競輪,5R,17:38,5-3-4,5,3,4,5487.3,0.0069152365482432,36.945977511175286
2320260319010005,取手競輪,5R,10:20,7-4-2,7,4,2,2351.9,0.0148588921005733,33.946628331338445
8420260319010009,武雄競輪,9R,23:30,4-3-5,4,3,5,9999.9,0.0033293845428313,32.29351248985917
2320260319010004,取手競輪,4R,10:00,2-7-4,2,7,4,9095.4,0.0036588102055686,32.27834234372885
8120260319010002,小倉競輪,2R,16:21,6-4-1,6,4,1,9999.9,0.0029882122424248,28.88182360302456
8120260319010001,小倉競輪,1R,15:57,7-6-4,7,6,4,8785.5,0.0032147915964844,27.2435515709139
4220260317030001,名古屋競輪,1R,15:42,6-4-3,6,4,3,5586.5,0.0049890619528337,26.87139459950556
8120260319010006,小倉競輪,6R,18:02,3-2-1,3,2,1,9999.9,0.0025660391626345,24.660135022429472
8120260319010007,小倉競輪,7R,18:26,6-4-5,6,4,5,9999.9,0.0024963431255401,23.96318162108873
6320260319010010,防府競輪,10R,15:15,6-2-4,6,2,4,9999.9,0.0024243265039566,23.24302260691564
8120260319010010,小倉競輪,10R,19:45,3-2-1,3,2,1,3615.0,0.0065510504648466,22.68204743042057
8120260319010008,小倉競輪,8R,18:51,6-4-5,6,4,5,9999.9,0.0023227694677334,22.22746240038755
6320260319010001,防府競輪,1R,10:45,3-4-2,3,4,2,5866.4,0.0039484574470258,22.163230767232303
2420260317030010,宇都宮競輪,10R,15:30,3-5-6,3,5,6,7116.2,0.0028662889034895,19.397085095012034
6320260319010004,防府競輪,4R,12:05,3-5-4,3,5,4,7140.3,0.0027972063424002,18.97289244664032
6320260319010009,防府競輪,9R,14:40,3-4-9,3,4,9,5108.7,0.0038604968344651,18.722120178231958
2420260317030004,宇都宮競輪,4R,12:20,2-1-6,2,1,6,7159.2,0.0026940008340168,18.28689077089361
5520260317030006,和歌山競輪,6R,10:30,4-3-6,4,3,6,2035.8,0.0093294554574079,17.99290542019102
6320260319010008,防府競輪,8R,14:05,3-5-4,3,5,4,4850.0,0.0034591681613602,15.776965582596985
6320260319010011,防府競輪,11R,15:50,7-5-1,7,5,1,4271.4,0.0038604619003855,15.489576961307016
5520260317030002,和歌山競輪,2R,09:10,7-6-4,7,6,4,2812.5,0.0056074150343404,14.77085478408243
2420260317030008,宇都宮競輪,8R,14:20,1-6-4,1,6,4,1618.7,0.0096914039811403,14.687475624271883
6320260319010007,防府競輪,7R,13:35,9-4-7,9,4,7,3552.4,0.0042767928424901,14.192878893661875
4220260317030007,名古屋競輪,7R,18:14,6-4-3,6,4,3,9999.9,0.0015089773803904,14.089622906166191
6320260319010005,防府競輪,5R,12:35,5-4-1,5,4,1,5976.7,0.0025174813190687,14.04623059967801
5520260317030007,和歌山競輪,7R,10:50,7-6-5,7,6,5,3686.2,0.0039651756146916,13.61643035087623
2320260319010002,取手競輪,2R,09:20,1-4-2,1,4,2,1529.9,0.0092738902566908,13.188124703711347
8120260319010009,小倉競輪,9R,19:17,6-3-5,6,3,5,9999.9,0.0013443937608246,12.443803168870565
6320260319010012,防府競輪,12R,16:30,8-4-3,8,4,3,9999.9,0.0012644077879625,11.643951438847152
2420260317030007,宇都宮競輪,7R,13:50,4-5-2,4,5,2,2921.0,0.0040783151649374,10.91275859678227
2420260317030009,宇都宮競輪,9R,14:55,5-2-3,5,2,3,3599.0,0.0032970870244594,10.866216201029482
5520260317030005,和歌山競輪,5R,10:10,4-6-3,4,6,3,2878.9,0.0040873369424251,10.767034323547634
4220260317030009,名古屋競輪,9R,19:04,7-6-3,7,6,3,2429.0,0.0047992025089326,10.657262894197473
6320260319010003,防府競輪,3R,11:35,6-5-1,6,5,1,9491.9,0.0011609359837343,10.019488264007803
2420260317030006,宇都宮競輪,6R,13:20,1-6-7,1,6,7,1053.3,0.0104601340872163,10.017659234064936
4220260317030002,名古屋競輪,2R,16:13,7-1-6,7,1,6,1616.4,0.0064767420368132,9.46900582830498
2420260317030011,宇都宮競輪,11R,16:05,2-3-1,2,3,1,1368.7,0.0075622128059156,9.35040066745675
2420260317030005,宇都宮競輪,5R,12:50,7-4-5,7,4,5,1954.2,0.005257651884874,9.274503313420784
5520260317030003,和歌山競輪,3R,09:30,7-3-2,7,3,2,1141.3,0.0088898347012467,9.145968344532864
5520260317030001,和歌山競輪,1R,08:50,2-6-7,2,6,7,1785.8,0.0056576027703855,9.103347027354491
8120260319010011,小倉競輪,11R,20:15,5-6-7,5,6,7,1637.6,0.0058566633049134,8.590871828126183
4220260317030003,名古屋競輪,3R,16:38,7-6-5,7,6,5,1908.7,0.0047836803570089,8.130610697422956
4220260317030008,名古屋競輪,8R,18:38,2-3-6,2,3,6,2416.5,0.0036966928491135,7.933058269882933
4220260317030004,名古屋競輪,4R,17:02,2-6-3,2,6,3,3187.2,0.0027365394318529,7.721898477201647
4220260317030010,名古屋競輪,10R,19:31,6-7-3,6,7,3,3746.4,0.0023214230778969,7.696979419032974
6320260319010006,防府競輪,6R,13:05,6-5-3,6,5,3,6241.9,0.0013791302162338,7.608392896710324
4220260317030011,名古屋競輪,11R,20:00,2-6-5,2,6,5,1531.2,0.0054775519888845,7.3872276053799695
4220260317030005,名古屋競輪,5R,17:26,5-6-1,5,6,1,820.2,0.0100294272376688,7.226136220335961
2420260317030001,宇都宮競輪,1R,10:55,3-4-6,3,4,6,1360.1,0.0058974447230393,7.021114567805785
6320260319010002,防府競輪,2R,11:10,6-5-7,6,5,7,4863.8,0.0016387535473444,6.970569503574002
4220260317030006,名古屋競輪,6R,17:50,7-5-6,7,5,6,681.2,0.0108121621480087,6.3652448552235805
5520260317030004,和歌山競輪,4R,09:50,3-7-6,3,7,6,2257.5,0.0027970888330692,5.314428040653744
2420260317030003,宇都宮競輪,3R,11:50,2-4-3,2,4,3,984.9,0.0055667726544674,4.482714387384984
4220260317030012,名古屋競輪,12R,20:30,1-7-6,1,7,6,1293.0,0.0041025676606199,4.3046199851815405
1320260319020005,いわき平競輪,5R,22:00,5-6-1,5,6,1,9999.9,0.0117966393706337,116.96521404240023
8420260319020005,武雄競輪,5R,22:10,6-5-2,6,5,2,9999.9,0.011012845841157,109.12735712698684
8420260319020002,武雄競輪,2R,21:10,1-6-5,1,6,5,9999.9,0.0108603444998267,107.60235896381768
1320260319020008,いわき平競輪,8R,23:00,1-6-5,1,6,5,9999.9,0.008712347703301,86.12260579823989
8420260319020004,武雄競輪,4R,21:50,2-5-6,2,5,6,9999.9,0.0086101476388835,85.10061537407192
1320260319020007,いわき平競輪,7R,22:40,5-1-6,5,1,6,9999.9,0.0082230839311597,81.23001700320481
8420260319020007,武雄競輪,7R,22:50,2-7-4,2,7,4,9999.9,0.0076613839244959,75.61307310656689
1320260319020006,いわき平競輪,6R,22:20,4-7-2,4,7,2,9999.9,0.0073655013733367,72.65427718323014
1320260319020004,いわき平競輪,4R,21:40,5-4-7,5,4,7,9999.9,0.0069515189611955,68.51449446005923
8420260319020009,武雄競輪,9R,23:30,2-7-6,2,7,6,9999.9,0.006495390219186,63.95325265283852
8420260319020006,武雄競輪,6R,22:30,3-5-4,3,5,4,9999.9,0.0062089635850993,61.08901495463503
1320260319020009,いわき平競輪,9R,23:20,2-7-4,2,7,4,9999.9,0.0060946423538266,59.94581407403113
8420260319020008,武雄競輪,8R,23:10,5-3-2,5,3,2,9999.9,0.0058034033875341,57.03345353500262
1320260319020003,いわき平競輪,3R,21:20,5-7-2,5,7,2,9999.9,0.0057729260165408,56.72868287280733
8420260319020003,武雄競輪,3R,21:30,5-7-2,5,7,2,9999.9,0.0056002256982076,55.00169695950637
8720260320010004,熊本競輪,4R,12:12,3-5-6,3,5,6,9999.9,0.0050207396325573,49.20689425160997
1320260319020002,いわき平競輪,2R,21:00,1-7-5,1,7,5,5379.7,0.0086344015159607,45.45048983541397
8420260319020001,武雄競輪,1R,20:50,6-5-4,6,5,4,9999.9,0.0045809901699201,44.80944360018458
8720260320010007,熊本競輪,7R,13:42,7-5-1,7,5,1,6577.7,0.006874014311057,44.21520393383975
8120260319020006,小倉競輪,6R,18:06,7-1-2,7,1,2,5818.3,0.007611659333264,43.28691749873001
2320260319020007,取手競輪,7R,10:55,4-6-3,4,6,3,8654.0,0.0047054405709752,39.72088270122015
2320260319020002,取手競輪,2R,09:10,7-6-2,7,6,2,5858.3,0.0067978350475917,38.82375705930694
8120260319020005,小倉競輪,5R,17:42,4-6-3,4,6,3,5298.1,0.0074223696893899,38.32445685135664
8720260320010006,熊本競輪,6R,13:12,4-5-3,4,5,3,6324.7,0.0058645308951417,36.09139855250272
8120260319020011,小倉競輪,11R,20:16,5-6-7,5,6,7,9999.9,0.0036740848435993,35.740481027509475
6320260319020008,防府競輪,8R,14:05,5-4-1,5,4,1,8846.0,0.0035250321815063,30.18243467760505
8720260320010002,熊本競輪,2R,11:23,3-4-6,3,4,6,4850.8,0.006073765517402,28.46262177181369
2220260320010002,前橋競輪,2R,16:16,5-6-7,5,6,7,3216.9,0.0090489646899898,28.10961451122826
1320260319020001,いわき平競輪,1R,20:40,6-4-1,6,4,1,7450.5,0.0038153605808954,27.42634400796172
8720260320010011,熊本競輪,11R,15:35,1-6-5,1,6,5,4229.5,0.0066188688392419,26.994505755573982
8120260319020009,小倉競輪,9R,19:22,1-6-5,1,6,5,4476.7,0.0062484773966063,26.97255876138778
2320260319020006,取手競輪,6R,10:34,5-6-1,5,6,1,7269.0,0.0034678544726743,24.207834161869854
2220260320010010,前橋競輪,10R,19:35,3-4-6,3,4,6,4758.5,0.0052575792717584,24.018190964662782
8120260319020008,小倉競輪,8R,18:56,5-6-1,5,6,1,9999.9,0.0023518617764268,22.51838257809049
6320260319020011,防府競輪,11R,15:50,9-4-2,9,4,2,6105.3,0.0035540859616225,20.698761021494
8720260320010008,熊本競輪,8R,14:10,3-4-2,3,4,2,2194.4,0.0091314823458261,19.038124859680917
8720260320010003,熊本競輪,3R,11:47,6-4-5,6,4,5,5615.6,0.0034430505304731,18.334794558925196
2220260320010004,前橋競輪,4R,17:06,4-7-6,4,7,6,3806.5,0.0049767814717555,17.944118672237334
8120260319020003,小倉競輪,3R,16:54,1-6-2,1,6,2,3669.2,0.0050685891221779,17.597667207095377
8720260320010010,熊本競輪,10R,15:00,6-7-5,6,7,5,9982.8,0.0016568643765539,15.54014569826236
6320260319020012,防府競輪,12R,16:30,3-8-4,3,8,4,3950.0,0.0041839911422282,15.526765011801755
2320260319020005,取手競輪,5R,10:13,2-6-1,2,6,1,2558.7,0.0063052837940655,15.133329643875442
2220260320010003,前橋競輪,3R,16:42,5-7-6,5,7,6,4928.1,0.0032271906195398,14.903918092154568
6320260319020009,防府競輪,9R,14:40,2-8-4,2,8,4,8383.4,0.0018871969643599,14.821127031015576
2320260319020004,取手競輪,4R,09:52,5-6-7,5,6,7,1979.8,0.0077480180181254,14.339526072284825
2220260320010011,前橋競輪,11R,20:02,7-6-2,7,6,2,2230.5,0.0064993446231793,13.49678818200156
6320260319020003,防府競輪,3R,11:35,3-9-2,3,9,2,1428.7,0.0100923073401711,13.418879496902486
8720260320010001,熊本競輪,1R,11:00,6-5-7,6,5,7,2759.0,0.0050943853193556,13.055409096102183
8120260319020004,小倉競輪,4R,17:18,7-4-5,7,4,5,1983.9,0.0070536852483953,12.993806164291518
2220260320010012,前橋競輪,12R,20:30,4-6-7,4,6,7,2008.0,0.0065703088435275,12.1931801578033
2220260320010007,前橋競輪,7R,18:18,1-6-5,1,6,5,1593.4,0.0081808004407801,12.035287422339024
2220260320010001,前橋競輪,1R,15:42,5-7-6,5,7,6,3245.0,0.0040016038558357,11.985204512186934
8720260320010009,熊本競輪,9R,14:33,3-5-6,3,5,6,1795.4,0.007197405148325,11.92222120330287
2320260319020001,取手競輪,1R,08:50,2-6-7,2,6,7,1226.8,0.0104919511692673,11.871525694457162
8120260319020001,小倉競輪,1R,15:57,5-7-6,5,7,6,2990.4,0.0042124201647127,11.59682126055701
6320260319020007,防府競輪,7R,13:35,9-8-5,9,8,5,6596.8,0.0019088204871343,11.59210698952776
6320260319020004,防府競輪,4R,12:05,6-5-9,6,5,9,9999.9,0.0012253242488017,11.253119955592902
8720260320010012,熊本競輪,12R,16:10,3-7-2,3,7,2,2574.9,0.0047383820042156,11.20085982265494
6320260319020010,防府競輪,10R,15:15,6-3-1,6,3,1,9136.4,0.0012431094906262,10.357545550157962
8120260319020010,小倉競輪,10R,19:48,5-6-1,5,6,1,1533.0,0.0073930957781435,10.33361582789408
2220260320010008,前橋競輪,8R,18:43,7-6-4,7,6,4,2585.5,0.0043363912856736,10.211739669109155
6320260319020002,防府競輪,2R,11:10,6-9-4,6,9,4,2867.0,0.0033272254117351,8.53915525544468
2220260320010009,前橋競輪,9R,19:09,6-7-5,6,7,5,6120.3,0.0015315185822673,8.373353179051062
6320260319020006,防府競輪,6R,13:05,9-6-7,9,6,7,2625.3,0.0034952967244377,8.176202490666522
8120260319020002,小倉競輪,2R,16:22,7-3-6,7,3,6,2740.5,0.003296876294066,8.03508948388808
2320260319020003,取手競輪,3R,09:31,2-4-3,2,4,3,2143.5,0.004141564627096,7.877443778180385
6320260319020001,防府競輪,1R,10:45,1-3-2,1,3,2,2102.8,0.0041700723859145,7.768828213101202
8720260320010005,熊本競輪,5R,12:42,5-4-6,5,4,6,2012.5,0.0041650210493739,7.382104861865026
2220260320010006,前橋競輪,6R,17:54,1-3-4,1,3,4,1112.3,0.0069185467618241,6.695499563177
8120260319020007,小倉競輪,7R,18:30,1-7-6,1,7,6,1731.3,0.0041342396595758,6.157609122623683
6320260319020005,防府競輪,5R,12:35,9-4-7,9,4,7,1105.6,0.0062145594759153,5.870816956572026
2220260320010005,前橋競輪,5R,17:30,7-6-1,7,6,1,653.7,0.0087323184937783,4.7083165993829255
8420260319030003,武雄競輪,3R,21:30,3-6-4,3,6,4,9999.9,0.0091271290023021,90.27037731012167
1320260319030005,いわき平競輪,5R,22:00,1-7-4,1,7,4,9999.9,0.0088457143646958,87.45625907552198
8420260319030002,武雄競輪,2R,21:10,2-7-3,2,7,3,9999.9,0.0083947747774767,82.94690829729015
1320260319030003,いわき平競輪,3R,21:20,5-6-2,5,6,2,9999.9,0.007923314559668,78.23235326522408
8420260319030007,武雄競輪,7R,22:50,2-7-3,2,7,3,9999.9,0.0071134264733179,70.13355339053182
8420260319030001,武雄競輪,1R,20:50,4-7-5,4,7,5,9999.9,0.0070490282596723,69.4895776938976
1320260319030007,いわき平競輪,7R,22:40,2-7-3,2,7,3,9999.9,0.0068494759713795,67.49407476619795
8420260319030006,武雄競輪,6R,22:30,6-5-1,6,5,1,9999.9,0.0064754931480484,63.75428393117004
8720260320020007,熊本競輪,7R,13:42,5-6-2,5,6,2,7295.3,0.0081278517918431,58.29511717703369
1320260319030002,いわき平競輪,2R,21:00,7-1-6,7,1,6,9999.9,0.0057248660817259,56.24808833065107
8420260319030004,武雄競輪,4R,21:50,6-1-4,6,1,4,9999.9,0.0054330499265048,53.329955960055806
1320260319030008,いわき平競輪,8R,23:00,2-7-3,2,7,3,8304.7,0.0057750170008293,46.959783686787176
8420260319030005,武雄競輪,5R,22:10,5-2-6,5,2,6,9999.9,0.0046389928229321,45.38946433003916
1320260319030006,いわき平競輪,6R,22:20,7-1-6,7,1,6,9999.9,0.0045217739131638,44.21728695424759
2320260319030006,取手競輪,6R,10:34,7-3-4,7,3,4,7951.9,0.0051826924264313,40.21225190573975
8720260320020006,熊本競輪,6R,13:12,5-6-3,5,6,3,9999.9,0.0037884100823278,36.883721982269776
8720260320020004,熊本競輪,4R,12:12,7-6-5,7,6,5,9999.9,0.0037811764320226,36.81138620258366
8120260319030010,小倉競輪,10R,19:48,3-5-7,3,5,7,9999.9,0.0036735677125605,35.73530976883387
8720260320020003,熊本競輪,3R,11:47,5-6-4,5,6,4,9384.6,0.0037767639634725,34.44341909160408
2320260319030001,取手競輪,1R,08:50,6-4-5,6,4,5,3753.2,0.0089285301294479,32.51055928184394
8420260319030009,武雄競輪,9R,23:30,3-6-5,3,6,5,9999.9,0.0029922753528862,28.922454301327605
8120260319030002,小倉競輪,2R,16:22,3-1-2,3,1,2,9399.4,0.0031580755503367,28.68401532783553
2220260320020009,前橋競輪,9R,19:09,6-7-2,6,7,2,6211.5,0.0046106141555834,27.63882982740689
2220260320020002,前橋競輪,2R,16:16,1-7-4,1,7,4,3404.9,0.0083001915633362,27.26132225400352
1320260319030001,いわき平競輪,1R,20:40,4-7-2,4,7,2,7540.5,0.0036484398670958,26.511060817836565
2220260320020011,前橋競輪,11R,20:02,7-6-4,7,6,4,3909.7,0.0065260950725735,24.51507390524076
8720260320020011,熊本競輪,11R,15:35,2-6-4,2,6,4,7607.6,0.0031990655101658,23.337210775138065
8720260320020005,熊本競輪,5R,12:42,6-5-2,6,5,2,8384.2,0.0028988295374386,23.30436660779344
1320260319030004,いわき平競輪,4R,21:40,6-1-4,6,1,4,9999.9,0.0023963274750044,22.963035117297437
8120260319030001,小倉競輪,1R,15:57,6-5-3,6,5,3,2633.9,0.0087475990815106,22.040301220790926
2320260319030003,取手競輪,3R,09:31,6-1-4,6,1,4,9787.6,0.0023521611030192,22.022012011910945
8420260319030008,武雄競輪,8R,23:10,3-5-6,3,5,6,9999.9,0.0022012151767366,21.01193164584833
2320260319030002,取手競輪,2R,09:10,2-6-4,2,6,4,2923.7,0.0075151264276412,20.971975136494866
6320260319030005,防府競輪,5R,12:35,1-8-4,1,8,4,3601.8,0.005669740556654,19.421271536956542
6320260319030009,防府競輪,9R,14:40,1-5-4,1,5,4,4448.7,0.0044607340121968,18.844467400059965
2320260319030004,取手競輪,4R,09:52,7-1-3,7,1,3,2988.8,0.00646005462456,18.307811261885096
8720260320020002,熊本競輪,2R,11:23,7-5-3,7,5,3,5530.6,0.0034168097319582,17.89700790356834
6320260319030011,防府競輪,11R,15:50,5-6-4,5,6,4,4777.4,0.0038192033171214,17.245861927216133
2320260319030007,取手競輪,7R,10:55,5-6-4,5,6,4,3320.9,0.0053320023636232,16.70704664935635
6320260319030004,防府競輪,4R,12:05,9-6-4,9,6,4,6370.2,0.0025709251835486,15.377307604241391
8720260320020012,熊本競輪,12R,16:10,2-6-5,2,6,5,2402.6,0.0067186484083641,15.142224665935789
6320260319030007,防府競輪,7R,13:35,6-9-1,6,9,1,7804.3,0.002060751261688,15.0827210715924
8720260320020010,熊本競輪,10R,15:00,1-6-4,1,6,4,4446.0,0.0035149847214286,14.627622071471976
2220260320020012,前橋競輪,12R,20:30,6-4-2,6,4,2,6606.7,0.0023549309286474,14.558322166295214
6320260319030008,防府競輪,8R,14:05,2-8-1,2,8,1,2869.5,0.0053816701158062,14.442702397306164
6320260319030006,防府競輪,6R,13:05,2-9-5,2,9,5,3422.3,0.0043638047147661,13.934248875344064
2220260320020001,前橋競輪,1R,15:42,5-7-6,5,7,6,4195.2,0.0035071361484767,13.713137570089652
8720260320020009,熊本競輪,9R,14:33,7-6-2,7,6,2,1997.1,0.0071947952616704,13.368725617082
6320260319030012,防府競輪,12R,16:30,7-4-9,7,4,9,8612.8,0.0016571307643342,13.272535847058393
8120260319030008,小倉競輪,8R,18:56,6-4-2,6,4,2,2831.6,0.0048825858765974,12.825530168173202
2220260320020006,前橋競輪,6R,17:54,7-2-6,7,2,6,2266.5,0.0059800895963306,12.553873070083412
6320260319030001,防府競輪,1R,10:45,1-9-4,1,9,4,1923.0,0.0067816995799283,12.04120829220231
8120260319030009,小倉競輪,9R,19:22,7-6-2,7,6,2,1560.5,0.0083006576075496,11.95317619658123
8120260319030011,小倉競輪,11R,20:16,5-6-3,5,6,3,2835.6,0.0042438953504764,11.03398965581098
6320260319030010,防府競輪,10R,15:15,4-3-1,4,3,1,5220.5,0.0021844481201174,10.403911411073054
2220260320020004,前橋競輪,4R,17:06,4-7-5,4,7,5,4117.4,0.0027261657181728,10.224714728004818
6320260319030003,防府競輪,3R,11:35,3-4-5,3,4,5,3120.7,0.003416636763407,9.662298347564496
8120260319030004,小倉競輪,4R,17:18,1-3-6,1,3,6,2253.3,0.0047297210866279,9.65748052449882
6320260319030002,防府競輪,2R,11:10,5-4-7,5,4,7,2862.0,0.0036880178790081,9.555107169721346
8120260319030003,小倉競輪,3R,16:54,5-7-2,5,7,2,1527.9,0.0066972885110958,9.232787116103347
2220260320020005,前橋競輪,5R,17:30,7-6-2,7,6,2,2045.2,0.0045232996009409,8.251052343844373
2220260320020007,前橋競輪,7R,18:18,2-3-1,2,3,1,900.1,0.0097805584016732,7.80348061734608
2220260320020010,前橋競輪,10R,19:35,1-3-6,1,3,6,1338.6,0.0064285884532101,7.605308503467144
8720260320020001,熊本競輪,1R,11:00,3-6-1,3,6,1,1009.0,0.0077705182890446,6.840452953646002
8720260320020008,熊本競輪,8R,14:10,1-6-7,1,6,7,2484.6,0.0031235369925987,6.760740011810941
8120260319030006,小倉競輪,6R,18:06,6-4-1,6,4,1,1959.0,0.003947115260344,6.732398795013999
2220260320020008,前橋競輪,8R,18:43,7-6-2,7,6,2,657.9,0.0107825703204273,6.093853013809135
1320260319030009,いわき平競輪,9R,23:20,4-3-5,4,3,5,4736.2,0.0013565120432422,5.424712339203964
2320260319030005,取手競輪,5R,10:13,6-7-4,6,7,4,2121.0,0.0029136269424413,5.179802744918102
2220260320020003,前橋競輪,3R,16:42,1-4-6,1,4,6,989.5,0.0062305010507693,5.1650807897362885
8120260319030007,小倉競輪,7R,18:30,4-5-6,4,5,6,1192.9,0.0050443042043671,5.017350485389564
8120260319030005,小倉競輪,5R,17:42,1-6-3,1,6,3,445.7,0.011030892270496,3.9164686849600736
2620260322010003,西武園競輪,3R,21:20,5-7-2,5,7,2,9999.9,0.0120221804419997,119.22060220195291
4720260322010007,松阪競輪,7R,22:50,1-4-7,1,4,7,9999.9,0.0110560972744542,109.5598671348152
4720260322010004,松阪競輪,4R,21:50,1-7-4,1,7,4,9999.9,0.0107523139461317,106.52206422992244
2620260322010002,西武園競輪,2R,21:00,4-2-7,4,2,7,9999.9,0.009911452622784,98.1135350825787
2620260322010004,西武園競輪,4R,21:40,1-4-7,1,4,7,9999.9,0.0098014308594596,97.01332845151089
2620260322010007,西武園競輪,7R,22:40,1-7-4,1,7,4,9999.9,0.0093725371852531,92.72443459881282
2620260322010006,西武園競輪,6R,22:20,3-2-7,3,2,7,9999.9,0.0090994275961376,89.99336601861644
4720260322010005,松阪競輪,5R,22:10,6-5-2,6,5,2,9999.9,0.0087631988498074,86.63111217818962
2620260322010008,西武園競輪,8R,23:00,4-2-7,4,2,7,9999.9,0.0085723500658308,84.72264342330233
4720260322010006,松阪競輪,6R,22:30,1-7-4,1,7,4,9999.9,0.0084117868338445,83.11702715976192
2620260322010005,西武園競輪,5R,22:00,2-5-7,2,5,7,9999.9,0.0081472272256617,80.47145753389542
4720260322010008,松阪競輪,8R,23:10,2-7-6,2,7,6,9999.9,0.0069706255213487,68.70555815093573
4720260322010001,松阪競輪,1R,20:50,2-7-6,2,7,6,9999.9,0.0068812226943144,67.81153882087543
4720260322010003,松阪競輪,3R,21:30,1-7-4,1,7,4,9999.9,0.0068666971525165,67.66628485545047
4720260322010002,松阪競輪,2R,21:10,2-7-6,2,7,6,9999.9,0.0067197194350597,66.19652237865417
2820260322010006,立川競輪,6R,10:34,3-6-4,3,6,4,8461.6,0.0077862082108976,64.88377939733161
4320260322010006,岐阜競輪,6R,18:06,6-7-1,6,7,1,9105.0,0.00586201608946,52.37365649453362
2820260322010007,立川競輪,7R,10:55,7-6-2,7,6,2,5586.2,0.0090585415160738,49.60282461709188
8720260320030010,熊本競輪,10R,14:55,6-3-7,6,3,7,9999.9,0.0050479639482223,49.47913468582901
8720260320030007,熊本競輪,7R,13:40,7-6-1,7,6,1,4002.5,0.0103710427855427,40.51009874913487
2820260322010005,立川競輪,5R,10:13,7-6-1,7,6,1,3484.7,0.0115676563621676,39.309812125245465
4320260322010004,岐阜競輪,4R,17:18,7-6-3,7,6,3,9859.5,0.0037211181093833,35.68836399946485
2820260322010003,立川競輪,3R,09:31,2-6-4,2,6,4,5955.3,0.0052744675445705,30.41103656818097
4320260322010005,岐阜競輪,5R,17:42,3-6-5,3,6,5,9999.9,0.0029937893773478,28.937594394540305
2820260322010004,立川競輪,4R,09:52,3-2-1,3,2,1,3000.8,0.0089650570106201,25.90234307746907
4720260322010009,松阪競輪,9R,23:30,7-5-1,7,5,1,9999.9,0.0026858282137612,25.85801355479086
6320260319040012,防府競輪,12R,16:30,6-5-3,6,5,3,8611.2,0.0027514996206018,22.69371353292665
4320260322010003,岐阜競輪,3R,16:54,3-6-7,3,6,7,4164.8,0.0051041140434478,20.257614168151523
2620260322010001,西武園競輪,1R,20:40,1-5-6,1,5,6,2520.7,0.0081636718968107,19.57816775029073
8720260320030004,熊本競輪,4R,12:12,7-6-1,7,6,1,2781.4,0.0067930585729035,17.894213114673963
2220260320030004,前橋競輪,4R,17:06,5-6-3,5,6,3,3931.3,0.0046487134395679,17.275487144973404
2820260322010001,立川競輪,1R,08:50,5-4-6,5,4,6,3244.0,0.005548369526268,16.998910743213443
6320260319040004,防府競輪,4R,12:05,5-3-7,5,3,7,3339.0,0.005234901221119,16.479335177316553
6320260319040003,防府競輪,3R,11:35,4-9-3,4,9,3,4383.5,0.0038602481798592,15.92139789641287
2220260320030003,前橋競輪,3R,16:42,4-6-7,4,6,7,1763.1,0.0091220631684794,15.083109572346192
8720260320030006,熊本競輪,6R,13:12,7-6-4,7,6,4,1534.3,0.0098249245972691,14.074381809589978
2220260320030005,前橋競輪,5R,17:30,4-6-5,4,6,5,1469.4,0.0099690026052823,13.648452428201944
8720260320030012,熊本競輪,12R,16:10,2-1-6,2,1,6,2776.7,0.0051692998366184,13.353594856338516
8720260320030011,熊本競輪,11R,15:30,7-6-4,7,6,4,2231.6,0.0062689556284464,12.989801380441058
6320260319040008,防府競輪,8R,14:10,6-5-1,6,5,1,8537.9,0.0015561493604517,12.286247624600785
6320260319040002,防府競輪,2R,11:10,7-6-8,7,6,8,3679.5,0.003498120715224,11.871335171666756
6320260319040001,防府競輪,1R,10:45,6-9-4,6,9,4,4165.1,0.003076200072512,11.81268092202014
2620260322010009,西武園競輪,9R,23:20,6-5-3,6,5,3,9999.9,0.0012738943449554,11.738816060120463
4320260322010010,岐阜競輪,10R,19:48,3-5-6,3,5,6,1825.8,0.0067544629202233,11.332298399743802
6320260319040006,防府競輪,6R,13:05,9-8-5,9,8,5,2594.9,0.0046825367767501,11.150714681989037
6320260319040009,防府競輪,9R,14:40,5-6-2,5,6,2,3783.3,0.0031783124192341,11.024509375688732
2820260322010002,立川競輪,2R,09:10,2-6-5,2,6,5,3207.2,0.0036483085440528,10.700855162486386
6320260319040010,防府競輪,10R,15:15,1-9-4,1,9,4,6035.0,0.0019206187419204,10.590934107489982
8720260320030008,熊本競輪,8R,14:03,2-3-6,2,3,6,2062.7,0.005592400733322,10.535444992623493
8720260320030001,熊本競輪,1R,11:00,2-4-3,2,4,3,2892.6,0.0038835072363304,10.233433031809383
2220260320030009,前橋競輪,9R,19:09,5-4-6,5,4,6,1058.3,0.0105549244534696,10.170276549106951
4320260322010009,岐阜競輪,9R,19:22,3-7-6,3,7,6,2985.0,0.0037024518414714,10.051818746792414
4320260322010007,岐阜競輪,7R,18:30,2-4-3,2,4,3,3370.5,0.0031337425674731,9.562279323668266
6320260319040005,防府競輪,5R,12:35,8-9-5,8,9,5,5554.2,0.001785212623295,8.915427952305391
2220260320030012,前橋競輪,12R,20:30,2-7-5,2,7,5,913.8,0.0106996939681741,8.777380348117562
8720260320030002,熊本競輪,2R,11:23,1-6-2,1,6,2,2678.1,0.0035755664122122,8.575724408545618
2220260320030001,前橋競輪,1R,15:42,4-7-5,4,7,5,2140.0,0.0040860587124783,7.744165644703745
8720260320030003,熊本競輪,3R,11:47,3-4-7,3,4,7,3692.7,0.0023507945260884,7.680778946486845
8720260320030009,熊本競輪,9R,14:25,5-6-1,5,6,1,2626.1,0.0032271038907097,7.474697527392959
6320260319040007,防府競輪,7R,13:35,8-4-3,8,4,3,2991.4,0.0026879244930437,7.040657328491028
6320260319040011,防府競輪,11R,15:50,9-5-3,9,5,3,4302.1,0.0018653752107923,7.02503069434977
2220260320030007,前橋競輪,7R,18:18,5-6-7,5,6,7,815.1,0.0098116154234683,6.997447731669039
4320260322010011,岐阜競輪,11R,20:16,3-7-6,3,7,6,1861.3,0.0039545607734496,6.360623967621867
2220260320030008,前橋競輪,8R,18:43,3-2-5,3,2,5,495.5,0.0145678513856316,6.218370361580481
4320260322010008,岐阜競輪,8R,18:56,3-2-1,3,2,1,1053.5,0.006624285898717,5.978685194298428
2220260320030011,前橋競輪,11R,20:02,5-4-6,5,4,6,1908.2,0.0035482278238668,5.770728333502631
4320260322010001,岐阜競輪,1R,15:57,1-6-7,1,6,7,1166.8,0.0057175620805133,5.671251435542959
4320260322010002,岐阜競輪,2R,16:22,7-6-2,7,6,2,732.4,0.0086942499809757,5.367668686066625
2220260320030006,前橋競輪,6R,17:54,3-6-2,3,6,2,655.2,0.0078957218199644,4.173276936440723
8720260320030005,熊本競輪,5R,12:42,1-7-2,1,7,2,1705.1,0.002981884706014,4.08441161222453
2220260320030010,前橋競輪,10R,19:35,5-1-7,5,1,7,270.9,0.01497465408381,3.05663379130415
2220260320030002,前橋競輪,2R,16:16,2-3-7,2,3,7,757.5,0.0033503592771559,1.5378971524456215
2620260322020005,西武園競輪,5R,22:00,2-5-7,2,5,7,9999.9,0.0134480120035008,133.47877523380848
4720260322020004,松阪競輪,4R,21:50,1-7-4,1,7,4,9999.9,0.012380457025016,122.8033322044582
2620260322020002,西武園競輪,2R,21:00,4-7-1,4,7,1,9999.9,0.0118667662665781,117.66647598915524
4720260322020007,松阪競輪,7R,22:50,2-5-4,2,5,4,9999.9,0.0107816031907748,106.81495374742978
4720260322020003,松阪競輪,3R,21:30,2-1-7,2,1,7,9999.9,0.0092968513618484,91.96758393334812
2620260322020004,西武園競輪,4R,21:40,1-6-5,1,6,5,9999.9,0.0085739961117156,84.73910371754559
4720260322020008,松阪競輪,8R,23:10,1-6-5,1,6,5,9999.9,0.0085231479072761,84.23062675797077
2620260322020003,西武園競輪,3R,21:20,2-5-3,2,5,3,9999.9,0.0080185010516239,79.18420866613432
2620260322020007,西武園競輪,7R,22:40,2-3-7,2,3,7,9999.9,0.0077436981886423,76.4362075166046
2620260322020008,西武園競輪,8R,23:00,2-5-4,2,5,4,9999.9,0.0074817909845564,73.81716166646648
2620260322020006,西武園競輪,6R,22:20,5-4-1,5,4,1,9999.9,0.007331256524292,72.31183211726795
2620260322020009,西武園競輪,9R,23:20,2-7-3,2,7,3,9999.9,0.0068761556696409,67.76086908084203
4720260322020005,松阪競輪,5R,22:10,1-5-4,1,5,4,9999.9,0.0068149005473302,67.14832398324808
4720260322020006,松阪競輪,6R,22:30,3-5-7,3,5,7,9999.9,0.0066650769197004,65.65010268931205
4720260322020002,松阪競輪,2R,21:10,5-3-2,5,3,2,9999.9,0.0063224047086923,62.223414846452606
2620260322020001,西武園競輪,1R,20:40,5-4-6,5,4,6,9999.9,0.0059046715067146,58.04612459999619
4320260322020005,岐阜競輪,5R,17:36,4-6-2,4,6,2,8021.4,0.0073519362244899,57.97282123112387
4320260322020006,岐阜競輪,6R,18:02,6-4-5,6,4,5,9999.9,0.0051209097571396,50.20858548042115
3820260323010004,静岡競輪,4R,17:00,1-7-6,1,7,6,4431.6,0.0087416802775861,37.73963031815088
4720260322020009,松阪競輪,9R,23:30,2-1-7,2,1,7,9999.9,0.0026247224861389,25.246962389141014
6220260323010010,広島競輪,10R,15:09,4-6-7,4,6,7,3909.1,0.0064912358284195,24.37488997687497
6220260323010012,広島競輪,12R,16:06,5-6-1,5,6,1,5345.4,0.0045641865580642,23.397402827476547
3820260323010001,静岡競輪,1R,15:48,5-6-4,5,6,4,4943.9,0.0043484952380435,20.498525607363625
6220260323010011,広島競輪,11R,15:37,3-6-7,3,6,7,4197.2,0.0047685128985554,19.01440233781689
2820260322020005,立川競輪,5R,10:13,1-5-6,1,5,6,5033.9,0.0036200646130265,17.223043255514586
6220260323010002,広島競輪,2R,11:31,5-4-6,5,4,6,3115.6,0.0058121504350805,17.108335895537014
4320260322020011,岐阜競輪,11R,20:16,4-2-6,4,2,6,2852.2,0.0061049378610897,16.4125037674002
3820260323010011,静岡競輪,11R,20:02,5-6-4,5,6,4,2640.5,0.0063634101003113,15.802584369872076
2820260322020007,立川競輪,7R,10:55,2-1-4,2,1,4,2014.9,0.0083316129920328,15.787367017646982
3820260323010008,静岡競輪,8R,18:41,5-6-1,5,6,1,3618.5,0.004476033106853,15.196525797147668
6220260323010004,広島競輪,4R,12:24,3-4-6,3,4,6,4161.3,0.0038484444160595,15.014531748548574
6220260323010008,広島競輪,8R,14:13,3-6-2,3,6,2,1584.0,0.0099149483861432,14.705278243650875
4320260322020010,岐阜競輪,10R,19:48,1-2-6,1,2,6,4902.7,0.0031204686539199,14.29872166957354
2820260322020004,立川競輪,4R,09:52,1-6-4,1,6,4,666.0,0.0227185278822503,14.130539569578728
3820260323010010,静岡競輪,10R,19:34,6-4-7,6,4,7,9999.9,0.0014944937931969,13.94478848259016
3820260323010003,静岡競輪,3R,16:36,5-3-2,5,3,2,4023.0,0.0036428629174112,13.65523751674535
2820260322020006,立川競輪,6R,10:34,3-6-4,3,6,4,1766.9,0.0082348554527662,13.550166099492612
4320260322020008,岐阜競輪,8R,18:54,6-2-7,6,2,7,9999.9,0.0013287449543787,12.287316669292192
6220260323010003,広島競輪,3R,11:57,7-6-2,7,6,2,3859.0,0.0034252117337211,12.217892080429728
3820260323010007,静岡競輪,7R,18:15,3-7-6,3,7,6,2510.5,0.0052517789854772,12.18459114304054
4320260322020004,岐阜競輪,4R,17:12,1-6-2,1,6,2,6132.7,0.0020948167449037,11.846882651471049
3820260323010012,静岡競輪,12R,20:30,6-4-2,6,4,2,3152.1,0.0040642358856969,11.810877935305388
6220260323010009,広島競輪,9R,14:41,6-5-7,6,5,7,3624.3,0.0034389868118153,11.463919902062356
6220260323010007,広島競輪,7R,13:45,2-6-7,2,6,7,4534.1,0.0026290637360538,10.920437885641917
3820260323010009,静岡競輪,9R,19:07,6-1-5,6,1,5,3338.2,0.0035612169478806,10.888054415415082
4320260322020002,岐阜競輪,2R,16:24,7-3-5,7,3,5,1986.7,0.0056153795061331,10.156074464834647
4320260322020003,岐阜競輪,3R,16:48,5-6-2,5,6,2,1549.5,0.0071347978547777,10.055369275978125
6220260323010001,広島競輪,1R,11:05,1-7-6,1,7,6,1460.3,0.0071555964772681,9.449317535754728
2820260322020001,立川競輪,1R,08:50,2-6-5,2,6,5,904.5,0.0114387517461451,9.346350954388267
6220260323010005,広島競輪,5R,12:51,3-6-4,3,6,4,1411.1,0.0071861240622523,9.140339664244255
4720260322020001,松阪競輪,1R,20:50,6-2-3,6,2,3,1557.7,0.0064955184662108,9.118069114816684
6220260323010006,広島競輪,6R,13:18,5-4-6,5,4,6,1733.7,0.0057738308049852,9.010090466602987
4320260322020009,岐阜競輪,9R,19:20,4-6-5,4,6,5,4558.5,0.0021875261958841,8.971838163937973
3820260323010006,静岡競輪,6R,17:49,2-6-4,2,6,4,839.1,0.0108774816303513,8.127294836027792
4320260322020007,岐阜競輪,7R,18:28,7-6-3,7,6,3,5061.0,0.0017806948055482,8.012096410879789
3820260323010005,静岡競輪,5R,17:24,3-6-2,3,6,2,967.6,0.0088276506649306,7.5416347833869075
3820260323010002,静岡競輪,2R,16:12,3-7-6,3,7,6,1440.6,0.0058738315861544,7.461841783014155
2820260322020003,立川競輪,3R,09:31,2-6-3,2,6,3,1532.0,0.0053011017638832,7.121287902269156
2820260322020002,立川競輪,2R,09:10,6-4-5,6,4,5,926.8,0.0067888493301277,5.291905559162417
4320260322020001,岐阜競輪,1R,16:00,1-3-6,1,3,6,667.2,0.0084983096581905,4.670072203944713
4220260325010006,名古屋競輪,6R,22:51,4-7-1,4,7,1,9999.9,0.0092032402100026,91.0314817760052
4220260325010005,名古屋競輪,5R,22:25,2-6-7,2,6,7,9999.9,0.0079621459548453,78.6206633338577
5620260325010002,岸和田競輪,2R,21:20,2-7-3,2,7,3,9999.9,0.0075883898533553,74.88313969456793
4220260325010003,名古屋競輪,3R,21:33,5-7-4,5,7,4,9999.9,0.0068394898270045,67.39421432106235
4220260325010004,名古屋競輪,4R,21:59,2-6-7,2,6,7,9999.9,0.0067617271584719,66.61659541200324
2320260324020007,取手競輪,7R,13:34,4-7-3,4,7,3,9999.9,0.0063608199150153,62.60756306816201
5620260325010004,岸和田競輪,4R,22:12,5-4-1,5,4,1,9999.9,0.0060164564700433,59.16396305478626
5620260325010005,岸和田競輪,5R,22:38,5-2-7,5,2,7,9999.9,0.0057617680171947,56.61710399514548
5620260325010003,岸和田競輪,3R,21:46,4-1-5,4,1,5,9999.9,0.0057478060953462,56.47748617285247
5620260325010007,岸和田競輪,7R,23:30,1-7-4,1,7,4,7688.2,0.0064964020916522,48.94563856104057
4220260325010002,名古屋競輪,2R,21:07,2-7-5,2,7,5,8870.2,0.0055901165492782,48.585451815408
5620260325010006,岸和田競輪,6R,23:04,4-7-1,4,7,1,9999.9,0.0049484839782209,48.48434493381188
2320260324020012,取手競輪,12R,16:10,5-6-1,5,6,1,6427.5,0.0068907302022141,43.29016837473169
5620260325010001,岸和田競輪,1R,20:54,3-7-5,3,7,5,9999.9,0.0042526252758444,41.52582749591651
2320260324020006,取手競輪,6R,13:07,6-5-3,6,5,3,4635.1,0.0074580946253829,33.56901439811261
6220260323030012,広島競輪,12R,16:22,4-7-5,4,7,5,8128.3,0.0040232107112211,31.70186362401885
8620260324020003,別府競輪,3R,16:40,1-6-5,1,6,5,7016.2,0.0040555238058108,27.45436612633008
2320260324020003,取手競輪,3R,11:54,7-6-2,7,6,2,6069.1,0.0041884160477356,24.41991583531268
4420260325010011,大垣競輪,11R,15:22,5-6-4,5,6,4,7779.5,0.0031941172833125,23.848635405529997
4420260325010006,大垣競輪,6R,12:58,7-6-5,7,6,5,3536.6,0.0069779983790435,23.678389067325387
2320260324020002,取手競輪,2R,11:33,1-6-7,1,6,7,1685.8,0.0136275758675757,21.97336739755928
8620260324020012,別府競輪,12R,20:17,7-5-6,7,5,6,2857.9,0.0078752406896649,21.50665036699341
4220260325010001,名古屋競輪,1R,20:41,5-3-7,5,3,7,5373.0,0.0041543289121126,21.321209244781173
4420260325010001,大垣競輪,1R,11:05,7-6-4,7,6,4,1952.3,0.0107333531769646,19.954725407388057
8620260324020002,別府競輪,2R,16:16,4-6-1,4,6,1,3788.2,0.005433107721363,19.58169867006766
6220260323030009,広島競輪,9R,14:40,4-6-5,4,6,5,2787.6,0.007307208089054,19.369573269047017
4220260325010007,名古屋競輪,7R,23:17,7-3-4,7,3,4,9999.9,0.002013429929585,19.134097952857925
4420260325010004,大垣競輪,4R,12:09,4-7-6,4,7,6,4925.5,0.0038819447825484,18.12051902644224
8620260324020004,別府競輪,4R,17:04,1-6-4,1,6,4,3286.2,0.0057578256460144,17.921366637932792
8620260324020005,別府競輪,5R,17:28,1-6-5,1,6,5,2550.5,0.0067899889323672,16.317866772002596
6220260323030002,広島競輪,2R,11:40,1-6-4,1,6,4,2982.2,0.0057521664912681,16.154110910259984
2320260324020008,取手競輪,8R,14:01,5-7-6,5,7,6,3693.8,0.0046387496355879,16.13461340393477
7420260324020001,高知競輪,1R,08:50,5-6-2,5,6,2,1908.7,0.0088729079158095,15.93571933890568
4420260325010009,大垣競輪,9R,14:20,1-4-3,1,4,3,1939.7,0.0085895090672083,15.661070737663977
2320260324020004,取手競輪,4R,12:17,4-6-5,4,6,5,1605.2,0.0101409169674907,15.278199916216206
6220260323030001,広島競輪,1R,11:19,6-7-5,6,7,5,1486.2,0.0108274669400757,15.091781366340616
2320260324020009,取手競輪,9R,14:30,7-6-4,7,6,4,2616.0,0.0060237325792916,14.75808442742707
4420260325010002,大垣競輪,2R,11:26,4-6-5,4,6,5,2607.9,0.0059370528028012,14.48324000442526
2320260324020001,取手競輪,1R,11:12,7-6-5,7,6,5,3043.9,0.0047292314400113,13.395307580250522
4420260325010003,大垣競輪,3R,11:47,7-6-1,7,6,1,3639.9,0.0038665568168921,13.073880157805618
2320260324020005,取手競輪,5R,12:41,7-6-2,7,6,2,2682.8,0.0051542421392375,12.827800811146616
4420260325010010,大垣競輪,10R,14:50,2-7-6,2,7,6,3005.3,0.004484157907518,12.476239759463924
4420260325010012,大垣競輪,12R,15:58,4-7-2,4,7,2,2103.9,0.0063668132464364,12.395138389177594
2320260324020011,取手競輪,11R,15:34,4-7-1,4,7,1,2390.5,0.0055096396893206,12.170793677320937
7420260324020002,高知競輪,2R,09:10,4-6-7,4,6,7,2361.2,0.005481398127067,11.942677257630658
3820260323030002,静岡競輪,2R,16:28,1-7-2,1,7,2,3772.7,0.0034036069558501,11.84078796233591
2320260324020010,取手競輪,10R,15:00,2-6-7,2,6,7,1782.2,0.0070634152832379,11.588418717786633
8620260324020011,別府競輪,11R,19:52,1-6-7,1,6,7,2058.1,0.0059361956330102,11.217284232298354
3820260323030004,静岡競輪,4R,17:16,4-6-5,4,6,5,1309.5,0.0091306868993755,10.9566344947323
3820260323030006,静岡競輪,6R,18:04,7-6-3,7,6,3,3564.2,0.0033201095345068,10.833534402889462
6220260323030007,広島競輪,7R,13:43,6-7-1,6,7,1,3123.0,0.00372459928034,10.63192355250208
6220260323030008,広島競輪,8R,14:10,7-6-1,7,6,1,2389.5,0.004553269515015,9.880037506128446
3820260323030005,静岡競輪,5R,17:40,5-6-3,5,6,3,963.1,0.0109666640400357,9.561994136958477
6220260323030011,広島競輪,11R,15:46,5-7-6,5,7,6,1276.5,0.0076532970702458,8.769433710168858
3820260323030012,静岡競輪,12R,20:30,3-6-5,3,6,5,2554.9,0.003742597205752,8.561961600976039
3820260323030010,静岡競輪,10R,19:40,5-4-1,5,4,1,1088.6,0.0087524335471536,8.527899159431433
8620260324020010,別府競輪,10R,19:28,2-6-5,2,6,5,1328.9,0.0071521424311184,8.50448207671335
4420260325010007,大垣競輪,7R,13:25,1-6-2,1,6,2,2556.8,0.0036546688020189,8.344257193002116
8620260324020009,別府競輪,9R,19:04,2-3-1,2,3,1,1023.5,0.0090917175732264,8.305372936197275
3820260323030003,静岡競輪,3R,16:52,5-7-4,5,7,4,1186.4,0.0076312619473447,8.0537291743298
3820260323030007,静岡競輪,7R,18:28,6-5-7,6,5,7,2213.0,0.0039941445097238,7.839041800018942
7420260324020006,高知競輪,6R,10:34,7-4-6,7,4,6,2491.3,0.0034998684476225,7.719222263561999
4420260325010008,大垣競輪,8R,13:52,4-6-5,4,6,5,1719.2,0.0047748807577106,7.208974998656183
7420260324020003,高知競輪,3R,09:31,2-5-7,2,5,7,405.6,0.0202032219920661,7.19442683998205
7420260324020005,高知競輪,5R,10:13,7-6-1,7,6,1,1574.2,0.0051512845911018,7.109152203312503
8620260324020006,別府競輪,6R,17:52,2-3-1,2,3,1,548.5,0.0144844832330197,6.944739053311324
6220260323030010,広島競輪,10R,15:10,7-2-6,7,2,6,1577.7,0.0048413942379204,6.638267689167168
8620260324020008,別府競輪,8R,18:40,7-6-1,7,6,1,951.6,0.0077814275742046,6.404806479613153
4420260325010005,大垣競輪,5R,12:33,5-4-6,5,4,6,1010.4,0.0071917914015587,6.266586032134992
6220260323030006,広島競輪,6R,13:16,4-6-5,4,6,5,1165.0,0.0061114425123296,6.1198305268640825
7420260324020007,高知競輪,7R,10:55,3-6-7,3,6,7,2023.7,0.0034658934585358,6.0139285920391
8620260324020001,別府競輪,1R,15:52,7-6-4,7,6,4,1318.1,0.0051326138564991,5.765298324251575
6220260323030004,広島競輪,4R,12:25,4-1-6,4,1,6,1158.6,0.0057242106067127,5.632070408937433
7420260324020004,高知競輪,4R,09:52,3-2-7,3,2,7,1381.6,0.0047535258791147,5.567471354584884
8620260324020007,別府競輪,7R,18:16,1-6-7,1,6,7,1108.1,0.0057993490486227,5.4262586807789095
3820260323030008,静岡競輪,8R,18:52,3-6-5,3,6,5,706.6,0.0085224582447528,5.02196899574238
3820260323030009,静岡競輪,9R,19:16,5-4-6,5,4,6,562.7,0.0095902301350444,4.396422496989537
3820260323030011,静岡競輪,11R,20:04,1-7-2,1,7,2,1087.3,0.0048557221186547,4.279626659613324
3820260323030001,静岡競輪,1R,16:04,3-1-2,3,1,2,590.1,0.0084578596575057,3.9909829838941695
6220260323030003,広島競輪,3R,12:01,7-1-5,7,1,5,1340.2,0.0036264808922843,3.860209691839525
6220260323030005,広島競輪,5R,12:49,6-3-5,6,3,5,446.1,0.0082438480984838,2.6775806367336594
8120260326030005,小倉競輪,5R,22:05,2-5-6,2,5,6,9999.9,0.0126340866993281,125.3396035846119
8120260326030008,小倉競輪,8R,23:08,4-5-6,4,5,6,9999.9,0.0083525326828836,82.52449157556812
8120260326030002,小倉競輪,2R,21:05,1-6-7,1,6,7,9999.9,0.0069729154277387,68.72845698584473
8320260327020007,久留米競輪,7R,18:15,6-5-2,6,5,2,9999.9,0.0063794284297011,62.79364635416874
3120260327020005,松戸競輪,5R,10:13,1-6-3,1,6,3,9999.9,0.0061884543087778,60.88392424234772
3120260327020006,松戸競輪,6R,10:34,7-3-6,7,3,6,9999.9,0.0060583781982871,59.58317614505215
8120260326030004,小倉競輪,4R,21:45,3-1-7,3,1,7,9999.9,0.0054683935822692,53.68338898333456
8120260326030006,小倉競輪,6R,22:25,3-6-7,3,6,7,9999.9,0.005351532100403,52.51478585082048
8120260326030003,小倉競輪,3R,21:25,6-4-7,6,4,7,9999.9,0.0049765329414714,48.764831761420304
4520260328010007,豊橋競輪,7R,13:48,4-3-9,4,3,9,8349.3,0.0054970175489772,44.89624862167553
3120260327020007,松戸競輪,7R,10:55,6-5-2,6,5,2,9999.9,0.0042884030067251,41.88360122695051
6120260326030010,玉野競輪,10R,19:48,6-4-7,6,4,7,9999.9,0.0041781282668471,40.78086485564521
2820260328010007,立川競輪,7R,13:39,3-5-4,3,5,4,9432.3,0.0041916942377658,38.53731755887864
8320260327020006,久留米競輪,6R,17:49,4-6-5,4,6,5,3278.6,0.0105707775043076,33.65735112562311
6120260326030002,玉野競輪,2R,16:24,5-2-6,5,2,6,3245.5,0.0100769191537377,31.70464111345585
3620260326030002,小田原競輪,2R,12:09,6-4-2,6,4,2,3294.8,0.0097460292995708,31.111217336225884
2820260328010002,立川競輪,2R,11:29,3-5-6,3,5,6,9082.4,0.0035083785095339,30.864496974991024
2820260328010006,立川競輪,6R,13:12,4-3-1,4,3,1,7126.3,0.0044115550343141,30.43806464103308
8120260326030009,小倉競輪,9R,23:30,5-4-6,5,4,6,9999.9,0.0030187173383304,29.18687151157065
6120260326030004,玉野競輪,4R,17:12,4-6-5,4,6,5,8043.0,0.0035934763581154,27.90233034832262
3120260327020004,松戸競輪,4R,09:52,4-6-5,4,6,5,4137.3,0.0066983800760158,26.71320788850057
2820260328010004,立川競輪,4R,12:18,2-7-6,2,7,6,6155.9,0.0044548831543004,26.423815209558057
4520260328010011,豊橋競輪,11R,15:54,6-3-9,6,3,9,9999.9,0.0027262187341106,26.26191471923296
6120260326030001,玉野競輪,1R,16:00,3-4-6,3,4,6,2147.6,0.012071070499367,24.92383100444072
2820260328010003,立川競輪,3R,11:53,5-4-3,5,4,3,9999.9,0.0024298572812405,23.29832982667704
4520260328010006,豊橋競輪,6R,13:21,5-4-3,5,4,3,9999.9,0.0023862202361176,22.86196373915261
8320260327020004,久留米競輪,4R,17:00,7-6-2,7,6,2,5988.2,0.0038639239347271,22.137949305932967
4520260328010008,豊橋競輪,8R,14:17,6-7-5,6,7,5,9999.9,0.0022610669110688,21.610443003997094
2820260328010001,立川競輪,1R,11:05,5-6-3,5,6,3,2645.2,0.0083898229798301,21.192759746246757
6120260326030009,玉野競輪,9R,19:20,7-6-2,7,6,2,5358.3,0.0041346890472887,21.154904322087177
8320260327020012,久留米競輪,12R,20:30,5-6-4,5,6,4,5187.7,0.0041434305606271,20.49487471936553
4520260328010001,豊橋競輪,1R,11:13,1-8-2,1,8,2,3924.7,0.0052606223661713,19.646364600512683
3620260326030010,小田原競輪,10R,16:06,5-6-2,5,6,2,5004.8,0.004001351946624,19.025966222464163
8320260327020011,久留米競輪,11R,20:02,7-6-4,7,6,4,5195.7,0.0036843379328221,18.14271459756379
3120260327020001,松戸競輪,1R,08:50,3-6-4,3,6,4,2600.2,0.0069595075253205,17.096111467338584
2820260328010010,立川競輪,10R,15:08,3-6-7,3,6,7,7426.1,0.0024296794716939,17.04304272474615
8320260327020001,久留米競輪,1R,15:48,5-6-4,5,6,4,4070.5,0.004417660380558,16.98208657906163
4520260328010010,豊橋競輪,10R,15:19,5-8-4,5,8,4,6642.5,0.0026177292189738,16.38826633703385
8320260327020005,久留米競輪,5R,17:24,1-6-7,1,6,7,4521.8,0.0038202038256632,16.274197658884123
6120260326030006,玉野競輪,6R,18:02,7-6-2,7,6,2,5400.7,0.0031765256247118,16.1554619413814
4520260328010004,豊橋競輪,4R,12:27,4-9-5,4,9,5,9255.7,0.0017838901250495,15.511151830421142
3620260326030004,小田原競輪,4R,13:03,6-3-2,6,3,2,3724.4,0.0043445094095756,15.180690845023731
6120260326030003,玉野競輪,3R,16:48,6-4-3,6,4,3,3135.8,0.0050092653895138,14.708054408437578
2820260328010008,立川競輪,8R,14:07,6-2-5,6,2,5,3772.8,0.0039720992251827,13.985935956769625
4520260328010002,豊橋競輪,2R,11:37,7-6-4,7,6,4,3508.4,0.0041395433676512,13.523173951067754
8120260326030007,小倉競輪,7R,22:46,6-7-1,6,7,1,9999.9,0.0014324881811562,13.324738562743931
4520260328010012,豊橋競輪,12R,16:30,1-4-7,1,4,7,2280.4,0.0057136405252104,12.02938585368995
8320260327020003,久留米競輪,3R,16:36,1-3-6,1,3,6,3312.9,0.0038421823719656,11.72876598008506
3120260327020003,松戸競輪,3R,09:31,4-3-6,4,3,6,3210.5,0.0039309601820841,11.62034766458106
2820260328010011,立川競輪,11R,15:42,4-7-6,4,7,6,5671.1,0.0022176676384149,11.576614944215237
8320260327020010,久留米競輪,10R,19:34,7-6-3,7,6,3,1614.2,0.0077482093675985,11.50715956117758
8320260327020002,久留米競輪,2R,16:12,2-6-4,2,6,4,1556.1,0.0075353511532901,10.72575992963484
4520260328010009,豊橋競輪,9R,14:47,1-4-9,1,4,9,3124.9,0.0037452645499229,10.703577192054365
3620260326030005,小田原競輪,5R,13:30,1-3-6,1,3,6,1955.4,0.0058813917022723,10.500473334623385
6120260326030005,玉野競輪,5R,17:36,4-7-6,4,7,6,8337.0,0.0013784722989935,10.49232355670932
2820260328010009,立川競輪,9R,14:37,5-6-2,5,6,2,831.0,0.0136815913722274,10.369402430320976
3620260326030001,小田原競輪,1R,11:45,4-7-6,4,7,6,2320.2,0.0048448975683701,10.241131338132304
2820260328010005,立川競輪,5R,12:45,4-1-3,4,1,3,2407.9,0.0041844384023469,9.075709229011236
3120260327020002,松戸競輪,2R,09:10,3-4-6,3,4,6,2120.3,0.0046624380018957,8.885767295419605
6120260326030011,玉野競輪,11R,20:16,3-6-7,3,6,7,1270.7,0.0077234359619776,8.814170076884938
3620260326030008,小田原競輪,8R,14:57,7-4-1,7,4,1,1617.1,0.0058467206395835,8.454731946270622
3620260326030006,小田原競輪,6R,13:57,1-6-4,1,6,4,2271.3,0.0041435413920982,8.41122556387268
3620260326030007,小田原競輪,7R,14:27,5-3-7,5,3,7,1616.4,0.0057973330381657,8.37080912289108
3620260326030003,小田原競輪,3R,12:36,5-6-4,5,6,4,597.7,0.0151726063412699,8.06866681017705
4520260328010003,豊橋競輪,3R,12:01,5-2-8,5,2,8,1858.5,0.0045859191485465,7.522930737573697
6120260326030007,玉野競輪,7R,18:28,5-6-2,5,6,2,1503.7,0.005414464888844,7.141730853354844
4520260328010005,豊橋競輪,5R,12:54,7-4-8,7,4,8,5076.9,0.0015745229771604,6.993695702745872
6120260326030008,玉野競輪,8R,18:54,6-4-7,6,4,7,3919.5,0.0017881438693966,6.00862989610003
3620260326030009,小田原競輪,9R,15:30,7-3-2,7,3,2,571.2,0.0105751301732431,5.0405143549564935
2820260328010012,立川競輪,12R,16:18,1-6-4,1,6,4,1513.1,0.0039448339109286,4.9689281906261416
8120260326030001,小倉競輪,1R,20:45,5-4-6,5,4,6,855.7,0.0046795978935803,3.004331917536682
8320260327020008,久留米競輪,8R,18:41,3-6-4,3,6,4,273.7,0.0134763559507106,2.6884786237095004
8320260327020009,久留米競輪,9R,19:07,2-3-1,2,3,1,471.6,0.0071618039491675,2.3775067424274066
3520260329010007,平塚競輪,7R,22:50,2-4-7,2,4,7,9999.9,0.0090295133233152,89.29423028182003
8720260329010003,熊本競輪,3R,21:20,4-6-2,4,6,2,9999.9,0.0088711459591464,87.71057247686893
8720260329010006,熊本競輪,6R,22:20,4-7-2,4,7,2,9999.9,0.0085191273258334,84.19042134560141
3520260329010003,平塚競輪,3R,21:30,2-5-6,2,5,6,9999.9,0.0079648132498422,78.64733601709773
3520260329010006,平塚競輪,6R,22:30,2-6-4,2,6,4,9999.9,0.0079100241748354,78.09945074593713
8720260329010002,熊本競輪,2R,21:00,4-3-6,4,3,6,9999.9,0.0075920024600551,74.91926540030518
3720260329010007,伊東競輪,7R,18:10,7-4-2,7,4,2,9711.7,0.0077868770469375,74.62381381674317
3520260329010008,平塚競輪,8R,23:10,5-3-2,5,3,2,9999.9,0.0069750505560782,68.74980805572653
8720260329010004,熊本競輪,4R,21:40,6-1-4,6,1,4,9999.9,0.0069736511153517,68.73581378840646
3520260329010002,平塚競輪,2R,21:10,2-4-7,2,4,7,9999.9,0.0069290904239569,68.29021133052707
8720260329010008,熊本競輪,8R,23:00,3-7-1,3,7,1,9999.9,0.0066846221609993,65.84555314777742
8720260329010007,熊本競輪,7R,22:40,4-7-6,4,7,6,9999.9,0.0066550106222871,65.54944072180909
2820260328020006,立川競輪,6R,13:09,4-7-2,4,7,2,9999.9,0.0059169309985896,58.16871829279657
3520260329010004,平塚競輪,4R,21:50,2-4-7,2,4,7,9999.9,0.0058723644724474,57.72305748802695
8720260329010005,熊本競輪,5R,22:00,5-4-7,5,4,7,9999.9,0.0057873029216522,56.87245048623056
3520260329010005,平塚競輪,5R,22:10,5-2-7,5,2,7,9999.9,0.0057120855388896,56.12028418034228
8320260327030010,久留米競輪,10R,19:38,6-4-3,6,4,3,9999.9,0.0056138220720631,55.13765933842434
2820260328020007,立川競輪,7R,13:35,1-6-5,1,6,5,9999.9,0.0054127375888721,53.126834614962426
6220260329010005,広島競輪,5R,10:10,3-6-7,3,6,7,7162.5,0.0075013125364638,52.72815104242256
3520260329010001,平塚競輪,1R,20:50,4-2-6,4,2,6,9999.9,0.005253823912188,51.53771373948944
3520260329010009,平塚競輪,9R,23:30,2-6-5,2,6,5,9999.9,0.0049581132685453,48.58063687412709
6220260329010007,広島競輪,7R,10:50,1-6-5,1,6,5,7106.1,0.0065279878916586,45.38853475691541
2820260328020004,立川競輪,4R,12:17,4-6-5,4,6,5,9999.9,0.0040850780453664,39.850371945859976
6220260329010006,広島競輪,6R,10:30,6-7-5,6,7,5,8842.4,0.0044984243804205,38.7768677414303
4520260328020006,豊橋競輪,6R,13:22,6-2-7,6,2,7,9999.9,0.0039211709357161,38.21131724006791
8720260329010009,熊本競輪,9R,23:20,2-6-5,2,6,5,9999.9,0.0030882022500481,29.881713680256063
4520260328020010,豊橋競輪,10R,15:12,3-6-2,3,6,2,9999.9,0.0030574966733137,29.57466098347007
3120260327030007,松戸競輪,7R,11:00,5-2-7,5,2,7,6492.1,0.0043785671240133,27.426095625807285
2820260328020005,立川競輪,5R,12:43,3-5-4,3,5,4,9938.8,0.0027748307953087,26.578488308414112
4520260328020007,豊橋競輪,7R,13:48,6-3-7,6,3,7,9495.5,0.0027546205315728,25.15649925754968
2820260328020011,立川競輪,11R,15:28,5-6-1,5,6,1,3156.4,0.007954043641635,24.10614335045675
3720260329010006,伊東競輪,6R,17:46,3-2-5,3,2,5,4260.7,0.0057250777251726,23.39283866364315
6220260329010004,広島競輪,4R,09:50,7-6-1,7,6,1,2755.7,0.0087495402958016,23.11110819314053
3720260329010002,伊東競輪,2R,16:14,7-6-3,7,6,3,3245.7,0.0073675583575668,22.912884161154825
3720260329010009,伊東競輪,9R,18:59,6-5-3,6,5,3,9218.2,0.0025271704712597,22.29596283816699
4520260328020012,豊橋競輪,12R,16:20,6-9-1,6,9,1,9640.6,0.0024073025684883,22.20784114176895
6220260329010001,広島競輪,1R,08:50,6-7-1,6,7,1,6802.7,0.003336583378986,21.697775752228495
3120260327030005,松戸競輪,5R,10:20,7-4-2,7,4,2,3705.5,0.0059683178666323,21.115601854806044
2820260328020001,立川競輪,1R,11:05,5-6-4,5,6,4,3651.7,0.006016029214587,20.968733882907586
2820260328020003,立川競輪,3R,11:52,5-1-6,5,1,6,5010.1,0.0041237821910947,19.660561155603585
2820260328020010,立川競輪,10R,14:58,4-6-5,4,6,5,6799.6,0.0028074494309188,18.08953315047578
2820260328020002,立川競輪,2R,11:28,5-3-1,5,3,1,770.1,0.0219725151653092,15.92103392880466
3120260327030004,松戸競輪,4R,10:00,4-6-3,4,6,3,4261.7,0.0039557735525922,15.858320149082594
8320260327030001,久留米競輪,1R,16:06,2-6-1,2,6,1,1675.8,0.0096640698964233,15.195048332426207
3720260329010001,伊東競輪,1R,15:54,2-6-4,2,6,4,2023.5,0.0078718758365319,14.928740755222366
3720260329010004,伊東競輪,4R,16:58,7-6-4,7,6,4,1854.5,0.0083039257165065,14.399630241261384
3120260327030006,松戸競輪,6R,10:40,1-4-6,1,4,6,2658.2,0.0056900281852264,14.125232921968976
4520260328020005,豊橋競輪,5R,12:56,3-4-2,3,4,2,8201.9,0.0017896069319406,13.678177095083978
4520260328020009,豊橋競輪,9R,14:44,4-6-1,4,6,1,9165.6,0.0015715632043402,13.40431970570077
3120260327030003,松戸競輪,3R,09:40,3-6-1,3,6,1,1386.4,0.0102872020700987,13.262176949984854
6220260329010002,広島競輪,2R,09:10,5-4-3,5,4,3,1676.1,0.0084651520787305,13.188441399160318
2820260328020008,立川競輪,8R,14:02,1-6-2,1,6,2,2269.4,0.0062201584042978,13.116027482713646
4520260328020003,豊橋競輪,3R,12:04,1-6-4,1,6,4,3870.0,0.003570466706698,12.817706154921328
4520260328020011,豊橋競輪,11R,15:44,4-5-2,4,5,2,8934.4,0.0015420655349541,12.777430315494538
4520260328020004,豊橋競輪,4R,12:30,6-8-9,6,8,9,9999.9,0.0013530103543279,12.529968242244273
2820260328020009,立川競輪,9R,14:30,1-6-5,1,6,5,1089.3,0.0123377296850266,12.43948894589958
3720260329010011,伊東競輪,11R,19:51,6-5-7,6,5,7,6013.8,0.0021480166136065,11.917742310906826
6220260329010003,広島競輪,3R,09:30,5-6-7,5,6,7,6556.3,0.0019430947556384,11.739512146392618
8320260327030004,久留米競輪,4R,17:10,4-6-7,4,6,7,2070.4,0.0059695469414165,11.359349987508844
4520260328020002,豊橋競輪,2R,11:40,7-5-4,7,5,4,1554.0,0.0078704113673347,11.230619264838229
2820260328020012,立川競輪,12R,16:02,3-6-7,3,6,7,3069.3,0.0038488637951726,10.81331764652353
3120260327030001,松戸競輪,1R,09:00,4-3-6,4,3,6,1052.9,0.0107648434791427,10.334303699189448
8320260327030012,久留米競輪,12R,20:30,5-4-2,5,4,2,1838.5,0.0059575178191139,9.95289651044103
3720260329010010,伊東競輪,10R,19:25,3-6-5,3,6,5,2084.5,0.0049463221614791,9.310608545603266
3720260329010003,伊東競輪,3R,16:35,6-4-1,6,4,1,4462.8,0.002203576702424,8.834122107578246
8720260329010001,熊本競輪,1R,20:40,4-6-2,4,6,2,2229.0,0.0043752448366868,8.75242074097492
3720260329010008,伊東競輪,8R,18:34,4-6-5,4,6,5,922.0,0.0104766648111271,8.659484955859243
8320260327030002,久留米競輪,2R,16:26,1-6-4,1,6,4,963.9,0.0090942028189759,7.765902097210898
4520260328020008,豊橋競輪,8R,14:16,1-5-4,1,5,4,4874.9,0.001731466379005,7.440725451011536
4520260328020001,豊橋競輪,1R,11:16,1-8-5,1,8,5,1132.9,0.0073200869141089,7.292926464994036
3120260327030002,松戸競輪,2R,09:20,5-4-1,5,4,1,1759.1,0.00460031672891,7.0924171578256825
3720260329010005,伊東競輪,5R,17:22,1-6-5,1,6,5,893.7,0.0089031432684714,6.956739139032955
8320260327030005,久留米競輪,5R,17:34,3-4-7,3,4,7,2382.9,0.0030155551344298,6.185766329832937
8320260327030009,久留米競輪,9R,19:12,2-6-7,2,6,7,919.2,0.0078083704604149,6.177454127213442
8320260327030008,久留米競輪,8R,18:46,2-6-3,2,6,3,713.6,0.0099751210569846,6.11824638626425
3720260329010012,伊東競輪,12R,20:17,6-7-1,6,7,1,2588.5,0.0027027597178417,5.996093529633437
8320260327030003,久留米競輪,3R,16:46,1-2-6,1,2,6,2827.0,0.0024191274426936,5.838873280494962
8320260327030007,久留米競輪,7R,18:22,7-6-2,7,6,2,655.5,0.0094187547624959,5.173993746816082
8320260327030011,久留米競輪,11R,20:04,7-6-2,7,6,2,1014.6,0.0055498298621561,4.630857378143606
8320260327030006,久留米競輪,6R,17:58,5-4-6,5,4,6,717.8,0.0063033764811067,3.5245636381384227
8720260404010005,熊本競輪,5R,22:36,2-7-5,2,7,5,9999.9,0.014065212162705,139.65071510583448
1320260404010004,いわき平競輪,4R,22:01,1-6-7,1,6,7,9999.9,0.0132730224205016,131.72889690277472
8720260404010002,熊本競輪,2R,21:21,4-7-1,4,7,1,9999.9,0.0109934326095918,108.93322675265804
8720260404010003,熊本競輪,3R,21:45,3-7-4,3,7,4,9999.9,0.0088327309756237,87.32642648314035
8720260404010007,熊本競輪,7R,23:30,2-7-6,2,7,6,9999.9,0.0084859917092803,83.85906849363286
4720260404010005,松阪競輪,5R,22:18,2-7-6,2,7,6,9999.9,0.0074710945313655,73.71019820420246
1320260404010005,いわき平競輪,5R,22:27,2-7-6,2,7,6,9999.9,0.0067659235433057,66.658558840703
4720260404010006,松阪競輪,6R,22:45,5-7-2,5,7,2,9999.9,0.006683688174165,65.8362133728329
1320260404010006,いわき平競輪,6R,22:54,4-7-1,4,7,1,9999.9,0.0066739018773534,65.73835138334694
4720260404010003,松阪競輪,3R,21:29,2-5-6,2,5,6,9999.9,0.0065207330063571,64.2066779902708
4720260404010001,松阪競輪,1R,20:41,2-7-6,2,7,6,9999.9,0.0062928560399282,61.92793111367895
1320260404010002,いわき平競輪,2R,21:13,5-7-1,5,7,1,9999.9,0.0060378380152199,59.37777636839815
4720260404010004,松阪競輪,4R,21:53,3-7-1,3,7,1,9999.9,0.0060030574520768,59.02997421502285
1320260404010003,いわき平競輪,3R,21:37,2-6-4,2,6,4,9999.9,0.0058244260941599,57.24367849898981
8720260404010004,熊本競輪,4R,22:09,3-5-4,3,5,4,9999.9,0.005599346262746,54.99290269283447
4720260404010002,松阪競輪,2R,21:05,2-7-6,2,7,6,9999.9,0.0053183329832295,52.18279799899764
4520260404010006,豊橋競輪,6R,18:06,2-3-4,2,3,4,7294.7,0.0064145521228674,45.79223337068113
1320260404010001,いわき平競輪,1R,20:49,2-6-3,2,6,3,6304.5,0.0072294321009229,44.577954680268704
4520260404010005,豊橋競輪,5R,17:42,6-5-3,6,5,3,9999.9,0.0032729512392753,31.72918509762993
4520260404010003,豊橋競輪,3R,16:54,4-6-3,4,6,3,3202.9,0.010061766200315,31.226830962989155
6120260402030011,玉野競輪,11R,20:02,7-6-3,7,6,3,8178.8,0.0037027892954998,29.284373090034183
8720260404010001,熊本競輪,1R,20:57,5-4-3,5,4,3,9999.9,0.0029967837654023,28.967537975646497
3720260402030011,伊東競輪,11R,15:47,5-3-4,5,3,4,6322.5,0.0047130267811952,28.798111824107167
3720260402030012,伊東競輪,12R,16:25,9-2-5,9,2,5,9999.9,0.0028371629746993,27.371346030695936
3720260402030010,伊東競輪,10R,15:16,3-6-4,3,6,4,9890.2,0.0028571655862791,27.25793908141853
8420260402030006,武雄競輪,6R,10:14,5-6-4,5,6,4,8559.8,0.0032641057021876,26.940091989585845
1320260404010007,いわき平競輪,7R,23:21,6-7-1,6,7,1,9999.9,0.0026817264884665,25.81699671201644
8720260404010006,熊本競輪,6R,23:03,2-3-4,2,3,4,1371.0,0.017396299016285,22.850325951326784
4720260404010007,松阪競輪,7R,23:12,6-7-4,6,7,4,9999.9,0.0023607966575063,22.60773049539745
6120260402030002,玉野競輪,2R,16:18,4-6-5,4,6,5,6429.6,0.003588217374682,22.070802432255537
8420260402030001,武雄競輪,1R,08:30,1-7-3,1,7,3,7864.8,0.0026654172489694,19.962973579694765
8420260402030003,武雄競輪,3R,09:11,2-3-6,2,3,6,1008.4,0.0197961109091765,18.9623982408136
4520260404010009,豊橋競輪,9R,19:22,5-6-4,5,6,4,2535.7,0.0075608251082494,18.17198422698816
3720260402030002,伊東競輪,2R,11:14,4-8-3,4,8,3,4512.8,0.0038546873716884,16.39543317095557
8420260402030004,武雄競輪,4R,09:32,4-6-3,4,6,3,3212.2,0.0051332847916622,15.489137407777424
4520260404010002,豊橋競輪,2R,16:32,6-4-1,6,4,1,5546.9,0.0028369609275681,14.736338569127945
6120260402030012,玉野競輪,12R,20:30,4-6-7,4,6,7,2690.9,0.0056188211398307,14.119685805170596
6120260402030003,玉野競輪,3R,16:42,2-4-6,2,4,6,3182.0,0.0046554550235447,13.813657884919415
3720260402030006,伊東競輪,6R,13:13,9-4-5,9,4,5,2430.4,0.0058300120470918,13.169261279252089
4520260404010010,豊橋競輪,10R,19:48,7-6-5,7,6,5,1941.5,0.0071047817852196,12.793933836003973
8420260402030007,武雄競輪,7R,10:35,5-6-2,5,6,2,5520.2,0.0024839039550343,12.711646612580674
4520260404010004,豊橋競輪,4R,17:18,4-6-5,4,6,5,2448.6,0.005570992306744,12.641131762293478
3720260402030004,伊東競輪,4R,12:13,2-5-4,2,5,4,4356.6,0.0030960257898826,12.488145956202615
3720260402030008,伊東競輪,8R,14:14,3-8-9,3,8,9,8812.5,0.0014800920344993,12.043311054025937
3720260402030005,伊東競輪,5R,12:43,1-7-4,1,7,4,1300.8,0.0096971662641856,11.61407387645275
3720260402030009,伊東競輪,9R,14:45,9-8-1,9,8,1,3911.7,0.0030539070500334,10.945968207615795
4520260404010001,豊橋競輪,1R,16:07,2-1-6,2,1,6,1901.7,0.0056632471800342,9.769797162271216
4520260404010008,豊橋競輪,8R,18:56,6-7-5,6,7,5,2406.7,0.0042994341470683,9.347448161749334
6120260402030008,玉野競輪,8R,18:43,1-6-3,1,6,3,1216.6,0.0084885179429167,9.32713092935249
3720260402030001,伊東競輪,1R,10:45,5-4-6,5,4,6,2363.4,0.0041391078988072,8.782367608041023
6120260402030004,玉野競輪,4R,17:06,2-6-1,2,6,1,1673.6,0.0055688917270499,8.32009719439077
4520260404010007,豊橋競輪,7R,18:30,6-7-3,6,7,3,9999.9,0.0009293047213091,8.292954282619698
6120260402030007,玉野競輪,7R,18:18,7-6-5,7,6,5,1277.1,0.0070972075476348,8.06384375908441
3720260402030007,伊東競輪,7R,13:43,5-4-7,5,4,7,4012.3,0.0022036516969586,7.841711703707167
3720260402030003,伊東競輪,3R,11:43,2-1-8,2,1,8,1114.3,0.0075073808785438,7.365474512961391
6120260402030010,玉野競輪,10R,19:35,7-6-2,7,6,2,1527.6,0.0053589229738276,7.186290734819181
8420260402030002,武雄競輪,2R,08:50,2-6-1,2,6,1,689.9,0.011561082135821,6.975990565502925
6120260402030009,玉野競輪,9R,19:09,1-7-6,1,7,6,1752.4,0.0041382535870881,6.251875586013222
8420260402030005,武雄競輪,5R,09:53,4-3-5,4,3,5,3029.9,0.0022982422673866,5.963444245954899
6120260402030001,玉野競輪,1R,15:55,3-6-5,3,6,5,1329.5,0.0050706945517878,5.741488406601981
6120260402030005,玉野競輪,5R,17:30,4-6-5,4,6,5,990.3,0.0067183379767591,5.653170098384627
4520260404010011,豊橋競輪,11R,20:16,3-2-1,3,2,1,2131.6,0.0028471990190835,5.069089429078486
6120260402030006,玉野競輪,6R,17:54,5-6-4,5,6,4,2173.3,0.0021810097031713,3.739988387902243
8720260404020006,熊本競輪,6R,23:03,1-7-3,1,7,3,9999.9,0.0134221472362382,133.22013014765855
4720260404020007,松阪競輪,7R,23:12,1-3-7,1,3,7,9999.9,0.0125867027062016,124.8657683917456
4720260404020004,松阪競輪,4R,21:53,1-7-3,1,7,3,9999.9,0.0123441597892915,122.44036347693628
1320260404020004,いわき平競輪,4R,22:01,4-2-7,4,2,7,9999.9,0.011519726770136,114.1961157286838
8720260404020007,熊本競輪,7R,23:30,1-6-5,1,6,5,9999.9,0.0110118554916608,109.11745373105894
1320260404020005,いわき平競輪,5R,22:27,1-6-7,1,6,7,9999.9,0.0104169113423488,103.16807173235452
8720260404020003,熊本競輪,3R,21:45,1-7-3,1,7,3,9999.9,0.0097050082083619,96.04911158279909
8720260404020005,熊本競輪,5R,22:36,2-6-4,2,6,4,9999.9,0.0094564696485414,93.56375083844937
8720260404020002,熊本競輪,2R,21:21,5-4-3,5,4,3,9999.9,0.0082046292363805,81.04547190088178
4720260404020002,松阪競輪,2R,21:05,2-7-3,2,7,3,9999.9,0.0079680357586739,78.67956078316321
1320260404020002,いわき平競輪,2R,21:13,2-7-3,2,7,3,9999.9,0.0072250322712162,71.24960020893529
1320260404020006,いわき平競輪,6R,22:54,2-7-3,2,7,3,9999.9,0.0066763170342333,65.76250271063026
4520260404020005,豊橋競輪,5R,17:42,5-6-3,5,6,3,9999.9,0.0063304413667353,62.30378062321656
4720260404020003,松阪競輪,3R,21:29,5-7-1,5,7,1,9999.9,0.0060823052112868,59.8224438823478
2320260405010006,取手競輪,6R,10:14,4-6-1,4,6,1,9599.5,0.0062919328137279,59.39940904538166
1320260404020003,いわき平競輪,3R,21:37,4-6-7,4,6,7,9999.9,0.005727730759028,56.27673481720481
2320260405010005,取手競輪,5R,09:53,5-6-1,5,6,1,9999.9,0.0052698448773065,51.69792178857727
4720260404020001,松阪競輪,1R,20:41,4-2-7,4,2,7,9999.9,0.0052387942876295,51.38741899686688
1320260404020001,いわき平競輪,1R,20:49,4-6-5,4,6,5,9999.9,0.0049368019436709,48.36752575651476
4520260404020006,豊橋競輪,6R,18:06,1-7-6,1,7,6,9999.9,0.0048065900900889,47.06542024188086
7420260405010004,高知競輪,4R,12:08,5-6-1,5,6,1,9810.0,0.0048243383794106,46.32675950201822
7420260405010003,高知競輪,3R,11:40,3-6-7,3,6,7,5856.3,0.0078758308891783,45.123228436294895
4720260404020006,松阪競輪,6R,22:45,2-4-6,2,4,6,9999.9,0.0045519238140474,44.51878294809287
1320260404020007,いわき平競輪,7R,23:21,4-6-1,4,6,1,9999.9,0.0042521761484568,41.52133626695371
4720260404020005,松阪競輪,5R,22:18,3-7-1,3,7,1,9999.9,0.0041984048050571,40.98362821009069
8720260404020004,熊本競輪,4R,22:09,5-4-6,5,4,6,9999.9,0.0037087841795991,36.08747091757305
7420260405010009,高知競輪,9R,14:31,7-6-4,7,6,4,6779.3,0.0054204000807151,35.746518267192286
2320260405010004,取手競輪,4R,09:32,5-6-4,5,6,4,9999.9,0.0036269798708668,35.269436010681694
7420260405010007,高知競輪,7R,13:32,7-6-5,7,6,5,9999.9,0.0031627701280258,30.627385003245383
2220260405010010,前橋競輪,10R,19:35,7-6-5,7,6,5,3177.5,0.0094777616650179,29.11558769059462
2220260405010004,前橋競輪,4R,17:06,5-6-7,5,6,7,6095.0,0.0047610791652602,28.018777512261305
2320260405010003,取手競輪,3R,09:11,4-6-7,4,6,7,3472.6,0.0079406077345539,26.574554419012067
4520260404020008,豊橋競輪,8R,18:56,2-3-1,2,3,1,9999.9,0.0024908681579946,23.90843249313092
7420260405010010,高知競輪,10R,15:01,6-4-1,6,4,1,7195.8,0.0033346813054623,22.995699737845857
2320260405010002,取手競輪,2R,08:50,5-6-7,5,6,7,3634.0,0.0066016293572061,22.99032108408704
2220260405010011,前橋競輪,11R,20:02,7-6-4,7,6,4,2114.4,0.010643551378125,21.504725033907643
3720260402040008,伊東競輪,8R,14:16,6-9-4,6,9,4,9999.9,0.0022327786114493,21.327562836632517
2220260405010006,前橋競輪,6R,17:54,2-7-6,2,7,6,4630.5,0.0047508115372803,20.99863282337652
7420260405010011,高知競輪,11R,15:32,2-4-3,2,4,3,4099.2,0.0053590595079803,20.967856735112864
3720260402040009,伊東競輪,9R,14:46,1-4-3,1,4,3,5789.2,0.0037555923773879,20.741875391174272
4520260404020010,豊橋競輪,10R,19:48,2-3-1,2,3,1,9999.9,0.0020856892470224,19.85668390129955
7420260405010008,高知競輪,8R,14:01,4-6-2,4,6,2,4690.7,0.0044119028928682,19.69491289957709
3720260402040007,伊東競輪,7R,13:46,6-3-1,6,3,1,9999.9,0.0020540383278417,19.54017787458481
7420260405010002,高知競輪,2R,11:12,3-6-4,3,6,4,4580.2,0.0043192851117586,18.783189668877096
2220260405010008,前橋競輪,8R,18:43,4-5-6,4,5,6,1848.9,0.0106792895461985,18.74493844196649
2220260405010002,前橋競輪,2R,16:18,3-6-5,3,6,5,4790.3,0.0041096080246844,18.68625532064597
3720260402040001,伊東競輪,1R,10:58,7-6-2,7,6,2,4400.0,0.0044263113408112,18.475769899569286
4520260404020011,豊橋競輪,11R,20:16,4-2-6,4,2,6,6665.2,0.0028116149494194,17.73997596087046
3720260402040011,伊東競輪,11R,15:48,9-6-4,9,6,4,6729.9,0.0026031671862214,16.519054846551434
3720260402040010,伊東競輪,10R,15:16,6-7-3,6,7,3,9845.8,0.0017059192593053,15.796139843268431
2220260405010003,前橋競輪,3R,16:42,1-6-5,1,6,5,4415.9,0.003698020887636,15.330090437711842
7420260405010001,高知競輪,1R,10:45,5-6-1,5,6,1,5989.2,0.0026976909450006,15.15701060779816
2220260405010001,前橋競輪,1R,15:55,7-6-1,7,6,1,1013.5,0.0147164218944685,13.915093590043863
3720260402040012,伊東競輪,12R,16:25,9-4-7,9,4,7,6343.9,0.0022635665912983,13.359840098537576
4520260404020004,豊橋競輪,4R,17:18,4-6-7,4,6,7,3468.9,0.0040818486904608,13.159524922339598
7420260405010006,高知競輪,6R,13:04,1-6-5,1,6,5,865.3,0.0159487722379339,12.800472617484246
2220260405010009,前橋競輪,9R,19:09,2-5-6,2,5,6,4099.7,0.003319747586703,12.609969181206528
7420260405010012,高知競輪,12R,16:03,7-5-4,7,5,4,2670.6,0.0046614171608337,11.448780669722618
4520260404020002,豊橋競輪,2R,16:32,4-7-6,4,7,6,1140.6,0.0104696332032461,10.941663631622593
3720260402040005,伊東競輪,5R,12:50,9-4-8,9,4,8,3921.7,0.0030116283721737,10.810702987153658
4520260404020007,豊橋競輪,7R,18:30,6-4-1,6,4,1,9999.9,0.0011520383986591,10.520268782751357
3720260402040004,伊東競輪,4R,12:22,7-5-1,7,5,1,4317.1,0.0026533417011767,10.454741458150092
2320260405010001,取手競輪,1R,08:30,5-4-6,5,4,6,4029.4,0.0028019398858269,10.290136575950976
2220260405010012,前橋競輪,12R,20:30,5-6-4,5,6,4,2171.1,0.0050894718245097,10.049752278193068
4520260404020009,豊橋競輪,9R,19:22,3-7-6,3,7,6,5235.0,0.0020647120706334,9.808767689766077
3720260402040003,伊東競輪,3R,11:54,3-6-8,3,6,8,3030.5,0.003512510249516,9.644662311158283
7420260405010005,高知競輪,5R,12:36,5-1-7,5,1,7,2459.2,0.0042650213418148,9.488540483791091
3720260402040006,伊東競輪,6R,13:18,2-4-3,2,4,3,1998.0,0.0046383338774459,8.267391087136946
3720260402040002,伊東競輪,2R,11:26,6-4-1,6,4,1,4480.1,0.0020194136096181,8.047174912450068
2220260405010007,前橋競輪,7R,18:18,5-3-7,5,3,7,2328.9,0.0036313558836631,7.457064717463101
4520260404020003,豊橋競輪,3R,16:54,7-6-5,7,6,5,1633.3,0.0050409205854542,7.2333355922224705
2320260405010007,取手競輪,7R,10:35,6-4-7,6,4,7,5064.4,0.001143872693701,4.793028869979797
2220260405010005,前橋競輪,5R,17:30,5-6-7,5,6,7,579.6,0.008906551343177,4.1622371585054
4520260404020001,豊橋競輪,1R,16:10,7-2-6,7,2,6,833.9,0.0061158689626734,4.100023127973372
8720260404020001,熊本競輪,1R,20:57,5-4-1,5,4,1,167.5,0.0233477842127205,2.9107538556306918
8620260410010006,別府競輪,6R,22:20,1-7-6,1,7,6,9999.9,0.0123882953352648,122.88171452311477
3820260410010005,静岡競輪,5R,22:10,1-6-7,1,6,7,9999.9,0.0099668885689773,98.6678890009161
8620260410010004,別府競輪,4R,21:40,2-7-4,2,7,4,9999.9,0.0097472917251642,96.47194252247031
3620260409020005,小田原競輪,5R,12:46,7-6-2,7,6,2,9999.9,0.0084214463636417,83.21362149178063
3820260410010003,静岡競輪,3R,21:30,2-4-5,2,4,5,9999.9,0.0081234447468249,80.23363512377479
8620260410010008,別府競輪,8R,23:00,2-7-4,2,7,4,9999.9,0.0079101287586238,78.10049657336295
3820260410010002,静岡競輪,2R,21:10,1-7-6,1,7,6,9999.9,0.0074700158933138,73.69941193154904
8620260410010002,別府競輪,2R,21:00,2-4-5,2,4,5,9999.9,0.0073487306080503,72.48657120744248
3820260410010004,静岡競輪,4R,21:50,5-7-2,5,7,2,9999.9,0.0071607949605122,70.60723352562599
1120260409020009,函館競輪,9R,19:21,7-6-3,7,6,3,9999.9,0.0062957843899623,61.95721432118469
3820260410010008,静岡競輪,8R,23:10,2-6-5,2,6,5,9999.9,0.0061206400982896,60.20578891888628
1120260409020010,函館競輪,10R,19:47,1-6-5,1,6,5,9999.9,0.0058117158111153,57.11657693957239
1120260409020006,函館競輪,6R,18:05,5-3-7,5,3,7,9999.9,0.0055506644590648,54.50608952420291
8620260410010001,別府競輪,1R,20:40,3-7-6,3,7,6,9999.9,0.0051933424525263,50.93290519101789
8620260410010003,別府競輪,3R,21:20,6-3-4,6,3,4,9999.9,0.0050280426159577,49.279923355315496
6320260410010007,防府競輪,7R,10:35,2-5-6,2,5,6,9999.9,0.0048413354283072,47.412870149529226
3820260410010001,静岡競輪,1R,20:50,3-6-4,3,6,4,6064.5,0.007930268483334,47.09311321717911
6320260410010006,防府競輪,6R,10:14,4-6-1,4,6,1,6924.8,0.0066985687640888,45.38624897756258
3820260410010009,静岡競輪,9R,23:30,5-1-6,5,1,6,9999.9,0.0046358750009899,45.358286422399104
3820260410010006,静岡競輪,6R,22:30,4-7-5,4,7,5,9999.9,0.0045803225241445,44.80276720919327
1120260409020005,函館競輪,5R,17:41,6-2-7,6,2,7,9999.9,0.0044134858411755,43.1344170631709
8620260410010007,別府競輪,7R,22:40,2-4-5,2,4,5,9999.9,0.0042679186617196,41.67875982533042
6320260410010003,防府競輪,3R,09:11,5-6-7,5,6,7,4302.4,0.0090090364968399,37.76047862400407
8620260410010009,別府競輪,9R,23:20,6-7-2,6,7,2,9999.9,0.0036824529582698,35.82416133740297
3620260409020004,小田原競輪,4R,12:19,3-1-4,3,1,4,8690.3,0.004199286283067,35.4930575857379
2620260409020010,西武園競輪,10R,15:06,9-4-1,9,4,1,8762.1,0.0040726526331006,34.684989636490904
6320260410010004,防府競輪,4R,09:32,5-7-6,5,7,6,8190.2,0.0043553442240716,34.67114026399156
3620260409020010,小田原競輪,10R,15:16,7-6-4,7,6,4,5280.8,0.0064224308573975,32.91557287174516
1120260409020011,函館競輪,11R,20:15,3-6-5,3,6,5,9999.9,0.0033259840894458,32.2595082960497
8320260410010002,久留米競輪,2R,16:17,2-6-5,2,6,5,5657.3,0.0057066599270194,31.284287205127065
3820260410010007,静岡競輪,7R,22:50,5-7-4,5,7,4,9999.9,0.0031478974203671,30.47865941392961
3620260409020009,小田原競輪,9R,14:46,4-6-3,4,6,3,9999.9,0.0030632644965402,29.63233863895326
3620260409020008,小田原競輪,8R,14:16,1-6-7,1,6,7,5934.0,0.0050652054939442,29.056929401065307
3620260409020011,小田原競輪,11R,15:46,2-3-7,2,3,7,5708.7,0.0052046615963914,28.71185165532009
6320260410010001,防府競輪,1R,08:30,5-6-3,5,6,3,7956.9,0.0036059502861565,27.692185831919225
8320260410010001,久留米競輪,1R,15:53,2-5-6,2,5,6,6356.0,0.0044019720575873,26.97893439802508
1120260409020003,函館競輪,3R,16:53,2-1-5,2,1,5,7630.7,0.0036039177105185,26.500414873654204
8320260410010003,久留米競輪,3R,16:41,3-6-5,3,6,5,7188.6,0.0037807092677194,26.178006641928263
4420260408030001,大垣競輪,1R,10:45,1-6-4,1,6,4,4494.2,0.0058278131818714,25.191358001966623
8320260410010004,久留米競輪,4R,17:05,5-3-4,5,3,4,5550.6,0.0047071927684041,25.12774418030432
2620260409020007,西武園競輪,7R,13:36,9-4-1,9,4,1,7936.3,0.0031961924761149,24.36594234819096
3620260409020007,小田原競輪,7R,13:46,3-5-4,3,5,4,6596.5,0.0037453852925205,23.70643408211157
1120260409020004,函館競輪,4R,17:17,5-1-6,5,1,6,5146.6,0.0047769432971846,23.58501637329039
8320260410010007,久留米競輪,7R,18:17,5-6-4,5,6,4,7082.6,0.0034221461119801,23.237692052710685
6320260410010002,防府競輪,2R,08:50,2-6-3,2,6,3,5275.9,0.0044393664761356,22.42165359144394
2620260409020009,西武園競輪,9R,14:36,9-6-4,9,6,4,9253.0,0.0024863170740823,22.005891886484164
2620260409020012,西武園競輪,12R,16:24,9-4-5,9,4,5,8424.1,0.00270488913984,21.786256602926752
2620260409020008,西武園競輪,8R,14:06,5-4-9,5,4,9,8480.2,0.002654115866077,21.507433367506835
3620260409020006,小田原競輪,6R,13:16,5-6-4,5,6,4,5797.6,0.003859926362572,21.37830907964752
1120260409020001,函館競輪,1R,16:09,2-6-1,2,6,1,2251.3,0.0096704365243467,20.771053747261917
3620260409020003,小田原競輪,3R,11:52,7-5-1,7,5,1,3624.8,0.0059453793331006,20.550811006623213
2620260409020006,西武園競輪,6R,13:06,4-8-7,4,8,7,9999.9,0.0020856346469979,19.85613790651442
2620260409020005,西武園競輪,5R,12:37,7-5-6,7,5,6,4134.2,0.0049266833501594,19.36789430622904
8320260410010009,久留米競輪,9R,19:08,5-6-4,5,6,4,5091.0,0.0038763011676706,18.734249244611046
2620260409020003,西武園競輪,3R,11:43,3-2-4,3,2,4,4362.9,0.0043824461209488,18.12017418108759
2620260409020011,西武園競輪,11R,15:39,5-4-3,5,4,3,8134.3,0.00229649839751,17.680406914866033
8320260410010008,久留米競輪,8R,18:42,6-5-4,6,5,4,9999.9,0.0018454438040062,17.45425349568244
8620260410010005,別府競輪,5R,22:00,2-5-7,2,5,7,2960.6,0.0061204646754919,17.120247718261503
8320260410010012,久留米競輪,12R,20:30,5-4-3,5,4,3,1809.1,0.0095905632000238,16.35028788516323
8320260410010011,久留米競輪,11R,20:01,7-6-4,7,6,4,3649.8,0.0046295648379065,15.896985745391326
4420260408030007,大垣競輪,7R,13:26,4-5-6,4,5,6,3882.1,0.0037753106861511,13.656133614707354
1120260409020008,函館競輪,8R,18:55,7-6-4,7,6,4,1660.5,0.008703856719451,13.452754082648417
2620260409020004,西武園競輪,4R,12:10,3-6-8,3,6,8,4889.4,0.0028830008907798,13.096144555378926
4420260408030011,大垣競輪,11R,15:28,7-6-4,7,6,4,1514.8,0.0092752902445017,13.050209662371325
8320260410010006,久留米競輪,6R,17:53,5-6-1,5,6,1,1374.3,0.0095924112104762,12.182850726557508
8320260410010010,久留米競輪,10R,19:34,5-6-4,5,6,4,4146.3,0.0031126944992948,11.906165202426076
4420260408030005,大垣競輪,5R,12:28,1-3-6,1,3,6,1216.6,0.0104834212259658,11.754130263509998
3620260409020002,小田原競輪,2R,11:25,3-1-4,3,1,4,1752.3,0.0071377498410841,11.507479046531715
1120260409020002,函館競輪,2R,16:31,5-1-2,5,1,2,1658.5,0.0073382987449557,11.17056846850912
4420260408030002,大垣競輪,2R,11:09,5-6-2,5,6,2,1736.4,0.0068480564061795,10.89096514369018
4420260408030010,大垣競輪,10R,14:56,6-7-1,6,7,1,4977.1,0.002386290702857,10.876807457189624
4420260408030004,大垣競輪,4R,12:01,2-5-6,2,5,6,3790.3,0.003022493814749,10.45615830604318
2620260409020002,西武園競輪,2R,11:17,1-6-5,1,6,5,2135.3,0.0049371155045928,9.542222736957171
2620260409020001,西武園競輪,1R,10:53,2-8-4,2,8,4,2638.8,0.0039638980092176,9.459934066723422
6320260410010005,防府競輪,5R,09:53,2-5-6,2,5,6,2507.3,0.0041599046299477,9.430128878667883
4420260408030008,大垣競輪,8R,13:56,2-6-5,2,6,5,2262.8,0.0038964247342956,7.816829888764289
4420260408030012,大垣競輪,12R,16:01,6-7-3,6,7,3,3022.9,0.0027603469591917,7.344252822940867
4420260408030009,大垣競輪,9R,14:26,2-4-6,2,4,6,1852.0,0.0044414720495624,7.225606235789604
4420260408030003,大垣競輪,3R,11:34,1-3-6,1,3,6,1328.4,0.0056577492632667,6.515754121323567
3620260409020001,小田原競輪,1R,11:01,2-3-5,2,3,5,328.1,0.0176712821350391,4.797947668506331
4420260408030006,大垣競輪,6R,12:56,3-6-7,3,6,7,1602.1,0.0032817420591124,4.257678952904134
1120260409020007,函館競輪,7R,18:29,6-3-7,6,3,7,565.5,0.0092349932290985,4.222388671055239
8320260410010005,久留米競輪,5R,17:29,1-3-2,1,3,2,961.0,0.0038136222542912,2.6648909863738446
8620260410020007,別府競輪,7R,22:40,1-7-4,1,7,4,9999.9,0.0172516807941241,171.51508277316222
3820260410020004,静岡競輪,4R,21:50,1-7-6,1,7,6,9999.9,0.0162005092987591,161.00347293666132
3820260410020005,静岡競輪,5R,22:10,1-7-6,1,7,6,9999.9,0.0161553890195406,160.5522746565041
8620260410020005,別府競輪,5R,22:00,1-7-6,1,7,6,9999.9,0.0133028864471711,132.02753418306654
8620260410020004,別府競輪,4R,21:40,4-7-1,4,7,1,9999.9,0.012014697606287,119.14577459311032
8620260410020008,別府競輪,8R,23:00,1-7-6,1,7,6,9999.9,0.0112262547397504,111.26142477203064
8620260410020009,別府競輪,9R,23:20,1-7-6,1,7,6,9999.9,0.0102256071889086,101.25504932836772
3820260410020007,静岡競輪,7R,22:50,2-6-7,2,6,7,9999.9,0.0098666886418649,97.66589974978484
3820260410020008,静岡競輪,8R,23:10,2-5-7,2,5,7,9999.9,0.0094576125226336,93.57517946508425
3820260410020002,静岡競輪,2R,21:10,2-7-3,2,7,3,9999.9,0.0088766697883882,87.76581021690387
3820260410020006,静岡競輪,6R,22:30,1-7-6,1,7,6,9999.9,0.0084019462773719,83.01862257909188
4220260411010007,名古屋競輪,7R,10:40,2-6-1,2,6,1,6934.7,0.0101314576467652,69.25861934302267
8620260410020006,別府競輪,6R,22:20,4-7-1,4,7,1,9999.9,0.0061919877054107,60.91925785533661
4220260411010003,名古屋競輪,3R,09:20,3-7-6,3,7,6,9999.9,0.0049668751274639,48.6682545871264
3820260410020003,静岡競輪,3R,21:30,5-3-2,5,3,2,9999.9,0.00474966260243,46.49615105804005
8620260410020001,別府競輪,1R,20:40,4-7-5,4,7,5,9999.9,0.004705437639963,46.05390585586623
3820260410020009,静岡競輪,9R,23:30,4-7-6,4,7,6,9999.9,0.0045987159207701,44.98669933610933
8620260410020003,別府競輪,3R,21:20,4-7-1,4,7,1,9999.9,0.0043891233951185,42.89079503884598
8620260410020002,別府競輪,2R,21:00,3-7-4,3,7,4,9999.9,0.0041471091627539,40.47067691662295
2620260409030010,西武園競輪,10R,15:15,6-1-4,6,1,4,9999.9,0.0031245698505918,30.245386048933355
2620260409030006,西武園競輪,6R,13:14,6-3-2,6,3,2,8896.3,0.0034172090757428,29.40051710053096
1120260409030010,函館競輪,10R,19:48,3-5-6,3,5,6,6938.4,0.0043270488066865,29.02279544031376
4220260411010006,名古屋競輪,6R,10:20,2-7-6,2,7,6,4001.5,0.0066220414369259,25.49809880985904
8320260410020010,久留米競輪,10R,19:35,3-6-5,3,6,5,4449.2,0.0057301578966795,24.49461851390674
4220260411010004,名古屋競輪,4R,09:40,4-6-7,4,6,7,4108.4,0.0061792581994301,24.386864386538942
8320260410020001,久留米競輪,1R,15:54,1-6-2,1,6,2,5476.5,0.0043565199615066,22.858481569190964
6320260410020006,防府競輪,6R,10:10,2-6-4,2,6,4,4121.5,0.0057443429440165,22.67530944376434
4220260411010002,名古屋競輪,2R,09:00,7-6-4,7,6,4,4676.8,0.0049655780354131,22.223015356020262
3620260409030003,小田原競輪,3R,11:59,6-4-1,6,4,1,3019.4,0.0066710653388568,19.14261468414423
3620260409030004,小田原競輪,4R,12:29,5-6-3,5,6,3,2720.8,0.0073064176600863,18.87930116956287
6320260410020007,防府競輪,7R,10:30,1-4-3,1,4,3,3972.4,0.0048803240075687,18.386599087666227
2620260409030007,西武園競輪,7R,13:44,6-5-4,6,5,4,9999.9,0.0019309705529688,18.309512432633568
8320260410020002,久留米競輪,2R,16:18,3-6-4,3,6,4,5427.5,0.0034946289834388,17.967098807614583
4220260411010005,名古屋競輪,5R,10:00,1-5-7,1,5,7,2267.7,0.0083203935231475,17.86815639244176
1120260409030002,函館競輪,2R,16:32,3-6-4,3,6,4,1818.5,0.0103072368020294,17.743710124490498
2620260409030012,西武園競輪,12R,16:25,5-4-9,5,4,9,6831.3,0.0026300952535251,16.966969705406424
3620260409030007,小田原競輪,7R,13:59,1-2-4,1,2,4,1128.5,0.0154199388576057,16.401401000808118
2620260409030003,西武園競輪,3R,11:44,5-6-4,5,6,4,3190.6,0.0054456417340375,16.374864516620157
8320260410020008,久留米競輪,8R,18:43,5-7-6,5,7,6,2032.0,0.0085250993755329,16.323001931082935
3620260409030010,小田原競輪,10R,15:31,3-7-4,3,7,4,6448.9,0.002655664070264,16.12611202272558
3620260409030006,小田原競輪,6R,13:29,1-3-6,1,3,6,3435.3,0.0048691157071377,15.72687318873022
6320260410020005,防府競輪,5R,09:50,3-1-5,3,1,5,2158.0,0.0076479573284151,15.5042919147199
1120260409030005,函館競輪,5R,17:42,6-1-5,6,1,5,2050.8,0.0079404436143014,15.2842617642094
3820260410020001,静岡競輪,1R,20:50,4-6-5,4,6,5,5006.2,0.0031895718085247,14.967634387836512
4220260411010001,名古屋競輪,1R,08:40,5-1-4,5,1,4,881.2,0.0174598058187708,14.3855808875009
2620260409030004,西武園競輪,4R,12:14,5-8-4,5,8,4,9999.9,0.0015306917928154,14.306764858975614
1120260409030004,函館競輪,4R,17:18,6-3-5,6,3,5,5984.5,0.0024515736557676,13.671442542941582
2620260409030011,西武園競輪,11R,15:47,8-1-3,8,1,3,7811.6,0.0018419202226205,13.388344011022935
8320260410020004,久留米競輪,4R,17:06,2-1-4,2,1,4,4419.3,0.0032380034712395,13.309708740449029
1120260409030007,函館競輪,7R,18:30,1-6-7,1,6,7,1639.0,0.0087068073536457,13.270457252625302
6320260410020004,防府競輪,4R,09:30,7-5-2,7,5,2,2021.1,0.006821096551539,12.786118240315536
2620260409030009,西武園競輪,9R,14:44,9-4-1,9,4,1,2480.2,0.0052571652642551,12.038821288405574
6320260410020003,防府競輪,3R,09:10,3-6-2,3,6,2,2653.1,0.0048006734281131,11.736666672127
1120260409030003,函館競輪,3R,16:54,7-5-6,7,5,6,2122.3,0.0059243640341128,11.5732777895976
1120260409030008,函館競輪,8R,18:56,1-3-2,1,3,2,4155.0,0.0030205161429176,11.550244573822772
3620260409030008,小田原競輪,8R,14:29,7-5-4,7,5,4,1755.7,0.0070602410781299,11.395665260872752
8320260410020003,久留米競輪,3R,16:42,4-6-5,4,6,5,1515.2,0.008163950807915,11.370018264152929
1120260409030001,函館競輪,1R,16:10,1-2-4,1,2,4,1259.2,0.0095668435549535,11.0465694043975
2620260409030008,西武園競輪,8R,14:14,2-8-4,2,8,4,3098.6,0.003730106722721,10.558108691023484
3620260409030005,小田原競輪,5R,12:59,3-4-2,3,4,2,2529.5,0.0044737349794472,10.316312630511709
3620260409030011,小田原競輪,11R,16:03,4-6-5,4,6,5,3325.9,0.0033796648802753,10.240427425307656
8320260410020011,久留米競輪,11R,20:02,2-6-5,2,6,5,1282.5,0.0086982420722554,10.15549545766765
8320260410020012,久留米競輪,12R,20:30,7-3-5,7,3,5,1080.6,0.010312550507133,10.143742078008009
3620260409030009,小田原競輪,9R,14:59,6-5-7,6,5,7,2071.4,0.0053133105714347,10.005991517669932
3620260409030002,小田原競輪,2R,11:29,4-6-2,4,6,2,1361.4,0.0080432213569678,9.950041555376046
1120260409030011,函館競輪,11R,20:16,5-6-3,5,6,3,4345.3,0.0024808017174731,9.779827702935949
2620260409030001,西武園競輪,1R,10:45,1-6-5,1,6,5,1831.6,0.0055686124781256,9.199470614934867
6320260410020001,防府競輪,1R,08:30,2-6-1,2,6,1,1418.5,0.0069142745218608,8.807898409259677
2620260409030002,西武園競輪,2R,11:14,3-7-2,3,7,2,1699.6,0.0054072269105836,8.190122857227893
6320260410020002,防府競輪,2R,08:50,2-3-7,2,3,7,1525.2,0.0058113077255024,7.863406542936348
1120260409030006,函館競輪,6R,18:06,7-6-2,7,6,2,1669.0,0.0052614342901803,7.781333830310977
8320260410020007,久留米競輪,7R,18:18,5-7-6,5,7,6,1837.6,0.0045930691415472,7.440223854507186
2620260409030005,西武園競輪,5R,12:44,5-6-3,5,6,3,4914.2,0.001710810810079,7.407266482890279
3620260409030001,小田原競輪,1R,10:59,1-4-2,1,4,2,414.4,0.0193029400500649,6.999138356746912
8320260410020006,久留米競輪,6R,17:54,3-4-6,3,4,6,2494.9,0.0030026818013592,6.4913908262113065
1120260409030009,函館競輪,9R,19:22,3-4-2,3,4,2,1388.8,0.0053301130975072,6.402461069818133
8320260410020005,久留米競輪,5R,17:30,5-2-6,5,2,6,1760.4,0.0035161310026125,5.189797016999052
8320260410020009,久留米競輪,9R,19:09,7-6-5,7,6,5,1157.0,0.0042040816634447,3.8641224846056064
8620260410030003,別府競輪,3R,21:20,2-7-5,2,7,5,9999.9,0.0074746719452433,73.74597198523861
3820260410030003,静岡競輪,3R,21:30,5-7-1,5,7,1,9999.9,0.006251011793052,61.509492829341006
8620260410030005,別府競輪,5R,22:00,2-7-5,2,7,5,9999.9,0.0058396556488192,57.39597252262733
3820260410030007,静岡競輪,7R,22:50,3-7-2,3,7,2,9999.9,0.0055400822367149,54.400268358925736
3820260410030008,静岡競輪,8R,23:10,6-7-2,6,7,2,9999.9,0.0054019841994827,53.01930179640721
3820260410030004,静岡競輪,4R,21:50,5-7-1,5,7,1,9999.9,0.0050107711609356,49.10721053224064
4620260412010004,富山競輪,4R,12:06,2-7-6,2,7,6,8468.2,0.0058957539996457,48.9264240198002
8620260410030006,別府競輪,6R,22:20,5-7-2,5,7,2,9999.9,0.0048920626493476,47.92013728721204
3820260410030006,静岡競輪,6R,22:30,3-7-6,3,7,6,9999.9,0.0046785026490242,45.78455863997748
8620260410030007,別府競輪,7R,22:40,6-2-7,6,2,7,9999.9,0.0046601195224583,45.60072921263132
8620260410030004,別府競輪,4R,21:40,5-6-1,5,6,1,9999.9,0.0043468260469454,42.46782578684936
2620260409040004,西武園競輪,4R,12:20,5-4-7,5,4,7,2855.1,0.0142139101083495,39.582134750348665
1220260412010011,青森競輪,11R,19:51,4-6-3,4,6,3,5355.7,0.0075011773418261,39.17405548961811
4220260411020007,名古屋競輪,7R,10:40,4-6-7,4,6,7,3223.3,0.0116126475296836,36.43104678242916
1220260412010002,青森競輪,2R,16:14,1-6-5,1,6,5,2630.9,0.0133668071502663,34.166732931635856
6320260410030001,防府競輪,1R,08:30,3-6-5,3,6,5,4470.9,0.0077846870394942,33.80455728487506
1220260412010003,青森競輪,3R,16:38,3-7-6,3,7,6,6281.9,0.0050029867500279,30.428262465000344
4220260411020002,名古屋競輪,2R,09:00,6-4-5,6,4,5,3659.8,0.0083765495600642,29.656496079923045
8620260410030002,別府競輪,2R,21:00,6-3-7,6,3,7,9999.9,0.0030307355578634,29.30705250507845
8620260410030008,別府競輪,8R,23:00,7-4-1,7,4,1,9999.9,0.0029839533359756,28.839234964423312
3820260410030005,静岡競輪,5R,22:10,5-7-1,5,7,1,9999.9,0.0028641192352603,27.6409059406803
6320260410030003,防府競輪,3R,09:10,3-5-2,3,5,2,7258.6,0.0038681330775747,27.077230756883903
1220260412010010,青森競輪,10R,19:26,6-4-3,6,4,3,9609.0,0.0028660708325636,26.540074630103817
3820260410030009,静岡競輪,9R,23:30,6-7-2,6,7,2,6766.5,0.0038099425605755,24.779976336134588
4220260411020005,名古屋競輪,5R,10:00,2-6-7,2,6,7,7230.3,0.0035496667251832,24.66515532309234
3820260410030002,静岡競輪,2R,21:10,6-3-1,6,3,1,3923.2,0.0065057664075464,24.523422770086103
1220260412010004,青森競輪,4R,17:02,5-6-4,5,6,4,2501.0,0.0091230960678047,21.81686326557966
4220260411020004,名古屋競輪,4R,09:40,3-5-4,3,5,4,3067.4,0.0073788161827278,21.633780758899515
4620260412010007,富山競輪,7R,13:30,4-7-6,4,7,6,5432.7,0.0041189434551429,21.376984108754968
4620260412010008,富山競輪,8R,13:58,6-4-5,6,4,5,6512.0,0.0032034085995937,19.860596800554607
4620260412010006,富山競輪,6R,13:02,6-1-5,6,1,5,2228.2,0.0093179721780282,19.762305607082578
4620260412010002,富山競輪,2R,11:11,2-6-1,2,6,1,6930.8,0.002888375804251,19.018755024103317
4220260411020006,名古屋競輪,6R,10:20,3-4-1,3,4,1,7066.3,0.0028056215495753,18.82536355576416
4620260412010011,富山競輪,11R,15:28,2-6-4,2,6,4,1864.7,0.0104354392696822,18.458963606176543
4620260412010009,富山競輪,9R,14:27,3-5-6,3,5,6,1765.4,0.0109553665511376,18.34060410937848
2620260409040012,西武園競輪,12R,16:21,6-5-2,6,5,2,9999.9,0.001805738801995,17.057207446070414
8320260410030012,久留米競輪,12R,20:30,7-6-3,7,6,3,4065.3,0.0043521781104857,16.69290967255752
1220260412010001,青森競輪,1R,15:51,7-6-4,7,6,4,1910.3,0.0092176852893438,16.60854420823361
1220260412010009,青森競輪,9R,19:02,7-6-4,7,6,4,1571.7,0.0110472208180152,16.362916959674585
4620260412010010,富山競輪,10R,14:57,7-6-5,7,6,5,1770.1,0.0096042504590075,16.00048373748933
2620260409040009,西武園競輪,9R,14:42,9-8-4,9,8,4,4985.3,0.0033648342087171,15.77470798071782
8320260410030002,久留米競輪,2R,16:28,5-6-3,5,6,3,2499.4,0.0066982116635805,15.741510231953283
4220260411020001,名古屋競輪,1R,08:40,3-6-1,3,6,1,2046.3,0.0080920481925594,15.558758216434402
6320260410030005,防府競輪,5R,09:50,1-6-7,1,6,7,4128.1,0.0039730003065303,15.40094256538789
1220260412010008,青森競輪,8R,18:38,5-6-7,5,6,7,1981.8,0.0081997977654066,15.250359211482897
2620260409040010,西武園競輪,10R,15:12,5-4-2,5,4,2,3850.4,0.004148630784419,14.973887972327198
2620260409040006,西武園競輪,6R,13:16,1-8-4,1,8,4,4605.0,0.0033442010243799,14.40004571726976
8620260410030009,別府競輪,9R,23:20,7-6-5,7,6,5,9999.9,0.0015341239365323,14.341085952930316
4620260412010003,富山競輪,3R,11:38,2-5-6,2,5,6,2096.6,0.007135473021655,13.960232737201936
2620260409040005,西武園競輪,5R,12:48,7-6-4,7,6,4,5070.6,0.0028607610450872,13.505774955219632
6320260410030002,防府競輪,2R,08:50,2-4-6,2,4,6,3606.8,0.0039690570226698,13.31559486936561
4620260412010001,富山競輪,1R,10:45,2-6-4,2,6,4,2396.0,0.0059407453271513,13.234025803854529
4220260411020003,名古屋競輪,3R,09:20,2-5-3,2,5,3,1525.5,0.0092657104228118,13.134841249999532
6320260410030006,防府競輪,6R,10:10,6-5-1,6,5,1,7459.0,0.0015651652528669,10.674567621134786
8320260410030001,久留米競輪,1R,16:06,3-7-6,3,7,6,2127.7,0.005233204814399,10.13468988359684
8620260410030001,別府競輪,1R,20:40,1-7-4,1,7,4,1055.0,0.0102075873058304,9.769004607651082
2620260409040003,西武園競輪,3R,11:52,2-6-1,2,6,1,1102.9,0.0096130368507362,9.602218342677032
1220260412010006,青森競輪,6R,17:50,5-6-4,5,6,4,742.0,0.0141628710160114,9.5088502938805
8320260410030003,久留米競輪,3R,16:50,7-4-6,7,4,6,1172.7,0.0087724861841841,9.287494548192772
6320260410030007,防府競輪,7R,10:30,4-6-3,4,6,3,1606.1,0.0063616807349888,9.217495428465652
8320260410030010,久留米競輪,10R,19:38,1-6-7,1,6,7,1436.1,0.0070250959032729,9.088740226690248
2620260409040011,西武園競輪,11R,15:44,6-5-1,6,5,1,5660.6,0.0017657613641966,8.995268778171614
2620260409040008,西武園競輪,8R,14:12,3-7-9,3,7,9,1330.7,0.0072805097546805,8.688174330553347
8320260410030007,久留米競輪,7R,18:26,5-6-3,5,6,3,959.2,0.0100831354622996,8.671743535437841
8320260410030005,久留米競輪,5R,17:38,4-6-7,4,6,7,1116.0,0.0083800194699321,8.35210172844427
1220260412010012,青森競輪,12R,20:17,1-7-6,1,7,6,1522.8,0.0059849607912046,8.113898292846507
2620260409040007,西武園競輪,7R,13:44,2-4-7,2,4,7,4531.1,0.0019915877210693,8.02408312293748
1220260412010007,青森競輪,7R,18:14,7-6-5,7,6,5,592.9,0.0146601834523437,7.692022768894589
6320260410030004,防府競輪,4R,09:30,4-1-6,4,1,6,935.0,0.0092762767321433,7.673318744554017
8320260410030011,久留米競輪,11R,20:04,5-6-2,5,6,2,1427.1,0.0053570632505367,6.645064964841064
4620260412010012,富山競輪,12R,15:59,4-2-3,4,2,3,925.6,0.0082435559187979,6.63023535843942
8320260410030009,久留米競輪,9R,19:14,3-5-6,3,5,6,1120.3,0.0066793018270669,6.482821836863111
8320260410030008,久留米競輪,8R,18:50,4-6-7,4,6,7,720.6,0.0100437288021956,6.237510974862208
2620260409040002,西武園競輪,2R,11:24,5-4-6,5,4,6,1384.1,0.0052250997847836,6.232060612119091
4620260412010005,富山競輪,5R,12:34,4-6-7,4,6,7,1443.6,0.0048104819783173,5.944411783898957
2620260409040001,西武園競輪,1R,10:58,4-5-2,4,5,2,539.1,0.0116430228259264,5.276753605456974
8320260410030004,久留米競輪,4R,17:14,6-3-7,6,3,7,3562.4,0.0017400717314325,5.198831536055203
8320260410030006,久留米競輪,6R,18:02,2-6-1,2,6,1,924.3,0.0062391879204177,4.766881394842106
3820260410030001,静岡競輪,1R,20:50,2-5-4,2,5,4,313.5,0.0181417910790646,4.687451503286765
1220260412010005,青森競輪,5R,17:26,3-6-7,3,6,7,510.4,0.0094720995410289,3.834559605741152
8320260501030003,久留米競輪,3R,21:45,3-7-6,3,7,6,8158.7,0.0055470248767273,44.25651186175504
2720260503010006,京王閣競輪,6R,18:08,5-3-4,5,3,4,9106.6,0.0043505648550418,38.61885390892419
6320260501030007,防府競輪,7R,10:35,5-4-2,5,4,2,9999.9,0.0038960381736647,37.95999213283061
2720260503010005,京王閣競輪,5R,17:44,3-6-7,3,6,7,9999.9,0.0036505651694302,35.50528663778525
3520260501030004,平塚競輪,4R,12:24,6-4-9,6,4,9,9999.9,0.003345635789807,32.45602333449195
2720260503010002,京王閣競輪,2R,16:37,3-6-7,3,6,7,4893.7,0.0067611696141465,32.08713574074915
7520260501030002,松山競輪,2R,21:05,1-7-6,1,7,6,3929.7,0.0084189022229829,32.08376006565625
8320260501030001,久留米競輪,1R,20:57,1-7-5,1,7,5,2956.4,0.0111703854693447,32.024127601570754
2720260503010008,京王閣競輪,8R,18:56,2-6-7,2,6,7,6187.4,0.0044956850218401,26.81660150413381
8320260501030002,久留米競輪,2R,21:21,7-3-6,7,3,6,6578.2,0.0042051682656694,26.662437885226577
2720260503010004,京王閣競輪,4R,17:21,6-4-2,6,4,2,9558.1,0.0027219449567913,25.01662209150747
3520260501030005,平塚競輪,5R,12:57,5-3-1,5,3,1,2654.8,0.0096042779302925,24.497437049340665
3520260501030010,平塚競輪,10R,15:49,8-9-2,8,9,2,9331.5,0.0023288395555661,20.731566312765917
2720260503010003,京王閣競輪,3R,16:59,6-7-1,6,7,1,3034.6,0.0071298008627413,20.63609369807493
6320260501030006,防府競輪,6R,10:14,4-2-6,4,2,6,4277.4,0.0050040222960904,20.404204969297425
2720260503010007,京王閣競輪,7R,18:32,6-4-3,6,4,3,4494.0,0.0045955199579366,19.65226669096749
5320260501030010,奈良競輪,10R,19:35,3-4-7,3,4,7,5405.1,0.0037512690953571,19.27598458731472
2720260503010010,京王閣競輪,10R,19:48,4-7-6,4,7,6,2320.9,0.0077201359623971,16.91766355512747
3520260501030008,平塚競輪,8R,14:37,5-4-6,5,4,6,6520.5,0.0027350480411885,16.83388075257001
3520260501030001,平塚競輪,1R,10:45,6-5-1,6,5,1,5327.7,0.0033396836836821,16.792832761553612
3520260501030006,平塚競輪,6R,13:30,6-4-5,6,4,5,9987.1,0.0017489300530201,16.466739332517253
7520260501030003,松山競輪,3R,21:29,6-7-3,6,7,3,2276.3,0.0075628466074413,16.21530773251878
3520260501030002,平塚競輪,2R,11:18,8-1-3,8,1,3,6424.0,0.0026435909077569,15.98242799143084
5320260501030002,奈良競輪,2R,16:20,1-4-3,1,4,3,1176.2,0.0144183930021814,15.958913849165803
8320260501030004,久留米競輪,4R,22:09,6-7-2,6,7,2,2185.2,0.0075718315141477,15.54596622471568
5320260501030003,奈良競輪,3R,16:44,5-6-3,5,6,3,2297.3,0.0071680578716721,15.46717934859254
7520260501030004,松山競輪,4R,21:53,7-5-4,7,5,4,3844.6,0.0039094398776318,14.03023255354346
5320260501030001,奈良競輪,1R,15:56,1-6-3,1,6,3,1530.0,0.0097140074008627,13.862431323320052
3520260501030003,平塚競輪,3R,11:51,7-5-4,7,5,4,5082.6,0.0029221393849311,13.852065637851013
2720260503010001,京王閣競輪,1R,16:13,3-5-6,3,5,6,3048.6,0.0048652812711116,13.832296483111085
2620260501030007,西武園競輪,7R,23:21,7-3-2,7,3,2,4165.7,0.003440482442534,13.332017710863964
7520260501030005,松山競輪,5R,22:18,1-6-7,1,6,7,1438.6,0.0098251326683829,13.134435856735678
5320260501030007,奈良競輪,7R,18:20,5-6-4,5,6,4,3848.4,0.0036175178112511,12.921655544818895
5320260501030004,奈良競輪,4R,17:08,1-3-7,1,3,7,4540.3,0.003052465150814,12.859107524240812
2620260501030004,西武園競輪,4R,22:01,1-7-4,1,7,4,1384.4,0.0099977740398168,12.8409183807224
6320260501030003,防府競輪,3R,09:11,1-3-7,1,3,7,1764.3,0.007614232493746,12.433790388716204
8320260501030005,久留米競輪,5R,22:36,6-5-7,6,5,7,3029.3,0.0043691936031734,12.235598182093293
2620260501030005,西武園競輪,5R,22:27,5-7-6,5,7,6,3692.2,0.003550035910448,12.107442588556369
7520260501030007,松山競輪,7R,23:12,4-7-3,4,7,3,4340.5,0.0030148233977822,12.08584095807366
2620260501030002,西武園競輪,2R,21:13,2-7-6,2,7,6,2579.4,0.0050180826104521,11.943642285400308
6320260501030005,防府競輪,5R,09:53,4-5-7,4,5,7,2117.5,0.0058328199781565,11.350996303746564
2720260503010009,京王閣競輪,9R,19:21,1-6-4,1,6,4,2065.6,0.0058797090741567,11.14512706357816
2620260501030001,西武園競輪,1R,20:49,1-6-3,1,6,3,825.8,0.0143893765940825,10.882747191393332
6320260501030001,防府競輪,1R,08:30,2-6-1,2,6,1,1319.4,0.0089726090946337,10.83846043945978
5320260501030008,奈良競輪,8R,18:44,5-6-2,5,6,2,3159.5,0.0037378061524977,10.80959853881677
8320260501030007,久留米競輪,7R,23:30,2-6-7,2,6,7,1953.9,0.0060265110439799,10.775199928832516
2720260503010011,京王閣競輪,11R,20:16,2-5-1,2,5,1,1813.7,0.0064820746515139,10.756538795450895
5320260501030009,奈良競輪,9R,19:09,7-6-4,7,6,4,1481.7,0.0078483226046024,10.62885960323952
8320260501030006,久留米競輪,6R,23:03,2-6-7,2,6,7,2910.1,0.0038115178150149,10.091897993475092
3520260501030011,平塚競輪,11R,16:30,3-4-2,3,4,2,4133.1,0.0026201005561088,9.829137608453632
6320260501030002,防府競輪,2R,08:50,3-6-4,3,6,4,453.3,0.0233528289875562,9.585837380059267
5320260501030006,奈良競輪,6R,17:56,3-6-1,3,6,1,1500.2,0.0067320728639369,9.099455710478155
6320260501030004,防府競輪,4R,09:32,3-5-2,3,5,2,2269.5,0.0043831494927411,8.947557773776138
3520260501030009,平塚競輪,9R,15:12,5-4-7,5,4,7,2254.7,0.0043807385520995,8.877251213418878
2620260501030006,西武園競輪,6R,22:54,1-6-7,1,6,7,1071.3,0.0084430350267282,8.045023424134
3520260501030007,平塚競輪,7R,14:03,1-8-7,1,8,7,2191.2,0.0038479732272967,7.431678935652599
2620260501030003,西武園競輪,3R,21:37,1-7-5,1,7,5,895.9,0.0090842310548042,7.138562601999162
7520260501030001,松山競輪,1R,20:41,7-2-6,7,2,6,9999.9,0.0007969977592164,6.969897892388516
5320260501030012,奈良競輪,12R,20:30,5-4-1,5,4,1,1108.0,0.006240441399548,5.914409070699216
7520260501030006,松山競輪,6R,22:45,5-6-3,5,6,3,3105.2,0.0020298437855077,5.303070922758809
5320260501030005,奈良競輪,5R,17:32,4-5-2,4,5,2,540.3,0.0111364644009497,5.0170317158331335
5320260501030011,奈良競輪,11R,20:02,2-4-1,2,4,1,550.1,0.008675370944224,3.772321556417636
2120260504020002,弥彦競輪,2R,21:00,2-7-3,2,7,3,9999.9,0.0058508435288671,57.50785020431862
7420260504020001,高知競輪,1R,20:50,5-7-2,5,7,2,9999.9,0.0058188094582772,57.18751270182699
5620260504020007,岸和田競輪,7R,13:25,3-4-6,3,4,6,8238.8,0.0065617628285798,53.06105159210358
7420260504020009,高知競輪,9R,23:30,5-2-7,5,2,7,9999.9,0.0052538984092733,51.53845870289214
4320260505010005,岐阜競輪,5R,09:50,5-3-6,5,3,6,9999.9,0.0050600734029385,49.600228022045606
7420260504020003,高知競輪,3R,21:30,5-4-7,5,4,7,9999.9,0.0049162690178004,48.16219855110256
2120260504020001,弥彦競輪,1R,20:40,2-7-3,2,7,3,8906.2,0.0054623580202378,47.64885299984208
4720260504020006,松阪競輪,6R,17:59,5-4-6,5,4,6,9999.9,0.0047193067039139,46.1925951084687
7420260504020002,高知競輪,2R,21:10,5-3-7,5,3,7,9774.4,0.0046282943658692,44.23880044975256
5620260504020006,岸和田競輪,6R,12:59,6-3-4,6,3,4,9999.9,0.0042957435860827,41.95700628646887
4720260504020007,松阪競輪,7R,18:24,6-7-3,6,7,3,4866.3,0.007870913129526,37.30222456221271
4720260504020004,松阪競輪,4R,17:09,2-6-5,2,6,5,8926.6,0.0042780362755704,37.18831861750753
4320260505010006,岐阜競輪,6R,10:10,2-6-4,2,6,4,6152.9,0.0057594126149598,34.437089878586434
7420260504020004,高知競輪,4R,21:50,2-7-6,2,7,6,4188.4,0.0080347878585235,32.652905466639936
3520260501050009,平塚競輪,9R,15:09,4-9-1,4,9,1,9033.0,0.0034051848226149,29.759034502681004
2720260503030006,京王閣競輪,6R,18:11,3-2-4,3,2,4,7733.5,0.003903277163365,29.185993942883407
2120260504020004,弥彦競輪,4R,21:40,5-7-6,5,7,6,5727.5,0.0049820613729136,27.534756513363178
2720260503030007,京王閣競輪,7R,18:35,7-6-3,7,6,3,9999.9,0.0028248930722697,27.248648233390448
2720260503030008,京王閣競輪,8R,19:00,6-7-5,6,7,5,9999.9,0.0027493506638441,26.4932317033752
4320260505010002,岐阜競輪,2R,08:50,1-6-5,1,6,5,5441.6,0.0050405283472941,26.42853905463579
2120260504020003,弥彦競輪,3R,21:20,7-3-6,7,3,6,8027.2,0.0032076981438296,24.74883454014962
5620260504020004,岸和田競輪,4R,12:09,2-6-1,2,6,1,7249.4,0.0033070372778273,22.97403604188139
3520260501050008,平塚競輪,8R,14:32,2-4-3,2,4,3,5061.7,0.0047155242597832,22.86856914574492
5620260504020010,岸和田競輪,10R,14:51,6-5-7,6,5,7,5291.2,0.0044428346128675,22.507926503604555
4720260504020005,松阪競輪,5R,17:34,3-6-5,3,6,5,7520.4,0.0030826638816814,22.182865455797543
4320260505010003,岐阜競輪,3R,09:10,4-7-6,4,7,6,7550.1,0.0026761049006762,19.20485961059597
5620260504020002,岸和田競輪,2R,11:25,1-3-6,1,3,6,4015.3,0.0049933654414915,19.049860257221106
5620260504020011,岸和田競輪,11R,15:29,3-6-4,3,6,4,8187.2,0.0024136731747051,18.761225015945616
2120260504020009,弥彦競輪,9R,23:20,4-5-7,4,5,7,5552.0,0.0035551963856844,18.738450333319957
5620260504020003,岸和田競輪,3R,11:47,1-6-7,1,6,7,4290.1,0.0045128394528938,18.3605325368598
7420260504020006,高知競輪,6R,22:30,7-2-6,7,2,6,9842.2,0.0019640762487592,18.33083125553805
7420260504020005,高知競輪,5R,22:10,3-7-6,3,7,6,8868.0,0.0021624223768833,18.176361638201623
1220260504020004,青森競輪,4R,09:40,7-6-5,7,6,5,5698.4,0.0033030236768872,17.821950120374225
3520260501050010,平塚競輪,10R,15:48,2-7-5,2,7,5,2856.8,0.0065122198731785,17.60410973369641
3520260501050003,平塚競輪,3R,11:40,5-9-3,5,9,3,1664.4,0.0109671103379636,17.253658446506616
4720260504020003,松阪競輪,3R,16:44,5-6-1,5,6,1,4428.1,0.003963772604172,16.551981468534464
7420260504020008,高知競輪,8R,23:10,7-2-6,7,2,6,8824.5,0.0019533456141392,16.237298371971736
2120260504020006,弥彦競輪,6R,22:20,7-2-6,7,2,6,9999.9,0.0017142079990376,16.141908569576547
1220260504020001,青森競輪,1R,08:40,7-3-6,7,3,6,5501.2,0.0030671350364225,15.872923262367884
4320260505010001,岐阜競輪,1R,08:30,7-6-3,7,6,3,2742.7,0.0061439904087612,15.851122494109603
4320260505010007,岐阜競輪,7R,10:30,2-3-5,2,3,5,4955.0,0.0033788094719702,15.742000933612625
3520260501050004,平塚競輪,4R,12:16,3-6-7,3,6,7,3923.5,0.0041841521678789,15.41652103067302
2720260503030005,京王閣競輪,5R,17:48,3-6-5,3,6,5,5243.2,0.0031043340086436,15.276644074120275
4720260504020011,松阪競輪,11R,20:04,3-1-2,3,1,2,1879.8,0.0084559514734495,14.8954975797904
4720260504020012,松阪競輪,12R,20:30,7-6-4,7,6,4,3967.2,0.0038991629925851,14.4687594241839
3520260501050007,平塚競輪,7R,13:55,3-9-5,3,9,5,3116.3,0.004888347943296,14.233558695693342
3520260501050001,平塚競輪,1R,10:45,1-5-9,1,5,9,1517.2,0.0096474802610032,13.637157051994192
1220260504020002,青森競輪,2R,09:00,7-6-5,7,6,5,2198.9,0.0066372658832956,13.594683950778892
5620260504020008,岸和田競輪,8R,13:47,2-6-7,2,6,7,3730.0,0.0037934457552626,13.1495526671296
5620260504020012,岸和田競輪,12R,16:12,4-6-7,4,6,7,3397.0,0.0040108693400726,12.624923148226944
4320260505010004,岐阜競輪,4R,09:30,3-6-7,3,6,7,7992.8,0.0016603486568211,12.270834744240169
3520260501050011,平塚競輪,11R,16:30,3-9-6,3,9,6,5744.9,0.0022930335069237,12.173248193926144
4720260504020008,松阪競輪,8R,18:49,6-5-3,6,5,3,2897.2,0.0045288617303613,12.12101820520293
5620260504020005,岸和田競輪,5R,12:34,6-5-7,6,5,7,4900.1,0.0024884874888582,11.193837544154082
5620260504020001,岸和田競輪,1R,11:00,2-7-6,2,7,6,1749.8,0.0066402095006777,10.619038584285992
1220260504020007,青森競輪,7R,10:40,3-7-4,3,7,4,3628.5,0.0031585935016415,10.460956520706384
7420260504020007,高知競輪,7R,22:50,7-2-6,7,2,6,3817.7,0.0029994821284639,10.451122921836928
4720260504020002,松阪競輪,2R,16:19,4-5-1,4,5,1,1530.4,0.0074630589923064,10.421465481825814
3520260501050006,平塚競輪,6R,13:18,9-8-4,9,8,4,6025.4,0.0018769315497379,10.309263359790744
2720260503030009,京王閣競輪,9R,19:25,3-6-1,3,6,1,1387.8,0.0080899518616986,10.22723519366532
2720260503030001,京王閣競輪,1R,16:05,1-6-3,1,6,3,755.9,0.0145399349297611,9.990736813406482
2720260503030003,京王閣競輪,3R,17:02,3-5-6,3,5,6,3711.9,0.002900532853985,9.766487900706956
2720260503030010,京王閣競輪,10R,19:50,3-7-6,3,7,6,3332.8,0.0031907884450753,9.634259729746972
4720260504020001,松阪競輪,1R,15:55,2-4-6,2,4,6,3517.9,0.002941916897389,9.349369453324991
2120260504020007,弥彦競輪,7R,22:40,1-6-7,1,6,7,1428.2,0.0070246316663017,9.032578945812164
1220260504020005,青森競輪,5R,10:00,7-1-5,7,1,5,2428.9,0.0040409721093811,8.815117156475965
2120260504020008,弥彦競輪,8R,23:00,6-2-4,6,2,4,9999.9,0.0009445217378605,8.445122926431624
5620260504020009,岸和田競輪,9R,14:16,3-6-5,3,6,5,2265.4,0.0041126333681196,8.316759632138165
1220260504020003,青森競輪,3R,09:20,7-2-6,7,2,6,3647.0,0.0025150368537218,8.172339405523553
2120260504020005,弥彦競輪,5R,22:00,3-7-5,3,7,5,1744.6,0.0051770799538296,8.031933687451192
2720260503030002,京王閣競輪,2R,16:37,5-3-1,5,3,1,1570.0,0.0056885537939178,7.931029456450981
4720260504020010,松阪競輪,10R,19:39,5-4-6,5,4,6,1551.0,0.005498497787154,7.528170067875868
3520260501050002,平塚競輪,2R,11:12,8-4-3,8,4,3,5537.9,0.0015324294704679,7.486441164504541
1220260504020006,青森競輪,6R,10:20,4-7-5,4,7,5,2261.3,0.0035531805603259,7.034807201065034
2720260503030011,京王閣競輪,11R,20:16,5-6-7,5,6,7,1869.7,0.0040924926223511,6.65173345600998
4720260504020009,松阪競輪,9R,19:14,2-6-3,2,6,3,634.6,0.0116314679165059,6.3813295398146845
2720260503030004,京王閣競輪,4R,17:25,2-5-7,2,5,7,2924.9,0.0025208800900094,6.37332217526856
3520260501050005,平塚競輪,5R,12:47,2-9-1,2,9,1,1274.1,0.0050051793168883,5.377098967647495
2120260504030004,弥彦競輪,4R,21:40,1-3-7,1,3,7,9999.9,0.018745405581218,186.45218127162263
7420260504030005,高知競輪,5R,22:10,1-6-2,1,6,2,9999.9,0.0087686461741186,86.6855848765689
2120260504030003,弥彦競輪,3R,21:20,1-3-7,1,3,7,9999.9,0.0087109599822285,86.10872872628717
2120260504030006,弥彦競輪,6R,22:20,2-3-7,2,3,7,9999.9,0.0074237110593061,73.23636822195583
2120260504030002,弥彦競輪,2R,21:00,6-5-2,6,5,2,9999.9,0.0071486564186427,70.48584932078572
2120260504030005,弥彦競輪,5R,22:00,1-7-3,1,7,3,9999.9,0.0064178581218158,63.17793943234592
7420260504030008,高知競輪,8R,23:10,6-2-7,6,2,7,9999.9,0.0058053754301366,57.05317376382351
7420260504030006,高知競輪,6R,22:30,3-5-7,3,5,7,9999.9,0.004893709098888,47.93660161797091
7420260504030007,高知競輪,7R,22:50,5-2-6,5,2,6,9999.9,0.0046940134161159,45.939664759817866
6220260506010003,広島競輪,3R,16:45,4-6-5,4,6,5,5589.8,0.0079457456683533,43.41512913696175
2120260504030008,弥彦競輪,8R,23:00,6-7-3,6,7,3,9999.9,0.0037267966050253,36.2675933705932
2120260504030007,弥彦競輪,7R,22:40,7-5-1,7,5,1,9999.9,0.0036025614784845,35.025254528697566
4720260504030010,松阪競輪,10R,19:41,6-7-1,6,7,1,9999.9,0.0034364670355499,33.36432670879594
5620260504030010,岸和田競輪,10R,14:51,5-6-4,5,6,4,8782.5,0.0035912936086117,30.54053611763301
2120260504030001,弥彦競輪,1R,20:40,3-6-7,3,6,7,9999.9,0.0030711740410455,29.711433293051023
7420260504030009,高知競輪,9R,23:30,6-3-7,6,3,7,9999.9,0.0028735803345511,27.735515987478387
6220260506010004,広島競輪,4R,17:10,2-6-7,2,6,7,9999.9,0.0027518219210574,26.51794402838223
5620260504030002,岸和田競輪,2R,11:25,4-6-1,4,6,1,5151.0,0.0051298082535775,25.423642314177734
3520260501060005,平塚競輪,5R,12:47,2-7-6,2,7,6,4200.3,0.0056706857915147,22.818581530099515
1220260504030003,青森競輪,3R,09:20,7-6-4,7,6,4,5183.3,0.0042584560167989,21.072855071873807
5620260504030005,岸和田競輪,5R,12:34,2-7-6,2,7,6,8718.3,0.00252391298482,21.00423057555707
6220260506010008,広島競輪,8R,18:42,7-6-1,7,6,1,2128.8,0.0099846026761434,20.255222176974137
3520260501060004,平塚競輪,4R,12:16,6-9-3,6,9,3,7073.9,0.002746497733699,18.42845031841369
4320260505020001,岐阜競輪,1R,08:30,1-6-2,1,6,2,5313.7,0.0036269588100254,18.272571028832107
4320260505020007,岐阜競輪,7R,10:30,3-6-2,3,6,2,4135.1,0.0044353209843384,17.34049580233783
1220260504030002,青森競輪,2R,09:00,3-6-2,3,6,2,4155.3,0.00417530333944,16.34963796637516
4320260505020006,岐阜競輪,6R,10:10,1-7-6,1,7,6,2870.5,0.0059041202982613,15.947777316159222
3520260501060006,平塚競輪,6R,13:18,3-4-7,3,4,7,2463.3,0.0068043761643089,15.76121980554225
3520260501060011,平塚競輪,11R,16:30,6-4-3,6,4,3,9999.9,0.0016025996667237,15.02583640727061
6220260506010001,広島競輪,1R,15:55,4-6-5,4,6,5,2773.3,0.0057387324274187,14.915226640960416
5620260504030012,岸和田競輪,12R,16:12,5-2-6,5,2,6,3102.5,0.0048338994013537,13.99717289269999
3520260501060001,平塚競輪,1R,10:45,6-5-2,6,5,2,9065.4,0.0016292883380738,13.77015049997476
1220260504030004,青森競輪,4R,09:40,7-6-5,7,6,5,2374.4,0.0060583672638586,13.384987231306008
2120260504030009,弥彦競輪,9R,23:20,3-4-6,3,4,6,5402.2,0.0025594568605241,12.826697851923605
5620260504030001,岸和田競輪,1R,11:00,1-5-6,1,5,6,3343.4,0.0040628205534396,12.58363423837021
4320260505020003,岐阜競輪,3R,09:10,5-6-2,5,6,2,2496.4,0.0054291715162839,12.553383773251186
6220260506010002,広島競輪,2R,16:20,7-6-5,7,6,5,3714.3,0.0034846734377893,11.943122549981137
6220260506010006,広島競輪,6R,17:56,5-6-7,5,6,7,1380.2,0.0093593794213244,11.917815477311995
4720260504030009,松阪競輪,9R,19:17,6-7-4,6,7,4,2240.0,0.0055903487891705,11.522381287741991
3520260501060003,平塚競輪,3R,11:40,6-2-1,6,2,1,5246.7,0.0022354175028997,10.728565012463864
3520260501060008,平塚競輪,8R,14:32,9-4-8,9,4,8,3674.5,0.0031506381570594,10.577019908114853
5620260504030003,岸和田競輪,3R,11:47,4-5-6,4,5,6,1104.3,0.0103163413283876,10.392335728938471
6220260506010011,広島競輪,11R,19:53,4-6-2,4,6,2,2957.7,0.0037089254156762,9.96988870194572
5620260504030011,岸和田競輪,11R,15:29,2-6-7,2,6,7,2386.0,0.0045309574921818,9.810864576346004
4320260505020004,岐阜競輪,4R,09:30,1-6-5,1,6,5,3859.5,0.0027392703640208,9.572213969938511
3520260501060010,平塚競輪,10R,15:48,3-8-2,3,8,2,4271.3,0.0024186336798733,9.330710036842978
5620260504030006,岸和田競輪,6R,12:59,3-6-2,3,6,2,826.3,0.0119297772536666,8.857574944704716
5620260504030008,岸和田競輪,8R,13:47,7-2-6,7,2,6,2282.8,0.0042943311428417,8.803099132879035
1220260504030005,青森競輪,5R,10:00,1-6-5,1,6,5,3505.9,0.002737191229606,8.596318731875746
4720260504030004,松阪競輪,4R,17:24,2-6-7,2,6,7,1895.1,0.00504415403853,8.559176318418263
4720260504030001,松阪競輪,1R,16:05,2-5-6,2,5,6,1407.0,0.0066357928416115,8.33656052814741
6220260506010010,広島競輪,10R,19:29,1-6-5,1,6,5,927.3,0.00985669357239,8.140111949677252
5620260504030009,岸和田競輪,9R,14:16,7-6-3,7,6,3,556.5,0.0162823130843801,8.061107231457525
6220260506010009,広島競輪,9R,19:05,2-7-6,2,7,6,2534.0,0.0034966157300136,7.86042425985465
3520260501060007,平塚競輪,7R,13:55,6-9-7,6,9,7,6420.3,0.0013374607488768,7.586899246014221
7420260504030004,高知競輪,4R,21:50,1-6-5,1,6,5,303.5,0.0278776606871249,7.46087001854243
4720260504030011,松阪競輪,11R,20:05,7-6-1,7,6,1,944.2,0.0087295667465808,7.242456922121628
4320260505020005,岐阜競輪,5R,09:50,7-1-2,7,1,2,1287.8,0.0063077230484406,7.1230857417818605
1220260504030001,青森競輪,1R,08:40,2-4-5,2,4,5,2282.3,0.0035584824931383,7.1215245940897365
4720260504030002,松阪競輪,2R,16:37,3-1-6,3,1,6,1162.1,0.0067026612507864,6.789162639538919
4720260504030006,松阪競輪,6R,18:08,6-4-5,6,4,5,1400.1,0.0054938311652078,6.69191301440744
4320260505020002,岐阜競輪,2R,08:50,4-7-6,4,7,6,672.5,0.0111549187755305,6.501682876544303
3520260501060002,平塚競輪,2R,11:12,5-7-3,5,7,3,1395.5,0.0049812319262633,5.951309153100483
1220260504030006,青森競輪,6R,10:20,1-6-4,1,6,4,1841.3,0.0036934508397283,5.80075103119175
5620260504030007,岸和田競輪,7R,13:25,6-2-1,6,2,1,2195.6,0.0030766522732294,5.75509773110251
5620260504030004,岸和田競輪,4R,12:09,2-7-6,2,7,6,1662.8,0.0040081409336941,5.6647367445466985
1220260504030007,青森競輪,7R,10:40,7-3-5,7,3,5,910.2,0.0071405745872613,5.499350989325266
4720260504030012,松阪競輪,12R,20:30,3-7-1,3,7,1,1452.0,0.0044477117566273,5.458077470622979
4720260504030007,松阪競輪,7R,18:30,6-5-1,6,5,1,647.8,0.0097037596386785,5.2860954939359805
4720260504030008,松阪競輪,8R,18:53,2-3-1,2,3,1,752.5,0.0080551706502165,5.061515914287929
4720260504030005,松阪競輪,5R,17:46,2-6-1,2,6,1,804.3,0.0073553317466906,4.915893323863274
6220260506010005,広島競輪,5R,17:33,7-5-1,7,5,1,866.4,0.0065923211374558,4.711587033491776
7420260504030001,高知競輪,1R,20:50,1-6-2,1,6,2,470.4,0.0121317205442476,4.706761344014097
7420260504030002,高知競輪,2R,21:10,6-2-5,6,2,5,1530.0,0.0037232914251565,4.696635880489446
6220260506010007,広島競輪,7R,18:19,2-7-6,2,7,6,1092.7,0.0050891879368857,4.560955658635025
6220260506010012,広島競輪,12R,20:18,3-6-1,3,6,1,343.4,0.0149022394156483,4.117429015333651
3520260501060009,平塚競輪,9R,15:09,2-1-8,2,1,8,2085.2,0.0023714729828116,3.9449954637588514
7420260504030003,高知競輪,3R,21:30,2-5-1,2,5,1,94.9,0.047634455445717,3.5205098217985515
1120260507010004,函館競輪,4R,17:12,4-3-6,4,3,6,9720.4,0.0075276233841007,72.17151034281288
8620260507010003,別府競輪,3R,21:30,6-7-2,6,7,2,9999.9,0.0061799258762481,60.79864076989432
1120260507010005,函館競輪,5R,17:38,6-5-1,6,5,1,7986.2,0.0056181594169038,43.867744735277576
5320260507010003,奈良競輪,3R,21:20,6-7-2,6,7,2,9999.9,0.0042794778700297,41.79435075251014
8720260507010008,熊本競輪,8R,14:07,2-6-7,2,6,7,4082.2,0.007659469031478,30.26748448029953
8720260507010009,熊本競輪,9R,14:37,3-1-6,3,1,6,3044.3,0.0093617489869801,27.49997244106357
6220260506020005,広島競輪,5R,17:25,4-6-1,4,6,1,3282.0,0.0073297765387297,23.056326600111145
8720260507010003,熊本競輪,3R,11:42,5-6-4,5,6,4,5247.1,0.0044700530542868,22.454815381148546
1120260507010006,函館競輪,6R,18:04,4-6-5,4,6,5,2431.8,0.0092235753111198,21.42989044158114
1120260507010001,函館競輪,1R,15:56,3-6-1,3,6,1,2289.4,0.0095852714275728,20.944520406285392
8620260507010004,別府競輪,4R,21:50,7-5-1,7,5,1,7356.0,0.0029372939165219,20.60673404993543
8620260507010002,別府競輪,2R,21:10,4-5-7,4,5,7,4292.6,0.0049902301781722,20.42106206282206
8720260507010004,熊本競輪,4R,12:11,2-6-4,2,6,4,1985.4,0.0105993154840321,20.043880961997512
6220260506020004,広島競輪,4R,16:59,5-6-4,5,6,4,4454.8,0.0045986289748525,19.48597235717293
1120260507010003,函館競輪,3R,16:46,5-6-4,5,6,4,2722.3,0.0072424820540669,18.716208895786465
8720260507010007,熊本競輪,7R,13:38,2-6-1,2,6,1,2894.2,0.0067422087747258,18.51330063581157
5320260507010001,奈良競輪,1R,20:40,5-3-7,5,3,7,5240.0,0.0036867876143988,18.318767099449797
6220260506020003,広島競輪,3R,16:33,3-6-7,3,6,7,3171.7,0.0058100430952939,17.427713685343864
4320260505030004,岐阜競輪,4R,09:32,7-6-1,7,6,1,2701.9,0.0064756948525166,16.49667992201467
6220260506020007,広島競輪,7R,18:17,2-4-3,2,4,3,6398.7,0.0026840484426425,16.174420769937086
5320260507010002,奈良競輪,2R,21:00,2-5-7,2,5,7,1811.5,0.0092578221410864,15.770544808578016
6220260506020006,広島競輪,6R,17:51,5-6-3,5,6,3,2901.4,0.0056577766005944,15.415473028964769
6220260506020010,広島競輪,10R,19:35,4-7-6,4,7,6,2310.2,0.0070449709032885,15.275291780777325
8720260507010010,熊本競輪,10R,15:07,6-7-4,6,7,4,6839.6,0.0023321564196422,14.951017047785385
1120260507010002,函館競輪,2R,16:21,1-6-3,1,6,3,6471.6,0.0023738215848852,14.362423768743673
5320260507010004,奈良競輪,4R,21:40,7-6-2,7,6,2,4280.2,0.0035468903022296,14.181399871603375
4320260505030002,岐阜競輪,2R,08:50,4-3-6,4,3,6,919.3,0.01564652109913,13.38384684643026
6220260506020012,広島競輪,12R,20:30,4-3-6,4,3,6,1223.5,0.0116231901822783,13.220973188017537
4320260505030006,岐阜競輪,6R,10:14,3-6-2,3,6,2,1132.3,0.0119424546289115,12.522441376316516
1120260507010010,函館競輪,10R,19:48,3-6-2,3,6,2,2917.2,0.0046213574834972,12.481424050858031
5320260507010008,奈良競輪,8R,23:00,6-5-3,6,5,3,2968.5,0.0044762202653678,12.287659857744508
8620260507010001,別府競輪,1R,20:50,1-5-6,1,5,6,1149.0,0.0114961389930723,12.209063703040112
8720260507010005,熊本競輪,5R,12:40,1-6-3,1,6,3,2443.9,0.00540060511444,12.198538839179918
4320260505030005,岐阜競輪,5R,09:53,3-7-6,3,7,6,1450.8,0.0090546354270843,12.136465077614
6220260506020002,広島競輪,2R,16:07,2-6-1,2,6,1,2160.1,0.0060243859652139,12.0132761234587
5320260507010005,奈良競輪,5R,22:00,2-7-6,2,7,6,2922.3,0.0043972688178297,11.850138666343852
1120260507010009,函館競輪,9R,19:22,7-4-6,7,4,6,864.2,0.014834802474331,11.82023629831687
8720260507010011,熊本競輪,11R,15:38,4-6-5,4,6,5,5062.5,0.0025128590763326,11.721349073933904
8720260507010006,熊本競輪,6R,13:09,2-6-5,2,6,5,2175.2,0.0055721167743493,11.120468407564688
4320260505030007,岐阜競輪,7R,10:35,2-7-3,2,7,3,1594.0,0.0072147076138445,10.500243936468207
1120260507010007,函館競輪,7R,18:30,2-6-7,2,6,7,2318.4,0.0047404376516532,9.990230651592872
8720260507010002,熊本競輪,2R,11:13,3-6-7,3,6,7,1441.1,0.0074889837252431,9.792374446447896
8720260507010012,熊本競輪,12R,16:14,3-4-1,3,4,1,2304.1,0.0045096536005269,9.390692860974193
8720260507010001,熊本競輪,1R,10:45,7-5-1,7,5,1,2632.6,0.0037541937230107,8.883290395198172
8620260507010009,別府競輪,9R,23:30,2-7-6,2,7,6,1497.6,0.0064542225440992,8.66584368204301
8620260507010005,別府競輪,5R,22:10,7-5-1,7,5,1,9999.9,0.0009358037457959,8.357943877585086
5320260507010006,奈良競輪,6R,22:20,7-4-1,7,4,1,2335.5,0.0039371249663488,8.19515535890785
4320260505030003,岐阜競輪,3R,09:11,2-4-3,2,4,3,3326.3,0.0027253649079645,8.065381293362371
6220260506020011,広島競輪,11R,20:02,5-6-7,5,6,7,850.5,0.0095422494367873,7.115683145987624
8620260507010007,別府競輪,7R,22:50,2-7-6,2,7,6,1602.2,0.0049549661476555,6.938846761773776
4320260505030001,岐阜競輪,1R,08:30,3-4-2,3,4,2,745.7,0.0104141763783521,6.765851325337186
5320260507010007,奈良競輪,7R,22:40,7-4-3,7,4,3,9999.9,0.000735415962437,6.354086082774482
5320260507010009,奈良競輪,9R,23:20,7-6-4,7,6,4,5319.5,0.001230358546637,5.5448922888355385
1120260507010011,函館競輪,11R,20:16,3-4-1,3,4,1,1154.6,0.0055428597746963,5.399785895864391
6220260506020009,広島競輪,9R,19:09,4-6-5,4,6,5,1780.9,0.0034922722622886,5.219387671909924
8620260507010008,別府競輪,8R,23:10,7-4-1,7,4,1,1653.7,0.0036746221428708,5.076722637665523
8620260507010006,別府競輪,6R,22:30,7-5-2,7,5,2,2678.6,0.002251296304611,5.030322281531145
6220260506020008,広島競輪,8R,18:43,7-5-6,7,5,6,686.9,0.0086151780797039,4.917765822948638
1120260507010008,函館競輪,8R,18:56,5-6-2,5,6,2,364.7,0.0128353840802744,3.681064574076074
6220260506020001,広島競輪,1R,15:45,2-6-3,2,6,3,414.2,0.0103344365342181,3.28052361247316
5620260516020006,岸和田競輪,7R,22:50,1-7-5,1,7,5,9999.9,0.0151647198080645,150.64568160866517
5620260516020002,岸和田競輪,3R,21:30,1-7-4,1,7,4,9999.9,0.0142710275404116,141.70884830136274
4320260516020006,岐阜競輪,6R,22:20,1-7-4,1,7,4,9999.9,0.012285398613011,121.85275759024915
5620260516020003,岸和田競輪,4R,21:50,4-3-5,4,3,5,9999.9,0.0113612331123062,112.61119499975104
5620260516020005,岸和田競輪,6R,22:30,7-6-1,7,6,1,9999.9,0.0101569455360593,100.5684396660403
5620260516020007,岸和田競輪,8R,23:10,1-7-4,1,7,4,9999.9,0.0099977559536666,98.97655976107082
5620260516020004,岸和田競輪,5R,22:10,1-7-5,1,7,5,9999.9,0.0091227853606891,90.22694132835532
4320260516020008,岐阜競輪,8R,23:00,1-7-4,1,7,4,9999.9,0.0083358660400601,82.35782681399792
4320260516020003,岐阜競輪,3R,21:20,5-3-2,5,3,2,9999.9,0.0076861726633851,75.86095801658539
4320260516020005,岐阜競輪,5R,22:00,5-7-2,5,7,2,9999.9,0.0071934152682683,70.93343334115676
4320260516020002,岐阜競輪,2R,21:00,2-5-3,2,5,3,9999.9,0.0062484820270712,61.48419542251017
5620260516020008,岸和田競輪,9R,23:30,5-3-2,5,3,2,9999.9,0.0062234279876221,61.233657533422594
4320260516020007,岐阜競輪,7R,22:40,2-5-3,2,5,3,9999.9,0.0060517459894622,59.516854720023886
5620260516020009,防府競輪,1R,08:30,4-7-2,4,7,2,9999.9,0.0060470191429983,59.46958672806917
8320260517010006,久留米競輪,7R,18:18,6-2-7,6,2,7,9999.9,0.0059465460307813,58.46486565320994
5520260517010004,和歌山競輪,5R,12:28,7-6-1,7,6,1,8432.9,0.0068556688658364,56.81316997871178
4320260516020001,岐阜競輪,1R,20:40,3-4-7,3,4,7,9999.9,0.0052100939371062,51.100418361668574
4320260516020009,岐阜競輪,9R,23:20,4-1-2,4,1,2,9999.9,0.0050117710257544,49.11720908044147
4320260516020004,岐阜競輪,4R,21:40,6-3-1,6,3,1,9999.9,0.0049340916224298,48.34042281513577
8320260517010010,久留米競輪,11R,20:14,5-6-3,5,6,3,9999.9,0.0049285327436833,48.28483458355915
8320260517010003,久留米競輪,4R,16:54,2-6-1,2,6,1,7672.9,0.0062741265424462,47.14074554753568
6320260517010005,防府競輪,6R,10:14,5-6-2,5,6,2,9999.9,0.0045396291635677,44.39583767276104
8320260517010004,久留米競輪,5R,17:22,7-2-5,7,2,5,8210.7,0.0054687697689941,43.90242794228035
6320260517010006,防府競輪,7R,10:35,7-6-3,7,6,3,9999.9,0.0040355084178989,39.35468062814808
8320260517010008,久留米競輪,9R,19:14,5-3-2,5,3,2,7950.7,0.0044273685733419,34.20067931607011
8320260517010005,久留米競輪,6R,17:50,1-5-6,1,5,6,9999.9,0.0034699932801903,33.69958580257508
8320260517010002,久留米競輪,3R,16:32,3-7-6,3,7,6,5698.7,0.0054587209736174,30.107613212353563
6320260517010007,久留米競輪,1R,15:34,1-5-6,1,5,6,4636.0,0.0066197957307653,29.689373007828188
8320260517010001,久留米競輪,2R,16:03,5-4-6,5,4,6,3398.0,0.0083753257907199,27.45935703686627
3620260515030004,小田原競輪,4R,12:10,7-6-2,7,6,2,2418.7,0.0115428534268149,26.918699583437423
3620260515030010,小田原競輪,10R,15:05,7-6-5,7,6,5,6698.5,0.0041587539739631,26.85741349459222
6320260517010002,防府競輪,3R,09:11,2-6-7,2,6,7,5124.9,0.005319750944814,26.263191617077275
2420260515030002,宇都宮競輪,2R,11:25,2-4-3,2,4,3,3994.7,0.006680771906815,25.68767953615408
5520260517010007,和歌山競輪,8R,13:53,1-3-6,1,3,6,8496.3,0.0030049510148771,24.53096530770056
6320260517010004,防府競輪,5R,09:53,1-6-7,1,6,7,7531.6,0.0032144114861106,23.209661548790944
3620260515030007,小田原競輪,7R,13:33,5-2-6,5,2,6,1640.2,0.0122014696916212,19.01285058819722
6320260517010001,防府競輪,2R,08:50,2-6-7,2,6,7,2050.7,0.0097229081982126,18.93876784207473
3620260515030009,小田原競輪,9R,14:33,7-2-6,7,2,6,4404.7,0.0043646655647139,18.225042412895583
1120260514040005,函館競輪,5R,17:08,3-9-2,3,9,2,4390.3,0.0042125151679372,17.494205341794974
3620260515030001,小田原競輪,1R,10:53,5-6-4,5,6,4,2799.5,0.0065843731760305,17.432952706297613
2420260515030008,宇都宮競輪,8R,14:13,5-6-1,5,6,1,2683.7,0.0068462520053845,17.373286506850427
5520260517010003,和歌山競輪,4R,12:01,2-6-7,2,6,7,4502.0,0.0039872702770964,16.950690787488274
8320260517010009,久留米競輪,10R,19:44,1-6-3,1,6,3,3789.7,0.0047093652260121,16.847081397018233
2420260515030010,宇都宮競輪,10R,15:13,6-5-2,6,5,2,6385.6,0.0026884667396858,16.167473212937765
5520260517010010,和歌山競輪,11R,15:27,4-6-7,4,6,7,2722.5,0.0062971832806218,16.14408148149312
5520260517010006,和歌山競輪,7R,13:23,3-7-6,3,7,6,1821.1,0.0087797050190872,14.988720810259789
1120260514040012,函館競輪,12R,20:30,8-4-3,8,4,3,5445.6,0.002902994518062,14.808546947558636
1120260514040006,函館競輪,6R,17:36,9-8-6,9,8,6,3372.1,0.0046877242158791,14.807474828366182
5520260517010005,和歌山競輪,6R,12:55,6-7-5,6,7,5,4998.6,0.0031270457936377,14.630851104077482
1120260514040004,函館競輪,4R,16:42,8-3-2,8,3,2,9999.9,0.0015454807370395,14.454652822321954
5520260517010008,和歌山競輪,9R,14:23,4-6-5,4,6,5,2236.8,0.0066886793080031,13.961237876141531
1120260514040002,函館競輪,2R,15:49,1-4-2,1,4,2,1579.9,0.0093764233224728,13.813811207174934
3620260515030012,小田原競輪,12R,16:25,1-6-4,1,6,4,1382.1,0.0105971805178536,13.646363193725469
5520260517010011,和歌山競輪,12R,16:10,4-6-2,4,6,2,5910.3,0.0024464481137801,13.459242286874822
8320260517010007,久留米競輪,8R,18:46,7-6-3,7,6,3,2539.5,0.0054155132446789,12.752695884862314
1120260514040011,函館競輪,11R,19:59,6-5-9,6,5,9,6402.2,0.0020901493606596,12.381554236815417
3620260515030005,小田原競輪,5R,12:37,6-4-5,6,4,5,2621.1,0.0050228147288136,12.165299685693558
3620260515030006,小田原競輪,6R,13:04,3-6-5,3,6,5,4276.2,0.0030118451707872,11.879252319320576
5520260517010009,和歌山競輪,10R,14:54,7-6-1,7,6,1,4291.3,0.002913642295866,11.50331318425001
5520260517010012,岸和田競輪,1R,20:50,1-7-6,1,7,6,3117.5,0.003911351149774,11.193637209420494
2420260515030001,宇都宮競輪,1R,11:01,7-6-4,7,6,4,5055.4,0.0024064463713701,11.165548985824794
2420260515030011,宇都宮競輪,11R,15:56,5-7-6,5,7,6,1772.6,0.0065318890767152,10.578426577385445
6320260517010003,防府競輪,4R,09:32,3-7-4,3,7,4,1307.3,0.0086964846280343,10.36891435422926
2420260515030004,宇都宮競輪,4R,12:19,6-5-4,6,5,4,2961.2,0.0038223577409149,10.31876574239725
1120260514040003,函館競輪,3R,16:17,6-1-7,6,1,7,6177.8,0.0018302027958997,10.306626832509629
1120260514040009,函館競輪,9R,19:00,8-9-2,8,9,2,8067.0,0.0013947622395763,10.251546986662326
1120260514040008,函館競輪,8R,18:32,9-8-4,9,8,4,5224.1,0.0021299055738645,10.126839708425988
3620260515030002,小田原競輪,2R,11:17,5-6-4,5,6,4,1698.9,0.0065281815583276,10.090727649442846
2420260515030003,宇都宮競輪,3R,11:52,3-5-4,3,5,4,4246.6,0.0025356612896601,9.767939232670722
5520260517010001,和歌山競輪,1R,10:45,3-6-7,3,6,7,840.8,0.0120294623389555,9.114371934593846
1120260514040007,函館競輪,7R,18:04,6-7-5,6,7,5,9874.5,0.0010231167976346,9.10276681824338
2420260515030006,宇都宮競輪,6R,13:13,5-4-7,5,4,7,807.8,0.011903489577274,8.615638880521963
1120260514040010,函館競輪,10R,19:29,1-5-4,1,5,4,1999.8,0.0045213450839228,8.04178589882891
2420260515030009,宇都宮競輪,9R,14:43,4-6-2,4,6,2,2204.3,0.004033402276985,7.890828639158089
3620260515030011,小田原競輪,11R,15:41,2-7-6,2,7,6,2447.8,0.0034361150028973,7.410922304092248
1120260514040001,函館競輪,1R,15:20,1-5-2,1,5,2,711.3,0.0111870092405689,6.957319672816661
3620260515030003,小田原競輪,3R,11:43,2-6-7,2,6,7,1489.2,0.0051114586388108,6.611984204917091
5620260516020001,岸和田競輪,2R,21:10,5-4-2,5,4,2,388.5,0.0158483727118397,5.157092798549728
2420260515030007,宇都宮競輪,7R,13:43,4-5-3,4,5,3,800.2,0.0075759716853086,5.062292542583973
2420260515030005,宇都宮競輪,5R,12:46,1-3-2,1,3,2,944.8,0.00623626799369,4.89202600043832
3620260515030008,小田原競輪,8R,14:03,4-6-3,4,6,3,1383.9,0.0038124760021764,4.276085539411934
6220260522030004,広島競輪,4R,21:50,7-6-1,7,6,1,9999.9,0.0101483710797575,100.48269596046794
4320260522030002,岐阜競輪,2R,21:00,6-5-3,6,5,3,9999.9,0.0096190218399075,95.18925649689182
6220260522030006,広島競輪,6R,22:30,5-1-6,5,1,6,9999.9,0.0095873191671133,94.87223293921636
4320260522030005,岐阜競輪,5R,22:00,2-4-7,2,4,7,9999.9,0.0084318819847829,83.31797665963124
4320260522030004,岐阜競輪,4R,21:40,2-4-7,2,4,7,9999.9,0.0080448151729136,79.44734724761925
3520260522030001,平塚競輪,1R,16:11,3-6-2,3,6,2,3985.9,0.0180888297989762,71.1002666957393
6220260522030005,広島競輪,5R,22:10,5-1-7,5,1,7,9999.9,0.0069641472338236,68.64077592351312
6220260522030007,広島競輪,7R,22:50,2-3-4,2,3,4,9999.9,0.0065868295527242,64.86763684428699
6220260522030002,広島競輪,2R,21:10,2-6-7,2,6,7,9999.9,0.0063172880960454,62.172249231645296
4320260522030008,岐阜競輪,8R,23:00,3-5-2,3,5,2,9999.9,0.0062586203732242,61.58557787020567
4320260522030006,岐阜競輪,6R,22:20,2-4-7,2,4,7,9999.9,0.0059287409985727,58.28681711162778
4320260522030007,岐阜競輪,7R,22:40,4-3-2,4,3,2,9999.9,0.0056155706635697,55.15514507863109
6220260522030003,広島競輪,3R,21:30,3-2-7,3,2,7,9999.9,0.0055457769547679,54.45721496998424
6220260522030008,広島競輪,8R,23:10,2-6-5,2,6,5,9999.9,0.0053574436943288,52.57390119891887
4320260522030003,岐阜競輪,3R,21:20,4-7-6,4,7,6,9999.9,0.0052977868115241,51.97733833656015
3820260524010006,静岡競輪,6R,13:20,4-3-7,4,3,7,9999.9,0.0051148240207533,50.14772872513137
3820260524010005,静岡競輪,5R,12:50,7-6-5,7,6,5,9999.9,0.0045240830042887,44.24037763458729
2520260522030006,大宮競輪,6R,10:20,3-4-2,3,4,2,9343.7,0.0046428493094934,42.381391093114274
4320260522030009,岐阜競輪,9R,23:20,2-6-7,2,6,7,9999.9,0.0040340292596405,39.3398891934793
3820260524010010,静岡競輪,10R,15:30,4-6-5,4,6,5,8983.9,0.0043853369449636,38.39742857985899
3820260524010004,静岡競輪,4R,12:20,1-4-7,1,4,7,6434.3,0.0056979044380635,35.66202652583243
3520260522030010,平塚競輪,10R,19:48,6-7-2,6,7,2,7818.3,0.004430634542055,33.64003004014916
3820260524010009,静岡競輪,9R,14:55,5-6-1,5,6,1,7729.1,0.0041178911595769,30.827592561486348
5520260523020002,和歌山競輪,2R,08:50,2-6-7,2,6,7,5373.8,0.005036849828906,26.067023610575287
2520260522030001,大宮競輪,1R,08:40,3-6-4,3,6,4,9999.9,0.0026779289735067,25.779021942169727
5520260523020005,和歌山競輪,5R,09:50,4-1-3,4,1,3,2749.8,0.0093845290968277,24.80557811045703
1120260523020012,函館競輪,12R,20:30,3-6-1,3,6,1,3639.1,0.0066901266857294,23.346040022038096
5520260523020007,和歌山競輪,7R,10:30,1-2-3,1,2,3,2710.5,0.0089042348852419,23.134928656448317
3820260524010001,静岡競輪,1R,10:57,4-6-7,4,6,7,4166.5,0.0057574632081144,22.988470456608702
3820260524010003,静岡競輪,3R,11:50,5-2-6,5,2,6,9999.9,0.0023704681960284,22.70444491346475
8420260523020007,武雄競輪,7R,13:35,9-6-5,9,6,5,2775.4,0.0083293716559667,22.1173380939702
5520260523020006,和歌山競輪,6R,10:10,7-6-2,7,6,2,5728.1,0.0039361133828415,21.546451068254573
5520260523020001,和歌山競輪,1R,08:30,1-6-7,1,6,7,3607.3,0.0060794772739589,20.93049837035203
1120260523020011,函館競輪,11R,20:02,6-7-2,6,7,2,9999.9,0.0021641765413642,20.64154899598842
8420260523020009,武雄競輪,9R,14:40,2-7-5,2,7,5,2791.5,0.0075289741962155,20.01713146873572
1120260523020003,函館競輪,3R,16:44,7-6-4,7,6,4,3618.4,0.0057562618604636,19.82845791590179
1120260523020004,函館競輪,4R,17:08,3-6-2,3,6,2,2777.6,0.007108472398808,18.744492934929305
8420260523020011,武雄競輪,11R,15:50,6-2-1,6,2,1,7639.1,0.0025319441232582,18.341774351981943
3820260524010007,静岡競輪,7R,13:50,7-4-6,7,4,6,5016.6,0.0036734601915589,17.428280396974777
2520260522030007,大宮競輪,7R,10:40,2-6-7,2,6,7,2431.6,0.0072811399713146,16.70481995424865
3820260524010008,静岡競輪,8R,14:20,5-6-1,5,6,1,3911.2,0.0043364025103476,15.960537498471696
8420260523020012,武雄競輪,12R,16:30,6-1-5,6,1,5,7683.0,0.0021701500330727,15.673262704097706
8420260523020001,武雄競輪,1R,10:45,8-5-1,8,5,1,6235.4,0.0025270649722013,14.757260927664063
8420260523020008,武雄競輪,8R,14:05,2-7-5,2,7,5,2299.8,0.0066869555826478,14.378660448973609
3520260522030005,平塚競輪,5R,17:44,7-2-6,7,2,6,5922.0,0.0024874226743491,13.730517077495945
4320260522030001,岐阜競輪,1R,20:40,6-3-7,6,3,7,6186.0,0.0023231336341107,13.37090466060928
8420260523020003,武雄競輪,3R,11:35,2-1-9,2,1,9,4346.1,0.0032128181087685,12.963228782519204
3520260522030002,平塚競輪,2R,16:37,1-6-7,1,6,7,1361.6,0.0102048980323161,12.89498916080168
6220260522030009,広島競輪,9R,23:30,5-7-6,5,7,6,2668.1,0.0050797134545158,12.55318346799386
8420260523020006,武雄競輪,6R,13:05,1-6-7,1,6,7,4045.7,0.00324612690233,12.132855608756527
2520260522030002,大宮競輪,2R,09:00,3-7-6,3,7,6,1593.5,0.0078947099026438,11.5802202298629
8420260523020010,武雄競輪,10R,15:15,8-3-2,8,3,2,6430.2,0.0019223525513421,11.361111375640307
1120260523020010,函館競輪,10R,19:35,4-6-3,4,6,3,1655.7,0.007375174716959,11.211076778869064
5520260523020003,和歌山競輪,3R,09:10,7-6-2,7,6,2,1219.2,0.0097491060070078,10.886110043744
2520260522030004,大宮競輪,4R,09:40,7-6-3,7,6,3,1849.5,0.0064234960194033,10.880255887886571
5520260523020004,和歌山競輪,4R,09:30,7-6-2,7,6,2,2288.8,0.0051890894375108,10.876787904574885
3820260524010011,静岡競輪,11R,16:06,2-7-6,2,7,6,2171.1,0.0054636750007353,10.862184794096514
3820260524010002,静岡競輪,2R,11:22,5-1-6,5,1,6,1267.6,0.009206290747245,10.669894151207808
8420260523020005,武雄競輪,5R,12:35,6-9-5,6,9,5,5694.6,0.002031353538925,10.567745862762786
8420260523020004,武雄競輪,4R,12:05,8-5-4,8,5,4,8789.2,0.0012974882108607,10.40388338289713
1120260523020002,函館競輪,2R,16:20,3-4-6,3,4,6,2098.3,0.0053944203078396,10.319112131939985
2520260522030003,大宮競輪,3R,09:20,1-4-6,1,4,6,1524.4,0.0073692542410384,10.233691165039048
1120260523020006,函館競輪,6R,17:56,6-2-7,6,2,7,4670.0,0.002302238762977,9.751455023102867
1120260523020001,函館競輪,1R,15:55,2-6-7,2,6,7,3798.7,0.0028198269001952,9.711676445771865
3520260522030011,平塚競輪,11R,20:16,7-2-6,7,2,6,4290.0,0.0023955132717261,9.276751935705091
1120260523020008,函館競輪,8R,18:44,1-6-2,1,6,2,979.3,0.0076371202824515,6.4790318926048025
3520260522030009,平塚競輪,9R,19:21,5-7-3,5,7,3,1503.8,0.0048992682605465,6.367519610209918
6220260522030001,広島競輪,1R,20:50,5-4-1,5,4,1,744.3,0.0096069457195735,6.150449699078568
8420260523020002,武雄競輪,2R,11:10,2-8-7,2,8,7,3611.3,0.0019700605712494,6.114479740953041
3520260522030007,平塚競輪,7R,18:32,2-7-6,2,7,6,514.5,0.0137431849726656,6.0708686684365
1120260523020007,函館競輪,7R,18:20,4-7-6,4,7,6,534.8,0.0128120640473377,5.851891852516239
2520260522030005,大宮競輪,5R,10:00,5-6-4,5,6,4,1542.7,0.0043637475989415,5.731953420887179
3520260522030006,平塚競輪,6R,18:08,3-7-6,3,7,6,1690.5,0.0038104159038569,5.441508085470129
3520260522030003,平塚競輪,3R,16:59,7-3-4,7,3,4,1606.3,0.0039995443547903,5.424468097099757
3520260522030008,平塚競輪,8R,18:56,2-7-6,2,7,6,3237.7,0.001828918003004,4.921487818326359
3520260522030004,平塚競輪,4R,17:21,7-4-3,7,4,3,1647.3,0.0034437873975968,4.672950980061315
1120260523020009,函館競輪,9R,19:09,4-5-6,4,5,6,906.6,0.0058503977181752,4.303970571297676
1120260523020005,函館競輪,5R,17:32,2-7-6,2,7,6,2056.7,0.0024397826262617,4.017900927432622
2720260525010006,京王閣競輪,6R,23:03,1-6-7,1,6,7,9999.9,0.0157906956261002,156.90537719143967
4220260525010005,名古屋競輪,5R,22:18,1-7-6,1,7,6,9999.9,0.0143885842548124,142.88440368969904
4220260525010003,名古屋競輪,3R,21:29,1-6-5,1,6,5,9999.9,0.0107477414666822,106.47633989267572
2720260525010005,京王閣競輪,5R,22:36,1-6-5,1,6,5,9999.9,0.0099960403910935,98.95940430689598
4220260525010004,名古屋競輪,4R,21:53,1-6-7,1,6,7,9999.9,0.0095840153246274,94.83919484474232
2720260525010004,京王閣競輪,4R,22:09,1-7-6,1,7,6,9999.9,0.0094088628784036,93.08768789774903
6120260525010002,玉野競輪,2R,21:13,6-2-4,6,2,4,9999.9,0.0091780559559586,90.77964175399092
2720260525010001,京王閣競輪,1R,20:57,1-6-5,1,6,5,9999.9,0.0089406067696974,88.40517363629796
6120260525010004,玉野競輪,4R,22:01,1-3-7,1,3,7,9999.9,0.0085085306233268,84.08445538020625
2720260525010002,京王閣競輪,2R,21:21,1-7-3,1,7,3,9999.9,0.0076882523769785,75.88175494454796
6120260525010003,玉野競輪,3R,21:37,2-7-6,2,7,6,9999.9,0.00761648799404,75.16411829160083
4220260525010002,名古屋競輪,2R,21:05,3-6-4,3,6,4,9999.9,0.0068686147685727,67.68546082425077
6120260525010001,玉野競輪,1R,20:49,6-2-7,6,2,7,9999.9,0.0067033227856492,66.03255752421357
6120260525010006,玉野競輪,6R,22:54,3-7-5,3,7,5,9999.9,0.0066107859044525,65.1071979659347
6120260525010005,玉野競輪,5R,22:27,4-7-3,4,7,3,9999.9,0.0064803716836309,63.80306879914116
2720260525010007,京王閣競輪,7R,23:30,5-4-3,5,4,3,9999.9,0.0063542537173271,62.54190174789927
4220260525010006,名古屋競輪,6R,22:45,2-6-7,2,6,7,9999.9,0.0056373588698004,55.37302496211719
4220260525010007,名古屋競輪,7R,23:12,4-7-2,4,7,2,9999.9,0.0053736757627996,52.73622026041981
6120260525010007,玉野競輪,7R,23:21,3-7-4,3,7,4,9999.9,0.0051599561645193,50.599045649577405
2720260525010003,京王閣競輪,3R,21:45,2-6-7,2,6,7,9999.9,0.0051149786916644,50.14927541877553
3820260524020006,静岡競輪,6R,13:22,5-4-1,5,4,1,7803.0,0.0059056744213664,45.08197750992269
3820260524020005,静岡競輪,5R,12:52,3-5-4,3,5,4,9999.9,0.0041438305762904,40.4378913798472
3820260524020004,静岡競輪,4R,12:22,3-2-7,3,2,7,4310.6,0.0089204080259415,37.452310836623546
8620260525010004,別府競輪,4R,16:55,2-6-1,2,6,1,8606.3,0.0044047868884016,36.908917397651415
8620260525010003,別府競輪,3R,16:31,1-6-3,1,6,3,4257.5,0.0083615614165883,34.59934773112506
8620260525010002,別府競輪,2R,16:07,6-3-5,6,3,5,9817.6,0.0035223632849758,33.58115378657938
4420260525010006,大垣競輪,6R,13:07,4-6-5,4,6,5,5470.8,0.0056825391997873,30.0880354541966
4220260525010001,名古屋競輪,1R,20:41,6-7-5,6,7,5,9999.9,0.0031005251024447,30.00494097193708
3820260524020002,静岡競輪,2R,11:26,7-6-2,7,6,2,5419.6,0.0052653835624355,27.536272754975613
4420260525010012,大垣競輪,12R,16:14,3-2-7,3,2,7,2858.2,0.0091581536298294,25.17583470477839
5520260523030005,和歌山競輪,5R,09:53,7-6-1,7,6,1,3494.1,0.0073956741764689,24.841225140000063
4420260525010003,大垣競輪,3R,11:40,4-6-1,4,6,1,2862.3,0.0082518629227926,22.619307243909315
3820260524020007,静岡競輪,7R,13:52,4-6-5,4,6,5,2591.3,0.0089372011070982,22.158969228823683
5520260523030003,和歌山競輪,3R,09:11,3-6-1,3,6,1,3139.9,0.0073461213817267,22.06608652648384
8620260525010011,別府競輪,11R,19:48,3-6-7,3,6,7,7246.1,0.003103689508871,21.489644550230228
3820260524020001,静岡競輪,1R,10:58,1-6-5,1,6,5,2765.8,0.0080236828428321,21.19190200670515
5520260523030002,和歌山競輪,2R,08:50,1-6-7,1,6,7,3871.0,0.0057184012120563,21.13593109186997
4420260525010011,大垣競輪,11R,15:38,7-6-2,7,6,2,6116.6,0.0035794533141691,20.89408414144722
1120260523030009,函館競輪,9R,19:09,5-6-3,5,6,3,3207.0,0.00638589960472,19.47958003233721
1120260523030004,函館競輪,4R,17:07,7-5-1,7,5,1,1077.2,0.0180517642221105,18.445360420057504
8620260525010001,別府競輪,1R,15:45,2-7-6,2,7,6,1735.5,0.0110479343005404,18.17368997858803
5520260523030006,和歌山競輪,6R,10:14,3-6-2,3,6,2,5008.7,0.0032928578667069,15.49293719697528
3820260524020011,静岡競輪,11R,15:52,4-6-1,4,6,1,3100.2,0.0052290344406571,15.21105257292524
4420260525010002,大垣競輪,2R,11:12,7-6-4,7,6,4,3296.9,0.0049160068532647,15.207582994528622
4420260525010004,大垣競輪,4R,12:08,7-6-3,7,6,3,3768.4,0.004002428332672,14.082750928841335
4420260525010008,大垣競輪,8R,14:07,3-6-5,3,6,5,3314.4,0.0042237546551121,12.999212428903636
4420260525010010,大垣競輪,10R,15:07,7-6-4,7,6,4,1476.0,0.0093138869803937,12.747297183061171
1120260523030012,函館競輪,12R,20:30,1-6-3,1,6,3,1628.4,0.0080330275377362,12.080982042449774
4420260525010007,大垣競輪,7R,13:37,7-6-2,7,6,2,1535.0,0.0078796210335707,11.095218286531104
5520260523030001,和歌山競輪,1R,08:30,5-4-3,5,4,3,1699.0,0.0071058940278718,11.072913953354297
8620260525010006,別府競輪,6R,17:43,6-4-3,6,4,3,5409.0,0.0021935998370581,10.865181518647798
1120260523030001,函館競輪,1R,15:59,6-5-7,6,5,7,7180.2,0.0015736005623762,10.298766757974194
5520260523030004,和歌山競輪,4R,09:32,3-5-2,3,5,2,1936.5,0.0057588385539662,10.1519908597557
3820260524020008,静岡競輪,8R,14:22,2-6-3,2,6,3,1356.2,0.0082011598001322,10.12241292093942
1120260523030008,函館競輪,8R,18:43,6-7-2,6,7,2,9999.9,0.0010574384919153,9.574279175304094
3820260524020003,静岡競輪,3R,11:54,5-7-6,5,7,6,1317.1,0.0078833977101379,9.383223124022706
4420260525010005,大垣競輪,5R,12:37,4-6-7,4,6,7,1680.7,0.0060836625674842,9.224811677170804
4420260525010009,大垣競輪,9R,14:37,5-4-7,5,4,7,1227.5,0.008202473040798,9.068535657579554
8620260525010009,別府競輪,9R,18:56,4-6-3,4,6,3,1516.5,0.0062735415052883,8.513825692769721
8620260525010010,別府競輪,10R,19:22,6-7-1,6,7,1,3387.0,0.0027283807761041,8.24102568866481
1120260523030003,函館競輪,3R,16:43,3-1-5,3,1,5,1218.8,0.0075529915001816,8.20558604042138
4420260525010001,大垣競輪,1R,10:45,3-6-2,3,6,2,870.7,0.0105071208841373,8.148550153818425
3820260524020010,静岡競輪,10R,15:22,5-6-1,5,6,1,3382.5,0.0026819339654651,8.071641638185767
3820260524020009,静岡競輪,9R,14:52,1-6-3,1,6,3,2173.6,0.0041634904623467,8.04976286895691
8620260525010008,別府競輪,8R,18:31,3-6-4,3,6,4,1566.3,0.0057330435815185,7.979666161732485
1120260523030010,函館競輪,10R,19:35,7-6-5,7,6,5,1161.7,0.0076747206538297,7.9157229835540495
5520260523030007,和歌山競輪,7R,10:35,3-5-6,3,5,6,2016.9,0.0042977630222916,7.668158239659958
8620260525010007,別府競輪,7R,18:07,4-3-6,4,3,6,1131.6,0.0067277314434557,6.613100901414496
8620260525010012,別府競輪,12R,20:15,4-1-3,4,1,3,1251.1,0.0058518097837841,6.321199220492307
1120260523030006,函館競輪,6R,17:55,6-4-3,6,4,3,5361.7,0.0013387361573002,6.177901654596715
1120260523030011,函館競輪,11R,20:01,5-4-6,5,4,6,1750.2,0.0038930154839668,5.813555700038699
1120260523030002,函館競輪,2R,16:21,7-6-2,7,6,2,702.9,0.0096450771729697,5.77952474488044
8620260525010005,別府競輪,5R,17:19,3-6-4,3,6,4,636.6,0.0105152944092937,5.694036420956388
1120260523030005,函館競輪,5R,17:31,2-6-5,2,6,5,713.1,0.0087528301820734,5.241643202836597
1120260523030007,函館競輪,7R,18:19,1-6-7,1,6,7,446.9,0.0139487394855664,5.2336916760996495
6120260525020002,玉野競輪,2R,21:13,2-4-3,2,4,3,9999.9,0.0130026177217071,129.02487695529908
6120260525020004,玉野競輪,4R,22:01,7-3-2,7,3,2,9999.9,0.0118365715962818,117.36453230565915
6120260525020003,玉野競輪,3R,21:37,1-6-3,1,6,3,9999.9,0.011238970983676,111.38858593966178
2720260525020004,京王閣競輪,4R,22:09,1-7-6,1,7,6,9999.9,0.0107487594905358,106.48652002940918
4220260525020003,名古屋競輪,3R,21:29,5-2-7,5,2,7,9999.9,0.0107277211476929,106.27613870481456
6120260525020006,玉野競輪,6R,22:54,1-7-4,1,7,4,9999.9,0.0105816786398108,104.8157282302444
4220260525020006,名古屋競輪,6R,22:45,1-5-6,1,5,6,9999.9,0.0087259492090555,86.25861949563436
2720260525020003,京王閣競輪,3R,21:45,2-6-7,2,6,7,9999.9,0.00843607606817,83.35991707409413
2720260525020002,京王閣競輪,2R,21:21,1-7-6,1,7,6,9999.9,0.0081015569926373,80.01475977067392
3820260524030002,静岡競輪,2R,11:26,5-6-1,5,6,1,7644.8,0.0101207316076059,76.3709689938256
4220260525020004,名古屋競輪,4R,21:53,3-6-2,3,6,2,9999.9,0.0076678033934046,75.67726715370729
4220260525020002,名古屋競輪,2R,21:05,4-1-6,4,1,6,9999.9,0.0067699142377611,66.6984653861881
6120260525020005,玉野競輪,5R,22:27,1-7-6,1,7,6,9999.9,0.0066166130820316,65.16546915900858
4220260525020005,名古屋競輪,5R,22:18,2-6-4,2,6,4,9999.9,0.0066155380019062,65.1547184652619
6120260525020007,玉野競輪,7R,23:21,2-6-4,2,6,4,9999.9,0.0066095436474129,65.09477551976484
2720260525020005,京王閣競輪,5R,22:36,4-7-2,4,7,2,9999.9,0.006392298911492,62.92234988502928
2720260525020006,京王閣競輪,6R,23:03,1-6-3,1,6,3,9999.9,0.0063803033756641,62.802395726304205
4220260525020007,名古屋競輪,7R,23:12,4-2-3,4,2,3,9999.9,0.0060331283044875,59.330679732045326
2220260526010005,前橋競輪,5R,17:38,5-1-3,5,1,3,9999.9,0.0055796851952124,54.796293983604784
2220260526010004,前橋競輪,4R,17:12,5-6-3,5,6,3,9958.0,0.0055569148142822,54.33575772062218
2720260525020001,京王閣競輪,1R,20:57,2-6-7,2,6,7,9999.9,0.0048747231886798,47.74674441447949
2220260526010006,前橋競輪,6R,18:04,4-3-6,4,3,6,9999.9,0.0047127968627413,46.127497347727406
2220260526010003,前橋競輪,3R,16:46,5-6-1,5,6,1,9999.9,0.0046830643810538,45.83017550410074
2720260525020007,京王閣競輪,7R,23:30,3-2-4,3,2,4,9999.9,0.004122498450685,40.22457225700591
3820260524030010,静岡競輪,10R,15:22,3-7-6,3,7,6,9203.3,0.0043556646096519,39.086488102009895
4220260525020001,名古屋競輪,1R,20:41,2-6-4,2,6,4,9999.9,0.0038976226631831,37.97583686956539
7520260526010002,松山競輪,2R,08:50,5-6-7,5,6,7,5598.6,0.0055012460315257,29.799276032100305
2220260526010001,前橋競輪,1R,15:59,2-6-1,2,6,1,5107.3,0.0059947369255652,29.6169198999396
3820260524030009,静岡競輪,9R,14:52,7-4-2,7,4,2,5232.8,0.0057524379115811,29.10135710372209
7520260526010006,松山競輪,6R,10:14,3-6-5,3,6,5,9041.5,0.0033122805309974,28.94798442101354
4420260525020009,大垣競輪,9R,14:37,2-6-7,2,6,7,3551.6,0.0070164006902279,23.919448691413457
3820260524030004,静岡競輪,4R,12:22,5-7-3,5,7,3,4458.5,0.0055525146355892,23.755886502774644
3820260524030007,静岡競輪,7R,13:52,5-6-4,5,6,4,3615.3,0.0067530685766312,23.41436882509514
2220260526010007,前橋競輪,7R,18:30,6-7-2,6,7,2,9999.9,0.0024266823396682,23.26658072844836
7520260526010003,松山競輪,3R,09:11,5-6-4,5,6,4,2990.2,0.0079896189341142,22.890558536788564
8620260525020003,別府競輪,3R,16:33,2-6-7,2,6,7,3453.8,0.0068602066329658,22.69378166893737
3820260524030001,静岡競輪,1R,10:58,1-6-2,1,6,2,4063.2,0.0058213206433891,22.653190038218828
4420260525020010,大垣競輪,10R,15:07,6-1-5,6,1,5,6269.6,0.0037509763452599,22.51712129424169
7520260526010001,松山競輪,1R,08:30,2-6-3,2,6,3,6112.4,0.0035886150438873,20.93505059425683
4420260525020004,大垣競輪,4R,12:08,4-6-5,4,6,5,3343.9,0.0064542104955595,20.58223447610148
2220260526010010,前橋競輪,10R,19:48,4-7-5,4,7,5,5442.0,0.003833957788951,19.864398287471708
4420260525020006,大垣競輪,6R,13:07,7-6-5,7,6,5,1634.5,0.0124188584364557,19.29862411438689
4420260525020012,大垣競輪,12R,16:15,7-5-6,7,5,6,2800.6,0.0070013751409033,18.60805121961386
2220260526010002,前橋競輪,2R,16:22,6-4-5,6,4,5,9999.9,0.0019414593048247,18.41439890231732
8620260525020002,別府競輪,2R,16:07,3-6-7,3,6,7,3616.4,0.0053675847630845,18.41133353721888
4420260525020005,大垣競輪,5R,12:37,6-4-3,6,4,3,9999.9,0.0019368898661817,18.36870497283132
7520260526010004,松山競輪,4R,09:32,7-6-4,7,6,4,6444.8,0.0029533565378181,18.03379221493025
2220260526010009,前橋競輪,9R,19:22,6-7-2,6,7,2,9999.9,0.0017782322659733,16.782144836506564
3820260524030006,静岡競輪,6R,13:22,2-7-6,2,7,6,3141.4,0.0055837311482523,16.54073302911981
8620260525020011,別府競輪,11R,20:02,5-6-4,5,6,4,2337.2,0.0072926954095698,16.044487711246603
4420260525020001,大垣競輪,1R,10:45,3-4-2,3,4,2,1291.7,0.012970874404336,15.75447846808083
4420260525020002,大垣競輪,2R,11:12,3-6-7,3,6,7,3730.9,0.0040610877535685,14.15151229978895
8620260525020012,別府競輪,12R,20:30,6-7-3,6,7,3,4319.7,0.0035014075043622,14.125029996593796
3820260524030005,静岡競輪,5R,12:52,5-7-6,5,7,6,3500.6,0.0041390553879142,13.48917729093279
3820260524030003,静岡競輪,3R,11:54,1-7-6,1,7,6,5110.5,0.0027863371605199,13.239576058837262
3820260524030008,静岡競輪,8R,14:22,4-6-1,4,6,1,4228.1,0.0033382818700162,13.114589574615822
3820260524030011,静岡競輪,11R,15:52,1-6-7,1,6,7,1822.8,0.0072182843068012,12.157488634437255
4420260525020007,大垣競輪,7R,13:37,1-6-4,1,6,4,1121.0,0.0116671082618135,12.078828361492953
4420260525020003,大垣競輪,3R,11:40,2-6-5,2,6,5,2698.3,0.0044614108232165,11.038224824285324
8620260525020009,別府競輪,9R,19:09,4-6-7,4,6,7,1122.1,0.01051525752709,10.79917047114774
8620260525020001,別府競輪,1R,15:45,6-3-5,6,3,5,998.2,0.0118006678521266,10.779426649992836
8620260525020004,別府競輪,4R,16:59,7-6-2,7,6,2,1983.1,0.0057120849759161,10.327635715739286
8620260525020005,別府競輪,5R,17:25,5-6-1,5,6,1,3379.0,0.0032608591373855,10.01844302522586
7520260526010005,松山競輪,5R,09:53,4-7-3,4,7,3,1571.6,0.0068521797104669,9.768885632969848
7520260526010007,松山競輪,7R,10:35,2-3-1,2,3,1,2434.9,0.004255876875614,9.362634604432753
2220260526010008,前橋競輪,8R,18:56,7-6-2,7,6,2,1588.2,0.0062429572034644,8.915064630542167
4420260525020011,大垣競輪,11R,15:38,3-7-5,3,7,5,1995.7,0.0045202687681771,8.021100380651069
4420260525020008,大垣競輪,8R,14:07,4-6-1,4,6,1,1226.3,0.0050575350379138,5.202055216993707
8620260525020007,別府競輪,7R,18:17,2-6-7,2,6,7,4113.0,0.0013426741950595,4.522418964279786
2220260526010011,前橋競輪,11R,20:16,4-6-2,4,6,2,1588.7,0.0033580345338507,4.3349094639287165
8620260525020010,別府競輪,10R,19:35,6-5-7,6,5,7,2020.7,0.0025863796858603,4.2262974312180885
8620260525020006,別府競輪,6R,17:51,3-4-6,3,4,6,612.3,0.0076935597034645,3.710766606431351
8620260525020008,別府競輪,8R,18:43,7-3-5,7,3,5,533.5,0.0086581624152964,3.619129648560668
6120260525020001,玉野競輪,1R,20:49,6-5-4,6,5,4,1290.0,0.0025510831676785,2.2908972863053267
4220260525030003,名古屋競輪,3R,21:29,1-7-5,1,7,5,9999.9,0.0125661241530846,124.65998491843082
6120260525030002,玉野競輪,2R,21:13,7-1-3,7,1,3,9999.9,0.0102728886768843,101.72785947997592
2720260525030002,京王閣競輪,2R,21:21,1-7-3,1,7,3,9999.9,0.0094960971455334,93.9600218456196
4220260525030006,名古屋競輪,6R,22:45,2-6-4,2,6,4,9999.9,0.0094133649748381,93.13270841188432
6120260525030003,玉野競輪,3R,21:37,5-7-1,5,7,1,9999.9,0.0087348435478071,86.34756199371644
2720260525030003,京王閣競輪,3R,21:45,3-2-7,3,2,7,9999.9,0.0086771467969613,85.77060025493356
6120260525030004,玉野競輪,4R,22:01,2-7-6,2,7,6,9999.9,0.0081838782926341,80.83796453851218
6120260525030005,玉野競輪,5R,22:27,3-2-6,3,2,6,9999.9,0.0079913851097636,78.91305195912574
6120260525030006,玉野競輪,6R,22:54,6-1-3,6,1,3,9999.9,0.0079055587463598,78.05479690772363
4220260525030002,名古屋競輪,2R,21:05,2-3-5,2,3,5,9999.9,0.0075695401243291,74.69464428927922
4220260525030005,名古屋競輪,5R,22:18,2-7-6,2,7,6,9999.9,0.0075309317241723,74.30856414855094
2720260525030005,京王閣競輪,5R,22:36,2-3-5,2,3,5,9999.9,0.0064834829403884,63.83418105559
2720260525030004,京王閣競輪,4R,22:09,4-1-3,4,1,3,9999.9,0.0064699644359136,63.69899736269285
2720260525030006,京王閣競輪,6R,23:03,4-2-6,4,2,6,9999.9,0.0062149863412419,61.14924191378538
2720260525030001,京王閣競輪,1R,20:57,6-1-5,6,1,5,9999.9,0.0060373012034829,59.37240830470928
2220260526020006,前橋競輪,6R,18:04,6-4-3,6,4,3,9999.9,0.0049883252122114,48.88275328959377
2220260526020005,前橋競輪,5R,17:38,7-6-4,7,6,4,9999.9,0.0048860293920659,47.85980531772034
6120260525030007,玉野競輪,7R,23:21,3-7-6,3,7,6,9999.9,0.0047739218512231,46.73874112004686
2220260526020001,前橋競輪,1R,15:59,5-6-2,5,6,2,5942.7,0.0073403021692529,42.62121370121943
2120260527010003,弥彦競輪,3R,11:37,2-6-5,2,6,5,4374.3,0.0093188693513535,39.76353020362594
4220260525030007,名古屋競輪,7R,23:12,4-5-7,4,5,7,9999.9,0.0037598546143285,36.598170157824384
2220260526020004,前橋競輪,4R,17:12,7-2-6,7,2,6,7183.4,0.0050552835770292,35.31412404723224
4220260525030001,名古屋競輪,1R,20:41,5-6-1,5,6,1,9999.9,0.0033602140268119,32.60180424671657
2220260526020002,前橋競輪,2R,16:22,1-6-4,1,6,4,4670.5,0.0065532881442682,29.607132277804727
2120260527010004,弥彦競輪,4R,12:05,3-6-4,3,6,4,7331.9,0.003991597001224,28.265990053274717
4420260525030009,大垣競輪,9R,14:39,1-3-6,1,3,6,3394.9,0.00778567035217,25.43157227858196
4220260525030004,名古屋競輪,4R,21:53,4-5-7,4,5,7,9999.9,0.002552479631372,24.52454106575733
2220260526020009,前橋競輪,9R,19:22,6-4-2,6,4,2,5330.2,0.004776578929983,24.4601210125958
7520260526020007,松山競輪,7R,10:35,3-6-2,3,6,2,5656.0,0.0041103580128636,22.24818492075701
8620260525030003,別府競輪,3R,16:33,5-6-2,5,6,2,5229.8,0.0041850845814661,20.887155344151576
2220260526020010,前橋競輪,10R,19:48,5-6-7,5,6,7,5961.7,0.0036085460024502,20.513068702807484
4420260525030008,大垣競輪,8R,14:11,6-3-1,6,3,1,3598.9,0.0053200355604103,18.146275978360865
2120260527010010,弥彦競輪,10R,14:53,1-6-7,1,6,7,2153.7,0.0088356695198291,18.029381444856
2120260527010006,弥彦競輪,6R,13:01,3-6-5,3,6,5,5781.1,0.0032179140738166,17.603083052141475
2120260527010008,弥彦競輪,8R,13:57,2-6-7,2,6,7,1821.6,0.0101720475958169,17.529401900540147
4420260525030012,大垣競輪,12R,16:15,1-4-5,1,4,5,2370.7,0.0077303287982996,17.326290482128968
4420260525030005,大垣競輪,5R,12:47,1-6-5,1,6,5,2316.9,0.0070070999626788,15.234749903530592
8620260525030004,別府競輪,4R,16:59,7-3-6,7,3,6,3810.2,0.0041081641008658,14.652926857119075
7520260526020005,松山競輪,5R,09:53,1-6-7,1,6,7,2597.9,0.0059992686588943,14.58550004894167
2120260527010007,弥彦競輪,7R,13:29,3-6-7,3,6,7,2248.9,0.0067512486872281,14.182883172707331
7520260526020006,松山競輪,6R,10:14,7-6-2,7,6,2,3401.4,0.0042133877808772,13.331417197875735
2220260526020003,前橋競輪,3R,16:46,1-6-2,1,6,2,1653.3,0.0085753034679749,13.177549223602943
4420260525030001,大垣競輪,1R,10:57,1-7-6,1,7,6,3373.7,0.0040997281190165,12.831252755126284
7520260526020002,松山競輪,2R,08:50,3-6-4,3,6,4,2424.0,0.0055540154129597,12.462933361014423
4420260525030007,大垣競輪,7R,13:43,1-6-2,1,6,2,1763.3,0.0071576375590935,11.621062307949645
2120260527010011,弥彦競輪,11R,15:22,4-6-7,4,6,7,3493.9,0.0035750789208707,11.490968241630393
2220260526020008,前橋競輪,8R,18:56,6-4-2,6,4,2,9999.9,0.0012173398844993,11.173277111005094
8620260525030011,別府競輪,11R,20:02,7-5-6,7,5,6,1390.7,0.0086947438674412,11.091780296450484
2120260527010009,弥彦競輪,9R,14:25,1-6-5,1,6,5,1538.6,0.0076083792469936,10.706252309424457
4420260525030006,大垣競輪,6R,13:15,6-7-4,6,7,4,5620.4,0.00197429885858,10.096349304763525
2120260527010002,弥彦競輪,2R,11:10,4-6-2,4,6,2,1262.9,0.0079692318380832,9.064342888315313
2120260527010001,弥彦競輪,1R,10:45,6-4-7,6,4,7,3305.4,0.0030102373735416,8.950038614504404
2220260526020011,前橋競輪,11R,20:16,6-7-1,6,7,1,939.3,0.0105908440438806,8.947979810417067
4420260525030002,大垣競輪,2R,11:23,6-7-1,6,7,1,2622.3,0.0037439341752463,8.817718587748463
8620260525030001,別府競輪,1R,15:45,5-2-1,5,2,1,527.9,0.0176236984701467,8.30355042239048
2720260525030007,京王閣競輪,7R,23:30,7-2-4,7,2,4,9999.9,0.000927854899677,8.278456211280353
7520260526020001,松山競輪,1R,08:30,4-5-2,4,5,2,1464.8,0.0061514284920012,8.010612455083377
8620260525030005,別府競輪,5R,17:25,4-6-3,4,6,3,1232.5,0.0072937425315942,7.989537670189929
4420260525030011,大垣競輪,11R,15:37,3-6-4,3,6,4,799.0,0.0112327447377559,7.9749630454670015
7520260526020004,松山競輪,4R,09:32,3-6-2,3,6,2,1271.4,0.0066484962728472,7.452898161297975
4420260525030010,大垣競輪,10R,15:07,5-6-4,5,6,4,558.7,0.0147585505009139,7.245602164860619
8620260525030008,別府競輪,8R,18:43,5-6-2,5,6,2,1403.5,0.0057573217568623,7.080401085756282
8620260525030006,別府競輪,6R,17:51,4-6-5,4,6,5,2973.1,0.0025789613545198,6.667510003122915
4420260525030003,大垣競輪,3R,11:51,5-4-6,5,4,6,1079.6,0.0070626583847547,6.624845992181196
8620260525030012,別府競輪,12R,20:30,7-3-4,7,3,4,1009.1,0.0071535403926652,6.218637610238472
2120260527010012,弥彦競輪,12R,15:52,6-5-1,6,5,1,1503.1,0.0047589913325013,6.153239871882814
8620260525030002,別府競輪,2R,16:07,4-1-5,4,1,5,373.3,0.0178562683248468,5.665744965665312
8620260525030009,別府競輪,9R,19:09,7-6-3,7,6,3,621.5,0.0104839133427752,5.515752142534808
7520260526020003,松山競輪,3R,09:11,4-6-3,4,6,3,1882.2,0.0031838006138907,4.992549515465126
2120260527010005,弥彦競輪,5R,12:33,7-3-1,7,3,1,1434.3,0.0041641341670201,4.972617635756959
4420260525030004,大垣競輪,4R,12:19,5-6-4,5,6,4,1518.2,0.0031858819548958,3.8368059839228064
8620260525030010,別府競輪,10R,19:35,1-6-2,1,6,2,368.7,0.0111527142596996,3.1120057475512706
6120260525030001,玉野競輪,1R,20:49,1-3-6,1,3,6,413.0,0.0096178792425045,2.9721841271543945
8620260525030007,別府競輪,7R,18:17,2-6-4,2,6,4,340.6,0.0114506245958937,2.9000827373613998
2220260526020007,前橋競輪,7R,18:30,1-7-3,1,7,3,460.8,0.00386462365938,0.7808185822423315
3820260531010006,静岡競輪,6R,22:45,1-7-5,1,7,5,9999.9,0.0156651864141519,155.6502976228784
7420260531010007,高知競輪,7R,23:30,1-6-5,1,6,5,9999.9,0.0145985393004137,144.9839331502073
5620260531010006,岸和田競輪,6R,22:54,1-7-3,1,7,3,9999.9,0.0129853260004303,128.85196147170376
7420260531010006,高知競輪,6R,23:03,1-6-3,1,6,3,9999.9,0.0115194637240526,114.1934852941543
5620260531010004,岸和田競輪,4R,22:01,1-6-5,1,6,5,9999.9,0.0114942660990924,113.94151156431438
5620260531010002,岸和田競輪,2R,21:13,1-7-3,1,7,3,9999.9,0.0112273533039612,111.27241030428242
3820260531010005,静岡競輪,5R,22:18,1-7-5,1,7,5,9999.9,0.0110841256826218,109.84014841365068
7420260531010004,高知競輪,4R,22:09,1-7-6,1,7,6,9999.9,0.0108721086529222,107.71999931835684
3820260531010003,静岡競輪,3R,21:29,1-7-5,1,7,5,9999.9,0.0099343184118814,98.34219068697364
7420260531010005,高知競輪,5R,22:36,3-5-2,3,5,2,9999.9,0.0093470478140471,92.46954343569008
5620260531010005,岸和田競輪,5R,22:27,1-7-6,1,7,6,9999.9,0.0088641543183427,87.6406567679952
7420260531010003,高知競輪,3R,21:45,2-6-7,2,6,7,9999.9,0.0083967953549513,82.96711386997829
3820260531010001,静岡競輪,1R,20:41,2-4-7,2,4,7,9999.9,0.0082892909113336,81.89208018424576
5620260531010003,岸和田競輪,3R,21:37,2-5-7,2,5,7,9999.9,0.0080269842994906,79.26904029647645
3820260531010002,静岡競輪,2R,21:05,2-5-7,2,5,7,9999.9,0.0080073541495972,79.07274076055704
1120260530020006,函館競輪,6R,18:06,2-6-7,2,6,7,9999.9,0.0072759842906146,71.75911530771761
3820260531010004,静岡競輪,4R,21:53,2-1-6,2,1,6,9999.9,0.0065731843077996,64.7311857595656
5620260531010001,岸和田競輪,1R,20:49,5-1-3,5,1,3,9999.9,0.0064801660693999,63.80101267739212
3820260531010007,静岡競輪,7R,23:12,5-1-7,5,1,7,9999.9,0.0064466751038728,63.46610637121839
7420260531010002,高知競輪,2R,21:21,2-5-7,2,5,7,9999.9,0.0061482103452201,60.48148863116717
7420260531010001,高知競輪,1R,20:57,3-7-1,3,7,1,9999.9,0.0057887450396265,56.886871521761535
2420260530020011,宇都宮競輪,11R,15:47,6-9-1,6,9,1,9999.9,0.005245276120356,51.452236675948505
1120260530020005,函館競輪,5R,17:42,5-2-7,5,2,7,9999.9,0.0047212679685233,46.21220755843687
3620260531010001,小田原競輪,1R,08:30,4-7-6,4,7,6,8419.3,0.0053040075229093,43.65603053763103
5620260531010007,岸和田競輪,7R,23:21,3-7-4,3,7,4,9999.9,0.0043594402783275,42.59396683924721
2420260530020010,宇都宮競輪,10R,15:15,3-4-9,3,4,9,9999.9,0.0037538872939543,36.53849755081384
3120260531010004,松戸競輪,4R,17:06,4-6-2,4,6,2,3473.2,0.0107412324876387,36.30644867606693
2420260530020012,宇都宮競輪,12R,16:25,2-4-1,2,4,1,9999.9,0.0037241053996239,36.24068158569949
2420260530020008,宇都宮競輪,8R,14:14,6-3-1,6,3,1,9978.1,0.0036691050928761,35.61069752722794
1120260530020007,函館競輪,7R,18:30,6-7-1,6,7,1,9999.9,0.0035566907620318,34.56655195124203
3620260531010002,小田原競輪,2R,08:50,3-7-6,3,7,6,8632.0,0.0033849747804456,28.21910230480643
2420260530020002,宇都宮競輪,2R,11:14,8-9-5,8,9,5,9986.1,0.0027140212041327,26.102487146590256
1120260530020010,函館競輪,10R,19:48,5-2-6,5,2,6,9999.9,0.0026509989602112,25.50972450221684
3620260531010004,小田原競輪,4R,09:32,7-6-2,7,6,2,3297.9,0.007813702145729,24.76880830639992
3620260531010006,小田原競輪,6R,10:14,5-6-7,5,6,7,2421.4,0.0105730322995539,24.60154041014003
1120260530020009,函館競輪,9R,19:22,7-6-2,7,6,2,2668.5,0.0090239529027204,23.08041832090946
2420260530020004,宇都宮競輪,4R,12:14,9-6-7,9,6,7,4749.6,0.0049775694602797,22.641463908544736
2420260530020006,宇都宮競輪,6R,13:14,3-4-9,3,4,9,8334.9,0.0027888284885126,22.24460656890399
1120260530020003,函館競輪,3R,16:54,4-6-7,4,6,7,2994.5,0.0076774431798614,21.99010360209505
8720260529030002,熊本競輪,2R,11:29,2-6-7,2,6,7,6534.9,0.0033061681228738,20.60547806616837
1120260530020011,函館競輪,11R,20:16,3-4-6,3,4,6,7165.5,0.0028794608812086,19.63277694430091
3120260531010010,松戸競輪,10R,19:35,1-6-2,1,6,2,2466.5,0.00808234179682,18.935096041856536
8720260529030001,熊本競輪,1R,10:59,1-6-7,1,6,7,3636.5,0.0054068150346587,18.66188287353637
3120260531010009,松戸競輪,9R,19:09,5-3-6,5,3,6,1945.9,0.0099709286037133,18.40242996996581
1120260530020002,函館競輪,2R,16:32,3-6-5,3,6,5,3129.7,0.0059436249486683,17.601763001847445
2420260530020005,宇都宮競輪,5R,12:44,3-8-6,3,8,6,6529.3,0.0027193733856487,16.755604646916442
8720260529030010,熊本競輪,10R,15:31,4-2-7,4,2,7,4721.2,0.0034245217400311,15.167852039035116
3620260531010007,小田原競輪,7R,10:35,1-4-3,1,4,3,2816.6,0.0055242455411484,14.55958999119872
3620260531010005,小田原競輪,5R,09:53,2-3-7,2,3,7,3617.1,0.0038240754305993,12.832063240020869
3120260531010006,松戸競輪,6R,17:54,3-6-2,3,6,2,2945.0,0.004456103427883,12.123224595115513
3120260531010002,松戸競輪,2R,16:18,4-6-7,4,6,7,1184.0,0.0110800911287683,12.118827896461683
2420260530020007,宇都宮競輪,7R,13:44,9-4-1,9,4,1,6929.2,0.0018776083262731,12.010323614412236
2420260530020009,宇都宮競輪,9R,14:44,2-8-6,2,8,6,9999.9,0.0012758888399408,11.758760810524006
2420260530020001,宇都宮競輪,1R,10:45,5-8-6,5,8,6,8680.8,0.0014597712051577,11.671981877733666
2420260530020003,宇都宮競輪,3R,11:44,1-6-7,1,6,7,5521.9,0.0022489941564748,11.418720832638508
8720260529030009,熊本競輪,9R,14:59,4-3-6,4,3,6,4881.3,0.002539587309671,11.396487534697474
8720260529030007,熊本競輪,7R,13:59,6-5-3,6,5,3,1252.8,0.0098594578573487,11.35192880368646
3120260531010011,松戸競輪,11R,20:02,6-7-1,6,7,1,7271.2,0.0015916985709455,10.5735586490595
1120260530020008,函館競輪,8R,18:56,6-2-7,6,2,7,4185.7,0.002690032311637,10.259668246819167
3120260531010003,松戸競輪,3R,16:42,6-1-5,6,1,5,9999.9,0.001100334161161,10.003231578194727
8720260529030008,熊本競輪,8R,14:29,4-6-7,4,6,7,1288.0,0.0082301538237247,9.60043812495743
3120260531010001,松戸競輪,1R,15:54,2-4-7,2,4,7,3153.9,0.0033493137376899,9.563400597300385
1120260530020004,函館競輪,4R,17:18,7-5-6,7,5,6,1135.1,0.0091363005975059,9.370614808228977
3620260531010003,小田原競輪,3R,09:11,5-6-4,5,6,4,3037.4,0.0033818147408814,9.271924093953308
8720260529030003,熊本競輪,3R,11:59,2-7-4,2,7,4,2983.5,0.0034111947281629,9.177299471474145
3120260531010007,松戸競輪,7R,18:18,5-6-4,5,6,4,1548.8,0.0064252337819219,8.95140208144067
3120260531010008,松戸競輪,8R,18:43,5-6-1,5,6,1,2388.7,0.0038153616762978,8.113754436172588
3120260531010005,松戸競輪,5R,17:30,6-7-5,6,7,5,3319.4,0.0025340418934952,7.411498661268013
3120260531010012,松戸競輪,12R,20:30,5-4-7,5,4,7,906.5,0.0077920223369387,6.06346824843494
8720260529030011,熊本競輪,11R,16:03,6-7-4,6,7,4,1625.1,0.0042288133061952,5.872244503897926
1120260530020001,函館競輪,1R,16:10,4-2-5,4,2,5,347.4,0.0166448305941682,4.782414148414053
8720260529030006,熊本競輪,6R,13:29,1-2-5,1,2,5,313.7,0.0131224953894867,3.1165268036819924
8720260529030004,熊本競輪,4R,12:29,1-2-3,1,2,3,300.6,0.0109792398987278,2.3003595135575976
8720260529030005,熊本競輪,5R,12:59,1-5-3,1,5,3,71.2,0.0325002333638785,1.3140166155081503
2220260603020005,前橋競輪,5R,22:18,2-1-7,2,1,7,9999.9,0.011435127167545,113.35012816273384
2220260603020004,前橋競輪,4R,21:53,4-7-1,4,7,1,9999.9,0.0113599372763286,112.5982367695589
2220260603020001,前橋競輪,1R,20:41,1-5-3,1,5,3,9999.9,0.0110976171826497,109.9750620647794
3520260603020007,平塚競輪,7R,23:21,3-7-5,3,7,5,9999.9,0.0106280392275854,105.27932947193192
3520260603020003,平塚競輪,3R,21:37,2-5-6,2,5,6,9999.9,0.0100520838579728,99.51983337134315
2220260603020003,前橋競輪,3R,21:29,2-5-6,2,5,6,9999.9,0.0092860600903506,91.85967229749754
2220260603020002,前橋競輪,2R,21:05,2-5-6,2,5,6,9999.9,0.0091786079832147,90.78516197134924
6320260603020006,防府競輪,6R,13:30,4-7-3,4,7,3,9999.9,0.0085977824457657,84.97696467941336
2220260603020007,前橋競輪,7R,23:12,1-7-3,1,7,3,9999.9,0.0083782312445399,82.78147462227493
6320260603020007,防府競輪,7R,13:58,7-6-4,7,6,4,9999.9,0.0082312658816149,81.31183568956098
2220260603020006,前橋競輪,6R,22:45,2-1-7,2,1,7,9999.9,0.007939078194496,78.38998803714063
4520260603020001,豊橋競輪,1R,20:57,2-3-5,2,3,5,9999.9,0.007525300792354,74.25225539346165
4520260603020004,豊橋競輪,4R,22:09,5-7-2,5,7,2,9999.9,0.0074330320575466,73.32957727226108
4520260603020002,豊橋競輪,2R,21:21,6-5-1,6,5,1,9999.9,0.0072889615237217,71.88888634106499
3520260603020006,平塚競輪,6R,22:54,4-2-6,4,2,6,9999.9,0.0068460308549298,67.4596239462133
4320260604010007,岐阜競輪,7R,10:35,5-7-4,5,7,4,9999.9,0.0066691002246033,65.69033533601053
4520260603020007,豊橋競輪,7R,23:30,1-6-3,1,6,3,9999.9,0.0065667048477965,64.66639180748047
4520260603020006,豊橋競輪,6R,23:03,4-7-1,4,7,1,9999.9,0.0061515752586255,60.515137428729446
3520260603020001,平塚競輪,1R,20:49,1-7-4,1,7,4,8826.0,0.0067080328674294,58.20509808793224
3520260603020004,平塚競輪,4R,22:01,5-2-4,5,2,4,9999.9,0.0058987899259159,57.98730938016724
4520260603020005,豊橋競輪,5R,22:36,2-6-7,2,6,7,9999.9,0.0058706543721936,57.705956656498834
4520260603020003,豊橋競輪,3R,21:45,4-3-2,4,3,2,9999.9,0.0057421697503341,56.42112328636637
6320260603020010,防府競輪,10R,15:28,3-1-6,3,1,6,9999.9,0.0057072898616202,56.07232788721616
4320260604010002,岐阜競輪,2R,08:50,6-2-5,6,2,5,9999.9,0.0055177498792216,54.17694701722834
3520260603020002,平塚競輪,2R,21:13,5-3-2,5,3,2,9999.9,0.0055130738491524,54.13018718414002
2120260604010002,弥彦競輪,2R,16:14,3-6-5,3,6,5,7868.1,0.0069362391558523,53.57502330216171
3520260603020005,平塚競輪,5R,22:27,2-6-7,2,6,7,9999.9,0.0052032236145269,51.03171582290854
8320260604010004,久留米競輪,4R,12:20,1-6-4,1,6,4,8002.9,0.0063838500444328,50.08931352059133
6320260603020011,防府競輪,11R,15:59,3-6-1,3,6,1,9278.5,0.0053420393149511,48.56611178377445
6320260603020009,防府競輪,9R,14:57,7-6-5,7,6,5,9999.9,0.0045011290332049,44.01084021914637
2120260604010003,弥彦競輪,3R,16:38,6-3-2,6,3,2,5502.0,0.0081112368223221,43.628024996416606
4320260604010006,岐阜競輪,6R,10:14,5-7-3,5,7,3,9999.9,0.0042499090649138,41.49866565823216
8320260604010011,久留米競輪,11R,15:44,5-6-2,5,6,2,9999.9,0.0040905349110638,39.904940057146895
6320260603020005,防府競輪,5R,13:02,3-6-4,3,6,4,7011.2,0.0055087221593488,37.622752803626575
2120260604010004,弥彦競輪,4R,17:02,1-6-2,1,6,2,9999.9,0.0035412292384682,34.41193826175909
1220260602030003,青森競輪,3R,16:50,1-6-7,1,6,7,5432.6,0.0064305972140011,33.934862424782814
4320260604010001,岐阜競輪,1R,08:30,5-4-6,5,4,6,7929.7,0.0040091773899488,30.79157394907763
8320260604010009,久留米競輪,9R,14:42,2-6-9,2,6,9,9999.9,0.0029517418833918,28.517123659730263
8320260604010002,久留米競輪,2R,11:24,3-4-8,3,4,8,9999.9,0.0028831731999771,27.831443682451496
8320260604010007,久留米競輪,7R,13:44,9-4-1,9,4,1,6207.1,0.0042365302207855,25.296566733438123
2120260604010010,弥彦競輪,10R,19:26,5-6-4,5,6,4,2507.5,0.0098579284253318,23.71875552651963
8320260604010008,久留米競輪,8R,14:12,5-4-6,5,4,6,9999.9,0.0024356140389492,23.355896828088472
4320260604010004,岐阜競輪,4R,09:32,3-4-7,3,4,7,4319.4,0.0055650491878385,23.037673461949765
8320260604010010,久留米競輪,10R,15:12,9-4-2,9,4,2,9050.4,0.0026490688497647,22.975132717910704
1220260602030001,青森競輪,1R,16:06,1-6-4,1,6,4,3003.6,0.0079704423598433,22.94002067202563
4320260604010005,岐阜競輪,5R,09:53,4-2-3,4,2,3,4885.0,0.0048164858624259,22.528533437950728
8320260604010006,久留米競輪,6R,13:16,3-4-8,3,4,8,7021.2,0.0032656769611877,21.9289710798912
8320260604010003,久留米競輪,3R,11:52,1-4-3,1,4,3,8113.8,0.0027451085487269,21.273261742660477
6320260603020004,防府競輪,4R,12:34,7-6-4,7,6,4,5624.6,0.0039266363976343,21.08575908213412
6320260603020001,防府競輪,1R,11:11,5-6-3,5,6,3,8408.9,0.0025292860840723,20.26851375235596
6320260603020002,防府競輪,2R,11:38,1-6-3,1,6,3,2000.1,0.0101075585302094,19.21612781627192
8320260604010001,久留米競輪,1R,10:58,3-6-7,3,6,7,9999.9,0.0018589237568545,17.589051676169934
6320260603020003,防府競輪,3R,12:06,1-5-6,1,5,6,2534.5,0.0070750298973129,16.931663274739588
2120260604010009,弥彦競輪,9R,19:02,6-1-5,6,1,5,9999.9,0.0016189456776245,15.18929488167808
8320260604010012,久留米競輪,12R,16:21,3-4-7,3,4,7,8056.1,0.001878781674369,14.135653046884572
6320260603020008,防府競輪,8R,14:27,1-6-5,1,6,5,2051.3,0.0068206334758959,12.99116544910545
1220260602030008,青森競輪,8R,18:50,5-6-4,5,6,4,1570.7,0.0085666404995642,12.455622232665586
2120260604010011,弥彦競輪,11R,19:51,4-6-5,4,6,5,1233.2,0.0108692271410313,12.403930910319913
1220260602030007,青森競輪,7R,18:26,6-5-4,6,5,4,8544.7,0.0014428778195463,11.328958104678064
8320260604010005,久留米競輪,5R,12:48,7-6-4,7,6,4,7059.1,0.001600760662798,10.299929594757884
1220260602030012,青森競輪,12R,20:30,5-6-2,5,6,2,1314.0,0.0084287013826747,10.07531361683468
2120260604010001,弥彦競輪,1R,15:51,3-6-5,3,6,5,1587.5,0.0068176199981237,9.822971747021446
1220260602030002,青森競輪,2R,16:28,1-6-5,1,6,5,3063.5,0.0032537727481939,8.967932814092183
2120260604010012,弥彦競輪,12R,20:17,7-6-1,7,6,1,2837.9,0.0034525216544057,8.797911203038133
1220260602030011,青森競輪,11R,20:04,7-6-4,7,6,4,1180.5,0.0082911136924466,8.787659713933309
1220260602030006,青森競輪,6R,18:02,1-6-3,1,6,3,907.2,0.0107540363215024,8.756061750867026
2120260604010006,弥彦競輪,6R,17:50,2-3-1,2,3,1,1054.2,0.0076939013821534,7.110910837066182
1220260602030010,青森競輪,10R,19:38,4-6-1,4,6,1,1029.5,0.0078472203132805,7.078713312522295
4320260604010003,岐阜競輪,3R,09:11,5-6-1,5,6,1,3303.4,0.0022842958355222,6.545942863064327
2120260604010005,弥彦競輪,5R,17:26,3-6-7,3,6,7,2358.1,0.0030780994217878,6.258466246518037
1220260602030005,青森競輪,5R,17:38,5-2-6,5,2,6,1238.4,0.0056697862139822,6.021463247395678
2120260604010007,弥彦競輪,7R,18:14,2-3-1,2,3,1,465.1,0.0138525874841293,5.442838438868566
2120260604010008,弥彦競輪,8R,18:38,1-5-6,1,5,6,520.6,0.0108734542999156,4.660720308536079
1220260602030004,青森競輪,4R,17:14,7-2-6,7,2,6,1373.7,0.0036260727743516,3.981136170126839
1220260602030009,青森競輪,9R,19:14,3-6-5,3,6,5,944.8,0.0051651645763635,3.8800474917482513
5320260606020004,奈良競輪,4R,21:50,2-7-6,2,7,6,9999.9,0.0089998404185848,88.99750420180659
5320260606020007,奈良競輪,7R,22:50,2-3-7,2,3,7,9999.9,0.0078728279834081,77.7274925512835
7320260606020007,小松島競輪,7R,22:40,4-2-7,4,2,7,9999.9,0.0076454552432506,75.45378788698214
5320260606020008,奈良競輪,8R,23:10,2-6-7,2,6,7,9999.9,0.0075065729614659,74.06497895736317
4720260607010002,松阪競輪,2R,11:12,4-6-7,4,6,7,7696.9,0.0088775129737352,67.32932960754322
5320260606020006,奈良競輪,6R,22:30,2-7-6,2,7,6,9999.9,0.0063548057532651,62.54742205207662
5320260606020003,奈良競輪,3R,21:30,2-6-7,2,6,7,9999.9,0.0058883659371941,57.88307053534778
7320260606020001,小松島競輪,1R,20:40,2-6-7,2,6,7,9999.9,0.0058641414854464,57.640828440316334
7320260606020002,小松島競輪,2R,21:00,2-5-6,2,5,6,9999.9,0.0057922384639934,56.9218054160876
5320260606020002,奈良競輪,2R,21:10,2-5-6,2,5,6,9999.9,0.0053234628684035,52.23409633774856
7320260606020004,小松島競輪,4R,21:40,5-3-4,5,3,4,9999.9,0.0050957720905731,49.95721132852261
5320260606020005,奈良競輪,5R,22:10,5-6-2,5,6,2,9999.9,0.0047252196260728,46.25172373876617
7320260606020003,小松島競輪,3R,21:20,6-7-2,6,7,2,9999.9,0.0043483788242577,42.483353404695166
5320260606020009,奈良競輪,9R,23:30,6-7-1,6,7,1,9999.9,0.0043194336946651,42.19390500328228
7320260606020006,小松島競輪,6R,22:20,5-2-6,5,2,6,9999.9,0.0042395558609473,41.395134653887446
1120260605030010,函館競輪,10R,19:48,2-3-4,2,3,4,8490.7,0.004678820710626,38.7264630077129
7320260606020009,小松島競輪,9R,23:20,2-7-6,2,7,6,9999.9,0.0039365482131261,38.36508847644011
3720260607010004,伊東競輪,4R,17:06,2-3-4,2,3,4,9999.9,0.0036042006863799,35.04164644373044
7320260606020008,小松島競輪,8R,23:00,2-5-6,2,5,6,5511.7,0.0062332969809637,33.35606296997764
4720260607010004,松阪競輪,4R,12:08,4-6-5,4,6,5,8796.3,0.0036100915591113,30.755448381410734
4720260607010001,松阪競輪,1R,10:45,2-6-4,2,6,4,3613.0,0.0086974699719243,30.42395900856256
3720260607010002,伊東競輪,2R,16:18,2-6-7,2,6,7,2841.1,0.0102474245357599,28.11395784854754
3720260607010003,伊東競輪,3R,16:42,5-6-3,5,6,3,9999.9,0.0028589272966612,27.588987073882475
4720260607010003,松阪競輪,3R,11:40,1-6-7,1,6,7,3650.7,0.0075758598870363,26.65719168960356
4720260607010011,松阪競輪,11R,15:32,3-4-6,3,4,6,8217.9,0.0032504891473228,25.712194763784563
8320260604040008,久留米競輪,8R,14:16,6-9-1,6,9,1,9999.9,0.0025972976953524,24.97271722375469
2520260605030003,大宮競輪,3R,09:11,3-6-4,3,6,4,3177.3,0.0073108384407941,22.2287269779354
5320260606020001,奈良競輪,1R,20:50,6-2-7,6,2,7,9999.9,0.0022628514429886,21.628288144742143
8320260604040002,久留米競輪,2R,11:26,6-9-2,6,9,2,9811.5,0.0021914542361243,20.501453237733877
8320260604040010,久留米競輪,10R,15:16,4-1-3,4,1,3,8829.2,0.0023440173540608,19.69579802247432
8320260604040012,久留米競輪,12R,16:25,6-1-2,6,1,2,9999.9,0.0020361370193971,19.36116658026998
2520260605030006,大宮競輪,6R,10:14,7-5-6,7,5,6,6907.6,0.002927705359975,19.223417544563915
8320260604040011,久留米競輪,11R,15:48,6-4-7,6,4,7,7578.2,0.0025632747513351,18.425008720567707
1120260605030002,函館競輪,2R,16:32,5-3-2,5,3,2,1212.1,0.0159943126593032,18.38670637434144
2520260605030007,大宮競輪,7R,10:35,5-6-7,5,6,7,4101.2,0.0047224920615291,18.36788444274336
1120260605030011,函館競輪,11R,20:16,7-4-6,7,4,6,3296.2,0.005422071019701,16.872230495138734
1120260605030009,函館競輪,9R,19:22,3-1-6,3,1,6,5210.5,0.0032315805187844,15.838150293126365
2520260605030005,大宮競輪,5R,09:53,4-6-3,4,6,3,1644.9,0.0100453415019283,15.523582236521923
4720260607010008,松阪競輪,8R,14:01,4-6-3,4,6,3,1546.2,0.0104752924711685,15.196897218920771
8320260604040001,久留米競輪,1R,10:58,3-4-8,3,4,8,9999.9,0.0015695104851322,14.69494790027383
1120260605030007,函館競輪,7R,18:30,4-6-5,4,6,5,2145.0,0.0072175198225022,14.481580019267383
8320260604040006,久留米競輪,6R,13:18,9-5-4,9,5,4,5026.2,0.0030255090478929,14.206813576519728
8320260604040009,久留米競輪,9R,14:46,9-6-5,9,6,5,6059.7,0.0023851742845269,13.453440611948102
4720260607010009,松阪競輪,9R,14:31,5-6-3,5,6,3,1531.9,0.0092931066100338,13.236110015910867
8320260604040003,久留米競輪,3R,11:54,1-4-2,1,4,2,3652.2,0.0038782595099508,13.164179382242546
4720260607010010,松阪競輪,10R,15:01,3-1-6,3,1,6,4862.7,0.0028165506334838,12.696040765441928
8320260604040005,久留米競輪,5R,12:50,8-4-9,8,4,9,8642.2,0.0015320374771691,12.240174285190957
3720260607010012,伊東競輪,12R,20:30,7-2-5,7,2,5,1203.4,0.0107065910555195,11.88431167621224
1120260605030006,函館競輪,6R,18:06,5-6-1,5,6,1,652.6,0.0189726408687929,11.38154543097425
3720260607010001,伊東競輪,1R,15:55,3-6-2,3,6,2,969.1,0.0125907942030254,11.20173866215199
4720260607010006,松阪競輪,6R,13:04,6-2-1,6,2,1,2049.0,0.0059468098908788,11.18501346641077
1120260605030001,函館競輪,1R,16:10,5-2-4,5,2,4,354.5,0.0331507367189193,10.751936166856895
8320260604040007,久留米競輪,7R,13:46,6-8-1,6,8,1,7127.5,0.0016061515502478,10.44784517439147
2520260605030004,大宮競輪,4R,09:32,2-6-4,2,6,4,2753.7,0.0041165077207572,10.335627310649224
1120260605030005,函館競輪,5R,17:42,5-6-4,5,6,4,987.2,0.0106937806041329,9.556900212400038
4720260607010005,松阪競輪,5R,12:36,3-6-2,3,6,2,3398.0,0.0029567424904101,9.047010982413626
4720260607010007,松阪競輪,7R,13:32,4-3-1,4,3,1,960.9,0.0102097510455507,8.810549779669715
8320260604040004,久留米競輪,4R,12:22,3-5-9,3,5,9,1996.4,0.004694610216925,8.372319837069224
2520260605030001,大宮競輪,1R,08:30,2-6-7,2,6,7,1202.5,0.0073253304122386,7.808709820716983
7320260606020005,小松島競輪,5R,22:00,2-6-4,2,6,4,1077.0,0.0073418698823042,6.907193863241717
1120260605030003,函館競輪,3R,16:54,7-6-3,7,6,3,1119.3,0.0060076556459677,5.724368964531716
1120260605030004,函館競輪,4R,17:18,1-5-4,1,5,4,1270.9,0.0046800441077383,4.947868056524624
3720260607010011,伊東競輪,11R,20:02,2-1-3,2,1,3,326.8,0.016448762100214,4.375455454349955
4720260607010012,松阪競輪,12R,16:03,1-6-5,1,6,5,822.4,0.0060545505957819,3.979262409971041
3720260607010009,伊東競輪,9R,19:09,1-5-2,1,5,2,203.5,0.0234669643315314,3.7755272414666505
2520260605030002,大宮競輪,2R,08:50,3-1-5,3,1,5,384.9,0.0119757021973615,3.609447775764475
3720260607010006,伊東競輪,6R,17:54,3-1-2,3,1,2,377.2,0.0106411386102033,3.013837483768718
1120260605030008,函館競輪,8R,18:56,5-7-4,5,7,4,896.3,0.0044321350623461,2.9725226563808937
3720260607010005,伊東競輪,5R,17:30,6-4-1,6,4,1,1304.0,0.0029367961910288,2.829582233101595
3720260607010010,伊東競輪,10R,19:35,3-5-4,3,5,4,173.3,0.0207672843400392,2.598970376128802
3720260607010007,伊東競輪,7R,18:18,3-1-2,3,1,2,226.7,0.012933093055248,1.9319321956247424
3720260607010008,伊東競輪,8R,18:43,4-5-3,4,5,3,87.6,0.0311820692486981,1.7315492661859548
8420260612020003,武雄競輪,3R,21:20,6-7-1,6,7,1,9999.9,0.0048405614579808,47.40513052366237
5320260613010006,奈良競輪,6R,13:03,5-4-3,5,4,3,6813.4,0.0064243236738481,42.77148691939696
5320260613010003,奈良競輪,3R,11:49,3-4-1,3,4,1,6050.8,0.0058233950477656,34.23619875502042
3720260613010007,伊東競輪,7R,13:21,2-6-4,2,6,4,5575.3,0.0058545665153915,31.6409646932624
2120260612020002,弥彦競輪,2R,21:10,5-7-2,5,7,2,9999.9,0.003189516562313,30.894846671474312
2320260613010005,取手競輪,5R,09:53,7-6-4,7,6,4,6762.1,0.0044512398415961,29.09972893285727
5320260613010010,奈良競輪,10R,15:21,7-5-6,7,5,6,7007.4,0.0041734509619226,28.24504027057653
4320260611030005,岐阜競輪,5R,12:21,9-6-5,9,6,5,9999.9,0.0029170649731528,28.17035802503153
2120260612020001,弥彦競輪,1R,20:50,5-7-2,5,7,2,9743.0,0.0029453164189752,27.6962178700757
3720260613010011,伊東競輪,11R,15:32,6-4-1,6,4,1,7672.5,0.00371507554875,27.503917147784414
2320260613010003,取手競輪,3R,09:11,6-2-1,6,2,1,5142.2,0.0054060845457975,26.799167951400328
3720260613010004,伊東競輪,4R,12:05,7-5-6,7,5,6,8497.1,0.0032027268155248,26.213890024196477
8420260612020004,武雄競輪,4R,21:40,2-7-5,2,7,5,3073.5,0.0087229071382151,25.809855089304268
5320260613010004,奈良競輪,4R,12:13,5-4-3,5,4,3,4586.1,0.0055886429760126,24.63007555229153
3720260613010002,伊東競輪,2R,11:17,2-6-5,2,6,5,3540.4,0.0072194725430935,24.55982059156844
2320260613010004,取手競輪,4R,09:32,5-6-3,5,6,3,2747.8,0.0091393971478534,24.1132354828716
5320260613010005,奈良競輪,5R,12:37,2-1-5,2,1,5,4244.6,0.005442475294584,22.10113063539165
6120260611030002,玉野競輪,2R,16:08,4-6-7,4,6,7,5774.1,0.0037699311364745,20.76795937511768
3720260613010003,伊東競輪,3R,11:41,6-7-4,6,7,4,7050.7,0.0030561834115455,20.54823237978444
6120260611030011,玉野競輪,11R,20:02,2-6-4,2,6,4,3703.6,0.0058030888851968,20.49231999521498
5320260613010008,奈良競輪,8R,14:11,2-6-3,2,6,3,2791.8,0.0076104194804851,20.24676910561835
5320260613010001,奈良競輪,1R,11:01,2-6-7,2,6,7,6592.1,0.0031505714836889,19.76888227762594
3720260613010001,伊東競輪,1R,10:53,7-6-5,7,6,5,3234.0,0.0064102477332591,19.73074116936012
4320260611030009,岐阜競輪,9R,14:06,6-1-7,6,1,7,8125.0,0.0025065353294441,19.36559955173381
4320260611030012,岐阜競輪,12R,15:40,1-8-2,1,8,2,7863.0,0.0025884239611959,19.352777606883745
3720260613010009,伊東競輪,9R,14:22,2-7-6,2,7,6,2788.6,0.0064145647627462,16.88765529739426
6120260611030003,玉野競輪,3R,16:32,5-4-2,5,4,2,6575.8,0.0025792865415515,15.960872439934786
3720260613010010,伊東競輪,10R,14:56,2-7-6,2,7,6,6861.5,0.002426748853839,15.651137260616531
5320260613010007,奈良競輪,7R,13:32,6-5-4,6,5,4,9092.5,0.0017856757764885,15.236256997721975
5320260613010009,奈良競輪,9R,14:46,6-1-7,6,1,7,5133.3,0.0031502959866659,15.17141438835251
6120260611030001,玉野競輪,1R,15:45,3-4-7,3,4,7,4293.4,0.0037240255246992,14.988731187743689
6120260611030010,玉野競輪,10R,19:35,6-5-9,6,5,9,9999.9,0.0015905698428673,14.90553937168939
4320260611030001,岐阜競輪,1R,10:45,7-6-5,7,6,5,1545.8,0.010247660533422,14.840833652563845
2320260613010001,取手競輪,1R,08:30,6-5-7,6,5,7,3143.6,0.0049261002259302,14.485688670234415
5320260613010002,奈良競輪,2R,11:25,4-6-1,4,6,1,4104.2,0.0034314881720545,13.083513755746184
2120260612020003,弥彦競輪,3R,21:30,1-7-6,1,7,6,1466.7,0.0092752239319391,12.603970940975213
2320260613010006,取手競輪,6R,10:14,6-7-1,6,7,1,6942.4,0.0018317865961524,11.71699526512852
3720260613010008,伊東競輪,8R,13:50,4-7-6,4,7,6,3245.6,0.0038336121166743,11.44237148587818
2120260612020004,弥彦競輪,4R,21:50,2-7-5,2,7,5,1957.2,0.0062334615096889,11.200130866763168
4320260611030006,岐阜競輪,6R,12:47,7-4-9,7,4,9,3266.4,0.0037234983953777,11.162435158662028
6120260611030005,玉野競輪,5R,17:24,2-6-9,2,6,9,4488.6,0.0026757252559475,11.010260383845996
4320260611030010,岐阜競輪,10R,14:37,2-8-1,2,8,1,9934.7,0.0012035234977879,10.956644893474117
2320260613010002,取手競輪,2R,08:50,2-6-1,2,6,1,1094.0,0.0104448860126166,10.426705297802588
4320260611030008,岐阜競輪,8R,13:39,6-4-1,6,4,1,7649.6,0.0014904721305972,10.401515610216522
8420260612020008,武雄競輪,8R,23:00,3-7-6,3,7,6,3962.6,0.0028769934966291,10.400374429742566
3720260613010006,伊東競輪,6R,12:55,5-7-6,5,7,6,924.7,0.012261877080334,10.338557736184882
6120260611030008,玉野競輪,8R,18:42,8-9-3,8,9,3,4976.9,0.0022737020547781,10.315987756425498
4320260611030011,岐阜競輪,11R,15:08,8-4-2,8,4,2,9999.9,0.0011239533626996,10.239421231660264
8420260612020006,武雄競輪,6R,22:20,2-6-7,2,6,7,1200.4,0.0093228214922435,10.191114919289204
8420260612020005,武雄競輪,5R,22:00,5-6-1,5,6,1,1612.2,0.0067377128728937,9.862540693679364
4320260611030007,岐阜競輪,7R,13:13,8-4-7,8,4,7,5196.1,0.0020784674964785,9.799924958451944
8420260612020002,武雄競輪,2R,21:00,7-3-5,7,3,5,9999.9,0.001062857193122,9.628465645500988
6120260611030012,玉野競輪,12R,20:30,6-7-4,6,7,4,6289.9,0.0016530079210094,9.397254522357208
6120260611030007,玉野競輪,7R,18:16,9-1-4,9,1,4,1542.3,0.0064327395697407,8.921214238411181
3720260613010012,伊東競輪,12R,16:15,2-6-5,2,6,5,1418.9,0.0069453371971821,8.854738949081693
6120260611030004,玉野競輪,4R,16:58,9-6-4,9,6,4,5346.2,0.0018340797289744,8.805357047043344
8420260612020007,武雄競輪,7R,22:40,5-7-4,5,7,4,1754.6,0.0052531394679589,8.217158510480841
4320260611030002,岐阜競輪,2R,11:09,1-6-7,1,6,7,3232.9,0.0027334768801251,7.837057405756713
8420260612020009,武雄競輪,9R,23:20,5-7-4,5,7,4,2064.4,0.0042725692402357,7.82029193954266
5320260613010011,奈良競輪,11R,16:00,6-4-2,6,4,2,1983.3,0.0040865598247461,7.104874100418979
4320260611030003,岐阜競輪,3R,11:33,1-7-6,1,7,6,1126.9,0.007141137973621,7.0473483824735546
4320260611030004,岐阜競輪,4R,11:57,5-4-2,5,4,2,2029.5,0.0038870776306794,6.888824051463913
2120260612020009,弥彦競輪,9R,23:30,2-6-4,2,6,4,1021.3,0.0072212370852912,6.375049435207915
6120260611030009,玉野競輪,9R,19:08,5-8-2,5,8,2,2982.5,0.0023474577008077,6.0012925926592615
8420260612020001,武雄競輪,1R,20:40,6-5-1,6,5,1,696.6,0.0099903244082536,5.959259982789527
2120260612020007,弥彦競輪,7R,22:50,7-6-2,7,6,2,1037.7,0.0057660361139147,4.98341567540935
2120260612020008,弥彦競輪,8R,23:10,7-5-2,7,5,2,2548.3,0.0022695650622013,4.7835326480076095
6120260611030006,玉野競輪,6R,17:50,2-3-6,2,3,6,3949.1,0.0014258062925698,4.630651629987695
3720260613010005,伊東競輪,5R,12:29,1-5-4,1,5,4,793.6,0.0066682501401719,4.291923311240474
2120260612020005,弥彦競輪,5R,22:10,2-7-6,2,7,6,464.6,0.0111513641585057,4.1809237880417545
2320260613010007,取手競輪,7R,10:35,7-4-3,7,4,3,491.9,0.0103117216639903,4.072335886516868
2120260612020006,弥彦競輪,6R,22:30,1-5-7,1,5,7,577.0,0.0079125171105081,3.5655223727631773
3120260615030008,松戸競輪,8R,23:00,7-3-1,7,3,1,9999.9,0.0052710243032905,51.70971593047547
2720260617010011,京王閣競輪,11R,19:50,6-5-1,6,5,1,9753.2,0.005237089116699,50.07837757298931
4620260616020002,富山競輪,2R,11:21,4-3-5,4,3,5,6103.2,0.0081177065434257,48.54398657583605
4620260616020006,富山競輪,6R,13:05,6-5-7,6,5,7,9999.9,0.0048705279997451,47.70479294465125
5620260616020011,岸和田競輪,11R,15:50,6-4-2,6,4,2,9999.9,0.0048633661169993,47.63317483338224
1220260617010001,青森競輪,1R,08:30,1-6-7,1,6,7,9999.9,0.0048414980399661,47.414496249857336
1220260617010003,青森競輪,3R,09:11,2-6-7,2,6,7,9999.9,0.0048236841872954,47.23635950453623
1220260617010006,青森競輪,6R,10:14,5-2-7,5,2,7,9999.9,0.0047953563967495,46.9530844318563
1220260617010004,青森競輪,4R,09:32,3-6-5,3,6,5,9999.9,0.0047932875609406,46.93239628065022
4620260616020004,富山競輪,4R,12:11,1-6-3,1,6,3,9999.9,0.0047860421303378,46.85994269916527
1220260617010007,青森競輪,7R,10:35,1-6-3,1,6,3,9999.9,0.0047827594295666,46.82711601972319
4720260615030008,松阪競輪,8R,23:10,6-7-3,6,7,3,9466.7,0.0050286595828021,46.60481167251322
4620260616020003,富山競輪,3R,11:45,4-3-6,4,3,6,9999.9,0.0047026935176317,46.02646490696621
4620260616020008,富山競輪,8R,14:14,7-6-1,7,6,1,9999.9,0.0046704081409949,45.70361436913577
1220260617010005,青森競輪,5R,09:53,4-6-7,4,6,7,9999.9,0.004666185474329,45.661388124743496
4620260616020005,富山競輪,5R,12:37,6-7-4,6,7,4,9999.9,0.0046499964752104,45.49949975245712
4620260616020007,富山競輪,7R,13:37,6-4-3,6,4,3,9999.9,0.0046086681278901,45.08622041208919
2720260617010004,京王閣競輪,4R,17:07,6-2-3,6,2,3,9457.7,0.0047081376226146,43.52815319340242
4620260616020009,富山競輪,9R,14:51,6-3-5,6,3,5,9999.9,0.0044414836723476,43.4143925751092
2720260617010003,京王閣競輪,3R,16:44,6-5-3,6,5,3,9999.9,0.0044387605242396,43.38716136634415
8620260615030001,別府競輪,1R,16:11,6-3-2,6,3,2,9999.9,0.0044238648556738,43.238206170252525
2720260617010002,京王閣競輪,2R,16:20,5-6-3,5,6,3,9013.9,0.0048051089209107,42.31277130219782
1220260617010002,青森競輪,2R,08:50,6-2-3,6,2,3,9121.8,0.0044978010783485,40.028041876479705
3120260615030007,松戸競輪,7R,22:40,7-4-2,7,4,2,8164.4,0.0045769742822866,36.36824883030117
4720260615030004,松阪競輪,4R,21:50,5-6-1,5,6,1,6869.9,0.0053033391475982,35.43340961008507
2720260617010007,京王閣競輪,7R,18:16,6-7-5,6,7,5,9555.7,0.003485102623451,32.30259513891082
3120260615030002,松戸競輪,2R,21:00,7-3-2,7,3,2,6992.6,0.0046030397903675,31.187216038124404
2720260617010006,京王閣競輪,6R,17:53,6-4-3,6,4,3,7617.9,0.0041255418969633,30.42796561687728
2720260617010008,京王閣競輪,8R,18:39,7-6-3,7,6,3,8496.0,0.0035260303533156,28.95715388176934
5620260616020010,岸和田競輪,10R,15:13,6-7-2,6,7,2,9999.9,0.0027296672356088,26.29639938936452
4620260616020010,富山競輪,10R,15:28,6-3-5,6,3,5,6239.8,0.0043555796301761,26.17794577637303
4720260615030006,松阪競輪,6R,22:30,7-3-5,7,3,5,5916.8,0.0045754333481752,26.07192403448344
5620260616020003,岸和田競輪,3R,11:33,6-5-1,6,5,1,9988.3,0.002701023236088,25.978630389018463
3120260615030003,松戸競輪,3R,21:20,6-7-3,6,7,3,5645.3,0.0045555987207797,24.717721458418072
8620260615030003,別府競輪,3R,16:59,6-1-4,6,1,4,6045.1,0.0042415980913813,24.64088462220948
2720260617010010,京王閣競輪,10R,19:25,7-6-3,7,6,3,7262.6,0.0034767223662993,24.250043857485853
8620260615030007,別府競輪,7R,18:27,6-3-1,6,3,1,4176.9,0.0056483859947418,22.59274346143703
4720260615030009,松阪競輪,9R,23:30,6-4-2,6,4,2,4589.0,0.0048671492580136,21.335347945024598
5620260616020002,岸和田競輪,2R,11:09,8-6-2,8,6,2,9999.9,0.0022049259352053,21.04903885946009
4720260615030007,松阪競輪,7R,22:50,6-7-3,6,7,3,4885.8,0.0041820842916912,19.43282743234531
5620260616020007,岸和田競輪,7R,13:22,1-6-7,1,6,7,7515.4,0.0027087610317077,19.35742265769673
2720260617010005,京王閣競輪,5R,17:30,6-5-2,6,5,2,4150.7,0.0046781922877791,18.41777272888491
8620260615030002,別府競輪,2R,16:37,6-5-7,6,5,7,4115.9,0.0045237733399843,17.61939869004174
3120260615030005,松戸競輪,5R,22:00,4-7-6,4,7,6,4480.2,0.0041233163322458,17.47328183172792
5620260616020012,岸和田競輪,12R,16:30,7-4-2,7,4,2,3867.2,0.0047570498853191,17.39646331650604
5620260616020004,岸和田競輪,4R,11:58,4-1-8,4,1,8,9999.9,0.0018374239513075,17.374055770680773
5620260616020008,岸和田競輪,8R,13:59,6-5-8,6,5,8,9999.9,0.0018082194884739,17.082014062790517
8620260615030006,別府競輪,6R,18:05,6-7-3,6,7,3,3088.4,0.0058083497881748,16.938507485799157
3120260615030001,松戸競輪,1R,20:40,5-7-4,5,7,4,3679.9,0.0046916844634986,16.264929657228652
3120260615030006,松戸競輪,6R,22:20,5-6-2,5,6,2,3354.4,0.0050712878473988,16.011127955314617
3120260615030004,松戸競輪,4R,21:40,6-5-7,6,5,7,4163.8,0.0040619426262883,15.913116707339515
5620260616020009,岸和田競輪,9R,14:36,6-4-5,6,4,5,4207.7,0.0040113439518862,15.878531946351622
4720260615030002,松阪競輪,2R,21:10,5-4-3,5,4,3,2184.4,0.007629821226843,15.66658148791597
5620260616020001,岸和田競輪,1R,10:45,6-3-7,6,3,7,5380.1,0.0028063574788374,14.098483871893308
4720260615030003,松阪競輪,3R,21:30,6-4-5,6,4,5,1692.8,0.0076342763318806,11.923302974607603
8620260615030004,別府競輪,4R,17:21,2-1-3,2,1,3,2563.7,0.0047948989864973,11.292682531683134
8620260615030005,別府競輪,5R,17:43,2-1-3,2,1,3,2329.5,0.0052473608493338,11.223727098523216
4720260615030005,松阪競輪,5R,22:10,5-4-2,5,4,2,2031.7,0.00485617452822,8.866289788984716
4620260616020001,富山競輪,1R,10:57,3-6-5,3,6,5,1129.8,0.0083337028522128,8.415417482430076
2720260617010009,京王閣競輪,9R,19:02,1-7-4,1,7,4,1628.3,0.0057108269536239,8.298939528585906
5620260616020006,岸和田競輪,6R,12:52,4-5-3,4,5,3,2049.4,0.004293270042093,7.798627624265398
5620260616020005,岸和田競輪,5R,12:24,5-3-7,5,3,7,2373.2,0.0036604776248976,7.687045499406986
4720260615030001,松阪競輪,1R,20:50,6-5-3,6,5,3,1705.7,0.004839052983242,7.253972673515987
3120260615030009,松戸競輪,9R,23:20,4-6-5,4,6,5,1730.8,0.0044713399110402,6.738995118028422
2720260617010012,京王閣競輪,12R,20:18,1-7-4,1,7,4,1258.8,0.0042675117179169,4.371943750513899
5620260616050005,岸和田競輪,5R,12:24,6-5-7,6,5,7,9781.6,0.0027866479999295,26.257876076110552
8720260618030005,熊本競輪,5R,22:10,7-5-6,7,5,6,5304.1,0.0039827031559615,20.1246558095359
5620260616050009,岸和田競輪,9R,14:36,7-5-9,7,5,9,7374.9,0.0026970498044013,18.89047260247973
7420260618030009,高知競輪,9R,23:20,5-6-4,5,6,4,2618.7,0.0046658752097719,11.218527411829903
5620260616050004,岸和田競輪,4R,11:58,6-5-8,6,5,8,5414.7,0.0018294076531781,8.905693619663785
8720260618030006,熊本競輪,6R,22:30,5-4-7,5,4,7,2282.5,0.0042881737445864,8.787756572018601
7420260618030006,高知競輪,6R,22:20,5-6-2,5,6,2,1026.1,0.0049730037861875,4.102799185007085
2420260621010002,宇都宮競輪,2R,21:00,6-7-1,6,7,1,9999.9,0.0059747779947164,58.74718246936533
2420260621010001,宇都宮競輪,1R,20:40,6-7-1,6,7,1,9999.9,0.0059745094606552,58.7444971556064
8420260621010002,武雄競輪,2R,21:10,1-6-7,1,6,7,9999.9,0.0054977399201078,53.97684942708661
8420260621010006,武雄競輪,6R,22:30,6-3-2,6,3,2,9999.9,0.0053041933975872,52.0414035565329
2420260621010006,宇都宮競輪,6R,22:20,6-3-2,6,3,2,9999.9,0.0053007300641593,52.00677056858683
8420260621010007,武雄競輪,7R,22:50,6-1-3,6,1,3,9999.9,0.0051777378001234,50.77686022745485
2420260621010005,宇都宮競輪,5R,22:00,2-3-7,2,3,7,9999.9,0.0051288361426541,50.28784854292739
8420260621010008,武雄競輪,8R,23:10,7-2-3,7,2,3,9999.9,0.0051200385207386,50.19987320353419
8420260621010001,武雄競輪,1R,20:50,3-6-7,3,6,7,9999.9,0.0050554503736322,49.55399819128517
2420260621010007,宇都宮競輪,7R,22:40,7-2-3,7,2,3,9999.9,0.0050291594900542,49.291091984593976
2420260621010008,宇都宮競輪,8R,23:00,2-3-4,2,3,4,9999.9,0.0050068657192512,49.068156505940735
8420260621010003,武雄競輪,3R,21:30,4-3-1,4,3,1,9999.9,0.0049347191540211,48.34669806829613
2420260621010003,宇都宮競輪,3R,21:20,6-2-5,6,2,5,9999.9,0.0048323750624775,47.32326738726937
8420260621010004,武雄競輪,4R,21:50,7-2-3,7,2,3,9999.9,0.0047478224650753,46.477749868507445
2420260621010009,宇都宮競輪,9R,23:20,5-4-2,5,4,2,9999.9,0.0046274337041757,45.273874298386616
8420260621010009,武雄競輪,9R,23:30,6-5-4,6,5,4,9999.9,0.0045362989586071,44.362535956176025
2420260621010004,宇都宮競輪,4R,21:40,4-3-7,4,3,7,9999.9,0.0044034159565695,43.0337192241003
7520260619030006,松山競輪,6R,10:14,6-4-7,6,4,7,9999.9,0.003919380967273,38.193417734633485
1120260620020005,函館競輪,5R,17:32,6-7-3,6,7,3,7839.7,0.0047978562362319,36.61375353518739
7520260619030001,松山競輪,1R,08:30,6-7-1,6,7,1,7684.1,0.0048602239642331,36.34644696356396
7520260619030004,松山競輪,4R,09:32,6-5-1,6,5,1,6631.7,0.0055609626213967,35.87863581631702
7520260619030003,松山競輪,3R,09:11,6-7-4,6,7,4,7513.6,0.004669040952307,34.08130609925425
3520260619030011,平塚競輪,11R,15:30,6-1-2,6,1,2,7388.0,0.0041478952695072,29.64465025111958
5620260616060009,岸和田競輪,9R,14:36,6-7-2,6,7,2,9210.7,0.0031591533318597,28.098013593760715
3520260619030003,平塚競輪,3R,11:45,6-4-5,6,4,5,6640.4,0.0043564373142099,27.92848634127999
5620260616060007,岸和田競輪,7R,13:22,8-2-9,8,2,9,9999.9,0.0025269204435892,24.26895174384843
7520260619030002,松山競輪,2R,08:50,6-4-7,6,4,7,6033.6,0.0041477307197872,24.02574807090821
7520260619030005,松山競輪,5R,09:53,7-6-5,7,6,5,5008.9,0.0047606397609844,22.845568498794893
5620260616060001,岸和田競輪,1R,10:45,6-5-7,6,5,7,8354.2,0.0026076523288905,20.784849086017143
5620260616060004,岸和田競輪,4R,11:58,6-9-7,6,9,7,8460.1,0.0025686415476546,20.730964357312903
5620260616060011,岸和田競輪,11R,15:50,6-7-5,6,7,5,9481.2,0.0022372251244385,20.2115788498267
5620260616060002,岸和田競輪,2R,11:09,6-5-9,6,5,9,8718.8,0.0023891409504133,19.830442118463587
1120260620020004,函館競輪,4R,17:08,4-3-2,4,3,2,4395.8,0.0047265901347077,19.777144914148337
3520260619030007,平塚競輪,7R,13:29,6-7-3,6,7,3,5397.5,0.0036860465862022,18.89543644902657
1120260620020001,函館競輪,1R,15:55,6-2-7,6,2,7,4663.9,0.0042114189978538,18.641637064090645
3520260619030001,平塚競輪,1R,10:57,2-7-6,2,7,6,3963.3,0.0047840516358536,17.9606318483789
3520260619030006,平塚競輪,6R,13:06,6-7-2,6,7,2,3007.1,0.0060144233284024,17.08597239083911
5620260616060010,岸和田競輪,10R,15:13,6-7-2,6,7,2,6641.8,0.0027221684261166,17.080098252581674
3520260619030008,平塚競輪,8R,13:52,6-2-7,6,2,7,2948.9,0.0055106340698945,15.250308808711983
5620260616060006,岸和田競輪,6R,12:52,6-3-7,6,3,7,7457.7,0.0021559635450166,15.078529329670424
1120260620020012,函館競輪,12R,20:30,6-7-3,6,7,3,2461.6,0.0065101935172791,15.025492362134448
3520260619030009,平塚競輪,9R,14:20,3-1-7,3,1,7,3716.5,0.0042728715054808,14.880126950119596
5620260616060008,岸和田競輪,8R,13:59,8-4-3,8,4,3,9111.5,0.0017373296731195,14.829679316628956
3520260619030002,平塚競輪,2R,11:21,6-3-7,6,3,7,3302.1,0.0045209570642384,13.928652321821664
3520260619030010,平塚競輪,10R,14:55,6-7-5,6,7,5,2645.0,0.0055973571577782,13.80500968232341
1120260620020003,函館競輪,3R,16:44,6-2-7,6,2,7,3109.8,0.0044890906820628,12.960174203079006
1120260620020011,函館競輪,11R,20:02,6-5-7,6,5,7,1918.1,0.0070691527827468,12.559341952586722
5620260616060003,岸和田競輪,3R,11:33,8-1-7,8,1,7,4542.9,0.0027145599784959,11.3319745263092
3520260619030005,平塚競輪,5R,12:37,3-7-6,3,7,6,2492.8,0.0047467757545351,10.832762600905138
1120260620020002,函館競輪,2R,16:20,6-4-7,6,4,7,2631.3,0.0043634331266842,10.481501586244317
3520260619030004,平塚競輪,4R,12:10,1-6-3,1,6,3,2353.4,0.004537341739119,9.678180048842885
5620260616060005,岸和田競輪,5R,12:24,6-5-3,6,5,3,3934.2,0.002703900540648,9.637685507017435
3520260619030012,平塚競輪,12R,16:06,7-3-4,7,3,4,1588.1,0.0063601202777939,9.100507013164572
5620260616060012,岸和田競輪,12R,16:30,4-9-8,4,9,8,4484.1,0.0018903963276649,7.476726172882435
1120260620020010,函館競輪,10R,19:35,7-1-3,7,1,3,1552.1,0.0052510842169505,7.150207813128887
1120260620020006,函館競輪,6R,17:56,6-2-5,6,2,5,1281.1,0.0058928954820489,6.549388402052867
1120260620020007,函館競輪,7R,18:20,7-6-4,7,6,4,1655.1,0.0040185624737523,5.651122750307443
1120260620020008,函館競輪,8R,18:44,4-6-5,4,6,5,1523.7,0.0040085595457748,5.1078421798972
1120260620020009,函館競輪,9R,19:09,3-4-5,3,4,5,1112.9,0.0052417128309732,4.833502209590081
7520260619030007,松山競輪,7R,10:35,4-7-6,4,7,6,1435.4,0.0039985217101174,4.7394780627025614
8420260621010005,武雄競輪,5R,22:10,6-3-2,6,3,2,1008.7,0.0051640137543075,4.208940673970064
6120260628020002,玉野競輪,2R,21:21,6-1-7,6,1,7,9999.9,0.0061824846849845,60.824228601376994
4320260627030006,岐阜競輪,6R,10:14,5-7-6,5,7,6,9792.7,0.006036396981259,58.112624718375045
3720260628020002,伊東競輪,2R,21:05,6-4-3,6,4,3,7786.0,0.00712290893273,54.45896895023585
6120260628020001,玉野競輪,1R,20:57,6-4-3,6,4,3,7865.0,0.0069904403399079,53.97981327337587
3720260628020001,伊東競輪,1R,20:41,6-3-5,6,3,5,7140.7,0.007385206794096,51.73554615460199
3720260628020003,伊東競輪,3R,21:29,7-2-4,7,2,4,9102.2,0.0053612274099067,47.798964130453626
7420260629010004,高知競輪,4R,12:08,4-6-3,4,6,3,9999.9,0.0047813586842036,46.81310870616772
6120260628020004,玉野競輪,4R,22:09,7-2-6,7,2,6,9999.9,0.0044856680934228,43.85623236741886
8420260629010004,武雄競輪,4R,17:06,6-7-2,6,7,2,9711.9,0.0046027047698123,43.70100845394099
8420260629010008,武雄競輪,8R,18:46,3-4-2,3,4,2,8515.6,0.0050413841167269,41.93041058439999
7420260629010001,高知競輪,1R,10:45,5-6-4,5,6,4,8381.4,0.0048977829645576,40.05027813914332
7420260629010011,高知競輪,11R,15:32,6-7-1,6,7,1,7652.3,0.005293823176915,39.509923096706814
4320260627030003,岐阜競輪,3R,09:11,4-3-5,4,3,5,7905.6,0.0047944498773077,36.90300295004405
3720260628020004,伊東競輪,4R,21:53,7-6-2,7,6,2,9999.9,0.0035938777937853,34.938418550074594
7420260629010009,高知競輪,9R,14:31,6-5-3,6,5,3,5512.5,0.0057989473601927,30.966697323062537
8420260629010001,武雄競輪,1R,15:53,6-1-5,6,1,5,7740.6,0.0040945423905648,30.6942148284061
8520260628020001,佐世保競輪,1R,20:49,7-1-6,7,1,6,6601.7,0.0045855991712267,29.27275004868784
2320260627030003,取手競輪,3R,11:54,8-4-1,8,4,1,7576.6,0.0039377490937531,28.83474978373021
7420260629010010,高知競輪,10R,15:01,6-7-2,6,7,2,7201.5,0.0038262832533522,26.554978849016106
2320260627030011,取手競輪,11R,15:46,6-1-5,6,1,5,9459.6,0.0028920258039875,26.357407295401096
8420260629010010,武雄競輪,10R,19:38,4-1-3,4,1,3,4762.4,0.0057110712299022,26.198405625286576
7420260629010005,高知競輪,5R,12:36,6-1-3,6,1,3,6515.4,0.0041714614718056,26.178740073402665
2320260627030012,取手競輪,12R,16:23,6-9-2,6,9,2,9999.9,0.0026891925938073,25.891657018814445
6120260628020003,玉野競輪,3R,21:45,7-2-6,7,2,6,6192.9,0.0042087648343569,25.06445974268941
7420260629010002,高知競輪,2R,11:12,4-6-7,4,6,7,5702.2,0.0044812869256777,24.55319430759953
7420260629010003,高知競輪,3R,11:40,6-7-2,6,7,2,6131.5,0.0041509872735778,24.45177846794237
8420260629010002,武雄競輪,2R,16:16,3-4-6,3,4,6,6556.0,0.00387862847843,24.428288304587483
2320260627030008,取手競輪,8R,14:16,6-5-3,6,5,3,9043.7,0.0028074501781485,24.38973717612214
4320260627030004,岐阜競輪,4R,09:32,6-5-7,6,5,7,5879.4,0.0043178948497607,24.38663097968344
8520260628020006,佐世保競輪,6R,22:54,7-6-4,7,6,4,8737.5,0.0028312540107482,23.73808191891244
2320260627030005,取手競輪,5R,12:50,4-9-7,4,9,7,9999.9,0.0024541143798115,23.540898386677327
8420260629010009,武雄競輪,9R,19:12,6-7-3,6,7,3,5218.3,0.0046925124265406,23.486937595417015
6120260628020005,玉野競輪,5R,22:36,6-7-5,6,7,5,6135.2,0.0039605516425588,23.29877643742692
7420260629010006,高知競輪,6R,13:04,6-7-1,6,7,1,4116.8,0.005847214660163,23.071813312959293
2320260627030009,取手競輪,9R,14:46,6-8-1,6,8,1,9999.9,0.002240601326269,21.40578920255821
2320260627030010,取手競輪,10R,15:16,4-6-5,4,6,5,9999.9,0.0022266435979966,21.26621331560665
4320260627030007,岐阜競輪,7R,10:35,4-6-5,4,6,5,5381.3,0.0041142330229935,21.139922166635458
4320260627030001,岐阜競輪,1R,08:30,2-3-6,2,3,6,3536.9,0.0057776671813574,19.435031053743263
2320260627030006,取手競輪,6R,13:18,9-6-2,9,6,2,9999.9,0.0020365272158995,19.365068506274323
2320260627030007,取手競輪,7R,13:46,8-7-6,8,7,6,9999.9,0.0019858222398188,18.858023815964653
8520260628020003,佐世保競輪,3R,21:37,7-6-3,7,6,3,5139.1,0.0037618808587769,18.33268192134057
8420260629010011,武雄競輪,11R,20:04,6-1-5,6,1,5,3449.6,0.0055274947627959,18.06764593374081
2320260627030002,取手競輪,2R,11:26,1-3-4,1,3,4,3060.4,0.0062002274344854,17.975176040499335
2320260627030001,取手競輪,1R,10:58,6-5-4,6,5,4,4304.1,0.0043516414757651,17.72990007584095
8420260629010006,武雄競輪,6R,17:56,6-5-3,6,5,3,3773.4,0.0049350197866009,17.621803662759984
7420260629010008,高知競輪,8R,14:01,6-2-1,6,2,1,4716.9,0.0039016394117347,17.403642941211512
2320260627030004,取手競輪,4R,12:22,8-1-2,8,1,2,6579.2,0.0026814294773677,16.641660817497865
8420260629010007,武雄競輪,7R,18:21,6-4-5,6,4,5,2695.1,0.0065115878704521,16.549380469655528
8420260629010005,武雄競輪,5R,17:31,2-4-1,2,4,1,3446.6,0.0050357890510618,16.356350543389638
4320260627030002,岐阜競輪,2R,08:50,4-5-2,4,5,2,3521.3,0.0047144380678557,15.600950768340493
8420260629010003,武雄競輪,3R,16:41,6-1-2,6,1,2,3746.8,0.0042183080853662,14.80515673425027
8520260628020002,佐世保競輪,2R,21:13,6-5-3,6,5,3,3798.9,0.0038950409222219,13.796870959429086
7420260629010012,高知競輪,12R,16:04,6-4-5,6,4,5,4134.4,0.0031880491072232,12.180670228903972
8520260628020004,佐世保競輪,4R,22:01,7-2-6,7,2,6,3339.3,0.0038127623898961,11.731957448580188
4320260627030005,岐阜競輪,5R,09:53,6-1-3,6,1,3,2779.2,0.004572835750197,11.70882511694754
7420260629010007,高知競輪,7R,13:32,6-5-2,6,5,2,2042.1,0.0060691033989664,11.39371605102934
3720260628020007,伊東競輪,7R,23:12,7-6-2,7,6,2,3311.2,0.00365889078938,11.115319181795217
6120260628020006,玉野競輪,6R,23:03,7-5-6,7,5,6,2900.2,0.0041059577060567,10.908098539105657
8520260628020005,佐世保競輪,5R,22:27,7-6-2,7,6,2,2780.4,0.0036830515503838,9.240356530687375
3720260628020006,伊東競輪,6R,22:45,3-6-4,3,6,4,2270.8,0.0041404604013747,8.402157479441826
6120260628020007,玉野競輪,7R,23:30,7-4-1,7,4,1,1628.1,0.0047346815146283,6.708534973966427
3720260628020005,伊東競輪,5R,22:18,5-2-7,5,2,7,1716.8,0.0043721748929194,6.506149856164105
8420260629010012,武雄競輪,12R,20:30,5-6-2,5,6,2,1468.8,0.0044155496964669,5.485559394170586
8520260628020007,佐世保競輪,7R,23:21,7-6-2,7,6,2,1237.3,0.0044576738942683,4.51547990937829
8520260705020006,佐世保競輪,6R,10:20,6-3-1,6,3,1,8407.8,0.0088162421072891,73.1252003896661
2320260706010006,取手競輪,6R,13:18,6-2-5,6,2,5,9999.9,0.0061846009406114,60.84539094602064
4520260705020007,豊橋競輪,7R,18:22,6-5-4,6,5,4,9999.9,0.0061073553383171,60.07294264763778
4520260705020006,豊橋競輪,6R,17:57,3-2-6,3,2,6,9999.9,0.0057886037894177,56.885459033798135
8520260705020004,佐世保競輪,4R,09:40,6-3-5,6,3,5,9999.9,0.0057174005580509,56.1734338404541
8520260705020002,佐世保競輪,2R,09:00,2-3-4,2,3,4,9999.9,0.0055150756512997,54.15020500543204
8520260705020001,佐世保競輪,1R,08:40,2-5-6,2,5,6,9999.9,0.0049942558296134,48.94205887055174
2320260706010005,取手競輪,5R,12:50,5-1-2,5,1,2,9380.7,0.0049616003466845,45.54328437214392
2320260706010004,取手競輪,4R,12:22,6-5-1,6,5,1,6450.5,0.0067696346367283,42.66752822421623
5620260704030005,岸和田競輪,5R,22:18,7-2-1,7,2,1,4647.8,0.0089051653058363,40.38942730846639
3720260704030003,伊東競輪,3R,09:10,3-2-6,3,2,6,8732.9,0.0045435568552128,38.67842766088798
8620260704030005,別府競輪,5R,22:36,7-3-2,7,3,2,5766.6,0.0066145398398398,37.14340544042022
5620260704030001,岸和田競輪,1R,20:41,6-3-2,6,3,2,4367.8,0.0084020392721391,35.69842713284937
2720260704030004,京王閣競輪,4R,22:01,6-3-2,6,3,2,6377.2,0.0057226093177247,35.494224140994305
3720260704030002,伊東競輪,2R,08:50,6-2-7,6,2,7,7703.0,0.0045235735737932,33.84508723892942
8620260704030004,別府競輪,4R,22:09,7-4-1,7,4,1,5849.2,0.0059078292905658,33.55607508637806
8520260705020003,佐世保競輪,3R,09:20,6-1-5,6,1,5,8688.6,0.0038966664746547,32.85657633168543
2320260706010002,取手競輪,2R,11:26,7-5-4,7,5,4,5501.2,0.0059296886494571,31.620403198393817
3720260704030006,伊東競輪,6R,10:10,6-4-2,6,4,2,7352.0,0.0044358800422279,31.61259007045993
8620260704030006,別府競輪,6R,23:03,7-1-5,7,1,5,5941.3,0.0053985427408729,31.0743619863485
3720260704030001,伊東競輪,1R,08:30,6-7-5,6,7,5,7399.2,0.0043027643410863,30.837013912566345
5520260705020003,和歌山競輪,3R,11:40,5-4-7,5,4,7,6723.6,0.004521855526179,29.403147815817583
2720260704030005,京王閣競輪,5R,22:27,6-3-2,6,3,2,3872.6,0.0073197563873552,27.346488585671818
5520260705020005,和歌山競輪,5R,12:36,6-3-2,6,3,2,6704.3,0.0041615712337889,26.900422022690964
2320260706010003,取手競輪,3R,11:54,6-1-5,6,1,5,4390.1,0.0062732342883675,26.54012584936245
2320260706010001,取手競輪,1R,10:58,4-3-5,4,3,5,4466.4,0.0061640507221196,26.53111614527521
3720260704030004,伊東競輪,4R,09:30,6-3-7,6,3,7,5604.5,0.0045997444414471,24.77926772209056
5520260705020004,和歌山競輪,4R,12:08,4-6-5,4,6,5,5356.1,0.0047881566992734,24.645846096978588
8620260704030002,別府競輪,2R,21:21,5-2-1,5,2,1,947.7,0.0253239300155005,22.999488475689876
5620260704030002,岸和田競輪,2R,21:05,5-1-6,5,1,6,2147.6,0.0110584546434164,22.749137192201225
4520260705020012,豊橋競輪,12R,20:30,7-3-2,7,3,2,5426.2,0.0041958115639575,21.76731270834636
2320260706010009,取手競輪,9R,14:48,6-5-3,6,5,3,5390.2,0.004177436841359,21.51722006229375
4520260705020010,豊橋競輪,10R,19:38,7-4-6,7,4,6,5556.6,0.0040044736743244,21.25125841875125
3720260704030005,伊東競輪,5R,09:50,4-7-2,4,7,2,4600.2,0.0046521657893167,20.400893064014817
8520260705020005,佐世保競輪,5R,10:00,5-4-2,5,4,2,2473.2,0.0085434892387852,20.12975758536357
4520260705020009,豊橋競輪,9R,19:12,6-2-4,6,2,4,5248.7,0.0039970959338757,19.979557428133408
8520260705020007,佐世保競輪,7R,10:40,1-7-4,1,7,4,2623.3,0.0079138429437407,19.760384194315087
5520260705020002,和歌山競輪,2R,11:12,2-1-3,2,1,3,4092.0,0.0048995983486659,19.04915644274097
8620260704030003,別府競輪,3R,21:45,5-6-1,5,6,1,2436.6,0.0081936142690527,18.964560527973816
2720260704030007,京王閣競輪,7R,23:21,7-3-2,7,3,2,3820.5,0.0051567626862746,18.701411842912155
2320260706010007,取手競輪,7R,13:48,1-3-2,1,3,2,3795.6,0.0048923213578491,17.56929494585241
8620260704030001,別府競輪,1R,20:57,1-3-4,1,3,4,358.6,0.0470786791840916,15.88241435541526
5520260705020011,和歌山競輪,11R,15:34,6-3-1,6,3,1,2818.2,0.0056641330052809,14.96265963548264
4520260705020005,豊橋競輪,5R,17:32,7-3-2,7,3,2,3649.5,0.0043670544741958,14.937565303577646
5620260704030006,岸和田競輪,6R,22:45,7-2-6,7,2,6,3833.9,0.004143006445833,14.883872412679365
2320260706010010,取手競輪,10R,15:18,6-5-7,6,5,7,3759.6,0.0041488897186093,14.598165786083625
2320260706010011,取手競輪,11R,15:48,7-4-3,7,4,3,3331.2,0.0046663550796678,14.54456204138939
4520260705020001,豊橋競輪,1R,15:55,7-3-4,7,3,4,2853.2,0.0051063852445274,13.569538379685818
5620260704030004,岸和田競輪,4R,21:53,7-2-4,7,2,4,2689.6,0.0053578008397483,13.410341138587125
5520260705020006,和歌山競輪,6R,13:04,4-7-6,4,7,6,3469.4,0.0041501412977594,13.398500218446769
4520260705020002,豊橋競輪,2R,16:17,6-1-5,6,1,5,3153.3,0.0044644800438021,13.077844922121466
5620260704030003,岸和田競輪,3R,21:29,6-3-1,6,3,1,1472.3,0.0094746271772735,12.949493593099788
4520260705020004,豊橋競輪,4R,17:07,4-3-1,4,3,1,3188.1,0.0043664414619347,12.92065202479405
4520260705020008,豊橋競輪,8R,18:47,4-2-3,4,2,3,2424.7,0.0056891492111548,12.794480092287152
5520260705020012,和歌山競輪,12R,16:06,6-3-7,6,3,7,2645.6,0.0051250452769064,12.558819784583756
3720260704030007,伊東競輪,7R,10:30,6-7-1,6,7,1,2614.5,0.0051428241750876,12.44591380576667
4520260705020011,豊橋競輪,11R,20:04,3-7-2,3,7,2,3544.3,0.0037548877084874,12.308448505192006
2720260704030003,京王閣競輪,3R,21:37,7-1-6,7,1,6,2824.7,0.0044923219452822,11.689461798838872
2720260704030002,京王閣競輪,2R,21:13,6-4-3,6,4,3,3412.2,0.0036395465294197,11.41886066768593
5520260705020009,和歌山競輪,9R,14:33,3-2-1,3,2,1,1863.5,0.006049797841156,10.273798276994237
2320260706010008,取手競輪,8R,14:18,6-4-3,6,4,3,2273.9,0.0047478507343622,9.79613778486634
2720260704030006,京王閣競輪,6R,22:54,6-3-1,6,3,1,1412.3,0.0075856428932622,9.713203458154345
5520260705020008,和歌山競輪,8R,14:03,7-3-2,7,3,2,2897.2,0.0036108439077693,9.461336969589237
8620260704030007,別府競輪,7R,23:30,7-1-3,7,1,3,1308.2,0.0075702178343823,8.903358970939012
5520260705020010,和歌山競輪,10R,15:03,7-3-6,7,3,6,2249.0,0.0043624308993601,8.811107092661064
5620260704030007,岸和田競輪,7R,23:12,2-1-4,2,1,4,1117.2,0.0077184503755367,7.623052759549667
5520260705020007,和歌山競輪,7R,13:33,2-5-6,2,5,6,1805.0,0.0045345295707305,7.184825875168665
5520260705020001,和歌山競輪,1R,10:45,3-6-1,3,6,1,1744.9,0.0040724092169284,6.105946842618368
4520260705020003,豊橋競輪,3R,16:42,7-2-1,7,2,1,1441.1,0.004890837686521,6.048186190045456
2720260704030001,京王閣競輪,1R,20:49,6-4-7,6,4,7,1399.2,0.0037714783839824,4.27705255486822
2120260707010001,弥彦競輪,1R,20:40,5-7-1,5,7,1,9941.2,0.0062170970687104,60.805405379464446
6120260707010002,玉野競輪,2R,21:10,6-7-1,6,7,1,9999.9,0.0059818392178682,58.81779399476109
4520260705030005,豊橋競輪,5R,17:29,3-7-6,3,7,6,9999.9,0.0059611287390061,58.61069127718788
8320260707010006,久留米競輪,6R,18:05,5-3-7,5,3,7,9999.9,0.0058879452055901,57.87886326138056
6120260707010001,玉野競輪,1R,20:50,5-7-1,5,7,1,9999.9,0.0058038104417814,57.03752403676985
8520260705030006,佐世保競輪,6R,10:14,2-7-3,2,7,3,9999.9,0.0056923327537658,55.922758304383215
6320260707010004,防府競輪,4R,12:01,6-7-4,6,7,4,9903.2,0.0054251805558867,52.72664808105718
2320260706020005,取手競輪,5R,12:46,1-4-3,1,4,3,8756.0,0.0060353890040036,51.84586611905591
2320260706020004,取手競輪,4R,12:19,6-7-5,6,7,5,9999.9,0.0052342967319495,51.34244388982219
6320260707010001,防府競輪,1R,10:45,6-7-5,6,7,5,9999.9,0.0051778166102976,50.77764832131591
2120260707010004,弥彦競輪,4R,21:40,7-5-1,7,5,1,9999.9,0.005162063127089,50.62011506457807
8320260707010005,久留米競輪,5R,17:41,4-5-6,4,5,6,9999.9,0.0050735081501022,49.73457415020798
2120260707010002,弥彦競輪,2R,21:00,7-4-2,7,4,2,9999.9,0.0048399287607662,47.39880361478645
4520260705030011,豊橋競輪,11R,20:01,4-6-5,4,6,5,9999.9,0.0048100727373679,47.10024636640559
6120260707010006,玉野競輪,6R,22:30,6-4-3,6,4,3,9999.9,0.0045505975186917,44.50552012716573
8320260707010002,久留米競輪,2R,16:31,5-7-6,5,7,6,9371.7,0.0048251039548565,44.21942673372928
2320260706020006,取手競輪,6R,13:16,1-6-7,1,6,7,8620.7,0.0050907242873848,42.88560686425864
2120260707010007,弥彦競輪,7R,22:40,7-6-2,7,6,2,9999.9,0.0039981996724446,38.98159690447908
8320260707010004,久留米競輪,4R,17:17,6-4-5,6,4,5,6657.5,0.0059935888629196,38.90231785488763
2320260706020003,取手競輪,3R,11:52,7-4-2,7,4,2,6489.5,0.0061410109114107,38.85209030959992
2120260707010003,弥彦競輪,3R,21:20,7-6-2,7,6,2,9999.9,0.0039337871256352,38.33747787763989
6320260707010009,防府競輪,9R,14:26,6-5-7,6,5,7,9775.4,0.0038368662330378,36.50690217443857
8520260705030007,佐世保競輪,7R,10:35,7-4-6,7,4,6,6341.4,0.0056927288491235,35.0998707238321
6120260707010005,玉野競輪,5R,22:10,7-4-3,7,4,3,8407.4,0.0042919084507674,35.08379110898221
6120260707010003,玉野競輪,3R,21:30,6-5-1,6,5,1,7419.7,0.0047709547251729,34.39905277436548
8320260707010010,久留米競輪,10R,19:47,4-3-6,4,3,6,9999.9,0.0034930592657202,33.93024335127553
6120260707010007,玉野競輪,7R,22:50,7-4-3,7,4,3,7478.0,0.0046427961826465,33.718829853830684
8320260707010009,久留米競輪,9R,19:21,3-5-6,3,5,6,6815.6,0.0048533180229438,32.07827431717593
6320260707010008,防府競輪,8R,13:56,4-6-5,4,6,5,7813.3,0.0042040032892623,31.847138899993404
8320260707010008,久留米競輪,8R,18:55,5-7-1,5,7,1,6085.0,0.0050425046023366,29.683640505218616
8520260705030002,佐世保競輪,2R,08:50,6-4-5,6,4,5,3275.7,0.0090389472731422,28.60887958263196
6120260707010004,玉野競輪,4R,21:50,6-4-1,6,4,1,5395.4,0.0053468519147925,27.848404821071732
6320260707010006,防府競輪,6R,12:56,6-2-1,6,2,1,4925.7,0.0058561074358296,27.845428396666257
2320260706020011,取手競輪,11R,15:46,6-5-2,6,5,2,5838.7,0.0045617388245235,25.63462447474556
4520260705030007,豊橋競輪,7R,18:17,6-7-4,6,7,4,6916.2,0.0038213035876935,25.42889987320595
2120260707010005,弥彦競輪,5R,22:00,7-2-3,7,2,3,4446.6,0.0057671329494402,24.644133372981123
6320260707010010,防府競輪,10R,14:56,4-3-5,4,3,5,5452.1,0.0045191886791076,23.63906859736292
8520260705030003,佐世保競輪,3R,09:11,2-4-7,2,4,7,5289.4,0.0046128355693785,23.399132460670817
4520260705030001,豊橋競輪,1R,15:53,1-6-7,1,6,7,6265.5,0.0037207934087401,22.312631102461477
5520260705030004,和歌山競輪,4R,12:10,6-4-2,6,4,2,5911.1,0.0038048615748381,21.490917255025646
8520260705030005,佐世保競輪,5R,09:53,6-4-2,6,4,2,5091.6,0.0042799746094799,20.791918721628317
4520260705030009,豊橋競輪,9R,19:08,4-6-7,4,6,7,5285.2,0.0040169950018269,20.23062198365605
2320260706020002,取手競輪,2R,11:25,7-3-4,7,3,4,3237.8,0.0062264178127807,19.15989559422161
2320260706020007,取手競輪,7R,13:46,3-6-4,3,6,4,5397.8,0.0037262790557458,19.113709087104816
8320260707010001,久留米競輪,1R,16:09,7-6-4,7,6,4,4738.0,0.0041956242537484,18.87886771426028
6120260707010008,玉野競輪,8R,23:10,4-7-2,4,7,2,4425.7,0.0044240964610422,18.57972370763457
6320260707010007,防府競輪,7R,13:26,4-6-1,4,6,1,4621.8,0.0042302395117032,18.55132097519021
2320260706020009,取手競輪,9R,14:46,3-7-4,3,7,4,4125.4,0.0047244830944069,18.49038255766633
8520260705030001,佐世保競輪,1R,08:30,3-5-4,3,5,4,2529.9,0.0074700897259467,17.898579997672677
6320260707010011,防府競輪,11R,15:28,7-6-1,7,6,1,3851.2,0.0048141923379128,17.540417531770153
5520260705030006,和歌山競輪,6R,13:06,4-7-6,4,7,6,3993.0,0.004549466868016,17.166021203988276
4520260705030008,豊橋競輪,8R,18:42,7-3-6,7,3,6,4918.1,0.0036466331322142,16.934506407542845
5520260705030005,和歌山競輪,5R,12:37,7-5-2,7,5,2,2899.7,0.0060622646257862,16.578748735392498
6320260707010002,防府競輪,2R,11:09,6-7-4,6,7,4,3804.6,0.0045326180830642,16.244798758826413
2120260707010008,弥彦競輪,8R,23:00,6-4-1,6,4,1,3132.5,0.005300162685286,15.602759611658415
2120260707010006,弥彦競輪,6R,22:20,5-6-3,5,6,3,4202.1,0.0038946918726576,15.36588471809485
5520260705030009,和歌山競輪,9R,14:36,6-4-7,6,4,7,4087.5,0.0038696026855213,14.817000977068425
8520260705030004,佐世保競輪,4R,09:32,2-6-4,2,6,4,3671.3,0.0042444847915822,14.582777015335884
5520260705030003,和歌山競輪,3R,11:43,3-2-4,3,2,4,2507.5,0.0061455617194258,14.409996011460318
8320260707010007,久留米競輪,7R,18:29,3-7-2,3,7,2,4514.4,0.0033990832597327,14.344821467737477
5520260705030001,和歌山競輪,1R,10:53,7-6-1,7,6,1,2596.6,0.0058301763722822,14.13863596826796
6120260707010009,玉野競輪,9R,23:30,7-6-4,7,6,4,3367.6,0.004202103666101,13.151004305961727
5520260705030008,和歌山競輪,8R,14:06,6-7-4,6,7,4,2412.6,0.0058612769950829,13.140916878337226
8320260707010003,久留米競輪,3R,16:53,6-4-5,6,4,5,3320.3,0.0041891845361669,12.909349415435075
4520260705030006,豊橋競輪,6R,17:53,7-5-1,7,5,1,2200.2,0.0060408822251618,12.291149071801096
4520260705030004,豊橋競輪,4R,17:05,4-3-7,4,3,7,2501.9,0.0052626827162077,12.166705887680092
2320260706020010,取手競輪,10R,15:16,2-6-3,2,6,3,3221.0,0.0040413194210971,12.017089855354
6320260707010012,防府競輪,12R,16:01,5-3-6,5,3,6,3661.3,0.0034977635507544,11.80636168837738
5520260705030002,和歌山競輪,2R,11:17,5-3-7,5,3,7,1907.4,0.0065693133858272,11.530308352126951
6320260707010003,防府競輪,3R,11:34,1-7-2,1,7,2,2574.1,0.0046640596747893,11.00575600887514
8320260707010011,久留米競輪,11R,20:15,6-4-1,6,4,1,2313.8,0.0048486764738397,10.218867625170324
5520260705030011,和歌山競輪,11R,15:39,2-7-5,2,7,5,1995.6,0.0054303764633749,9.836859270311017
2120260707010009,弥彦競輪,9R,23:20,2-7-3,2,7,3,2359.1,0.0041685648359221,8.83406130442402
4520260705030002,豊橋競輪,2R,16:17,7-2-5,7,2,5,1456.0,0.0064888068166109,8.44770272498553
2320260706020001,取手競輪,1R,11:01,2-6-4,2,6,4,1453.5,0.0060661410690715,7.817136043895566
2320260706020008,取手競輪,8R,14:16,7-1-2,7,1,2,1659.6,0.0053114166017687,7.8148269922953855
5520260705030007,和歌山競輪,7R,13:36,4-7-2,4,7,2,2015.7,0.0039523497425017,6.966751375960771
5520260705030010,和歌山競輪,10R,15:06,3-6-1,3,6,1,1805.4,0.0043024875314622,6.767710989301946
4520260705030003,豊橋競輪,3R,16:41,2-1-3,2,1,3,1568.5,0.0047758991299675,6.490997785354089
4520260705030010,豊橋競輪,10R,19:34,6-7-4,6,7,4,1720.4,0.0043278925402455,6.445706326238398
5520260705030012,和歌山競輪,12R,16:24,6-7-3,6,7,3,1232.2,0.0058138192699709,6.163788104458222
6320260707010005,防府競輪,5R,12:28,5-3-6,5,3,6,1681.6,0.0038018486482291,5.393188686862174
4520260705030012,豊橋競輪,12R,20:30,2-7-3,2,7,3,730.6,0.0072399213756713,4.289486557065517
6120260707020002,玉野競輪,2R,21:10,6-1-7,6,1,7,9999.9,0.0060599578785351,59.59897278956316
6120260707020001,玉野競輪,1R,20:50,4-7-1,4,7,1,9999.9,0.0059526194143209,58.52559888126776
2320260706030010,取手競輪,10R,15:16,4-5-7,4,5,7,9999.9,0.0059204995666857,58.20440361690103
4420260708010011,大垣競輪,11R,15:28,6-4-5,6,4,5,9999.9,0.0057851423990276,56.85084547603653
2320260706030009,取手競輪,9R,14:46,6-7-5,6,7,5,9999.9,0.0057198794449863,56.19822246191896
8320260707020005,久留米競輪,5R,17:41,5-1-7,5,1,7,9999.9,0.0055231608626502,54.23105631041575
6320260707020004,防府競輪,4R,12:10,6-7-1,6,7,1,8324.6,0.0063232238183887,51.638308998559225
4420260708010010,大垣競輪,10R,14:56,6-7-3,6,7,3,9999.9,0.0050255654185941,49.25515162939924
6220260708010007,広島競輪,7R,10:35,6-4-5,6,4,5,9436.1,0.0051180978598067,47.29488321492232
6220260708010003,広島競輪,3R,09:11,4-6-5,4,6,5,9026.0,0.0051359930447553,45.357473221961946
2120260707020003,弥彦競輪,3R,21:20,7-1-6,7,1,6,9999.9,0.0046253572722049,45.25311018632258
6220260708010006,広島競輪,6R,10:14,6-3-7,6,3,7,9999.9,0.004383166647843,42.83122816176582
4420260708010004,大垣競輪,4R,12:01,6-3-5,6,3,5,9999.9,0.0043261822187544,42.26138956932267
2120260707020002,弥彦競輪,2R,21:00,7-2-6,7,2,6,9999.9,0.0042453125513285,41.45270098203052
8320260707020011,久留米競輪,11R,20:15,6-3-2,6,3,2,9322.4,0.0044408554186659,40.3994305549718
6320260707020009,防府競輪,9R,14:36,6-3-1,6,3,1,6551.5,0.0061481907159455,39.279871475517545
1120260708010003,函館競輪,3R,16:41,6-2-3,6,2,3,8805.7,0.0045726536210697,39.26541599105354
6220260708010005,広島競輪,5R,09:53,3-4-5,3,4,5,7527.6,0.0052122560951378,38.23577898175986
2120260707020004,弥彦競輪,4R,21:40,7-3-5,7,3,5,9785.2,0.0039106393609399,37.26638827466956
6320260707020007,防府競輪,7R,13:36,6-4-5,6,4,5,8780.2,0.0043329675844592,37.04432198506901
2120260707020005,弥彦競輪,5R,22:00,7-3-6,7,3,6,9999.9,0.003788782196173,36.88744308351125
6220260708010002,広島競輪,2R,08:50,7-3-4,7,3,4,8711.1,0.0043482231414097,36.8778066071345
1120260708010010,函館競輪,10R,19:34,6-5-7,6,5,7,5607.8,0.0064867607598834,35.37645698927447
8320260707020003,久留米競輪,3R,16:53,6-7-3,6,7,3,6500.8,0.0053445794911588,33.744042356125426
1120260708010004,函館競輪,4R,17:05,6-5-7,6,5,7,7329.6,0.004722022541578,33.61053642075081
1120260708010011,函館競輪,11R,20:01,3-6-7,3,6,7,7196.4,0.0047339519023597,33.06741147014157
8320260707020004,久留米競輪,4R,17:17,6-5-2,6,5,2,6223.6,0.0053920134719714,32.557735044161454
4420260708010009,大垣競輪,9R,14:26,6-7-4,6,7,4,9151.5,0.0036487177497784,32.3912404870979
8320260707020006,久留米競輪,6R,18:05,2-5-3,2,5,3,8011.2,0.0040568183530074,31.499983189613047
6220260708010001,広島競輪,1R,08:30,4-3-2,4,3,2,5990.0,0.0053432796698259,31.006245222257142
4420260708010002,大垣競輪,2R,11:09,6-4-1,6,4,1,7791.9,0.0038435578097215,28.948618097569376
6220260708010004,広島競輪,4R,09:32,6-7-5,6,7,5,6859.3,0.0043447834885134,28.802173382760635
6320260707020011,防府競輪,11R,15:39,6-1-5,6,1,5,6259.1,0.0043673715908187,26.33581552409333
1120260708010008,函館競輪,8R,18:42,6-5-7,6,5,7,4154.6,0.0064324535679531,25.724271593418337
6320260707020005,防府競輪,5R,12:37,4-5-7,4,5,7,5796.0,0.0044833110585866,24.985270895568497
6320260707020012,防府競輪,12R,16:24,6-7-3,6,7,3,4261.5,0.0058353809224111,23.867475800855264
6320260707020002,防府競輪,2R,11:17,6-7-4,6,7,4,6206.2,0.0039883651964342,23.75259208211053
4420260708010001,大垣競輪,1R,10:45,6-5-2,6,5,2,5928.3,0.0040700395834021,23.12841566228284
2320260706030006,取手競輪,6R,13:16,7-4-6,7,4,6,6003.1,0.0038261351185092,21.968671729922832
2320260706030001,取手競輪,1R,11:01,6-1-3,6,1,3,3149.1,0.0072605337816594,21.86414693182388
8320260707020010,久留米競輪,10R,19:47,6-5-3,6,5,3,4659.2,0.0048077982757294,21.400493726278576
2120260707020001,弥彦競輪,1R,20:40,6-4-2,6,4,2,4214.6,0.0051721534099546,20.79855776159508
6120260707020004,玉野競輪,4R,21:50,5-4-2,5,4,2,1458.2,0.0148439999101709,20.64552066901131
2120260707020007,弥彦競輪,7R,22:40,6-3-7,6,3,7,5436.0,0.0037750333296702,19.52108118008757
8320260707020001,久留米競輪,1R,16:09,2-5-3,2,5,3,2430.2,0.0083238219733052,19.228552159526355
1120260708010006,函館競輪,6R,17:53,4-6-5,4,6,5,5040.3,0.0039784428443033,19.052545468141982
2320260706030008,取手競輪,8R,14:16,6-7-2,6,7,2,4387.1,0.0044254881716939,18.415059158038677
2120260707020009,弥彦競輪,9R,23:20,6-2-4,6,2,4,3684.1,0.0052188994406877,18.22694742943792
2320260706030011,取手競輪,11R,15:46,6-4-3,6,4,3,5461.2,0.0035134027221346,18.187394946121696
6120260707020009,玉野競輪,9R,23:30,6-5-1,6,5,1,4240.8,0.0044505093337425,17.87371998253556
2320260706030003,取手競輪,3R,11:52,6-2-4,6,2,4,4496.4,0.0041886310719008,17.833760751694914
6120260707020007,玉野競輪,7R,22:50,7-4-1,7,4,1,3354.5,0.0054320009682623,17.221647248036202
1120260708010007,函館競輪,7R,18:17,3-6-2,3,6,2,4479.3,0.004061508541382,17.192715209412615
6320260707020006,防府競輪,6R,13:06,3-7-2,3,7,2,2860.1,0.0062821705062346,16.967635864881608
8320260707020008,久留米競輪,8R,18:55,5-6-3,5,6,3,4884.6,0.0036695209287145,16.924141928399234
4420260708010007,大垣競輪,7R,13:26,6-7-5,6,7,5,3426.0,0.0051291093635867,16.57232867964815
1120260708010001,函館競輪,1R,15:53,3-1-7,3,1,7,3108.2,0.0056339694998074,16.511503999301553
1120260708010002,函館競輪,2R,16:17,6-4-7,6,4,7,5359.6,0.0032593646074434,16.468890550054137
6120260707020003,玉野競輪,3R,21:30,4-2-1,4,2,1,896.2,0.0189373842380214,15.971683754114832
6320260707020003,防府競輪,3R,11:43,7-4-6,7,4,6,3369.2,0.0047204462558649,14.904127525260147
6120260707020005,玉野競輪,5R,22:10,5-4-1,5,4,1,2955.9,0.0053248685916532,14.739779070067735
8320260707020007,久留米競輪,7R,18:29,7-5-3,7,5,3,3392.4,0.0045369478036107,14.39114172896918
1120260708010012,函館競輪,12R,20:30,7-6-4,7,6,4,3943.4,0.003691423072689,13.55675774484212
2320260706030004,取手競輪,4R,12:19,5-1-6,5,1,6,2688.2,0.0051814104566963,12.928667589691072
6320260707020008,防府競輪,8R,14:06,6-4-5,6,4,5,3541.8,0.0039233391632559,12.895682648420056
8320260707020002,久留米競輪,2R,16:31,1-4-2,1,4,2,1467.8,0.0089989772219232,12.208698766338914
1120260708010005,函館競輪,5R,17:29,4-5-1,4,5,1,2304.9,0.0056707803510582,12.070581631154148
1120260708010009,函館競輪,9R,19:08,5-6-1,5,6,1,2815.8,0.0045770421908316,11.888035400943764
4420260708010005,大垣競輪,5R,12:28,7-3-5,7,3,5,2127.9,0.0060413192832291,11.85532330278335
2320260706030007,取手競輪,7R,13:46,5-1-7,5,1,7,2527.7,0.0050410084228145,11.742156990348253
6320260707020010,防府競輪,10R,15:06,6-2-1,6,2,1,2030.5,0.0058535320801737,10.885596888792731
6320260707020001,防府競輪,1R,10:53,7-4-1,7,4,1,2508.2,0.0044788717983733,10.23390624468002
6120260707020008,玉野競輪,8R,23:10,6-5-3,6,5,3,2395.1,0.0045387630344385,9.87079134378378
4420260708010003,大垣競輪,3R,11:34,7-5-4,7,5,4,1958.4,0.0053054955664422,9.390282517320424
2320260706030005,取手競輪,5R,12:46,1-4-3,1,4,3,958.4,0.0106677053290419,9.223928787353817
2120260707020008,弥彦競輪,8R,23:00,5-6-4,5,6,4,2790.3,0.0034186961547676,8.539187880648312
2320260706030002,取手競輪,2R,11:25,5-3-4,5,3,4,1052.7,0.0090609610682167,8.538473716511744
4420260708010006,大垣競輪,6R,12:56,6-1-3,6,1,3,1650.8,0.0054613630348712,8.01561809796539
4420260708010008,大垣競輪,8R,13:56,6-3-2,6,3,2,1443.8,0.0059417567805459,7.578708439752237
8320260707020009,久留米競輪,9R,19:21,3-2-5,3,2,5,1449.2,0.0058665966644656,7.501871886143682
2120260707020006,弥彦競輪,6R,22:20,3-7-6,3,7,6,2157.3,0.0034981166798335,6.546487113404938
4420260708010012,大垣競輪,12R,16:01,1-3-2,1,3,2,1066.6,0.0060044924061863,5.404391600438338
6120260707020006,玉野競輪,6R,22:30,7-3-6,7,3,6,1492.8,0.0039119799933476,4.839803734069317
