race_id,競輪場,レース番号,開始時間,best_bet,a,b,best_odds,best_p,max_EV
4720260226030006,松阪競輪,6R,22:54,1-7,1,7,9999.9,0.014570633229488,144.70487523155705
8120260226030006,小倉競輪,6R,23:03,1-7,1,7,383.2,0.059740130497341,21.89241800658108
5320260227020007,奈良競輪,7R,10:50,1-6,1,6,384.6,0.0302507050474534,10.634421161250613
7520260227020003,松山競輪,3R,16:36,2-6,2,6,225.7,0.0493049885333013,10.128135911966112
6220260228010005,広島競輪,5R,10:20,5-6,5,6,219.8,0.0461493500961391,9.143627151131389
4720260226030001,松阪競輪,1R,20:49,1-6,1,6,132.5,0.0753000120232224,8.977251593076971
5520260228010007,和歌山競輪,7R,13:41,1-3,1,3,195.3,0.0507694167220806,8.915267085822352
8120260226030003,小倉競輪,3R,21:45,6-7,6,7,231.7,0.0418684323502378,8.700915775550099
2620260226030002,西武園競輪,2R,21:05,6-7,6,7,180.7,0.0527525386689919,8.532383737486837
7520260227020002,松山競輪,2R,16:14,5-6,5,6,336.0,0.0275242808969429,8.248158381372823
5520260228010006,和歌山競輪,6R,13:15,1-2,1,2,238.1,0.0371543536077264,7.846451593999657
4420260228010010,大垣競輪,10R,15:18,2-6,2,6,251.2,0.0336330168290909,7.448613827467657
7520260227020005,松山競輪,5R,17:24,3-5,3,5,166.2,0.0504651718174418,7.387311556058826
2620260226030003,西武園競輪,3R,21:29,1-7,1,7,128.2,0.0629832873896223,7.074457443349584
6220260228010006,広島競輪,6R,10:40,6-7,6,7,345.8,0.0219048654014069,6.574702455806517
5520260228010010,和歌山競輪,10R,15:04,5-6,5,6,284.5,0.0266042831257861,6.568918549286157
5520260228010003,和歌山競輪,3R,11:57,1-6,1,6,129.5,0.0573158754233961,6.422405867329806
5320260227020005,奈良競輪,5R,10:10,6-7,6,7,151.2,0.0487918472203666,6.377327299719429
5320260227020002,奈良競輪,2R,09:10,1-7,1,7,357.6,0.0203131057266555,6.263966607852017
4420260228010011,大垣競輪,11R,15:48,5-6,5,6,347.4,0.0202412108815899,6.031796660264364
4420260228010003,大垣競輪,3R,12:10,3-4,3,4,252.7,0.0278197400378204,6.030048307557236
7520260227020004,松山競輪,4R,17:00,5-6,5,6,206.5,0.0331767280739419,5.850994347269019
4420260228010006,大垣競輪,6R,13:28,3-4,3,4,468.9,0.0144844962866013,5.791780308787395
6220260228010002,広島競輪,2R,09:20,5-6,5,6,145.5,0.0449927139919665,5.546439885831125
7520260227020006,松山競輪,6R,17:48,6-7,6,7,107.7,0.0600433089869168,5.466664377890947
7520260227020010,松山競輪,10R,19:30,5-6,5,6,169.3,0.0359296080054301,5.082882635319318
4720260226030003,松阪競輪,3R,21:37,1-7,1,7,94.5,0.0625080298475953,4.907008820597761
5520260228010011,和歌山競輪,11R,15:33,2-6,2,6,245.2,0.023727098231209,4.817884486292469
5320260227020004,奈良競輪,4R,09:50,3-4,3,4,80.8,0.0712644137024959,4.758164627161674
5520260228010004,和歌山競輪,4R,12:23,5-6,5,6,207.0,0.0276214491573229,4.717639975565849
4420260228010001,大垣競輪,1R,11:18,3-4,3,4,271.3,0.0208450290137028,4.655256371417571
6220260228010003,広島競輪,3R,09:40,6-7,6,7,93.5,0.0581936532244257,4.441106576483808
4420260228010004,大垣競輪,4R,12:36,3-8,3,8,135.6,0.0400892345694331,4.436100207615139
4420260228010009,大垣競輪,9R,14:50,2-6,2,6,149.5,0.0363506998841599,4.434429632681907
5320260227020003,奈良競輪,3R,09:30,1-7,1,7,72.3,0.0745079569362911,4.386925286493848
6220260228010001,広島競輪,1R,09:00,1-6,1,6,92.3,0.0583602499870231,4.386651073802235
6220260228010004,広島競輪,4R,10:00,2-3,2,3,148.2,0.0360715035517689,4.3457968263721565
5320260227020001,奈良競輪,1R,08:50,4-5,4,5,78.5,0.0679736316915564,4.335930087787182
5520260228010002,和歌山競輪,2R,11:31,3-6,3,6,128.1,0.0415132654804811,4.317849308049637
8120260226030007,小倉競輪,7R,23:30,6-7,6,7,121.5,0.0421807714477969,4.124963730907324
4420260228010005,大垣競輪,5R,13:02,3-8,3,8,177.6,0.0285715956698309,4.074315390961977
2620260226030001,西武園競輪,1R,20:41,1-7,1,7,73.2,0.0676439891158407,3.951540003279545
8120260226030005,小倉競輪,5R,22:36,2-3,2,3,95.2,0.0511203256172682,3.866654998763935
5320260227020006,奈良競輪,6R,10:30,3-6,3,6,78.1,0.0610719248053796,3.769717327300148
8120260226030001,小倉競輪,1R,20:57,1-6,1,6,67.6,0.0702363222420759,3.7479753835643335
7520260227020001,松山競輪,1R,15:54,1-3,1,3,89.1,0.0527602567979645,3.700938880698637
4420260228010002,大垣競輪,2R,11:44,5-9,5,9,147.7,0.0312069260907266,3.60926298360033
4420260228010007,大垣競輪,7R,13:54,6-7,6,7,144.9,0.030820458878671,3.465884491519441
7520260227020008,松山競輪,8R,18:36,4-6,4,6,107.3,0.0411758795482829,3.4181718755307555
5520260228010005,和歌山競輪,5R,12:49,3-4,3,4,77.3,0.0541622459899862,3.1867416150259382
4720260226030004,松阪競輪,4R,22:01,5-7,5,7,139.5,0.0296030776539711,3.1296293327289817
2620260226030007,西武園競輪,7R,23:12,1-7,1,7,113.0,0.0351390914909437,2.970717338476645
5520260228010001,和歌山競輪,1R,11:05,2-6,2,6,82.0,0.0450960903333734,2.6978794073366203
7520260227020009,松山競輪,9R,19:02,4-6,4,6,58.0,0.0625396385901019,2.627299038225914
6220260228010007,広島競輪,7R,11:00,1-2,1,2,59.0,0.0611732797506817,2.6092235052902257
4420260228010008,大垣競輪,8R,14:22,5-6,5,6,284.4,0.0122153678792725,2.474050624865121
5520260228010009,和歌山競輪,9R,14:36,6-7,6,7,96.5,0.0355397485237869,2.429585732545444
2620260226030005,西武園競輪,5R,22:18,2-3,2,3,36.0,0.0945232690113374,2.4028376844081474
7520260227020007,松山競輪,7R,18:12,3-6,3,6,153.7,0.021751233519088,2.343164591883836
5520260228010008,和歌山競輪,8R,14:08,2-3,2,3,62.4,0.0515305201504861,2.2155044573903377
4420260228010012,大垣競輪,12R,16:20,5-6,5,6,110.0,0.0289805194558354,2.1878571401418947
8120260226030004,小倉競輪,4R,22:09,4-7,4,7,100.5,0.028925694463211,1.9070322935527135
5520260228010012,和歌山競輪,12R,16:04,2-6,2,6,40.8,0.0697848298335655,1.847221057209473
2620260226030006,西武園競輪,6R,22:45,4-5,4,5,92.2,0.0295720088606219,1.7265392169493432
4720260226030007,松阪競輪,7R,23:21,1-7,1,7,48.5,0.0559293319320987,1.71257259870679
7520260227020011,松山競輪,11R,20:00,3-4,3,4,91.9,0.0293922699081493,1.7011496045589245
7520260227020012,松山競輪,12R,20:30,4-5,4,5,85.2,0.0261665870500796,1.2293932166667858
2620260226030004,西武園競輪,4R,21:53,2-6,2,6,42.2,0.0512445690992516,1.1625208159884215
4720260226030005,松阪競輪,5R,22:27,1-7,1,7,26.0,0.0735096744027731,0.9112515344721022
8120260226030002,小倉競輪,2R,21:21,2-4,2,4,21.5,0.0853578614630757,0.8351940214561275
4720260226030002,松阪競輪,2R,21:13,1-6,1,6,25.8,0.0597496000936533,0.5415396824162573
8320260301030010,久留米競輪,10R,19:35,5-6,5,6,559.9,0.0342081945049224,18.153168103306086
3820260301030005,静岡競輪,5R,22:18,1-7,1,7,273.7,0.0628605195251255,16.204924194026855
3620260303010005,小田原競輪,5R,10:13,6-7,6,7,387.5,0.030502488149888,10.819714158081627
3620260303010003,小田原競輪,3R,09:31,3-6,3,6,217.3,0.0527213967954684,10.456359523655296
2720260301030008,京王閣競輪,8R,18:56,4-7,4,7,518.0,0.0215111719431903,10.142787066572623
3620260303010004,小田原競輪,4R,09:52,5-6,5,6,392.7,0.0283696326534712,10.140754743018157
3820260301030002,静岡競輪,2R,21:05,3-6,3,6,106.8,0.1026061940367216,9.958341523121874
3820260301030007,静岡競輪,7R,23:12,2-7,2,7,161.8,0.051589258663545,7.347142051761587
3820260301030006,静岡競輪,6R,22:45,1-7,1,7,191.5,0.0430391502995296,7.241997282359922
2720260301030006,京王閣競輪,6R,18:04,2-6,2,6,244.3,0.031583294408532,6.715798824004382
4420260228040011,大垣競輪,11R,15:49,4-6,4,6,559.6,0.0134808434943422,6.543880019433912
3620260303010002,小田原競輪,2R,09:10,5-6,5,6,189.8,0.0364619239074988,5.920473157643277
2720260301030007,京王閣競輪,7R,18:30,1-2,1,2,140.6,0.0489981082351708,5.889134017865028
2720260301030010,京王閣競輪,10R,19:48,5-6,5,6,198.2,0.0347271737093251,5.882925829188234
7320260301030006,小松島競輪,6R,23:03,5-6,5,6,246.7,0.0255614407554731,5.306007434375217
3620260303010006,小田原競輪,6R,10:34,2-3,2,3,158.1,0.0397032894673562,5.27709006478903
4420260228040007,大垣競輪,7R,13:50,5-6,5,6,415.4,0.0145680378107674,5.051562906592812
8320260301030007,久留米競輪,7R,18:17,1-7,1,7,87.7,0.0681974007696675,4.980912047499844
2720260301030002,京王閣競輪,2R,16:26,4-6,4,6,193.7,0.030528581521699,4.9133862407531135
8320260301030002,久留米競輪,2R,16:14,4-7,4,7,169.0,0.0343202653063031,4.800124836765227
2720260301030004,京王閣競輪,4R,17:14,2-6,2,6,189.9,0.0301465241176895,4.724824929949252
7320260301030001,小松島競輪,1R,20:57,4-7,4,7,148.5,0.0383343895106052,4.692656842324886
2720260301030003,京王閣競輪,3R,16:50,6-7,6,7,135.0,0.0414622043442313,4.597397586471232
8320260301030004,久留米競輪,4R,17:02,5-6,5,6,110.0,0.048409883224051,4.325087154645612
3820260301030001,静岡競輪,1R,20:41,3-6,3,6,95.8,0.0555672602141103,4.323343528511772
8320260301030001,久留米競輪,1R,15:53,3-5,3,5,97.3,0.052527141360818,4.110890854407595
8320260301030003,久留米競輪,3R,16:38,5-6,5,6,162.5,0.0311801050070268,4.066767063641863
7320260301030005,小松島競輪,5R,22:36,4-6,4,6,201.0,0.024549687023047,3.934487091632451
8320260301030009,久留米競輪,9R,19:09,5-6,5,6,86.6,0.0564877905385623,3.891842660639503
8320260301030005,久留米競輪,5R,17:26,1-5,1,5,198.6,0.024482667482918,3.8622577621075287
5620260301030002,岸和田競輪,2R,21:13,3-7,3,7,221.4,0.0216867166120179,3.801439057900764
5620260301030001,岸和田競輪,1R,20:49,4-7,4,7,87.7,0.0538592691837423,3.723457907414203
2720260301030005,京王閣競輪,5R,17:38,6-7,6,7,208.9,0.0221939576386343,3.6363177507107247
4420260228040009,大垣競輪,9R,14:48,3-8,3,8,247.0,0.0186293509475126,3.6014496840356207
3620260303010001,小田原競輪,1R,08:50,4-7,4,7,145.0,0.0310088330443263,3.496280791427326
8320260301030012,久留米競輪,12R,20:30,1-3,1,3,96.3,0.046620336953038,3.489538448577563
4420260228040004,大垣競輪,4R,12:26,3-6,3,6,168.7,0.0259541065266929,3.3784577710530943
3620260303010007,小田原競輪,7R,10:55,3-4,3,4,85.1,0.0512451018652567,3.36095816873335
4420260228040001,大垣競輪,1R,11:05,3-4,3,4,96.5,0.0441131005248465,3.2569142006476888
8320260301030006,久留米競輪,6R,17:51,3-6,3,6,64.9,0.0652126965295036,3.232304004764787
4420260228040012,大垣競輪,12R,16:20,3-8,3,8,140.5,0.0291057472521221,3.0893574889231665
7320260301030003,小松島競輪,3R,21:45,1-7,1,7,56.7,0.0710774308585011,3.0300903296770176
4420260228040008,大垣競輪,8R,14:19,2-3,2,3,85.9,0.0468643436217547,3.025647117108736
5620260301030004,岸和田競輪,4R,22:01,1-7,1,7,36.0,0.1062854939928342,2.826277783742033
8320260301030008,久留米競輪,8R,18:43,3-6,3,6,464.6,0.0081806057960245,2.8007094528330096
4420260228040005,大垣競輪,5R,12:54,7-9,7,9,89.1,0.0389535531566037,2.470761586253393
2720260301030009,京王閣競輪,9R,19:22,4-7,4,7,107.3,0.0313931682722315,2.3684869556104435
4420260228040006,大垣競輪,6R,13:22,1-8,1,8,189.1,0.0177000440105047,2.3470783223864538
3820260301030003,静岡競輪,3R,21:29,1-6,1,6,34.6,0.0965689547135179,2.3412858330877224
4420260228040003,大垣競輪,3R,11:59,2-8,2,8,153.7,0.0207407307119355,2.187850310424496
5620260301030006,岸和田競輪,6R,22:54,2-5,2,5,49.8,0.0636899332017014,2.1717586734447307
4420260228040002,大垣競輪,2R,11:32,1-3,1,3,53.6,0.0575961452811307,2.087153387068607
7320260301030002,小松島競輪,2R,21:21,4-5,4,5,87.4,0.0352700307443775,2.0826006870585982
4420260228040010,大垣競輪,10R,15:18,1-4,1,4,141.9,0.0212215882089587,2.0113433668512477
3820260301030004,静岡競輪,4R,21:53,2-6,2,6,96.5,0.0309051494557386,1.982346922478782
5620260301030007,岸和田競輪,7R,23:21,3-6,3,6,130.3,0.0228682386092345,1.9797314907832604
2720260301030011,京王閣競輪,11R,20:16,2-6,2,6,49.7,0.057959078702502,1.8805662115143515
8320260301030011,久留米競輪,11R,20:02,6-7,6,7,41.2,0.0696826358964491,1.870924598933703
2720260301030001,京王閣競輪,1R,16:03,5-6,5,6,78.5,0.0309559811614851,1.430044521176581
5620260301030005,岸和田競輪,5R,22:27,4-6,4,6,234.0,0.0094915757640347,1.2210287287841268
7320260301030007,小松島競輪,7R,23:30,2-6,2,6,27.0,0.0800372960081434,1.1610069922198738
5620260301030003,岸和田競輪,3R,21:37,2-7,2,7,53.1,0.0402987785286423,1.1398651398709077
7320260301030004,小松島競輪,4R,22:09,1-6,1,6,23.0,0.0646898103071398,0.4878656370642174
3620260303020001,小田原競輪,1R,09:00,4-6,4,6,319.8,0.0441864649031839,13.130831476038228
8720260304010005,熊本競輪,5R,22:18,1-6,1,6,111.7,0.1037872913258461,10.59304044109701
3620260303020004,小田原競輪,4R,10:00,6-7,6,7,267.2,0.0420309152968606,10.230660567321172
3720260304010004,伊東競輪,4R,17:06,4-6,4,6,333.5,0.0335728211720146,10.196535860866868
3120260304010006,松戸競輪,6R,23:03,3-4,3,4,177.7,0.0618248544966642,9.986276644057243
3120260304010001,松戸競輪,1R,20:57,4-5,4,5,255.7,0.0393769685389855,9.068690855418604
3620260303020005,小田原競輪,5R,10:20,5-6,5,6,215.9,0.0459506540333319,8.920746205796362
3720260304010006,伊東競輪,6R,17:56,2-3,2,3,409.2,0.0239300398429368,8.792172303729771
3720260304010002,伊東競輪,2R,16:18,5-6,5,6,147.1,0.0656960614696834,8.66389064219044
3720260304010011,伊東競輪,11R,20:04,5-6,5,6,555.7,0.0169289164725469,8.407398883794317
3720260304010007,伊東競輪,7R,18:21,2-3,2,3,346.1,0.0264811345981176,8.165120684408523
2620260304010002,西武園競輪,2R,11:32,6-7,6,7,127.0,0.0684400170577214,7.691882166330627
2620260304010007,西武園競輪,7R,13:48,5-6,5,6,135.7,0.0629282035056713,7.5393572157196065
2620260304010008,西武園競輪,8R,14:16,6-7,6,7,203.7,0.0417569821704536,7.50589726812141
4520260304010006,豊橋競輪,6R,10:30,2-3,2,3,210.8,0.0372253281261601,6.847099168994556
4520260304010003,豊橋競輪,3R,09:30,4-6,4,6,110.3,0.0670475822057826,6.395348317297831
4520260304010005,豊橋競輪,5R,10:10,4-6,4,6,93.2,0.0783376545002807,6.301069399426165
2620260304010004,西武園競輪,4R,12:26,5-7,5,7,131.9,0.0552919431979921,6.293007307815161
8720260304010001,熊本競輪,1R,20:41,2-7,2,7,123.3,0.0554492056923591,5.8368870618678805
2620260304010003,西武園競輪,3R,11:59,6-7,6,7,197.3,0.0343355412849901,5.774402295528555
2620260304010001,西武園競輪,1R,11:05,1-6,1,6,132.9,0.0509470761029548,5.770866414082703
2620260304010006,西武園競輪,6R,13:20,3-7,3,7,88.1,0.0747438106455696,5.584929717874684
2620260304010009,西武園競輪,9R,14:44,2-4,2,4,168.7,0.0386711104919395,5.523816339990209
2420260304010007,宇都宮競輪,7R,23:21,2-7,2,7,134.2,0.047282907880162,5.345366237517742
4520260304010004,豊橋競輪,4R,09:50,1-5,1,5,201.1,0.0309191161807946,5.217834263957803
3720260304010008,伊東競輪,8R,18:46,1-3,1,3,108.7,0.0568681549334807,5.181568441269358
8720260304010007,熊本競輪,7R,23:12,1-7,1,7,120.7,0.047239666547101,4.701827752235099
2620260304010011,西武園競輪,11R,15:41,2-6,2,6,181.6,0.0304285124430453,4.525817859657038
3720260304010001,伊東競輪,1R,15:54,1-6,1,6,222.4,0.0243180477784218,4.408333825921012
2620260304010012,西武園競輪,12R,16:10,4-6,4,6,146.6,0.0367721981318003,4.390804246121935
2420260304010004,宇都宮競輪,4R,22:01,2-6,2,6,123.0,0.0423207150296303,4.205447948644535
3620260303020002,小田原競輪,2R,09:20,5-6,5,6,146.5,0.0346383711001492,4.0745213661718696
2420260304010001,宇都宮競輪,1R,20:49,1-6,1,6,116.2,0.0417859776672371,3.855530604932953
3720260304010003,伊東競輪,3R,16:42,3-5,3,5,178.7,0.0260716708930648,3.65900758859068
2620260304010010,西武園競輪,10R,15:12,1-3,1,3,121.2,0.0383968863403743,3.6537026244533735
3120260304010007,松戸競輪,7R,23:30,1-5,1,5,66.0,0.0667340243147872,3.404445604775961
2420260304010006,宇都宮競輪,6R,22:54,1-4,1,4,43.1,0.1015466327583173,3.3766598718834784
3620260303020007,小田原競輪,7R,11:00,5-6,5,6,84.1,0.0513930324292865,3.3221540273029984
3620260303020003,小田原競輪,3R,09:40,6-7,6,7,140.4,0.0290124373820118,3.0733462084344634
2620260304010005,西武園競輪,5R,12:53,1-2,1,2,75.3,0.0526363210290086,2.963514973484349
4520260304010001,豊橋競輪,1R,08:50,2-7,2,7,112.5,0.0348477034351224,2.9203666364512704
8720260304010006,熊本競輪,6R,22:45,3-5,3,5,70.5,0.0538339475243946,2.795293300469824
3620260303020006,小田原競輪,6R,10:40,3-5,3,5,96.5,0.0372853553463768,2.5980367909253634
3120260304010005,松戸競輪,5R,22:36,1-5,1,5,42.0,0.0826080759712128,2.469539190790939
8720260304010003,熊本競輪,3R,21:29,1-5,1,5,38.2,0.0895726435565851,2.421674983861554
8720260304010004,熊本競輪,4R,21:53,1-5,1,5,55.5,0.0595868240342905,2.307068733903127
4520260304010002,豊橋競輪,2R,09:10,1-3,1,3,66.9,0.0437909787114399,1.9296164757953296
3720260304010009,伊東競輪,9R,19:12,5-6,5,6,110.4,0.0264598126270205,1.9211633140230675
2420260304010002,宇都宮競輪,2R,21:13,1-5,1,5,22.8,0.1263593528900939,1.8809932458941416
4520260304010007,豊橋競輪,7R,10:50,2-6,2,6,97.5,0.0283582126140524,1.7649257298701122
8720260304010002,熊本競輪,2R,21:05,2-7,2,7,45.7,0.0561792032254154,1.567389587401487
3720260304010005,伊東競輪,5R,17:31,1-6,1,6,43.6,0.0567732476681311,1.4753135983305188
3720260304010010,伊東競輪,10R,19:38,2-6,2,6,59.5,0.0414864591769272,1.4684443210271725
3720260304010012,伊東競輪,12R,20:30,1-5,1,5,69.0,0.0304924516210316,1.1039791618511807
3120260304010004,松戸競輪,4R,22:09,1-4,1,4,27.0,0.0710729141478037,0.918968681990702
2420260304010005,宇都宮競輪,5R,22:27,2-6,2,6,48.0,0.0384761048996996,0.846853035185583
3120260304010003,松戸競輪,3R,21:45,4-5,4,5,30.7,0.056608832145898,0.7378911468790714
2420260304010003,宇都宮競輪,3R,21:37,5-6,5,6,33.7,0.045945354242628,0.5483584379765638
3120260304010002,松戸競輪,2R,21:21,3-7,3,7,24.7,0.0530046155507178,0.3092140041027318
3720260304020006,伊東競輪,6R,17:48,5-6,5,6,1287.7,0.023167797463908,28.833172794274383
3120260304020007,松戸競輪,7R,23:30,1-6,1,6,429.0,0.0685713149814643,28.417094127048188
3120260304020001,松戸競輪,1R,20:57,1-6,1,6,111.0,0.1210536047305194,12.436950125087662
7520260305010010,松山競輪,10R,15:18,4-9,4,9,306.6,0.0383079634005557,10.745221578610384
3720260304020002,伊東競輪,2R,16:14,1-6,1,6,184.3,0.0595040071461248,9.966588517030813
3620260303030002,小田原競輪,2R,09:20,5-6,5,6,219.4,0.0425768459064222,8.341359991869039
3720260304020007,伊東競輪,7R,18:12,1-2,1,2,239.6,0.0387418269436901,8.28254173570817
2620260304020005,西武園競輪,5R,12:49,5-6,5,6,284.0,0.0321093851712463,8.11906538863396
3620260303030001,小田原競輪,1R,09:00,6-7,6,7,303.9,0.0294063148721025,7.936579089631955
4520260304020006,豊橋競輪,6R,10:30,1-6,1,6,248.7,0.0353045738600725,7.780247519000049
7520260305010006,松山競輪,6R,13:28,4-6,4,6,621.6,0.0137398815158652,7.540710350261861
7520260305010009,松山競輪,9R,14:50,7-8,7,8,403.8,0.0208409056121019,7.41555768616678
2620260304020008,西武園競輪,8R,14:08,5-6,5,6,259.0,0.031982922465005,7.283576918436312
4520260304020004,豊橋競輪,4R,09:50,5-6,5,6,251.9,0.0323270022505057,7.143171866902391
2620260304020010,西武園競輪,10R,15:04,2-6,2,6,119.1,0.0683532556243033,7.140872744854525
3720260304020005,伊東競輪,5R,17:24,6-7,6,7,220.0,0.03604310821671,6.929483807676206
2620260304020012,西武園競輪,12R,16:04,2-6,2,6,272.2,0.0290579367568058,6.909570385202547
3720260304020003,伊東競輪,3R,16:36,5-6,5,6,423.2,0.0185059498811959,6.831717989722144
2620260304020007,西武園競輪,7R,13:41,4-5,4,5,124.3,0.0564673482383663,6.018891386028934
2620260304020009,西武園競輪,9R,14:36,1-6,1,6,251.7,0.0277159011858513,5.976092328478779
2620260304020011,西武園競輪,11R,15:33,1-6,1,6,242.7,0.0285940431653101,5.939774276220774
3720260304020011,伊東競輪,11R,20:00,5-6,5,6,188.2,0.0362443252164523,5.821182005736337
3720260304020009,伊東競輪,9R,19:02,2-6,2,6,119.0,0.0564527829387692,5.717881169713536
4520260304020002,豊橋競輪,2R,09:10,6-7,6,7,192.1,0.0348264803462703,5.690166874518524
4520260304020003,豊橋競輪,3R,09:30,5-7,5,7,144.0,0.0446615655591,5.431265440510414
7520260305010011,松山競輪,11R,15:48,4-7,4,7,175.1,0.0366117782768282,5.410722376272624
4520260304020005,豊橋競輪,5R,10:10,4-6,4,6,331.9,0.0188440595107331,5.254343351612322
3620260303030005,小田原競輪,5R,10:20,6-7,6,7,122.0,0.0509306422184719,5.213538350653572
3720260304020012,伊東競輪,12R,20:30,6-7,6,7,155.6,0.03952552778341,5.150172123098596
2620260304020003,西武園競輪,3R,11:57,1-6,1,6,157.6,0.0382139651259622,5.022520903851657
3620260303030003,小田原競輪,3R,09:40,5-7,5,7,124.3,0.0474570944424177,4.898916839192526
7520260305010002,松山競輪,2R,11:44,4-6,4,6,789.5,0.0074440992099617,4.877116326264777
4520260304020001,豊橋競輪,1R,08:50,5-6,5,6,162.3,0.0358148068473307,4.812743151321781
7520260305010008,松山競輪,8R,14:22,5-6,5,6,219.8,0.0254810358946488,4.600731689643817
2620260304020004,西武園競輪,4R,12:23,1-3,1,3,123.1,0.0437712064719377,4.388235516695535
7520260305010001,松山競輪,1R,11:18,7-8,7,8,160.5,0.0317517356863346,4.096153577656708
7520260305010004,松山競輪,4R,12:36,3-8,3,8,129.0,0.0388155551962811,4.007206620320263
3620260303030006,小田原競輪,6R,10:40,3-7,3,7,73.9,0.0667867595725692,3.935541532412868
2420260304020005,宇都宮競輪,5R,22:27,1-3,1,3,60.0,0.0804450184298004,3.826701105788025
4520260304020007,豊橋競輪,7R,10:50,1-5,1,5,96.3,0.0480627119229657,3.628439158181605
7520260305010003,松山競輪,3R,12:10,5-7,5,7,120.6,0.0373427959378145,3.5035411901004325
2620260304020002,西武園競輪,2R,11:31,6-7,6,7,138.6,0.0304075116481173,3.214481114429069
2620260304020006,西武園競輪,6R,13:15,3-4,3,4,44.6,0.092950818272775,3.1456064949657687
3620260303030007,小田原競輪,7R,11:00,6-7,6,7,98.5,0.040235025046261,2.9631499670567147
2420260304020001,宇都宮競輪,1R,20:49,4-6,4,6,85.5,0.0462620946067446,2.955409088876668
7520260305010007,松山競輪,7R,13:54,6-7,6,7,344.7,0.0112454099270208,2.87629280184409
8720260304020004,熊本競輪,4R,21:53,1-7,1,7,39.0,0.0959159478399181,2.7407219657568063
3720260304020004,伊東競輪,4R,17:00,3-6,3,6,203.9,0.0175497992995257,2.5784040771733
3720260304020001,伊東競輪,1R,15:54,4-5,4,5,129.7,0.0273842513488109,2.5517373999407806
7520260305010005,松山競輪,5R,13:02,6-7,6,7,93.3,0.0380337742670328,2.548551139114166
3720260304020010,伊東競輪,10R,19:30,5-6,5,6,67.4,0.0515108827820329,2.47183349950902
3120260304020005,松戸競輪,5R,22:36,2-7,2,7,54.7,0.0603112066334717,2.2990230028509067
2420260304020007,宇都宮競輪,7R,23:21,5-6,5,6,67.5,0.0488221913260765,2.295497914510168
7520260305010012,松山競輪,12R,16:20,4-7,4,7,113.6,0.02774403616374,2.15172250820087
3620260303030004,小田原競輪,4R,10:00,3-5,3,5,63.2,0.04777754753928,2.0195410044824964
3120260304020002,松戸競輪,2R,21:21,1-7,1,7,39.0,0.0767680851780439,1.9939553219437127
8720260304020001,熊本競輪,1R,20:41,2-7,2,7,113.2,0.0247806443025286,1.805168935046244
2420260304020006,宇都宮競輪,6R,22:54,2-3,2,3,31.5,0.0884673076451058,1.786720190820834
3720260304020008,伊東競輪,8R,18:36,4-5,4,5,68.5,0.0353175628438914,1.4192530548065672
2620260304020001,西武園競輪,1R,11:05,2-7,2,7,64.7,0.0371670008560904,1.4047049553890516
2420260304020003,宇都宮競輪,3R,21:37,1-5,1,5,16.1,0.1273462899254432,1.050275267799636
3120260304020004,松戸競輪,4R,22:09,1-6,1,6,28.5,0.0698327067011679,0.9902321409832876
3120260304020003,松戸競輪,3R,21:45,5-6,5,6,24.7,0.0804529510507723,0.9871878909540776
8720260304020006,熊本競輪,6R,22:45,1-3,1,3,21.0,0.0879294821088503,0.8465191242858578
8720260304020007,熊本競輪,7R,23:12,1-5,1,5,22.5,0.0755654900043612,0.700223525098129
2420260304020004,宇都宮競輪,4R,22:01,1-6,1,6,19.5,0.0841925373093201,0.6417544775317419
8720260304020003,熊本競輪,3R,21:29,1-2,1,2,21.0,0.0760649544373364,0.5973640431840663
2420260304020002,宇都宮競輪,2R,21:13,2-5,2,5,19.5,0.0761225256143157,0.4843892494791579
8720260304020002,熊本競輪,2R,21:05,1-3,1,3,16.5,0.0771087878401533,0.2722949993625307
3120260304020006,松戸競輪,6R,23:03,2-4,2,4,15.7,0.0764372076278311,0.2000641597569485
8720260304020005,熊本競輪,5R,22:18,1-2,1,2,11.6,0.1003900798827701,0.164524926640134
8720260304030001,熊本競輪,1R,20:41,2-4,2,4,815.2,0.0764953628551559,61.35901979952312
8120260306010002,小倉競輪,2R,16:14,5-6,5,6,394.5,0.0561123785158423,21.136333324499816
8120260306010011,小倉競輪,11R,19:51,5-6,5,6,308.2,0.0625307066854588,18.271963800458423
3120260304030006,松戸競輪,6R,23:03,1-6,1,6,171.7,0.082007247678162,13.080644426340422
8120260306010001,小倉競輪,1R,15:54,6-7,6,7,537.5,0.0244431555270328,12.13819609578018
8120260306010003,小倉競輪,3R,16:35,2-6,2,6,219.9,0.0552431219970001,11.147962527140333
3720260304030005,伊東競輪,5R,17:34,1-6,1,6,505.1,0.0237830650516205,11.012826157573546
3720260304030003,伊東競輪,3R,16:46,5-6,5,6,190.1,0.0550374455104875,9.462618391543687
8120260306010007,小倉競輪,7R,18:10,5-6,5,6,234.7,0.0416937915029769,8.7855328657487
3720260304030006,伊東競輪,6R,17:58,2-7,2,7,267.0,0.0347320487468601,8.273457015411658
8120260306010009,小倉競輪,9R,18:59,2-3,2,3,168.0,0.0550417896392549,8.247020659394837
7520260305020010,松山競輪,10R,15:12,2-5,2,5,274.3,0.0325457896364627,7.927310097281721
7520260305020011,松山競輪,11R,15:44,1-5,1,5,159.6,0.055741609199029,7.89636082816504
2620260304030003,西武園競輪,3R,11:52,5-6,5,6,253.1,0.0349292734781645,7.840599117323455
3120260304030007,松戸競輪,7R,23:30,1-5,1,5,132.0,0.0658529985148007,7.692595803953692
7520260305020009,松山競輪,9R,14:44,2-4,2,4,235.2,0.0362134360995111,7.51740017060502
3720260304030007,伊東競輪,7R,18:22,4-6,4,6,203.2,0.0417789324084362,7.489479065394246
2620260304030002,西武園競輪,2R,11:28,5-6,5,6,341.6,0.0225250807088546,6.6945675701447325
8120260306010004,小倉競輪,4R,16:58,2-4,2,4,223.8,0.0341598982291086,6.644985223674512
2620260304030012,西武園競輪,12R,16:02,2-6,2,6,240.7,0.0316627767354468,6.621230360222065
2620260304030008,西武園競輪,8R,14:02,4-7,4,7,112.3,0.0637174337514594,6.155467810288898
2620260304030005,西武園競輪,5R,12:43,3-7,3,7,122.1,0.0577201610765094,6.047631667441803
8120260306010010,小倉競輪,10R,19:25,4-5,4,5,122.6,0.0558011175646127,5.84121701342152
7520260305020008,松山競輪,8R,14:16,3-4,3,4,241.8,0.0281222795247812,5.799967189092113
8120260306010008,小倉競輪,8R,18:34,2-6,2,6,123.0,0.054848009909357,5.746305218850917
3720260304030011,伊東競輪,11R,20:04,2-3,2,3,274.2,0.024355609212573,5.678308046087525
3720260304030009,伊東競輪,9R,19:12,1-6,1,6,297.0,0.0215713641279724,5.406695146007828
2620260304030007,西武園競輪,7R,13:35,2-3,2,3,115.3,0.0506166877389955,4.836104096306186
2620260304030006,西武園競輪,6R,13:09,2-6,2,6,160.8,0.0349108962774248,4.6136721214099135
4520260304030005,豊橋競輪,5R,10:13,6-7,6,7,94.7,0.0590567201856313,4.59267140157929
7520260305020006,松山競輪,6R,13:22,4-7,4,7,253.5,0.0215585583566765,4.465094543417501
7520260305020003,松山競輪,3R,12:04,1-8,1,8,162.8,0.033526693878321,4.458145763390662
2620260304030010,西武園競輪,10R,14:58,3-6,3,6,159.8,0.0341015169838113,4.449422414013054
2620260304030009,西武園競輪,9R,14:30,3-4,3,4,106.8,0.0510145239299876,4.448351155722681
4520260304030004,豊橋競輪,4R,09:52,1-6,1,6,192.9,0.0281064179113703,4.421728015103339
7520260305020004,松山競輪,4R,12:30,4-5,4,5,173.6,0.0301095886560765,4.22702459069489
7520260305020007,松山競輪,7R,13:48,2-4,2,4,148.7,0.0349051307756805,4.190392946343698
8120260306010012,小倉競輪,12R,20:17,1-6,1,6,98.2,0.0511637707575571,4.024282288392116
3720260304030004,伊東競輪,4R,17:10,1-5,1,5,130.8,0.0383664064585308,4.018325964775834
2620260304030004,西武園競輪,4R,12:17,5-7,5,7,83.7,0.0595816498419882,3.98698409177442
7520260305020012,松山競輪,12R,16:20,6-7,6,7,303.9,0.016306689718558,3.955603005469782
8120260306010006,小倉競輪,6R,17:46,5-6,5,6,224.2,0.0220749376994009,3.949201032205698
7520260305020001,松山競輪,1R,11:16,1-4,1,4,143.6,0.0333235545255002,3.785262429861836
7520260305020005,松山競輪,5R,12:56,1-8,1,8,174.3,0.026915711522323,3.691408518340916
3720260304030001,伊東競輪,1R,16:06,1-2,1,2,155.1,0.0295234751480774,3.579090995466814
2620260304030001,西武園競輪,1R,11:05,1-6,1,6,72.7,0.0623643306056498,3.533886835030746
7520260305020002,松山競輪,2R,11:40,1-4,1,4,106.5,0.0422068469575472,3.495029200978779
3120260304030001,松戸競輪,1R,20:57,4-5,4,5,56.2,0.0783929921324875,3.405686157845801
4520260304030001,豊橋競輪,1R,08:50,2-4,2,4,149.0,0.0291502455700488,3.343386589937276
8120260306010005,小倉競輪,5R,17:22,1-6,1,6,85.5,0.0474698211033737,3.058669704338457
2420260304030007,宇都宮競輪,7R,23:21,4-7,4,7,135.7,0.0291333742179948,2.9533988813818977
4520260304030006,豊橋競輪,6R,10:34,4-6,4,6,259.2,0.0140209929447926,2.63424137129026
8720260304030002,熊本競輪,2R,21:05,2-6,2,6,52.5,0.0685435901884211,2.5985384848921105
2620260304030011,西武園競輪,11R,15:28,1-7,1,7,107.1,0.0310697174009949,2.327566733646562
4520260304030007,豊橋競輪,7R,10:55,1-5,1,5,88.3,0.0367041682323297,2.240978054914719
3720260304030002,伊東競輪,2R,16:26,2-3,2,3,98.7,0.0325039535544694,2.208140215826137
8720260304030004,熊本競輪,4R,21:53,1-7,1,7,20.6,0.143686340523209,1.9599386147781068
2420260304030003,宇都宮競輪,3R,21:37,1-2,1,2,33.7,0.0877619614952867,1.957578102391163
8720260304030007,熊本競輪,7R,23:12,2-3,2,3,52.5,0.0561751693637162,1.949196391595101
4520260304030003,豊橋競輪,3R,09:31,3-4,3,4,67.2,0.0429886587589476,1.8888378686012808
4520260304030002,豊橋競輪,2R,09:10,5-6,5,6,36.4,0.0764701578528476,1.783513745843655
3720260304030010,伊東競輪,10R,19:38,5-6,5,6,78.6,0.0350312625064926,1.7534572330103253
2420260304030005,宇都宮競輪,5R,22:27,1-6,1,6,30.0,0.0865588236612568,1.596764709837707
3720260304030012,伊東競輪,12R,20:30,3-7,3,7,57.5,0.0400223674291281,1.3012861271748686
8720260304030003,熊本競輪,3R,21:29,1-6,1,6,27.7,0.0760463812157764,1.106484759677007
3720260304030008,伊東競輪,8R,18:46,1-3,1,3,39.5,0.0509388593595415,1.012084944701889
2420260304030001,宇都宮競輪,1R,20:49,2-3,2,3,50.2,0.0373879662442442,0.8768759054610633
2420260304030002,宇都宮競輪,2R,21:13,1-7,1,7,37.5,0.049295652190113,0.8485869571292401
8720260304030005,熊本競輪,5R,22:18,1-4,1,4,18.0,0.0859587092796841,0.5472567670343143
3120260304030002,松戸競輪,2R,21:21,1-5,1,5,12.7,0.1121187271867768,0.4239078352720662
2420260304030006,宇都宮競輪,6R,22:54,1-4,1,4,20.2,0.0693086012900846,0.4000337460597101
3120260304030003,松戸競輪,3R,21:45,1-7,1,7,19.5,0.0610803067682939,0.1910659819817315
3120260304030004,松戸競輪,4R,22:09,1-2,1,2,11.2,0.075814163863348,-0.1508813647305025
3120260304030005,松戸競輪,5R,22:36,1-4,1,4,10.5,0.07983174208694,-0.1617667080871301
8720260304030006,熊本競輪,6R,22:45,2-5,2,5,6.7,0.0926348370391765,-0.3793465918375169
2420260304030004,宇都宮競輪,4R,22:01,3-4,3,4,12.7,0.0458571491283025,-0.417614206070558
2220260307010006,前橋競輪,6R,18:04,1-7,1,7,381.2,0.0410481031731842,14.64753692961784
2220260307010005,前橋競輪,5R,17:38,6-7,6,7,500.5,0.029372716761659,13.701044739210351
8320260307010003,久留米競輪,3R,21:20,5-6,5,6,223.2,0.0611644228232109,12.65189917414069
8320260307010004,久留米競輪,4R,21:40,5-6,5,6,265.1,0.0499826653787696,12.250404591911837
2220260307010003,前橋競輪,3R,16:50,5-6,5,6,285.2,0.0396227780038072,10.300416286685824
2820260307010005,立川競輪,5R,10:13,5-6,5,6,316.1,0.0349438593487951,10.04575394015414
4320260307010005,岐阜競輪,5R,22:10,1-7,1,7,152.9,0.0722349000962384,10.04471622471486
4320260307010007,岐阜競輪,7R,22:50,4-5,4,5,249.2,0.0434682237159282,9.83228135000932
8320260307010006,久留米競輪,6R,22:20,5-7,5,7,458.7,0.023448446740328,9.755802519788457
2220260307010001,前橋競輪,1R,16:03,3-7,3,7,258.3,0.0389055737129624,9.049309690058212
2220260307010010,前橋競輪,10R,19:48,6-7,6,7,325.2,0.0289703934522391,8.421171950668175
2820260307010006,立川競輪,6R,10:34,1-4,1,4,518.0,0.0181353590663735,8.394115996381494
8120260306020011,小倉競輪,11R,20:02,6-7,6,7,250.6,0.0351596442541556,7.811006850091401
2220260307010004,前橋競輪,4R,17:14,4-6,4,6,490.9,0.0176880000335737,7.683039216481371
2220260307010009,前橋競輪,9R,19:22,1-6,1,6,174.3,0.0467204452925167,7.143373614485675
4320260307010004,岐阜競輪,4R,21:50,5-6,5,6,199.0,0.0408926450892186,7.137636372754507
2820260307010002,立川競輪,2R,09:10,5-6,5,6,221.5,0.0359726462393641,6.967941142019162
2820260307010004,立川競輪,4R,09:52,5-6,5,6,203.3,0.0384973332554552,6.82650785083405
8120260306020010,小倉競輪,10R,19:35,6-7,6,7,232.1,0.0327246975845103,6.595402309364845
8320260307010008,久留米競輪,8R,23:00,6-7,6,7,649.5,0.0115991707129136,6.533661378037419
8320260307010002,久留米競輪,2R,21:00,6-7,6,7,353.3,0.0207966448764018,6.347454634832777
8320260307010005,久留米競輪,5R,22:00,1-6,1,6,148.7,0.0493132569532409,6.33288130894693
7520260305030011,松山競輪,11R,15:49,4-6,4,6,425.6,0.0170185219976253,6.24308296218936
4320260307010008,岐阜競輪,8R,23:10,4-6,4,6,219.5,0.0326403505129841,6.164556937600022
8120260306020001,小倉競輪,1R,15:53,1-6,1,6,109.8,0.0645994449888207,6.093019059772517
7520260305030012,松山競輪,12R,16:20,7-9,7,9,163.6,0.0424834526564389,5.950292854593412
4320260307010006,岐阜競輪,6R,22:30,2-7,2,7,133.4,0.0510709791923846,5.812868624264111
8320260307010007,久留米競輪,7R,22:40,6-7,6,7,230.7,0.0290496046624593,5.70174379562936
4320260307010002,岐阜競輪,2R,21:10,6-7,6,7,313.0,0.0213513821423184,5.682982610545682
2220260307010002,前橋競輪,2R,16:26,5-6,5,6,101.3,0.0652197644989624,5.606762143744894
4320260307010001,岐阜競輪,1R,20:50,2-7,2,7,137.4,0.046280361011046,5.358921602917728
7520260305030006,松山競輪,6R,13:22,4-8,4,8,329.3,0.0189002521172391,5.223853022206867
8120260306020012,小倉競輪,12R,20:30,3-6,3,6,207.5,0.0280075492787158,4.811566475333535
7520260305030008,松山競輪,8R,14:19,4-9,4,9,105.2,0.0549382027189588,4.77949892603447
8120260306020004,小倉競輪,4R,17:02,5-6,5,6,286.6,0.0199778526457678,4.725652568277053
4320260307010003,岐阜競輪,3R,21:30,5-7,5,7,150.0,0.0368311727712111,4.524675915681678
2220260307010008,前橋競輪,8R,18:56,5-6,5,6,82.5,0.0648422632849974,4.34948672101229
8120260306020003,小倉競輪,3R,16:38,6-7,6,7,310.7,0.0166911473891668,4.185939493814146
8120260306020005,小倉競輪,5R,17:26,4-6,4,6,132.0,0.0391299643637474,4.165155296014669
7520260305030010,松山競輪,10R,15:18,1-5,1,5,107.6,0.0455918598204002,3.9056841166750713
7520260305030007,松山競輪,7R,13:50,4-5,4,5,213.4,0.0226587040712047,3.835367448795092
2820260307010001,立川競輪,1R,08:50,5-6,5,6,172.6,0.0275191311447811,3.749802035589219
7520260305030009,松山競輪,9R,14:48,5-6,5,6,92.9,0.0498528401620713,3.631328851056432
2220260307010011,前橋競輪,11R,20:16,3-4,3,4,56.8,0.0808389719042218,3.5916536041598004
2820260307010003,立川競輪,3R,09:31,1-4,1,4,166.6,0.027311255581934,3.55005517995022
2820260307010007,立川競輪,7R,10:55,1-3,1,3,65.4,0.0665962952552745,3.3553977096949525
8320260307010001,久留米競輪,1R,20:40,1-3,1,3,58.5,0.070289644431253,3.1119441992283043
8120260306020009,小倉競輪,9R,19:09,6-7,6,7,185.7,0.0221366631889786,3.110778354193341
7520260305030004,松山競輪,4R,12:26,1-6,1,6,220.7,0.0185207607298348,3.087531893074555
8120260306020006,小倉競輪,6R,17:51,3-6,3,6,148.2,0.0270647712077352,3.010999092986358
2220260307010007,前橋競輪,7R,18:30,6-7,6,7,82.1,0.0476362411776599,2.9109354006858803
4320260307010009,岐阜競輪,9R,23:30,4-6,4,6,112.0,0.0346659252857637,2.882583632005538
8120260306020007,小倉競輪,7R,18:17,1-7,1,7,93.7,0.0394178210569081,2.693449833032296
7520260305030002,松山競輪,2R,11:32,1-8,1,8,126.4,0.0266377601240535,2.3670128796803733
7520260305030003,松山競輪,3R,11:59,3-8,3,8,214.6,0.0143985390409249,2.089926478182491
8320260307010009,久留米競輪,9R,23:20,3-4,3,4,59.6,0.0495065921281022,1.9505928908348928
7520260305030005,松山競輪,5R,12:54,3-5,3,5,62.2,0.0469950494857872,1.9230920780159653
8120260306020002,小倉競輪,2R,16:14,3-6,3,6,64.5,0.0403083263469859,1.5998870493805937
8120260306020008,小倉競輪,8R,18:43,2-6,2,6,91.9,0.0246273426274189,1.2632527874598058
7520260305030001,松山競輪,1R,11:05,2-3,2,3,58.6,0.0320474254742645,0.8779791327919007
2220260307020002,前橋競輪,2R,16:26,2-3,2,3,461.1,0.036517241144266,15.838099891621066
2820260307020007,立川競輪,7R,10:55,5-6,5,6,505.7,0.0280412994515602,13.180485132654022
8120260306030002,小倉競輪,2R,16:14,5-6,5,6,203.9,0.065080706549941,12.269956065532988
2220260307020005,前橋競輪,5R,17:36,1-6,1,6,325.1,0.038521027975995,11.523186194995976
4320260307020007,岐阜競輪,7R,22:50,2-5,2,5,157.5,0.0787218141023108,11.398685721113962
3620260308010008,小田原競輪,8R,14:02,2-6,2,6,364.0,0.0340130451743056,11.38074844344726
2220260307020001,前橋競輪,1R,16:06,3-7,3,7,109.1,0.1023521276541612,10.166617127068989
7520260305040011,松山競輪,11R,15:44,3-4,3,4,272.8,0.0401734204477772,9.959309098153623
2220260307020003,前橋競輪,3R,16:46,1-7,1,7,301.1,0.0356944239075397,9.747591038560222
3620260308010011,小田原競輪,11R,15:28,4-5,4,5,173.7,0.0527793396274647,8.16777129329063
2220260307020006,前橋競輪,6R,18:02,4-7,4,7,291.5,0.0312741078458468,8.116402437064364
3620260308010004,小田原競輪,4R,12:17,6-7,6,7,135.4,0.0668147748873133,8.046720519742232
7520260305040010,松山競輪,10R,15:12,4-6,4,6,501.4,0.0176549291197981,7.852181460666769
7520260305040008,松山競輪,8R,14:16,3-6,3,6,333.9,0.0259218666629329,7.655311278753324
3620260308010006,小田原競輪,6R,13:09,3-6,3,6,181.9,0.0468060267410443,7.51401626419597
2820260307020006,立川競輪,6R,10:34,2-3,2,3,244.3,0.030434795304071,6.435220492784567
2220260307020004,前橋競輪,4R,17:10,1-6,1,6,392.1,0.0188236953197133,6.380770934859623
3620260308010009,小田原競輪,9R,14:30,6-7,6,7,231.2,0.0297716007028093,5.883194082489516
2820260307020002,立川競輪,2R,09:10,4-5,4,5,216.5,0.0301474481952863,5.526922534279494
8120260306030010,小倉競輪,10R,19:34,6-7,6,7,102.8,0.0619942333109662,5.373007184367331
3620260308010010,小田原競輪,10R,14:58,2-6,2,6,170.9,0.0371760070256268,5.353379600679622
2820260307020001,立川競輪,1R,08:50,2-7,2,7,76.4,0.0826811218421533,5.316837708740514
3620260308010007,小田原競輪,7R,13:35,4-6,4,6,116.7,0.0496771390932087,4.797322132177455
2220260307020009,前橋競輪,9R,19:20,1-6,1,6,191.2,0.0295845390567599,4.656563867652499
3620260308010003,小田原競輪,3R,11:52,1-5,1,5,108.5,0.0517627523749775,4.616258632685068
7520260305040005,松山競輪,5R,12:56,3-4,3,4,132.9,0.0421313672946676,4.599258713461336
8120260306030004,小倉競輪,4R,16:58,2-6,2,6,192.0,0.0291448823035892,4.595817402289132
7520260305040012,松山競輪,12R,16:20,5-6,5,6,273.3,0.0203488914735551,4.561352039722625
8120260306030003,小倉競輪,3R,16:35,6-7,6,7,271.8,0.0194205322808265,4.278500673928658
8320260307020003,久留米競輪,3R,21:20,1-2,1,2,78.7,0.0668955763822463,4.264681861282788
3620260308010005,小田原競輪,5R,12:43,5-7,5,7,73.8,0.0708815278393522,4.231056754544193
8120260306030001,小倉競輪,1R,15:54,6-7,6,7,193.8,0.0269805646652424,4.228833432123985
2820260307020005,立川競輪,5R,10:13,2-3,2,3,123.0,0.0406848755930311,4.004239697942836
7520260305040002,松山競輪,2R,11:40,1-6,1,6,269.5,0.0175720061331771,3.735655652891233
7520260305040009,松山競輪,9R,14:44,1-5,1,5,145.0,0.031729541588086,3.6007835302724764
4320260307020001,岐阜競輪,1R,20:50,1-6,1,6,51.7,0.0860307616358647,3.447790376574209
2820260307020003,立川競輪,3R,09:31,1-2,1,2,71.7,0.0600603750976397,3.306328894500771
7520260305040006,松山競輪,6R,13:22,3-4,3,4,103.8,0.0412910936050508,3.286015516204277
2220260307020011,前橋競輪,11R,20:16,1-4,1,4,232.5,0.0184219953499248,3.283113918857537
7520260305040004,松山競輪,4R,12:30,2-8,2,8,313.2,0.0134603625811248,3.215785560408311
8320260307020001,久留米競輪,1R,20:40,4-7,4,7,89.2,0.0459833649350592,3.101716152207289
7520260305040001,松山競輪,1R,11:16,3-4,3,4,186.8,0.0218647574533616,3.0843366922879483
7520260305040007,松山競輪,7R,13:48,5-7,5,7,93.0,0.0436339872311919,3.057960812500853
3620260308010001,小田原競輪,1R,11:05,2-5,2,5,103.9,0.0390073502305155,3.052863688950568
2220260307020008,前橋競輪,8R,18:54,5-7,5,7,198.0,0.0201176294496109,2.9832906310229763
2820260307020004,立川競輪,4R,09:52,3-5,3,5,91.1,0.043290156616921,2.9437332678015102
2220260307020010,前橋競輪,10R,19:48,4-6,4,6,114.0,0.0320862965528914,2.657837807029624
8120260306030012,小倉競輪,12R,20:30,1-7,1,7,49.7,0.0733020672739205,2.643112743513852
3620260308010012,小田原競輪,12R,16:02,3-4,3,4,77.7,0.0437684098080085,2.400805442082264
3620260308010002,小田原競輪,2R,11:28,2-3,2,3,95.7,0.0349605159895512,2.3457213802000547
8120260306030009,小倉競輪,9R,19:07,6-7,6,7,59.9,0.0542120825287649,2.247303743473019
7520260305040003,松山競輪,3R,12:04,2-3,2,3,124.9,0.0247898475953028,2.096251964653331
4320260307020009,岐阜競輪,9R,23:30,2-3,2,3,48.7,0.0630035474097027,2.068272758852522
8120260306030006,小倉競輪,6R,17:49,1-2,1,2,26.7,0.1064940453619762,1.8433910111647656
4320260307020003,岐阜競輪,3R,21:30,1-3,1,3,42.0,0.0674884471222818,1.834514779135838
8320260307020009,久留米競輪,9R,23:20,1-7,1,7,42.0,0.0630538032397053,1.648259736067624
8120260306030008,小倉競輪,8R,18:41,6-7,6,7,44.4,0.0587466408521201,1.608350853834135
8120260306030005,小倉競輪,5R,17:23,5-6,5,6,77.3,0.033738860915487,1.608013948767149
8320260307020004,久留米競輪,4R,21:40,1-6,1,6,34.5,0.0746798075186915,1.5764533593948578
8320260307020006,久留米競輪,6R,22:20,1-4,1,4,29.2,0.0825588499838091,1.4107184195272269
8120260306030011,小倉競輪,11R,20:02,1-4,1,4,32.7,0.0677248897417694,1.2146038945558617
8120260306030007,小倉競輪,7R,18:15,5-6,5,6,17.2,0.1107476992416194,0.9048604269558536
2220260307020007,前橋競輪,7R,18:28,5-6,5,6,27.1,0.0651436099502339,0.7653918296513398
4320260307020002,岐阜競輪,2R,21:10,1-4,1,4,15.7,0.0847520256286891,0.3306068023704194
4320260307020005,岐阜競輪,5R,22:10,1-7,1,7,17.2,0.0729352365086494,0.2544860679487704
4320260307020006,岐阜競輪,6R,22:30,1-2,1,2,11.2,0.1081819373105043,0.2116376978776484
8320260307020002,久留米競輪,2R,21:00,1-3,1,3,12.0,0.0879781974049694,0.0557383688596337
8320260307020007,久留米競輪,7R,22:40,1-2,1,2,9.3,0.1053141291915882,-0.020578598518229
8320260307020005,久留米競輪,5R,22:00,1-4,1,4,14.2,0.0631917781775064,-0.1026767498794083
8320260307020008,久留米競輪,8R,23:00,1-7,1,7,12.0,0.0625094273547721,-0.2498868717427343
4320260307020004,岐阜競輪,4R,21:50,1-6,1,6,9.7,0.0693398111022371,-0.3274038323082995
4320260307020008,岐阜競輪,8R,23:10,1-3,1,3,4.8,0.1205270597939015,-0.4214701129892728
2220260307030010,前橋競輪,10R,19:48,3-7,3,7,766.5,0.0299454172012891,21.953162284788117
2220260307030001,前橋競輪,1R,16:00,3-6,3,6,363.7,0.0548382610460184,18.94467554243689
3620260308020012,小田原競輪,12R,16:09,5-6,5,6,568.9,0.0299077713987439,16.014531148745416
1320260309010004,いわき平競輪,4R,17:04,5-6,5,6,386.5,0.0411810333909274,14.91646940559346
2420260309010004,宇都宮競輪,4R,12:34,2-6,2,6,430.0,0.0344404627805966,13.809398995656547
2420260309010005,宇都宮競輪,5R,13:02,4-5,4,5,357.5,0.0388490933400836,12.888550869079909
2420260309010006,宇都宮競輪,6R,13:30,2-4,2,4,354.9,0.0388371830550646,12.78331626624243
8420260309010001,武雄競輪,1R,08:50,4-6,4,6,581.3,0.0223360380579923,11.98393892311094
8420260309010003,武雄競輪,3R,09:30,5-6,5,6,616.5,0.0204042776072452,11.579237144866685
1320260309010011,いわき平競輪,11R,20:02,4-6,4,6,241.1,0.0506932725590088,11.222148013977035
3620260308020009,小田原競輪,9R,14:40,5-6,5,6,203.2,0.059312829103288,11.05236687378813
2420260309010008,宇都宮競輪,8R,14:26,3-6,3,6,203.3,0.0581347300512804,10.818790619425307
3620260308020004,小田原競輪,4R,12:21,5-6,5,6,304.2,0.037974495717686,10.551841597320085
4320260307030009,岐阜競輪,9R,23:30,4-7,4,7,156.7,0.073387501984993,10.4998215610484
2420260309010003,宇都宮競輪,3R,12:08,1-6,1,6,292.2,0.0387964464806867,10.336321661656669
8420260309010004,武雄競輪,4R,09:50,5-6,5,6,201.4,0.055064626043805,10.090015685222331
2420260309010002,宇都宮競輪,2R,11:42,1-2,1,2,262.8,0.0405353124888031,9.652680122057475
1320260309010009,いわき平競輪,9R,19:07,3-6,3,6,222.7,0.0453286491097953,9.094690156751415
1320260309010002,いわき平競輪,2R,16:16,5-6,5,6,146.6,0.0677236677548934,8.92828969286738
1320260309010007,いわき平競輪,7R,18:16,6-7,6,7,292.5,0.0336219917483385,8.834432586389038
1320260309010008,いわき平競輪,8R,18:41,3-6,3,6,360.0,0.0261432903044856,8.411584509614842
3620260308020007,小田原競輪,7R,13:44,4-5,4,5,163.8,0.0549556423117883,8.001734210670925
3620260308020005,小田原競輪,5R,12:48,4-6,4,6,336.2,0.0246014158113879,7.270995995788622
2220260307030009,前橋競輪,9R,19:20,5-7,5,7,195.3,0.0399409379189457,6.800465175570105
2220260307030011,前橋競輪,11R,20:16,4-6,4,6,216.0,0.034561796684151,6.465348083776624
2820260307030003,立川競輪,3R,09:40,6-7,6,7,321.3,0.0224783880251977,6.222306072496048
2420260309010009,宇都宮競輪,9R,14:54,4-6,4,6,173.4,0.0416014143086785,6.213685241124863
8420260309010005,武雄競輪,5R,10:10,4-5,4,5,120.8,0.0566782005811365,5.846726630201296
2420260309010007,宇都宮競輪,7R,13:58,4-6,4,6,119.5,0.0567286612394452,5.779075018113712
3620260308020008,小田原競輪,8R,14:12,1-6,1,6,112.4,0.0602718699598181,5.774558183483558
2220260307030004,前橋競輪,4R,17:16,4-7,4,7,205.3,0.032524836511422,5.677348935794943
1320260309010003,いわき平競輪,3R,16:40,4-5,4,5,237.9,0.0280411246448345,5.67098355300615
2820260307030007,立川競輪,7R,11:00,6-7,6,7,161.3,0.0409882013809998,5.611396882755283
1320260309010010,いわき平競輪,10R,19:34,2-6,2,6,163.8,0.0387137171943582,5.341306876435875
2820260307030004,立川競輪,4R,10:00,4-6,4,6,109.9,0.0566466589464067,5.225467818210106
1320260309010006,いわき平競輪,6R,17:52,5-7,5,7,165.3,0.0370260001921121,5.12039783175613
3620260308020003,小田原競輪,3R,11:55,5-6,5,6,195.4,0.0285119763656373,4.571240181845538
8420260309010006,武雄競輪,6R,10:30,3-4,3,4,169.1,0.0316977261706694,4.360085495460199
3620260308020010,小田原競輪,10R,15:09,2-6,2,6,97.8,0.0545529958047079,4.335282989700436
8320260307030009,久留米競輪,9R,23:20,2-6,2,6,87.7,0.0601482267351057,4.274999484668772
2220260307030002,前橋競輪,2R,16:24,5-7,5,7,147.5,0.0349225645380493,4.15107826936228
2820260307030001,立川競輪,1R,09:00,1-4,1,4,140.1,0.0360951351281861,4.056928431458882
2420260309010010,宇都宮競輪,10R,15:24,5-6,5,6,136.0,0.0369513921064405,4.025389326475917
8320260307030008,久留米競輪,8R,23:00,2-3,2,3,68.2,0.0731181680486746,3.986659060919612
2220260307030003,前橋競輪,3R,16:52,5-6,5,6,137.6,0.0362267064594743,3.984794808823668
8420260309010002,武雄競輪,2R,09:10,5-6,5,6,78.5,0.0633422322047937,3.972365228076311
3620260308020001,小田原競輪,1R,11:05,4-7,4,7,88.2,0.0525065551725251,3.631078166216721
2220260307030006,前橋競輪,6R,18:04,2-6,2,6,195.0,0.0237107662172916,3.623599412371867
2820260307030005,立川競輪,5R,10:20,3-6,3,6,114.6,0.0398768239206415,3.5698840213055263
2220260307030008,前橋競輪,8R,18:54,2-6,2,6,101.2,0.0448510101228819,3.538922224435653
3620260308020011,小田原競輪,11R,15:39,5-7,5,7,117.0,0.0376728176457299,3.407719664550401
3620260308020002,小田原競輪,2R,11:29,4-7,4,7,113.0,0.037262436702947,3.210655347433014
8320260307030001,久留米競輪,1R,20:40,1-7,1,7,65.2,0.0626081719030027,3.0820528080757805
4320260307030008,岐阜競輪,8R,23:10,2-6,2,6,57.0,0.0670108554879969,2.819618762815823
2820260307030002,立川競輪,2R,09:20,1-5,1,5,153.2,0.0247684934433119,2.794533195515392
2220260307030007,前橋競輪,7R,18:28,4-6,4,6,84.7,0.0430487332840292,2.6462277091572752
2420260309010011,宇都宮競輪,11R,15:54,1-3,1,3,88.4,0.0409429611932509,2.619357769483387
3620260308020006,小田原競輪,6R,13:16,2-3,2,3,135.6,0.0259768819337967,2.5224651902228428
8420260309010007,武雄競輪,7R,10:50,2-3,2,3,82.9,0.0404681465756929,2.354809351124949
2420260309010001,宇都宮競輪,1R,11:16,4-6,4,6,134.0,0.0241930145648323,2.2418639516875376
4320260307030001,岐阜競輪,1R,20:50,1-5,1,5,36.3,0.0886868350187157,2.2193321111793813
2820260307030006,立川競輪,6R,10:40,2-5,2,5,70.9,0.0448911846364168,2.1827849907219563
1320260309010001,いわき平競輪,1R,15:46,4-5,4,5,67.1,0.0396020765384289,1.6572993357285837
8320260307030007,久留米競輪,7R,22:40,1-2,1,2,25.5,0.0882451348466276,1.2502509385890046
2220260307030005,前橋競輪,5R,17:40,1-2,1,2,20.8,0.0972586278480422,1.0229794592392798
4320260307030003,岐阜競輪,3R,21:30,1-2,1,2,19.5,0.1021488781670127,0.9919031242567492
1320260309010012,いわき平競輪,12R,20:30,3-6,3,6,22.6,0.0867465031911048,0.96047097211897
4320260307030006,岐阜競輪,6R,22:30,1-4,1,4,25.5,0.0760344135204907,0.9388775447725152
1320260309010005,いわき平競輪,5R,17:28,5-6,5,6,55.7,0.0344803448931155,0.9205552105465348
8320260307030006,久留米競輪,6R,22:20,1-7,1,7,30.0,0.0618148196765676,0.8544445902970284
8320260307030005,久留米競輪,5R,22:00,1-7,1,7,26.2,0.0679946837422861,0.7814607140478982
4320260307030007,岐阜競輪,7R,22:50,1-3,1,3,21.0,0.0805294568057403,0.6911185929205461
4320260307030002,岐阜競輪,2R,21:10,1-5,1,5,20.2,0.0777070608278469,0.569682628722509
4320260307030004,岐阜競輪,4R,21:50,1-4,1,4,9.0,0.1363298478631975,0.2269686307687777
8320260307030004,久留米競輪,4R,21:40,1-4,1,4,16.5,0.0682337111888978,0.1258562346168141
8320260307030003,久留米競輪,3R,21:20,3-4,3,4,11.2,0.0911469679266509,0.0208460407784902
8320260307030002,久留米競輪,2R,21:00,1-4,1,4,12.0,0.0786702780061308,-0.0559566639264297
4320260307030005,岐阜競輪,5R,22:10,2-7,2,7,15.0,0.0606178030777712,-0.0907329538334313
7420260310010004,高知競輪,4R,21:50,2-3,2,3,386.2,0.098128909133403,36.897384707320256
1320260309020006,いわき平競輪,6R,17:54,3-7,3,7,507.7,0.0366498875180047,17.607147892890985
1320260309020007,いわき平競輪,7R,18:20,4-5,4,5,446.2,0.0380824515081431,15.99238986293349
7320260310010006,小松島競輪,6R,13:09,3-5,3,5,586.9,0.0247274066853234,13.512514983616349
7320260310010010,小松島競輪,10R,15:01,6-7,6,7,228.2,0.0593183057758084,12.536437378039489
3820260310010004,静岡競輪,4R,17:15,1-2,1,2,191.4,0.0699782316400919,12.393833535913592
7320260310010007,小松島競輪,7R,13:36,4-5,4,5,343.3,0.0385980727079073,12.250718360624582
3820260310010006,静岡競輪,6R,18:07,2-4,2,4,567.0,0.0210925188555707,10.959458191108611
7320260310010008,小松島競輪,8R,14:03,3-7,3,7,143.5,0.0822149500703109,10.797845335089615
4520260310010008,豊橋競輪,8R,23:00,1-6,1,6,125.2,0.084250560990171,9.548170235969415
3820260310010003,静岡競輪,3R,16:51,4-6,4,6,290.1,0.0358280185823612,9.393708190743013
4520260310010001,豊橋競輪,1R,20:40,1-7,1,7,204.7,0.0488118825814554,8.99179236442394
3620260308030004,小田原競輪,4R,12:25,4-6,4,6,274.3,0.0358160525786359,8.824343222319836
7320260310010011,小松島競輪,11R,15:33,6-7,6,7,353.0,0.0275031412614792,8.708608865302178
3820260310010005,静岡競輪,5R,17:41,1-2,1,2,187.1,0.0488154988646844,8.133379837582465
8420260309020005,武雄競輪,5R,10:13,1-6,1,6,293.8,0.0305571981197985,7.977704807596812
3820260310010010,静岡競輪,10R,19:51,4-5,4,5,136.5,0.0653838447856547,7.924894813241867
8420260309020004,武雄競輪,4R,09:52,5-6,5,6,138.4,0.0567938389319176,6.860267308177398
8420260309020007,武雄競輪,7R,10:55,5-6,5,6,206.4,0.0377716806182522,6.796074879607262
3820260310010007,静岡競輪,7R,18:33,1-6,1,6,108.7,0.0636512130928659,5.918886863194532
7320260310010009,小松島競輪,9R,14:31,3-6,3,6,99.2,0.069268333856413,5.8714187185561695
3820260310010002,静岡競輪,2R,16:27,3-6,3,6,74.5,0.0863067993133845,5.429856548847152
3620260308030012,小田原競輪,12R,16:21,2-6,2,6,179.1,0.0357619561406766,5.404966344795185
7320260310010002,小松島競輪,2R,11:29,5-6,5,6,183.7,0.0336362234619529,5.17897424996075
7320260310010004,小松島競輪,4R,12:17,4-6,4,6,178.1,0.0342086118549771,5.0925537713714375
8420260309020001,武雄競輪,1R,08:50,1-2,1,2,85.1,0.0713302537021003,5.07020459004874
4520260310010002,豊橋競輪,2R,21:00,1-7,1,7,130.5,0.0464128057041628,5.056871144393247
3820260310010001,静岡競輪,1R,16:03,1-3,1,3,119.7,0.0503086275179156,5.021942713894501
7320260310010001,小松島競輪,1R,11:05,5-6,5,6,241.7,0.0243146548445321,4.876852075923423
3820260310010009,静岡競輪,9R,19:25,4-6,4,6,65.7,0.0882091674279741,4.795342300017904
1320260309020002,いわき平競輪,2R,16:15,1-6,1,6,55.5,0.104093072702143,4.77716553496894
3620260308030007,小田原競輪,7R,13:45,6-7,6,7,88.7,0.0624533753696063,4.539614395284084
7420260310010001,高知競輪,1R,20:50,3-6,3,6,111.7,0.0471089697921409,4.262071925782148
1320260309020004,いわき平競輪,4R,17:03,2-5,2,5,91.3,0.0570740891571553,4.210864340048287
3620260308030003,小田原競輪,3R,12:01,4-6,4,6,196.3,0.0259797709236523,4.099829032312952
8420260309020002,武雄競輪,2R,09:10,3-6,3,6,150.6,0.033114895742745,3.987103298857408
3620260308030001,小田原競輪,1R,11:13,6-7,6,7,178.8,0.0276180604686808,3.93810921180013
3620260308030006,小田原競輪,6R,13:18,4-6,4,6,132.9,0.0358112642331717,3.7593170165885264
1320260309020003,いわき平競輪,3R,16:39,2-7,2,7,125.7,0.0378174694156402,3.75365590554598
3620260308030009,小田原競輪,9R,14:41,5-6,5,6,80.6,0.0538300381876376,3.3387010779235933
7320260310010005,小松島競輪,5R,12:42,1-3,1,3,84.0,0.0503002200920775,3.2252184877345096
3620260308030010,小田原競輪,10R,15:11,1-6,1,6,96.8,0.0427143582751571,3.134749881035207
8420260309020006,武雄競輪,6R,10:34,5-6,5,6,94.7,0.0420672275107707,2.983766445269989
3620260308030011,小田原競輪,11R,15:45,3-5,3,5,57.4,0.0685170316298634,2.932877615554163
1320260309020010,いわき平競輪,10R,19:38,1-6,1,6,235.5,0.01514364801295,2.566329107049742
3620260308030005,小田原競輪,5R,12:51,3-7,3,7,55.6,0.0635534016717544,2.533569132949546
4520260310010007,豊橋競輪,7R,22:40,1-4,1,4,30.0,0.1163709400371562,2.491128201114686
3820260310010008,静岡競輪,8R,18:59,1-6,1,6,49.1,0.0696782055540174,2.421199892702256
3620260308030008,小田原競輪,8R,14:12,5-6,5,6,87.6,0.0380772063220863,2.3355632738147647
7420260310010009,高知競輪,9R,23:30,5-6,5,6,73.5,0.0453112873869891,2.3303796229436995
1320260309020009,いわき平競輪,9R,19:12,2-6,2,6,106.8,0.0302533674500912,2.231059643669743
1320260309020001,いわき平競輪,1R,15:51,1-4,1,4,66.1,0.0480997038152788,2.17939042218993
7320260310010012,小松島競輪,12R,16:09,1-2,1,2,47.2,0.0648584269322,2.06131775119984
8420260309020003,武雄競輪,3R,09:31,3-4,3,4,77.9,0.039193587541794,2.0531804695057527
7320260310010003,小松島競輪,3R,11:53,2-6,2,6,110.2,0.027669799363666,2.049211889875993
1320260309020012,いわき平競輪,12R,20:30,2-6,2,6,79.5,0.036046890403437,1.8657277870732445
3620260308030002,小田原競輪,2R,11:37,1-2,1,2,49.9,0.0565250615749693,1.8206005725909709
1320260309020005,いわき平競輪,5R,17:28,4-6,4,6,118.5,0.0224673267173428,1.662378216005123
3820260310010011,静岡競輪,11R,20:17,6-7,6,7,83.2,0.0319649231310994,1.6594816045074778
1320260309020011,いわき平競輪,11R,20:04,2-3,2,3,91.9,0.0286694369749413,1.634721257997107
1320260309020008,いわき平競輪,8R,18:46,6-7,6,7,65.2,0.0401254232382694,1.616177595135169
4520260310010003,豊橋競輪,3R,21:20,1-5,1,5,22.5,0.0904714627569652,1.0356079120317188
7420260310010002,高知競輪,2R,21:10,1-7,1,7,22.5,0.0803673154982721,0.8082645987111223
7420260310010003,高知競輪,3R,21:30,1-2,1,2,21.0,0.0819833484608353,0.7216503176775413
7420260310010005,高知競輪,5R,22:10,2-6,2,6,20.2,0.0657333368568501,0.3278134045083727
4520260310010006,豊橋競輪,6R,22:20,2-5,2,5,14.2,0.0917425073296624,0.3027436040812059
4520260310010009,豊橋競輪,9R,23:20,3-6,3,6,18.7,0.0634128979582146,0.1858211918186145
4520260310010005,豊橋競輪,5R,22:00,1-3,1,3,12.0,0.092874734995672,0.1144968199480644
7420260310010007,高知競輪,7R,22:50,2-3,2,3,20.2,0.0471272040498928,-0.0480304781921635
7420260310010008,高知競輪,8R,23:10,1-2,1,2,6.0,0.120506598632219,-0.2769604082066855
7420260310010006,高知競輪,6R,22:30,2-5,2,5,10.5,0.0632794973561662,-0.3355652777602543
4520260310010004,豊橋競輪,4R,21:40,5-7,5,7,15.7,0.031987380681661,-0.4977981232979209
7320260310020007,小松島競輪,7R,13:44,4-7,4,7,569.0,0.0469188096479354,25.69680268967525
4520260310020002,豊橋競輪,2R,21:00,3-5,3,5,362.2,0.0455399229244513,15.494560083236273
3820260310020003,静岡競輪,3R,16:52,4-6,4,6,305.1,0.0508994526564476,14.529423005482178
7420260310020004,高知競輪,4R,21:50,2-6,2,6,175.5,0.0806895405194386,13.161014361161476
3820260310020002,静岡競輪,2R,16:24,6-7,6,7,277.3,0.0467215739214471,11.955892448417291
1320260309030002,いわき平競輪,2R,16:16,1-6,1,6,292.7,0.0338483193645831,8.907403078013484
3820260310020006,静岡競輪,6R,18:04,3-4,3,4,173.2,0.0539738396437,8.34826902628884
3820260310020011,静岡競輪,11R,20:16,1-6,1,6,207.7,0.0383759785415224,6.970690743074211
7420260310020003,高知競輪,3R,21:30,1-7,1,7,131.2,0.0598119916228014,6.8473333009115525
4520260310020001,豊橋競輪,1R,20:40,3-6,3,6,170.2,0.0443132374786541,6.542113018866933
8420260309030004,武雄競輪,4R,09:52,6-7,6,7,117.2,0.0641698430263462,6.520705602687779
4520260310020009,豊橋競輪,9R,23:20,1-4,1,4,80.2,0.089613321023938,6.1869883461198345
8420260309030003,武雄競輪,3R,09:31,6-7,6,7,242.0,0.0294702275012623,6.131795055305493
1320260309030010,いわき平競輪,10R,19:34,2-7,2,7,160.3,0.0436460668768317,5.996464520356122
3820260310020009,静岡競輪,9R,19:20,2-6,2,6,243.0,0.0283174787894935,5.881147345846935
1320260309030008,いわき平競輪,8R,18:41,4-6,4,6,196.5,0.0305291950768654,4.998986832604054
1320260309030001,いわき平競輪,1R,15:46,5-6,5,6,143.4,0.0394360113369199,4.655124025714324
8420260309030005,武雄競輪,5R,10:13,6-7,6,7,77.7,0.0709186250558128,4.510377166836661
8420260309030002,武雄競輪,2R,09:10,4-7,4,7,123.0,0.0415887104461414,4.115411384875401
1320260309030012,いわき平競輪,12R,20:30,4-6,4,6,151.4,0.0325093093924329,3.921909442014353
1320260309030003,いわき平競輪,3R,16:40,1-2,1,2,137.2,0.03452769227124,3.737199379614138
8420260309030001,武雄競輪,1R,08:50,4-6,4,6,124.5,0.0374393447891796,3.6611984262528665
7320260310020004,小松島競輪,4R,12:21,1-6,1,6,142.3,0.0324062337971407,3.611407069333135
3820260310020004,静岡競輪,4R,17:16,2-3,2,3,104.9,0.0421653064279643,3.4231406442934604
1320260309030007,いわき平競輪,7R,18:16,4-5,4,5,57.8,0.0731664070284695,3.22901832624554
7420260310020001,高知競輪,1R,20:50,1-6,1,6,52.1,0.0810812966986419,3.224335557999243
1320260309030009,いわき平競輪,9R,19:07,6-7,6,7,81.6,0.047703777266958,2.89262822498378
1320260309030004,いわき平競輪,4R,17:04,3-6,3,6,146.3,0.0245123453724252,2.5861561279858094
7320260310020003,小松島競輪,3R,11:55,5-6,5,6,140.2,0.0244119171448207,2.422550783703875
7320260310020005,小松島競輪,5R,12:48,5-6,5,6,113.1,0.028752425721058,2.251899349051664
8420260309030007,武雄競輪,7R,10:55,3-6,3,6,69.0,0.0463529738229699,2.1983551937849266
7420260310020005,高知競輪,5R,22:10,1-6,1,6,37.5,0.0790040687770476,1.962652579139286
7320260310020002,小松島競輪,2R,11:29,5-6,5,6,184.5,0.0158157653361616,1.9180087045218157
8420260309030006,武雄競輪,6R,10:34,4-6,4,6,67.3,0.0422783691506942,1.8453342438417213
3820260310020010,静岡競輪,10R,19:48,1-6,1,6,102.3,0.0261609945898466,1.676269746541314
7420260310020009,高知競輪,9R,23:30,5-6,5,6,76.5,0.0333486652291706,1.5511728900315522
3820260310020005,静岡競輪,5R,17:40,2-6,2,6,69.6,0.0366098726182107,1.5480471342274709
7320260310020001,小松島競輪,1R,11:05,3-6,3,6,53.5,0.0452036065269216,1.4183929491903071
3820260310020001,静岡競輪,1R,16:00,4-6,4,6,60.1,0.0395376717312815,1.3762140710500192
1320260309030006,いわき平競輪,6R,17:52,5-6,5,6,40.5,0.0572438050543006,1.3183741046991757
7420260310020008,高知競輪,8R,23:10,1-2,1,2,22.5,0.1004923549781767,1.2610779870089766
1320260309030011,いわき平競輪,11R,20:02,2-6,2,6,73.4,0.0303513927050288,1.2277922245491193
7320260310020006,小松島競輪,6R,13:16,1-7,1,7,49.1,0.0359628286543075,0.7657748869265024
4520260310020004,豊橋競輪,4R,21:40,1-2,1,2,19.5,0.0899405252563808,0.7538402424994259
7420260310020006,高知競輪,6R,22:30,1-7,1,7,24.7,0.0696113490596813,0.7194003217741303
3820260310020008,静岡競輪,8R,18:54,3-6,3,6,33.2,0.0516192174193431,0.713758018322193
3820260310020007,静岡競輪,7R,18:28,2-4,2,4,26.3,0.0614123142968718,0.6151438660077302
4520260310020007,豊橋競輪,7R,22:40,1-5,1,5,23.2,0.068770013026704,0.5954643022195332
1320260309030005,いわき平競輪,5R,17:28,2-3,2,3,20.6,0.0726735943031756,0.4970760426454179
4520260310020008,豊橋競輪,8R,23:00,2-4,2,4,21.0,0.0664313001620773,0.3950573034036237
4520260310020006,豊橋競輪,6R,22:20,1-5,1,5,15.0,0.090388921348682,0.3558338202302304
7420260310020007,高知競輪,7R,22:50,2-3,2,3,20.2,0.0630111900254274,0.2728260385136352
7420260310020002,高知競輪,2R,21:10,4-6,4,6,15.0,0.0816612196812747,0.2249182952191215
4520260310020003,豊橋競輪,3R,21:20,2-6,2,6,9.0,0.1169321431048947,0.0523892879440528
4520260310020005,豊橋競輪,5R,22:00,1-2,1,2,9.7,0.0827095942352841,-0.197716935917744
4520260310030008,豊橋競輪,8R,23:00,3-5,3,5,412.5,0.0480721469279284,18.82976060777048
2620260312010003,西武園競輪,3R,16:36,4-5,4,5,343.9,0.048302483078277,15.61122393061946
5520260312010005,和歌山競輪,5R,10:13,5-6,5,6,943.7,0.0170783598895796,15.116848227796314
2620260312010002,西武園競輪,2R,16:15,3-6,3,6,453.4,0.0345506111302967,14.665247086476564
2620260312010001,西武園競輪,1R,15:45,3-7,3,7,763.6,0.0200505444177637,14.310595717404391
2420260309040006,宇都宮競輪,6R,13:30,1-6,1,6,357.8,0.0412288439977755,13.751680382404093
5520260312010006,和歌山競輪,6R,10:34,5-6,5,6,338.0,0.0408175546069859,12.796333457161245
7420260310030002,高知競輪,2R,21:10,1-7,1,7,200.2,0.0606854702647903,11.14923114701102
2320260312010011,取手競輪,11R,15:12,1-4,1,4,252.9,0.0458143883172106,10.586458805422575
2420260309040010,宇都宮競輪,10R,15:24,3-7,3,7,372.3,0.0306306725946607,10.403799406992212
2620260312010008,西武園競輪,8R,18:38,3-6,3,6,265.0,0.0421245581085983,10.16300789877855
5520260312010007,和歌山競輪,7R,10:55,2-7,2,7,444.1,0.0241960847770954,9.74548124950808
2420260309040002,宇都宮競輪,2R,11:42,2-6,2,6,146.2,0.0692076294309853,9.118155422810052
5520260312010004,和歌山競輪,4R,09:52,5-6,5,6,558.2,0.0160703683130584,7.9704795923492515
2620260312010010,西武園競輪,10R,19:31,4-5,4,5,183.9,0.0430306831628515,6.9133426336484005
2420260309040004,宇都宮競輪,4R,12:34,5-7,5,7,243.3,0.0311025018530776,6.567238700853803
3820260310030009,静岡競輪,9R,19:17,2-6,2,6,136.5,0.0551030789971746,6.521570283114335
2320260312010006,取手競輪,6R,13:00,2-6,2,6,154.7,0.0480420245328654,6.432101195234282
2320260312010010,取手競輪,10R,14:45,5-8,5,8,207.5,0.0351425478347983,6.292078675720658
3820260310030002,静岡競輪,2R,16:25,3-6,3,6,81.1,0.089698618083592,6.274557926579318
2620260312010004,西武園競輪,4R,16:59,4-6,4,6,327.2,0.0202073828643678,5.611855673221156
5520260312010003,和歌山競輪,3R,09:31,5-6,5,6,66.1,0.09859807203028,5.517332561201509
2420260309040009,宇都宮競輪,9R,14:54,3-6,3,6,193.6,0.0336600635420692,5.516588301744603
2420260309040003,宇都宮競輪,3R,12:08,3-6,3,6,95.6,0.0667540939047179,5.381691377291033
2320260312010002,取手競輪,2R,11:27,4-7,4,7,182.4,0.0345990929510729,5.310874554275714
3820260310030010,静岡競輪,10R,19:45,5-6,5,6,185.7,0.0316883681085777,4.884529957762879
2620260312010009,西武園競輪,9R,19:04,1-6,1,6,205.8,0.0283432675674914,4.833044465389739
2320260312010001,取手競輪,1R,11:05,3-8,3,8,240.4,0.0241015446127421,4.794011324903218
2420260309040008,宇都宮競輪,8R,14:26,5-7,5,7,159.7,0.0362124975608298,4.78313586046453
2320260312010005,取手競輪,5R,12:36,3-4,3,4,272.1,0.0208402289509209,4.670626297545587
2320260312010004,取手競輪,4R,12:13,5-9,5,9,165.0,0.0298686297074457,3.928323901728549
2620260312010011,西武園競輪,11R,20:00,1-8,1,8,219.0,0.0221589418914387,3.852808274225088
2320260312010007,取手競輪,7R,13:25,3-6,3,6,118.2,0.0405727719363576,3.795701642877477
3820260310030004,静岡競輪,4R,17:11,2-7,2,7,162.2,0.0292584083711017,3.745713837792708
7420260310030001,高知競輪,1R,20:50,1-4,1,4,43.5,0.1084300909085401,3.716708954521497
4520260310030002,豊橋競輪,2R,21:00,1-6,1,6,39.7,0.1124119368058044,3.462753891190438
2620260312010005,西武園競輪,5R,17:23,1-8,1,8,227.5,0.01843976321285,3.195046130923389
2320260312010003,取手競輪,3R,11:50,2-4,2,4,98.8,0.0418023120410809,3.130068429658799
2620260312010012,西武園競輪,12R,20:30,5-9,5,9,100.5,0.039111100913589,2.9306656418156973
2420260309040011,宇都宮競輪,11R,15:54,4-5,4,5,60.2,0.0620049348082261,2.7326970754552145
2320260312010008,取手競輪,8R,13:51,2-4,2,4,140.1,0.0260798384255593,2.653785363420868
2320260312010009,取手競輪,9R,14:18,3-8,3,8,221.2,0.0162521847603929,2.5949832689989134
3820260310030003,静岡競輪,3R,16:47,2-7,2,7,182.6,0.0194880152216727,2.558511579477451
2320260312010012,取手競輪,12R,15:40,1-9,1,9,118.6,0.0294941436696268,2.498005439217743
5520260312010001,和歌山競輪,1R,08:50,3-7,3,7,74.0,0.0472099723560212,2.4935379543455705
2620260312010006,西武園競輪,6R,17:47,5-8,5,8,111.0,0.0314671438916645,2.4928529719747603
3820260310030001,静岡競輪,1R,15:55,1-6,1,6,33.6,0.1020736259380499,2.4296738315184787
3820260310030008,静岡競輪,8R,18:51,1-6,1,6,159.0,0.0211279189931392,2.359339119909143
3820260310030005,静岡競輪,5R,17:35,2-6,2,6,79.3,0.0398757404053585,2.1621462141449324
2620260312010007,西武園競輪,7R,18:12,1-3,1,3,51.4,0.0601705258049811,2.092765026376029
5520260312010002,和歌山競輪,2R,09:10,4-5,4,5,44.7,0.0686553551015663,2.068894373040016
2420260309040005,宇都宮競輪,5R,13:02,2-6,2,6,43.4,0.0690674120826774,1.9975256843882003
7420260310030009,高知競輪,9R,23:30,5-6,5,6,69.0,0.0420163942788657,1.899131205241734
3820260310030011,静岡競輪,11R,20:15,4-6,4,6,56.7,0.049716305617476,1.8189145285108927
4520260310030001,豊橋競輪,1R,20:40,1-6,1,6,47.0,0.0546672782013307,1.569362075462544
2420260309040007,宇都宮競輪,7R,13:58,1-6,1,6,71.7,0.0354243205155494,1.5399237809648918
3820260310030006,静岡競輪,6R,17:59,1-6,1,6,58.2,0.0403726667634034,1.349689205630083
7420260310030003,高知競輪,3R,21:30,2-5,2,5,24.7,0.0922496358479483,1.278566005444325
7420260310030008,高知競輪,8R,23:10,4-5,4,5,46.5,0.0448097047312665,1.083651270003894
4520260310030009,豊橋競輪,9R,23:20,3-4,3,4,29.6,0.0695738102313418,1.059384782847718
2420260309040001,宇都宮競輪,1R,11:16,1-2,1,2,21.4,0.0956131761685392,1.04612197000674
3820260310030007,静岡競輪,7R,18:25,3-6,3,6,37.6,0.0537899567462609,1.0225023736594103
7420260310030007,高知競輪,7R,22:50,1-4,1,4,21.0,0.0840149192164811,0.7643133035461038
4520260310030004,豊橋競輪,4R,21:40,1-7,1,7,17.2,0.0994066515489858,0.7097944066425561
4520260310030005,豊橋競輪,5R,22:00,1-6,1,6,24.0,0.0661694095695973,0.5880658296703372
4520260310030007,豊橋競輪,7R,22:40,1-2,1,2,9.7,0.1155972090533217,0.1212929278172207
4520260310030006,豊橋競輪,6R,22:20,1-3,1,3,18.7,0.0596273221663529,0.1150309245107992
7420260310030006,高知競輪,6R,22:30,2-4,2,4,13.5,0.0792003835265092,0.0692051776078745
4520260310030003,豊橋競輪,3R,21:20,1-4,1,4,11.2,0.0950609126600851,0.0646822217929536
7420260310030004,高知競輪,4R,21:50,3-5,3,5,12.0,0.0637434385674718,-0.2350787371903376
7420260310030005,高知競輪,5R,22:10,1-2,1,2,8.2,0.0845680800992763,-0.3065417431859343
2620260312020003,西武園競輪,3R,16:36,3-4,3,4,1073.4,0.0288687892531493,29.987758384330508
2620260312020001,西武園競輪,1R,15:45,4-6,4,6,823.9,0.0286798571360419,22.62933429438496
6220260313010006,広島競輪,6R,17:59,6-7,6,7,340.5,0.0502677342321407,16.11616350604393
4420260313010008,大垣競輪,8R,23:00,1-4,1,4,177.0,0.0808933065171429,13.318115253534296
2620260312020002,西武園競輪,2R,16:15,2-3,2,3,271.5,0.0512041523881068,12.901927373371011
5520260312020007,和歌山競輪,7R,10:55,1-6,1,6,218.6,0.0532700503636435,10.644833009492489
7520260313010008,松山競輪,8R,23:10,2-7,2,7,180.0,0.0577176177640287,9.38917119752518
7520260313010001,松山競輪,1R,20:50,1-7,1,7,205.5,0.050335107645462,9.343864621142451
5520260312020005,和歌山競輪,5R,10:13,3-7,3,7,268.2,0.0355129890473587,8.524583662501605
5520260312020003,和歌山競輪,3R,09:31,1-6,1,6,275.0,0.0320044571968041,7.80122572912115
2620260312020010,西武園競輪,10R,19:31,2-6,2,6,286.8,0.0304952632594833,7.746041502819827
6220260313010002,広島競輪,2R,16:25,4-7,4,7,122.5,0.0713721758921385,7.743091546786967
7520260313010002,松山競輪,2R,21:10,4-5,4,5,209.2,0.0409709034184368,7.571112995136984
6220260313010005,広島競輪,5R,17:35,3-4,3,4,277.5,0.0291007609339569,7.075461159173052
6220260313010004,広島競輪,4R,17:11,1-4,1,4,272.3,0.0289889918981523,6.893702493866894
5520260312020006,和歌山競輪,6R,10:34,6-7,6,7,138.2,0.0565853139101258,6.8200903823793935
2620260312020007,西武園競輪,7R,18:12,1-8,1,8,252.0,0.0308632086339853,6.777528575764297
5520260312020004,和歌山競輪,4R,09:52,3-7,3,7,248.1,0.0297125588055096,6.371685839646953
2320260312020006,取手競輪,6R,13:00,4-7,4,7,156.8,0.0469330517339068,6.359102511876588
6220260313010003,広島競輪,3R,16:47,3-4,3,4,91.6,0.072013003414839,5.596391112799256
4420260313010001,大垣競輪,1R,20:40,1-4,1,4,96.7,0.067281474908328,5.506118623635321
2320260312020005,取手競輪,5R,12:36,1-8,1,8,198.7,0.0324667767982827,5.451148549818776
2320260312020012,取手競輪,12R,15:40,2-4,2,4,206.0,0.0312294261347808,5.433261783764852
2620260312020012,西武園競輪,12R,20:30,1-8,1,8,205.3,0.0286213852744524,4.875970396845093
2620260312020011,西武園競輪,11R,20:00,4-9,4,9,126.1,0.0460542256893563,4.807437859427834
2620260312020008,西武園競輪,8R,18:38,1-8,1,8,228.1,0.0245424327333294,4.5981289064724375
2320260312020008,取手競輪,8R,13:51,4-9,4,9,225.1,0.0241288471343576,4.431403489943911
6220260313010008,広島競輪,8R,18:51,3-7,3,7,131.2,0.0411012514590495,4.3924841914273065
2320260312020009,取手競輪,9R,14:18,3-4,3,4,253.6,0.0212456099433585,4.387886681635725
2320260312020010,取手競輪,10R,14:45,3-4,3,4,231.7,0.0227241726716432,4.265190808019744
2620260312020009,西武園競輪,9R,19:04,3-4,3,4,168.5,0.0305195786641988,4.142549004917504
4420260313010004,大垣競輪,4R,21:40,1-7,1,7,41.2,0.1245186455134986,4.130168195156143
2320260312020011,取手競輪,11R,15:12,7-8,7,8,348.8,0.0145315892709852,4.068618337719668
2320260312020004,取手競輪,4R,12:13,3-5,3,5,221.9,0.0218152954215059,3.84081405403216
2320260312020007,取手競輪,7R,13:25,6-9,6,9,282.3,0.0166594077390287,3.702950804727807
6220260313010010,広島競輪,10R,19:45,1-6,1,6,102.7,0.0456766112798599,3.690987978441616
6220260313010007,広島競輪,7R,18:25,3-7,3,7,86.6,0.0509476089138373,3.412062931938313
2320260312020003,取手競輪,3R,11:50,2-6,2,6,342.8,0.012030676356832,3.124115855122013
4420260313010005,大垣競輪,5R,22:00,1-4,1,4,57.0,0.071463122690256,3.073397993344596
5520260312020002,和歌山競輪,2R,09:10,3-6,3,6,64.0,0.0631779860353955,3.043391106265312
2320260312020002,取手競輪,2R,11:27,1-8,1,8,138.1,0.0280491871333005,2.8735927431088104
6220260313010009,広島競輪,9R,19:17,2-6,2,6,135.7,0.0278396332663724,2.777838234246734
2620260312020005,西武園競輪,5R,17:23,4-5,4,5,148.5,0.0249871209876027,2.710587466659008
2620260312020004,西武園競輪,4R,16:59,1-8,1,8,101.3,0.0335577520007569,2.399400277676675
2320260312020001,取手競輪,1R,11:05,1-4,1,4,74.7,0.0450825349618797,2.36766536165242
4420260313010002,大垣競輪,2R,21:00,4-6,4,6,79.5,0.0418771755487168,2.3292354561229924
6220260313010001,広島競輪,1R,15:55,5-6,5,6,60.6,0.0541780599698216,2.28319043417119
4420260313010009,大垣競輪,9R,23:20,2-6,2,6,48.7,0.0637654943309399,2.105379573916774
6220260313010011,広島競輪,11R,20:15,6-7,6,7,66.7,0.0465521140909146,2.1050260098640066
7520260313010003,松山競輪,3R,21:30,2-3,2,3,47.2,0.0648138322079233,2.059212880213984
2620260312020006,西武園競輪,6R,17:47,5-9,5,9,83.4,0.036133348371423,2.01352125417668
7520260313010009,松山競輪,9R,23:30,2-7,2,7,86.2,0.0343220702078649,1.9585624519179547
4420260313010006,大垣競輪,6R,22:20,1-5,1,5,28.5,0.0747173672178519,1.1294449657087795
7520260313010007,松山競輪,7R,22:50,1-6,1,6,23.2,0.0786744184174162,0.8252465072840576
7520260313010006,松山競輪,6R,22:30,1-7,1,7,22.5,0.0723700678209681,0.6283265259717827
4420260313010007,大垣競輪,7R,22:40,3-7,3,7,22.5,0.0508590835727125,0.1443293803860332
4420260313010003,大垣競輪,3R,21:20,2-7,2,7,33.0,0.0304835288223614,0.0059564511379262
7520260313010005,松山競輪,5R,22:10,2-6,2,6,12.0,0.075896382188642,-0.0892434137362953
7520260313010004,松山競輪,4R,21:50,2-4,2,4,14.2,0.0601258762174472,-0.1462125577122485
5320260314020006,奈良競輪,6R,13:08,1-6,1,6,306.5,0.0433579588537575,12.289214388676683
4320260314020003,岐阜競輪,3R,12:05,6-7,6,7,337.1,0.0357249929938579,11.0428951382295
7520260313030001,松山競輪,1R,20:50,1-7,1,7,200.2,0.0597242679543388,10.95679844445864
4320260314020010,岐阜競輪,10R,15:03,2-6,2,6,151.5,0.072353486857271,9.961553258876558
8720260314020004,熊本競輪,5R,10:13,6-7,6,7,87.1,0.1234117715944098,9.7491653058731
8720260314020005,熊本競輪,6R,10:34,1-6,1,6,281.9,0.0360405364770436,9.15982723287861
4320260314020005,岐阜競輪,5R,12:51,6-7,6,7,494.3,0.0204346998865754,9.100872153934253
2620260312040011,西武園競輪,11R,20:00,5-6,5,6,232.3,0.0406597784948471,8.445266544352984
2320260312040009,取手競輪,9R,14:18,4-6,4,6,428.8,0.0212951517186126,8.131361056941087
4420260313030009,大垣競輪,9R,23:20,6-7,6,7,173.2,0.0515054659336709,7.9207466997118114
8720260314020006,熊本競輪,7R,10:55,1-6,1,6,492.7,0.017777183879575,7.758818497466615
5320260314020005,奈良競輪,5R,12:43,1-5,1,5,183.2,0.047558255356894,7.712672381382994
6220260313030006,広島競輪,6R,17:59,6-7,6,7,111.3,0.0762539283605671,7.487062226531119
2620260312040012,西武園競輪,12R,20:30,3-8,3,8,246.9,0.0322724282626917,6.968062538058588
6220260313030005,広島競輪,5R,17:35,4-5,4,5,252.0,0.0309297455349752,6.794295874813772
6220260313030003,広島競輪,3R,16:47,2-5,2,5,246.7,0.0303450595350043,6.486126187285576
6220260313030010,広島競輪,10R,19:45,1-3,1,3,216.3,0.0340634750172019,6.3679296462207775
5320260314020008,奈良競輪,8R,14:00,5-6,5,6,233.2,0.0313637336199843,6.314022680180354
8720260314020001,熊本競輪,2R,09:10,1-6,1,6,176.8,0.0398370985356202,6.0431990210976645
2620260312040009,西武園競輪,9R,19:04,5-8,5,8,442.2,0.0159149165131911,6.037576082133105
5320260314020001,奈良競輪,1R,11:12,4-5,4,5,72.6,0.0928287143357114,5.73936466077265
4320260314020011,岐阜競輪,11R,15:30,5-6,5,6,132.0,0.0503724501354437,5.649163417878578
2620260312040002,西武園競輪,2R,16:15,2-6,2,6,216.5,0.0288573755021284,5.247621796210812
5320260314020011,奈良競輪,11R,15:21,3-4,3,4,362.0,0.0171864067970961,5.221479260548815
8720260314020003,熊本競輪,4R,09:52,6-7,6,7,196.3,0.0308094828930319,5.047901491902167
4420260313030008,大垣競輪,8R,23:00,1-3,1,3,75.7,0.0787872034513641,4.964191301268262
2620260312040007,西武園競輪,7R,18:12,4-9,4,9,627.0,0.0094381210657187,4.917701908205661
4320260314020001,岐阜競輪,1R,11:19,5-7,5,7,71.2,0.0806543647061308,4.742590767076514
4320260314020002,岐阜競輪,2R,11:42,1-6,1,6,161.9,0.0350577117235028,4.67584352803511
6220260313030004,広島競輪,4R,17:11,3-6,3,6,131.0,0.0427413780292244,4.599120521828399
4320260314020007,岐阜競輪,7R,13:42,4-6,4,6,118.8,0.0464665682706485,4.520228310553047
5320260314020007,奈良競輪,7R,13:33,1-6,1,6,154.1,0.0353769949523908,4.451594922163423
6220260313030011,広島競輪,11R,20:15,4-5,4,5,293.6,0.0183547899460121,4.388966328149179
2320260312040012,取手競輪,12R,15:40,4-9,4,9,213.9,0.0250580537022725,4.359917686916092
5320260314020009,奈良競輪,9R,14:27,5-6,5,6,95.7,0.0556430750468852,4.325042281986922
4320260314020004,岐阜競輪,4R,12:28,2-6,2,6,131.6,0.04036364495394,4.311855675938509
2320260312040010,取手競輪,10R,14:45,2-8,2,8,159.2,0.0333067441633944,4.3024336708123965
2320260312040003,取手競輪,3R,11:50,6-7,6,7,343.4,0.0152498352057397,4.236793409651046
2620260312040008,西武園競輪,8R,18:38,2-8,2,8,222.7,0.0225309061183891,4.017632792565257
7520260313030008,松山競輪,8R,23:10,2-7,2,7,123.7,0.0405323723031066,4.013854453894293
5320260314020003,奈良競輪,3R,11:57,3-7,3,7,147.7,0.0335510497802712,3.955490052546068
4320260314020006,岐阜競輪,6R,13:16,4-5,4,5,79.8,0.0618289168828704,3.933947567253062
2320260312040011,取手競輪,11R,15:12,5-7,5,7,102.9,0.0474801076806179,3.8857030803355856
6220260313030009,広島競輪,9R,19:17,6-7,6,7,111.0,0.0417667652871241,3.636110946870777
5320260314020004,奈良競輪,4R,12:20,1-4,1,4,69.1,0.0669475487048078,3.62607561550222
2620260312040004,西武園競輪,4R,16:59,2-3,2,3,133.1,0.0344877315225351,3.590317065649428
5320260314020002,奈良競輪,2R,11:34,1-2,1,2,117.5,0.03872116585568,3.5497369880424063
2620260312040001,西武園競輪,1R,15:45,4-5,4,5,94.4,0.0450554154162652,3.253231215295441
6220260313030001,広島競輪,1R,15:55,5-6,5,6,54.4,0.0762977351199042,3.1505967905227923
2320260312040008,取手競輪,8R,13:51,3-4,3,4,89.1,0.0460207259482651,3.1004466819904257
2320260312040005,取手競輪,5R,12:36,6-7,6,7,237.3,0.0166437431990916,2.949560261144454
8720260314020002,熊本競輪,3R,09:31,1-6,1,6,106.0,0.0372165817716641,2.9449576677964
2320260312040006,取手競輪,6R,13:00,4-8,4,8,330.5,0.0107804892682154,2.5629517031451936
2620260312040003,西武園競輪,3R,16:36,5-8,5,8,88.3,0.0401231370167133,2.542872998575787
4420260313030004,大垣競輪,4R,21:40,1-2,1,2,46.5,0.0749625507050329,2.485758607784032
2320260312040007,取手競輪,7R,13:25,1-5,1,5,83.8,0.0396775744729299,2.324980740831531
2620260312040006,西武園競輪,6R,17:47,4-5,4,5,95.4,0.0329781775599444,2.146118139218703
5320260314020010,奈良競輪,10R,14:54,4-7,4,7,84.1,0.0370890954925985,2.119192930927534
2620260312040010,西武園競輪,10R,19:31,5-6,5,6,216.2,0.0141837915464373,2.066535732339762
4420260313030001,大垣競輪,1R,20:40,4-5,4,5,38.5,0.0761601370305532,1.9321652756762984
2320260312040004,取手競輪,4R,12:13,6-7,6,7,193.8,0.0147182336784423,1.8523936868821247
4320260314020009,岐阜競輪,9R,14:36,1-7,1,7,59.8,0.0466467267671784,1.789474260677271
2320260312040001,取手競輪,1R,11:05,3-7,3,7,39.7,0.0667213269127773,1.64883667843726
6220260313030007,広島競輪,7R,18:25,3-5,3,5,27.9,0.0935988944465509,1.6114091550587726
4320260314020012,岐阜競輪,12R,16:05,1-3,1,3,50.0,0.0513997257379383,1.5699862868969157
6220260313030002,広島競輪,2R,16:25,4-6,4,6,57.0,0.045009184937561,1.5655235414409798
2620260312040005,西武園競輪,5R,17:23,5-8,5,8,145.5,0.0175008188380648,1.5463691409384333
4420260313030005,大垣競輪,5R,22:00,1-2,1,2,24.7,0.1018588833877378,1.5159144196771237
4420260313030006,大垣競輪,6R,22:20,1-5,1,5,24.7,0.0981695981107772,1.424789073336198
2320260312040002,取手競輪,2R,11:27,3-7,3,7,52.1,0.0451528274149174,1.3524623083172005
7520260313030003,松山競輪,3R,21:30,1-5,1,5,21.7,0.1074144843234917,1.33089430981977
4420260313030002,大垣競輪,2R,21:00,1-5,1,5,23.2,0.0973248290013295,1.2579360328308455
4320260314020008,岐阜競輪,8R,14:09,4-6,4,6,94.4,0.0226235607426452,1.135664134105712
4420260313030007,大垣競輪,7R,22:40,2-4,2,4,15.0,0.1336581092627017,1.0048716389405254
6220260313030008,広島競輪,8R,18:51,4-6,4,6,111.7,0.017926079888718,1.0023431235698026
7520260313030007,松山競輪,7R,22:50,1-5,1,5,26.2,0.0690771706919915,0.8098218721301784
7520260313030006,松山競輪,6R,22:30,2-7,2,7,24.0,0.0639141432896721,0.5339394389521321
7520260313030005,松山競輪,5R,22:10,4-5,4,5,29.2,0.0520032167849562,0.518493930120723
4420260313030003,大垣競輪,3R,21:20,2-6,2,6,28.5,0.051321476098903,0.4626620688187375
7520260313030004,松山競輪,4R,21:50,2-4,2,4,16.5,0.0654503028492873,0.0799299970132416
7520260313030002,松山競輪,2R,21:10,1-5,1,5,8.2,0.1305813873538984,0.0707673763019669
4320260314030002,岐阜競輪,2R,11:37,6-7,6,7,443.2,0.0548111761983172,23.292313291094207
7420260316010001,高知競輪,1R,20:40,4-6,4,6,571.5,0.0359253874350934,19.531358919155885
6120260316010010,玉野競輪,10R,19:40,4-5,4,5,327.7,0.0589120682160946,18.30548475441423
3120260316010001,松戸競輪,1R,20:50,3-7,3,7,405.0,0.0471944704596122,18.113760536142973
7420260316010002,高知競輪,2R,21:00,2-6,2,6,380.2,0.0482600168836859,17.348458419177405
5320260314030010,奈良競輪,10R,15:21,4-5,4,5,410.1,0.0324583784649362,12.311181008470358
8720260314030002,熊本競輪,2R,09:10,2-4,2,4,143.3,0.0909465218174375,12.032636576438804
3620260316010004,小田原競輪,4R,12:17,1-6,1,6,256.1,0.0471172733514802,11.066733705314087
3620260316010002,小田原競輪,2R,11:29,4-6,4,6,279.5,0.0397805665494432,10.118668350569385
3620260316010003,小田原競輪,3R,11:53,6-7,6,7,292.3,0.0353515499038411,9.33325803689278
3620260316010008,小田原競輪,8R,14:03,1-6,1,6,204.6,0.0485872440313739,8.940950128819106
3120260316010008,松戸競輪,8R,23:10,2-4,2,4,132.7,0.0664174977570504,7.813601952360587
3120260316010006,松戸競輪,6R,22:30,1-2,1,2,96.7,0.0902376513848379,7.725980888913829
5320260314030003,奈良競輪,3R,12:09,3-4,3,4,203.1,0.0424783934843133,7.627361716664046
3120260316010002,松戸競輪,2R,21:10,3-6,3,6,234.0,0.0357105502543468,7.356268759517151
6120260316010004,玉野競輪,4R,17:15,1-6,1,6,265.1,0.031313762086207,7.301278329053495
6120260316010003,玉野競輪,3R,16:51,6-7,6,7,153.2,0.0533635441515666,7.175294964020013
6120260316010002,玉野競輪,2R,16:27,1-7,1,7,185.2,0.0434969058519359,7.055626963778533
5320260314030008,奈良競輪,8R,14:21,2-5,2,5,111.3,0.0705329559559835,6.850317997900968
8720260314030004,熊本競輪,4R,09:52,2-6,2,6,132.6,0.0577430909167383,6.6567338555595095
8720260314030003,熊本競輪,3R,09:31,1-6,1,6,135.0,0.0553216776026835,6.468426476362276
8720260314030001,熊本競輪,1R,08:50,2-6,2,6,68.6,0.1054284295539332,6.232390267399819
5320260314030004,奈良競輪,4R,12:33,5-6,5,6,122.2,0.0541959704569952,5.622747589844825
3620260316010011,小田原競輪,11R,15:33,3-4,3,4,122.9,0.0524200072090162,5.442418885988099
3620260316010009,小田原競輪,9R,14:31,5-6,5,6,179.3,0.0335764805551817,5.020262963544096
4320260314030005,岐阜競輪,5R,12:51,1-6,1,6,81.2,0.0714409905291446,4.801008430966544
5320260314030009,奈良競輪,9R,14:51,3-7,3,7,201.0,0.0282846128964481,4.685207192186073
8720260314030005,熊本競輪,5R,10:13,3-6,3,6,175.4,0.0321123422945077,4.632504838456662
3620260316010010,小田原競輪,10R,15:01,4-6,4,6,220.9,0.0253184143020568,4.592837719324356
4320260314030010,岐阜競輪,10R,15:11,4-6,4,6,99.7,0.0544637025285924,4.430031142100668
3620260316010001,小田原競輪,1R,11:05,1-6,1,6,88.1,0.0610839788438119,4.381498536139829
3620260316010012,小田原競輪,12R,16:09,5-7,5,7,127.2,0.0411588297824216,4.235403148324032
8720260314030007,熊本競輪,7R,10:55,2-3,2,3,99.2,0.0522401508566214,4.182222964976851
4320260314030009,岐阜競輪,9R,14:41,6-7,6,7,100.1,0.0500982135889418,4.014831180253083
5320260314030006,奈良競輪,6R,13:27,4-7,4,7,199.8,0.0247369739231453,3.942447389844447
8720260314030006,熊本競輪,6R,10:34,4-6,4,6,119.4,0.0413266875621994,3.93440649492661
3620260316010006,小田原競輪,6R,13:09,3-6,3,6,213.1,0.0231465143869368,3.932522215856234
4320260314030008,岐阜競輪,8R,14:12,5-6,5,6,61.4,0.075592163199026,3.6413588204202014
4320260314030001,岐阜競輪,1R,11:13,6-7,6,7,75.8,0.0602309067813326,3.5655027340250145
3620260316010007,小田原競輪,7R,13:36,3-4,3,4,222.4,0.0203172975849174,3.518566982885649
6120260316010009,玉野競輪,9R,19:15,4-6,4,6,90.5,0.048288803458047,3.37013671295326
5320260314030005,奈良競輪,5R,13:00,1-4,1,4,118.8,0.0361970434211948,3.300208758437944
5320260314030002,奈良競輪,2R,11:45,2-6,2,6,58.8,0.0705287521332691,3.147090625436226
4320260314030007,岐阜競輪,7R,13:45,1-6,1,6,98.1,0.0416687955097197,3.0877088395035086
4320260314030006,岐阜競輪,6R,13:18,6-7,6,7,63.3,0.0644614172525556,3.080407712086771
5320260314030011,奈良競輪,11R,15:57,3-7,3,7,66.6,0.060842385874441,3.0521028992377754
6120260316010001,玉野競輪,1R,16:03,3-6,3,6,79.0,0.0505209790670953,2.991157346300529
5320260314030007,奈良競輪,7R,13:54,5-6,5,6,183.5,0.0217124634587737,2.98423704468499
7420260316010008,高知競輪,8R,23:00,2-4,2,4,60.7,0.0649746122516921,2.9439589636777104
5320260314030001,奈良競輪,1R,11:21,1-2,1,2,108.2,0.0346967069263366,2.75418368942962
4320260314030004,岐阜競輪,4R,12:25,2-6,2,6,97.6,0.037192342235081,2.6299726021439054
4320260314030003,岐阜競輪,3R,12:01,2-6,2,6,107.1,0.0338753257207653,2.6280473846939687
4320260314030012,岐阜競輪,12R,16:21,2-3,2,3,75.2,0.0470130258805172,2.5353795462148936
6120260316010011,玉野競輪,11R,20:05,4-6,4,6,103.0,0.033376204355308,2.437749048596732
6120260316010012,玉野競輪,12R,20:30,1-2,1,2,51.7,0.062206855564611,2.216094432690391
6120260316010007,玉野競輪,7R,18:27,6-7,6,7,36.0,0.0791163556922662,1.8481888049215855
3120260316010009,松戸競輪,9R,23:30,3-7,3,7,87.7,0.0323126170556238,1.8338165157782087
6120260316010008,玉野競輪,8R,18:51,5-6,5,6,56.2,0.0486513958124286,1.734208444658488
7420260316010003,高知競輪,3R,21:20,2-5,2,5,49.5,0.0540560732442515,1.675775625590453
6120260316010006,玉野競輪,6R,18:03,2-7,2,7,63.0,0.0408289078799257,1.5722211964353243
7420260316010009,高知競輪,9R,23:20,2-4,2,4,47.2,0.0500808514924098,1.3638161904417454
3620260316010005,小田原競輪,5R,12:42,3-4,3,4,87.8,0.0265972367421822,1.3352373859636035
4320260314030011,岐阜競輪,11R,15:45,6-7,6,7,114.6,0.0199498129607537,1.2862485653023752
7420260316010004,高知競輪,4R,21:40,1-3,1,3,27.7,0.0795344529573537,1.2031043469186988
6120260316010005,玉野競輪,5R,17:39,1-4,1,4,43.3,0.0496688428111786,1.1506608937240363
3120260316010003,松戸競輪,3R,21:30,2-7,2,7,40.5,0.0497158603977249,1.0134923461078609
7420260316010007,高知競輪,7R,22:40,4-5,4,5,28.5,0.0539888325405075,0.5386817274044653
7420260316010005,高知競輪,5R,22:00,2-6,2,6,24.7,0.0536719902084544,0.3256981581488245
3120260316010004,松戸競輪,4R,21:50,2-5,2,5,18.0,0.0681471981213794,0.2266495661848298
7420260316010006,高知競輪,6R,22:20,2-6,2,6,24.7,0.0434018557590027,0.0720258372473672
3120260316010007,松戸競輪,7R,22:50,4-6,4,6,22.5,0.0471618767912153,0.0611422278023452
3120260316010005,松戸競輪,5R,22:10,2-7,2,7,16.8,0.0605484375440165,0.017213750739478
7420260316020002,高知競輪,2R,21:00,2-5,2,5,444.0,0.0565868130578899,24.124544997703147
4220260317010011,名古屋競輪,11R,19:51,5-6,5,6,690.7,0.0252682283998307,16.452765355763116
2420260317010006,宇都宮競輪,6R,13:32,3-4,3,4,491.5,0.0350860775872533,16.244807134135037
5520260317010004,和歌山競輪,4R,09:52,6-7,6,7,445.1,0.0352458373487415,14.68792220392488
2420260317010004,宇都宮競輪,4R,12:36,4-6,4,6,315.4,0.0468375998848029,13.77257900366686
7420260316020001,高知競輪,1R,20:40,2-6,2,6,267.7,0.0498286388608542,12.339126623050667
3120260316020002,松戸競輪,2R,21:10,3-5,3,5,321.7,0.0396988089413032,11.77110683641725
3620260316020005,小田原競輪,5R,12:50,6-7,6,7,272.8,0.0441496839390225,11.044033778565344
5520260317010006,和歌山競輪,6R,10:34,6-7,6,7,636.9,0.0179891097951838,10.45726402855259
2420260317010005,宇都宮競輪,5R,13:04,5-7,5,7,356.9,0.029824072436982,9.644211452758883
4220260317010002,名古屋競輪,2R,16:18,5-6,5,6,320.4,0.0322418178705034,9.330278445709304
3620260316020002,小田原競輪,2R,11:29,6-7,6,7,232.2,0.0408231517461132,8.479135835447506
2420260317010009,宇都宮競輪,9R,14:56,1-6,1,6,187.1,0.0486821035947838,8.10842158258405
3620260316020011,小田原競輪,11R,15:39,6-7,6,7,221.6,0.0396225123421195,7.780348735013691
3620260316020003,小田原競輪,3R,11:55,1-6,1,6,216.9,0.0403435676357392,7.750519820191846
3620260316020004,小田原競輪,4R,12:22,6-7,6,7,253.0,0.0341414849254118,7.637795686129193
5520260317010003,和歌山競輪,3R,09:31,6-7,6,7,208.3,0.0411268280830246,7.566718289694037
2420260317010010,宇都宮競輪,10R,15:24,5-7,5,7,208.9,0.0382434086305529,6.989048062922516
3620260316020010,小田原競輪,10R,15:10,5-6,5,6,155.0,0.0510598194880379,6.914272020645887
4220260317010009,名古屋競輪,9R,19:02,6-7,6,7,154.8,0.051070476675507,6.9057097893684976
2420260317010003,宇都宮競輪,3R,12:08,3-5,3,5,123.6,0.0637369534322939,6.877887444231532
3120260316020003,松戸競輪,3R,21:30,1-3,1,3,99.0,0.0783728501628714,6.7589121661242775
3120260316020001,松戸競輪,1R,20:50,4-6,4,6,243.0,0.0310211511723196,6.538139734873676
4220260317010010,名古屋競輪,10R,19:26,6-7,6,7,162.3,0.0432746851431761,6.023481398737483
2420260317010002,宇都宮競輪,2R,11:42,2-5,2,5,162.4,0.0421951538481129,5.852492984933544
4220260317010004,名古屋競輪,4R,17:02,5-6,5,6,81.8,0.0821639577520147,5.721011744114804
5520260317010007,和歌山競輪,7R,10:55,6-7,6,7,182.6,0.0358900406837698,5.5535214288563735
2420260317010008,宇都宮競輪,8R,14:28,3-6,3,6,302.1,0.0215462278490125,5.509115433186691
6120260316020008,玉野競輪,8R,18:50,6-7,6,7,125.2,0.0506714050831311,5.344059916408018
6120260316020001,玉野競輪,1R,16:02,5-6,5,6,206.9,0.0291096127268518,5.022778873185648
5520260317010002,和歌山競輪,2R,09:10,1-6,1,6,145.7,0.0403442987446472,4.878164327095098
4220260317010001,名古屋競輪,1R,15:47,5-6,5,6,149.4,0.0392430432504877,4.862910661622869
3620260316020009,小田原競輪,9R,14:42,3-5,3,5,83.8,0.0672570044207663,4.636136970460222
3620260316020012,小田原競輪,12R,16:10,2-6,2,6,119.3,0.046744802509759,4.576654939414254
2420260317010007,宇都宮競輪,7R,14:00,4-6,4,6,280.8,0.019170421390433,4.383054326433592
6120260316020012,玉野競輪,12R,20:30,1-5,1,5,70.5,0.0745338574953174,4.254636953419877
6120260316020010,玉野競輪,10R,19:38,4-5,4,5,98.0,0.0534469292171542,4.237799063281113
5520260317010001,和歌山競輪,1R,08:50,4-6,4,6,246.1,0.0211771885740973,4.211706108085355
6120260316020011,玉野競輪,11R,20:04,5-6,5,6,111.7,0.045727488402196,4.107760454525298
2420260317010001,宇都宮競輪,1R,11:16,4-6,4,6,130.1,0.0377789108738027,3.915036304681734
5520260317010005,和歌山競輪,5R,10:13,3-6,3,6,249.2,0.0195692090151812,3.8766468865831616
4220260317010007,名古屋競輪,7R,18:14,2-7,2,7,54.6,0.0856577928258102,3.676915488289241
4220260317010008,名古屋競輪,8R,18:38,5-6,5,6,89.0,0.0515342368297937,3.586547077851641
2420260317010011,宇都宮競輪,11R,15:54,4-5,4,5,69.6,0.0633309707196908,3.407835562090481
6120260316020005,玉野競輪,5R,17:38,4-7,4,7,94.7,0.0454070075261161,3.300043612723197
7420260316020009,高知競輪,9R,23:20,4-6,4,6,105.7,0.0390207107239488,3.1244891235213883
4220260317010003,名古屋競輪,3R,16:38,2-7,2,7,49.8,0.0824633353659972,3.1066741012266608
6120260316020003,玉野競輪,3R,16:50,4-6,4,6,245.9,0.0166811045637868,3.1018836122351896
3620260316020007,小田原競輪,7R,13:46,2-6,2,6,61.0,0.0630483056931255,2.84594664728066
6120260316020004,玉野競輪,4R,17:14,1-5,1,5,59.3,0.0642807879427008,2.811850725002159
3620260316020001,小田原競輪,1R,11:05,4-7,4,7,185.8,0.0191905499713387,2.565604184674734
3120260316020008,松戸競輪,8R,23:10,1-5,1,5,49.5,0.0716268230004283,2.545527738521201
4220260317010005,名古屋競輪,5R,17:26,1-4,1,4,78.6,0.0445145802072296,2.498846004288251
3620260316020008,小田原競輪,8R,14:14,5-6,5,6,117.4,0.0288810522583984,2.3906355351359805
3120260316020009,松戸競輪,9R,23:30,3-6,3,6,84.7,0.0368368950144942,2.120085007727665
6120260316020002,玉野競輪,2R,16:26,4-7,4,7,68.4,0.0440268204136004,2.0114345162902736
4220260317010012,名古屋競輪,12R,20:17,3-4,3,4,111.6,0.0252735641001684,1.820529753578798
4220260317010006,名古屋競輪,6R,17:50,2-6,2,6,92.2,0.0303640439913615,1.799564856003539
3120260316020004,松戸競輪,4R,21:50,1-6,1,6,35.2,0.074749414093771,1.6311793761007425
3620260316020006,小田原競輪,6R,13:18,3-7,3,7,66.4,0.0389303473953134,1.5849750670488143
6120260316020006,玉野競輪,6R,18:02,2-5,2,5,82.0,0.0314350954166899,1.577677824168572
3120260316020005,松戸競輪,5R,22:10,1-3,1,3,29.2,0.0808741973340094,1.361526562153077
3120260316020007,松戸競輪,7R,22:50,1-2,1,2,26.2,0.0895019318258188,1.344950613836454
6120260316020009,玉野競輪,9R,19:14,2-6,2,6,85.8,0.0265331711713618,1.2765460865028486
7420260316020003,高知競輪,3R,21:20,1-7,1,7,31.5,0.0694267772016877,1.1869434818531643
6120260316020007,玉野競輪,7R,18:26,1-2,1,2,30.6,0.063764719344912,0.9512004119543098
7420260316020008,高知競輪,8R,23:00,1-4,1,4,24.7,0.0744011417318222,0.837708200776009
7420260316020005,高知競輪,5R,22:00,1-5,1,5,21.7,0.0846493057865369,0.8368899355678512
7420260316020006,高知競輪,6R,22:20,1-2,1,2,21.0,0.0863623945920043,0.8136102864320907
7420260316020004,高知競輪,4R,21:40,1-3,1,3,30.0,0.0561713194598756,0.6851395837962693
3120260316020006,松戸競輪,6R,22:30,2-7,2,7,35.2,0.0455869307304017,0.6046599617101425
7420260316020007,高知競輪,7R,22:40,1-7,1,7,15.0,0.075082229466884,0.1262334420032613
7420260316030008,高知競輪,8R,23:00,4-5,4,5,344.2,0.0459397870036509,14.812474686656673
4220260317020004,名古屋競輪,4R,17:02,3-6,3,6,322.6,0.0430975003637947,12.90325361736018
2420260317020011,宇都宮競輪,11R,15:54,4-6,4,6,337.2,0.0365446736313355,11.322863948486347
2420260317020006,宇都宮競輪,6R,13:32,2-3,2,3,257.8,0.0475948973030282,11.269964524720685
2420260317020010,宇都宮競輪,10R,15:24,5-6,5,6,157.4,0.0738436082829773,10.62298394374064
3120260316030008,松戸競輪,8R,23:10,5-6,5,6,257.2,0.0430539098393963,10.073465610692752
4220260317020002,名古屋競輪,2R,16:18,4-6,4,6,339.2,0.0296707139168094,9.064306160581774
4220260317020005,名古屋競輪,5R,17:26,1-6,1,6,165.2,0.0593074001963941,8.797582512444306
2420260317020005,宇都宮競輪,5R,13:04,3-6,3,6,261.1,0.0359951228455956,8.398326574985019
2420260317020004,宇都宮競輪,4R,12:36,4-6,4,6,407.0,0.0204022453229094,7.303713846424165
3620260316030002,小田原競輪,2R,11:29,5-6,5,6,267.5,0.0299390841216304,7.008705002536139
3620260316030011,小田原競輪,11R,15:39,2-7,2,7,168.2,0.0459227845830775,6.724212366873648
5520260317020007,和歌山競輪,7R,10:55,2-3,2,3,168.9,0.0416995102989535,6.043047289493258
3120260316030009,松戸競輪,9R,23:30,1-4,1,4,99.7,0.0691015903661846,5.889428559508605
3620260316030005,小田原競輪,5R,12:50,3-6,3,6,120.3,0.0551997769518346,5.640533167305712
6120260316030008,玉野競輪,8R,18:50,5-6,5,6,139.5,0.0475461460705313,5.632687376839124
6120260316030001,玉野競輪,1R,16:02,5-6,5,6,160.4,0.0411397145637762,5.598810216029707
4220260317020001,名古屋競輪,1R,15:47,5-6,5,6,89.2,0.0713988706797718,5.368779264635649
2420260317020009,宇都宮競輪,9R,14:56,5-6,5,6,136.6,0.0456418421902997,5.2346756431949455
2420260317020008,宇都宮競輪,8R,14:28,2-3,2,3,215.7,0.0288183617323277,5.216120625663099
3120260316030001,松戸競輪,1R,20:50,5-6,5,6,169.5,0.0356920651641813,5.049805045328745
3620260316030006,小田原競輪,6R,13:18,2-5,2,5,87.6,0.0668774825043998,4.858467467385428
5520260317020002,和歌山競輪,2R,09:10,6-7,6,7,108.9,0.0533871788510838,4.813863776883031
7420260316030001,高知競輪,1R,20:40,3-5,3,5,171.7,0.0317798826596226,4.456605852657203
5520260317020004,和歌山競輪,4R,09:52,2-6,2,6,353.2,0.0152966163319881,4.402764888458214
4220260317020012,名古屋競輪,12R,20:17,3-6,3,6,78.3,0.0684360281507942,4.358541004207187
6120260316030010,玉野競輪,10R,19:38,3-6,3,6,64.6,0.0825685095176032,4.333925714837166
4220260317020009,名古屋競輪,9R,19:02,5-6,5,6,97.5,0.0517367105059344,4.044329274328611
6120260316030003,玉野競輪,3R,16:50,6-7,6,7,218.3,0.0220223278035723,3.8074741595198343
3620260316030003,小田原競輪,3R,11:55,3-6,3,6,266.6,0.0176585514356029,3.707769812731744
6120260316030007,玉野競輪,7R,18:26,6-7,6,7,78.5,0.0598529990851356,3.698460428183152
3620260316030001,小田原競輪,1R,11:05,5-6,5,6,58.6,0.0787596885871836,3.615317751208961
2420260317020003,宇都宮競輪,3R,12:08,2-7,2,7,157.2,0.0290456951650578,3.5659832799470976
5520260317020005,和歌山競輪,5R,10:13,1-6,1,6,68.2,0.0662685141744125,3.519512666694937
7420260316030002,高知競輪,2R,21:00,1-6,1,6,57.0,0.0769821622999002,3.387983251094317
4220260317020010,名古屋競輪,10R,19:26,5-6,5,6,101.0,0.0417746578210073,3.21924043992174
3620260316030012,小田原競輪,12R,16:10,4-5,4,5,124.2,0.0334962615484812,3.1602356843213686
4220260317020003,名古屋競輪,3R,16:38,2-7,2,7,86.7,0.0476697900227181,3.13297079496966
2420260317020001,宇都宮競輪,1R,11:16,4-5,4,5,35.9,0.1117744755849981,3.0127036735014343
3620260316030004,小田原競輪,4R,12:22,1-4,1,4,53.3,0.0751762683161298,3.0068951012497207
2420260317020007,宇都宮競輪,7R,14:00,3-6,3,6,151.2,0.0255007116907358,2.8557076076392565
4220260317020011,名古屋競輪,11R,19:51,5-6,5,6,66.4,0.057911405369984,2.8453173165669416
5520260317020006,和歌山競輪,6R,10:34,1-6,1,6,153.7,0.0243361122303122,2.7404604497989933
2420260317020002,宇都宮競輪,2R,11:42,2-6,2,6,120.5,0.0293735112263407,2.5395081027740645
6120260316030002,玉野競輪,2R,16:26,3-4,3,4,93.7,0.0367768581764882,2.44599161113695
3620260316030007,小田原競輪,7R,13:46,5-7,5,7,60.4,0.0569805470117725,2.4416250395110644
6120260316030012,玉野競輪,12R,20:30,3-7,3,7,48.4,0.0656415266681674,2.1770498907393057
3620260316030009,小田原競輪,9R,14:42,5-6,5,6,47.4,0.0661222474931919,2.134194531177298
6120260316030009,玉野競輪,9R,19:14,2-3,2,3,135.3,0.0229309788912109,2.102561443980842
4220260317020006,名古屋競輪,6R,17:50,2-6,2,6,34.8,0.0888813720057168,2.093071745798945
6120260316030006,玉野競輪,6R,18:02,1-7,1,7,46.2,0.0669453649323925,2.0928758598765365
6120260316030011,玉野競輪,11R,20:04,1-6,1,6,69.8,0.0435248062422357,2.038031475708053
5520260317020001,和歌山競輪,1R,08:50,1-3,1,3,95.3,0.031710435821786,2.02200453381621
5520260317020003,和歌山競輪,3R,09:31,3-7,3,7,65.4,0.0456116037356839,1.9829988843137287
3620260316030010,小田原競輪,10R,15:10,6-7,6,7,38.7,0.0750630950214403,1.9049417773297432
4220260317020008,名古屋競輪,8R,18:38,5-7,5,7,56.2,0.0511902138342479,1.8768900174847365
3120260316030003,松戸競輪,3R,21:30,1-4,1,4,30.7,0.0927209268512598,1.8465324543336776
6120260316030005,玉野競輪,5R,17:38,6-7,6,7,71.6,0.0376476875520933,1.695574428729882
4220260317020007,名古屋競輪,7R,18:14,5-6,5,6,33.0,0.0783255572232625,1.584743388367663
3620260316030008,小田原競輪,8R,14:14,1-3,1,3,47.9,0.0513838602604527,1.4612869064756846
7420260316030009,高知競輪,9R,23:20,1-7,1,7,40.5,0.0584362789075207,1.36666929575459
6120260316030004,玉野競輪,4R,17:14,5-6,5,6,38.3,0.0559788670472118,1.1439906079082127
3120260316030005,松戸競輪,5R,22:10,2-3,2,3,36.0,0.0525192649183238,0.8906935370596589
3120260316030002,松戸競輪,2R,21:10,1-6,1,6,27.0,0.0677192670231915,0.8284202096261721
7420260316030007,高知競輪,7R,22:40,2-4,2,4,22.5,0.0804587523703548,0.8103219283329848
3120260316030007,松戸競輪,7R,22:50,2-5,2,5,36.0,0.0464078433889891,0.6706823620036078
7420260316030004,高知競輪,4R,21:40,1-6,1,6,23.2,0.0621494891928774,0.4418681492747576
7420260316030006,高知競輪,6R,22:20,1-6,1,6,21.0,0.0675286599398289,0.4181018587364087
3120260316030004,松戸競輪,4R,21:50,2-3,2,3,18.7,0.074155812574946,0.3867136951514911
7420260316030003,高知競輪,3R,21:20,2-4,2,4,26.2,0.0467989296049191,0.2261319556488812
7420260316030005,高知競輪,5R,22:00,1-6,1,6,22.5,0.0469103699670619,0.0554833242588947
3120260316030006,松戸競輪,6R,22:30,3-5,3,5,21.0,0.0469731324461997,-0.0135642186298062
2320260319010005,取手競輪,5R,10:20,6-7,6,7,1494.0,0.0186750902989657,26.900584906654792
2320260319010001,取手競輪,1R,09:00,6-7,6,7,480.7,0.0470112970418392,21.598330488012103
8120260319010002,小倉競輪,2R,16:21,4-6,4,6,448.0,0.0491750023184405,21.030401038661356
8120260319010005,小倉競輪,5R,17:38,3-4,3,4,551.2,0.0373738730493045,19.60047882477668
8120260319010003,小倉競輪,3R,16:50,3-5,3,5,614.2,0.0323466432949713,18.86730831177142
8120260319010004,小倉競輪,4R,17:14,3-5,3,5,401.4,0.040898551866948,15.41667871939296
2320260319010004,取手競輪,4R,10:00,2-7,2,7,657.1,0.0247817163217135,15.284065794997996
2320260319010003,取手競輪,3R,09:40,5-6,5,6,1110.2,0.014470084895783,15.064688251298346
2320260319010006,取手競輪,6R,10:40,1-7,1,7,328.9,0.0443381644053737,13.582822272927435
1320260319010001,いわき平競輪,1R,20:40,4-5,4,5,346.5,0.0420701436556582,13.57730477668557
2320260319010007,取手競輪,7R,11:00,6-7,6,7,849.9,0.015859512061271,12.47899930087423
2420260317030010,宇都宮競輪,10R,15:30,4-5,4,5,435.9,0.0299429096390326,12.052114311654332
8120260319010010,小倉競輪,10R,19:45,2-4,2,4,153.0,0.07028204980543,9.753153620230792
4220260317030006,名古屋競輪,6R,17:50,5-6,5,6,321.0,0.0310548088246908,8.968593632725776
4220260317030009,名古屋競輪,9R,19:04,2-6,2,6,354.7,0.0262983363455561,8.328019901768771
4220260317030007,名古屋競輪,7R,18:14,2-6,2,6,274.5,0.032457654655237,7.909626202862581
2320260319010002,取手競輪,2R,09:20,3-4,3,4,894.5,0.0097671469004379,7.736712902441772
2420260317030004,宇都宮競輪,4R,12:20,2-5,2,5,301.7,0.0288233269550702,7.695997742344693
4220260317030001,名古屋競輪,1R,15:42,6-7,6,7,107.3,0.0802006987084057,7.6055349714119345
2420260317030002,宇都宮競輪,2R,11:20,5-6,5,6,177.5,0.0470906018230427,7.358581823590079
8120260319010001,小倉競輪,1R,15:57,6-7,6,7,395.8,0.019496514558528,6.716720462265408
2420260317030008,宇都宮競輪,8R,14:20,6-7,6,7,292.0,0.0262807918754831,6.673991227641082
6320260319010010,防府競輪,10R,15:15,6-9,6,9,427.3,0.0175989290398391,6.520022378723267
2420260317030007,宇都宮競輪,7R,13:50,4-6,4,6,160.4,0.0462557826764377,6.4194275413006086
4220260317030002,名古屋競輪,2R,16:13,1-7,1,7,190.3,0.0361669164149056,5.8825641937565525
1320260319010002,いわき平競輪,2R,21:00,2-7,2,7,134.2,0.0507466623943958,5.810202093327924
5520260317030002,和歌山競輪,2R,09:10,1-6,1,6,181.1,0.0365169705870984,5.613223373323524
1320260319010008,いわき平競輪,8R,23:00,1-7,1,7,66.5,0.0973360149958338,5.4728449972229525
2420260317030006,宇都宮競輪,6R,13:20,1-6,1,6,87.2,0.0716200344599275,5.24526700490568
8120260319010011,小倉競輪,11R,20:15,1-4,1,4,150.0,0.0411203282791736,5.168049241876049
6320260319010005,防府競輪,5R,12:35,4-5,4,5,266.1,0.0211545132060116,4.629215964119705
6320260319010007,防府競輪,7R,13:35,4-9,4,9,165.3,0.0339594417978844,4.613495729190308
1320260319010009,いわき平競輪,9R,23:20,2-5,2,5,85.5,0.0654860752381475,4.599059432861616
2420260317030009,宇都宮競輪,9R,14:55,1-2,1,2,85.6,0.0647330733048036,4.541151074891193
5520260317030007,和歌山競輪,7R,10:50,5-7,5,7,118.8,0.0465620644399403,4.531573255464911
6320260319010008,防府競輪,8R,14:05,3-5,3,5,214.3,0.0250962085807136,4.378117498846926
6320260319010011,防府競輪,11R,15:50,1-8,1,8,220.2,0.024339490726817,4.359555858045114
6320260319010001,防府競輪,1R,10:45,3-4,3,4,242.2,0.0214695734355732,4.199930686095839
6320260319010009,防府競輪,9R,14:40,2-4,2,4,150.0,0.0341805118916581,4.12707678374872
8420260319010001,武雄競輪,1R,20:50,3-7,3,7,90.0,0.0551998912325739,3.967990210931655
5520260317030003,和歌山競輪,3R,09:30,2-7,2,7,80.3,0.0617016843146356,3.954645250465245
2420260317030011,宇都宮競輪,11R,16:05,3-6,3,6,241.1,0.0202069324359125,3.871891410298508
5520260317030006,和歌山競輪,6R,10:30,4-6,4,6,51.7,0.0936252467677128,3.840425257890752
5520260317030004,和歌山競輪,4R,09:50,3-7,3,7,132.7,0.035643103390288,3.7298398198912297
6320260319010004,防府競輪,4R,12:05,3-5,3,5,212.7,0.0221855760410375,3.718872023928693
8420260319010008,武雄競輪,8R,23:10,1-7,1,7,61.5,0.0750526011960894,3.615734973559502
2420260317030005,宇都宮競輪,5R,12:50,4-7,4,7,137.1,0.0331408675470083,3.543612940694844
4220260317030004,名古屋競輪,4R,17:02,2-6,2,6,225.6,0.0198212860799486,3.471682139636416
6320260319010003,防府競輪,3R,11:35,5-9,5,9,171.4,0.0259816638287469,3.453257180247233
6320260319010012,防府競輪,12R,16:30,4-8,4,8,606.5,0.0073241861774693,3.4421189166351462
8120260319010006,小倉競輪,6R,18:02,1-2,1,2,124.5,0.0350239160802578,3.3604775519921057
4220260317030010,名古屋競輪,10R,19:31,5-6,5,6,110.0,0.0363598754011931,2.9995862941312508
4220260317030005,名古屋競輪,5R,17:26,1-6,1,6,203.7,0.0195267859112102,2.977606290113533
4220260317030011,名古屋競輪,11R,20:00,5-7,5,7,123.3,0.031940764484302,2.938296260914438
5520260317030001,和歌山競輪,1R,08:50,3-6,3,6,115.6,0.0317353648373045,2.6686081751924022
6320260319010006,防府競輪,6R,13:05,4-7,4,7,85.1,0.0412862648400741,2.513461137890307
8120260319010009,小倉競輪,9R,19:17,1-6,1,6,37.1,0.0922517894869139,2.422541389964507
8120260319010008,小倉競輪,8R,18:51,4-7,4,7,66.7,0.0484121055527341,2.229087440367365
8420260319010009,武雄競輪,9R,23:30,1-6,1,6,60.0,0.0516709174979696,2.100255049878179
2420260317030001,宇都宮競輪,1R,10:55,3-6,3,6,53.3,0.0576095024845925,2.0705864824287805
4220260317030003,名古屋競輪,3R,16:38,1-7,1,7,74.3,0.0397451187121306,1.9530623203113036
5520260317030005,和歌山競輪,5R,10:10,3-4,3,4,94.5,0.0301449707153344,1.8486997325991024
8120260319010007,小倉競輪,7R,18:26,5-7,5,7,102.7,0.0261598663733595,1.6866182765440303
4220260317030008,名古屋競輪,8R,18:38,2-5,2,5,31.6,0.0815879184836294,1.5781782240826896
1320260319010006,いわき平競輪,6R,22:20,1-7,1,7,30.0,0.0848981888393893,1.5469456651816818
4220260317030012,名古屋競輪,12R,20:30,3-5,3,5,41.2,0.0590779811210948,1.4340128221891075
6320260319010002,防府競輪,2R,11:10,3-6,3,6,85.2,0.0268776757173063,1.2899779711145003
2420260317030003,宇都宮競輪,3R,11:50,4-5,4,5,64.0,0.0324403680868521,1.0761835575585366
1320260319010004,いわき平競輪,4R,21:40,1-7,1,7,22.5,0.0843569643197811,0.8980316971950759
1320260319010007,いわき平競輪,7R,22:40,1-4,1,4,15.7,0.1075521036058594,0.6885680266119938
1320260319010005,いわき平競輪,5R,22:00,2-5,2,5,24.0,0.069812862823117,0.6755087077548092
8420260319010004,武雄競輪,4R,21:50,1-7,1,7,18.0,0.0871520043023662,0.568736077442592
1320260319010003,いわき平競輪,3R,21:20,2-4,2,4,25.5,0.059486212237551,0.5168984120575517
8420260319010005,武雄競輪,5R,22:10,1-5,1,5,15.0,0.0976714526891168,0.4650717903367525
8420260319010002,武雄競輪,2R,21:10,2-4,2,4,12.7,0.1082911688540773,0.3752978444467825
8420260319010007,武雄競輪,7R,22:50,1-4,1,4,18.0,0.0742240590082989,0.3360330621493808
8420260319010006,武雄競輪,6R,22:30,1-4,1,4,9.7,0.0970148698365225,-0.0589557625857313
8420260319010003,武雄競輪,3R,21:30,1-2,1,2,4.1,0.1028811439680784,-0.5781873097308784
8720260320010007,熊本競輪,7R,13:42,1-2,1,2,802.0,0.0351242280424327,27.16963089003109
8120260319020005,小倉競輪,5R,17:42,4-6,4,6,471.7,0.0451007634492477,20.27403011901016
8720260320010006,熊本競輪,6R,13:12,5-7,5,7,803.2,0.0231510752164892,17.594943613884166
8420260319020007,武雄競輪,7R,22:50,3-4,3,4,284.2,0.0645425360270107,17.34298873887646
8120260319020006,小倉競輪,6R,18:06,1-7,1,7,374.2,0.0475033143979113,16.77574024769844
2320260319020002,取手競輪,2R,09:10,6-7,6,7,301.2,0.0488521050596632,13.714254043970575
2220260320010002,前橋競輪,2R,16:16,5-6,5,6,278.1,0.0512191123087209,13.244035133055307
2320260319020007,取手競輪,7R,10:55,4-6,4,6,482.4,0.0291373693577368,13.055866978172231
2220260320010011,前橋競輪,11R,20:02,1-6,1,6,406.5,0.0291300062140526,10.84134752601239
8720260320010004,熊本競輪,4R,12:12,4-6,4,6,230.5,0.0497662145201425,10.471112446892864
8120260319020003,小倉競輪,3R,16:54,4-6,4,6,381.9,0.0253941387209632,8.698021577535872
8720260320010011,熊本競輪,11R,15:35,4-6,4,6,217.3,0.0442460393458232,8.6146643498474
8720260320010003,熊本競輪,3R,11:47,5-6,5,6,154.2,0.0540573693073693,7.335646347196357
2220260320010001,前橋競輪,1R,15:42,5-6,5,6,187.5,0.0432828879564416,7.115541491832811
6320260319020008,防府競輪,8R,14:05,4-5,4,5,272.3,0.0290210084260024,6.9024205944004775
2220260320010006,前橋競輪,6R,17:54,5-6,5,6,178.1,0.0435980050297948,6.7648046958064665
1320260319020001,いわき平競輪,1R,20:40,4-6,4,6,241.5,0.0312834531901801,6.554953945428512
2320260319020006,取手競輪,6R,10:34,2-5,2,5,220.6,0.0340759701955151,6.517159025130644
6320260319020011,防府競輪,11R,15:50,4-9,4,9,315.0,0.0233654897061459,6.360129257435983
2220260320010010,前橋競輪,10R,19:35,5-6,5,6,200.6,0.0365690643355525,6.335754305711832
8720260320010001,熊本競輪,1R,11:00,6-7,6,7,247.9,0.0295649544956745,6.329152219477713
2220260320010003,前橋競輪,3R,16:42,5-6,5,6,178.8,0.0394403327379382,6.051931493543352
2320260319020005,取手競輪,5R,10:13,2-6,2,6,171.3,0.038593627365758,5.61108836775436
6320260319020009,防府競輪,9R,14:40,2-8,2,8,280.3,0.0227886484337597,5.387658155982848
8720260320010002,熊本競輪,2R,11:23,3-4,3,4,193.0,0.0324731375131057,5.267315540029413
6320260319020012,防府競輪,12R,16:30,3-8,3,8,184.9,0.0324167635810851,4.993859586142645
8720260320010008,熊本競輪,8R,14:10,3-4,3,4,127.5,0.0459274993167433,4.855756162884775
2220260320010004,前橋競輪,4R,17:06,4-7,4,7,181.5,0.0317965552908551,4.771074785290202
8120260319020002,小倉競輪,2R,16:22,6-7,6,7,171.0,0.0327388116977391,4.598336800313401
2320260319020004,取手競輪,4R,09:52,5-6,5,6,112.3,0.049354271945955,4.542484739530749
8120260319020004,小倉競輪,4R,17:18,3-7,3,7,81.5,0.0666828538234931,4.4346525866146935
6320260319020004,防府競輪,4R,12:05,3-5,3,5,231.8,0.0222892910781934,4.166657671925251
6320260319020003,防府競輪,3R,11:35,3-9,3,9,97.9,0.0521215644759021,4.102701162190819
8120260319020010,小倉競輪,10R,19:48,3-5,3,5,123.7,0.0412441905927667,4.101906376325243
8720260320010010,熊本競輪,10R,15:00,4-6,4,6,109.3,0.0458044575501047,4.006427210226444
8120260319020001,小倉競輪,1R,15:57,2-7,2,7,153.4,0.0308336863051281,3.72988747920666
2320260319020001,取手競輪,1R,08:50,1-6,1,6,133.1,0.0350881427986948,3.670231806506284
2320260319020003,取手競輪,3R,09:31,4-7,4,7,96.6,0.0477538297058321,3.613019949583383
6320260319020007,防府競輪,7R,13:35,5-9,5,9,136.9,0.0334436142171659,3.578430786330016
8120260319020011,小倉競輪,11R,20:16,6-7,6,7,147.0,0.0307221036636207,3.516149238552244
8720260320010009,熊本競輪,9R,14:33,3-6,3,6,110.0,0.0402531601102598,3.427847612128581
2220260320010008,前橋競輪,8R,18:43,1-6,1,6,64.5,0.065604930658633,3.2315180274818323
8420260319020009,武雄競輪,9R,23:30,2-4,2,4,76.5,0.0550979084921211,3.2149899996472677
8120260319020008,小倉競輪,8R,18:56,1-5,1,5,121.5,0.0344510125110617,3.1857980200940066
2220260320010009,前橋競輪,9R,19:09,6-7,6,7,178.1,0.022411974294341,2.991572621822141
8720260320010012,熊本競輪,12R,16:10,2-3,2,3,48.7,0.0811555730619172,2.952276408115371
2220260320010012,前橋競輪,12R,20:30,3-4,3,4,85.6,0.0454024309678833,2.8864480908508106
1320260319020009,いわき平競輪,9R,23:20,1-4,1,4,51.0,0.0759904556083094,2.8755132360237803
1320260319020006,いわき平競輪,6R,22:20,1-6,1,6,46.5,0.0819312781238184,2.8098044327575598
8420260319020001,武雄競輪,1R,20:50,5-6,5,6,98.2,0.0381353301635256,2.7448894220582205
6320260319020010,防府競輪,10R,15:15,1-7,1,7,65.7,0.0565296082268624,2.7139952605048663
2220260320010007,前橋競輪,7R,18:18,1-6,1,6,65.3,0.0536037774369318,2.5003266666316475
1320260319020002,いわき平競輪,2R,21:00,4-5,4,5,133.5,0.0260699042983831,2.4803322238341456
6320260319020006,防府競輪,6R,13:05,6-9,6,9,139.4,0.0240515336048516,2.352783784516326
8420260319020004,武雄競輪,4R,21:50,2-6,2,6,45.7,0.0726252485782077,2.318973860024093
6320260319020002,防府競輪,2R,11:10,6-9,6,9,120.5,0.027451470519734,2.3079021976279543
8120260319020009,小倉競輪,9R,19:22,4-6,4,6,68.2,0.0471184202932521,2.2134762639997976
8720260320010005,熊本競輪,5R,12:42,5-6,5,6,108.8,0.029373832990948,2.1958730294151527
6320260319020001,防府競輪,1R,10:45,1-2,1,2,72.5,0.0421863039598898,2.0585070370920144
1320260319020005,いわき平競輪,5R,22:00,3-4,3,4,87.0,0.0344432533812324,1.99656304416722
8420260319020003,武雄競輪,3R,21:30,1-3,1,3,39.0,0.073345644609905,1.860480139786297
6320260319020005,防府競輪,5R,12:35,2-7,2,7,109.1,0.0257903490613801,1.813727082596572
1320260319020007,いわき平競輪,7R,22:40,2-3,2,3,46.5,0.0584160583547042,1.716346713493746
8420260319020006,武雄競輪,6R,22:30,1-5,1,5,27.7,0.098050031291371,1.715985866770977
2220260320010005,前橋競輪,5R,17:30,6-7,6,7,51.5,0.049832067869107,1.566351495259013
8420260319020005,武雄競輪,5R,22:10,5-6,5,6,48.0,0.0482826819714305,1.3175687346286675
8120260319020007,小倉競輪,7R,18:30,5-6,5,6,58.5,0.0394617126793765,1.3085101917435271
1320260319020008,いわき平競輪,8R,23:00,2-7,2,7,42.0,0.0516429052181645,1.1690020191629094
1320260319020004,いわき平競輪,4R,21:40,1-7,1,7,18.0,0.0952572200415691,0.7146299607482438
1320260319020003,いわき平競輪,3R,21:20,1-7,1,7,34.5,0.0487886296623905,0.6832077233524727
8420260319020008,武雄競輪,8R,23:10,2-5,2,5,30.7,0.0532497875792736,0.6347684786837016
8420260319020002,武雄競輪,2R,21:10,4-6,4,6,26.2,0.0584560741659022,0.5315491431466377
8420260319030005,武雄競輪,5R,22:10,1-6,1,6,255.3,0.1454896098731432,36.143497400613455
8120260319030009,小倉競輪,9R,19:22,6-7,6,7,489.7,0.0439327936845457,20.513889067322072
8720260320020007,熊本競輪,7R,13:42,5-6,5,6,390.7,0.0516010512428076,19.160530720564942
8720260320020006,熊本競輪,6R,13:12,5-6,5,6,629.1,0.0255075395434784,15.04679312680232
8120260319030010,小倉競輪,10R,19:48,1-6,1,6,351.7,0.0423071682028299,13.879431056935305
8120260319030008,小倉競輪,8R,18:56,5-6,5,6,126.0,0.1177061370736615,13.830973271281348
8720260320020010,熊本競輪,10R,15:00,4-6,4,6,390.4,0.0334162024583061,12.04568543972272
2320260319030003,取手競輪,3R,09:31,5-6,5,6,322.2,0.0389291343965597,11.542967102571543
8720260320020003,熊本競輪,3R,11:47,5-6,5,6,560.7,0.0221898127007814,11.441827981328158
2320260319030001,取手競輪,1R,08:50,4-6,4,6,151.3,0.0811256532275856,11.27431133333371
8720260320020004,熊本競輪,4R,12:12,6-7,6,7,507.4,0.0221353500572169,10.231476619031902
8720260320020005,熊本競輪,5R,12:42,4-6,4,6,210.5,0.0509652852398301,9.728192542984244
2320260319030006,取手競輪,6R,10:34,4-7,4,7,240.8,0.0439329612979362,9.579057080543055
2320260319030002,取手競輪,2R,09:10,6-7,6,7,349.8,0.0300435712551898,9.509241225065404
8120260319030001,小倉競輪,1R,15:57,5-6,5,6,198.2,0.0522901136538992,9.36390052620284
8420260319030009,武雄競輪,9R,23:30,4-7,4,7,143.2,0.064474329834743,8.232724032335199
2220260320020002,前橋競輪,2R,16:16,5-7,5,7,144.8,0.0561746868429144,7.134094654854016
2220260320020011,前橋競輪,11R,20:02,6-7,6,7,230.2,0.0346730488247733,6.981735839462814
1320260319030001,いわき平競輪,1R,20:40,6-7,6,7,247.5,0.0312804602999026,6.741913924225901
2320260319030007,取手競輪,7R,10:55,5-6,5,6,229.3,0.0295704451412985,5.78050307089976
2320260319030004,取手競輪,4R,09:52,3-7,3,7,172.7,0.0382795304978048,5.61087491697089
8120260319030003,小倉競輪,3R,16:54,2-5,2,5,118.9,0.0533680092926646,5.345456304897828
6320260319030009,防府競輪,9R,14:40,1-5,1,5,160.0,0.0386696891357744,5.187150261723907
8720260320020011,熊本競輪,11R,15:35,2-6,2,6,254.4,0.0241781928365017,5.15093225760604
2220260320020006,前橋競輪,6R,17:54,6-7,6,7,161.2,0.0378972691417673,5.109039785652889
2220260320020005,前橋競輪,5R,17:30,6-7,6,7,225.1,0.0268181318243055,5.036761473651177
8120260319030004,小倉競輪,4R,17:18,1-5,1,5,183.6,0.0326960916790634,5.003002432276053
8120260319030002,小倉競輪,2R,16:22,3-6,3,6,205.2,0.0292170839585807,4.995345628300771
2220260320020004,前橋競輪,4R,17:06,6-7,6,7,235.5,0.0249354581691216,4.872300398828144
6320260319030005,防府競輪,5R,12:35,1-8,1,8,118.3,0.049427544077983,4.847278464425391
8720260320020009,熊本競輪,9R,14:33,6-7,6,7,131.6,0.0429156682673315,4.647701943980828
6320260319030010,防府競輪,10R,15:15,3-4,3,4,193.7,0.0289299805003998,4.603737222927456
1320260319030008,いわき平競輪,8R,23:00,3-7,3,7,168.0,0.0323474464845175,4.434371009398952
2220260320020012,前橋競輪,12R,20:30,6-7,6,7,187.5,0.0285654555814622,4.356022921524176
6320260319030008,防府競輪,8R,14:05,2-8,2,8,153.0,0.0334809431842739,4.122584307193911
6320260319030011,防府競輪,11R,15:50,1-8,1,8,387.7,0.0129499749162819,4.020705275042498
6320260319030007,防府競輪,7R,13:35,6-9,6,9,309.0,0.0160546644338344,3.9608913100548406
6320260319030004,防府競輪,4R,12:05,6-9,6,9,225.2,0.0216732610571139,3.880818390062072
6320260319030006,防府競輪,6R,13:05,2-9,2,9,138.8,0.0317727441937209,3.410056894088463
6320260319030001,防府競輪,1R,10:45,1-4,1,4,98.9,0.0430920459918905,3.2618033485979767
8420260319030003,武雄競輪,3R,21:30,1-2,1,2,46.5,0.0899297296461751,3.181732428547144
6320260319030002,防府競輪,2R,11:10,4-5,4,5,143.3,0.0285830434614724,3.0959501280290027
8720260320020012,熊本競輪,12R,16:10,3-5,3,5,60.8,0.0647975247590714,2.9396895053515406
8720260320020002,熊本競輪,2R,11:23,5-7,5,7,151.2,0.0247572509923119,2.7432963500375664
2220260320020003,前橋競輪,3R,16:42,4-5,4,5,130.3,0.0282687977637716,2.6834243486194445
8120260319030007,小倉競輪,7R,18:30,1-2,1,2,34.8,0.1057253296890811,2.679241473180022
2220260320020001,前橋競輪,1R,15:42,5-6,5,6,85.5,0.042194442418057,2.607624826743878
1320260319030004,いわき平競輪,4R,21:40,1-5,1,5,39.7,0.0876531844042822,2.479831420850004
8420260319030004,武雄競輪,4R,21:50,1-4,1,4,28.5,0.1200355875420053,2.421014244947152
8720260320020001,熊本競輪,1R,11:00,1-3,1,3,49.5,0.0690023746060053,2.415617542997265
6320260319030012,防府競輪,12R,16:30,4-7,4,7,246.5,0.013431630319039,2.3108968736431192
2220260320020008,前橋競輪,8R,18:43,6-7,6,7,45.9,0.0719287181902555,2.301528164932729
8420260319030008,武雄競輪,8R,23:10,4-6,4,6,75.0,0.0428348358174768,2.2126126863107656
6320260319030003,防府競輪,3R,11:35,3-4,3,4,123.3,0.0244413864286082,2.013622946647401
2320260319030005,取手競輪,5R,10:13,1-7,1,7,67.4,0.0416990271106657,1.810514427258874
8120260319030005,小倉競輪,5R,17:42,3-6,3,6,83.0,0.031337585542096,1.6010195999939731
2220260320020007,前橋競輪,7R,18:18,5-6,5,6,240.7,0.0107928709748432,1.597844043644773
8720260320020008,熊本競輪,8R,14:10,1-2,1,2,58.0,0.0434490234435261,1.520043359724518
1320260319030007,いわき平競輪,7R,22:40,1-5,1,5,36.0,0.0687597635508219,1.4753514878295908
1320260319030005,いわき平競輪,5R,22:00,1-3,1,3,38.2,0.0628906242218584,1.402421845274993
8420260319030006,武雄競輪,6R,22:30,5-6,5,6,50.2,0.046791430214797,1.348929796782811
1320260319030009,いわき平競輪,9R,23:20,2-7,2,7,37.6,0.0620295845097698,1.3323123775673458
8420260319030001,武雄競輪,1R,20:50,5-7,5,7,106.5,0.0217786074183887,1.3194216900584013
1320260319030002,いわき平競輪,2R,21:00,2-7,2,7,34.5,0.0667561456579411,1.3030870251989684
8120260319030011,小倉競輪,11R,20:16,5-7,5,7,28.9,0.0783581623540869,1.264550892033112
8420260319030007,武雄競輪,7R,22:50,1-7,1,7,30.0,0.0706850375625628,1.1205511268768853
2220260320020010,前橋競輪,10R,19:35,1-3,1,3,48.5,0.0416134533295677,1.0182524864840343
1320260319030003,いわき平競輪,3R,21:20,1-5,1,5,26.2,0.0749661913446745,0.964114213230472
2220260320020009,前橋競輪,9R,19:09,3-5,3,5,34.2,0.0564727437920275,0.9313678376873408
8120260319030006,小倉競輪,6R,18:06,4-5,4,5,66.7,0.0264766100810546,0.765989892406342
1320260319030006,いわき平競輪,6R,22:20,1-4,1,4,32.2,0.053051930437417,0.7082721600848287
8420260319030002,武雄競輪,2R,21:10,1-5,1,5,29.2,0.0506281139172724,0.4783409263843563
2620260322010007,西武園競輪,7R,22:40,4-7,4,7,435.0,0.0681242539330545,28.634050460878747
4320260322010005,岐阜競輪,5R,17:42,4-5,4,5,719.0,0.0382760638978111,26.52048994252621
2820260322010005,立川競輪,5R,10:13,4-6,4,6,708.3,0.0347491133532873,23.61279698813342
8720260320030007,熊本競輪,7R,13:40,6-7,6,7,357.7,0.0609843473166997,20.8141010351835
2620260322010004,西武園競輪,4R,21:40,1-7,1,7,333.0,0.0643778583655872,20.43782683574056
8720260320030010,熊本競輪,10R,14:55,3-6,3,6,529.6,0.0300804477176758,14.930605111281118
4320260322010004,岐阜競輪,4R,17:18,6-7,6,7,626.6,0.0235849152349411,13.778307886214115
2820260322010007,立川競輪,7R,10:55,6-7,6,7,265.8,0.0535506464335416,13.233761822035367
2820260322010006,立川競輪,6R,10:34,3-6,3,6,276.2,0.048019858368981,12.263084881512569
2620260322010008,西武園競輪,8R,23:00,3-4,3,4,237.7,0.0553533182305863,12.15748374341038
4720260322010004,松阪競輪,4R,21:50,2-6,2,6,292.5,0.0445701680470981,12.03677415377622
2220260320030005,前橋競輪,5R,17:30,5-6,5,6,360.7,0.0300978046699354,9.856278144445705
2220260320030004,前橋競輪,4R,17:06,6-7,6,7,176.5,0.0524664589965335,8.260330012888177
4320260322010003,岐阜競輪,3R,16:54,3-6,3,6,316.9,0.0288476410061901,8.141817434861645
6320260319040003,防府競輪,3R,11:35,4-5,4,5,137.5,0.0663378603821793,8.12145580254966
2820260322010004,立川競輪,4R,09:52,1-3,1,3,144.2,0.0584897420464607,7.434220803099638
8720260320030004,熊本競輪,4R,12:12,6-7,6,7,196.4,0.0398661782855088,6.829717415273938
4320260322010008,岐阜競輪,8R,18:56,3-6,3,6,115.5,0.0638761501686845,6.377695344483065
4320260322010009,岐阜競輪,9R,19:22,5-6,5,6,147.7,0.0495211830920909,6.314278742701825
2620260322010001,西武園競輪,1R,20:40,1-6,1,6,140.2,0.0519156343365815,6.278571933988735
2220260320030003,前橋競輪,3R,16:42,4-6,4,6,87.4,0.0796895987643639,5.964870932005411
4320260322010010,岐阜競輪,10R,19:48,2-3,2,3,137.2,0.0494026462379083,5.778043063841018
4720260322010001,松阪競輪,1R,20:50,2-3,2,3,126.0,0.0527804410693481,5.650335574737863
4320260322010011,岐阜競輪,11R,20:16,5-6,5,6,161.2,0.0405423510909812,5.535426995866178
2220260320030007,前橋競輪,7R,18:18,3-6,3,6,142.8,0.0456383764129329,5.51716015176683
8720260320030006,熊本競輪,6R,13:12,6-7,6,7,82.8,0.0758739121859862,5.28235992899966
6320260319040006,防府競輪,6R,13:05,2-8,2,8,145.8,0.0417070073050808,5.080881665080792
8720260320030003,熊本競輪,3R,11:47,3-4,3,4,105.3,0.0548452965146323,4.77520972299078
2820260322010002,立川競輪,2R,09:10,3-7,3,7,134.8,0.0416226474954823,4.610732882391015
4320260322010006,岐阜競輪,6R,18:06,3-5,3,5,111.9,0.0489177448828959,4.473895652396054
2820260322010003,立川競輪,3R,09:31,2-6,2,6,124.0,0.0412264591870873,4.112080939198829
6320260319040012,防府競輪,12R,16:30,3-6,3,6,177.2,0.0287133504312496,4.088005696417443
2220260320030001,前橋競輪,1R,15:42,4-7,4,7,162.2,0.031336631570025,4.082801640658055
8720260320030012,熊本競輪,12R,16:10,1-2,1,2,107.4,0.0461291066731195,3.954266056693037
2220260320030006,前橋競輪,6R,17:54,4-6,4,6,186.5,0.0261329227926113,3.8737901008220215
4320260322010002,岐阜競輪,2R,16:22,6-7,6,7,112.8,0.0430201951615035,3.852678014217597
6320260319040004,防府競輪,4R,12:05,3-7,3,7,94.4,0.0499015614713946,3.710707402899655
4320260322010001,岐阜競輪,1R,15:57,1-6,1,6,129.2,0.0342891112205631,3.4301531696967604
8720260320030011,熊本競輪,11R,15:30,6-7,6,7,105.1,0.0409649007590796,3.3054110697792725
6320260319040011,防府競輪,11R,15:50,5-9,5,9,165.9,0.0258195049435098,3.283455870128278
6320260319040009,防府競輪,9R,14:40,3-6,3,6,133.4,0.0319528134670069,3.2625053164987285
2820260322010001,立川競輪,1R,08:50,4-5,4,5,80.3,0.0509112092476696,3.088170102587874
6320260319040008,防府競輪,8R,14:10,1-6,1,6,154.6,0.0263766957415661,3.0778371616461184
2620260322010006,西武園競輪,6R,22:20,1-6,1,6,70.5,0.0577690681284302,3.072719303054333
4720260322010009,松阪競輪,9R,23:30,1-4,1,4,102.7,0.0387004956363674,2.974540901854936
4320260322010007,岐阜競輪,7R,18:30,2-6,2,6,114.0,0.0340993268547019,2.887323261436024
6320260319040001,防府競輪,1R,10:45,1-6,1,6,229.4,0.0166541115819543,2.820453196900328
8720260320030008,熊本競輪,8R,14:03,2-4,2,4,68.6,0.0556447596988489,2.817230515341041
8720260320030002,熊本競輪,2R,11:23,5-6,5,6,94.1,0.0403259196175791,2.794669036014195
6320260319040002,防府競輪,2R,11:10,7-8,7,8,59.5,0.0613028267151294,2.6475181895502016
2220260320030012,前橋競輪,12R,20:30,4-7,4,7,183.1,0.0197204576671054,2.6108157988470087
6320260319040007,防府競輪,7R,13:35,3-8,3,8,102.5,0.0346811638293979,2.5548192925132915
6320260319040010,防府競輪,10R,15:15,1-9,1,9,180.8,0.019593436327124,2.5424932879440214
2620260322010002,西武園競輪,2R,21:00,2-5,2,5,68.2,0.0516867287133064,2.525034898247503
2220260320030009,前橋競輪,9R,19:09,6-7,6,7,68.8,0.0493515332900982,2.3953854903587586
8720260320030005,熊本競輪,5R,12:42,1-2,1,2,114.8,0.0284360456297063,2.264458038290289
4720260322010003,松阪競輪,3R,21:30,2-6,2,6,53.2,0.0601154369891763,2.1981412478241795
8720260320030001,熊本競輪,1R,11:00,3-5,3,5,68.8,0.0447449884294807,2.078455203948273
4720260322010005,松阪競輪,5R,22:10,2-6,2,6,34.5,0.0880320373306008,2.0371052879057303
2220260320030008,前橋競輪,8R,18:43,1-6,1,6,91.2,0.0322773001314175,1.94368977198528
6320260319040005,防府競輪,5R,12:35,3-9,3,9,94.9,0.0308433625011695,1.9270351013609908
8720260320030009,熊本競輪,9R,14:25,5-6,5,6,156.7,0.0182601450956026,1.8613647364809416
2220260320030011,前橋競輪,11R,20:02,1-7,1,7,44.2,0.0604554948262869,1.6721328713218853
2620260322010003,西武園競輪,3R,21:20,5-7,5,7,38.2,0.0677489175572934,1.5880086506886095
4720260322010006,松阪競輪,6R,22:30,2-5,2,5,30.7,0.0754801376859294,1.3172402269580332
2620260322010005,西武園競輪,5R,22:00,2-7,2,7,39.0,0.0479665123422782,0.8706939813488523
4720260322010007,松阪競輪,7R,22:50,2-3,2,3,27.0,0.0680144463264059,0.8363900508129614
4720260322010002,松阪競輪,2R,21:10,3-5,3,5,64.5,0.028128487973399,0.814287474284241
2220260320030010,前橋競輪,10R,19:35,1-5,1,5,19.1,0.08567209535524,0.6363370212850854
2220260320030002,前橋競輪,2R,16:16,3-4,3,4,42.3,0.030483163727269,0.289437825663482
2620260322010009,西武園競輪,9R,23:20,5-6,5,6,71.2,0.0176680316783712,0.2579638555000301
4720260322010008,松阪競輪,8R,23:10,1-7,1,7,13.5,0.0764119808944727,0.0315617420753817
4320260322020005,岐阜競輪,5R,17:36,2-7,2,7,762.7,0.0304993092613762,22.26182317365168
4720260322020008,松阪競輪,8R,23:10,2-7,2,7,210.0,0.0544729949954436,10.439328949043162
3820260323010004,静岡競輪,4R,17:00,1-6,1,6,251.0,0.0419807880267955,9.53717779472568
4320260322020006,岐阜競輪,6R,18:02,4-6,4,6,295.5,0.034015526919677,9.05158820476456
6220260323010002,広島競輪,2R,11:31,3-4,3,4,153.5,0.0649075411889027,8.963307572496568
3820260323010008,静岡競輪,8R,18:41,5-6,5,6,366.0,0.0265161014475538,8.704893129804695
6220260323010004,広島競輪,4R,12:24,3-6,3,6,148.2,0.0500759238554171,6.421251915372815
2820260322020007,立川競輪,7R,10:55,1-2,1,2,143.9,0.0484972909023874,5.978760160853548
3820260323010003,静岡競輪,3R,16:36,4-5,4,5,283.2,0.024195052681149,5.852038919301424
6220260323010011,広島競輪,11R,15:37,1-6,1,6,118.3,0.0566220784601839,5.698391881839762
4320260322020002,岐阜競輪,2R,16:24,3-7,3,7,142.8,0.0455211756598418,5.50042388422541
3820260323010001,静岡競輪,1R,15:48,5-6,5,6,222.9,0.0282179372178366,5.289778205855779
3820260323010002,静岡競輪,2R,16:12,6-7,6,7,241.3,0.0253772958048115,5.123541477701021
2820260322020005,立川競輪,5R,10:13,1-6,1,6,166.8,0.0366915809145164,5.120155696541348
4320260322020009,岐阜競輪,9R,19:20,1-4,1,4,89.2,0.0675107868104537,5.0219621834924695
6220260323010012,広島競輪,12R,16:06,3-5,3,5,157.9,0.0373253481846934,4.893672478363098
2820260322020004,立川競輪,4R,09:52,1-6,1,6,50.8,0.114391391539393,4.811082690201168
6220260323010010,広島競輪,10R,15:09,3-4,3,4,93.1,0.0624121718372129,4.810573198044522
2820260322020006,立川競輪,6R,10:34,3-6,3,6,112.0,0.0505845217995851,4.665466441553534
6220260323010003,広島競輪,3R,11:57,1-6,1,6,75.8,0.0693968847164453,4.260283861506559
3820260323010011,静岡競輪,11R,20:02,2-6,2,6,101.8,0.0506074107974246,4.151834419177832
3820260323010010,静岡競輪,10R,19:34,1-6,1,6,76.6,0.0671994763530564,4.1474798886441215
6220260323010009,広島競輪,9R,14:41,3-6,3,6,120.2,0.042029701466196,4.051970116236764
6220260323010005,広島競輪,5R,12:51,1-4,1,4,70.2,0.0629199819753934,3.4169827346726205
3820260323010012,静岡競輪,12R,20:30,2-6,2,6,71.3,0.0612805186084869,3.3693009767851203
6220260323010007,広島競輪,7R,13:45,4-6,4,6,84.3,0.0517287121237071,3.360730432028512
4320260322020007,岐阜競輪,7R,18:28,1-2,1,2,92.2,0.0461757961695842,3.257408406835668
2620260322020001,西武園競輪,1R,20:40,5-7,5,7,62.2,0.0650107237640695,3.0436670181251246
4320260322020004,岐阜競輪,4R,17:12,6-7,6,7,309.1,0.0130393326087502,3.030457709364688
6220260323010001,広島競輪,1R,11:05,1-7,1,7,93.9,0.0420191369211249,2.94559695689363
2820260322020001,立川競輪,1R,08:50,2-6,2,6,62.7,0.0606350210047095,2.801815816995288
2620260322020009,西武園競輪,9R,23:20,4-6,4,6,78.0,0.0467324587879327,2.6451317854587555
4720260322020003,松阪競輪,3R,21:30,2-3,2,3,45.7,0.0771443395379573,2.52549631688465
6220260323010008,広島競輪,8R,14:13,3-6,3,6,59.4,0.0592155910013832,2.517406105482162
3820260323010006,静岡競輪,6R,17:49,5-6,5,6,115.3,0.0293379416537368,2.382664672675853
2820260322020002,立川競輪,2R,09:10,4-6,4,6,60.3,0.0548516772436736,2.30755613779352
2620260322020004,西武園競輪,4R,21:40,4-5,4,5,88.5,0.0368583870606995,2.261967254871912
4320260322020003,岐阜競輪,3R,16:48,2-5,2,5,53.5,0.0593933403245771,2.177543707364876
3820260323010009,静岡競輪,9R,19:07,2-6,2,6,85.1,0.0372164338682151,2.167118522185109
4320260322020008,岐阜競輪,8R,18:54,2-7,2,7,78.0,0.0401125078953584,2.12877561583796
4320260322020001,岐阜競輪,1R,16:00,5-6,5,6,44.6,0.0682835495488796,2.045446309880033
4720260322020006,松阪競輪,6R,22:30,1-7,1,7,32.2,0.0934960950381681,2.010574260229015
2820260322020003,立川競輪,3R,09:31,3-5,3,5,32.0,0.0932880167940447,1.9852165374094333
4720260322020007,松阪競輪,7R,22:50,2-6,2,6,32.2,0.0829239697232183,1.6701518250876322
2620260322020008,西武園競輪,8R,23:00,5-6,5,6,41.2,0.0619070289015432,1.5505695907435817
3820260323010007,静岡競輪,7R,18:15,5-7,5,7,123.2,0.0206914999247577,1.5491927907301544
3820260323010005,静岡競輪,5R,17:24,1-3,1,3,48.2,0.0515923573855776,1.4867516259848408
2620260322020005,西武園競輪,5R,22:00,2-6,2,6,25.5,0.0965269859906924,1.4614381427626577
6220260323010006,広島競輪,6R,13:18,1-4,1,4,84.2,0.0285193116623843,1.4013260419727604
4720260322020009,松阪競輪,9R,23:30,2-4,2,4,23.7,0.0903869170855491,1.142169934927514
4320260322020011,岐阜競輪,11R,20:16,4-5,4,5,47.5,0.0448673418521916,1.131198737979103
2620260322020002,西武園競輪,2R,21:00,1-6,1,6,28.5,0.0733044604734957,1.089177123494628
2620260322020006,西武園競輪,6R,22:20,1-5,1,5,18.0,0.1093890989119102,0.9690037804143844
4320260322020010,岐阜競輪,10R,19:48,4-6,4,6,51.0,0.0366635484275219,0.8698409698036189
4720260322020004,松阪競輪,4R,21:50,1-3,1,3,19.5,0.0927544935363371,0.8087126239585747
4720260322020001,松阪競輪,1R,20:50,1-6,1,6,18.1,0.097385080150252,0.7626699507195625
2620260322020007,西武園競輪,7R,22:40,4-6,4,6,52.5,0.0316422768775852,0.6612195360732236
4720260322020002,松阪競輪,2R,21:10,1-5,1,5,21.0,0.0778413746012152,0.6346688666255205
2620260322020003,西武園競輪,3R,21:20,2-6,2,6,33.0,0.0454211012152523,0.4988963401033266
4720260322020005,松阪競輪,5R,22:10,1-5,1,5,18.7,0.0649273699466827,0.2141418180029666
5620260325010006,岸和田競輪,6R,23:04,2-4,2,4,1512.7,0.075041737897669,112.515636917804
4220260325010002,名古屋競輪,2R,21:07,2-5,2,5,615.7,0.0496404505877956,29.56362542690577
4220260325010006,名古屋競輪,6R,22:51,1-3,1,3,192.0,0.1079757141824225,19.73133712302513
8620260324020012,別府競輪,12R,20:17,4-6,4,6,681.7,0.0275402487599993,17.77418757969153
2320260324020007,取手競輪,7R,13:34,4-7,4,7,348.4,0.0512976467054708,16.872100112186043
4420260325010001,大垣競輪,1R,11:05,6-7,6,7,224.4,0.0708539676513895,14.899630340971804
4420260325010004,大垣競輪,4R,12:09,5-7,5,7,178.2,0.0716693506964272,11.771478294103336
2320260324020006,取手競輪,6R,13:07,3-5,3,5,201.7,0.0609135540920663,11.286263860369788
8620260324020009,別府競輪,9R,19:04,2-3,2,3,237.7,0.0500568628024756,10.898516288148464
8620260324020010,別府競輪,10R,19:28,2-6,2,6,321.7,0.035552129161328,10.43711995119922
2320260324020012,取手競輪,12R,16:10,5-6,5,6,314.8,0.0347879082209051,9.95123350794094
4220260325010001,名古屋競輪,1R,20:41,5-6,5,6,331.5,0.0317191863784612,9.514910284459914
2320260324020001,取手競輪,1R,11:12,6-7,6,7,376.6,0.0268087154964766,9.096162255973091
5620260325010001,岸和田競輪,1R,20:54,1-6,1,6,197.2,0.0511887240519525,9.09441638304504
4420260325010011,大垣競輪,11R,15:22,2-5,2,5,214.8,0.0441456560803071,8.482486926049974
2320260324020005,取手競輪,5R,12:41,6-7,6,7,242.6,0.0374137436172415,8.076574201542789
2320260324020004,取手競輪,4R,12:17,4-6,4,6,144.2,0.0616783290675691,7.894015051543466
4420260325010006,大垣競輪,6R,12:58,6-7,6,7,194.9,0.0419176970496908,7.169759154984739
2320260324020008,取手競輪,8R,14:01,1-6,1,6,148.2,0.0544624755647541,7.071338878696567
5620260325010002,岸和田競輪,2R,21:20,3-7,3,7,209.2,0.0383606792540227,7.025054099941556
8620260324020004,別府競輪,4R,17:04,3-6,3,6,265.2,0.0296328403376543,6.858629257545929
6220260323030012,広島競輪,12R,16:22,4-5,4,5,181.1,0.0422816020941464,6.65719813924992
8620260324020002,別府競輪,2R,16:16,4-6,4,6,171.0,0.0440852208336696,6.538572762557503
4220260325010003,名古屋競輪,3R,21:33,1-6,1,6,111.7,0.0667799719687217,6.4593228689062165
2320260324020002,取手競輪,2R,11:33,1-4,1,4,109.9,0.0677142065085801,6.441791295292956
8620260324020006,別府競輪,6R,17:52,5-6,5,6,190.5,0.0385351026222527,6.340937049539154
4420260325010009,大垣競輪,9R,14:20,1-4,1,4,166.7,0.0437572199265023,6.294328561747935
5620260325010007,岸和田競輪,7R,23:30,1-4,1,4,110.6,0.0644428387484508,6.127377965578665
2320260324020003,取手競輪,3R,11:54,4-6,4,6,324.4,0.0218784417177628,6.097366493242252
6220260323030001,広島競輪,1R,11:19,5-6,5,6,102.9,0.0634448924837059,5.528479436573343
8620260324020003,別府競輪,3R,16:40,4-7,4,7,93.5,0.0664556456082453,5.2136028643709365
7420260324020001,高知競輪,1R,08:50,5-6,5,6,108.6,0.0566178660284004,5.148700250684288
2320260324020009,取手競輪,9R,14:30,6-7,6,7,155.1,0.0381316477946657,4.914218572952651
8620260324020011,別府競輪,11R,19:52,2-6,2,6,279.0,0.0211150603972441,4.891101850831118
3820260323030007,静岡競輪,7R,18:28,5-6,5,6,115.5,0.0487514822587116,4.630796200881195
3820260323030003,静岡競輪,3R,16:52,5-7,5,7,132.7,0.0413155774781382,4.482577131348947
3820260323030009,静岡競輪,9R,19:16,3-7,3,7,110.2,0.0496550169457865,4.471982867425672
6220260323030011,広島競輪,11R,15:46,5-6,5,6,107.8,0.050370782176867,4.429970318666273
8620260324020008,別府競輪,8R,18:40,6-7,6,7,96.7,0.0540036132945734,4.222149405585248
2320260324020011,取手競輪,11R,15:34,2-6,2,6,131.0,0.039191776730795,4.1341227517341474
3820260323030002,静岡競輪,2R,16:28,2-7,2,7,158.1,0.0320426063468335,4.065936063434389
4420260325010012,大垣競輪,12R,15:58,4-7,4,7,159.2,0.0315071090567931,4.015931761841464
4420260325010002,大垣競輪,2R,11:26,4-6,4,6,92.8,0.0536512688060218,3.978837745198828
7420260324020003,高知競輪,3R,09:31,2-5,2,5,59.8,0.0815942046297743,3.879333436860505
7420260324020006,高知競輪,6R,10:34,4-7,4,7,146.6,0.0321397480041558,3.7116870574092538
4420260325010003,大垣競輪,3R,11:47,3-6,3,6,93.9,0.049624274041025,3.659719332452249
7420260324020002,高知競輪,2R,09:10,4-6,4,6,100.9,0.0459447384504174,3.6358241096471167
6220260323030007,広島競輪,7R,13:43,1-6,1,6,119.6,0.0384724901438882,3.601309821209039
4420260325010005,大垣競輪,5R,12:33,4-6,4,6,258.1,0.0177041658247006,3.5694451993552256
2320260324020010,取手競輪,10R,15:00,5-6,5,6,124.3,0.0361770768612699,3.4968106538558503
8620260324020005,別府競輪,5R,17:28,1-3,1,3,104.2,0.0430038482243314,3.481000984975342
8620260324020007,別府競輪,7R,18:16,2-3,2,3,118.5,0.037066701705955,3.392404152155676
4420260325010008,大垣競輪,8R,13:52,4-6,4,6,140.3,0.0307701270111419,3.317048819663219
3820260323030001,静岡競輪,1R,16:04,1-3,1,3,75.7,0.0558877773254136,3.230704743533813
4420260325010007,大垣競輪,7R,13:25,1-6,1,6,171.3,0.0242802537832207,3.15920747306572
4420260325010010,大垣競輪,10R,14:50,2-6,2,6,124.2,0.032719934496424,3.063815864455866
7420260324020005,高知競輪,5R,10:13,5-7,5,7,101.9,0.0398487595636593,3.0605885995368896
6220260323030004,広島競輪,4R,12:25,1-2,1,2,130.2,0.0302419672442487,2.937504135201184
3820260323030008,静岡競輪,8R,18:52,3-6,3,6,66.5,0.0569098975853426,2.784508189425285
3820260323030004,静岡競輪,4R,17:16,4-6,4,6,66.9,0.0564850975015184,2.7788530228515818
7420260324020007,高知競輪,7R,10:55,3-7,3,7,90.0,0.0415342567474755,2.738083107272798
6220260323030009,広島競輪,9R,14:40,4-6,4,6,72.6,0.050308581593492,2.65240302368752
8620260324020001,別府競輪,1R,15:52,6-7,6,7,99.0,0.036046931694359,2.5686462377415413
6220260323030002,広島競輪,2R,11:40,1-6,1,6,102.2,0.0340668321125744,2.4816302419051115
6220260323030008,広島競輪,8R,14:10,6-7,6,7,127.9,0.0253890407788039,2.24725831560903
6220260323030003,広島競輪,3R,12:01,5-7,5,7,93.8,0.0340976349057974,2.1983581541638046
7420260324020004,高知競輪,4R,09:52,2-3,2,3,115.4,0.0260736142281748,2.008895081931376
4220260325010005,名古屋競輪,5R,22:25,1-4,1,4,42.0,0.0711620352952237,1.9888054823993973
6220260323030006,広島競輪,6R,13:16,4-5,4,5,55.8,0.0533344051555213,1.976059807678092
3820260323030006,静岡競輪,6R,18:04,3-7,3,7,78.7,0.0375435954765749,1.9546809640064493
6220260323030010,広島競輪,10R,15:10,2-7,2,7,65.5,0.0449790131886679,1.9461253638577487
3820260323030012,静岡競輪,12R,20:30,3-6,3,6,123.2,0.0237995710070308,1.9321071480661989
3820260323030010,静岡競輪,10R,19:40,4-5,4,5,56.7,0.0507942255218361,1.8800325870881087
3820260323030005,静岡競輪,5R,17:40,4-5,4,5,39.3,0.0625705225773385,1.4590215372894049
4220260325010007,名古屋競輪,7R,23:17,1-6,1,6,36.3,0.0654339666913336,1.3752529908954123
6220260323030005,広島競輪,5R,12:49,3-5,3,5,54.2,0.0425038028853196,1.3037061163843229
3820260323030011,静岡競輪,11R,20:04,6-7,6,7,63.5,0.0338362136457208,1.1485995665032762
5620260325010005,岸和田競輪,5R,22:38,1-7,1,7,24.7,0.0761421416001748,0.8807108975243194
5620260325010004,岸和田競輪,4R,22:12,1-4,1,4,22.5,0.0681887551954054,0.5342469918966226
4220260325010004,名古屋競輪,4R,21:59,1-3,1,3,17.6,0.0742973195480996,0.3076328240465533
5620260325010003,岸和田競輪,3R,21:46,3-4,3,4,30.0,0.0370844812766097,0.112534438298292
8320260327020007,久留米競輪,7R,18:15,5-6,5,6,445.1,0.0441413937156787,18.64733434284861
3120260327020007,松戸競輪,7R,10:55,4-5,4,5,470.6,0.0355813041165508,15.744561717248828
3120260327020006,松戸競輪,6R,10:34,4-7,4,7,372.2,0.0421530299769965,14.689357757438112
6120260326030009,玉野競輪,9R,19:20,1-6,1,6,391.5,0.0389767581769008,14.259400826256693
8320260327020005,久留米競輪,5R,17:24,2-6,2,6,312.4,0.0444476973389198,12.885460648678547
6120260326030010,玉野競輪,10R,19:48,5-6,5,6,318.7,0.0398641282390115,11.704697669772974
2820260328010007,立川競輪,7R,13:39,5-6,5,6,295.7,0.0425180440377899,11.572585621974486
2820260328010006,立川競輪,6R,13:12,1-4,1,4,349.6,0.0341207339454691,10.928608587336027
4520260328010011,豊橋競輪,11R,15:54,3-4,3,4,474.0,0.0246118925189139,10.66603705396519
8320260327020012,久留米競輪,12R,20:30,4-6,4,6,179.2,0.058342356139423,9.4549502201846
4520260328010007,豊橋競輪,7R,13:48,3-4,3,4,321.2,0.0311242582848871,8.997111761105765
6120260326030002,玉野競輪,2R,16:24,2-5,2,5,169.4,0.0565141238188744,8.573492574917324
8120260326030009,小倉競輪,9R,23:30,5-6,5,6,189.7,0.0484151920153117,8.184361925304646
3120260327020004,松戸競輪,4R,09:52,4-6,4,6,220.7,0.0394044452558568,7.6965610679676
3620260326030002,小田原競輪,2R,12:09,4-6,4,6,128.9,0.0625529151279931,7.0630707599983165
2820260328010001,立川競輪,1R,11:05,5-6,5,6,149.8,0.0538169395319643,7.061777541888263
2820260328010008,立川競輪,8R,14:07,2-6,2,6,296.7,0.0270249890469129,7.018314250219085
2820260328010004,立川競輪,4R,12:18,1-4,1,4,401.8,0.0190442607101792,6.651983953350017
2820260328010003,立川競輪,3R,11:53,2-5,2,5,102.1,0.0748701540413918,6.644242727626103
2820260328010002,立川競輪,2R,11:29,3-5,3,5,340.6,0.0214687446312337,6.31225442139821
4520260328010001,豊橋競輪,1R,11:13,5-8,5,8,190.2,0.0379793808328533,6.223678234408704
3120260327020005,松戸競輪,5R,10:13,3-7,3,7,340.8,0.0211940483128947,6.22293166503454
8120260326030008,小倉競輪,8R,23:08,2-4,2,4,111.0,0.0639874249111476,6.102604165137389
8320260327020011,久留米競輪,11R,20:02,1-6,1,6,114.7,0.0613377017535357,6.035434391130554
8320260327020002,久留米競輪,2R,16:12,1-6,1,6,311.0,0.0219093263786197,5.8138005037507545
2820260328010010,立川競輪,10R,15:08,3-6,3,6,365.0,0.0186339649831334,5.801397218843727
6120260326030003,玉野競輪,3R,16:48,2-6,2,6,551.0,0.0121327676421305,5.685154970813946
4520260328010010,豊橋競輪,10R,15:19,5-8,5,8,334.7,0.0196487985960134,5.576452890085712
2820260328010005,立川競輪,5R,12:45,4-7,4,7,153.8,0.0413896131654665,5.365722504848762
3620260326030003,小田原競輪,3R,12:36,5-6,5,6,73.5,0.0852454749623366,5.265542409731741
4520260328010006,豊橋競輪,6R,13:21,6-9,6,9,506.7,0.0123559562083513,5.260763010771634
4520260328010008,豊橋競輪,8R,14:17,6-7,6,7,230.7,0.0271317744029267,5.259300354755195
3620260326030007,小田原競輪,7R,14:27,5-7,5,7,99.0,0.0595378362620334,4.89424578994131
6120260326030007,玉野競輪,7R,18:28,4-6,4,6,132.7,0.0441294267960493,4.855974935835743
4520260328010009,豊橋競輪,9R,14:47,1-6,1,6,627.5,0.0093149455937199,4.845128360059299
2820260328010009,立川競輪,9R,14:37,2-3,2,3,139.7,0.0410344391393741,4.732511147770566
4520260328010002,豊橋競輪,2R,11:37,6-7,6,7,179.8,0.031462253455218,4.656913171248206
3620260326030010,小田原競輪,10R,16:06,5-6,5,6,170.8,0.0323318904949749,4.522286896541718
3620260326030001,小田原競輪,1R,11:45,4-6,4,6,130.2,0.0407355675339801,4.303770892924216
3120260327020001,松戸競輪,1R,08:50,3-6,3,6,151.7,0.0339633311541063,4.152237336077934
6120260326030001,玉野競輪,1R,16:00,3-6,3,6,93.2,0.0550532051431185,4.130958719338649
8320260327020001,久留米競輪,1R,15:48,5-6,5,6,177.6,0.0285882991763951,4.077281933727773
6120260326030004,玉野競輪,4R,17:12,3-6,3,6,216.0,0.0228901805831034,3.944279005950351
6120260326030011,玉野競輪,11R,20:16,1-7,1,7,106.2,0.0449708480467412,3.7759040625639217
8320260327020004,久留米競輪,4R,17:00,4-6,4,6,117.4,0.0400758884540525,3.704909304505769
4520260328010004,豊橋競輪,4R,12:27,4-9,4,9,183.0,0.0256100391000421,3.6866371553077135
3620260326030005,小田原競輪,5R,13:30,1-3,1,3,108.6,0.0427918835159128,3.64719854982813
3620260326030008,小田原競輪,8R,14:57,1-7,1,7,121.3,0.0362111014135338,3.392406601461661
2820260328010011,立川競輪,11R,15:42,4-7,4,7,182.1,0.0240419793697932,3.3780444432393537
8320260327020003,久留米競輪,3R,16:36,1-6,1,6,156.7,0.0279245038410236,3.375769751888411
4520260328010005,豊橋競輪,5R,12:54,7-8,7,8,271.0,0.0152452266739276,3.13145642863439
8320260327020010,久留米競輪,10R,19:34,2-6,2,6,152.7,0.0270462554527499,3.129963207634914
8320260327020006,久留米競輪,6R,17:49,4-6,4,6,60.9,0.0665741520711169,3.0543658611310205
3620260326030006,小田原競輪,6R,13:57,1-6,1,6,158.1,0.0255278242838807,3.035949019281542
3120260327020003,松戸競輪,3R,09:31,3-4,3,4,163.9,0.0244182494350669,3.0021510824074715
4520260328010012,豊橋競輪,12R,16:30,1-4,1,4,116.4,0.0327280330411022,2.8095430459842987
6120260326030006,玉野競輪,6R,18:02,6-7,6,7,127.5,0.0274280416098668,2.4970753052580275
3120260327020002,松戸競輪,2R,09:10,2-7,2,7,51.3,0.0666164005256595,2.4174213469663357
8120260326030001,小倉競輪,1R,20:45,4-6,4,6,112.5,0.0301255987047313,2.3891298542822814
3620260326030004,小田原競輪,4R,13:03,2-6,2,6,66.0,0.0510944164225005,2.37223148388504
8120260326030003,小倉競輪,3R,21:25,1-7,1,7,57.0,0.0579869329342189,2.3052551772504803
6120260326030005,玉野競輪,5R,17:36,6-7,6,7,184.5,0.0178955923769036,2.3017367935387245
8320260327020009,久留米競輪,9R,19:07,1-6,1,6,91.8,0.0353911378564097,2.2489064552184117
4520260328010003,豊橋競輪,3R,12:01,3-4,3,4,160.7,0.0201128498235934,2.2321349666514694
3620260326030009,小田原競輪,9R,15:30,3-7,3,7,55.0,0.0567440975795602,2.120925366875813
8320260327020008,久留米競輪,8R,18:41,4-6,4,6,47.6,0.0515674776917834,1.4546119381288904
6120260326030008,玉野競輪,8R,18:54,3-7,3,7,30.2,0.0794259124305706,1.3986625554032337
2820260328010012,立川競輪,12R,16:18,1-6,1,6,104.7,0.0212617531722386,1.2261055571333856
8120260326030005,小倉競輪,5R,22:05,1-6,1,6,20.2,0.0907769625617992,0.8336946437483446
8120260326030004,小倉競輪,4R,21:45,1-5,1,5,19.5,0.0885099111427148,0.7259432672829405
8120260326030007,小倉競輪,7R,22:46,1-7,1,7,13.5,0.1217473546376504,0.6435892876082812
8120260326030006,小倉競輪,6R,22:25,1-7,1,7,17.2,0.0821346784108793,0.4127164686671254
8120260326030002,小倉競輪,2R,21:05,5-6,5,6,31.5,0.0412949406166307,0.3007906294238673
8720260329010008,熊本競輪,8R,23:00,1-7,1,7,247.5,0.1174372085039234,28.06570910472105
6220260329010005,広島競輪,5R,10:10,1-6,1,6,1016.2,0.0270454233025186,26.483559160019468
2820260328020006,立川競輪,6R,13:09,6-7,6,7,1332.5,0.0199678506993893,25.60716105693637
8320260327030010,久留米競輪,10R,19:38,5-6,5,6,589.8,0.043466955161543,24.63681015427806
2820260328020007,立川競輪,7R,13:35,1-6,1,6,628.6,0.0344356258636006,20.64623441785936
6220260329010007,広島競輪,7R,10:50,1-6,1,6,548.0,0.0375425958842862,19.573342544588844
8720260329010003,熊本競輪,3R,21:20,2-4,2,4,319.5,0.0637536259375949,19.36928348706157
3720260329010007,伊東競輪,7R,18:10,1-6,1,6,626.2,0.0324260562233436,19.305196407057817
6220260329010004,広島競輪,4R,09:50,4-6,4,6,584.9,0.0313185525971264,17.318221414059273
6220260329010006,広島競輪,6R,10:30,5-6,5,6,353.3,0.0515598184873864,17.21608387159362
8720260329010001,熊本競輪,1R,20:40,5-6,5,6,494.2,0.036657285502573,17.11603049537159
3720260329010010,伊東競輪,10R,19:25,2-6,2,6,404.2,0.036026794721069,13.5620304262561
3720260329010004,伊東競輪,4R,16:58,5-6,5,6,413.9,0.029928665735123,11.387474747767422
3520260329010008,平塚競輪,8R,23:10,1-7,1,7,204.0,0.0594034138885573,11.118296433265709
3520260329010001,平塚競輪,1R,20:50,3-7,3,7,299.2,0.0383331758607698,10.469286217542331
3120260327030007,松戸競輪,7R,11:00,2-7,2,7,354.4,0.0322850912841888,10.44183635111653
2820260328020004,立川競輪,4R,12:17,5-6,5,6,214.4,0.0512295540512382,9.98361638858547
2820260328020002,立川競輪,2R,11:28,3-5,3,5,102.0,0.1042637653034434,9.634904060951229
3720260329010002,伊東競輪,2R,16:14,3-6,3,6,500.4,0.0209389207275373,9.477835932059714
4520260328020010,豊橋競輪,10R,15:12,3-6,3,6,462.8,0.0190217583014367,7.803269741904925
2820260328020001,立川競輪,1R,11:05,5-6,5,6,204.0,0.0420773289388266,7.583775103520635
2820260328020011,立川競輪,11R,15:28,3-5,3,5,149.3,0.0564083547610351,7.421767365822541
3720260329010006,伊東競輪,6R,17:46,1-2,1,2,133.2,0.0627877388661561,7.363326816972004
2820260328020010,立川競輪,10R,14:58,5-6,5,6,598.5,0.013920411073207,7.331366027314395
3120260327030005,松戸競輪,5R,10:20,4-7,4,7,209.9,0.0391483644227921,7.21724169234407
8320260327030001,久留米競輪,1R,16:06,1-2,1,2,104.6,0.0750293379823489,6.848068752953703
2820260328020003,立川競輪,3R,11:52,5-6,5,6,252.8,0.0299790646497614,6.578707543459697
4520260328020006,豊橋競輪,6R,13:22,3-6,3,6,379.3,0.0193217601663467,6.328743631095329
2820260328020005,立川競輪,5R,12:43,3-4,3,4,176.0,0.0416226435856201,6.325585271069154
4520260328020012,豊橋競輪,12R,16:20,4-6,4,6,479.8,0.0148254976968612,6.113273794954029
3120260327030003,松戸競輪,3R,09:40,3-6,3,6,147.7,0.0476219908223534,6.0337680444616
6220260329010003,広島競輪,3R,09:30,1-2,1,2,104.1,0.0663036350453079,5.902208408216555
4520260328020009,豊橋競輪,9R,14:44,1-6,1,6,295.7,0.0233077994795992,5.892116306117493
4520260328020007,豊橋競輪,7R,13:48,3-8,3,8,326.6,0.0209773676774434,5.851208283453034
8320260327030009,久留米競輪,9R,19:12,2-6,2,6,142.8,0.0469607970677204,5.706001821270487
3720260329010008,伊東競輪,8R,18:34,2-6,2,6,260.2,0.0254044702259561,5.610243152793784
8720260329010009,熊本競輪,9R,23:20,1-2,1,2,74.2,0.0863442747031736,5.406745182975482
6220260329010001,広島競輪,1R,08:50,3-6,3,6,92.5,0.0683583659133322,5.323148846983233
3120260327030004,松戸競輪,4R,10:00,3-6,3,6,102.7,0.0587848166263518,5.037200667526333
8320260327030003,久留米競輪,3R,16:46,6-7,6,7,107.7,0.0544277141532759,4.861864814307815
3720260329010011,伊東競輪,11R,19:51,5-6,5,6,150.0,0.0372444697010707,4.586670455160604
8320260327030002,久留米競輪,2R,16:26,1-6,1,6,81.9,0.0670346410329285,4.490137100596845
8720260329010004,熊本競輪,4R,21:40,4-6,4,6,115.5,0.0472253467254362,4.454527546787886
3520260329010009,平塚競輪,9R,23:30,4-5,4,5,129.7,0.0405700267451824,4.261932468850165
4520260328020011,豊橋競輪,11R,15:44,1-4,1,4,138.1,0.0369103889511474,4.097324714153456
8320260327030004,久留米競輪,4R,17:10,5-6,5,6,77.3,0.0658726902882287,4.091958959280079
4520260328020004,豊橋競輪,4R,12:30,4-7,4,7,212.1,0.0239619829890607,4.082336591979787
3120260327030006,松戸競輪,6R,10:40,1-6,1,6,109.4,0.0463985136891355,4.075997397591426
2820260328020009,立川競輪,9R,14:30,5-6,5,6,144.3,0.0348553339050973,4.029624682505547
3520260329010002,平塚競輪,2R,21:10,2-6,2,6,111.7,0.0441182965234792,3.928013721672628
3720260329010001,伊東競輪,1R,15:54,5-6,5,6,186.7,0.0261841594150036,3.8885825627811847
4520260328020002,豊橋競輪,2R,11:40,5-7,5,7,97.1,0.0483892218256993,3.6985934392754034
3120260327030002,松戸競輪,2R,09:20,4-5,4,5,169.0,0.0275916009681521,3.6629805636177135
6220260329010002,広島競輪,2R,09:10,4-5,4,5,96.5,0.0480792306098761,3.6396457538530447
3520260329010007,平塚競輪,7R,22:50,1-4,1,4,84.7,0.0522335992532108,3.424185856746959
3720260329010005,伊東競輪,5R,17:22,1-6,1,6,96.3,0.0447917825950232,3.313448663900737
3720260329010003,伊東競輪,3R,16:35,2-6,2,6,99.7,0.0426140780460839,3.248623581194569
2820260328020008,立川競輪,8R,14:02,6-7,6,7,82.3,0.0489386917749969,3.0276543330822463
4520260328020005,豊橋競輪,5R,12:56,3-8,3,8,272.0,0.0145061041924209,2.945660340338509
4520260328020003,豊橋競輪,3R,12:04,3-5,3,5,87.3,0.0443166826432226,2.86884639475334
8320260327030007,久留米競輪,7R,18:22,2-6,2,6,92.7,0.0376833446544609,2.493246049468528
8320260327030011,久留米競輪,11R,20:04,6-7,6,7,74.6,0.0444307403483351,2.314533229985804
8320260327030012,久留米競輪,12R,20:30,2-5,2,5,43.2,0.0723988571533796,2.1276306290260023
4520260328020001,豊橋競輪,1R,11:16,7-8,7,8,52.2,0.0598553956901036,2.1244516550234107
3720260329010012,伊東競輪,12R,20:17,1-2,1,2,52.0,0.0594599893110826,2.091919444176295
3120260327030001,松戸競輪,1R,09:00,1-4,1,4,57.0,0.0513399929526573,1.9263795983014715
3520260329010005,平塚競輪,5R,22:10,1-2,1,2,29.2,0.0971222501138263,1.835969703323729
8320260327030005,久留米競輪,5R,17:34,1-7,1,7,48.6,0.05814038499809,1.8256227109071756
3720260329010009,伊東競輪,9R,18:59,4-6,4,6,45.3,0.0622277966026936,1.81891918610202
4520260328020008,豊橋競輪,8R,14:16,1-4,1,4,162.8,0.0171102973741241,1.7855564125074133
2820260328020012,立川競輪,12R,16:02,2-3,2,3,37.2,0.0745285764771777,1.7724630449510117
8320260327030008,久留米競輪,8R,18:46,5-6,5,6,45.1,0.0596440091136383,1.6899448110250894
8720260329010002,熊本競輪,2R,21:00,2-4,2,4,30.7,0.0754171367922542,1.315306099522204
3520260329010004,平塚競輪,4R,21:50,1-6,1,6,31.5,0.0735002089590818,1.315256582211079
8320260327030006,久留米競輪,6R,17:58,4-6,4,6,23.7,0.0878967467601641,1.0831528982158898
3520260329010006,平塚競輪,6R,22:30,1-6,1,6,24.0,0.0706456521313554,0.6954956511525303
3520260329010003,平塚競輪,3R,21:30,1-3,1,3,21.7,0.0732472016397119,0.5894642755817501
8720260329010007,熊本競輪,7R,22:40,2-4,2,4,21.0,0.0737673010616916,0.5491133222955238
8720260329010006,熊本競輪,6R,22:20,1-2,1,2,15.0,0.0850500513465484,0.2757507701982273
8720260329010005,熊本競輪,5R,22:00,2-5,2,5,17.2,0.0664587971843869,0.1430913115714551
8720260404010005,熊本競輪,5R,22:36,1-5,1,5,598.8,0.1162995134905851,68.64014867816236
4520260404010010,豊橋競輪,10R,19:48,1-6,1,6,525.7,0.0881348576711837,45.33249467774131
4520260404010009,豊橋競輪,9R,19:22,1-6,1,6,333.0,0.090748370817244,29.21920748214227
4720260404010006,松阪競輪,6R,22:45,1-2,1,2,352.5,0.0735245719648037,24.91741161759332
1320260404010004,いわき平競輪,4R,22:01,1-6,1,6,264.0,0.0860312099768866,21.71223943389808
4520260404010006,豊橋競輪,6R,18:06,1-3,1,3,575.2,0.036246123830995,19.848770427588367
4720260404010001,松阪競輪,1R,20:41,3-5,3,5,435.0,0.0353680986200602,14.385122899726204
1320260404010001,いわき平競輪,1R,20:49,2-7,2,7,276.7,0.0450716003777561,11.471311824525117
4520260404010005,豊橋競輪,5R,17:42,1-6,1,6,387.3,0.0315195365891367,11.207516520972652
4520260404010008,豊橋競輪,8R,18:56,6-7,6,7,403.5,0.0277558968722002,10.199504387932793
8720260404010007,熊本競輪,7R,23:30,2-7,2,7,150.0,0.0732261723650522,9.983925854757832
1320260404010006,いわき平競輪,6R,22:54,1-7,1,7,117.7,0.0867706654178439,9.212907319680234
3720260402030010,伊東競輪,10R,15:16,3-6,3,6,340.3,0.0279171729985309,8.500213971400083
8420260402030001,武雄競輪,1R,08:30,1-6,1,6,393.7,0.0233817304911723,8.205387294374551
4520260404010003,豊橋競輪,3R,16:54,4-6,4,6,142.4,0.0630618916583335,7.980013372146692
4520260404010002,豊橋競輪,2R,16:32,6-7,6,7,233.1,0.038522920096296,7.979692674446602
4520260404010004,豊橋競輪,4R,17:18,1-5,1,5,183.2,0.0486881012686266,7.919660152412408
6120260402030002,玉野競輪,2R,16:18,4-6,4,6,283.3,0.0312341522866068,7.848635342795735
8420260402030006,武雄競輪,6R,10:14,1-6,1,6,227.9,0.0373456082307606,7.511064115790356
6120260402030011,玉野競輪,11R,20:02,4-6,4,6,182.7,0.0427931868578212,6.818315238923946
6120260402030008,玉野競輪,8R,18:43,1-6,1,6,177.2,0.0414937610940996,6.352694465874455
8720260404010004,熊本競輪,4R,22:09,2-5,2,5,105.7,0.0667374614121947,6.054149671268985
8720260404010002,熊本競輪,2R,21:21,3-4,3,4,114.7,0.0603001615117288,5.916428525395295
3720260402030011,伊東競輪,11R,15:47,7-8,7,8,361.4,0.0189614528120104,5.852669046260572
8420260402030007,武雄競輪,7R,10:35,2-5,2,5,180.2,0.0357407329163471,5.440480071525757
4720260404010002,松阪競輪,2R,21:05,2-5,2,5,139.5,0.0454445915345347,5.339520519067592
3720260402030006,伊東競輪,6R,13:13,4-9,4,9,151.5,0.0409507887861149,5.204044501096411
3720260402030002,伊東競輪,2R,11:14,4-8,4,8,156.3,0.0393072111464729,5.143717102193721
4520260404010001,豊橋競輪,1R,16:07,1-2,1,2,180.8,0.0334386460838335,5.0457072119570965
3720260402030012,伊東競輪,12R,16:25,2-9,2,9,284.9,0.0197630137555834,4.630482618965714
4520260404010007,豊橋競輪,7R,18:30,1-2,1,2,120.0,0.0468447225549288,4.621366706591462
8420260402030003,武雄競輪,3R,09:11,2-6,2,6,42.6,0.1277415955640547,4.441791971028731
1320260404010002,いわき平競輪,2R,21:13,4-5,4,5,90.7,0.0544609432662964,3.9396075542530857
6120260402030004,玉野競輪,4R,17:06,1-6,1,6,111.5,0.0413506222267162,3.610594378278863
8420260402030004,武雄競輪,4R,09:32,4-6,4,6,134.7,0.0326908950584322,3.403463564370829
6120260402030007,玉野競輪,7R,18:18,6-7,6,7,108.0,0.0392575255436288,3.239812758711915
3720260402030009,伊東競輪,9R,14:45,8-9,8,9,214.2,0.0195812313788874,3.1942997613576942
8420260402030005,武雄競輪,5R,09:53,4-5,4,5,67.0,0.0623473442721579,3.177272066234585
3720260402030004,伊東競輪,4R,12:13,2-4,2,4,139.7,0.0296760602664831,3.145745619227699
3720260402030005,伊東競輪,5R,12:43,1-7,1,7,75.9,0.0533910499205037,3.0523806889662355
6120260402030012,玉野競輪,12R,20:30,4-6,4,6,109.7,0.0366714724929973,3.022860532481813
6120260402030010,玉野競輪,10R,19:35,6-7,6,7,100.5,0.03997911244038,3.017900800258194
8420260402030002,武雄競輪,2R,08:50,2-6,2,6,68.5,0.0580961873550838,2.9795888338232426
6120260402030003,玉野競輪,3R,16:42,3-6,3,6,81.6,0.0461077123472474,2.762389327535389
6120260402030005,玉野競輪,5R,17:30,4-6,4,6,70.5,0.0519785579887845,2.6644883382093134
3720260402030008,伊東競輪,8R,14:14,1-8,1,8,444.3,0.0079155808063755,2.5168925522726724
3720260402030007,伊東競輪,7R,13:43,3-7,3,7,116.4,0.0289574342085449,2.3706453418746274
1320260404010007,いわき平競輪,7R,23:21,1-7,1,7,45.0,0.0708693388709552,2.189120249192986
6120260402030006,玉野競輪,6R,17:54,6-7,6,7,159.7,0.0195319234029105,2.11924816744481
8720260404010003,熊本競輪,3R,21:45,3-7,3,7,44.2,0.0703902280987229,2.111248081963553
3720260402030003,伊東競輪,3R,11:43,2-3,2,3,52.5,0.0576993055327442,2.0292135404690708
3720260402030001,伊東競輪,1R,10:45,4-5,4,5,102.4,0.0289994457332677,1.9695432430866129
6120260402030001,玉野競輪,1R,15:55,2-5,2,5,62.7,0.0470816828632522,1.952021515525915
6120260402030009,玉野競輪,9R,19:09,1-7,1,7,91.5,0.0305812563215206,1.7981849534191352
8720260404010001,熊本競輪,1R,20:57,1-5,1,5,29.0,0.0905167312488991,1.624985206218076
8720260404010006,熊本競輪,6R,23:03,2-3,2,3,27.7,0.0896372596371446,1.4829520919489072
4720260404010003,松阪競輪,3R,21:29,2-5,2,5,39.7,0.0610016758286424,1.421766530397104
4520260404010011,豊橋競輪,11R,20:16,2-3,2,3,55.2,0.0338552146786744,0.8688078502628298
4720260404010004,松阪競輪,4R,21:53,2-7,2,7,45.0,0.0412143072602322,0.8546438267104517
1320260404010003,いわき平競輪,3R,21:37,2-7,2,7,30.7,0.0557984133209754,0.7130112889539464
4720260404010007,松阪競輪,7R,23:12,2-7,2,7,34.5,0.0495580981069099,0.7097543846883942
1320260404010005,いわき平競輪,5R,22:27,2-3,2,3,33.0,0.0502244220604999,0.6574059279964994
4720260404010005,松阪競輪,5R,22:18,2-3,2,3,27.0,0.0481756956850878,0.3007437834973725
4720260404020007,松阪競輪,7R,23:12,3-4,3,4,996.0,0.046452035334391,45.26622719305345
4520260404020005,豊橋競輪,5R,17:42,4-5,4,5,669.0,0.0475843280775278,30.833915483866107
2320260405010006,取手競輪,6R,10:14,4-6,4,6,554.7,0.0366818709430143,19.347433812090067
4520260404020006,豊橋競輪,6R,18:06,1-7,1,7,331.0,0.057585078122394,18.060660858512424
2320260405010005,取手競輪,5R,09:53,5-6,5,6,575.3,0.0322774323006051,17.56920680253817
8720260404020006,熊本競輪,6R,23:03,1-7,1,7,212.2,0.0733408202254145,14.562922051832954
7420260405010004,高知競輪,4R,12:08,5-6,5,6,488.3,0.0297315481927058,13.51791498249829
7420260405010003,高知競輪,3R,11:40,6-7,6,7,537.0,0.0250232944310832,12.437509109491693
2220260405010004,前橋競輪,4R,17:06,5-6,5,6,360.4,0.0349206506774182,11.585402504141546
4720260404020001,松阪競輪,1R,20:41,2-5,2,5,249.7,0.0446415548340043,10.146996242050893
3720260402040009,伊東競輪,9R,14:46,3-4,3,4,281.7,0.0372115233483653,9.482486127234516
2220260405010002,前橋競輪,2R,16:18,3-6,3,6,320.8,0.0293246182586941,8.407337537389099
7420260405010009,高知競輪,9R,14:31,6-7,6,7,240.0,0.0381579167107535,8.157900010580844
2320260405010003,取手競輪,3R,09:11,4-6,4,6,195.8,0.046662433188666,8.136504418340811
4520260404020011,豊橋競輪,11R,20:16,2-3,2,3,207.0,0.0436338438462198,8.032205676167505
2320260405010004,取手競輪,4R,09:32,5-6,5,6,292.8,0.0305966858895109,7.958709628448807
4520260404020010,豊橋競輪,10R,19:48,1-7,1,7,148.5,0.0599864675449632,7.907990430427045
3720260402040007,伊東競輪,7R,13:46,1-6,1,6,377.1,0.0227954865652805,7.596177983767305
7420260405010007,高知競輪,7R,13:32,6-7,6,7,262.2,0.0321553831775502,7.431141469153678
7420260405010010,高知競輪,10R,15:01,4-6,4,6,224.1,0.0356164531571631,6.981647152520263
4520260404020002,豊橋競輪,2R,16:32,1-2,1,2,229.9,0.0330309922698844,6.593825122846445
2220260405010003,前橋競輪,3R,16:42,1-6,1,6,221.8,0.0340690447412406,6.556514123607169
1320260404020001,いわき平競輪,1R,20:49,4-5,4,5,155.2,0.0468581439265267,6.272383937396948
7420260405010002,高知競輪,2R,11:12,4-6,4,6,383.1,0.0187476359998974,6.1822193515607005
3720260402040011,伊東競輪,11R,15:48,5-6,5,6,435.4,0.016439227476571,6.157639643299046
3720260402040001,伊東競輪,1R,10:58,6-7,6,7,246.6,0.0285326607844655,6.036154149449216
3720260402040008,伊東競輪,8R,14:16,4-7,4,7,155.6,0.0427755521813947,5.655875919425021
4520260404020003,豊橋競輪,3R,16:54,3-6,3,6,148.4,0.0438776046721654,5.511436533349356
2220260405010007,前橋競輪,7R,18:18,3-5,3,5,105.9,0.061382528647928,5.500409783815575
2320260405010001,取手競輪,1R,08:30,2-6,2,6,98.7,0.0637448939102783,5.291621028944474
2220260405010009,前橋競輪,9R,19:09,5-6,5,6,355.5,0.0176433780737649,5.272220905223431
2220260405010001,前橋競輪,1R,15:55,5-6,5,6,116.0,0.0516280950335136,4.9888590238875805
7420260405010011,高知競輪,11R,15:32,2-3,2,3,113.9,0.0514508953967523,4.860256985690088
7420260405010001,高知競輪,1R,10:45,5-6,5,6,341.8,0.016425195880882,4.614131952085496
7420260405010012,高知競輪,12R,16:03,5-7,5,7,70.8,0.0736691163339261,4.215773436441971
7420260405010008,高知競輪,8R,14:01,2-6,2,6,126.6,0.0405727829547102,4.136514322066319
4520260404020004,豊橋競輪,4R,17:18,4-6,4,6,199.5,0.0252411112462246,4.035601693621825
2320260405010002,取手競輪,2R,08:50,4-6,4,6,153.5,0.032443042185939,3.980006975541637
4520260404020008,豊橋競輪,8R,18:56,1-3,1,3,135.7,0.0363876838458834,3.937808697886382
4520260404020007,豊橋競輪,7R,18:30,1-4,1,4,99.7,0.0493888394823338,3.924067296388687
7420260405010005,高知競輪,5R,12:36,1-5,1,5,127.8,0.0368966516550963,3.7153920815213066
3720260402040012,伊東競輪,12R,16:25,1-9,1,9,216.5,0.0212219376597334,3.5945495033322885
3720260402040005,伊東競輪,5R,12:50,4-9,4,9,161.5,0.0278597593080183,3.4993511282449568
4520260404020009,豊橋競輪,9R,19:22,4-6,4,6,168.0,0.026551301453974,3.4606186442676465
3720260402040004,伊東競輪,4R,12:22,1-7,1,7,100.2,0.0417422186980035,3.1825703135399595
8720260404020001,熊本競輪,1R,20:57,1-4,1,4,55.5,0.0753558722209531,3.1822509082628985
3720260402040010,伊東競輪,10R,15:16,3-6,3,6,242.7,0.0170190452484425,3.130522281797009
8720260404020007,熊本競輪,7R,23:30,1-2,1,2,45.0,0.0911261553599269,3.1006769911967105
2220260405010011,前橋競輪,11R,20:02,4-6,4,6,177.2,0.0228599401910257,3.0507814018497585
2220260405010008,前橋競輪,8R,18:43,5-6,5,6,150.5,0.02451784580005,2.6899357929075305
3720260402040003,伊東競輪,3R,11:54,3-6,3,6,129.6,0.0284663680976374,2.6892413054538093
2220260405010006,前橋競輪,6R,17:54,4-6,4,6,114.7,0.0320968210704815,2.6815053767842296
3720260402040002,伊東競輪,2R,11:26,4-6,4,6,128.4,0.0271257131388186,2.482941567024311
8720260404020003,熊本競輪,3R,21:45,1-7,1,7,27.7,0.1252459980193077,2.4693141451348253
4720260404020002,松阪競輪,2R,21:05,2-3,2,3,47.2,0.0731675286203309,2.453507350879623
2220260405010010,前橋競輪,10R,19:35,4-6,4,6,197.2,0.0162631066481853,2.207084631022144
3720260402040006,伊東競輪,6R,13:18,3-8,3,8,149.5,0.0207351920114973,2.0999112057188576
4720260404020006,松阪競輪,6R,22:45,1-4,1,4,37.5,0.0826047546514335,2.0976782994287584
7420260405010006,高知競輪,6R,13:04,3-6,3,6,100.9,0.0304715146888075,2.074575832100677
1320260404020003,いわき平競輪,3R,21:37,1-4,1,4,40.5,0.0670272070726219,1.7146018864411894
1320260404020007,いわき平競輪,7R,23:21,1-6,1,6,44.2,0.0614014867432693,1.7139457140525067
8720260404020002,熊本競輪,2R,21:21,1-6,1,6,27.7,0.0919168112112056,1.546095670550396
2220260405010005,前橋競輪,5R,17:30,3-6,3,6,84.2,0.0295197902659995,1.4855663403971664
2220260405010012,前橋競輪,12R,20:30,4-5,4,5,54.2,0.0451326912916332,1.4461918680065209
1320260404020004,いわき平競輪,4R,22:01,4-5,4,5,33.0,0.0725986963163246,1.3957569784387136
4520260404020001,豊橋競輪,1R,16:10,4-6,4,6,49.6,0.0481317237225147,1.3873334966367312
8720260404020004,熊本競輪,4R,22:09,1-4,1,4,26.2,0.0787411586643762,1.063018357006658
4720260404020005,松阪競輪,5R,22:18,4-6,4,6,32.2,0.0601930939397522,0.9382176248600216
1320260404020002,いわき平競輪,2R,21:13,5-6,5,6,83.2,0.0220099186929041,0.8312252352496228
2320260405010007,取手競輪,7R,10:35,1-2,1,2,22.5,0.0810330850490756,0.8232444136042019
8720260404020005,熊本競輪,5R,22:36,1-4,1,4,20.2,0.0829125038686901,0.6748325781475404
1320260404020006,いわき平競輪,6R,22:54,1-6,1,6,23.2,0.0685194417480653,0.5896510485551163
1320260404020005,いわき平競輪,5R,22:27,1-4,1,4,18.0,0.0688217942080277,0.2387922957444992
4720260404020004,松阪競輪,4R,21:53,1-4,1,4,12.7,0.0893384132433251,0.1345978481902296
4720260404020003,松阪競輪,3R,21:29,1-5,1,5,16.5,0.0652101760278769,0.0759679044599697
1120260409020006,函館競輪,6R,18:05,3-5,3,5,708.0,0.0430983336209745,29.51362020364996
6320260410010003,防府競輪,3R,09:11,5-6,5,6,290.4,0.0538291742561871,14.631992203996733
8320260410010008,久留米競輪,8R,18:42,1-6,1,6,348.0,0.0423222062659262,13.72812778054232
3620260409020007,小田原競輪,7R,13:46,5-6,5,6,610.1,0.0224467989007115,12.69479200932409
6320260410010007,防府競輪,7R,10:35,2-6,2,6,277.1,0.0465671518088825,11.903757766241354
8620260410010001,別府競輪,1R,20:40,3-5,3,5,267.7,0.0477808912692322,11.790944592773462
2620260409020012,西武園競輪,12R,16:24,3-4,3,4,735.4,0.0168867239947294,11.418496825724043
3620260409020011,小田原競輪,11R,15:46,3-7,3,7,176.7,0.0645783350574109,10.410991804644514
8320260410010009,久留米競輪,9R,19:08,1-6,1,6,288.7,0.0391228810663838,10.29477576386502
6320260410010006,防府競輪,6R,10:14,4-6,4,6,286.5,0.0390849234942163,10.197830581092996
3620260409020008,小田原競輪,8R,14:16,6-7,6,7,757.1,0.0145846832640088,10.042063699181073
2620260409020010,西武園競輪,10R,15:06,8-9,8,9,618.1,0.0174366998751634,9.77762419283854
3620260409020003,小田原競輪,3R,11:52,1-3,1,3,353.7,0.029825830150983,9.549396124402689
1120260409020001,函館競輪,1R,16:09,2-6,2,6,162.8,0.0613249246324925,8.983697730169789
1120260409020007,函館競輪,7R,18:29,4-6,4,6,164.2,0.0604008051319227,8.917812202661715
1120260409020003,函館競輪,3R,16:53,6-7,6,7,201.0,0.0474863118746458,8.54474868680381
3820260410010007,静岡競輪,7R,22:50,1-7,1,7,120.0,0.0748286336775275,7.979436041303307
2620260409020006,西武園競輪,6R,13:06,4-8,4,8,687.5,0.012994050252412,7.933409548533318
3620260409020006,小田原競輪,6R,13:16,5-6,5,6,388.1,0.0226002305103381,7.771149461062244
3620260409020005,小田原競輪,5R,12:46,6-7,6,7,148.0,0.0576097630691841,7.526244934239248
6320260410010004,防府競輪,4R,09:32,5-6,5,6,216.0,0.03885187241581,7.392004441814976
1120260409020005,函館競輪,5R,17:41,5-7,5,7,172.0,0.0482587329953442,7.300502075199216
8320260410010001,久留米競輪,1R,15:53,6-7,6,7,103.3,0.0802670448924351,7.291585737388551
2620260409020009,西武園競輪,9R,14:36,6-9,6,9,395.5,0.0208442567245516,7.243903534560163
2620260409020007,西武園競輪,7R,13:36,6-9,6,9,490.3,0.0162040884670815,6.944864575410062
8620260410010003,別府競輪,3R,21:20,2-7,2,7,190.5,0.0415281622471806,6.911114908087914
2620260409020005,西武園競輪,5R,12:37,5-6,5,6,638.5,0.0123391708951772,6.878560616570655
3820260410010008,静岡競輪,8R,23:10,1-6,1,6,116.2,0.0672580261774046,6.81538264181442
3820260410010001,静岡競輪,1R,20:50,4-5,4,5,214.5,0.0362098267625491,6.767007840566791
3620260409020009,小田原競輪,9R,14:46,4-7,4,7,95.3,0.0805532240716336,6.676722254026689
2620260409020008,西武園競輪,8R,14:06,2-6,2,6,512.8,0.0148073916430183,6.593230434539784
8320260410010004,久留米競輪,4R,17:05,2-3,2,3,213.0,0.0352421075228323,6.506568902363295
3620260409020002,小田原競輪,2R,11:25,1-3,1,3,190.9,0.0391732428096218,6.478172052356815
4420260408030001,大垣競輪,1R,10:45,1-6,1,6,139.6,0.0535684049794628,6.478149335133015
1120260409020004,函館競輪,4R,17:17,2-6,2,6,223.6,0.0328441014672217,6.343941088070773
1120260409020009,函館競輪,9R,19:21,2-6,2,6,159.0,0.0423569173091394,5.734749852153177
8320260410010002,久留米競輪,2R,16:17,1-6,1,6,102.2,0.065835197178893,5.72835715168287
1120260409020010,函館競輪,10R,19:47,1-2,1,2,139.5,0.0481571608189747,5.71792393424697
2620260409020011,西武園競輪,11R,15:39,2-6,2,6,720.7,0.0092574624198988,5.671853166021117
3620260409020004,小田原競輪,4R,12:19,1-3,1,3,232.2,0.0282886490953227,5.5686243199339405
6320260410010001,防府競輪,1R,08:30,5-6,5,6,296.6,0.0217268118943214,5.444172407855741
4420260408030010,大垣競輪,10R,14:56,6-7,6,7,247.0,0.0252933743717882,5.247463469831697
3620260409020010,小田原競輪,10R,15:16,4-7,4,7,92.6,0.0670795264737905,5.2115641514730005
3820260410010009,静岡競輪,9R,23:30,2-7,2,7,140.2,0.0437435477326701,5.132845392120355
6320260410010005,防府競輪,5R,09:53,2-5,2,5,167.5,0.0351070887751306,4.880437369834377
8320260410010003,久留米競輪,3R,16:41,3-6,3,6,139.6,0.041018664878682,4.7262056170640125
4420260408030004,大垣競輪,4R,12:01,1-2,1,2,130.3,0.0434412657320299,4.660396924883505
8320260410010011,久留米競輪,11R,20:01,6-7,6,7,207.0,0.0271142345127119,4.612646544131381
3820260410010002,静岡競輪,2R,21:10,1-7,1,7,102.7,0.0543419651408422,4.580919819964499
6320260410010002,防府競輪,2R,08:50,2-6,2,6,224.6,0.024634235062171,4.5328491949636245
2620260409020003,西武園競輪,3R,11:43,2-3,2,3,176.2,0.0305906661828965,4.3900753814263656
4420260408030009,大垣競輪,9R,14:26,2-4,2,4,170.5,0.0315342337199795,4.376586849256519
4420260408030005,大垣競輪,5R,12:28,1-2,1,2,68.6,0.0770212213876646,4.283655787193797
8320260410010012,久留米競輪,12R,20:30,3-4,3,4,99.8,0.0528673302660041,4.276159560547213
8320260410010010,久留米競輪,10R,19:34,3-6,3,6,276.3,0.0187540095698197,4.181732844141206
1120260409020011,函館競輪,11R,20:15,5-7,5,7,111.7,0.046144670735411,4.154359721145419
4420260408030011,大垣競輪,11R,15:28,6-7,6,7,86.3,0.0585853027403343,4.0559116264908575
1120260409020008,函館競輪,8R,18:55,6-7,6,7,95.2,0.0519489246257189,3.9455376243684457
4420260408030003,大垣競輪,3R,11:34,1-5,1,5,111.6,0.0434096611822612,3.844518187940356
8620260410010002,別府競輪,2R,21:00,1-7,1,7,84.7,0.056017313484622,3.744666452147486
1120260409020002,函館競輪,2R,16:31,1-5,1,5,103.1,0.0454540483949874,3.686312389523208
8620260410010004,別府競輪,4R,21:40,1-2,1,2,45.7,0.1023835933294609,3.678930215156363
8320260410010007,久留米競輪,7R,18:17,3-6,3,6,86.8,0.05281749218105,3.5845583213151477
2620260409020001,西武園競輪,1R,10:53,2-4,2,4,108.6,0.0420634779841305,3.5680937090765736
2620260409020004,西武園競輪,4R,12:10,3-6,3,6,214.0,0.0212193300626429,3.540936633405587
2620260409020002,西武園競輪,2R,11:17,1-6,1,6,126.2,0.0355739514050313,3.489432667314957
4420260408030007,大垣競輪,7R,13:26,5-7,5,7,84.1,0.0499482146225969,3.200644849760401
4420260408030006,大垣競輪,6R,12:56,5-7,5,7,84.3,0.0486576965890633,3.101843822458036
4420260408030002,大垣競輪,2R,11:09,1-3,1,3,90.8,0.0425539115514808,2.863895168874462
4420260408030008,大垣競輪,8R,13:56,1-6,1,6,127.1,0.028592642766657,2.6341248956421057
4420260408030012,大垣競輪,12R,16:01,6-7,6,7,189.2,0.0174020522753255,2.292468290491587
3820260410010003,静岡競輪,3R,21:30,2-7,2,7,60.7,0.0463595049747586,1.8140219519678515
8620260410010007,別府競輪,7R,22:40,1-5,1,5,28.5,0.094375685744476,1.689707043717568
8320260410010006,久留米競輪,6R,17:53,1-6,1,6,92.7,0.0280548139078411,1.6006812492568776
3620260409020001,小田原競輪,1R,11:01,2-3,2,3,39.8,0.06271265665749,1.495963734968103
8620260410010009,別府競輪,9R,23:20,1-7,1,7,35.2,0.06669572391058,1.3476894816524174
8620260410010005,別府競輪,5R,22:00,1-4,1,4,27.0,0.0855523666963314,1.3099139008009502
8620260410010006,別府競輪,6R,22:20,1-5,1,5,27.0,0.0734274372424705,0.9825408055467058
3820260410010004,静岡競輪,4R,21:50,1-2,1,2,20.2,0.0970458518357599,0.9603262070823508
8620260410010008,別府競輪,8R,23:00,2-4,2,4,32.2,0.0576487715071121,0.8562904425290117
3820260410010006,静岡競輪,6R,22:30,1-7,1,7,18.7,0.0814349867221696,0.5228342517045728
3820260410010005,静岡競輪,5R,22:10,1-6,1,6,19.5,0.0717875174476921,0.3998565902299975
8320260410010005,久留米競輪,5R,17:29,3-4,3,4,49.8,0.0258790905897078,0.2887787113674516
8620260410020003,別府競輪,3R,21:20,2-6,2,6,792.7,0.0357507259602676,27.33960046870416
4220260411010007,名古屋競輪,7R,10:40,1-6,1,6,680.4,0.0392996873854558,25.73950729706416
4220260411010003,名古屋競輪,3R,09:20,5-6,5,6,374.6,0.0359074466932028,12.450929531273774
4220260411010006,名古屋競輪,6R,10:20,2-7,2,7,256.7,0.0473771735940773,11.161720461599655
3820260410020002,静岡競輪,2R,21:10,2-5,2,5,194.2,0.0555389692458934,9.785667827552498
2620260409030007,西武園競輪,7R,13:44,5-6,5,6,281.6,0.0356130457460571,9.0286336820897
4220260411010002,名古屋競輪,2R,09:00,6-7,6,7,190.0,0.0490565509722422,8.320744684726028
6320260410020005,防府競輪,5R,09:50,1-3,1,3,214.5,0.0412676368228713,7.851908098505902
6320260410020006,防府競輪,6R,10:10,2-6,2,6,194.9,0.0442677521512408,7.627784894276834
2620260409030010,西武園競輪,10R,15:15,4-6,4,6,497.9,0.0172151529365897,7.571424647128053
8320260410020005,久留米競輪,5R,17:30,3-5,3,5,174.8,0.048183490447792,7.422474130274042
1120260409030008,函館競輪,8R,18:56,6-7,6,7,105.0,0.0792780116618934,7.324191224498806
4220260411010004,名古屋競輪,4R,09:40,4-6,4,6,216.6,0.0384311235170454,7.324181353792046
2620260409030006,西武園競輪,6R,13:14,5-6,5,6,341.5,0.0231421248396971,6.903035632756561
1120260409030002,函館競輪,2R,16:32,3-6,3,6,124.9,0.06310561875653,6.881891782690596
3620260409030003,小田原競輪,3R,11:59,3-6,3,6,99.3,0.077377971260037,6.683632546121681
1120260409030010,函館競輪,10R,19:48,3-5,3,5,253.5,0.0291020363652321,6.377366218586358
1120260409030006,函館競輪,6R,18:06,4-7,4,7,180.7,0.0403807340614311,6.296798644900601
3820260410020001,静岡競輪,1R,20:50,4-5,4,5,182.2,0.0393415791360751,6.168035718592883
3620260409030004,小田原競輪,4R,12:29,5-6,5,6,177.9,0.0396495896227216,6.053661993882183
2620260409030003,西武園競輪,3R,11:44,5-6,5,6,194.3,0.0356509158629795,5.926972952176933
6320260410020007,防府競輪,7R,10:30,1-6,1,6,177.9,0.0378292810340695,5.729829095960972
8320260410020010,久留米競輪,10R,19:35,1-6,1,6,126.1,0.0527786232550982,5.6553843924678935
8620260410020002,別府競輪,2R,21:00,4-7,4,7,220.5,0.0297682699352353,5.563903520719385
2620260409030009,西武園競輪,9R,14:44,4-9,4,9,165.9,0.0388028264103646,5.437388901479495
1120260409030005,函館競輪,5R,17:42,3-7,3,7,182.2,0.0351900458388932,5.411626351846342
6320260410020002,防府競輪,2R,08:50,2-5,2,5,112.2,0.0549715575468811,5.167808756760066
3620260409030002,小田原競輪,2R,11:29,4-6,4,6,112.5,0.0544056039014116,5.120630438908814
1120260409030007,函館競輪,7R,18:30,3-7,3,7,157.5,0.0388390534775216,5.117150922709659
4220260411010005,名古屋競輪,5R,10:00,1-5,1,5,163.6,0.0365617574706737,4.981503522202222
4220260411010001,名古屋競輪,1R,08:40,4-5,4,5,57.2,0.1041637095561655,4.95816418661267
6320260410020004,防府競輪,4R,09:30,5-7,5,7,143.3,0.0415697896490324,4.956950856706352
1120260409030004,函館競輪,4R,17:18,3-6,3,6,113.6,0.0518413746993322,4.889180165844137
3620260409030010,小田原競輪,10R,15:31,3-4,3,4,190.8,0.0306196997265067,4.842238707817489
3620260409030008,小田原競輪,8R,14:29,5-7,5,7,110.4,0.0527424793020293,4.822769714944037
1120260409030001,函館競輪,1R,16:10,3-6,3,6,99.5,0.0536694916332356,4.34011441750695
8320260410020001,久留米競輪,1R,15:54,3-6,3,6,120.7,0.043177788549651,4.211559077942883
1120260409030003,函館競輪,3R,16:54,2-6,2,6,93.4,0.05496265863138,4.133512316170896
2620260409030008,西武園競輪,8R,14:14,2-8,2,8,174.0,0.02941401400194,4.118038436337562
3620260409030007,小田原競輪,7R,13:59,1-2,1,2,81.1,0.0619039770299493,4.020412537128889
2620260409030012,西武園競輪,12R,16:25,4-6,4,6,524.2,0.0093785836532518,3.916253551034632
2620260409030011,西武園競輪,11R,15:47,1-8,1,8,304.1,0.0159689146261483,3.856146937811701
8320260410020011,久留米競輪,11R,20:02,2-6,2,6,107.4,0.0449435128229429,3.826933277184069
8320260410020002,久留米競輪,2R,16:18,3-6,3,6,169.5,0.028406808749724,3.814954083078232
8320260410020003,久留米競輪,3R,16:42,4-5,4,5,65.0,0.0732570224270471,3.761706457758065
3620260409030006,小田原競輪,6R,13:29,1-6,1,6,106.9,0.0434953058996767,3.6496482006754416
1120260409030011,函館競輪,11R,20:16,1-5,1,5,90.6,0.0510924504580717,3.628976011501304
2620260409030005,西武園競輪,5R,12:44,5-6,5,6,245.5,0.0182542978630731,3.4814301253844464
8320260410020012,久留米競輪,12R,20:30,3-7,3,7,109.8,0.0403107321453387,3.426118389558196
3620260409030005,小田原競輪,5R,12:59,2-3,2,3,98.5,0.0448365244328088,3.4163976566316743
8320260410020007,久留米競輪,7R,18:18,5-6,5,6,130.3,0.0333362358820572,3.343711535432064
8320260410020008,久留米競輪,8R,18:43,6-7,6,7,376.5,0.0114822667212985,3.3230734205689174
3820260410020003,静岡競輪,3R,21:30,1-7,1,7,76.5,0.0550893467234366,3.214335024342901
6320260410020003,防府競輪,3R,09:10,3-6,3,6,138.6,0.029080902232208,3.030613049384029
6320260410020001,防府競輪,1R,08:30,1-6,1,6,94.9,0.0415801296861359,2.9459543072143024
3620260409030009,小田原競輪,9R,14:59,5-6,5,6,108.5,0.0358164893474983,2.886089094203568
2620260409030004,西武園競輪,4R,12:14,1-8,1,8,106.2,0.0353715421060455,2.756457771662036
3620260409030011,小田原競輪,11R,16:03,3-6,3,6,150.0,0.0250416037364316,2.756240560464746
2620260409030001,西武園競輪,1R,10:45,4-6,4,6,54.8,0.066973338431626,2.670138946053108
8620260410020001,別府競輪,1R,20:40,2-5,2,5,71.0,0.0490806957210089,2.484729396191634
8320260410020004,久留米競輪,4R,17:06,1-2,1,2,151.1,0.0229246302370302,2.463911628815264
8320260410020009,久留米競輪,9R,19:09,4-6,4,6,130.7,0.0256869418185825,2.357283295688736
1120260409030009,函館競輪,9R,19:22,4-5,4,5,159.0,0.0204946730126798,2.258653009016104
8320260410020006,久留米競輪,6R,17:54,6-7,6,7,51.2,0.0633345837752633,2.242730689293483
3820260410020009,静岡競輪,9R,23:30,4-5,4,5,93.0,0.0325274517128,2.0250530092904064
3620260409030001,小田原競輪,1R,10:59,4-5,4,5,35.5,0.0851864603907736,2.024119343872464
2620260409030002,西武園競輪,2R,11:14,3-7,3,7,77.5,0.0341306390010099,1.6451245225782691
8620260410020008,別府競輪,8R,23:00,1-2,1,2,18.7,0.1100461494137936,1.057862994037941
8620260410020004,別府競輪,4R,21:40,1-4,1,4,21.0,0.0920861943505055,0.9338100813606172
3820260410020007,静岡競輪,7R,22:50,1-6,1,6,27.0,0.0668324857328682,0.8044771147874417
8620260410020007,別府競輪,7R,22:40,1-2,1,2,15.0,0.1107367149401837,0.6610507241027559
8620260410020009,別府競輪,9R,23:20,2-7,2,7,32.2,0.0507406688779059,0.6338495378685702
3820260410020008,静岡競輪,8R,23:10,1-5,1,5,24.7,0.0629595107314518,0.5550999150668601
3820260410020005,静岡競輪,5R,22:10,1-7,1,7,10.5,0.0852482011490423,-0.1048938879350558
3820260410020006,静岡競輪,6R,22:30,1-7,1,7,15.0,0.0548219454972348,-0.1776708175414778
8620260410020005,別府競輪,5R,22:00,2-5,2,5,12.7,0.0601227823700688,-0.2364406639001258
8620260410020006,別府競輪,6R,22:20,1-6,1,6,9.7,0.0784027066848617,-0.2394937451568414
3820260410020004,静岡競輪,4R,21:50,1-7,1,7,5.2,0.0920916659094654,-0.5211233372707798
4620260412010004,富山競輪,4R,12:06,4-6,4,6,798.3,0.0358885089426093,27.64979668888504
3820260410030007,静岡競輪,7R,22:50,5-6,5,6,592.5,0.0312424890600743,17.511174768094065
4220260411020007,名古屋競輪,7R,10:40,4-6,4,6,287.7,0.059686583104268,16.171829959097924
1220260412010009,青森競輪,9R,19:02,4-6,4,6,645.0,0.0263605022038267,16.002523921468242
8620260410030007,別府競輪,7R,22:40,5-6,5,6,528.0,0.0316748527270322,15.724322239873048
1220260412010007,青森競輪,7R,18:14,5-6,5,6,516.0,0.0322366435396366,15.634108066452498
8320260410030008,久留米競輪,8R,18:50,4-6,4,6,333.0,0.0455544665842165,14.169637372544123
1220260412010003,青森競輪,3R,16:38,3-6,3,6,357.1,0.041354276478338,13.767612130414507
4220260411020002,名古屋競輪,2R,09:00,4-6,4,6,219.8,0.0658082685979548,13.464657437830478
8320260410030005,久留米競輪,5R,17:38,4-6,4,6,291.0,0.0464062053426364,12.50420575470721
4620260412010006,富山競輪,6R,13:02,5-6,5,6,255.7,0.0504650052700157,11.90390184754303
1220260412010004,青森競輪,4R,17:02,5-6,5,6,182.2,0.0678279369099092,11.358250104985464
4620260412010008,富山競輪,8R,13:58,1-6,1,6,244.3,0.0426583717770039,9.421440225122064
4620260412010011,富山競輪,11R,15:28,2-6,2,6,168.5,0.0582031196355549,8.807225658591015
6320260410030002,防府競輪,2R,08:50,2-4,2,4,363.3,0.0260845030777665,8.47649996815258
2620260409040004,西武園競輪,4R,12:20,4-5,4,5,132.5,0.0710440659564552,8.413338739230323
6320260410030003,防府競輪,3R,09:10,2-3,2,3,268.6,0.0342198592029078,8.19145418190106
4220260411020006,名古屋競輪,6R,10:20,3-7,3,7,253.1,0.0359310612519848,8.094151602877362
6320260410030001,防府競輪,1R,08:30,1-6,1,6,392.1,0.0230036303763525,8.01972347056783
8320260410030002,久留米競輪,2R,16:28,6-7,6,7,101.5,0.0873430354671355,7.865318099914253
4220260411020005,名古屋競輪,5R,10:00,3-6,3,6,252.3,0.0346108462210482,7.732316501570475
1220260412010002,青森競輪,2R,16:14,1-6,1,6,97.0,0.0826603154240567,7.018050596133508
3820260410030009,静岡競輪,9R,23:30,2-7,2,7,130.5,0.060178381577073,6.853278795808035
4220260411020003,名古屋競輪,3R,09:20,3-7,3,7,323.7,0.0240962171714062,6.799945498384201
4620260412010001,富山競輪,1R,10:45,2-6,2,6,183.5,0.0396830111420185,6.281832544560412
4620260412010003,富山競輪,3R,11:38,2-5,2,5,162.1,0.0443117680760684,6.182937605130699
4620260412010002,富山競輪,2R,11:11,3-6,3,6,265.4,0.0259392343958803,5.8842728086666565
1220260412010010,青森競輪,10R,19:26,4-5,4,5,146.6,0.0465177738779155,5.8195056505024185
6320260410030005,防府競輪,5R,09:50,1-6,1,6,250.1,0.0272552817469585,5.816545964914327
6320260410030007,防府競輪,7R,10:30,1-6,1,6,101.4,0.0654330999470773,5.634916334633646
4620260412010010,富山競輪,10R,14:57,6-7,6,7,100.5,0.063730346441911,5.404899817412057
4620260412010009,富山競輪,9R,14:27,2-5,2,5,166.8,0.0374859928964879,5.252663615134196
2620260409040008,西武園競輪,8R,14:12,3-7,3,7,135.0,0.046050235794849,5.216781832304617
8620260410030009,別府競輪,9R,23:20,4-5,4,5,152.2,0.0372824961544207,4.674395914702842
2620260409040009,西武園競輪,9R,14:42,4-7,4,7,267.3,0.0210180059501194,4.618112990466926
4220260411020001,名古屋競輪,1R,08:40,2-3,2,3,98.3,0.0557147990277766,4.476764744430441
8620260410030001,別府競輪,1R,20:40,5-7,5,7,206.2,0.0261675285296668,4.395744382817302
4220260411020004,名古屋競輪,4R,09:40,3-6,3,6,333.4,0.0157616568902317,4.25493640720325
3820260410030002,静岡競輪,2R,21:10,1-6,1,6,72.0,0.071729198932489,4.164502323139214
8320260410030004,久留米競輪,4R,17:14,5-6,5,6,163.7,0.0301621364445626,3.937541735974907
1220260412010006,青森競輪,6R,17:50,5-6,5,6,66.6,0.0724827445893837,3.8273507896529537
2620260409040006,西武園競輪,6R,13:16,3-6,3,6,329.0,0.0146389093776322,3.816201185241008
1220260412010001,青森競輪,1R,15:51,6-7,6,7,64.7,0.0728896663767774,3.715961414577504
6320260410030004,防府競輪,4R,09:30,1-4,1,4,93.0,0.0504456427891315,3.691444779389237
1220260412010011,青森競輪,11R,19:51,4-6,4,6,93.9,0.0493009082757593,3.629355287093804
8620260410030008,別府競輪,8R,23:00,5-6,5,6,97.5,0.0458418601280292,3.4695813624828498
6320260410030006,防府競輪,6R,10:10,1-6,1,6,290.7,0.0151250925855251,3.396864414612174
4620260412010007,富山競輪,7R,13:30,4-6,4,6,155.6,0.0280939965293611,3.371425859968596
8320260410030006,久留米競輪,6R,18:02,5-6,5,6,76.2,0.0571869479028503,3.357645430197194
8320260410030001,久留米競輪,1R,16:06,1-7,1,7,131.1,0.0312426761889628,3.0959148483730328
2620260409040003,西武園競輪,3R,11:52,2-6,2,6,74.5,0.0543891465369816,3.0519914170051337
2620260409040010,西武園競輪,10R,15:12,2-4,2,4,119.3,0.0334087426929442,2.9856630032682454
2620260409040005,西武園競輪,5R,12:48,6-7,6,7,139.3,0.0284289892285825,2.960158199541543
8320260410030011,久留米競輪,11R,20:04,5-6,5,6,108.5,0.0364239073521263,2.9519939477057138
1220260412010008,青森競輪,8R,18:38,4-6,4,6,253.5,0.0152262878710453,2.859863975310004
4620260412010005,富山競輪,5R,12:34,2-4,2,4,69.5,0.0497359883261746,2.4566511886691385
2620260409040001,西武園競輪,1R,10:58,4-5,4,5,48.4,0.0704380478966884,2.409201518199722
3820260410030008,静岡競輪,8R,23:10,2-7,2,7,116.2,0.0292849501664647,2.402911209343203
1220260412010012,青森競輪,12R,20:17,1-5,1,5,104.1,0.0322456644809708,2.3567736724690684
8320260410030003,久留米競輪,3R,16:50,3-6,3,6,51.9,0.0641262953272045,2.3281547274819143
2620260409040007,西武園競輪,7R,13:44,2-4,2,4,143.6,0.0230952702365087,2.316480805962649
8320260410030012,久留米競輪,12R,20:30,1-7,1,7,65.4,0.0505815774020036,2.3080351620910413
4620260412010012,富山競輪,12R,15:59,3-4,3,4,35.0,0.092544772637356,2.239067042307461
8320260410030009,久留米競輪,9R,19:14,3-5,3,5,76.6,0.0406034368598653,2.110223263465687
2620260409040012,西武園競輪,12R,16:21,2-6,2,6,124.8,0.0247697915344415,2.09126998349831
2620260409040002,西武園競輪,2R,11:24,4-6,4,6,79.1,0.0377394783891966,1.9851927405854568
8620260410030003,別府競輪,3R,21:20,1-5,1,5,30.7,0.0946639553413891,1.906183428980646
8320260410030010,久留米競輪,10R,19:38,1-7,1,7,45.0,0.0606517475806854,1.7293286411308464
8620260410030002,別府競輪,2R,21:00,2-7,2,7,66.0,0.0411310482415422,1.7146491839417894
3820260410030001,静岡競輪,1R,20:50,1-5,1,5,24.9,0.1081397611805275,1.6926800533951356
2620260409040011,西武園競輪,11R,15:44,1-5,1,5,104.4,0.0257070741942849,1.6838185458833452
8620260410030006,別府競輪,6R,22:20,1-5,1,5,28.5,0.085624830875042,1.4403076799386985
1220260412010005,青森競輪,5R,17:26,3-7,3,7,36.2,0.0659605640723694,1.387772419419774
8320260410030007,久留米競輪,7R,18:26,5-6,5,6,39.5,0.0589791821769394,1.3296776959891083
3820260410030004,静岡競輪,4R,21:50,1-7,1,7,30.7,0.0757266370021415,1.3248077559657443
8620260410030004,別府競輪,4R,21:40,1-5,1,5,37.5,0.0601735359361436,1.2565075976053874
8620260410030005,別府競輪,5R,22:00,1-7,1,7,26.2,0.0825491591607487,1.1627879700116166
3820260410030005,静岡競輪,5R,22:10,1-7,1,7,26.2,0.075981406485443,0.9907128499186076
3820260410030003,静岡競輪,3R,21:30,1-7,1,7,17.2,0.0850396038638505,0.462681186458229
3820260410030006,静岡競輪,6R,22:30,1-7,1,7,17.2,0.0778782150661561,0.3395052991378851
2720260503010006,京王閣競輪,6R,18:08,3-4,3,4,565.7,0.0273674904857072,14.481789367764597
2720260503010010,京王閣競輪,10R,19:48,4-6,4,6,245.8,0.0610726950594256,14.011668445606826
8320260501030002,久留米競輪,2R,21:21,4-7,4,7,352.9,0.0396648743439918,12.997734155994731
2720260503010005,京王閣競輪,5R,17:44,3-7,3,7,440.0,0.0303197940607614,12.34070938673503
6320260501030007,防府競輪,7R,10:35,5-6,5,6,539.0,0.0240848921150659,11.981756850020563
2720260503010002,京王閣競輪,2R,16:37,3-6,3,6,282.0,0.0420862950545588,10.86833520538559
8320260501030003,久留米競輪,3R,21:45,3-7,3,7,311.4,0.0378413971026693,10.783811057771247
2720260503010008,京王閣競輪,8R,18:56,2-6,2,6,272.5,0.0364937785667953,8.944554659451734
2720260503010003,京王閣競輪,3R,16:59,6-7,6,7,193.1,0.049785098348926,8.613502491177627
8320260501030001,久留米競輪,1R,20:57,1-7,1,7,116.8,0.0819249180916896,8.568830433109346
2720260503010004,京王閣競輪,4R,17:21,5-6,5,6,198.8,0.0476348095348809,8.46980013553433
7520260501030004,松山競輪,4R,21:53,5-7,5,7,228.2,0.0387004579355202,7.831444500885727
7520260501030002,松山競輪,2R,21:05,1-7,1,7,132.0,0.0662083534363503,7.73950265359824
6320260501030006,防府競輪,6R,10:14,2-4,2,4,185.4,0.0407901997867469,6.562503040462889
2720260503010007,京王閣競輪,7R,18:32,3-4,3,4,145.8,0.0497793376424184,6.257827428264607
5320260501030003,奈良競輪,3R,16:44,6-7,6,7,214.3,0.0334124917772561,6.160296987866001
5320260501030004,奈良競輪,4R,17:08,1-2,1,2,165.7,0.0409170962355852,5.779962846236471
2620260501030002,西武園競輪,2R,21:13,2-7,2,7,166.7,0.0405020451967829,5.751690934303712
3520260501030004,平塚競輪,4R,12:24,4-6,4,6,365.8,0.0184288389955394,5.741269304568332
2620260501030006,西武園競輪,6R,22:54,3-7,3,7,155.6,0.0427265768421596,5.648255356640039
5320260501030008,奈良競輪,8R,18:44,3-6,3,6,127.3,0.0517451019414904,5.587151477151732
6320260501030002,防府競輪,2R,08:50,3-6,3,6,68.7,0.0946853286865482,5.504882080765867
2620260501030005,西武園競輪,5R,22:27,4-7,4,7,284.0,0.0228358833423941,5.485390869239945
5320260501030002,奈良競輪,2R,16:20,1-4,1,4,83.6,0.0759017425927417,5.345385680753205
8320260501030006,久留米競輪,6R,23:03,3-7,3,7,187.5,0.0326845282205909,5.128349041360793
3520260501030001,平塚競輪,1R,10:45,6-8,6,8,662.4,0.0088791424249746,4.881543942303182
5320260501030010,奈良競輪,10R,19:35,5-7,5,7,112.9,0.0513665823100393,4.799287142803444
7520260501030007,松山競輪,7R,23:12,4-5,4,5,172.5,0.0316684565162219,4.462808749048293
3520260501030002,平塚競輪,2R,11:18,1-8,1,8,384.7,0.0136332487668498,4.244710800607147
2720260503010001,京王閣競輪,1R,16:13,5-6,5,6,143.1,0.0364710106795401,4.219001628242192
2620260501030003,西武園競輪,3R,21:37,6-7,6,7,153.9,0.0331231341523529,4.09765034604712
2620260501030001,西武園競輪,1R,20:49,5-6,5,6,107.6,0.0473502309440829,4.094884849583326
7520260501030003,松山競輪,3R,21:29,6-7,6,7,100.4,0.0504229730498755,4.062466494207508
5320260501030009,奈良競輪,9R,19:09,6-7,6,7,97.0,0.0514539251580054,3.991030740326531
6320260501030001,防府競輪,1R,08:30,2-6,2,6,99.5,0.047691714514286,3.745325594171464
3520260501030011,平塚競輪,11R,16:30,3-4,3,4,249.4,0.0186172097765898,3.6431321182815184
6320260501030003,防府競輪,3R,09:11,4-7,4,7,124.5,0.0371182336330056,3.621220087309202
2620260501030004,西武園競輪,4R,22:01,1-7,1,7,61.1,0.0745268129089911,3.5535882687393583
2720260503010009,京王閣競輪,9R,19:21,5-6,5,6,106.9,0.0407242007227512,3.353417057262108
3520260501030010,平塚競輪,10R,15:49,2-8,2,8,223.1,0.0193800499983453,3.3236891546308547
5320260501030007,奈良競輪,7R,18:20,6-7,6,7,62.2,0.0685195524971304,3.261916165321515
7520260501030001,松山競輪,1R,20:41,5-7,5,7,373.0,0.0112359320362842,3.191002649534036
3520260501030005,平塚競輪,5R,12:57,3-5,3,5,86.6,0.0482124618279306,3.175199194298794
5320260501030012,奈良競輪,12R,20:30,1-5,1,5,71.4,0.0580717901584321,3.1463258173120563
5320260501030001,奈良競輪,1R,15:56,1-6,1,6,77.9,0.0523376808942724,3.077105341663824
8320260501030004,久留米競輪,4R,22:09,6-7,6,7,76.1,0.0518449938539287,2.9454040322839745
6320260501030005,防府競輪,5R,09:53,6-7,6,7,146.0,0.0266697454190908,2.893782831187267
6320260501030004,防府競輪,4R,09:32,1-2,1,2,57.2,0.0634548054799492,2.629614873453099
5320260501030006,奈良競輪,6R,17:56,1-6,1,6,170.8,0.0210115823204758,2.5887782603372758
3520260501030008,平塚競輪,8R,14:37,4-6,4,6,239.9,0.0148677839495606,2.566781369499592
7520260501030005,松山競輪,5R,22:18,4-7,4,7,115.1,0.0306434681548402,2.5270631846221145
2620260501030007,西武園競輪,7R,23:21,1-7,1,7,45.4,0.0767231324309024,2.4832302123629706
3520260501030007,平塚競輪,7R,14:03,1-8,1,8,88.4,0.0387085897262939,2.421839331804388
3520260501030003,平塚競輪,3R,11:51,4-9,4,9,84.7,0.0403661385463136,2.4190119348727634
3520260501030006,平塚競輪,6R,13:30,4-5,4,5,94.2,0.0353467892303351,2.32966754549757
3520260501030009,平塚競輪,9R,15:12,1-4,1,4,60.5,0.0550219775895406,2.3288296441672083
8320260501030007,久留米競輪,7R,23:30,2-6,2,6,68.9,0.0479193853186189,2.3016456484528427
2720260503010011,京王閣競輪,11R,20:16,1-2,1,2,74.1,0.0426116161022983,2.1575207531803104
7520260501030006,松山競輪,6R,22:45,4-5,4,5,88.6,0.0348214953558546,2.0851844885287214
8320260501030005,久留米競輪,5R,22:36,6-7,6,7,58.6,0.0452211083712977,1.6499569505580465
5320260501030011,奈良競輪,11R,20:02,1-2,1,2,36.3,0.0684074633578595,1.4831909198903026
5320260501030005,奈良競輪,5R,17:32,2-5,2,5,60.1,0.0401437029798308,1.412636549087834
5620260504020007,岸和田競輪,7R,13:25,4-6,4,6,1015.2,0.0241257346459776,23.492445812596543
2120260504020002,弥彦競輪,2R,21:00,4-7,4,7,684.6,0.0339738113013003,22.25847121687024
7420260504020003,高知競輪,3R,21:30,5-6,5,6,431.2,0.0446763184842247,18.26442853039773
5620260504020006,岸和田競輪,6R,12:59,1-4,1,4,596.6,0.0299410667062755,16.862840396964017
7420260504020002,高知競輪,2R,21:10,5-6,5,6,442.4,0.0369298075886661,15.33774687722591
7420260504020005,高知競輪,5R,22:10,2-7,2,7,320.2,0.0506083360451536,15.204789201658183
4320260505010006,岐阜競輪,6R,10:10,2-6,2,6,400.1,0.036922635281494,13.772746376125788
7420260504020001,高知競輪,1R,20:50,5-7,5,7,422.5,0.0348886560355485,13.740457175019252
2120260504020001,弥彦競輪,1R,20:40,4-5,4,5,264.2,0.0465569672540327,11.300350748515458
2120260504020004,弥彦競輪,4R,21:40,5-7,5,7,350.6,0.0339767103942785,10.912234664234068
4720260504020006,松阪競輪,6R,17:59,4-5,4,5,371.9,0.0309090201783055,10.49506460431184
4720260504020007,松阪競輪,7R,18:24,2-7,2,7,480.4,0.0232840852410255,10.185674549788668
5620260504020002,岸和田競輪,2R,11:25,1-3,1,3,293.6,0.03726422434687,9.94077626824105
2720260503030008,京王閣競輪,8R,19:00,5-7,5,7,233.6,0.0464378011549231,9.847870349790057
2720260503030007,京王閣競輪,7R,18:35,1-6,1,6,260.4,0.0384574226190976,9.014312850013026
4720260504020004,松阪競輪,4R,17:09,2-6,2,6,420.8,0.0227208740681235,8.560943807866405
4320260505010002,岐阜競輪,2R,08:50,2-6,2,6,313.9,0.0302289155400273,8.488856588014569
2120260504020008,弥彦競輪,8R,23:00,2-6,2,6,261.0,0.0347168367755424,8.061094398416571
4320260505010003,岐阜競輪,3R,09:10,2-6,2,6,161.1,0.0549257856720602,7.848544071768902
5620260504020010,岸和田競輪,10R,14:51,5-6,5,6,130.1,0.0615396825507479,7.006312699852312
7420260504020004,高知競輪,4R,21:50,5-7,5,7,222.0,0.0349775336232205,6.765012464354964
2120260504020003,弥彦競輪,3R,21:20,3-7,3,7,291.6,0.0263567188007261,6.6856192022917424
3520260501050003,平塚競輪,3R,11:40,5-9,5,9,94.7,0.0808671424270818,6.658118387844648
2720260503030005,京王閣競輪,5R,17:48,5-6,5,6,126.3,0.0597897987242123,6.551451578868023
3520260501050009,平塚競輪,9R,15:09,1-4,1,4,161.9,0.0456976868830516,6.398455506366064
4320260505010001,岐阜競輪,1R,08:30,6-7,6,7,199.4,0.0370918041404517,6.396105745606072
4320260505010005,岐阜競輪,5R,09:50,3-5,3,5,230.9,0.0319883020760319,6.3860989493557865
2720260503030006,京王閣競輪,6R,18:11,3-4,3,4,230.2,0.0314771275958641,6.246034772567917
2720260503030001,京王閣競輪,1R,16:05,1-6,1,6,68.1,0.1042773743706444,6.1012891946408825
5620260504020003,岸和田競輪,3R,11:47,1-6,1,6,292.5,0.0240135279376629,6.023956921766412
2120260504020009,弥彦競輪,9R,23:20,4-5,4,5,177.0,0.0390265142869371,5.907693028787869
4720260504020003,松阪競輪,3R,16:44,5-6,5,6,319.2,0.0215309124132682,5.872667242315211
2720260503030009,京王閣競輪,9R,19:25,3-6,3,6,160.0,0.0422608379666565,5.761734074665048
3520260501050008,平塚競輪,8R,14:32,2-4,2,4,267.8,0.0249581707396991,5.683798124091445
4720260504020002,松阪競輪,2R,16:19,4-5,4,5,157.8,0.0422148587233872,5.661504706550501
4720260504020005,松阪競輪,5R,17:34,3-4,3,4,129.0,0.04962905042229,5.40214750447541
3520260501050004,平塚競輪,4R,12:16,3-6,3,6,174.8,0.0357627646963145,5.25133126891578
7420260504020006,高知競輪,6R,22:30,5-6,5,6,255.0,0.0232116080708802,4.918960058074464
4720260504020008,松阪競輪,8R,18:49,2-6,2,6,53.6,0.1097290206115508,4.881475504779126
2720260503030010,京王閣競輪,10R,19:50,1-2,1,2,101.7,0.0572445028820999,4.821765943109569
3520260501050011,平塚競輪,11R,16:30,3-9,3,9,152.7,0.0381229783704383,4.821378797165935
5620260504020005,岸和田競輪,5R,12:34,3-6,3,6,138.8,0.0418541025768854,4.809349437671698
4320260505010004,岐阜競輪,4R,09:30,6-7,6,7,106.8,0.0538472386250048,4.750885085150519
1220260504020005,青森競輪,5R,10:00,5-7,5,7,135.0,0.0425801539299855,4.7483207805480445
3520260501050010,平塚競輪,10R,15:48,2-7,2,7,121.8,0.0456246356157259,4.5570806179954255
7420260504020008,高知競輪,8R,23:10,2-7,2,7,75.7,0.0733724882354274,4.55429735942186
1220260504020004,青森競輪,4R,09:40,1-7,1,7,183.1,0.0303077559638802,4.549350116986479
5620260504020004,岸和田競輪,4R,12:09,4-6,4,6,156.7,0.0349228499643224,4.472410589409325
5620260504020011,岸和田競輪,11R,15:29,5-6,5,6,130.5,0.0414865817732388,4.413998921407669
1220260504020003,青森競輪,3R,09:20,2-7,2,7,151.1,0.0351769070307486,4.315230652346118
3520260501050007,平塚競輪,7R,13:55,3-6,3,6,209.6,0.0248831183857157,4.215501613646028
7420260504020007,高知競輪,7R,22:50,2-7,2,7,103.1,0.049821843727681,4.136632088323916
2120260504020007,弥彦競輪,7R,22:40,1-7,1,7,82.7,0.058426256059545,3.831851376124376
4720260504020011,松阪競輪,11R,20:04,5-6,5,6,157.0,0.0307268305008604,3.824112388635097
3520260501050001,平塚競輪,1R,10:45,1-5,1,5,91.5,0.0523414586420964,3.789243465751828
4720260504020012,松阪競輪,12R,20:30,6-7,6,7,212.8,0.0218937732238571,3.658994942036807
7420260504020009,高知競輪,9R,23:30,1-7,1,7,53.1,0.0864659120116721,3.5913399278197904
2120260504020006,弥彦競輪,6R,22:20,5-7,5,7,237.0,0.0187736231470316,3.44934868584651
5620260504020008,岸和田競輪,8R,13:47,5-6,5,6,110.9,0.0396334922484319,3.3953542903511
1220260504020002,青森競輪,2R,09:00,6-7,6,7,84.5,0.049117888001099,3.150461536092867
2720260503030002,京王閣競輪,2R,16:37,4-5,4,5,41.9,0.0964229568084703,3.040121890274905
1220260504020001,青森競輪,1R,08:40,2-6,2,6,191.0,0.0205695305301984,2.9287803312679013
4320260505010007,岐阜競輪,7R,10:30,5-6,5,6,78.0,0.0503530451539435,2.9275375220076003
5620260504020009,岸和田競輪,9R,14:16,3-7,3,7,58.1,0.0663435755173705,2.8545617375592283
1220260504020007,青森競輪,7R,10:40,1-7,1,7,189.2,0.0202407656882848,2.8295528682234883
5620260504020001,岸和田競輪,1R,11:00,2-7,2,7,104.6,0.0356241327747837,2.7262842882423803
2720260503030011,京王閣競輪,11R,20:16,6-7,6,7,75.5,0.0487501964099227,2.6806398289491677
2720260503030004,京王閣競輪,4R,17:25,2-5,2,5,114.0,0.0321785604723466,2.6683558938475174
4720260504020001,松阪競輪,1R,15:55,1-5,1,5,76.5,0.0471479168928557,2.606815642303465
1220260504020006,青森競輪,6R,10:20,4-7,4,7,96.4,0.0346574488798747,2.340978072019925
4720260504020009,松阪競輪,9R,19:14,2-3,2,3,49.1,0.0667932071468754,2.279546470911587
3520260501050006,平塚競輪,6R,13:18,8-9,8,9,179.6,0.0181691754674865,2.2631839139605896
3520260501050002,平塚競輪,2R,11:12,4-8,4,8,254.1,0.0123985138758695,2.1504623758584445
3520260501050005,平塚競輪,5R,12:47,1-9,1,9,58.2,0.052552596305285,2.058561104967587
5620260504020012,岸和田競輪,12R,16:12,4-6,4,6,116.4,0.0258137922679062,2.0047254199842897
2720260503030003,京王閣競輪,3R,17:02,3-7,3,7,38.9,0.0710651896838182,1.7644358787005303
2120260504020005,弥彦競輪,5R,22:00,2-7,2,7,71.4,0.0337353777102013,1.4087059685083747
4720260504020010,松阪競輪,10R,19:39,4-5,4,5,57.5,0.0372060237458287,1.1393463653851523
6220260506010003,広島競輪,3R,16:45,4-6,4,6,432.0,0.0530523911571314,21.9186329798808
2120260504030008,弥彦競輪,8R,23:00,3-6,3,6,505.5,0.0384845248622413,18.453927317862984
2120260504030004,弥彦競輪,4R,21:40,1-4,1,4,202.1,0.0821902835650887,15.610656308504428
7420260504030007,高知競輪,7R,22:50,4-5,4,5,279.7,0.0510444739849298,13.277139373584868
5620260504030005,岸和田競輪,5R,12:34,5-7,5,7,473.5,0.0256762585215823,11.157708409969237
5620260504030010,岸和田競輪,10R,14:51,3-6,3,6,389.4,0.0307707259455658,10.982120683203354
6220260506010004,広島競輪,4R,17:10,2-7,2,7,335.5,0.035562399814469,10.93118513775435
5620260504030002,岸和田競輪,2R,11:25,3-6,3,6,223.5,0.0427334170109171,8.550918701939983
4320260505020006,岐阜競輪,6R,10:10,1-6,1,6,244.3,0.0377581438511762,8.224314542842366
6220260506010001,広島競輪,1R,15:55,2-6,2,6,343.1,0.0264709243412949,8.082174141498312
4720260504030010,松阪競輪,10R,19:41,6-7,6,7,283.3,0.0315766672644438,7.945669836016956
1220260504030002,青森競輪,2R,09:00,2-6,2,6,433.1,0.0195872421716231,7.483234584529969
1220260504030004,青森競輪,4R,09:40,6-7,6,7,208.6,0.0384231763348133,7.015074583442065
2120260504030001,弥彦競輪,1R,20:40,3-6,3,6,278.2,0.0287372519292688,6.994703486722584
4320260505020007,岐阜競輪,7R,10:30,4-6,4,6,459.2,0.0164375282302197,6.548112963316917
1220260504030003,青森競輪,3R,09:20,6-7,6,7,306.2,0.0237404960675394,6.269339895880583
4320260505020003,岐阜競輪,3R,09:10,2-3,2,3,403.1,0.0162052416140538,5.532332894625092
6220260506010011,広島競輪,11R,19:53,2-6,2,6,341.2,0.0191243266021962,5.525220236669364
4320260505020001,岐阜競輪,1R,08:30,2-6,2,6,224.9,0.027853814804678,5.264322949572102
5620260504030003,岸和田競輪,3R,11:47,4-6,4,6,83.1,0.0728818411411217,5.05648099882722
6220260506010010,広島競輪,10R,19:29,6-7,6,7,98.2,0.0590774623141797,4.801406799252452
5620260504030012,岸和田競輪,12R,16:12,2-5,2,5,130.6,0.0423613690942941,4.53239480371481
3520260501060001,平塚競輪,1R,10:45,2-6,2,6,227.3,0.0240874428880473,4.475075768453173
4720260504030003,松阪競輪,3R,17:02,1-6,1,6,93.7,0.0571983423857209,4.359484681542055
4720260504030005,松阪競輪,5R,17:46,2-6,2,6,99.8,0.0525070809865483,4.240206682457526
5620260504030006,岸和田競輪,6R,12:59,2-3,2,3,60.7,0.0767964259719511,3.661543056497437
6220260506010002,広島競輪,2R,16:20,6-7,6,7,229.5,0.0202665065835548,3.651163260925834
5620260504030011,岸和田競輪,11R,15:29,1-6,1,6,68.6,0.0659986353361928,3.5275063840628302
5620260504030007,岸和田競輪,7R,13:25,1-6,1,6,132.5,0.0337847426810308,3.476478405236591
3520260501060004,平塚競輪,4R,12:16,6-9,6,9,297.7,0.0149539024251478,3.451776751966501
6220260506010008,広島競輪,8R,18:42,4-6,4,6,165.0,0.0268266721647174,3.4264009071783814
1220260504030001,青森競輪,1R,08:40,2-4,2,4,173.5,0.0250460156743353,3.345483719497185
4320260505020004,岐阜競輪,4R,09:30,3-7,3,7,88.7,0.0488672380552567,3.3345240155012776
3520260501060006,平塚競輪,6R,13:18,3-4,3,4,81.1,0.0533827155257215,3.329338229136015
5620260504030008,岸和田競輪,8R,13:47,6-7,6,7,94.5,0.0439996852495681,3.157970256084192
3520260501060005,平塚競輪,5R,12:47,6-7,6,7,206.1,0.0200587113653807,3.1341004124049627
3520260501060003,平塚競輪,3R,11:40,1-2,1,2,103.2,0.0387183220099758,2.9957308314295026
4320260505020002,岐阜競輪,2R,08:50,1-5,1,5,69.3,0.057411604465269,2.978624189443144
5620260504030009,岸和田競輪,9R,14:16,3-7,3,7,39.4,0.0975729919579518,2.8443758831433024
4720260504030001,松阪競輪,1R,16:05,6-7,6,7,67.0,0.0569896821886312,2.818308706638292
1220260504030007,青森競輪,7R,10:40,3-7,3,7,100.3,0.0375773349580303,2.769006696290443
7420260504030002,高知競輪,2R,21:10,1-6,1,6,57.7,0.0652586252314144,2.7654226758526126
4320260505020005,岐阜競輪,5R,09:50,1-7,1,7,78.5,0.047831162030388,2.7547462193854626
5620260504030001,岸和田競輪,1R,11:00,1-5,1,5,118.2,0.0309313436921334,2.6560848244101787
3520260501060007,平塚競輪,7R,13:55,7-9,7,9,189.1,0.0191356614434561,2.6185535789575543
1220260504030005,青森競輪,5R,10:00,1-2,1,2,97.0,0.036401152197306,2.5309117631386897
1220260504030006,青森競輪,6R,10:20,1-6,1,6,103.0,0.0341794383054246,2.5204821454587347
3520260501060011,平塚競輪,11R,16:30,4-8,4,8,249.5,0.0137626903892887,2.433791252127544
4720260504030007,松阪競輪,7R,18:30,5-6,5,6,83.4,0.0411353951962384,2.4306919593662903
5620260504030004,岸和田競輪,4R,12:09,4-6,4,6,36.9,0.091956410677877,2.393191554013665
3520260501060008,平塚競輪,8R,14:32,8-9,8,9,105.4,0.0312411039364342,2.292812354900167
4720260504030002,松阪競輪,2R,16:37,3-4,3,4,45.7,0.0709174810086622,2.2409288820958664
4720260504030004,松阪競輪,4R,17:24,2-4,2,4,63.9,0.0474573009492725,2.0325215306585136
4720260504030012,松阪競輪,12R,20:30,3-7,3,7,44.7,0.0670918035836281,1.9990036201881776
6220260506010009,広島競輪,9R,19:05,2-3,2,3,49.3,0.0598467109754714,1.950442851090744
6220260506010006,広島競輪,6R,17:56,5-6,5,6,52.3,0.0549325065184098,1.8729700909128355
4720260504030009,松阪競輪,9R,19:17,2-6,2,6,55.2,0.0512200957206686,1.8273492837809089
4720260504030011,松阪競輪,11R,20:05,6-7,6,7,59.0,0.0478133923643574,1.820990149497089
2120260504030009,弥彦競輪,9R,23:20,3-7,3,7,107.2,0.0256562900371797,1.7503542919856656
4720260504030006,松阪競輪,6R,18:08,4-6,4,6,85.0,0.0318394506172912,1.7063533024697577
3520260501060010,平塚競輪,10R,15:48,5-9,5,9,56.0,0.0465123456483678,1.6046913563085972
7420260504030004,高知競輪,4R,21:50,1-5,1,5,19.5,0.1305217125470027,1.5451733946665531
3520260501060009,平塚競輪,9R,15:09,1-2,1,2,89.4,0.0274994168068384,1.4584478625313584
6220260506010007,広島競輪,7R,18:19,4-5,4,5,52.3,0.0443654315639077,1.3203120707923754
7420260504030003,高知競輪,3R,21:30,3-4,3,4,50.2,0.0461924707253055,1.3188620304103391
3520260501060002,平塚競輪,2R,11:12,5-7,5,7,72.5,0.0281218414660683,1.0388335062899534
6220260506010012,広島競輪,12R,20:18,3-6,3,6,36.0,0.0560571757029511,1.0180583253062403
7420260504030008,高知競輪,8R,23:10,6-7,6,7,61.5,0.0322001811393241,0.9803111400684348
7420260504030009,高知競輪,9R,23:30,4-5,4,5,91.5,0.0212963334026049,0.9486145063383552
6220260506010005,広島競輪,5R,17:33,4-5,4,5,80.2,0.0236919674516913,0.900095789625649
4720260504030008,松阪競輪,8R,18:53,2-3,2,3,33.0,0.0531454117369858,0.7537985873205326
2120260504030005,弥彦競輪,5R,22:00,1-5,1,5,28.5,0.0591975807956884,0.6871310526771206
7420260504030001,高知競輪,1R,20:50,1-6,1,6,25.5,0.0651468135777618,0.6612437462329275
2120260504030002,弥彦競輪,2R,21:00,1-5,1,5,15.7,0.0999168709997887,0.5686948746966827
2120260504030006,弥彦競輪,6R,22:20,2-3,2,3,23.2,0.0665904401289715,0.5448982109921408
2120260504030007,弥彦競輪,7R,22:40,1-7,1,7,14.2,0.0892568120837098,0.267446731588679
2120260504030003,弥彦競輪,3R,21:20,1-7,1,7,16.5,0.0578996349580506,-0.0446560231921651
7420260504030006,高知競輪,6R,22:30,1-5,1,5,12.0,0.0687002342895218,-0.1755971885257383
7420260504030005,高知競輪,5R,22:10,2-6,2,6,14.2,0.0574802109084139,-0.1837810051005218
8620260507010003,別府競輪,3R,21:30,6-7,6,7,1110.0,0.0372788066600256,40.37947539262851
5320260507010003,奈良競輪,3R,21:20,5-6,5,6,741.0,0.0307861126066501,21.81250944152776
5320260507010008,奈良競輪,8R,23:00,5-6,5,6,708.0,0.0252076176671261,16.84699330832533
1120260507010005,函館競輪,5R,17:38,1-6,1,6,443.7,0.0345737463731999,14.340371265788834
1120260507010001,函館競輪,1R,15:56,5-6,5,6,447.1,0.0285526145337173,11.765873958025017
1120260507010002,函館競輪,2R,16:21,6-7,6,7,193.5,0.0563871864370851,9.910920575575968
8720260507010003,熊本競輪,3R,11:42,5-6,5,6,378.8,0.0287754187791281,9.900128633533743
6220260506020005,広島競輪,5R,17:25,4-6,4,6,242.2,0.0403889450941364,8.782202501799857
1120260507010003,函館競輪,3R,16:46,1-6,1,6,349.8,0.0274183861607266,8.590951479022188
6220260506020002,広島競輪,2R,16:07,2-6,2,6,231.2,0.0407257878789981,8.415802157624382
1120260507010004,函館競輪,4R,17:12,1-4,1,4,180.7,0.0508183962707541,8.182884206125276
8620260507010009,別府競輪,9R,23:30,5-6,5,6,267.7,0.0318448308326762,7.524861213907425
8720260507010004,熊本競輪,4R,12:11,2-6,2,6,103.5,0.0777122695551433,7.043219898957341
4320260505030006,岐阜競輪,6R,10:14,3-6,3,6,123.3,0.0645759794016184,6.962218260219557
6220260506020004,広島競輪,4R,16:59,5-6,5,6,251.0,0.0312345785752202,6.839879222380288
4320260505030005,岐阜競輪,5R,09:53,2-6,2,6,193.9,0.0400317595595149,6.7621581785899565
8720260507010008,熊本競輪,8R,14:07,2-6,2,6,132.8,0.057238244558103,6.601238877316083
4320260505030004,岐阜競輪,4R,09:32,6-7,6,7,248.5,0.028868511536751,6.173825116882643
5320260507010007,奈良競輪,7R,22:40,4-5,4,5,161.2,0.0434668928025917,6.006863119777785
1120260507010006,函館競輪,6R,18:04,4-6,4,6,113.4,0.0603812477311958,5.847233492717611
1120260507010010,函館競輪,10R,19:48,6-7,6,7,135.8,0.0485208312179759,5.589128879401137
6220260506020003,広島競輪,3R,16:33,3-6,3,6,178.1,0.0364294209738451,5.488079875441824
8720260507010007,熊本競輪,7R,13:38,2-6,2,6,136.3,0.0473369103202373,5.4520208766483576
8720260507010009,熊本競輪,9R,14:37,3-6,3,6,108.0,0.0596639712027964,5.443708889902012
5320260507010002,奈良競輪,2R,21:00,2-7,2,7,137.2,0.0462926351406174,5.351349541292715
5320260507010001,奈良競輪,1R,20:40,5-7,5,7,161.0,0.0390583082858254,5.288387634017897
8620260507010004,別府競輪,4R,21:50,5-7,5,7,196.5,0.031489148059181,5.18761759362907
4320260505030002,岐阜競輪,2R,08:50,3-6,3,6,219.7,0.0269725284515369,4.925864500802657
5320260507010009,奈良競輪,9R,23:20,1-7,1,7,99.3,0.0582870529084723,4.787904353811305
8720260507010010,熊本競輪,10R,15:07,4-6,4,6,176.2,0.0311621728000189,4.49077484736334
5320260507010004,奈良競輪,4R,21:40,4-5,4,5,179.2,0.0287111156706256,4.145031928176122
8720260507010011,熊本競輪,11R,15:38,4-5,4,5,166.5,0.0308963334380944,4.144239517442719
8720260507010005,熊本競輪,5R,12:40,1-6,1,6,162.7,0.0310623807730357,4.053849351772923
6220260506020012,広島競輪,12R,20:30,3-6,3,6,165.0,0.0302086836673157,3.984432805107104
8620260507010001,別府競輪,1R,20:50,2-6,2,6,113.7,0.0435711602641787,3.9540409220371178
8720260507010001,熊本競輪,1R,10:45,6-7,6,7,122.6,0.0402368458261606,3.9330372982872897
8620260507010002,別府競輪,2R,21:10,3-7,3,7,115.5,0.0411722313081944,3.755392716096453
6220260506020006,広島競輪,6R,17:51,5-6,5,6,118.1,0.0399530549596269,3.7184557907319418
6220260506020011,広島競輪,11R,20:02,5-6,5,6,85.5,0.0545679065435849,3.665556009476515
6220260506020007,広島競輪,7R,18:17,2-5,2,5,66.2,0.0704197995073572,3.6617907273870527
4320260505030003,岐阜競輪,3R,09:11,4-5,4,5,124.2,0.0370952618281325,3.607231519054064
1120260507010008,函館競輪,8R,18:56,5-6,5,6,63.0,0.0708083345903339,3.460925079191039
8720260507010002,熊本競輪,2R,11:13,3-6,3,6,60.4,0.0700483208480237,3.230918579220635
1120260507010009,函館競輪,9R,19:22,4-6,4,6,136.1,0.0310764917917326,3.2295105328548086
1120260507010007,函館競輪,7R,18:30,2-6,2,6,145.9,0.0288468811457097,3.2087599591590514
6220260506020010,広島競輪,10R,19:35,4-6,4,6,72.0,0.0582093874419368,3.191075895819451
4320260505030007,岐阜競輪,7R,10:35,2-7,2,7,80.4,0.0497999102497988,3.003912784083824
8720260507010006,熊本競輪,6R,13:09,2-5,2,5,70.8,0.0552415916038845,2.9111046855550287
4320260505030001,岐阜競輪,1R,08:30,3-4,3,4,53.7,0.0674153742796086,2.6202055988149864
8620260507010008,別府競輪,8R,23:10,1-7,1,7,43.8,0.0819228260734246,2.5882197820160004
8620260507010006,別府競輪,6R,22:30,1-6,1,6,81.7,0.0427193447553986,2.490170466516073
6220260506020008,広島競輪,8R,18:43,5-7,5,7,54.6,0.0619753566084075,2.3838544708190503
8720260507010012,熊本競輪,12R,16:14,3-4,3,4,129.4,0.0250368120068298,2.2397634736837824
5320260507010006,奈良競輪,6R,22:20,2-6,2,6,47.7,0.0634947638088884,2.0287002336839786
8620260507010007,別府競輪,7R,22:50,1-6,1,6,45.3,0.0615873647878204,1.7899076248882675
6220260506020009,広島競輪,9R,19:09,4-5,4,5,74.4,0.037494857849425,1.789617423997222
5320260507010005,奈良競輪,5R,22:00,4-5,4,5,65.2,0.0391729857742053,1.5540786724781888
6220260506020001,広島競輪,1R,15:45,2-6,2,6,41.5,0.0579118151499648,1.4033403287235422
8620260507010005,別府競輪,5R,22:10,4-5,4,5,51.0,0.0454823069223895,1.3195976530418654
1120260507010011,函館競輪,11R,20:16,3-4,3,4,54.6,0.0423233652838642,1.3108557444989897
8320260517010006,久留米競輪,7R,18:18,1-6,1,6,1756.5,0.0381074991274625,65.93582221738795
4320260516020002,岐阜競輪,2R,21:00,3-5,3,5,435.7,0.060141982391108,25.203861727805755
5520260517010004,和歌山競輪,5R,12:28,6-7,6,7,668.5,0.0369631297827349,23.70985225975832
8320260517010004,久留米競輪,5R,17:22,2-7,2,7,386.0,0.0480921269110924,17.563560987681686
8320260517010003,久留米競輪,4R,16:54,2-6,2,6,277.1,0.05111144976364,13.16298272950466
8320260517010007,久留米競輪,8R,18:46,2-6,2,6,170.2,0.0732490657966164,11.466990998584112
8320260517010001,久留米競輪,2R,16:03,4-5,4,5,245.2,0.0498772597078599,11.22990408036725
8320260517010005,久留米競輪,6R,17:50,1-5,1,5,386.6,0.0311738602103866,11.051814357335482
8320260517010002,久留米競輪,3R,16:32,3-6,3,6,180.9,0.0645198775169489,10.671645842816057
6320260517010002,防府競輪,3R,09:11,2-6,2,6,260.0,0.0442684906199251,10.50980756118055
3620260515030004,小田原競輪,4R,12:10,6-7,6,7,146.3,0.0750399325733105,9.978342135475328
6320260517010005,防府競輪,6R,10:14,5-6,5,6,326.8,0.0321071658909797,9.492621813172194
6320260517010006,防府競輪,7R,10:35,4-7,4,7,298.1,0.0347041402735896,9.345304215557071
6320260517010004,防府競輪,5R,09:53,6-7,6,7,369.6,0.0246014342723579,8.09269010706348
2420260515030008,宇都宮競輪,8R,14:13,5-6,5,6,254.3,0.0343435920218313,7.733575451151703
5520260517010011,和歌山競輪,12R,16:10,6-7,6,7,394.6,0.0219126468969498,7.646730465536397
3620260515030005,小田原競輪,5R,12:37,5-6,5,6,105.8,0.08061229469408,7.528780778633671
2420260515030010,宇都宮競輪,10R,15:13,3-6,3,6,367.9,0.0230722772639611,7.488290805411305
6320260517010001,防府競輪,2R,08:50,2-6,2,6,114.5,0.0687660523418542,6.873712993142313
2420260515030002,宇都宮競輪,2R,11:25,2-3,2,3,203.2,0.0380955818445425,6.741022230811046
5520260517010008,和歌山競輪,9R,14:23,4-6,4,6,186.7,0.0395141819220159,6.377297764840381
6320260517010007,久留米競輪,1R,15:34,2-6,2,6,117.3,0.0617762980955008,6.246359766602247
1120260514040005,函館競輪,5R,17:08,6-9,6,9,559.5,0.0127107769618304,6.1116797101441245
2420260515030011,宇都宮競輪,11R,15:56,5-7,5,7,150.1,0.0469216836621869,6.042944717694261
5520260517010010,和歌山競輪,11R,15:27,4-6,4,6,166.4,0.0388268884691823,5.46079424127194
1120260514040002,函館競輪,2R,15:49,2-8,2,8,302.8,0.0210057340879756,5.360536281839029
2420260515030007,宇都宮競輪,7R,13:43,4-5,4,5,112.0,0.0555774150213166,5.224670482387461
5520260517010007,和歌山競輪,8R,13:53,3-6,3,6,449.4,0.0136363184415274,5.128161507622447
5520260517010005,和歌山競輪,6R,12:55,6-7,6,7,284.4,0.0214438446375531,5.098629414920122
8320260517010008,久留米競輪,9R,19:14,1-3,1,3,127.1,0.0460180640679517,4.848895943036672
2420260515030004,宇都宮競輪,4R,12:19,1-6,1,6,121.6,0.044783170346202,4.445633514098166
3620260515030001,小田原競輪,1R,10:53,5-6,5,6,123.1,0.0418074347145971,4.146495213366911
2420260515030006,宇都宮競輪,6R,13:13,4-5,4,5,51.6,0.0965932797145484,3.9842132332707
5520260517010009,和歌山競輪,10R,14:54,6-7,6,7,245.3,0.0200551955962992,3.919539479772217
5520260517010003,和歌山競輪,4R,12:01,2-7,2,7,73.8,0.0660129529507252,3.8717559277635214
3620260515030012,小田原競輪,12R,16:25,4-6,4,6,159.4,0.0305331382971948,3.866982244572859
5520260517010006,和歌山競輪,7R,13:23,2-7,2,7,137.5,0.0346716134856698,3.7673468542796034
4320260516020009,岐阜競輪,9R,23:20,1-6,1,6,68.2,0.0686603546506316,3.682636187173076
1120260514040004,函館競輪,4R,16:42,2-8,2,8,284.0,0.0164507458647504,3.672011825589133
3620260515030007,小田原競輪,7R,13:33,2-5,2,5,62.0,0.0738876629977046,3.5810351058576853
3620260515030002,小田原競輪,2R,11:17,5-6,5,6,110.4,0.0406831292800916,3.491417472522123
4320260516020001,岐阜競輪,1R,20:40,4-5,4,5,110.6,0.0405097564932029,3.4803790681482427
3620260515030009,小田原競輪,9R,14:33,4-6,4,6,110.0,0.0389548786570536,3.285036652275898
3620260515030010,小田原競輪,10R,15:05,6-7,6,7,174.2,0.0240210052348899,3.1844591119178363
1120260514040006,函館競輪,6R,17:36,1-6,1,6,443.1,0.0092672515302956,3.10631915307399
2420260515030001,宇都宮競輪,1R,11:01,4-6,4,6,177.7,0.0224869377107661,2.995928831203139
8320260517010009,久留米競輪,10R,19:44,6-7,6,7,48.0,0.0828207903522699,2.97539793690896
5620260516020008,岸和田競輪,9R,23:30,1-3,1,3,46.5,0.0777286349197647,2.614381523769062
1120260514040010,函館競輪,10R,19:29,1-5,1,5,98.6,0.0365126324143263,2.600145556052581
3620260515030011,小田原競輪,11R,15:41,2-7,2,7,115.7,0.0310010729357128,2.586824138661974
1120260514040012,函館競輪,12R,20:30,3-4,3,4,69.4,0.0514085128594958,2.5677507924490133
2420260515030003,宇都宮競輪,3R,11:52,3-5,3,5,129.5,0.0274150053948039,2.550243198627113
3620260515030003,小田原競輪,3R,11:43,4-5,4,5,73.4,0.0481488063440028,2.534122385649809
5520260517010001,和歌山競輪,1R,10:45,3-6,3,6,56.2,0.0623638389859066,2.504847751007956
1120260514040003,函館競輪,3R,16:17,1-3,1,3,64.7,0.0539016588907877,2.4874373302339707
5620260516020004,岸和田競輪,5R,22:10,1-3,1,3,44.2,0.0775861193753328,2.4293064763897125
2420260515030009,宇都宮競輪,9R,14:43,4-6,4,6,95.1,0.035179931875758,2.3456115213845945
5620260516020009,防府競輪,1R,08:30,1-6,1,6,46.5,0.0716609429753021,2.332233848351552
1120260514040009,函館競輪,9R,19:00,2-3,2,3,72.7,0.045239969149992,2.288945757204419
6320260517010003,防府競輪,4R,09:32,4-7,4,7,55.0,0.0581540395496082,2.1984721752284564
5520260517010012,岸和田競輪,1R,20:50,1-7,1,7,113.8,0.0280110472862123,2.187657181170967
3620260515030006,小田原競輪,6R,13:04,2-6,2,6,69.9,0.0432380803676777,2.022341817700676
5620260516020007,岸和田競輪,8R,23:10,1-2,1,2,30.7,0.0976176537972163,1.9968619715745424
2420260515030005,宇都宮競輪,5R,12:46,1-3,1,3,55.1,0.0528149811449917,1.9101054610890456
1120260514040001,函館競輪,1R,15:20,1-5,1,5,44.9,0.0645745630554309,1.8993978811888488
4320260516020008,岐阜競輪,8R,23:00,1-5,1,5,40.5,0.0693719208866867,1.8095627959108147
4320260516020006,岐阜競輪,6R,22:20,1-4,1,4,29.2,0.0957396790179802,1.795598627325024
1120260514040011,函館競輪,11R,19:59,6-9,6,9,127.7,0.0207038577139554,1.6438826300721083
1120260514040008,函館競輪,8R,18:32,3-4,3,4,63.5,0.0409193451093603,1.59837841444438
8320260517010010,久留米競輪,11R,20:14,2-5,2,5,59.2,0.0418195786008126,1.4757190531681097
3620260515030008,小田原競輪,8R,14:03,4-7,4,7,32.2,0.0757002440085243,1.4375478570744835
1120260514040007,函館競輪,7R,18:04,2-6,2,6,197.8,0.0112433111669404,1.2239269488208238
5620260516020003,岸和田競輪,4R,21:50,1-4,1,4,14.2,0.1348269869640225,0.9145432148891204
4320260516020007,岐阜競輪,7R,22:40,2-3,2,3,24.0,0.070469377609407,0.6912650626257693
4320260516020004,岐阜競輪,4R,21:40,2-6,2,6,18.7,0.0845504509141119,0.5810934320938927
5620260516020001,岸和田競輪,2R,21:10,2-5,2,5,14.8,0.105856164088613,0.5666712285114726
4320260516020003,岐阜競輪,3R,21:20,3-5,3,5,26.2,0.0590787227045013,0.5478625348579345
5620260516020005,岸和田競輪,6R,22:30,1-7,1,7,17.2,0.0820340750886028,0.4109860915239687
5620260516020002,岸和田競輪,3R,21:30,2-4,2,4,17.2,0.0721904014928212,0.2416749056765248
5620260516020006,岸和田競輪,7R,22:50,1-2,1,2,9.7,0.0965404284620439,-0.0635578439181741
4320260516020005,岐阜競輪,5R,22:00,3-5,3,5,16.5,0.0429298801061185,-0.291656978249044
3820260524010004,静岡競輪,4R,12:20,1-4,1,4,505.2,0.049296606114159,23.904645408873144
3820260524010010,静岡競輪,10R,15:30,4-6,4,6,520.5,0.0350776103722373,17.25789619874956
3820260524010006,静岡競輪,6R,13:20,3-4,3,4,554.0,0.0317412018689786,16.584625835414187
3820260524010005,静岡競輪,5R,12:50,5-7,5,7,499.4,0.0345541283903793,16.256331718155433
2520260522030006,大宮競輪,6R,10:20,2-3,2,3,349.9,0.0440437608345498,14.410911916009002
5520260523020006,和歌山競輪,6R,10:10,2-6,2,6,500.2,0.0306893667002666,14.350821223473377
2520260522030001,大宮競輪,1R,08:40,3-4,3,4,712.0,0.0213625517783235,14.210136866166335
3820260524010008,静岡競輪,8R,14:20,6-7,6,7,248.6,0.0541409881389102,12.45944965133309
3520260522030001,平塚競輪,1R,16:11,3-6,3,6,159.6,0.0843236907075044,12.458061036917712
5520260523020007,和歌山競輪,7R,10:30,1-2,1,2,208.7,0.0587552552187553,11.26222176415424
4320260522030008,岐阜競輪,8R,23:00,4-5,4,5,288.0,0.0422489255802437,11.1676905671102
1120260523020010,函館競輪,10R,19:35,3-6,3,6,396.5,0.0300449447485473,10.912820592799028
6220260522030008,広島競輪,8R,23:10,1-6,1,6,222.7,0.0502942783864043,10.200535796652252
3820260524010007,静岡競輪,7R,13:50,5-6,5,6,263.5,0.0344193529528965,8.069499503088245
3820260524010001,静岡競輪,1R,10:57,6-7,6,7,264.2,0.03046724065473,7.049444980979681
5520260523020002,和歌山競輪,2R,08:50,2-3,2,3,205.5,0.039074477980463,7.02980522498515
1120260523020012,函館競輪,12R,20:30,3-6,3,6,204.0,0.03562767093594,6.268044870931778
3820260524010009,静岡競輪,9R,14:55,3-6,3,6,167.4,0.0425975731124824,6.130833739029563
2520260522030007,大宮競輪,7R,10:40,2-7,2,7,136.1,0.0523714177704836,6.127749958562823
8420260523020009,武雄競輪,9R,14:40,2-7,2,7,155.4,0.0455931241150489,6.085171487478601
5520260523020003,和歌山競輪,3R,09:10,1-6,1,6,338.1,0.0206980383426382,5.998006763645991
1120260523020003,函館競輪,3R,16:44,6-7,6,7,178.8,0.0390805479688703,5.987601976834011
3520260522030005,平塚競輪,5R,17:44,4-6,4,6,67.8,0.0980702270069518,5.649161391071336
1120260523020008,函館競輪,8R,18:44,1-2,1,2,95.2,0.0688614939427908,5.555614223353686
5520260523020005,和歌山競輪,5R,09:50,3-7,3,7,84.2,0.0750039060310667,5.315328887815818
1120260523020002,函館競輪,2R,16:20,3-6,3,6,177.0,0.0344420020281067,5.096234358974898
3520260522030010,平塚競輪,10R,19:48,1-2,1,2,219.5,0.0251708494356869,4.525001451133279
6220260522030004,広島競輪,4R,21:50,1-4,1,4,62.2,0.0830266711580993,4.164258946033777
2520260522030003,大宮競輪,3R,09:20,5-6,5,6,117.9,0.0417595730267046,3.923453659848481
1120260523020011,函館競輪,11R,20:02,1-6,1,6,156.1,0.0310006650739066,3.839203818036831
3820260524010003,静岡競輪,3R,11:50,5-6,5,6,305.8,0.0157988409676323,3.831285567901957
2520260522030002,大宮競輪,2R,09:00,3-7,3,7,97.0,0.0497134708725346,3.822206674635856
6220260522030001,広島競輪,1R,20:50,4-5,4,5,86.2,0.0558570732307008,3.8148797124864102
3520260522030007,平塚競輪,7R,18:32,2-7,2,7,46.7,0.1025014275115547,3.7868166647896047
8420260523020008,武雄競輪,8R,14:05,5-7,5,7,160.9,0.0294911982605342,3.745133800119968
1120260523020004,函館競輪,4R,17:08,4-6,4,6,171.8,0.0272768298137854,3.6861593620083424
8420260523020010,武雄競輪,10R,15:15,3-8,3,8,142.4,0.0321547886907599,3.578841909564212
8420260523020012,武雄競輪,12R,16:30,1-6,1,6,245.6,0.0185403047800751,3.5534988539864463
8420260523020005,武雄競輪,5R,12:35,3-9,3,9,114.0,0.0397099006514133,3.526928674261126
3820260524010002,静岡競輪,2R,11:22,1-5,1,5,81.7,0.0550340655672615,3.4962831568452675
2520260522030004,大宮競輪,4R,09:40,3-6,3,6,66.0,0.067819153155943,3.476064108292244
4320260522030009,岐阜競輪,9R,23:20,3-7,3,7,100.1,0.0436689588989935,3.371262785789253
1120260523020001,函館競輪,1R,15:55,5-6,5,6,113.9,0.0373487961801913,3.254027884923791
5520260523020001,和歌山競輪,1R,08:30,1-6,1,6,111.5,0.0377500506450422,3.2091306469222136
5520260523020004,和歌山競輪,4R,09:30,6-7,6,7,103.9,0.0401509072714111,3.1716792654996206
8420260523020003,武雄競輪,3R,11:35,1-2,1,2,141.5,0.0292071139277359,3.13280662077464
8420260523020007,武雄競輪,7R,13:35,6-9,6,9,88.9,0.0458649599896765,3.077394943082246
3520260522030004,平塚競輪,4R,17:21,4-7,4,7,65.6,0.0612321294877835,3.0168276943985983
8420260523020006,武雄競輪,6R,13:05,1-2,1,2,85.6,0.0469197553033654,3.0163310539680825
3820260524010011,静岡競輪,11R,16:06,2-7,2,7,117.5,0.033865711906788,2.9792211490476013
6220260522030009,広島競輪,9R,23:30,5-6,5,6,107.2,0.0371004156549425,2.977164558209843
8420260523020001,武雄競輪,1R,10:45,5-8,5,8,270.9,0.0144013055769986,2.9013136808089395
8420260523020011,武雄競輪,11R,15:50,1-6,1,6,182.2,0.0208333145595047,2.7958299127417736
1120260523020005,函館競輪,5R,17:32,5-7,5,7,135.7,0.0272723485996791,2.700857704976463
1120260523020009,函館競輪,9R,19:09,2-6,2,6,68.2,0.0538399365127982,2.671883670172843
4320260522030001,岐阜競輪,1R,20:40,3-5,3,5,95.6,0.0374982271068017,2.584830511410249
3520260522030011,平塚競輪,11R,20:16,5-6,5,6,53.1,0.0674377039144402,2.5809420778567778
3520260522030002,平塚競輪,2R,16:37,1-6,1,6,46.0,0.0761656066826503,2.5036179074019147
8420260523020004,武雄競輪,4R,12:05,3-6,3,6,221.9,0.0152195208487031,2.3772116763272373
3520260522030003,平塚競輪,3R,16:59,3-4,3,4,76.7,0.0410168287632338,2.1459907661400326
4320260522030002,岐阜競輪,2R,21:00,1-6,1,6,27.0,0.110942379595178,1.9954442490698063
2520260522030005,大宮競輪,5R,10:00,1-5,1,5,62.9,0.0472332108867487,1.9709689647764972
3520260522030008,平塚競輪,8R,18:56,1-6,1,6,58.2,0.0474178974875194,1.7597216337736308
3520260522030006,平塚競輪,6R,18:08,4-6,4,6,53.4,0.0466140321390958,1.489189316227717
1120260523020006,函館競輪,6R,17:56,4-6,4,6,46.7,0.0512909767136592,1.3952886125278874
8420260523020002,武雄競輪,2R,11:10,5-6,5,6,190.2,0.0114724354195451,1.182057216797479
4320260522030003,岐阜競輪,3R,21:20,2-7,2,7,36.7,0.0568124351038696,1.0850163683120155
4320260522030007,岐阜競輪,7R,22:40,1-6,1,6,21.0,0.0986421981455236,1.0714861610559965
1120260523020007,函館競輪,7R,18:20,5-7,5,7,108.2,0.0188830749490583,1.0431487094881189
4320260522030005,岐阜競輪,5R,22:00,1-6,1,6,26.2,0.0769931225181745,1.017219809976174
3520260522030009,平塚競輪,9R,19:21,3-5,3,5,44.9,0.0422742518040684,0.8981139060026726
6220260522030003,広島競輪,3R,21:30,1-7,1,7,25.5,0.0687076658772233,0.7520454798691965
6220260522030002,広島競輪,2R,21:10,2-7,2,7,30.0,0.0561947403231725,0.6858422096951753
6220260522030006,広島競輪,6R,22:30,1-2,1,2,13.5,0.1151405858703658,0.5543979092499387
6220260522030005,広島競輪,5R,22:10,1-2,1,2,15.7,0.0864457512483237,0.3571982945986822
6220260522030007,広島競輪,7R,22:50,2-5,2,5,19.5,0.0668634992711766,0.3038382357879443
4320260522030004,岐阜競輪,4R,21:40,1-6,1,6,19.5,0.0602485147730807,0.1748460380750749
4320260522030006,岐阜競輪,6R,22:20,2-4,2,4,12.0,0.0758958987850821,-0.0892492145790138
6120260525010006,玉野競輪,6R,22:54,1-7,1,7,4976.2,0.0901344652136399,447.5271257961149
6120260525010007,玉野競輪,7R,23:21,1-7,1,7,790.5,0.1050253405891113,82.02253173569252
4220260525010006,名古屋競輪,6R,22:45,1-7,1,7,318.7,0.0925273441017575,28.488464565230142
8620260525010004,別府競輪,4R,16:55,6-7,6,7,1065.9,0.0194504666084945,19.73225235799436
8620260525010011,別府競輪,11R,19:48,4-6,4,6,1011.0,0.0192845348593698,18.49666474282293
1120260523030004,函館競輪,4R,17:07,5-7,5,7,169.1,0.1070510373743736,17.10233042000658
3820260524020006,静岡競輪,6R,13:22,4-6,4,6,559.4,0.0317823068180215,16.779022434001238
4220260525010005,名古屋競輪,5R,22:18,1-3,1,3,155.2,0.0991020948244266,14.380645116751008
6120260525010004,玉野競輪,4R,22:01,2-4,2,4,223.5,0.0634642580928601,13.18426168375424
4420260525010003,大垣競輪,3R,11:40,4-6,4,6,307.8,0.0458311215977016,13.106819227772554
5520260523030003,和歌山競輪,3R,09:11,3-6,3,6,267.4,0.040948553501513,9.94964320630458
8620260525010002,別府競輪,2R,16:07,1-6,1,6,187.4,0.0561767332347013,9.52751980818303
3820260524020005,静岡競輪,5R,12:52,1-3,1,3,283.9,0.03699729979494,9.50353341178348
3820260524020002,静岡競輪,2R,11:26,6-7,6,7,259.0,0.0386857706039973,9.019614586435306
4420260525010011,大垣競輪,11R,15:38,6-7,6,7,349.4,0.0268768018831534,8.390754577973803
4420260525010006,大垣競輪,6R,13:07,4-6,4,6,198.4,0.0457207863389206,8.071004009641861
5520260523030002,和歌山競輪,2R,08:50,1-6,1,6,286.9,0.0312277791149156,7.959249828069312
5520260523030006,和歌山競輪,6R,10:14,1-3,1,3,210.8,0.0418007507536776,7.811598258875248
4420260525010012,大垣競輪,12R,16:14,2-3,2,3,141.8,0.0594376335620711,7.428256439101688
5520260523030005,和歌山競輪,5R,09:53,3-6,3,6,120.8,0.0681384291878359,7.231122245890585
3820260524020007,静岡競輪,7R,13:52,2-6,2,6,99.9,0.0793738361842982,6.929446234811396
3820260524020004,静岡競輪,4R,12:22,2-3,2,3,175.0,0.0444513377968683,6.778984114451962
4420260525010004,大垣競輪,4R,12:08,6-7,6,7,355.3,0.0218742736131003,6.771929414734559
2720260525010001,京王閣競輪,1R,20:57,1-7,1,7,104.2,0.0710850148715138,6.407058549611739
5520260523030001,和歌山競輪,1R,08:30,4-5,4,5,177.4,0.0411825310748416,6.30578101267691
3820260524020011,静岡競輪,11R,15:52,4-6,4,6,219.0,0.0330311360140112,6.233818787068455
4420260525010010,大垣競輪,10R,15:07,6-7,6,7,103.5,0.0690097623248244,6.142510400619328
5520260523030004,和歌山競輪,4R,09:32,3-5,3,5,210.6,0.033778840775251,6.1138238672678735
1120260523030006,函館競輪,6R,17:55,1-3,1,3,89.3,0.0770269667042278,5.878508126687547
1120260523030003,函館競輪,3R,16:43,3-5,3,5,96.3,0.0707776136170449,5.815884191321426
1120260523030009,函館競輪,9R,19:09,5-6,5,6,158.2,0.0430246677393276,5.806502436361639
8620260525010003,別府競輪,3R,16:31,4-5,4,5,446.6,0.0147377933239665,5.581898498483471
4420260525010002,大垣競輪,2R,11:12,6-7,6,7,158.1,0.0416302503103982,5.581742574073967
8620260525010001,別府競輪,1R,15:45,5-6,5,6,140.2,0.0454440786863164,5.371259831821559
2720260525010006,京王閣競輪,6R,23:03,1-7,1,7,66.7,0.0947802011370619,5.321839415842034
8620260525010006,別府競輪,6R,17:43,4-6,4,6,103.8,0.0607144679074194,5.302161768790137
1120260523030001,函館競輪,1R,15:59,1-5,1,5,54.8,0.1041520388542626,4.707531729213595
4420260525010008,大垣競輪,8R,14:07,6-7,6,7,140.3,0.0405210734004243,4.685106598079531
3820260524020001,静岡競輪,1R,10:58,5-6,5,6,113.0,0.0502994288446804,4.68383545944889
8620260525010010,別府競輪,10R,19:22,5-6,5,6,97.5,0.0576251091866888,4.618448145702161
3820260524020008,静岡競輪,8R,14:22,6-7,6,7,251.4,0.022137732523593,4.565425956431293
3820260524020009,静岡競輪,9R,14:52,1-6,1,6,209.6,0.0245595892556806,4.147689907990658
4420260525010007,大垣競輪,7R,13:37,6-7,6,7,127.6,0.040294650375333,4.141597387892493
3820260524020003,静岡競輪,3R,11:54,5-7,5,7,119.7,0.0402777609524271,3.821247986005535
4420260525010009,大垣競輪,9R,14:37,2-5,2,5,74.1,0.0631800688493676,3.681643101738143
4420260525010005,大垣競輪,5R,12:37,4-6,4,6,119.3,0.039196888965431,3.676188853575929
2720260525010004,京王閣競輪,4R,22:09,1-3,1,3,69.0,0.0674065493744543,3.65105190683735
4420260525010001,大垣競輪,1R,10:45,5-7,5,7,127.3,0.0359658723835447,3.578455554425245
3820260524020010,静岡競輪,10R,15:22,1-3,1,3,181.1,0.0252112233450185,3.565752547782865
5520260523030007,和歌山競輪,7R,10:35,3-5,3,5,149.6,0.0286259443252629,3.282441271059339
1120260523030002,函館競輪,2R,16:21,4-7,4,7,40.8,0.0958534663120998,2.910821425533672
2720260525010007,京王閣競輪,7R,23:30,3-5,3,5,63.0,0.0566481127418066,2.5688311027338173
4220260525010001,名古屋競輪,1R,20:41,5-7,5,7,117.0,0.0301498288308694,2.5275299732117245
1120260523030008,函館競輪,8R,18:43,6-7,6,7,55.0,0.0636056979310453,2.498313386207492
8620260525010005,別府競輪,5R,17:19,3-6,3,6,42.9,0.0800148238598925,2.4326359435893896
8620260525010007,別府競輪,7R,18:07,5-6,5,6,145.5,0.0233600836856972,2.398892176268953
1120260523030010,函館競輪,10R,19:35,2-3,2,3,97.9,0.0330594055004398,2.2365157984930644
4220260525010007,名古屋競輪,7R,23:12,1-7,1,7,35.2,0.0910712937902462,2.205709541416668
1120260523030012,函館競輪,12R,20:30,1-6,1,6,55.2,0.055127357781309,2.043030149528257
1120260523030011,函館競輪,11R,20:01,5-6,5,6,89.0,0.0311924448738201,1.7761275937699947
6120260525010001,玉野競輪,1R,20:49,1-7,1,7,37.1,0.0725260897508501,1.6907179297565404
8620260525010009,別府競輪,9R,18:56,4-6,4,6,50.5,0.0491561934409659,1.482387768768778
2720260525010005,京王閣競輪,5R,22:36,1-5,1,5,38.2,0.0640076947238103,1.4450939384495536
1120260523030005,函館競輪,5R,17:31,5-6,5,6,44.4,0.0517378804717553,1.2971618929459383
8620260525010012,別府競輪,12R,20:15,1-3,1,3,45.7,0.0493471763057532,1.255165957172923
8620260525010008,別府競輪,8R,18:31,6-7,6,7,171.0,0.0121668227776914,1.0805266949852457
1120260523030007,函館競輪,7R,18:19,6-7,6,7,60.5,0.0315898539828062,0.9111861659597752
2720260525010003,京王閣競輪,3R,21:45,1-5,1,5,19.5,0.0888537690547426,0.7326484965674811
4220260525010004,名古屋競輪,4R,21:53,1-6,1,6,24.7,0.0649581452814412,0.6044661884515992
6120260525010005,玉野競輪,5R,22:27,1-4,1,4,16.5,0.0892503378254022,0.4726305741191376
2720260525010002,京王閣競輪,2R,21:21,4-6,4,6,31.5,0.0434943571191472,0.3700722492531378
4220260525010003,名古屋競輪,3R,21:29,1-2,1,2,10.5,0.1051249324984653,0.1038117912338862
6120260525010002,玉野競輪,2R,21:13,4-6,4,6,19.5,0.0553910143241861,0.0801247793216302
4220260525010002,名古屋競輪,2R,21:05,2-5,2,5,15.0,0.065942598920215,-0.0108610161967737
6120260525010003,玉野競輪,3R,21:37,1-6,1,6,10.5,0.0923265211058004,-0.0305715283890957
2220260526010004,前橋競輪,4R,17:12,5-6,5,6,731.2,0.0447078330642642,31.69036753658999
2220260526010010,前橋競輪,10R,19:48,4-5,4,5,250.5,0.0947367114389901,22.731546215467034
3820260524030002,静岡競輪,2R,11:26,5-6,5,6,337.5,0.0595817285232792,19.10883337660674
7520260526010003,松山競輪,3R,09:11,5-6,5,6,263.9,0.0588991461923277,14.543484680155284
3820260524030001,静岡競輪,1R,10:58,1-6,1,6,388.1,0.0348806069829737,12.537163570092098
2220260526010005,前橋競輪,5R,17:38,3-4,3,4,581.2,0.0232470708159625,12.51119755823744
2220260526010002,前橋競輪,2R,16:22,1-6,1,6,282.6,0.0470558133740108,12.297972859495466
2220260526010006,前橋競輪,6R,18:04,1-3,1,3,362.2,0.0356291553494929,11.904880067586358
2220260526010003,前橋競輪,3R,16:46,5-6,5,6,492.8,0.0259622472112749,11.794195425716293
3820260524030010,静岡競輪,10R,15:22,3-7,3,7,293.4,0.040573064004849,10.904136979022724
7520260526010002,松山競輪,2R,08:50,3-6,3,6,163.1,0.0712070886776181,10.613876163319514
2220260526010001,前橋競輪,1R,15:59,1-6,1,6,268.6,0.0422197591836171,10.340227316719576
4420260525020012,大垣競輪,12R,16:15,5-6,5,6,403.8,0.025160918182503,9.159978762094743
8620260525020003,別府競輪,3R,16:33,6-7,6,7,323.1,0.0302620069424429,8.77765444310333
8620260525020005,別府競輪,5R,17:25,4-6,4,6,155.5,0.0607130485296431,8.440879046359514
3820260524030004,静岡競輪,4R,12:22,5-7,5,7,216.1,0.0413752365322418,7.941188614617454
8620260525020011,別府競輪,11R,20:02,4-6,4,6,543.7,0.015213141325797,7.271384938835846
4420260525020006,大垣競輪,6R,13:07,5-6,5,6,381.7,0.0215379609066243,7.221039678058522
4420260525020005,大垣競輪,5R,12:37,3-6,3,6,149.0,0.0551235204617913,7.213404548806913
3820260524030009,静岡競輪,9R,14:52,2-7,2,7,163.6,0.0471692437088469,6.716888270767365
8620260525020012,別府競輪,12R,20:30,5-6,5,6,239.6,0.0311386181962164,6.460812919813459
2220260526010009,前橋競輪,9R,19:22,6-7,6,7,94.5,0.0786502567067542,6.432449258788272
7520260526010006,松山競輪,6R,10:14,3-6,3,6,387.9,0.0189462573463682,6.349253224656244
7520260526010004,松山競輪,4R,09:32,1-6,1,6,218.7,0.0335494023731931,6.337254299017331
8620260525020001,別府競輪,1R,15:45,3-6,3,6,107.6,0.066754385803103,6.182771912413886
4420260525020009,大垣競輪,9R,14:37,2-6,2,6,178.6,0.0384719243205899,5.87108568365736
4420260525020004,大垣競輪,4R,12:08,4-6,4,6,223.0,0.0308024392679329,5.868943956749036
4420260525020002,大垣競輪,2R,11:12,3-6,3,6,194.3,0.035165231640179,5.832604507686781
3820260524030007,静岡競輪,7R,13:52,5-6,5,6,156.2,0.0434757282800018,5.790908757336291
3820260524030005,静岡競輪,5R,12:52,5-6,5,6,209.0,0.0322626826190753,5.742900667386745
3820260524030006,静岡競輪,6R,13:22,2-6,2,6,182.0,0.0360954068411207,5.569364045083967
8620260525020004,別府競輪,4R,16:59,6-7,6,7,188.3,0.0336648874774466,5.339098312003198
3820260524030008,静岡競輪,8R,14:22,4-7,4,7,141.8,0.0440887740224961,5.251788156389957
7520260526010001,松山競輪,1R,08:30,1-6,1,6,145.1,0.0411760068190219,4.974638589440088
8620260525020002,別府競輪,2R,16:07,4-5,4,5,303.1,0.0192695096594744,4.840588377786691
7520260526010007,松山競輪,7R,10:35,1-2,1,2,78.1,0.0716510999419058,4.595950905462843
4420260525020001,大垣競輪,1R,10:45,3-4,3,4,108.1,0.0514741313056007,4.564353594135439
4420260525020010,大垣競輪,10R,15:07,1-6,1,6,180.2,0.0299385919451143,4.39493426850961
3820260524030003,静岡競輪,3R,11:54,4-6,4,6,123.9,0.0424206906543545,4.255923572074527
3820260524030011,静岡競輪,11R,15:52,1-6,1,6,113.8,0.0458628405981984,4.219191260074982
4420260525020007,大垣競輪,7R,13:37,1-6,1,6,75.7,0.0643816399129273,3.8736901414086
7520260526010005,松山競輪,5R,09:53,3-4,3,4,95.1,0.0474438357327704,3.5119087781864664
4420260525020003,大垣競輪,3R,11:40,5-6,5,6,124.9,0.0318108946980716,2.9731807477891525
8620260525020009,別府競輪,9R,19:09,5-6,5,6,97.8,0.040379411756738,2.9491064698089846
4220260525020001,名古屋競輪,1R,20:41,3-5,3,5,75.0,0.0500558141325713,2.7541860599428496
4420260525020011,大垣競輪,11R,15:38,3-4,3,4,86.9,0.0383557902287855,2.3331181708814666
8620260525020006,別府競輪,6R,17:51,1-2,1,2,50.5,0.0639033183253224,2.2271175754287853
6120260525020007,玉野競輪,7R,23:21,1-6,1,6,57.0,0.055602765828586,2.169357652229405
2720260525020007,京王閣競輪,7R,23:30,2-5,2,5,46.5,0.067070168324904,2.11876282710804
2220260526010008,前橋競輪,8R,18:56,3-7,3,7,77.2,0.0393694213517859,2.0393193283578723
2220260526010007,前橋競輪,7R,18:30,3-5,3,5,81.0,0.0313008744037327,1.5353708267023518
4220260525020007,名古屋競輪,7R,23:12,1-5,1,5,29.2,0.0867050661478801,1.5317879315181
8620260525020010,別府競輪,10R,19:35,4-6,4,6,96.9,0.023903374080731,1.3162369484228345
2720260525020001,京王閣競輪,1R,20:57,4-6,4,6,54.0,0.0428682171683949,1.314883727093327
4420260525020008,大垣競輪,8R,14:07,4-6,4,6,63.7,0.0359541084105382,1.290276705751284
8620260525020007,別府競輪,7R,18:17,2-3,2,3,29.5,0.0747384535829649,1.2047843806974674
4220260525020004,名古屋競輪,4R,21:53,1-2,1,2,18.0,0.1216519942523798,1.189735896542838
6120260525020001,玉野競輪,1R,20:49,6-7,6,7,39.7,0.0515750479595809,1.047529403995362
2220260526010011,前橋競輪,11R,20:16,1-6,1,6,43.6,0.0431544918901247,0.8815358464094405
2720260525020002,京王閣競輪,2R,21:21,1-2,1,2,23.2,0.0810923202473749,0.8813418297390987
8620260525020008,別府競輪,8R,18:43,2-3,2,3,36.0,0.0515140901255665,0.8545072445203945
2720260525020006,京王閣競輪,6R,23:03,1-2,1,2,18.7,0.0983957284257597,0.8400001215617061
4220260525020003,名古屋競輪,3R,21:29,2-5,2,5,21.7,0.0820198226571239,0.7798301516595896
2720260525020005,京王閣競輪,5R,22:36,1-2,1,2,15.0,0.108067276534558,0.6210091480183704
6120260525020003,玉野競輪,3R,21:37,1-6,1,6,18.0,0.0858783184574409,0.5458097322339377
6120260525020002,玉野競輪,2R,21:13,2-5,2,5,15.7,0.0956933844659696,0.5023861361157231
2720260525020003,京王閣競輪,3R,21:45,5-6,5,6,22.5,0.0655386797095073,0.4746202934639159
6120260525020005,玉野競輪,5R,22:27,2-4,2,4,18.7,0.0746425367803763,0.3958154377930378
4220260525020005,名古屋競輪,5R,22:18,1-5,1,5,18.7,0.0737230598608653,0.3786212193981819
6120260525020006,玉野競輪,6R,22:54,1-3,1,3,18.0,0.0725439549462969,0.3057911890333444
2720260525020004,京王閣競輪,4R,22:09,1-6,1,6,18.7,0.0683164978622546,0.2775185100241626
4220260525020006,名古屋競輪,6R,22:45,1-6,1,6,16.5,0.0637800522490591,0.052370862109476
4220260525020002,名古屋競輪,2R,21:05,1-4,1,4,9.3,0.0882756204158442,-0.1790367301326485
6120260525020004,玉野競輪,4R,22:01,1-3,1,3,11.2,0.0679239946575582,-0.2392512598353475
2220260526020002,前橋競輪,2R,16:22,1-6,1,6,917.0,0.0321598018540151,28.490538300131863
2220260526020001,前橋競輪,1R,15:59,5-6,5,6,384.1,0.0478430234028331,17.3765052890282
8620260525030011,別府競輪,11R,20:02,5-6,5,6,464.6,0.032430893699676,14.06739321286947
2120260527010003,弥彦競輪,3R,11:37,2-6,2,6,315.3,0.0474300266849366,13.954687413760524
2220260526020006,前橋競輪,6R,18:04,3-7,3,7,253.5,0.0484354943749535,11.27839782405072
4220260525030006,名古屋競輪,6R,22:45,2-5,2,5,207.0,0.0566521503202862,10.72699511629926
2120260527010004,弥彦競輪,4R,12:05,5-6,5,6,304.8,0.0357938564717784,9.909967452598066
2120260527010010,弥彦競輪,10R,14:53,1-6,1,6,196.2,0.0520245256963345,9.207211941620836
4420260525030008,大垣競輪,8R,14:11,5-6,5,6,269.7,0.036477256973172,8.837916205664513
2220260526020004,前橋競輪,4R,17:12,5-7,5,7,204.1,0.0459113139898184,8.370499185321947
4420260525030007,大垣競輪,7R,13:43,1-6,1,6,220.7,0.0379359035696678,7.372453917825693
2120260527010007,弥彦競輪,7R,13:29,5-6,5,6,95.0,0.078578122715215,6.464921657945425
8620260525030003,別府競輪,3R,16:33,5-6,5,6,266.6,0.0270170507127645,6.20274572002302
2720260525030007,京王閣競輪,7R,23:30,1-6,1,6,91.5,0.0759965899899695,5.953687984082217
2220260526020003,前橋競輪,3R,16:46,1-6,1,6,139.8,0.0487363960674999,5.813348170236496
4420260525030012,大垣競輪,12R,16:15,1-4,1,4,146.3,0.0465231157698833,5.806331837133937
4420260525030009,大垣競輪,9R,14:39,1-6,1,6,140.7,0.0483299790804993,5.800028056626263
7520260526020006,松山競輪,6R,10:14,6-7,6,7,261.8,0.0254276928792074,5.656969995776507
2120260527010006,弥彦競輪,6R,13:01,5-6,5,6,391.1,0.0166220104461599,5.500868285493145
7520260526020002,松山競輪,2R,08:50,3-6,3,6,163.9,0.0387583577205257,5.352494830394164
2120260527010002,弥彦競輪,2R,11:10,4-5,4,5,193.8,0.0319074420983144,5.18366227865334
7520260526020007,松山競輪,7R,10:35,3-7,3,7,143.6,0.0411505119626621,4.909213517838287
4420260525030005,大垣競輪,5R,12:47,2-6,2,6,83.6,0.0704201802952255,4.887127072680852
7520260526020004,松山競輪,4R,09:32,3-6,3,6,109.6,0.0534795041538391,4.861353655260769
8620260525030004,別府競輪,4R,16:59,6-7,6,7,198.1,0.0289014794959013,4.725383088138051
8620260525030009,別府競輪,9R,19:09,4-5,4,5,118.8,0.0480847370086333,4.712466756625638
7520260526020005,松山競輪,5R,09:53,1-6,1,6,147.4,0.0380878003092043,4.614141765576719
2120260527010008,弥彦競輪,8R,13:57,5-6,5,6,97.5,0.0555406804420965,4.415216343104412
2220260526020005,前橋競輪,5R,17:38,4-6,4,6,165.5,0.0322849234162466,4.343154825388821
8620260525030007,別府競輪,7R,18:17,1-4,1,4,110.6,0.0467192310765844,4.16714695707024
4420260525030006,大垣競輪,6R,13:15,4-6,4,6,190.3,0.0257812541521702,3.906172665158003
4220260525030001,名古屋競輪,1R,20:41,4-5,4,5,111.7,0.0436168700191749,3.8720043811418456
2220260526020010,前橋競輪,10R,19:48,1-7,1,7,85.5,0.0566297206785874,3.841841118019227
4220260525030007,名古屋競輪,7R,23:12,1-6,1,6,81.0,0.0597167286796744,3.8370550230536287
4420260525030002,大垣競輪,2R,11:23,3-6,3,6,79.4,0.0607092397945328,3.820313639685912
8620260525030010,別府競輪,10R,19:35,1-4,1,4,63.0,0.0749812783121941,3.723820533668234
2120260527010009,弥彦競輪,9R,14:25,1-6,1,6,77.0,0.0568560246539013,3.377913898350404
8620260525030002,別府競輪,2R,16:07,1-4,1,4,53.6,0.0812485451377687,3.3549220193844045
4420260525030001,大垣競輪,1R,10:57,4-6,4,6,68.7,0.0628764087388665,3.319609280360134
7520260526020001,松山競輪,1R,08:30,1-2,1,2,108.5,0.0390408920656471,3.2359367891227144
2720260525030001,京王閣競輪,1R,20:57,1-5,1,5,33.0,0.1261769154824543,3.163838210920992
4420260525030011,大垣競輪,11R,15:37,3-6,3,6,59.8,0.0685471994136573,3.099122524936707
8620260525030001,別府競輪,1R,15:45,2-5,2,5,51.8,0.0790028959133488,3.092350008311471
8620260525030012,別府競輪,12R,20:30,1-6,1,6,163.9,0.0241581233013521,2.9595164090916173
4420260525030003,大垣競輪,3R,11:51,5-6,5,6,54.3,0.0718949629074847,2.903896485876419
2120260527010011,弥彦競輪,11R,15:22,1-6,1,6,78.9,0.0455386220371239,2.5929972787290807
2220260526020008,前橋競輪,8R,18:56,1-3,1,3,66.0,0.0524729137561366,2.463212307905017
2220260526020009,前橋競輪,9R,19:22,1-6,1,6,93.0,0.0371613803294413,2.456008370638044
4420260525030010,大垣競輪,10R,15:07,5-6,5,6,35.9,0.0922285062322595,2.311003373738117
8620260525030005,別府競輪,5R,17:25,5-6,5,6,93.4,0.0350116648762436,2.2700894994411565
2220260526020011,前橋競輪,11R,20:16,1-7,1,7,86.2,0.0379060587820657,2.267502267014068
4420260525030004,大垣競輪,4R,12:19,1-6,1,6,71.6,0.0446898394224048,2.1997925026441862
2120260527010001,弥彦競輪,1R,10:45,1-6,1,6,35.6,0.0888527276311295,2.163157103668211
2220260526020007,前橋競輪,7R,18:30,2-4,2,4,72.7,0.042519768776537,2.091187190054243
8620260525030008,別府競輪,8R,18:43,1-6,1,6,63.3,0.0464349189347389,1.939330368568975
8620260525030006,別府競輪,6R,17:51,3-7,3,7,42.9,0.0672348518764837,1.8843751455011504
6120260525030001,玉野競輪,1R,20:49,3-4,3,4,58.5,0.0487264760269628,1.850498847577326
2120260527010005,弥彦競輪,5R,12:33,3-7,3,7,94.4,0.0271866914051254,1.5664236686438402
7520260526020003,松山競輪,3R,09:11,3-4,3,4,71.4,0.0355446280678554,1.537886444044879
2120260527010012,弥彦競輪,12R,15:52,1-6,1,6,58.8,0.0383608604353789,1.2556185936002833
6120260525030007,玉野競輪,7R,23:21,4-6,4,6,72.7,0.0270176966995569,0.9641865500577936
4220260525030002,名古屋競輪,2R,21:05,2-6,2,6,24.0,0.0713253797055152,0.711809112932366
6120260525030003,玉野競輪,3R,21:37,1-5,1,5,15.0,0.112788519146303,0.6918277871945455
4220260525030004,名古屋競輪,4R,21:53,2-4,2,4,12.7,0.1247081778406706,0.5837938585765174
2720260525030006,京王閣競輪,6R,23:03,2-5,2,5,29.2,0.0522652508895156,0.526145325973856
6120260525030002,玉野競輪,2R,21:13,1-7,1,7,15.7,0.0888366030398697,0.3947346677259542
2720260525030003,京王閣競輪,3R,21:45,3-6,3,6,23.2,0.0573195688309515,0.3298139968780762
4220260525030003,名古屋競輪,3R,21:29,1-3,1,3,15.0,0.0862664196810368,0.2939962952155519
2720260525030005,京王閣競輪,5R,22:36,2-5,2,5,19.5,0.0654466821697139,0.2762103023094213
6120260525030004,玉野競輪,4R,22:01,1-2,1,2,12.7,0.0972939345180919,0.2356329683797671
2720260525030002,京王閣競輪,2R,21:21,4-5,4,5,18.0,0.0659215812002129,0.1865884616038338
6120260525030006,玉野競輪,6R,22:54,1-6,1,6,12.0,0.0944060053034553,0.1328720636414635
4220260525030005,名古屋競輪,5R,22:18,1-2,1,2,13.5,0.0835842590863357,0.1283874976655319
6120260525030005,玉野競輪,5R,22:27,1-4,1,4,13.5,0.0824261927745929,0.1127536024570046
2720260525030004,京王閣競輪,4R,22:09,1-5,1,5,18.7,0.0593068900272262,0.1090388435091302
5620260531010006,岸和田競輪,6R,22:54,1-3,1,3,2031.0,0.0951254335880988,192.1997556174288
7420260531010003,高知競輪,3R,21:45,1-7,1,7,453.0,0.0874855418109054,38.63095044034015
1120260530020006,函館競輪,6R,18:06,2-5,2,5,380.6,0.0514254605956988,18.572530302722964
3620260531010006,小田原競輪,6R,10:14,5-6,5,6,244.8,0.0668180611696888,15.357061374339835
2420260530020011,宇都宮競輪,11R,15:47,6-9,6,9,410.4,0.0364577647908649,13.96226667017097
5620260531010004,岸和田競輪,4R,22:01,2-3,2,3,219.0,0.0677875487130408,13.84547316815594
3620260531010001,小田原競輪,1R,08:30,4-6,4,6,366.7,0.0398015206509601,13.595217622707068
7420260531010001,高知競輪,1R,20:57,4-5,4,5,231.7,0.0459592355259788,9.648754871369292
3120260531010007,松戸競輪,7R,18:18,2-3,2,3,182.2,0.0543190090734902,8.896923453189924
3120260531010009,松戸競輪,9R,19:09,1-6,1,6,189.3,0.0513448892847336,8.719587541600072
3120260531010004,松戸競輪,4R,17:06,5-6,5,6,246.6,0.039031389617259,8.625140679616079
3820260531010006,静岡競輪,6R,22:45,3-7,3,7,324.0,0.0296107486990968,8.593882578507387
3620260531010004,小田原競輪,4R,09:32,2-7,2,7,188.3,0.0503164865254473,8.474594412741729
2420260530020002,宇都宮競輪,2R,11:14,5-8,5,8,455.1,0.0206426763996641,8.394482029487142
2420260530020008,宇都宮競輪,8R,14:14,1-6,1,6,302.2,0.0279987476135195,7.461221528805606
8720260529030001,熊本競輪,1R,10:59,6-7,6,7,251.3,0.0317411506867498,6.976551167580244
2420260530020006,宇都宮競輪,6R,13:14,3-6,3,6,674.1,0.0117611155895426,6.928168018910673
1120260530020003,函館競輪,3R,16:54,4-6,4,6,167.9,0.0465376966577202,6.81367926883123
1120260530020010,函館競輪,10R,19:48,3-6,3,6,146.2,0.0481993441195169,6.046744110273376
2420260530020012,宇都宮競輪,12R,16:25,2-3,2,3,179.0,0.039098414966249,5.998616278958585
1120260530020005,函館競輪,5R,17:42,2-5,2,5,135.5,0.0508817370635972,5.89447537211743
2420260530020004,宇都宮競輪,4R,12:14,6-9,6,9,186.0,0.036002263791473,5.696421065213992
3820260531010004,静岡競輪,4R,21:53,1-5,1,5,89.2,0.071829781051468,5.407216469790953
8720260529030007,熊本競輪,7R,13:59,2-6,2,6,89.8,0.0704947997736566,5.330433019674367
3120260531010008,松戸競輪,8R,18:43,6-7,6,7,288.7,0.0218122730326287,5.297203224519911
3620260531010002,小田原競輪,2R,08:50,3-7,3,7,138.7,0.0444459516081247,5.164653488046897
2420260530020010,宇都宮競輪,10R,15:15,3-4,3,4,189.7,0.0316346516756738,5.001093422875336
8720260529030009,熊本競輪,9R,14:59,4-6,4,6,175.1,0.0318183312591024,4.5713898034688345
3120260531010002,松戸競輪,2R,16:18,4-6,4,6,98.3,0.056638172280163,4.567532335140028
8720260529030003,熊本競輪,3R,11:59,2-7,2,7,195.6,0.0283819119567033,4.551501978731172
7420260531010007,高知競輪,7R,23:30,1-3,1,3,62.2,0.0879454775539488,4.470208703855615
3620260531010005,小田原競輪,5R,09:53,2-3,2,3,260.4,0.0208381271346986,4.426248305875525
8720260529030010,熊本競輪,10R,15:31,2-5,2,5,92.2,0.0573791861773035,4.29036096554739
3620260531010007,小田原競輪,7R,10:35,1-4,1,4,138.7,0.0370059121002743,4.132720008308058
1120260530020008,函館競輪,8R,18:56,2-6,2,6,104.2,0.0477372406866151,3.974220479545296
2420260530020005,宇都宮競輪,5R,12:44,5-6,5,6,634.1,0.0078350897499565,3.968230410447464
8720260529030011,熊本競輪,11R,16:03,1-7,1,7,57.7,0.0833594504269344,3.809840289634117
8720260529030002,熊本競輪,2R,11:29,2-6,2,6,266.7,0.0179497929581873,3.787209781948568
3120260531010005,松戸競輪,5R,17:30,5-6,5,6,73.5,0.0620998573217318,3.564339513147292
3120260531010006,松戸競輪,6R,17:54,1-6,1,6,96.1,0.0473530293690531,3.550626122366003
7420260531010002,高知競輪,2R,21:21,2-5,2,5,77.2,0.0577129044891804,3.455436226564732
3120260531010010,松戸競輪,10R,19:35,1-6,1,6,87.5,0.0507586549269253,3.441382306105969
2420260530020001,宇都宮競輪,1R,10:45,5-6,5,6,217.3,0.020057736372905,3.358546113832266
2420260530020009,宇都宮競輪,9R,14:44,3-6,3,6,277.5,0.0155275886031882,3.3089058373847395
1120260530020002,函館競輪,2R,16:32,3-5,3,5,85.9,0.0498579741819111,3.2827999822261638
3120260531010001,松戸競輪,1R,15:54,2-6,2,6,61.3,0.0691318395275141,3.237781763036617
2420260530020007,宇都宮競輪,7R,13:44,1-4,1,4,226.2,0.0184538242926855,3.174255055005476
5620260531010001,岸和田競輪,1R,20:49,1-4,1,4,68.2,0.0538452700667487,2.6722474185522667
2420260530020003,宇都宮競輪,3R,11:44,1-6,1,6,194.7,0.0187628870997896,2.6531341183290387
3620260531010003,小田原競輪,3R,09:11,4-6,4,6,105.5,0.0334591401660522,2.52993928751851
8720260529030008,熊本競輪,8R,14:29,4-6,4,6,62.7,0.0558271357573397,2.5003614119852027
8720260529030004,熊本競輪,4R,12:29,2-3,2,3,80.9,0.0427695224099185,2.4600543629624108
1120260530020001,函館競輪,1R,16:10,4-5,4,5,38.3,0.0898711530228973,2.442065160776968
1120260530020004,函館競輪,4R,17:18,3-6,3,6,56.8,0.0595153410927573,2.3804713740686174
1120260530020011,函館競輪,11R,20:16,6-7,6,7,86.6,0.0386387666219415,2.3461171894601365
3120260531010003,松戸競輪,3R,16:42,2-7,2,7,196.1,0.0166591843686598,2.266866054694196
5620260531010007,岸和田競輪,7R,23:21,2-3,2,3,45.7,0.0688068077256923,2.1444711130641414
8720260529030006,熊本競輪,6R,13:29,1-2,1,2,33.3,0.0856370357345346,1.851713289960004
3120260531010011,松戸競輪,11R,20:02,1-6,1,6,104.2,0.0258746949833079,1.696143217260691
1120260530020009,函館競輪,9R,19:22,2-3,2,3,66.7,0.0369187901036017,1.4624832999102368
1120260530020007,函館競輪,7R,18:30,2-5,2,5,100.5,0.0231554827330366,1.327126014670188
3820260531010001,静岡競輪,1R,20:41,4-7,4,7,58.5,0.0385072494801797,1.2526740945905153
3820260531010007,静岡競輪,7R,23:12,2-4,2,4,42.7,0.0488611385186257,1.0863706147453192
3120260531010012,松戸競輪,12R,20:30,2-6,2,6,28.0,0.0665524135291514,0.8634675788162398
8720260529030005,熊本競輪,5R,12:59,1-5,1,5,11.5,0.1480048918111742,0.702056255828504
3820260531010003,静岡競輪,3R,21:29,1-2,1,2,16.5,0.0863914359994603,0.4254586939910949
5620260531010002,岸和田競輪,2R,21:13,1-2,1,2,13.5,0.1012436611132691,0.3667894250291339
5620260531010003,岸和田競輪,3R,21:37,2-4,2,4,13.5,0.1004071813618997,0.3554969483856469
7420260531010004,高知競輪,4R,22:09,1-6,1,6,12.0,0.1104852974852396,0.3258235698228753
3820260531010005,静岡競輪,5R,22:18,2-3,2,3,18.0,0.0716795077869065,0.2902311401643183
3820260531010002,静岡競輪,2R,21:05,1-5,1,5,12.0,0.0850379913677414,0.0204558964128971
7420260531010005,高知競輪,5R,22:36,2-3,2,3,11.2,0.0867198653017189,-0.0287375086207476
5620260531010005,岸和田競輪,5R,22:27,1-2,1,2,8.2,0.0990575310842903,-0.1877282451088193
7420260531010006,高知競輪,6R,23:03,2-6,2,6,12.0,0.0596253028078091,-0.2844963663062898
6320260603020007,防府競輪,7R,13:58,5-6,5,6,992.0,0.0296140344119857,28.37712213668989
4320260604010007,岐阜競輪,7R,10:35,5-7,5,7,779.6,0.0348877409133266,26.19848281602949
4320260604010002,岐阜競輪,2R,08:50,3-7,3,7,1064.7,0.0251888578598351,25.81857696336652
6320260603020006,防府競輪,6R,13:30,6-7,6,7,575.1,0.0400868716314099,22.05395987522388
2120260604010010,弥彦競輪,10R,19:26,5-6,5,6,326.2,0.0638201468627557,19.81813190663092
6320260603020011,防府競輪,11R,15:59,1-3,1,3,303.7,0.0655193149840431,18.89821596065391
2120260604010004,弥彦競輪,4R,17:02,1-7,1,7,545.0,0.0338196010590004,17.43168257715523
2120260604010012,弥彦競輪,12R,20:17,6-7,6,7,592.5,0.0307778071302125,17.235850724650916
2120260604010002,弥彦競輪,2R,16:14,5-6,5,6,357.6,0.0398128962010825,13.237091681507136
2120260604010003,弥彦競輪,3R,16:38,3-6,3,6,347.1,0.039830598894541,12.825200876295192
6320260603020009,防府競輪,9R,14:57,6-7,6,7,307.6,0.0425941613315742,12.101964025592231
8320260604010002,久留米競輪,2R,11:24,3-4,3,4,249.9,0.0524138006145215,12.098208773568926
6320260603020005,防府競輪,5R,13:02,3-6,3,6,377.8,0.0343519408912659,11.978163268720284
6320260603020010,防府競輪,10R,15:28,1-7,1,7,181.4,0.0705334051373192,11.794759691909714
3520260603020001,平塚競輪,1R,20:49,4-5,4,5,249.7,0.0475123263545579,10.863827890733107
8320260604010011,久留米競輪,11R,15:44,5-6,5,6,468.0,0.0250864745682551,10.740470097943414
2120260604010011,弥彦競輪,11R,19:51,5-6,5,6,327.7,0.0332620685459725,9.899979862515195
1220260602030003,青森競輪,3R,16:50,1-6,1,6,232.6,0.0466148116679038,9.842605193954425
3520260603020002,平塚競輪,2R,21:13,1-6,1,6,189.7,0.0558935426234297,9.603005035664625
6320260603020004,防府競輪,4R,12:34,6-7,6,7,437.3,0.024239332579829,9.599860137159252
4320260604010001,岐阜競輪,1R,08:30,5-6,5,6,264.5,0.0362366582684052,8.584596111993175
6320260603020001,防府競輪,1R,11:11,5-6,5,6,368.9,0.0253802363201574,8.362769178506088
8320260604010001,久留米競輪,1R,10:58,2-8,2,8,840.3,0.0111012736948608,8.328400285791572
8320260604010003,久留米競輪,3R,11:52,3-4,3,4,751.0,0.0119582289717476,7.980629957782495
6320260603020002,防府競輪,2R,11:38,4-6,4,6,501.5,0.0171819526383245,7.616749248119776
8320260604010008,久留米競輪,8R,14:12,5-6,5,6,379.1,0.0221437133616873,7.394681735415684
8320260604010004,久留米競輪,4R,12:20,1-4,1,4,181.0,0.045789746514737,7.287944119167413
4320260604010004,岐阜競輪,4R,09:32,3-4,3,4,237.2,0.0344737353896048,7.177170034414274
4320260604010006,岐阜競輪,6R,10:14,1-5,1,5,163.3,0.0475557364988516,6.765851770262469
8320260604010007,久留米競輪,7R,13:44,5-6,5,6,218.8,0.0337878110394231,6.392773055425794
8320260604010010,久留米競輪,10R,15:12,6-9,6,9,438.3,0.0165658496727236,6.260811911554756
1220260602030001,青森競輪,1R,16:06,1-6,1,6,155.0,0.0464999128856301,6.207486497272678
8320260604010009,久留米競輪,9R,14:42,2-6,2,6,357.2,0.0195467495712771,5.9820989468601935
2120260604010008,弥彦競輪,8R,18:38,3-5,3,5,217.5,0.0318785583397243,5.93358643889004
6320260603020003,防府競輪,3R,12:06,6-7,6,7,264.1,0.0253497287646557,5.69486336674559
4320260604010005,岐阜競輪,5R,09:53,2-4,2,4,231.1,0.0284289186493984,5.569923099875992
8320260604010006,久留米競輪,6R,13:16,2-8,2,8,419.1,0.0155496200824388,5.516845776550114
1220260602030011,青森競輪,11R,20:04,6-7,6,7,121.1,0.0483028542221504,4.849475646302424
2120260604010001,弥彦競輪,1R,15:51,4-6,4,6,112.4,0.04615258307674,4.187550337825583
6320260603020008,防府競輪,8R,14:27,1-4,1,4,129.1,0.0383121414445871,3.946097460496194
1220260602030008,青森競輪,8R,18:50,5-6,5,6,80.7,0.0557211614427723,3.496697728431731
1220260602030012,青森競輪,12R,20:30,5-6,5,6,111.1,0.0400021780420749,3.444241980474523
3520260603020007,平塚競輪,7R,23:21,3-7,3,7,65.2,0.0672728353803264,3.386188866797287
8320260604010005,久留米競輪,5R,12:48,6-7,6,7,272.7,0.0157926788038641,3.3066635098137622
1220260602030007,青森競輪,7R,18:26,1-6,1,6,171.7,0.0246480575573231,3.232071482592381
1220260602030010,青森競輪,10R,19:38,4-6,4,6,87.5,0.0479211246748426,3.193098409048729
2120260604010005,弥彦競輪,5R,17:26,1-6,1,6,111.6,0.0375069758816973,3.1857785083974246
1220260602030002,青森競輪,2R,16:28,1-6,1,6,164.6,0.0246775427123561,3.061923530453828
2220260603020001,前橋競輪,1R,20:41,1-6,1,6,51.0,0.0787547016709106,3.016489785216443
4320260604010003,岐阜競輪,3R,09:11,2-6,2,6,65.6,0.0581823666550178,2.816763252569168
2120260604010009,弥彦競輪,9R,19:02,6-7,6,7,61.8,0.0610446097665187,2.77255688357086
4520260603020004,豊橋競輪,4R,22:09,1-3,1,3,52.5,0.0694258752094127,2.6448584484941664
2120260604010007,弥彦競輪,7R,18:14,5-6,5,6,71.6,0.046730735063435,2.345920630541952
1220260602030004,青森競輪,4R,17:14,2-7,2,7,49.5,0.0652983299996452,2.23226733498244
1220260602030006,青森競輪,6R,18:02,1-6,1,6,45.0,0.070879025457901,2.189556145605545
3520260603020005,平塚競輪,5R,22:27,1-6,1,6,39.7,0.079739905719134,2.165674257049622
8320260604010012,久留米競輪,12R,16:21,3-4,3,4,186.5,0.0164162382634844,2.061628436139841
1220260602030005,青森競輪,5R,17:38,2-6,2,6,103.0,0.0296541503432061,2.054377485350233
2220260603020007,前橋競輪,7R,23:12,2-4,2,4,29.2,0.0900127492090174,1.6283722769033098
2120260604010006,弥彦競輪,6R,17:50,1-6,1,6,50.4,0.0520298315529342,1.622303510267885
2220260603020005,前橋競輪,5R,22:18,1-5,1,5,33.0,0.0792799868668135,1.616239566604846
1220260602030009,青森競輪,9R,19:14,1-6,1,6,79.0,0.0317765673827471,1.510348823237022
4520260603020005,豊橋競輪,5R,22:36,2-4,2,4,33.7,0.0736047218685645,1.480479126970625
4520260603020006,豊橋競輪,6R,23:03,2-4,2,4,34.5,0.0679395189145087,1.3439134025505537
4520260603020003,豊橋競輪,3R,21:45,1-4,1,4,26.2,0.0860127383620715,1.2535337450862745
3520260603020006,平塚競輪,6R,22:54,1-5,1,5,31.5,0.0657022580116197,1.0696211273660214
4520260603020001,豊橋競輪,1R,20:57,1-6,1,6,30.0,0.0665146920089676,0.9954407602690308
3520260603020003,平塚競輪,3R,21:37,2-5,2,5,18.7,0.0907687679035851,0.6973759597970415
4520260603020002,豊橋競輪,2R,21:21,3-6,3,6,33.0,0.0475934919126236,0.5705852331165815
4520260603020007,豊橋競輪,7R,23:30,2-3,2,3,36.0,0.0431443239315364,0.5531956615353124
2220260603020003,前橋競輪,3R,21:29,1-2,1,2,13.1,0.101509966521891,0.3297805614367723
3520260603020004,平塚競輪,4R,22:01,1-3,1,3,16.5,0.0730366826537052,0.2051052637861361
2220260603020006,前橋競輪,6R,22:45,2-7,2,7,13.5,0.0724220267466275,-0.0223026389205284
2220260603020002,前橋競輪,2R,21:05,1-2,1,2,9.7,0.0915390512027529,-0.112071203333296
2220260603020004,前橋競輪,4R,21:53,1-6,1,6,8.2,0.0969823567403896,-0.2047446747288047
3720260607010010,伊東競輪,10R,19:35,1-3,1,3,349.5,0.0783213710854652,26.373319194370115
1120260605030001,函館競輪,1R,16:10,2-5,2,5,153.2,0.1425688087870282,20.84154150617272
4720260607010011,松阪競輪,11R,15:32,5-6,5,6,421.8,0.0411346378974852,16.35059026515929
8320260604040010,久留米競輪,10R,15:16,4-8,4,8,1548.0,0.0109051099317217,15.881110174305327
8320260604040005,久留米競輪,5R,12:50,4-8,4,8,1297.5,0.0112245372417897,13.563837071222135
4720260607010008,松阪競輪,8R,14:01,4-6,4,6,261.7,0.0515742255312115,12.49697482151806
4720260607010004,松阪競輪,4R,12:08,4-6,4,6,419.1,0.0307472746694033,11.886182813946942
1120260605030010,函館競輪,10R,19:48,3-5,3,5,224.6,0.0502426041289125,10.284488887353756
1120260605030006,函館競輪,6R,18:06,2-3,2,3,139.5,0.0776790260871998,9.836224139164374
4720260607010003,松阪競輪,3R,11:40,1-6,1,6,227.8,0.0473061838490235,9.776348680807564
8320260604040007,久留米競輪,7R,13:46,4-8,4,8,1344.7,0.0066915842966571,7.998173403714885
4720260607010001,松阪競輪,1R,10:45,4-6,4,6,217.5,0.040831815382786,7.880919845755967
2520260605030005,大宮競輪,5R,09:53,4-6,4,6,137.0,0.064325988266017,7.812660392444336
4720260607010002,松阪競輪,2R,11:12,4-6,4,6,151.5,0.053915648806229,7.168220794143702
2520260605030007,大宮競輪,7R,10:35,6-7,6,7,173.3,0.0446286545761358,6.734145838044348
3720260607010003,伊東競輪,3R,16:42,2-5,2,5,136.5,0.0498801401435629,5.80863912959634
8320260604040003,久留米競輪,3R,11:54,1-4,1,4,215.6,0.031226055829494,5.732337636838911
8320260604040002,久留米競輪,2R,11:26,2-6,2,6,181.4,0.0339480616074894,5.158178375598592
8320260604040011,久留米競輪,11R,15:48,4-6,4,6,248.2,0.0244765846948287,5.075088321256503
2520260605030004,大宮競輪,4R,09:32,2-6,2,6,163.5,0.0363591160551761,4.9447154750212965
2520260605030003,大宮競輪,3R,09:11,3-6,3,6,145.2,0.0402467782910938,4.8438322078668286
4720260607010010,松阪競輪,10R,15:01,5-6,5,6,156.0,0.0356395979930434,4.55977728691478
3720260607010002,伊東競輪,2R,16:18,2-6,2,6,93.0,0.0590389731610519,4.490624503977827
3720260607010001,伊東競輪,1R,15:55,3-6,3,6,70.2,0.0769389477309365,4.401114130711749
8320260604040012,久留米競輪,12R,16:25,4-6,4,6,442.0,0.0117937714515404,4.212846981580866
4720260607010009,松阪競輪,9R,14:31,5-6,5,6,109.8,0.0474506561984996,4.210082050595256
1120260605030004,函館競輪,4R,17:18,4-5,4,5,133.5,0.0378219623837144,4.049231978225873
2520260605030006,大宮競輪,6R,10:14,6-7,6,7,219.6,0.0228240909998811,4.012170383573894
8320260604040008,久留米競輪,8R,14:16,6-9,6,9,361.1,0.0138775279521817,4.011175343532828
3720260607010011,伊東競輪,11R,20:02,2-5,2,5,73.0,0.0683054635542817,3.986298839462566
8320260604040001,久留米競輪,1R,10:58,3-4,3,4,282.8,0.016823311766674,3.757632567615426
3720260607010005,伊東競輪,5R,17:30,1-5,1,5,85.5,0.0502191831280112,3.2937401574449607
1120260605030011,函館競輪,11R,20:16,1-6,1,6,72.5,0.0587495512432475,3.259342465135446
4720260607010007,松阪競輪,7R,13:32,3-4,3,4,60.7,0.0680771938043457,3.132285663923785
2520260605030001,大宮競輪,1R,08:30,2-6,2,6,83.8,0.0484211518940125,3.057692528718249
1120260605030009,函館競輪,9R,19:22,1-3,1,3,166.5,0.0233231709376434,2.8833079611176324
3720260607010006,伊東競輪,6R,17:54,1-2,1,2,64.5,0.0553054202121157,2.567199603681465
8320260604040006,久留米競輪,6R,13:18,6-9,6,9,357.1,0.0095844365467616,2.422602290848578
8320260604040004,久留米競輪,4R,12:22,3-5,3,5,87.7,0.0358474580605916,2.1438220719138856
3720260607010012,伊東競輪,12R,20:30,5-7,5,7,27.2,0.1065322509192257,1.89767722500294
1120260605030003,函館競輪,3R,16:54,3-6,3,6,57.7,0.0496782558455085,1.8664353622858412
1120260605030005,函館競輪,5R,17:42,5-6,5,6,42.0,0.0680767782572753,1.859224686805565
2520260605030002,大宮競輪,2R,08:50,5-7,5,7,74.5,0.03474236059679,1.588305864460856
3720260607010004,伊東競輪,4R,17:06,5-6,5,6,83.2,0.0300114234247583,1.4969504289398974
8320260604040009,久留米競輪,9R,14:46,5-9,5,9,70.8,0.0350925291216797,1.484551061814929
3720260607010008,伊東競輪,8R,18:43,4-5,4,5,13.5,0.1570901928550606,1.1207176035433188
4720260607010006,松阪競輪,6R,13:04,1-6,1,6,51.2,0.0409162418648346,1.0949115834795324
4720260607010005,松阪競輪,5R,12:36,1-3,1,3,34.7,0.0577026053378112,1.0022804052220513
3720260607010009,伊東競輪,9R,19:09,2-3,2,3,12.1,0.1363937505591083,0.6503643817652107
1120260605030008,函館競輪,8R,18:56,5-7,5,7,49.5,0.0296191889924535,0.4661498551264516
3720260607010007,伊東競輪,7R,18:18,3-4,3,4,8.3,0.1593627013181737,0.3227104209408422
1120260605030007,函館競輪,7R,18:30,1-3,1,3,21.0,0.0618926417625625,0.2997454770138141
1120260605030002,函館競輪,2R,16:32,3-5,3,5,11.2,0.0980594605023011,0.0982659576257731
7320260606020009,小松島競輪,9R,23:20,4-5,4,5,6.7,0.1359593220248378,-0.0890725424335867
5320260613010005,奈良競輪,5R,12:37,2-3,2,3,496.5,0.0372499715409647,17.49461087008902
5320260613010010,奈良競輪,10R,15:21,5-6,5,6,1104.3,0.0138949221225782,14.344162499963195
2320260613010003,取手競輪,3R,09:11,4-6,4,6,126.0,0.1183560291839478,13.912859677177424
8420260612020006,武雄競輪,6R,22:20,2-7,2,7,217.5,0.0650841853103403,13.15581030499903
5320260613010004,奈良競輪,4R,12:13,4-5,4,5,434.1,0.031442187388111,12.649053545179015
2120260612020002,弥彦競輪,2R,21:10,5-7,5,7,528.0,0.0235157961245014,11.416340353736755
8420260612020003,武雄競輪,3R,21:20,6-7,6,7,369.0,0.0294661858089279,9.873022563494407
5320260613010003,奈良競輪,3R,11:49,2-5,2,5,237.0,0.0445478164825696,9.557832506369015
3720260613010003,伊東競輪,3R,11:41,3-6,3,6,230.6,0.0447981751566324,9.330459191119436
2320260613010004,取手競輪,4R,09:32,5-6,5,6,193.4,0.0526777280482747,9.187872604536327
8420260612020004,武雄競輪,4R,21:40,2-7,2,7,216.9,0.046748994963001,9.139857007474925
2320260613010006,取手競輪,6R,10:14,3-6,3,6,246.3,0.0387859326783522,8.552975218678164
5320260613010006,奈良競輪,6R,13:03,3-5,3,5,175.9,0.0539578552342981,8.491186735713052
2320260613010005,取手競輪,5R,09:53,6-7,6,7,317.7,0.0291047661235039,8.24658419743721
2120260612020001,弥彦競輪,1R,20:50,6-7,6,7,408.0,0.0221502864207553,8.037316859668177
3720260613010007,伊東競輪,7R,13:21,2-6,2,6,286.3,0.0297927913421005,7.529676161243398
5320260613010007,奈良競輪,7R,13:32,5-6,5,6,739.7,0.0114961397902154,7.503694602822373
8420260612020009,武雄競輪,9R,23:20,5-7,5,7,262.5,0.0311513843503572,7.177238391968784
6120260611030002,玉野競輪,2R,16:08,4-6,4,6,279.4,0.0282480317060024,6.892500058657072
6120260611030011,玉野競輪,11R,20:02,2-6,2,6,186.7,0.0417032525449018,6.785997250133167
3720260613010001,伊東競輪,1R,10:53,3-6,3,6,160.5,0.0481165307987106,6.722703193193065
2320260613010001,取手競輪,1R,08:30,2-6,2,6,180.3,0.0425952903596132,6.679930851838276
3720260613010011,伊東競輪,11R,15:32,1-6,1,6,88.7,0.0779496893769073,5.914137447731683
8420260612020008,武雄競輪,8R,23:00,3-7,3,7,330.0,0.0200979834729707,5.632334546080356
6120260611030003,玉野競輪,3R,16:32,4-5,4,5,279.7,0.0230747402422312,5.454004845752079
4320260611030005,岐阜競輪,5R,12:21,1-6,1,6,144.8,0.0436380422941561,5.318788524193812
3720260613010009,伊東競輪,9R,14:22,1-6,1,6,113.0,0.0550636362532266,5.222190896614608
5320260613010009,奈良競輪,9R,14:46,4-6,4,6,92.7,0.065163615208136,5.040667129794215
5320260613010001,奈良競輪,1R,11:01,2-6,2,6,282.2,0.0213752790138552,5.032103737709945
8420260612020005,武雄競輪,5R,22:00,5-6,5,6,160.1,0.036794927626493,4.89086791300153
3720260613010010,伊東競輪,10R,14:56,4-6,4,6,172.3,0.0313710693292744,4.40523524543398
5320260613010008,奈良競輪,8R,14:11,2-6,2,6,95.3,0.0547441047237464,4.217113180173032
3720260613010004,伊東競輪,4R,12:05,6-7,6,7,158.0,0.0325146859663472,4.137320382682863
4320260611030010,岐阜競輪,10R,14:37,7-8,7,8,219.9,0.0229032828369094,4.0364318958363805
2120260612020004,弥彦競輪,4R,21:50,5-7,5,7,289.3,0.0172743171638428,3.997459955499735
5320260613010002,奈良競輪,2R,11:25,1-6,1,6,140.6,0.0353902018045448,3.975862373719001
6120260611030005,玉野競輪,5R,17:24,2-9,2,9,82.2,0.0587150646062746,3.8263783106357767
6120260611030001,玉野競輪,1R,15:45,3-7,3,7,137.4,0.035051480910555,3.816073477110268
3720260613010002,伊東競輪,2R,11:17,2-6,2,6,111.7,0.0424312466595519,3.739570251871954
2320260613010002,取手競輪,2R,08:50,1-6,1,6,120.9,0.0379261889458195,3.5852762435495835
6120260611030010,玉野競輪,10R,19:35,5-6,5,6,393.7,0.0113468442486807,3.4672525807056296
5320260613010011,奈良競輪,11R,16:00,3-4,3,4,112.7,0.0393187437752691,3.4312224234728346
4320260611030012,岐阜競輪,12R,15:40,1-4,1,4,100.7,0.0433551603100935,3.3658646432264225
4320260611030008,岐阜競輪,8R,13:39,1-8,1,8,207.3,0.0209713638180876,3.3473637194895653
3720260613010008,伊東競輪,8R,13:50,5-7,5,7,109.5,0.0387587991338125,3.2440885051524795
4320260611030009,岐阜競輪,9R,14:06,1-6,1,6,212.6,0.0196757487214026,3.183064178170211
4320260611030001,岐阜競輪,1R,10:45,5-6,5,6,224.6,0.0184923907917734,3.1533909718323256
4320260611030002,岐阜競輪,2R,11:09,5-6,5,6,142.6,0.0284056385743136,3.050644060697121
3720260613010006,伊東競輪,6R,12:55,6-7,6,7,176.1,0.0228257637401626,3.0196169946426474
6120260611030007,玉野競輪,7R,18:16,1-2,1,2,135.2,0.0294550613213227,2.9823242906428336
6120260611030012,玉野競輪,12R,20:30,4-5,4,5,68.2,0.0574031436298158,2.91489439555344
4320260611030007,岐阜競輪,7R,13:13,3-7,3,7,126.6,0.0307796319679774,2.8967014071459407
3720260613010012,伊東競輪,12R,16:15,2-6,2,6,78.5,0.0483190359793587,2.79304432437966
4320260611030006,岐阜競輪,6R,12:47,7-9,7,9,137.5,0.0266933480731603,2.6703353600595454
6120260611030004,玉野競輪,4R,16:58,6-9,6,9,186.8,0.0194379783028809,2.6310143469781684
2120260612020003,弥彦競輪,3R,21:30,1-6,1,6,53.1,0.0681033918329901,2.616290106331778
8420260612020001,武雄競輪,1R,20:40,5-6,5,6,81.5,0.0438548531604946,2.574170532580317
8420260612020007,武雄競輪,7R,22:40,3-5,3,5,72.2,0.0488370838397334,2.5260374532287586
2120260612020005,弥彦競輪,5R,22:10,1-7,1,7,60.4,0.0573518865046692,2.464053944882024
4320260611030003,岐阜競輪,3R,11:33,5-7,5,7,169.9,0.0198587363991812,2.3739993142208995
8420260612020002,武雄競輪,2R,21:00,3-5,3,5,48.2,0.0693505919504516,2.342698532011768
6120260611030008,玉野競輪,8R,18:42,8-9,8,9,206.3,0.0160969869244741,2.320808402519012
4320260611030011,岐阜競輪,11R,15:08,3-8,3,8,207.9,0.0151710800223831,2.1540675366534616
4320260611030004,岐阜競輪,4R,11:57,2-4,2,4,73.2,0.0396367366294292,1.90140912127422
6120260611030009,玉野競輪,9R,19:08,5-8,5,8,127.2,0.0223617253207928,1.8444114608048552
2120260612020006,弥彦競輪,6R,22:30,5-6,5,6,81.2,0.0336340662405324,1.7310861787312382
6120260611030006,玉野競輪,6R,17:50,3-4,3,4,133.8,0.0201315749796306,1.693604732274581
2320260613010007,取手競輪,7R,10:35,5-6,5,6,81.8,0.0299591530426714,1.450658718890526
2120260612020007,弥彦競輪,7R,22:50,3-5,3,5,64.1,0.037925517409819,1.4310256659693978
3720260613010005,伊東競輪,5R,12:29,1-5,1,5,56.9,0.039352095693705,1.239134244971817
2120260612020009,弥彦競輪,9R,23:30,4-5,4,5,63.0,0.0353489096657652,1.226981308943213
2120260612020008,弥彦競輪,8R,23:10,1-7,1,7,34.5,0.0632386325161232,1.1817328218062535
8620260615030001,別府競輪,1R,16:11,5-6,5,6,572.5,0.0435789653621448,23.948957669827905
8620260615030003,別府競輪,3R,16:59,6-7,6,7,200.9,0.0435439390892435,7.7479773630290225
3120260615030005,松戸競輪,5R,22:00,4-7,4,7,196.4,0.0441020879893885,7.661650081115917
8620260615030002,別府競輪,2R,16:37,5-6,5,6,171.8,0.045246020858558,6.773266383500279
3120260615030006,松戸競輪,6R,22:20,5-6,5,6,161.6,0.0463840802319316,6.495667365480151
8620260615030012,別府競輪,12R,20:30,5-6,5,6,205.6,0.036269122612229,6.456931609074283
5620260616020008,岸和田競輪,8R,13:59,5-6,5,6,244.3,0.0271522100057869,5.633284904413744
5620260616020007,岸和田競輪,7R,13:22,6-7,6,7,142.0,0.0359340579409485,4.102636227614694
5620260616020006,岸和田競輪,6R,12:52,4-5,4,5,94.3,0.0480804293346364,3.533984486256216
8620260615030004,別府競輪,4R,17:21,1-2,1,2,89.2,0.0492760162956894,3.3954206535754983
8620260615030006,別府競輪,6R,18:05,2-6,2,6,105.2,0.0376277392508508,2.9584381691895105
7520260619020004,松山競輪,4R,09:32,4-5,4,5,945.7,0.0338917547351917,31.051432453070817
1120260620010004,函館競輪,4R,17:08,6-7,6,7,681.3,0.0449483699533163,29.6233244491944
1120260620010010,函館競輪,10R,19:35,5-6,5,6,405.4,0.0460438171904541,17.666163489010128
8720260618030008,熊本競輪,8R,23:10,6-7,6,7,361.2,0.048933877152584,16.674916427513363
1120260620010009,函館競輪,9R,19:09,3-4,3,4,324.3,0.0522109148304858,15.93199967952657
7420260618030002,高知競輪,2R,21:00,6-7,6,7,382.1,0.0430364926161474,15.44424382862993
7520260619020006,松山競輪,6R,10:14,1-6,1,6,456.1,0.0343660495841573,14.674355215334185
7520260619020002,松山競輪,2R,08:50,5-6,5,6,270.4,0.0574453106670499,14.533212004370304
7520260619020007,松山競輪,7R,10:35,2-6,2,6,362.5,0.0415887661809635,14.07592774059927
8720260618030002,熊本競輪,2R,21:10,4-7,4,7,351.6,0.042875482039501,14.075019485088577
7420260618030003,高知競輪,3R,21:20,5-7,5,7,321.3,0.0438960401338338,13.10379769500081
8120260618030009,小倉競輪,9R,19:21,2-6,2,6,331.7,0.0414973659035461,12.764676270206246
1120260620010003,函館競輪,3R,16:44,3-7,3,7,299.1,0.0454513304266701,12.59449293061704
1120260620010011,函館競輪,11R,20:02,1-6,1,6,280.9,0.0455276467221426,11.788715964249862
8120260618030006,小倉競輪,6R,18:08,3-6,3,6,289.4,0.0432990017677603,11.530731111589846
1120260620010002,函館競輪,2R,16:20,4-6,4,6,267.2,0.0458587424131454,11.253455972792455
7520260619020001,松山競輪,1R,08:30,2-6,2,6,263.5,0.045523553672013,10.995456392575427
3520260619020010,平塚競輪,10R,14:55,1-4,1,4,253.4,0.0452165724347195,10.457879454957924
3520260619020004,平塚競輪,4R,12:10,5-6,5,6,256.5,0.0444658387482563,10.405487638927749
3520260619020003,平塚競輪,3R,11:45,4-6,4,6,259.6,0.0439187719910415,10.4013132088744
8120260618030003,小倉競輪,3R,16:59,6-7,6,7,253.0,0.0418764723327397,9.594747500183168
8120260618030005,小倉競輪,5R,17:44,4-6,4,6,234.4,0.0448177423481127,9.505278806397634
7420260618030008,高知競輪,8R,23:00,6-7,6,7,205.9,0.0490316820326229,9.095623330517055
1120260620010001,函館競輪,1R,15:55,6-7,6,7,226.9,0.0441384257284851,9.01500879779327
8720260618030009,熊本競輪,9R,23:30,6-7,6,7,218.4,0.0439000641050158,8.58777400053545
7420260618030004,高知競輪,4R,21:40,6-7,6,7,219.7,0.0425440649489553,8.346931069285496
3520260619020002,平塚競輪,2R,11:21,4-6,4,6,210.6,0.044174512370489,8.303152305224986
5620260616050012,岸和田競輪,12R,16:30,6-8,6,8,384.4,0.023396016023345,7.993428559373822
3520260619020006,平塚競輪,6R,13:06,5-6,5,6,242.0,0.0362987738446995,7.784303270417283
1120260620010007,函館競輪,7R,18:20,2-4,2,4,196.4,0.0444906000413668,7.737953848124455
1120260620010006,函館競輪,6R,17:56,1-6,1,6,234.7,0.0371859460027954,7.727541526856083
3520260619020008,平塚競輪,8R,13:52,6-7,6,7,197.3,0.0440121223935949,7.683591748256285
7520260619020005,松山競輪,5R,09:53,3-5,3,5,168.9,0.0509842304125458,7.6112365166789875
5620260616050010,岸和田競輪,10R,15:13,4-8,4,8,374.6,0.0223629420025346,7.377158074149486
3520260619020007,平塚競輪,7R,13:29,5-6,5,6,226.3,0.0367850587653461,7.324458798597835
1120260620010008,函館競輪,8R,18:44,6-7,6,7,184.6,0.0447982941720741,7.269765104164895
8120260618030004,小倉競輪,4R,17:21,3-7,3,7,185.6,0.0442350450906984,7.210024368833633
8120260618030002,小倉競輪,2R,16:37,1-6,1,6,156.6,0.0524049636176256,7.206617302520179
1120260620010005,函館競輪,5R,17:32,4-6,4,6,179.8,0.0431343821536503,6.755561911226337
5620260616050002,岸和田競輪,2R,11:09,2-8,2,8,343.6,0.0222568615527859,6.647457629537256
8120260618030007,小倉競輪,7R,18:32,6-7,6,7,167.0,0.0431283762797107,6.202438838711696
8720260618030003,熊本競輪,3R,21:30,5-7,5,7,162.0,0.0440885459377311,6.142344441912448
3520260619020005,平塚競輪,5R,12:37,5-7,5,7,150.1,0.047414929568945,6.116980928298644
8120260618030008,小倉競輪,8R,18:56,3-5,3,5,144.3,0.0471089800734346,5.797825824596616
7420260618030005,高知競輪,5R,22:00,5-6,5,6,152.2,0.0444916037477622,5.771622090409406
7520260619020003,松山競輪,3R,09:11,3-4,3,4,153.0,0.0435202049631701,5.658591359365026
5620260616050005,岸和田競輪,5R,12:24,6-7,6,7,231.2,0.0282745822926071,5.537083426050782
3520260619020009,平塚競輪,9R,14:20,6-7,6,7,177.4,0.0366490183912347,5.501535862605037
5620260616050008,岸和田競輪,8R,13:59,6-8,6,8,282.3,0.0228694979740899,5.456059278085594
5620260616050001,岸和田競輪,1R,10:45,6-9,6,9,235.2,0.0271670511421227,5.389690428627272
8120260618030001,小倉競輪,1R,16:11,2-6,2,6,100.7,0.0626745581782185,5.311328008546603
5620260616050011,岸和田競輪,11R,15:50,2-8,2,8,283.5,0.0212407062708833,5.021740227795438
3520260619020012,平塚競輪,12R,16:06,1-6,1,6,121.3,0.0477796578762834,4.795672500393176
8720260618030007,熊本競輪,7R,22:50,3-4,3,4,116.7,0.0471969929131749,4.50788907296752
5620260616050009,岸和田競輪,9R,14:36,5-7,5,7,199.4,0.0270976312710098,4.403267675439358
3520260619020011,平塚競輪,11R,15:30,1-3,1,3,115.7,0.0441528765409863,4.108487815792119
8720260618030001,熊本競輪,1R,20:50,2-6,2,6,106.8,0.0468767613636491,4.006438113637732
7420260618030001,高知競輪,1R,20:40,5-6,5,6,112.5,0.044198568350624,3.9723389394452
8120260618030010,小倉競輪,10R,19:48,6-7,6,7,147.6,0.0334958438942838,3.9439865587962943
7420260618030009,高知競輪,9R,23:20,5-6,5,6,97.5,0.0466338477300008,3.5468001536750844
3520260619020001,平塚競輪,1R,10:57,3-6,3,6,96.3,0.0469354194337965,3.519880891474606
8720260618030005,熊本競輪,5R,22:10,6-7,6,7,107.3,0.0413023146474238,3.431738361668576
5620260616050007,岸和田競輪,7R,13:22,5-6,5,6,197.2,0.0223956269311222,3.4164176308173118
5620260616050006,岸和田競輪,6R,12:52,7-9,7,9,132.3,0.0277588347543606,2.672493838001915
7420260618030007,高知競輪,7R,22:40,5-7,5,7,77.4,0.0452384548167166,2.501456402813869
5620260616050004,岸和田競輪,4R,11:58,5-6,5,6,129.0,0.0271166626011109,2.498049475543309
5620260616050003,岸和田競輪,3R,11:33,7-8,7,8,121.3,0.028811241530701,2.494803597674036
1120260620010012,函館競輪,12R,20:30,1-6,1,6,61.4,0.0494809955125562,2.0381331244709524
8720260618030006,熊本競輪,6R,22:30,2-5,2,5,62.8,0.0475982005506374,1.989166994580032
7420260618030006,高知競輪,6R,22:20,2-6,2,6,58.0,0.0492064034916242,1.853971402514205
8420260621010003,武雄競輪,3R,21:30,1-4,1,4,1066.5,0.0490379130220223,51.29893423798681
8420260621010001,武雄競輪,1R,20:50,4-6,4,6,837.0,0.0453213394115823,36.93396108749441
2420260621010008,宇都宮競輪,8R,23:00,2-4,2,4,556.5,0.0494300470900841,26.50782120563184
2420260621010002,宇都宮競輪,2R,21:00,6-7,6,7,336.7,0.0481031153966412,15.196318954049095
1120260620020011,函館競輪,11R,20:02,5-6,5,6,305.2,0.0490131238623526,13.958805402790013
7520260619030006,松山競輪,6R,10:14,5-6,5,6,399.2,0.0361757975556988,13.441378384234984
7520260619030003,松山競輪,3R,09:11,6-7,6,7,326.8,0.0362295813947864,10.839827199816222
7520260619030001,松山競輪,1R,08:30,6-7,6,7,316.4,0.0368268950091874,10.652029580906916
3520260619030011,平塚競輪,11R,15:30,6-7,6,7,249.4,0.0454666775243154,10.339389374564284
1120260620020001,函館競輪,1R,15:55,2-6,2,6,248.5,0.0434518741109584,9.79779071657316
2420260621010001,宇都宮競輪,1R,20:40,6-7,6,7,212.2,0.0481377876677166,9.214838543089474
7520260619030004,松山競輪,4R,09:32,5-6,5,6,257.3,0.0394059219514531,9.1391437181089
1120260620020004,函館競輪,4R,17:08,4-6,4,6,234.1,0.0421596795590466,8.869580984772831
7520260619030005,松山競輪,5R,09:53,6-7,6,7,246.7,0.0364755139404618,7.998509289111938
3520260619030003,平塚競輪,3R,11:45,4-6,4,6,203.1,0.0442121193418996,7.979481438339819
7520260619030002,松山競輪,2R,08:50,4-6,4,6,241.5,0.0353706797040039,7.542019148516941
1120260620020010,函館競輪,10R,19:35,5-7,5,7,225.0,0.0369097676145939,7.304697713283646
1120260620020012,函館競輪,12R,20:30,6-7,6,7,162.9,0.0494153282033474,7.049756964325297
5620260616060011,岸和田競輪,11R,15:50,6-7,6,7,281.4,0.0280975367217671,6.906646833505279
2420260621010005,宇都宮競輪,5R,22:00,1-6,1,6,169.5,0.0463076000738847,6.84913821252347
5620260616060001,岸和田競輪,1R,10:45,5-6,5,6,267.3,0.028522683520991,6.624113305160902
3520260619030006,平塚競輪,6R,13:06,2-6,2,6,164.2,0.0463014636831984,6.6027003367811785
5620260616060009,岸和田競輪,9R,14:36,6-7,6,7,236.2,0.0296244309965754,5.997290601391125
3520260619030002,平塚競輪,2R,11:21,3-6,3,6,151.6,0.0460779750123576,5.9854210118734175
1120260620020005,函館競輪,5R,17:32,3-6,3,6,146.5,0.0457393296638489,5.700811795753872
3520260619030009,平塚競輪,9R,14:20,1-5,1,5,87.0,0.0769072216848558,5.69092828658246
3520260619030005,平塚競輪,5R,12:37,4-6,4,6,184.6,0.0362302612329039,5.688106223594062
8420260621010002,武雄競輪,2R,21:10,6-7,6,7,134.2,0.0483345783464877,5.486500414098653
3520260619030001,平塚競輪,1R,10:57,2-3,2,3,133.4,0.0465047626351279,5.203735335526068
5620260616060002,岸和田競輪,2R,11:09,6-8,6,8,241.4,0.0242098093689757,4.844247981670753
5620260616060007,岸和田競輪,7R,13:22,5-6,5,6,238.6,0.024451998061886,4.834246737566019
5620260616060006,岸和田競輪,6R,12:52,3-6,3,6,209.8,0.0277615624690594,4.824375806008669
5620260616060010,岸和田競輪,10R,15:13,6-9,6,9,250.1,0.022861961278121,4.717776515658073
3520260619030008,平塚競輪,8R,13:52,1-6,1,6,145.8,0.0387494823513147,4.649674526821686
1120260620020002,函館競輪,2R,16:20,6-7,6,7,118.4,0.0468119111293548,4.542530277715614
3520260619030004,平塚競輪,4R,12:10,1-6,1,6,126.1,0.0437566645214972,4.517715396160799
5620260616060004,岸和田競輪,4R,11:58,6-9,6,9,209.5,0.0261610337274895,4.480736565909051
5620260616060008,岸和田競輪,8R,13:59,4-8,4,8,255.7,0.0213895628825715,4.469311229073556
1120260620020003,函館競輪,3R,16:44,5-6,5,6,116.8,0.0453193161977137,4.293296131892967
3520260619030007,平塚競輪,7R,13:29,6-7,6,7,145.1,0.0358684769772737,4.2045160094024245
1120260620020006,函館競輪,6R,17:56,6-7,6,7,107.5,0.0481501602845646,4.176142230590704
5620260616060005,岸和田競輪,5R,12:24,5-6,5,6,180.9,0.0285901813914461,4.171963813712616
3520260619030010,平塚競輪,10R,14:55,6-7,6,7,116.1,0.0442431029081349,4.136624247634467
5620260616060003,岸和田競輪,3R,11:33,3-8,3,8,193.2,0.0227502324712915,3.3953449134535294
2420260621010003,宇都宮競輪,3R,21:20,3-4,3,4,84.0,0.0483386708954752,3.060448355219922
2420260621010009,宇都宮競輪,9R,23:20,3-6,3,6,77.2,0.0471462901476222,2.6396935993964394
1120260620020009,函館競輪,9R,19:09,4-6,4,6,77.0,0.0471287783662261,2.6289159341994144
5620260616060012,岸和田競輪,12R,16:30,4-9,4,9,125.9,0.0282085288750726,2.551453785371649
1120260620020008,函館競輪,8R,18:44,2-6,2,6,91.2,0.0377388095868996,2.4417794343252504
7520260619030007,松山競輪,7R,10:35,4-6,4,6,75.0,0.0416882103152507,2.126615773643806
8420260621010004,武雄競輪,4R,21:50,2-5,2,5,61.5,0.0498979345913899,2.0687229773704807
8420260621010007,武雄競輪,7R,22:50,2-3,2,3,54.7,0.0506979784577171,1.7731794216371264
8420260621010009,武雄競輪,9R,23:30,2-5,2,5,53.2,0.0483686401033401,1.5732116534976983
8420260621010006,武雄競輪,6R,22:30,2-3,2,3,41.2,0.0523291591728483,1.155961357921353
8420260621010005,武雄競輪,5R,22:10,1-2,1,2,40.5,0.0521480021440977,1.1119940868359577
2420260621010004,宇都宮競輪,4R,21:40,3-7,3,7,44.2,0.0451000015220327,0.9934200672738458
1120260620020007,函館競輪,7R,18:20,5-6,5,6,42.0,0.0431505941619385,0.8123249548014184
2420260621010007,宇都宮競輪,7R,22:40,2-4,2,4,36.0,0.0499416703939019,0.797900134180471
2420260621010006,宇都宮競輪,6R,22:20,1-5,1,5,30.7,0.0504712859919317,0.5494684799523046
8420260621010008,武雄競輪,8R,23:10,2-4,2,4,26.2,0.0499998984903613,0.3099973404474669
4320260627030006,岐阜競輪,6R,10:14,5-6,5,6,696.5,0.0484790687960296,32.76567141643466
6120260628020001,玉野競輪,1R,20:57,4-6,4,6,495.7,0.0624891215314819,29.975857543155588
6120260628020004,玉野競輪,4R,22:09,4-5,4,5,642.7,0.046812133135003,29.086157965866462
3720260628020002,伊東競輪,2R,21:05,3-6,3,6,445.5,0.0666478045678236,28.691596934965443
6120260628020002,玉野競輪,2R,21:21,5-6,5,6,618.9,0.044786227244338,26.718196041520788
7420260629010001,高知競輪,1R,10:45,5-6,5,6,591.5,0.0443762388199287,25.248545261987875
3720260628020001,伊東競輪,1R,20:41,5-6,5,6,405.9,0.06352581636443,24.785128862322164
3720260628020006,伊東競輪,6R,22:45,5-6,5,6,552.7,0.0431402158383104,22.8435972938342
2320260627030011,取手競輪,11R,15:46,1-6,1,6,780.6,0.0286855761850464,21.391960770047227
7420260629010004,高知競輪,4R,12:08,4-6,4,6,397.7,0.0440290111781636,16.51033774555569
2320260627030012,取手競輪,12R,16:23,3-6,3,6,626.6,0.0270257972726567,15.93436457104675
8520260628020007,佐世保競輪,7R,23:21,4-6,4,6,401.2,0.0408295642257809,15.380821167383331
8420260629010008,武雄競輪,8R,18:46,3-6,3,6,447.3,0.0344118702666596,14.392429570276878
8420260629010001,武雄競輪,1R,15:53,1-6,1,6,343.9,0.0431720194922493,13.846857503384554
2320260627030008,取手競輪,8R,14:16,4-6,4,6,524.9,0.0251713567711634,12.212445169183678
7420260629010011,高知競輪,11R,15:32,1-6,1,6,270.5,0.0474948157604589,11.847347663204134
2320260627030005,取手競輪,5R,12:50,6-7,6,7,480.1,0.0267394551068317,11.837612396789918
8520260628020002,佐世保競輪,2R,21:13,5-6,5,6,325.8,0.0391608363103339,11.758600469906808
7420260629010005,高知競輪,5R,12:36,1-6,1,6,279.9,0.0442366994143854,11.381852166086482
4320260627030007,岐阜競輪,7R,10:35,4-6,4,6,279.9,0.0433958469699082,11.146497566877322
4320260627030003,岐阜競輪,3R,09:11,3-4,3,4,264.9,0.0456109659618275,11.082344883288114
2320260627030007,取手競輪,7R,13:46,7-8,7,8,414.5,0.0280600536017486,10.630892217924815
8420260629010004,武雄競輪,4R,17:06,6-7,6,7,263.8,0.042416618923653,10.189504072059677
7420260629010002,高知競輪,2R,11:12,4-6,4,6,248.9,0.044289949228548,10.023768362985606
3720260628020004,伊東競輪,4R,21:53,3-7,3,7,279.0,0.0394484307660122,10.006112183717429
8420260629010007,武雄競輪,7R,18:21,4-6,4,6,227.8,0.0460111285993025,9.481335094921116
8520260628020003,佐世保競輪,3R,21:37,6-7,6,7,313.4,0.0330474228641557,9.357062325626398
7420260629010009,高知競輪,9R,14:31,5-6,5,6,214.1,0.0451814369026891,8.673345640865744
4320260627030004,岐阜競輪,4R,09:32,6-7,6,7,212.3,0.0442305759236759,8.390151268596394
2320260627030009,取手競輪,9R,14:46,6-8,6,8,366.3,0.0249605484680317,8.143048903840015
3720260628020003,伊東競輪,3R,21:29,6-7,6,7,269.1,0.0332448945995,7.946201136725476
8420260629010010,武雄競輪,10R,19:38,4-5,4,5,252.6,0.0352708481664627,7.909416246848492
2320260627030006,取手競輪,6R,13:18,6-9,6,9,378.2,0.0234395572095766,7.864840536661875
8420260629010005,武雄競輪,5R,17:31,4-6,4,6,198.0,0.0444787344777364,7.806789426591825
8520260628020001,佐世保競輪,1R,20:49,4-7,4,7,240.6,0.0364879279909509,7.778995474622802
8420260629010009,武雄競輪,9R,19:12,5-6,5,6,244.6,0.0351575207391364,7.599529572792763
8520260628020004,佐世保競輪,4R,22:01,3-7,3,7,214.5,0.0395770439899648,7.489275935847464
8420260629010011,武雄競輪,11R,20:04,4-6,4,6,228.8,0.0363027447662314,7.306068002513763
4320260627030002,岐阜競輪,2R,08:50,4-5,4,5,176.0,0.0465335818516368,7.189910405888092
3720260628020007,伊東競輪,7R,23:12,3-7,3,7,207.7,0.0392206579611203,7.146130658524694
2320260627030003,取手競輪,3R,11:54,6-7,6,7,239.5,0.0336989051693782,7.070887788066091
7420260629010006,高知競輪,6R,13:04,2-6,2,6,185.3,0.0434382075653097,7.049099861851898
7420260629010010,高知競輪,10R,15:01,6-7,6,7,171.1,0.0453498335176777,6.759356514874666
3720260628020005,伊東競輪,5R,22:18,4-6,4,6,180.0,0.0410332963748203,6.385993347467657
2320260627030002,取手競輪,2R,11:26,1-3,1,3,151.5,0.0475668582572728,6.206379025976842
2320260627030001,取手競輪,1R,10:58,5-6,5,6,150.5,0.0459017694370744,5.90821630027971
7420260629010003,高知競輪,3R,11:40,5-7,5,7,142.8,0.0464773474006562,5.636965208813714
2320260627030010,取手競輪,10R,15:16,3-4,3,4,275.6,0.0237682583652419,5.550532005460689
6120260628020006,玉野競輪,6R,23:03,5-7,5,7,148.5,0.0437752045591947,5.500617877040425
7420260629010008,高知競輪,8R,14:01,2-6,2,6,142.3,0.0454694444245499,5.470301941613452
4320260627030001,岐阜競輪,1R,08:30,2-3,2,3,135.9,0.0458054451204694,5.224959991871796
2320260627030004,取手競輪,4R,12:22,1-8,1,8,209.6,0.02828219429916,4.92794792510394
6120260628020005,玉野競輪,5R,22:36,5-6,5,6,120.3,0.0459212078974334,4.524321310061248
8520260628020005,佐世保競輪,5R,22:27,3-7,3,7,131.2,0.0411663252821555,4.401021877018809
8420260629010006,武雄競輪,6R,17:56,5-6,5,6,127.8,0.041989861852025,4.366304344688807
8420260629010003,武雄競輪,3R,16:41,1-6,1,6,126.7,0.041348501325946,4.238855117997369
7420260629010007,高知競輪,7R,13:32,5-6,5,6,111.1,0.0470761598931474,4.230161364128677
6120260628020003,玉野競輪,3R,21:45,5-7,5,7,113.7,0.0441133690817183,4.0156900645913804
7420260629010012,高知競輪,12R,16:04,5-6,5,6,122.3,0.0406937060790121,3.9768402534631866
8420260629010002,武雄競輪,2R,16:16,3-4,3,4,109.2,0.0454460218844701,3.962705589784135
4320260627030005,岐阜競輪,5R,09:53,1-6,1,6,103.0,0.0466503216489191,3.804983129838672
6120260628020007,玉野競輪,7R,23:30,4-6,4,6,99.3,0.0456372486108486,3.53177878705727
8520260628020006,佐世保競輪,6R,22:54,2-7,2,7,86.2,0.0461558153598338,2.978631284017678
8420260629010012,武雄競輪,12R,20:30,4-5,4,5,102.7,0.0354751123859065,2.6432940420325988
8520260705020002,佐世保競輪,2R,09:00,2-3,2,3,835.8,0.0487554308729536,39.74978912361469
8520260705020001,佐世保競輪,1R,08:40,1-5,1,5,776.8,0.0458914229893048,34.64845737809201
4520260705020007,豊橋競輪,7R,18:22,1-6,1,6,698.0,0.0450214705380025,30.42498643552576
4520260705020006,豊橋競輪,6R,17:57,3-6,3,6,572.0,0.0484087365639772,26.68979731459496
2320260706010006,取手競輪,6R,13:18,5-6,5,6,512.1,0.0484253682673581,23.798631089714096
5620260704030005,岸和田競輪,5R,22:18,2-7,2,7,459.1,0.0494761163769201,21.714485028644035
8520260705020004,佐世保競輪,4R,09:40,1-6,1,6,555.3,0.0352997694224137,18.60196196026634
2320260706010005,取手競輪,5R,12:50,1-7,1,7,362.5,0.0469349554771821,16.01392136047852
8520260705020006,佐世保競輪,6R,10:20,3-6,3,6,357.1,0.0476319276948307,16.009361379824046
2720260704030004,京王閣競輪,4R,22:01,2-6,2,6,292.6,0.0496186418492862,13.518414605101144
8620260704030006,別府競輪,6R,23:03,6-7,6,7,444.2,0.0316570799962504,13.062074934334442
5620260704030001,岸和田競輪,1R,20:41,3-6,3,6,257.5,0.054367620043502,12.999662161201767
8520260705020003,佐世保競輪,3R,09:20,1-6,1,6,330.6,0.0399762308887867,12.216141931832908
2320260706010004,取手競輪,4R,12:22,5-6,5,6,318.6,0.0409949923304639,12.061004556485813
8620260704030005,別府競輪,5R,22:36,2-7,2,7,291.1,0.0435436527741807,11.67555732256403
3720260704030006,伊東競輪,6R,10:10,1-6,1,6,279.0,0.0429219180965539,10.975215148938544
8620260704030004,別府競輪,4R,22:09,6-7,6,7,330.1,0.0351202519572511,10.593195171088604
3720260704030003,伊東競輪,3R,09:10,2-3,2,3,252.2,0.0459317765720188,10.58399405146315
2320260706010009,取手競輪,9R,14:48,4-6,4,6,249.2,0.0461248941875805,10.494323631545075
4520260705020005,豊橋競輪,5R,17:32,3-7,3,7,247.6,0.0452365822897968,10.200577774953706
5520260705020005,和歌山競輪,5R,12:36,2-6,2,6,243.0,0.0450726964660023,9.952665241238568
8520260705020007,佐世保競輪,7R,10:40,1-7,1,7,194.5,0.0557558059157977,9.84450425062267
5620260704030002,岸和田競輪,2R,21:05,4-5,4,5,174.5,0.0555834244527256,8.69930756700062
8620260704030003,別府競輪,3R,21:45,5-6,5,6,190.7,0.0499700637213266,8.529291151656999
3720260704030002,伊東競輪,2R,08:50,6-7,6,7,216.4,0.0438670421122475,8.492827913090373
3720260704030004,伊東競輪,4R,09:30,3-6,3,6,211.7,0.0440715189485415,8.329940561406245
5520260705020002,和歌山競輪,2R,11:12,1-2,1,2,192.1,0.0454233244781859,7.725820632259525
4520260705020012,豊橋競輪,12R,20:30,3-7,3,7,181.9,0.0463554393551624,7.4320544187040465
8520260705020005,佐世保競輪,5R,10:00,5-6,5,6,250.9,0.0334905530279921,7.402779754723234
4520260705020004,豊橋競輪,4R,17:07,4-5,4,5,173.4,0.0477389327608384,7.277930940729389
5520260705020003,和歌山競輪,3R,11:40,4-5,4,5,176.2,0.0465621288301082,7.204247099865082
5520260705020011,和歌山競輪,11R,15:34,3-6,3,6,178.6,0.0458888994186711,7.195757436174663
2320260706010010,取手競輪,10R,15:18,2-6,2,6,186.0,0.043985842153235,7.181366640501711
2320260706010007,取手競輪,7R,13:48,2-3,2,3,168.6,0.0479054351721887,7.076856370031029
8620260704030001,別府競輪,1R,20:57,1-3,1,3,43.2,0.1807190309191865,6.8070621357088585
5520260705020004,和歌山競輪,4R,12:08,2-4,2,4,171.7,0.0441298764030083,6.577099778396528
5620260704030006,岸和田競輪,6R,22:45,2-6,2,6,157.4,0.0478971914983816,6.539017941845274
8620260704030002,別府競輪,2R,21:21,4-5,4,5,112.8,0.0664657732263184,6.497339219928723
3720260704030001,伊東競輪,1R,08:30,6-7,6,7,169.0,0.0435245725471236,6.355652760463896
2320260706010002,取手競輪,2R,11:26,5-7,5,7,129.2,0.0565464777970259,6.30580493137575
5620260704030003,岸和田競輪,3R,21:29,3-6,3,6,115.6,0.0614024190628622,6.098119643666879
2720260704030007,京王閣競輪,7R,23:21,5-7,5,7,220.6,0.0317404780138701,6.00194944985976
5620260704030004,岸和田競輪,4R,21:53,3-7,3,7,162.6,0.0419863032829549,5.82697291380848
5620260704030007,岸和田競輪,7R,23:12,1-2,1,2,94.0,0.0698284922839788,5.563878274694011
4520260705020002,豊橋競輪,2R,16:17,1-6,1,6,154.4,0.0422138889913515,5.517824460264683
2320260706010003,取手競輪,3R,11:54,5-6,5,6,174.1,0.0368014069565989,5.407124951143868
4520260705020009,豊橋競輪,9R,19:12,2-6,2,6,160.0,0.0395487569613518,5.327801113816296
2320260706010008,取手競輪,8R,14:18,4-6,4,6,153.0,0.0406865784065297,5.225046496199051
2720260704030005,京王閣競輪,5R,22:27,6-7,6,7,221.0,0.0280703867740125,5.203555477056768
4520260705020010,豊橋競輪,10R,19:38,6-7,6,7,170.1,0.036193388446742,5.156495374790814
2320260706010011,取手競輪,11R,15:48,6-7,6,7,141.8,0.0430433947775022,5.103553379449824
3720260704030007,伊東競輪,7R,10:30,1-6,1,6,132.3,0.045919265594771,5.075118838188211
2720260704030003,京王閣競輪,3R,21:37,1-7,1,7,149.6,0.0405242994023821,5.062435190596371
2320260706010001,取手競輪,1R,10:58,2-3,2,3,147.2,0.0404703593105659,4.957236890515301
5520260705020009,和歌山競輪,9R,14:33,3-5,3,5,136.1,0.043536212616658,4.925278537127163
5520260705020006,和歌山競輪,6R,13:04,4-6,4,6,156.3,0.0374354958660974,4.851168003871028
3720260704030005,伊東競輪,5R,09:50,1-2,1,2,123.0,0.0474809959888836,4.840162506632689
2720260704030006,京王閣競輪,6R,22:54,1-6,1,6,114.5,0.0493963590613409,4.655883112523538
4520260705020008,豊橋競輪,8R,18:47,2-4,2,4,109.4,0.0498465309127891,4.453210481859135
2720260704030002,京王閣競輪,2R,21:13,3-6,3,6,130.1,0.0404762121312909,4.2659551982809525
5520260705020008,和歌山競輪,8R,14:03,3-7,3,7,144.2,0.0359870181644873,4.189328019319076
4520260705020011,豊橋競輪,11R,20:04,6-7,6,7,133.9,0.0377535767232124,4.055203923238151
4520260705020001,豊橋競輪,1R,15:55,4-7,4,7,95.6,0.0475674949926639,3.547452521298676
5520260705020010,和歌山競輪,10R,15:03,3-6,3,6,90.4,0.0467422887730202,3.225502905081031
5520260705020007,和歌山競輪,7R,13:33,2-5,2,5,85.8,0.0474618693193473,3.0722283876000027
5520260705020001,和歌山競輪,1R,10:45,3-6,3,6,86.0,0.0425006806458124,2.6550585355398737
4520260705020003,豊橋競輪,3R,16:42,1-4,1,4,75.6,0.0472068220943063,2.56883575032956
2720260704030001,京王閣競輪,1R,20:49,4-6,4,6,77.5,0.0449560055032958,2.4840904265054315
8620260704030007,別府競輪,7R,23:30,1-7,1,7,58.7,0.0559411443435988,2.2837451729692546
5520260705020012,和歌山競輪,12R,16:06,3-6,3,6,63.2,0.046677536801718,1.950020325868583
8320260707010005,久留米競輪,5R,17:41,5-6,5,6,898.9,0.0483642788974541,42.47465030092156
2320260706020004,取手競輪,4R,12:19,2-6,2,6,882.2,0.0427069456789533,36.67606747797267
6120260707010002,玉野競輪,2R,21:10,5-6,5,6,799.2,0.0441773537281469,34.306541099535046
2320260706020005,取手競輪,5R,12:46,1-4,1,4,624.0,0.0489209526325414,29.526674442705893
8520260705030006,佐世保競輪,6R,10:14,2-3,2,3,564.2,0.0483569730299448,26.283004183494903
2120260707010004,弥彦競輪,4R,21:40,6-7,6,7,774.4,0.0345470375420637,25.753225872574173
8320260707010006,久留米競輪,6R,18:05,3-5,3,5,534.0,0.0479919748066641,24.62771454675864
6320260707010004,防府競輪,4R,12:01,6-7,6,7,508.7,0.0419428825813795,20.336344369147767
2120260707010003,弥彦競輪,3R,21:20,5-7,5,7,564.1,0.0372449200154131,20.00985938069453
6120260707010005,玉野競輪,5R,22:10,4-7,4,7,486.5,0.0407456079370498,18.82273826137475
6320260707010010,防府競輪,10R,14:56,3-4,3,4,535.8,0.0366600543893472,18.64245714181224
6120260707010001,玉野競輪,1R,20:50,5-7,5,7,426.1,0.0459594614494212,18.583326523598405
4520260705030005,豊橋競輪,5R,17:29,3-7,3,7,405.9,0.0481811742279976,18.556738619144248
8520260705030007,佐世保競輪,7R,10:35,2-7,2,7,408.7,0.0445898544256221,17.223873503751772
8320260707010002,久留米競輪,2R,16:31,5-6,5,6,481.9,0.0362488227373414,16.46830767712483
2320260706020006,取手競輪,6R,13:16,1-6,1,6,320.1,0.0487139443048099,14.59333357196965
2120260707010001,弥彦競輪,1R,20:40,3-7,3,7,327.8,0.0474730291728201,14.561658962850444
6320260707010008,防府競輪,8R,13:56,4-6,4,6,430.1,0.0359829165664666,14.47625241523732
6320260707010001,防府競輪,1R,10:45,2-6,2,6,399.2,0.0373392562484501,13.905831094381307
8320260707010008,久留米競輪,8R,18:55,4-5,4,5,397.8,0.036709506005581,13.603041489020152
8320260707010004,久留米競輪,4R,17:17,6-7,6,7,358.9,0.0388653140074885,12.948761197287642
2320260706020007,取手競輪,7R,13:46,2-3,2,3,287.1,0.0465404388676846,12.361759998912277
6120260707010006,玉野競輪,6R,22:30,5-6,5,6,352.8,0.0375530606122882,12.248719784015307
8320260707010007,久留米競輪,7R,18:29,2-3,2,3,335.5,0.0372397086445745,11.49392225025476
6120260707010003,玉野競輪,3R,21:30,5-6,5,6,310.1,0.0398664325177879,11.362580723766056
4520260705030001,豊橋競輪,1R,15:53,1-6,1,6,304.2,0.0397890139148792,11.103818032906275
6320260707010009,防府競輪,9R,14:26,5-6,5,6,253.0,0.0461589100623758,10.678204245781089
2320260706020009,取手競輪,9R,14:46,1-3,1,3,250.2,0.0465967350203679,10.658503102096066
8320260707010009,久留米競輪,9R,19:21,3-7,3,7,325.2,0.0356073041760041,10.579495318036548
8320260707010001,久留米競輪,1R,16:09,6-7,6,7,314.3,0.0365036532771161,10.47309822499762
5520260705030009,和歌山競輪,9R,14:36,4-6,4,6,242.8,0.0463618239007448,10.256650843100848
2320260706020010,取手競輪,10R,15:16,2-5,2,5,318.5,0.0352346284380232,10.222229157510402
4520260705030011,豊橋競輪,11R,20:01,3-4,3,4,238.0,0.0442333524815085,9.527537890599037
2120260707010002,弥彦競輪,2R,21:00,5-7,5,7,286.5,0.0358595480426726,9.273760514225726
8520260705030002,佐世保競輪,2R,08:50,4-6,4,6,179.1,0.0571956939120143,9.243748779641775
2320260706020011,取手競輪,11R,15:46,2-6,2,6,257.0,0.0387754177778954,8.965282368919137
6320260707010006,防府競輪,6R,12:56,1-3,1,3,214.0,0.0460715483484634,8.859311346571175
2120260707010005,弥彦競輪,5R,22:00,2-7,2,7,199.7,0.0488602269163011,8.757387315185342
8520260705030003,佐世保競輪,3R,09:11,1-2,1,2,234.1,0.0412020139887458,8.645391474765397
5520260705030004,和歌山競輪,4R,12:10,4-6,4,6,259.2,0.0368872286850842,8.56116967517384
6120260707010008,玉野競輪,8R,23:10,4-7,4,7,224.8,0.0424744648680419,8.548259702335825
5520260705030006,和歌山競輪,6R,13:06,4-6,4,6,235.3,0.0386115766539156,8.085303986666357
4520260705030002,豊橋競輪,2R,16:17,2-7,2,7,186.8,0.0485094999085786,8.061574582922493
5520260705030005,和歌山競輪,5R,12:37,2-7,2,7,199.8,0.0443122965364243,7.853596847977576
8520260705030001,佐世保競輪,1R,08:30,3-5,3,5,136.5,0.0643404777737582,7.782475216117998
4520260705030007,豊橋競輪,7R,18:17,6-7,6,7,189.8,0.0459437949826364,7.720132287704391
4520260705030009,豊橋競輪,9R,19:08,4-6,4,6,226.4,0.0377321325763075,7.542554815276034
2120260707010007,弥彦競輪,7R,22:40,6-7,6,7,239.2,0.0353820944226336,7.463396985893965
8320260707010010,久留米競輪,10R,19:47,5-6,5,6,188.9,0.0447296027138208,7.449421952640749
2120260707010006,弥彦競輪,6R,22:20,5-6,5,6,219.8,0.0363304420794255,6.985431169057736
2320260706020002,取手競輪,2R,11:25,1-7,1,7,177.6,0.0448778351954839,6.97030353071795
4520260705030003,豊橋競輪,3R,16:41,1-2,1,2,186.1,0.0428276075768852,6.970217770058337
2120260707010008,弥彦競輪,8R,23:00,4-6,4,6,195.9,0.0406298832040042,6.959394119664435
2320260706020003,取手競輪,3R,11:52,6-7,6,7,170.6,0.0463575808853279,6.908603299036948
6120260707010004,玉野競輪,4R,21:50,1-7,1,7,156.2,0.0505676733499259,6.89867057725843
6320260707010011,防府競輪,11R,15:28,6-7,6,7,169.6,0.045265959906671,6.677106800171417
6120260707010009,玉野競輪,9R,23:30,6-7,6,7,171.6,0.0414734517724063,6.116844324144923
6120260707010007,玉野競輪,7R,22:50,6-7,6,7,199.3,0.0356711162150139,6.1092534616522896
6320260707010003,防府競輪,3R,11:34,1-3,1,3,181.8,0.038111235307267,5.9286225788611455
5520260705030003,和歌山競輪,3R,11:43,1-3,1,3,190.0,0.0364197399015704,5.919750581298385
6320260707010002,防府競輪,2R,11:09,6-7,6,7,160.9,0.0427966134815386,5.885975109179568
6320260707010007,防府競輪,7R,13:26,2-7,2,7,154.3,0.0437732743564799,5.754216233204851
8520260705030004,佐世保競輪,4R,09:32,2-3,2,3,148.2,0.0447288800254351,5.628820019769482
4520260705030008,豊橋競輪,8R,18:42,5-6,5,6,188.3,0.0349907022234958,5.588749228684262
6320260707010012,防府競輪,12R,16:01,5-6,5,6,179.9,0.0359095421639348,5.460126635291888
8320260707010003,久留米競輪,3R,16:53,5-7,5,7,134.4,0.0473351445707408,5.361843430307571
4520260705030006,豊橋競輪,6R,17:53,5-6,5,6,130.9,0.0475631656345762,5.226018381566031
8520260705030005,佐世保競輪,5R,09:53,4-6,4,6,131.8,0.0430552413213846,4.674680806158498
5520260705030008,和歌山競輪,8R,14:06,1-6,1,6,126.6,0.0433852134431152,4.4925680218983866
5520260705030002,和歌山競輪,2R,11:17,1-2,1,2,129.4,0.0424024987865856,4.486883342984178
2120260707010009,弥彦競輪,9R,23:20,2-3,2,3,104.1,0.0521950127703671,4.433500829395215
5520260705030007,和歌山競輪,7R,13:36,4-7,4,7,118.7,0.0455917678878459,4.411742848287314
5520260705030001,和歌山競輪,1R,10:53,4-7,4,7,142.8,0.0376756025201338,4.380076039875109
4520260705030004,豊橋競輪,4R,17:05,3-4,3,4,117.0,0.0457460252617664,4.352284955626671
8320260707010011,久留米競輪,11R,20:15,1-6,1,6,121.8,0.0400066921488394,3.87281510372865
5520260705030011,和歌山競輪,11R,15:39,2-7,2,7,112.7,0.042023755735778,3.7360772714221886
5520260705030010,和歌山競輪,10R,15:06,3-6,3,6,121.3,0.0354054649604459,3.2946828997020914
2320260706020001,取手競輪,1R,11:01,2-4,2,4,55.0,0.0733259301002073,3.0329261555114035
2320260706020008,取手競輪,8R,14:16,1-7,1,7,95.8,0.0399336212560733,2.825640916331829
4520260705030010,豊橋競輪,10R,19:34,3-6,3,6,94.3,0.0372265945763894,2.510467868553528
6320260707010005,防府競輪,5R,12:28,4-5,4,5,77.0,0.042092251402089,2.2411033579608595
5520260705030012,和歌山競輪,12R,16:24,6-7,6,7,71.4,0.0437904714028891,2.1266396581662868
4520260705030012,豊橋競輪,12R,20:30,2-4,2,4,66.5,0.0375935673841926,1.4999722310488122
6120260707020002,玉野競輪,2R,21:10,5-7,5,7,889.9,0.0458951008912317,39.842050283107135
6120260707020001,玉野競輪,1R,20:50,5-6,5,6,771.1,0.0444897967626091,33.306082283647946
2120260707020009,弥彦競輪,9R,23:20,4-7,4,7,597.7,0.041107165747022,23.569752966995075
6220260708010002,広島競輪,2R,08:50,3-7,3,7,607.2,0.0370984902456367,21.52620327715065
6220260708010007,広島競輪,7R,10:35,3-6,3,6,548.8,0.0399124718108973,20.903964529820467
6220260708010006,広島競輪,6R,10:14,1-6,1,6,582.7,0.0367432029771049,20.41026437475905
1120260708010004,函館競輪,4R,17:05,3-4,3,4,440.5,0.0472986109772562,19.835038135481373
1120260708010010,函館競輪,10R,19:34,5-6,5,6,421.6,0.0462372643092527,18.49363063278097
1120260708010003,函館競輪,3R,16:41,6-7,6,7,504.8,0.038101222133351,18.23349693291562
2320260706030009,取手競輪,9R,14:46,4-6,4,6,426.2,0.0430676775090132,17.355444154341466
2120260707020002,弥彦競輪,2R,21:00,2-7,2,7,330.7,0.0534736386980861,16.68373231745709
4420260708010001,大垣競輪,1R,10:45,5-6,5,6,509.2,0.0345327163859165,16.58405918370871
6320260707020004,防府競輪,4R,12:10,3-6,3,6,434.3,0.039819186838781,16.29347284408259
2120260707020003,弥彦競輪,3R,21:20,6-7,6,7,495.1,0.0343537447608032,16.008539031073713
4420260708010011,大垣競輪,11R,15:28,4-6,4,6,377.2,0.0446748733207315,15.851362216579936
2320260706030010,取手競輪,10R,15:16,4-5,4,5,352.3,0.0477808374408074,15.833189030396465
6320260707020007,防府競輪,7R,13:36,4-5,4,5,337.0,0.0474413325383482,14.987729065423354
2120260707020004,弥彦競輪,4R,21:40,3-7,3,7,399.8,0.0394522355363587,14.773003767436244
8320260707020006,久留米競輪,6R,18:05,2-3,2,3,352.6,0.0445068343560594,14.69310979394657
8320260707020003,久留米競輪,3R,16:53,2-6,2,6,377.1,0.0414550353425526,14.632693827676622
4420260708010002,大垣競輪,2R,11:09,5-6,5,6,351.8,0.0432503336552734,14.215467379925188
8320260707020005,久留米競輪,5R,17:41,4-5,4,5,315.6,0.0479059654472928,14.119122695165633
6220260708010005,広島競輪,5R,09:53,2-3,2,3,369.9,0.0406694048650552,14.043612859583918
4420260708010010,大垣競輪,10R,14:56,3-6,3,6,356.8,0.0419532870638394,13.968932824377926
6220260708010003,広島競輪,3R,09:11,3-6,3,6,359.3,0.0412662053178799,13.82694757071425
2120260707020005,弥彦競輪,5R,22:00,6-7,6,7,377.0,0.0370934743232318,12.98423981985839
2320260706030008,取手競輪,8R,14:16,6-7,6,7,384.8,0.035598617041559,12.698347837591928
6320260707020005,防府競輪,5R,12:37,2-4,2,4,310.8,0.0414418831992727,11.88013729833397
4420260708010004,大垣競輪,4R,12:01,6-7,6,7,335.7,0.0368180813747008,11.359829917487078
6220260708010001,広島競輪,1R,08:30,3-4,3,4,284.8,0.0433226872981964,11.338301342526352
1120260708010011,函館競輪,11R,20:01,3-7,3,7,211.9,0.057476550168933,11.17928098079692
8320260707020011,久留米競輪,11R,20:15,6-7,6,7,338.2,0.0355819383156359,11.033811538348075
6320260707020009,防府競輪,9R,14:36,3-6,3,6,248.0,0.0442874769864869,9.98329429264876
6120260707020003,玉野競輪,3R,21:30,2-4,2,4,112.1,0.0977764592347457,9.960741080214996
4420260708010009,大垣競輪,9R,14:26,3-6,3,6,271.9,0.0373708760805069,9.16114120628985
1120260708010002,函館競輪,2R,16:17,6-7,6,7,234.2,0.0431000919357252,9.094041531346862
8320260707020010,久留米競輪,10R,19:47,2-5,2,5,215.3,0.0461717650487412,8.94078101499399
6120260707020005,玉野競輪,5R,22:10,3-5,3,5,227.2,0.0430986375039565,8.792010440898924
1120260708010008,函館競輪,8R,18:42,1-6,1,6,226.2,0.0430761992507219,8.743836270513306
8320260707020004,久留米競輪,4R,17:17,2-6,2,6,246.9,0.0394438823413936,8.738694550090088
6220260708010004,広島競輪,4R,09:32,6-7,6,7,257.9,0.0376871844362009,8.719524866096222
2120260707020001,弥彦競輪,1R,20:40,6-7,6,7,261.8,0.03712407018049,8.719081573252291
6320260707020002,防府競輪,2R,11:17,3-6,3,6,210.0,0.0459683401391388,8.653351429219155
8320260707020008,久留米競輪,8R,18:55,5-6,5,6,239.8,0.0401066933814403,8.6175850728694
6320260707020006,防府競輪,6R,13:06,3-7,3,7,194.9,0.047981073054942,8.351511138408213
6120260707020007,玉野競輪,7R,22:50,4-7,4,7,230.2,0.0402207804811882,8.258823666769532
6320260707020012,防府競輪,12R,16:24,2-6,2,6,191.2,0.0445758706148698,7.522906461563121
8320260707020007,久留米競輪,7R,18:29,3-7,3,7,209.3,0.0404398351514637,7.464057497201368
2320260706030001,取手競輪,1R,11:01,3-6,3,6,148.6,0.0568191269783237,7.443322268978914
1120260708010006,函館競輪,6R,17:53,4-6,4,6,234.5,0.0352376614864695,7.263231618577105
6320260707020011,防府競輪,11R,15:39,2-6,2,6,183.5,0.0425642174209098,6.810533896736955
6120260707020004,玉野競輪,4R,21:50,4-5,4,5,93.4,0.0833537778206112,6.785242848445087
2120260707020007,弥彦競輪,7R,22:40,5-6,5,6,206.2,0.0361161082872353,6.447141528827931
6320260707020003,防府競輪,3R,11:43,5-7,5,7,193.3,0.0381751338768901,6.379253378402872
1120260708010009,函館競輪,9R,19:08,5-6,5,6,193.2,0.0377177892069609,6.287076874784855
2320260706030007,取手競輪,7R,13:46,5-7,5,7,175.9,0.0407585957011594,6.169436983833949
1120260708010001,函館競輪,1R,15:53,3-4,3,4,169.2,0.0423144186512982,6.1595996357996645
1120260708010007,函館競輪,7R,18:17,3-4,3,4,190.5,0.03610337809024,5.877693526190723
2320260706030003,取手競輪,3R,11:52,2-6,2,6,176.1,0.0388024816711278,5.833117022285614
4420260708010007,大垣競輪,7R,13:26,3-7,3,7,165.6,0.0412191139957765,5.825885277700599
4420260708010008,大垣競輪,8R,13:56,3-4,3,4,150.0,0.0449770118169264,5.746551772538972
2320260706030005,取手競輪,5R,12:46,1-4,1,4,102.7,0.0625892550888759,5.427916497627564
2320260706030011,取手競輪,11R,15:46,2-4,2,4,136.2,0.0466163350980713,5.349144840357318
6320260707020010,防府競輪,10R,15:06,2-6,2,6,138.2,0.0457424796784964,5.321610691568202
1120260708010012,函館競輪,12R,20:30,6-7,6,7,179.3,0.034922118402761,5.261535829615058
1120260708010005,函館競輪,5R,17:29,3-4,3,4,130.6,0.0411749633601812,4.377450214839667
4420260708010003,大垣競輪,3R,11:34,4-7,4,7,112.4,0.0477605337835722,4.368283997273518
4420260708010005,大垣競輪,5R,12:28,3-7,3,7,105.9,0.0496420193397229,4.257089848076665
2320260706030006,取手競輪,6R,13:16,6-7,6,7,124.5,0.0417402845588403,4.196665427575628
4420260708010006,大垣競輪,6R,12:56,1-3,1,3,93.9,0.0533258388374197,4.007296266833712
2320260706030004,取手競輪,4R,12:19,5-6,5,6,103.9,0.0469941189404806,3.8826889579159447
8320260707020002,久留米競輪,2R,16:31,1-2,1,2,69.7,0.0695308894569117,3.8463029951467487
6320260707020008,防府競輪,8R,14:06,4-6,4,6,128.3,0.0372913006031956,3.784473867389997
4420260708010012,大垣競輪,12R,16:01,6-7,6,7,105.6,0.0434015760665607,3.5832064326288187
8320260707020001,久留米競輪,1R,16:09,2-5,2,5,79.1,0.0570426859544852,3.5120764589997817
6320260707020001,防府競輪,1R,10:53,2-7,2,7,100.3,0.0432306340608416,3.3360325963024167
6120260707020008,玉野競輪,8R,23:10,5-7,5,7,106.2,0.037673361378467,3.0009109783932013
8320260707020009,久留米競輪,9R,19:21,3-7,3,7,83.9,0.0442290803943348,2.7108198450846914
6120260707020009,玉野競輪,9R,23:30,5-6,5,6,102.0,0.0362989567541212,2.702493588920371
2320260706030002,取手競輪,2R,11:25,3-5,3,5,49.4,0.071059877733544,2.510357960037076
2120260707020008,弥彦競輪,8R,23:00,1-7,1,7,62.8,0.0480738292534635,2.019036477117509
2120260707020006,弥彦競輪,6R,22:20,3-4,3,4,52.5,0.0477260593016751,1.5056181133379467
6120260707020006,玉野競輪,6R,22:30,3-7,3,7,44.6,0.0448852060596016,1.0018801902582353
