race_id,競輪場,レース番号,開始時間,買い目,a,b,odds,p,EV
2220260307020002,前橋競輪,2R,16:26,2-3,2,3,461.1,0.03651724114426603,15.838099891621066
2220260307020002,前橋競輪,2R,16:26,6-7,6,7,1152.7,0.012719018624918301,13.661212768943326
2820260307020007,立川競輪,7R,10:55,5-6,5,6,505.7,0.028041299451560257,13.180485132654022
8120260306030002,小倉競輪,2R,16:14,5-6,5,6,203.9,0.06508070654994108,12.269956065532988
2220260307020005,前橋競輪,5R,17:36,1-6,1,6,325.1,0.038521027975995,11.523186194995976
2220260307020005,前橋競輪,5R,17:36,3-6,3,6,325.1,0.03837230446572002,11.47483618180558
2820260307020007,立川競輪,7R,10:55,6-7,6,7,708.0,0.017585967102253162,11.450864708395239
4320260307020007,岐阜競輪,7R,22:50,2-5,2,5,157.5,0.07872181410231087,11.398685721113962
3620260308010008,小田原競輪,8R,14:02,2-6,2,6,364.0,0.03401304517430566,11.38074844344726
2220260307020002,前橋競輪,2R,16:26,3-7,3,7,192.1,0.06068697822741096,10.657968517485646
2220260307020005,前橋競輪,5R,17:36,3-7,3,7,325.1,0.034543954166371675,10.230239499487432
2220260307020001,前橋競輪,1R,16:06,3-7,3,7,109.1,0.1023521276541612,10.166617127068987
7520260305040011,松山競輪,11R,15:44,3-4,3,4,272.8,0.04017342044777721,9.959309098153623
2220260307020003,前橋競輪,3R,16:46,1-7,1,7,301.1,0.035694423907539755,9.747591038560222
4320260307020007,岐阜競輪,7R,22:50,3-5,3,5,157.5,0.06464960651386133,9.182313025933158
2220260307020002,前橋競輪,2R,16:26,4-7,4,7,164.6,0.06069372524271928,8.990187174951593
2220260307020005,前橋競輪,5R,17:36,1-3,1,3,650.2,0.015211725095418575,8.890663657041157
2220260307020003,前橋競輪,3R,16:46,6-7,6,7,564.5,0.01708016223131085,8.641751579574974
4320260307020007,岐阜競輪,7R,22:50,1-7,1,7,157.5,0.06072707677941236,8.564514592757446
3620260308010011,小田原競輪,11R,15:28,4-5,4,5,173.7,0.05277933962746477,8.16777129329063
2220260307020006,前橋競輪,6R,18:02,4-7,4,7,291.5,0.031274107845846874,8.116402437064364
4320260307020007,岐阜競輪,7R,22:50,5-7,5,7,157.5,0.0578211874692674,8.106837026409615
3620260308010004,小田原競輪,4R,12:17,6-7,6,7,135.4,0.06681477488731338,8.046720519742232
7520260305040010,松山競輪,10R,15:12,4-6,4,6,501.4,0.017654929119798102,7.852181460666769
2220260307020006,前橋競輪,6R,18:02,3-7,3,7,437.2,0.019905262145663804,7.702580610084215
7520260305040008,松山競輪,8R,14:16,3-6,3,6,333.9,0.025921866662932988,7.655311278753324
3620260308010006,小田原競輪,6R,13:09,3-6,3,6,181.9,0.046806026741044365,7.51401626419597
2220260307020002,前橋競輪,2R,16:26,5-7,5,7,128.0,0.06606503375064372,7.4563243200823965
2220260307020003,前橋競輪,3R,16:46,2-6,2,6,250.9,0.033574882308139334,7.423937971112158
4320260307020007,岐阜競輪,7R,22:50,2-3,2,3,157.5,0.052766357671695845,7.310701333292096
7520260305040008,松山競輪,8R,14:16,1-6,1,6,179.5,0.04600357304334729,7.257641361280838
2220260307020001,前橋競輪,1R,16:06,5-7,5,7,259.1,0.03138805703221648,7.132645577047292
2820260307020006,立川競輪,6R,10:34,2-3,2,3,244.3,0.03043479530407109,6.435220492784567
2220260307020004,前橋競輪,4R,17:10,1-6,1,6,392.1,0.018823695319713396,6.380770934859623
3620260308010004,小田原競輪,4R,12:17,5-6,5,6,171.2,0.04204539319388597,6.198171314793278
2220260307020004,前橋競輪,4R,17:10,6-7,6,7,313.7,0.022591956303220813,6.087096692320369
2220260307020006,前橋競輪,6R,18:02,5-7,5,7,174.9,0.04034401269890181,6.056167821037927
2220260307020003,前橋競輪,3R,16:46,1-6,1,6,322.6,0.021780014437599433,6.026232657569578
7520260305040010,松山競輪,10R,15:12,2-4,2,4,171.9,0.04069674908715647,5.995771168082197
3620260308010006,小田原競輪,6R,13:09,1-6,1,6,294.6,0.02372125162411454,5.988280728464144
3620260308010009,小田原競輪,9R,14:30,6-7,6,7,231.2,0.029771600702809327,5.883194082489516
4320260307020007,岐阜競輪,7R,22:50,2-7,2,7,157.5,0.04338331124326987,5.832871520815004
7520260305040008,松山競輪,8R,14:16,3-4,3,4,245.5,0.027813739989241276,5.828273167358733
7520260305040010,松山競輪,10R,15:12,2-6,2,6,228.5,0.02969751738681327,5.785882722886832
2820260307020007,立川競輪,7R,10:55,4-6,4,6,112.3,0.060368986982331646,5.779437238115844
2820260307020007,立川競輪,7R,10:55,4-5,4,5,144.5,0.046181349227009366,5.673204963302854
7520260305040010,松山競輪,10R,15:12,4-5,4,5,353.9,0.018689462655542485,5.6142008337964855
2820260307020002,立川競輪,2R,09:10,4-5,4,5,216.5,0.03014744819528635,5.526922534279494
3620260308010011,小田原競輪,11R,15:28,5-6,5,6,197.2,0.03306941510366212,5.521288658442169
3620260308010006,小田原競輪,6R,13:09,5-6,5,6,309.3,0.020853639608100147,5.450030730785375
2220260307020002,前橋競輪,2R,16:26,2-7,2,7,92.2,0.06935430964259955,5.394467349047678
8120260306030010,小倉競輪,10R,19:34,6-7,6,7,102.8,0.061994233310966256,5.373007184367331
3620260308010010,小田原競輪,10R,14:58,2-6,2,6,170.9,0.03717600702562681,5.353379600679622
2820260307020007,立川競輪,7R,10:55,3-6,3,6,124.2,0.05089567404996065,5.321242717005113
2820260307020001,立川競輪,1R,08:50,2-7,2,7,76.4,0.08268112184215332,5.316837708740514
7520260305040011,松山競輪,11R,15:44,2-5,2,5,237.7,0.026537039664864343,5.307854328338254
2220260307020006,前橋競輪,6R,18:02,2-4,2,4,174.9,0.03596846552447269,5.290884620230274
7520260305040011,松山競輪,11R,15:44,1-4,1,4,260.0,0.0240725735424711,5.258869121042486
2220260307020004,前橋競輪,4R,17:10,1-5,1,5,196.0,0.031617112616797845,5.196954072892377
3620260308010009,小田原競輪,9R,14:30,3-6,3,6,131.3,0.04691402840894053,5.159811930093892
2820260307020006,立川競輪,6R,10:34,3-6,3,6,308.6,0.019757849347399624,5.097272308607525
8120260306030002,小倉競輪,2R,16:14,4-6,4,6,251.0,0.024064960100329123,5.04030498518261
2820260307020007,立川競輪,7R,10:55,3-4,3,4,79.5,0.07480298034836999,4.946836937695414
7520260305040010,松山競輪,10R,15:12,6-9,6,9,247.2,0.023987475241726355,4.929703879754755
3620260308010008,小田原競輪,8R,14:02,3-6,3,6,80.8,0.07247507268814815,4.85598587320237
3620260308010007,小田原競輪,7R,13:35,4-6,4,6,116.7,0.0496771390932087,4.797322132177455
7520260305040010,松山競輪,10R,15:12,4-9,4,9,165.6,0.03440719914264116,4.697832178021376
2220260307020009,前橋競輪,9R,19:20,1-6,1,6,191.2,0.029584539056759937,4.656563867652499
2220260307020005,前橋競輪,5R,17:36,1-7,1,7,162.5,0.03470629389684714,4.63977275823766
3620260308010003,小田原競輪,3R,11:52,1-5,1,5,108.5,0.051762752374977586,4.616258632685068
7520260305040005,松山競輪,5R,12:56,3-4,3,4,132.9,0.04213136729466769,4.599258713461336
8120260306030004,小倉競輪,4R,16:58,2-6,2,6,192.0,0.029144882303589227,4.595817402289132
8120260306030004,小倉競輪,4R,16:58,4-6,4,6,173.3,0.032206879527837115,4.581452222174172
7520260305040012,松山競輪,12R,16:20,5-6,5,6,273.3,0.020348891473555158,4.561352039722625
7520260305040012,松山競輪,12R,16:20,2-6,2,6,431.1,0.012884576013455403,4.554540719400625
3620260308010010,小田原競輪,10R,14:58,1-6,1,6,88.1,0.06242832011695844,4.499935002304038
2820260307020007,立川競輪,7R,10:55,3-7,3,7,252.8,0.021558545202172017,4.450000227109086
7520260305040011,松山競輪,11R,15:44,4-7,4,7,112.4,0.04817788877365155,4.415194698158434
3620260308010003,小田原競輪,3R,11:52,6-7,6,7,241.8,0.022265298760841656,4.383749240371513
2820260307020007,立川競輪,7R,10:55,4-7,4,7,181.5,0.02958989980322064,4.370566814284546
2220260307020003,前橋競輪,3R,16:46,2-7,2,7,102.6,0.0517692749485861,4.3115276097249335
7520260305040012,松山競輪,12R,16:20,6-9,6,9,168.9,0.031359721566395764,4.296656972564245
2220260307020003,前橋競輪,3R,16:46,4-7,4,7,115.8,0.04560325501312211,4.2808569305195405
8120260306030003,小倉競輪,3R,16:35,6-7,6,7,271.8,0.019420532280826554,4.278500673928658
8320260307020003,久留米競輪,3R,21:20,1-2,1,2,78.7,0.06689557638224634,4.264681861282788
2220260307020002,前橋競輪,2R,16:26,3-6,3,6,768.5,0.006810514804171809,4.233880627006036
3620260308010005,小田原競輪,5R,12:43,5-7,5,7,73.8,0.07088152783935221,4.231056754544193
8120260306030001,小倉競輪,1R,15:54,6-7,6,7,193.8,0.026980564665242443,4.228833432123985
4320260307020007,岐阜競輪,7R,22:50,5-6,5,6,157.5,0.03304723720814041,4.204939860282114
8120260306030002,小倉競輪,2R,16:14,6-7,6,7,362.5,0.014263504573162297,4.170520407771333
8120260306030002,小倉競輪,2R,16:14,1-5,1,5,63.9,0.0808380895498395,4.165553922234744
2820260307020001,立川競輪,1R,08:50,4-7,4,7,171.1,0.030137997053506824,4.156611295855018
7520260305040010,松山競輪,10R,15:12,5-6,5,6,347.1,0.014800329074651352,4.137194221811485
8120260306030002,小倉競輪,2R,16:14,1-6,1,6,233.0,0.02191823993519257,4.106949904899868
2220260307020006,前橋競輪,6R,18:02,1-4,1,4,97.1,0.05237835175942405,4.085937955840075
2820260307020007,立川競輪,7R,10:55,5-7,5,7,544.6,0.009293004193887098,4.060970083990914
2820260307020005,立川競輪,5R,10:13,2-3,2,3,123.0,0.04068487559303119,4.004239697942836
3620260308010008,小田原競輪,8R,14:02,4-6,4,6,78.0,0.06365248460481379,3.964893799175476
2220260307020004,前橋競輪,4R,17:10,1-3,1,3,116.1,0.042691765445812456,3.956513968258826
3620260308010006,小田原競輪,6R,13:09,6-7,6,7,386.7,0.01276680825645727,3.9369247527720264
7520260305040010,松山競輪,10R,15:12,1-6,1,6,205.1,0.023929195165781948,3.907877928501877
2220260307020004,前橋競輪,4R,17:10,1-4,1,4,130.7,0.03747871213445724,3.898467675973561
3620260308010011,小田原競輪,11R,15:28,1-5,1,5,187.1,0.02603503125059068,3.8711543469855165
8120260306030001,小倉競輪,1R,15:54,3-4,3,4,98.8,0.049048147116965264,3.8459569351561678
3620260308010003,小田原競輪,3R,11:52,1-6,1,6,81.8,0.05910927340923004,3.8351385648750176
2220260307020003,前橋競輪,3R,16:46,1-2,1,2,79.2,0.06062129245852711,3.801206362715347
2220260307020001,前橋競輪,1R,16:06,1-7,1,7,94.2,0.05094323550877751,3.798852784926842
3620260308010005,小田原競輪,5R,12:43,1-7,1,7,138.2,0.03466976914192521,3.7913620954140637
2820260307020007,立川競輪,7R,10:55,2-4,2,4,118.0,0.04031757706809105,3.7574740940347438
7520260305040002,松山競輪,2R,11:40,1-6,1,6,269.5,0.017572006133177116,3.735655652891233
2820260307020002,立川競輪,2R,09:10,5-7,5,7,209.0,0.022144932584926544,3.628290910249648
7520260305040002,松山競輪,2R,11:40,5-6,5,6,125.5,0.03684312546685514,3.6238122460903206
2220260307020001,前橋競輪,1R,16:06,4-7,4,7,138.2,0.03339778469864281,3.6155738453524355
7520260305040011,松山競輪,11R,15:44,4-6,4,6,449.7,0.010237832003566712,3.60395305200395
7520260305040009,松山競輪,9R,14:44,1-5,1,5,145.0,0.031729541588086045,3.6007835302724764
7520260305040012,松山競輪,12R,16:20,6-7,6,7,105.5,0.04357219980024063,3.5968670789253867
2220260307020004,前橋競輪,4R,17:10,4-6,4,6,142.6,0.0319660715877265,3.5583618084097983
2220260307020004,前橋競輪,4R,17:10,5-6,5,6,184.5,0.024699763151937164,3.557106301532407
3620260308010010,小田原競輪,10R,14:58,2-4,2,4,156.7,0.028960823793779802,3.5381610884852943
8120260306030003,小倉競輪,3R,16:35,2-6,2,6,67.9,0.0665966720418746,3.521914031643285
2220260307020003,前橋競輪,3R,16:46,3-6,3,6,188.1,0.02403423039769388,3.520838737806219
3620260308010008,小田原競輪,8R,14:02,6-7,6,7,242.6,0.01863344204632362,3.5204730404381097
3620260308010004,小田原競輪,4R,12:17,2-7,2,7,71.8,0.06282312960919816,3.510700705940428
2220260307020002,前橋競輪,2R,16:26,1-7,1,7,35.4,0.12692926284844996,3.4932959048351284
3620260308010003,小田原競輪,3R,11:52,5-6,5,6,443.3,0.010106918185286046,3.4803968315373046
4320260307020007,岐阜競輪,7R,22:50,1-2,1,2,52.5,0.08502240984987566,3.463676517118472
2220260307020005,前橋競輪,5R,17:36,1-2,1,2,162.5,0.027377865568895748,3.448903154945559
4320260307020001,岐阜競輪,1R,20:50,1-6,1,6,51.7,0.08603076163586479,3.4477903765742095
2820260307020005,立川競輪,5R,10:13,2-5,2,5,71.1,0.06243764546545583,3.439316592593909
3620260308010010,小田原競輪,10R,14:58,2-3,2,3,97.2,0.045547338791684516,3.4272013305517355
7520260305040010,松山競輪,10R,15:12,3-4,3,4,340.5,0.012997931683033247,3.4257957380728206
2220260307020006,前橋競輪,6R,18:02,3-5,3,5,97.1,0.04554398451641662,3.4223208965440532
2220260307020005,前橋競輪,5R,17:36,2-3,2,3,162.5,0.02720090194236833,3.4201465656348535
7520260305040008,松山競輪,8R,14:16,4-9,4,9,315.0,0.01402672497045384,3.4184183656929594
2220260307020002,前橋競輪,2R,16:26,5-6,5,6,576.3,0.007646776048111172,3.4068370365264684
2820260307020005,立川競輪,5R,10:13,1-3,1,3,117.4,0.037247141147599236,3.3728143707281504
2820260307020003,立川競輪,3R,09:31,1-2,1,2,71.7,0.06006037509763976,3.306328894500771
3620260308010004,小田原競輪,4R,12:17,1-6,1,6,153.2,0.028065043703659205,3.2995646954005897
7520260305040006,松山競輪,6R,13:22,3-4,3,4,103.8,0.04129109360505084,3.2860155162042766
2220260307020011,前橋競輪,11R,20:16,1-4,1,4,232.5,0.01842199534992489,3.283113918857537
3620260308010008,小田原競輪,8R,14:02,2-7,2,7,159.8,0.026740433829374965,3.2731213259341194
8120260306030003,小倉競輪,3R,16:35,1-5,1,5,128.3,0.03314039583092313,3.2519127851074385
3620260308010010,小田原競輪,10R,14:58,3-4,3,4,194.5,0.021830932577203272,3.2461163862660367
2220260307020002,前橋競輪,2R,16:26,1-3,1,3,49.0,0.08639730539978599,3.2334679645895132
7520260305040004,松山競輪,4R,12:30,2-8,2,8,313.2,0.013460362581124877,3.215785560408311
7520260305040011,松山競輪,11R,15:44,4-9,4,9,504.2,0.008301004104643248,3.1853662695611256
8120260306030010,小倉競輪,10R,19:34,5-6,5,6,180.0,0.023212943363454266,3.178329805421768
2220260307020005,前橋競輪,5R,17:36,1-4,1,4,162.5,0.025657523213589002,3.169347522208213
3620260308010003,小田原競輪,3R,11:52,3-6,3,6,62.5,0.06652300214991982,3.1576876343699887
2820260307020002,立川競輪,2R,09:10,6-7,6,7,173.2,0.02391617835865324,3.142282091718741
3620260308010007,小田原競輪,7R,13:35,6-7,6,7,64.2,0.06449794617648967,3.140768144530637
8120260306030003,小倉競輪,3R,16:35,1-6,1,6,184.8,0.022349242393762403,3.1301399943672923
2220260307020011,前橋競輪,11R,20:16,3-6,3,6,116.2,0.03553554185414999,3.1292299634522287
2820260307020002,立川競輪,2R,09:10,2-5,2,5,126.3,0.032606502771213165,3.1182013000042224
3620260308010010,小田原競輪,10R,14:58,3-5,3,5,77.2,0.05321312769656213,3.108053458174597
3620260308010008,小田原競輪,8R,14:02,5-6,5,6,163.8,0.02504738645019508,3.102761900541955
8320260307020001,久留米競輪,1R,20:40,4-7,4,7,89.2,0.04598336493505929,3.101716152207289
2820260307020001,立川競輪,1R,08:50,5-7,5,7,39.9,0.10273694070510898,3.0992039341338486
7520260305040008,松山競輪,8R,14:16,4-8,4,8,362.9,0.01129171290459923,3.09776261307906
7520260305040001,松山競輪,1R,11:16,3-4,3,4,186.8,0.021864757453361604,3.0843366922879483
8120260306030010,小倉競輪,10R,19:34,4-6,4,6,240.0,0.016914947779123207,3.0595874669895693
7520260305040007,松山競輪,7R,13:48,5-7,5,7,93.0,0.04363398723119197,3.057960812500853
3620260308010001,小田原競輪,1R,11:05,2-5,2,5,103.9,0.039007350230515575,3.052863688950568
7520260305040001,松山競輪,1R,11:16,6-8,6,8,308.1,0.01307978249510183,3.0298809867408742
3620260308010009,小田原競輪,9R,14:30,4-6,4,6,262.7,0.015337867746362702,3.0292578569694815
2220260307020008,前橋競輪,8R,18:54,5-7,5,7,198.0,0.020117629449610992,2.9832906310229763
2820260307020007,立川競輪,7R,10:55,2-6,2,6,153.9,0.025863386438519993,2.9803751728882273
3620260308010001,小田原競輪,1R,11:05,6-7,6,7,101.8,0.03894207817760367,2.964303558480054
3620260308010007,小田原競輪,7R,13:35,5-6,5,6,130.0,0.030459958094271336,2.9597945522552735
7520260305040008,松山競輪,8R,14:16,4-6,4,6,538.5,0.007344389238462838,2.9549536049122382
3620260308010006,小田原競輪,6R,13:09,1-5,1,5,93.7,0.04220371278317961,2.9544878877839293
2820260307020004,立川競輪,4R,09:52,3-5,3,5,91.1,0.04329015661692108,2.9437332678015102
8120260306030002,小倉競輪,2R,16:14,3-5,3,5,66.5,0.05894117915854645,2.919588414043339
3620260308010007,小田原競輪,7R,13:35,1-5,1,5,146.6,0.02635557991579246,2.8637280156551745
7520260305040010,松山競輪,10R,15:12,2-3,2,3,103.1,0.03745098528079714,2.861196582450185
2220260307020009,前橋競輪,9R,19:20,1-2,1,2,63.7,0.059941332916591705,2.8182629067868916
7520260305040008,松山競輪,8R,14:16,2-6,2,6,163.6,0.023274644724379352,2.807731876908462
2820260307020002,立川競輪,2R,09:10,4-6,4,6,118.8,0.03179838637933354,2.777648301864825
7520260305040011,松山競輪,11R,15:44,5-9,5,9,164.7,0.022916872635522414,2.774408923070541
2220260307020004,前橋競輪,4R,17:10,2-6,2,6,62.7,0.05987630886320242,2.754244565722792
3620260308010001,小田原競輪,1R,11:05,4-6,4,6,217.0,0.0172438189999368,2.741908722986286
3620260308010007,小田原競輪,7R,13:35,2-6,2,6,100.3,0.03709577148403701,2.720705879848912
3620260308010008,小田原競輪,8R,14:02,1-2,1,2,128.4,0.02891724666078243,2.712974471244464
7520260305040011,松山競輪,11R,15:44,3-6,3,6,158.4,0.02324151702579571,2.6814562968860405
3620260308010006,小田原競輪,6R,13:09,1-2,1,2,84.7,0.04337358063895869,2.6737422801198014
2820260307020001,立川競輪,1R,08:50,4-5,4,5,48.5,0.0756639216752015,2.669700201247273
2820260307020006,立川競輪,6R,10:34,3-5,3,5,114.9,0.031909185914342816,2.66636546155799
7520260305040011,松山競輪,11R,15:44,3-9,3,9,105.3,0.034760451059833046,2.66027549660042
2220260307020010,前橋競輪,10R,19:48,4-6,4,6,114.0,0.03208629655289144,2.6578378070296242
8120260306030012,小倉競輪,12R,20:30,1-7,1,7,49.7,0.07330206727392055,2.6431127435138517
2220260307020003,前橋競輪,3R,16:46,1-3,1,3,82.1,0.044370531457261345,2.6428206326411563
2220260307020006,前橋競輪,6R,18:02,1-7,1,7,109.3,0.033092424840433315,2.6170020350593615
8120260306030002,小倉競輪,2R,16:14,1-7,1,7,217.5,0.016553262636578456,2.6003346234558142
7520260305040009,松山競輪,9R,14:44,1-3,1,3,73.6,0.04857858641737405,2.57538396031873
8120260306030002,小倉競輪,2R,16:14,3-4,3,4,171.7,0.020809550482056564,2.572999817769112
2820260307020002,立川競輪,2R,09:10,1-6,1,6,81.9,0.04356794330957417,2.568214557054125
7520260305040009,松山競輪,9R,14:44,1-4,1,4,128.3,0.02780995216439032,2.5680168626912785
2220260307020008,前橋競輪,8R,18:54,1-7,1,7,99.0,0.036030763327598504,2.567045569432252
3620260308010010,小田原競輪,10R,14:58,1-3,1,3,48.6,0.07326205876240695,2.5605360558529777
2220260307020010,前橋競輪,10R,19:48,4-5,4,5,57.0,0.062197481360718815,2.5452564375609725
2820260307020001,立川競輪,1R,08:50,2-4,2,4,58.4,0.06069591248917705,2.5446412893679398
3620260308010006,小田原競輪,6R,13:09,5-7,5,7,110.4,0.03202054043544989,2.5350676640736682
7520260305040002,松山競輪,2R,11:40,1-4,1,4,230.2,0.015311794291366781,2.524775045872633
3620260308010011,小田原競輪,11R,15:28,3-6,3,6,143.1,0.024621323334259825,2.523311369132581
2220260307020001,前橋競輪,1R,16:06,6-7,6,7,414.6,0.008496694351851705,2.522729478277717
3620260308010010,小田原競輪,10R,14:58,5-6,5,6,81.7,0.04302356468392904,2.515025234677003
7520260305040012,松山競輪,12R,16:20,2-5,2,5,157.7,0.022094177316010218,2.484251762734811
8120260306030004,小倉競輪,4R,16:58,1-6,1,6,65.7,0.05279442805805673,2.4685939234143275
7520260305040004,松山競輪,4R,12:30,2-5,2,5,201.7,0.01718878398823109,2.4669777304262106
2220260307020006,前橋競輪,6R,18:02,3-4,3,4,97.1,0.03563858795268686,2.460506890205894
7520260305040011,松山競輪,11R,15:44,5-6,5,6,227.9,0.01508653716609917,2.4382218201540007
7520260305040012,松山競輪,12R,16:20,4-9,4,9,127.2,0.026987653012398447,2.4328294631770824
3620260308010006,小田原競輪,6R,13:09,2-6,2,6,158.6,0.021558848400236526,2.419233356277513
7520260305040012,松山競輪,12R,16:20,5-9,5,9,74.7,0.045770285078465756,2.419040295361392
2820260307020002,立川競輪,2R,09:10,5-6,5,6,233.1,0.014651582858671264,2.415283964356272
2220260307020005,前橋競輪,5R,17:36,2-6,2,6,59.1,0.05763087069811937,2.405984458258855
3620260308010012,小田原競輪,12R,16:02,3-4,3,4,77.7,0.04376840980800854,2.4008054420822638
2220260307020006,前橋競輪,6R,18:02,2-3,2,3,145.7,0.023294483247776714,2.3940062092010668
7520260305040008,松山競輪,8R,14:16,6-9,6,9,256.8,0.013160052633083591,2.3795015161758664
3620260308010001,小田原競輪,1R,11:05,5-6,5,6,70.2,0.047861207958221796,2.3598567986671704
3620260308010002,小田原競輪,2R,11:28,2-3,2,3,95.7,0.03496051598955125,2.3457213802000547
7520260305040012,松山競輪,12R,16:20,2-9,2,9,100.4,0.033316850403347614,2.3450117804961006
7520260305040004,松山競輪,4R,12:30,2-3,2,3,59.5,0.05584409249851523,2.322723503661656
3620260308010002,小田原競輪,2R,11:28,1-2,1,2,95.7,0.03459885202603411,2.3111101388914648
2220260307020006,前橋競輪,6R,18:02,1-3,1,3,87.4,0.037882099728125035,2.310895516238128
2220260307020005,前橋競輪,5R,17:36,3-4,3,4,130.0,0.025453544360716382,2.30896076689313
3620260308010011,小田原競輪,11R,15:28,5-7,5,7,42.6,0.07726644056668677,2.2915503681408564
2820260307020002,立川競輪,2R,09:10,4-7,4,7,77.7,0.04219338710891751,2.2784261783628907
3620260308010010,小田原競輪,10R,14:58,4-6,4,6,256.4,0.01274781316701001,2.268539296021366
7520260305040011,松山競輪,11R,15:44,3-5,3,5,59.2,0.05501387436573426,2.2568213624514684
7520260305040007,松山競輪,7R,13:48,1-6,1,6,222.7,0.014610641097072948,2.2537897723181453
3620260308010001,小田原競輪,1R,11:05,2-4,2,4,226.8,0.014321581190051483,2.2481346139036766
8120260306030009,小倉競輪,9R,19:07,6-7,6,7,59.9,0.05421208252876493,2.247303743473019
3620260308010007,小田原競輪,7R,13:35,1-3,1,3,154.6,0.020987149390502932,2.244613295771753
3620260308010007,小田原競輪,7R,13:35,1-4,1,4,75.2,0.04306878704191794,2.238772785552229
3620260308010004,小田原競輪,4R,12:17,2-5,2,5,78.6,0.040904955884246905,2.2151295325018063
2220260307020009,前橋競輪,9R,19:20,3-6,3,6,95.6,0.03352325760809044,2.2048234273334457
8120260306030004,小倉競輪,4R,16:58,5-6,5,6,134.0,0.023911521070276144,2.204143823417003
8120260306030003,小倉競輪,3R,16:35,1-7,1,7,90.6,0.03526555941039122,2.195059682581445
3620260308010012,小田原競輪,12R,16:02,4-7,4,7,48.0,0.06641821327352378,2.1880742371291415
2220260307020002,前橋競輪,2R,16:26,3-5,3,5,100.2,0.03180828945718081,2.1871906036095172
7520260305040005,松山競輪,5R,12:56,4-8,4,8,306.1,0.010403153066549539,2.184405153670814
3620260308010003,小田原競輪,3R,11:52,2-3,2,3,50.1,0.06352933439097641,2.1828196529879182
8320260307020003,久留米競輪,3R,21:20,5-6,5,6,78.7,0.04028381313060711,2.1703360933787796
2220260307020003,前橋競輪,3R,16:46,5-6,5,6,94.0,0.033674914688286275,2.16544198069891
7520260305040001,松山競輪,1R,11:16,1-6,1,6,278.0,0.011373932777739815,2.1619533122116685
3620260308010001,小田原競輪,1R,11:05,3-6,3,6,77.9,0.04028971864224343,2.138569082230763
3620260308010003,小田原競輪,3R,11:52,4-5,4,5,171.6,0.018284571544288163,2.1376324769998485
8120260306030001,小倉競輪,1R,15:54,2-6,2,6,37.8,0.08285925336457013,2.132079777180751
7520260305040004,松山競輪,4R,12:30,3-8,3,8,102.6,0.030517153325244583,2.131059931170094
8120260306030012,小倉競輪,12R,20:30,1-4,1,4,37.3,0.0838935197491785,2.1292282866443575
7520260305040011,松山競輪,11R,15:44,2-4,2,4,346.7,0.008976935219884413,2.112303440733926
2820260307020004,立川競輪,4R,09:52,6-7,6,7,64.3,0.048334903696927646,2.1079343077124477
3620260308010003,小田原競輪,3R,11:52,4-6,4,6,143.7,0.021602394492186473,2.104264088527196
7520260305040003,松山競輪,3R,12:04,2-3,2,3,124.9,0.02478984759530289,2.096251964653331
7520260305040005,松山競輪,5R,12:56,1-5,1,5,121.8,0.02541318633284863,2.095326095340963
7520260305040008,松山競輪,8R,14:16,4-5,4,5,175.7,0.017581990875106472,2.089155796756207
2220260307020011,前橋競輪,11R,20:16,6-7,6,7,77.5,0.03982319989000536,2.086297991475415
7520260305040005,松山競輪,5R,12:56,1-3,1,3,47.0,0.06552634479134002,2.079738205192981
8120260306030001,小倉競輪,1R,15:54,4-5,4,5,201.6,0.015270091847254127,2.078450516406432
7520260305040005,松山競輪,5R,12:56,2-4,2,4,149.5,0.020575217075925814,2.0759949528509094
4320260307020009,岐阜競輪,9R,23:30,2-3,2,3,48.7,0.06300354740970271,2.068272758852522
7520260305040008,松山競輪,8R,14:16,6-7,6,7,185.5,0.016535109065984238,2.067262731740076
3620260308010004,小田原競輪,4R,12:17,5-7,5,7,33.4,0.09177354238354762,2.0652363156104907
3620260308010012,小田原競輪,12R,16:02,1-4,1,4,74.9,0.0407823478594768,2.0545978546748125
3620260308010011,小田原競輪,11R,15:28,3-4,3,4,70.8,0.04311044304086785,2.0522193672934437
3620260308010001,小田原競輪,1R,11:05,2-3,2,3,92.4,0.03301890186163296,2.050946532014886
3620260308010011,小田原競輪,11R,15:28,4-6,4,6,61.8,0.04917044381801529,2.038733427953345
2220260307020006,前橋競輪,6R,18:02,1-2,1,2,79.5,0.038128952225683306,2.031251701941823
8120260306030002,小倉競輪,2R,16:14,1-4,1,4,105.2,0.028781021765152723,2.0277634896940664
8120260306030002,小倉競輪,2R,16:14,2-6,2,6,47.2,0.06394103745773555,2.018016968005118
7520260305040008,松山競輪,8R,14:16,4-7,4,7,170.3,0.017590898809670817,1.9957300672869405
8120260306030002,小倉競輪,2R,16:14,3-7,3,7,251.0,0.011885569625958615,1.9832779761156125
7520260305040006,松山競輪,6R,13:22,2-9,2,9,84.4,0.03530728983614619,1.9799352621707387
2220260307020008,前橋競輪,8R,18:54,4-5,4,5,66.0,0.04496203344818038,1.9674942075799051
7520260305040008,松山競輪,8R,14:16,2-4,2,4,119.2,0.024831122179389185,1.9598697637831908
8120260306030001,小倉競輪,1R,15:54,5-6,5,6,360.0,0.008217885287560386,1.9584387035217392
8120260306030010,小倉競輪,10R,19:34,1-6,1,6,48.0,0.06155240879445357,1.9545156221337714
3620260308010011,小田原競輪,11R,15:28,1-3,1,3,158.6,0.018615378178686963,1.952398979139752
7520260305040011,松山競輪,11R,15:44,2-6,2,6,286.9,0.010263552292504838,1.9446131527196377
8120260306030010,小倉競輪,10R,19:34,4-5,4,5,180.0,0.016319449887561257,1.937500979761026
7520260305040001,松山競輪,1R,11:16,4-8,4,8,165.2,0.017749568524000326,1.9322287201648538
2220260307020004,前橋競輪,4R,17:10,3-5,3,5,58.0,0.05037602792210304,1.921809619481976
7520260305040002,松山競輪,2R,11:40,3-5,3,5,67.8,0.043043879989864975,1.9183750633128454
2220260307020009,前橋競輪,9R,19:20,6-7,6,7,95.6,0.030491237624129114,1.9149623168667431
2820260307020001,立川競輪,1R,08:50,3-4,3,4,86.5,0.033678623770896914,1.9132009561825831
8120260306030004,小倉競輪,4R,16:58,6-7,6,7,52.2,0.05573852815342198,1.9095511696086276
2220260307020001,前橋競輪,1R,16:06,2-7,2,7,207.3,0.014032759636910329,1.9089910727315114
7520260305040012,松山競輪,12R,16:20,5-8,5,8,120.8,0.024076000527917505,1.9083808637724347
7520260305040006,松山競輪,6R,13:22,2-4,2,4,99.6,0.029160290173926302,1.9043649013230595
3620260308010003,小田原競輪,3R,11:52,3-5,3,5,49.7,0.0583267130188371,1.8988376370362041
2820260307020006,立川競輪,6R,10:34,5-6,5,6,96.1,0.03012339154766898,1.8948579277309885
2220260307020006,前橋競輪,6R,18:02,2-5,2,5,62.4,0.04622603772072513,1.884504753773248
8120260306030003,小倉競輪,3R,16:35,5-6,5,6,177.7,0.016225576268752553,1.8832849029573286
3620260308010001,小田原競輪,1R,11:05,4-7,4,7,146.8,0.01963988551330892,1.8831351933537497
2820260307020007,立川競輪,7R,10:55,2-7,2,7,295.0,0.009755879762560326,1.8779845299552962
7520260305040001,松山競輪,1R,11:16,2-6,2,6,74.0,0.038808927479402344,1.8718606334757735
7520260305040002,松山競輪,2R,11:40,3-6,3,6,298.7,0.009603652265879444,1.86861093181819
8320260307020003,久留米競輪,3R,21:20,3-5,3,5,78.7,0.036363408046339904,1.8618002132469504
3620260308010002,小田原競輪,2R,11:28,4-7,4,7,68.3,0.041888365100344174,1.860975336353507
7520260305040010,松山競輪,10R,15:12,3-5,3,5,161.1,0.01771635754837329,1.854105201042937
8120260306030009,小倉競輪,9R,19:07,5-6,5,6,39.9,0.07149211192396598,1.8525352657662428
7520260305040005,松山競輪,5R,12:56,1-4,1,4,166.6,0.017085423947766024,1.8464316296978196
2220260307020010,前橋競輪,10R,19:48,4-7,4,7,45.6,0.062378387049022474,1.8444544494354247
8120260306030006,小倉競輪,6R,17:49,1-2,1,2,26.7,0.10649404536197624,1.8433910111647656
2820260307020006,立川競輪,6R,10:34,4-6,4,6,93.0,0.030509471858888908,1.8373808828766682
2820260307020004,立川競輪,4R,09:52,1-6,1,6,58.4,0.0485659607783052,1.836252109453024
4320260307020003,岐阜競輪,3R,21:30,1-3,1,3,42.0,0.06748844712228186,1.834514779135838
3620260308010002,小田原競輪,2R,11:28,2-5,2,5,135.0,0.020978145947004336,1.8320497028455853
7520260305040011,松山競輪,11R,15:44,4-5,4,5,106.6,0.02652930250329382,1.828023646851121
8320260307020003,久留米競輪,3R,21:20,3-6,3,6,78.7,0.035678203411952346,1.8078746085206499
2220260307020006,前橋競輪,6R,18:02,3-6,3,6,48.5,0.05771237336570572,1.7990501082367274
3620260308010009,小田原競輪,9R,14:30,3-4,3,4,51.6,0.054144466466459595,1.793854469669315
8120260306030001,小倉競輪,1R,15:54,4-6,4,6,36.7,0.0759986056720268,1.789148828163384
3620260308010002,小田原競輪,2R,11:28,6-7,6,7,68.3,0.0408018884109919,1.7867689784707466
7520260305040002,松山競輪,2R,11:40,6-7,6,7,290.8,0.00957789728871167,1.7852525315573535
7520260305040002,松山競輪,2R,11:40,4-5,4,5,72.2,0.03853193834119256,1.782005948234103
2820260307020004,立川競輪,4R,09:52,3-7,3,7,103.4,0.026894687641328838,1.780910702113402
7520260305040001,松山競輪,1R,11:16,4-6,4,6,178.1,0.015611035099355863,1.780325351195279
4320260307020003,岐阜競輪,3R,21:30,2-6,2,6,42.0,0.06603330404063591,1.7733987697067084
7520260305040011,松山競輪,11R,15:44,1-5,1,5,77.7,0.03566149516305274,1.770898174169198
7520260305040007,松山競輪,7R,13:48,1-4,1,4,91.3,0.03024884100698562,1.761719183937787
3620260308010009,小田原競輪,9R,14:30,5-6,5,6,46.6,0.059244637040996286,1.760800086110427
8120260306030006,小倉競輪,6R,17:49,1-6,1,6,29.0,0.09477206579933269,1.748389908180648
8120260306030012,小倉競輪,12R,20:30,3-4,3,4,107.4,0.02557128584060572,1.7463560992810545
7520260305040003,松山競輪,3R,12:04,2-6,2,6,95.8,0.028667354791559567,1.7463325890314065
8320260307020003,久留米競輪,3R,21:20,1-4,1,4,26.2,0.1047679500360017,1.7449202909432446
3620260308010001,小田原競輪,1R,11:05,2-7,2,7,86.0,0.03186558500036991,1.7404403100318122
2820260307020002,立川競輪,2R,09:10,1-5,1,5,64.5,0.042478923053795685,1.7398905369698219
2220260307020002,前橋競輪,2R,16:26,2-6,2,6,329.3,0.0083032412174711,1.7342573329132334
3620260308010002,小田原競輪,2R,11:28,2-7,2,7,128.4,0.021273545120861728,1.7315231935186461
7520260305040004,松山競輪,4R,12:30,3-4,3,4,58.3,0.04675943781863322,1.7260752248263165
8120260306030012,小倉競輪,12R,20:30,1-6,1,6,41.9,0.06498881801397906,1.7230314747857225
3620260308010010,小田原競輪,10R,14:58,4-7,4,7,106.4,0.025591447798855894,1.7229300457982673
3620260308010004,小田原競輪,4R,12:17,4-6,4,6,54.4,0.05002954696047998,1.7216073546501107
8120260306030012,小倉競輪,12R,20:30,4-6,4,6,167.9,0.01618690268960842,1.7177809615852535
7520260305040012,松山競輪,12R,16:20,3-6,3,6,196.9,0.01377828076315548,1.712943482265314
2220260307020003,前橋競輪,3R,16:46,4-6,4,6,94.0,0.0288349849950982,1.7104885895392306
2220260307020008,前橋競輪,8R,18:54,6-7,6,7,99.0,0.027196541230944112,1.6924575818634673
3620260308010004,小田原競輪,4R,12:17,1-7,1,7,37.8,0.07110179108374223,1.6876477029654562
2820260307020006,立川競輪,6R,10:34,2-5,2,5,64.4,0.041629557183538626,1.6809434826198877
2220260307020004,前橋競輪,4R,17:10,3-6,3,6,76.5,0.03493394370235728,1.6724466932303317
2220260307020010,前橋競輪,10R,19:48,3-6,3,6,76.0,0.03516294216788973,1.6723836047596197
3620260308010004,小田原競輪,4R,12:17,1-2,1,2,93.9,0.028358429644175544,1.6628565435880835
7520260305040006,松山競輪,6R,13:22,2-6,2,6,127.8,0.020834942620850755,1.6627056669447264
8320260307020003,久留米競輪,3R,21:20,4-5,4,5,39.3,0.06767888815082808,1.6597803043275432
2220260307020001,前橋競輪,1R,16:06,4-6,4,6,230.3,0.011530673711935426,1.6555141558587287
7520260305040010,松山競輪,10R,15:12,3-9,3,9,85.1,0.031164171090697457,1.6520709598183534
7520260305040006,松山競輪,6R,13:22,4-7,4,7,149.5,0.017733389081474607,1.6511416676804536
7520260305040001,松山競輪,1R,11:16,2-3,2,3,37.5,0.07067922367710236,1.6504708878913386
2220260307020003,前橋競輪,3R,16:46,5-7,5,7,52.5,0.050472439387148856,1.649803067825315
8320260307020009,久留米競輪,9R,23:20,1-7,1,7,42.0,0.06305380323970533,1.648259736067624
7520260305040002,松山競輪,2R,11:40,4-6,4,6,325.0,0.008148263147166194,1.6481855228290128
2220260307020004,前橋競輪,4R,17:10,4-7,4,7,65.3,0.040536324099035306,1.6470219636670054
3620260308010007,小田原競輪,7R,13:35,1-6,1,6,136.2,0.019417572735156114,1.6446734065282627
8320260307020003,久留米競輪,3R,21:20,2-5,2,5,78.7,0.03351059538631352,1.637283856902874
7520260305040008,松山競輪,8R,14:16,6-8,6,8,249.1,0.010543290867259086,1.626333755034238
3620260308010006,小田原競輪,6R,13:09,3-7,3,7,38.9,0.06739634329273399,1.621717754087352
2820260307020004,立川競輪,4R,09:52,3-6,3,6,88.0,0.029673994472074278,1.6113115135425362
8120260306030001,小倉競輪,1R,15:54,3-6,3,6,136.2,0.019171305923156724,1.6111318667339458
8120260306030008,小倉競輪,8R,18:41,6-7,6,7,44.4,0.058746640852120155,1.6083508538341347
8120260306030005,小倉競輪,5R,17:23,5-6,5,6,77.3,0.03373886091548705,1.608013948767149
2820260307020004,立川競輪,4R,09:52,1-7,1,7,56.3,0.04630481988866483,1.6069613597318302
7520260305040003,松山競輪,3R,12:04,5-6,5,6,277.9,0.009348037467370285,1.5978196121822021
4320260307020003,岐阜競輪,3R,21:30,1-4,1,4,42.0,0.061485971799915794,1.5824108155964631
2220260307020009,前橋競輪,9R,19:20,4-7,4,7,63.7,0.04050078671008054,1.5799001134321307
8120260306030012,小倉競輪,12R,20:30,4-5,4,5,95.9,0.02687233169360946,1.5770566094171476
8320260307020004,久留米競輪,4R,21:40,1-6,1,6,34.5,0.07467980751869153,1.5764533593948578
7520260305040003,松山競輪,3R,12:04,2-8,2,8,161.1,0.015952912668755544,1.570014230936518
7520260305040003,松山競輪,3R,12:04,6-9,6,9,51.2,0.05014167266016155,1.5672536402002715
3620260308010008,小田原競輪,8R,14:02,1-3,1,3,40.2,0.06382330058200222,1.5656966833964896
8120260306030010,小倉競輪,10R,19:34,3-6,3,6,80.0,0.032050939771087375,1.5640751816869898
7520260305040009,松山競輪,9R,14:44,4-5,4,5,104.3,0.024540809798442136,1.5596064619775145
3620260308010005,小田原競輪,5R,12:43,4-6,4,6,131.5,0.01937737308702969,1.5481245609444039
2820260307020006,立川競輪,6R,10:34,2-4,2,4,60.4,0.04214565587409476,1.5455976147953234
7520260305040007,松山競輪,7R,13:48,7-8,7,8,216.1,0.011778907224414183,1.545421851195905
7520260305040010,松山競輪,10R,15:12,6-7,6,7,147.9,0.01711733861608175,1.531654381318491
8120260306030012,小倉競輪,12R,20:30,6-7,6,7,149.2,0.01693094403895416,1.5260968506119603
8120260306030002,小倉競輪,2R,16:14,1-3,1,3,135.9,0.018582237451902735,1.5253260697135818
7520260305040010,松山競輪,10R,15:12,4-8,4,8,243.9,0.010267293126152665,1.504192793468635
7520260305040003,松山競輪,3R,12:04,4-6,4,6,156.5,0.015994351573615916,1.5031160212708907
7520260305040012,松山競輪,12R,16:20,4-5,4,5,142.8,0.017498926012740047,1.4988466346192788
3620260308010011,小田原競輪,11R,15:28,1-6,1,6,145.9,0.01711890866999835,1.4976487749527596
4320260307020001,岐阜競輪,1R,20:50,2-6,2,6,51.7,0.048099357208736204,1.4867367676916619
7520260305040007,松山競輪,7R,13:48,2-8,2,8,140.0,0.017717727208386373,1.4804818091740923
3620260308010006,小田原競輪,6R,13:09,1-3,1,3,31.7,0.07820874666667503,1.4792172693335983
4320260307020001,岐阜競輪,1R,20:50,5-6,5,6,51.7,0.0478892475618804,1.475874098949217
7520260305040012,松山競輪,12R,16:20,2-4,2,4,224.2,0.011041934503714285,1.4756017157327426
3620260308010003,小田原競輪,3R,11:52,1-2,1,2,43.9,0.056368677993734906,1.4745849639249622
7520260305040003,松山競輪,3R,12:04,7-8,7,8,156.5,0.015790662804074977,1.4712387288377338
3620260308010007,小田原競輪,7R,13:35,1-7,1,7,44.0,0.05600501081889774,1.4642204760315005
3620260308010008,小田原競輪,8R,14:02,2-4,2,4,35.2,0.06989854732482283,1.4604288658337636
8120260306030002,小倉競輪,2R,16:14,4-5,4,5,31.6,0.0777372019395162,1.4564955812887121
8120260306030002,小倉競輪,2R,16:14,3-6,3,6,155.3,0.015811414988151078,1.4555127476598626
2820260307020001,立川競輪,1R,08:50,1-7,1,7,98.4,0.024876629399470804,1.4478603329079274
2220260307020009,前橋競輪,9R,19:20,4-6,4,6,95.6,0.025602963476400727,1.4476433083439093
8320260307020004,久留米競輪,4R,21:40,1-2,1,2,17.2,0.14215397044640876,1.4450482916782308
3620260308010008,小田原競輪,8R,14:02,2-3,2,3,30.6,0.07967684772356634,1.4381115403411302
2220260307020004,前橋競輪,4R,17:10,3-4,3,4,44.8,0.05441257583766264,1.437683397527286
2220260307020004,前橋競輪,4R,17:10,5-7,5,7,68.2,0.03550974693486765,1.4217647409579737
7520260305040002,松山競輪,2R,11:40,1-7,1,7,134.7,0.01797079480108685,1.4206660597063987
7520260305040007,松山競輪,7R,13:48,2-7,2,7,124.5,0.019423542129756565,1.4182309951546923
8320260307020006,久留米競輪,6R,22:20,1-4,1,4,29.2,0.08255884998380915,1.4107184195272269
3620260308010001,小田原競輪,1R,11:05,1-2,1,2,31.9,0.07540588419563678,1.405447705840813
2820260307020005,立川競輪,5R,10:13,5-6,5,6,64.6,0.037227796807367666,1.404915673755951
3620260308010009,小田原競輪,9R,14:30,4-5,4,5,35.4,0.06790847150839902,1.4039598913973252
8320260307020003,久留米競輪,3R,21:20,1-3,1,3,39.3,0.061057541867014606,1.3995613953736736
7520260305040003,松山競輪,3R,12:04,3-6,3,6,231.6,0.010357488134841785,1.3987942520293575
2820260307020007,立川競輪,7R,10:55,2-3,2,3,75.3,0.03182973856321644,1.3967793138101978
2220260307020005,前橋競輪,5R,17:36,3-5,3,5,50.0,0.04778076307340406,1.389038153670203
3620260308010007,小田原競輪,7R,13:35,1-2,1,2,74.2,0.03215244460713776,1.3857113898496216
2820260307020004,立川競輪,4R,09:52,2-3,2,3,110.9,0.021485957264879063,1.3827926606750882
2820260307020004,立川競輪,4R,09:52,5-6,5,6,37.1,0.06417878713410234,1.381033002675197
3620260308010010,小田原競輪,10R,14:58,6-7,6,7,72.3,0.03292279437307602,1.380318033173396
3620260308010003,小田原競輪,3R,11:52,2-7,2,7,115.6,0.020532560450908805,1.3735639881250576
2220260307020011,前橋競輪,11R,20:16,4-7,4,7,46.5,0.05102521178716099,1.372672348102986
7520260305040003,松山競輪,3R,12:04,1-5,1,5,154.4,0.015348639229756888,1.3698298970744638
3620260308010010,小田原競輪,10R,14:58,4-5,4,5,70.5,0.03343978434541337,1.357504796351643
2220260307020003,前橋競輪,3R,16:46,2-4,2,4,31.3,0.0752317205929737,1.3547528545600769
7520260305040006,松山競輪,6R,13:22,4-6,4,6,393.5,0.0059674691651595965,1.348199116490301
7520260305040007,松山競輪,7R,13:48,2-4,2,4,140.0,0.016756133986974973,1.3458587581764965
2820260307020007,立川競輪,7R,10:55,2-5,2,5,147.5,0.015888056220193333,1.3434882924785168
2820260307020003,立川競輪,3R,09:31,2-4,2,4,126.0,0.01857482731826867,1.3404282421018525
8120260306030004,小倉競輪,4R,16:58,4-5,4,5,83.6,0.02797984556721072,1.339115089418816
2820260307020006,立川競輪,6R,10:34,3-4,3,4,72.3,0.032314684782303316,1.3363517097605295
2820260307020006,立川競輪,6R,10:34,1-6,1,6,63.7,0.036585038038516246,1.3304669230534851
8120260306030001,小倉競輪,1R,15:54,1-5,1,5,193.8,0.012000888135944186,1.3257721207459832
4320260307020001,岐阜競輪,1R,20:50,4-6,4,6,25.8,0.09005934295209961,1.32353104816417
3620260308010007,小田原競輪,7R,13:35,3-5,3,5,74.2,0.031271046794272554,1.3203116721350234
7520260305040004,松山競輪,4R,12:30,8-9,8,9,73.9,0.03139379232988583,1.320001253178563
2820260307020003,立川競輪,3R,09:31,2-5,2,5,55.8,0.0415729374650994,1.3197699105525462
3620260308010003,小田原競輪,3R,11:52,2-6,2,6,212.8,0.010887137722280194,1.3167829073012252
8120260306030005,小倉競輪,5R,17:23,3-5,3,5,25.7,0.09012645116639373,1.3162497949763186
7520260305040012,松山競輪,12R,16:20,1-6,1,6,150.6,0.015342287126041652,1.3105484411818726
8120260306030004,小倉競輪,4R,16:58,2-5,2,5,88.8,0.02577698724201007,1.2889964670904943
4320260307020007,岐阜競輪,7R,22:50,2-4,2,4,52.5,0.04357588791644633,1.287734115613432
2220260307020002,前橋競輪,2R,16:26,2-4,2,4,65.8,0.0347639534202841,1.2874681350546937
7520260305040002,松山競輪,2R,11:40,6-8,6,8,216.7,0.010514155267893635,1.2784174465525506
7520260305040001,松山競輪,1R,11:16,2-4,2,4,34.1,0.06673036414411133,1.2755054173141964
8120260306030004,小倉競輪,4R,16:58,1-5,1,5,51.8,0.04391302114945128,1.2746944955415764
8320260307020004,久留米競輪,4R,21:40,2-5,2,5,34.5,0.06582076031695958,1.2708162309351052
7520260305040009,松山競輪,9R,14:44,3-5,3,5,50.6,0.04484210321113132,1.269010422483245
3620260308010005,小田原競輪,5R,12:43,4-7,4,7,207.4,0.010933947322360572,1.2677006746575827
2220260307020011,前橋競輪,11R,20:16,5-7,5,7,46.5,0.048572037110327725,1.2585997256302393
8120260306030012,小倉競輪,12R,20:30,5-7,5,7,89.5,0.025202470800797162,1.255621136671346
3620260308010004,小田原競輪,4R,12:17,3-5,3,5,73.6,0.030635451443764894,1.254769226261096
8120260306030003,小倉競輪,3R,16:35,4-5,4,5,60.0,0.03755379587586657,1.253227752551994
7520260305040011,松山競輪,11R,15:44,4-8,4,8,244.7,0.009201876899553787,1.2516992773208115
2820260307020006,立川競輪,6R,10:34,1-3,1,3,58.6,0.038335041756694874,1.2464334469423197
7520260305040001,松山競輪,1R,11:16,3-5,3,5,106.5,0.021049595438284253,1.241781914177273
7520260305040007,松山競輪,7R,13:48,4-5,4,5,60.2,0.03722207032521711,1.24076863357807
7520260305040010,松山競輪,10R,15:12,1-3,1,3,75.8,0.029378165155733667,1.226864918804612
7520260305040010,松山競輪,10R,15:12,2-5,2,5,52.6,0.04231334102860876,1.2256817381048206
7520260305040009,松山競輪,9R,14:44,1-9,1,9,92.6,0.024022172571214126,1.2244531800944278
7520260305040002,松山競輪,2R,11:40,5-8,5,8,48.6,0.04570313926035005,1.2211725680530123
8120260306030011,小倉競輪,11R,20:02,1-4,1,4,32.7,0.06772488974176946,1.2146038945558617
7520260305040001,松山競輪,1R,11:16,3-8,3,8,111.7,0.019822012541552747,1.214118800891442
8120260306030004,小倉競輪,4R,16:58,1-2,1,2,39.0,0.05656334785516355,1.2059705663513784
8120260306030012,小倉競輪,12R,20:30,4-7,4,7,111.9,0.019682815567414556,1.202507061993689
2220260307020011,前橋競輪,11R,20:16,2-6,2,6,29.0,0.07587373303153026,1.2003382579143778
8120260306030012,小倉競輪,12R,20:30,3-6,3,6,107.4,0.020476877626924628,1.1992166571317053
7520260305040012,松山競輪,12R,16:20,2-8,2,8,137.0,0.016051303961595997,1.1990286427386514
2820260307020005,立川競輪,5R,10:13,3-4,3,4,36.7,0.059830242588879805,1.1957699030118891
8120260306030001,小倉競輪,1R,15:54,3-7,3,7,148.2,0.014784821530003048,1.1911105507464517
8120260306030001,小倉競輪,1R,15:54,2-3,2,3,40.9,0.053571119867918654,1.191058802597873
7520260305040006,松山競輪,6R,13:22,3-5,3,5,42.9,0.0509577158843567,1.1860860114389022
3620260308010009,小田原競輪,9R,14:30,1-4,1,4,87.5,0.024980923609296768,1.1858308158134672
7520260305040009,松山競輪,9R,14:44,5-9,5,9,95.4,0.02289322509737352,1.1840136742894338
7520260305040003,松山競輪,3R,12:04,3-9,3,9,48.1,0.04535078718704053,1.1813728636966498
2220260307020002,前橋競輪,2R,16:26,3-4,3,4,92.2,0.02356864444693417,1.1730290180073304
7520260305040009,松山競輪,9R,14:44,1-7,1,7,56.3,0.038583160913458134,1.1722319594276929
7520260305040011,松山競輪,11R,15:44,1-2,1,2,89.9,0.024136215911697838,1.1698458104616356
3620260308010010,小田原競輪,10R,14:58,2-5,2,5,35.7,0.060769763035223356,1.169480540357474
7520260305040006,松山競輪,6R,13:22,7-9,7,9,101.0,0.02147195722424246,1.1686676796484887
7520260305040002,松山競輪,2R,11:40,1-8,1,8,110.5,0.01962543122594879,1.1686101504673414
3620260308010006,小田原競輪,6R,13:09,1-4,1,4,34.7,0.06239915950744965,1.1652508349085031
8320260307020003,久留米競輪,3R,21:20,3-4,3,4,39.3,0.055087845548152825,1.1649523300424058
7520260305040005,松山競輪,5R,12:56,4-6,4,6,160.5,0.01348163808412875,1.1638029125026645
7520260305040006,松山競輪,6R,13:22,4-9,4,9,311.5,0.006943690619560302,1.1629596279930343
3620260308010012,小田原競輪,12R,16:02,2-3,2,3,57.8,0.03741148999456996,1.1623841216861437
3620260308010012,小田原競輪,12R,16:02,2-4,2,4,118.4,0.01821557374139108,1.156723930980704
7520260305040010,松山競輪,10R,15:12,1-5,1,5,64.2,0.033537434820018724,1.1531033154452022
4320260307020009,岐阜競輪,9R,23:30,1-6,1,6,48.7,0.04420898233606537,1.1529774397663837
2820260307020001,立川競輪,1R,08:50,6-7,6,7,247.8,0.008684871503785666,1.152111158638088
7520260305040007,松山競輪,7R,13:48,1-7,1,7,60.9,0.035333645523990945,1.1518190124110483
7520260305040001,松山競輪,1R,11:16,6-7,6,7,148.0,0.014529922871235714,1.150428584942886
8320260307020004,久留米競輪,4R,21:40,1-3,1,3,17.2,0.12457504646413162,1.1426907991830637
2820260307020007,立川競輪,7R,10:55,1-6,1,6,23.5,0.09094440408353058,1.1371934959629684
7520260305040004,松山競輪,4R,12:30,2-7,2,7,82.0,0.02585657520214559,1.1202391665759386
2820260307020003,立川競輪,3R,09:31,2-7,2,7,37.9,0.0559126638747594,1.119089960853381
3620260308010002,小田原競輪,2R,11:28,2-6,2,6,122.4,0.01727493497540174,1.1144520409891734
7520260305040004,松山競輪,4R,12:30,4-8,4,8,276.8,0.00762415709163222,1.1103666829637988
7520260305040004,松山競輪,4R,12:30,1-2,1,2,66.1,0.03186743111371208,1.1064371966163686
7520260305040008,松山競輪,8R,14:16,3-7,3,7,63.7,0.03294402756188967,1.098534555692372
7520260305040010,松山競輪,10R,15:12,6-8,6,8,250.7,0.008351413643392399,1.0936994003984744
7520260305040004,松山競輪,4R,12:30,3-6,3,6,127.9,0.01629939664796934,1.0846928312752784
7520260305040003,松山競輪,3R,12:04,5-8,5,8,411.7,0.0050234917539366195,1.0681715550957063
2820260307020006,立川競輪,6R,10:34,1-2,1,2,42.4,0.04845235605915624,1.0543798969082245
2220260307020001,前橋競輪,1R,16:06,5-6,5,6,188.4,0.010893351261888074,1.0523073777397132
7520260305040003,松山競輪,3R,12:04,4-5,4,5,188.4,0.010883138927356062,1.0503833739138821
3620260308010009,小田原競輪,9R,14:30,1-7,1,7,47.3,0.04328395098595274,1.0473308816355642
3620260308010008,小田原競輪,8R,14:02,1-4,1,4,36.4,0.05607519188145029,1.0411369844847904
2220260307020001,前橋競輪,1R,16:06,4-5,4,5,45.0,0.045303763578205376,1.0386693610192421
2820260307020004,立川競輪,4R,09:52,1-5,1,5,30.5,0.06674384493449369,1.0356872705020574
2820260307020001,立川競輪,1R,08:50,3-7,3,7,43.2,0.04699073260125316,1.0299996483741367
2820260307020004,立川競輪,4R,09:52,2-6,2,6,47.5,0.042614460719686074,1.0241868841850885
8120260306030003,小倉競輪,3R,16:35,4-7,4,7,50.2,0.04025138071979037,1.0206193121334768
2220260307020005,前橋競輪,5R,17:36,2-7,2,7,38.2,0.05289047289616535,1.0204160646335168
2820260307020003,立川競輪,3R,09:31,2-3,2,3,61.6,0.03265503206738489,1.0115499753509094
2820260307020001,立川競輪,1R,08:50,2-3,2,3,26.1,0.07696660616081229,1.008828420797201
8120260306030003,小倉競輪,3R,16:35,3-6,3,6,92.4,0.021729689715426624,1.00782332970542
7520260305040003,松山競輪,3R,12:04,8-9,8,9,71.2,0.028181161791144903,1.006498719529517
3620260308010001,小田原競輪,1R,11:05,3-4,3,4,99.8,0.020094172537628515,1.0053984192553256
7520260305040011,松山競輪,11R,15:44,6-9,6,9,224.8,0.008913384559792811,1.003728849041424
7520260305040003,松山競輪,3R,12:04,4-8,4,8,231.6,0.008635611395001562,1.0000075990823616
3620260308010010,小田原競輪,10R,14:58,3-6,3,6,69.6,0.028640300356360615,0.9933649048026987
3620260308010002,小田原競輪,2R,11:28,1-6,1,6,31.7,0.06284727650179364,0.9922586651068583
7520260305040003,松山競輪,3R,12:04,1-3,1,3,113.4,0.017567905664337052,0.9922005023358218
8120260306030005,小倉競輪,5R,17:23,3-6,3,6,38.6,0.05153163898309259,0.9891212647473742
7520260305040005,松山競輪,5R,12:56,1-9,1,9,98.9,0.020002280836401348,0.9782255747200934
8120260306030010,小倉競輪,10R,19:34,1-3,1,3,26.6,0.07429202655167472,0.9761679062745476
7520260305040005,松山競輪,5R,12:56,3-9,3,9,39.7,0.049741995592231435,0.9747572250115881
7520260305040004,松山競輪,4R,12:30,1-4,1,4,82.0,0.02402050697297218,0.9696815717837186
2220260307020004,前橋競輪,4R,17:10,1-2,1,2,28.7,0.06859608300423178,0.9687075822214521
2820260307020005,立川競輪,5R,10:13,1-5,1,5,33.5,0.058733449382359595,0.9675705543090465
2220260307020011,前橋競輪,11R,20:16,5-6,5,6,77.5,0.025309898479361603,0.9615171321505243
8120260306030012,小倉競輪,12R,20:30,5-6,5,6,89.5,0.021817418597395354,0.9526589644668841
4320260307020001,岐阜競輪,1R,20:50,3-6,3,6,51.7,0.037708971909217855,0.9495538477065633
8320260307020003,久留米競輪,3R,21:20,1-5,1,5,26.2,0.07436042879750471,0.9482432344946232
2220260307020005,前橋競輪,5R,17:36,2-4,2,4,46.4,0.04196457024973506,0.9471560595877067
2220260307020004,前橋競輪,4R,17:10,3-7,3,7,41.2,0.047031130542915675,0.937682578368126
7520260305040003,松山競輪,3R,12:04,6-7,6,7,68.2,0.028409296351917135,0.9375140112007487
3620260308010009,小田原競輪,9R,14:30,2-6,2,6,134.4,0.014404697025802209,0.935991280267817
3620260308010001,小田原競輪,1R,11:05,1-6,1,6,20.7,0.09330194129087951,0.9313501847212058
4320260307020001,岐阜競輪,1R,20:50,1-2,1,2,25.8,0.07481817718730324,0.9303089714324237
3620260308010002,小田原競輪,2R,11:28,5-6,5,6,46.1,0.04161910424584894,0.9186407057336363
7520260305040009,松山競輪,9R,14:44,1-6,1,6,151.9,0.012625370264608353,0.9177937431940089
8120260306030010,小倉競輪,10R,19:34,1-5,1,5,31.3,0.06092354257656139,0.9069068826463715
8120260306030007,小倉競輪,7R,18:15,5-6,5,6,17.2,0.1107476992416194,0.9048604269558536
2820260307020006,立川競輪,6R,10:34,6-7,6,7,31.8,0.05979874406924317,0.9016000614019328
3620260308010003,小田原競輪,3R,11:52,5-7,5,7,100.3,0.018944391897199923,0.9001225072891523
7520260305040002,松山競輪,2R,11:40,4-8,4,8,235.1,0.008080225445705443,0.8996610022853495
2820260307020002,立川競輪,2R,09:10,2-4,2,4,35.8,0.05303789902662755,0.8987567851532661
7520260305040004,松山競輪,4R,12:30,4-5,4,5,198.3,0.009505763212816615,0.884992845101535
4320260307020007,岐阜競輪,7R,22:50,1-4,1,4,31.5,0.05981678680214751,0.8842287842676466
7520260305040003,松山競輪,3R,12:04,5-7,5,7,89.6,0.02102419395455427,0.8837677783280624
7520260305040009,松山競輪,9R,14:44,1-2,1,2,37.4,0.05027607394016248,0.8803251653620767
2220260307020006,前橋競輪,6R,18:02,2-7,2,7,97.1,0.019340728129343773,0.8779847013592803
7520260305040010,松山競輪,10R,15:12,5-9,5,9,53.7,0.03481535084936905,0.8695843406111181
3620260308010005,小田原競輪,5R,12:43,2-7,2,7,70.0,0.026683345670218912,0.8678341969153238
7520260305040004,松山競輪,4R,12:30,2-9,2,9,31.8,0.05867386375096801,0.8658288672807828
3620260308010001,小田原競輪,1R,11:05,1-4,1,4,36.4,0.05125116552947265,0.8655424252728043
3620260308010010,小田原競輪,10R,14:58,1-2,1,2,23.0,0.08103979821097526,0.8639153588524311
8120260306030009,小倉競輪,9R,19:07,1-6,1,6,39.9,0.04662807640378486,0.8604602485110158
2820260307020002,立川競輪,2R,09:10,3-6,3,6,36.9,0.050391784921268556,0.8594568635948097
7520260305040012,松山競輪,12R,16:20,4-6,4,6,284.1,0.006524426442186052,0.8535895522250576
4320260307020007,岐阜競輪,7R,22:50,3-4,3,4,52.5,0.035298891447111624,0.8531918009733603
3620260308010011,小田原競輪,11R,15:28,6-7,6,7,23.7,0.07802369191615048,0.8491614984127664
3620260308010001,小田原競輪,1R,11:05,4-5,4,5,74.4,0.024836053871258507,0.8478024080216331
7520260305040005,松山競輪,5R,12:56,4-9,4,9,223.1,0.008282234852720286,0.8477665956418958
7520260305040004,松山競輪,4R,12:30,6-8,6,8,457.7,0.004034649621718209,0.8466591318604244
2820260307020003,立川競輪,3R,09:31,2-6,2,6,237.6,0.007769560927869954,0.8460476764619009
2220260307020003,前橋競輪,3R,16:46,1-4,1,4,34.2,0.0538834420672314,0.8428137186993139
2220260307020006,前橋競輪,6R,18:02,4-5,4,5,30.1,0.060890143881793396,0.8327933308419813
7520260305040002,松山競輪,2R,11:40,3-4,3,4,257.0,0.007129523212067658,0.8322874655013881
2820260307020001,立川競輪,1R,08:50,1-4,1,4,108.8,0.016828862137353254,0.8309802005440339
3620260308010002,小田原競輪,2R,11:28,3-6,3,6,28.6,0.06387844165250775,0.8269234312617217
7520260305040004,松山競輪,4R,12:30,3-5,3,5,46.1,0.03961222698492023,0.8261236640048226
8120260306030004,小倉競輪,4R,16:58,2-3,2,3,43.8,0.04164070486764112,0.8238628732026809
2220260307020011,前橋競輪,11R,20:16,3-7,3,7,33.2,0.05469232779988029,0.8157852829560259
2820260307020003,立川競輪,3R,09:31,3-6,3,6,180.8,0.010023437895355591,0.812237571480291
7520260305040001,松山競輪,1R,11:16,1-4,1,4,142.5,0.012708312427223948,0.8109345208794125
2820260307020003,立川競輪,3R,09:31,3-4,3,4,53.6,0.033763871566474334,0.8097435159630244
7520260305040004,松山競輪,4R,12:30,5-6,5,6,350.0,0.0051589060061942365,0.8056171021679828
7520260305040010,松山競輪,10R,15:12,3-6,3,6,125.3,0.014396257104580536,0.8038510152039411
3620260308010004,小田原競輪,4R,12:17,2-3,2,3,116.4,0.015480820258190784,0.8019674780534074
8320260307020006,久留米競輪,6R,22:20,2-4,2,4,29.2,0.06170085706997763,0.8016650264433469
8120260306030002,小倉競輪,2R,16:14,2-3,2,3,31.0,0.05803933485393613,0.79921938047202
7520260305040001,松山競輪,1R,11:16,3-7,3,7,69.5,0.02584502541532864,0.7962292663653405
3620260308010001,小田原競輪,1R,11:05,5-7,5,7,37.2,0.04813990296738926,0.7908043903868804
3620260308010005,小田原競輪,5R,12:43,1-6,1,6,37.4,0.047699038301640864,0.7839440324813682
2820260307020006,立川競輪,6R,10:34,2-7,2,7,24.5,0.07277782176167778,0.7830566331611057
2220260307020001,前橋競輪,1R,16:06,1-5,1,5,28.3,0.0628422564104022,0.7784358564143823
7520260305040009,松山競輪,9R,14:44,3-4,3,4,45.0,0.03946716343414638,0.776022354536587
4320260307020009,岐阜競輪,9R,23:30,4-5,4,5,48.7,0.03646609570840362,0.7758988609992563
7520260305040004,松山競輪,4R,12:30,1-3,1,3,31.9,0.055599868204592506,0.7736357957265008
2820260307020005,立川競輪,5R,10:13,3-7,3,7,49.0,0.03619658715496233,0.7736327705931543
7520260305040001,松山競輪,1R,11:16,4-7,4,7,73.0,0.024252169195577898,0.7704083512771867
7520260305040010,松山競輪,10R,15:12,1-4,1,4,56.2,0.03145067443382224,0.76752790318081
8120260306030010,小倉競輪,10R,19:34,5-7,5,7,28.8,0.06137019377737337,0.7674615807883531
2220260307020007,前橋競輪,7R,18:28,5-6,5,6,27.1,0.06514360995023394,0.7653918296513398
2220260307020001,前橋競輪,1R,16:06,2-4,2,4,76.7,0.022997740239919462,0.7639266764018229
7520260305040002,松山競輪,2R,11:40,1-3,1,3,97.8,0.017968657132245457,0.7573346675336057
7520260305040002,松山競輪,2R,11:40,3-8,3,8,178.2,0.009848085807442617,0.7549288908862744
8120260306030010,小倉競輪,10R,19:34,3-4,3,4,72.0,0.02437112958090171,0.7547213298249231
2220260307020002,前橋競輪,2R,16:26,2-5,2,5,42.6,0.04118825167465509,0.7546195213403069
2220260307020008,前橋競輪,8R,18:54,2-7,2,7,49.5,0.03539988470706909,0.7522942929999199
2220260307020005,前橋競輪,5R,17:36,4-6,4,6,30.9,0.056681136015622816,0.751447102882745
3620260308010006,小田原競輪,6R,13:09,4-7,4,7,35.5,0.04932662552083221,0.7510952059895435
2220260307020006,前橋競輪,6R,18:02,6-7,6,7,33.6,0.05191355402429697,0.7442954152163781
8120260306030010,小倉競輪,10R,19:34,2-3,2,3,48.0,0.03627231492697024,0.7410711164945714
7520260305040008,松山競輪,8R,14:16,3-8,3,8,98.7,0.017502403624233973,0.7274872377118933
8120260306030005,小倉競輪,5R,17:23,4-6,4,6,35.4,0.04877287275968316,0.7265596956927838
2820260307020002,立川競輪,2R,09:10,2-7,2,7,39.6,0.04348995300596858,0.7222021390363558
2220260307020009,前橋競輪,9R,19:20,1-5,1,5,31.8,0.054138551242629354,0.7216059295156134
3620260308010007,小田原競輪,7R,13:35,2-3,2,3,46.1,0.037279407212885037,0.7185806725140003
7520260305040004,松山競輪,4R,12:30,6-9,6,9,100.0,0.017154112353191957,0.7154112353191957
3620260308010008,小田原競輪,8R,14:02,4-7,4,7,31.6,0.05427866583167993,0.7152058402810859
8120260306030011,小倉競輪,11R,20:02,1-5,1,5,29.6,0.057645815388153936,0.7063161354893566
8120260306030012,小倉競輪,12R,20:30,3-7,3,7,72.6,0.023492879109006153,0.7055830233138465
8320260307020004,久留米競輪,4R,21:40,1-4,1,4,17.2,0.09914477644790659,0.7052901549039934
7520260305040001,松山競輪,1R,11:16,1-3,1,3,114.0,0.014936952121402823,0.7028125418399218
4320260307020009,岐阜競輪,9R,23:30,3-4,3,4,48.7,0.03496092413695097,0.7025970054695123
8120260306030003,小倉競輪,3R,16:35,5-7,5,7,58.5,0.02901767290052694,0.697533864680826
3620260308010004,小田原競輪,4R,12:17,3-6,3,6,123.8,0.013709185158327397,0.6971971226009317
8120260306030001,小倉競輪,1R,15:54,1-6,1,6,28.9,0.058634678502863524,0.6945422087327557
3620260308010005,小田原競輪,5R,12:43,4-5,4,5,20.5,0.08258945973745417,0.6930839246178104
7520260305040005,松山競輪,5R,12:56,5-7,5,7,64.2,0.026370616376708914,0.6929935713847124
4320260307020009,岐阜競輪,9R,23:30,2-6,2,6,48.7,0.03473848553618802,0.6917642456123565
7520260305040006,松山競輪,6R,13:22,5-6,5,6,226.5,0.007452452383749422,0.687980464919244
8120260306030003,小倉競輪,3R,16:35,3-5,3,5,53.1,0.03178599388321878,0.6878362751989173
2220260307020003,前橋競輪,3R,16:46,3-4,3,4,30.5,0.055326724915779224,0.6874651099312663
7520260305040007,松山競輪,7R,13:48,1-8,1,8,56.9,0.02959313589482941,0.6838494324157935
8120260306030005,小倉競輪,5R,17:23,4-5,4,5,19.7,0.08488890237019756,0.6723113766928919
8120260306030009,小倉競輪,9R,19:07,4-6,4,6,59.9,0.0278769963545518,0.6698320816376526
7520260305040011,松山競輪,11R,15:44,1-3,1,3,30.4,0.054928630656857644,0.6698303719684724
8120260306030005,小倉競輪,5R,17:23,2-5,2,5,28.3,0.058889038787210794,0.6665597976780655
7520260305040002,松山競輪,2R,11:40,5-7,5,7,37.3,0.04445725186033166,0.6582554943903709
7520260305040010,松山競輪,10R,15:12,4-7,4,7,89.3,0.018542171299457344,0.6558158970415409
3620260308010006,小田原競輪,6R,13:09,4-6,4,6,50.3,0.032841543799619934,0.6519296531208825
2220260307020001,前橋競輪,1R,16:06,1-2,1,2,48.2,0.03421656155055991,0.6492382667369878
2820260307020002,立川競輪,2R,09:10,1-7,1,7,29.8,0.05517167557767513,0.644115932214719
3620260308010007,小田原競輪,7R,13:35,3-4,3,4,33.0,0.049754826638155156,0.6419092790591201
2820260307020007,立川競輪,7R,10:55,1-7,1,7,34.7,0.04730436553943217,0.6414614842182964
8120260306030012,小倉競輪,12R,20:30,1-3,1,3,25.3,0.06474608596364148,0.6380759748801295
8320260307020006,久留米競輪,6R,22:20,1-7,1,7,29.2,0.05583442293206499,0.6303651496162976
2820260307020007,立川競輪,7R,10:55,3-5,3,5,47.2,0.03441443997265421,0.624361566709279
8320260307020003,久留米競輪,3R,21:20,2-4,2,4,26.2,0.061924320581435925,0.6224171992336212
2820260307020005,立川競輪,5R,10:13,1-2,1,2,36.4,0.04457073258179356,0.6223746659772855
7520260305040012,松山競輪,12R,16:20,5-7,5,7,27.5,0.05888935671512275,0.6194573096658755
7520260305040006,松山競輪,6R,13:22,8-9,8,9,98.3,0.016421016231386296,0.6141858955452728
3620260308010009,小田原競輪,9R,14:30,1-3,1,3,24.3,0.06633054347203664,0.6118322063704904
3620260308010011,小田原競輪,11R,15:28,2-5,2,5,41.4,0.03883675622798443,0.6078417078385554
2220260307020005,前橋競輪,5R,17:36,4-7,4,7,30.9,0.051736166974974726,0.5986475595267189
8320260307020001,久留米競輪,1R,20:40,2-7,2,7,29.7,0.053815650337289134,0.5983248150174871
2220260307020008,前橋競輪,8R,18:54,3-5,3,5,39.6,0.04034316858138571,0.5975894758228741
7520260305040012,松山競輪,12R,16:20,3-5,3,5,83.4,0.019155048813453354,0.5975310710420099
8120260306030011,小倉競輪,11R,20:02,2-5,2,5,46.1,0.03461453961429818,0.5957302762191463
3620260308010010,小田原競輪,10R,14:58,3-7,3,7,39.1,0.040704231417888856,0.5915354484394544
2820260307020003,立川競輪,3R,09:31,1-6,1,6,87.5,0.01818841198963818,0.5914860490933407
3620260308010002,小田原競輪,2R,11:28,5-7,5,7,36.5,0.043447016860177864,0.585816115396492
3620260308010012,小田原競輪,12R,16:02,3-7,3,7,13.7,0.11560379095727853,0.5837719361147158
2220260307020007,前橋競輪,7R,18:28,1-4,1,4,27.1,0.05839042498167708,0.5823805170034491
2220260307020011,前橋競輪,11R,20:16,1-2,1,2,33.2,0.047456311580088686,0.5755495444589445
7520260305040004,松山競輪,4R,12:30,5-8,5,8,258.7,0.006089712438373723,0.5754086078072822
2820260307020005,立川競輪,5R,10:13,3-6,3,6,68.0,0.023159881270833686,0.5748719264166906
7520260305040007,松山競輪,7R,13:48,4-7,4,7,233.3,0.006749618795706017,0.574686065038214
7520260305040009,松山競輪,9R,14:44,5-7,5,7,45.0,0.03497646408504218,0.5739408838268982
2220260307020009,前橋競輪,9R,19:20,1-3,1,3,31.8,0.04947341470515532,0.5732545876239392
2220260307020004,前橋競輪,4R,17:10,4-5,4,5,36.4,0.04321621240189528,0.5730701314289881
8120260306030001,小倉競輪,1R,15:54,1-3,1,3,42.0,0.03744452718221919,0.5726701416532061
3620260308010006,小田原競輪,6R,13:09,2-5,2,5,40.4,0.038857148960062746,0.569828817986535
7520260305040002,松山競輪,2R,11:40,4-7,4,7,230.2,0.006814925317610139,0.568795808113854
7520260305040012,松山競輪,12R,16:20,4-7,4,7,41.7,0.03756377342890445,0.5664093519853155
7520260305040011,松山競輪,11R,15:44,2-8,2,8,169.8,0.009224041647392885,0.5662422717273119
3620260308010012,小田原競輪,12R,16:02,4-6,4,6,92.6,0.016832676493407653,0.5587058432895486
7520260305040002,松山競輪,2R,11:40,2-6,2,6,97.8,0.01592609964102537,0.5575725448922813
7520260305040007,松山競輪,7R,13:48,3-7,3,7,148.4,0.010489377769761036,0.5566236610325377
7520260305040001,松山競輪,1R,11:16,3-9,3,9,49.1,0.03169536243829814,0.5562422957204387
8120260306030003,小倉競輪,3R,16:35,3-7,3,7,48.6,0.032018460448702935,0.5560971778069628
2820260307020003,立川競輪,3R,09:31,5-6,5,6,109.4,0.014204870239154116,0.5540128041634604
7520260305040003,松山競輪,3R,12:04,2-4,2,4,44.2,0.035148192724760635,0.5535501184344203
7520260305040001,松山競輪,1R,11:16,5-8,5,8,91.9,0.016901905192695858,0.5532850872087494
2220260307020009,前橋競輪,9R,19:20,2-6,2,6,38.2,0.04059534782250132,0.5507422868195506
7520260305040001,松山競輪,1R,11:16,4-9,4,9,52.7,0.029401518021616616,0.5494599997391958
2820260307020001,立川競輪,1R,08:50,3-6,3,6,175.2,0.008835939376144929,0.5480565787005913
2820260307020003,立川競輪,3R,09:31,6-7,6,7,88.5,0.017490771407041392,0.5479332695231631
4320260307020009,岐阜競輪,9R,23:30,2-5,2,5,24.3,0.06366891914303272,0.5471547351756951
4320260307020009,岐阜競輪,9R,23:30,3-5,3,5,48.7,0.03176753496513393,0.5470789528020226
4320260307020003,岐阜競輪,3R,21:30,2-3,2,3,21.0,0.07364627015554358,0.5465716732664152
3620260308010012,小田原競輪,12R,16:02,1-5,1,5,33.3,0.04641533738969823,0.5456307350769509
3620260308010008,小田原競輪,8R,14:02,1-5,1,5,73.6,0.02096405122249065,0.5429541699753115
7520260305040004,松山競輪,4R,12:30,4-7,4,7,88.8,0.017373648894303095,0.5427800218141148
7520260305040003,松山競輪,3R,12:04,6-8,6,8,209.7,0.007348448841495554,0.5409697220616176
7520260305040004,松山競輪,4R,12:30,4-9,4,9,31.9,0.04813811298047563,0.5356058040771725
7520260305040004,松山競輪,4R,12:30,1-6,1,6,163.0,0.009378603518486229,0.5287123735132553
7520260305040005,松山競輪,5R,12:56,5-6,5,6,76.9,0.019877461670698288,0.5285768024766984
8120260306030004,小倉競輪,4R,16:58,1-4,1,4,25.4,0.0601302810778163,0.5273091393765339
8120260306030006,小倉競輪,6R,17:49,4-6,4,6,19.3,0.07906365429273758,0.5259285278498353
3620260308010004,小田原競輪,4R,12:17,2-6,2,6,67.7,0.02241557206902208,0.5175342290727949
7520260305040007,松山競輪,7R,13:48,2-6,2,6,181.4,0.008340570589680895,0.5129795049681143
3620260308010006,小田原競輪,6R,13:09,2-7,2,7,45.8,0.03303368060729733,0.5129425718142178
3620260308010005,小田原競輪,5R,12:43,2-4,2,4,49.4,0.030594667415756897,0.5113765703383906
2820260307020004,立川競輪,4R,09:52,1-2,1,2,38.4,0.03927986280986688,0.5083467318988881
7520260305040007,松山競輪,7R,13:48,4-9,4,9,71.7,0.021021182274375425,0.5072187690727179
7520260305040007,松山競輪,7R,13:48,6-8,6,8,306.2,0.004881143926467959,0.4946062702844889
3620260308010005,小田原競輪,5R,12:43,2-3,2,3,46.4,0.03210703661878451,0.4897664991116011
7520260305040011,松山競輪,11R,15:44,2-9,2,9,175.1,0.008501761047710976,0.4886583594541918
3620260308010005,小田原競輪,5R,12:43,5-6,5,6,16.6,0.08960085128138491,0.4873741312709896
8120260306030002,小倉競輪,2R,16:14,4-7,4,7,77.6,0.019153914360098875,0.4863437543436726
2820260307020001,立川競輪,1R,08:50,4-6,4,6,239.5,0.006199422455274124,0.48476167803815273
7520260305040006,松山競輪,6R,13:22,6-7,6,7,115.0,0.01288899673046472,0.48223462400344275
8120260306030009,小倉競輪,9R,19:07,4-7,4,7,34.2,0.04333383293898771,0.4820170865133797
7520260305040007,松山競輪,7R,13:48,1-2,1,2,27.8,0.05292685732126691,0.4713666335312201
8320260307020009,久留米競輪,9R,23:20,4-7,4,7,42.0,0.03502633246163574,0.4711059633887009
7520260305040007,松山競輪,7R,13:48,1-3,1,3,39.4,0.037174933204642685,0.4646923682629218
3620260308010009,小田原競輪,9R,14:30,4-7,4,7,41.5,0.03525177485955143,0.4629486566713843
7520260305040001,松山競輪,1R,11:16,6-9,6,9,78.6,0.018593580759680553,0.4614554477108914
3620260308010002,小田原競輪,2R,11:28,1-4,1,4,23.2,0.06287253647815688,0.4586428462932397
7520260305040003,松山競輪,3R,12:04,1-4,1,4,56.7,0.025668887955813992,0.45542594709465334
8320260307020001,久留米競輪,1R,20:40,2-6,2,6,44.6,0.03252508442714889,0.45061876545084045
7520260305040005,松山競輪,5R,12:56,4-5,4,5,131.6,0.011017314052799872,0.44987852934846306
7520260305040008,松山競輪,8R,14:16,1-8,1,8,47.1,0.03067278623114414,0.44468823148688896
7520260305040001,松山競輪,1R,11:16,1-8,1,8,116.3,0.012419497351355096,0.44438754196259755
7520260305040007,松山競輪,7R,13:48,6-7,6,7,341.8,0.004225532456959833,0.44428699378887115
7520260305040001,松山競輪,1R,11:16,2-5,2,5,23.7,0.06091776576373933,0.443751048600622
2220260307020002,前橋競輪,2R,16:26,1-6,1,6,85.3,0.01692246707177572,0.44348644122246883
7520260305040008,松山競輪,8R,14:16,2-8,2,8,78.7,0.01828746466962905,0.4392234694998063
3620260308010005,小田原競輪,5R,12:43,3-4,3,4,82.9,0.017344115385990955,0.4378271654986503
7520260305040007,松山競輪,7R,13:48,5-8,5,8,41.0,0.035040384869862135,0.43665577966434754
7520260305040002,松山競輪,2R,11:40,2-4,2,4,94.4,0.015203875361321364,0.43524583410873685
7520260305040003,松山競輪,3R,12:04,1-7,1,7,36.8,0.038980260291473806,0.43447357872623593
3620260308010009,小田原競輪,9R,14:30,1-6,1,6,75.0,0.01908381686328032,0.43128626474602383
3620260308010011,小田原競輪,11R,15:28,3-7,3,7,21.9,0.06535498646740345,0.43127420363613544
8120260306030007,小倉競輪,7R,18:15,4-6,4,6,31.2,0.04580700218644487,0.42917846821708006
2820260307020003,立川競輪,3R,09:31,1-7,1,7,11.6,0.12287963710802999,0.4254037904531478
2820260307020003,立川競輪,3R,09:31,4-7,4,7,24.8,0.05744401245308035,0.42461150883639265
2220260307020007,前橋競輪,7R,18:28,2-3,2,3,21.7,0.06557713463546283,0.42302382158954344
8320260307020009,久留米競輪,9R,23:20,1-2,1,2,14.0,0.1016152514319581,0.42261352004741326
3620260308010011,小田原競輪,11R,15:28,1-2,1,2,54.0,0.02633498681812081,0.42208928817852365
7520260305040009,松山競輪,9R,14:44,4-9,4,9,70.0,0.020257584663588887,0.4180309264512221
8120260306030007,小倉競輪,7R,18:15,1-2,1,2,26.4,0.05369662409170124,0.4175908760209128
2220260307020009,前橋競輪,9R,19:20,3-4,3,4,31.8,0.04454325016956401,0.4164753553921354
2220260307020005,前橋競輪,5R,17:36,1-5,1,5,29.5,0.04790052662704148,0.41306553549772373
7520260305040005,松山競輪,5R,12:56,3-7,3,7,20.5,0.06884008934182634,0.41122183150743985
8120260306030010,小倉競輪,10R,19:34,2-5,2,5,51.4,0.02738159182446224,0.4074138197773589
7520260305040008,松山競輪,8R,14:16,3-5,3,5,48.8,0.028717640318593717,0.4014208475473733
8120260306030005,小倉競輪,5R,17:23,2-3,2,3,17.0,0.08229854156259736,0.3990752065641552
8320260307020006,久留米競輪,6R,22:20,2-3,2,3,29.2,0.047860243943076745,0.397519123137841
2820260307020006,立川競輪,6R,10:34,2-6,2,6,48.4,0.028871580503044544,0.39738449634735584
2220260307020005,前橋競輪,5R,17:36,6-7,6,7,20.3,0.06871431583624993,0.3949006114758735
2220260307020009,前橋競輪,9R,19:20,5-6,5,6,38.2,0.036315778256261574,0.38726272938919215
2220260307020001,前橋競輪,1R,16:06,1-6,1,6,90.1,0.015375907829559509,0.38536929544331167
3620260308010005,小田原競輪,5R,12:43,3-7,3,7,89.8,0.015354362241685501,0.378821729303358
7520260305040009,松山競輪,9R,14:44,5-8,5,8,101.0,0.01364588636853279,0.37823452322181184
2220260307020010,前橋競輪,10R,19:48,5-7,5,7,28.5,0.048345882956377755,0.3778576642567659
8120260306030010,小倉競輪,10R,19:34,3-7,3,7,18.4,0.07473789034309329,0.3751771823129164
8120260306030008,小倉競輪,8R,18:41,3-6,3,6,23.2,0.05910282258540794,0.3711854839814641
7520260305040005,松山競輪,5R,12:56,1-6,1,6,60.6,0.022565274034765707,0.367455606506802
2220260307020010,前橋競輪,10R,19:48,2-6,2,6,76.0,0.017948486986031954,0.3640850109384284
2220260307020007,前橋競輪,7R,18:28,1-2,1,2,15.5,0.08798046838871426,0.36369726002507097
8120260306030002,小倉競輪,2R,16:14,1-2,1,2,17.1,0.07956937771822402,0.3606363589816308
2220260307020008,前橋競輪,8R,18:54,3-6,3,6,28.2,0.04803309244935326,0.35453320707176195
7520260305040003,松山競輪,3R,12:04,3-4,3,4,113.4,0.011933984816128264,0.3533138781489451
8120260306030001,小倉競輪,1R,15:54,1-7,1,7,26.9,0.05025149637519972,0.35176525249287227
7520260305040006,松山競輪,6R,13:22,1-6,1,6,133.5,0.010095432946477863,0.3477402983547946
3620260308010012,小田原競輪,12R,16:02,5-7,5,7,19.3,0.06978662597802313,0.3468818813758463
7520260305040007,松山競輪,7R,13:48,2-3,2,3,63.6,0.021154475808618355,0.34542466142812733
3620260308010003,小田原競輪,3R,11:52,2-5,2,5,152.0,0.008851403760975613,0.3454133716682932
7520260305040009,松山競輪,9R,14:44,2-5,2,5,28.9,0.04643433537867943,0.3419522924438354
7520260305040008,松山競輪,8R,14:16,7-8,7,8,96.5,0.013896355128416221,0.3409982698921654
8120260306030011,小倉競輪,11R,20:02,4-5,4,5,62.2,0.021537163653521006,0.33961157924900665
3620260308010012,小田原競輪,12R,16:02,3-6,3,6,33.7,0.039740976646455886,0.33927091298556356
2820260307020005,立川競輪,5R,10:13,4-5,4,5,14.9,0.08957226121853468,0.3346266921561667
3620260308010009,小田原競輪,9R,14:30,2-3,2,3,31.0,0.04304429843778412,0.3343732515713078
7520260305040006,松山競輪,6R,13:22,1-9,1,9,85.4,0.015591375352407288,0.33150345509558243
4320260307020002,岐阜競輪,2R,21:10,1-4,1,4,15.7,0.08475202562868914,0.3306068023704194
8120260306030008,小倉競輪,8R,18:41,4-6,4,6,54.3,0.024502327617786403,0.3304763896458016
3620260308010007,小田原競輪,7R,13:35,3-7,3,7,21.0,0.0633319577421745,0.32997111258566436
2220260307020002,前橋競輪,2R,16:26,1-2,1,2,14.3,0.09288913803957866,0.3283146739659748
2220260307020010,前橋競輪,10R,19:48,2-3,2,3,25.3,0.05243190466042939,0.3265271879088636
2820260307020001,立川競輪,1R,08:50,2-6,2,6,90.9,0.014583127271453732,0.32560626897514444
7520260305040009,松山競輪,9R,14:44,3-6,3,6,76.2,0.017394887111840007,0.3254903979222086
3620260308010005,小田原競輪,5R,12:43,3-5,3,5,17.4,0.07612667754380309,0.3246041892621736
8120260306030007,小倉競輪,7R,18:15,3-5,3,5,15.6,0.08486207088715127,0.3238483058395598
8120260306030004,小倉競輪,4R,16:58,3-4,3,4,29.8,0.04440819341912948,0.3233641638900586
7520260305040004,松山競輪,4R,12:30,4-6,4,6,212.5,0.006221503440808793,0.3220694811718685
8120260306030011,小倉競輪,11R,20:02,3-4,3,4,31.1,0.042478678636875926,0.3210869056068413
8120260306030010,小倉競輪,10R,19:34,4-7,4,7,24.8,0.05300357334187233,0.3144886188784337
3620260308010011,小田原競輪,11R,15:28,1-4,1,4,33.6,0.03910362042502095,0.3138816462807039
3620260308010002,小田原競輪,2R,11:28,3-4,3,4,20.5,0.06408955442686519,0.3138358657507363
7520260305040006,松山競輪,6R,13:22,2-3,2,3,12.3,0.10656332521349753,0.3107289001260196
7520260305040008,松山競輪,8R,14:16,1-3,1,3,18.4,0.07108574877680265,0.3079777774931687
3620260308010009,小田原競輪,9R,14:30,1-2,1,2,58.3,0.022308513317411197,0.30058632640507277
2220260307020011,前橋競輪,11R,20:16,1-6,1,6,116.2,0.01117367753674071,0.29838132976927056
7520260305040001,松山競輪,1R,11:16,5-6,5,6,89.0,0.014580278714116216,0.2976448055563432
4320260307020003,岐阜競輪,3R,21:30,5-6,5,6,42.0,0.030877865968956832,0.29687037069618705
8320260307020009,久留米競輪,9R,23:20,2-7,2,7,21.0,0.061745288898428875,0.2966510668670064
3620260308010012,小田原競輪,12R,16:02,2-7,2,7,24.5,0.05266890530581782,0.2903881799925365
2220260307020006,前橋競輪,6R,18:02,2-6,2,6,21.8,0.05912200940069583,0.28885980493516916
2220260307020004,前橋競輪,4R,17:10,1-7,1,7,44.1,0.029223323219568078,0.2887485539829522
3620260308010002,小田原競輪,2R,11:28,4-5,4,5,29.7,0.04337676203136253,0.2882898323314671
8120260306030004,小倉競輪,4R,16:58,5-7,5,7,27.8,0.04625328637024283,0.2858413610927506
7520260305040004,松山競輪,4R,12:30,6-7,6,7,167.6,0.007671077303360539,0.2856725560432263
7520260305040012,松山競輪,12R,16:20,3-4,3,4,108.0,0.01187080341931022,0.28204676928550376
8120260306030009,小倉競輪,9R,19:07,3-6,3,6,36.8,0.034779658779266955,0.27989144307702385
2220260307020008,前橋競輪,8R,18:54,2-4,2,4,19.8,0.06463126358252827,0.2796990189340598
2220260307020008,前橋競輪,8R,18:54,1-4,1,4,19.8,0.0645305006777578,0.27770391341960443
3620260308010002,小田原競輪,2R,11:28,1-7,1,7,20.8,0.061407311342000226,0.2772720759136047
8120260306030011,小倉競輪,11R,20:02,2-7,2,7,15.1,0.08454017522460536,0.27655664589154094
8120260306030003,小倉競輪,3R,16:35,1-2,1,2,13.3,0.09597959746133918,0.2765286462358112
3620260308010005,小田原競輪,5R,12:43,3-6,3,6,55.0,0.023177461752451292,0.2747603963848211
7520260305040002,松山競輪,2R,11:40,3-7,3,7,149.3,0.008515254503114678,0.2713274973150215
3620260308010012,小田原競輪,12R,16:02,2-5,2,5,58.5,0.021692361004859797,0.26900311878429806
8120260306030011,小倉競輪,11R,20:02,2-4,2,4,28.9,0.04378161132034566,0.26528856715798943
7520260305040004,松山競輪,4R,12:30,1-5,1,5,62.9,0.020079439072104893,0.2629967176353978
4320260307020009,岐阜競輪,9R,23:30,1-3,1,3,16.2,0.07786166358269507,0.26135895003966003
7520260305040012,松山競輪,12R,16:20,2-3,2,3,89.1,0.014146204780466319,0.2604268459395489
7520260305040012,松山競輪,12R,16:20,3-9,3,9,44.2,0.028459531203518705,0.2579112791955269
8120260306030008,小倉競輪,8R,18:41,4-7,4,7,18.1,0.0693920659138399,0.25599639304050226
4320260307020005,岐阜競輪,5R,22:10,1-7,1,7,17.2,0.07293523650864944,0.2544860679487704
3620260308010004,小田原競輪,4R,12:17,1-3,1,3,63.2,0.01984559611929981,0.254241674739748
2220260307020002,前橋競輪,2R,16:26,4-6,4,6,192.1,0.006526253851997031,0.2536933649686297
2220260307020011,前橋競輪,11R,20:16,1-3,1,3,58.1,0.02156273508388149,0.2527949083735146
7520260305040002,松山競輪,2R,11:40,3-9,3,9,34.0,0.03683322709997104,0.25232972139901544
8120260306030008,小倉競輪,8R,18:41,4-5,4,5,69.8,0.0178316604825764,0.24464990168383283
4320260307020003,岐阜競輪,3R,21:30,1-6,1,6,21.0,0.059267031540003755,0.2446076623400788
7520260305040012,松山競輪,12R,16:20,4-8,4,8,124.1,0.010010438182998974,0.24229537851017247
7520260305040003,松山競輪,3R,12:04,3-5,3,5,182.2,0.006805496298149088,0.23996142552276378
8120260306030011,小倉競輪,11R,20:02,2-3,2,3,20.0,0.06197294373452923,0.23945887469058458
7520260305040009,松山競輪,9R,14:44,3-9,3,9,40.6,0.03052054865064665,0.23913427521625397
7520260305040004,松山競輪,4R,12:30,7-8,7,8,110.2,0.011238873756124264,0.23852388792489387
7520260305040007,松山競輪,7R,13:48,3-5,3,5,27.4,0.0451619442831666,0.23743727335876463
7520260305040006,松山競輪,6R,13:22,5-9,5,9,139.7,0.008850655883561799,0.23643662693358314
7520260305040007,松山競輪,7R,13:48,1-5,1,5,11.8,0.10453645916967075,0.23353021820211484
8320260307020001,久留米競輪,1R,20:40,3-7,3,7,29.7,0.041407841302468586,0.2298128866833169
7520260305040006,松山競輪,6R,13:22,6-9,6,9,169.9,0.007226291922645461,0.22774699765746398
2820260307020005,立川競輪,5R,10:13,1-6,1,6,47.5,0.025786129873063203,0.2248411689705021
7520260305040007,松山競輪,7R,13:48,6-9,6,9,116.6,0.010503221801389512,0.22467566204201694
7520260305040010,松山競輪,10R,15:12,3-8,3,8,124.4,0.009830963415791542,0.22297184892446786
7520260305040004,松山競輪,4R,12:30,5-7,5,7,85.6,0.014285209172920895,0.2228139052020286
7520260305040005,松山競輪,5R,12:56,2-5,2,5,40.3,0.030336390547539418,0.2225565390658384
8120260306030012,小倉競輪,12R,20:30,2-6,2,6,25.1,0.04847562365346381,0.21673815370194172
2820260307020006,立川競輪,6R,10:34,4-5,4,5,27.2,0.04471579666461402,0.21626966927750124
8120260306030011,小倉競輪,11R,20:02,5-7,5,7,22.6,0.05379311673638242,0.21572443824224274
8320260307020003,久留米競輪,3R,21:20,2-3,2,3,39.3,0.030839967054032334,0.21201070522347054
4320260307020006,岐阜競輪,6R,22:30,1-2,1,2,11.2,0.10818193731050432,0.2116376978776484
8120260306030006,小倉競輪,6R,17:49,1-3,1,3,17.4,0.06948907388111068,0.2091098855313258
8120260306030007,小倉競輪,7R,18:15,2-6,2,6,49.1,0.024617848575730066,0.20873636506834625
3620260308010008,小田原競輪,8R,14:02,1-7,1,7,81.9,0.014724847826921152,0.20596503702484248
7520260305040011,松山競輪,11R,15:44,6-8,6,8,213.3,0.005644701359970175,0.20401480008163841
7520260305040005,松山競輪,5R,12:56,7-9,7,9,57.9,0.020731885589049488,0.20037617560596543
8320260307020009,久留米競輪,9R,23:20,4-6,4,6,42.0,0.028579320062079857,0.20033144260735392
2220260307020007,前橋競輪,7R,18:28,3-5,3,5,10.8,0.11105220730548349,0.19936383889922182
7520260305040003,松山競輪,3R,12:04,1-2,1,2,30.7,0.039059094375149594,0.19911419731709246
8120260306030003,小倉競輪,3R,16:35,1-3,1,3,35.0,0.03414344906956483,0.19502071743476912
7520260305040007,松山競輪,7R,13:48,3-6,3,6,233.3,0.005111069505370813,0.19241251560301076
3620260308010001,小田原競輪,1R,11:05,3-5,3,5,23.5,0.05064816156161352,0.19023179669791768
7520260305040006,松山競輪,6R,13:22,2-8,2,8,31.8,0.037334522468254,0.18723781449047716
7520260305040002,松山競輪,2R,11:40,1-9,1,9,20.4,0.05817212810341431,0.1867114133096519
2220260307020010,前橋競輪,10R,19:48,1-6,1,6,45.6,0.02591172396968592,0.18157461301767785
7520260305040006,松山競輪,6R,13:22,6-8,6,8,125.6,0.009396315379795175,0.18017721170227396
7520260305040002,松山競輪,2R,11:40,2-3,2,3,67.8,0.017393434407898218,0.17927485285549905
7520260305040003,松山競輪,3R,12:04,2-7,2,7,24.3,0.04823955658498577,0.17222122501515424
7520260305040005,松山競輪,5R,12:56,5-9,5,9,92.0,0.012712141991417722,0.16951706321043036
7520260305040006,松山競輪,6R,13:22,1-4,1,4,90.6,0.012875686648261943,0.166537210332532
7520260305040011,松山競輪,11R,15:44,3-8,3,8,55.8,0.020805427868407417,0.16094287505713378
2220260307020007,前橋競輪,7R,18:28,1-6,1,6,21.7,0.053424691268207536,0.1593158005201034
2820260307020005,立川競輪,5R,10:13,5-7,5,7,20.4,0.056688436626815025,0.1564441071870264
7520260305040001,松山競輪,1R,11:16,7-8,7,8,59.6,0.019355353609987073,0.1535790751552295
8120260306030001,小倉競輪,1R,15:54,1-4,1,4,12.0,0.09604245691286598,0.15250948295439182
7520260305040001,松山競輪,1R,11:16,1-5,1,5,91.2,0.012610358659656188,0.15006470976064445
7520260305040011,松山競輪,11R,15:44,8-9,8,9,143.4,0.008008530972909671,0.14842334151524694
2220260307020009,前橋競輪,9R,19:20,4-5,4,5,23.9,0.04804667898196705,0.14831562766901252
7520260305040012,松山競輪,12R,16:20,1-2,1,2,59.4,0.01930496026653241,0.14671463983202515
7520260305040006,松山競輪,6R,13:22,5-8,5,8,68.2,0.016775380560621462,0.14408095423438372
7520260305040004,松山競輪,4R,12:30,3-7,3,7,22.4,0.0510137936034111,0.14270897671640848
7520260305040005,松山競輪,5R,12:56,1-8,1,8,62.6,0.01824715261792948,0.14227175388238544
8120260306030010,小倉競輪,10R,19:34,2-7,2,7,17.5,0.06526471767006739,0.1421325592261793
2220260307020010,前橋競輪,10R,19:48,1-4,1,4,17.5,0.06506860364432507,0.13870056377568862
8320260307020009,久留米競輪,9R,23:20,1-6,1,6,21.0,0.05420472664409074,0.1382992595259056
4320260307020009,岐阜競輪,9R,23:30,1-7,1,7,16.2,0.07014697671169728,0.13638102272949593
7520260305040011,松山競輪,11R,15:44,6-7,6,7,43.3,0.02623821433105145,0.1361146805345277
3620260308010003,小田原競輪,3R,11:52,4-7,4,7,33.8,0.03354207176806303,0.13372202576053027
7520260305040010,松山競輪,10R,15:12,3-7,3,7,60.7,0.018660391781445095,0.1326857811337172
3620260308010012,小田原競輪,12R,16:02,1-3,1,3,14.3,0.07895137482740483,0.12900466003188904
8120260306030007,小倉競輪,7R,18:15,3-4,3,4,34.4,0.032774187569931765,0.1274320524056527
3620260308010005,小田原競輪,5R,12:43,1-3,1,3,27.2,0.04114004023925419,0.1190090945077138
7520260305040002,松山競輪,2R,11:40,6-9,6,9,35.0,0.03192256900180708,0.11728991506324782
8320260307020006,久留米競輪,6R,22:20,2-5,2,5,29.2,0.03825166392521488,0.1169485866162745
7520260305040002,松山競輪,2R,11:40,1-2,1,2,38.2,0.02922229948410663,0.11629184029287343
8320260307020009,久留米競輪,9R,23:20,2-6,2,6,21.0,0.05312521050243949,0.11562942055122938
8320260307020003,久留米競輪,3R,21:20,2-7,2,7,78.7,0.01414642164858603,0.11332338374372064
8120260306030002,小倉競輪,2R,16:14,5-7,5,7,19.1,0.05820555419432827,0.11172608511166993
7520260305040005,松山競輪,5R,12:56,3-6,3,6,25.4,0.04368179876370981,0.10951768859822919
7520260305040009,松山競輪,9R,14:44,4-6,4,6,111.0,0.009984176702196371,0.10824361394379722
7520260305040003,松山競輪,3R,12:04,5-9,5,9,28.8,0.038272496650820234,0.10224790354362279
2820260307020003,立川競輪,3R,09:31,1-3,1,3,15.8,0.06975256025457487,0.10209045202228295
4320260307020001,岐阜競輪,1R,20:50,2-5,2,5,25.8,0.04260365119663827,0.09917420087326723
2220260307020001,前橋競輪,1R,16:06,1-4,1,4,16.5,0.06645379898681439,0.09648768328243751
8120260306030009,小倉競輪,9R,19:07,1-3,1,3,26.6,0.04120673719030038,0.09609920926199012
2820260307020005,立川競輪,5R,10:13,2-6,2,6,38.9,0.028126947133477083,0.09413824349225841
7520260305040001,松山競輪,1R,11:16,5-7,5,7,49.1,0.02224742814663625,0.09234872199984001
7520260305040011,松山競輪,11R,15:44,1-8,1,8,81.9,0.013332964696515105,0.09196980864458726
2220260307020003,前橋競輪,3R,16:46,2-3,2,3,17.7,0.06167256896095896,0.09160447060897359
8120260306030005,小倉競輪,5R,17:23,1-6,1,6,32.7,0.0332971711701318,0.08881749726330979
3620260308010004,小田原競輪,4R,12:17,2-4,2,4,22.6,0.048153166323397306,0.08826155890877918
8120260306030009,小倉競輪,9R,19:07,1-7,1,7,17.1,0.06348071098523458,0.08552015784751155
4320260307020002,岐阜競輪,2R,21:10,2-4,2,4,15.7,0.06904797846878634,0.08405326195994545
8120260306030007,小倉競輪,7R,18:15,2-4,2,4,31.2,0.034696195355641224,0.08252129509600614
7520260305040010,松山競輪,10R,15:12,1-9,1,9,19.0,0.056932469038591484,0.08171691173323814
8120260306030004,小倉競輪,4R,16:58,2-7,2,7,18.1,0.05969402684354655,0.0804618858681927
3620260308010003,小田原競輪,3R,11:52,1-7,1,7,14.5,0.07449957454068278,0.08024383083990028
3620260308010007,小田原競輪,7R,13:35,3-6,3,6,44.3,0.024308578265907384,0.07687001717969699
7520260305040001,松山競輪,1R,11:16,8-9,8,9,44.5,0.024057619055835717,0.0705640479846894
7520260305040003,松山競輪,3R,12:04,4-9,4,9,17.1,0.062378011903745256,0.066664003554044
3620260308010008,小田原競輪,8R,14:02,1-6,1,6,50.4,0.0211522358159591,0.06607268512433873
2220260307020008,前橋競輪,8R,18:54,1-3,1,3,18.0,0.05921048826027213,0.06578878868489824
7520260305040010,松山競輪,10R,15:12,1-2,1,2,15.3,0.06929484426881516,0.060211117312871876
8120260306030001,小倉競輪,1R,15:54,3-5,3,5,210.0,0.005040863259985137,0.058581284596878724
8120260306030008,小倉競輪,8R,18:41,2-7,2,7,14.8,0.07149963315653769,0.05819457071675793
7520260305040007,松山競輪,7R,13:48,8-9,8,9,47.1,0.022440225021731094,0.05693459852353455
8320260307020002,久留米競輪,2R,21:00,1-3,1,3,12.0,0.08797819740496948,0.05573836885963379
3620260308010007,小田原競輪,7R,13:35,2-4,2,4,16.4,0.06421537828497478,0.053132203873586414
7520260305040008,松山競輪,8R,14:16,1-4,1,4,21.3,0.049382571518920115,0.05184877335299842
3620260308010005,小田原競輪,5R,12:43,1-2,1,2,17.5,0.06002221599697863,0.050388779947126094
8120260306030001,小倉競輪,1R,15:54,5-7,5,7,152.7,0.0068742240675095,0.04969401510870042
7520260305040010,松山競輪,10R,15:12,2-8,2,8,44.1,0.023676869750656263,0.044149956003941115
3620260308010006,小田原競輪,6R,13:09,4-5,4,5,18.6,0.05603686828106927,0.04228575002788837
3620260308010006,小田原競輪,6R,13:09,1-7,1,7,28.7,0.036173343383220743,0.03817495509843538
8120260306030012,小倉競輪,12R,20:30,1-5,1,5,14.0,0.07403392627161506,0.036474967802610836
3620260308010011,小田原競輪,11R,15:28,3-5,3,5,35.2,0.02937295746752866,0.03392810285700887
7520260305040001,松山競輪,1R,11:16,1-2,1,2,20.3,0.05084161553952232,0.03208479545230314
7520260305040010,松山競輪,10R,15:12,2-9,2,9,14.4,0.07152416159115274,0.02994792691259951
2220260307020003,前橋競輪,3R,16:46,1-5,1,5,17.6,0.058489872332775986,0.029421753056857458
7520260305040002,松山競輪,2R,11:40,7-9,7,9,27.1,0.037936615731510345,0.028082286323930505
8120260306030010,小倉競輪,10R,19:34,3-5,3,5,32.7,0.03141336516210205,0.02721704080073728
7520260305040006,松山競輪,6R,13:22,1-5,1,5,63.9,0.016053306959531787,0.025806314714081235
7520260305040011,松山競輪,11R,15:44,7-9,7,9,24.7,0.04144970321041551,0.02380766929726308
8120260306030011,小倉競輪,11R,20:02,1-2,1,2,10.9,0.09386051780281383,0.023079644050670867
4320260307020005,岐阜競輪,5R,22:10,2-4,2,4,17.2,0.059163577014760674,0.01761352465388355
7520260305040008,松山競輪,8R,14:16,2-3,2,3,23.6,0.043094297260225255,0.017025415341316075
2820260307020002,立川競輪,2R,09:10,3-5,3,5,20.5,0.04943034801034469,0.013322134212066183
7520260305040003,松山競輪,3R,12:04,3-8,3,8,182.2,0.00552755165901678,0.007119912272857132
8120260306030010,小倉競輪,10R,19:34,2-6,2,6,36.0,0.027939556994929414,0.00582405181745882
8120260306030009,小倉競輪,9R,19:07,3-4,3,4,36.8,0.02733154490270637,0.005800852419594271
2820260307020002,立川競輪,2R,09:10,2-6,2,6,29.7,0.03377210136851213,0.003031410644810162
2820260307020001,立川競輪,1R,08:50,3-5,3,5,10.6,0.09459059447723595,0.0026603014587009977
8120260306030009,小倉競輪,9R,19:07,2-7,2,7,23.9,0.041950154017929855,0.0026086810285235185
8120260306030006,小倉競輪,6R,17:49,2-4,2,4,11.2,0.0895149867598852,0.002567851710714164
7520260305040006,松山競輪,6R,13:22,1-2,1,2,23.1,0.043320173419889654,0.000696005999450966
2220260307020001,前橋競輪,1R,16:06,2-6,2,6,172.7,0.005763682804933544,-0.004611979587976989
2220260307020010,前橋競輪,10R,19:48,3-7,3,7,15.2,0.06546549144660778,-0.00492453001156179
7520260305040009,松山競輪,9R,14:44,4-7,4,7,32.4,0.03068765691290578,-0.005719916021852844
8120260306030004,小倉競輪,4R,16:58,3-6,3,6,25.6,0.038829836810007456,-0.00595617766380907
8120260306030002,小倉競輪,2R,16:14,2-4,2,4,13.0,0.07610873287515697,-0.010586472622959309
2220260307020003,前橋競輪,3R,16:46,3-7,3,7,26.2,0.03767068254347017,-0.01302811736108156
8120260306030012,小倉競輪,12R,20:30,2-3,2,3,19.0,0.05190639618273797,-0.013778472527978591
3620260308010004,小田原競輪,4R,12:17,3-7,3,7,19.7,0.04992999820775393,-0.016379035307247602
8320260307020007,久留米競輪,7R,22:40,1-2,1,2,9.3,0.10531412919158827,-0.020578598518229074
2220260307020011,前橋競輪,11R,20:16,3-4,3,4,21.1,0.04639173397400021,-0.021134413148595432
2820260307020004,立川競輪,4R,09:52,2-7,2,7,24.9,0.0391437748428536,-0.025320006412945406
2820260307020004,立川競輪,4R,09:52,4-6,4,6,17.3,0.05625588772929056,-0.02677314228327321
7520260305040008,松山競輪,8R,14:16,2-7,2,7,29.5,0.03293375289273755,-0.02845428966424235
2220260307020010,前橋競輪,10R,19:48,2-5,2,5,25.3,0.03836137689733731,-0.029457164497366017
2820260307020002,立川競輪,2R,09:10,1-2,1,2,15.0,0.06469649457127995,-0.02955258143080075
3620260308010010,小田原競輪,10R,14:58,1-4,1,4,19.7,0.04912402703265944,-0.032256667456609045
2220260307020010,前橋競輪,10R,19:48,1-3,1,3,14.2,0.06802823716203367,-0.033999032299121934
7520260305040002,松山競輪,2R,11:40,7-8,7,8,100.4,0.009612305119405494,-0.03492456601168836
7520260305040007,松山競輪,7R,13:48,4-6,4,6,257.8,0.003735747694252926,-0.03692424442159559
8120260306030011,小倉競輪,11R,20:02,4-7,4,7,15.5,0.06188960431102482,-0.040711133179115344
2820260307020004,立川競輪,4R,09:52,1-3,1,3,35.4,0.026981476820843252,-0.044855720542148925
2220260307020010,前橋競輪,10R,19:48,3-4,3,4,11.4,0.08371461974464961,-0.045653334910994436
8320260307020009,久留米競輪,9R,23:20,3-7,3,7,21.0,0.04542442516655175,-0.04608707150241331
2220260307020008,前橋競輪,8R,18:54,4-6,4,6,18.0,0.052804712908020614,-0.04951516765562891
7520260305040005,松山競輪,5R,12:56,6-7,6,7,40.0,0.02364318012296067,-0.05427279508157323
2220260307020011,前橋競輪,11R,20:16,2-4,2,4,10.5,0.08968105757592935,-0.0583488954527418
3620260308010002,小田原競輪,2R,11:28,2-4,2,4,47.0,0.02003233073714418,-0.058480455354223526
3620260308010008,小田原競輪,8R,14:02,5-7,5,7,49.6,0.018976559108979683,-0.058762668194607626
2220260307020011,前橋競輪,11R,20:16,1-7,1,7,38.7,0.02431017769438215,-0.059196123227410635
3620260308010007,小田原競輪,7R,13:35,5-7,5,7,13.3,0.07059543153804712,-0.06108076054397327
8120260306030005,小倉競輪,5R,17:23,1-3,1,3,10.6,0.08820715993060019,-0.065004104735638
7520260305040008,松山競輪,8R,14:16,1-5,1,5,18.5,0.050385402523494355,-0.06787005331535445
7520260305040009,松山競輪,9R,14:44,6-9,6,9,108.5,0.008585216205556724,-0.06850404169709545
2220260307020010,前橋競輪,10R,19:48,5-6,5,6,38.0,0.02448451787182126,-0.06958832087079214
2820260307020002,立川競輪,2R,09:10,1-4,1,4,14.0,0.06639031381943906,-0.07053560652785307
7520260305040011,松山競輪,11R,15:44,5-7,5,7,15.1,0.06138438620141233,-0.07309576835867382
7520260305040011,松山競輪,11R,15:44,2-7,2,7,19.2,0.048137099385988986,-0.07576769178901155
2820260307020001,立川競輪,1R,08:50,1-3,1,3,31.5,0.02927068053435657,-0.07797356316776805
7520260305040001,松山競輪,1R,11:16,4-5,4,5,49.7,0.018545368998993964,-0.07829516074999998
8120260306030010,小倉競輪,10R,19:34,1-2,1,2,14.1,0.0648741007202429,-0.08527517984457522
2220260307020008,前橋競輪,8R,18:54,5-6,5,6,22.0,0.04157350843839757,-0.08538281435525341
8120260306030008,小倉競輪,8R,18:41,3-7,3,7,7.5,0.12191303181920204,-0.0856522613559847
8120260306030004,小倉競輪,4R,16:58,1-3,1,3,13.7,0.06658493350326439,-0.08778641100527795
8120260306030005,小倉競輪,5R,17:23,2-6,2,6,27.4,0.0332802680801656,-0.08812065460346263
8120260306030008,小倉競輪,8R,18:41,1-4,1,4,27.1,0.03358001468852277,-0.08998160194103288
3620260308010009,小田原競輪,9R,14:30,2-4,2,4,50.2,0.01807930069047505,-0.09241910533815234
7520260305040001,松山競輪,1R,11:16,3-6,3,6,53.2,0.01701638348975955,-0.09472839834479196
2220260307020001,前橋競輪,1R,16:06,1-3,1,3,6.5,0.1391778250035549,-0.09534413747689308
8320260307020006,久留米競輪,6R,22:20,1-6,1,6,14.6,0.06195448037562732,-0.09546458651584111
3620260308010009,小田原競輪,9R,14:30,2-7,2,7,31.4,0.028763605596577833,-0.09682278426745605
8120260306030008,小倉競輪,8R,18:41,3-5,3,5,20.3,0.04427749870165789,-0.10116677635634486
8320260307020005,久留米競輪,5R,22:00,1-4,1,4,14.2,0.06319177817750646,-0.10267674987940834
8120260306030005,小倉競輪,5R,17:23,2-4,2,4,11.6,0.07717012923235608,-0.1048265009046695
7520260305040002,松山競輪,2R,11:40,8-9,8,9,22.8,0.03920740994093992,-0.10607105334656974
8120260306030007,小倉競輪,7R,18:15,2-3,2,3,57.3,0.015598706299118584,-0.10619412906050518
8120260306030004,小倉競輪,4R,16:58,4-7,4,7,14.1,0.0633724098566245,-0.10644902102159459
8320260307020005,久留米競輪,5R,22:00,2-5,2,5,14.2,0.06291678242150253,-0.10658168961466408
3620260308010001,小田原競輪,1R,11:05,1-7,1,7,10.1,0.08839034185689934,-0.10725754724531666
2220260307020006,前橋競輪,6R,18:02,1-5,1,5,13.6,0.06560140036691209,-0.10782095500999567
8320260307020001,久留米競輪,1R,20:40,2-5,2,5,22.3,0.039867882774624816,-0.11094621412586658
7520260305040005,松山競輪,5R,12:56,5-8,5,8,57.7,0.015406578567294157,-0.11104041666712716
7520260305040006,松山競輪,6R,13:22,5-7,5,7,40.3,0.021999717399814683,-0.11341138878746837
7520260305040005,松山競輪,5R,12:56,1-2,1,2,25.7,0.034439398335951193,-0.11490746276605435
7520260305040011,松山競輪,11R,15:44,1-6,1,6,59.4,0.014886438791408971,-0.11574553579030711
2820260307020001,立川競輪,1R,08:50,5-6,5,6,49.2,0.01795620591684557,-0.11655466889119781
3620260308010003,小田原競輪,3R,11:52,3-4,3,4,10.2,0.0859748666803685,-0.12305635986024144
3620260308010001,小田原競輪,1R,11:05,2-6,2,6,29.5,0.02964753693236182,-0.1253976604953264
7520260305040003,松山競輪,3R,12:04,1-9,1,9,13.6,0.0642484986916438,-0.12622041779364435
7520260305040009,松山競輪,9R,14:44,6-7,6,7,63.1,0.013830491275230712,-0.1272960005329421
4320260307020001,岐阜競輪,1R,20:50,1-3,1,3,12.9,0.06750495890722298,-0.1291860300968235
7520260305040011,松山競輪,11R,15:44,2-3,2,3,21.6,0.040203865287361334,-0.1315965097929951
2820260307020005,立川競輪,5R,10:13,4-6,4,6,21.0,0.04131163234659108,-0.1324557207215873
8120260306030007,小倉競輪,7R,18:15,1-5,1,5,5.3,0.1633147851695251,-0.13443163860151697
8320260307020001,久留米競輪,1R,20:40,3-4,3,4,14.8,0.05832615773989418,-0.13677286544956613
7520260305040007,松山競輪,7R,13:48,2-9,2,9,21.8,0.03953891220542531,-0.13805171392172821
7520260305040001,松山競輪,1R,11:16,5-9,5,9,31.5,0.027219021969716817,-0.14260080795392027
8120260306030003,小倉競輪,3R,16:35,4-6,4,6,33.9,0.025278464492049027,-0.143060053719538
7520260305040005,松山競輪,5R,12:56,2-9,2,9,35.3,0.02420491355206763,-0.1455665516120127
8120260306030001,小倉競輪,1R,15:54,1-2,1,2,8.2,0.10412709550004931,-0.14615781689959573
8120260306030001,小倉競輪,1R,15:54,4-7,4,7,13.0,0.06555225581630683,-0.14782067438801116
7520260305040010,松山競輪,10R,15:12,5-7,5,7,38.1,0.022347419912613443,-0.14856330132942774
3620260308010003,小田原競輪,3R,11:52,2-4,2,4,42.9,0.019800056811324178,-0.15057756279419277
2220260307020008,前橋競輪,8R,18:54,1-6,1,6,14.1,0.06017434380899159,-0.15154175229321865
2820260307020003,立川競輪,3R,09:31,4-5,4,5,20.4,0.041369856133321656,-0.15605493488023825
8120260306030009,小倉競輪,9R,19:07,4-5,4,5,14.0,0.060048352176829654,-0.1593230695243848
7520260305040009,松山競輪,9R,14:44,7-9,7,9,32.5,0.025815715613001132,-0.16098924257746317
2220260307020008,前橋競輪,8R,18:54,1-2,1,2,11.6,0.07231404091566546,-0.16115712537828075
4320260307020005,岐阜競輪,5R,22:10,3-4,3,4,17.2,0.0487492094240112,-0.16151359790700737
8120260306030007,小倉競輪,7R,18:15,1-6,1,6,12.2,0.06872464955578653,-0.1615592754194044
4320260307020006,岐阜競輪,6R,22:30,1-6,1,6,11.2,0.07457737961234084,-0.16473334834178255
2220260307020008,前橋競輪,8R,18:54,4-7,4,7,28.2,0.029545946286679357,-0.16680431471564217
7520260305040008,松山競輪,8R,14:16,5-7,5,7,37.2,0.02239312875996403,-0.16697561012933804
3620260308010012,小田原競輪,12R,16:02,6-7,6,7,14.5,0.05728922354345128,-0.16930625861995652
7520260305040009,松山競輪,9R,14:44,2-6,2,6,46.1,0.018002135053880874,-0.17010157401609172
2820260307020004,立川競輪,4R,09:52,3-4,3,4,23.1,0.03591827657948332,-0.1702878110139352
2820260307020005,立川競輪,5R,10:13,2-4,2,4,12.0,0.06880833952139542,-0.17429992574325492
8120260306030004,小倉競輪,4R,16:58,3-5,3,5,25.4,0.03247642808396612,-0.17509872666726056
7520260305040003,松山競輪,3R,12:04,2-5,2,5,38.7,0.021285654773535192,-0.17624516026418802
8120260306030008,小倉競輪,8R,18:41,1-3,1,3,12.5,0.06575542892485264,-0.1780571384393419
8120260306030006,小倉競輪,6R,17:49,5-6,5,6,23.2,0.035335673745445356,-0.18021236910566774
8120260306030012,小倉競輪,12R,20:30,3-5,3,5,31.9,0.02567345133692022,-0.181016902352245
4320260307020006,岐阜競輪,6R,22:30,1-4,1,4,11.2,0.0728440369400293,-0.1841467862716718
3620260308010009,小田原競輪,9R,14:30,2-5,2,5,15.2,0.05359962778710686,-0.1852856576359757
7520260305040006,松山競輪,6R,13:22,4-5,4,5,111.5,0.007306691972621202,-0.185303845052736
4320260307020009,岐阜競輪,9R,23:30,2-4,2,4,12.1,0.06693907573666989,-0.1900371835862943
3620260308010009,小田原競輪,9R,14:30,5-7,5,7,9.4,0.08584979426745153,-0.1930119338859556
2220260307020003,前橋競輪,3R,16:46,4-5,4,5,11.2,0.0719646658416736,-0.1939957425732557
8120260306030006,小倉競輪,6R,17:49,2-3,2,3,21.7,0.03714104609750814,-0.1940392996840734
4320260307020001,岐阜競輪,1R,20:50,2-4,2,4,10.3,0.07803591393144388,-0.19623008650612794
4320260307020003,岐阜競輪,3R,21:30,2-5,2,5,10.5,0.07626903865726364,-0.1991750940987318
8320260307020006,久留米競輪,6R,22:20,3-4,3,4,14.6,0.05464887733899343,-0.20212639085069595
3620260308010012,小田原競輪,12R,16:02,4-5,4,5,34.8,0.022927094672167064,-0.2021371054085862
7520260305040006,松山競輪,6R,13:22,3-8,3,8,17.2,0.04636688010380925,-0.20248966221448095
2220260307020011,前橋競輪,11R,20:16,4-6,4,6,25.8,0.030838037486222332,-0.20437863285546376
2220260307020006,前橋競輪,6R,18:02,4-6,4,6,10.7,0.07421157238740775,-0.2059361754547372
8120260306030008,小倉競輪,8R,18:41,2-4,2,4,21.2,0.03743219703207469,-0.20643742292001654
3620260308010012,小田原競輪,12R,16:02,5-6,5,6,35.3,0.0223583450865815,-0.21075041844367304
7520260305040012,松山競輪,12R,16:20,3-8,3,8,49.7,0.015830848670856285,-0.21320682105844257
7520260305040008,松山競輪,8R,14:16,8-9,8,9,74.2,0.010582569472594179,-0.21477334513351187
7520260305040005,松山競輪,5R,12:56,2-7,2,7,21.7,0.036084473388543446,-0.21696692746860724
2220260307020009,前橋競輪,9R,19:20,2-5,2,5,10.6,0.07381660630060907,-0.2175439732135439
8120260306030009,小倉競輪,9R,19:07,1-2,1,2,21.7,0.03605219620645218,-0.21766734231998763
8120260306030011,小倉競輪,11R,20:02,1-3,1,3,8.5,0.09194498687436942,-0.21846761156786
8120260306030009,小倉競輪,9R,19:07,2-4,2,4,36.8,0.021204686918385778,-0.2196675214034034
8120260306030009,小倉競輪,9R,19:07,5-7,5,7,8.4,0.0927243699711437,-0.2211152922423929
8120260306030008,小倉競輪,8R,18:41,1-2,1,2,21.2,0.0366597960836897,-0.22281232302577836
7520260305040012,松山競輪,12R,16:20,7-9,7,9,8.9,0.08729680300424686,-0.22305845326220297
8120260306030002,小倉競輪,2R,16:14,2-7,2,7,13.5,0.0574996045212763,-0.2237553389627699
3620260308010005,小田原競輪,5R,12:43,6-7,6,7,44.9,0.01720990314797488,-0.2272753486559279
8120260306030011,小倉競輪,11R,20:02,1-6,1,6,56.6,0.013640781116695543,-0.2279317887950323
8120260306030010,小倉競輪,10R,19:34,2-4,2,4,36.0,0.021223936162439387,-0.23593829815218204
2820260307020002,立川競輪,2R,09:10,3-4,3,4,10.1,0.07532796444492673,-0.23918755910624
4320260307020005,岐阜競輪,5R,22:10,1-2,1,2,8.6,0.0883774403381054,-0.23995401309229358
3620260308010011,小田原競輪,11R,15:28,2-4,2,4,13.4,0.056715701495208035,-0.24000959996421234
8120260306030007,小倉競輪,7R,18:15,1-4,1,4,9.5,0.07994122348002479,-0.24055837693976445
8120260306030010,小倉競輪,10R,19:34,1-4,1,4,14.4,0.05253655212644256,-0.2434736493792271
8120260306030008,小倉競輪,8R,18:41,1-6,1,6,28.7,0.026313950963867697,-0.24478960733699717
7520260305040012,松山競輪,12R,16:20,6-8,6,8,64.2,0.011745609789641842,-0.24593185150499375
8120260306030001,小倉競輪,1R,15:54,2-5,2,5,45.4,0.016595914931467448,-0.24654546211137784
2220260307020009,前橋競輪,9R,19:20,2-3,2,3,11.2,0.06720451400200983,-0.24730944317748993
8320260307020007,久留米競輪,7R,22:40,5-6,5,6,18.7,0.040150628158474366,-0.24918325343652936
8320260307020008,久留米競輪,8R,23:00,1-7,1,7,12.0,0.06250942735477213,-0.24988687174273438
7520260305040005,松山競輪,5R,12:56,8-9,8,9,61.2,0.012208627537138542,-0.25283199472712126
4320260307020009,岐阜競輪,9R,23:30,5-6,5,6,48.7,0.015322541770977069,-0.2537922157534167
7520260305040005,松山競輪,5R,12:56,4-7,4,7,42.1,0.017715948164975306,-0.2541585822545396
2820260307020005,立川競輪,5R,10:13,3-5,3,5,13.8,0.053889684011446774,-0.2563223606420345
2820260307020003,立川競輪,3R,09:31,5-7,5,7,7.5,0.09908152375421211,-0.2568885718434092
2220260307020011,前橋競輪,11R,20:16,2-3,2,3,8.0,0.09279148945871862,-0.257668084330251
2220260307020010,前橋競輪,10R,19:48,3-5,3,5,11.4,0.06511426535681641,-0.25769737493229283
4320260307020002,岐阜競輪,2R,21:10,3-7,3,7,15.7,0.04706653942436568,-0.2610553310374589
8320260307020006,久留米競輪,6R,22:20,1-2,1,2,9.7,0.07615695381467553,-0.26127754799764735
8320260307020005,久留米競輪,5R,22:00,1-6,1,6,14.2,0.051938375698443305,-0.26247506508210505
7520260305040010,松山競輪,10R,15:12,8-9,8,9,37.8,0.019500090771168488,-0.26289656884983126
7520260305040009,松山競輪,9R,14:44,4-8,4,8,61.8,0.011911452635875584,-0.26387222710288893
2220260307020005,前橋競輪,5R,17:36,2-5,2,5,10.6,0.06944048665683125,-0.2639308414375887
8320260307020002,久留米競輪,2R,21:00,1-7,1,7,12.0,0.061327531839278714,-0.26406961792865546
2820260307020003,立川競輪,3R,09:31,3-7,3,7,10.8,0.06797668393327723,-0.26585181352060583
3620260308010007,小田原競輪,7R,13:35,2-5,2,5,17.0,0.042872134529569464,-0.27117371299731907
7520260305040012,松山競輪,12R,16:20,7-8,7,8,14.7,0.049560228133548156,-0.2714646464368421
2220260307020008,前橋競輪,8R,18:54,2-3,2,3,12.3,0.059177268351924356,-0.27211959927133034
8120260306030008,小倉競輪,8R,18:41,2-5,2,5,32.6,0.02231942334683748,-0.27238679889309814
7520260305040009,松山競輪,9R,14:44,2-4,2,4,17.8,0.040872362750027584,-0.27247194304950895
8320260307020002,久留米競輪,2R,21:00,2-3,2,3,12.0,0.06019364793104241,-0.2776762248274911
7520260305040004,松山競輪,4R,12:30,1-9,1,9,12.2,0.05901856097737615,-0.27997355607601104
8320260307020007,久留米競輪,7R,22:40,1-7,1,7,18.7,0.03850262615629295,-0.28000089087732183
3620260308010005,小田原競輪,5R,12:43,2-5,2,5,7.1,0.1014019658178527,-0.28004604269324584
4320260307020005,岐阜競輪,5R,22:10,4-5,4,5,17.2,0.04168485409970342,-0.28302050948510127
8120260306030003,小倉競輪,3R,16:35,2-4,2,4,6.4,0.11139497523517305,-0.2870721584948924
4320260307020003,岐阜競輪,3R,21:30,2-4,2,4,10.5,0.06773800029573142,-0.2887509968948201
7520260305040008,松山競輪,8R,14:16,5-6,5,6,43.2,0.01644506890456243,-0.289573023322903
2820260307020001,立川競輪,1R,08:50,1-2,1,2,12.9,0.05502220031056527,-0.290213615993708
7520260305040005,松山競輪,5R,12:56,7-8,7,8,36.9,0.019088085823907343,-0.2956496330978191
7520260305040006,松山競輪,6R,13:22,1-3,1,3,12.4,0.056788558541033235,-0.2958218740911879
2820260307020005,立川競輪,5R,10:13,6-7,6,7,28.1,0.025049981060168668,-0.29609553220926044
2820260307020007,立川競輪,7R,10:55,1-4,1,4,6.0,0.11678462362962927,-0.2992922582222244
2220260307020008,前橋競輪,8R,18:54,2-6,2,6,11.6,0.06021961888807906,-0.30145242089828295
2220260307020007,前橋競輪,7R,18:28,4-5,4,5,9.8,0.07113177600243235,-0.30290859517616286
2820260307020006,立川競輪,6R,10:34,1-4,1,4,13.3,0.05229779128232595,-0.30443937594506487
4320260307020002,岐阜競輪,2R,21:10,1-2,1,2,7.8,0.08914564324655591,-0.3046639826768639
8120260306030006,小倉競輪,6R,17:49,3-4,3,4,12.0,0.05789964915800491,-0.30520421010394105
7520260305040004,松山競輪,4R,12:30,2-4,2,4,33.4,0.020767388646592,-0.3063692192038272
2220260307020007,前橋競輪,7R,18:28,3-6,3,6,21.7,0.031850745920277146,-0.308838813529986
8320260307020002,久留米競輪,2R,21:00,3-5,3,5,12.0,0.057531056234522565,-0.3096273251857292
7520260305040008,松山競輪,8R,14:16,1-2,1,2,9.1,0.07570472007939126,-0.31108704727753955
2820260307020007,立川競輪,7R,10:55,1-5,1,5,9.4,0.07321039914934496,-0.3118222479961573
7520260305040008,松山競輪,8R,14:16,2-5,2,5,23.1,0.02962177990695102,-0.31573688414943146
8120260306030006,小倉競輪,6R,17:49,1-5,1,5,9.4,0.07268442568621666,-0.31676639854956334
7520260305040006,松山競輪,6R,13:22,2-5,2,5,18.9,0.03613673573611691,-0.31701569458739054
4320260307020005,岐阜競輪,5R,22:10,3-5,3,5,17.2,0.03969386014671107,-0.31726560547656957
7520260305040003,松山競輪,3R,12:04,1-6,1,6,32.0,0.02122646746135464,-0.3207530412366515
8120260306030009,小倉競輪,9R,19:07,2-5,2,5,12.2,0.05557587280229215,-0.3219743518120358
8320260307020005,久留米競輪,5R,22:00,3-4,3,4,14.2,0.0476921917255449,-0.3227708774972625
8120260306030008,小倉競輪,8R,18:41,1-5,1,5,34.9,0.01937892644184552,-0.3236754671795914
8120260306030008,小倉競輪,8R,18:41,5-6,5,6,61.1,0.011045201718766988,-0.32513817498333697
8120260306030012,小倉競輪,12R,20:30,2-7,2,7,12.2,0.05522159408991165,-0.32629655210307784
4320260307020004,岐阜競輪,4R,21:50,1-6,1,6,9.7,0.06933981110223716,-0.3274038323082995
7520260305040009,松山競輪,9R,14:44,1-8,1,8,43.2,0.01549235626633252,-0.3307302092944351
8320260307020001,久留米競輪,1R,20:40,3-5,3,5,22.3,0.030003951696984374,-0.33091187715724846
2820260307020003,立川競輪,3R,09:31,4-6,4,6,84.8,0.007863786077837212,-0.3331509405994044
3620260308010006,小田原競輪,6R,13:09,2-3,2,3,9.2,0.07244067628743175,-0.3335457781556279
2820260307020004,立川競輪,4R,09:52,2-4,2,4,13.0,0.05119746321063743,-0.33443297826171337
4320260307020006,岐阜競輪,6R,22:30,2-5,2,5,11.2,0.05924069228613182,-0.3365042463953237
8120260306030011,小倉競輪,11R,20:02,1-7,1,7,5.8,0.11409681134631186,-0.3382384941913912
2220260307020009,前橋競輪,9R,19:20,5-7,5,7,11.9,0.05545768110665423,-0.34005359483081465
7520260305040004,松山競輪,4R,12:30,1-8,1,8,42.2,0.015614585398541015,-0.3410644961815691
8320260307020006,久留米競輪,6R,22:20,1-3,1,3,9.7,0.06764259384319,-0.343866839721057
7520260305040006,松山競輪,6R,13:22,7-8,7,8,28.0,0.02343103651041732,-0.34393097770831504
3620260308010004,小田原競輪,4R,12:17,1-5,1,5,13.8,0.04752597813991842,-0.3441415016691257
2220260307020007,前橋競輪,7R,18:28,1-5,1,5,4.7,0.1383209377096838,-0.3498915927644861
8120260306030011,小倉競輪,11R,20:02,2-6,2,6,73.2,0.008849138005369284,-0.3522430980069684
8320260307020002,久留米競輪,2R,21:00,2-5,2,5,12.0,0.053722797741029296,-0.3553264271076484
8320260307020007,久留米競輪,7R,22:40,3-4,3,4,18.7,0.034471050302274944,-0.3553913593474586
4320260307020007,岐阜競輪,7R,22:50,1-3,1,3,9.2,0.06964763853943814,-0.35924172543716915
7520260305040008,松山競輪,8R,14:16,7-9,7,9,33.7,0.018937585924867738,-0.3618033543319572
2220260307020010,前橋競輪,10R,19:48,1-5,1,5,12.6,0.05049808737050493,-0.36372409913163795
7520260305040001,松山競輪,1R,11:16,2-8,2,8,12.1,0.052547834069507054,-0.3641712077589646
7520260305040007,松山競輪,7R,13:48,3-4,3,4,68.3,0.009300018250990296,-0.36480875345736274
3620260308010008,小田原競輪,8R,14:02,3-5,3,5,9.9,0.0640344136172718,-0.3660593051890091
8120260306030006,小倉競輪,6R,17:49,2-6,2,6,12.4,0.05096563076641486,-0.3680261784964557
7520260305040006,松山競輪,6R,13:22,3-7,3,7,9.4,0.06718003285654356,-0.36850769114849047
4320260307020009,岐阜競輪,9R,23:30,3-7,3,7,24.3,0.02595331480572877,-0.3693344502207909
2220260307020007,前橋競輪,7R,18:28,2-6,2,6,18.1,0.03480094573254494,-0.37010288224093657
8120260306030004,小倉競輪,4R,16:58,3-7,3,7,9.0,0.06995274422871149,-0.3704253019415966
4320260307020006,岐阜競輪,6R,22:30,2-3,2,3,11.2,0.05605714861054941,-0.3721599355618467
2220260307020007,前橋競輪,7R,18:28,1-3,1,3,6.7,0.09322363865241277,-0.37540162102883434
4320260307020005,岐阜競輪,5R,22:10,5-7,5,7,17.2,0.035949096484094806,-0.38167554047356933
8320260307020001,久留米競輪,1R,20:40,1-3,1,3,7.4,0.08338642959634968,-0.3829404209870124
8120260306030007,小倉競輪,7R,18:15,3-6,3,6,26.4,0.023315522958284828,-0.38447019390128057
8120260306030008,小倉競輪,8R,18:41,2-3,2,3,8.7,0.07072037774202498,-0.38473271364438266
8320260307020007,久留米競輪,7R,22:40,1-3,1,3,9.3,0.06603947385141633,-0.3858328931818281
7520260305040012,松山競輪,12R,16:20,2-7,2,7,14.0,0.043866773616681745,-0.38586516936645554
2220260307020009,前橋競輪,9R,19:20,2-7,2,7,10.0,0.061193447205527524,-0.3880655279447247
2220260307020008,前橋競輪,8R,18:54,2-5,2,5,11.6,0.05266543317171755,-0.3890809752080765
7520260305040005,松山競輪,5R,12:56,2-8,2,8,31.0,0.019684242688582685,-0.3897884766539368
2820260307020004,立川競輪,4R,09:52,4-5,4,5,8.5,0.07162488207392279,-0.39118850237165637
8320260307020009,久留米競輪,9R,23:20,3-5,3,5,21.0,0.02887981375145813,-0.39352391121937924
3620260308010011,小田原競輪,11R,15:28,2-6,2,6,17.8,0.03405521325619464,-0.3938172040397353
8120260306030006,小倉競輪,6R,17:49,3-6,3,6,19.3,0.03136133087163786,-0.39472631417738935
3620260308010001,小田原競輪,1R,11:05,1-3,1,3,6.4,0.0943478854042701,-0.39617353341267136
4320260307020001,岐阜競輪,1R,20:50,4-5,4,5,7.3,0.0825666210562727,-0.3972636662892093
8320260307020001,久留米競輪,1R,20:40,2-3,2,3,8.9,0.06769942126424816,-0.3974751507481914
7520260305040010,松山競輪,10R,15:12,1-8,1,8,32.1,0.018749796807999465,-0.39813152246321715
7520260305040004,松山競輪,4R,12:30,2-6,2,6,68.8,0.008747473550235477,-0.3981738197437992
2820260307020006,立川競輪,6R,10:34,3-7,3,7,9.8,0.06138325396858293,-0.39844411110788724
8320260307020007,久留米競輪,7R,22:40,1-6,1,6,9.3,0.0646413544003096,-0.3988354040771206
4320260307020006,岐阜競輪,6R,22:30,2-6,2,6,11.2,0.053247382379925476,-0.40362931734483476
7520260305040006,松山競輪,6R,13:22,3-6,3,6,21.6,0.02754768545046171,-0.4049699942700271
8120260306030006,小倉競輪,6R,17:49,2-5,2,5,14.5,0.04102057091045341,-0.4052017217984255
7520260305040003,松山競輪,3R,12:04,7-9,7,9,7.8,0.07612774601025278,-0.4062035811200283
3620260308010005,小田原競輪,5R,12:43,1-4,1,4,14.9,0.03983472397514264,-0.40646261277037465
7520260305040009,松山競輪,9R,14:44,5-6,5,6,52.1,0.011389312142853077,-0.40661683735735465
2220260307020011,前橋競輪,11R,20:16,4-5,4,5,15.5,0.038227353498839996,-0.40747602076798006
7520260305040009,松山競輪,9R,14:44,8-9,8,9,52.0,0.011347437510575502,-0.4099332494500739
8120260306030003,小倉競輪,3R,16:35,2-3,2,3,7.8,0.07562449536576343,-0.41012893614704526
8120260306030005,小倉競輪,5R,17:23,1-2,1,2,10.2,0.057699098294738654,-0.4114691973936657
4320260307020001,岐阜競輪,1R,20:50,2-3,2,3,17.2,0.03419507502557933,-0.4118447095600356
7520260305040009,松山競輪,9R,14:44,3-8,3,8,26.6,0.022039650482089876,-0.4137452971764093
3620260308010012,小田原競輪,12R,16:02,3-5,3,5,11.9,0.04918428520529584,-0.4147070060569795
4320260307020003,岐阜競輪,3R,21:30,1-5,1,5,8.4,0.06960747931042274,-0.4152971737924489
3620260308010002,小田原競輪,2R,11:28,3-5,3,5,8.8,0.06634433428916595,-0.4161698582553396
4320260307020006,岐阜競輪,6R,22:30,2-4,2,4,11.2,0.051900069046865255,-0.4187192266751092
8320260307020001,久留米競輪,1R,20:40,1-4,1,4,6.8,0.08545752369645682,-0.41888883886409367
7520260305040006,松山競輪,6R,13:22,1-7,1,7,21.6,0.026853551546039387,-0.41996328660554916
8320260307020009,久留米競輪,9R,23:20,1-5,1,5,14.0,0.04140879842914376,-0.42027682199198735
4320260307020008,岐阜競輪,8R,23:10,1-3,1,3,4.8,0.1205270597939015,-0.42147011298927284
8120260306030009,小倉競輪,9R,19:07,3-5,3,5,9.5,0.06087209530494672,-0.42171509460300616
7520260305040012,松山競輪,12R,16:20,1-5,1,5,20.4,0.0282241943251917,-0.4242264357660893
8320260307020004,久留米競輪,4R,21:40,2-4,2,4,17.2,0.03340870072118374,-0.42537034759563974
8120260306030003,小倉競輪,3R,16:35,2-7,2,7,6.2,0.09234032100138363,-0.4274900097914215
3620260308010002,小田原競輪,2R,11:28,4-6,4,6,14.3,0.03996892421354252,-0.428444383746342
8320260307020009,久留米競輪,9R,23:20,2-5,2,5,14.0,0.04063168964025844,-0.4311563450363818
8120260306030007,小倉競輪,7R,18:15,2-5,2,5,6.3,0.09007816125658241,-0.43250758408353085
7520260305040004,松山競輪,4R,12:30,7-9,7,9,10.6,0.05331155374446285,-0.4348975303086938
7520260305040012,松山競輪,12R,16:20,1-9,1,9,13.2,0.04274277144830407,-0.4357954168823862
8120260306030007,小倉競輪,7R,18:15,1-3,1,3,11.1,0.05066212706305223,-0.43765038960012026
3620260308010007,小田原競輪,7R,13:35,4-7,4,7,5.5,0.10211900042243152,-0.43834549767662667
4320260307020004,岐阜競輪,4R,21:50,2-4,2,4,9.7,0.05783584738596463,-0.4389922803561431
4320260307020009,岐阜競輪,9R,23:30,1-4,1,4,6.9,0.08114358709080893,-0.4401092490734183
8320260307020007,久留米競輪,7R,22:40,2-3,2,3,9.3,0.05987822532535547,-0.44313250447419406
7520260305040002,松山競輪,2R,11:40,2-5,2,5,10.2,0.053889423846379986,-0.4503278767669242
3620260308010004,小田原競輪,4R,12:17,1-4,1,4,9.9,0.05549696168486323,-0.450580079319854
7520260305040005,松山競輪,5R,12:56,3-5,3,5,8.9,0.06171175687823466,-0.45076536378371157
7520260305040009,松山競輪,9R,14:44,2-9,2,9,17.4,0.031524652513536824,-0.45147104626445933
2220260307020010,前橋競輪,10R,19:48,6-7,6,7,22.8,0.024032163802058075,-0.4520666653130758
7520260305040011,松山競輪,11R,15:44,1-7,1,7,8.8,0.06204981493020842,-0.4539616286141659
7520260305040007,松山競輪,7R,13:48,5-9,5,9,6.8,0.08000280055194664,-0.4559809562467628
2220260307020010,前橋競輪,10R,19:48,2-7,2,7,14.2,0.03828338618224512,-0.45637591621211937
2220260307020007,前橋競輪,7R,18:28,3-4,3,4,15.5,0.03506816159680676,-0.45644349524949523
7520260305040008,松山競輪,8R,14:16,5-9,5,9,31.7,0.017110407577006215,-0.45760007980890305
8320260307020005,久留米競輪,5R,22:00,3-6,3,6,14.2,0.037999890610651565,-0.46040155332874777
4320260307020001,岐阜競輪,1R,20:50,3-5,3,5,17.2,0.03128779340929916,-0.4618499533600545
8320260307020009,久留米競輪,9R,23:20,1-3,1,3,7.0,0.07687430634438239,-0.4618798555893233
8320260307020005,久留米競輪,5R,22:00,1-2,1,2,7.1,0.07570692804849723,-0.4624808108556697
4320260307020002,岐阜競輪,2R,21:10,2-5,2,5,15.7,0.03418103952962867,-0.46335767938482986
2220260307020009,前橋競輪,9R,19:20,3-7,3,7,10.6,0.050497539341306436,-0.4647260829821518
8320260307020009,久留米競輪,9R,23:20,1-4,1,4,8.4,0.0635528618767864,-0.4661559602349943
7520260305040012,松山競輪,12R,16:20,1-8,1,8,27.1,0.01968445087882015,-0.4665513811839739
3620260308010001,小田原競輪,1R,11:05,3-7,3,7,12.6,0.042088393858998166,-0.4696862373766231
8320260307020009,久留米競輪,9R,23:20,2-3,2,3,7.0,0.0751888360130892,-0.4736781479083756
7520260305040003,松山競輪,3R,12:04,1-8,1,8,44.8,0.011702178551452619,-0.4757424008949227
4320260307020004,岐阜競輪,4R,21:50,2-3,2,3,9.7,0.0539991563490603,-0.4762081834141151
7520260305040012,松山競輪,12R,16:20,8-9,8,9,14.2,0.036679558238436966,-0.4791502730141951
4320260307020002,岐阜競輪,2R,21:10,3-4,3,4,7.8,0.06636497285662195,-0.4823532117183488
2820260307020004,立川競輪,4R,09:52,4-7,4,7,9.1,0.05680448128412792,-0.48307922031443595
7520260305040003,松山競輪,3R,12:04,3-7,3,7,21.1,0.024433218656578538,-0.48445908634619284
2220260307020007,前橋競輪,7R,18:28,2-4,2,4,13.5,0.03815933798750664,-0.4848489371686604
8120260306030005,小倉競輪,5R,17:23,1-4,1,4,6.2,0.0830424273474662,-0.4851369504457096
3620260308010004,小田原競輪,4R,12:17,3-4,3,4,14.0,0.0367500836793544,-0.48549882848903836
2820260307020003,立川競輪,3R,09:31,3-5,3,5,9.0,0.05707744345498246,-0.4863030089051579
4320260307020004,岐阜競輪,4R,21:50,1-2,1,2,4.8,0.10699167570992006,-0.4864399565923837
8120260306030009,小倉競輪,9R,19:07,2-3,2,3,19.1,0.026871947736520803,-0.4867457982324527
8320260307020008,久留米競輪,8R,23:00,1-6,1,6,12.0,0.042518051243256236,-0.4897833850809252
3620260308010004,小田原競輪,4R,12:17,4-5,4,5,6.9,0.07378757209498818,-0.49086575254458154
8120260306030003,小倉競輪,3R,16:35,1-4,1,4,11.5,0.044214313740613784,-0.4915353919829415
7520260305040011,松山競輪,11R,15:44,5-8,5,8,37.5,0.013503351906586157,-0.4936243035030191
4320260307020001,岐阜競輪,1R,20:50,1-5,1,5,6.4,0.07828357154889128,-0.49898514208709577
8120260306030004,小倉競輪,4R,16:58,2-4,2,4,14.4,0.034764956810390504,-0.4993846219303767
4320260307020004,岐阜競輪,4R,21:50,2-5,2,5,9.7,0.05146680318754672,-0.5007720090807968
8320260307020002,久留米競輪,2R,21:00,5-6,5,6,12.0,0.041584594202746565,-0.5009848695670412
2220260307020001,前橋競輪,1R,16:06,2-5,2,5,23.0,0.021635895483337216,-0.5023744038832441
8120260306030008,小倉競輪,8R,18:41,5-7,5,7,11.3,0.043932733102288624,-0.5035601159441385
2220260307020004,前橋競輪,4R,17:10,2-3,2,3,5.1,0.09688634349474869,-0.5058796481767818
2820260307020006,立川競輪,6R,10:34,4-7,4,7,6.2,0.07935926061711909,-0.5079725841738616
2220260307020011,前橋競輪,11R,20:16,2-5,2,5,5.4,0.09080670037274463,-0.509643817987179
2220260307020001,前橋競輪,1R,16:06,2-3,2,3,7.3,0.06680836000602973,-0.512298971955983
7520260305040005,松山競輪,5R,12:56,2-3,2,3,7.3,0.06666957419273443,-0.5133121083930386
7520260305040009,松山競輪,9R,14:44,7-8,7,8,28.4,0.01710579831570539,-0.5141953278339669
4320260307020007,岐阜競輪,7R,22:50,1-6,1,6,14.3,0.033861508709859565,-0.5157804254490082
8120260306030009,小倉競輪,9R,19:07,2-6,2,6,16.5,0.029034677831110585,-0.5209278157866754
7520260305040011,松山競輪,11R,15:44,7-8,7,8,20.4,0.023476330410999287,-0.5210828596156145
3620260308010012,小田原競輪,12R,16:02,1-2,1,2,13.5,0.03535533516418013,-0.5227029752835682
8120260306030008,小倉競輪,8R,18:41,3-4,3,4,6.9,0.06915903944691487,-0.5228026278162874
4320260307020005,岐阜競輪,5R,22:10,2-3,2,3,8.6,0.05527485646264964,-0.5246362344212132
8120260306030005,小倉競輪,5R,17:23,1-5,1,5,7.8,0.0608174040858559,-0.5256242481303239
4320260307020005,岐阜競輪,5R,22:10,2-6,2,6,17.2,0.027554537914746283,-0.526061947866364
2220260307020008,前橋競輪,8R,18:54,3-7,3,7,18.0,0.026194013075097635,-0.5285077646482426
8320260307020001,久留米競輪,1R,20:40,1-5,1,5,8.9,0.052805504144375515,-0.5300310131150578
7520260305040008,松山競輪,8R,14:16,2-9,2,9,18.6,0.02526015774356983,-0.5301610659696012
7520260305040011,松山競輪,11R,15:44,1-9,1,9,22.3,0.020968046114167534,-0.532412571654064
3620260308010012,小田原競輪,12R,16:02,1-6,1,6,12.5,0.037394626276130306,-0.5325671715483712
2220260307020001,前橋競輪,1R,16:06,3-6,3,6,18.0,0.025925276866076267,-0.5333450164106273
8320260307020005,久留米競輪,5R,22:00,1-7,1,7,14.2,0.032718442856673566,-0.5353981114352354
2220260307020001,前橋競輪,1R,16:06,3-4,3,4,3.9,0.11826374390965991,-0.5387713987523264
7520260305040006,松山競輪,6R,13:22,3-9,3,9,9.2,0.04999202118455582,-0.5400734051020866
2820260307020005,立川競輪,5R,10:13,1-7,1,7,11.5,0.039933692201874205,-0.5407625396784467
3620260308010003,小田原競輪,3R,11:52,1-3,1,3,3.3,0.13904166148480604,-0.5411625171001401
8120260306030011,小倉競輪,11R,20:02,4-6,4,6,77.8,0.005887406459106421,-0.5419597774815205
7520260305040009,松山競輪,9R,14:44,6-8,6,8,82.2,0.0055625643620897305,-0.5427572094362241
7520260305040007,松山競輪,7R,13:48,3-9,3,9,17.1,0.026629236348799636,-0.5446400584355262
3620260308010009,小田原競輪,9R,14:30,3-5,3,5,3.8,0.11871452735406082,-0.5488847960545689
4320260307020005,岐阜競輪,5R,22:10,1-4,1,4,5.7,0.07912151503089052,-0.549007364323924
7520260305040007,松山競輪,7R,13:48,2-5,2,5,7.1,0.06310557446800501,-0.5519504212771644
8320260307020008,久留米競輪,8R,23:00,1-4,1,4,6.0,0.07466225133835692,-0.5520264919698584
3620260308010011,小田原競輪,11R,15:28,2-7,2,7,5.3,0.08441883723788962,-0.5525801626391851
4320260307020002,岐阜競輪,2R,21:10,1-3,1,3,5.2,0.08545189335366082,-0.5556501545609638
2820260307020003,立川競輪,3R,09:31,1-4,1,4,7.1,0.06237606787972417,-0.5571299180539584
7520260305040002,松山競輪,2R,11:40,5-9,5,9,4.6,0.0958173892557516,-0.5592400094235427
7520260305040008,松山競輪,8R,14:16,1-9,1,9,10.0,0.043924547218557354,-0.5607545278144265
3620260308010008,小田原競輪,8R,14:02,4-5,4,5,7.8,0.05620758200046653,-0.561580860396361
8120260306030008,小倉競輪,8R,18:41,1-7,1,7,6.6,0.0662980881687464,-0.5624326180862738
3620260308010011,小田原競輪,11R,15:28,1-7,1,7,6.8,0.06417488688377869,-0.563610769190305
8120260306030006,小倉競輪,6R,17:49,4-5,4,5,7.1,0.06124415889075489,-0.5651664718756403
2220260307020007,前橋競輪,7R,18:28,4-6,4,6,36.2,0.012009874021864632,-0.5652425604085003
4320260307020008,岐阜競輪,8R,23:10,1-2,1,2,3.2,0.13585789856994498,-0.5652547245761761
7520260305040007,松山競輪,7R,13:48,5-6,5,6,24.4,0.01772237964750199,-0.5675739366009515
2820260307020001,立川競輪,1R,08:50,1-6,1,6,80.7,0.00534840214725862,-0.5683839467162294
7520260305040005,松山競輪,5R,12:56,6-8,6,8,33.3,0.012897360870435273,-0.5705178830145055
8120260306030009,小倉競輪,9R,19:07,1-4,1,4,11.6,0.0369366987680108,-0.5715342942910748
4320260307020006,岐阜競輪,6R,22:30,1-3,1,3,5.6,0.07644050650876526,-0.5719331635509146
8120260306030009,小倉競輪,9R,19:07,1-5,1,5,5.3,0.08074135492681446,-0.5720708188878834
8320260307020007,久留米競輪,7R,22:40,1-4,1,4,6.2,0.06890960070938637,-0.5727604756018045
8320260307020009,久留米競輪,9R,23:20,4-5,4,5,21.0,0.020226709659257235,-0.5752390971555981
4320260307020009,岐阜競輪,9R,23:30,4-6,4,6,24.3,0.01740905171368687,-0.5769600433574091
8320260307020002,久留米競輪,2R,21:00,2-7,2,7,12.0,0.03517361143825507,-0.5779166627409391
2820260307020007,立川競輪,7R,10:55,1-2,1,2,6.7,0.06247745866821587,-0.5814010269229537
8320260307020006,久留米競輪,6R,22:20,1-5,1,5,7.3,0.05729351200403862,-0.5817573623705181
3620260308010006,小田原競輪,6R,13:09,3-4,3,4,4.1,0.10177105462991083,-0.5827386760173656
8320260307020001,久留米競輪,1R,20:40,2-4,2,4,5.9,0.07060788385606134,-0.5834134852492381
8320260307020002,久留米競輪,2R,21:00,1-6,1,6,6.0,0.06938403339170103,-0.5836957996497938
4320260307020005,岐阜競輪,5R,22:10,2-5,2,5,8.6,0.04831370255601698,-0.5845021580182539
8120260306030012,小倉競輪,12R,20:30,2-5,2,5,7.1,0.05844714758627865,-0.5850252521374216
3620260308010008,小田原競輪,8R,14:02,3-7,3,7,6.7,0.061749607650363324,-0.5862776287425657
4320260307020001,岐阜競輪,1R,20:50,3-4,3,4,5.7,0.07254625360473554,-0.5864863544530075
4320260307020006,岐阜競輪,6R,22:30,5-6,5,6,11.2,0.03661691411714865,-0.5898905618879351
7520260305040010,松山競輪,10R,15:12,7-9,7,9,10.5,0.038663901966537705,-0.5940290293513542
7520260305040012,松山競輪,12R,16:20,1-3,1,3,22.2,0.01827345467237993,-0.5943293062731656
3620260308010009,小田原競輪,9R,14:30,3-7,3,7,5.8,0.06984262442301795,-0.5949127783464959
2820260307020004,立川競輪,4R,09:52,5-7,5,7,6.0,0.06637561203485394,-0.6017463277908763
8320260307020002,久留米競輪,2R,21:00,3-4,3,4,12.0,0.03313604107700138,-0.6023675070759834
7520260305040001,松山競輪,1R,11:16,2-7,2,7,7.9,0.04981284475663468,-0.606478526422586
8120260306030001,小倉競輪,1R,15:54,2-7,2,7,5.5,0.07154744900028075,-0.6064890304984558
7520260305040002,松山競輪,2R,11:40,2-9,2,9,8.3,0.04732730879427026,-0.6071833370075568
3620260308010011,小田原競輪,11R,15:28,2-3,2,3,12.6,0.030932503581386394,-0.6102504548745314
8120260306030006,小倉競輪,6R,17:49,3-5,3,5,15.1,0.025768841925070788,-0.6108904869314311
8320260307020007,久留米競輪,7R,22:40,2-4,2,4,6.2,0.06257403962353418,-0.6120409543340881
3620260308010010,小田原競輪,10R,14:58,1-7,1,7,5.3,0.0730315032163871,-0.6129330329531484
8320260307020009,久留米競輪,9R,23:20,3-4,3,4,8.4,0.045747079932519405,-0.6157245285668369
2820260307020006,立川競輪,6R,10:34,5-7,5,7,4.9,0.07840981264429375,-0.6157919180429605
7520260305040010,松山競輪,10R,15:12,2-7,2,7,8.2,0.046738749000981114,-0.6167422581919548
8120260306030006,小倉競輪,6R,17:49,1-4,1,4,2.6,0.14724484585345082,-0.6171634007810278
7520260305040006,松山競輪,6R,13:22,4-8,4,8,28.1,0.01356252086171396,-0.6188931637858377
4320260307020005,岐阜競輪,5R,22:10,1-5,1,5,5.7,0.06626758676881062,-0.6222747554177794
2220260307020011,前橋競輪,11R,20:16,2-7,2,7,3.8,0.09939205963221359,-0.6223101733975884
2220260307020010,前橋競輪,10R,19:48,2-4,2,4,7.6,0.04961578919037327,-0.6229200021531631
7520260305040001,松山競輪,1R,11:16,1-9,1,9,17.2,0.021802632364903575,-0.6249947233236586
8120260306030003,小倉競輪,3R,16:35,3-4,3,4,9.5,0.03936381975999637,-0.6260437122800344
3620260308010008,小田原競輪,8R,14:02,2-5,2,5,11.7,0.0315969298649825,-0.6303159205797049
4320260307020002,岐阜競輪,2R,21:10,1-5,1,5,7.8,0.04733189296864612,-0.6308112348445603
8120260306030011,小倉競輪,11R,20:02,3-6,3,6,42.9,0.008588464097670992,-0.6315548902099144
8320260307020008,久留米競輪,8R,23:00,4-7,4,7,12.0,0.030600978789050874,-0.6327882545313895
4320260307020008,岐阜競輪,8R,23:10,2-3,2,3,4.8,0.0764043811135299,-0.6332589706550564
2220260307020007,前橋競輪,7R,18:28,2-5,2,5,3.5,0.10386604584669173,-0.636468839536579
7520260305040001,松山競輪,1R,11:16,2-9,2,9,5.4,0.06682784183819311,-0.6391296540737572
4320260307020008,岐阜競輪,8R,23:10,1-5,1,5,3.2,0.11271324151586481,-0.6393176271492326
4320260307020002,岐阜競輪,2R,21:10,2-3,2,3,5.2,0.06861493481549918,-0.6432023389594042
2820260307020002,立川競輪,2R,09:10,2-3,2,3,4.9,0.072803166372572,-0.6432644847743971
3620260308010007,小田原競輪,7R,13:35,4-5,4,5,6.2,0.05696568558594864,-0.6468127493671184
2220260307020010,前橋競輪,10R,19:48,1-2,1,2,8.7,0.04023971348869787,-0.6499144926483286
3620260308010010,小田原競輪,10R,14:58,5-7,5,7,6.4,0.05456339329583161,-0.6507942829066777
2820260307020004,立川競輪,4R,09:52,2-5,2,5,5.7,0.06123374043566765,-0.6509676795166943
8320260307020002,久留米競輪,2R,21:00,2-4,2,4,12.0,0.02901906227011402,-0.6517712527586318
3620260308010003,小田原競輪,3R,11:52,1-4,1,4,4.5,0.07691874306917401,-0.653865656188717
3620260308010002,小田原競輪,2R,11:28,1-3,1,3,3.8,0.09056081974852459,-0.6558688849556066
2220260307020009,前橋競輪,9R,19:20,3-5,3,5,5.6,0.0609293446847008,-0.6587956697656756
8320260307020008,久留米競輪,8R,23:00,2-4,2,4,6.0,0.056839775407565574,-0.6589613475546066
8320260307020005,久留米競輪,5R,22:00,1-3,1,3,7.1,0.04790874020228935,-0.6598479445637456
8320260307020005,久留米競輪,5R,22:00,2-4,2,4,4.7,0.07132400866491004,-0.6647771592749228
7520260305040002,松山競輪,2R,11:40,1-5,1,5,5.0,0.06703008655370454,-0.6648495672314773
7520260305040009,松山競輪,9R,14:44,2-3,2,3,5.0,0.06699260883396035,-0.6650369558301983
3620260308010002,小田原競輪,2R,11:28,3-7,3,7,5.3,0.06271112634291202,-0.6676310303825663
8320260307020002,久留米競輪,2R,21:00,1-5,1,5,4.0,0.0829205322506132,-0.6683178709975472
7520260305040003,松山競輪,3R,12:04,4-7,4,7,9.5,0.034771412610665006,-0.6696715801986824
7520260305040007,松山競輪,7R,13:48,7-9,7,9,13.5,0.024343576902841293,-0.6713617118116426
7520260305040002,松山競輪,2R,11:40,2-8,2,8,17.4,0.018726966181507036,-0.6741507884417777
4320260307020001,岐阜競輪,1R,20:50,1-4,1,4,2.5,0.12837030286481482,-0.6790742428379629
3620260308010005,小田原競輪,5R,12:43,2-6,2,6,8.6,0.03715153966448528,-0.6804967588854267
8320260307020002,久留米競輪,2R,21:00,1-4,1,4,6.0,0.053149755896775217,-0.6811014646193487
4320260307020008,岐阜競輪,8R,23:10,1-4,1,4,9.7,0.03251365458323136,-0.6846175505426558
4320260307020005,岐阜競輪,5R,22:10,1-3,1,3,4.3,0.0731189890228315,-0.6855883472018246
7520260305040004,松山競輪,4R,12:30,5-9,5,9,7.7,0.04067988963319048,-0.6867648498244332
2220260307020004,前橋競輪,4R,17:10,2-4,2,4,4.0,0.07810123879854017,-0.6875950448058393
2220260307020002,前橋競輪,2R,16:26,4-5,4,5,10.7,0.029160796371806512,-0.6879794788216703
8120260306030012,小倉競輪,12R,20:30,1-2,1,2,2.2,0.1416854250078627,-0.688292064982702
8320260307020007,久留米競輪,7R,22:40,3-6,3,6,9.3,0.03316263455421034,-0.6915874986458438
2220260307020004,前橋競輪,4R,17:10,2-7,2,7,4.2,0.07339877089688861,-0.6917251622330678
4320260307020006,岐阜競輪,6R,22:30,1-5,1,5,3.7,0.08229819594344394,-0.6954966750092575
8120260306030011,小倉競輪,11R,20:02,6-7,6,7,24.4,0.012452491802710472,-0.6961592000138646
8120260306030011,小倉競輪,11R,20:02,3-5,3,5,9.1,0.03335477998689076,-0.6964715021192941
8120260306030007,小倉競輪,7R,18:15,4-5,4,5,2.5,0.12116319630940582,-0.6970920092264854
7520260305040012,松山競輪,12R,16:20,3-7,3,7,8.4,0.03603275433714933,-0.6973248635679457
2820260307020002,立川競輪,2R,09:10,1-3,1,3,3.4,0.08884079066411352,-0.6979413117420141
7520260305040008,松山競輪,8R,14:16,5-8,5,8,24.5,0.01224887066046276,-0.6999026688186625
7520260305040005,松山競輪,5R,12:56,1-7,1,7,9.1,0.03271846891675771,-0.7022619328575048
7520260305040009,松山競輪,9R,14:44,2-8,2,8,12.9,0.022825588227945094,-0.7055499118595083
4320260307020009,岐阜競輪,9R,23:30,1-5,1,5,3.7,0.07790648721411668,-0.7117459973077682
7520260305040006,松山競輪,6R,13:22,2-7,2,7,5.4,0.052858442452453844,-0.7145644107567493
7520260305040009,松山競輪,9R,14:44,3-7,3,7,5.4,0.05279916355608777,-0.7148845167971261
2820260307020006,立川競輪,6R,10:34,1-5,1,5,5.5,0.05166049496324662,-0.7158672777021435
4320260307020004,岐阜競輪,4R,21:50,1-4,1,4,3.2,0.08822331137368943,-0.7176854036041938
3620260308010012,小田原競輪,12R,16:02,2-6,2,6,16.3,0.017300170370076338,-0.7180072229677557
2820260307020005,立川競輪,5R,10:13,2-7,2,7,6.5,0.04308683041284622,-0.7199356023164996
2820260307020005,立川競輪,5R,10:13,4-7,4,7,4.4,0.06266537724008947,-0.7242723401436063
7520260305040007,松山競輪,7R,13:48,4-8,4,8,27.3,0.010088172421737323,-0.724592892886571
8320260307020005,久留米競輪,5R,22:00,2-3,2,3,4.7,0.05768479625779268,-0.7288814575883744
2220260307020009,前橋競輪,9R,19:20,2-4,2,4,5.0,0.05392833578809246,-0.7303583210595377
4320260307020002,岐阜競輪,2R,21:10,3-5,3,5,7.8,0.03441455532620951,-0.7315664684555658
2820260307020001,立川競輪,1R,08:50,2-5,2,5,1.9,0.13928228979544588,-0.7353636493886528
2220260307020005,前橋競輪,5R,17:36,5-6,5,6,3.0,0.08753093397555338,-0.7374071980733399
8120260306030008,小倉競輪,8R,18:41,2-6,2,6,8.7,0.030139141210439258,-0.7377894714691785
8320260307020009,久留米競輪,9R,23:20,2-4,2,4,4.2,0.062237177338012206,-0.7386038551803487
4320260307020009,岐阜競輪,9R,23:30,1-2,1,2,2.2,0.11792360935249707,-0.7405680594245064
7520260305040009,松山競輪,9R,14:44,2-7,2,7,4.7,0.05463379498143231,-0.7432211635872681
2820260307020006,立川競輪,6R,10:34,1-7,1,7,2.9,0.08852841585917665,-0.7432675940083877
8120260306030005,小倉競輪,5R,17:23,3-4,3,4,2.2,0.11624003531402319,-0.744271922309149
2220260307020005,前橋競輪,5R,17:36,4-5,4,5,3.7,0.06894613238951573,-0.7448993101587917
2220260307020002,前橋競輪,2R,16:26,1-4,1,4,2.8,0.08961168160859985,-0.7490872914959205
7520260305040005,松山競輪,5R,12:56,3-8,3,8,6.8,0.036820991242779044,-0.7496172595491025
8320260307020005,久留米競輪,5R,22:00,1-5,1,5,4.7,0.05314912233921211,-0.7501991250057031
8120260306030011,小倉競輪,11R,20:02,3-7,3,7,3.0,0.08295802853045563,-0.7511259144086331
8120260306030011,小倉競輪,11R,20:02,5-6,5,6,56.6,0.004388055616099789,-0.751636052128752
7520260305040002,松山競輪,2R,11:40,4-9,4,9,7.5,0.03283278462271279,-0.7537541153296541
8320260307020008,久留米競輪,8R,23:00,5-6,5,6,12.0,0.020051725207670675,-0.7593792975079519
8120260306030009,小倉競輪,9R,19:07,3-7,3,7,5.0,0.047645841331999825,-0.7617707933400009
8320260307020001,久留米競輪,1R,20:40,1-2,1,2,2.4,0.09855086179151759,-0.7634779317003578
2220260307020001,前橋競輪,1R,16:06,3-5,3,5,2.1,0.11220050347456423,-0.7643789427034151
2220260307020006,前橋競輪,6R,18:02,1-6,1,6,2.9,0.08033378804589364,-0.7670320146669085
8320260307020008,久留米競輪,8R,23:00,1-5,1,5,3.0,0.0776103044867696,-0.7671690865396912
2220260307020008,前橋競輪,8R,18:54,3-4,3,4,4.5,0.051713995793290196,-0.7672870189301941
8120260306030003,小倉競輪,3R,16:35,2-5,2,5,2.4,0.09630559210405411,-0.7688665789502702
8320260307020007,久留米競輪,7R,22:40,1-5,1,5,3.1,0.07445669790372278,-0.7691842364984594
7520260305040010,松山競輪,10R,15:12,5-8,5,8,20.2,0.011410177175847228,-0.769514421047886
7520260305040004,松山競輪,4R,12:30,1-7,1,7,8.1,0.028339010560265998,-0.7704540144618455
2220260307020003,前橋競輪,3R,16:46,3-5,3,5,3.9,0.0588578713799346,-0.770454301618255
2220260307020008,前橋競輪,8R,18:54,1-5,1,5,4.3,0.05316175264743627,-0.771404463616024
7520260305040001,松山競輪,1R,11:16,1-7,1,7,12.0,0.018307323495261527,-0.7803121180568617
2820260307020003,立川競輪,3R,09:31,1-5,1,5,2.1,0.10396166910227415,-0.7816804948852243
7520260305040010,松山競輪,10R,15:12,7-8,7,8,17.4,0.012444550072775971,-0.783464828733698
8120260306030012,小倉競輪,12R,20:30,2-4,2,4,3.5,0.06139201890617443,-0.7851279338283895
7520260305040007,松山競輪,7R,13:48,1-9,1,9,3.2,0.06704077917543882,-0.7854695066385957
3620260308010005,小田原競輪,5R,12:43,1-5,1,5,1.7,0.12609997781847287,-0.7856300377085961
2220260307020005,前橋競輪,5R,17:36,5-7,5,7,2.6,0.08173848392086508,-0.7874799418057508
3620260308010011,小田原競輪,11R,15:28,4-7,4,7,1.9,0.11088913463310138,-0.7893106441971074
3620260308010012,小田原競輪,12R,16:02,1-7,1,7,1.9,0.10990283640220162,-0.7911846108358169
8120260306030001,小倉競輪,1R,15:54,2-4,2,4,1.6,0.12998635504061085,-0.7920218319350226
2820260307020005,立川競輪,5R,10:13,1-4,1,4,3.2,0.06499233636141523,-0.7920245236434713
7520260305040008,松山競輪,8R,14:16,3-9,3,9,8.2,0.024990657620016753,-0.7950766075158626
3620260308010002,小田原競輪,2R,11:28,1-5,1,5,3.1,0.06506821355980852,-0.7982885379645936
3620260308010010,小田原競輪,10R,14:58,1-5,1,5,2.1,0.0955090148972838,-0.799431068715704
2220260307020011,前橋競輪,11R,20:16,3-5,3,5,4.6,0.043540588347665374,-0.7997132936007393
7520260305040005,松山競輪,5R,12:56,6-9,6,9,12.5,0.015859972993405275,-0.8017503375824341
3620260308010006,小田原競輪,6R,13:09,3-5,3,5,2.8,0.07065250062777731,-0.8021729982422235
3620260308010010,小田原競輪,10R,14:58,2-7,2,7,4.2,0.046473955404883895,-0.8048093872994877
4320260307020006,岐阜競輪,6R,22:30,3-4,3,4,5.6,0.034616666925945436,-0.8061466652147056
7520260305040012,松山競輪,12R,16:20,1-7,1,7,3.4,0.056893734527943614,-0.8065613026049917
4320260307020004,岐阜競輪,4R,21:50,1-5,1,5,2.4,0.08053396334319932,-0.8067184879763216
7520260305040004,松山競輪,4R,12:30,3-9,3,9,2.1,0.09146048360449863,-0.8079329844305528
3620260308010009,小田原競輪,9R,14:30,1-5,1,5,2.3,0.08314092943622711,-0.8087758622966776
7520260305040007,松山競輪,7R,13:48,3-8,3,8,15.3,0.012417173905570828,-0.8100172392447663
2220260307020011,前橋競輪,11R,20:16,1-5,1,5,12.9,0.014574132456231719,-0.8119936913146109
3620260308010008,小田原競輪,8R,14:02,3-4,3,4,1.6,0.11736210809509973,-0.8122206270478405
2220260307020004,前橋競輪,4R,17:10,2-5,2,5,2.4,0.07803289372231798,-0.8127210550664369
4320260307020008,岐阜競輪,8R,23:10,2-4,2,4,9.7,0.01913544908122653,-0.8143861439121026
2220260307020009,前橋競輪,9R,19:20,1-7,1,7,4.1,0.04503486534065619,-0.8153570521033097
2820260307020002,立川競輪,2R,09:10,3-7,3,7,2.9,0.06314222359690061,-0.8168875515689882
3620260308010003,小田原競輪,3R,11:52,3-7,3,7,2.2,0.08312859549393893,-0.8171170899133343
7520260305040002,松山競輪,2R,11:40,2-7,2,7,10.1,0.017686076096263142,-0.8213706314277422
3620260308010006,小田原競輪,6R,13:09,2-4,2,4,3.1,0.05755789994837824,-0.8215705101600275
2820260307020001,立川競輪,1R,08:50,1-5,1,5,2.5,0.06896891837669956,-0.827577704058251
2220260307020010,前橋競輪,10R,19:48,1-7,1,7,3.4,0.05063064213948217,-0.8278558167257606
2820260307020004,立川競輪,4R,09:52,1-4,1,4,3.0,0.05709696903106954,-0.8287090929067914
4320260307020002,岐阜競輪,2R,21:10,3-6,3,6,5.2,0.030334392378748194,-0.8422611596305094
3620260308010004,小田原競輪,4R,12:17,4-7,4,7,1.5,0.10435300747087034,-0.8434704887936945
7520260305040008,松山競輪,8R,14:16,1-7,1,7,2.7,0.05795893966205955,-0.8435108629124393
2220260307020006,前橋競輪,6R,18:02,5-6,5,6,1.7,0.09119766019179457,-0.8449639776739493
4320260307020008,岐阜競輪,8R,23:10,3-4,3,4,9.7,0.01598145017947246,-0.8449799332591171
7520260305040003,松山競輪,3R,12:04,2-9,2,9,2.0,0.07537628719225084,-0.8492474256154983
8120260306030004,小倉競輪,4R,16:58,1-7,1,7,1.6,0.09386275720164233,-0.8498195884773723
7520260305040005,松山競輪,5R,12:56,2-6,2,6,6.3,0.02382345986320806,-0.8499122028617893
2820260307020007,立川競輪,7R,10:55,1-3,1,3,1.3,0.11289196454384677,-0.8532404460929992
8120260306030010,小倉競輪,10R,19:34,1-7,1,7,1.3,0.11235058533422118,-0.8539442390655124
8120260306030002,小倉競輪,2R,16:14,2-5,2,5,1.1,0.13221550526291637,-0.854562944210792
4320260307020003,岐阜競輪,3R,21:30,1-2,1,2,1.2,0.12027540614693626,-0.8556695126236765
7520260305040011,松山競輪,11R,15:44,3-7,3,7,1.5,0.09505491784089708,-0.8574176232386543
8320260307020004,久留米競輪,4R,21:40,1-5,1,5,1.0,0.1417991334594288,-0.8582008665405712
3620260308010007,小田原競輪,7R,13:35,2-7,2,7,1.8,0.07756919362822219,-0.8603754514692
3620260308010001,小田原競輪,1R,11:05,1-5,1,5,1.4,0.09965843241970714,-0.86047819461241
2220260307020002,前橋競輪,2R,16:26,1-5,1,5,1.5,0.09143711710664007,-0.8628443243400399
8320260307020008,久留米競輪,8R,23:00,3-4,3,4,3.0,0.0448304659417583,-0.8655086021747251
2220260307020003,前橋競輪,3R,16:46,2-5,2,5,1.5,0.07939204513488916,-0.8809119322976663
7520260305040012,松山競輪,12R,16:20,1-4,1,4,8.0,0.01312118754527216,-0.8950304996378227
4320260307020007,岐阜競輪,7R,22:50,1-5,1,5,1.0,0.09644677555903408,-0.9035532244409659
7520260305040006,松山競輪,6R,13:22,1-8,1,8,4.9,0.019463355073107074,-0.9046295601417753
7520260305040001,松山競輪,1R,11:16,7-9,7,9,3.1,0.02525688410310902,-0.921703659280362
7520260305040010,松山競輪,10R,15:12,1-7,1,7,1.9,0.036863871891394936,-0.9299586434063496
8320260307020006,久留米競輪,6R,22:20,4-6,4,6,1.4,0.048985036240447435,-0.9314209492633736
8320260307020003,久留米競輪,3R,21:20,4-6,4,6,1.0,0.06826669158744231,-0.9317333084125576
