race_id,競輪場,レース番号,開始時間,買い目,a,b,odds,p,EV
5620260504020007,岸和田競輪,7R,13:25,4-6,4,6,1015.2,0.02412573464597768,23.492445812596543
2120260504020002,弥彦競輪,2R,21:00,4-7,4,7,684.6,0.03397381130130038,22.25847121687024
2120260504020002,弥彦競輪,2R,21:00,3-7,3,7,684.6,0.03256949074203543,21.29707336199746
5620260504020007,岸和田競輪,7R,13:25,4-5,4,5,870.2,0.02487157405914052,20.64324374626408
5620260504020007,岸和田競輪,7R,13:25,4-7,4,7,761.4,0.027918753911978428,20.257339228580374
5620260504020007,岸和田競輪,7R,13:25,1-5,1,5,507.6,0.04000496187591571,19.306518648214812
7420260504020003,高知競輪,3R,21:30,5-6,5,6,431.2,0.04467631848422479,18.26442853039773
5620260504020007,岸和田競輪,7R,13:25,1-4,1,4,676.8,0.02819700987763973,18.083736285186568
2120260504020002,弥彦競輪,2R,21:00,6-7,6,7,880.2,0.02106165442324216,17.53846822333775
5620260504020006,岸和田競輪,6R,12:59,1-4,1,4,596.6,0.029941066706275592,16.862840396964017
5620260504020007,岸和田競輪,7R,13:25,5-7,5,7,435.1,0.040330552223862434,16.547823272602546
5620260504020007,岸和田競輪,7R,13:25,5-6,5,6,468.5,0.0362616824825301,15.988598243065354
7420260504020002,高知競輪,2R,21:10,5-6,5,6,442.4,0.036929807588666166,15.33774687722591
7420260504020005,高知競輪,5R,22:10,2-7,2,7,320.2,0.0506083360451536,15.204789201658183
5620260504020007,岸和田競輪,7R,13:25,1-6,1,6,380.7,0.041624393369236984,14.84640655566852
7420260504020003,高知競輪,3R,21:30,6-7,6,7,603.7,0.025180448676938413,14.201436866267722
4320260505010006,岐阜競輪,6R,10:10,2-6,2,6,400.1,0.036922635281494094,13.772746376125788
7420260504020001,高知競輪,1R,20:50,5-7,5,7,422.5,0.034888656035548526,13.740457175019252
2120260504020002,弥彦競輪,2R,21:00,5-6,5,6,513.5,0.028296602978070105,13.530305629238999
2120260504020002,弥彦競輪,2R,21:00,5-7,5,7,684.6,0.02121310858480401,13.522494137156825
2120260504020002,弥彦競輪,2R,21:00,4-6,4,6,342.3,0.04141046593759354,13.17480249043827
4320260505010006,岐阜競輪,6R,10:10,5-6,5,6,423.6,0.03276982801162616,12.881299145724842
7420260504020003,高知競輪,3R,21:30,5-7,5,7,431.2,0.03190598927823615,12.757862576775429
5620260504020007,岸和田競輪,7R,13:25,6-7,6,7,320.6,0.04173442603347076,12.380056986330727
2120260504020002,弥彦競輪,2R,21:00,4-5,4,5,308.1,0.04273553612019032,12.166818678630639
7420260504020003,高知競輪,3R,21:30,2-6,2,6,262.5,0.04965399256681678,12.034173048789405
7420260504020002,高知競輪,2R,21:10,3-7,3,7,390.3,0.03259663418011775,11.72246632049996
5620260504020006,岸和田競輪,6R,12:59,1-3,1,3,358.0,0.035215404906799724,11.607114956634302
2120260504020001,弥彦競輪,1R,20:40,4-5,4,5,264.2,0.04655696725403277,11.300350748515458
2120260504020002,弥彦競輪,2R,21:00,2-7,2,7,342.3,0.035661046830883426,11.206776330211397
2120260504020004,弥彦競輪,4R,21:40,5-7,5,7,350.6,0.03397671039427857,10.912234664234067
4320260505010006,岐阜競輪,6R,10:10,3-5,3,5,342.9,0.03467990164769974,10.89173827499624
2120260504020002,弥彦競輪,2R,21:00,2-6,2,6,267.9,0.04338436458593789,10.62267127257276
4720260504020006,松阪競輪,6R,17:59,4-5,4,5,371.9,0.030909020178305567,10.495064604311839
4720260504020007,松阪競輪,7R,18:24,2-7,2,7,480.4,0.023284085241025536,10.185674549788667
7420260504020002,高知競輪,2R,21:10,4-5,4,5,316.0,0.03512939642761672,10.100889271126883
4720260504020007,松阪競輪,7R,18:24,1-7,1,7,384.3,0.02861328158141072,9.99608411173614
5620260504020002,岸和田競輪,2R,11:25,1-3,1,3,293.6,0.03726422434687006,9.94077626824105
2120260504020001,弥彦競輪,1R,20:40,4-7,4,7,363.3,0.030071405683489337,9.924941684811676
2720260503030008,京王閣競輪,8R,19:00,5-7,5,7,233.6,0.046437801154923186,9.847870349790057
2120260504020001,弥彦競輪,1R,20:40,2-7,2,7,305.9,0.0350821947072126,9.731643360936333
7420260504020003,高知競輪,3R,21:30,4-6,4,6,274.4,0.03879691741315558,9.64587413816989
4720260504020006,松阪競輪,6R,17:59,2-7,2,7,343.3,0.030778228412770323,9.566165814104052
4320260505010006,岐阜競輪,6R,10:10,2-3,2,3,277.0,0.03810020906419302,9.553757910781467
2720260503030008,京王閣競輪,8R,19:00,4-5,4,5,433.8,0.02422858017277816,9.510358078951166
7420260504020003,高知競輪,3R,21:30,3-7,3,7,402.5,0.02559413000318537,9.30163732628211
7420260504020002,高知競輪,2R,21:10,5-7,5,7,301.6,0.03386792809173218,9.214567112466428
5620260504020006,岸和田競輪,6R,12:59,4-6,4,6,315.8,0.03201741333705767,9.111099131842812
4720260504020007,松阪競輪,7R,18:24,3-7,3,7,480.4,0.02100077900290158,9.088774232993918
2120260504020001,弥彦競輪,1R,20:40,5-7,5,7,363.3,0.027721045779396755,9.071055931654842
2720260503030007,京王閣競輪,7R,18:35,1-6,1,6,260.4,0.038457422619097646,9.014312850013026
5620260504020007,岸和田競輪,7R,13:25,3-5,3,5,184.5,0.05349558548659941,8.869935522277592
2720260503030008,京王閣競輪,8R,19:00,3-5,3,5,253.0,0.0387709616593772,8.80905329982243
4720260504020007,松阪競輪,7R,18:24,2-6,2,6,160.1,0.06082317702350558,8.737790641463242
2720260503030008,京王閣競輪,8R,19:00,4-7,4,7,233.6,0.04166883093920513,8.733838907398317
4720260504020006,松阪競輪,6R,17:59,5-7,5,7,297.5,0.03240684879717695,8.641037517160143
5620260504020006,岸和田競輪,6R,12:59,2-4,2,4,244.0,0.039400558145692814,8.613736187549046
4720260504020004,松阪競輪,4R,17:09,2-6,2,6,420.8,0.022720874068123585,8.560943807866405
4320260505010002,岐阜競輪,2R,08:50,2-6,2,6,313.9,0.0302289155400273,8.488856588014569
4720260504020007,松阪競輪,7R,18:24,2-5,2,5,360.3,0.026328505354376294,8.486160479181779
4720260504020007,松阪競輪,7R,18:24,6-7,6,7,174.7,0.053951355939526324,8.425301882635248
4320260505010002,岐阜競輪,2R,08:50,4-6,4,6,111.1,0.08389732970101695,8.320993329782983
4720260504020006,松阪競輪,6R,17:59,1-4,1,4,446.3,0.020851151926880314,8.305869104966684
5620260504020006,岸和田競輪,6R,12:59,3-7,3,7,383.5,0.0241147151226931,8.247993249552804
5620260504020006,岸和田競輪,6R,12:59,3-6,3,6,244.0,0.037637479500818555,8.183544998199727
4320260505010006,岐阜競輪,6R,10:10,3-7,3,7,554.0,0.016517178405168184,8.150516836463174
7420260504020001,高知競輪,1R,20:50,5-6,5,6,244.6,0.037123207640997136,8.0803365889879
2120260504020008,弥彦競輪,8R,23:00,2-6,2,6,261.0,0.03471683677554242,8.061094398416571
7420260504020003,高知競輪,3R,21:30,4-5,4,5,188.6,0.04761894056470955,7.980932190504221
4320260505010006,岐阜競輪,6R,10:10,6-7,6,7,654.7,0.013716750541605167,7.9803565795889035
7420260504020002,高知競輪,2R,21:10,3-5,3,5,195.1,0.045776570003163514,7.931008807617202
4320260505010002,岐阜競輪,2R,08:50,5-6,5,6,762.4,0.011710591672281098,7.92815509094711
4720260504020006,松阪競輪,6R,17:59,4-6,4,6,185.9,0.047956167218838844,7.915051485982142
4320260505010002,岐阜競輪,2R,08:50,1-6,1,6,205.2,0.04342482330903659,7.910773743014307
7420260504020002,高知競輪,2R,21:10,3-6,3,6,245.7,0.03616083959717343,7.8847182890255105
4720260504020007,松阪競輪,7R,18:24,5-7,5,7,411.8,0.021490330403385553,7.849718060114171
4320260505010003,岐阜競輪,3R,09:10,2-6,2,6,161.1,0.054925785672060225,7.848544071768902
2120260504020001,弥彦競輪,1R,20:40,3-7,3,7,290.6,0.0299573005831643,7.705591549467547
7420260504020003,高知競輪,3R,21:30,2-7,2,7,241.5,0.035545964218201005,7.584350358695543
7420260504020003,高知競輪,3R,21:30,4-7,4,7,335.4,0.025589671060341927,7.582775673638682
2120260504020002,弥彦競輪,2R,21:00,3-5,3,5,205.4,0.041532612443185055,7.530798595830211
4320260505010002,岐阜競輪,2R,08:50,1-5,1,5,266.8,0.031642241675765105,7.44215007909413
5620260504020006,岸和田競輪,6R,12:59,6-7,6,7,214.8,0.03917974430725435,7.415809077198235
7420260504020002,高知競輪,2R,21:10,6-7,6,7,316.0,0.026193024074347745,7.2769956074938875
2120260504020001,弥彦競輪,1R,20:40,6-7,6,7,322.9,0.02481448951008068,7.0125986628050505
2120260504020002,弥彦競輪,2R,21:00,3-6,3,6,198.7,0.040315582091689804,7.010706161618764
5620260504020010,岸和田競輪,10R,14:51,5-6,5,6,130.1,0.06153968255074798,7.006312699852312
7420260504020003,高知競輪,3R,21:30,3-6,3,6,201.2,0.03962123641894515,6.971792767491763
7420260504020001,高知競輪,1R,20:50,3-7,3,7,273.3,0.02912402641883925,6.959596420268767
5620260504020010,岸和田競輪,10R,14:51,2-6,2,6,108.6,0.07324709512127994,6.954634530171002
7420260504020001,高知競輪,1R,20:50,6-7,6,7,422.5,0.01859536505637007,6.8565417363163546
5620260504020006,岸和田競輪,6R,12:59,4-7,4,7,383.5,0.020368497622747887,6.811318838323815
7420260504020001,高知競輪,1R,20:50,4-7,4,7,331.9,0.023466477889156283,6.78852401141097
7420260504020004,高知競輪,4R,21:50,5-7,5,7,222.0,0.03497753362322056,6.765012464354964
2720260503030008,京王閣競輪,8R,19:00,5-6,5,6,303.7,0.02544077652709871,6.726363831279878
5620260504020002,岸和田競輪,2R,11:25,6-7,6,7,293.6,0.02621322722511168,6.69620351329279
2120260504020003,弥彦競輪,3R,21:20,3-7,3,7,291.6,0.02635671880072614,6.6856192022917424
3520260501050003,平塚競輪,3R,11:40,5-9,5,9,94.7,0.08086714242708182,6.658118387844648
2720260503030005,京王閣競輪,5R,17:48,5-6,5,6,126.3,0.059789798724212376,6.551451578868023
5620260504020010,岸和田競輪,10R,14:51,6-7,6,7,196.5,0.03830267619435518,6.526475872190793
2120260504020003,弥彦競輪,3R,21:20,1-7,1,7,70.3,0.10626228394605793,6.4702385614078715
3520260501050009,平塚競輪,9R,15:09,1-4,1,4,161.9,0.04569768688305166,6.398455506366064
4320260505010001,岐阜競輪,1R,08:30,6-7,6,7,199.4,0.03709180414045171,6.3961057456060715
4320260505010005,岐阜競輪,5R,09:50,3-5,3,5,230.9,0.03198830207603199,6.3860989493557865
2720260503030008,京王閣競輪,8R,19:00,6-7,6,7,168.7,0.0432283564218323,6.292623728363108
2720260503030008,京王閣競輪,8R,19:00,3-4,3,4,209.4,0.03476085718346642,6.278923494217869
2720260503030008,京王閣競輪,8R,19:00,4-6,4,6,319.6,0.022733456415523226,6.265612670401223
4720260504020006,松阪競輪,6R,17:59,1-2,1,2,212.5,0.0341693672708045,6.260990545045957
2720260503030006,京王閣競輪,6R,18:11,3-4,3,4,230.2,0.03147712759586411,6.246034772567917
2720260503030001,京王閣競輪,1R,16:05,1-6,1,6,68.1,0.1042773743706444,6.1012891946408825
2120260504020001,弥彦競輪,1R,20:40,2-6,2,6,152.9,0.046280792275406935,6.07633313890972
5620260504020003,岸和田競輪,3R,11:47,1-6,1,6,292.5,0.024013527937662947,6.023956921766412
5620260504020003,岸和田競輪,3R,11:47,1-2,1,2,165.8,0.04168415276353191,5.911232528193592
2120260504020009,弥彦競輪,9R,23:20,4-5,4,5,177.0,0.03902651428693711,5.907693028787869
4720260504020003,松阪競輪,3R,16:44,5-6,5,6,319.2,0.021530912413268207,5.872667242315211
7420260504020002,高知競輪,2R,21:10,2-7,2,7,138.2,0.04950465027425181,5.8415426679016
2720260503030009,京王閣競輪,9R,19:25,3-6,3,6,160.0,0.04226083796665655,5.761734074665048
4720260504020007,松阪競輪,7R,18:24,2-3,2,3,262.0,0.025667696101745137,5.724936378657226
3520260501050008,平塚競輪,8R,14:32,2-4,2,4,267.8,0.024958170739699196,5.683798124091445
2720260503030008,京王閣競輪,8R,19:00,2-5,2,5,144.6,0.046126517402300754,5.6698944163726885
4720260504020002,松阪競輪,2R,16:19,4-5,4,5,157.8,0.0422148587233872,5.661504706550501
7420260504020001,高知競輪,1R,20:50,4-5,4,5,145.2,0.045359500741921355,5.58619950772698
5620260504020007,岸和田競輪,7R,13:25,3-6,3,6,114.9,0.05719000199279687,5.5711312289723605
7420260504020001,高知競輪,1R,20:50,2-7,2,7,154.9,0.042394154537336866,5.566854537833481
3520260501050009,平塚競輪,9R,15:09,4-9,4,9,320.6,0.020411502559986337,5.54392772073162
5620260504020006,岸和田競輪,6R,12:59,2-3,2,3,141.3,0.046128639630207996,5.51797677974839
5620260504020003,岸和田競輪,3R,11:47,1-4,1,4,160.4,0.040272870925224885,5.459768496406072
4720260504020005,松阪競輪,5R,17:34,3-4,3,4,129.0,0.04962905042229,5.40214750447541
5620260504020006,岸和田競輪,6R,12:59,1-7,1,7,173.2,0.03675193156449717,5.36543454697091
2120260504020004,弥彦競輪,4R,21:40,6-7,6,7,183.2,0.0345116459122872,5.322533531131014
5620260504020002,岸和田競輪,2R,11:25,1-6,1,6,177.5,0.035282915609070056,5.262717520609935
3520260501050004,平塚競輪,4R,12:16,3-6,3,6,174.8,0.03576276469631453,5.25133126891578
2120260504020004,弥彦競輪,4R,21:40,1-7,1,7,91.6,0.06796214162810973,5.225332173134851
7420260504020002,高知競輪,2R,21:10,4-7,4,7,265.4,0.023309571340822302,5.186360233854239
4720260504020006,松阪競輪,6R,17:59,4-7,4,7,343.3,0.017979443890354323,5.172343087558639
7420260504020003,高知競輪,3R,21:30,2-4,2,4,116.1,0.05294565831796347,5.146990930715559
7420260504020004,高知競輪,4R,21:50,5-6,5,6,222.0,0.02764569916975651,5.137345215685945
4320260505010006,岐阜競輪,6R,10:10,3-6,3,6,180.0,0.03389954046694859,5.101917284050746
2120260504020003,弥彦競輪,3R,21:20,6-7,6,7,218.7,0.027604683779668245,5.037144342613445
4720260504020005,松阪競輪,5R,17:34,3-6,3,6,304.2,0.01983315646908239,5.033246197894862
4720260504020007,松阪競輪,7R,18:24,3-5,3,5,250.6,0.023853612041935146,4.977715177708948
7420260504020001,高知競輪,1R,20:50,2-6,2,6,132.7,0.04495669560507111,4.965753506792936
4720260504020003,松阪競輪,3R,16:44,2-7,2,7,159.6,0.03735612317371728,4.962037258525278
2120260504020001,弥彦競輪,1R,20:40,4-6,4,6,145.3,0.0409858667273566,4.955246435484915
4720260504020003,松阪競輪,3R,16:44,6-7,6,7,354.6,0.016762277291619186,4.943903527608164
7420260504020006,高知競輪,6R,22:30,5-6,5,6,255.0,0.02321160807088025,4.918960058074464
7420260504020004,高知競輪,4R,21:50,1-7,1,7,77.2,0.07634381179238446,4.893742270372081
4720260504020008,松阪競輪,8R,18:49,2-6,2,6,53.6,0.10972902061155085,4.881475504779126
5620260504020010,岸和田競輪,10R,14:51,1-6,1,6,139.9,0.04198519903461297,4.8737293449423555
4720260504020006,松阪競輪,6R,17:59,1-7,1,7,262.5,0.022290592733599453,4.851280592569856
2720260503030010,京王閣競輪,10R,19:50,1-2,1,2,101.7,0.05724450288209999,4.821765943109569
3520260501050011,平塚競輪,11R,16:30,3-9,3,9,152.7,0.03812297837043835,4.821378797165935
2720260503030007,京王閣競輪,7R,18:35,3-5,3,5,224.5,0.025910720260950586,4.8169566985834065
4320260505010006,岐阜競輪,6R,10:10,4-6,4,6,138.5,0.04198706888063131,4.815209039967437
5620260504020005,岸和田競輪,5R,12:34,3-6,3,6,138.8,0.04185410257688543,4.809349437671698
4320260505010004,岐阜競輪,4R,09:30,6-7,6,7,106.8,0.05384723862500486,4.750885085150519
1220260504020005,青森競輪,5R,10:00,5-7,5,7,135.0,0.042580153929985515,4.7483207805480445
4320260505010002,岐阜競輪,2R,08:50,4-5,4,5,93.6,0.06139742647631182,4.746799118182786
4720260504020006,松阪競輪,6R,17:59,1-5,1,5,159.4,0.03599099815666654,4.736965106172646
4720260504020006,松阪競輪,6R,17:59,2-4,2,4,194.0,0.02936721618403078,4.697239939701971
2120260504020004,弥彦競輪,4R,21:40,3-5,3,5,171.5,0.03307652528210855,4.6726240858816155
2720260503030001,京王閣競輪,1R,16:05,3-6,3,6,96.9,0.058476093230897766,4.6663334340739935
4720260504020003,松阪競輪,3R,16:44,4-7,4,7,168.0,0.03366771154894889,4.656175540223414
4320260505010006,岐阜競輪,6R,10:10,2-7,2,7,313.1,0.01804534365170194,4.649997097347878
5620260504020003,岸和田競輪,3R,11:47,5-6,5,6,261.7,0.021550596753630386,4.639791170425072
4720260504020004,松阪競輪,4R,17:09,3-6,3,6,170.9,0.032991413532546594,4.638232572712213
2720260503030008,京王閣競輪,8R,19:00,3-6,3,6,155.7,0.03614330750498704,4.6275129785264815
4720260504020007,松阪競輪,7R,18:24,1-2,1,2,164.7,0.03402294474958677,4.60357900025694
4720260504020007,松阪競輪,7R,18:24,1-3,1,3,180.1,0.031070886693503025,4.595866693499895
3520260501050010,平塚競輪,10R,15:48,2-7,2,7,121.8,0.04562463561572599,4.5570806179954255
7420260504020008,高知競輪,8R,23:10,2-7,2,7,75.7,0.07337248823542748,4.55429735942186
1220260504020004,青森競輪,4R,09:40,1-7,1,7,183.1,0.030307755963880276,4.549350116986479
4320260505010006,岐阜競輪,6R,10:10,3-4,3,4,126.3,0.04393258609012126,4.548685623182315
4320260505010002,岐阜競輪,2R,08:50,6-7,6,7,213.4,0.0259086276831789,4.5289011475903775
4720260504020007,松阪競輪,7R,18:24,3-6,3,6,97.7,0.056363482857137916,4.506712275142375
4320260505010004,岐阜競輪,4R,09:30,3-7,3,7,106.8,0.051447939568390263,4.49463994590408
3520260501050008,平塚競輪,8R,14:32,2-8,2,8,447.8,0.01226232318454843,4.491068322040787
5620260504020004,岸和田競輪,4R,12:09,4-6,4,6,156.7,0.03492284996432243,4.472410589409325
2120260504020001,弥彦競輪,1R,20:40,2-5,2,5,103.8,0.05272021340319003,4.472358151251125
2120260504020001,弥彦競輪,1R,20:40,1-7,1,7,121.1,0.0451402903227837,4.466489158089106
4320260505010004,岐阜競輪,4R,09:30,3-4,3,4,130.8,0.041657928610991005,4.448857062317624
1220260504020005,青森競輪,5R,10:00,1-7,1,7,211.0,0.025745937616896093,4.432392837165076
7420260504020002,高知競輪,2R,21:10,2-6,2,6,103.6,0.05229311610816435,4.4175668288058265
5620260504020011,岸和田競輪,11R,15:29,5-6,5,6,130.5,0.04148658177323884,4.413998921407669
5620260504020011,岸和田競輪,11R,15:29,3-6,3,6,216.5,0.024854841747027012,4.381073238231348
2720260503030001,京王閣競輪,1R,16:05,5-6,5,6,132.1,0.040283484595228264,4.321448315029653
5620260504020011,岸和田競輪,11R,15:29,4-5,4,5,173.2,0.030712234169554185,4.319358958166784
1220260504020003,青森競輪,3R,09:20,2-7,2,7,151.1,0.03517690703074863,4.315230652346118
7420260504020002,高知競輪,2R,21:10,4-6,4,6,195.1,0.027011362591080643,4.269916841519834
5620260504020006,岸和田競輪,6R,12:59,2-7,2,7,111.8,0.04708076396178021,4.263629410927027
3520260501050003,平塚競輪,3R,11:40,5-8,5,8,205.7,0.02545248079165889,4.235575298844234
4720260504020007,松阪競輪,7R,18:24,4-7,4,7,88.6,0.05908381471370272,4.23482598363406
7420260504020003,高知競輪,3R,21:30,3-4,3,4,125.7,0.04155845081352747,4.223897267260403
3520260501050007,平塚競輪,7R,13:55,3-6,3,6,209.6,0.02488311838571578,4.215501613646028
7420260504020001,高知競輪,1R,20:50,3-6,3,6,160.2,0.0325252250726852,4.2105410566441694
2120260504020001,弥彦競輪,1R,20:40,5-6,5,6,135.1,0.038562435580560016,4.209785046933658
4720260504020004,松阪競輪,4R,17:09,5-6,5,6,116.3,0.04478671132117583,4.2086945266527485
2120260504020002,弥彦競輪,2R,21:00,1-7,1,7,110.0,0.047248822793617584,4.197370507297935
4320260505010004,岐阜競輪,4R,09:30,2-6,2,6,201.3,0.025717256198455003,4.176883672748993
4720260504020003,松阪競輪,3R,16:44,1-6,1,6,145.0,0.03560739335944997,4.163072037120246
4720260504020004,松阪競輪,4R,17:09,2-4,2,4,130.2,0.03949845153010041,4.142698389219073
7420260504020007,高知競輪,7R,22:50,2-7,2,7,103.1,0.04982184372768105,4.136632088323916
2120260504020009,弥彦競輪,9R,23:20,2-5,2,5,106.2,0.048243082677199456,4.1234153803185825
2720260503030008,京王閣競輪,8R,19:00,2-6,2,6,119.1,0.04293846363637747,4.113971019092556
4720260504020004,松阪競輪,4R,17:09,2-5,2,5,62.1,0.08198481880363957,4.091257247706017
5620260504020002,岸和田競輪,2R,11:25,3-7,3,7,177.5,0.028641067715530037,4.083789519506581
5620260504020003,岸和田競輪,3R,11:47,4-6,4,6,355.2,0.014259214890481986,4.064873129099201
4320260505010003,岐阜競輪,3R,09:10,6-7,6,7,212.6,0.0236557535273314,4.0292131999106555
5620260504020004,岸和田競輪,4R,12:09,2-5,2,5,140.7,0.03567025851152843,4.018805372572049
7420260504020001,高知競輪,1R,20:50,4-6,4,6,185.9,0.026984125158260736,4.016348866920671
3520260501050011,平塚競輪,11R,16:30,2-3,2,3,97.6,0.0512938762253986,4.006282319598903
5620260504020004,岸和田競輪,4R,12:09,2-6,2,6,191.5,0.025920901101869964,3.963852561008098
4720260504020003,松阪競輪,3R,16:44,4-5,4,5,122.7,0.04040583645140605,3.9577961325875224
2720260503030007,京王閣競輪,7R,18:35,3-6,3,6,166.9,0.02955316526778775,3.932423283193776
3520260501050009,平塚競輪,9R,15:09,4-8,4,8,174.7,0.028069018635229488,3.9036575555745916
4720260504020005,松阪競輪,5R,17:34,6-7,6,7,355.0,0.013748736439150899,3.8808014358985687
4320260505010005,岐阜競輪,5R,09:50,5-6,5,6,127.6,0.038190962898499554,3.8731668658485425
2720260503030007,京王閣競輪,7R,18:35,2-6,2,6,114.2,0.04261378993920481,3.8664948110571897
3520260501050008,平塚競輪,8R,14:32,3-4,3,4,98.8,0.04919589751227353,3.860554674212625
2120260504020007,弥彦競輪,7R,22:40,1-7,1,7,82.7,0.058426256059545045,3.8318513761243755
4720260504020011,松阪競輪,11R,20:04,5-6,5,6,157.0,0.030726830500860492,3.824112388635097
2120260504020003,弥彦競輪,3R,21:20,2-7,2,7,76.4,0.0627198412870644,3.7917958743317204
4720260504020011,松阪競輪,11R,20:04,2-6,2,6,71.6,0.06690790408963726,3.7906059328180275
3520260501050001,平塚競輪,1R,10:45,1-5,1,5,91.5,0.05234145864209648,3.789243465751828
4320260505010001,岐阜競輪,1R,08:30,1-4,1,4,172.2,0.02764521440998336,3.760505921399134
7420260504020004,高知競輪,4R,21:50,2-7,2,7,80.7,0.05898510342115095,3.7600978460868824
5620260504020002,岸和田競輪,2R,11:25,3-6,3,6,305.3,0.015578035750334736,3.7559743145771947
4320260505010003,岐阜競輪,3R,09:10,3-6,3,6,408.9,0.011579033789222674,3.7346669164131514
7420260504020004,高知競輪,4R,21:50,4-7,4,7,222.0,0.021222731597491724,3.711446414643163
4720260504020012,松阪競輪,12R,20:30,6-7,6,7,212.8,0.021893773223857174,3.6589949420368066
3520260501050007,平塚競輪,7R,13:55,3-5,3,5,77.2,0.06034676042919437,3.6587699051338056
3520260501050007,平塚競輪,7R,13:55,1-3,1,3,77.0,0.06036612782207543,3.6481918422998083
2720260503030010,京王閣競輪,10R,19:50,2-3,2,3,129.0,0.03602176266215618,3.646807383418148
5620260504020006,岸和田競輪,6R,12:59,4-5,4,5,94.2,0.04923740072753292,3.638163148533602
4720260504020008,松阪競輪,8R,18:49,5-6,5,6,78.0,0.05901638164149574,3.6032777680366674
2720260503030010,京王閣競輪,10R,19:50,1-3,1,3,67.5,0.06818331748504668,3.602373930240651
5620260504020011,岸和田競輪,11R,15:29,1-4,1,4,109.5,0.042016908581044184,3.600851489624338
4320260505010003,岐阜競輪,3R,09:10,4-6,4,6,151.9,0.030283756614733336,3.600102629777994
7420260504020009,高知競輪,9R,23:30,1-7,1,7,53.1,0.08646591201167214,3.5913399278197904
2720260503030009,京王閣競輪,9R,19:25,1-6,1,6,78.8,0.058119573443657854,3.579822387360239
2720260503030007,京王閣競輪,7R,18:35,6-7,6,7,271.2,0.016792995074395713,3.5542602641761176
5620260504020011,岸和田競輪,11R,15:29,3-4,3,4,244.3,0.018414697129039297,3.498710508624301
4720260504020011,松阪競輪,11R,20:04,1-3,1,3,109.9,0.040794590092432775,3.483325451158362
2120260504020008,弥彦競輪,8R,23:00,4-5,4,5,130.5,0.03425831169865187,3.470709676674069
4320260505010006,岐阜競輪,6R,10:10,2-4,2,4,93.5,0.04766116142602031,3.456318593332899
2120260504020006,弥彦競輪,6R,22:20,5-7,5,7,237.0,0.01877362314703169,3.44934868584651
4320260505010003,岐阜競輪,3R,09:10,2-4,2,4,104.2,0.04268274570708088,3.4475421026778283
2120260504020001,弥彦競輪,1R,20:40,3-5,3,5,95.2,0.046693464241220416,3.445217795764184
4320260505010005,岐阜競輪,5R,09:50,2-6,2,6,124.3,0.03548294535740433,3.410530107925358
4320260505010001,岐阜競輪,1R,08:30,3-6,3,6,137.8,0.03196845555749564,3.4052531758228994
5620260504020008,岸和田競輪,8R,13:47,5-6,5,6,110.9,0.03963349224843191,3.3953542903511
4320260505010005,岐阜競輪,5R,09:50,1-2,1,2,179.6,0.024363262937072545,3.375642023498229
1220260504020003,青森競輪,3R,09:20,4-7,4,7,144.2,0.030343920509681516,3.375593337496074
3520260501050010,平塚競輪,10R,15:48,2-5,2,5,79.2,0.05445590713982478,3.3129078454741228
1220260504020005,青森競輪,5R,10:00,3-4,3,4,122.8,0.035117703527159184,3.312453993135148
4720260504020005,松阪競輪,5R,17:34,4-7,4,7,109.2,0.03939477532888022,3.3019094659137203
4720260504020006,松阪競輪,6R,17:59,6-7,6,7,87.5,0.04899927713046911,3.287436748916047
4720260504020004,松阪競輪,4R,17:09,1-2,1,2,99.4,0.04299396748152008,3.2736003676630965
4720260504020008,松阪競輪,8R,18:49,4-6,4,6,82.1,0.051895936936419675,3.2606564224800554
4720260504020012,松阪競輪,12R,20:30,4-7,4,7,77.9,0.05464918696848092,3.2571716648446642
7420260504020005,高知競輪,5R,22:10,1-7,1,7,53.3,0.0798513311406629,3.2560759497973324
4320260505010003,岐阜競輪,3R,09:10,4-7,4,7,241.6,0.0176002128162994,3.2522114164179348
7420260504020008,高知競輪,8R,23:10,1-7,1,7,75.7,0.05615573393777902,3.2509890590898722
4320260505010006,岐阜競輪,6R,10:10,1-6,1,6,44.7,0.09500930479616893,3.246915924388751
2120260504020002,弥彦競輪,2R,21:00,2-5,2,5,94.8,0.04478237990957872,3.2453696154280625
4320260505010001,岐阜競輪,1R,08:30,4-5,4,5,101.0,0.04200791879900045,3.2427997986990453
4320260505010004,岐阜競輪,4R,09:30,1-5,1,5,168.8,0.025100952532111677,3.237040787420451
1220260504020003,青森競輪,3R,09:20,5-7,5,7,63.4,0.06680345332215112,3.2353389406243815
4720260504020004,松阪競輪,4R,17:09,4-6,4,6,273.5,0.015471761086983294,3.2315266572899306
2720260503030010,京王閣競輪,10R,19:50,1-6,1,6,84.0,0.05014010523915072,3.21176884008866
5620260504020004,岸和田競輪,4R,12:09,5-6,5,6,215.4,0.019527063770147773,3.20612953608983
1220260504020005,青森競輪,5R,10:00,4-7,4,7,108.9,0.0385859285798533,3.2020076223460245
4720260504020012,松阪競輪,12R,20:30,5-6,5,6,158.1,0.026577628308552162,3.2019230355820962
4320260505010002,岐阜競輪,2R,08:50,2-5,2,5,190.6,0.022005912512778742,3.194326924935628
2720260503030006,京王閣競輪,6R,18:11,2-3,2,3,159.8,0.02620119853331945,3.1869515256244485
4720260504020004,松阪競輪,4R,17:09,5-7,5,7,61.4,0.06814781971500723,3.184276130501444
1220260504020002,青森競輪,2R,09:00,6-7,6,7,84.5,0.04911788800109902,3.150461536092867
4720260504020002,松阪競輪,2R,16:19,2-7,2,7,139.6,0.02964144105924661,3.137945171870826
5620260504020008,岸和田競輪,8R,13:47,3-4,3,4,103.3,0.03987856994085126,3.1194562748899353
1220260504020004,青森競輪,4R,09:40,4-7,4,7,69.2,0.05938621036431434,3.1095257572105526
3520260501050009,平塚競輪,9R,15:09,2-4,2,4,168.4,0.02430547954909659,3.0930427560678657
2120260504020003,弥彦競輪,3R,21:20,5-7,5,7,342.3,0.011911371754022897,3.077262551402038
4720260504020003,松阪競輪,3R,16:44,5-7,5,7,99.7,0.04078548362944106,3.066312717855274
2720260503030002,京王閣競輪,2R,16:37,4-5,4,5,41.9,0.0964229568084703,3.0401218902749054
2720260503030007,京王閣競輪,7R,18:35,4-7,4,7,106.7,0.037846555077493016,3.038227426768505
7420260504020004,高知競輪,4R,21:50,6-7,6,7,197.3,0.02043789217374889,3.0323961258806564
7420260504020007,高知競輪,7R,22:50,1-7,1,7,68.7,0.058444230938062613,3.015118665444902
4720260504020003,松阪競輪,3R,16:44,3-7,3,7,63.8,0.06251596168559446,2.9885183555409265
4320260505010001,岐阜競輪,1R,08:30,3-4,3,4,194.3,0.02051239429941768,2.985558212376856
2120260504020009,弥彦競輪,9R,23:20,4-7,4,7,177.0,0.0224057739270415,2.9658219850863454
5620260504020002,岸和田競輪,2R,11:25,4-6,4,6,206.3,0.01918627531619226,2.958128597730463
4320260505010003,岐阜競輪,3R,09:10,3-4,3,4,443.0,0.008905136720933945,2.9449755673737377
1220260504020005,青森競輪,5R,10:00,3-5,3,5,99.3,0.039709877823512124,2.943190867874754
3520260501050009,平塚競輪,9R,15:09,1-2,1,2,147.1,0.02678800263387993,2.9405151874437374
4320260505010001,岐阜競輪,1R,08:30,5-6,5,6,61.1,0.06431079866991456,2.9293897987317794
1220260504020001,青森競輪,1R,08:40,2-6,2,6,191.0,0.020569530530198436,2.9287803312679013
4320260505010007,岐阜競輪,7R,10:30,5-6,5,6,78.0,0.05035304515394359,2.9275375220076003
7420260504020001,高知競輪,1R,20:50,3-5,3,5,74.9,0.05229686297065636,2.9170350365021616
2720260503030010,京王閣競輪,10R,19:50,3-6,3,6,138.9,0.028138137436349596,2.908387289908959
4320260505010005,岐阜競輪,5R,09:50,2-5,2,5,61.3,0.06373158168173955,2.906745957090634
4720260504020005,松阪競輪,5R,17:34,5-7,5,7,101.4,0.038469225754643684,2.90077949152087
5620260504020011,岸和田競輪,11R,15:29,1-3,1,3,50.9,0.0765606026320553,2.896934673971615
3520260501050001,平塚競輪,1R,10:45,5-7,5,7,95.1,0.04092398188142591,2.8918706769236038
2720260503030006,京王閣競輪,6R,18:11,1-2,1,2,50.9,0.07637245252516939,2.8873578335311216
4720260504020011,松阪競輪,11R,20:04,2-3,2,3,34.4,0.1123423061113494,2.8645753302304193
5620260504020009,岸和田競輪,9R,14:16,3-7,3,7,58.1,0.06634357551737054,2.8545617375592283
1220260504020007,青森競輪,7R,10:40,1-7,1,7,189.2,0.020240765688284822,2.8295528682234883
5620260504020005,岸和田競輪,5R,12:34,5-6,5,6,141.3,0.02699367266622435,2.8142059477375008
2720260503030006,京王閣競輪,6R,18:11,2-5,2,5,119.9,0.03174564663298283,2.8063030312946413
4720260504020005,松阪競輪,5R,17:34,4-6,4,6,157.7,0.024107178413418473,2.801702035796093
5620260504020011,岸和田競輪,11R,15:29,4-6,4,6,366.5,0.01036317897181736,2.7981050931710625
4720260504020004,松阪競輪,4R,17:09,6-7,6,7,260.5,0.0145153184311888,2.781240451324682
4320260505010007,岐阜競輪,7R,10:30,2-4,2,4,94.7,0.03991382235855311,2.77983897735498
5620260504020003,岸和田競輪,3R,11:47,6-7,6,7,78.9,0.047806959859929436,2.7719691329484326
2720260503030008,京王閣競輪,8R,19:00,2-4,2,4,90.6,0.041389582077842886,2.7498961362525653
3520260501050004,平塚競輪,4R,12:16,6-7,6,7,86.4,0.04335440428368198,2.7458205301101235
2720260503030001,京王閣競輪,1R,16:05,2-6,2,6,58.1,0.06447146926795427,2.7457923644681435
4320260505010005,岐阜競輪,5R,09:50,6-7,6,7,112.7,0.033080139153319296,2.7281316825790847
5620260504020001,岸和田競輪,1R,11:00,2-7,2,7,104.6,0.035624132774783754,2.7262842882423803
3520260501050007,平塚競輪,7R,13:55,3-9,3,9,99.4,0.037450771704225824,2.7226067074000473
4720260504020012,松阪競輪,12R,20:30,3-7,3,7,111.7,0.03324771597166916,2.713769874035445
4320260505010005,岐阜競輪,5R,09:50,4-6,4,6,48.5,0.07653223774053097,2.711813530415752
4320260505010007,岐阜競輪,7R,10:30,2-5,2,5,68.8,0.053720930023664085,2.695999985628089
5620260504020004,岸和田競輪,4R,12:09,3-6,3,6,107.7,0.03429423421620886,2.693489025085695
4720260504020005,松阪競輪,5R,17:34,2-6,2,6,146.8,0.0251332432616661,2.689560110812584
3520260501050003,平塚競輪,3R,11:40,3-9,3,9,115.8,0.03185644123641204,2.6889758951765144
1220260504020005,青森競輪,5R,10:00,2-3,2,3,61.9,0.05957181631159708,2.6874954296878593
5620260504020007,岸和田競輪,7R,13:25,2-4,2,4,85.7,0.04302550952167934,2.6872861660079197
2720260503030011,京王閣競輪,11R,20:16,6-7,6,7,75.5,0.048750196409922744,2.6806398289491673
4320260505010005,岐阜競輪,5R,09:50,1-5,1,5,138.5,0.026555653498304466,2.6779580095151685
2720260503030004,京王閣競輪,4R,17:25,2-5,2,5,114.0,0.03217856047234664,2.6683558938475174
4720260504020006,松阪競輪,6R,17:59,3-4,3,4,69.7,0.05239252394079604,2.6517589186734845
2120260504020004,弥彦競輪,4R,21:40,4-7,4,7,224.0,0.016277318189273235,2.6461192743972046
3520260501050011,平塚競輪,11R,16:30,2-7,2,7,143.9,0.025309198152973462,2.6419936142128813
3520260501050007,平塚競輪,7R,13:55,3-4,3,4,93.2,0.039015477602735396,2.636242512574939
4320260505010001,岐阜競輪,1R,08:30,4-7,4,7,151.5,0.023999118909333286,2.635866514763993
1220260504020001,青森競輪,1R,08:40,4-6,4,6,79.3,0.04573337314863364,2.6266564906866474
4320260505010003,岐阜競輪,3R,09:10,1-4,1,4,120.8,0.02990281673101046,2.6122602611060635
4720260504020001,松阪競輪,1R,15:55,1-5,1,5,76.5,0.04714791689285575,2.606815642303465
3520260501050001,平塚競輪,1R,10:45,3-5,3,5,244.1,0.014730932913136482,2.595820724096615
2720260503030004,京王閣競輪,4R,17:25,2-6,2,6,54.7,0.06570530665779488,2.59408027418138
1220260504020004,青森競輪,4R,09:40,6-7,6,7,118.2,0.030331371848296755,2.5851681524686767
2720260503030005,京王閣競輪,5R,17:48,4-6,4,6,121.7,0.029326180935806474,2.568996219887648
4320260505010002,岐阜競輪,2R,08:50,3-5,3,5,355.8,0.009980279722788702,2.5509835253682205
2120260504020003,弥彦競輪,3R,21:20,4-7,4,7,77.9,0.04550481174662879,2.544824835062383
4320260505010007,岐阜競輪,7R,10:30,3-5,3,5,93.0,0.03788555942567389,2.523357026587672
2720260503030004,京王閣競輪,4R,17:25,1-2,1,2,143.1,0.024602184703869177,2.520572631123679
2720260503030010,京王閣競輪,10R,19:50,2-7,2,7,180.6,0.019488131961333935,2.5195566322169087
5620260504020004,岸和田競輪,4R,12:09,1-6,1,6,123.1,0.028554608147379614,2.5150722629424305
1220260504020005,青森競輪,5R,10:00,2-7,2,7,55.8,0.06277591288247779,2.5028959388422605
3520260501050011,平塚競輪,11R,16:30,3-6,3,6,140.4,0.024881941189876213,2.4934245430586204
1220260504020007,青森競輪,7R,10:40,3-4,3,4,84.8,0.041011462512586666,2.477772021067349
1220260504020007,青森競輪,7R,10:40,4-6,4,6,104.6,0.03321352324084653,2.474134530992547
7420260504020004,高知競輪,4R,21:50,3-7,3,7,118.4,0.029220405775965037,2.4596960438742603
5620260504020005,岸和田競輪,5R,12:34,6-7,6,7,85.7,0.04030618402945518,2.4542399713243093
4320260505010001,岐阜競輪,1R,08:30,2-6,2,6,113.1,0.03037505526508475,2.435418750481085
5620260504020010,岸和田競輪,10R,14:51,3-6,3,6,205.2,0.016701093826833997,2.427064453266336
1220260504020005,青森競輪,5R,10:00,1-3,1,3,150.1,0.022822638466898533,2.4256780338814696
4720260504020002,松阪競輪,2R,16:19,1-2,1,2,93.1,0.03676695011344707,2.423003055561922
5620260504020003,岸和田競輪,3R,11:47,3-6,3,6,146.2,0.023375522545481385,2.4175013961493783
7420260504020001,高知競輪,1R,20:50,2-5,2,5,51.0,0.06622452659429341,2.377450856308964
4720260504020005,松阪競輪,5R,17:34,3-5,3,5,71.0,0.04754265823573703,2.375528734737329
3520260501050011,平塚競輪,11R,16:30,2-6,2,6,187.3,0.018016755522357042,2.374538309337474
2120260504020004,弥彦競輪,4R,21:40,3-7,3,7,217.9,0.01547979495600886,2.373047320914331
2120260504020003,弥彦競輪,3R,21:20,2-6,2,6,74.2,0.04543068530544284,2.370956849663859
2120260504020002,弥彦競輪,2R,21:00,2-4,2,4,54.0,0.06233610450880786,2.3661496434756244
4720260504020001,松阪競輪,1R,15:55,4-6,4,6,191.4,0.017535849282835327,2.3563615527346817
4720260504020002,松阪競輪,2R,16:19,2-3,2,3,95.5,0.03508456352397325,2.3505758165394455
4320260505010004,岐阜競輪,4R,09:30,2-3,2,3,127.6,0.026185659288843678,2.341290125256453
1220260504020006,青森競輪,6R,10:20,4-7,4,7,96.4,0.034657448879874736,2.340978072019925
2720260503030010,京王閣競輪,10R,19:50,4-6,4,6,122.4,0.027279327119178076,2.3389896393873966
2720260503030004,京王閣競輪,4R,17:25,1-5,1,5,100.4,0.03319230581019026,2.3325075033431024
2120260504020008,弥彦競輪,8R,23:00,2-5,2,5,52.2,0.06345547621411034,2.31237585837656
4720260504020005,松阪競輪,5R,17:34,1-3,1,3,46.8,0.07076086997579542,2.3116087148672255
3520260501050009,平塚競輪,9R,15:09,2-8,2,8,193.7,0.01708967130702446,2.3102693321706376
4720260504020002,松阪競輪,2R,16:19,1-5,1,5,134.5,0.024586301251067172,2.3068575182685347
5620260504020008,岸和田競輪,8R,13:47,6-7,6,7,119.8,0.027551303749424806,2.3006461891810916
3520260501050009,平塚競輪,9R,15:09,2-9,2,9,309.9,0.010612486627797478,2.2888096059544383
4720260504020006,松阪競輪,6R,17:59,1-6,1,6,61.9,0.05305454487637977,2.2840763278479077
7420260504020002,高知競輪,2R,21:10,3-4,3,4,97.5,0.03363933821206158,2.279835475676004
4720260504020009,松阪競輪,9R,19:14,2-3,2,3,49.1,0.06679320714687549,2.279546470911587
3520260501050010,平塚競輪,10R,15:48,1-7,1,7,106.3,0.030780044997657303,2.271918783250971
3520260501050006,平塚競輪,6R,13:18,8-9,8,9,179.6,0.01816917546748658,2.2631839139605896
2720260503030008,京王閣競輪,8R,19:00,3-7,3,7,55.2,0.05888879929424898,2.250661721042544
4720260504020001,松阪競輪,1R,15:55,1-2,1,2,112.5,0.02888765142750524,2.2498607855943393
2720260503030006,京王閣競輪,6R,18:11,2-4,2,4,274.0,0.011852313147802522,2.247533802497891
2720260503030002,京王閣競輪,2R,16:37,3-5,3,5,94.8,0.03407555009964189,2.230362149446051
5620260504020004,岸和田競輪,4R,12:09,1-5,1,5,82.0,0.03933072417275856,2.225119382166202
5620260504020002,岸和田競輪,2R,11:25,1-4,1,4,82.9,0.038899886314341756,2.2248005754589317
4720260504020005,松阪競輪,5R,17:34,2-3,2,3,66.5,0.048445403547762646,2.2216193359262157
4320260505010002,岐阜競輪,2R,08:50,3-6,3,6,232.0,0.013878206339711279,2.2197438708130166
1220260504020002,青森競輪,2R,09:00,5-7,5,7,68.0,0.047329845466329075,2.2184294917103773
4720260504020012,松阪競輪,12R,20:30,5-7,5,7,75.2,0.042761228732992054,2.2156444007210028
5620260504020002,岸和田競輪,2R,11:25,1-5,1,5,61.0,0.052673472447104824,2.2130818192733943
1220260504020003,青森競輪,3R,09:20,1-7,1,7,105.8,0.0303452945719357,2.210532165710797
2120260504020001,弥彦競輪,1R,20:40,2-4,2,4,57.5,0.05581101335596672,2.2091332679680864
7420260504020008,高知競輪,8R,23:10,3-7,3,7,75.7,0.04236233108459682,2.2068284631039794
2720260503030005,京王閣競輪,5R,17:48,3-4,3,4,77.3,0.041346014215249235,2.1960468988387656
4720260504020004,松阪競輪,4R,17:09,4-7,4,7,111.6,0.028606464723813584,2.1924814631775957
2720260503030010,京王閣競輪,10R,19:50,2-4,2,4,91.4,0.034926931326687394,2.192321523259228
4320260505010002,岐阜競輪,2R,08:50,2-3,2,3,118.6,0.02687929135381653,2.1878839545626403
2120260504020009,弥彦競輪,9R,23:20,3-7,3,7,177.0,0.017981313515586198,2.182692492258757
4720260504020011,松阪競輪,11R,20:04,3-4,3,4,49.9,0.06365599138206564,2.176433969965075
1220260504020004,青森競輪,4R,09:40,2-7,2,7,42.6,0.07452038824414645,2.1745685392006386
7420260504020008,高知競輪,8R,23:10,4-7,4,7,151.5,0.020911657189924136,2.1681160642735064
4320260505010007,岐阜競輪,7R,10:30,1-2,1,2,94.7,0.033395672034886054,2.1625701417037093
2720260503030005,京王閣競輪,5R,17:48,3-6,3,6,160.2,0.019738889062406693,2.162170027797552
2120260504020004,弥彦競輪,4R,21:40,5-6,5,6,53.0,0.05944826791084601,2.1507581992748386
3520260501050002,平塚競輪,2R,11:12,4-8,4,8,254.1,0.012398513875869517,2.1504623758584445
5620260504020004,岸和田競輪,4R,12:09,2-3,2,3,57.4,0.05483418141925478,2.147482013465224
4720260504020002,松阪競輪,2R,16:19,2-5,2,5,213.6,0.014704506209225535,2.140882526290574
4720260504020011,松阪競輪,11R,20:04,1-2,1,2,50.4,0.06220920530308596,2.1353439472755325
4720260504020004,松阪競輪,4R,17:09,1-7,1,7,99.4,0.031502966866539014,2.1313949065339783
3520260501050008,平塚競輪,8R,14:32,2-9,2,9,158.3,0.019778099537554085,2.130873156794812
7420260504020007,高知競輪,7R,22:50,6-7,6,7,103.1,0.03029804942601247,2.1237288958218854
4720260504020006,松阪競輪,6R,17:59,2-5,2,5,65.6,0.04734548268877436,2.1058636643835977
2720260503030005,京王閣競輪,5R,17:48,1-6,1,6,139.8,0.02215940960767919,2.097885463153551
4320260505010006,岐阜競輪,6R,10:10,1-3,1,3,35.6,0.08700834672034657,2.0974971432443383
5620260504020002,岸和田競輪,2R,11:25,3-5,3,5,109.0,0.028280800454557112,2.0826072495467254
3520260501050009,平塚競輪,9R,15:09,8-9,8,9,208.4,0.014774079242379178,2.0789181141118207
3520260501050010,平塚競輪,10R,15:48,2-8,2,8,76.3,0.040281033292208585,2.073442840195515
1220260504020001,青森競輪,1R,08:40,5-7,5,7,92.1,0.03335897507908685,2.0723616047838984
2720260503030009,京王閣競輪,9R,19:25,2-4,2,4,109.8,0.027954361586105963,2.0693889021544347
7420260504020006,高知競輪,6R,22:30,4-7,4,7,127.5,0.024034268328390583,2.064369211869799
7420260504020003,高知競輪,3R,21:30,3-5,3,5,62.8,0.048778607189630244,2.063296531508779
4320260505010007,岐阜競輪,7R,10:30,3-4,3,4,117.8,0.025998381929460943,2.0626093912904993
4720260504020003,松阪競輪,3R,16:44,4-6,4,6,199.5,0.015350091433810414,2.062343241045178
3520260501050005,平塚競輪,5R,12:47,1-9,1,9,58.2,0.052552596305285,2.058561104967587
7420260504020002,高知競輪,2R,21:10,2-5,2,5,47.7,0.06406982681203244,2.0561307389339474
3520260501050004,平塚競輪,4R,12:16,7-8,7,8,147.4,0.02071926525897111,2.0540196991723416
3520260501050009,平塚競輪,9R,15:09,1-8,1,8,95.4,0.03193153582243488,2.046268517460288
7420260504020002,高知競輪,2R,21:10,1-6,1,6,55.3,0.055070468560259864,2.0453969113823702
4320260505010004,岐阜競輪,4R,09:30,3-6,3,6,307.9,0.009868686994990094,2.0385687257574494
3520260501050011,平塚競輪,11R,16:30,7-9,7,9,165.6,0.018329479494423238,2.035361804276488
4720260504020008,松阪競輪,8R,18:49,3-6,3,6,90.3,0.03355424268460948,2.0299481144202356
3520260501050010,平塚競輪,10R,15:48,1-5,1,5,77.4,0.039103354840345814,2.026599664642766
1220260504020004,青森競輪,4R,09:40,5-7,5,7,138.4,0.021801342833293415,2.0173058481278088
5620260504020001,岸和田競輪,1R,11:00,6-7,6,7,160.8,0.01870774219600548,2.008204945117681
7420260504020005,高知競輪,5R,22:10,4-7,4,7,64.0,0.046989550518882366,2.0073312332084714
5620260504020012,岸和田競輪,12R,16:12,4-6,4,6,116.4,0.02581379226790627,2.0047254199842897
1220260504020007,青森競輪,7R,10:40,2-3,2,3,43.5,0.06906339696026562,2.0042577677715543
4720260504020001,松阪競輪,1R,15:55,1-3,1,3,39.4,0.0762338926239069,2.0036153693819316
3520260501050006,平塚競輪,6R,13:18,7-8,7,8,137.8,0.021793961119960223,2.003207842330519
2720260503030004,京王閣競輪,4R,17:25,2-7,2,7,112.1,0.026768406043939912,2.000738317525664
5620260504020011,岸和田競輪,11R,15:29,6-7,6,7,96.2,0.03117722888832682,1.99924941905704
2120260504020009,弥彦競輪,9R,23:20,2-4,2,4,53.1,0.056387701135904335,1.9941869303165203
1220260504020002,青森競輪,2R,09:00,5-6,5,6,113.9,0.02621441222394396,1.9858215523072174
5620260504020004,岸和田競輪,4R,12:09,1-2,1,2,66.3,0.04501905188768389,1.9847631401534418
4320260505010004,岐阜競輪,4R,09:30,4-5,4,5,83.0,0.035933130522436685,1.982449833362245
4720260504020001,松阪競輪,1R,15:55,1-4,1,4,182.2,0.016305271123897302,1.9708203987740882
4720260504020004,松阪競輪,4R,17:09,2-3,2,3,45.2,0.0656505651986609,1.9674055469794731
3520260501050011,平塚競輪,11R,16:30,6-9,6,9,228.5,0.012861200914727046,1.9387844090151298
3520260501050005,平塚競輪,5R,12:47,2-9,2,9,87.6,0.03351982307522394,1.9363365013896172
1220260504020002,青森競輪,2R,09:00,3-6,3,6,60.5,0.04851090396071896,1.9349096896234967
2720260503030006,京王閣競輪,6R,18:11,3-5,3,5,45.3,0.06455891474190031,1.9245188378080842
2120260504020001,弥彦競輪,1R,20:40,3-4,3,4,58.7,0.04964506427806731,1.914165273122551
2720260503030011,京王閣競輪,11R,20:16,5-6,5,6,86.3,0.03372081449941791,1.9101062912997655
4720260504020001,松阪競輪,1R,15:55,2-4,2,4,147.2,0.019713402436576193,1.9018128386640156
4320260505010007,岐阜競輪,7R,10:30,2-3,2,3,136.0,0.0212901236745998,1.895456819745573
3520260501050009,平塚競輪,9R,15:09,4-5,4,5,166.0,0.017392078533872687,1.887085036622866
4720260504020005,松阪競輪,5R,17:34,2-7,2,7,73.4,0.039331633249429676,1.8869418805081386
4720260504020012,松阪競輪,12R,20:30,2-6,2,6,197.6,0.014590051660653467,1.8829942081451252
4320260505010005,岐阜競輪,5R,09:50,1-4,1,4,53.2,0.05413046233196151,1.8797405960603526
2120260504020002,弥彦競輪,2R,21:00,3-4,3,4,49.2,0.0585047337559139,1.8784329007909637
5620260504020003,岸和田競輪,3R,11:47,2-5,2,5,74.2,0.038787838878305586,1.8780576447702746
2120260504020004,弥彦競輪,4R,21:40,2-7,2,7,99.5,0.028836462779373503,1.8692280465476636
5620260504020009,岸和田競輪,9R,14:16,5-6,5,6,75.0,0.03810788062914757,1.8580910471860679
7420260504020008,高知競輪,8R,23:10,2-6,2,6,50.5,0.05632223728414912,1.8442729828495303
2120260504020009,弥彦競輪,9R,23:20,6-7,6,7,177.0,0.016060309581456156,1.8426747959177394
4720260504020011,松阪競輪,11R,20:04,1-6,1,6,179.8,0.015795259931805073,1.8399877357385521
2720260503030001,京王閣競輪,1R,16:05,4-6,4,6,34.6,0.08207655277057788,1.8398487258619944
5620260504020012,岸和田競輪,12R,16:12,1-7,1,7,49.0,0.05793807695096976,1.8389657705975182
2720260503030006,京王閣競輪,6R,18:11,6-7,6,7,287.7,0.009852933121768385,1.8346888591327644
3520260501050008,平塚競輪,8R,14:32,4-6,4,6,167.6,0.0169067184309346,1.833566009024639
3520260501050010,平塚競輪,10R,15:48,5-7,5,7,222.6,0.012685212024764999,1.8237281967126888
1220260504020001,青森競輪,1R,08:40,3-7,3,7,81.8,0.03450793399129938,1.8227490004882894
3520260501050001,平塚競輪,1R,10:45,5-9,5,9,248.2,0.011370969241667089,1.8222745657817714
1220260504020002,青森競輪,2R,09:00,3-5,3,5,61.2,0.04607445914752175,1.8197568998283313
2120260504020001,弥彦競輪,1R,20:40,3-6,3,6,68.3,0.041131721370195426,1.8092965695843475
5620260504020008,岸和田競輪,8R,13:47,1-6,1,6,54.4,0.051620623388347706,1.8081619123261152
3520260501050004,平塚競輪,4R,12:16,3-8,3,8,168.3,0.016681605588098086,1.8075142204769081
7420260504020001,高知競輪,1R,20:50,1-7,1,7,58.8,0.0476509293889405,1.8018746480697012
2120260504020007,弥彦競輪,7R,22:40,6-7,6,7,248.2,0.01127780196840253,1.799150448557508
3520260501050008,平塚競輪,8R,14:32,4-5,4,5,70.7,0.03947871558496564,1.7911451918570709
1220260504020001,青森競輪,1R,08:40,6-7,6,7,135.7,0.020559588904466127,1.7899362143360533
4320260505010004,岐阜競輪,4R,09:30,1-3,1,3,93.4,0.0298669819093976,1.7895761103377361
5620260504020006,岸和田競輪,6R,12:59,1-6,1,6,52.1,0.053529562176780086,1.7888901894102425
5620260504020005,岸和田競輪,5R,12:34,4-5,4,5,77.9,0.035750059331471115,1.7849296219216
3520260501050009,平塚競輪,9R,15:09,1-9,1,9,130.5,0.02133728207940127,1.7845153113618655
4720260504020009,松阪競輪,9R,19:14,2-6,2,6,41.5,0.06674908099789605,1.7700868614126861
4320260505010005,岐阜競輪,5R,09:50,3-6,3,6,230.9,0.011984400404430426,1.7671980533829852
2720260503030010,京王閣競輪,10R,19:50,3-7,3,7,124.5,0.022218826019627998,1.766243839443686
2720260503030003,京王閣競輪,3R,17:02,3-7,3,7,38.9,0.07106518968381827,1.7644358787005303
5620260504020001,岸和田競輪,1R,11:00,2-3,2,3,62.8,0.04400967155500942,1.7638073736545916
4720260504020003,松阪競輪,3R,16:44,3-6,3,6,76.0,0.03633888424995971,1.7617552029969379
3520260501050011,平塚競輪,11R,16:30,3-7,3,7,79.1,0.03490407110724863,1.7609120245833663
2720260503030003,京王閣競輪,3R,17:02,5-6,5,6,130.6,0.021113741885369196,1.757454690229217
5620260504020009,岸和田競輪,9R,14:16,6-7,6,7,60.8,0.04530099612397963,1.7543005643379614
2720260503030002,京王閣競輪,2R,16:37,2-6,2,6,52.2,0.05268501886741063,1.7501579848788351
3520260501050001,平塚競輪,1R,10:45,6-9,6,9,133.1,0.020635300761973157,1.7465585314186272
3520260501050003,平塚競輪,3R,11:40,3-5,3,5,46.3,0.05907407373607437,1.7351296139802432
2720260503030006,京王閣競輪,6R,18:11,3-6,3,6,250.2,0.010894153707685372,1.7257172576628799
5620260504020003,岸和田競輪,3R,11:47,2-3,2,3,63.7,0.042581345234517363,1.712431691438756
5620260504020005,岸和田競輪,5R,12:34,2-3,2,3,106.0,0.025585193307665795,1.712030490612574
2120260504020007,弥彦競輪,7R,22:40,2-5,2,5,82.7,0.03278104816368962,1.7109926831371314
7420260504020007,高知競輪,7R,22:50,3-7,3,7,103.1,0.026287981046164848,1.7102908458595958
2720260503030009,京王閣競輪,9R,19:25,1-4,1,4,94.9,0.028480920369566846,1.702839343071894
2720260503030009,京王閣競輪,9R,19:25,5-6,5,6,98.2,0.027442609456543313,1.6948642486325536
1220260504020007,青森競輪,7R,10:40,5-7,5,7,74.5,0.036001945495244686,1.6821449393957293
2720260503030002,京王閣競輪,2R,16:37,1-5,1,5,45.0,0.05953550213966211,1.679097596284795
7420260504020006,高知競輪,6R,22:30,2-7,2,7,51.0,0.05251916154333084,1.6784772387098728
3520260501050008,平塚競輪,8R,14:32,3-9,3,9,70.2,0.03811760001751859,1.6758555212298054
5620260504020008,岸和田競輪,8R,13:47,4-5,4,5,95.1,0.0280423019216451,1.6668229127484486
7420260504020002,高知競輪,2R,21:10,2-4,2,4,51.4,0.051817035240705425,1.663395611372259
2720260503030004,京王閣競輪,4R,17:25,2-3,2,3,92.1,0.028887028079191635,1.6604952860935493
3520260501050010,平塚競輪,10R,15:48,1-8,1,8,85.5,0.03107439296989651,1.6568605989261518
1220260504020004,青森競輪,4R,09:40,1-4,1,4,52.5,0.05055178207673017,1.6539685590283337
7420260504020001,高知競輪,1R,20:50,1-6,1,6,52.8,0.050037057327717585,1.6419566269034882
5620260504020007,岸和田競輪,7R,13:25,1-7,1,7,56.9,0.046426761654664486,1.641682738150409
3520260501050007,平塚競輪,7R,13:55,1-5,1,5,68.5,0.03821523894280296,1.6177438675820026
5620260504020010,岸和田競輪,10R,14:51,3-5,3,5,87.9,0.02976802831682464,1.6166096890488864
4720260504020006,松阪競輪,6R,17:59,2-6,2,6,39.1,0.06679944269613164,1.611858209418747
7420260504020003,高知競輪,3R,21:30,2-5,2,5,43.4,0.060178132295488254,1.6117309416241903
5620260504020003,岸和田競輪,3R,11:47,4-5,4,5,70.0,0.03724015758619287,1.6068110310335006
2120260504020004,弥彦競輪,4R,21:40,4-6,4,6,75.3,0.03455899528928336,1.602292345283037
4720260504020005,松阪競輪,5R,17:34,5-6,5,6,106.5,0.024428353059880316,1.6016196008772536
2120260504020009,弥彦競輪,9R,23:20,2-3,2,3,53.1,0.04886307605494916,1.5946293385178008
1220260504020004,青森競輪,4R,09:40,1-2,1,2,40.8,0.0635078428680278,1.5911199890155339
2720260503030004,京王閣競輪,4R,17:25,2-4,2,4,62.8,0.04116891028210064,1.58540756571592
4320260505010004,岐阜競輪,4R,09:30,5-6,5,6,373.9,0.006910387251559458,1.583793793358081
5620260504020011,岸和田競輪,11R,15:29,3-7,3,7,58.4,0.04423297061884639,1.583205484140629
4320260505010001,岐阜競輪,1R,08:30,3-7,3,7,51.2,0.05028478202353688,1.5745808396050887
5620260504020010,岸和田競輪,10R,14:51,4-7,4,7,71.0,0.03625136712075698,1.5738470655737458
7420260504020009,高知競輪,9R,23:30,3-7,3,7,66.3,0.03871985204901764,1.5671261908498697
2720260503030003,京王閣競輪,3R,17:02,6-7,6,7,32.0,0.0799942743503605,1.5598167792115358
5620260504020008,岸和田競輪,8R,13:47,2-6,2,6,96.6,0.02634353853939318,1.5447858229053808
1220260504020004,青森競輪,4R,09:40,2-6,2,6,36.8,0.06911351009353789,1.5433771714421942
5620260504020005,岸和田競輪,5R,12:34,1-6,1,6,33.9,0.07493967684165848,1.540455044932222
4720260504020005,松阪競輪,5R,17:34,1-7,1,7,42.6,0.05950797965888777,1.5350399334686191
4320260505010004,岐阜競輪,4R,09:30,3-5,3,5,290.8,0.008717398623222784,1.5350195196331855
4320260505010006,岐阜競輪,6R,10:10,2-5,2,5,67.3,0.03764605567458956,1.5335795468998774
5620260504020004,岸和田競輪,4R,12:09,4-5,4,5,52.6,0.048164020322838966,1.5334274689813299
2720260503030002,京王閣競輪,2R,16:37,5-6,5,6,62.1,0.040769708224766554,1.5317988807580032
2120260504020008,弥彦競輪,8R,23:00,5-6,5,6,130.5,0.019375763680892482,1.528537160356469
7420260504020009,高知競輪,9R,23:30,5-7,5,7,88.5,0.028544246971580065,1.5261658569848358
4320260505010003,岐阜競輪,3R,09:10,1-3,1,3,231.1,0.010899822220075898,1.51894891505954
1220260504020007,青森競輪,7R,10:40,3-7,3,7,122.9,0.0204791479726666,1.5168872858407254
4320260505010007,岐阜競輪,7R,10:30,4-6,4,6,68.0,0.03697540216500218,1.5143273472201484
2720260503030007,京王閣競輪,7R,18:35,1-5,1,5,74.8,0.033601573394288084,1.5133976898927486
4720260504020002,松阪競輪,2R,16:19,5-7,5,7,129.6,0.01938450692012804,1.5122320968485936
2120260504020002,弥彦競輪,2R,21:00,2-3,2,3,41.0,0.06124077537217677,1.5108717902592477
3520260501050009,平塚競輪,9R,15:09,1-6,1,6,110.4,0.022715632502982773,1.5078058283292983
5620260504020008,岸和田競輪,8R,13:47,4-6,4,6,214.0,0.01171687503457058,1.5074112573981044
4320260505010001,岐阜競輪,1R,08:30,4-6,4,6,261.3,0.00959119219450133,1.5061785204231977
1220260504020002,青森競輪,2R,09:00,2-5,2,5,56.9,0.043942529771167665,1.5003299439794402
3520260501050008,平塚競輪,8R,14:32,2-3,2,3,44.3,0.056391659109219484,1.4981504985384229
3520260501050007,平塚競輪,7R,13:55,5-6,5,6,160.4,0.015541730492653383,1.492893571021603
5620260504020003,岸和田競輪,3R,11:47,1-3,1,3,44.0,0.05661785716922805,1.4911857154460342
4720260504020002,松阪競輪,2R,16:19,5-6,5,6,61.5,0.040470777599233135,1.4889528223528377
2720260503030007,京王閣競輪,7R,18:35,3-7,3,7,46.8,0.05315994986808538,1.4878856538263956
5620260504020005,岸和田競輪,5R,12:34,2-6,2,6,165.9,0.01498882755915619,1.4866464920640121
5620260504020008,岸和田競輪,8R,13:47,2-4,2,4,136.2,0.01824316215789512,1.4847186859053152
1220260504020001,青森競輪,1R,08:40,3-6,3,6,119.9,0.02071892603571254,1.4841992316819335
3520260501050002,平塚競輪,2R,11:12,1-4,1,4,70.3,0.0352819971157865,1.4803243972397908
4320260505010005,岐阜競輪,5R,09:50,1-3,1,3,323.3,0.0076717596196320265,1.4802798850270342
4720260504020004,松阪競輪,4R,17:09,3-7,3,7,47.1,0.052582508748966625,1.476636162076328
2120260504020009,弥彦競輪,9R,23:20,2-6,2,6,53.1,0.046622691344043225,1.4756649103686952
1220260504020002,青森競輪,2R,09:00,4-6,4,6,128.9,0.019179991312443353,1.4723008801739481
7420260504020005,高知競輪,5R,22:10,2-6,2,6,64.0,0.03842230794232498,1.4590277083087986
5620260504020009,岸和田競輪,9R,14:16,3-6,3,6,87.8,0.02793887380835579,1.4530331203736386
3520260501050011,平塚競輪,11R,16:30,4-9,4,9,186.1,0.01313007038635078,1.44350609889988
5620260504020005,岸和田競輪,5R,12:34,1-2,1,2,49.2,0.04962271457243718,1.4414375569639093
5620260504020002,岸和田競輪,2R,11:25,4-7,4,7,78.7,0.030933427483694723,1.4344607429667748
7420260504020007,高知競輪,7R,22:50,4-7,4,7,51.5,0.04719569946053183,1.430578522217389
1220260504020004,青森競輪,4R,09:40,1-5,1,5,132.0,0.01840783704972673,1.4298344905639282
5620260504020002,岸和田競輪,2R,11:25,3-4,3,4,113.9,0.02130060666107802,1.4261390986967863
3520260501050002,平塚競輪,2R,11:12,4-5,4,5,57.9,0.0416347932761899,1.4106545306913953
2120260504020005,弥彦競輪,5R,22:00,2-7,2,7,71.4,0.033735377710201325,1.4087059685083747
1220260504020003,青森競輪,3R,09:20,2-4,2,4,56.6,0.04254920687236593,1.4082851089759116
4720260504020011,松阪競輪,11R,20:04,3-5,3,5,40.8,0.059020004461397754,1.4080161820250283
1220260504020001,青森競輪,1R,08:40,2-3,2,3,67.8,0.035495742533527955,1.406611343773195
2120260504020007,弥彦競輪,7R,22:40,2-7,2,7,62.0,0.03881001137501098,1.4062207052506808
4720260504020001,松阪競輪,1R,15:55,5-6,5,6,45.0,0.05341960745844543,1.403882335630044
5620260504020007,岸和田競輪,7R,13:25,1-3,1,3,38.7,0.06207526080983193,1.402312593340496
3520260501050004,平塚競輪,4R,12:16,6-9,6,9,169.6,0.01415544811948957,1.400764001065431
4320260505010007,岐阜競輪,7R,10:30,3-6,3,6,126.2,0.0190118749997119,1.399298624963642
3520260501050004,平塚競輪,4R,12:16,2-6,2,6,92.4,0.025953816053941557,1.3981326033841999
3520260501050008,平塚競輪,8R,14:32,8-9,8,9,392.6,0.006101532630923551,1.3954617109005865
2720260503030006,京王閣競輪,6R,18:11,1-3,1,3,18.2,0.1314815023868862,1.3929633434413287
4320260505010003,岐阜競輪,3R,09:10,1-6,1,6,61.8,0.038681342465712566,1.3905069643810366
2720260503030011,京王閣競輪,11R,20:16,2-6,2,6,35.5,0.06727695950153474,1.3883320623044835
2720260503030003,京王閣競輪,3R,17:02,3-5,3,5,128.5,0.01855901161127158,1.384832992048398
3520260501050006,平塚競輪,6R,13:18,4-8,4,8,335.5,0.00710419900847477,1.3834587673432854
2120260504020003,弥彦競輪,3R,21:20,4-5,4,5,175.0,0.013614441134186844,1.3825271984826975
1220260504020001,青森競輪,1R,08:40,4-7,4,7,38.4,0.06201428621032544,1.3813485904764966
2120260504020005,弥彦競輪,5R,22:00,3-7,3,7,59.5,0.03988548745842907,1.3731865037765298
5620260504020003,岸和田競輪,3R,11:47,2-6,2,6,150.7,0.015737737322392847,1.371677014484602
3520260501050006,平塚競輪,6R,13:18,4-9,4,9,102.0,0.023238701969934966,1.3703476009333664
2720260503030003,京王閣競輪,3R,17:02,3-6,3,6,50.6,0.04684002195507546,1.370105110926818
3520260501050008,平塚競輪,8R,14:32,4-9,4,9,213.8,0.011072704365326804,1.367344193306871
3520260501050001,平塚競輪,1R,10:45,1-9,1,9,38.2,0.06178456246344373,1.3601702861035507
5620260504020006,岸和田競輪,6R,12:59,1-2,1,2,37.5,0.06290603370967514,1.3589762641128176
3520260501050001,平塚競輪,1R,10:45,3-9,3,9,134.3,0.017544723798515592,1.3562564061406444
4720260504020001,松阪競輪,1R,15:55,1-7,1,7,78.1,0.03011689395526805,1.3521294179064345
5620260504020005,岸和田競輪,5R,12:34,5-7,5,7,60.5,0.038868399685920825,1.3515381809982099
4720260504020001,松阪競輪,1R,15:55,2-6,2,6,73.6,0.03193172560471354,1.3501750045069163
5620260504020005,岸和田競輪,5R,12:34,2-7,2,7,95.4,0.024547863127518377,1.3418661423652534
3520260501050007,平塚競輪,7R,13:55,3-8,3,8,101.1,0.023105561457224946,1.3359722633254418
2720260503030009,京王閣競輪,9R,19:25,6-7,6,7,59.5,0.039065880761575335,1.3244199053137322
1220260504020007,青森競輪,7R,10:40,1-6,1,6,69.2,0.033570139648766796,1.3230536636946626
5620260504020012,岸和田競輪,12R,16:12,2-6,2,6,120.2,0.019321883862007526,1.3224904402133046
7420260504020003,高知競輪,3R,21:30,1-7,1,7,52.5,0.04394391312742391,1.3070554391897553
4720260504020012,松阪競輪,12R,20:30,2-5,2,5,66.6,0.03460265240394009,1.3045366501024098
5620260504020012,岸和田競輪,12R,16:12,1-4,1,4,33.1,0.06946458970322882,1.2992779191768737
2120260504020006,弥彦競輪,6R,22:20,1-7,1,7,39.5,0.058104139515279346,1.2951135108535343
1220260504020003,青森競輪,3R,09:20,5-6,5,6,37.3,0.06152548657076308,1.2949006490894628
7420260504020003,高知競輪,3R,21:30,2-3,2,3,42.2,0.0542455400451702,1.2891617899061827
2720260503030007,京王閣競輪,7R,18:35,4-5,4,5,135.6,0.016868616023160494,1.287384332740563
4720260504020011,松阪競輪,11R,20:04,4-6,4,6,71.1,0.03215438422432937,1.286176718349818
4720260504020002,松阪競輪,2R,16:19,1-3,1,3,48.4,0.04719891957226398,1.2844277072975765
1220260504020007,青森競輪,7R,10:40,5-6,5,6,42.0,0.05427301446356725,1.2794666074698244
1220260504020007,青森競輪,7R,10:40,1-3,1,3,55.2,0.04127949227615804,1.2786279736439239
3520260501050004,平塚競輪,4R,12:16,3-7,3,7,40.7,0.05595982687289576,1.2775649537268574
1220260504020007,青森競輪,7R,10:40,3-5,3,5,36.1,0.06307107987039381,1.2768659833212168
1220260504020001,青森競輪,1R,08:40,2-4,2,4,35.0,0.0648328211745445,1.2691487411090576
5620260504020007,岸和田競輪,7R,13:25,2-5,2,5,40.8,0.055551144990570976,1.2664867156152955
2720260503030007,京王閣競輪,7R,18:35,5-6,5,6,465.0,0.0048667378767852255,1.2630331127051297
4320260505010001,岐阜競輪,1R,08:30,1-7,1,7,36.2,0.06250999224076383,1.2628617191156506
3520260501050010,平塚競輪,10R,15:48,7-8,7,8,172.6,0.013101337406219143,1.261290836313424
4320260505010007,岐阜競輪,7R,10:30,1-6,1,6,73.6,0.030713804702325306,1.2605360260911422
2120260504020008,弥彦競輪,8R,23:00,2-7,2,7,37.2,0.06076565311477307,1.2604822958695583
2720260503030011,京王閣競輪,11R,20:16,1-6,1,6,75.0,0.030118472934051635,1.2588854700538725
4720260504020012,松阪競輪,12R,20:30,4-6,4,6,64.3,0.035080631268784385,1.255684590582836
2120260504020003,弥彦競輪,3R,21:20,1-6,1,6,29.1,0.07748138236867588,1.2547082269284684
2720260503030005,京王閣競輪,5R,17:48,3-5,3,5,29.7,0.07589157080325012,1.2539796528565286
5620260504020005,岸和田競輪,5R,12:34,2-5,2,5,149.6,0.015057075316197318,1.2525384673031188
5620260504020012,岸和田競輪,12R,16:12,2-4,2,4,58.2,0.038666586497359254,1.2503953341463085
2720260503030006,京王閣競輪,6R,18:11,2-7,2,7,92.8,0.024219303652216733,1.2475513789257127
5620260504020010,岸和田競輪,10R,14:51,1-3,1,3,118.4,0.018943241373609147,1.2428797786353232
3520260501050008,平塚競輪,8R,14:32,4-8,4,8,403.6,0.005523984532547276,1.2294801573360807
5620260504020007,岸和田競輪,7R,13:25,3-7,3,7,35.4,0.06290759718904951,1.2269289404923525
3520260501050010,平塚競輪,10R,15:48,1-2,1,2,22.2,0.10020678978917355,1.2245907333196526
2120260504020003,弥彦競輪,3R,21:20,2-3,2,3,46.3,0.04787473501215667,1.2166002310628539
7420260504020004,高知競輪,4R,21:50,4-5,4,5,74.0,0.029869359615519925,1.2103326115484743
3520260501050008,平塚競輪,8R,14:32,3-8,3,8,91.8,0.023881021445958005,1.1922777687389448
5620260504020012,岸和田競輪,12R,16:12,1-2,1,2,33.8,0.06481389136462029,1.1907095281241658
1220260504020004,青森競輪,4R,09:40,3-6,3,6,61.0,0.035835767973558426,1.185981846387064
2720260503030009,京王閣競輪,9R,19:25,2-3,2,3,29.7,0.07352113787454179,1.1835777948738908
5620260504020001,岸和田競輪,1R,11:00,4-7,4,7,206.0,0.010593916705563627,1.182346841346107
2120260504020004,弥彦競輪,4R,21:40,4-5,4,5,64.0,0.034004707864475965,1.1763013033264618
7420260504020004,高知競輪,4R,21:50,2-6,2,6,48.0,0.045303847146261275,1.174584663020541
5620260504020001,岸和田競輪,1R,11:00,1-3,1,3,34.7,0.06265080179619968,1.1739828223281292
3520260501050010,平塚競輪,10R,15:48,2-4,2,4,108.5,0.02002731459724152,1.172963633800705
7420260504020004,高知競輪,4R,21:50,1-6,1,6,37.7,0.05758093401273776,1.1708012122802138
5620260504020011,岸和田競輪,11R,15:29,2-3,2,3,46.4,0.04668848410341134,1.1663456623982862
4320260505010006,岐阜競輪,6R,10:10,1-2,1,2,23.1,0.09366888883798714,1.1637513321575033
2120260504020008,弥彦競輪,8R,23:00,6-7,6,7,130.5,0.016568128635454378,1.1621407869267961
4720260504020007,松阪競輪,7R,18:24,5-6,5,6,37.1,0.058205439289703495,1.1594217976479997
3520260501050001,平塚競輪,1R,10:45,2-5,2,5,121.0,0.017805897467712762,1.154513593593244
2720260503030008,京王閣競輪,8R,19:00,1-5,1,5,40.2,0.05358455536010667,1.1540991254762885
4720260504020009,松阪競輪,9R,19:14,3-6,3,6,89.7,0.023987408165099176,1.151670512409396
3520260501050005,平塚競輪,5R,12:47,2-6,2,6,158.6,0.01356227921544979,1.1509774835703368
3520260501050005,平塚競輪,5R,12:47,4-9,4,9,137.3,0.015648931903245955,1.1485983503156696
5620260504020002,岸和田競輪,2R,11:25,2-3,2,3,29.4,0.07305666234314888,1.1478658728885769
3520260501050002,平塚競輪,2R,11:12,3-4,3,4,47.4,0.04524720407160951,1.1447174729942908
4720260504020010,松阪競輪,10R,19:39,4-5,4,5,57.5,0.03720602374582874,1.1393463653851525
4320260505010005,岐阜競輪,5R,09:50,3-7,3,7,78.2,0.027335544726043055,1.137639597576567
4720260504020006,松阪競輪,6R,17:59,5-6,5,6,30.3,0.07047022269418819,1.1352477476339025
2120260504020007,弥彦競輪,7R,22:40,5-6,5,6,248.2,0.008597766311144901,1.1339655984261645
3520260501050009,平塚競輪,9R,15:09,5-8,5,8,175.4,0.012151715227875922,1.131410850969437
3520260501050010,平塚競輪,10R,15:48,1-4,1,4,148.0,0.014369960182638706,1.1267541070305285
1220260504020001,青森競輪,1R,08:40,2-5,2,5,62.1,0.034179697368498574,1.1225592065837615
2720260503030011,京王閣競輪,11R,20:16,5-7,5,7,40.2,0.05258987619900028,1.1141130231998115
3520260501050003,平塚競輪,3R,11:40,4-5,4,5,35.2,0.06002442861052015,1.1128598870903095
7420260504020005,高知競輪,5R,22:10,5-7,5,7,106.7,0.019799624594521077,1.1126199442353988
2120260504020007,弥彦競輪,7R,22:40,4-7,4,7,82.7,0.025496084567962124,1.1085261937704676
1220260504020006,青森競輪,6R,10:20,2-4,2,4,51.6,0.040805383883324234,1.1055578083795305
5620260504020009,岸和田競輪,9R,14:16,4-6,4,6,107.3,0.019604567910846443,1.1035701368338233
1220260504020007,青森競輪,7R,10:40,2-6,2,6,35.1,0.059855838440814976,1.1009399292726059
2120260504020007,弥彦競輪,7R,22:40,1-5,1,5,41.3,0.050868353746116764,1.1008630097146224
2720260503030011,京王閣競輪,11R,20:16,3-5,3,5,58.5,0.03589435107734658,1.099819538024775
2720260503030011,京王閣競輪,11R,20:16,4-6,4,6,74.5,0.02813125494779444,1.0957784936106858
5620260504020009,岸和田競輪,9R,14:16,2-3,2,3,41.1,0.05098435317272598,1.095456915399038
1220260504020007,青森競輪,7R,10:40,6-7,6,7,144.6,0.014481275109755786,1.0939923808706866
5620260504020009,岸和田競輪,9R,14:16,3-5,3,5,37.1,0.05641341209728807,1.0929375888093875
3520260501050011,平塚競輪,11R,16:30,2-9,2,9,76.4,0.027380663209677268,1.0918826692193435
5620260504020005,岸和田競輪,5R,12:34,4-6,4,6,56.9,0.03670472155646408,1.0884986565628059
4720260504020002,松阪競輪,2R,16:19,2-6,2,6,37.0,0.05641069338833464,1.0871956553683817
2120260504020006,弥彦競輪,6R,22:20,2-7,2,7,118.5,0.017605741608131983,1.08628038056364
3520260501050007,平塚競輪,7R,13:55,1-6,1,6,133.0,0.015655974358025224,1.0822445896173547
7420260504020009,高知競輪,9R,23:30,4-7,4,7,66.3,0.03131044338940538,1.075882396717577
7420260504020002,高知競輪,2R,21:10,1-7,1,7,39.7,0.052283723417649614,1.07566381968069
7420260504020005,高知競輪,5R,22:10,6-7,6,7,106.7,0.019430484285727682,1.0732326732871438
3520260501050002,平塚競輪,2R,11:12,4-6,4,6,83.6,0.024739479656979514,1.0682204993234872
3520260501050008,平塚競輪,8R,14:32,2-6,2,6,126.2,0.01638324635847358,1.0675656904393662
3520260501050006,平塚競輪,6R,13:18,2-8,2,8,108.5,0.019008284346865575,1.062398851634915
1220260504020003,青森競輪,3R,09:20,2-6,2,6,69.0,0.02977490205835641,1.054468242026592
3520260501050001,平塚競輪,1R,10:45,7-8,7,8,96.3,0.02130862257435827,1.0520203539107014
1220260504020005,青森競輪,5R,10:00,1-2,1,2,45.0,0.045593546722283405,1.0517096025027532
3520260501050006,平塚競輪,6R,13:18,3-8,3,8,212.5,0.009651575799803282,1.0509598574581975
2720260503030009,京王閣競輪,9R,19:25,2-6,2,6,35.9,0.05711785680631771,1.0505310593468056
2720260503030009,京王閣競輪,9R,19:25,4-6,4,6,224.0,0.009138526341873381,1.0470299005796373
3520260501050009,平塚競輪,9R,15:09,3-9,3,9,101.9,0.020063346798542814,1.0444550387715128
4320260505010002,岐阜競輪,2R,08:50,1-2,1,2,34.8,0.058600127269788006,1.0392844289886223
2720260503030010,京王閣競輪,10R,19:50,6-7,6,7,176.2,0.011546542997250692,1.0345008761155716
2720260503030005,京王閣競輪,5R,17:48,4-7,4,7,50.1,0.04048932293012396,1.0285150787992103
4720260504020009,松阪競輪,9R,19:14,4-6,4,6,77.5,0.0261541053899357,1.0269431677200167
2720260503030003,京王閣競輪,3R,17:02,4-5,4,5,92.0,0.022031952797562634,1.0269396573757623
1220260504020002,青森競輪,2R,09:00,4-5,4,5,102.1,0.01983772685995272,1.0254319124011726
2120260504020008,弥彦競輪,8R,23:00,4-7,4,7,65.2,0.031057888456333057,1.0249743273529153
4720260504020010,松阪競輪,10R,19:39,5-7,5,7,28.7,0.07050271768501651,1.0234279975599736
4720260504020010,松阪競輪,10R,19:39,5-6,5,6,53.7,0.03756763285369471,1.017381884243406
5620260504020008,岸和田競輪,8R,13:47,2-3,2,3,30.8,0.06514597152004264,1.0064959228173134
2120260504020006,弥彦競輪,6R,22:20,4-5,4,5,59.2,0.03388607268936308,1.0060555032102942
3520260501050008,平塚競輪,8R,14:32,5-8,5,8,101.6,0.019707192609670365,1.0022507691425089
2720260503030007,京王閣競輪,7R,18:35,4-6,4,6,105.0,0.019050645170168082,1.0003177428676486
2720260503030009,京王閣競輪,9R,19:25,3-4,3,4,96.5,0.020676880720672797,0.995318989544925
3520260501050001,平塚競輪,1R,10:45,5-8,5,8,305.1,0.006511491073974243,0.9866559266695416
5620260504020011,岸和田競輪,11R,15:29,2-4,2,4,78.7,0.025239485390947385,0.9863475002675592
1220260504020005,青森競輪,5R,10:00,3-6,3,6,35.7,0.0554296148972529,0.9788372518319286
7420260504020001,高知競輪,1R,20:50,2-4,2,4,36.0,0.05488957676727636,0.976024763621949
2720260503030004,京王閣競輪,4R,17:25,1-7,1,7,71.5,0.027625070546943985,0.9751925441064948
3520260501050003,平塚競輪,3R,11:40,3-8,3,8,222.2,0.008877122308347831,0.9724965769148879
4720260504020012,松阪競輪,12R,20:30,3-6,3,6,103.4,0.019042780881349936,0.9690235431315835
1220260504020006,青森競輪,6R,10:20,3-7,3,7,53.8,0.03656137136539862,0.9670017794584458
2120260504020003,弥彦競輪,3R,21:20,2-5,2,5,107.8,0.018173592864215916,0.9591133107624756
7420260504020006,高知競輪,6R,22:30,2-6,2,6,42.5,0.04605954193897806,0.9575305324065675
2720260503030010,京王閣競輪,10R,19:50,1-4,1,4,29.6,0.0661158974142966,0.9570305634631795
2720260503030003,京王閣競輪,3R,17:02,1-5,1,5,103.8,0.018822128211520205,0.9537369083557972
4720260504020008,松阪競輪,8R,18:49,1-4,1,4,37.4,0.05220713567818912,0.9525468743642729
2120260504020009,弥彦競輪,9R,23:20,3-5,3,5,59.0,0.03303502243348065,0.9490663235753585
4720260504020010,松阪競輪,10R,19:39,2-4,2,4,32.7,0.05956435111931545,0.9477542816016153
4720260504020008,松阪競輪,8R,18:49,1-3,1,3,55.0,0.0352984880567882,0.9414168431233512
5620260504020007,岸和田競輪,7R,13:25,3-4,3,4,47.2,0.041099453889314554,0.9398942235756471
4720260504020008,松阪競輪,8R,18:49,1-6,1,6,38.8,0.04992994653942506,0.9372819257296923
3520260501050011,平塚競輪,11R,16:30,5-9,5,9,70.5,0.02740939596255686,0.9323624153602585
4320260505010005,岐阜競輪,5R,09:50,1-6,1,6,186.5,0.010359998869666853,0.932139789192868
1220260504020006,青森競輪,6R,10:20,4-6,4,6,68.0,0.02839088354567796,0.9305800811061014
4320260505010002,岐阜競輪,2R,08:50,5-7,5,7,102.6,0.018797810361948324,0.9286553431358979
3520260501050010,平塚競輪,10R,15:48,3-7,3,7,120.3,0.015914056764245253,0.9144610287387038
5620260504020010,岸和田競輪,10R,14:51,5-7,5,7,32.1,0.05955330208265977,0.9116609968533786
5620260504020001,岸和田競輪,1R,11:00,3-6,3,6,74.0,0.025815779244126515,0.9103676640653622
4720260504020009,松阪競輪,9R,19:14,3-7,3,7,45.2,0.042193562399728476,0.9071490204677273
3520260501050004,平塚競輪,4R,12:16,6-8,6,8,165.8,0.01143676678299542,0.8962159326206407
7420260504020006,高知競輪,6R,22:30,3-5,3,5,85.0,0.02226108483982292,0.8921922113849483
2120260504020004,弥彦競輪,4R,21:40,1-3,1,3,28.0,0.06752415793486641,0.8906764221762593
1220260504020002,青森競輪,2R,09:00,1-6,1,6,41.5,0.045557613451250034,0.8906409582268764
1220260504020003,青森競輪,3R,09:20,3-6,3,6,57.7,0.03272709520715808,0.8883533934530212
3520260501050005,平塚競輪,5R,12:47,2-4,2,4,88.6,0.021285039598991813,0.8858545084706746
2120260504020004,弥彦競輪,4R,21:40,2-5,2,5,36.3,0.05192404250775873,0.8848427430316417
4320260505010003,岐阜競輪,3R,09:10,4-5,4,5,18.6,0.10129899826931295,0.884161367809221
1220260504020006,青森競輪,6R,10:20,5-7,5,7,51.6,0.03646920034917979,0.8818107380176772
5620260504020003,岸和田競輪,3R,11:47,3-4,3,4,46.0,0.040798848307091344,0.8767470221262019
3520260501050009,平塚競輪,9R,15:09,3-4,3,4,47.2,0.03972794390006264,0.8751589520829566
5620260504020006,岸和田競輪,6R,12:59,2-6,2,6,28.1,0.06672538624271801,0.8749833534203761
4720260504020006,松阪競輪,6R,17:59,3-7,3,7,35.1,0.053356399473255274,0.8728096215112602
4720260504020012,松阪競輪,12R,20:30,2-3,2,3,72.3,0.025900846847163456,0.8726312270499177
3520260501050010,平塚競輪,10R,15:48,5-8,5,8,115.1,0.016265906842789956,0.8722058776051238
2120260504020003,弥彦競輪,3R,21:20,2-4,2,4,27.9,0.06709918285649308,0.8720672016961568
3520260501050009,平塚競輪,9R,15:09,5-9,5,9,230.1,0.008128425467922383,0.8703507001689403
3520260501050009,平塚競輪,9R,15:09,1-5,1,5,96.4,0.01937979988479537,0.8682127088942737
2120260504020003,弥彦競輪,3R,21:20,5-6,5,6,218.7,0.008539998414231177,0.8676976531923584
3520260501050007,平塚競輪,7R,13:55,4-5,4,5,79.3,0.023530328370641458,0.8659550397918676
2120260504020009,弥彦競輪,9R,23:20,1-7,1,7,35.4,0.05256767250548614,0.8608956066942093
1220260504020003,青森競輪,3R,09:20,6-7,6,7,93.3,0.019910299425193827,0.8576309363705841
3520260501050005,平塚競輪,5R,12:47,3-9,3,9,95.0,0.01952829723607273,0.8551882374269095
5620260504020005,岸和田競輪,5R,12:34,4-7,4,7,35.8,0.05176926110272345,0.8533395474774994
3520260501050008,平塚競輪,8R,14:32,2-7,2,7,82.1,0.022508353671236783,0.8479358364085399
4720260504020001,松阪競輪,1R,15:55,3-6,3,6,21.2,0.08711831493655713,0.8469082766550109
5620260504020011,岸和田競輪,11R,15:29,2-6,2,6,54.1,0.03409885805366563,0.8447482207033106
3520260501050001,平塚競輪,1R,10:45,1-6,1,6,52.1,0.03532986709022179,0.8406860754005552
5620260504020010,岸和田競輪,10R,14:51,3-4,3,4,111.2,0.016549151559501152,0.840265653416528
4720260504020007,松阪競輪,7R,18:24,1-5,1,5,57.6,0.031930052031025453,0.8391709969870662
4720260504020012,松阪競輪,12R,20:30,2-4,2,4,40.9,0.04491180314604028,0.8368927486730473
2120260504020009,弥彦競輪,9R,23:20,2-7,2,7,66.3,0.027666477425425922,0.8342874533057385
4720260504020012,松阪競輪,12R,20:30,4-5,4,5,29.0,0.06323792268174291,0.8338997577705445
5620260504020012,岸和田競輪,12R,16:12,6-7,6,7,130.7,0.014007827505024939,0.8308230549067595
3520260501050004,平塚競輪,4R,12:16,7-9,7,9,80.8,0.022608412363198806,0.8267597189464635
5620260504020012,岸和田競輪,12R,16:12,4-7,4,7,54.0,0.0338217766139001,0.8263759371506054
2720260503030011,京王閣競輪,11R,20:16,1-5,1,5,55.0,0.033201287275705496,0.8260708001638022
2120260504020003,弥彦競輪,3R,21:20,1-5,1,5,61.0,0.029926894518923983,0.8255405656543628
5620260504020001,岸和田競輪,1R,11:00,3-7,3,7,129.3,0.01403947385198117,0.8153039690611654
5620260504020009,岸和田競輪,9R,14:16,2-6,2,6,54.4,0.03332985534874537,0.8131441309717482
5620260504020003,岸和田競輪,3R,11:47,2-7,2,7,24.5,0.07395061624205224,0.8117900979302797
3520260501050007,平塚競輪,7R,13:55,2-6,2,6,94.1,0.019248941455646658,0.8113253909763505
3520260501050011,平塚競輪,11R,16:30,2-5,2,5,47.7,0.0379402501236471,0.8097499308979668
3520260501050007,平塚競輪,7R,13:55,5-9,5,9,82.3,0.02196743017680421,0.8079195035509863
3520260501050009,平塚競輪,9R,15:09,4-7,4,7,26.4,0.06845160934433521,0.8071224866904494
3520260501050004,平塚競輪,4R,12:16,3-9,3,9,95.9,0.01881879914528707,0.8047228380330302
5620260504020004,岸和田競輪,4R,12:09,6-7,6,7,51.4,0.03509934511332527,0.8041063388249188
2720260503030007,京王閣競輪,7R,18:35,2-5,2,5,48.5,0.03713840138551451,0.8012124671974539
5620260504020009,岸和田競輪,9R,14:16,1-3,1,3,44.9,0.04006051144587246,0.7987169639196732
2720260503030005,京王閣競輪,5R,17:48,6-7,6,7,93.8,0.019163896789992543,0.7975735189013005
5620260504020009,岸和田競輪,9R,14:16,1-6,1,6,70.9,0.025325007786154794,0.795543052038375
2720260503030010,京王閣競輪,10R,19:50,2-5,2,5,26.9,0.06668368073351175,0.7937910117314659
3520260501050001,平塚競輪,1R,10:45,6-8,6,8,212.2,0.008439078396866159,0.7907724358149988
1220260504020006,青森競輪,6R,10:20,4-5,4,5,40.1,0.044633126904169304,0.789788388857189
7420260504020005,高知競輪,5R,22:10,5-6,5,6,106.7,0.01675870345193857,0.7881536583218454
3520260501050006,平塚競輪,6R,13:18,1-4,1,4,46.7,0.038218522234673535,0.7848049883592543
3520260501050011,平塚競輪,11R,16:30,2-4,2,4,87.9,0.020300010799534203,0.7843709492790565
3520260501050002,平塚競輪,2R,11:12,2-4,2,4,92.5,0.019289314695616094,0.7842616093444887
2720260503030008,京王閣競輪,8R,19:00,2-3,2,3,30.5,0.058491292462180905,0.7839844200965176
4320260505010003,岐阜競輪,3R,09:10,1-2,1,2,35.6,0.05006929703925868,0.7824669745976089
1220260504020004,青森競輪,4R,09:40,1-3,1,3,51.6,0.03449726495047872,0.7800588714447021
1220260504020005,青森競輪,5R,10:00,6-7,6,7,30.9,0.05759592727815953,0.7797141528951292
3520260501050004,平塚競輪,4R,12:16,5-8,5,8,169.6,0.01048157568105105,0.7776752355062582
4320260505010007,岐阜競輪,7R,10:30,2-7,2,7,25.2,0.07050748882711674,0.776788718443342
2720260503030007,京王閣競輪,7R,18:35,1-4,1,4,26.1,0.06803737888422173,0.7757755888781874
2720260503030006,京王閣競輪,6R,18:11,2-6,2,6,319.7,0.0055463899824098935,0.7731808773764428
4320260505010003,岐阜競輪,3R,09:10,2-3,2,3,115.5,0.015311146484129796,0.7684374189169916
7420260504020008,高知競輪,8R,23:10,1-5,1,5,37.8,0.04671610752496671,0.7658688644437415
3520260501050007,平塚競輪,7R,13:55,2-3,2,3,23.7,0.07430759848966484,0.7610900842050565
5620260504020011,岸和田競輪,11R,15:29,1-6,1,6,31.0,0.05677174174509788,0.7599239940980342
4720260504020001,松阪競輪,1R,15:55,2-7,2,7,50.3,0.034970072801346744,0.758994661907741
2720260503030006,京王閣競輪,6R,18:11,3-7,3,7,34.8,0.05046795931027302,0.756284983997501
5620260504020002,岸和田競輪,2R,11:25,5-7,5,7,42.1,0.04160938865742163,0.7517552624774506
1220260504020005,青森競輪,5R,10:00,3-7,3,7,47.2,0.03692439521860112,0.742831454317973
2120260504020007,弥彦競輪,7R,22:40,1-4,1,4,22.5,0.07739680661198026,0.7414281487695558
7420260504020004,高知競輪,4R,21:50,1-5,1,5,22.4,0.07763984223551858,0.739132466075616
4720260504020007,松阪競輪,7R,18:24,2-4,2,4,26.2,0.06637247036005413,0.7389587234334181
2120260504020001,弥彦競輪,1R,20:40,2-3,2,3,31.0,0.05609046368700629,0.738804374297195
2720260503030005,京王閣競輪,5R,17:48,2-6,2,6,61.4,0.02827178816106036,0.7358877930891059
3520260501050001,平塚競輪,1R,10:45,8-9,8,9,221.9,0.007811671137725466,0.7334098254612809
3520260501050003,平塚競輪,3R,11:40,1-9,1,9,19.8,0.08746211480663033,0.7317498731712806
2120260504020003,弥彦競輪,3R,21:20,1-2,1,2,13.8,0.12531965247655133,0.7294112041764085
5620260504020008,岸和田競輪,8R,13:47,3-6,3,6,30.8,0.05611948831272562,0.728480240031949
3520260501050006,平塚競輪,6R,13:18,7-9,7,9,33.3,0.0519048667277804,0.7284320620350873
2720260503030002,京王閣競輪,2R,16:37,2-3,2,3,37.5,0.04608977368471289,0.7283665131767334
3520260501050005,平塚競輪,5R,12:47,5-9,5,9,66.2,0.02607804662377423,0.726366686493854
3520260501050004,平塚競輪,4R,12:16,1-3,1,3,26.4,0.06536423004266544,0.7256156731263674
3520260501050010,平塚競輪,10R,15:48,4-5,4,5,257.6,0.006684119739573244,0.721829244914068
7420260504020006,高知競輪,6R,22:30,1-7,1,7,18.2,0.0945977915959635,0.7216798070465356
5620260504020008,岸和田競輪,8R,13:47,2-7,2,7,47.1,0.036499773434781016,0.719139328778186
4720260504020003,松阪競輪,3R,16:44,2-5,2,5,38.9,0.04419068567542938,0.7190176727742028
3520260501050005,平塚競輪,5R,12:47,1-2,1,2,27.4,0.06262044283541615,0.7158001336904025
4720260504020001,松阪競輪,1R,15:55,6-7,6,7,51.7,0.03318317394488796,0.7155700929507078
2720260503030009,京王閣競輪,9R,19:25,4-7,4,7,90.3,0.01899576375836428,0.7153174673802944
2720260503030006,京王閣競輪,6R,18:11,4-7,4,7,58.7,0.02916002936758526,0.7116937238772549
3520260501050004,平塚競輪,4R,12:16,5-6,5,6,73.0,0.023447197404373746,0.7116454105192835
3520260501050010,平塚競輪,10R,15:48,2-3,2,3,36.1,0.047328103793168264,0.7085445469333744
2120260504020003,弥彦競輪,3R,21:20,3-6,3,6,91.5,0.018627136194058765,0.704382961756377
7420260504020009,高知競輪,9R,23:30,5-6,5,6,66.3,0.0256997314530777,0.7038921953390516
2720260503030007,京王閣競輪,7R,18:35,3-4,3,4,31.1,0.054712696194238526,0.7015648516408182
5620260504020003,岸和田競輪,3R,11:47,1-7,1,7,18.8,0.09031056126398262,0.6978385517628733
3520260501050003,平塚競輪,3R,11:40,8-9,8,9,113.0,0.015024345370867633,0.6977510269080425
2120260504020005,弥彦競輪,5R,22:00,3-5,3,5,32.4,0.05235625655365899,0.6963427123385513
4320260505010006,岐阜競輪,6R,10:10,5-7,5,7,107.4,0.015736185713618654,0.6900663456426435
5620260504020006,岸和田競輪,6R,12:59,3-4,3,4,92.5,0.018224534252663994,0.6857694183714196
1220260504020007,青森競輪,7R,10:40,4-7,4,7,84.8,0.019873266849098174,0.685253028803525
3520260501050011,平塚競輪,11R,16:30,3-4,3,4,59.5,0.02828948667904315,0.6832244574030675
4320260505010006,岐阜競輪,6R,10:10,4-5,4,5,38.9,0.04325900696070455,0.682775370771407
3520260501050007,平塚競輪,7R,13:55,5-8,5,8,127.1,0.013231206205329051,0.6816863086973224
2720260503030010,京王閣競輪,10R,19:50,4-7,4,7,77.6,0.021539137936826314,0.6714371038977218
7420260504020006,高知競輪,6R,22:30,6-7,6,7,85.0,0.019648821228962703,0.6701498044618297
3520260501050008,平塚競輪,8R,14:32,6-9,6,9,137.1,0.01217921632066486,0.6697705575631523
5620260504020004,岸和田競輪,4R,12:09,1-4,1,4,27.1,0.06143886641904234,0.6649932799560474
2720260503030005,京王閣競輪,5R,17:48,5-7,5,7,22.3,0.07464246322308975,0.6645269298749015
1220260504020004,青森競輪,4R,09:40,5-6,5,6,101.3,0.016420803805816744,0.6634274255292361
4720260504020004,松阪競輪,4R,17:09,2-7,2,7,44.1,0.03768173978935775,0.6617647247106768
5620260504020007,岸和田競輪,7R,13:25,2-6,2,6,27.9,0.05954375859245642,0.661270864729534
2120260504020009,弥彦競輪,9R,23:20,1-4,1,4,18.9,0.08788419252413125,0.6610112387060805
3520260501050003,平塚競輪,3R,11:40,5-7,5,7,97.1,0.017050211660397892,0.6555755522246351
4720260504020002,松阪競輪,2R,16:19,3-5,3,5,72.6,0.022786906138115515,0.6543293856271863
2720260503030007,京王閣競輪,7R,18:35,5-7,5,7,110.3,0.014971184038707685,0.6513215994694577
3520260501050008,平塚競輪,8R,14:32,4-7,4,7,213.8,0.00769162876479751,0.6444702299137077
5620260504020010,岸和田競輪,10R,14:51,4-6,4,6,44.4,0.03699256988966877,0.6424701031012934
5620260504020008,岸和田競輪,8R,13:47,3-7,3,7,23.5,0.06987570483450309,0.6420790636108227
2120260504020009,弥彦競輪,9R,23:20,5-6,5,6,53.1,0.030921359669127284,0.6419241984306587
3520260501050010,平塚競輪,10R,15:48,4-7,4,7,353.0,0.004646008815555747,0.6400411118911788
2720260503030003,京王閣競輪,3R,17:02,2-3,2,3,34.4,0.0474801818939279,0.6333182571511198
3520260501050009,平塚競輪,9R,15:09,6-9,6,9,209.4,0.007795722919046009,0.6324243792482345
2120260504020004,弥彦競輪,4R,21:40,3-4,3,4,106.1,0.01538232398886458,0.6320645752185319
4320260505010001,岐阜競輪,1R,08:30,5-7,5,7,19.7,0.08271231482427913,0.6294326020382988
2120260504020006,弥彦競輪,6R,22:20,2-6,2,6,47.4,0.034351985174228716,0.6282840972584411
2720260503030011,京王閣競輪,11R,20:16,3-7,3,7,31.4,0.05179979345096558,0.6265135143603191
5620260504020010,岸和田競輪,10R,14:51,4-5,4,5,28.6,0.05686784313723764,0.6264203137249966
1220260504020002,青森競輪,2R,09:00,4-7,4,7,42.6,0.038157099964347296,0.625492458481195
2720260503030001,京王閣競輪,1R,16:05,3-5,3,5,52.5,0.030920132450675323,0.6233069536604545
2720260503030003,京王閣競輪,3R,17:02,2-5,2,5,71.0,0.022830697373303097,0.62097951350452
3520260501050002,平塚競輪,2R,11:12,6-8,6,8,207.2,0.007800719094161485,0.6163089963102597
5620260504020012,岸和田競輪,12R,16:12,5-6,5,6,30.4,0.05316101225239704,0.61609477247287
1220260504020003,青森競輪,3R,09:20,1-6,1,6,64.7,0.024883308282847072,0.6099500459002056
3520260501050008,平塚競輪,8R,14:32,7-9,7,9,158.3,0.010164904160286314,0.6091043285733238
3520260501050006,平塚競輪,6R,13:18,3-4,3,4,126.8,0.012689911609874063,0.6090807921320311
3520260501050005,平塚競輪,5R,12:47,7-9,7,9,32.7,0.04918905967461551,0.6084822513599273
4720260504020010,松阪競輪,10R,19:39,2-7,2,7,15.5,0.10332973686805275,0.6016109214548175
2120260504020006,弥彦競輪,6R,22:20,3-5,3,5,39.5,0.04045815897966493,0.5980972796967645
4320260505010003,岐阜競輪,3R,09:10,5-6,5,6,12.6,0.1268074981296369,0.597774476433425
2720260503030009,京王閣競輪,9R,19:25,1-3,1,3,21.8,0.07319101715616777,0.5955641740044575
7420260504020006,高知競輪,6R,22:30,4-5,4,5,63.7,0.025004189187025915,0.5927668512135509
4720260504020005,松阪競輪,5R,17:34,4-5,4,5,27.1,0.058544729194108205,0.5865621611603324
4320260505010005,岐阜競輪,5R,09:50,3-4,3,4,24.0,0.06589405744985302,0.5814573787964725
3520260501050005,平塚競輪,5R,12:47,8-9,8,9,98.8,0.015947771480948253,0.5756398223176873
2720260503030004,京王閣競輪,4R,17:25,5-7,5,7,43.9,0.035763349992693864,0.5700110646792607
4320260505010003,岐阜競輪,3R,09:10,1-7,1,7,64.0,0.024466781521776577,0.5658740173937009
4720260504020001,松阪競輪,1R,15:55,4-5,4,5,44.0,0.03554244271072615,0.5638674792719507
4320260505010002,岐阜競輪,2R,08:50,3-4,3,4,20.5,0.0761065315932746,0.5601838976621294
1220260504020006,青森競輪,6R,10:20,2-5,2,5,36.9,0.04225395433424306,0.5591709149335689
2720260503030011,京王閣競輪,11R,20:16,4-5,4,5,50.6,0.03079558521378878,0.5582566118177121
4320260505010002,岐阜競輪,2R,08:50,3-7,3,7,68.4,0.02274314769067915,0.5556313020424541
5620260504020009,岸和田競輪,9R,14:16,4-7,4,7,27.6,0.05611210906988366,0.5486942103287891
4720260504020010,松阪競輪,10R,19:39,4-7,4,7,38.7,0.040014824382363576,0.5485737035974705
3520260501050005,平塚競輪,5R,12:47,2-5,2,5,47.5,0.03259984339258054,0.5484925611475757
4720260504020010,松阪競輪,10R,19:39,3-4,3,4,77.1,0.020050972213354973,0.5459299576496683
4320260505010004,岐阜競輪,4R,09:30,2-5,2,5,70.7,0.021853403517719625,0.5450356287027776
3520260501050003,平塚競輪,3R,11:40,5-6,5,6,61.1,0.025107824827327974,0.5340880969497392
3520260501050008,平塚競輪,8R,14:32,1-2,1,2,43.1,0.0355344085240059,0.5315330073846543
5620260504020004,岸和田競輪,4R,12:09,5-7,5,7,32.0,0.047844322092956325,0.5310183069746024
2120260504020009,弥彦競輪,9R,23:20,1-6,1,6,19.6,0.07800296324017285,0.5288580795073878
2720260503030006,京王閣競輪,6R,18:11,5-7,5,7,26.1,0.05857456143297045,0.5287960534005287
2720260503030002,京王閣競輪,2R,16:37,3-6,3,6,50.7,0.030146550699350877,0.5284301204570896
2120260504020006,弥彦競輪,6R,22:20,5-6,5,6,47.4,0.03211078711930444,0.5220513094550305
3520260501050011,平塚競輪,11R,16:30,1-9,1,9,32.6,0.04668178057399889,0.5218260467123639
4720260504020011,松阪競輪,11R,20:04,3-7,3,7,33.4,0.045536011226443435,0.5209027749632107
2720260503030005,京王閣競輪,5R,17:48,1-3,1,3,46.2,0.032862019018254855,0.5182252786433743
4720260504020012,松阪競輪,12R,20:30,1-7,1,7,19.8,0.07663479652311961,0.5173689711577683
5620260504020003,岸和田競輪,3R,11:47,2-4,2,4,52.3,0.028931427042460878,0.5131136343207039
3520260501050010,平塚競輪,10R,15:48,1-3,1,3,41.1,0.036811814380498444,0.5129655710384862
4720260504020008,松阪競輪,8R,18:49,1-5,1,5,24.8,0.060902835682969995,0.510390324937656
2120260504020004,弥彦競輪,4R,21:40,3-6,3,6,44.8,0.033683656731241185,0.5090278215596049
2120260504020004,弥彦競輪,4R,21:40,1-6,1,6,14.9,0.101049890186664,0.5056433637812936
3520260501050009,平塚競輪,9R,15:09,6-8,6,8,99.7,0.015057106937615456,0.501193561680261
2720260503030002,京王閣競輪,2R,16:37,2-5,2,5,26.5,0.05654861426362813,0.49853827798614536
4720260504020002,松阪競輪,2R,16:19,1-7,1,7,37.8,0.039640469337498416,0.49840974095743995
5620260504020010,岸和田競輪,10R,14:51,2-3,2,3,40.8,0.036698495838553724,0.4972986302129918
3520260501050003,平塚競輪,3R,11:40,2-9,2,9,81.9,0.0182450987867749,0.4942735906368645
1220260504020001,青森競輪,1R,08:40,1-7,1,7,23.0,0.06491381822859711,0.49301781925773347
5620260504020010,岸和田競輪,10R,14:51,1-7,1,7,36.3,0.041089897649889504,0.49156328469098876
7420260504020006,高知競輪,6R,22:30,2-4,2,4,31.8,0.04687891079367176,0.49074936323876206
1220260504020006,青森競輪,6R,10:20,3-4,3,4,32.9,0.045287753450482596,0.48996708852087734
4720260504020010,松阪競輪,10R,19:39,4-6,4,6,100.9,0.014750953819787832,0.4883712404165923
5620260504020012,岸和田競輪,12R,16:12,2-5,2,5,19.5,0.07626295795290512,0.48712768008164997
3520260501050009,平塚競輪,9R,15:09,2-6,2,6,128.0,0.011594379570688276,0.48408058504809937
4720260504020007,松阪競輪,7R,18:24,3-4,3,4,24.1,0.061567275991940965,0.4837713514057773
3520260501050004,平塚競輪,4R,12:16,4-6,4,6,92.0,0.016118148030535785,0.48286961880929224
7420260504020002,高知競輪,2R,21:10,1-5,1,5,21.9,0.06733784255964514,0.47469875205622847
4720260504020004,松阪競輪,4R,17:09,1-4,1,4,44.4,0.03317902453084837,0.47314868916966746
3520260501050004,平塚競輪,4R,12:16,2-8,2,8,131.1,0.011162648804622097,0.46342325828595676
3520260501050006,平塚競輪,6R,13:18,1-8,1,8,48.4,0.030229718834201703,0.4631183915753625
4720260504020004,松阪競輪,4R,17:09,1-6,1,6,84.1,0.017368206376976197,0.460666156303698
4320260505010005,岐阜競輪,5R,09:50,2-7,2,7,25.2,0.05781984639781604,0.4570601292249641
5620260504020002,岸和田競輪,2R,11:25,4-5,4,5,46.5,0.03132897787385525,0.4567974711342693
7420260504020004,高知競輪,4R,21:50,2-5,2,5,23.3,0.062405655934366644,0.4540517832707429
5620260504020012,岸和田競輪,12R,16:12,5-7,5,7,20.8,0.06985865905207543,0.4530601082831691
7420260504020007,高知競輪,7R,22:50,5-6,5,6,41.2,0.035254040334548764,0.4524664617834091
3520260501050001,平塚競輪,1R,10:45,3-6,3,6,96.9,0.014977379406237171,0.4513080644643821
1220260504020006,青森競輪,6R,10:20,2-3,2,3,33.3,0.0434290727628493,0.44618812300288146
4320260505010004,岐阜競輪,4R,09:30,4-6,4,6,33.7,0.042864833789987254,0.44454489872257064
1220260504020006,青森競輪,6R,10:20,5-6,5,6,48.2,0.02992600563683321,0.44243347169536085
4320260505010002,岐阜競輪,2R,08:50,1-7,1,7,25.6,0.056312190101281565,0.44159206659280814
2720260503030002,京王閣競輪,2R,16:37,4-6,4,6,15.6,0.09224617986526676,0.4390404058981614
4720260504020010,松阪競輪,10R,19:39,6-7,6,7,35.3,0.04072044727492536,0.4374317888048651
7420260504020005,高知競輪,5R,22:10,1-6,1,6,24.6,0.058265465582203746,0.4333304533222122
3520260501050010,平塚競輪,10R,15:48,5-6,5,6,95.5,0.01498820716952284,0.4313737846894312
2120260504020009,弥彦競輪,9R,23:20,4-6,4,6,37.9,0.037716866440024914,0.42946923807694426
4720260504020008,松阪競輪,8R,18:49,1-2,1,2,13.3,0.1072646076838879,0.4266192821957091
2720260503030010,京王閣競輪,10R,19:50,1-7,1,7,34.0,0.04192212243084995,0.4253521626488983
2720260503030003,京王閣競輪,3R,17:02,1-3,1,3,33.6,0.04219860642596798,0.41787317591252426
3520260501050005,平塚競輪,5R,12:47,1-4,1,4,42.6,0.03313661871704209,0.4116199573459931
4320260505010002,岐阜競輪,2R,08:50,4-7,4,7,14.2,0.09931870859666093,0.41032566207258525
1220260504020001,青森競輪,1R,08:40,3-5,3,5,41.5,0.033719102295437856,0.39934274526067104
4320260505010005,岐阜競輪,5R,09:50,1-7,1,7,61.3,0.02281198822401214,0.39837487813194405
5620260504020001,岸和田競輪,1R,11:00,5-6,5,6,24.0,0.05826426834635372,0.3983424403124891
1220260504020001,青森競輪,1R,08:40,5-6,5,6,73.6,0.018935876868519677,0.3936805375230481
3520260501050011,平塚競輪,11R,16:30,2-8,2,8,91.5,0.015187216204291231,0.38963028269264766
3520260501050005,平塚競輪,5R,12:47,1-6,1,6,65.1,0.021239931028322393,0.3827195099437877
3520260501050007,平塚競輪,7R,13:55,6-9,6,9,156.1,0.008839565985379074,0.37985625031767345
5620260504020012,岸和田競輪,12R,16:12,2-3,2,3,53.2,0.025931181702279576,0.37953886656127356
3520260501050007,平塚競輪,7R,13:55,1-4,1,4,57.8,0.02384395967683058,0.3781808693208073
5620260504020011,岸和田競輪,11R,15:29,1-5,1,5,13.4,0.102095066856384,0.3680738958755456
2720260503030002,京王閣競輪,2R,16:37,1-2,1,2,18.8,0.07262235683939959,0.3653003085807123
3520260501050002,平塚競輪,2R,11:12,2-6,2,6,85.4,0.01597090393537983,0.36391519608143774
4720260504020011,松阪競輪,11R,20:04,3-6,3,6,29.2,0.04664217389042198,0.36195147760032187
7420260504020001,高知競輪,1R,20:50,3-4,3,4,33.9,0.04015751757602683,0.3613398458273094
3520260501050001,平塚競輪,1R,10:45,3-7,3,7,33.7,0.04038108385122445,0.3608425257862642
3520260501050002,平塚競輪,2R,11:12,6-7,6,7,40.2,0.033848044629133066,0.36069139409114936
2720260503030008,京王閣競輪,8R,19:00,2-7,2,7,19.9,0.06801069811565469,0.3534128925015283
3520260501050006,平塚競輪,6R,13:18,6-8,6,8,202.4,0.006679604807118078,0.351952012960699
2720260503030001,京王閣競輪,1R,16:05,1-3,1,3,16.3,0.0828098264426137,0.34980017101460326
4320260505010005,岐阜競輪,5R,09:50,5-7,5,7,23.4,0.057564746535538724,0.34701506893160605
2720260503030005,京王閣競輪,5R,17:48,1-7,1,7,41.8,0.0321187751453011,0.3425648010735858
5620260504020005,岸和田競輪,5R,12:34,3-7,3,7,24.0,0.05583703952409516,0.34008894857828387
2720260503030008,京王閣競輪,8R,19:00,1-4,1,4,27.8,0.04812015571556513,0.3377403288927108
2720260503030003,京王閣競輪,3R,17:02,2-6,2,6,24.9,0.05357385745712813,0.3339890506824903
7420260504020009,高知競輪,9R,23:30,2-7,2,7,44.2,0.030127933434146763,0.33165465778928693
3520260501050010,平塚競輪,10R,15:48,3-4,3,4,185.4,0.0071701465192528305,0.3293451646694747
3520260501050006,平塚競輪,6R,13:18,6-9,6,9,88.5,0.015018805447134641,0.3291642820714158
2120260504020003,弥彦競輪,3R,21:20,3-5,3,5,157.5,0.008421384996533963,0.32636813695409916
5620260504020001,岸和田競輪,1R,11:00,3-4,3,4,86.7,0.015287546985203834,0.3254303236171725
5620260504020009,岸和田競輪,9R,14:16,2-7,2,7,17.3,0.07632703604207622,0.3204577235279187
4320260505010004,岐阜競輪,4R,09:30,1-2,1,2,22.7,0.05814362375775736,0.3198602593010922
3520260501050002,平塚競輪,2R,11:12,7-8,7,8,63.1,0.020892881155755258,0.31834080092815675
4720260504020005,松阪競輪,5R,17:34,3-7,3,7,40.9,0.03216090448763973,0.3153809935444649
3520260501050002,平塚競輪,2R,11:12,4-9,4,9,95.3,0.013801566442661301,0.3152892819856219
3520260501050011,平塚競輪,11R,16:30,6-7,6,7,107.6,0.01219482439667346,0.31216310508206413
3520260501050011,平塚競輪,11R,16:30,8-9,8,9,130.1,0.010079694872582316,0.31136830292295925
3520260501050004,平塚競輪,4R,12:16,2-3,2,3,36.8,0.03557732836844559,0.3092456839587976
3520260501050001,平塚競輪,1R,10:45,2-8,2,8,136.8,0.00956741192358706,0.30882195114671007
4720260504020002,松阪競輪,2R,16:19,3-4,3,4,18.4,0.071088020307293,0.3080195736541911
3520260501050001,平塚競輪,1R,10:45,4-8,4,8,178.6,0.007323578101696661,0.30799104896302376
5620260504020009,岸和田競輪,9R,14:16,4-5,4,5,27.6,0.04736656601536656,0.30731722202411715
2720260503030005,京王閣競輪,5R,17:48,2-3,2,3,31.9,0.04091674418723825,0.3052441395729002
1220260504020004,青森競輪,4R,09:40,3-5,3,5,48.5,0.026881177088975514,0.30373708881531236
4720260504020001,松阪競輪,1R,15:55,2-3,2,3,15.7,0.08284281285293321,0.30063216179105146
7420260504020006,高知競輪,6R,22:30,3-7,3,7,63.7,0.02041239495969203,0.3002695589323825
2720260503030004,京王閣競輪,4R,17:25,1-3,1,3,43.6,0.029816806635955376,0.3000127693276544
3520260501050003,平塚競輪,3R,11:40,1-3,1,3,19.6,0.06629993567492161,0.2994787392284637
5620260504020010,岸和田競輪,10R,14:51,3-7,3,7,76.9,0.016883421247289743,0.2983350939165814
2720260503030004,京王閣競輪,4R,17:25,1-6,1,6,19.2,0.06743864756612708,0.29482203326963985
2720260503030003,京王閣競輪,3R,17:02,4-6,4,6,24.8,0.052169678691627884,0.29380803155237145
4720260504020004,松阪競輪,4R,17:09,4-5,4,5,18.2,0.07107620882580126,0.2935870006295829
7420260504020004,高知競輪,4R,21:50,3-5,3,5,37.7,0.03429992843544047,0.2931073020161057
3520260501050008,平塚競輪,8R,14:32,5-9,5,9,40.0,0.03221563732700692,0.28862549308027674
3520260501050011,平塚競輪,11R,16:30,1-2,1,2,21.3,0.060471155627769085,0.28803561487148155
2120260504020009,弥彦競輪,9R,23:20,1-5,1,5,16.0,0.0803969652067087,0.2863514433073393
3520260501050003,平塚競輪,3R,11:40,1-8,1,8,46.0,0.027824970438014955,0.2799486401486879
2720260503030010,京王閣競輪,10R,19:50,5-6,5,6,21.3,0.05996989136094224,0.2773586859880697
4320260505010004,岐阜競輪,4R,09:30,1-7,1,7,12.4,0.10268725648020766,0.273321980354575
3520260501050007,平塚競輪,7R,13:55,1-8,1,8,94.1,0.013529865071094247,0.27316030318996853
4320260505010003,岐阜競輪,3R,09:10,3-7,3,7,177.2,0.007179717412034633,0.2722459254125369
3520260501050011,平塚競輪,11R,16:30,3-5,3,5,24.3,0.05233629356822713,0.2717719337079194
3520260501050008,平塚競輪,8R,14:32,3-7,3,7,28.7,0.04428855335538987,0.27108148129968934
3520260501050008,平塚競輪,8R,14:32,6-7,6,7,83.5,0.015137070561298718,0.2639453918684429
4720260504020003,松阪競輪,3R,16:44,1-5,1,5,18.2,0.06944404239151891,0.2638815715256442
4720260504020010,松阪競輪,10R,19:39,3-6,3,6,61.0,0.020718649622568874,0.2638376269767013
3520260501050006,平塚競輪,6R,13:18,5-9,5,9,44.5,0.028383838381233227,0.26308080796487854
4720260504020002,松阪競輪,2R,16:19,4-7,4,7,21.2,0.059449432301836,0.2603279647989232
3520260501050008,平塚競輪,8R,14:32,1-8,1,8,99.8,0.012614967747302228,0.2589737811807624
5620260504020001,岸和田競輪,1R,11:00,3-5,3,5,29.0,0.0434068822901623,0.2587995864147066
2120260504020006,弥彦競輪,6R,22:20,2-5,2,5,47.4,0.026523330178052085,0.2572058504396688
3520260501050006,平塚競輪,6R,13:18,2-4,2,4,51.5,0.02439526627497219,0.2563562131610677
1220260504020003,青森競輪,3R,09:20,1-2,1,2,29.6,0.042354638633119765,0.25369730354034514
3520260501050002,平塚競輪,2R,11:12,1-6,1,6,60.1,0.02084612814210168,0.252852301340311
5620260504020001,岸和田競輪,1R,11:00,2-6,2,6,21.2,0.059048367429223425,0.2518253894995366
3520260501050009,平塚競輪,9R,15:09,1-3,1,3,27.9,0.04485981475278247,0.2515888316026309
4720260504020010,松阪競輪,10R,19:39,3-7,3,7,29.5,0.04240974492279474,0.251087475222445
7420260504020003,高知競輪,3R,21:30,1-6,1,6,21.4,0.058439420751433754,0.2506036040806823
4720260504020009,松阪競輪,9R,19:14,6-7,6,7,30.2,0.04124633821951356,0.24563941422930946
2720260503030006,京王閣競輪,6R,18:11,1-4,1,4,13.2,0.09424595960135744,0.2440466667379182
7420260504020008,高知競輪,8R,23:10,5-6,5,6,75.7,0.01632725075548487,0.23597288219020474
7420260504020005,高知競輪,5R,22:10,1-2,1,2,10.6,0.11656224769085395,0.23555982552305177
2720260503030010,京王閣競輪,10R,19:50,3-5,3,5,15.5,0.07970715134915793,0.23546084591194782
3520260501050010,平塚競輪,10R,15:48,6-7,6,7,107.3,0.011464984832725162,0.23019287255140997
3520260501050010,平塚競輪,10R,15:48,4-8,4,8,205.4,0.00597917487549917,0.2281225194275296
5620260504020010,岸和田競輪,10R,14:51,2-4,2,4,18.3,0.06702638215920324,0.22658279351341948
3520260501050002,平塚競輪,2R,11:12,5-7,5,7,18.0,0.06806618013236958,0.2251912423826523
5620260504020012,岸和田競輪,12R,16:12,3-7,3,7,56.4,0.0217095544170512,0.22441886912168774
3520260501050006,平塚競輪,6R,13:18,5-7,5,7,35.0,0.03494247140042835,0.22298649901499235
3520260501050006,平塚競輪,6R,13:18,1-9,1,9,19.2,0.06343586471538416,0.21796860253537598
3520260501050008,平塚競輪,8R,14:32,7-8,7,8,236.8,0.0051375976908078136,0.21658313318329037
2720260503030010,京王閣競輪,10R,19:50,2-6,2,6,49.8,0.024407573141693197,0.21549714245632123
2720260503030006,京王閣競輪,6R,18:11,4-6,4,6,179.8,0.00673285130147234,0.2105666640047268
4720260504020003,松阪競輪,3R,16:44,2-6,2,6,66.5,0.01819379351088949,0.20988726847415107
2120260504020009,弥彦競輪,9R,23:20,3-6,3,6,37.9,0.031879749424891274,0.20824250320337923
3520260501050011,平塚競輪,11R,16:30,4-7,4,7,88.8,0.01357292990267445,0.2052761753574912
2720260503030004,京王閣競輪,4R,17:25,3-7,3,7,37.3,0.03225738220740583,0.20320035633623745
5620260504020004,岸和田競輪,4R,12:09,1-3,1,3,19.8,0.06070440560455738,0.20194723097023615
7420260504020005,高知競輪,5R,22:10,3-7,3,7,53.3,0.02252773003365713,0.20072801079392488
3520260501050004,平塚競輪,4R,12:16,8-9,8,9,186.4,0.006437866842641983,0.20001837946846557
1220260504020006,青森競輪,6R,10:20,3-6,3,6,40.1,0.02992211029483726,0.19987662282297425
5620260504020006,岸和田競輪,6R,12:59,3-5,3,5,20.8,0.05744966900528815,0.19495311530999349
3520260501050006,平塚競輪,6R,13:18,4-5,4,5,92.7,0.012889126560098992,0.19482203212117666
2120260504020002,弥彦競輪,2R,21:00,1-6,1,6,21.7,0.05479036656215791,0.1889509543988266
7420260504020009,高知競輪,9R,23:30,1-6,1,6,17.7,0.06706575278867745,0.1870638243595908
5620260504020008,岸和田競輪,8R,13:47,5-7,5,7,23.6,0.05029002655669028,0.1868446267378907
2720260503030006,京王閣競輪,6R,18:11,1-7,1,7,10.1,0.11735226147486166,0.18525784089610275
2720260503030007,京王閣競輪,7R,18:35,1-3,1,3,13.3,0.08856558912517293,0.17792233536480007
3520260501050002,平塚競輪,2R,11:12,5-8,5,8,80.7,0.014591835669838168,0.17756113855594013
3520260501050011,平塚競輪,11R,16:30,4-6,4,6,123.6,0.009512270079330587,0.1757165818052604
4720260504020001,松阪競輪,1R,15:55,5-7,5,7,21.1,0.05564097928541413,0.17402466292223817
1220260504020006,青森競輪,6R,10:20,2-6,2,6,43.0,0.027264240764512844,0.17236235287405233
4720260504020012,松阪競輪,12R,20:30,1-6,1,6,21.6,0.05421317947119839,0.17100467657788543
3520260501050007,平塚競輪,7R,13:55,6-8,6,8,220.9,0.005292240768538263,0.16905598577010217
3520260501050005,平塚競輪,5R,12:47,1-8,1,8,37.9,0.030744945913190377,0.1652334501099153
7420260504020009,高知競輪,9R,23:30,2-4,2,4,29.5,0.03938624806359661,0.1618943178761001
2720260503030009,京王閣競輪,9R,19:25,2-5,2,5,19.5,0.05944293765538279,0.15913728427996432
2120260504020007,弥彦競輪,7R,22:40,3-7,3,7,22.5,0.05118303700933567,0.15161833271005265
5620260504020002,岸和田競輪,2R,11:25,1-2,1,2,10.7,0.10755872606604626,0.15087836890669482
2120260504020004,弥彦競輪,4R,21:40,2-4,2,4,39.9,0.028834338822907216,0.15049011903399778
1220260504020002,青森競輪,2R,09:00,1-5,1,5,26.0,0.04410645248884086,0.1467677647098624
5620260504020004,岸和田競輪,4R,12:09,2-4,2,4,20.6,0.05548627785236755,0.14301732375877174
2120260504020008,弥彦競輪,8R,23:00,1-6,1,6,26.1,0.04372205901556116,0.14114574030614624
1220260504020007,青森競輪,7R,10:40,3-6,3,6,34.4,0.033129777717028595,0.13966435346578354
2720260503030011,京王閣競輪,11R,20:16,1-3,1,3,35.4,0.03215503570818909,0.1382882640698937
1220260504020003,青森競輪,3R,09:20,3-4,3,4,24.4,0.0466390415477973,0.13799261376625416
3520260501050007,平塚競輪,7R,13:55,5-7,5,7,30.0,0.03780377289236257,0.13411318677087714
4720260504020009,松阪競輪,9R,19:14,3-5,3,5,69.3,0.0163520429490134,0.13319657636662852
5620260504020005,岸和田競輪,5R,12:34,2-4,2,4,53.7,0.02102095400951167,0.12882523031077686
2720260503030001,京王閣競輪,1R,16:05,2-5,2,5,33.5,0.03369425654412453,0.1287575942281718
1220260504020005,青森競輪,5R,10:00,1-5,1,5,41.1,0.027446495720712893,0.12805097412130007
3520260501050005,平塚競輪,5R,12:47,2-3,2,3,45.9,0.024410696388573835,0.12045096423553892
7420260504020006,高知競輪,6R,22:30,2-5,2,5,23.1,0.04844642170766451,0.11911234144705007
1220260504020001,青森競輪,1R,08:40,1-3,1,3,17.0,0.06578034166705436,0.11826580833992417
4320260505010005,岐阜競輪,5R,09:50,2-3,2,3,38.4,0.029114056234381663,0.11797975940025585
5620260504020001,岸和田競輪,1R,11:00,2-4,2,4,29.9,0.03734449483532964,0.11660039557635615
3520260501050003,平塚競輪,3R,11:40,7-9,7,9,111.7,0.009993430853271661,0.11626622631044459
7420260504020007,高知競輪,7R,22:50,1-5,1,5,17.1,0.06519517404595279,0.11483747618579287
7420260504020008,高知競輪,8R,23:10,2-5,2,5,18.9,0.058975650944230656,0.11463980284595943
4320260505010003,岐阜競輪,3R,09:10,2-7,2,7,31.4,0.03543678166463486,0.11271494426953454
3520260501050006,平塚競輪,6R,13:18,2-9,2,9,26.1,0.04259636372031585,0.11176509310024363
2720260503030009,京王閣競輪,9R,19:25,1-2,1,2,11.3,0.09838516513689177,0.1117523660468771
3520260501050003,平塚競輪,3R,11:40,3-4,3,4,67.1,0.01656617644280695,0.11159043931234613
3520260501050006,平塚競輪,6R,13:18,3-7,3,7,36.6,0.030326970182053513,0.10996710866315862
1220260504020005,青森競輪,5R,10:00,2-5,2,5,16.3,0.06782438865104609,0.10553753501205132
5620260504020012,岸和田競輪,12R,16:12,3-6,3,6,66.5,0.016617898820780512,0.10509027158190398
1220260504020006,青森競輪,6R,10:20,6-7,6,7,48.2,0.02288957595435266,0.10327756099979846
5620260504020001,岸和田競輪,1R,11:00,1-7,1,7,21.0,0.05253516293474962,0.10323842162974195
2120260504020009,弥彦競輪,9R,23:20,3-4,3,4,27.9,0.03951973580784242,0.10260062903880351
2720260503030004,京王閣競輪,4R,17:25,1-4,1,4,26.0,0.04237774846350432,0.10182146005111226
7420260504020004,高知競輪,4R,21:50,3-6,3,6,46.7,0.02358383787033449,0.10136522854462071
5620260504020001,岸和田競輪,1R,11:00,4-6,4,6,54.0,0.020390792606190512,0.10110280073428757
1220260504020002,青森競輪,2R,09:00,1-4,1,4,31.2,0.035288067443160126,0.10098770422659586
5620260504020012,岸和田競輪,12R,16:12,4-5,4,5,13.9,0.07909805836613486,0.09946301128927448
3520260501050005,平塚競輪,5R,12:47,4-5,4,5,71.2,0.01543738367920424,0.0991417179593419
3520260501050006,平塚競輪,6R,13:18,4-6,4,6,128.1,0.008579362203556562,0.09901629827559555
3520260501050004,平塚競輪,4R,12:16,3-4,3,4,48.7,0.022513551518569368,0.09640995895432836
7420260504020005,高知競輪,5R,22:10,2-5,2,5,26.6,0.041192981723316285,0.09573331384021322
3520260501050009,平塚競輪,9R,15:09,2-3,2,3,45.7,0.023865247355408105,0.0906418041421504
7420260504020009,高知競輪,9R,23:30,4-5,4,5,33.1,0.03292090683120959,0.08968201611303739
2120260504020002,弥彦競輪,2R,21:00,1-5,1,5,19.1,0.05687507604001752,0.08631395236433481
3520260501050004,平塚競輪,4R,12:16,5-9,5,9,86.4,0.01252640674563503,0.0822815428228667
1220260504020002,青森競輪,2R,09:00,2-4,2,4,30.6,0.03534621959757866,0.08159431968590702
4320260505010007,岐阜競輪,7R,10:30,1-4,1,4,27.3,0.03959331230697377,0.08089742598038407
2720260503030002,京王閣競輪,2R,16:37,1-6,1,6,19.4,0.05567569440091066,0.08010847137766675
2120260504020005,弥彦競輪,5R,22:00,1-2,1,2,9.9,0.10904779545481225,0.07957317500264138
3520260501050002,平塚競輪,2R,11:12,2-7,2,7,28.4,0.038007132251456646,0.07940255594136869
1220260504020003,青森競輪,3R,09:20,2-3,2,3,20.5,0.05265052560148592,0.07933577483046128
3520260501050010,平塚競輪,10R,15:48,1-6,1,6,35.9,0.029951010142563864,0.07524126411804266
7420260504020002,高知競輪,2R,21:10,2-3,2,3,16.6,0.06465388219795054,0.07325444448597906
4720260504020005,松阪競輪,5R,17:34,1-6,1,6,26.4,0.04047166711687638,0.06845201188553629
3520260501050007,平塚競輪,7R,13:55,1-2,1,2,22.5,0.047243104432869144,0.06296984973955566
3520260501050009,平塚競輪,9R,15:09,7-8,7,8,22.6,0.046882916937576805,0.05955392278923588
5620260504020005,岸和田競輪,5R,12:34,3-4,3,4,19.7,0.05368358029765562,0.05756653186381566
2120260504020008,弥彦競輪,8R,23:00,2-4,2,4,18.6,0.05673674863732638,0.0553035246542708
7420260504020001,高知競輪,1R,20:50,2-3,2,3,16.6,0.0631696680529885,0.0486164896796093
2120260504020007,弥彦競輪,7R,22:40,2-4,2,4,19.0,0.05518505913488607,0.0485161235628353
2120260504020003,弥彦競輪,3R,21:20,4-6,4,6,32.0,0.03270717799534442,0.0466296958510215
1220260504020006,青森競輪,6R,10:20,1-7,1,7,15.2,0.06878763016852169,0.045571978561529614
4720260504020010,松阪競輪,10R,19:39,2-3,2,3,18.3,0.05705870032415767,0.04417421593208548
4720260504020011,松阪競輪,11R,20:04,2-4,2,4,12.0,0.08698210942899412,0.04378531314792955
1220260504020007,青森競輪,7R,10:40,1-4,1,4,24.8,0.04193739936573858,0.04004750427031678
2120260504020005,弥彦競輪,5R,22:00,6-7,6,7,119.0,0.008719214757936463,0.03758655619443907
2120260504020007,弥彦競輪,7R,22:40,1-6,1,6,22.5,0.04606326373136273,0.03642343395566128
2120260504020008,弥彦競輪,8R,23:00,1-5,1,5,13.7,0.07538063409709783,0.03271468713024017
4320260505010007,岐阜競輪,7R,10:30,1-3,1,3,50.0,0.02065186341859134,0.03259317092956704
2720260503030002,京王閣競輪,2R,16:37,2-4,2,4,9.2,0.11216135165745397,0.03188443524857654
3520260501050001,平塚競輪,1R,10:45,4-9,4,9,72.8,0.01416460702031485,0.031183391078920986
1220260504020003,青森競輪,3R,09:20,4-6,4,6,41.7,0.024701321176143702,0.03004509304519254
1220260504020005,青森競輪,5R,10:00,4-6,4,6,16.5,0.06236211646900585,0.028974921738596615
3520260501050005,平塚競輪,5R,12:47,3-4,3,4,88.6,0.011561051919136575,0.024309200035500522
4320260505010007,岐阜競輪,7R,10:30,2-6,2,6,32.9,0.031132726055256788,0.024266687217948224
3520260501050001,平塚競輪,1R,10:45,5-6,5,6,58.3,0.017552505069864614,0.023311045573106925
4320260505010007,岐阜競輪,7R,10:30,1-5,1,5,19.0,0.05367541153784773,0.019832819219106845
3520260501050010,平塚競輪,10R,15:48,4-9,4,9,90.0,0.011321427263946726,0.018928453755205243
5620260504020005,岸和田競輪,5R,12:34,1-5,1,5,14.3,0.07120745884527714,0.018266661487463143
5620260504020001,岸和田競輪,1R,11:00,1-2,1,2,9.4,0.10828709559042173,0.017898698549964287
4320260505010003,岐阜競輪,3R,09:10,3-5,3,5,30.5,0.033286599714106885,0.015241291280259972
4720260504020003,松阪競輪,3R,16:44,3-4,3,4,16.1,0.06304665835287236,0.015051199481245003
7420260504020002,高知競輪,2R,21:10,1-4,1,4,18.5,0.05476986854799011,0.01324256813781699
4320260505010003,岐阜競輪,3R,09:10,5-7,5,7,11.2,0.09044206126193308,0.012951086133650369
4720260504020010,松阪競輪,10R,19:39,2-5,2,5,11.1,0.0911250671662979,0.011488245545906661
7420260504020004,高知競輪,4R,21:50,4-6,4,6,53.8,0.01879980668461486,0.011429599632279519
3520260501050011,平塚競輪,11R,16:30,1-3,1,3,12.2,0.08285674626079784,0.010852304381733457
3520260501050007,平塚競輪,7R,13:55,4-8,4,8,140.8,0.007164857185888005,0.0088118917730311
2120260504020007,弥彦競輪,7R,22:40,1-2,1,2,9.5,0.10546605755174626,0.0019275467415895697
2720260503030011,京王閣競輪,11R,20:16,1-4,1,4,36.6,0.027356473304546054,0.0012469229463856202
3520260501050002,平塚競輪,2R,11:12,2-8,2,8,131.4,0.007613691881221012,0.00043911319244105407
5620260504020002,岸和田競輪,2R,11:25,5-6,5,6,39.7,0.025197520378782402,0.0003415590376614208
3520260501050001,平塚競輪,1R,10:45,3-8,3,8,121.0,0.00824658640353464,-0.0021630451723085864
3520260501050002,平塚競輪,2R,11:12,3-8,3,8,62.5,0.01594613802773195,-0.003366373266753042
2120260504020008,弥彦競輪,8R,23:00,3-7,3,7,29.0,0.034357603309727855,-0.0036295040178921933
3520260501050005,平塚競輪,5R,12:47,4-8,4,8,102.8,0.009685490856542602,-0.004331539947420526
2120260504020005,弥彦競輪,5R,22:00,1-3,1,3,8.9,0.11163763053542766,-0.006425088234693788
1220260504020001,青森競輪,1R,08:40,4-5,4,5,15.8,0.06267714818124387,-0.009701058736346857
3520260501050001,平塚競輪,1R,10:45,6-7,6,7,31.2,0.031560850358625485,-0.0153014688108849
5620260504020009,岸和田競輪,9R,14:16,5-7,5,7,11.8,0.08338075626427856,-0.01610707608151296
4720260504020007,松阪競輪,7R,18:24,1-6,1,6,14.3,0.06877258646923647,-0.016552013489918527
2720260503030004,京王閣競輪,4R,17:25,3-5,3,5,25.4,0.03866457692220784,-0.01791974617592096
3520260501050002,平塚競輪,2R,11:12,5-6,5,6,39.7,0.024736482662906484,-0.017961638282612546
2720260503030005,京王閣競輪,5R,17:48,2-7,2,7,24.5,0.040028265676428684,-0.019307490927497284
4320260505010002,岐阜競輪,2R,08:50,1-3,1,3,25.2,0.038753313191593156,-0.02341650757185254
4320260505010004,岐阜競輪,4R,09:30,5-7,5,7,21.7,0.04492115550317951,-0.025210925581004684
3520260501050005,平塚競輪,5R,12:47,3-6,3,6,124.4,0.007818456943494128,-0.02738395622933043
3520260501050010,平塚競輪,10R,15:48,3-8,3,8,65.3,0.014888071739834441,-0.02780891538881103
2120260504020006,弥彦競輪,6R,22:20,2-4,2,4,26.3,0.036876874440923586,-0.030138202203709663
3520260501050001,平塚競輪,1R,10:45,1-4,1,4,18.9,0.05128864114918365,-0.03064468228042916
4320260505010006,岐阜競輪,6R,10:10,1-5,1,5,10.9,0.0886980244034439,-0.03319153400246144
3520260501050011,平塚競輪,11R,16:30,1-6,1,6,32.6,0.029631139219145234,-0.03402486145586536
5620260504020006,岸和田競輪,6R,12:59,5-7,5,7,16.7,0.057655460372993864,-0.03715381177100252
2720260503030007,京王閣競輪,7R,18:35,2-7,2,7,13.4,0.0718407361159292,-0.03733413604654867
5620260504020012,岸和田競輪,12R,16:12,1-6,1,6,21.8,0.04415795559267073,-0.03735656807977805
3520260501050006,平塚競輪,6R,13:18,1-6,1,6,40.4,0.023797855405547644,-0.0385666416158752
2120260504020006,弥彦競輪,6R,22:20,6-7,6,7,39.5,0.024304827278122332,-0.039959322514167894
2120260504020008,弥彦競輪,8R,23:00,2-3,2,3,15.3,0.06239506361741176,-0.04535552665359999
3520260501050006,平塚競輪,6R,13:18,2-7,2,7,17.3,0.05496665012377255,-0.049076952858734924
3520260501050005,平塚競輪,5R,12:47,2-7,2,7,16.2,0.05866443849780005,-0.04963609633563926
3520260501050004,平塚競輪,4R,12:16,1-9,1,9,35.8,0.026480824578107562,-0.0519864801037494
1220260504020007,青森競輪,7R,10:40,4-5,4,5,14.5,0.06535515022476472,-0.05235032174091159
1220260504020004,青森競輪,4R,09:40,2-5,2,5,17.4,0.05443582871775325,-0.052816580311093486
3520260501050002,平塚競輪,2R,11:12,1-5,1,5,23.4,0.040439791020226504,-0.05370889012669988
4720260504020012,松阪競輪,12R,20:30,1-2,1,2,14.3,0.06608545494658408,-0.05497799426384764
4320260505010006,岐阜競輪,6R,10:10,1-7,1,7,18.9,0.04999938784705014,-0.05501156969075249
3520260501050004,平塚競輪,4R,12:16,1-7,1,7,12.2,0.07740761643728089,-0.0556270794651732
5620260504020010,岸和田競輪,10R,14:51,1-4,1,4,23.9,0.03950926830118098,-0.05572848760177451
3520260501050001,平塚競輪,1R,10:45,2-6,2,6,60.2,0.015590072541787962,-0.061477632984364705
2720260503030011,京王閣競輪,11R,20:16,3-6,3,6,28.5,0.03288346234634028,-0.06282132312930211
7420260504020005,高知競輪,5R,22:10,2-3,2,3,21.3,0.04395418052523292,-0.06377595481253873
5620260504020008,岸和田競輪,8R,13:47,4-7,4,7,49.1,0.01902212514956939,-0.06601365515614299
3520260501050009,平塚競輪,9R,15:09,2-7,2,7,21.9,0.04263406148104559,-0.06631405356510156
2720260503030007,京王閣競輪,7R,18:35,2-4,2,4,12.8,0.07280883358222369,-0.06804693014753671
2720260503030006,京王閣競輪,6R,18:11,5-6,5,6,74.7,0.012465930576790803,-0.06879498591372701
2120260504020005,弥彦競輪,5R,22:00,4-7,4,7,27.4,0.033985193395552296,-0.06880570096186711
4320260505010005,岐阜競輪,5R,09:50,4-5,4,5,8.6,0.10774223394868647,-0.07341678804129637
3520260501050003,平塚競輪,3R,11:40,2-8,2,8,177.4,0.0052219846518348385,-0.07361992276449958
3520260501050003,平塚競輪,3R,11:40,4-8,4,8,96.6,0.00955950068901691,-0.07655223344096662
7420260504020005,高知競輪,5R,22:10,1-3,1,3,13.9,0.06641012459160993,-0.07689926817662196
4320260505010004,岐阜競輪,4R,09:30,4-7,4,7,7.1,0.12994189345898705,-0.07741255644119205
7420260504020008,高知競輪,8R,23:10,6-7,6,7,50.5,0.018247055756204812,-0.07852368431165702
5620260504020011,岸和田競輪,11R,15:29,3-5,3,5,15.9,0.05791152339428873,-0.07920677803080911
4720260504020012,松阪競輪,12R,20:30,3-4,3,4,18.4,0.0500361742902059,-0.07933439306021162
1220260504020002,青森競輪,2R,09:00,1-7,1,7,12.7,0.07236757468147922,-0.08093180154521395
4320260505010006,岐阜競輪,6R,10:10,4-7,4,7,45.2,0.020324515087027477,-0.08133191806635798
3520260501050001,平塚競輪,1R,10:45,3-4,3,4,58.8,0.015608628829054193,-0.08221262485161351
5620260504020002,岸和田競輪,2R,11:25,2-6,2,6,12.6,0.07276267975571993,-0.08319023507792889
7420260504020004,高知競輪,4R,21:50,2-4,2,4,18.6,0.04924367178466729,-0.08406770480518833
5620260504020003,岸和田競輪,3R,11:47,3-5,3,5,17.2,0.05317965958893477,-0.08530985507032196
7420260504020008,高知競輪,8R,23:10,1-2,1,2,7.2,0.12688044356314687,-0.08646080634534248
3520260501050005,平塚競輪,5R,12:47,4-6,4,6,148.2,0.006153225988519402,-0.08809190850142468
2720260503030002,京王閣競輪,2R,16:37,1-3,1,3,18.5,0.04917776776064345,-0.09021129642809622
3520260501050009,平塚競輪,9R,15:09,5-6,5,6,105.1,0.008650419741074854,-0.09084088521303291
3520260501050001,平塚競輪,1R,10:45,1-7,1,7,8.3,0.10945953340136913,-0.09148587276863618
4720260504020010,松阪競輪,10R,19:39,1-6,1,6,34.0,0.026629164960198085,-0.09460839135326515
3520260501050006,平塚競輪,6R,13:18,1-7,1,7,10.9,0.08280279446105432,-0.09744954037450793
3520260501050006,平塚競輪,6R,13:18,3-5,3,5,57.4,0.015687736547998245,-0.0995239221449008
2120260504020005,弥彦競輪,5R,22:00,1-7,1,7,8.5,0.10582615830967061,-0.10047765436779976
2720260503030001,京王閣競輪,1R,16:05,3-4,3,4,13.9,0.06467843126560902,-0.10096980540803469
3520260501050007,平塚競輪,7R,13:55,6-7,6,7,58.1,0.015469340375399699,-0.1012313241892775
4720260504020002,松阪競輪,2R,16:19,1-4,1,4,12.6,0.07125252333172158,-0.10221820602030818
3520260501050005,平塚競輪,5R,12:47,6-8,6,8,139.9,0.006409018640320714,-0.10337829221913208
2120260504020008,弥彦競輪,8R,23:00,3-5,3,5,23.7,0.03780665775489585,-0.10398221120896844
3520260501050003,平塚競輪,3R,11:40,3-7,3,7,154.7,0.005789462138608607,-0.10437020715724854
5620260504020012,岸和田競輪,12R,16:12,2-7,2,7,35.5,0.025154330934935454,-0.10702125180979138
7420260504020009,高知競輪,9R,23:30,2-6,2,6,29.5,0.030256110062994824,-0.1074447531416527
3520260501050004,平塚競輪,4R,12:16,4-8,4,8,133.4,0.006682157415586459,-0.10860020076076637
4720260504020003,松阪競輪,3R,16:44,1-4,1,4,14.4,0.06187127165620378,-0.10905368815066563
4320260505010002,岐阜競輪,2R,08:50,2-7,2,7,22.3,0.039949961327887785,-0.10911586238810234
7420260504020009,高知競輪,9R,23:30,6-7,6,7,37.9,0.02349671902198664,-0.10947434906670639
4720260504020011,松阪競輪,11R,20:04,1-5,1,5,34.3,0.025937447750506576,-0.11034554215762449
7420260504020007,高知競輪,7R,22:50,3-5,3,5,29.4,0.030192251383764204,-0.11234780931733246
7420260504020007,高知競輪,7R,22:50,2-6,2,6,18.7,0.047347395216152416,-0.11460370945794984
2120260504020005,弥彦競輪,5R,22:00,2-5,2,5,18.7,0.04725126104484344,-0.11640141846142771
2720260503030006,京王閣競輪,6R,18:11,1-6,1,6,37.8,0.023271976725235174,-0.12031927978611046
4720260504020008,松阪競輪,8R,18:49,3-5,3,5,21.1,0.04162701099921423,-0.12167006791657964
2120260504020008,弥彦競輪,8R,23:00,5-7,5,7,23.7,0.03703521510355752,-0.12226540204568681
7420260504020008,高知競輪,8R,23:10,3-5,3,5,25.2,0.03474615882325965,-0.12439679765385692
7420260504020009,高知競輪,9R,23:30,2-5,2,5,24.1,0.03613394398058338,-0.12917195006794047
2720260503030009,京王閣競輪,9R,19:25,3-7,3,7,15.6,0.05580248393848691,-0.12948125055960413
1220260504020005,青森競輪,5R,10:00,1-6,1,6,19.0,0.04569190403861023,-0.1318538232664056
3520260501050003,平塚競輪,3R,11:40,2-5,2,5,26.5,0.032663045361796435,-0.13442929791239444
4720260504020009,松阪競輪,9R,19:14,5-6,5,6,61.0,0.014155427537537395,-0.13651892021021894
3520260501050006,平塚競輪,6R,13:18,3-6,3,6,96.6,0.008900174740668326,-0.1402431200514398
3520260501050005,平塚競輪,5R,12:47,1-7,1,7,9.3,0.09243976764655895,-0.14031016088700166
7420260504020006,高知競輪,6R,22:30,1-6,1,6,10.6,0.08086937955675741,-0.14278457669837152
3520260501050004,平塚競輪,4R,12:16,5-7,5,7,22.5,0.03795521028465203,-0.14600776859532938
1220260504020003,青森競輪,3R,09:20,4-5,4,5,10.7,0.0794954028081249,-0.14939918995306367
2120260504020005,弥彦競輪,5R,22:00,2-4,2,4,25.5,0.03332835836102309,-0.15012686179391121
3520260501050005,平塚競輪,5R,12:47,5-6,5,6,81.3,0.010440630415169065,-0.151176747246755
7420260504020001,高知競輪,1R,20:50,1-5,1,5,11.7,0.07238767744567504,-0.15306417388560212
5620260504020003,岸和田競輪,3R,11:47,4-7,4,7,11.6,0.0729831564224957,-0.15339538549904996
3520260501050002,平塚競輪,2R,11:12,7-9,7,9,35.8,0.02351299972042417,-0.15823461000881478
4720260504020005,松阪競輪,5R,17:34,1-4,1,4,9.6,0.08744510446350624,-0.16052699715034013
5620260504020005,岸和田競輪,5R,12:34,3-5,3,5,20.8,0.04033594357023795,-0.16101237373905053
3520260501050005,平塚競輪,5R,12:47,1-3,1,3,21.9,0.03829258137440447,-0.16139246790054207
2720260503030005,京王閣競輪,5R,17:48,4-5,4,5,8.9,0.09368913128852102,-0.16616673153216288
3520260501050010,平塚競輪,10R,15:48,5-9,5,9,27.0,0.030827536791665763,-0.1676565066250244
5620260504020008,岸和田競輪,8R,13:47,1-4,1,4,22.6,0.03669116919691755,-0.17077957614966333
4720260504020003,松阪競輪,3R,16:44,1-7,1,7,13.5,0.061372583070139305,-0.17147012855311938
2120260504020007,弥彦競輪,7R,22:40,2-6,2,6,27.5,0.030078719294838435,-0.17283521939194302
7420260504020007,高知競輪,7R,22:50,2-5,2,5,14.7,0.05568596698475404,-0.1814162853241157
1220260504020005,青森競輪,5R,10:00,2-4,2,4,12.6,0.06480868315438285,-0.18341059225477618
7420260504020007,高知競輪,7R,22:50,1-6,1,6,14.7,0.055450473019048555,-0.1848780466199863
3520260501050006,平塚競輪,6R,13:18,6-7,6,7,42.0,0.019369354975194,-0.18648709104185202
2720260503030003,京王閣競輪,3R,17:02,5-7,5,7,22.0,0.036771978243539144,-0.1910164786421389
2120260504020009,弥彦競輪,9R,23:20,5-7,5,7,48.2,0.01676490150691896,-0.1919317473665061
5620260504020009,岸和田競輪,9R,14:16,1-4,1,4,25.1,0.03217656570956424,-0.19236820068993754
2120260504020006,弥彦競輪,6R,22:20,1-6,1,6,9.4,0.08591074585620688,-0.19243898895165534
4720260504020012,松阪競輪,12R,20:30,1-5,1,5,9.2,0.08754440478664943,-0.19459147596282533
5620260504020003,岸和田競輪,3R,11:47,1-5,1,5,15.7,0.05128749919587616,-0.1947862626247443
3520260501050011,平塚競輪,11R,16:30,5-7,5,7,31.3,0.02572031111652848,-0.19495426205265853
5620260504020004,岸和田競輪,4R,12:09,2-7,2,7,15.4,0.05187309140146219,-0.20115439241748223
4720260504020011,松阪競輪,11R,20:04,6-7,6,7,39.0,0.020480341030562718,-0.201266699808054
2720260503030004,京王閣競輪,4R,17:25,4-7,4,7,17.6,0.04507508221412705,-0.20667855303136384
1220260504020002,青森競輪,2R,09:00,2-7,2,7,11.1,0.07145398781080067,-0.2068607353001125
4320260505010004,岐阜競輪,4R,09:30,2-4,2,4,10.3,0.07675870509060917,-0.2093853375667255
4720260504020002,松阪競輪,2R,16:19,2-4,2,4,13.5,0.058518684597256676,-0.2099977579370349
5620260504020008,岸和田競輪,8R,13:47,1-2,1,2,13.2,0.05984631229117851,-0.21002867775644374
7420260504020005,高知競輪,5R,22:10,4-6,4,6,22.8,0.03454813280281619,-0.21230257209579084
5620260504020011,岸和田競輪,11R,15:29,5-7,5,7,12.7,0.06202008547687912,-0.21234491444363524
7420260504020006,高知競輪,6R,22:30,1-5,1,5,9.8,0.08034951567789345,-0.2125747463566442
4320260505010001,岐阜競輪,1R,08:30,2-4,2,4,40.3,0.01952967814237515,-0.2129539708622814
3520260501050007,平塚競輪,7R,13:55,2-8,2,8,47.2,0.01659324265966283,-0.2167989464639144
4720260504020009,松阪競輪,9R,19:14,3-4,3,4,27.8,0.02808111491695084,-0.21934500530876666
3520260501050008,平塚競輪,8R,14:32,1-3,1,3,11.5,0.06765241742390862,-0.22199719962505082
5620260504020012,岸和田競輪,12R,16:12,1-3,1,3,15.6,0.04976079465456311,-0.22373160338881548
2120260504020006,弥彦競輪,6R,22:20,1-5,1,5,11.2,0.06892998838752856,-0.2279841300596801
2120260504020006,弥彦競輪,6R,22:20,4-7,4,7,29.6,0.026080643123286146,-0.22801296355073009
2720260503030011,京王閣競輪,11R,20:16,4-7,4,7,17.2,0.04466648382775922,-0.2317364781625414
4320260505010001,岐阜競輪,1R,08:30,1-6,1,6,17.9,0.0427842738626962,-0.2341614978577381
1220260504020006,青森競輪,6R,10:20,1-6,1,6,13.5,0.05667912963000027,-0.23483174999499634
5620260504020004,岸和田競輪,4R,12:09,3-5,3,5,16.1,0.04734719801233557,-0.23771011200139724
3520260501050004,平塚競輪,4R,12:16,4-7,4,7,27.6,0.027545727588814378,-0.23973791854872317
2720260503030009,京王閣競輪,9R,19:25,2-7,2,7,10.1,0.0751263469148196,-0.24122389616032203
3520260501050008,平塚競輪,8R,14:32,1-6,1,6,36.6,0.020713815256135405,-0.24187436162544418
7420260504020007,高知競輪,7R,22:50,4-5,4,5,14.7,0.05146543024724702,-0.24345817536546888
4720260504020001,松阪競輪,1R,15:55,2-5,2,5,14.5,0.05207122218597386,-0.24496727830337905
2720260503030011,京王閣競輪,11R,20:16,3-4,3,4,25.1,0.029987293153217895,-0.24731894185423076
3520260501050001,平塚競輪,1R,10:45,2-9,2,9,35.6,0.02112908315649943,-0.2478046396286202
7420260504020009,高知競輪,9R,23:30,3-5,3,5,20.4,0.03679624895654816,-0.2493565212864176
2120260504020005,弥彦競輪,5R,22:00,2-3,2,3,19.8,0.03789961512716159,-0.2495876204822005
3520260501050004,平塚競輪,4R,12:16,1-6,1,6,14.7,0.050999864729983566,-0.2503019884692417
3520260501050002,平塚競輪,2R,11:12,1-7,1,7,13.0,0.0575139794511296,-0.25231826713531524
3520260501050008,平塚競輪,8R,14:32,1-7,1,7,33.6,0.022163882621485484,-0.2552935439180877
1220260504020003,青森競輪,3R,09:20,3-5,3,5,7.9,0.09379278089886543,-0.259037030898963
2720260503030003,京王閣競輪,3R,17:02,1-7,1,7,10.2,0.07263367462379197,-0.2591365188373219
4320260505010003,岐阜競輪,3R,09:10,1-5,1,5,7.0,0.10536982383297687,-0.26241123316916193
2120260504020009,弥彦競輪,9R,23:20,1-3,1,3,9.3,0.07926277642088213,-0.2628561792857962
5620260504020008,岸和田競輪,8R,13:47,3-5,3,5,9.2,0.07993011908816865,-0.2646429043888485
3520260501050001,平塚競輪,1R,10:45,2-3,2,3,39.6,0.018560031323821717,-0.26502275957666
1220260504020007,青森競輪,7R,10:40,1-2,1,2,10.2,0.07192967900549795,-0.26631727414392103
3520260501050001,平塚競輪,1R,10:45,4-5,4,5,62.3,0.011773170023339512,-0.26653150754594845
3520260501050002,平塚競輪,2R,11:12,4-7,4,7,12.0,0.060861245229278424,-0.26966505724865897
1220260504020005,青森競輪,5R,10:00,5-6,5,6,11.7,0.06240562244772581,-0.2698542173616081
4320260505010007,岐阜競輪,7R,10:30,4-7,4,7,9.0,0.08109019555173226,-0.27018824003440967
3520260501050007,平塚競輪,7R,13:55,2-4,2,4,24.9,0.029286932401953774,-0.27075538319135106
1220260504020003,青森競輪,3R,09:20,1-3,1,3,15.7,0.046416219387337476,-0.2712653556188016
3520260501050011,平塚競輪,11R,16:30,7-8,7,8,71.5,0.010185976571959285,-0.2717026751049111
4320260505010005,岐阜競輪,5R,09:50,4-7,4,7,7.1,0.10253563180109809,-0.27199701421220357
4720260504020004,松阪競輪,4R,17:09,1-3,1,3,12.2,0.05960483894452579,-0.2728209648767854
4320260505010001,岐阜競輪,1R,08:30,1-2,1,2,13.3,0.054645232814114736,-0.273218403572274
2120260504020006,弥彦競輪,6R,22:20,2-3,2,3,15.8,0.04588995950202035,-0.2749386398680784
3520260501050002,平塚競輪,2R,11:12,6-9,6,9,81.8,0.008861753630629248,-0.2751085530145275
4720260504020001,松阪競輪,1R,15:55,1-6,1,6,26.7,0.027079596489162975,-0.27697477373934853
4320260505010001,岐阜競輪,1R,08:30,2-3,2,3,16.6,0.043438728624090574,-0.27891710484009646
3520260501050005,平塚競輪,5R,12:47,6-7,6,7,36.2,0.019877131621999174,-0.2804478352836298
4720260504020010,松阪競輪,10R,19:39,1-5,1,5,14.0,0.05137845092012491,-0.2807016871182513
4720260504020003,松阪競輪,3R,16:44,1-2,1,2,10.8,0.06646933521732423,-0.28213117965289825
2720260503030005,京王閣競輪,5R,17:48,1-4,1,4,16.1,0.044580365377040646,-0.2822561174296455
5620260504020005,岸和田競輪,5R,12:34,1-4,1,4,7.7,0.09314482386526393,-0.28278485623746774
1220260504020001,青森競輪,1R,08:40,1-2,1,2,10.5,0.06782351870062543,-0.28785305364343294
3520260501050011,平塚競輪,11R,16:30,6-8,6,8,99.3,0.0071604039753258575,-0.2889718852501424
5620260504020002,岸和田競輪,2R,11:25,1-7,1,7,14.0,0.050762420627808585,-0.28932611121067975
3520260501050005,平塚競輪,5R,12:47,5-8,5,8,45.6,0.015563244170485307,-0.29031606582587
2720260503030004,京王閣競輪,4R,17:25,3-4,3,4,14.5,0.04885053505015479,-0.2916672417727555
3520260501050006,平塚競輪,6R,13:18,5-6,5,6,67.4,0.010498500708064603,-0.29240105227644575
3520260501050008,平塚競輪,8R,14:32,5-6,5,6,24.9,0.028222080610307072,-0.297270192803354
2720260503030008,京王閣競輪,8R,19:00,1-6,1,6,14.1,0.049810993937766335,-0.29766498547749465
2720260503030010,京王閣競輪,10R,19:50,3-4,3,4,17.1,0.0410052784865209,-0.2988097378804926
7420260504020008,高知競輪,8R,23:10,4-5,4,5,37.8,0.01852203112463694,-0.29986722348872363
4720260504020009,松阪競輪,9R,19:14,2-4,2,4,10.5,0.06665360632866116,-0.3001371335490578
3520260501050007,平塚競輪,7R,13:55,1-7,1,7,18.4,0.038029346080915495,-0.30026003211115493
4720260504020012,松阪競輪,12R,20:30,2-7,2,7,24.0,0.029103777420467145,-0.30150934190878853
5620260504020001,岸和田競輪,1R,11:00,4-5,4,5,18.7,0.03708490843404484,-0.30651221228336145
3520260501050010,平塚競輪,10R,15:48,6-8,6,8,56.4,0.012271843811425057,-0.30786800903562683
3520260501050003,平塚競輪,3R,11:40,3-6,3,6,68.3,0.010133677234406226,-0.30786984489005476
1220260504020006,青森競輪,6R,10:20,1-5,1,5,8.4,0.0822814582331635,-0.30883575084142656
2720260503030011,京王閣競輪,11R,20:16,2-4,2,4,11.1,0.0620237757595567,-0.3115360890689207
2720260503030003,京王閣競輪,3R,17:02,1-4,1,4,14.6,0.04715193570039013,-0.3115817387743042
4320260505010007,岐阜競輪,7R,10:30,6-7,6,7,10.3,0.06672408862158899,-0.3127418871976334
4320260505010001,岐阜競輪,1R,08:30,1-3,1,3,11.7,0.05867936756423925,-0.31345139949840084
2720260503030004,京王閣競輪,4R,17:25,4-5,4,5,12.8,0.0535566131117351,-0.3144753521697906
4320260505010004,岐阜競輪,4R,09:30,1-6,1,6,23.1,0.029625858706594364,-0.31564266387767015
3520260501050007,平塚競輪,7R,13:55,4-9,4,9,55.4,0.012346093277882284,-0.31602643240532147
2120260504020005,弥彦競輪,5R,22:00,4-5,4,5,16.2,0.042192137122540614,-0.3164873786148421
3520260501050006,平塚競輪,6R,13:18,1-2,1,2,10.1,0.06746805508306664,-0.318572643661027
3520260501050002,平塚競輪,2R,11:12,3-5,3,5,13.0,0.052354863668791024,-0.31938677230571666
4720260504020007,松阪競輪,7R,18:24,4-5,4,5,10.7,0.06360025864349805,-0.31947723251457083
2120260504020005,弥彦競輪,5R,22:00,1-5,1,5,5.7,0.11907486214243038,-0.32127328578814685
7420260504020006,高知競輪,6R,22:30,2-3,2,3,15.9,0.04267643759367422,-0.3214446422605799
1220260504020002,青森競輪,2R,09:00,2-6,2,6,14.9,0.04553891814487157,-0.3214701196414136
7420260504020008,高知競輪,8R,23:10,1-4,1,4,13.7,0.04943899428251618,-0.3226857783295284
7420260504020009,高知競輪,9R,23:30,1-2,1,2,6.8,0.09949384164322644,-0.3234418768260602
4720260504020011,松阪競輪,11R,20:04,2-5,2,5,8.5,0.07941869227909931,-0.3249411156276558
2720260503030007,京王閣競輪,7R,18:35,1-7,1,7,10.1,0.06667695101661282,-0.3265627947322105
4720260504020009,松阪競輪,9R,19:14,4-5,4,5,36.8,0.018130565726809877,-0.3327951812533966
3520260501050004,平塚競輪,4R,12:16,2-9,2,9,47.4,0.014047154996357341,-0.3341648531726621
2720260503030009,京王閣競輪,9R,19:25,1-5,1,5,11.1,0.059808906152650984,-0.33612114170557406
4720260504020003,松阪競輪,3R,16:44,2-3,2,3,9.8,0.06770708777692687,-0.33647053978611663
2720260503030011,京王閣競輪,11R,20:16,2-3,2,3,9.3,0.07124151504296716,-0.3374539101004054
4720260504020010,松阪競輪,10R,19:39,2-6,2,6,11.2,0.05912149665738804,-0.33783923743725397
2120260504020008,弥彦競輪,8R,23:00,1-7,1,7,9.0,0.07330926339685293,-0.34021662942832365
3520260501050002,平塚競輪,2R,11:12,1-3,1,3,14.9,0.044271512582782474,-0.3403544625165411
2120260504020006,弥彦競輪,6R,22:20,3-4,3,4,12.4,0.05302027886873946,-0.34254854202763063
3520260501050009,平塚競輪,9R,15:09,4-6,4,6,31.1,0.021122345346740276,-0.34309505971637744
3520260501050006,平塚競輪,6R,13:18,2-3,2,3,26.0,0.025263969388245103,-0.3431367959056273
3520260501050002,平塚競輪,2R,11:12,3-7,3,7,8.8,0.07464126232802751,-0.34315689151335793
3520260501050002,平塚競輪,2R,11:12,2-3,2,3,23.4,0.02794491410620662,-0.3460890099147651
7420260504020007,高知競輪,7R,22:50,1-4,1,4,8.9,0.07335591715294582,-0.34713233733878224
2720260503030003,京王閣競輪,3R,17:02,2-4,2,4,12.6,0.05179551428720061,-0.3473765199812723
2120260504020007,弥彦競輪,7R,22:40,4-5,4,5,31.0,0.02104705824647111,-0.34754119435939557
2720260503030004,京王閣競輪,4R,17:25,3-6,3,6,8.5,0.07659441411415735,-0.3489474800296626
4720260504020006,松阪競輪,6R,17:59,1-3,1,3,11.3,0.057580236723650396,-0.34934332502275045
1220260504020001,青森競輪,1R,08:40,2-7,2,7,18.5,0.035106802989480185,-0.35052414469461657
1220260504020004,青森競輪,4R,09:40,2-3,2,3,8.2,0.07880868677115993,-0.35376876847648864
3520260501050006,平塚競輪,6R,13:18,1-3,1,3,16.8,0.03826714002685091,-0.3571120475489047
5620260504020005,岸和田競輪,5R,12:34,1-3,1,3,6.7,0.09534800991815398,-0.3611683335483683
3520260501050008,平塚競輪,8R,14:32,2-5,2,5,12.6,0.050550446487981224,-0.36306437425143656
3520260501050005,平塚競輪,5R,12:47,3-8,3,8,54.6,0.011654108697583914,-0.36368566511191824
3520260501050003,平塚競輪,3R,11:40,7-8,7,8,214.8,0.0029591994833757466,-0.3643639509708896
2120260504020005,弥彦競輪,5R,22:00,5-6,5,6,59.5,0.010668628270250093,-0.3652166179201195
3520260501050007,平塚競輪,7R,13:55,2-9,2,9,23.1,0.027451717273137353,-0.3658653309905271
5620260504020011,岸和田競輪,11R,15:29,4-7,4,7,27.3,0.023083159757254786,-0.36982973862694435
4720260504020010,松阪競輪,10R,19:39,1-3,1,3,21.1,0.02985285371674847,-0.37010478657660717
2120260504020006,弥彦競輪,6R,22:20,1-4,1,4,7.1,0.08867182644429308,-0.3704300322455192
1220260504020004,青森競輪,4R,09:40,3-7,3,7,15.5,0.040574449842776764,-0.37109602743696013
3520260501050001,平塚競輪,1R,10:45,1-2,1,2,11.9,0.05253771265387904,-0.37480121941883937
3520260501050009,平塚競輪,9R,15:09,5-7,5,7,20.8,0.030007928816256385,-0.3758350806218672
5620260504020011,岸和田競輪,11R,15:29,1-7,1,7,7.8,0.0797038840286738,-0.3783097045763444
2120260504020001,弥彦競輪,1R,20:40,1-6,1,6,11.0,0.0563992566455336,-0.3796081768991304
1220260504020006,青森競輪,6R,10:20,1-2,1,2,8.1,0.07656653901983153,-0.37981103393936466
7420260504020006,高知競輪,6R,22:30,1-4,1,4,7.9,0.07846224283442041,-0.3801482816080788
5620260504020011,岸和田競輪,11R,15:29,2-5,2,5,9.8,0.06323600360818135,-0.3802871646398227
3520260501050006,平塚競輪,6R,13:18,2-5,2,5,20.7,0.0298418852700102,-0.3822729749107888
4720260504020001,松阪競輪,1R,15:55,3-4,3,4,10.4,0.059390485999312376,-0.3823389456071513
2720260503030011,京王閣競輪,11R,20:16,1-2,1,2,8.9,0.06920764054026673,-0.384051999191626
2120260504020005,弥彦競輪,5R,22:00,5-7,5,7,12.7,0.048263453319040195,-0.3870541428481895
7420260504020008,高知競輪,8R,23:10,1-6,1,6,13.7,0.04442041357006135,-0.39144033409015955
7420260504020009,高知競輪,9R,23:30,2-3,2,3,13.2,0.045954939091523136,-0.39339480399189464
3520260501050010,平塚競輪,10R,15:48,2-9,2,9,7.1,0.08510634110936144,-0.3957449781235338
4720260504020008,松阪競輪,8R,18:49,2-3,2,3,8.0,0.075417555913664,-0.396659552690688
1220260504020004,青森競輪,4R,09:40,4-6,4,6,11.2,0.05378563413971856,-0.39760089763515216
1220260504020005,青森競輪,5R,10:00,4-5,4,5,14.5,0.04134447317615441,-0.400505138945761
4720260504020008,松阪競輪,8R,18:49,4-5,4,5,9.8,0.06110137325818753,-0.40120654206976214
3520260501050003,平塚競輪,3R,11:40,1-5,1,5,4.5,0.13286347983552477,-0.4021143407401385
1220260504020004,青森競輪,4R,09:40,3-4,3,4,9.3,0.06410440238509132,-0.40382905781865064
4720260504020002,松阪競輪,2R,16:19,3-6,3,6,8.6,0.06881957361836008,-0.40815166688210336
4320260505010002,岐阜競輪,2R,08:50,2-4,2,4,6.1,0.09694014188556263,-0.40866513449806796
2720260503030001,京王閣競輪,1R,16:05,4-5,4,5,12.9,0.04583321499871891,-0.408751526516526
5620260504020001,岸和田競輪,1R,11:00,1-6,1,6,7.0,0.08418291542361525,-0.4107195920346932
4320260505010007,岐阜競輪,7R,10:30,4-5,4,5,9.4,0.06243035604215424,-0.4131546532037501
3520260501050010,平塚競輪,10R,15:48,8-9,8,9,22.6,0.025904240403479488,-0.41456416688136355
3520260501050009,平塚競輪,9R,15:09,3-5,3,5,34.1,0.01707313647488487,-0.4178060462064259
5620260504020003,岸和田競輪,3R,11:47,5-7,5,7,6.6,0.08743468702981995,-0.4229310656031884
2120260504020003,弥彦競輪,3R,21:20,3-4,3,4,17.5,0.03279734200106317,-0.42604651498139456
2120260504020008,弥彦競輪,8R,23:00,1-3,1,3,7.6,0.07550356186245269,-0.4261729298453596
5620260504020009,岸和田競輪,9R,14:16,1-2,1,2,12.3,0.046591730191909486,-0.42692171863951334
4720260504020002,松阪競輪,2R,16:19,6-7,6,7,9.9,0.05757186729031588,-0.43003851382587277
2120260504020006,弥彦競輪,6R,22:20,3-6,3,6,11.2,0.05088265135162866,-0.43011430486175906
3520260501050002,平塚競輪,2R,11:12,1-2,1,2,26.0,0.021858726689206347,-0.431673106080635
5620260504020007,岸和田競輪,7R,13:25,1-2,1,2,8.8,0.06450257330188354,-0.4323773549434248
3520260501050003,平塚競輪,3R,11:40,2-3,2,3,61.9,0.009103883835820172,-0.4364695905627314
7420260504020005,高知競輪,5R,22:10,3-5,3,5,29.1,0.019350291326443045,-0.4369065224005073
7420260504020007,高知競輪,7R,22:50,4-6,4,6,12.8,0.04393757689125724,-0.4375990157919073
3520260501050002,平塚競輪,2R,11:12,3-9,3,9,31.4,0.01789646083420823,-0.4380511298058616
2720260503030001,京王閣競輪,1R,16:05,2-3,2,3,11.1,0.0505916525062543,-0.4384326571805772
7420260504020007,高知競輪,7R,22:50,1-2,1,2,6.8,0.08255779338161767,-0.43860700500499983
5620260504020009,岸和田競輪,9R,14:16,2-4,2,4,13.4,0.0418745329126035,-0.4388812589711131
2720260503030011,京王閣競輪,11R,20:16,1-7,1,7,11.5,0.048738600465832276,-0.4395060946429288
5620260504020001,岸和田競輪,1R,11:00,5-7,5,7,15.7,0.0355001466351227,-0.4426476978285736
7420260504020005,高知競輪,5R,22:10,1-5,1,5,8.8,0.06330766580366642,-0.44289254092773545
4320260505010007,岐阜競輪,7R,10:30,5-7,5,7,5.5,0.10120604214171078,-0.44336676822059073
7420260504020001,高知競輪,1R,20:50,1-4,1,4,9.1,0.06095806765820305,-0.44528158431035225
3520260501050007,平塚競輪,7R,13:55,8-9,8,9,91.7,0.006040550127634155,-0.4460815532959479
3520260501050001,平塚競輪,1R,10:45,2-4,2,4,30.3,0.01828059170668697,-0.44609807128738477
4720260504020011,松阪競輪,11R,20:04,1-7,1,7,36.7,0.015092440099657236,-0.4461074483425794
2720260503030001,京王閣競輪,1R,16:05,1-5,1,5,8.5,0.06511129816533893,-0.446553965594619
5620260504020011,岸和田競輪,11R,15:29,1-2,1,2,6.9,0.08010682867941929,-0.4472628821120068
7420260504020009,高知競輪,9R,23:30,1-4,1,4,6.6,0.08374439214141297,-0.4472870118666744
7420260504020009,高知競輪,9R,23:30,1-5,1,5,7.1,0.07771865187680199,-0.44819757167470586
4720260504020003,松阪競輪,3R,16:44,2-4,2,4,15.1,0.036499249850885526,-0.44886132725162853
2720260503030001,京王閣競輪,1R,16:05,1-2,1,2,6.0,0.09171403307579737,-0.44971580154521584
5620260504020012,岸和田競輪,12R,16:12,3-5,3,5,9.5,0.05762955230206805,-0.45251925313035346
4720260504020008,松阪競輪,8R,18:49,2-4,2,4,5.4,0.10099610199681366,-0.45462104921720614
3520260501050009,平塚競輪,9R,15:09,6-7,6,7,14.2,0.03838364317092487,-0.45495226697286695
2120260504020008,弥彦競輪,8R,23:00,1-4,1,4,7.9,0.06878006268621883,-0.4566375047788712
3520260501050001,平塚競輪,1R,10:45,1-8,1,8,20.4,0.026450997234254814,-0.46039965642120184
2720260503030003,京王閣競輪,3R,17:02,1-2,1,2,11.1,0.04844400150869077,-0.46227158325353246
1220260504020003,青森競輪,3R,09:20,3-7,3,7,13.9,0.03857466927362577,-0.46381209709660187
7420260504020007,高知競輪,7R,22:50,1-3,1,3,11.4,0.04661787507902956,-0.46855622409906306
2720260503030008,京王閣競輪,8R,19:00,1-3,1,3,8.0,0.06637259769519939,-0.4690192184384049
2120260504020007,弥彦競輪,7R,22:40,3-5,3,5,11.8,0.04479086482889073,-0.4714677950190894
7420260504020004,高知競輪,4R,21:50,1-4,1,4,8.4,0.06283238257594295,-0.47220798636207917
3520260501050005,平塚競輪,5R,12:47,4-7,4,7,17.0,0.03098154783715941,-0.47331368676829
3520260501050001,平塚競輪,1R,10:45,4-7,4,7,12.8,0.041019103073733694,-0.47495548065620874
3520260501050008,平塚競輪,8R,14:32,3-5,3,5,5.5,0.09535430768988182,-0.47555130770565
3520260501050008,平塚競輪,8R,14:32,1-9,1,9,24.6,0.021223177095142334,-0.4779098434594985
4720260504020002,松阪競輪,2R,16:19,3-7,3,7,13.5,0.03862340547654219,-0.4785840260666805
3520260501050008,平塚競輪,8R,14:32,6-8,6,8,65.5,0.00789974679202405,-0.4825665851224248
4720260504020008,松阪競輪,8R,18:49,3-4,3,4,14.3,0.036157935240684544,-0.48294152605821095
2720260503030007,京王閣競輪,7R,18:35,2-3,2,3,5.5,0.09354103448147186,-0.4855243103519048
3520260501050001,平塚競輪,1R,10:45,7-9,7,9,10.6,0.04842934319593631,-0.4866489621230752
2720260503030003,京王閣競輪,3R,17:02,3-4,3,4,11.1,0.04622304004245954,-0.4869242555286991
3520260501050005,平塚競輪,5R,12:47,7-8,7,8,17.8,0.0287876049539863,-0.4875806318190439
2120260504020007,弥彦競輪,7R,22:40,1-3,1,3,4.5,0.11319579973526156,-0.490618901191323
7420260504020006,高知競輪,6R,22:30,4-6,4,6,23.1,0.021936305691563424,-0.4932713385248849
5620260504020001,岸和田競輪,1R,11:00,1-5,1,5,4.9,0.10336874195557624,-0.4934931644176763
5620260504020008,岸和田競輪,8R,13:47,1-3,1,3,5.1,0.09902141416301993,-0.4949907877685984
2120260504020001,弥彦競輪,1R,20:40,1-5,1,5,7.8,0.06456171048871978,-0.4964186581879857
4720260504020009,松阪競輪,9R,19:14,4-7,4,7,11.7,0.0428677945386719,-0.4984468038975388
2720260503030004,京王閣競輪,4R,17:25,6-7,6,7,7.1,0.07042729367190836,-0.4999662149294506
3520260501050004,平塚競輪,4R,12:16,1-5,1,5,11.2,0.04453514276147448,-0.5012064010714858
3520260501050011,平塚競輪,11R,16:30,4-5,4,5,24.5,0.020292445283381425,-0.502835090557155
4720260504020001,松阪競輪,1R,15:55,3-5,3,5,4.9,0.10144560708563613,-0.5029165252803829
5620260504020004,岸和田競輪,4R,12:09,3-4,3,4,6.6,0.07475289446131528,-0.5066308965553192
3520260501050010,平塚競輪,10R,15:48,3-6,3,6,33.8,0.014584727473834769,-0.5070362113843849
7420260504020009,高知競輪,9R,23:30,3-6,3,6,15.6,0.03154893157941143,-0.5078366673611817
7420260504020008,高知競輪,8R,23:10,2-4,2,4,7.9,0.062054548241855134,-0.5097690688893444
2120260504020006,弥彦競輪,6R,22:20,1-3,1,3,4.9,0.09995492211034936,-0.5102208816592881
3520260501050003,平塚競輪,3R,11:40,6-9,6,9,31.7,0.015444010953070221,-0.510424852787674
3520260501050004,平塚競輪,4R,12:16,1-2,1,2,9.6,0.05091759250212655,-0.5111911119795851
3520260501050005,平塚競輪,5R,12:47,5-7,5,7,10.2,0.04786955974854841,-0.5117304905648062
2120260504020005,弥彦競輪,5R,22:00,3-4,3,4,13.2,0.036834682710880105,-0.5137821882163827
1220260504020006,青森競輪,6R,10:20,1-3,1,3,5.4,0.08972139842851641,-0.5155044484860114
5620260504020007,岸和田競輪,7R,13:25,2-7,2,7,7.4,0.06540908274354575,-0.5159727876977614
2120260504020005,弥彦競輪,5R,22:00,1-4,1,4,5.8,0.08320406533911354,-0.5174164210331416
2720260503030005,京王閣競輪,5R,17:48,2-5,2,5,5.0,0.09640761424852382,-0.5179619287573809
7420260504020008,高知競輪,8R,23:10,2-3,2,3,5.4,0.08920140107744173,-0.5183124341818146
2720260503030004,京王閣競輪,4R,17:25,5-6,5,6,5.8,0.0828684489652527,-0.5193629960015345
1220260504020006,青森競輪,6R,10:20,2-7,2,7,14.4,0.03324631139412526,-0.5212531159245962
1220260504020007,青森競輪,7R,10:40,2-5,2,5,4.6,0.10377877320516966,-0.5226176432562195
2120260504020004,弥彦競輪,4R,21:40,1-5,1,5,4.6,0.10296529607565037,-0.5263596380520084
1220260504020007,青森競輪,7R,10:40,2-4,2,4,6.6,0.07174739624855903,-0.5264671847595104
3520260501050005,平塚競輪,5R,12:47,3-5,3,5,24.8,0.01909346064816165,-0.5264821759255911
3520260501050009,平塚競輪,9R,15:09,3-6,3,6,22.8,0.02075025483654558,-0.5268941897267607
2720260503030005,京王閣競輪,5R,17:48,3-7,3,7,16.1,0.029349379880027657,-0.5274749839315547
3520260501050010,平塚競輪,10R,15:48,2-6,2,6,11.8,0.03997710173514454,-0.5282701995252943
3520260501050005,平塚競輪,5R,12:47,6-9,6,9,44.1,0.010659047918704,-0.5299359867851536
2720260503030003,京王閣競輪,3R,17:02,4-7,4,7,6.2,0.07554482657869092,-0.5316220752121162
3520260501050008,平塚競輪,8R,14:32,1-4,1,4,19.2,0.024385927178796292,-0.5317901981671111
4320260505010001,岐阜競輪,1R,08:30,2-5,2,5,6.3,0.07393915279567237,-0.5341833373872641
3520260501050011,平塚競輪,11R,16:30,1-4,1,4,13.4,0.03474403217526418,-0.53442996885146
5620260504020002,岸和田競輪,2R,11:25,2-7,2,7,5.0,0.09250912502310332,-0.5374543748844833
3520260501050004,平塚競輪,4R,12:16,1-4,1,4,14.2,0.03254460372970923,-0.5378666270381289
5620260504020002,岸和田競輪,2R,11:25,2-4,2,4,6.4,0.07215654834273667,-0.5381980906064853
3520260501050002,平塚競輪,2R,11:12,8-9,8,9,92.9,0.004962272250771313,-0.539004907903345
3520260501050009,平塚競輪,9R,15:09,3-8,3,8,16.7,0.027542110769106433,-0.5400467501559225
4320260505010001,岐阜競輪,1R,08:30,1-5,1,5,4.7,0.097266126514124,-0.5428492053836171
3520260501050007,平塚競輪,7R,13:55,4-7,4,7,19.5,0.023433675030046116,-0.5430433369141008
1220260504020004,青森競輪,4R,09:40,4-5,4,5,11.0,0.04139572476628047,-0.5446470275709148
2720260503030009,京王閣競輪,9R,19:25,4-5,4,5,34.3,0.013234169212249883,-0.546067996019829
4720260504020005,松阪競輪,5R,17:34,2-5,2,5,8.0,0.05669486303758642,-0.5464410956993087
1220260504020002,青森競輪,2R,09:00,3-4,3,4,11.9,0.038019535709365136,-0.5475675250585549
3520260501050002,平塚競輪,2R,11:12,5-9,5,9,27.6,0.016385978736883876,-0.5477469868620051
3520260501050004,平塚競輪,4R,12:16,2-5,2,5,19.4,0.0232292888686133,-0.549351795948902
3520260501050007,平塚競輪,7R,13:55,3-7,3,7,7.5,0.06002663437227228,-0.549800242207958
1220260504020002,青森競輪,2R,09:00,2-3,2,3,6.7,0.06688990381533017,-0.5518376444372879
7420260504020007,高知競輪,7R,22:50,2-4,2,4,7.1,0.06297653165832445,-0.5528666252258965
7420260504020004,高知競輪,4R,21:50,1-2,1,2,3.7,0.120706060791022,-0.5533875750732186
1220260504020005,青森競輪,5R,10:00,1-4,1,4,21.7,0.020543140926047917,-0.5542138419047602
2120260504020007,弥彦競輪,7R,22:40,2-3,2,3,4.9,0.09057017245088331,-0.5562061549906718
1220260504020006,青森競輪,6R,10:20,3-5,3,5,9.3,0.04762966113822546,-0.5570441514145031
4720260504020011,松阪競輪,11R,20:04,1-4,1,4,16.7,0.02647149910285467,-0.5579259649823269
3520260501050006,平塚競輪,6R,13:18,3-9,3,9,18.5,0.023885487863019972,-0.5581184745341305
3520260501050011,平塚競輪,11R,16:30,4-8,4,8,59.6,0.007407857288617637,-0.5584917055983889
3520260501050003,平塚競輪,3R,11:40,1-4,1,4,6.6,0.0667472776890411,-0.5594679672523288
4320260505010001,岐阜競輪,1R,08:30,2-7,2,7,9.4,0.04679364533392895,-0.5601397338610679
5620260504020009,岸和田競輪,9R,14:16,3-4,3,4,12.4,0.03541187560028334,-0.5608927425564866
3520260501050003,平塚競輪,3R,11:40,1-7,1,7,23.5,0.018680082535408003,-0.5610180604179119
4720260504020003,松阪競輪,3R,16:44,3-5,3,5,6.2,0.0707001731715171,-0.561658926336594
5620260504020010,岸和田競輪,10R,14:51,1-2,1,2,5.8,0.07539918011482341,-0.5626847553340242
7420260504020009,高知競輪,9R,23:30,3-4,3,4,11.0,0.03974840600781145,-0.5627675339140741
4720260504020009,松阪競輪,9R,19:14,2-5,2,5,8.9,0.04892302869548948,-0.5645850446101437
2720260503030001,京王閣競輪,1R,16:05,2-4,2,4,6.1,0.07137526505593526,-0.5646108831587949
4720260504020002,松阪競輪,2R,16:19,4-6,4,6,4.5,0.09670307730193792,-0.5648361521412794
4720260504020010,松阪競輪,10R,19:39,1-2,1,2,5.6,0.07757659720999505,-0.5655710556240278
2720260503030010,京王閣競輪,10R,19:50,4-5,4,5,5.6,0.07729200276232298,-0.5671647845309913
1220260504020003,青森競輪,3R,09:20,1-5,1,5,5.5,0.07850763738672428,-0.5682079943730165
2720260503030002,京王閣競輪,2R,16:37,3-4,3,4,5.0,0.08617020754976064,-0.5691489622511968
7420260504020003,高知競輪,3R,21:30,1-4,1,4,6.8,0.06283833955870326,-0.5726992910008178
3520260501050002,平塚競輪,2R,11:12,2-9,2,9,50.5,0.008449868136596693,-0.573281659101867
4720260504020012,松阪競輪,12R,20:30,1-3,1,3,6.0,0.07108124377788617,-0.5735125373326829
7420260504020008,高知競輪,8R,23:10,1-3,1,3,5.4,0.07864835036014575,-0.5752989080552129
3520260501050008,平塚競輪,8R,14:32,1-5,1,5,7.2,0.05877253737926173,-0.5768377308693156
7420260504020005,高知競輪,5R,22:10,3-6,3,6,22.8,0.018519682201839225,-0.5777512457980656
2720260503030011,京王閣競輪,11R,20:16,2-7,2,7,4.3,0.09802234886476091,-0.5785038998815282
2120260504020007,弥彦競輪,7R,22:40,3-6,3,6,10.3,0.040470448775178615,-0.5831543776156602
2720260503030009,京王閣競輪,9R,19:25,5-7,5,7,9.7,0.04296098682651102,-0.5832784277828431
4720260504020012,松阪競輪,12R,20:30,3-5,3,5,10.6,0.0389927160205845,-0.5866772101818043
7420260504020005,高知競輪,5R,22:10,4-5,4,5,11.0,0.03744105367618774,-0.5881484095619349
7420260504020009,高知競輪,9R,23:30,4-6,4,6,14.7,0.02792031582992828,-0.5895713573000543
2120260504020008,弥彦競輪,8R,23:00,3-4,3,4,13.0,0.0315352209837608,-0.5900421272111096
1220260504020002,青森競輪,2R,09:00,1-3,1,3,6.0,0.06799736253903005,-0.5920158247658197
2120260504020005,弥彦競輪,5R,22:00,1-6,1,6,19.8,0.020577373506120124,-0.5925680045788215
7420260504020005,高知競輪,5R,22:10,1-4,1,4,4.2,0.0966737936126501,-0.5939700668268695
3520260501050006,平塚競輪,6R,13:18,4-7,4,7,14.3,0.028382112558967144,-0.5941357904067699
5620260504020008,岸和田競輪,8R,13:47,2-5,2,5,8.6,0.04699401167954962,-0.5958514995558732
2120260504020006,弥彦競輪,6R,22:20,4-6,4,6,9.4,0.04291045589707182,-0.5966417145675249
1220260504020001,青森競輪,1R,08:40,3-4,3,4,6.4,0.06284700392745665,-0.5977791748642773
7420260504020006,高知競輪,6R,22:30,3-6,3,6,21.2,0.018940970350464843,-0.5984514285701453
2720260503030005,京王閣競輪,5R,17:48,1-2,1,2,9.0,0.04433229722954972,-0.6010093249340525
5620260504020010,岸和田競輪,10R,14:51,2-5,2,5,3.9,0.10212123800740147,-0.6017271717711343
3520260501050001,平塚競輪,1R,10:45,1-3,1,3,8.1,0.04896276652705188,-0.6034015911308799
3520260501050011,平塚競輪,11R,16:30,5-8,5,8,25.8,0.015236625384914373,-0.6068950650692091
1220260504020002,青森競輪,2R,09:00,1-2,1,2,5.8,0.06741265850724118,-0.6090065806580012
4720260504020006,松阪競輪,6R,17:59,2-3,2,3,5.4,0.07206542132639747,-0.6108467248374536
7420260504020006,高知競輪,6R,22:30,1-2,1,2,2.9,0.13406656735177286,-0.6112069546798587
4720260504020005,松阪競輪,5R,17:34,2-4,2,4,6.5,0.05967449794749693,-0.6121157633412699
2120260504020005,弥彦競輪,5R,22:00,2-6,2,6,44.6,0.008617526729675971,-0.6156583078564517
4720260504020004,松阪競輪,4R,17:09,1-5,1,5,5.0,0.07663252786247352,-0.6168373606876324
5620260504020010,岸和田競輪,10R,14:51,2-7,2,7,5.4,0.0704560984721648,-0.6195370682503101
3520260501050009,平塚競輪,9R,15:09,2-5,2,5,37.3,0.01019816663019793,-0.6196083846936172
3520260501050010,平塚競輪,10R,15:48,3-5,3,5,19.4,0.019502716735309476,-0.6216472953349962
1220260504020007,青森競輪,7R,10:40,2-7,2,7,9.4,0.04014850442532122,-0.6226040584019805
7420260504020009,高知競輪,9R,23:30,1-3,1,3,4.3,0.08694647281538793,-0.6261301668938319
3520260501050004,平塚競輪,4R,12:16,1-8,1,8,15.1,0.024650208475127878,-0.6277818520255691
2120260504020006,弥彦競輪,6R,22:20,1-2,1,2,4.5,0.08232896669032394,-0.6295196498935423
4720260504020011,松阪競輪,11R,20:04,4-7,4,7,11.8,0.031262301661259144,-0.6311048403971421
4720260504020010,松阪競輪,10R,19:39,3-5,3,5,9.5,0.03823562061012922,-0.6367616042037724
3520260501050007,平塚競輪,7R,13:55,2-5,2,5,7.7,0.04699562247951399,-0.6381337069077422
1220260504020001,青森競輪,1R,08:40,1-6,1,6,7.6,0.04754079539006902,-0.6386899550354754
7420260504020005,高知競輪,5R,22:10,3-4,3,4,9.1,0.03940557552523405,-0.6414092627203702
3520260501050007,平塚競輪,7R,13:55,7-9,7,9,16.2,0.02188709973813996,-0.6454289842421327
3520260501050004,平塚競輪,4R,12:16,4-5,4,5,24.4,0.01452849876668335,-0.6455046300929264
5620260504020006,岸和田競輪,6R,12:59,1-5,1,5,4.6,0.07552394914501953,-0.6525898339329101
3520260501050011,平塚競輪,11R,16:30,5-6,5,6,19.0,0.018269293186725134,-0.6528834294522224
2120260504020007,弥彦競輪,7R,22:40,4-6,4,6,17.7,0.019508766293157384,-0.6546948366111143
7420260504020006,高知競輪,6R,22:30,1-3,1,3,4.7,0.07282665274927291,-0.6577147320784174
1220260504020004,青森競輪,4R,09:40,1-6,1,6,13.2,0.025680283690912846,-0.6610202552799505
2120260504020002,弥彦競輪,2R,21:00,1-4,1,4,4.4,0.0764778376917589,-0.6634975141562609
7420260504020008,高知競輪,8R,23:10,3-6,3,6,10.1,0.0330974237338857,-0.6657160202877543
2720260503030003,京王閣競輪,3R,17:02,1-6,1,6,7.0,0.047722623223976246,-0.6659416374321663
2120260504020004,弥彦競輪,4R,21:40,1-2,1,2,3.6,0.09222876521813249,-0.667976445214723
1220260504020001,青森競輪,1R,08:40,1-4,1,4,3.2,0.10315803720181731,-0.6698942809541846
5620260504020004,岸和田競輪,4R,12:09,4-7,4,7,4.6,0.07115898382865435,-0.67266867438819
7420260504020007,高知競輪,7R,22:50,3-6,3,6,12.8,0.025558529092689318,-0.6728508276135767
5620260504020009,岸和田競輪,9R,14:16,1-5,1,5,6.3,0.05161694678092617,-0.6748132352801651
3520260501050009,平塚競輪,9R,15:09,7-9,7,9,8.4,0.03854260889780657,-0.6762420852584248
2120260504020008,弥彦競輪,8R,23:00,4-6,4,6,21.7,0.014883997836022603,-0.6770172469583096
4320260505010007,岐阜競輪,7R,10:30,3-7,3,7,6.1,0.052863507577818235,-0.6775326037753088
2120260504020004,弥彦競輪,4R,21:40,2-6,2,6,6.2,0.0520042164835014,-0.6775738578022914
7420260504020004,高知競輪,4R,21:50,3-4,3,4,12.7,0.025371060268775898,-0.6777875345865461
3520260501050005,平塚競輪,5R,12:47,1-5,1,5,6.3,0.051138464369714795,-0.6778276744707967
4720260504020011,松阪競輪,11R,20:04,5-7,5,7,10.7,0.029924632153338147,-0.6798064359592819
3520260501050003,平塚競輪,3R,11:40,1-2,1,2,8.8,0.03629834233824874,-0.680574587423411
3520260501050003,平塚競輪,3R,11:40,4-7,4,7,50.8,0.006271103253057451,-0.6814279547446815
3520260501050004,平塚競輪,4R,12:16,4-9,4,9,35.8,0.008827133279582181,-0.683988628590958
3520260501050011,平塚競輪,11R,16:30,3-8,3,8,14.9,0.021116513653053847,-0.6853639465694976
2120260504020008,弥彦競輪,8R,23:00,1-2,1,2,2.8,0.11174733735670608,-0.687107455401223
2120260504020001,弥彦競輪,1R,20:40,1-4,1,4,4.6,0.06792820705901811,-0.6875302475285168
7420260504020007,高知競輪,7R,22:50,3-4,3,4,8.5,0.03651627266009243,-0.6896116823892144
2120260504020008,弥彦競輪,8R,23:00,3-6,3,6,18.6,0.016608515766650074,-0.6910816067403086
3520260501050003,平塚競輪,3R,11:40,2-4,2,4,29.8,0.010336612495710615,-0.6919689476278237
5620260504020008,岸和田競輪,8R,13:47,1-5,1,5,4.2,0.07333366683065162,-0.6919985993112632
4720260504020001,松阪競輪,1R,15:55,4-7,4,7,15.1,0.02027493140911122,-0.6938485357224206
5620260504020012,岸和田競輪,12R,16:12,3-4,3,4,10.1,0.030092106535049706,-0.696069723995998
5620260504020001,岸和田競輪,1R,11:00,2-5,2,5,3.8,0.07943374505388748,-0.6981517687952277
7420260504020002,高知競輪,2R,21:10,1-3,1,3,4.4,0.06807162010370357,-0.7004848715437042
7420260504020006,高知競輪,6R,22:30,3-4,3,4,14.1,0.021187109777875662,-0.7012617521319532
3520260501050004,平塚競輪,4R,12:16,2-4,2,4,18.8,0.015857699781745463,-0.7018752441031852
7420260504020004,高知競輪,4R,21:50,2-3,2,3,5.4,0.05487793589320358,-0.7036591461767006
3520260501050004,平塚競輪,4R,12:16,3-5,3,5,9.4,0.031476581952673804,-0.7041201296448663
2720260503030006,京王閣競輪,6R,18:11,4-5,4,5,7.6,0.038353768658382956,-0.7085113581962896
3520260501050010,平塚競輪,10R,15:48,7-9,7,9,12.6,0.02296915768485084,-0.7105886131708794
5620260504020001,岸和田競輪,1R,11:00,1-4,1,4,5.3,0.054423413356449055,-0.71155590921082
3520260501050010,平塚競輪,10R,15:48,3-9,3,9,9.3,0.03087039748428026,-0.7129053033961936
3520260501050002,平塚競輪,2R,11:12,1-8,1,8,23.1,0.012343418314313771,-0.7148670369393519
7420260504020007,高知競輪,7R,22:50,2-3,2,3,7.1,0.03984454983366039,-0.7171036961810112
3520260501050009,平塚競輪,9R,15:09,3-7,3,7,4.2,0.06714817365397156,-0.7179776706533194
5620260504020004,岸和田競輪,4R,12:09,3-7,3,7,4.0,0.07047931196412087,-0.7180827521435165
2120260504020007,弥彦競輪,7R,22:40,3-4,3,4,4.2,0.0669458255666733,-0.7188275326199721
3520260501050006,平塚競輪,6R,13:18,5-8,5,8,30.2,0.009239529283854214,-0.7209662156276027
3520260501050002,平塚競輪,2R,11:12,1-9,1,9,20.1,0.013863676808930438,-0.7213400961404981
3520260501050011,平塚競輪,11R,16:30,1-8,1,8,10.8,0.025737373295609885,-0.7220363684074133
3520260501050007,平塚競輪,7R,13:55,4-6,4,6,29.0,0.009532458082523386,-0.7235587156068217
2720260503030008,京王閣競輪,8R,19:00,1-7,1,7,3.6,0.07668650605253828,-0.7239285782108622
3520260501050007,平塚競輪,7R,13:55,2-7,2,7,5.9,0.0467677099100508,-0.7240705115307002
3520260501050003,平塚競輪,3R,11:40,4-9,4,9,8.2,0.03345458428080489,-0.7256724088973999
2120260504020004,弥彦競輪,4R,21:40,2-3,2,3,9.8,0.027954241887245754,-0.7260484295049916
4720260504020006,松阪競輪,6R,17:59,3-5,3,5,3.6,0.07603556982147201,-0.7262719486427007
4720260504020005,松阪競輪,5R,17:34,1-2,1,2,3.3,0.08293127905923428,-0.7263267791045269
3520260501050003,平塚競輪,3R,11:40,1-6,1,6,10.1,0.027092763095935654,-0.7263630927310498
3520260501050005,平塚競輪,5R,12:47,2-8,2,8,13.8,0.019564611742586852,-0.7300083579523013
2720260503030005,京王閣競輪,5R,17:48,2-4,2,4,4.9,0.054775027459134526,-0.7316023654502408
3520260501050011,平塚競輪,11R,16:30,1-5,1,5,4.3,0.06207309318312691,-0.7330856993125543
5620260504020009,岸和田競輪,9R,14:16,2-5,2,5,4.1,0.06500480421181085,-0.7334803027315755
1220260504020006,青森競輪,6R,10:20,1-4,1,4,3.2,0.08259774386188026,-0.7356872196419831
7420260504020008,高知競輪,8R,23:10,3-4,3,4,7.2,0.03668531071559189,-0.7358657628477383
1220260504020001,青森競輪,1R,08:40,1-5,1,5,4.0,0.06552667957340515,-0.7378932817063795
2720260503030009,京王閣競輪,9R,19:25,3-5,3,5,5.9,0.044097168010642285,-0.7398267087372106
3520260501050008,平塚競輪,8R,14:32,3-6,3,6,8.6,0.03014272520633384,-0.740772563225529
1220260504020002,青森競輪,2R,09:00,3-7,3,7,3.6,0.07165684910352865,-0.7420353432272968
2720260503030005,京王閣競輪,5R,17:48,1-5,1,5,3.2,0.08012104603710918,-0.7436126526812505
2720260503030003,京王閣競輪,3R,17:02,2-7,2,7,3.3,0.07703306345432778,-0.7457908906007183
7420260504020005,高知競輪,5R,22:10,2-4,2,4,3.6,0.06998073692507813,-0.7480693470697187
2120260504020002,弥彦競輪,2R,21:00,1-3,1,3,3.3,0.0756227299757901,-0.7504449910798927
3520260501050003,平塚競輪,3R,11:40,6-8,6,8,52.1,0.004719412709693378,-0.754118597824975
2720260503030010,京王閣競輪,10R,19:50,1-5,1,5,2.1,0.11543049341469913,-0.7575959638291319
4720260504020010,松阪競輪,10R,19:39,1-4,1,4,9.5,0.025479144492274855,-0.7579481273233889
1220260504020003,青森競輪,3R,09:20,2-5,2,5,2.8,0.0859122021107025,-0.759445834090033
5620260504020006,岸和田競輪,6R,12:59,5-6,5,6,3.0,0.07996611477889229,-0.7601016556633231
7420260504020008,高知競輪,8R,23:10,4-6,4,6,13.7,0.017478316210093256,-0.7605470679217224
2720260503030001,京王閣競輪,1R,16:05,1-4,1,4,2.1,0.11368691525963026,-0.7612574779547765
3520260501050009,平塚競輪,9R,15:09,1-7,1,7,3.0,0.0788646647076568,-0.7634060058770296
3520260501050007,平塚競輪,7R,13:55,1-9,1,9,10.4,0.02236783265367905,-0.7673745404017379
1220260504020003,青森競輪,3R,09:20,1-4,1,4,6.3,0.03691568732487169,-0.7674311698533084
2720260503030004,京王閣競輪,4R,17:25,4-6,4,6,2.4,0.09618132848839314,-0.7691648116278564
4320260505010004,岐阜競輪,4R,09:30,2-7,2,7,2.5,0.0922426305705515,-0.7693934235736213
3520260501050010,平塚競輪,10R,15:48,6-9,6,9,9.4,0.024426416944916485,-0.7703916807177851
7420260504020003,高知競輪,3R,21:30,1-5,1,5,3.2,0.0702472480932531,-0.77520880610159
4320260505010004,岐阜競輪,4R,09:30,1-4,1,4,2.6,0.08570707899900343,-0.777161594602591
3520260501050002,平塚競輪,2R,11:12,3-6,3,6,8.1,0.02734921630192157,-0.7784713479544353
3520260501050003,平塚競輪,3R,11:40,2-6,2,6,38.3,0.005774740016837452,-0.7788274573551256
3520260501050001,平塚競輪,1R,10:45,4-6,4,6,13.3,0.016568486187234947,-0.7796391337097752
4720260504020004,松阪競輪,4R,17:09,3-4,3,4,4.0,0.05499335336170306,-0.7800265865531878
5620260504020009,岸和田競輪,9R,14:16,1-7,1,7,3.6,0.06072804336081071,-0.7813790439010815
2120260504020004,弥彦競輪,4R,21:40,1-4,1,4,3.2,0.06831649995712279,-0.7813872001372071
5620260504020008,岸和田競輪,8R,13:47,1-7,1,7,3.4,0.06420034996164228,-0.7817188101304162
3520260501050004,平塚競輪,4R,12:16,2-7,2,7,5.0,0.0432346312480675,-0.7838268437596625
2720260503030011,京王閣競輪,11R,20:16,2-5,2,5,3.0,0.07143877947703552,-0.7856836615688935
4720260504020008,松阪競輪,8R,18:49,2-5,2,5,1.7,0.12490142707609997,-0.78766757397063
4720260504020007,松阪競輪,7R,18:24,1-4,1,4,2.8,0.07480355106448086,-0.7905500570194536
7420260504020001,高知競輪,1R,20:50,1-2,1,2,2.4,0.08703014628928281,-0.7911276489057213
1220260504020004,青森競輪,4R,09:40,2-4,2,4,1.9,0.10965193452552363,-0.7916613244015052
7420260504020003,高知競輪,3R,21:30,1-3,1,3,3.2,0.06464093188380163,-0.7931490179718348
2120260504020001,弥彦競輪,1R,20:40,1-3,1,3,3.0,0.06842108459076236,-0.7947367462277128
4720260504020010,松阪競輪,10R,19:39,1-7,1,7,3.6,0.056706849434982186,-0.7958553420340642
2120260504020003,弥彦競輪,3R,21:20,1-3,1,3,2.4,0.08500943748839757,-0.7959773500278459
3520260501050002,平塚競輪,2R,11:12,2-5,2,5,7.9,0.025775053472904617,-0.7963770775640535
3520260501050003,平塚競輪,3R,11:40,6-7,6,7,64.6,0.0031421107401955577,-0.797019646183367
5620260504020012,岸和田競輪,12R,16:12,1-5,1,5,1.6,0.1267175126520723,-0.7972519797566844
3520260501050003,平塚競輪,3R,11:40,4-6,4,6,19.1,0.010591983695112222,-0.7976931114233565
3520260501050010,平塚競輪,10R,15:48,1-9,1,9,3.2,0.06293040764931321,-0.7986226955221978
4320260505010001,岐阜競輪,1R,08:30,3-5,3,5,2.5,0.07991475301499593,-0.8002131174625102
4720260504020012,松阪競輪,12R,20:30,1-4,1,4,1.8,0.10981203066807856,-0.8023383447974586
4720260504020005,松阪競輪,5R,17:34,1-5,1,5,2.4,0.08174469087692714,-0.8038127418953749
7420260504020003,高知競輪,3R,21:30,1-2,1,2,2.5,0.0780001492388499,-0.8049996269028752
3520260501050010,平塚競輪,10R,15:48,4-6,4,6,35.4,0.005506096441545892,-0.8050841859692754
4720260504020011,松阪競輪,11R,20:04,4-5,4,5,4.5,0.043035439397654265,-0.8063405227105558
3520260501050006,平塚競輪,6R,13:18,2-6,2,6,11.9,0.0159348966086055,-0.8103747303575946
2720260503030006,京王閣競輪,6R,18:11,1-5,1,5,1.3,0.14517276552306568,-0.8112754048200146
7420260504020004,高知競輪,4R,21:50,1-3,1,3,2.7,0.06865249919787622,-0.8146382521657342
2120260504020003,弥彦競輪,3R,21:20,1-4,1,4,1.7,0.10861724505955603,-0.8153506833987547
5620260504020004,岸和田競輪,4R,12:09,1-7,1,7,3.2,0.05757740973586983,-0.8157522888452166
4720260504020004,松阪競輪,4R,17:09,3-5,3,5,1.7,0.10801045880004849,-0.8163822200399176
3520260501050003,平塚競輪,3R,11:40,2-7,2,7,52.8,0.0034269449953920595,-0.8190573042432993
4720260504020003,松阪競輪,3R,16:44,1-3,1,3,1.8,0.10018444408907776,-0.81966800063966
5620260504020002,岸和田競輪,2R,11:25,2-5,2,5,1.8,0.09880401160749187,-0.8221527791065146
4320260505010007,岐阜競輪,7R,10:30,1-7,1,7,2.5,0.07086639145138812,-0.8228340213715297
2120260504020005,弥彦競輪,5R,22:00,3-6,3,6,18.7,0.009411431731093711,-0.8240062266285476
2720260503030002,京王閣競輪,2R,16:37,1-4,1,4,1.5,0.11567276713892166,-0.8264908492916175
2120260504020001,弥彦競輪,1R,20:40,1-2,1,2,2.3,0.07542501245683643,-0.8265224713492763
3520260501050006,平塚競輪,6R,13:18,1-5,1,5,3.7,0.04643726614373017,-0.8281821152681983
2720260503030007,京王閣競輪,7R,18:35,1-2,1,2,1.5,0.11298502460449036,-0.8305224630932644
4320260505010003,岐阜競輪,3R,09:10,2-5,2,5,1.2,0.141214888405738,-0.8305421339131144
3520260501050005,平塚競輪,5R,12:47,3-7,3,7,4.7,0.035844848941187474,-0.8315292099764189
2720260503030010,京王閣競輪,10R,19:50,5-7,5,7,3.3,0.050739185840297796,-0.8325606867270172
4720260504020002,松阪競輪,2R,16:19,1-6,1,6,2.4,0.06908252193881606,-0.8342019473468415
3520260501050011,平塚競輪,11R,16:30,1-7,1,7,4.0,0.04136264604175097,-0.8345494158329961
2720260503030009,京王閣競輪,9R,19:25,1-7,1,7,2.2,0.07517646991032127,-0.8346117661972932
4720260504020011,松阪競輪,11R,20:04,2-7,2,7,2.5,0.06561043588224458,-0.8359739102943886
4720260504020007,松阪競輪,7R,18:24,4-6,4,6,1.5,0.1091944144463183,-0.8362083783305225
5620260504020006,岸和田競輪,6R,12:59,2-5,2,5,1.8,0.0909456747826108,-0.8362977853913005
4720260504020001,松阪競輪,1R,15:55,3-7,3,7,1.8,0.08914814949293445,-0.839533330912718
4720260504020006,松阪競輪,6R,17:59,3-6,3,6,1.6,0.09920184385905834,-0.8412770498255067
3520260501050001,平塚競輪,1R,10:45,2-7,2,7,3.6,0.04402927941796474,-0.8414945940953269
4320260505010002,岐阜競輪,2R,08:50,1-4,1,4,1.2,0.1315244219946109,-0.8421706936064669
5620260504020010,岸和田競輪,10R,14:51,1-5,1,5,2.4,0.06411476800140486,-0.8461245567966283
1220260504020007,青森競輪,7R,10:40,1-5,1,5,2.3,0.0655589712794706,-0.8492143660572177
2120260504020005,弥彦競輪,5R,22:00,4-6,4,6,19.8,0.007483490420138387,-0.85182688968126
7420260504020001,高知競輪,1R,20:50,1-3,1,3,2.0,0.06978053577275327,-0.8604389284544934
5620260504020005,岸和田競輪,5R,12:34,1-7,1,7,1.5,0.09243443829602677,-0.8613483425559598
4320260505010005,岐阜競輪,5R,09:50,2-4,2,4,1.2,0.1151101881139773,-0.8618677742632272
4720260504020009,松阪競輪,9R,19:14,2-7,2,7,1.6,0.08182059843050285,-0.8690870425111954
2120260504020009,弥彦競輪,9R,23:20,1-2,1,2,1.2,0.10879085487179045,-0.8694509741538514
3520260501050008,平塚競輪,8R,14:32,5-7,5,7,3.6,0.035687732076331795,-0.8715241645252055
2120260504020002,弥彦競輪,2R,21:00,1-2,1,2,1.6,0.07996689735124873,-0.872052964238002
5620260504020003,岸和田競輪,3R,11:47,3-7,3,7,1.3,0.09719576304070658,-0.8736455080470814
4720260504020009,松阪競輪,9R,19:14,5-7,5,7,4.2,0.02973064651173304,-0.8751312846507212
1220260504020005,青森競輪,5R,10:00,2-6,2,6,1.4,0.08511972216163748,-0.8808323889737075
2720260503030008,京王閣競輪,8R,19:00,1-2,1,2,1.5,0.07616691027102704,-0.8857496345934595
4320260505010006,岐阜競輪,6R,10:10,1-4,1,4,1.0,0.11041808049185334,-0.8895819195081467
7420260504020002,高知競輪,2R,21:10,1-2,1,2,1.2,0.08951349407086501,-0.892583807114962
5620260504020007,岸和田競輪,7R,13:25,2-3,2,3,1.1,0.08370418134785496,-0.9079254005173596
5620260504020011,岸和田競輪,11R,15:29,2-7,2,7,1.8,0.049225634394847353,-0.9113938580892748
3520260501050007,平塚競輪,7R,13:55,7-8,7,8,6.3,0.013188113631487442,-0.9169148841216291
