race_id,競輪場,レース番号,開始時間,買い目,a,b,odds,p,EV
4720260226030006,松阪競輪,6R,22:54,1-7,1,7,9999.9,0.014570633229488001,144.70487523155705
8120260226030006,小倉競輪,6R,23:03,1-7,1,7,383.2,0.05974013049734102,21.892418006581078
5320260227020007,奈良競輪,7R,10:50,1-6,1,6,384.6,0.03025070504745349,10.634421161250613
7520260227020003,松山競輪,3R,16:36,2-6,2,6,225.7,0.04930498853330134,10.128135911966112
5320260227020007,奈良競輪,7R,10:50,4-6,4,6,312.5,0.0337481943815704,9.54631074424075
6220260228010005,広島競輪,5R,10:20,5-6,5,6,219.8,0.04614935009613916,9.143627151131387
4720260226030001,松阪競輪,1R,20:49,1-6,1,6,132.5,0.07530001202322242,8.977251593076971
5520260228010007,和歌山競輪,7R,13:41,1-3,1,3,195.3,0.05076941672208065,8.915267085822352
8120260226030003,小倉競輪,3R,21:45,6-7,6,7,231.7,0.04186843235023781,8.700915775550099
2620260226030002,西武園競輪,2R,21:05,6-7,6,7,180.7,0.05275253866899191,8.532383737486837
5320260227020007,奈良競輪,7R,10:50,5-6,5,6,555.6,0.01707212004842313,8.48526989890389
7520260227020003,松山競輪,3R,16:36,5-6,5,6,279.9,0.03318862451335158,8.289496001287107
7520260227020002,松山競輪,2R,16:14,5-6,5,6,336.0,0.027524280896942928,8.248158381372823
5520260228010006,和歌山競輪,6R,13:15,1-2,1,2,238.1,0.037154353607726405,7.846451593999657
5320260227020007,奈良競輪,7R,10:50,3-6,3,6,200.0,0.04371611143358167,7.743222286716335
7520260227020002,松山競輪,2R,16:14,4-6,4,6,112.0,0.0770653844655376,7.631323060140211
4420260228010010,大垣競輪,10R,15:18,2-6,2,6,251.2,0.03363301682909099,7.448613827467657
8120260226030003,小倉競輪,3R,21:45,1-4,1,4,115.8,0.07274565177617333,7.4239464756808715
5320260227020007,奈良競輪,7R,10:50,4-5,4,5,227.3,0.0370268215966493,7.416196548918386
7520260227020005,松山競輪,5R,17:24,3-5,3,5,166.2,0.0504651718174418,7.387311556058826
5320260227020007,奈良競輪,7R,10:50,2-3,2,3,166.7,0.04997086464989725,7.3301431371378705
5520260228010007,和歌山競輪,7R,13:41,1-4,1,4,178.1,0.04653765181106151,7.288355787550055
5520260228010007,和歌山競輪,7R,13:41,1-6,1,6,178.1,0.045442307560772784,7.093274976573632
2620260226030003,西武園競輪,3R,21:29,1-7,1,7,128.2,0.06298328738962235,7.0744574433495835
8120260226030006,小倉競輪,6R,23:03,6-7,6,7,383.2,0.020860099253999807,6.993590034132726
5320260227020007,奈良競輪,7R,10:50,1-5,1,5,238.1,0.03330693663275772,6.9303816122596125
5520260228010007,和歌山競輪,7R,13:41,2-6,2,6,275.2,0.028596709929931692,6.8698145727172015
4720260226030001,松阪競輪,1R,20:49,6-7,6,7,298.1,0.02592806221267259,6.729155345597699
6220260228010006,広島競輪,6R,10:40,6-7,6,7,345.8,0.02190486540140693,6.574702455806517
5520260228010010,和歌山競輪,10R,15:04,5-6,5,6,284.5,0.02660428312578614,6.568918549286157
5520260228010003,和歌山競輪,3R,11:57,1-6,1,6,129.5,0.05731587542339618,6.422405867329806
5320260227020005,奈良競輪,5R,10:10,6-7,6,7,151.2,0.0487918472203666,6.377327299719429
7520260227020005,松山競輪,5R,17:24,5-6,5,6,247.1,0.02944133319993318,6.274953433703489
5320260227020002,奈良競輪,2R,09:10,1-7,1,7,357.6,0.020313105726655525,6.263966607852017
4720260226030001,松阪競輪,1R,20:49,2-6,2,6,132.5,0.054731496448670314,6.251923279448817
5320260227020005,奈良競輪,5R,10:10,3-4,3,4,330.8,0.021876185028236034,6.23664200734048
5520260228010006,和歌山競輪,6R,13:15,5-7,5,7,321.5,0.0224935948919133,6.231690757750125
5520260228010007,和歌山競輪,7R,13:41,3-6,3,6,318.7,0.022340340116172242,6.1198663950240935
4720260226030001,松阪競輪,1R,20:49,4-7,4,7,198.7,0.035468342106769205,6.047559576615041
4420260228010011,大垣競輪,11R,15:48,5-6,5,6,347.4,0.020241210881589995,6.031796660264364
4420260228010003,大垣競輪,3R,12:10,3-4,3,4,252.7,0.027819740037820485,6.030048307557236
4420260228010011,大垣競輪,11R,15:48,1-6,1,6,204.3,0.03424794581007381,5.9968553289980795
5520260228010007,和歌山競輪,7R,13:41,4-7,4,7,201.8,0.034474409720059516,5.956935881508011
8120260226030003,小倉競輪,3R,21:45,2-6,2,6,115.8,0.05929968008658566,5.86690295402662
5520260228010007,和歌山競輪,7R,13:41,2-3,2,3,216.2,0.03170690138699756,5.855032079868873
7520260227020004,松山競輪,4R,17:00,5-6,5,6,206.5,0.03317672807394198,5.850994347269019
5320260227020007,奈良競輪,7R,10:50,1-2,1,2,192.3,0.03557195068236174,5.840486116218163
4420260228010006,大垣競輪,6R,13:28,3-4,3,4,468.9,0.014484496286601398,5.791780308787395
6220260228010005,広島競輪,5R,10:20,3-6,3,6,146.5,0.04594855910805945,5.731463909330709
5520260228010007,和歌山競輪,7R,13:41,6-7,6,7,195.3,0.03414939234301198,5.66937632459024
5520260228010007,和歌山競輪,7R,13:41,3-4,3,4,302.7,0.022008243368477967,5.661895267638281
8120260226030006,小倉競輪,6R,23:03,2-6,2,6,95.8,0.06924848454546034,5.6340048194551
4420260228010006,大垣競輪,6R,13:28,1-6,1,6,176.6,0.03751410060122616,5.62499016617654
5320260227020007,奈良競輪,7R,10:50,3-5,3,5,138.9,0.047695001849271335,5.624835756863789
8120260226030003,小倉競輪,3R,21:45,4-7,4,7,231.7,0.028585716395435314,5.623310488822362
6220260228010002,広島競輪,2R,09:20,5-6,5,6,145.5,0.0449927139919665,5.546439885831125
4420260228010006,大垣競輪,6R,13:28,6-7,6,7,340.0,0.019184195842644136,5.5226265864990065
7520260227020006,松山競輪,6R,17:48,6-7,6,7,107.7,0.060043308986916864,5.466664377890947
4420260228010011,大垣競輪,11R,15:48,6-7,6,7,151.0,0.042555217061973946,5.425837776358066
5520260228010006,和歌山競輪,6R,13:15,1-3,1,3,257.2,0.02490553936149978,5.405704723777743
4720260226030001,松阪競輪,1R,20:49,5-6,5,6,198.7,0.03220237366918033,5.398611648066131
5520260228010007,和歌山競輪,7R,13:41,4-6,4,6,318.7,0.020007357962032617,5.376344982499795
4420260228010003,大垣競輪,3R,12:10,3-8,3,8,386.5,0.016475286692621615,5.367698306698254
5520260228010006,和歌山競輪,6R,13:15,1-5,1,5,321.5,0.019385878574364385,5.23255996165815
8120260226030006,小倉競輪,6R,23:03,1-6,1,6,95.8,0.06481092283774417,5.208886407855892
5520260228010006,和歌山競輪,6R,13:15,1-4,1,4,153.1,0.03992554224824915,5.1126005182069445
7520260227020010,松山競輪,10R,19:30,5-6,5,6,169.3,0.03592960800543011,5.082882635319318
4420260228010011,大垣競輪,11R,15:48,3-6,3,6,434.3,0.014004923853097083,5.082338429400063
6220260228010006,広島競輪,6R,10:40,3-6,3,6,223.7,0.027098294085097056,5.061888386836211
5520260228010007,和歌山競輪,7R,13:41,2-4,2,4,208.8,0.028670193693304057,4.986336443161887
4720260226030001,松阪競輪,1R,20:49,1-7,1,7,99.3,0.059977735429771944,4.955789128176354
4720260226030003,松阪競輪,3R,21:37,1-7,1,7,94.5,0.06250802984759535,4.907008820597761
4420260228010003,大垣競輪,3R,12:10,3-6,3,6,279.6,0.021108373558450886,4.901901246942868
5520260228010011,和歌山競輪,11R,15:33,2-6,2,6,245.2,0.023727098231209092,4.817884486292469
5320260227020004,奈良競輪,4R,09:50,3-4,3,4,80.8,0.07126441370249598,4.758164627161674
5520260228010004,和歌山競輪,4R,12:23,5-6,5,6,207.0,0.02762144915732294,4.717639975565849
7520260227020005,松山競輪,5R,17:24,2-6,2,6,163.2,0.03499237557589607,4.710755693986239
7520260227020005,松山競輪,5R,17:24,3-4,3,4,217.7,0.026101372297791484,4.682268749229205
5320260227020002,奈良競輪,2R,09:10,2-7,2,7,65.4,0.0865225204772079,4.6585728392093975
4420260228010001,大垣競輪,1R,11:18,3-4,3,4,271.3,0.020845029013702804,4.655256371417571
5320260227020007,奈良競輪,7R,10:50,2-4,2,4,142.8,0.039255340518384106,4.605662626025251
7520260227020002,松山競輪,2R,16:14,1-6,1,6,119.2,0.04666649149814498,4.562645786578882
5520260228010006,和歌山競輪,6R,13:15,2-7,2,7,131.2,0.041905181112719916,4.497959761988852
8120260226030003,小倉競輪,3R,21:45,1-6,1,6,57.9,0.0946661109868531,4.481167826138794
5320260227020002,奈良競輪,2R,09:10,4-7,4,7,157.7,0.03461804104319103,4.459265072511225
4720260226030001,松阪競輪,1R,20:49,4-6,4,6,119.2,0.045751369421885374,4.453563235088737
6220260228010003,広島競輪,3R,09:40,6-7,6,7,93.5,0.058193653224425754,4.441106576483808
4420260228010004,大垣競輪,4R,12:36,3-8,3,8,135.6,0.04008923456943318,4.436100207615139
4420260228010009,大垣競輪,9R,14:50,2-6,2,6,149.5,0.03635069988415991,4.434429632681907
6220260228010006,広島競輪,6R,10:40,1-6,1,6,65.5,0.08290456239677674,4.430248836988876
2620260226030003,西武園競輪,3R,21:29,4-7,4,7,128.2,0.04224824158058593,4.416224570631116
5320260227020003,奈良競輪,3R,09:30,1-7,1,7,72.3,0.07450795693629113,4.386925286493848
6220260228010001,広島競輪,1R,09:00,1-6,1,6,92.3,0.05836024998702313,4.386651073802235
5520260228010003,和歌山競輪,3R,11:57,4-6,4,6,97.6,0.055076290503554226,4.375445953146892
6220260228010001,広島競輪,1R,09:00,4-7,4,7,238.5,0.022481406831705027,4.361815529361649
4420260228010003,大垣競輪,3R,12:10,4-8,4,8,597.4,0.008956522664655507,4.3506266398652
6220260228010004,広島競輪,4R,10:00,2-3,2,3,148.2,0.03607150355176894,4.3457968263721565
4720260226030001,松阪競輪,1R,20:49,3-4,3,4,149.0,0.0358774706546278,4.345743127539542
5520260228010004,和歌山競輪,4R,12:23,3-6,3,6,76.1,0.07019950395689256,4.342182251119524
5320260227020001,奈良競輪,1R,08:50,4-5,4,5,78.5,0.06797363169155646,4.335930087787182
5520260228010002,和歌山競輪,2R,11:31,3-6,3,6,128.1,0.04151326548048117,4.317849308049637
7520260227020005,松山競輪,5R,17:24,6-7,6,7,142.8,0.03709051511564934,4.296525558514727
5320260227020002,奈良競輪,2R,09:10,6-7,6,7,134.1,0.039279645251506436,4.267400428227012
7520260227020003,松山競輪,3R,16:36,4-6,4,6,194.4,0.026974092092424497,4.243763502767322
6220260228010002,広島競輪,2R,09:20,5-7,5,7,162.7,0.031992925216751775,4.205248932765514
4420260228010004,大垣競輪,4R,12:36,7-8,7,8,246.1,0.02102653659131981,4.1746306551238055
4420260228010006,大垣競輪,6R,13:28,7-8,7,8,340.0,0.015206810851624215,4.1703156895522335
8120260226030007,小倉競輪,7R,23:30,6-7,6,7,121.5,0.04218077144779691,4.124963730907324
4420260228010003,大垣競輪,3R,12:10,4-7,4,7,108.6,0.047102628488487994,4.1153454538497956
5520260228010004,和歌山競輪,4R,12:23,2-5,2,5,128.1,0.03971776852466038,4.087846148008994
7520260227020003,松山競輪,3R,16:36,1-6,1,6,101.4,0.050061732632953035,4.076259688981438
4420260228010005,大垣競輪,5R,13:02,3-8,3,8,177.6,0.028571595669830953,4.074315390961977
5520260228010006,和歌山競輪,6R,13:15,4-7,4,7,112.8,0.04494594391134349,4.069902473199545
6220260228010002,広島競輪,2R,09:20,1-6,1,6,134.9,0.03680375176640336,3.9648261132878133
7520260227020004,松山競輪,4R,17:00,2-6,2,6,94.4,0.05251170959987227,3.9571053862279424
2620260226030001,西武園競輪,1R,20:41,1-7,1,7,73.2,0.06764398911584078,3.951540003279545
6220260228010002,広島競輪,2R,09:20,4-6,4,6,110.6,0.044745990604551755,3.948906560863424
4420260228010005,大垣競輪,5R,13:02,3-6,3,6,225.8,0.02185850982850975,3.935651519277502
5520260228010002,和歌山競輪,2R,11:31,2-6,2,6,125.3,0.03932460263481388,3.927372710142179
8120260226030003,小倉競輪,3R,21:45,2-4,2,4,115.8,0.04254907056802153,3.927182371776893
5320260227020005,奈良競輪,5R,10:10,4-6,4,6,165.4,0.029717082674296014,3.9152054743285607
4420260228010009,大垣競輪,9R,14:50,4-5,4,5,122.4,0.03996752631147941,3.8920252205250794
5520260228010003,和歌山競輪,3R,11:57,1-2,1,2,99.2,0.04919402655390642,3.8800474341475173
8120260226030005,小倉競輪,5R,22:36,2-3,2,3,95.2,0.051120325617268224,3.866654998763935
7520260227020002,松山競輪,2R,16:14,6-7,6,7,217.4,0.022219977950151126,3.830623206362855
8120260226030007,小倉競輪,7R,23:30,1-6,1,6,91.1,0.052875892620971233,3.816993817770479
6220260228010006,広島競輪,6R,10:40,2-7,2,7,102.8,0.04685545795011596,3.816741077271921
5320260227020005,奈良競輪,5R,10:10,3-7,3,7,132.3,0.03622416575439838,3.7924571293069063
7520260227020006,松山競輪,6R,17:48,1-3,1,3,212.8,0.022419775969929803,3.7709283264010622
5320260227020006,奈良競輪,6R,10:30,3-6,3,6,78.1,0.06107192480537962,3.769717327300148
2620260226030001,西武園競輪,1R,20:41,5-7,5,7,136.0,0.03492085559017026,3.749236360263155
8120260226030001,小倉競輪,1R,20:57,1-6,1,6,67.6,0.07023632224207595,3.7479753835643335
5320260227020005,奈良競輪,5R,10:10,1-2,1,2,189.0,0.024977774726000934,3.720799423214176
7520260227020001,松山競輪,1R,15:54,1-3,1,3,89.1,0.0527602567979645,3.7009388806986365
5520260228010004,和歌山競輪,4R,12:23,6-7,6,7,139.2,0.03375204134393601,3.698284155075892
4420260228010006,大垣競輪,6R,13:28,3-8,3,8,503.7,0.009187495073313918,3.6277412684282204
7520260227020002,松山競輪,2R,16:14,4-5,4,5,56.0,0.08258874587346576,3.6249697689140827
6220260228010001,広島競輪,1R,09:00,6-7,6,7,173.5,0.02661500746567138,3.617703795293984
4420260228010009,大垣競輪,9R,14:50,5-6,5,6,100.3,0.04597090763840827,3.610882036132349
4420260228010002,大垣競輪,2R,11:44,5-9,5,9,147.7,0.031206926090726672,3.6092629836003294
4420260228010009,大垣競輪,9R,14:50,3-8,3,8,353.4,0.013030958126193377,3.605140601796739
4420260228010011,大垣競輪,11R,15:48,4-5,4,5,237.9,0.01934700047213364,3.6026514123205935
7520260227020005,松山競輪,5R,17:24,2-3,2,3,91.4,0.050104621503258465,3.579562405397824
5520260228010006,和歌山競輪,6R,13:15,3-5,3,5,153.1,0.02977524662718606,3.5585902586221856
6220260228010005,広島競輪,5R,10:20,6-7,6,7,172.7,0.02639358113416801,3.558171461870815
7520260227020006,松山競輪,6R,17:48,5-6,5,6,114.8,0.03966315546043787,3.553330246858267
6220260228010004,広島競輪,4R,10:00,6-7,6,7,250.9,0.01811605718024523,3.5453187465235283
5520260228010010,和歌山競輪,10R,15:04,3-6,3,6,50.5,0.08984670186141316,3.537258444001365
5320260227020007,奈良競輪,7R,10:50,2-6,2,6,238.1,0.019009780489114246,3.526228734458102
5520260228010006,和歌山競輪,6R,13:15,1-6,1,6,89.3,0.050581432342927383,3.5169219082234155
5520260228010007,和歌山競輪,7R,13:41,3-7,3,7,118.7,0.03795679064322617,3.5054710493509464
4420260228010003,大垣競輪,3R,12:10,1-6,1,6,156.4,0.028797553320231352,3.5039373392841835
5520260228010006,和歌山競輪,6R,13:15,3-7,3,7,156.8,0.028555439792686654,3.4774929594932678
4420260228010007,大垣競輪,7R,13:54,6-7,6,7,144.9,0.03082045887867109,3.465884491519441
5320260227020005,奈良競輪,5R,10:10,3-6,3,6,441.1,0.010086503482752807,3.4491566862422633
8120260226030006,小倉競輪,6R,23:03,1-3,1,3,54.7,0.08128103086276395,3.446072388193188
5320260227020002,奈良競輪,2R,09:10,5-7,5,7,97.5,0.04559203437376265,3.445223351441858
4420260228010003,大垣競輪,3R,12:10,1-4,1,4,119.4,0.037177987652714725,3.4390517257341386
4420260228010010,大垣競輪,10R,15:18,1-6,1,6,71.0,0.06230318088395002,3.4235258427604514
7520260227020008,松山競輪,8R,18:36,4-6,4,6,107.3,0.041175879548282904,3.4181718755307555
5320260227020003,奈良競輪,3R,09:30,5-6,5,6,334.7,0.013109239333046023,3.387662404770504
4420260228010007,大垣競輪,7R,13:54,4-7,4,7,123.0,0.03516683798815156,3.3255210725426423
2620260226030003,西武園競輪,3R,21:29,2-6,2,6,128.2,0.03373586445528101,3.3249378231670255
4420260228010005,大垣競輪,5R,13:02,6-9,6,9,324.9,0.013306048569409222,3.3231351802010556
4420260228010004,大垣競輪,4R,12:36,4-8,4,8,391.0,0.011048926603573515,3.320130301997244
4420260228010010,大垣競輪,10R,15:18,6-7,6,7,176.2,0.024474020246841578,3.3123223674934854
4720260226030001,松阪競輪,1R,20:49,3-6,3,6,170.3,0.025214740180170617,3.2940702526830563
5520260228010006,和歌山競輪,6R,13:15,1-7,1,7,229.6,0.018676678494704207,3.2881653823840855
7520260227020005,松山競輪,5R,17:24,4-5,4,5,261.2,0.016335097206270868,3.266727390277951
4420260228010007,大垣競輪,7R,13:54,6-9,6,9,255.8,0.016674973282412103,3.265458165641016
4720260226030001,松阪競輪,1R,20:49,2-7,2,7,99.3,0.042925845426277184,3.262536450829324
6220260228010002,広島競輪,2R,09:20,1-7,1,7,162.7,0.02616261501339224,3.256657462678917
4420260228010007,大垣競輪,7R,13:54,7-8,7,8,116.4,0.03652215620578581,3.251178982353469
4420260228010010,大垣競輪,10R,15:18,6-9,6,9,208.7,0.02034826826231885,3.2466835863459433
6220260228010004,広島競輪,4R,10:00,3-6,3,6,217.5,0.019450875526060757,3.230565426918215
6220260228010002,広島競輪,2R,09:20,4-7,4,7,125.7,0.03343726490627896,3.2030641987192654
5320260227020006,奈良競輪,6R,10:30,3-4,3,4,106.5,0.0394575237219226,3.2022262763847564
5520260228010005,和歌山競輪,5R,12:49,3-4,3,4,77.3,0.05416224598998627,3.1867416150259382
5520260228010010,和歌山競輪,10R,15:04,1-5,1,5,232.7,0.0179713471009334,3.181932470387202
5320260227020005,奈良競輪,5R,10:10,5-6,5,6,59.4,0.070218321703203,3.1709683091702576
4420260228010002,大垣競輪,2R,11:44,8-9,8,9,241.9,0.017149064328929698,3.1483586611680945
5520260228010010,和歌山競輪,10R,15:04,4-6,4,6,103.8,0.03995822471232412,3.1476637251392434
7520260227020010,松山競輪,10R,19:30,2-5,2,5,79.3,0.05228091665280671,3.1458766905675715
4720260226030004,松阪競輪,4R,22:01,5-7,5,7,139.5,0.029603077653971195,3.1296293327289817
5320260227020005,奈良競輪,5R,10:10,2-6,2,6,147.0,0.028048128198518693,3.1230748451822476
8120260226030006,小倉競輪,6R,23:03,2-7,2,7,63.8,0.06461101547247614,3.122182787143977
5520260228010004,和歌山競輪,4R,12:23,1-6,1,6,89.7,0.04590377095348325,3.1175682545274475
6220260228010003,広島競輪,3R,09:40,1-7,1,7,62.3,0.0657647547695666,3.0971442221439993
4420260228010009,大垣競輪,9R,14:50,1-6,1,6,170.9,0.02393122966875852,3.089847150390831
4420260228010006,大垣競輪,6R,13:28,2-6,2,6,277.5,0.014736953000306712,3.0895044575851127
5520260228010011,和歌山競輪,11R,15:33,5-6,5,6,252.0,0.016194279805741764,3.0809585110469246
8120260226030006,小倉競輪,6R,23:03,2-5,2,5,76.6,0.05287738122653462,3.050407401952551
4420260228010001,大垣競輪,1R,11:18,8-9,8,9,125.4,0.032188636474481766,3.0364550139000137
8120260226030006,小倉競輪,6R,23:03,3-7,3,7,127.7,0.03153214875557342,3.026655396086726
6220260228010002,広島競輪,2R,09:20,6-7,6,7,307.3,0.013099743873166245,3.0255512922239873
7520260227020005,松山競輪,5R,17:24,4-6,4,6,304.8,0.013114535378484385,2.9973103833620405
4420260228010006,大垣競輪,6R,13:28,6-8,6,8,800.0,0.004978799941756332,2.9830399534050653
4420260228010006,大垣競輪,6R,13:28,4-6,4,6,544.0,0.007316445552694581,2.9801463806658517
5320260227020004,奈良競輪,4R,09:50,1-3,1,3,67.5,0.05890873231936869,2.9763394315573866
2620260226030007,西武園競輪,7R,23:12,1-7,1,7,113.0,0.03513909149094376,2.970717338476645
5320260227020003,奈良競輪,3R,09:30,3-4,3,4,130.6,0.0303765257553498,2.9671742636486838
4420260228010006,大垣競輪,6R,13:28,4-8,4,8,647.6,0.006114872856097539,2.959991661608766
4420260228010011,大垣競輪,11R,15:48,3-4,3,4,294.4,0.013434787321750914,2.955201387523469
5320260227020005,奈良競輪,5R,10:10,2-4,2,4,81.4,0.04846076623576412,2.9447063715911996
4420260228010004,大垣競輪,4R,12:36,5-8,5,8,207.7,0.018987650784340136,2.943735067907446
6220260228010005,広島競輪,5R,10:20,3-4,3,4,98.6,0.03974218082452437,2.9185790292981024
4420260228010007,大垣競輪,7R,13:54,4-8,4,8,434.9,0.008982988907183043,2.9067018757339054
4420260228010010,大垣競輪,10R,15:18,4-6,4,6,387.6,0.010069829056929077,2.9030657424657105
5520260228010003,和歌山競輪,3R,11:57,3-6,3,6,81.6,0.04761928450993057,2.885733616010334
4420260228010010,大垣競輪,10R,15:18,3-4,3,4,196.6,0.01975116968891556,2.883079960840799
5320260227020003,奈良競輪,3R,09:30,3-6,3,6,334.7,0.011592356750733843,2.879961804470617
4420260228010010,大垣競輪,10R,15:18,5-6,5,6,452.2,0.008569746555778898,2.8752393925232176
6220260228010006,広島競輪,6R,10:40,3-4,3,4,200.2,0.01919790516299412,2.8434206136314226
5320260227020002,奈良競輪,2R,09:10,1-3,1,3,191.5,0.02004023042997159,2.8377041273395593
4420260228010003,大垣競輪,3R,12:10,6-8,6,8,691.7,0.00554219603238789,2.833536995602704
5520260228010007,和歌山競輪,7R,13:41,1-2,1,2,64.4,0.05946130410677211,2.829307984476124
7520260227020005,松山競輪,5R,17:24,3-7,3,7,68.7,0.05565362553702377,2.823404074393533
5520260228010002,和歌山競輪,2R,11:31,6-7,6,7,67.0,0.057009940425043426,2.8196660084779097
2620260226030002,西武園競輪,2R,21:05,1-6,1,6,30.1,0.1267424267096623,2.814947043960835
7520260227020004,松山競輪,4R,17:00,4-5,4,5,100.9,0.037524232630986754,2.7861950724665636
4420260228010002,大垣競輪,2R,11:44,5-6,5,6,467.7,0.008083489895024939,2.780648223903164
5320260227020003,奈良競輪,3R,09:30,1-2,1,2,87.8,0.042926974360842834,2.768988348882001
5320260227020003,奈良競輪,3R,09:30,1-3,1,3,99.1,0.037962283915427435,2.7620623360188588
6220260228010004,広島競輪,4R,10:00,2-6,2,6,155.3,0.024073669203303318,2.7386408272730054
4420260228010002,大垣競輪,2R,11:44,5-7,5,7,98.8,0.0378209662845467,2.736711468913214
4420260228010011,大垣競輪,11R,15:48,4-6,4,6,560.4,0.006633105273439308,2.717192195235388
4420260228010007,大垣競輪,7R,13:54,1-6,1,6,144.9,0.02563899116529371,2.7150898198510585
4420260228010003,大垣競輪,3R,12:10,6-7,6,7,98.0,0.03780154991202426,2.7045518913783773
6220260228010002,広島競輪,2R,09:20,3-6,3,6,82.5,0.044838110309893486,2.6991441005662127
4720260226030001,松阪競輪,1R,20:49,5-7,5,7,149.0,0.02482425304048471,2.6988137030322217
5520260228010001,和歌山競輪,1R,11:05,2-6,2,6,82.0,0.04509609033337342,2.6978794073366203
4420260228010001,大垣競輪,1R,11:18,2-8,2,8,152.8,0.024094523236391052,2.681643150520553
6220260228010006,広島競輪,6R,10:40,5-6,5,6,111.8,0.032871072136933334,2.6749858649091465
6220260228010006,広島競輪,6R,10:40,4-7,4,7,253.6,0.014352965067682109,2.6399119411641827
7520260227020010,松山競輪,10R,19:30,3-6,3,6,195.9,0.018548914983015367,2.6337324451727104
7520260227020009,松山競輪,9R,19:02,4-6,4,6,58.0,0.06253963859010196,2.627299038225914
5320260227020004,奈良競輪,4R,09:50,4-5,4,5,53.2,0.06799492219196457,2.6173298606125153
5320260227020004,奈良競輪,4R,09:50,1-4,1,4,75.4,0.0479743821203332,2.6172684118731233
6220260228010007,広島競輪,7R,11:00,1-2,1,2,59.0,0.06117327975068179,2.6092235052902257
5520260228010010,和歌山競輪,10R,15:04,2-6,2,6,71.1,0.05062721934089956,2.5995952951379584
4420260228010006,大垣競輪,6R,13:28,1-8,1,8,123.6,0.02909431893945129,2.596057820916179
6220260228010004,広島競輪,4R,10:00,2-7,2,7,98.8,0.036366059028353576,2.592966632001333
4420260228010004,大垣競輪,4R,12:36,1-8,1,8,138.4,0.025960066791104408,2.5928732438888504
6220260228010004,広島競輪,4R,10:00,3-5,3,5,50.1,0.07166059246858962,2.59019568267634
4420260228010001,大垣競輪,1R,11:18,4-7,4,7,282.9,0.012642700523649776,2.5766199781405215
4420260228010009,大垣競輪,9R,14:50,1-4,1,4,178.7,0.01977937118739844,2.5345736311881013
7520260227020006,松山競輪,6R,17:48,3-5,3,5,70.9,0.04968270664649298,2.522503901236352
4420260228010004,大垣競輪,4R,12:36,2-8,2,8,276.9,0.01261851111229484,2.494065726994441
4720260226030001,松阪競輪,1R,20:49,1-4,1,4,41.1,0.0850050766415826,2.493708649969045
7520260227020001,松山競輪,1R,15:54,1-5,1,5,75.2,0.04643374500093914,2.491817624070624
7520260227020002,松山競輪,2R,16:14,3-6,3,6,154.0,0.022665134493948642,2.490430712068091
6220260228010006,広島競輪,6R,10:40,2-3,2,3,73.1,0.04771114095568318,2.48768440386044
7520260227020005,松山競輪,5R,17:24,5-7,5,7,74.9,0.046536725858165665,2.4856007667766087
4420260228010008,大垣競輪,8R,14:22,5-6,5,6,284.4,0.012215367879272578,2.474050624865121
4420260228010004,大垣競輪,4R,12:36,6-7,6,7,192.6,0.018010985630108306,2.4689158323588596
5320260227020004,奈良競輪,4R,09:50,1-6,1,6,102.8,0.0336962017159879,2.4639695364035563
6220260228010006,広島競輪,6R,10:40,4-6,4,6,223.7,0.015444909333452075,2.455026217893229
6220260228010006,広島競輪,6R,10:40,1-7,1,7,42.7,0.0807274165748126,2.4470606877444983
5520260228010011,和歌山競輪,11R,15:33,4-6,4,6,78.2,0.04406871002706079,2.4461731241161537
2620260226030002,西武園競輪,2R,21:05,2-6,2,6,45.1,0.07628424319096577,2.4404193679125563
4420260228010001,大垣競輪,1R,11:18,5-8,5,8,302.2,0.01136754547861889,2.4352722436386287
5520260228010009,和歌山競輪,9R,14:36,6-7,6,7,96.5,0.03553974852378698,2.4295857325454437
5520260228010010,和歌山競輪,10R,15:04,6-7,6,7,73.8,0.04643597311430993,2.4269748158360724
4420260228010006,大垣競輪,6R,13:28,5-6,5,6,121.4,0.028069441656702023,2.407630217123626
2620260226030005,西武園競輪,5R,22:18,2-3,2,3,36.0,0.09452326901133742,2.4028376844081474
7520260227020004,松山競輪,4R,17:00,6-7,6,7,96.5,0.03523779361444432,2.4004470837938765
4420260228010003,大垣競輪,3R,12:10,4-9,4,9,252.7,0.013345377370345553,2.372376861486321
2620260226030001,西武園競輪,1R,20:41,3-7,3,7,52.9,0.06363627088324028,2.366358729723411
5520260228010001,和歌山競輪,1R,11:05,1-6,1,6,89.0,0.03779939191091301,2.3641458800712583
7520260227020007,松山競輪,7R,18:12,3-6,3,6,153.7,0.02175123351908807,2.343164591883836
4420260228010009,大垣競輪,9R,14:50,2-8,2,8,148.1,0.022523650046005983,2.335752571813486
4420260228010009,大垣競輪,9R,14:50,4-8,4,8,706.9,0.00471416633961721,2.3324441854754054
4420260228010011,大垣競輪,11R,15:48,6-9,6,9,289.5,0.011473492658508383,2.321576124638177
6220260228010003,広島競輪,3R,09:40,5-7,5,7,38.5,0.08609239074091925,2.314557043525391
4420260228010010,大垣競輪,10R,15:18,6-8,6,8,282.6,0.011692693296534048,2.304355125600522
5520260228010009,和歌山競輪,9R,14:36,4-6,4,6,138.8,0.023778483816466026,2.3004535537254847
7520260227020010,松山競輪,10R,19:30,2-6,2,6,178.4,0.018462323790645108,2.2936785642510875
7520260227020002,松山競輪,2R,16:14,3-5,3,5,115.5,0.02850645227150489,2.2924952373588146
8120260226030006,小倉競輪,6R,23:03,2-3,2,3,38.3,0.08556313828357057,2.2770681962607524
7520260227020007,松山競輪,7R,18:12,4-6,4,6,92.5,0.035418450739873555,2.276206693438304
4420260228010002,大垣競輪,2R,11:44,3-6,3,6,184.6,0.017737124765760587,2.274273231759404
4420260228010008,大垣競輪,8R,14:22,4-6,4,6,199.0,0.016448406202868814,2.273232834370894
5320260227020001,奈良競輪,1R,08:50,4-6,4,6,178.5,0.018333154505058645,2.272468079152968
5320260227020001,奈良競輪,1R,08:50,1-4,1,4,130.9,0.02498524886070897,2.2705690758668045
4420260228010007,大垣競輪,7R,13:54,1-4,1,4,114.4,0.028552534877294686,2.2664099899625123
4420260228010009,大垣競輪,9R,14:50,4-9,4,9,277.7,0.011759739407015512,2.265679633328207
5520260228010002,和歌山競輪,2R,11:31,2-3,2,3,63.3,0.051534773608037904,2.2621511693887992
7520260227020002,松山競輪,2R,16:14,1-5,1,5,62.6,0.05210568475071571,2.2618158653948037
5320260227020004,奈良競輪,4R,09:50,4-7,4,7,70.7,0.0460664441208679,2.2568975993453604
4420260228010007,大垣競輪,7R,13:54,8-9,8,9,157.2,0.020687078908268472,2.2520088043798037
4420260228010005,大垣競輪,5R,13:02,8-9,8,9,190.3,0.017083175255500137,2.2509282511216764
5520260228010001,和歌山競輪,1R,11:05,2-3,2,3,76.0,0.04263989012883358,2.2406316497913523
4420260228010008,大垣競輪,8R,14:22,3-5,3,5,100.2,0.032160964715943485,2.2225286645375375
4420260228010006,大垣競輪,6R,13:28,3-7,3,7,113.3,0.028395527275456904,2.2172132403092673
5520260228010008,和歌山競輪,8R,14:08,2-3,2,3,62.4,0.05153052015048618,2.2155044573903377
6220260228010003,広島競輪,3R,09:40,5-6,5,6,83.1,0.038680097692918164,2.214316118281499
5520260228010003,和歌山競輪,3R,11:57,6-7,6,7,170.2,0.018875716354586704,2.2126469235506567
4420260228010001,大垣競輪,1R,11:18,3-6,3,6,255.7,0.012543952074512015,2.207488545452722
5520260228010005,和歌山競輪,5R,12:49,1-3,1,3,75.3,0.04258747096507413,2.2068365636700817
4420260228010003,大垣競輪,3R,12:10,7-8,7,8,106.8,0.02996259245664206,2.200004874369372
4420260228010012,大垣競輪,12R,16:20,5-6,5,6,110.0,0.028980519455835407,2.1878571401418947
5520260228010004,和歌山競輪,4R,12:23,4-6,4,6,149.5,0.02124831712977022,2.176623410900648
7520260227020006,松山競輪,6R,17:48,3-7,3,7,43.4,0.07315529445782606,2.1749397794696512
6220260228010002,広島競輪,2R,09:20,4-5,4,5,36.3,0.08727950857778934,2.1682461613737525
4420260228010010,大垣競輪,10R,15:18,4-8,4,8,339.1,0.009321945058609709,2.1610715693745526
4420260228010006,大垣競輪,6R,13:28,4-9,4,9,272.0,0.01158455930886788,2.1510001320120633
4420260228010010,大垣競輪,10R,15:18,3-6,3,6,114.9,0.027382690011802987,2.1462710823561633
7520260227020010,松山競輪,10R,19:30,4-5,4,5,50.2,0.06267055113334491,2.1460616668939148
7520260227020003,松山競輪,3R,16:36,6-7,6,7,137.2,0.022879766875102153,2.139104015264015
4420260228010010,大垣競輪,10R,15:18,7-8,7,8,152.4,0.02055906906973382,2.133202126227434
4420260228010007,大垣競輪,7R,13:54,5-8,5,8,271.8,0.011513320220985362,2.129320436063822
5320260227020001,奈良競輪,1R,08:50,4-7,4,7,63.8,0.048934100859049236,2.121995634807341
4420260228010006,大垣競輪,6R,13:28,4-7,4,7,129.5,0.02403277346734992,2.1122441640218144
8120260226030006,小倉競輪,6R,23:03,1-5,1,5,63.8,0.04867918127646842,2.105731765438685
5520260228010003,和歌山競輪,3R,11:57,2-4,2,4,64.0,0.04846362996386838,2.1016723176875765
5320260227020001,奈良競輪,1R,08:50,6-7,6,7,91.3,0.03387155680747299,2.0924731365222837
5320260227020003,奈良競輪,3R,09:30,6-7,6,7,148.7,0.02074409715920764,2.0846472475741757
4420260228010004,大垣競輪,4R,12:36,3-6,3,6,86.8,0.03552814330001669,2.0838428384414485
5320260227020004,奈良競輪,4R,09:50,3-6,3,6,56.5,0.05456813907459101,2.0830998577143918
4720260226030001,松阪競輪,1R,20:49,3-7,3,7,170.3,0.018100448859483094,2.082506440769971
5520260228010003,和歌山競輪,3R,11:57,2-7,2,7,152.7,0.020167945046953385,2.0796452086697816
7520260227020007,松山競輪,7R,18:12,4-5,4,5,30.1,0.10225518595439988,2.0778810972274364
7520260227020008,松山競輪,8R,18:36,1-3,1,3,65.7,0.046838637466477644,2.0772984815475812
6220260228010005,広島競輪,5R,10:20,1-6,1,6,79.2,0.03863138941386987,2.059606041578494
5320260227020001,奈良競輪,1R,08:50,1-5,1,5,51.0,0.05993440851204914,2.0566548341145063
4420260228010002,大垣競輪,2R,11:44,3-8,3,8,87.1,0.03493205812816955,2.0425822629635677
6220260228010007,広島競輪,7R,11:00,4-5,4,5,58.4,0.05209200660017108,2.042173185449991
4420260228010011,大垣競輪,11R,15:48,4-9,4,9,275.7,0.011030427388837374,2.041088831102464
5520260228010010,和歌山競輪,10R,15:04,4-5,4,5,147.7,0.020589148696386714,2.041017262456317
7520260227020009,松山競輪,9R,19:02,3-6,3,6,129.7,0.023355789445484994,2.0292458910794036
4420260228010005,大垣競輪,5R,13:02,4-8,4,8,296.1,0.010230120251068646,2.029138606341426
4420260228010004,大垣競輪,4R,12:36,4-7,4,7,139.9,0.021617411170740206,2.024275822786555
7520260227020001,松山競輪,1R,15:54,1-6,1,6,61.7,0.04891711043007052,2.018185713535351
5320260227020001,奈良競輪,1R,08:50,5-6,5,6,62.8,0.047956359375696034,2.011659368793711
4420260228010011,大垣競輪,11R,15:48,2-6,2,6,130.6,0.02300955472498216,2.00504784708267
7520260227020002,松山競輪,2R,16:14,2-5,2,5,102.6,0.029258341265804177,2.0019058138715082
6220260228010004,広島競輪,4R,10:00,5-6,5,6,55.2,0.05430929112372147,1.9978728700294255
4420260228010009,大垣競輪,9R,14:50,6-8,6,8,471.2,0.00635963121928043,1.9966582305249383
7520260227020004,松山競輪,4R,17:00,3-4,3,4,111.0,0.026951919059180533,1.9916630155690394
7520260227020007,松山競輪,7R,18:12,1-3,1,3,60.3,0.04960846333202509,1.991390338921113
5520260228010011,和歌山競輪,11R,15:33,6-7,6,7,127.8,0.023371717653335983,1.9869055160963387
4420260228010007,大垣競輪,7R,13:54,1-8,1,8,95.2,0.031299615226848564,1.9797233695959835
5320260227020002,奈良競輪,2R,09:10,3-6,3,6,75.5,0.03943188002108381,1.9771069415918276
5520260228010011,和歌山競輪,11R,15:33,4-5,4,5,48.0,0.0619968446791848,1.9758485446008702
4420260228010011,大垣競輪,11R,15:48,2-8,2,8,259.2,0.011462093356432532,1.9709745979873121
4420260228010003,大垣競輪,3R,12:10,4-5,4,5,193.2,0.015366098151660363,1.968730162900782
7520260227020007,松山競輪,7R,18:12,1-4,1,4,33.3,0.08902014074864632,1.9643706869299224
4420260228010001,大垣競輪,1R,11:18,6-9,6,9,134.3,0.022047719814364795,1.9610087710691921
5320260227020007,奈良競輪,7R,10:50,6-7,6,7,61.7,0.04790011164159907,1.9554368882866626
7520260227020006,松山競輪,6R,17:48,2-6,2,6,81.5,0.03623272365830506,1.9529669781518622
4420260228010010,大垣競輪,10R,15:18,2-8,2,8,125.6,0.023491499364332303,1.950532320160137
4420260228010004,大垣競輪,4R,12:36,5-6,5,6,182.1,0.016200320107091125,1.9500782915012937
5320260227020007,奈良競輪,7R,10:50,2-5,2,5,138.9,0.021198803951004368,1.9445138687945067
7520260227020006,松山競輪,6R,17:48,4-6,4,6,83.9,0.034988826274462696,1.9355625244274206
6220260228010001,広島競輪,1R,09:00,5-6,5,6,58.4,0.05020326237198648,1.9318705225240103
5520260228010002,和歌山競輪,2R,11:31,5-6,5,6,101.1,0.028963092619171224,1.9281686637982105
5520260228010011,和歌山競輪,11R,15:33,3-6,3,6,201.6,0.014489073252021385,1.9209971676075108
5520260228010008,和歌山競輪,8R,14:08,2-6,2,6,50.6,0.05761551672193746,1.9153451461300355
7520260227020004,松山競輪,4R,17:00,1-6,1,6,48.5,0.060102249064297904,1.9149590796184484
7520260227020006,松山競輪,6R,17:48,1-2,1,2,109.0,0.026723612154689172,1.9128737248611198
8120260226030004,小倉競輪,4R,22:09,4-7,4,7,100.5,0.028925694463211082,1.9070322935527138
5320260227020006,奈良競輪,6R,10:30,2-3,2,3,42.3,0.06866722544244781,1.9046236362155424
5520260228010009,和歌山競輪,9R,14:36,4-7,4,7,65.9,0.043991895312378904,1.8990659010857698
7520260227020002,松山競輪,2R,16:14,5-7,5,7,108.7,0.026557940299543083,1.8868481105603334
4420260228010001,大垣競輪,1R,11:18,4-8,4,8,474.9,0.006063356017664411,1.8794877727888286
5520260228010011,和歌山競輪,11R,15:33,2-4,2,4,39.2,0.07345508220044215,1.8794392222573326
7520260227020004,松山競輪,4R,17:00,3-6,3,6,118.4,0.024276605848649706,1.8743501324801253
4420260228010008,大垣競輪,8R,14:22,3-4,3,4,66.0,0.043478837884356546,1.8696033003675319
8120260226030006,小倉競輪,6R,23:03,4-7,4,7,191.6,0.014969683916149336,1.8681914383342129
4420260228010005,大垣競輪,5R,13:02,5-6,5,6,302.8,0.009472053115800336,1.868137683464342
4420260228010002,大垣競輪,2R,11:44,6-9,6,9,326.3,0.008780209945354167,1.8649825051690647
7520260227020006,松山競輪,6R,17:48,2-3,2,3,61.0,0.046924691283442704,1.862406168290005
5520260228010003,和歌山競輪,3R,11:57,2-3,2,3,70.9,0.0403680423169384,1.8620942002709326
4420260228010012,大垣競輪,12R,16:20,4-8,4,8,132.3,0.021628502335731208,1.8614508590172392
5320260227020001,奈良競輪,1R,08:50,3-6,3,6,95.7,0.029792425089131568,1.851135081029891
5520260228010012,和歌山競輪,12R,16:04,2-6,2,6,40.8,0.06978482983356551,1.847221057209473
5520260228010005,和歌山競輪,5R,12:49,4-6,4,6,56.5,0.050274924644833394,1.8405332424330867
6220260228010004,広島競輪,4R,10:00,5-7,5,7,37.5,0.07561393723409905,1.8355226462787146
8120260226030005,小倉競輪,5R,22:36,1-7,1,7,47.6,0.05952673717901091,1.8334726897209195
5520260228010009,和歌山競輪,9R,14:36,5-6,5,6,65.9,0.04298211793483862,1.8325215719058656
6220260228010003,広島競輪,3R,09:40,1-6,1,6,113.3,0.024986822625592618,1.8310070034796437
8120260226030001,小倉競輪,1R,20:57,2-5,2,5,33.8,0.0837124138857343,1.829479589337819
7520260227020008,松山競輪,8R,18:36,3-6,3,6,43.0,0.0654517918088532,1.8144270477806876
7520260227020010,松山競輪,10R,19:30,1-5,1,5,36.0,0.07797473342676091,1.8070904033633926
7520260227020010,松山競輪,10R,19:30,4-6,4,6,92.5,0.03032427413953627,1.8049953579071047
4420260228010008,大垣競輪,8R,14:22,2-6,2,6,146.6,0.019127295411018083,1.804061507255251
2620260226030007,西武園競輪,7R,23:12,2-7,2,7,48.4,0.057865594025914374,1.8006947508542557
6220260228010005,広島競輪,5R,10:20,4-5,4,5,70.0,0.039948971197467736,1.7964279838227415
5520260228010004,和歌山競輪,4R,12:23,2-6,2,6,75.4,0.03687362951397672,1.7802716653538448
8120260226030006,小倉競輪,6R,23:03,1-4,1,4,47.9,0.05778447095594481,1.7678761587897562
8120260226030003,小倉競輪,3R,21:45,5-6,5,6,77.2,0.03581751786714963,1.7651123793439516
4420260228010011,大垣競輪,11R,15:48,6-8,6,8,560.4,0.004904089503408913,1.7482517577103547
4420260228010004,大垣競輪,4R,12:36,1-6,1,6,124.2,0.02210434641518444,1.7453598247659072
8120260226030004,小倉競輪,4R,22:09,5-7,5,7,50.2,0.05465334563514128,1.7435979508840922
2620260226030002,西武園競輪,2R,21:05,5-6,5,6,30.1,0.09113984399300482,1.7433093041894452
5520260228010005,和歌山競輪,5R,12:49,1-4,1,4,38.1,0.07179806741332927,1.7355063684478451
7520260227020006,松山競輪,6R,17:48,1-6,1,6,171.1,0.015979229796161634,1.7340462181232557
2620260226030006,西武園競輪,6R,22:45,4-5,4,5,92.2,0.029572008860621942,1.7265392169493432
4420260228010008,大垣競輪,8R,14:22,1-6,1,6,92.2,0.029512572547574327,1.7210591888863531
4420260228010010,大垣競輪,10R,15:18,3-5,3,5,169.5,0.016051353525758528,1.7207044226160706
6220260228010005,広島競輪,5R,10:20,2-5,2,5,56.8,0.047867098120557415,1.718851173247661
4420260228010009,大垣競輪,9R,14:50,4-6,4,6,345.6,0.007851994494487705,1.713649297294951
4720260226030007,松阪競輪,7R,23:21,1-7,1,7,48.5,0.055929331932098765,1.7125725987067901
7520260227020002,松山競輪,2R,16:14,2-6,2,6,108.7,0.024951710296527575,1.7122509092325475
5520260228010008,和歌山競輪,8R,14:08,2-5,2,5,66.6,0.04065426093373525,1.7075737781867675
7520260227020011,松山競輪,11R,20:00,3-4,3,4,91.9,0.02939226990814934,1.7011496045589243
5320260227020002,奈良競輪,2R,09:10,1-6,1,6,134.1,0.020126829113007012,1.6990077840542401
4420260228010001,大垣競輪,1R,11:18,6-7,6,7,340.9,0.007891948851077767,1.6903653633324103
4420260228010002,大垣競輪,2R,11:44,6-7,6,7,250.5,0.010733606671788899,1.6887684712831192
4420260228010003,大垣競輪,3R,12:10,6-9,6,9,273.8,0.009778175522153177,1.6772644579655398
2620260226030005,西武園競輪,5R,22:18,4-5,4,5,72.0,0.037162262690253314,1.6756829136982385
4420260228010005,大垣競輪,5R,13:02,1-8,1,8,201.8,0.013219517789390645,1.6676986898990322
5520260228010005,和歌山競輪,5R,12:49,1-5,1,5,93.3,0.028575982904352294,1.6661392049760688
4420260228010003,大垣競輪,3R,12:10,2-8,2,8,170.6,0.015619745152855968,1.664728523077228
5520260228010005,和歌山競輪,5R,12:49,3-5,3,5,153.3,0.0173793987130388,1.664261822708848
4420260228010007,大垣競輪,7R,13:54,4-6,4,6,420.8,0.0063230633277700805,1.66074504832565
5520260228010004,和歌山競輪,4R,12:23,4-5,4,5,110.6,0.024047472916259298,1.6596505045382783
5520260228010008,和歌山競輪,8R,14:08,5-6,5,6,181.7,0.014629829310081475,1.6582399856418037
5520260228010012,和歌山競輪,12R,16:04,6-7,6,7,132.6,0.019984132822412858,1.6498960122519448
7520260227020009,松山競輪,9R,19:02,6-7,6,7,50.9,0.05183067132376085,1.6381811703794273
8120260226030007,小倉競輪,7R,23:30,5-6,5,6,91.1,0.02865857512413609,1.6107961938087976
4420260228010002,大垣競輪,2R,11:44,7-9,7,9,61.2,0.04264306230743836,1.609755413215228
2620260226030002,西武園競輪,2R,21:05,1-7,1,7,60.2,0.0432576054158139,1.6041078460319969
7520260227020008,松山競輪,8R,18:36,1-2,1,2,124.3,0.02094534227839965,1.6035060452050764
5520260228010003,和歌山競輪,3R,11:57,5-6,5,6,50.0,0.052013898546537554,1.6006949273268778
7520260227020005,松山競輪,5R,17:24,1-6,1,6,37.7,0.06880656494440424,1.5940074984040398
5520260228010010,和歌山競輪,10R,15:04,1-2,1,2,64.5,0.04017661675804144,1.591391780893673
4420260228010011,大垣競輪,11R,15:48,4-8,4,8,542.9,0.004772135984458838,1.590792625962703
4420260228010008,大垣競輪,8R,14:22,2-5,2,5,178.6,0.014496512167689766,1.589077073149392
6220260228010001,広島競輪,1R,09:00,2-4,2,4,80.6,0.032059064912754315,1.5839606319679977
5320260227020006,奈良競輪,6R,10:30,2-6,2,6,41.3,0.06223417315828057,1.5702713514369875
5520260228010007,和歌山競輪,7R,13:41,4-5,4,5,45.1,0.05688830330910839,1.5656624792407885
6220260228010007,広島競輪,7R,11:00,2-5,2,5,48.0,0.053429279707211265,1.5646054259461408
5520260228010008,和歌山競輪,8R,14:08,1-2,1,2,43.6,0.058754255874883324,1.561685556144913
8120260226030007,小倉競輪,7R,23:30,5-7,5,7,45.5,0.056030389023694505,1.5493827005781
4420260228010003,大垣競輪,3R,12:10,8-9,8,9,337.0,0.007554716296063508,1.5459393917734023
7520260227020008,松山競輪,8R,18:36,1-4,1,4,87.1,0.029120632942577558,1.5364071292985053
5520260228010005,和歌山競輪,5R,12:49,3-6,3,6,103.4,0.024512683936513745,1.5346115190355216
5320260227020005,奈良競輪,5R,10:10,3-5,3,5,48.5,0.05219134365737359,1.531280167382619
2620260226030006,西武園競輪,6R,22:45,2-6,2,6,46.1,0.05473344177230634,1.5232116657033221
7520260227020011,松山競輪,11R,20:00,4-7,4,7,90.7,0.0277767051552279,1.5193471575791704
4420260228010008,大垣競輪,8R,14:22,2-3,2,3,49.0,0.05136905893015703,1.5170838875776944
4420260228010002,大垣競輪,2R,11:44,7-8,7,8,119.9,0.02097874378682648,1.515351380040495
7520260227020010,松山競輪,10R,19:30,2-3,2,3,79.9,0.03137226533947245,1.5066440006238486
5520260228010006,和歌山競輪,6R,13:15,6-7,6,7,44.3,0.05650256395750694,1.5030635833175574
8120260226030001,小倉競輪,1R,20:57,4-5,4,5,61.5,0.04063511852879808,1.4990597895210818
4420260228010009,大垣競輪,9R,14:50,6-7,6,7,370.3,0.0067317783939228396,1.4927775392696274
8120260226030007,小倉競輪,7R,23:30,2-3,2,3,52.0,0.047828140506769354,1.4870633063520065
7520260227020008,松山競輪,8R,18:36,2-4,2,4,50.9,0.04884108871888497,1.486011415791245
4720260226030001,松阪競輪,1R,20:49,4-5,4,5,62.7,0.039437829639560704,1.4727519184004563
4420260228010002,大垣競輪,2R,11:44,2-5,2,5,119.9,0.020620830663472874,1.4724375965503977
4420260228010012,大垣競輪,12R,16:20,5-8,5,8,59.9,0.04126880779982875,1.4720015872097418
5520260228010012,和歌山競輪,12R,16:04,4-6,4,6,63.0,0.03922556438796913,1.4712105564420548
4420260228010010,大垣競輪,10R,15:18,3-7,3,7,64.9,0.037939360488747464,1.4622644957197108
5520260228010009,和歌山競輪,9R,14:36,2-6,2,6,121.7,0.02021477466276301,1.460138076458258
5520260228010001,和歌山競輪,1R,11:05,2-7,2,7,44.5,0.055132518773578,1.4533970854242209
4420260228010010,大垣競輪,10R,15:18,5-8,5,8,315.5,0.007775418086043088,1.4531444061465941
5320260227020006,奈良競輪,6R,10:30,4-6,4,6,67.6,0.036269797292206404,1.4518382969531527
5320260227020003,奈良競輪,3R,09:30,2-3,2,3,35.9,0.06820926910648051,1.4487127609226502
4720260226030003,松阪競輪,3R,21:37,4-7,4,7,94.5,0.02586414394603319,1.4441616029001363
7520260227020006,松山競輪,6R,17:48,3-4,3,4,54.8,0.04455192904703062,1.4414457117772779
7520260227020009,松山競輪,9R,19:02,3-5,3,5,62.0,0.03932934029008093,1.4384190979850175
7520260227020001,松山競輪,1R,15:54,3-7,3,7,75.2,0.032376763870170355,1.4347326430368108
4420260228010004,大垣競輪,4R,12:36,2-6,2,6,241.7,0.010067463610105251,1.4333059545624391
4420260228010008,大垣競輪,8R,14:22,1-2,1,2,50.4,0.04810103022474823,1.4242919233273108
4420260228010006,大垣競輪,6R,13:28,1-3,1,3,50.0,0.048083259119871505,1.4041629559935753
4420260228010010,大垣競輪,10R,15:18,4-9,4,9,163.4,0.014705390942502066,1.4028608800048379
4420260228010009,大垣競輪,9R,14:50,6-9,6,9,172.8,0.013838723932746223,1.3913314955785476
5520260228010001,和歌山競輪,1R,11:05,1-3,1,3,68.5,0.03489876984284514,1.390565734234892
4420260228010011,大垣競輪,11R,15:48,1-4,1,4,73.3,0.03258259434680143,1.3883041656205446
8120260226030003,小倉競輪,3R,21:45,3-6,3,6,77.2,0.030779614645094634,1.376186250601306
5520260228010003,和歌山競輪,3R,11:57,4-7,4,7,71.7,0.032846007262381904,1.3550587207127824
5320260227020002,奈良競輪,2R,09:10,3-4,3,4,67.0,0.03500220903981051,1.345148005667304
5320260227020006,奈良競輪,6R,10:30,2-4,2,4,56.6,0.0414320942770207,1.3450565360793716
4420260228010007,大垣競輪,7R,13:54,4-5,4,5,318.2,0.007366400154930218,1.3439885292987954
4420260228010001,大垣競輪,1R,11:18,1-6,1,6,225.3,0.01040227990382773,1.3436336623323877
4420260228010012,大垣競輪,12R,16:20,6-8,6,8,179.0,0.013058508455778634,1.3374730135843755
7520260227020007,松山競輪,7R,18:12,5-6,5,6,211.8,0.011031752486560194,1.3365251766534492
5320260227020002,奈良競輪,2R,09:10,1-2,1,2,42.5,0.054894070729970164,1.332998006023732
4420260228010005,大垣競輪,5R,13:02,4-9,4,9,63.4,0.03677035996704828,1.331240821910861
7520260227020008,松山競輪,8R,18:36,6-7,6,7,52.0,0.04481679888145163,1.330473541835485
4420260228010007,大垣競輪,7R,13:54,3-8,3,8,163.0,0.014293119913579472,1.3297785459134541
5320260227020004,奈良競輪,4R,09:50,1-5,1,5,42.7,0.05444120169206182,1.32463931225104
5520260228010007,和歌山競輪,7R,13:41,2-7,2,7,50.4,0.046100363314274334,1.3234583110394262
5520260228010004,和歌山競輪,4R,12:23,2-3,2,3,30.9,0.07504865632967625,1.319003480586996
4420260228010012,大垣競輪,12R,16:20,6-9,6,9,120.7,0.01917090710965688,1.3139284881355855
8120260226030006,小倉競輪,6R,23:03,5-7,5,7,191.6,0.012046536654348631,1.3081164229731974
4420260228010004,大垣競輪,4R,12:36,4-6,4,6,271.3,0.008507465052429539,1.3080752687241342
5520260228010010,和歌山競輪,10R,15:04,1-3,1,3,30.6,0.07508428772229145,1.2975792043021186
8120260226030006,小倉競輪,6R,23:03,3-6,3,6,63.8,0.03600397082986162,1.297053338945171
4420260228010003,大垣競輪,3R,12:10,2-6,2,6,116.3,0.0197345751583523,1.2951310909163727
6220260228010006,広島競輪,6R,10:40,2-4,2,4,62.3,0.036798719666421606,1.2925602352180658
5520260228010001,和歌山競輪,1R,11:05,2-4,2,4,97.3,0.023472931173341836,1.2839162031661604
4420260228010008,大垣競輪,8R,14:22,1-5,1,5,75.3,0.030255778162207977,1.2782600956142605
2620260226030001,西武園競輪,1R,20:41,6-7,6,7,119.0,0.01914361363451209,1.2780900225069387
4720260226030004,松阪競輪,4R,22:01,1-7,1,7,46.5,0.04898233224201624,1.277678449253755
7520260227020004,松山競輪,4R,17:00,3-5,3,5,80.7,0.028216447445445728,1.2770673088474704
5320260227020004,奈良競輪,4R,09:50,6-7,6,7,70.7,0.032130664217833865,1.2716379602008545
4420260228010006,大垣競輪,6R,13:28,4-5,4,5,63.8,0.0355816512059696,1.2701093469408606
6220260228010001,広島競輪,1R,09:00,1-7,1,7,30.1,0.07523063922434095,1.2644422406526625
5520260228010007,和歌山競輪,7R,13:41,5-6,5,6,40.9,0.05517573151466529,1.2566874189498103
5520260228010007,和歌山競輪,7R,13:41,1-7,1,7,33.0,0.06837732918577573,1.2564518631305992
4420260228010006,大垣競輪,6R,13:28,8-9,8,9,309.1,0.007299196618722573,1.2561816748471477
4420260228010011,大垣競輪,11R,15:48,2-3,2,3,88.1,0.025590848876363134,1.254553786007592
5520260228010001,和歌山競輪,1R,11:05,1-5,1,5,83.6,0.02696791122425396,1.2545173783476309
4420260228010001,大垣競輪,1R,11:18,1-8,1,8,151.1,0.01489017322262942,1.2499051739393052
5520260228010010,和歌山競輪,10R,15:04,1-4,1,4,74.5,0.030116730334985083,1.2436964099563887
4420260228010006,大垣競輪,6R,13:28,6-9,6,9,242.8,0.009234486445743767,1.2421333090265865
7520260227020012,松山競輪,12R,20:30,4-5,4,5,85.2,0.026166587050079647,1.2293932166667858
4420260228010005,大垣競輪,5R,13:02,2-6,2,6,198.8,0.01119380278983078,1.2253279946183593
5320260227020003,奈良競輪,3R,09:30,1-6,1,6,334.7,0.006640897206184066,1.2227082949098067
4420260228010012,大垣競輪,12R,16:20,7-8,7,8,96.8,0.02295054553115178,1.2216128074154926
4420260228010004,大垣競輪,4R,12:36,3-4,3,4,48.6,0.04567807178964652,1.2199542889768211
4420260228010009,大垣競輪,9R,14:50,2-3,2,3,39.4,0.05625778869400361,1.216556874543742
4420260228010012,大垣競輪,12R,16:20,4-6,4,6,170.8,0.012949640753235497,1.2117986406526229
6220260228010005,広島競輪,5R,10:20,4-6,4,6,201.5,0.010925599031806657,1.2015082049090413
7520260227020004,松山競輪,4R,17:00,2-4,2,4,38.2,0.057554474157505774,1.1985809128167206
4420260228010011,大垣競輪,11R,15:48,1-8,1,8,127.7,0.017165469783549377,1.1920304913592554
8120260226030005,小倉競輪,5R,22:36,1-6,1,6,31.7,0.0690120721731064,1.1876826878874729
7520260227020004,松山競輪,4R,17:00,2-5,2,5,36.5,0.059922894467892646,1.1871856480780814
4720260226030001,松阪競輪,1R,20:49,2-4,2,4,34.0,0.0642847563401303,1.1856817155644301
5520260228010008,和歌山競輪,8R,14:08,3-5,3,5,119.3,0.018305670732521512,1.1838665183898165
5520260228010008,和歌山競輪,8R,14:08,1-5,1,5,112.6,0.019367557604749078,1.1807869862947462
8120260226030006,小倉競輪,6R,23:03,2-4,2,4,34.8,0.06260789334722697,1.1787546884834983
5520260228010011,和歌山競輪,11R,15:33,1-6,1,6,47.2,0.04615579047353555,1.1785533103508783
8120260226030003,小倉競輪,3R,21:45,3-4,3,4,115.8,0.018804059850869668,1.1775101307307074
7520260227020001,松山競輪,1R,15:54,2-5,2,5,38.8,0.0559279725829284,1.170005336217622
6220260228010001,広島競輪,1R,09:00,4-6,4,6,159.0,0.013627782166351942,1.1668173644499586
5520260228010004,和歌山競輪,4R,12:23,2-4,2,4,75.4,0.028730903770642052,1.166310144306411
5320260227020001,奈良競輪,1R,08:50,1-3,1,3,56.5,0.03833506053755161,1.165930920371666
2620260226030004,西武園競輪,4R,21:53,2-6,2,6,42.2,0.05124456909925169,1.1625208159884215
7520260227020002,松山競輪,2R,16:14,4-7,4,7,30.5,0.07083436495206828,1.1604481310380828
6220260228010003,広島競輪,3R,09:40,1-4,1,4,110.0,0.019639387047151638,1.16033257518668
4420260228010009,大垣競輪,9R,14:50,2-4,2,4,69.4,0.03106391018120439,1.1558353665755847
5520260228010009,和歌山競輪,9R,14:36,5-7,5,7,32.4,0.06639263837554792,1.1511214833677523
4420260228010008,大垣競輪,8R,14:22,3-6,3,6,67.9,0.03167242601736903,1.1505577265793576
6220260228010004,広島競輪,4R,10:00,1-7,1,7,45.9,0.046772915458160085,1.146876819529548
2620260226030007,西武園競輪,7R,23:12,2-6,2,6,56.5,0.03797721377061855,1.145712578039948
4420260228010001,大垣競輪,1R,11:18,7-8,7,8,195.5,0.010967783671624584,1.144201707802606
4720260226030006,松阪競輪,6R,22:54,1-6,1,6,48.0,0.04459284507939437,1.1404565638109299
4420260228010005,大垣競輪,5R,13:02,6-7,6,7,512.4,0.004173123191702951,1.1383083234285922
4420260228010011,大垣競輪,11R,15:48,2-4,2,4,97.6,0.021875254852486807,1.1350248736027124
8120260226030001,小倉競輪,1R,20:57,5-6,5,6,61.5,0.03470148913057206,1.1341415815301819
7520260227020011,松山競輪,11R,20:00,5-6,5,6,35.0,0.06096647262327256,1.1338265418145395
4420260228010011,大垣競輪,11R,15:48,3-9,3,9,141.2,0.015073267654438036,1.1283453928066507
5520260228010004,和歌山競輪,4R,12:23,2-7,2,7,49.2,0.0431121613257682,1.1211183372277955
7520260227020008,松山競輪,8R,18:36,1-6,1,6,167.1,0.012678648602342017,1.118602181451351
6220260228010001,広島競輪,1R,09:00,5-7,5,7,32.1,0.06589630081276766,1.1152712560898421
4420260228010008,大垣競輪,8R,14:22,5-9,5,9,167.9,0.0125818832850315,1.1124982035567892
4420260228010007,大垣競輪,7R,13:54,3-6,3,6,189.0,0.011174295443594731,1.111941838839404
5520260228010001,和歌山競輪,1R,11:05,5-6,5,6,35.4,0.05954650213120845,1.1079461754447788
4420260228010001,大垣競輪,1R,11:18,3-8,3,8,117.6,0.0178925946012053,1.104169125101743
4420260228010011,大垣競輪,11R,15:48,5-9,5,9,101.0,0.0207506694568505,1.0958176151419008
5520260228010009,和歌山競輪,9R,14:36,3-7,3,7,25.7,0.08141572426541366,1.0923841136211307
7520260227020008,松山競輪,8R,18:36,2-3,2,3,27.9,0.07491870917093839,1.0902319858691811
2620260226030007,西武園競輪,7R,23:12,4-7,4,7,56.5,0.03684911464432864,1.0819749774045682
4420260228010009,大垣競輪,9R,14:50,1-3,1,3,52.0,0.040007772242645345,1.0804041566175577
8120260226030006,小倉競輪,6R,23:03,5-6,5,6,127.7,0.016252984795073422,1.0755061583308758
5520260228010009,和歌山競輪,9R,14:36,1-7,1,7,47.3,0.04387321839584077,1.0752032301232681
4420260228010012,大垣競輪,12R,16:20,8-9,8,9,70.7,0.02930038820647465,1.071537446197758
7520260227020001,松山競輪,1R,15:54,2-3,2,3,32.5,0.06368176999784741,1.069657524930041
5520260228010009,和歌山競輪,9R,14:36,3-6,3,6,38.0,0.05424986106195627,1.0614947203543381
4420260228010005,大垣競輪,5R,13:02,4-6,4,6,251.4,0.008170374908109285,1.0540322518986742
4420260228010010,大垣競輪,10R,15:18,5-7,5,7,129.2,0.015894393374751684,1.0535556240179176
4420260228010004,大垣競輪,4R,12:36,4-5,4,5,106.3,0.019280200192296034,1.0494852804410684
6220260228010007,広島競輪,7R,11:00,1-4,1,4,34.7,0.059027160517918106,1.0482424699717585
6220260228010001,広島競輪,1R,09:00,2-6,2,6,56.6,0.036156703689312855,1.0464694288151075
4420260228010003,大垣競輪,3R,12:10,5-8,5,8,262.8,0.007770978424002949,1.0422131298279749
2620260226030001,西武園競輪,1R,20:41,4-7,4,7,45.3,0.0450386615486862,1.0402513681554848
5320260227020002,奈良競輪,2R,09:10,3-5,3,5,43.9,0.04615313131295236,1.0261224646386085
4420260228010012,大垣競輪,12R,16:20,4-7,4,7,92.7,0.021808860962974633,1.0216814112677484
4420260228010007,大垣競輪,7R,13:54,5-6,5,6,255.8,0.007899552752709054,1.0207055941429761
7520260227020010,松山競輪,10R,19:30,6-7,6,7,67.9,0.02974376062725239,1.0196013465904374
4720260226030004,松阪競輪,4R,22:01,2-7,2,7,46.5,0.043409426483833974,1.0185383314982799
4420260228010005,大垣競輪,5R,13:02,1-9,1,9,46.7,0.043121083919112874,1.0137546190225715
5520260228010010,和歌山競輪,10R,15:04,2-5,2,5,68.5,0.02938619057188574,1.0129540541741733
4420260228010007,大垣競輪,7R,13:54,6-8,6,8,241.6,0.008328842076258109,1.012248245623959
6220260228010005,広島競輪,5R,10:20,2-6,2,6,166.7,0.012023588033891731,1.0043321252497517
4420260228010009,大垣競輪,9R,14:50,3-7,3,7,144.0,0.013906977997881407,1.0026048316949225
4720260226030007,松阪競輪,7R,23:21,1-4,1,4,35.3,0.05661238805840349,0.9984172984616431
6220260228010005,広島競輪,5R,10:20,5-7,5,7,26.0,0.07686018245452,0.99836474381752
5520260228010005,和歌山競輪,5R,12:49,5-6,5,6,130.1,0.015336605018391406,0.9952923128927218
5320260227020005,奈良競輪,5R,10:10,1-6,1,6,170.7,0.011664894651103559,0.9911975169433773
2620260226030001,西武園競輪,1R,20:41,3-5,3,5,36.6,0.05437136555469908,0.9899919793019865
5520260228010003,和歌山競輪,3R,11:57,1-7,1,7,56.7,0.03509427489122609,0.9898453863325192
8120260226030004,小倉競輪,4R,22:09,1-7,1,7,33.5,0.05929309351426831,0.9863186327279883
2620260226030002,西武園競輪,2R,21:05,3-6,3,6,22.5,0.08811558388598208,0.9826006374345968
6220260228010005,広島競輪,5R,10:20,1-2,1,2,49.3,0.040205769738942666,0.9821444481298733
4420260228010008,大垣競輪,8R,14:22,1-4,1,4,48.5,0.04086466030303442,0.9819360246971693
7520260227020011,松山競輪,11R,20:00,5-7,5,7,28.3,0.07002649893998347,0.9817499200015323
4420260228010001,大垣競輪,1R,11:18,2-4,2,4,70.3,0.02815384526689324,0.9792153222625948
4720260226030004,松阪競輪,4R,22:01,4-7,4,7,69.7,0.02838551614689721,0.9784704754387357
2620260226030001,西武園競輪,1R,20:41,4-5,4,5,50.1,0.03942784885443075,0.9753352276069807
4420260228010002,大垣競輪,2R,11:44,2-9,2,9,87.6,0.02253006305407379,0.9736335235368638
6220260228010003,広島競輪,3R,09:40,4-5,4,5,63.4,0.03109056178132797,0.9711416169361933
4420260228010006,大垣競輪,6R,13:28,3-6,3,6,170.0,0.011571598038233419,0.9671716664996812
4420260228010005,大垣競輪,5R,13:02,4-7,4,7,154.9,0.012694891860654221,0.966438749215339
4420260228010011,大垣競輪,11R,15:48,7-8,7,8,93.4,0.021040626048787234,0.9651944729567279
4420260228010004,大垣競輪,4R,12:36,1-7,1,7,42.2,0.04637746047099877,0.9571288318761482
4420260228010011,大垣競輪,11R,15:48,2-5,2,5,56.9,0.034392706784528305,0.9569450160396604
5520260228010002,和歌山競輪,2R,11:31,1-3,1,3,26.0,0.07518042466872946,0.9546910413869658
4420260228010003,大垣競輪,3R,12:10,3-9,3,9,93.2,0.020930306560998126,0.9507045714850253
4420260228010002,大垣競輪,2R,11:44,2-8,2,8,187.0,0.010417220293536273,0.948020194891283
4420260228010002,大垣競輪,2R,11:44,3-9,3,9,29.4,0.06619955834944981,0.9462670154738242
6220260228010001,広島競輪,1R,09:00,1-2,1,2,21.9,0.08881902639931297,0.945136678144954
7520260227020007,松山競輪,7R,18:12,1-5,1,5,91.6,0.021208183875324277,0.9426696429797037
4420260228010002,大垣競輪,2R,11:44,6-8,6,8,483.8,0.0040102829180927915,0.9401748757732926
4420260228010007,大垣競輪,7R,13:54,2-6,2,6,186.3,0.010391091252437836,0.935860300329169
2620260226030007,西武園競輪,7R,23:12,2-5,2,5,28.2,0.06864068534402058,0.9356673267013804
6220260228010006,広島競輪,6R,10:40,2-6,2,6,40.0,0.0483530382236233,0.9341215289449321
2620260226030004,西武園競輪,4R,21:53,1-6,1,6,42.2,0.04576609441317931,0.9313291842361671
8120260226030006,小倉競輪,6R,23:03,3-5,3,5,76.6,0.02520805501518657,0.9309370141632911
4420260228010006,大垣競輪,6R,13:28,7-9,7,9,87.7,0.022010470329736742,0.9303182479179124
5520260228010012,和歌山競輪,12R,16:04,1-4,1,4,32.1,0.06005003990269534,0.9276062808765206
5520260228010011,和歌山競輪,11R,15:33,2-3,2,3,61.7,0.031152609336568486,0.9221159960662757
4720260226030005,松阪競輪,5R,22:27,1-7,1,7,26.0,0.07350967440277316,0.9112515344721022
5520260228010003,和歌山競輪,3R,11:57,3-7,3,7,64.7,0.02952752994313238,0.9104311873206652
5520260228010011,和歌山競輪,11R,15:33,1-2,1,2,25.1,0.07599395157743799,0.9074481845936937
4420260228010009,大垣競輪,9R,14:50,5-7,5,7,62.2,0.030633441515104873,0.9054000622395231
7520260227020008,松山競輪,8R,18:36,2-5,2,5,49.7,0.038295847465442664,0.9033036190325006
2620260226030003,西武園競輪,3R,21:29,5-7,5,7,64.1,0.02968679391634483,0.9029234900377034
2620260226030003,西武園競輪,3R,21:29,3-7,3,7,42.7,0.04451060721552988,0.900602928103126
4420260228010007,大垣競輪,7R,13:54,5-9,5,9,80.0,0.02366317885427752,0.8930543083422016
7520260227020005,松山競輪,5R,17:24,2-4,2,4,85.4,0.022154502211640725,0.891994488874118
4420260228010001,大垣競輪,1R,11:18,3-5,3,5,60.7,0.03115877958188157,0.8913379206202112
4420260228010003,大垣競輪,3R,12:10,5-6,5,6,182.5,0.010333572162544609,0.8858769196643912
5520260228010002,和歌山競輪,2R,11:31,4-6,4,6,140.6,0.01339150822431157,0.8828460563382066
4420260228010009,大垣競輪,9R,14:50,5-8,5,8,65.9,0.028570655411975183,0.8828061916491647
4420260228010012,大垣競輪,12R,16:20,4-9,4,9,63.6,0.029603131161186,0.8827591418514296
5520260228010006,和歌山競輪,6R,13:15,2-5,2,5,42.8,0.04390558888977349,0.8791592044823053
7520260227020008,松山競輪,8R,18:36,5-6,5,6,64.5,0.029113418233453613,0.8778154760577581
5520260228010003,和歌山競輪,3R,11:57,1-4,1,4,24.3,0.07723741128667662,0.8768690942662418
4720260226030007,松阪競輪,7R,23:21,4-7,4,7,43.1,0.043492890899039405,0.8745435977485985
6220260228010004,広島競輪,4R,10:00,1-3,1,3,40.7,0.0459523425486964,0.8702603417319437
4420260228010001,大垣競輪,1R,11:18,6-8,6,8,458.5,0.004077107414750048,0.8693537496628969
4420260228010009,大垣競輪,9R,14:50,1-7,1,7,118.7,0.015737626084538634,0.8680562162347358
5320260227020005,奈良競輪,5R,10:10,1-3,1,3,220.5,0.008463169153679454,0.8661287983863197
8120260226030003,小倉競輪,3R,21:45,4-5,4,5,77.2,0.024155705816706865,0.8648204890497699
5520260228010001,和歌山競輪,1R,11:05,4-5,4,5,50.4,0.03696129747742238,0.8628493928620877
7520260227020012,松山競輪,12R,20:30,3-5,3,5,38.5,0.048383349591525654,0.8627589592737377
6220260228010004,広島競輪,4R,10:00,4-6,4,6,74.1,0.025024980861048984,0.8543510818037297
4420260228010009,大垣競輪,9R,14:50,8-9,8,9,216.0,0.008566395390635454,0.8503414043772579
5520260228010004,和歌山競輪,4R,12:23,5-7,5,7,49.5,0.03733715295515891,0.8481890712803659
7520260227020009,松山競輪,9R,19:02,3-7,3,7,30.4,0.06077023096157901,0.847415021232002
4420260228010002,大垣競輪,2R,11:44,3-5,3,5,32.7,0.0564493589917994,0.8458940390318406
8120260226030002,小倉競輪,2R,21:21,2-4,2,4,21.5,0.0853578614630757,0.8351940214561275
8120260226030001,小倉競輪,1R,20:57,2-6,2,6,48.3,0.03793813084594902,0.8324117198593375
4420260228010005,大垣競輪,5R,13:02,1-7,1,7,110.1,0.016627949809254486,0.8307372739989187
5520260228010009,和歌山競輪,9R,14:36,1-6,1,6,76.1,0.024054214758564483,0.830525743126757
4420260228010012,大垣競輪,12R,16:20,4-5,4,5,38.4,0.0476237592577726,0.8287523554984677
4420260228010010,大垣競輪,10R,15:18,4-5,4,5,260.9,0.007000546282855277,0.8264425251969416
4420260228010012,大垣競輪,12R,16:20,5-7,5,7,35.8,0.050821951182651585,0.8194258523389266
4420260228010005,大垣競輪,5R,13:02,1-3,1,3,27.5,0.06604013889400057,0.8161038195850157
5520260228010004,和歌山競輪,4R,12:23,1-2,1,2,32.9,0.05516547688473987,0.8149441895079417
5520260228010006,和歌山競輪,6R,13:15,4-5,4,5,38.5,0.0471176199489124,0.8140283680331273
4420260228010005,大垣競輪,5R,13:02,3-4,3,4,30.9,0.05860758757603314,0.8109744560994239
4420260228010005,大垣競輪,5R,13:02,7-8,7,8,360.1,0.0050288748340675885,0.8108978277477388
6220260228010003,広島競輪,3R,09:40,4-6,4,6,143.9,0.012558780062009193,0.807208450923123
2620260226030002,西武園競輪,2R,21:05,3-5,3,5,36.1,0.04989562538930736,0.801232076553996
7520260227020009,松山競輪,9R,19:02,4-5,4,5,22.9,0.07855603671855473,0.798933240854903
5320260227020002,奈良競輪,2R,09:10,5-6,5,6,38.5,0.04672030800750751,0.7987318582890393
5520260228010005,和歌山競輪,5R,12:49,4-7,4,7,30.8,0.05835708369129198,0.7973981776917929
7520260227020010,松山競輪,10R,19:30,2-4,2,4,38.8,0.04632081801874649,0.7972477391273638
4420260228010012,大垣競輪,12R,16:20,1-6,1,6,113.4,0.01584497787145519,0.7968204906230185
7520260227020003,松山競輪,3R,16:36,5-7,5,7,50.7,0.03541333420600267,0.7954560442443355
4420260228010001,大垣競輪,1R,11:18,2-3,2,3,32.0,0.05610397890963306,0.795327325108258
2620260226030007,西武園競輪,7R,23:12,5-7,5,7,84.7,0.0211526310500867,0.7916278499423435
5520260228010012,和歌山競輪,12R,16:04,1-7,1,7,49.8,0.03592742471509768,0.7891857508118645
4720260226030004,松阪競輪,4R,22:01,5-6,5,6,46.5,0.038253205475838534,0.7787740546264919
2620260226030007,西武園競輪,7R,23:12,3-5,3,5,37.6,0.04716723555060997,0.773488056702935
6220260228010003,広島競輪,3R,09:40,4-7,4,7,37.4,0.04739262570236175,0.7724842012683295
2620260226030003,西武園競輪,3R,21:29,4-5,4,5,42.7,0.041429948458300336,0.7690587991694244
8120260226030004,小倉競輪,4R,22:09,2-6,2,6,33.5,0.052733302176996746,0.7665656229293909
5320260227020003,奈良競輪,3R,09:30,2-5,2,5,22.3,0.07920365066562768,0.7662414098434973
4720260226030005,松阪競輪,5R,22:27,2-3,2,3,26.0,0.0678650406610232,0.764491057186603
6220260228010004,広島競輪,4R,10:00,2-5,2,5,22.3,0.07910072995018781,0.7639462778891883
7520260227020001,松山競輪,1R,15:54,5-6,5,6,160.5,0.010980990099402888,0.7624489109541635
7520260227020003,松山競輪,3R,16:36,3-5,3,5,46.0,0.03828998313933388,0.7613392244093584
5520260228010011,和歌山競輪,11R,15:33,3-5,3,5,75.0,0.02340884810470068,0.7556636078525512
5320260227020004,奈良競輪,4R,09:50,5-6,5,6,35.3,0.04965178617377887,0.752708051934394
7520260227020001,松山競輪,1R,15:54,4-5,4,5,100.3,0.017467393215061886,0.7519795394707072
7520260227020012,松山競輪,12R,20:30,5-7,5,7,32.7,0.05355817587970102,0.7513523512662235
5520260228010003,和歌山競輪,3R,11:57,1-3,1,3,27.7,0.06306275855004026,0.7468384118361151
4420260228010004,大垣競輪,4R,12:36,8-9,8,9,135.6,0.012862112691058306,0.7441024809075063
6220260228010002,広島競輪,2R,09:20,2-7,2,7,117.7,0.014785982571871508,0.7403101487092765
2620260226030007,西武園競輪,7R,23:12,1-3,1,3,26.0,0.0667600085030173,0.73576022107845
6220260228010001,広島競輪,1R,09:00,1-4,1,4,32.7,0.05303859098452933,0.7343619251941091
4420260228010008,大垣競輪,8R,14:22,4-5,4,5,196.2,0.008834485972419814,0.7333261477887674
7520260227020009,松山競輪,9R,19:02,1-6,1,6,64.4,0.026891212769608534,0.7317941023627899
5320260227020001,奈良競輪,1R,08:50,1-6,1,6,135.4,0.012728612396533188,0.7234541184905938
7520260227020011,松山競輪,11R,20:00,3-7,3,7,62.0,0.027709341237809784,0.7179791567442066
5520260228010008,和歌山競輪,8R,14:08,1-7,1,7,21.4,0.08012692851165557,0.714716270149429
5320260227020005,奈良競輪,5R,10:10,2-3,2,3,82.7,0.02069831165185184,0.7117503736081472
4420260228010003,大垣競輪,3R,12:10,1-3,1,3,31.0,0.054602136069634266,0.6926662181586623
5320260227020006,奈良競輪,6R,10:30,3-5,3,5,21.5,0.07862900199660211,0.6905235429269454
7520260227020003,松山競輪,3R,16:36,1-5,1,5,23.9,0.07056577835874688,0.6865221027740502
4420260228010005,大垣競輪,5R,13:02,5-8,5,8,140.2,0.012023837372027463,0.6857419995582503
4420260228010007,大垣競輪,7R,13:54,2-7,2,7,31.8,0.05275700382770184,0.6776727217209186
2620260226030007,西武園競輪,7R,23:12,3-6,3,6,67.8,0.024718057151503325,0.6758842748719254
5520260228010005,和歌山競輪,5R,12:49,2-3,2,3,24.9,0.06714457542295978,0.6718999280316984
7520260227020003,松山競輪,3R,16:36,2-7,2,7,33.6,0.049692179629032676,0.6696572355354979
4420260228010012,大垣競輪,12R,16:20,7-9,7,9,50.5,0.03305418060813382,0.6692361207107578
8120260226030005,小倉競輪,5R,22:36,2-6,2,6,31.7,0.05243328028869282,0.6621349851515623
4420260228010008,大垣競輪,8R,14:22,4-8,4,8,148.2,0.011172495299629649,0.6557638034051139
4720260226030007,松阪競輪,7R,23:21,5-7,5,7,43.1,0.0383018421800604,0.6508093979606033
7520260227020004,松山競輪,4R,17:00,3-7,3,7,57.3,0.028795305671988153,0.6499710150049212
7520260227020012,松山競輪,12R,20:30,1-2,1,2,31.0,0.05322455462434041,0.6499611933545528
4420260228010003,大垣競輪,3R,12:10,2-4,2,4,66.7,0.02472342816741211,0.6490526587663878
5320260227020003,奈良競輪,3R,09:30,4-5,4,5,51.5,0.03200860611771826,0.6484432150624904
8120260226030007,小倉競輪,7R,23:30,1-3,1,3,28.0,0.058802833080890994,0.6464793262649478
7520260227020002,松山競輪,2R,16:14,3-7,3,7,72.4,0.02271403440932216,0.6444960912349245
4420260228010011,大垣競輪,11R,15:48,1-9,1,9,50.0,0.03286440672430099,0.6432203362150497
8120260226030007,小倉競輪,7R,23:30,2-5,2,5,28.0,0.05862352229307381,0.6414586242060667
4420260228010001,大垣競輪,1R,11:18,4-5,4,5,125.4,0.01308862592650814,0.6413136911841208
6220260228010006,広島競輪,6R,10:40,3-7,3,7,63.4,0.025854777434162445,0.6391928893258989
6220260228010007,広島競輪,7R,11:00,3-5,3,5,57.3,0.028515018197865685,0.6339105427377036
8120260226030004,小倉競輪,4R,22:09,1-6,1,6,33.5,0.04876432375097753,0.6336048456577472
4420260228010003,大垣競輪,3R,12:10,1-9,1,9,59.2,0.02758781034643961,0.633198372509225
2620260226030007,西武園競輪,7R,23:12,4-6,4,6,67.8,0.0240316766302151,0.6293476755285838
4420260228010001,大垣競輪,1R,11:18,1-3,1,3,46.0,0.035327962631715434,0.62508628105891
8120260226030001,小倉競輪,1R,20:57,1-5,1,5,12.7,0.12780804152897293,0.6231621274179562
4420260228010001,大垣競輪,1R,11:18,4-6,4,6,349.9,0.004637762003966425,0.6227529251878521
8120260226030001,小倉競輪,1R,20:57,3-5,3,5,24.1,0.06707993860164188,0.6166265202995693
6220260228010003,広島競輪,3R,09:40,1-2,1,2,47.9,0.03374651237626027,0.6164579428228669
5520260228010011,和歌山競輪,11R,15:33,2-7,2,7,37.5,0.04300853024903156,0.6128198843386836
5520260228010011,和歌山競輪,11R,15:33,5-7,5,7,46.5,0.034630551611542486,0.6103206499367255
7520260227020011,松山競輪,11R,20:00,4-6,4,6,76.0,0.021168447125517485,0.6088019815393289
4420260228010008,大垣競輪,8R,14:22,2-8,2,8,111.4,0.01440007296922905,0.6041681287721161
5520260228010012,和歌山競輪,12R,16:04,3-6,3,6,103.1,0.01555819559427242,0.6040499657694864
7520260227020001,松山競輪,1R,15:54,1-4,1,4,24.8,0.0646200759968257,0.6025778847212775
8120260226030003,小倉競輪,3R,21:45,5-7,5,7,57.9,0.02766969167115675,0.602075147759976
8120260226030003,小倉競輪,3R,21:45,1-5,1,5,23.1,0.06931851266724218,0.6012576426132943
4420260228010004,大垣競輪,4R,12:36,5-7,5,7,47.3,0.03385283702910781,0.6012391914767994
4420260228010004,大垣競輪,4R,12:36,3-7,3,7,23.2,0.06871248314842704,0.5941296090435073
4420260228010010,大垣競輪,10R,15:18,2-3,2,3,54.4,0.029288009568726035,0.5932677205386963
2620260226030007,西武園競輪,7R,23:12,1-4,1,4,24.2,0.06569450713782199,0.589807072735292
5320260227020003,奈良競輪,3R,09:30,1-4,1,4,121.7,0.013040211361097637,0.5869937226455826
6220260228010006,広島競輪,6R,10:40,5-7,5,7,50.7,0.03127605741840189,0.5856961111129761
6220260228010007,広島競輪,7R,11:00,1-7,1,7,41.2,0.03845492017518172,0.584342711217487
4420260228010011,大垣競輪,11R,15:48,1-3,1,3,41.1,0.038523426535860425,0.5833128306238635
5520260228010008,和歌山競輪,8R,14:08,6-7,6,7,19.6,0.08070506138080914,0.5818192030638594
7520260227020006,松山競輪,6R,17:48,2-7,2,7,18.4,0.08591052945749446,0.5807537420178979
5320260227020007,奈良競輪,7R,10:50,2-7,2,7,28.9,0.05454146917065543,0.5762484590319419
4420260228010004,大垣競輪,4R,12:36,1-2,1,2,53.8,0.029243333000396134,0.573291315421312
8120260226030004,小倉競輪,4R,22:09,6-7,6,7,33.5,0.04679428444879501,0.5676085290346327
4420260228010011,大垣競輪,11R,15:48,1-5,1,5,30.2,0.051865785915089696,0.5663467346357087
4420260228010005,大垣競輪,5R,13:02,1-5,1,5,48.9,0.031989386762204655,0.5642810126718076
8120260226030007,小倉競輪,7R,23:30,2-6,2,6,36.4,0.042958460671429236,0.5636879684400242
6220260228010005,広島競輪,5R,10:20,2-7,2,7,59.7,0.026191895213101488,0.5636561442221588
5320260227020006,奈良競輪,6R,10:30,4-5,4,5,32.2,0.048538307301535154,0.562933495109432
4420260228010010,大垣競輪,10R,15:18,1-8,1,8,35.2,0.04439025804031605,0.5625370830191252
4420260228010004,大垣競輪,4R,12:36,2-3,2,3,32.1,0.0486515121860336,0.5617135411716787
4420260228010010,大垣競輪,10R,15:18,8-9,8,9,105.9,0.014737720453045066,0.5607245959774725
6220260228010001,広島競輪,1R,09:00,2-5,2,5,19.7,0.07912412833966204,0.5587453282913422
6220260228010004,広島競輪,4R,10:00,4-7,4,7,41.2,0.037815060426787346,0.5579804895836387
7520260227020011,松山競輪,11R,20:00,1-7,1,7,27.8,0.055979553809295104,0.5562315958984039
5520260228010011,和歌山競輪,11R,15:33,1-5,1,5,24.1,0.06452687066149938,0.5550975829421352
8120260226030007,小倉競輪,7R,23:30,3-7,3,7,33.1,0.046924842552504245,0.5532122884878905
5520260228010002,和歌山競輪,2R,11:31,3-7,3,7,21.6,0.07166266690257864,0.5479136050956988
7520260227020010,松山競輪,10R,19:30,3-4,3,4,36.8,0.04203911170557961,0.5470393107653295
4720260226030001,松阪競輪,1R,20:49,1-3,1,3,24.8,0.06227927664874135,0.5445260608887854
4420260228010010,大垣競輪,10R,15:18,1-5,1,5,42.6,0.036218590825494425,0.5429119691660624
2620260226030007,西武園競輪,7R,23:12,1-5,1,5,33.9,0.045502684767314186,0.5425410136119508
4720260226030002,松阪競輪,2R,21:13,1-6,1,6,25.8,0.059749600093653384,0.5415396824162573
7520260227020010,松山競輪,10R,19:30,3-5,3,5,32.9,0.04683302542548862,0.5408065364985755
5520260228010012,和歌山競輪,12R,16:04,2-7,2,7,17.7,0.08683518880691064,0.5369828418823184
4420260228010005,大垣競輪,5R,13:02,7-9,7,9,71.2,0.021583117879761686,0.536717993039032
7520260227020011,松山競輪,11R,20:00,6-7,6,7,76.9,0.019971646848890204,0.5358196426796569
2620260226030005,西武園競輪,5R,22:18,2-4,2,4,14.4,0.10647248199596973,0.5332037407419641
7520260227020007,松山競輪,7R,18:12,1-6,1,6,176.5,0.008677624922049371,0.531600798741714
4720260226030005,松阪競輪,5R,22:27,3-5,3,5,39.0,0.03923585954637744,0.5301985223087202
4420260228010006,大垣競輪,6R,13:28,3-5,3,5,43.3,0.03533112009009208,0.5298374999009869
7520260227020005,松山競輪,5R,17:24,3-6,3,6,38.1,0.04014411904509718,0.5294909356182027
5320260227020007,奈良競輪,7R,10:50,3-4,3,4,21.2,0.07187003582171214,0.5236447594202973
5520260228010002,和歌山競輪,2R,11:31,1-2,1,2,21.7,0.07012220928395074,0.5216519414617311
4420260228010008,大垣競輪,8R,14:22,5-8,5,8,188.3,0.008073610149132172,0.5202607910815882
7520260227020003,松山競輪,3R,16:36,4-5,4,5,32.5,0.0467339854609323,0.5188545274802996
4720260226030006,松阪競輪,6R,22:54,1-2,1,2,13.7,0.11042100503551222,0.5127677689865173
7520260227020001,松山競輪,1R,15:54,4-6,4,6,75.2,0.020089084789810238,0.5106991761937301
5520260228010001,和歌山競輪,1R,11:05,1-2,1,2,107.2,0.014064337009025995,0.5076969273675866
4420260228010007,大垣競輪,7R,13:54,2-9,2,9,53.2,0.028333871932790244,0.507361986824441
7520260227020012,松山競輪,12R,20:30,2-3,2,3,22.3,0.06749790339044245,0.5052032456068667
4420260228010001,大垣競輪,1R,11:18,3-9,3,9,21.7,0.06930980935501385,0.5040228630038006
6220260228010007,広島競輪,7R,11:00,5-7,5,7,48.3,0.031084008954914463,0.5013576325223685
5520260228010012,和歌山競輪,12R,16:04,2-3,2,3,30.2,0.049627803487889824,0.49875966533427274
4420260228010001,大垣競輪,1R,11:18,2-7,2,7,38.2,0.03918123000633501,0.4967229862419975
7520260227020004,松山競輪,4R,17:00,2-3,2,3,36.1,0.041391790941711484,0.49424365299578454
5520260228010010,和歌山競輪,10R,15:04,5-7,5,7,60.9,0.02452348972224505,0.49348052408472354
7520260227020012,松山競輪,12R,20:30,1-4,1,4,34.1,0.04377657725881297,0.49278128452552217
2620260226030006,西武園競輪,6R,22:45,1-6,1,6,30.7,0.04860932715072878,0.49230634352737335
7520260227020011,松山競輪,11R,20:00,1-3,1,3,25.6,0.05828522416424094,0.4921017386045681
7520260227020009,松山競輪,9R,19:02,1-3,1,3,44.5,0.03351793560711655,0.49154813451668655
5320260227020004,奈良競輪,4R,09:50,4-6,4,6,33.5,0.04451190102024203,0.4911486841781081
6220260228010004,広島競輪,4R,10:00,3-4,3,4,39.7,0.03751497306262971,0.4893444305863994
4420260228010011,大垣競輪,11R,15:48,3-8,3,8,197.4,0.007526463689040334,0.48572393221656207
7520260227020010,松山競輪,10R,19:30,1-3,1,3,29.6,0.05017541444634927,0.48519226761193845
6220260228010007,広島競輪,7R,11:00,4-6,4,6,24.0,0.061867743082763264,0.4848258339863183
7520260227020011,松山競輪,11R,20:00,1-6,1,6,31.4,0.047228110375735356,0.4829626657980901
4420260228010004,大垣競輪,4R,12:36,2-5,2,5,68.8,0.021471332721659013,0.4772276912501401
4720260226030007,松阪競輪,7R,23:21,1-6,1,6,32.3,0.04569330195623345,0.47589365318634047
7520260227020010,松山競輪,10R,19:30,5-7,5,7,21.5,0.06860425377865821,0.47499145624115147
6220260228010007,広島競輪,7R,11:00,1-3,1,3,43.4,0.03387462375150868,0.4701586708154768
4420260228010008,大垣競輪,8R,14:22,6-7,6,7,62.2,0.023631248236278823,0.4698636402965428
4420260228010007,大垣競輪,7R,13:54,5-7,5,7,31.8,0.046155198918436446,0.46773532560627906
5520260228010010,和歌山競輪,10R,15:04,1-7,1,7,41.5,0.03536400431532148,0.46760617908584146
5320260227020001,奈良競輪,1R,08:50,2-4,2,4,33.2,0.044147399990305244,0.46569367967813413
4420260228010003,大垣競輪,3R,12:10,1-8,1,8,64.7,0.02260751585482568,0.46270627580722157
5520260228010004,和歌山競輪,4R,12:23,3-4,3,4,28.4,0.05148846764993079,0.46227248125803455
5320260227020007,奈良競輪,7R,10:50,1-3,1,3,21.6,0.06767607541902325,0.4618032290509022
4420260228010008,大垣競輪,8R,14:22,6-9,6,9,112.3,0.012961424818100063,0.4555680070726369
4420260228010012,大垣競輪,12R,16:20,1-8,1,8,61.1,0.023811130253108503,0.4548600584649296
7520260227020006,松山競輪,6R,17:48,1-4,1,4,54.8,0.026487768254575356,0.4515297003507295
5520260228010001,和歌山競輪,1R,11:05,4-6,4,6,30.5,0.047584698263098794,0.4513332970245132
4720260226030004,松阪競輪,4R,22:01,2-3,2,3,27.9,0.052007163164005166,0.45099985227574413
4720260226030003,松阪競輪,3R,21:37,2-7,2,7,23.6,0.06131350017400446,0.44699860410650527
7520260227020002,松山競輪,2R,16:14,1-7,1,7,33.0,0.04382786779543238,0.4463196372492686
5320260227020002,奈良競輪,2R,09:10,3-7,3,7,37.2,0.03886011236651918,0.4455961800345136
4420260228010005,大垣競輪,5R,13:02,5-7,5,7,95.8,0.015069680476418879,0.44367538964092845
7520260227020008,松山競輪,8R,18:36,2-7,2,7,25.8,0.0558457847243927,0.4408212458893317
7520260227020011,松山競輪,11R,20:00,3-6,3,6,67.4,0.0213740656295967,0.44061202343481765
4420260228010009,大垣競輪,9R,14:50,7-8,7,8,353.4,0.004071678057355476,0.438931025469425
4720260226030002,松阪競輪,2R,21:13,4-5,4,5,32.2,0.044647593918591404,0.4376525241786433
6220260228010007,広島競輪,7R,11:00,1-5,1,5,48.7,0.029497966792511855,0.43655098279532734
5320260227020007,奈良競輪,7R,10:50,1-4,1,4,26.1,0.0550162899516915,0.43592516773914824
7520260227020001,松山競輪,1R,15:54,3-5,3,5,150.5,0.00953643236367259,0.43523307073272477
5520260228010006,和歌山競輪,6R,13:15,3-4,3,4,25.6,0.05598322562586967,0.4331705760222637
4420260228010001,大垣競輪,1R,11:18,1-4,1,4,82.5,0.01737163517523261,0.4331599019566903
8120260226030004,小倉競輪,4R,22:09,1-4,1,4,50.2,0.02849296215463358,0.4303467001626058
7520260227020008,松山競輪,8R,18:36,1-5,1,5,71.8,0.019828935669744648,0.42371758108766566
5520260228010002,和歌山競輪,2R,11:31,1-6,1,6,23.7,0.05999566630413566,0.421897291408015
7520260227020011,松山競輪,11R,20:00,4-5,4,5,19.1,0.07436332712126652,0.42033954801619067
4720260226030006,松阪競輪,6R,22:54,3-6,3,6,32.0,0.04431571976924784,0.41810303261593096
4420260228010005,大垣競輪,5R,13:02,6-8,6,8,416.3,0.0034064167142967535,0.4180912781617385
4420260228010011,大垣競輪,11R,15:48,8-9,8,9,225.6,0.0062758687167858655,0.41583598250689113
4420260228010006,大垣競輪,6R,13:28,2-3,2,3,63.5,0.02227197930284457,0.4142706857306302
7520260227020006,松山競輪,6R,17:48,1-7,1,7,29.1,0.04840654890485941,0.4086305731314088
4720260226030004,松阪競輪,4R,22:01,3-7,3,7,69.7,0.02020848971446098,0.40853173309793034
2620260226030001,西武園競輪,1R,20:41,2-7,2,7,34.0,0.041353488657255646,0.40601861434669195
4420260228010006,大垣競輪,6R,13:28,5-8,5,8,64.7,0.021713670664010892,0.4048744919615048
8120260226030007,小倉競輪,7R,23:30,3-6,3,6,72.9,0.019254032922414382,0.4036190000440085
6220260228010003,広島競輪,3R,09:40,2-6,2,6,52.7,0.02657892387914202,0.40070928843078457
5320260227020001,奈良競輪,1R,08:50,3-5,3,5,17.0,0.08235446864606007,0.40002596698302106
4420260228010009,大垣競輪,9R,14:50,3-6,3,6,66.1,0.021158937915802013,0.39860579623451287
4420260228010002,大垣競輪,2R,11:44,1-6,1,6,182.2,0.007674742409420265,0.3983380669963723
4420260228010002,大垣競輪,2R,11:44,1-5,1,5,51.3,0.027255301119690243,0.39819694744010947
5320260227020001,奈良競輪,1R,08:50,5-7,5,7,17.0,0.08217939429509985,0.3970497030166975
6220260228010002,広島競輪,2R,09:20,2-4,2,4,31.7,0.044063953716840465,0.39682733282384275
4420260228010004,大垣競輪,4R,12:36,6-9,6,9,124.2,0.011213008029442736,0.392655597256788
5520260228010003,和歌山競輪,3R,11:57,2-5,2,5,31.0,0.04487042089522843,0.39098304775208126
7520260227020007,松山競輪,7R,18:12,2-5,2,5,96.3,0.014429274310170527,0.3895391160694217
5520260228010008,和歌山競輪,8R,14:08,4-5,4,5,65.0,0.021376583266094717,0.3894779122961567
8120260226030005,小倉競輪,5R,22:36,4-7,4,7,31.7,0.0438003831578167,0.38847214610278935
7520260227020007,松山競輪,7R,18:12,3-4,3,4,8.5,0.1633454535051837,0.38843635479406147
5320260227020002,奈良競輪,2R,09:10,2-3,2,3,15.5,0.08946817784268873,0.3867567565616754
5520260228010008,和歌山競輪,8R,14:08,3-7,3,7,19.9,0.06963094270919251,0.3856557599129309
2620260226030001,西武園競輪,1R,20:41,2-3,2,3,22.1,0.0626924149858841,0.38550237118803876
4720260226030005,松阪競輪,5R,22:27,2-5,2,5,26.0,0.053278559263485854,0.38524254085063214
4420260228010008,大垣競輪,8R,14:22,2-7,2,7,37.4,0.037032924819622226,0.3850313882538712
7520260227020010,松山競輪,10R,19:30,1-6,1,6,40.9,0.03379286343398856,0.38212811445013206
2620260226030007,西武園競輪,7R,23:12,6-7,6,7,169.5,0.008152237721026688,0.3818042937140236
6220260228010004,広島競輪,4R,10:00,3-7,3,7,45.3,0.030429298821243525,0.3784472366023317
4420260228010010,大垣競輪,10R,15:18,3-9,3,9,68.1,0.020239657668260982,0.3783206872085727
7520260227020007,松山競輪,7R,18:12,2-3,2,3,44.7,0.030736124499430556,0.37390476512454596
7520260227020009,松山競輪,9R,19:02,5-7,5,7,19.9,0.06896489789410207,0.3724014680926311
4420260228010002,大垣競輪,2R,11:44,2-3,2,3,30.5,0.04499168247573006,0.37224631550976683
8120260226030004,小倉競輪,4R,22:09,3-7,3,7,25.1,0.054592487223795595,0.37027142931726953
4420260228010008,大垣競輪,8R,14:22,2-9,2,9,66.6,0.020549077838575375,0.36856858404911974
4420260228010011,大垣競輪,11R,15:48,1-2,1,2,26.0,0.05256305027136811,0.3666393070555709
5520260228010003,和歌山競輪,3R,11:57,2-6,2,6,39.7,0.03434318065128795,0.3634242718561316
5520260228010005,和歌山競輪,5R,12:49,1-7,1,7,29.6,0.0460006734907586,0.36161993532645464
5520260228010002,和歌山競輪,2R,11:31,2-5,2,5,33.7,0.04036155641854716,0.3601844513050394
7520260227020007,松山競輪,7R,18:12,1-2,1,2,125.4,0.010837274317557533,0.35899419942171473
5320260227020005,奈良競輪,5R,10:10,4-7,4,7,18.0,0.07521428150435117,0.353857067078321
6220260228010005,広島競輪,5R,10:20,3-7,3,7,17.5,0.07733730213650954,0.35340278738891695
5520260228010004,和歌山競輪,4R,12:23,3-5,3,5,18.5,0.072671203836915,0.3444172709829274
7520260227020011,松山競輪,11R,20:00,2-4,2,4,45.0,0.02984185335999781,0.34288340119990157
4420260228010007,大垣競輪,7R,13:54,1-2,1,2,30.7,0.043680268372157036,0.3409842390252209
5520260228010001,和歌山競輪,1R,11:05,1-4,1,4,76.0,0.017626100801645502,0.3395836609250582
5320260227020006,奈良競輪,6R,10:30,5-6,5,6,18.8,0.07115716476142357,0.33775469751476317
5320260227020005,奈良競輪,5R,10:10,1-7,1,7,30.0,0.04451116019688432,0.33533480590652975
7520260227020004,松山競輪,4R,17:00,4-7,4,7,34.0,0.03919508906091705,0.3326330280711798
2620260226030001,西武園競輪,1R,20:41,2-5,2,5,36.6,0.03639676406588367,0.3321215648113425
4420260228010002,大垣競輪,2R,11:44,1-8,1,8,88.8,0.014990907896919398,0.33119262124644244
7520260227020011,松山競輪,11R,20:00,2-6,2,6,58.9,0.022589651980078746,0.3305305016266382
5320260227020005,奈良競輪,5R,10:10,2-5,2,5,14.7,0.0904682832755472,0.3298837641505439
2620260226030006,西武園競輪,6R,22:45,1-2,1,2,13.1,0.10150515727794412,0.32971756034106803
4420260228010001,大垣競輪,1R,11:18,5-6,5,6,162.1,0.00820198036087999,0.3295410164986463
8120260226030001,小倉競輪,1R,20:57,2-3,2,3,17.8,0.07460653270419595,0.327996282134688
4420260228010009,大垣競輪,9R,14:50,1-2,1,2,21.0,0.06318675677147458,0.326921892200966
7520260227020010,松山競輪,10R,19:30,1-2,1,2,24.3,0.05452798260896006,0.32502997739772943
7520260227020011,松山競輪,11R,20:00,2-3,2,3,44.7,0.029517877752184257,0.3194491355226363
7520260227020005,松山競輪,5R,17:24,2-7,2,7,26.5,0.04972858498775985,0.31780750217563614
4720260226030005,松阪競輪,5R,22:27,4-5,4,5,39.0,0.033715342686540604,0.3148983647750836
7520260227020007,松山競輪,7R,18:12,2-6,2,6,232.5,0.0056486356311164524,0.3133077842345753
5520260228010008,和歌山競輪,8R,14:08,3-6,3,6,49.6,0.026413310777544306,0.3101002145661975
5520260228010002,和歌山競輪,2R,11:31,3-4,3,4,55.9,0.023326866791576983,0.30397185364915336
8120260226030004,小倉競輪,4R,22:09,3-5,3,5,25.1,0.05194618131865657,0.3038491510982799
5520260228010005,和歌山競輪,5R,12:49,5-7,5,7,64.5,0.02021052252683034,0.303578702980557
4720260226030004,松阪競輪,4R,22:01,4-6,4,6,34.8,0.03739306779077378,0.30127875911892743
4420260228010002,大垣競輪,2R,11:44,2-6,2,6,241.9,0.005368118409083794,0.2985478431573696
5320260227020004,奈良競輪,4R,09:50,2-4,2,4,34.5,0.037620792328587366,0.2979173353362641
5320260227020003,奈良競輪,3R,09:30,2-6,2,6,99.1,0.013084661778247474,0.2966899822243245
2620260226030004,西武園競輪,4R,21:53,4-6,4,6,31.6,0.04097429350218428,0.29478767466902345
4420260228010009,大垣競輪,9R,14:50,3-5,3,5,19.0,0.06812590731478027,0.2943922389808251
4420260228010001,大垣競輪,1R,11:18,5-7,5,7,63.3,0.020425364036062498,0.292925543482756
6220260228010006,広島競輪,6R,10:40,1-3,1,3,16.3,0.07928464482457004,0.2923397106404917
2620260226030004,西武園競輪,4R,21:53,4-5,4,5,25.3,0.050732942036215034,0.28354343351624034
5320260227020003,奈良競輪,3R,09:30,5-7,5,7,10.2,0.1255782308117332,0.28089795427967856
5520260228010010,和歌山競輪,10R,15:04,1-6,1,6,33.8,0.03782407484527647,0.27845372977034466
5320260227020003,奈良競輪,3R,09:30,1-5,1,5,31.8,0.040189912849211196,0.27803922860491603
4720260226030004,松阪競輪,4R,22:01,4-5,4,5,27.9,0.045792384145892234,0.2776075176703934
4420260228010006,大垣競輪,6R,13:28,2-4,2,4,69.3,0.018430674016214822,0.2772457093236871
7520260227020004,松山競輪,4R,17:00,5-7,5,7,31.1,0.041067070961525245,0.27718590690343525
8120260226030007,小倉競輪,7R,23:30,2-7,2,7,16.5,0.07738095621917285,0.27678577761635204
2620260226030003,西武園競輪,3R,21:29,2-7,2,7,32.0,0.03973889789643948,0.2716447326860634
7520260227020002,松山競輪,2R,16:14,2-7,2,7,52.8,0.02405787679114922,0.27025589457267873
5520260228010012,和歌山競輪,12R,16:04,3-4,3,4,43.4,0.029253576426443426,0.2696052169076446
4420260228010006,大垣競輪,6R,13:28,2-7,2,7,34.6,0.036570634384002015,0.2653439496864698
2620260226030002,西武園競輪,2R,21:05,1-5,1,5,16.4,0.07714276379445663,0.2651413262290887
7520260227020003,松山競輪,3R,16:36,2-3,2,3,23.0,0.05485837881509702,0.2617427127472314
4420260228010003,大垣競輪,3R,12:10,3-7,3,7,19.1,0.06604479078478837,0.26145550398945794
7520260227020012,松山競輪,12R,20:30,2-4,2,4,32.2,0.03913746936496544,0.2602265135518873
6220260228010003,広島競輪,3R,09:40,1-3,1,3,22.8,0.055187560348967796,0.2582763759564657
4420260228010010,大垣競輪,10R,15:18,2-4,2,4,52.7,0.02385932723613348,0.25738654534423455
4420260228010007,大垣競輪,7R,13:54,3-4,3,4,105.2,0.011945345681016049,0.25665036564288846
4420260228010005,大垣競輪,5R,13:02,1-6,1,6,121.1,0.010361498645660758,0.25477748598951777
4420260228010012,大垣競輪,12R,16:20,2-6,2,6,83.6,0.01495815124830912,0.2505014443586422
5520260228010005,和歌山競輪,5R,12:49,6-7,6,7,44.2,0.02828177334173547,0.25005438170470784
5520260228010011,和歌山競輪,11R,15:33,3-4,3,4,23.6,0.05294862799333885,0.24958762064279694
4420260228010002,大垣競輪,2R,11:44,2-7,2,7,45.4,0.02751646172309885,0.2492473622286877
4420260228010008,大垣競輪,8R,14:22,3-8,3,8,47.0,0.026564017813617107,0.24850883724000394
5320260227020004,奈良競輪,4R,09:50,3-7,3,7,22.0,0.056551782349464445,0.24413921168821773
6220260228010007,広島競輪,7R,11:00,2-4,2,4,14.9,0.08346589164824368,0.24364178555883087
4720260226030004,松阪競輪,4R,22:01,2-6,2,6,23.2,0.05360031389384724,0.24352728233725607
7520260227020012,松山競輪,12R,20:30,2-5,2,5,37.8,0.032860412745853655,0.24212360179326797
7520260227020005,松山競輪,5R,17:24,1-5,1,5,14.3,0.08662990421520109,0.23880763027737562
7520260227020004,松山競輪,4R,17:00,4-6,4,6,39.8,0.03107526420493672,0.23679551535648136
4720260226030003,松阪競輪,3R,21:37,3-5,3,5,47.2,0.02618774061970803,0.23606135725021904
8120260226030004,小倉競輪,4R,22:09,2-3,2,3,20.1,0.061431536498145034,0.23477388361271534
8120260226030002,小倉競輪,2R,21:21,4-5,4,5,32.2,0.03828482045553466,0.23277121866821626
4720260226030006,松阪競輪,6R,22:54,2-3,2,3,12.0,0.10268628027486984,0.2322353632984382
4420260228010010,大垣競輪,10R,15:18,2-7,2,7,27.6,0.044634957919811556,0.2319248385867989
4420260228010009,大垣競輪,9R,14:50,3-9,3,9,56.7,0.02171076319976864,0.2310002734268819
4720260226030007,松阪競輪,7R,23:21,6-7,6,7,35.3,0.03486807074727677,0.23084289737886987
5320260227020003,奈良競輪,3R,09:30,4-7,4,7,20.5,0.059980527242962725,0.22960080848073594
4420260228010008,大垣競輪,8R,14:22,4-7,4,7,40.3,0.030508227991357256,0.22948158805169738
6220260228010005,広島競輪,5R,10:20,2-4,2,4,120.9,0.010157566227526766,0.228049756907986
4420260228010007,大垣競輪,7R,13:54,3-5,3,5,80.5,0.015250201700713445,0.22764123690743232
7520260227020012,松山競輪,12R,20:30,1-3,1,3,16.4,0.07457621216845106,0.22304987956259725
7520260227020012,松山競輪,12R,20:30,2-6,2,6,53.0,0.02306701086056213,0.22255157560979288
4420260228010008,大垣競輪,8R,14:22,4-9,4,9,71.4,0.017087145763944503,0.2200222075456375
2620260226030005,西武園競輪,5R,22:18,1-7,1,7,24.0,0.05068510250571759,0.21644246013722213
5520260228010006,和歌山競輪,6R,13:15,2-3,2,3,23.2,0.052402714068462364,0.2157429663883268
7520260227020006,松山競輪,6R,17:48,3-6,3,6,39.8,0.030543537274777537,0.2156327835361458
7520260227020009,松山競輪,9R,19:02,1-5,1,5,29.2,0.04157973371843231,0.21412822457822345
5520260228010009,和歌山競輪,9R,14:36,2-4,2,4,42.5,0.028414916452876728,0.20763394924726097
2620260226030001,西武園競輪,1R,20:41,5-6,5,6,68.0,0.01772457346639183,0.20527099571464436
8120260226030007,小倉競輪,7R,23:30,1-5,1,5,17.3,0.06941865128454572,0.20094266722264087
2620260226030001,西武園競輪,1R,20:41,2-6,2,6,56.0,0.021418152481965803,0.19941653899008505
4720260226030005,松阪競輪,5R,22:27,4-7,4,7,26.0,0.046079349238852874,0.19806308021017482
2620260226030002,西武園競輪,2R,21:05,3-7,3,7,45.1,0.026547151483810927,0.19727653191987282
4720260226030001,松阪競輪,1R,20:49,1-5,1,5,19.5,0.061327973900426914,0.19589549105832482
7520260227020009,松山競輪,9R,19:02,2-3,2,3,70.8,0.01688950467003593,0.19577693063854373
5520260228010009,和歌山競輪,9R,14:36,1-5,1,5,22.9,0.0519418485770186,0.18946833241372585
6220260228010004,広島競輪,4R,10:00,1-2,1,2,22.5,0.05257699669637246,0.1829824256683803
2620260226030002,西武園競輪,2R,21:05,5-7,5,7,45.1,0.026116662952081843,0.17786149913889115
5320260227020007,奈良競輪,7R,10:50,5-7,5,7,22.5,0.05219514085788251,0.17439066930235647
7520260227020003,松山競輪,3R,16:36,2-4,2,4,17.5,0.06694640163758829,0.17156202865779502
5520260228010002,和歌山競輪,2R,11:31,1-4,1,4,34.7,0.03372561476108827,0.17027883220976303
7520260227020005,松山競輪,5R,17:24,4-7,4,7,51.3,0.022776971390418947,0.168458632328492
4720260226030004,松阪競輪,4R,22:01,1-6,1,6,19.9,0.05863993916159141,0.16693478931566896
8120260226030002,小倉競輪,2R,21:21,2-6,2,6,25.8,0.0451924769635971,0.16596590566080516
5320260227020003,奈良競輪,3R,09:30,3-7,3,7,11.2,0.10393971427688753,0.16412479990114015
7520260227020003,松山競輪,3R,16:36,2-5,2,5,16.5,0.07054876171365249,0.1640545682752661
4720260226030006,松阪競輪,6R,22:54,1-3,1,3,9.6,0.12083963900298697,0.16006053442867496
6220260228010006,広島競輪,6R,10:40,2-5,2,5,19.3,0.060045631718517484,0.15888069216738754
2620260226030002,西武園競輪,2R,21:05,2-5,2,5,30.1,0.03848102516113783,0.15827885735024871
4420260228010008,大垣競輪,8R,14:22,1-8,1,8,46.6,0.0248485340592523,0.1579416871611572
6220260228010002,広島競輪,2R,09:20,3-5,3,5,12.8,0.0903752372509844,0.15680303681260033
5520260228010006,和歌山競輪,6R,13:15,5-6,5,6,19.4,0.059368169779724034,0.15174249372664628
4420260228010003,大垣競輪,3R,12:10,1-5,1,5,32.4,0.03547616042842474,0.1494275978809616
2620260226030003,西武園競輪,3R,21:29,4-6,4,6,32.0,0.035894214546702295,0.14861486549447345
6220260228010002,広島競輪,2R,09:20,2-6,2,6,53.1,0.021622594421282317,0.1481597637700911
8120260226030005,小倉競輪,5R,22:36,6-7,6,7,31.7,0.03613182989156434,0.1453790075625896
2620260226030006,西武園競輪,6R,22:45,3-4,3,4,18.4,0.06219816998753838,0.1444463277707062
4420260228010012,大垣競輪,12R,16:20,1-7,1,7,41.7,0.02743432846233816,0.14401149687950143
4420260228010006,大垣競輪,6R,13:28,1-9,1,9,31.3,0.03654404372554296,0.14382856860949467
2620260226030001,西武園競輪,1R,20:41,1-6,1,6,29.7,0.03847357758373921,0.14266525423705456
8120260226030002,小倉競輪,2R,21:21,1-4,1,4,9.9,0.11536578362301153,0.14212125786781415
6220260228010005,広島競輪,5R,10:20,2-3,2,3,23.9,0.04744548241771494,0.13394702978338713
7520260227020009,松山競輪,9R,19:02,2-4,2,4,24.3,0.04650668204610037,0.13011237372023898
7520260227020008,松山競輪,8R,18:36,4-5,4,5,24.4,0.04603471588545876,0.12324706760519355
5520260228010001,和歌山競輪,1R,11:05,3-5,3,5,19.1,0.05875493953682402,0.12221934515333888
5320260227020001,奈良競輪,1R,08:50,1-2,1,2,29.8,0.037596350432618164,0.12037124289202139
4420260228010011,大垣競輪,11R,15:48,3-7,3,7,24.0,0.04667702666445259,0.12024863994686208
7520260227020009,松山競輪,9R,19:02,2-7,2,7,29.2,0.038358179547740616,0.1200588427940259
4420260228010010,大垣競輪,10R,15:18,5-9,5,9,93.5,0.011957088713075055,0.11798779467251763
5520260228010012,和歌山競輪,12R,16:04,3-7,3,7,62.6,0.01781101976775435,0.11496983746142231
8120260226030002,小倉競輪,2R,21:21,1-3,1,3,9.9,0.11256738261246246,0.11441708786337834
4420260228010002,大垣競輪,2R,11:44,4-9,4,9,36.7,0.030316179290527687,0.11260377996236626
8120260226030001,小倉競輪,1R,20:57,3-6,3,6,37.5,0.029631619304421316,0.1111857239157994
7520260227020002,松山競輪,2R,16:14,2-4,2,4,14.9,0.07451399124908309,0.110258469611338
4420260228010007,大垣競輪,7R,13:54,7-9,7,9,15.9,0.06980334162354464,0.10987313181435976
8120260226030005,小倉競輪,5R,22:36,1-4,1,4,13.6,0.08138815408995395,0.10687889562337372
4420260228010005,大垣競輪,5R,13:02,2-7,2,7,61.6,0.017955899383223346,0.10608340200655819
4420260228010011,大垣競輪,11R,15:48,7-9,7,9,27.7,0.03990613406915554,0.1053999137156083
7520260227020001,松山競輪,1R,15:54,6-7,6,7,34.9,0.03166093037937827,0.10496647024030148
2620260226030007,西武園競輪,7R,23:12,1-6,1,6,48.4,0.022827292595098914,0.10484096160278744
4720260226030003,松阪競輪,3R,21:37,2-5,2,5,15.7,0.07035993093771206,0.10465091572207941
8120260226030004,小倉競輪,4R,22:09,2-4,2,4,33.5,0.03293847892142787,0.10343904386783365
5520260228010009,和歌山競輪,9R,14:36,3-4,3,4,17.0,0.06474882124855012,0.10072996122535205
8120260226030005,小倉競輪,5R,22:36,1-3,1,3,15.8,0.06964089276745017,0.10032610572571277
6220260228010007,広島競輪,7R,11:00,2-7,2,7,18.2,0.06017298064172205,0.09514824767934127
4420260228010007,大垣競輪,7R,13:54,2-4,2,4,104.3,0.010486752471171885,0.09376828274322757
2620260226030002,西武園競輪,2R,21:05,4-6,4,6,36.1,0.030148717704792247,0.0883687091430001
4420260228010012,大垣競輪,12R,16:20,5-9,5,9,16.7,0.06509018703255057,0.08700612344359437
8120260226030005,小倉競輪,5R,22:36,3-7,3,7,31.7,0.034248028867684605,0.08566251510560186
8120260226030001,小倉競輪,1R,20:57,1-3,1,3,9.3,0.1166824051143159,0.08514636756313809
4720260226030007,松阪競輪,7R,23:21,1-3,1,3,21.5,0.0504477445156247,0.08462650708593111
2620260226030004,西武園競輪,4R,21:53,3-4,3,4,21.1,0.05138203642033137,0.08416096846899213
2620260226030005,西武園競輪,5R,22:18,3-5,3,5,36.0,0.030110833668597653,0.08399001206951562
8120260226030006,小倉競輪,6R,23:03,4-6,4,6,54.7,0.019813219892675323,0.08378312812934019
6220260228010003,広島競輪,3R,09:40,2-5,2,5,22.6,0.04784212075379893,0.08123192903585585
4720260226030007,松阪競輪,7R,23:21,1-2,1,2,13.3,0.08106579083986043,0.07817501817014372
5520260228010012,和歌山競輪,12R,16:04,2-5,2,5,11.2,0.09616441164092404,0.07704141037834922
8120260226030006,小倉競輪,6R,23:03,4-5,4,5,95.8,0.011231082212118739,0.07593767592097511
2620260226030003,西武園競輪,3R,21:29,5-6,5,6,42.7,0.025174194858813045,0.0749381204713171
4420260228010005,大垣競輪,5R,13:02,4-5,4,5,40.2,0.02665978796209774,0.07172347607632923
4420260228010010,大垣競輪,10R,15:18,1-4,1,4,24.0,0.04464764468211961,0.07154347237087055
8120260226030003,小倉競輪,3R,21:45,3-5,3,5,57.9,0.01850017314100105,0.07116002486396078
4420260228010010,大垣競輪,10R,15:18,3-8,3,8,54.2,0.019758944295822735,0.07093478083359228
6220260228010002,広島競輪,2R,09:20,1-2,1,2,28.8,0.037176612315819035,0.07068643469558822
4720260226030007,松阪競輪,7R,23:21,2-5,2,5,18.5,0.05774210504931006,0.06822894341223606
2620260226030007,西武園競輪,7R,23:12,3-7,3,7,28.2,0.03787246436322647,0.06800349504298642
7520260227020006,松山競輪,6R,17:48,2-5,2,5,18.2,0.05852697056016185,0.06519086419494569
8120260226030001,小倉競輪,1R,20:57,3-4,3,4,30.7,0.03466814028583039,0.06431190677499288
4720260226030007,松阪競輪,7R,23:21,4-5,4,5,27.7,0.0384067184216883,0.06386610028076589
5520260228010001,和歌山競輪,1R,11:05,2-5,2,5,31.4,0.033788780210880914,0.06096769862166074
4420260228010007,大垣競輪,7R,13:54,4-9,4,9,57.9,0.01831688921972999,0.060547885822366476
5320260227020002,奈良競輪,2R,09:10,4-5,4,5,26.0,0.04063855907738318,0.056602536011962634
6220260228010003,広島競輪,3R,09:40,3-5,3,5,14.3,0.0736712508922105,0.05349888775861
5320260227020003,奈良競輪,3R,09:30,3-5,3,5,15.0,0.07017036366213483,0.052555454932022405
4720260226030003,松阪競輪,3R,21:37,1-4,1,4,15.7,0.06702141295081732,0.05223618332783175
4420260228010005,大垣競輪,5R,13:02,1-2,1,2,28.3,0.03715872685937886,0.05159197012042194
4720260226030002,松阪競輪,2R,21:13,4-6,4,6,32.2,0.032552122788780384,0.04817835379872837
2620260226030003,西武園競輪,3R,21:29,6-7,6,7,42.7,0.0245105297356212,0.04659961971102522
5520260228010009,和歌山競輪,9R,14:36,1-2,1,2,36.6,0.028559666017693365,0.04528377624757729
7520260227020004,松山競輪,4R,17:00,1-4,1,4,16.0,0.0652888624987161,0.04462179997945759
5320260227020005,奈良競輪,5R,10:10,2-7,2,7,16.1,0.06485560701692789,0.04417527297253909
5320260227020006,奈良競輪,6R,10:30,2-5,2,5,13.1,0.07966625736577833,0.04362797149169606
5520260228010001,和歌山競輪,1R,11:05,3-4,3,4,22.7,0.04580629494041597,0.03980289514744251
4420260228010002,大垣競輪,2R,11:44,5-8,5,8,65.5,0.015855472626453558,0.03853345703270805
4720260226030001,松阪競輪,1R,20:49,2-5,2,5,22.5,0.046070671742915896,0.03659011421560776
5320260227020004,奈良競輪,4R,09:50,2-6,2,6,39.0,0.026538916936538242,0.035017760524991504
7520260227020005,松山競輪,5R,17:24,2-5,2,5,23.5,0.04394887744378131,0.032798619928860795
4420260228010011,大垣競輪,11R,15:48,5-7,5,7,16.5,0.06259234478553152,0.0327736889612702
5320260227020005,奈良競輪,5R,10:10,1-5,1,5,16.0,0.06434827700536044,0.029572432085767097
4720260226030005,松阪競輪,5R,22:27,3-7,3,7,19.5,0.052672138165920826,0.027106694235456086
2620260226030005,西武園競輪,5R,22:18,2-6,2,6,72.0,0.014236973349473103,0.025062081162063432
4720260226030001,松阪競輪,1R,20:49,2-3,2,3,23.3,0.04391909570531177,0.023314929933764272
4420260228010002,大垣競輪,2R,11:44,4-5,4,5,37.4,0.02729467068567064,0.02082068364408185
5320260227020002,奈良競輪,2R,09:10,2-6,2,6,11.2,0.09114203351293207,0.020790775344839085
8120260226030005,小倉競輪,5R,22:36,3-6,3,6,23.8,0.04287767931074586,0.020488767595751467
4420260228010003,大垣競輪,3R,12:10,5-9,5,9,82.1,0.012423818744512993,0.019995518924516675
4420260228010012,大垣競輪,12R,16:20,3-6,3,6,88.5,0.011514871118304876,0.0190660939699816
4720260226030004,松阪競輪,4R,22:01,3-5,3,5,27.9,0.036485894871715344,0.01795646692085806
4420260228010006,大垣競輪,6R,13:28,1-4,1,4,21.4,0.047495871896085874,0.01641165857623772
8120260226030005,小倉競輪,5R,22:36,2-7,2,7,23.8,0.0426335828401451,0.014679271595453569
4720260226030004,松阪競輪,4R,22:01,3-6,3,6,34.8,0.029144545280591433,0.014230175764581743
4720260226030002,松阪競輪,2R,21:13,6-7,6,7,43.0,0.023556085482319005,0.012911675739717188
7520260227020008,松山競輪,8R,18:36,4-7,4,7,15.7,0.06426153310768667,0.008906069790680649
5320260227020001,奈良競輪,1R,08:50,3-7,3,7,16.7,0.06036031345095361,0.008017234630925296
5520260228010012,和歌山競輪,12R,16:04,1-3,1,3,40.8,0.024606023742307866,0.003925768686160902
4420260228010003,大垣競輪,3R,12:10,4-6,4,6,85.3,0.011766071237896955,0.0036458765926101755
2620260226030005,西武園競輪,5R,22:18,2-5,2,5,18.0,0.055686830514894786,0.002362949268106096
7520260227020005,松山競輪,5R,17:24,1-3,1,3,11.5,0.08712740811443284,0.0019651933159776647
7520260227020007,松山競輪,7R,18:12,3-5,3,5,16.7,0.05996743946002696,0.0014562389824501754
4720260226030005,松阪競輪,5R,22:27,1-4,1,4,15.6,0.06414133778538889,0.0006048694520666142
4720260226030003,松阪競輪,3R,21:37,6-7,6,7,47.2,0.021164987925559306,-0.0010125699136006583
5320260227020002,奈良競輪,2R,09:10,1-5,1,5,40.0,0.02491636681858603,-0.0033453272565587833
4720260226030003,松阪競輪,3R,21:37,1-6,1,6,15.7,0.06344841295122235,-0.0038599166658092043
7520260227020005,松山競輪,5R,17:24,1-4,1,4,21.3,0.046724004052945384,-0.004778713672263346
5520260228010002,和歌山競輪,2R,11:31,2-4,2,4,45.0,0.02209894916555135,-0.005547287550189295
6220260228010006,広島競輪,6R,10:40,1-4,1,4,15.4,0.06447073459818062,-0.007150687188018479
7520260227020012,松山競輪,12R,20:30,1-7,1,7,12.4,0.0800563829551495,-0.007300851356146221
7520260227020009,松山競輪,9R,19:02,2-6,2,6,82.5,0.012028770974983474,-0.007626394563863381
5520260228010005,和歌山競輪,5R,12:49,2-6,2,6,15.7,0.06313218489249177,-0.00882469718787926
7520260227020009,松山競輪,9R,19:02,5-6,5,6,30.1,0.03277451738446077,-0.013487026727730722
4720260226030003,松阪競輪,3R,21:37,1-5,1,5,13.5,0.07303684815551215,-0.014002549900586025
7520260227020001,松山競輪,1R,15:54,2-6,2,6,16.9,0.05789605904412341,-0.02155660215431443
6220260228010006,広島競輪,6R,10:40,1-2,1,2,9.3,0.1051772166258179,-0.021851885379893465
7520260227020007,松山競輪,7R,18:12,6-7,6,7,62.7,0.015574469078221777,-0.023480788795494534
8120260226030001,小倉競輪,1R,20:57,4-6,4,6,84.5,0.01155577807798111,-0.023536752410596162
4420260228010009,大垣競輪,9R,14:50,3-4,3,4,55.9,0.017451082272538342,-0.02448450096510668
2620260226030003,西武園競輪,3R,21:29,1-5,1,5,16.0,0.060872371708729646,-0.026042052660325665
4720260226030007,松阪競輪,7R,23:21,5-6,5,6,32.3,0.03005173697019102,-0.029328895862830162
8120260226030004,小倉競輪,4R,22:09,3-4,3,4,33.5,0.028965781228290872,-0.02964632885225582
5520260228010010,和歌山競輪,10R,15:04,4-7,4,7,25.8,0.03760027524610574,-0.029912898650471864
4720260226030003,松阪競輪,3R,21:37,2-6,2,6,15.7,0.061763932030770186,-0.030306267116908092
2620260226030002,西武園競輪,2R,21:05,4-5,4,5,60.2,0.016103400074379656,-0.030575315522344715
5520260228010005,和歌山競輪,5R,12:49,4-5,4,5,26.6,0.03643253291807455,-0.030894624379216862
5520260228010007,和歌山競輪,7R,13:41,3-5,3,5,15.6,0.061794316399117095,-0.03600866417377335
4720260226030002,松阪競輪,2R,21:13,1-7,1,7,11.7,0.08218990610901528,-0.03837809852452134
4720260226030006,松阪競輪,6R,22:54,2-5,2,5,13.7,0.07018204356389321,-0.03850600317466313
8120260226030003,小倉競輪,3R,21:45,1-7,1,7,12.1,0.07934000155781631,-0.03998598115042262
6220260228010003,広島競輪,3R,09:40,3-4,3,4,24.9,0.03846956175539749,-0.04210791229060262
8120260226030004,小倉競輪,4R,22:09,1-2,1,2,14.3,0.0669525571120719,-0.042578433297371765
4420260228010001,大垣競輪,1R,11:18,7-9,7,9,19.1,0.05000962888221186,-0.04481608834975337
6220260228010006,広島競輪,6R,10:40,3-5,3,5,26.4,0.03615632217841323,-0.045473094489890675
4720260226030003,松阪競輪,3R,21:37,5-7,5,7,31.5,0.03027782417235815,-0.04624853857071831
5520260228010011,和歌山競輪,11R,15:33,2-5,2,5,26.5,0.0359778992719256,-0.046585669293971566
4720260226030002,松阪競輪,2R,21:13,1-5,1,5,12.9,0.07376222621062807,-0.04846728188289784
5520260228010002,和歌山競輪,2R,11:31,1-5,1,5,15.8,0.06007753757318879,-0.05077490634361714
6220260228010002,広島競輪,2R,09:20,3-7,3,7,29.4,0.032281272618576,-0.050930585013865604
4420260228010001,大垣競輪,1R,11:18,1-2,1,2,20.7,0.04582095249202649,-0.0515062834150517
5520260228010008,和歌山競輪,8R,14:08,1-3,1,3,32.6,0.029080021733610566,-0.05199129148429549
4420260228010012,大垣競輪,12R,16:20,2-4,2,4,39.7,0.02382188837827767,-0.05427103138237643
4720260226030007,松阪競輪,7R,23:21,3-7,3,7,24.2,0.03907286586858422,-0.05443664598026199
5520260228010012,和歌山競輪,12R,16:04,1-2,1,2,9.2,0.10239997832585301,-0.05792019940215232
5520260228010008,和歌山競輪,8R,14:08,2-4,2,4,17.0,0.055354518164702625,-0.0589731912000554
5520260228010009,和歌山競輪,9R,14:36,1-3,1,3,14.6,0.06441733546010203,-0.05950690228251032
8120260226030001,小倉競輪,1R,20:57,1-4,1,4,11.4,0.08249351891848596,-0.05957388432926003
4420260228010001,大垣競輪,1R,11:18,1-7,1,7,38.4,0.02448510685984654,-0.05977189658189286
4420260228010006,大垣競輪,6R,13:28,5-7,5,7,16.3,0.05749820653536057,-0.06277923347362269
2620260226030006,西武園競輪,6R,22:45,3-6,3,6,23.0,0.04071196280380534,-0.06362485551247721
4420260228010009,大垣競輪,9R,14:50,1-8,1,8,63.4,0.014743579039173246,-0.06525708891641624
4720260226030002,松阪競輪,2R,21:13,5-7,5,7,25.8,0.036139427031597365,-0.06760278258478791
4420260228010011,大垣競輪,11R,15:48,2-7,2,7,14.8,0.06298169188236773,-0.06787096014095761
4420260228010012,大垣競輪,12R,16:20,1-9,1,9,26.0,0.03579060575696663,-0.06944425031886758
6220260228010007,広島競輪,7R,11:00,6-7,6,7,22.4,0.041516847391473086,-0.07002261843100299
2620260226030006,西武園競輪,6R,22:45,2-4,2,4,11.5,0.0807447376014262,-0.07143551758359878
2620260226030004,西武園競輪,4R,21:53,6-7,6,7,31.6,0.02928154130117349,-0.07470329488291771
2620260226030003,西武園競輪,3R,21:29,3-5,3,5,21.3,0.04339651513694757,-0.07565422758301676
5520260228010009,和歌山競輪,9R,14:36,4-5,4,5,17.7,0.0521512546616216,-0.07692279248929779
4720260226030005,松阪競輪,5R,22:27,2-7,2,7,13.0,0.07092967686537133,-0.07791420075017275
7520260227020001,松山競輪,1R,15:54,3-6,3,6,75.2,0.012258439365035019,-0.07816535974936656
4420260228010008,大垣競輪,8R,14:22,1-3,1,3,11.4,0.0807712634217515,-0.07920759699203284
2620260226030004,西武園競輪,4R,21:53,5-6,5,6,18.1,0.050809210988675746,-0.08035328110496898
4420260228010007,大垣競輪,7R,13:54,2-5,2,5,70.5,0.013035661443457195,-0.08098586823626774
4420260228010010,大垣競輪,10R,15:18,2-5,2,5,47.6,0.019299974295900434,-0.08132122351513937
4420260228010007,大垣競輪,7R,13:54,2-3,2,3,48.5,0.01888997447537072,-0.08383623794452011
5520260228010001,和歌山競輪,1R,11:05,5-7,5,7,12.5,0.07317877433881485,-0.0852653207648143
6220260228010002,広島競輪,2R,09:20,1-4,1,4,12.8,0.07142066972511019,-0.08581542751858962
5520260228010012,和歌山競輪,12R,16:04,4-5,4,5,17.4,0.052387983126852354,-0.08844909359276909
7520260227020010,松山競輪,10R,19:30,3-7,3,7,20.6,0.044152106101719546,-0.09046661430457725
5320260227020006,奈良競輪,6R,10:30,1-4,1,4,16.3,0.055685466159064195,-0.09232690160725354
4420260228010010,大垣競輪,10R,15:18,7-9,7,9,32.0,0.02833121687790289,-0.09340105990710756
2620260226030004,西武園競輪,4R,21:53,1-2,1,2,15.8,0.05733642715410614,-0.09408445096512297
5520260228010004,和歌山競輪,4R,12:23,4-7,4,7,33.0,0.027369164573317263,-0.0968175690805303
4420260228010002,大垣競輪,2R,11:44,4-8,4,8,62.3,0.014489756569722467,-0.0972881657062904
5520260228010008,和歌山競輪,8R,14:08,4-6,4,6,29.5,0.030584974912277567,-0.09774324008781177
4720260226030001,松阪競輪,1R,20:49,3-5,3,5,36.1,0.024969583014724933,-0.09859805316842984
4720260226030005,松阪競輪,5R,22:27,3-4,3,4,19.5,0.046127428478692854,-0.10051514466548939
4420260228010004,大垣競輪,4R,12:36,1-5,1,5,21.4,0.042002548991199554,-0.10114545158832966
4720260226030004,松阪競輪,4R,22:01,2-5,2,5,13.9,0.06451113120157505,-0.10329527629810686
6220260228010002,広島競輪,2R,09:20,2-3,2,3,19.9,0.04500845977332091,-0.10433165051091398
4720260226030004,松阪競輪,4R,22:01,1-3,1,3,15.5,0.05757963288003081,-0.10751569035952246
5520260228010005,和歌山競輪,5R,12:49,1-2,1,2,10.7,0.08339158614123508,-0.10771002828878462
6220260228010002,広島競輪,2R,09:20,2-5,2,5,19.6,0.045442237370660776,-0.10933214753504872
4720260226030006,松阪競輪,6R,22:54,2-4,2,4,19.2,0.04638801992486648,-0.10935001744256367
4720260226030002,松阪競輪,2R,21:13,1-2,1,2,11.7,0.07592313157332493,-0.11169936059209828
4420260228010009,大垣競輪,9R,14:50,1-9,1,9,36.4,0.024394668109524034,-0.11203408081332522
8120260226030002,小倉競輪,2R,21:21,3-4,3,4,18.4,0.04825813683759836,-0.11205028218819024
4720260226030006,松阪競輪,6R,22:54,5-7,5,7,96.0,0.009207848681397521,-0.11604652658583792
4420260228010012,大垣競輪,12R,16:20,2-7,2,7,33.9,0.026005864975113716,-0.11840117734364508
7520260227020003,松山競輪,3R,16:36,3-6,3,6,39.9,0.022081526625042227,-0.11894708766081519
2620260226030006,西武園競輪,6R,22:45,2-3,2,3,10.2,0.08635606074676547,-0.11916818038299226
8120260226030004,小倉競輪,4R,22:09,2-5,2,5,14.3,0.06146715036091178,-0.12101974983896158
7520260227020012,松山競輪,12R,20:30,6-7,6,7,22.7,0.0387031715445629,-0.12143800593842213
7520260227020001,松山競輪,1R,15:54,4-7,4,7,19.9,0.044098289635479265,-0.12244403625396272
2620260226030005,西武園競輪,5R,22:18,1-3,1,3,10.2,0.08571462645712996,-0.12571081013727448
6220260228010003,広島競輪,3R,09:40,3-7,3,7,8.7,0.10029143768516602,-0.12746449213905575
2620260226030004,西武園競輪,4R,21:53,2-3,2,3,14.0,0.06229888016217838,-0.12781567772950264
7520260227020012,松山競輪,12R,20:30,4-7,4,7,14.4,0.06056628329382213,-0.12784552056896126
6220260228010001,広島競輪,1R,09:00,3-6,3,6,48.5,0.017959054883715464,-0.12898583813980002
7520260227020008,松山競輪,8R,18:36,2-6,2,6,28.3,0.030777098613661447,-0.12900810923338102
4720260226030006,松阪競輪,6R,22:54,3-5,3,5,10.6,0.08216477549395604,-0.12905337976406606
4720260226030003,松阪競輪,3R,21:37,2-3,2,3,15.7,0.05521394685446453,-0.133141034384907
8120260226030007,小倉競輪,7R,23:30,4-6,4,6,60.7,0.014246227280177813,-0.13525400409320665
4420260228010001,大垣競輪,1R,11:18,2-6,2,6,51.5,0.016766367700034205,-0.13653206344823843
5520260228010011,和歌山競輪,11R,15:33,1-3,1,3,15.5,0.05504288426094974,-0.14683529395527906
4420260228010004,大垣競輪,4R,12:36,6-8,6,8,88.0,0.009687790243362793,-0.14747445858407415
7520260227020012,松山競輪,12R,20:30,1-6,1,6,32.2,0.026447318251938773,-0.14839635228757142
4420260228010010,大垣競輪,10R,15:18,4-7,4,7,44.3,0.01914519613692259,-0.15186781113432923
2620260226030006,西武園競輪,6R,22:45,2-5,2,5,18.4,0.04590673587613787,-0.15531605987906327
4420260228010004,大垣競輪,4R,12:36,1-3,1,3,9.8,0.08616131215100031,-0.1556191409201969
2620260226030001,西武園競輪,1R,20:41,2-4,2,4,18.3,0.0461405629351848,-0.1556276982861181
5520260228010002,和歌山競輪,2R,11:31,4-5,4,5,51.9,0.016261366486612062,-0.15603507934483396
7520260227020001,松山競輪,1R,15:54,3-4,3,4,43.0,0.019626732966317766,-0.15605048244833608
4420260228010009,大垣競輪,9R,14:50,7-9,7,9,92.0,0.00916624019048017,-0.15670590247582428
4420260228010010,大垣競輪,10R,15:18,1-3,1,3,14.4,0.05844677883532187,-0.158366384771365
4720260226030006,松阪競輪,6R,22:54,4-5,4,5,24.0,0.035061384228596996,-0.15852677851367214
7520260227020003,松山競輪,3R,16:36,1-7,1,7,16.9,0.049749418823315586,-0.15923482188596672
7520260227020001,松山競輪,1R,15:54,5-7,5,7,29.3,0.02866296788578287,-0.16017504094656188
2620260226030001,西武園競輪,1R,20:41,1-2,1,2,12.5,0.06691577964159365,-0.16355275448007944
2620260226030002,西武園競輪,2R,21:05,2-7,2,7,45.1,0.018532083462413695,-0.1642030358451423
5520260228010010,和歌山競輪,10R,15:04,2-3,2,3,9.5,0.08787454168298042,-0.165191854011686
2620260226030001,西武園競輪,1R,20:41,1-5,1,5,14.4,0.057942693637175725,-0.1656252116246696
8120260226030007,小倉競輪,7R,23:30,3-5,3,5,26.0,0.031957266337939896,-0.16911107521356272
5520260228010010,和歌山競輪,10R,15:04,3-4,3,4,11.0,0.07552304565649606,-0.16924649777854328
4720260226030002,松阪競輪,2R,21:13,2-4,2,4,21.5,0.03860736222808619,-0.16994171209614695
4420260228010004,大垣競輪,4R,12:36,1-4,1,4,31.6,0.02619159546473929,-0.17234558331423844
2620260226030005,西武園競輪,5R,22:18,3-4,3,4,12.0,0.0687177192240615,-0.17538736931126198
5520260228010010,和歌山競輪,10R,15:04,2-7,2,7,17.1,0.04813536891009408,-0.17688519163739114
6220260228010003,広島競輪,3R,09:40,1-5,1,5,17.9,0.045981563237954444,-0.17693001804061548
7520260227020002,松山競輪,2R,16:14,2-3,2,3,31.8,0.02586761445888929,-0.17740986020732052
4720260226030006,松阪競輪,6R,22:54,5-6,5,6,32.0,0.025611398281369033,-0.18043525499619095
4420260228010005,大垣競輪,5R,13:02,5-9,5,9,20.3,0.04028888407608342,-0.1821356532555065
6220260228010001,広島競輪,1R,09:00,1-3,1,3,16.1,0.05079675208785597,-0.18217229138551871
8120260226030005,小倉競輪,5R,22:36,4-6,4,6,15.8,0.051601631689064155,-0.1846942193127863
4720260226030007,松阪競輪,7R,23:21,2-7,2,7,12.9,0.06296389725709102,-0.18776572538352587
2620260226030004,西武園競輪,4R,21:53,1-3,1,3,14.0,0.05799793044893082,-0.18802897371496852
4420260228010005,大垣競輪,5R,13:02,2-9,2,9,17.4,0.04663610885385752,-0.18853170594287916
4420260228010012,大垣競輪,12R,16:20,3-8,3,8,49.8,0.016278506871078808,-0.1893303578202754
8120260226030002,小倉競輪,2R,21:21,1-6,1,6,12.9,0.06256955286452295,-0.19285276804765383
2620260226030006,西武園競輪,6R,22:45,1-3,1,3,10.2,0.0791170832082709,-0.1930057512756368
2620260226030004,西武園競輪,4R,21:53,2-4,2,4,15.8,0.05103383240569735,-0.19366544798998175
2620260226030003,西武園競輪,3R,21:29,3-6,3,6,21.3,0.03782906584551737,-0.1942408974904799
2620260226030007,西武園競輪,7R,23:12,1-2,1,2,8.6,0.09359674523116132,-0.19506799101201266
4720260226030002,松阪競輪,2R,21:13,2-3,2,3,21.5,0.03732425392453363,-0.1975285406225269
8120260226030004,小倉競輪,4R,22:09,2-7,2,7,12.5,0.06415794151757179,-0.1980257310303527
5320260227020004,奈良競輪,4R,09:50,1-2,1,2,27.2,0.029439352238465433,-0.19924961911374028
4720260226030004,松阪競輪,4R,22:01,6-7,6,7,34.8,0.023004894165870215,-0.19942968302771658
8120260226030004,小倉競輪,4R,22:09,4-6,4,6,33.5,0.023843054765142004,-0.2012576653677428
6220260228010001,広島競輪,1R,09:00,3-7,3,7,31.4,0.025403125759674777,-0.20234185114621206
4720260226030002,松阪競輪,2R,21:13,3-6,3,6,25.8,0.030872015962045866,-0.2035019881792166
4420260228010001,大垣競輪,1R,11:18,1-5,1,5,30.9,0.025689887019673292,-0.2061824910920953
6220260228010005,広島競輪,5R,10:20,1-4,1,4,23.7,0.033462175602183945,-0.20694643822824055
4420260228010007,大垣競輪,7R,13:54,1-9,1,9,13.1,0.06052855392707446,-0.20707594355532466
4420260228010002,大垣競輪,2R,11:44,1-2,1,2,39.8,0.019691643972311337,-0.21627256990200883
4420260228010012,大垣競輪,12R,16:20,6-7,6,7,53.8,0.014556060002934931,-0.21688397184210073
4720260226030005,松阪競輪,5R,22:27,1-3,1,3,11.1,0.07041924139212338,-0.21834642054743048
6220260228010007,広島競輪,7R,11:00,3-4,3,4,16.1,0.04852694667575831,-0.21871615852029114
7520260227020003,松山競輪,3R,16:36,4-7,4,7,23.8,0.032572322209760245,-0.2247787314077061
5520260228010004,和歌山競輪,4R,12:23,1-4,1,4,21.5,0.035933258640146425,-0.22743493923685187
2620260226030004,西武園競輪,4R,21:53,3-5,3,5,12.6,0.061299709157027524,-0.22762366462145323
8120260226030006,小倉競輪,6R,23:03,3-4,3,4,25.5,0.030262461129217218,-0.22830724120496093
7520260227020007,松山競輪,7R,18:12,2-4,2,4,14.7,0.05246642158831093,-0.22874360265182936
7520260227020003,松山競輪,3R,16:36,3-7,3,7,28.9,0.02668593753997773,-0.2287764050946437
2620260226030004,西武園競輪,4R,21:53,1-7,1,7,25.3,0.030377775043688875,-0.23144229139467143
2620260226030007,西武園競輪,7R,23:12,5-6,5,6,56.5,0.0136000379601048,-0.23159785525407883
4720260226030005,松阪競輪,5R,22:27,6-7,6,7,39.0,0.019697854362930273,-0.23178367984571935
6220260228010005,広島競輪,5R,10:20,1-3,1,3,8.3,0.0920885225827009,-0.23566526256358256
2620260226030006,西武園競輪,6R,22:45,3-5,3,5,23.0,0.03320166948138384,-0.23636160192817168
4420260228010004,大垣競輪,4R,12:36,7-9,7,9,34.0,0.02243302519953787,-0.23727714321571236
2620260226030003,西武園競輪,3R,21:29,1-6,1,6,14.2,0.053555810656454386,-0.2395074886783477
4720260226030002,松阪競輪,2R,21:13,3-5,3,5,18.4,0.04119476498561325,-0.2420163242647162
4420260228010005,大垣競輪,5R,13:02,3-5,3,5,12.1,0.06242299042286355,-0.24468181588335114
5520260228010006,和歌山競輪,6R,13:15,3-6,3,6,10.9,0.06922554251955157,-0.24544158653688786
4420260228010005,大垣競輪,5R,13:02,2-4,2,4,24.1,0.03126401043224341,-0.24653734858293375
5520260228010010,和歌山競輪,10R,15:04,3-5,3,5,12.9,0.058336221248910865,-0.24746274588904982
4420260228010012,大垣競輪,12R,16:20,3-4,3,4,39.5,0.019035350067849698,-0.2481036723199369
2620260226030006,西武園競輪,6R,22:45,3-7,3,7,23.0,0.03266158380321354,-0.24878357252608863
7520260227020002,松山競輪,2R,16:14,1-2,1,2,15.9,0.04708491846198204,-0.2513497964544855
4420260228010007,大垣競輪,7R,13:54,1-3,1,3,17.5,0.042677808367746484,-0.2531383535644365
8120260226030007,小倉競輪,7R,23:30,2-4,2,4,19.1,0.03905358755748544,-0.254076477652028
4720260226030006,松阪競輪,6R,22:54,3-4,3,4,12.0,0.062114985067214884,-0.2546201791934214
4720260226030002,松阪競輪,2R,21:13,1-3,1,3,8.6,0.08638198733708631,-0.2571149089010578
4720260226030004,松阪競輪,4R,22:01,1-4,1,4,10.7,0.06939175050799136,-0.25750826956449246
4420260228010002,大垣競輪,2R,11:44,1-7,1,7,19.9,0.03725298464308344,-0.2586656056026396
2620260226030002,西武園競輪,2R,21:05,4-7,4,7,90.3,0.008169053223792874,-0.26233449389150354
5520260228010004,和歌山競輪,4R,12:23,1-3,1,3,7.8,0.09451116274665042,-0.26281293057612676
4720260226030005,松阪競輪,5R,22:27,5-7,5,7,19.5,0.03778652597224441,-0.26316274354123403
5520260228010009,和歌山競輪,9R,14:36,2-5,2,5,15.4,0.04750606977907433,-0.2684065254022553
8120260226030003,小倉競輪,3R,21:45,2-5,2,5,17.8,0.04090698318831229,-0.2718556992480412
7520260227020008,松山競輪,8R,18:36,3-5,3,5,10.3,0.07057386392228514,-0.273089201600463
4720260226030007,松阪競輪,7R,23:21,3-5,3,5,20.4,0.03549217978896198,-0.27595953230517567
2620260226030004,西武園競輪,4R,21:53,1-5,1,5,12.6,0.05712890992774754,-0.28017573491038106
4420260228010011,大垣競輪,11R,15:48,5-8,5,8,68.1,0.010556921838975648,-0.2810736227657584
7520260227020003,松山競輪,3R,16:36,1-2,1,2,7.4,0.09711729953323275,-0.2813319834540776
5520260228010004,和歌山競輪,4R,12:23,1-7,1,7,13.3,0.05400215158976315,-0.28177138385614997
2620260226030005,西武園競輪,5R,22:18,1-2,1,2,5.5,0.1304138817051767,-0.28272365062152816
8120260226030003,小倉競輪,3R,21:45,4-6,4,6,19.3,0.037158553217451346,-0.28283992290318904
5520260228010012,和歌山競輪,12R,16:04,5-7,5,7,31.0,0.02312500744052883,-0.2831247693436062
6220260228010003,広島競輪,3R,09:40,3-6,3,6,15.0,0.04755735834081239,-0.28663962488781414
4420260228010003,大垣競輪,3R,12:10,5-7,5,7,15.6,0.04567820851676536,-0.2874199471384604
2620260226030004,西武園競輪,4R,21:53,2-5,2,5,11.5,0.06195267196514222,-0.28754427240086455
7520260227020009,松山競輪,9R,19:02,1-2,1,2,36.3,0.01962350626819975,-0.2876667224643491
2620260226030007,西武園競輪,7R,23:12,4-5,4,5,15.4,0.04619371423313226,-0.28861680080976315
7520260227020004,松山競輪,4R,17:00,1-3,1,3,15.3,0.04633463096789344,-0.29108014619123035
5320260227020006,奈良競輪,6R,10:30,1-6,1,6,8.9,0.07953162545178097,-0.2921685334791494
4420260228010011,大垣競輪,11R,15:48,4-7,4,7,17.5,0.040422818309713,-0.29260067958002256
4720260226030004,松阪競輪,4R,22:01,3-4,3,4,19.9,0.035412880067984626,-0.295283686647106
2620260226030005,西武園競輪,5R,22:18,4-7,4,7,18.0,0.03910768488330551,-0.29606167210050083
5520260228010012,和歌山競輪,12R,16:04,5-6,5,6,30.2,0.023308765419820507,-0.2960752843214207
8120260226030005,小倉競輪,5R,22:36,3-4,3,4,13.6,0.05158226590063017,-0.29848118375142974
7520260227020012,松山競輪,12R,20:30,1-5,1,5,18.7,0.03733697785930677,-0.30179851403096336
2620260226030004,西武園競輪,4R,21:53,5-7,5,7,18.1,0.038457070509465084,-0.30392702377868197
5520260228010005,和歌山競輪,5R,12:49,2-5,2,5,15.1,0.04609268913040503,-0.304000394130884
6220260228010007,広島競輪,7R,11:00,2-6,2,6,10.8,0.06435352318870712,-0.3049819495619631
5520260228010012,和歌山競輪,12R,16:04,4-7,4,7,14.9,0.046637477891291065,-0.3051015794197631
4720260226030007,松阪競輪,7R,23:21,1-5,1,5,13.8,0.05013399843489855,-0.3081508215984
4720260226030003,松阪競輪,3R,21:37,4-5,4,5,18.9,0.03660332025342303,-0.30819724721030484
4720260226030002,松阪競輪,2R,21:13,4-7,4,7,16.1,0.04292665352659522,-0.30888087822181687
5320260227020006,奈良競輪,6R,10:30,1-3,1,3,7.8,0.08802610777721076,-0.3133963593377561
4420260228010012,大垣競輪,12R,16:20,2-9,2,9,20.3,0.033725850615532765,-0.31536523250468484
5520260228010008,和歌山競輪,8R,14:08,5-7,5,7,11.9,0.057282870989252326,-0.31833383522789727
4720260226030003,松阪競輪,3R,21:37,2-4,2,4,10.5,0.06480450409545506,-0.31955270699772187
2620260226030006,西武園競輪,6R,22:45,4-6,4,6,18.4,0.03687052351259881,-0.3215823673681819
5520260228010001,和歌山競輪,1R,11:05,6-7,6,7,7.9,0.08550112208279084,-0.3245411355459523
4420260228010001,大垣競輪,1R,11:18,5-9,5,9,12.8,0.05266286754670591,-0.32591529540216424
4420260228010007,大垣競輪,7R,13:54,3-7,3,7,13.4,0.05006343590043759,-0.32914995893413634
4420260228010008,大垣競輪,8R,14:22,6-8,6,8,67.9,0.009847605967359178,-0.33134755481631173
4420260228010006,大垣競輪,6R,13:28,1-2,1,2,10.7,0.062382503485352306,-0.33250721270673034
8120260226030001,小倉競輪,1R,20:57,2-4,2,4,15.0,0.04440873276833976,-0.33386900847490364
4420260228010011,大垣競輪,11R,15:48,2-9,2,9,30.3,0.021852601694318373,-0.33786616866215324
4420260228010011,大垣競輪,11R,15:48,3-5,3,5,27.0,0.024467448206840575,-0.33937889841530444
6220260228010005,広島競輪,5R,10:20,1-5,1,5,7.3,0.09028600050728228,-0.34091219629683944
8120260226030002,小倉競輪,2R,21:21,2-5,2,5,9.9,0.06638519429467753,-0.3427865764826925
4420260228010003,大垣競輪,3R,12:10,2-3,2,3,18.8,0.0349202107669232,-0.3435000375818439
4420260228010003,大垣競輪,3R,12:10,1-2,1,2,14.6,0.04461190161878291,-0.34866623636576954
8120260226030007,小倉競輪,7R,23:30,3-4,3,4,40.5,0.016009658653165684,-0.35160882454678977
8120260226030002,小倉競輪,2R,21:21,1-2,1,2,4.3,0.15075889997794711,-0.3517367300948274
4420260228010004,大垣競輪,4R,12:36,2-4,2,4,63.6,0.010189375787036041,-0.3519556999445078
2620260226030004,西武園競輪,4R,21:53,3-6,3,6,12.6,0.05131833859414005,-0.3533889337138354
5320260227020004,奈良競輪,4R,09:50,5-7,5,7,12.4,0.0521391915232282,-0.35347402511197035
6220260228010004,広島競輪,4R,10:00,1-6,1,6,20.5,0.031525304196887045,-0.3537312639638156
5520260228010009,和歌山競輪,9R,14:36,2-3,2,3,10.9,0.05926000384881726,-0.35406595804789187
6220260228010001,広島競輪,1R,09:00,2-7,2,7,13.4,0.04816960151382224,-0.3545273397147819
4420260228010004,大垣競輪,4R,12:36,2-7,2,7,26.9,0.023955086371379816,-0.355608176609883
4720260226030007,松阪競輪,7R,23:21,2-6,2,6,12.1,0.052809647835333165,-0.3610032611924687
4420260228010009,大垣競輪,9R,14:50,2-7,2,7,26.5,0.02411281935373389,-0.3610102871260519
8120260226030004,小倉競輪,4R,22:09,1-5,1,5,11.1,0.05754692666583559,-0.36122911400922497
5520260228010008,和歌山競輪,8R,14:08,1-4,1,4,19.6,0.03251136105272852,-0.362777323366521
2620260226030005,西武園競輪,5R,22:18,1-4,1,4,6.5,0.09753085534569349,-0.36604944025299235
2620260226030001,西武園競輪,1R,20:41,1-4,1,4,8.9,0.07106055996609856,-0.3675610163017228
4420260228010006,大垣競輪,6R,13:28,2-9,2,9,36.5,0.017308716738603673,-0.3682318390409659
6220260228010007,広島競輪,7R,11:00,3-6,3,6,17.5,0.03609060302043228,-0.3684144471424351
5520260228010012,和歌山競輪,12R,16:04,3-5,3,5,31.0,0.020252107766126154,-0.37218465925008926
4420260228010005,大垣競輪,5R,13:02,2-8,2,8,43.9,0.01427780666345952,-0.37320428747412704
2620260226030004,西武園競輪,4R,21:53,3-7,3,7,15.8,0.039605879867680646,-0.3742270980906458
2620260226030003,西武園競輪,3R,21:29,2-3,2,3,11.6,0.05394377080009075,-0.3742522587189473
5320260227020005,奈良競輪,5R,10:10,5-7,5,7,5.3,0.11722654066683047,-0.3786993344657985
4420260228010006,大垣競輪,6R,13:28,5-9,5,9,23.2,0.0267792738094779,-0.3787208476201127
4420260228010003,大垣競輪,3R,12:10,7-9,7,9,18.2,0.03409517167694419,-0.3794678754796158
4720260226030003,松阪競輪,3R,21:37,5-6,5,6,18.9,0.032820291749908,-0.3796964859267389
8120260226030007,小倉競輪,7R,23:30,4-5,4,5,24.3,0.02551557710887953,-0.37997147625422734
4420260228010007,大垣競輪,7R,13:54,2-8,2,8,43.9,0.01410323819072501,-0.38086784342717206
6220260228010001,広島競輪,1R,09:00,4-5,4,5,13.7,0.04501985332673882,-0.3832280094236782
4420260228010012,大垣競輪,12R,16:20,1-5,1,5,11.6,0.05298953402780782,-0.3853214052774293
4420260228010008,大垣競輪,8R,14:22,7-8,7,8,31.8,0.019291035885490505,-0.3865450588414019
4720260226030005,松阪競輪,5R,22:27,1-5,1,5,11.1,0.05517882465797262,-0.3875150462965039
8120260226030007,小倉競輪,7R,23:30,4-7,4,7,15.8,0.038749414438477264,-0.3877592518720592
8120260226030003,小倉競輪,3R,21:45,2-7,2,7,12.8,0.047593328027900214,-0.3908054012428772
4420260228010005,大垣競輪,5R,13:02,3-7,3,7,16.6,0.03654807732805965,-0.39330191635420986
6220260228010001,広島競輪,1R,09:00,3-4,3,4,40.0,0.015166047450169536,-0.39335810199321863
5520260228010002,和歌山競輪,2R,11:31,5-7,5,7,10.6,0.057185163436019426,-0.39383726757819415
8120260226030002,小倉競輪,2R,21:21,3-5,3,5,16.1,0.03761198252167923,-0.3944470814009643
2620260226030001,西武園競輪,1R,20:41,1-3,1,3,6.8,0.08895380053097854,-0.395114156389346
4420260228010012,大垣競輪,12R,16:20,3-7,3,7,29.9,0.020226736291418072,-0.3952205848865996
4720260226030002,松阪競輪,2R,21:13,2-5,2,5,18.4,0.032863100003686196,-0.39531895993217403
6220260228010005,広島競輪,5R,10:20,3-5,3,5,5.4,0.11185011669837273,-0.3960093698287872
2620260226030003,西武園競輪,3R,21:29,2-4,2,4,11.6,0.05195678482722502,-0.39730129600418984
7520260227020011,松山競輪,11R,20:00,1-2,1,2,10.8,0.055670204834841946,-0.39876178778370697
8120260226030007,小倉競輪,7R,23:30,1-2,1,2,6.3,0.0953971293675591,-0.3989980849843776
7520260227020012,松山競輪,12R,20:30,3-7,3,7,6.0,0.10016244478149543,-0.39902533131102746
2620260226030005,西武園競輪,5R,22:18,2-7,2,7,10.2,0.05882208581674435,-0.40001472466920773
5320260227020002,奈良競輪,2R,09:10,2-4,2,4,8.0,0.07480736088730407,-0.40154111290156747
4420260228010004,大垣競輪,4R,12:36,2-9,2,9,39.5,0.01514364762751382,-0.40182591871320406
8120260226030005,小倉競輪,5R,22:36,2-4,2,4,9.5,0.06279831902013502,-0.40341596930871726
7520260227020011,松山競輪,11R,20:00,2-5,2,5,8.8,0.067791426793668,-0.40343544421572164
4720260226030006,松阪競輪,6R,22:54,1-4,1,4,9.6,0.061955758682261795,-0.4052247166502868
2620260226030006,西武園競輪,6R,22:45,2-7,2,7,13.1,0.0453826288820857,-0.40548756164467736
8120260226030005,小倉競輪,5R,22:36,5-6,5,6,23.8,0.02491887528637098,-0.4069307681843707
2620260226030004,西武園競輪,4R,21:53,4-7,4,7,21.1,0.028029504418701476,-0.4085774567653988
7520260227020012,松山競輪,12R,20:30,5-6,5,6,45.0,0.013142040000185791,-0.40860819999163944
8120260226030004,小倉競輪,4R,22:09,4-5,4,5,20.1,0.029419223673696284,-0.4086736041587047
4420260228010006,大垣競輪,6R,13:28,2-8,2,8,50.1,0.011721199301543795,-0.41276791499265586
2620260226030007,西武園競輪,7R,23:12,2-4,2,4,6.5,0.09001157872957201,-0.414924738257782
5520260228010012,和歌山競輪,12R,16:04,1-6,1,6,18.5,0.03160784997204377,-0.41525477551719026
4720260226030002,松阪競輪,2R,21:13,1-4,1,4,6.1,0.09527102436564082,-0.41884675136959104
5520260228010001,和歌山競輪,1R,11:05,1-7,1,7,12.6,0.04608147620455881,-0.41937339982255906
4720260226030002,松阪競輪,2R,21:13,5-6,5,6,21.5,0.026942143948997115,-0.420743905096562
6220260228010004,広島競輪,4R,10:00,4-5,4,5,7.0,0.08231490875003909,-0.42379563874972637
4420260228010008,大垣競輪,8R,14:22,2-4,2,4,28.4,0.020257075776715622,-0.42469904794127633
7520260227020001,松山競輪,1R,15:54,1-7,1,7,6.5,0.0883757264465133,-0.4255577780976636
4420260228010008,大垣競輪,8R,14:22,3-7,3,7,8.9,0.06432701828965803,-0.4274895372220435
4420260228010002,大垣競輪,2R,11:44,3-4,3,4,9.7,0.058595932542167495,-0.4316194543409754
2620260226030001,西武園競輪,1R,20:41,4-6,4,6,23.8,0.023785169000544438,-0.4339129777870424
8120260226030003,小倉競輪,3R,21:45,1-3,1,3,8.2,0.06901939933178151,-0.43404092547939166
4420260228010009,大垣競輪,9R,14:50,5-9,5,9,14.4,0.0392813037065509,-0.4343492266256671
7520260227020006,松山競輪,6R,17:48,4-7,4,7,7.2,0.07831646522471547,-0.43612145038204864
8120260226030004,小倉競輪,4R,22:09,3-6,3,6,12.5,0.04485692523442832,-0.43928843456964595
4420260228010001,大垣競輪,1R,11:18,4-9,4,9,14.8,0.037845065657661464,-0.43989302826661025
8120260226030002,小倉競輪,2R,21:21,2-3,2,3,6.7,0.08339813757607771,-0.44123247824027934
4420260228010005,大垣競輪,5R,13:02,2-3,2,3,7.8,0.07146588582837769,-0.44256609053865403
2620260226030003,西武園競輪,3R,21:29,1-4,1,4,7.5,0.07424557418650628,-0.4431581936012029
7520260227020011,松山競輪,11R,20:00,1-4,1,4,9.3,0.059428253361093565,-0.4473172437418298
4720260226030002,松阪競輪,2R,21:13,3-4,3,4,10.7,0.05156902298656013,-0.4482114540438066
4420260228010002,大垣競輪,2R,11:44,4-7,4,7,14.9,0.036928847232201745,-0.44976017624019404
8120260226030005,小倉競輪,5R,22:36,5-7,5,7,31.7,0.017302475609292923,-0.4515115231854143
7520260227020007,松山競輪,7R,18:12,1-7,1,7,16.9,0.03244087878689038,-0.4517491485015527
4420260228010004,大垣競輪,4R,12:36,4-9,4,9,39.2,0.013957779584912065,-0.45285504027144696
8120260226030002,小倉競輪,2R,21:21,1-5,1,5,6.1,0.08967613880930168,-0.4529755532632598
7520260227020008,松山競輪,8R,18:36,3-7,3,7,5.6,0.09691897350754955,-0.4572537483577226
4720260226030007,松阪競輪,7R,23:21,4-6,4,6,15.5,0.034923746517741605,-0.45868192897500515
6220260228010002,広島競輪,2R,09:20,1-3,1,3,7.3,0.07394613950634069,-0.46019318160371303
4720260226030006,松阪競輪,6R,22:54,2-6,2,6,16.0,0.03372095222874018,-0.46046476434015715
4720260226030004,松阪競輪,4R,22:01,1-5,1,5,7.7,0.06995773252141893,-0.4613254595850742
4720260226030002,松阪競輪,2R,21:13,2-6,2,6,25.8,0.02076862554378164,-0.46416946097043366
5320260227020003,奈良競輪,3R,09:30,4-6,4,6,101.0,0.005289095070700209,-0.4658013978592789
4420260228010008,大垣競輪,8R,14:22,1-9,1,9,16.2,0.03297461914159536,-0.46581116990615523
4420260228010008,大垣競輪,8R,14:22,5-7,5,7,23.7,0.02240974090564501,-0.4688891405362132
4420260228010006,大垣競輪,6R,13:28,3-9,3,9,39.4,0.013428039332276286,-0.4709352503083144
7520260227020009,松山競輪,9R,19:02,1-4,1,4,7.2,0.07344373675002079,-0.47120509539985034
7520260227020001,松山競輪,1R,15:54,1-2,1,2,4.4,0.11986975117796912,-0.47257309481693577
7520260227020002,松山競輪,2R,16:14,1-3,1,3,10.5,0.0500521074318639,-0.47445287196542907
2620260226030001,西武園競輪,1R,20:41,3-6,3,6,14.4,0.03649279529632464,-0.47450374773292514
7520260227020009,松山競輪,9R,19:02,4-7,4,7,4.6,0.11396102034043862,-0.47577930643398236
2620260226030006,西武園競輪,6R,22:45,1-5,1,5,13.1,0.0399560065279921,-0.4765763144833035
4720260226030007,松阪競輪,7R,23:21,3-6,3,6,16.1,0.032413851482294656,-0.47813699113505603
4720260226030003,松阪競輪,3R,21:37,3-4,3,4,23.6,0.022106088602665074,-0.4782963089771042
5320260227020005,奈良競輪,5R,10:10,1-4,1,4,19.9,0.026202466601230694,-0.47857091463550927
4420260228010009,大垣競輪,9R,14:50,4-7,4,7,105.0,0.0049643806978182815,-0.47874002672908045
4420260228010010,大垣競輪,10R,15:18,1-2,1,2,8.2,0.06302947551858629,-0.4831583007475925
5520260228010011,和歌山競輪,11R,15:33,4-7,4,7,7.6,0.06780727149398975,-0.4846647366456779
5520260228010009,和歌山競輪,9R,14:36,1-4,1,4,15.9,0.032214427832742844,-0.4877905974593888
4720260226030005,松阪競輪,5R,22:27,1-2,1,2,5.5,0.09298696749577334,-0.4885716787732466
4420260228010012,大垣競輪,12R,16:20,2-5,2,5,10.3,0.0492694744324146,-0.4925244133461296
2620260226030003,西武園競輪,3R,21:29,2-5,2,5,12.8,0.0394914820576788,-0.4945090296617113
4420260228010008,大垣競輪,8R,14:22,8-9,8,9,47.2,0.010677704761221408,-0.4960123352703495
5320260227020001,奈良競輪,1R,08:50,2-6,2,6,17.1,0.029364493568018325,-0.4978671599868866
8120260226030002,小倉競輪,2R,21:21,4-6,4,6,21.5,0.02334553687436557,-0.49807095720114025
5520260228010003,和歌山競輪,3R,11:57,4-5,4,5,7.1,0.07051671464505194,-0.4993313260201313
4420260228010001,大垣競輪,1R,11:18,3-7,3,7,16.8,0.029715980380691672,-0.5007715296043799
5320260227020002,奈良競輪,2R,09:10,1-4,1,4,26.6,0.01874960517542264,-0.5012605023337577
8120260226030004,小倉競輪,4R,22:09,5-6,5,6,11.1,0.04490053454715165,-0.5016040665266167
5520260228010006,和歌山競輪,6R,13:15,2-4,2,4,6.7,0.07429943756135357,-0.502193768338931
7520260227020009,松山競輪,9R,19:02,3-4,3,4,6.9,0.07172883440435134,-0.5050710426099758
4420260228010003,大垣競輪,3R,12:10,3-5,3,5,18.7,0.026301509344500693,-0.5081617752578371
4420260228010005,大垣競輪,5R,13:02,1-4,1,4,17.0,0.0289276553103276,-0.5082298597244308
8120260226030007,小倉競輪,7R,23:30,1-7,1,7,5.5,0.08934433679131362,-0.508606147647775
2620260226030005,西武園競輪,5R,22:18,1-5,1,5,10.2,0.04808455278141627,-0.5095375616295541
7520260227020008,松山競輪,8R,18:36,1-7,1,7,15.7,0.031152483299135413,-0.510906012203574
5520260228010005,和歌山競輪,5R,12:49,2-7,2,7,6.9,0.070838780448023,-0.5112124149086412
4720260226030005,松阪競輪,5R,22:27,1-6,1,6,15.6,0.031176461868160824,-0.5136471948566912
2620260226030006,西武園競輪,6R,22:45,5-6,5,6,30.7,0.015697625153664303,-0.5180829077825059
5320260227020004,奈良競輪,4R,09:50,2-3,2,3,10.4,0.046202557164934877,-0.5194934054846773
7520260227020006,松山競輪,6R,17:48,1-5,1,5,15.6,0.030761083269280447,-0.520127100999225
2620260226030004,西武園競輪,4R,21:53,2-7,2,7,12.6,0.03806065761405845,-0.5204357140628636
7520260227020007,松山競輪,7R,18:12,3-7,3,7,5.9,0.08117570790042791,-0.5210633233874753
4420260228010001,大垣競輪,1R,11:18,2-9,2,9,5.4,0.08867455660290227,-0.5211573943443277
6220260228010005,広島競輪,5R,10:20,4-7,4,7,21.1,0.022664461752501957,-0.5217798570222087
7520260227020007,松山競輪,7R,18:12,5-7,5,7,11.6,0.041216072770292614,-0.5218935558646056
2620260226030006,西武園競輪,6R,22:45,1-4,1,4,6.5,0.07355314275320157,-0.5219045721041897
4720260226030003,松阪競輪,3R,21:37,1-3,1,3,8.5,0.056066065008841405,-0.5234384474248481
6220260228010001,広島競輪,1R,09:00,2-3,2,3,14.5,0.03252041774211868,-0.5284539427392791
8120260226030003,小倉競輪,3R,21:45,3-7,3,7,21.0,0.02241495783841142,-0.5292858853933602
5520260228010011,和歌山競輪,11R,15:33,1-7,1,7,6.7,0.07000249244066942,-0.5309833006475149
6220260228010007,広島競輪,7R,11:00,3-7,3,7,13.9,0.03372372193990116,-0.5312402650353738
5320260227020004,奈良競輪,4R,09:50,1-7,1,7,13.1,0.03578054150669936,-0.5312749062622384
5320260227020001,奈良競輪,1R,08:50,1-7,1,7,10.9,0.04266007400345426,-0.5350051933623485
5320260227020001,奈良競輪,1R,08:50,2-3,2,3,8.2,0.056420933947208235,-0.5373483416328926
4420260228010009,大垣競輪,9R,14:50,2-5,2,5,4.6,0.10052694986751473,-0.5375760306094323
4420260228010002,大垣競輪,2R,11:44,1-3,1,3,8.0,0.05779868389213571,-0.5376105288629143
5520260228010008,和歌山競輪,8R,14:08,4-7,4,7,6.2,0.07396156272306803,-0.5414383111169783
7520260227020011,松山競輪,11R,20:00,2-7,2,7,16.3,0.028122996800161955,-0.5415951521573601
5520260228010007,和歌山競輪,7R,13:41,2-5,2,5,6.4,0.07110996991909978,-0.5448961925177613
5520260228010002,和歌山競輪,2R,11:31,1-7,1,7,4.7,0.09646215812977443,-0.5466278567900602
6220260228010007,広島競輪,7R,11:00,1-6,1,6,11.0,0.04120434231561527,-0.5467522345282321
8120260226030005,小倉競輪,5R,22:36,1-5,1,5,10.5,0.04291051525486348,-0.5494395898239335
8120260226030005,小倉競輪,5R,22:36,2-5,2,5,15.8,0.02842381985709492,-0.5509036462579002
7520260227020010,松山競輪,10R,19:30,4-7,4,7,7.2,0.06227918482114844,-0.5515898692877312
6220260228010007,広島競輪,7R,11:00,2-3,2,3,8.8,0.05070293801189716,-0.5538141454953049
4720260226030007,松阪競輪,7R,23:21,3-4,3,4,11.1,0.03969401870542606,-0.5593963923697707
5320260227020001,奈良競輪,1R,08:50,2-7,2,7,7.6,0.05790401211449247,-0.5599295079298572
4720260226030004,松阪競輪,4R,22:01,2-4,2,4,6.9,0.06373284076092431,-0.5602433987496223
4420260228010006,大垣競輪,6R,13:28,1-7,1,7,5.6,0.07832660320150647,-0.5613710220715638
2620260226030007,西武園競輪,7R,23:12,3-4,3,4,6.7,0.06538908332786858,-0.5618931417032804
7520260227020005,松山競輪,5R,17:24,1-2,1,2,5.4,0.0807821341731211,-0.563776475465146
4720260226030006,松阪競輪,6R,22:54,3-7,3,7,32.0,0.013605276525790425,-0.5646311511747064
5320260227020001,奈良競輪,1R,08:50,3-4,3,4,9.6,0.04532781162073847,-0.5648530084409107
4420260228010007,大垣競輪,7R,13:54,1-5,1,5,11.7,0.037101077269983435,-0.5659173959411938
4720260226030005,松阪競輪,5R,22:27,2-4,2,4,7.0,0.06186988562026427,-0.5669108006581501
7520260227020012,松山競輪,12R,20:30,4-6,4,6,23.8,0.018137562714032024,-0.5683260074060379
7520260227020003,松山競輪,3R,16:36,1-3,1,3,7.8,0.05521072732039331,-0.5693563269009322
5520260228010005,和歌山競輪,5R,12:49,3-7,3,7,13.8,0.03118908097377903,-0.5695906825618493
4720260226030003,松阪競輪,3R,21:37,3-7,3,7,31.5,0.013601650916686608,-0.5715479961243719
7520260227020003,松山競輪,3R,16:36,3-4,3,4,12.6,0.03375081960776177,-0.5747396729422016
4720260226030005,松阪競輪,5R,22:27,3-6,3,6,19.5,0.021771090503831546,-0.5754637351752849
5520260228010001,和歌山競輪,1R,11:05,3-7,3,7,4.9,0.08651320912632343,-0.5760852752810152
8120260226030005,小倉競輪,5R,22:36,3-5,3,5,19.0,0.022251375042731173,-0.5772238741881077
4720260226030006,松阪競輪,6R,22:54,6-7,6,7,96.0,0.0043763096735211756,-0.5798742713419671
4420260228010012,大垣競輪,12R,16:20,2-8,2,8,18.9,0.02209957424410141,-0.5823180467864835
5520260228010010,和歌山競輪,10R,15:04,2-4,2,4,10.0,0.04166859353845298,-0.5833140646154702
7520260227020002,松山競輪,2R,16:14,3-4,3,4,4.9,0.08486854162316758,-0.5841441460464789
5520260228010009,和歌山競輪,9R,14:36,2-7,2,7,10.4,0.039847718190887026,-0.5855837308147749
4720260226030002,松阪競輪,2R,21:13,2-7,2,7,16.1,0.0255713317360157,-0.5883015590501472
4420260228010003,大垣競輪,3R,12:10,2-5,2,5,17.2,0.023916378411663785,-0.5886382913193828
6220260228010004,広島競輪,4R,10:00,1-4,1,4,7.5,0.05469425789696002,-0.5897930657727999
7520260227020009,松山競輪,9R,19:02,2-5,2,5,17.0,0.02412934209295634,-0.5898011844197422
7520260227020001,松山競輪,1R,15:54,2-7,2,7,4.1,0.09986599806573154,-0.5905494079305007
4720260226030002,松阪競輪,2R,21:13,3-7,3,7,9.9,0.041187620243448075,-0.592242559589864
7520260227020012,松山競輪,12R,20:30,3-4,3,4,7.3,0.05580012758854677,-0.5926590686036086
4420260228010006,大垣競輪,6R,13:28,1-5,1,5,4.8,0.08463219938269859,-0.5937654429630468
7520260227020004,松山競輪,4R,17:00,2-7,2,7,6.7,0.06044014844799761,-0.5950510053984159
2620260226030003,西武園競輪,3R,21:29,1-3,1,3,5.3,0.07590126419802753,-0.597723299750454
7520260227020006,松山競輪,6R,17:48,4-5,4,5,7.4,0.054332046833773795,-0.5979428534300739
2620260226030006,西武園競輪,6R,22:45,1-7,1,7,10.2,0.03936106032180515,-0.5985171847175875
5520260228010004,和歌山競輪,4R,12:23,1-5,1,5,8.0,0.04959695242271783,-0.6032243806182573
4420260228010002,大垣競輪,2R,11:44,4-6,4,6,53.3,0.007437918164059169,-0.6035589618556463
5520260228010008,和歌山競輪,8R,14:08,3-4,3,4,13.7,0.028906179715366166,-0.6039853378994835
7520260227020004,松山競輪,4R,17:00,1-7,1,7,5.8,0.0677254108929604,-0.6071926168208297
7520260227020004,松山競輪,4R,17:00,1-2,1,2,4.1,0.09550017231559049,-0.608449293506079
5320260227020002,奈良競輪,2R,09:10,4-6,4,6,11.0,0.03541956441592025,-0.6103847914248772
4420260228010012,大垣競輪,12R,16:20,1-2,1,2,14.0,0.02764477406041178,-0.612973163154235
4720260226030003,松阪競輪,3R,21:37,4-6,4,6,13.5,0.028604577724589804,-0.6138382007180376
2620260226030003,西武園競輪,3R,21:29,3-4,3,4,7.1,0.054250181161680136,-0.6148237137520711
4420260228010012,大垣競輪,12R,16:20,3-9,3,9,14.9,0.02584304943188445,-0.6149385634649216
4720260226030003,松阪競輪,3R,21:37,1-2,1,2,3.5,0.10963387798621152,-0.6162814270482597
6220260228010007,広島競輪,7R,11:00,5-6,5,6,11.4,0.03336630550508682,-0.6196241172420103
2620260226030005,西武園競輪,5R,22:18,3-7,3,7,12.0,0.03159354006350155,-0.6208775192379814
4720260226030006,松阪競輪,6R,22:54,2-7,2,7,32.0,0.011761991410145192,-0.6236162748753539
2620260226030005,西武園競輪,5R,22:18,4-6,4,6,36.0,0.010314123128453593,-0.6286915673756707
5520260228010005,和歌山競輪,5R,12:49,1-6,1,6,9.4,0.03946938972452166,-0.6289877365894965
8120260226030002,小倉競輪,2R,21:21,3-6,3,6,16.1,0.02300895193945634,-0.6295558737747529
8120260226030005,小倉競輪,5R,22:36,4-5,4,5,11.9,0.030942739601767973,-0.6317813987389611
4420260228010012,大垣競輪,12R,16:20,1-4,1,4,14.8,0.024852983930615295,-0.6321758378268936
2620260226030003,西武園競輪,3R,21:29,1-2,1,2,4.9,0.07464459936790212,-0.6342414630972796
7520260227020007,松山競輪,7R,18:12,2-7,2,7,17.3,0.021104296739737446,-0.6348956664025421
5520260228010006,和歌山競輪,6R,13:15,2-6,2,6,4.1,0.08899774568681806,-0.6351092426840459
7520260227020010,松山競輪,10R,19:30,1-4,1,4,5.1,0.07078207322990834,-0.6390114265274675
2620260226030005,西武園競輪,5R,22:18,5-7,5,7,36.0,0.009950825944873381,-0.6417702659845583
5320260227020007,奈良競輪,7R,10:50,1-7,1,7,4.8,0.07328729717034116,-0.6482209735823625
4720260226030005,松阪競輪,5R,22:27,5-6,5,6,26.0,0.01350952846478775,-0.6487522599155184
7520260227020011,松山競輪,11R,20:00,1-5,1,5,2.9,0.120278098233242,-0.6511935151235982
4420260228010004,大垣競輪,4R,12:36,5-9,5,9,16.9,0.020403311597560793,-0.6551840340012226
5520260228010002,和歌山競輪,2R,11:31,3-5,3,5,8.0,0.04290327142900281,-0.6567738285679775
4720260226030007,松阪競輪,7R,23:21,2-4,2,4,5.3,0.06413351553426289,-0.6600923676684067
5320260227020006,奈良競輪,6R,10:30,1-2,1,2,3.8,0.08885170121374676,-0.6623635353877624
5320260227020003,奈良競輪,3R,09:30,2-4,2,4,9.8,0.034353421926690685,-0.6633364651184313
4720260226030005,松阪競輪,5R,22:27,2-6,2,6,11.1,0.030150722968882812,-0.6653269750454007
2620260226030006,西武園競輪,6R,22:45,4-7,4,7,11.5,0.029003870808476984,-0.6664554857025147
4720260226030003,松阪競輪,3R,21:37,3-6,3,6,18.9,0.017598913096462596,-0.667380542476857
4420260228010008,大垣競輪,8R,14:22,7-9,7,9,12.7,0.02611129325881053,-0.6683865756131062
6220260228010004,広島競輪,4R,10:00,2-4,2,4,7.6,0.04332310137439303,-0.670744429554613
5520260228010003,和歌山競輪,3R,11:57,3-5,3,5,5.7,0.05773053191635961,-0.6709359680767502
5520260228010003,和歌山競輪,3R,11:57,3-4,3,4,5.2,0.06323021584608056,-0.6712028776003811
4420260228010010,大垣競輪,10R,15:18,2-9,2,9,14.7,0.022112472869062635,-0.6749466488247793
4420260228010010,大垣競輪,10R,15:18,1-9,1,9,7.2,0.044048438881326125,-0.682851240054452
7520260227020012,松山競輪,12R,20:30,3-6,3,6,9.1,0.034590683348370156,-0.6852247815298316
2620260226030005,西武園競輪,5R,22:18,1-6,1,6,24.0,0.012884039547828269,-0.6907830508521215
5320260227020004,奈良競輪,4R,09:50,2-7,2,7,10.7,0.02814511208410561,-0.69884730070007
2620260226030002,西武園競輪,2R,21:05,1-3,1,3,3.9,0.07523602003479202,-0.7065795218643112
4420260228010007,大垣競輪,7R,13:54,3-9,3,9,10.4,0.028128051975618136,-0.7074682594535714
6220260228010006,広島競輪,6R,10:40,4-5,4,5,12.7,0.022982397044470478,-0.7081235575352249
2620260226030002,西武園競輪,2R,21:05,1-2,1,2,4.6,0.06289329769099514,-0.7106908306214224
4420260228010002,大垣競輪,2R,11:44,3-7,3,7,3.6,0.0799636503702951,-0.7121308586669377
5520260228010008,和歌山競輪,8R,14:08,1-6,1,6,10.1,0.028173341538994527,-0.7154492504561553
7520260227020011,松山競輪,11R,20:00,3-5,3,5,3.9,0.0725179739457464,-0.7171799016115891
4720260226030006,松阪競輪,6R,22:54,1-5,1,5,3.2,0.08746335522016968,-0.720117263295457
4720260226030005,松阪競輪,5R,22:27,4-6,4,6,15.6,0.017898489598602026,-0.7207835622618084
2620260226030006,西武園競輪,6R,22:45,6-7,6,7,18.4,0.01512601826659703,-0.7216812638946146
6220260228010001,広島競輪,1R,09:00,3-5,3,5,6.2,0.04449078720402398,-0.7241571193350513
4420260228010003,大垣競輪,3R,12:10,2-7,2,7,5.3,0.051924173848745814,-0.7248018786016472
4420260228010001,大垣競輪,1R,11:18,2-5,2,5,6.6,0.04113808768684073,-0.7284886212668512
7520260227020012,松山競輪,12R,20:30,2-7,2,7,3.7,0.07280875472785525,-0.7306076075069355
4420260228010009,大垣競輪,9R,14:50,2-9,2,9,8.1,0.03313537568380665,-0.7316034569611661
5520260228010012,和歌山競輪,12R,16:04,2-4,2,4,2.3,0.1145059074634435,-0.73663641283408
5520260228010008,和歌山競輪,8R,14:08,2-7,2,7,2.1,0.12503473119630915,-0.7374270644877507
8120260226030005,小倉競輪,5R,22:36,1-2,1,2,3.1,0.08445501655461007,-0.7381894486807088
8120260226030002,小倉競輪,2R,21:21,5-6,5,6,14.3,0.018219143186692027,-0.739466252430304
4420260228010004,大垣競輪,4R,12:36,3-9,3,9,6.5,0.040076122608046036,-0.7395052030477007
4420260228010005,大垣競輪,5R,13:02,3-9,3,9,3.2,0.08120546100907983,-0.7401425247709446
4720260226030007,松阪競輪,7R,23:21,2-3,2,3,4.6,0.055750357005619,-0.7435483577741526
6220260228010002,広島競輪,2R,09:20,1-5,1,5,3.4,0.07497717724807698,-0.7450775973565382
5520260228010001,和歌山競輪,1R,11:05,3-6,3,6,3.6,0.07028398095060073,-0.7469776685778373
2620260226030002,西武園競輪,2R,21:05,1-4,1,4,10.0,0.025281783662209865,-0.7471821633779013
4720260226030006,松阪競輪,6R,22:54,4-6,4,6,19.2,0.01295093687309188,-0.7513420120366359
7520260227020010,松山競輪,10R,19:30,1-7,1,7,3.3,0.07520126081106462,-0.7518358393234867
5520260228010011,和歌山競輪,11R,15:33,3-7,3,7,8.3,0.02986310348624216,-0.7521362410641901
4420260228010002,大垣競輪,2R,11:44,1-4,1,4,9.3,0.026490191120832687,-0.753641222576256
5520260228010012,和歌山競輪,12R,16:04,1-5,1,5,6.0,0.04094671146579763,-0.7543197312052142
4420260228010012,大垣競輪,12R,16:20,3-5,3,5,6.6,0.03646686840609733,-0.7593186685197577
5520260228010001,和歌山競輪,1R,11:05,4-7,4,7,4.1,0.05830098353925027,-0.7609659674890739
4420260228010002,大垣競輪,2R,11:44,1-9,1,9,7.8,0.030640588398130667,-0.7610034104945809
7520260227020007,松山競輪,7R,18:12,4-7,4,7,1.8,0.1320869158346665,-0.7622435514976003
4420260228010012,大垣競輪,12R,16:20,1-3,1,3,11.3,0.021010582174823735,-0.7625804214244918
4720260226030004,松阪競輪,4R,22:01,1-2,1,2,2.5,0.09450378186877001,-0.763740545328075
5520260228010003,和歌山競輪,3R,11:57,5-7,5,7,7.4,0.03168081730216129,-0.7655619519640064
7520260227020001,松山競輪,1R,15:54,2-4,2,4,3.1,0.0748935098889757,-0.7678301193441753
7520260227020006,松山競輪,6R,17:48,2-4,2,4,4.4,0.052577086229050676,-0.768660820592177
5320260227020004,奈良競輪,4R,09:50,2-5,2,5,5.4,0.042761717851373976,-0.7690867236025805
8120260226030003,小倉競輪,3R,21:45,2-3,2,3,6.2,0.03640869939835177,-0.774266063730219
2620260226030006,西武園競輪,6R,22:45,5-7,5,7,23.0,0.009731185203435664,-0.7761827403209798
7520260227020008,松山競輪,8R,18:36,3-4,3,4,2.8,0.07973328104256042,-0.7767468130808308
4420260228010003,大垣競輪,3R,12:10,1-7,1,7,2.6,0.0841771402435361,-0.7811394353668061
2620260226030004,西武園競輪,4R,21:53,1-4,1,4,4.8,0.04491172497042456,-0.7844237201419622
6220260228010001,広島競輪,1R,09:00,1-5,1,5,1.8,0.11886219684646249,-0.7860480456763675
6220260228010003,広島競輪,3R,09:40,2-3,2,3,3.7,0.05726593572793026,-0.7881160378066581
5320260227020006,奈良競輪,6R,10:30,1-5,1,5,2.1,0.1007816292756003,-0.7883585785212394
2620260226030002,西武園競輪,2R,21:05,2-3,2,3,5.3,0.038957606710479493,-0.7935246844344587
4420260228010002,大垣競輪,2R,11:44,2-4,2,4,10.6,0.019153699983474638,-0.7969707801751689
5520260228010007,和歌山競輪,7R,13:41,5-7,5,7,2.5,0.08111540196064135,-0.7972114950983966
5520260228010011,和歌山競輪,11R,15:33,1-4,1,4,1.8,0.1121777631895726,-0.7980800262587693
5320260227020007,奈良競輪,7R,10:50,4-7,4,7,2.6,0.07762051898653854,-0.7981866506349997
6220260228010003,広島競輪,3R,09:40,2-4,2,4,9.6,0.020974940534236354,-0.798640570871331
4420260228010004,大垣競輪,4R,12:36,3-5,3,5,3.2,0.06269169820726303,-0.7993865657367583
5520260228010002,和歌山競輪,2R,11:31,2-7,2,7,3.0,0.0668527986810276,-0.7994416039569172
5520260228010005,和歌山競輪,5R,12:49,2-4,2,4,1.9,0.10483174771237441,-0.8008196793464886
5520260228010002,和歌山競輪,2R,11:31,4-7,4,7,6.1,0.03204656697635767,-0.8045159414442182
5320260227020007,奈良競輪,7R,10:50,3-7,3,7,2.1,0.09207042970008775,-0.8066520976298157
4720260226030006,松阪競輪,6R,22:54,4-7,4,7,32.0,0.006008841753486192,-0.8077170638884419
4420260228010008,大垣競輪,8R,14:22,1-7,1,7,3.2,0.06004643450022812,-0.80785140959927
6220260228010003,広島競輪,3R,09:40,2-7,2,7,2.8,0.0680337608218506,-0.8095054696988183
7520260227020008,松山競輪,8R,18:36,5-7,5,7,3.6,0.05267653511042103,-0.8103644736024843
6220260228010002,広島競輪,2R,09:20,3-4,3,4,2.2,0.08554703922092306,-0.8117965137139692
8120260226030001,小倉競輪,1R,20:57,1-2,1,2,1.3,0.14384181806268542,-0.813005636518509
4420260228010007,大垣競輪,7R,13:54,1-7,1,7,1.8,0.10344482526587395,-0.8137993145214268
4420260228010012,大垣競輪,12R,16:20,2-3,2,3,9.5,0.0195089475261934,-0.8146649985011627
7520260227020006,松山競輪,6R,17:48,5-7,5,7,2.2,0.0837727102556155,-0.8157000374376459
2620260226030007,西武園競輪,7R,23:12,2-3,2,3,2.0,0.09085834577241456,-0.8182833084551708
7520260227020004,松山競輪,4R,17:00,1-5,1,5,2.6,0.06771120007354564,-0.8239508798087813
5320260227020004,奈良競輪,4R,09:50,3-5,3,5,2.1,0.08361124766707659,-0.8244163798991392
5520260228010007,和歌山競輪,7R,13:41,1-5,1,5,1.8,0.09731756503341704,-0.8248283829398493
8120260226030003,小倉競輪,3R,21:45,1-2,1,2,1.7,0.10239813961744756,-0.8259231626503392
2620260226030002,西武園競輪,2R,21:05,3-4,3,4,10.6,0.01610887872856759,-0.8292458854771836
7520260227020009,松山競輪,9R,19:02,1-7,1,7,2.7,0.06322041820189024,-0.8293048708548963
5520260228010009,和歌山競輪,9R,14:36,3-5,3,5,1.8,0.09444526082305943,-0.829998530518493
5520260228010003,和歌山競輪,3R,11:57,1-5,1,5,2.4,0.07076542759070117,-0.8301629737823172
2620260226030005,西武園競輪,5R,22:18,6-7,6,7,36.0,0.004664565754663743,-0.8320756328321053
4420260228010008,大垣競輪,8R,14:22,3-9,3,9,4.7,0.03533814862909444,-0.8339107014432561
5320260227020001,奈良競輪,1R,08:50,2-5,2,5,2.1,0.07884018929624348,-0.8344356024778887
6220260228010004,広島競輪,4R,10:00,1-5,1,5,1.7,0.09729314464045238,-0.8346016541112309
7520260227020002,松山競輪,2R,16:14,1-4,1,4,1.4,0.11606853876475573,-0.837504045729342
2620260226030005,西武園競輪,5R,22:18,3-6,3,6,18.0,0.008875151487040343,-0.8402472732332738
5520260228010006,和歌山競輪,6R,13:15,4-6,4,6,1.7,0.09389256099670731,-0.8403826463055976
4420260228010001,大垣競輪,1R,11:18,1-9,1,9,2.8,0.05631517561878367,-0.8423175082674057
6220260228010007,広島競輪,7R,11:00,4-7,4,7,2.7,0.05785989213043496,-0.8437782912478256
7520260227020010,松山競輪,10R,19:30,2-7,2,7,3.2,0.04798455752012411,-0.8464494159356029
4420260228010009,大垣競輪,9R,14:50,1-5,1,5,2.0,0.07641461365221598,-0.8471707726955681
4420260228010010,大垣競輪,10R,15:18,1-7,1,7,1.8,0.08489065615667636,-0.8471968189179826
5320260227020003,奈良競輪,3R,09:30,2-7,2,7,1.3,0.11709200371342525,-0.8477803951725471
4420260228010005,大垣競輪,5R,13:02,2-5,2,5,4.4,0.03458555979125389,-0.8478235369184829
5320260227020005,奈良競輪,5R,10:10,4-5,4,5,1.4,0.10575488959532274,-0.8519431545665481
2620260226030002,西武園競輪,2R,21:05,2-4,2,4,12.0,0.012093688062362055,-0.8548757432516554
4420260228010003,大垣競輪,3R,12:10,2-9,2,9,7.8,0.017965598323189926,-0.8598683330791186
2620260226030001,西武園競輪,1R,20:41,3-4,3,4,2.1,0.06646706256939991,-0.8604191686042602
5320260227020002,奈良競輪,2R,09:10,2-5,2,5,1.4,0.09730421437661721,-0.8637740998727359
7520260227020003,松山競輪,3R,16:36,1-4,1,4,2.0,0.06737394073299752,-0.865252118534005
8120260226030006,小倉競輪,6R,23:03,1-2,1,2,1.0,0.13461610824026474,-0.8653838917597353
8120260226030004,小倉競輪,4R,22:09,1-3,1,3,2.3,0.05732421478885126,-0.8681543059856421
6220260228010006,広島競輪,6R,10:40,1-5,1,5,1.3,0.10053187120246684,-0.8693085674367931
5520260228010010,和歌山競輪,10R,15:04,3-7,3,7,1.5,0.08635366149485997,-0.87046950775771
7520260227020005,松山競輪,5R,17:24,1-7,1,7,1.4,0.09134155593128218,-0.872121821696205
4420260228010004,大垣競輪,4R,12:36,1-9,1,9,4.5,0.027997293169641183,-0.8740121807366147
4420260228010011,大垣競輪,11R,15:48,1-7,1,7,1.3,0.09533658860170754,-0.8760624348177802
4420260228010006,大垣競輪,6R,13:28,2-5,2,5,2.6,0.04588381172201661,-0.8807020895227569
6220260228010005,広島競輪,5R,10:20,1-7,1,7,1.8,0.06382020770815869,-0.8851236261253144
5520260228010004,和歌山競輪,4R,12:23,3-7,3,7,1.5,0.07566933377827251,-0.8864959993325913
8120260226030007,小倉競輪,7R,23:30,1-4,1,4,2.3,0.04878973471760242,-0.8877836101495145
4720260226030001,松阪競輪,1R,20:49,1-2,1,2,1.0,0.09640358689338999,-0.90359641310661
2620260226030005,西武園競輪,5R,22:18,5-6,5,6,18.0,0.004448594123867682,-0.9199253057703818
