race_id,競輪場,レース番号,開始時間,買い目,a,b,odds,p,EV
6320260603020007,防府競輪,7R,13:58,5-6,5,6,992.0,0.029614034411985776,28.37712213668989
6320260603020007,防府競輪,7R,13:58,1-4,1,4,534.1,0.05434584056139395,28.02611344384051
6320260603020007,防府競輪,7R,13:58,2-6,2,6,868.0,0.03231660745069055,27.0508152671994
4320260604010007,岐阜競輪,7R,10:35,5-7,5,7,779.6,0.03488774091332669,26.19848281602949
4320260604010002,岐阜競輪,2R,08:50,3-7,3,7,1064.7,0.025188857859835184,25.81857696336652
4320260604010002,岐阜競輪,2R,08:50,6-7,6,7,591.5,0.04306229778362965,24.471349139016937
6320260603020007,防府競輪,7R,13:58,1-6,1,6,534.1,0.046727454239364405,23.95713330924453
6320260603020007,防府競輪,7R,13:58,2-4,2,4,631.2,0.03811845613669525,23.06036951348204
6320260603020006,防府競輪,6R,13:30,6-7,6,7,575.1,0.04008687163140998,22.05395987522388
4320260604010002,岐阜競輪,2R,08:50,2-5,2,5,887.2,0.02532411822875371,21.467557692550294
4320260604010002,岐阜競輪,2R,08:50,5-7,5,7,760.5,0.028899100939277195,20.977766264320305
6320260603020006,防府競輪,6R,13:30,2-7,2,7,406.0,0.05134225786748243,19.844956694197865
2120260604010010,弥彦競輪,10R,19:26,5-6,5,6,326.2,0.06382014686275572,19.818131906630917
6320260603020011,防府競輪,11R,15:59,1-3,1,3,303.7,0.06551931498404318,18.89821596065391
6320260603020007,防府競輪,7R,13:58,6-7,6,7,347.2,0.05685321940902403,18.739437778813144
4320260604010002,岐阜競輪,2R,08:50,2-7,2,7,887.2,0.021360862453981843,17.95135716917269
2120260604010004,弥彦競輪,4R,17:02,1-7,1,7,545.0,0.03381960105900042,17.43168257715523
2120260604010012,弥彦競輪,12R,20:17,6-7,6,7,592.5,0.03077780713021252,17.235850724650916
2120260604010004,弥彦競輪,4R,17:02,3-7,3,7,331.7,0.05325491954994589,16.664656814717052
6320260603020007,防府競輪,7R,13:58,4-6,4,6,694.4,0.02504064041950426,16.38822070730376
6320260603020006,防府競輪,6R,13:30,3-6,3,6,406.0,0.04131130448064473,15.772389619141762
2120260604010004,弥彦競輪,4R,17:02,1-2,1,2,423.9,0.035713872034809524,14.139110355555756
6320260603020006,防府競輪,6R,13:30,1-7,1,7,493.0,0.02909022841471627,13.341482608455122
2120260604010002,弥彦競輪,2R,16:14,5-6,5,6,357.6,0.03981289620108259,13.237091681507135
2120260604010003,弥彦競輪,3R,16:38,3-6,3,6,347.1,0.03983059889454103,12.825200876295193
6320260603020006,防府競輪,6R,13:30,1-3,1,3,460.1,0.0296238403192959,12.629928930908045
4320260604010002,岐阜競輪,2R,08:50,4-7,4,7,354.9,0.03825669531176214,12.577301166144382
6320260603020009,防府競輪,9R,14:57,6-7,6,7,307.6,0.04259416133157422,12.101964025592231
8320260604010002,久留米競輪,2R,11:24,3-4,3,4,249.9,0.052413800614521514,12.098208773568926
4320260604010002,岐阜競輪,2R,08:50,2-4,2,4,380.2,0.034364728367729025,12.065469725410574
4320260604010002,岐阜競輪,2R,08:50,2-6,2,6,332.7,0.039249591371011014,12.058339049135364
6320260603020005,防府競輪,5R,13:02,3-6,3,6,377.8,0.03435194089126597,11.978163268720284
6320260603020010,防府競輪,10R,15:28,1-7,1,7,181.4,0.07053340513731926,11.794759691909714
4320260604010007,岐阜競輪,7R,10:35,3-7,3,7,1072.0,0.011926673485837997,11.785393976818332
6320260603020007,防府競輪,7R,13:58,4-5,4,5,365.4,0.034983548506278675,11.782988624194227
6320260603020010,防府競輪,10R,15:28,1-6,1,6,260.8,0.04870752014561389,11.702921253976104
6320260603020009,防府競輪,9R,14:57,5-7,5,7,251.7,0.048493324112826294,11.205769679198378
2120260604010002,弥彦競輪,2R,16:14,3-6,3,6,286.1,0.04211516900691988,11.04914985287978
3520260603020001,平塚競輪,1R,20:49,4-5,4,5,249.7,0.047512326354557904,10.863827890733107
6320260603020010,防府競輪,10R,15:28,4-6,4,6,642.0,0.018452029703920358,10.84620306991687
2120260604010003,弥彦競輪,3R,16:38,6-7,6,7,255.8,0.04591665777319252,10.745481058382646
8320260604010011,久留米競輪,11R,15:44,5-6,5,6,468.0,0.025086474568255156,10.740470097943414
8320260604010011,久留米競輪,11R,15:44,4-6,4,6,1604.8,0.007276294162452023,10.676996871903006
6320260603020006,防府競輪,6R,13:30,2-3,2,3,215.6,0.0534481335427378,10.523417591814269
2120260604010003,弥彦競輪,3R,16:38,2-6,2,6,151.8,0.07546539771335366,10.455647372887086
2120260604010004,弥彦競輪,4R,17:02,6-7,6,7,587.0,0.019475103936111706,10.431886010497571
6320260603020010,防府競輪,10R,15:28,4-7,4,7,379.3,0.03003315646823402,10.391576248401163
4320260604010007,岐阜競輪,7R,10:35,2-5,2,5,182.4,0.06171437160070796,10.256701379969131
6320260603020010,防府競輪,10R,15:28,3-4,3,4,245.4,0.04562087367746194,10.195362400449161
6320260603020010,防府競輪,10R,15:28,2-3,2,3,157.4,0.06983521165384177,9.992062314314694
4320260604010007,岐阜競輪,7R,10:35,4-7,4,7,343.0,0.03198928376793033,9.972324332400104
6320260603020006,防府競輪,6R,13:30,4-7,4,7,176.9,0.061978059923745527,9.963918800510584
2120260604010011,弥彦競輪,11R,19:51,5-6,5,6,327.7,0.03326206854597252,9.899979862515195
1220260602030003,青森競輪,3R,16:50,1-6,1,6,232.6,0.04661481166790381,9.842605193954425
6320260603020011,防府競輪,11R,15:59,3-6,3,6,393.0,0.02706669517896785,9.637211205334365
3520260603020002,平塚競輪,2R,21:13,1-6,1,6,189.7,0.05589354262342976,9.603005035664625
6320260603020004,防府競輪,4R,12:34,6-7,6,7,437.3,0.02423933257982907,9.599860137159252
2120260604010004,弥彦競輪,4R,17:02,1-3,1,3,190.7,0.05556124653403524,9.59552971404052
6320260603020010,防府競輪,10R,15:28,1-3,1,3,115.9,0.08993198982332948,9.423117620523888
4320260604010007,岐阜競輪,7R,10:35,2-7,2,7,408.3,0.025440371692000655,9.387303761843867
2120260604010003,弥彦競輪,3R,16:38,1-3,1,3,441.8,0.023416071155866636,9.34522023666188
2120260604010004,弥彦競輪,4R,17:02,4-7,4,7,346.8,0.029807918794681153,9.337386237995425
2120260604010010,弥彦競輪,10R,19:26,1-6,1,6,326.2,0.030867179735474516,9.068874029711786
4320260604010002,岐阜競輪,2R,08:50,3-5,3,5,332.7,0.029854883884712996,8.932719868444014
6320260603020007,防府競輪,7R,13:58,4-7,4,7,150.9,0.06579344931316561,8.928231501356692
1220260602030003,青森競輪,3R,16:50,1-7,1,7,225.1,0.04376984586906496,8.852592305126523
4320260604010001,岐阜競輪,1R,08:30,5-6,5,6,264.5,0.0362366582684052,8.584596111993175
6320260603020010,防府競輪,10R,15:28,2-7,2,7,189.6,0.05004179736920024,8.487924781200364
6320260603020001,防府競輪,1R,11:11,5-6,5,6,368.9,0.025380236320157464,8.362769178506088
8320260604010001,久留米競輪,1R,10:58,2-8,2,8,840.3,0.011101273694860851,8.328400285791572
6320260603020010,防府競輪,10R,15:28,6-7,6,7,642.0,0.01440456649625322,8.247731690594566
4320260604010007,岐阜競輪,7R,10:35,2-3,2,3,306.2,0.030013434491847756,8.190113641403782
6320260603020006,防府競輪,6R,13:30,3-7,3,7,313.7,0.029013921355742496,8.101667129296422
2120260604010003,弥彦競輪,3R,16:38,4-6,4,6,540.0,0.016823755627020587,8.084828038591118
8320260604010003,久留米競輪,3R,11:52,3-4,3,4,751.0,0.011958228971747665,7.9806299577824955
6320260603020011,防府競輪,11R,15:59,4-6,4,6,477.3,0.018741228721535254,7.945188468788777
8320260604010011,久留米競輪,11R,15:44,2-6,2,6,320.9,0.02772652930013953,7.897443252414774
6320260603020010,防府競輪,10R,15:28,3-6,3,6,321.0,0.027446725274059357,7.8103988129730535
4320260604010002,岐阜競輪,2R,08:50,3-6,3,6,190.1,0.0456528931438322,7.678614986642502
4320260604010007,岐阜競輪,7R,10:35,5-6,5,6,779.6,0.01107811464034258,7.636498173611075
6320260603020002,防府競輪,2R,11:38,4-6,4,6,501.5,0.017181952638324578,7.616749248119776
8320260604010003,久留米競輪,3R,11:52,4-8,4,8,982.1,0.008738623612612798,7.582202249947029
3520260603020002,平塚競輪,2R,21:13,4-5,4,5,189.7,0.044830700386990066,7.504383863412015
3520260603020002,平塚競輪,2R,21:13,3-5,3,5,189.7,0.04465425053827897,7.470911327111519
1220260602030003,青森競輪,3R,16:50,2-6,2,6,303.4,0.027722344083638384,7.410959194975884
8320260604010008,久留米競輪,8R,14:12,5-6,5,6,379.1,0.022143713361687373,7.394681735415684
8320260604010011,久留米競輪,11R,15:44,6-7,6,7,170.2,0.048922844332628855,7.326668105413431
6320260603020009,防府競輪,9R,14:57,1-7,1,7,173.0,0.04806435472351421,7.315133367167958
2120260604010004,弥彦競輪,4R,17:02,1-6,1,6,401.6,0.020643574491193636,7.290459515663365
8320260604010004,久留米競輪,4R,12:20,1-4,1,4,181.0,0.045789746514737086,7.287944119167413
6320260603020005,防府競輪,5R,13:02,1-6,1,6,377.8,0.021853444934872724,7.256231496394916
8320260604010008,久留米競輪,8R,14:12,1-8,1,8,410.7,0.019984204268051878,7.207512692888907
4320260604010004,岐阜競輪,4R,09:32,3-4,3,4,237.2,0.03447373538960487,7.177170034414274
4320260604010007,岐阜競輪,7R,10:35,3-6,3,6,1429.3,0.0056992607011634375,7.1459533201729
6320260603020009,防府競輪,9R,14:57,2-7,2,7,88.3,0.09147690353837393,7.077410582438418
8320260604010001,久留米競輪,1R,10:58,6-7,6,7,560.2,0.014272946251493845,6.995704490086853
4320260604010007,岐阜競輪,7R,10:35,2-4,2,4,138.3,0.05694014181767494,6.874821613384445
8320260604010004,久留米競輪,4R,12:20,1-6,1,6,183.6,0.04277870534480233,6.854170301305708
6320260603020009,防府競輪,9R,14:57,5-6,5,6,237.3,0.03292499608953686,6.813101572047097
4320260604010006,岐阜競輪,6R,10:14,1-5,1,5,163.3,0.047555736498851614,6.765851770262469
6320260603020011,防府競輪,11R,15:59,3-7,3,7,222.7,0.034637787365254774,6.713835246242238
4320260604010002,岐阜競輪,2R,08:50,3-4,3,4,190.1,0.04016941985344878,6.636206714140613
8320260604010002,久留米競輪,2R,11:24,4-5,4,5,255.4,0.029802995110694477,6.61168495127137
8320260604010003,久留米競輪,3R,11:52,4-5,4,5,491.0,0.015456835021804378,6.589305995705949
2120260604010003,弥彦競輪,3R,16:38,3-7,3,7,540.0,0.014025830172099964,6.573948292933981
8320260604010003,久留米競輪,3R,11:52,2-4,2,4,411.8,0.018295792782513694,6.534207467839139
6320260603020001,防府競輪,1R,11:11,2-6,2,6,153.7,0.0487392423425988,6.4912215480574345
6320260603020006,防府競輪,6R,13:30,3-4,3,4,115.0,0.06489443846873068,6.462860423904028
8320260604010007,久留米競輪,7R,13:44,5-6,5,6,218.8,0.03378781103942319,6.392773055425794
6320260603020004,防府競輪,4R,12:34,4-6,4,6,275.3,0.026517158101349386,6.300173625301486
6320260603020005,防府競輪,5R,13:02,6-7,6,7,377.8,0.019308572420692827,6.294778660537751
8320260604010010,久留米競輪,10R,15:12,6-9,6,9,438.3,0.016565849672723603,6.260811911554756
3520260603020002,平塚競輪,2R,21:13,2-7,2,7,189.7,0.03822655459135193,6.25157740597946
1220260602030001,青森競輪,1R,16:06,1-6,1,6,155.0,0.046499912885630185,6.207486497272678
8320260604010010,久留米競輪,10R,15:12,4-9,4,9,325.6,0.021947432597386875,6.146084053709167
6320260603020011,防府競輪,11R,15:59,3-5,3,5,71.0,0.10060804543526827,6.143171225904047
8320260604010003,久留米競輪,3R,11:52,1-4,1,4,245.5,0.029018649744491788,6.124078512272734
2120260604010004,弥彦競輪,4R,17:02,2-3,2,3,123.0,0.057846072405958696,6.1150669059329195
8320260604010008,久留米競輪,8R,14:12,5-8,5,8,308.0,0.02284025646295302,6.03479899058953
8320260604010010,久留米競輪,10R,15:12,4-5,4,5,138.9,0.05047499025613163,6.0109761465766836
8320260604010004,久留米競輪,4R,12:20,5-6,5,6,267.7,0.02618691373627702,6.010236807201358
4320260604010001,岐阜競輪,1R,08:30,3-6,3,6,204.7,0.03422789418723565,6.006449940127138
8320260604010001,久留米競輪,1R,10:58,2-7,2,7,254.6,0.027461638476780056,5.991733156188202
8320260604010009,久留米競輪,9R,14:42,2-6,2,6,357.2,0.01954674957127714,5.9820989468601935
8320260604010003,久留米競輪,3R,11:52,4-6,4,6,440.2,0.015834270182009492,5.970245734120578
6320260603020011,防府競輪,11R,15:59,1-4,1,4,131.0,0.05307042849377583,5.9522261326846335
2120260604010008,弥彦競輪,8R,18:38,3-5,3,5,217.5,0.03187855833972432,5.93358643889004
4320260604010002,岐阜競輪,2R,08:50,2-3,2,3,313.1,0.021769171388946126,5.8159275618790325
6320260603020007,防府競輪,7R,13:58,1-5,1,5,110.2,0.0615278027614584,5.780363864312716
8320260604010008,久留米競輪,8R,14:12,1-6,1,6,365.0,0.018564329944351067,5.77598042968814
4320260604010007,岐阜競輪,7R,10:35,4-6,4,6,659.7,0.010233449064658014,5.751006347954892
6320260603020002,防府競輪,2R,11:38,1-6,1,6,117.3,0.05751076427315488,5.7460126492410675
8320260604010010,久留米競輪,10R,15:12,3-4,3,4,407.0,0.016536789657484393,5.730473390596148
2120260604010002,弥彦競輪,2R,16:14,6-7,6,7,92.2,0.0727102351396924,5.703883679879639
6320260603020003,防府競輪,3R,12:06,6-7,6,7,264.1,0.02534972876465577,5.69486336674559
8320260604010004,久留米競輪,4R,12:20,4-5,4,5,238.0,0.028111647777478252,5.690572171039824
2120260604010004,弥彦競輪,4R,17:02,2-6,2,6,346.8,0.01921878698635717,5.665075326868667
8320260604010008,久留米競輪,8R,14:12,2-6,2,6,193.2,0.03449607730785916,5.66464213587839
2120260604010002,弥彦競輪,2R,16:14,3-4,3,4,220.0,0.030071750816001837,5.615785179520404
4320260604010005,岐阜競輪,5R,09:53,2-4,2,4,231.1,0.028428918649398494,5.569923099875992
8320260604010007,久留米競輪,7R,13:44,4-5,4,5,118.7,0.05522241014580011,5.554900084306473
4320260604010006,岐阜競輪,6R,10:14,5-6,5,6,673.6,0.009706648169960478,5.538398207285378
1220260602030001,青森競輪,1R,16:06,6-7,6,7,290.6,0.022452935352792476,5.524823013521494
8320260604010006,久留米競輪,6R,13:16,2-8,2,8,419.1,0.01554962008243883,5.516845776550114
8320260604010010,久留米競輪,10R,15:12,4-7,4,7,247.7,0.026211382272919193,5.492559389002084
2120260604010003,弥彦競輪,3R,16:38,3-5,3,5,86.7,0.07485953377613577,5.490321578390971
4320260604010006,岐阜競輪,6R,10:14,2-3,2,3,163.3,0.03935310972114259,5.426362817462585
4320260604010001,岐阜競輪,1R,08:30,1-6,1,6,264.5,0.02407481132764588,5.367787596162335
3520260603020001,平塚競輪,1R,20:49,5-7,5,7,249.7,0.025424185024338027,5.348419000577205
8320260604010006,久留米競輪,6R,13:16,3-4,3,4,201.8,0.031438319727977934,5.344252921105947
1220260602030001,青森競輪,1R,16:06,5-6,5,6,110.7,0.057243226451040075,5.336825168130137
8320260604010008,久留米競輪,8R,14:12,2-8,2,8,179.2,0.03521391469780967,5.3103335138474925
4320260604010007,岐阜競輪,7R,10:35,2-6,2,6,714.6,0.008828005259236816,5.308492558250629
6320260603020007,防府競輪,7R,13:58,2-5,2,5,141.7,0.04425218964817054,5.270535273145765
8320260604010011,久留米競輪,11R,15:44,4-5,4,5,274.0,0.022449311043256554,5.151111225852296
4320260604010004,岐阜競輪,4R,09:32,4-6,4,6,406.6,0.015101525255972189,5.140280169078292
6320260603020003,防府競輪,3R,12:06,2-6,2,6,123.6,0.04926787755779388,5.089509666143323
8320260604010011,久留米競輪,11R,15:44,6-9,6,9,432.0,0.014035615492466787,5.063385892745652
8320260604010004,久留米競輪,4R,12:20,3-6,3,6,210.7,0.02870249027643344,5.047614701244525
8320260604010001,久留米競輪,1R,10:58,5-6,5,6,233.4,0.025892258989755265,5.043253248208879
6320260603020004,防府競輪,4R,12:34,2-6,2,6,90.6,0.06665595859622891,5.039029848818339
8320260604010001,久留米競輪,1R,10:58,3-6,3,6,357.5,0.01683889859327244,5.019906247094897
4320260604010004,岐阜競輪,4R,09:32,3-7,3,7,121.1,0.0496264153311416,5.009758896601247
6320260603020004,防府競輪,4R,12:34,4-5,4,5,256.3,0.023338661795762397,4.981699018253902
2120260604010004,弥彦競輪,4R,17:02,2-4,2,4,190.7,0.031345978483643636,4.977678096830841
6320260603020003,防府競輪,3R,12:06,1-3,1,3,138.3,0.04320010945587249,4.974575137747166
6320260603020003,防府競輪,3R,12:06,1-6,1,6,132.0,0.04522429016239473,4.969606301436104
2120260604010002,弥彦競輪,2R,16:14,4-6,4,6,408.7,0.014585597225791721,4.961133586181076
4320260604010004,岐阜競輪,4R,09:32,6-7,6,7,227.7,0.02609041704184403,4.940787960427885
8320260604010003,久留米競輪,3R,11:52,4-7,4,7,177.3,0.03347343217188507,4.934839524075223
6320260603020004,防府競輪,4R,12:34,5-6,5,6,743.4,0.007964941394500422,4.921137432671613
8320260604010002,久留米競輪,2R,11:24,3-8,3,8,326.3,0.018134958852373095,4.917437073529341
8320260604010011,久留米競輪,11R,15:44,1-8,1,8,534.9,0.01106170843075229,4.9169078396094
6320260603020010,防府競輪,10R,15:28,3-7,3,7,141.4,0.041711509526761566,4.898007447084086
4320260604010004,岐阜競輪,4R,09:32,5-6,5,6,93.3,0.06303799167084226,4.881444622889583
8320260604010003,久留米競輪,3R,11:52,8-9,8,9,232.1,0.02522916212332438,4.855688528823589
1220260602030011,青森競輪,11R,20:04,6-7,6,7,121.1,0.04830285422215049,4.849475646302424
8320260604010007,久留米競輪,7R,13:44,4-9,4,9,192.4,0.03039202679743432,4.847425955826363
8320260604010008,久留米競輪,8R,14:12,4-8,4,8,518.8,0.011264956641137643,4.844259505422208
6320260603020010,防府競輪,10R,15:28,2-6,2,6,177.5,0.03267416572685489,4.799664416516743
8320260604010006,久留米競輪,6R,13:16,6-8,6,8,1362.3,0.004247990479561795,4.787037430307033
4320260604010002,岐阜競輪,2R,08:50,1-2,1,2,98.5,0.05841755816077174,4.754129478836016
4320260604010005,岐阜競輪,5R,09:53,1-4,1,4,168.8,0.03394129114259046,4.72928994486927
2120260604010002,弥彦競輪,2R,16:14,1-6,1,6,178.8,0.03169729096926426,4.6674756253044505
8320260604010002,久留米競輪,2R,11:24,4-9,4,9,180.7,0.031360794208956815,4.666895513558496
8320260604010010,久留米競輪,10R,15:12,5-6,5,6,142.4,0.03972088987005524,4.656254717495866
4320260604010006,岐阜競輪,6R,10:14,3-5,3,5,168.4,0.03352628809003633,4.645826914362118
8320260604010002,久留米競輪,2R,11:24,4-8,4,8,652.7,0.008634723649027553,4.635884125720284
8320260604010002,久留米競輪,2R,11:24,2-4,2,4,156.6,0.03579933679063835,4.606176141413965
4320260604010006,岐阜競輪,6R,10:14,5-7,5,7,215.5,0.025946092048608427,4.591382836475116
4320260604010005,岐阜競輪,5R,09:53,1-5,1,5,133.0,0.041818505758867315,4.561861265929353
4320260604010006,岐阜競輪,6R,10:14,3-6,3,6,769.9,0.0072172316405900066,4.556546640090246
8320260604010007,久留米競輪,7R,13:44,5-8,5,8,227.8,0.024263935133854362,4.527324423492024
6320260603020009,防府競輪,9R,14:57,1-5,1,5,148.3,0.037152105526287234,4.509657249548397
8320260604010007,久留米競輪,7R,13:44,6-7,6,7,384.9,0.014251081261176628,4.485241177426884
8320260604010008,久留米競輪,8R,14:12,4-5,4,5,214.2,0.02558954768571398,4.481281114279934
6320260603020001,防府競輪,1R,11:11,1-6,1,6,80.1,0.06752749842870018,4.408952624138884
6320260603020011,防府競輪,11R,15:59,3-4,3,4,136.3,0.03966072216360693,4.405756430899625
8320260604010006,久留米競輪,6R,13:16,1-8,1,8,454.1,0.011893979629499157,4.401056149755568
6320260603020002,防府競輪,2R,11:38,6-7,6,7,229.8,0.023462619549568946,4.391709972490944
8320260604010003,久留米競輪,3R,11:52,1-8,1,8,224.0,0.023977259037568942,4.370906024415443
8320260604010007,久留米競輪,7R,13:44,1-4,1,4,136.1,0.03943891859345134,4.367636820568727
4320260604010006,岐阜競輪,6R,10:14,2-6,2,6,489.9,0.010917783664630271,4.34862221730237
6320260603020011,防府競輪,11R,15:59,4-7,4,7,190.9,0.027871990230522038,4.320762935006657
4320260604010005,岐阜競輪,5R,09:53,4-6,4,6,399.2,0.013272069015481083,4.298209950980048
2120260604010004,弥彦競輪,4R,17:02,2-7,2,7,155.7,0.03399368929631513,4.292817423436266
4320260604010007,岐阜競輪,7R,10:35,3-4,3,4,140.5,0.03765869377424509,4.291046475281435
1220260602030003,青森競輪,3R,16:50,6-7,6,7,290.8,0.018161716385130516,4.281427124795954
4320260604010001,岐阜競輪,1R,08:30,4-5,4,5,151.1,0.03484325870165207,4.264816389819628
4320260604010007,岐阜競輪,7R,10:35,1-7,1,7,69.7,0.07547646015987641,4.260709273143386
2120260604010003,弥彦競輪,3R,16:38,2-3,2,3,142.9,0.036771342942449964,4.2546249064761
6320260603020011,防府競輪,11R,15:59,2-3,2,3,180.6,0.02905846871526322,4.247959449976538
6320260603020007,防府競輪,7R,13:58,1-2,1,2,78.9,0.06636970678904759,4.236569865655856
8320260604010001,久留米競輪,1R,10:58,2-5,2,5,112.0,0.046477485486873804,4.205478374529866
2120260604010001,弥彦競輪,1R,15:51,4-6,4,6,112.4,0.046152583076740056,4.1875503378255825
6320260603020011,防府競輪,11R,15:59,6-7,6,7,267.3,0.01939757850437217,4.1849727342186815
6320260603020004,防府競輪,4R,12:34,3-6,3,6,413.0,0.012485423694955066,4.156479986016443
8320260604010007,久留米競輪,7R,13:44,1-6,1,6,214.6,0.024017457345725662,4.154146346392727
8320260604010007,久留米競輪,7R,13:44,4-7,4,7,218.8,0.023528894562402466,4.14812213025366
8320260604010007,久留米競輪,7R,13:44,1-8,1,8,301.7,0.01704821919728704,4.1434477318215
8320260604010001,久留米競輪,1R,10:58,3-8,3,8,409.9,0.012512989533198945,4.129074409658248
3520260603020002,平塚競輪,2R,21:13,5-7,5,7,189.7,0.026901089879060217,4.103136750057723
4320260604010001,岐阜競輪,1R,08:30,3-4,3,4,154.8,0.032904032950177645,4.093544300687499
6320260603020002,防府競輪,2R,11:38,2-3,2,3,145.1,0.034963398403422566,4.0731891083366145
8320260604010004,久留米競輪,4R,12:20,3-8,3,8,257.0,0.019722467382525442,4.068674117309039
2120260604010002,弥彦競輪,2R,16:14,4-5,4,5,178.8,0.02825671574076812,4.05230077444934
8320260604010011,久留米競輪,11R,15:44,3-6,3,6,362.3,0.013933362562790758,4.048057256499091
6320260603020009,防府競輪,9R,14:57,2-5,2,5,69.2,0.07249733910586637,4.0168158661259525
6320260603020005,防府競輪,5R,13:02,5-6,5,6,156.0,0.032006348973020626,3.9929904397912175
4320260604010004,岐阜競輪,4R,09:32,1-6,1,6,196.3,0.025413608199116346,3.988691289486539
8320260604010010,久留米競輪,10R,15:12,7-8,7,8,438.3,0.011381689102141221,3.9885943334684972
8320260604010011,久留米競輪,11R,15:44,2-8,2,8,320.9,0.015520398009337202,3.9804957211963075
2120260604010008,弥彦競輪,8R,18:38,3-4,3,4,72.5,0.06865807241506192,3.977710250091989
4320260604010001,岐阜競輪,1R,08:30,4-6,4,6,253.9,0.01958122178350069,3.9716722108308256
6320260603020005,防府競輪,5R,13:02,3-4,3,4,84.4,0.058819864503946384,3.964396564133075
8320260604010003,久留米競輪,3R,11:52,3-5,3,5,296.9,0.01669101792354594,3.955563221500789
6320260603020008,防府競輪,8R,14:27,1-4,1,4,129.1,0.0383121414445871,3.946097460496194
8320260604010007,久留米競輪,7R,13:44,6-9,6,9,265.8,0.018519227072324115,3.92241055582375
6320260603020001,防府競輪,1R,11:11,3-5,3,5,230.5,0.021262140982997633,3.9009234965809547
8320260604010011,久留米競輪,11R,15:44,7-8,7,8,187.2,0.026162420710266025,3.8976051569617995
8320260604010011,久留米競輪,11R,15:44,4-9,4,9,387.3,0.012639626199334775,3.8953272270023582
8320260604010008,久留米競輪,8R,14:12,8-9,8,9,410.7,0.011847503374214533,3.865769635789909
8320260604010007,久留米競輪,7R,13:44,3-4,3,4,248.0,0.019605871262101806,3.862256073001248
8320260604010009,久留米競輪,9R,14:42,2-5,2,5,316.4,0.015318141107878228,3.8466598465326705
6320260603020007,防府競輪,7R,13:58,5-7,5,7,65.5,0.07381144946196182,3.834649939758499
2120260604010004,弥彦競輪,4R,17:02,5-7,5,7,63.5,0.07526136861399069,3.779096906988409
8320260604010008,久留米競輪,8R,14:12,2-4,2,4,117.3,0.04063821745270482,3.7668629072022757
4320260604010005,岐阜競輪,5R,09:53,4-5,4,5,66.5,0.07148291395050599,3.7536137777086482
8320260604010011,久留米競輪,11R,15:44,1-4,1,4,267.4,0.01777118608458167,3.7520151590171382
8320260604010009,久留米競輪,9R,14:42,1-2,1,2,79.1,0.05999228715564378,3.7453899140114224
8320260604010011,久留米競輪,11R,15:44,3-4,3,4,374.4,0.012662012915872944,3.7406576357028296
8320260604010001,久留米競輪,1R,10:58,6-8,6,8,884.5,0.005338901809049823,3.7222586501045685
8320260604010011,久留米競輪,11R,15:44,8-9,8,9,591.2,0.007949311275757388,3.6996328262277682
8320260604010006,久留米競輪,6R,13:16,8-9,8,9,242.2,0.019353983130765005,3.687534714271284
6320260603020006,防府競輪,6R,13:30,2-6,2,6,67.6,0.06920876460327181,3.678512487181174
6320260603020001,防府競輪,1R,11:11,3-6,3,6,276.6,0.016832860727189723,3.655969277140678
8320260604010006,久留米競輪,6R,13:16,5-8,5,8,247.7,0.01872553359519738,3.6383146715303907
4320260604010007,岐阜競輪,7R,10:35,4-5,4,5,65.4,0.0708610660459987,3.6343137194083157
8320260604010010,久留米競輪,10R,15:12,2-4,2,4,112.8,0.04075948190390283,3.5976695587602388
8320260604010001,久留米競輪,1R,10:58,7-8,7,8,480.1,0.009541962450097904,3.5810961722920043
4320260604010005,岐阜競輪,5R,09:53,5-6,5,6,292.7,0.015540347247425552,3.5486596393214587
6320260603020005,防府競輪,5R,13:02,2-3,2,3,68.3,0.06633796482859768,3.5308829977932215
3520260603020001,平塚競輪,1R,20:49,2-7,2,7,124.8,0.036072549994908575,3.50185423936459
1220260602030008,青森競輪,8R,18:50,5-6,5,6,80.7,0.05572116144277238,3.496697728431731
8320260604010010,久留米競輪,10R,15:12,6-7,6,7,227.9,0.019723933808074464,3.495084514860171
4320260604010006,岐阜競輪,6R,10:14,1-3,1,3,134.7,0.03334462166971106,3.4915205389100796
4320260604010006,岐阜競輪,6R,10:14,1-6,1,6,449.1,0.009998157527063511,3.4901725454042234
8320260604010010,久留米競輪,10R,15:12,3-6,3,6,367.6,0.012214045488531612,3.4898831215842208
4320260604010001,岐阜競輪,1R,08:30,1-5,1,5,109.4,0.04093354907588376,3.4781302689016833
8320260604010003,久留米競輪,3R,11:52,3-9,3,9,155.7,0.028752164788443536,3.4767120575606585
2120260604010003,弥彦競輪,3R,16:38,1-6,1,6,83.8,0.05328061036931368,3.464915148948487
6320260603020002,防府競輪,2R,11:38,2-6,2,6,177.9,0.025083820590286344,3.4624116830119407
1220260602030012,青森競輪,12R,20:30,5-6,5,6,111.1,0.04000217804207491,3.444241980474523
8320260604010001,久留米競輪,1R,10:58,2-3,2,3,150.0,0.029607994463399925,3.4411991695099884
2120260604010001,弥彦競輪,1R,15:51,6-7,6,7,123.1,0.035971617271253434,3.4281060860912973
8320260604010006,久留米競輪,6R,13:16,4-7,4,7,141.5,0.03126527513216811,3.424036431201788
8320260604010006,久留米競輪,6R,13:16,4-8,4,8,681.1,0.0064932959124244,3.422583845952259
8320260604010010,久留米競輪,10R,15:12,3-8,3,8,633.1,0.006971610100157968,3.4137263544100103
1220260602030001,青森競輪,1R,16:06,3-6,3,6,258.3,0.017012979099620587,3.3944525014319975
3520260603020007,平塚競輪,7R,23:21,3-7,3,7,65.2,0.06727283538032648,3.386188866797287
6320260603020009,防府競輪,9R,14:57,4-5,4,5,118.6,0.036976739801535506,3.385441340462111
8320260604010006,久留米競輪,6R,13:16,2-6,2,6,495.4,0.00884327088764972,3.380956397741671
8320260604010009,久留米競輪,9R,14:42,1-6,1,6,133.4,0.032738001102448754,3.3672493470666636
8320260604010002,久留米競輪,2R,11:24,1-8,1,8,587.4,0.0074220110685061826,3.3596893016405316
8320260604010003,久留米競輪,3R,11:52,1-3,1,3,163.6,0.02664618706479359,3.3593162038002307
8320260604010006,久留米競輪,6R,13:16,3-6,3,6,272.4,0.015889892953025182,3.3284068404040594
8320260604010011,久留米競輪,11R,15:44,4-8,4,8,864.1,0.00500724012844404,3.326756194988495
2120260604010008,弥彦競輪,8R,18:38,4-5,4,5,72.5,0.05967254101308079,3.326259223448357
8320260604010002,久留米競輪,2R,11:24,1-4,1,4,175.3,0.0246199304353152,3.315873805310755
8320260604010005,久留米競輪,5R,12:48,6-7,6,7,272.7,0.01579267880386418,3.3066635098137622
4320260604010006,岐阜競輪,6R,10:14,3-7,3,7,283.6,0.015182491692394382,3.3057546439630476
2120260604010003,弥彦競輪,3R,16:38,2-4,2,4,270.0,0.015945972772282983,3.3054126485164055
8320260604010004,久留米競輪,4R,12:20,1-8,1,8,149.4,0.028650727739789657,3.2804187243245746
6320260603020004,防府競輪,4R,12:34,1-5,1,5,165.2,0.025891129886162136,3.2772146571939844
8320260604010009,久留米競輪,9R,14:42,2-7,2,7,116.5,0.036598299212395644,3.263701858244093
2120260604010008,弥彦競輪,8R,18:38,5-6,5,6,217.5,0.019576101114192283,3.2578019923368213
6320260603020006,防府競輪,6R,13:30,1-2,1,2,79.3,0.053562991726262776,3.247545243892638
2120260604010012,弥彦競輪,12R,20:17,3-6,3,6,296.2,0.014324805928462251,3.2430075160105183
4320260604010005,岐阜競輪,5R,09:53,1-2,1,2,399.2,0.010605619235808206,3.2337631989346356
1220260602030007,青森競輪,7R,18:26,1-6,1,6,171.7,0.024648057557323133,3.2320714825923815
4320260604010006,岐阜競輪,6R,10:14,2-5,2,5,80.4,0.05248145669309144,3.2195091181245523
6320260603020006,防府競輪,6R,13:30,1-6,1,6,101.5,0.041410849270444416,3.203201200950108
4320260604010004,岐阜競輪,4R,09:32,2-6,2,6,105.4,0.039826866395482524,3.1977517180838584
8320260604010001,久留米競輪,1R,10:58,2-9,2,9,207.4,0.02023742882419094,3.1972427381372013
1220260602030010,青森競輪,10R,19:38,4-6,4,6,87.5,0.047921124674842615,3.193098409048729
2120260604010005,弥彦競輪,5R,17:26,1-6,1,6,111.6,0.03750697588169736,3.1857785083974246
6320260603020002,防府競輪,2R,11:38,3-6,3,6,250.7,0.016643053494647685,3.172413511108174
4320260604010007,岐阜競輪,7R,10:35,6-7,6,7,857.6,0.004837562039347797,3.1486932049446708
2120260604010012,弥彦競輪,12R,20:17,5-6,5,6,197.5,0.020886605714903105,3.1251046286933635
6320260603020009,防府競輪,9R,14:57,4-7,4,7,86.5,0.047575231569726914,3.1152575307813777
1220260602030001,青森競輪,1R,16:06,4-6,4,6,258.3,0.015872288131704684,3.09981202441932
8320260604010009,久留米競輪,9R,14:42,3-6,3,6,325.7,0.012556644340187774,3.089699061599158
1220260602030002,青森競輪,2R,16:28,1-6,1,6,164.6,0.024677542712356185,3.0619235304538277
1220260602030003,青森競輪,3R,16:50,4-6,4,6,145.4,0.027860855151849155,3.0509683390788673
8320260604010010,久留米競輪,10R,15:12,4-8,4,8,518.0,0.00780163742569695,3.0412481865110204
8320260604010010,久留米競輪,10R,15:12,8-9,8,9,422.0,0.009576134347643081,3.04112869470538
8320260604010006,久留米競輪,6R,13:16,4-5,4,5,191.2,0.021113816432683265,3.03696170192904
2120260604010010,弥彦競輪,10R,19:26,6-7,6,7,326.2,0.012371302996950878,3.0355190376053764
8320260604010003,久留米競輪,3R,11:52,2-8,2,8,255.3,0.015771386128321595,3.0264348785605035
8320260604010009,久留米競輪,9R,14:42,2-3,2,3,153.8,0.026148131583182653,3.021582637493492
1220260602030002,青森競輪,2R,16:28,6-7,6,7,77.7,0.05175003063276672,3.0209773801659745
2220260603020001,前橋競輪,1R,20:41,1-6,1,6,51.0,0.07875470167091064,3.016489785216443
6320260603020005,防府競輪,5R,13:02,4-6,4,6,256.4,0.01565873251895542,3.014899017860169
4320260604010002,岐阜競輪,2R,08:50,1-7,1,7,64.1,0.062492551425995295,3.0057725464062983
8320260604010006,久留米競輪,6R,13:16,4-6,4,6,838.3,0.004773248788722555,3.001414459586118
4320260604010001,岐阜競輪,1R,08:30,1-3,1,3,102.3,0.03903137196316845,2.9929093518321324
8320260604010003,久留米競輪,3R,11:52,3-7,3,7,125.1,0.03126519927883148,2.9112764297818177
1220260602030003,青森競輪,3R,16:50,1-2,1,2,69.1,0.056598866276636774,2.910981659715601
6320260603020004,防府競輪,4R,12:34,1-6,1,6,132.7,0.029355196916278144,2.8954346307901093
8320260604010001,久留米競輪,1R,10:58,6-9,6,9,336.1,0.011583369698521561,2.893170555673097
4320260604010001,岐阜競輪,1R,08:30,2-4,2,4,124.4,0.03126311961910952,2.8891320806172245
6320260603020001,防府競輪,1R,11:11,5-7,5,7,108.5,0.03577276549100013,2.881345055773514
8320260604010003,久留米競輪,3R,11:52,2-3,2,3,212.8,0.018155306720282816,2.8634492700761833
8320260604010008,久留米競輪,8R,14:12,3-8,3,8,298.7,0.012900608408954328,2.8534117317546577
2120260604010003,弥彦競輪,3R,16:38,3-4,3,4,607.5,0.006340876057993612,2.8520822052311194
8320260604010002,久留米競輪,2R,11:24,5-7,5,7,175.3,0.021943705006261607,2.8467314875976597
1220260602030002,青森競輪,2R,16:28,5-6,5,6,93.2,0.041243579706756926,2.843901628669746
8320260604010007,久留米競輪,7R,13:44,7-8,7,8,384.9,0.009978672872199647,2.8407911885096437
8320260604010004,久留米競輪,4R,12:20,2-8,2,8,443.2,0.008662465906061621,2.8392048895665103
4320260604010001,岐阜競輪,1R,08:30,2-6,2,6,117.5,0.032528185111411055,2.822061750590799
4320260604010003,岐阜競輪,3R,09:11,2-6,2,6,65.6,0.0581823666550178,2.8167632525691677
6320260603020004,防府競輪,4R,12:34,1-3,1,3,112.6,0.03368568416740312,2.793008037249591
6320260603020004,防府競輪,4R,12:34,3-4,3,4,126.0,0.030094165252934763,2.79186482186978
8320260604010009,久留米競輪,9R,14:42,4-6,4,6,346.0,0.01094063128419153,2.78545842433027
8320260604010001,久留米競輪,1R,10:58,2-4,2,4,175.0,0.021621947634801464,2.7838408360902562
2120260604010009,弥彦競輪,9R,19:02,6-7,6,7,61.8,0.06104460976651877,2.77255688357086
8320260604010009,久留米競輪,9R,14:42,2-8,2,8,582.8,0.006465414550252112,2.768043599886931
8320260604010005,久留米競輪,5R,12:48,5-6,5,6,545.5,0.006903447471328069,2.7658305956094615
2120260604010010,弥彦競輪,10R,19:26,3-6,3,6,40.7,0.09223751300371218,2.754066779251086
8320260604010004,久留米競輪,4R,12:20,6-7,6,7,207.3,0.018051087127931457,2.7419903616201915
6320260603020011,防府競輪,11R,15:59,2-4,2,4,159.1,0.02332495046893051,2.7109996196068438
8320260604010010,久留米競輪,10R,15:12,1-4,1,4,193.1,0.019206709598462317,2.708815623463073
8320260604010004,久留米競輪,4R,12:20,4-8,4,8,714.1,0.005186547099584878,2.7037132838135616
4320260604010001,岐阜競輪,1R,08:30,4-7,4,7,62.2,0.05952571614912399,2.702499544475512
3520260603020001,平塚競輪,1R,20:49,3-5,3,5,83.2,0.04445719294119514,2.698838452707436
4320260604010005,岐阜競輪,5R,09:53,3-6,3,6,337.7,0.010878081086875754,2.673527983037942
8320260604010009,久留米競輪,9R,14:42,5-6,5,6,615.2,0.005953344976139257,2.662497829320871
8320260604010001,久留米競輪,1R,10:58,1-2,1,2,65.3,0.0560503784891907,2.6600897153441525
3520260603020002,平塚競輪,2R,21:13,2-5,2,5,63.2,0.05783627373054523,2.6552524997704587
8320260604010008,久留米競輪,8R,14:12,3-4,3,4,317.9,0.011495145939503182,2.6543068941680614
8320260604010002,久留米競輪,2R,11:24,8-9,8,9,356.0,0.010249799789240241,2.648928724969526
6320260603020006,防府競輪,6R,13:30,1-4,1,4,56.1,0.06502429397160588,2.64786289180709
8320260604010002,久留米競輪,2R,11:24,3-7,3,7,90.3,0.040388200291159866,2.647054486291736
4520260603020004,豊橋競輪,4R,22:09,1-3,1,3,52.5,0.0694258752094127,2.6448584484941664
8320260604010003,久留米競輪,3R,11:52,5-8,5,8,260.5,0.013977070289193576,2.641026810334927
8320260604010006,久留米競輪,6R,13:16,7-8,7,8,129.7,0.027671257375595882,2.5889620816147856
8320260604010009,久留米競輪,9R,14:42,4-7,4,7,145.7,0.024367813281519456,2.5503903951173843
1220260602030011,青森競輪,11R,20:04,3-6,3,6,66.0,0.053316799474127215,2.5189087652923963
1220260602030011,青森競輪,11R,20:04,3-5,3,5,66.0,0.053240393823357796,2.5138659923416147
6320260603020007,防府競輪,7R,13:58,2-7,2,7,44.2,0.0794207988111521,2.510399307452923
1220260602030003,青森競輪,3R,16:50,4-7,4,7,134.2,0.02611436896417649,2.5045483149924848
2120260604010001,弥彦競輪,1R,15:51,4-5,4,5,129.2,0.02712367075392351,2.504378261406917
8320260604010001,久留米競輪,1R,10:58,1-6,1,6,107.7,0.032480512393119984,2.4981511847390223
8320260604010007,久留米競輪,7R,13:44,3-6,3,6,293.7,0.01186462514412346,2.4846404048290602
8320260604010008,久留米競輪,8R,14:12,4-9,4,9,273.8,0.012619624659715301,2.4552532318300497
1220260602030007,青森競輪,7R,18:26,6-7,6,7,85.8,0.040105267404591416,2.4410319433139436
2120260604010012,弥彦競輪,12R,20:17,1-6,1,6,148.1,0.023207005317071885,2.436957487458346
6320260603020002,防府競輪,2R,11:38,3-4,3,4,122.6,0.02790223991827872,2.420814613980971
2120260604010003,弥彦競輪,3R,16:38,1-2,1,2,65.6,0.05211806165477145,2.418944844553007
8320260604010002,久留米競輪,2R,11:24,7-8,7,8,618.3,0.005498640952592905,2.3998097009881927
8320260604010001,久留米競輪,1R,10:58,5-7,5,7,75.0,0.045241791173292106,2.393134337996908
2120260604010009,弥彦競輪,9R,19:02,1-6,1,6,123.7,0.027365273157935417,2.385084289636611
4320260604010004,岐阜競輪,4R,09:32,1-3,1,3,69.4,0.04865412253479782,2.376596103914969
3520260603020002,平塚競輪,2R,21:13,2-6,2,6,63.2,0.05315654247173765,2.3594934842138198
8320260604010001,久留米競輪,1R,10:58,3-7,3,7,114.3,0.029335881733998814,2.3530912821960643
8320260604010008,久留米競輪,8R,14:12,4-6,4,6,365.0,0.009175207921259728,2.3489508912598005
2120260604010007,弥彦競輪,7R,18:14,5-6,5,6,71.6,0.046730735063435086,2.345920630541952
1220260602030003,青森競輪,3R,16:50,5-7,5,7,56.2,0.05928785410260457,2.331977400566377
8320260604010010,久留米競輪,10R,15:12,1-8,1,8,407.0,0.008171455100495818,2.325782225901798
6320260603020010,防府競輪,10R,15:28,2-4,2,4,60.4,0.0550214834280369,2.323297599053429
8320260604010011,久留米競輪,11R,15:44,1-6,1,6,167.6,0.019821144332964932,2.3220237902049226
6320260603020004,防府競輪,4R,12:34,3-5,3,5,297.3,0.011169223679279406,2.3206101998497677
8320260604010003,久留米競輪,3R,11:52,3-6,3,6,236.4,0.014015787752113497,2.313332224599631
8320260604010011,久留米競輪,11R,15:44,5-9,5,9,127.6,0.025930180632565553,2.3086910487153642
3520260603020001,平塚競輪,1R,20:49,3-7,3,7,124.8,0.026421145553079207,2.297358965024285
8320260604010005,久留米競輪,5R,12:48,7-8,7,8,128.3,0.025672871305387326,2.2938293884811944
6320260603020008,防府競輪,8R,14:27,4-7,4,7,116.0,0.028310830742155513,2.2840563660900397
6320260603020011,防府競輪,11R,15:59,1-7,1,7,72.6,0.04516496005161141,2.2789760997469877
8320260604010007,久留米競輪,7R,13:44,8-9,8,9,248.0,0.01316512602796337,2.264951254934916
8320260604010009,久留米競輪,9R,14:42,2-9,2,9,44.6,0.07318803128046841,2.2641861951088913
2120260604010010,弥彦競輪,10R,19:26,4-6,4,6,108.7,0.029985174729229045,2.2593884930671972
6320260603020009,防府競輪,9R,14:57,2-4,2,4,45.1,0.07203445232288393,2.2487537997620652
6320260603020006,防府競輪,6R,13:30,4-6,4,6,39.4,0.08229872887528386,2.242569917686184
8320260604010009,久留米競輪,9R,14:42,4-8,4,8,738.3,0.004391754145218498,2.242432085414817
1220260602030004,青森競輪,4R,17:14,2-7,2,7,49.5,0.06529832999964524,2.2322673349824393
8320260604010007,久留米競輪,7R,13:44,2-4,2,4,161.7,0.01998849871614595,2.2321402424007997
2120260604010001,弥彦競輪,1R,15:51,3-6,3,6,56.2,0.057383645104083454,2.22496085484949
4320260604010002,岐阜競輪,2R,08:50,5-6,5,6,63.3,0.0509398266832929,2.2244910290524404
6320260603020003,防府競輪,3R,12:06,3-6,3,6,322.8,0.009980645407238906,2.221752337456719
8320260604010004,久留米競輪,4R,12:20,4-9,4,9,285.6,0.011266923912486767,2.2178334694062207
2120260604010011,弥彦競輪,11R,19:51,6-7,6,7,54.6,0.058891598496939784,2.2154812779329123
8320260604010001,久留米競輪,1R,10:58,7-9,7,9,158.5,0.020161737951525874,2.195635465316851
4320260604010001,岐阜競輪,1R,08:30,1-4,1,4,138.0,0.023132869814562012,2.1923360344095575
1220260602030006,青森競輪,6R,18:02,1-6,1,6,45.0,0.07087902545790101,2.1895561456055455
4320260604010005,岐阜競輪,5R,09:53,1-3,1,3,118.6,0.02688207728178647,2.188214365619875
8320260604010010,久留米競輪,10R,15:12,1-6,1,6,223.4,0.014267648339909695,2.187392639135826
2120260604010009,弥彦競輪,9R,19:02,5-6,5,6,49.5,0.06427851732337961,2.1817866075072905
8320260604010009,久留米競輪,9R,14:42,3-4,3,4,181.5,0.017513997890711317,2.178790617164104
8320260604010003,久留米競輪,3R,11:52,4-9,4,9,107.2,0.02963337781509532,2.1766981017782183
3520260603020005,平塚競輪,5R,22:27,1-6,1,6,39.7,0.07973990571913406,2.165674257049622
6320260603020001,防府競輪,1R,11:11,1-5,1,5,40.3,0.0783669670886308,2.1581887736718213
8320260604010009,久留米競輪,9R,14:42,3-8,3,8,738.3,0.004234280750546406,2.1261694781284115
6320260603020005,防府競輪,5R,13:02,1-2,1,2,66.4,0.04673688300047604,2.1033290312316093
8320260604010012,久留米競輪,12R,16:21,3-4,3,4,186.5,0.0164162382634844,2.061628436139841
1220260602030005,青森競輪,5R,17:38,2-6,2,6,103.0,0.029654150343206148,2.0543774853502335
2120260604010011,弥彦競輪,11R,19:51,4-6,4,6,46.8,0.06516483237384502,2.0497141550959466
6320260603020009,防府競輪,9R,14:57,4-6,4,6,95.4,0.03191321381001985,2.044520597475894
8320260604010006,久留米競輪,6R,13:16,1-4,1,4,227.0,0.013370204431825874,2.0350364060244734
8320260604010011,久留米競輪,11R,15:44,6-8,6,8,561.7,0.005349992231029959,2.005090636169528
8320260604010007,久留米競輪,7R,13:44,2-6,2,6,248.0,0.012071957282119645,1.993845405965672
8320260604010007,久留米競輪,7R,13:44,3-8,3,8,360.1,0.008289269861691142,1.9849660771949806
8320260604010009,久留米競輪,9R,14:42,6-7,6,7,170.3,0.017478839960585427,1.9766464452876984
8320260604010010,久留米競輪,10R,15:12,5-8,5,8,126.6,0.02349972945765549,1.9750657493391848
8320260604010001,久留米競輪,1R,10:58,8-9,8,9,342.9,0.008665970073436684,1.9715611381814386
4320260604010004,岐阜競輪,4R,09:32,3-6,3,6,71.1,0.04171225472769931,1.9657413111394204
8320260604010011,久留米競輪,11R,15:44,2-4,2,4,118.2,0.024881379496382368,1.940979056472396
3520260603020005,平塚競輪,5R,22:27,1-7,1,7,39.7,0.07397286167419143,1.9367226084654
3520260603020002,平塚競輪,2R,21:13,3-4,3,4,63.2,0.04634767402278822,1.9291729982402157
6320260603020004,防府競輪,4R,12:34,2-5,2,5,50.9,0.057383711034968296,1.9208308916798864
6320260603020002,防府競輪,2R,11:38,1-3,1,3,40.5,0.07201163187227408,1.9164710908271
8320260604010006,久留米競輪,6R,13:16,6-9,6,9,286.8,0.010143741800037142,1.9092251482506524
8320260604010009,久留米競輪,9R,14:42,6-9,6,9,70.9,0.04077872956563496,1.891211926203519
2120260604010002,弥彦競輪,2R,16:14,2-5,2,5,68.1,0.042322884094506366,1.8821884068358834
1220260602030003,青森競輪,3R,16:50,5-6,5,6,45.9,0.06268293865612737,1.8771468843162462
2220260603020001,前橋競輪,1R,20:41,2-6,2,6,51.0,0.05609299808374488,1.8607429022709887
2120260604010002,弥彦競輪,2R,16:14,1-5,1,5,59.6,0.04794011273086161,1.857230718759352
8320260604010009,久留米競輪,9R,14:42,7-8,7,8,481.5,0.005925158252113172,1.8529636983924922
2120260604010011,弥彦競輪,11R,19:51,1-5,1,5,109.2,0.026073516839867993,1.8472280389135847
4320260604010001,岐阜競輪,1R,08:30,6-7,6,7,46.0,0.061859511263029084,1.8455375180993379
6320260603020001,防府競輪,1R,11:11,4-5,4,5,102.4,0.027778686814768604,1.844537529832305
6320260603020009,防府競輪,9R,14:57,1-2,1,2,38.2,0.07431205361118015,1.838720447947082
8320260604010007,久留米競輪,7R,13:44,2-8,2,8,338.2,0.008391012555472246,1.8378404462607136
4320260604010004,岐阜競輪,4R,09:32,2-3,2,3,41.8,0.0677632081173217,1.832502099304047
8320260604010009,久留米競輪,9R,14:42,1-4,1,4,61.1,0.046139624564176134,1.819131060871162
2120260604010011,弥彦競輪,11R,19:51,3-5,3,5,81.9,0.03441081484091567,1.8182457354709936
1220260602030006,青森競輪,6R,18:02,5-6,5,6,60.0,0.04689888355148357,1.8139330130890143
8320260604010008,久留米競輪,8R,14:12,7-8,7,8,107.1,0.026260991527927144,1.812552192640997
8320260604010006,久留米競輪,6R,13:16,6-7,6,7,181.6,0.015472709986321052,1.8098441335159028
6320260603020003,防府競輪,3R,12:06,3-7,3,7,109.6,0.02562334008428017,1.8083180732371065
2120260604010011,弥彦競輪,11R,19:51,2-6,2,6,109.2,0.025666840745813563,1.8028190094428411
6320260603020001,防府競輪,1R,11:11,2-3,2,3,62.1,0.045117573832841214,1.8018013350194395
8320260604010002,久留米競輪,2R,11:24,4-6,4,6,97.9,0.028607657848573782,1.8006897033753733
6320260603020006,防府競輪,6R,13:30,2-4,2,4,28.7,0.09737503092894007,1.79466338766058
3520260603020001,平塚競輪,1R,20:49,2-5,2,5,49.9,0.05534014241837225,1.761473106676775
1220260602030001,青森競輪,1R,16:06,3-7,3,7,86.1,0.031857236417471624,1.7429080555443068
2120260604010004,弥彦競輪,4R,17:02,1-4,1,4,87.7,0.031272108210368244,1.7425638900492952
2120260604010004,弥彦競輪,4R,17:02,1-5,1,5,35.0,0.07827936929931012,1.7397779254758543
2120260604010002,弥彦競輪,2R,16:14,2-3,2,3,62.2,0.0440195438213383,1.7380156256872423
4320260604010003,岐阜競輪,3R,09:11,5-6,5,6,158.4,0.01728109861545666,1.737326020688335
1220260602030002,青森競輪,2R,16:28,4-5,4,5,87.4,0.03127983371534204,1.7338574667208948
2120260604010008,弥彦競輪,8R,18:38,6-7,6,7,108.7,0.025086137449983864,1.7268631408132462
1220260602030002,青森競輪,2R,16:28,4-6,4,6,233.1,0.011644963680339725,1.7144410338871898
2120260604010001,弥彦競輪,1R,15:51,5-7,5,7,136.0,0.019956405233368207,1.7140711117380762
6320260603020002,防府競輪,2R,11:38,3-5,3,5,58.6,0.0462186068649407,1.708410362285525
1220260602030010,青森競輪,10R,19:38,4-7,4,7,32.8,0.08251004062060996,1.7063293323560065
8320260604010008,久留米競輪,8R,14:12,1-5,1,5,67.9,0.03969009454636453,1.6949574196981518
8320260604010003,久留米競輪,3R,11:52,6-8,6,8,209.3,0.012830531701068008,1.6854302850335343
2120260604010002,弥彦競輪,2R,16:14,1-3,1,3,53.9,0.04980853628415073,1.6846801057157244
3520260603020007,平塚競輪,7R,23:21,3-6,3,6,65.2,0.041090389758521216,1.6790934122555834
1220260602030003,青森競輪,3R,16:50,2-4,2,4,78.4,0.034171491728317134,1.6790449515000634
6320260603020003,防府競輪,3R,12:06,1-5,1,5,54.8,0.04887147517302699,1.678156839481879
6320260603020001,防府競輪,1R,11:11,3-4,3,4,141.8,0.018872780064904025,1.6761602132033908
4320260604010006,岐阜競輪,6R,10:14,1-2,1,2,49.4,0.054134252282337494,1.674232062747472
2120260604010003,弥彦競輪,3R,16:38,1-4,1,4,255.8,0.010435208733739168,1.6693263940904792
2120260604010004,弥彦競輪,4R,17:02,3-6,3,6,70.0,0.03797942315810902,1.658559621067631
8320260604010004,久留米競輪,4R,12:20,2-4,2,4,194.7,0.013600384690482123,1.6479948992368691
4320260604010005,岐阜競輪,5R,09:53,1-7,1,7,29.8,0.08835116999592081,1.6328648658784402
2220260603020007,前橋競輪,7R,23:12,2-4,2,4,29.2,0.09001274920901746,1.6283722769033098
4320260604010005,岐阜競輪,5R,09:53,2-6,2,6,487.9,0.005377626628879292,1.6237440322302068
2120260604010006,弥彦競輪,6R,17:50,1-6,1,6,50.4,0.05202983155293423,1.6223035102678853
3520260603020007,平塚競輪,7R,23:21,2-5,2,5,65.2,0.04013490622219794,1.616795885687306
2220260603020005,前橋競輪,5R,22:18,1-5,1,5,33.0,0.0792799868668135,1.616239566604846
1220260602030004,青森競輪,4R,17:14,3-5,3,5,59.6,0.04382686870120936,1.6120813745920777
1220260602030002,青森競輪,2R,16:28,2-6,2,6,121.6,0.021435975121062,1.606614574721139
4320260604010004,岐阜競輪,4R,09:32,4-7,4,7,132.4,0.019681695654554507,1.6058565046630169
2120260604010011,弥彦競輪,11R,19:51,1-3,1,3,163.8,0.015855837930200026,1.5971862529667642
6320260603020009,防府競輪,9R,14:57,1-6,1,6,82.2,0.03158499289109887,1.596286415648327
8320260604010006,久留米競輪,6R,13:16,3-8,3,8,93.1,0.027848466419875775,1.5926922236904346
4520260603020004,豊橋競輪,4R,22:09,1-4,1,4,52.5,0.04933993076601901,1.5903463652159981
6320260603020008,防府競輪,8R,14:27,1-5,1,5,49.4,0.052180121201830625,1.5776979873704327
8320260604010004,久留米競輪,4R,12:20,7-8,7,8,207.3,0.012426032277095008,1.5759164910417955
8320260604010008,久留米競輪,8R,14:12,1-3,1,3,114.6,0.02247661003846123,1.5758195104076567
2120260604010003,弥彦競輪,3R,16:38,4-5,4,5,83.8,0.03065507860680743,1.5688955872504624
4320260604010006,岐阜競輪,6R,10:14,2-7,2,7,84.2,0.030498659764959572,1.567987152209596
6320260603020005,防府競輪,5R,13:02,4-7,4,7,69.0,0.03713755832181643,1.5624915242053334
8320260604010008,久留米競輪,8R,14:12,3-6,3,6,219.0,0.011618746148021554,1.5445054064167203
8320260604010005,久留米競輪,5R,12:48,5-7,5,7,52.7,0.04816121130492633,1.5380958357696177
2120260604010001,弥彦競輪,1R,15:51,2-4,2,4,50.6,0.05005072216541616,1.5325665415700578
8320260604010005,久留米競輪,5R,12:48,1-4,1,4,60.2,0.042030571843390534,1.5302404249721104
2120260604010005,弥彦競輪,5R,17:26,1-3,1,3,62.0,0.04071573158157717,1.5243753580577848
4520260603020004,豊橋競輪,4R,22:09,2-6,2,6,52.5,0.04800103795896456,1.5200544928456394
6320260603020011,防府競輪,11R,15:59,4-5,4,5,29.3,0.08596521083725629,1.5187806775316095
2220260603020001,前橋競輪,1R,20:41,1-7,1,7,51.0,0.0493172541376619,1.515179961020757
1220260602030009,青森競輪,9R,19:14,1-6,1,6,79.0,0.03177656738274712,1.5103488232370221
2120260604010009,弥彦競輪,9R,19:02,2-4,2,4,123.7,0.020247523014830373,1.5046185969345172
8320260604010012,久留米競輪,12R,16:21,7-9,7,9,119.1,0.021015053956571984,1.502892926227723
8320260604010009,久留米競輪,9R,14:42,4-5,4,5,307.6,0.008133549110537784,1.5018797064014224
4320260604010001,岐阜競輪,1R,08:30,1-7,1,7,36.9,0.06774018152696565,1.4996126983450324
6320260603020005,防府競輪,5R,13:02,2-7,2,7,58.8,0.04237954302863109,1.491917130083508
3520260603020001,平塚競輪,1R,20:49,2-6,2,6,49.9,0.04993099768926616,1.4915567846943816
6320260603020003,防府競輪,3R,12:06,5-6,5,6,290.5,0.00857323117886311,1.4905236574597338
1220260602030011,青森競輪,11R,20:04,5-7,5,7,51.9,0.04796268713365366,1.4892634622366248
4520260603020005,豊橋競輪,5R,22:36,2-4,2,4,33.7,0.07360472186856454,1.480479126970625
8320260604010001,久留米競輪,1R,10:58,4-6,4,6,236.7,0.010462591134752171,1.4764953215958387
8320260604010010,久留米競輪,10R,15:12,6-8,6,8,455.8,0.005426680544098502,1.4734809920000975
1220260602030003,青森競輪,3R,16:50,3-7,3,7,87.2,0.028346488758691793,1.4718138197579242
8320260604010005,久留米競輪,5R,12:48,3-8,3,8,287.1,0.008582799218773038,1.4641216557097394
8320260604010005,久留米競輪,5R,12:48,5-8,5,8,218.2,0.011268369257510569,1.4587581719888059
8320260604010004,久留米競輪,4R,12:20,8-9,8,9,338.2,0.007251857054725688,1.4525780559082277
6320260603020004,防府競輪,4R,12:34,1-7,1,7,40.6,0.060397113519409115,1.45212280888801
6320260603020003,防府競輪,3R,12:06,2-3,2,3,52.3,0.04674743133788679,1.4448906589714787
1220260602030007,青森競輪,7R,18:26,5-6,5,6,85.8,0.02846845351877862,1.4425933119112053
4520260603020005,豊橋競輪,5R,22:36,1-4,1,4,33.7,0.07237043132496591,1.4388835356513514
1220260602030001,青森競輪,1R,16:06,1-3,1,3,42.2,0.05772714514360171,1.4360855250599922
2120260604010003,弥彦競輪,3R,16:38,4-7,4,7,347.1,0.0070031041046442494,1.4307774347220192
8320260604010002,久留米競輪,2R,11:24,3-5,3,5,49.1,0.04948752758615176,1.4298376044800518
2120260604010001,弥彦競輪,1R,15:51,1-6,1,6,41.0,0.05897104491172376,1.417812841380674
6320260603020008,防府競輪,8R,14:27,1-6,1,6,55.7,0.043357900847372066,1.4150350771986244
8320260604010009,久留米競輪,9R,14:42,3-5,3,5,246.1,0.009794113288064853,1.4103312801927603
2120260604010011,弥彦競輪,11R,19:51,5-7,5,7,32.7,0.07368049119454675,1.409352062061679
6320260603020009,防府競輪,9R,14:57,1-4,1,4,66.9,0.03600912750956864,1.4090106303901422
1220260602030005,青森競輪,5R,17:38,2-5,2,5,51.5,0.04673446469415031,1.4068249317487411
8320260604010004,久留米競輪,4R,12:20,6-9,6,9,229.5,0.010461380153786809,1.4008867452940725
2120260604010011,弥彦競輪,11R,19:51,3-7,3,7,40.9,0.05860730695352637,1.3970388543992285
8320260604010005,久留米競輪,5R,12:48,4-7,4,7,59.6,0.03974249834829623,1.3686529015584554
1220260602030004,青森競輪,4R,17:14,2-3,2,3,35.6,0.06636811049184145,1.3627047335095557
2120260604010005,弥彦競輪,5R,17:26,3-6,3,6,93.0,0.025399405694635908,1.3621447296011393
1220260602030010,青森競輪,10R,19:38,5-6,5,6,65.6,0.03595077976948329,1.358371152878104
6320260603020004,防府競輪,4R,12:34,5-7,5,7,109.3,0.021458248348931015,1.3453865445381599
4520260603020006,豊橋競輪,6R,23:03,2-4,2,4,34.5,0.06793951891450879,1.3439134025505535
1220260602030004,青森競輪,4R,17:14,3-4,3,4,63.4,0.036958139532195705,1.3431460463412077
2120260604010001,弥彦競輪,1R,15:51,3-5,3,5,66.2,0.03533803547607797,1.3393779485163617
1220260602030005,青森競輪,5R,17:38,1-2,1,2,61.8,0.03781219904709055,1.336793901110196
8320260604010007,久留米競輪,7R,13:44,5-7,5,7,43.6,0.05355373760315314,1.3349429594974769
4320260604010007,岐阜競輪,7R,10:35,1-6,1,6,117.4,0.019876565154376274,1.3335087491237747
6320260603020002,防府競輪,2R,11:38,5-6,5,6,69.8,0.03341910572028676,1.3326535792760157
6320260603020010,防府競輪,10R,15:28,1-2,1,2,21.2,0.10978732811260539,1.3274913559872341
8320260604010011,久留米競輪,11R,15:44,1-5,1,5,66.4,0.03494847295266213,1.3205786040567657
4320260604010006,岐阜競輪,6R,10:14,6-7,6,7,414.5,0.005591559736965546,1.3177015109722188
1220260602030002,青森競輪,2R,16:28,3-4,3,4,43.0,0.05387511698099668,1.316630030182857
8320260604010009,久留米競輪,9R,14:42,1-8,1,8,235.6,0.009770563469219031,1.3019447533480037
6320260603020004,防府競輪,4R,12:34,3-7,3,7,80.8,0.028353211431751475,1.290939483685519
2120260604010012,弥彦競輪,12R,20:17,1-2,1,2,45.5,0.05015316122008642,1.2819688355139323
8320260604010006,久留米競輪,6R,13:16,1-3,1,3,51.9,0.04379576518540895,1.2730002131227245
1220260602030012,青森競輪,12R,20:30,3-5,3,5,50.1,0.04520538215842912,1.2647896461372992
8320260604010005,久留米競輪,5R,12:48,1-5,1,5,45.0,0.05032039285498981,1.2644176784745413
4320260604010005,岐阜競輪,5R,09:53,3-5,3,5,37.5,0.060312726943654645,1.2617272603870493
4520260603020003,豊橋競輪,3R,21:45,1-4,1,4,26.2,0.08601273836207154,1.2535337450862745
8320260604010004,久留米競輪,4R,12:20,1-2,1,2,57.6,0.038888044802672106,1.2399513806339133
8320260604010004,久留米競輪,4R,12:20,4-6,4,6,347.4,0.006447112882516199,1.2397270153861273
8320260604010012,久留米競輪,12R,16:21,4-7,4,7,97.0,0.023019491568734896,1.2328906821672847
1220260602030009,青森競輪,9R,19:14,5-6,5,6,118.5,0.018809744927356428,1.2289547738917368
8320260604010002,久留米競輪,2R,11:24,2-8,2,8,192.6,0.011569308606165936,1.228248837547559
1220260602030012,青森競輪,12R,20:30,4-5,4,5,37.9,0.05852885446161866,1.218243584095347
2120260604010009,弥彦競輪,9R,19:02,4-7,4,7,49.5,0.044695782835222755,1.2124412503435265
2120260604010003,弥彦競輪,3R,16:38,1-5,1,5,23.7,0.09332059481706856,1.2116980971645246
8320260604010005,久留米競輪,5R,12:48,4-9,4,9,85.9,0.025725595405130624,1.2098286453007208
4320260604010007,岐阜競輪,7R,10:35,1-2,1,2,19.3,0.11444280594475363,1.208746154733745
8320260604010002,久留米競輪,2R,11:24,5-9,5,9,71.2,0.03089988951913258,1.20007213376224
8320260604010007,久留米競輪,7R,13:44,7-9,7,9,72.0,0.030423692811099447,1.1905058823991603
4320260604010002,岐阜競輪,2R,08:50,4-5,4,5,48.3,0.04527979258090263,1.1870139816575969
2120260604010012,弥彦競輪,12R,20:17,2-7,2,7,32.9,0.06619962485439049,1.1779676577094471
8320260604010005,久留米競輪,5R,12:48,8-9,8,9,126.8,0.01713321800492368,1.1724920430243229
2120260604010003,弥彦競輪,3R,16:38,1-7,1,7,82.3,0.026389431230188935,1.1718501902445495
4320260604010004,岐阜競輪,4R,09:32,3-5,3,5,22.5,0.09650372338671827,1.1713337762011609
8320260604010010,久留米競輪,10R,15:12,7-9,7,9,75.9,0.028578176902961536,1.1690836269347806
1220260602030009,青森競輪,9R,19:14,4-6,4,6,118.5,0.018259232034782878,1.163718996121771
6320260603020007,防府競輪,7R,13:58,1-7,1,7,21.6,0.09978488622038478,1.1553535423603116
8320260604010004,久留米競輪,4R,12:20,4-7,4,7,110.8,0.01941651029478952,1.1513493406626787
2120260604010005,弥彦競輪,5R,17:26,6-7,6,7,42.9,0.05009459361081629,1.1490580659040188
2120260604010011,弥彦競輪,11R,19:51,2-4,2,4,32.7,0.06566434051865451,1.1472239349600026
1220260602030007,青森競輪,7R,18:26,4-5,4,5,85.8,0.024982346112458746,1.1434852964489601
2120260604010011,弥彦競輪,11R,19:51,1-6,1,6,163.8,0.013071582874397919,1.1411252748263792
4320260604010005,岐阜競輪,5R,09:53,1-6,1,6,337.7,0.006332448577561956,1.1384678846426723
3520260603020001,平塚競輪,1R,20:49,4-6,4,6,49.9,0.042701348877639905,1.1307973089942314
8320260604010002,久留米競輪,2R,11:24,7-9,7,9,91.7,0.02319117160868268,1.1266304365162019
8320260604010001,久留米競輪,1R,10:58,4-8,4,8,336.1,0.006323501271497384,1.125328777350271
6320260603020011,防府競輪,11R,15:59,2-6,2,6,131.0,0.016177137205119495,1.1192049738706538
8320260604010011,久留米競輪,11R,15:44,5-8,5,8,151.8,0.013910920268281932,1.1116776967251973
8320260604010001,久留米競輪,1R,10:58,1-7,1,7,37.4,0.05643692425235328,1.1107409670380126
2120260604010012,弥彦競輪,12R,20:17,2-6,2,6,49.3,0.042700352532037314,1.1051273798294394
8320260604010012,久留米競輪,12R,16:21,4-9,4,9,138.2,0.015205540329912613,1.101405673593923
1220260602030008,青森競輪,8R,18:50,4-6,4,6,121.1,0.017344422575537893,1.1004095738976387
8320260604010002,久留米競輪,2R,11:24,6-8,6,8,206.1,0.010187208076231826,1.0995835845113793
8320260604010006,久留米競輪,6R,13:16,4-9,4,9,95.6,0.02192568794915834,1.0960957679395373
2120260604010012,弥彦競輪,12R,20:17,4-6,4,6,28.2,0.07410098023124029,1.0896476425209762
4520260603020003,豊橋競輪,3R,21:45,2-3,2,3,26.2,0.07968178250016619,1.087662701504354
1220260602030009,青森競輪,9R,19:14,3-6,3,6,59.2,0.03514706924620368,1.0807064993752578
8320260604010001,久留米競輪,1R,10:58,1-8,1,8,84.4,0.024613393062860117,1.077370374505394
1220260602030004,青森競輪,4R,17:14,5-7,5,7,50.7,0.040952140535299525,1.076273525139686
2120260604010006,弥彦競輪,6R,17:50,4-6,4,6,67.2,0.030862887958838233,1.0739860708339295
3520260603020006,平塚競輪,6R,22:54,1-5,1,5,31.5,0.06570225801161973,1.0696211273660214
8320260604010012,久留米競輪,12R,16:21,6-9,6,9,179.0,0.01148104850698519,1.0551076827503492
2220260603020005,前橋競輪,5R,22:18,2-4,2,4,33.0,0.06225534731986397,1.054426461555511
2120260604010012,弥彦競輪,12R,20:17,1-7,1,7,53.8,0.038104799815595024,1.050038230079012
6320260603020005,防府競輪,5R,13:02,2-5,2,5,33.0,0.06209344312566436,1.0490836231469238
1220260602030001,青森競輪,1R,16:06,4-7,4,7,66.4,0.03083035361029223,1.0471354797234045
8320260604010005,久留米競輪,5R,12:48,3-6,3,6,389.7,0.005246623280520021,1.0446090924186522
4520260603020005,豊橋競輪,5R,22:36,1-5,1,5,33.7,0.06039635249038442,1.035357078925955
8320260604010007,久留米競輪,7R,13:44,1-7,1,7,51.2,0.039660315238499146,1.0306081402111564
8320260604010005,久留米競輪,5R,12:48,5-9,5,9,62.3,0.03258260793160733,1.0298964741391368
1220260602030011,青森競輪,11R,20:04,4-5,4,5,72.6,0.027863316225460344,1.0228767579684206
1220260602030001,青森競輪,1R,16:06,2-3,2,3,70.4,0.02873001809322561,1.022593273763083
8320260604010005,久留米競輪,5R,12:48,2-8,2,8,162.8,0.012408863981595956,1.0201630562038217
6320260603020005,防府競輪,5R,13:02,2-6,2,6,108.7,0.018544037979580954,1.0157369283804498
8320260604010012,久留米競輪,12R,16:21,7-8,7,8,92.3,0.021786433617157284,1.0108878228636171
3520260603020007,平塚競輪,7R,23:21,5-7,5,7,65.2,0.030804726815165842,1.0084681883488131
4320260604010003,岐阜競輪,3R,09:11,4-6,4,6,34.5,0.05816442430086783,1.00667263837994
2120260604010001,弥彦競輪,1R,15:51,5-6,5,6,123.1,0.01626215571716091,1.001871368782508
8320260604010012,久留米競輪,12R,16:21,4-8,4,8,151.6,0.013203565952424846,1.0016605983876068
4520260603020001,豊橋競輪,1R,20:57,1-6,1,6,30.0,0.06651469200896769,0.9954407602690307
6320260603020009,防府競輪,9R,14:57,2-6,2,6,30.2,0.06584588452987519,0.9885457128022308
8320260604010009,久留米競輪,9R,14:42,5-7,5,7,145.7,0.013615717507268744,0.9838100408090558
3520260603020001,平塚競輪,1R,20:49,3-6,3,6,49.9,0.03971615968915299,0.9818363684887343
4320260604010001,岐阜競輪,1R,08:30,1-2,1,2,52.9,0.03742394126473669,0.979726492904571
1220260602030010,青森競輪,10R,19:38,2-4,2,4,32.8,0.06018932018442887,0.9742097020492668
2120260604010012,弥彦競輪,12R,20:17,2-5,2,5,45.5,0.04335192014692704,0.9725123666851805
2220260603020001,前橋競輪,1R,20:41,5-6,5,6,51.0,0.03866442894783614,0.971885876339643
1220260602030009,青森競輪,9R,19:14,6-7,6,7,59.2,0.03319073783556762,0.9648916798656031
8320260604010005,久留米競輪,5R,12:48,1-8,1,8,72.7,0.02692642313397834,0.9575509618402254
8320260604010002,久留米競輪,2R,11:24,2-7,2,7,74.3,0.02626078364495332,0.9511762248200315
8320260604010010,久留米競輪,10R,15:12,2-6,2,6,61.9,0.03150570296096726,0.9502030132838735
2120260604010003,弥彦競輪,3R,16:38,5-6,5,6,16.2,0.11999572160660713,0.9439306900270354
2120260604010008,弥彦競輪,8R,18:38,3-7,3,7,54.3,0.03579575873436788,0.943709699276176
4520260603020006,豊橋競輪,6R,23:03,2-6,2,6,34.5,0.05616647324382304,0.9377433269118949
2120260604010002,弥彦競輪,2R,16:14,5-7,5,7,20.5,0.09441339649138936,0.9354746280734818
1220260602030006,青森競輪,6R,18:02,3-7,3,7,90.0,0.021486676598521166,0.9338008938669049
8320260604010010,久留米競輪,10R,15:12,3-7,3,7,86.9,0.02224203410434092,0.932832763667226
8320260604010002,久留米競輪,2R,11:24,5-8,5,8,199.1,0.009681770441578743,0.9276404949183277
8320260604010002,久留米競輪,2R,11:24,1-7,1,7,111.9,0.017193513815225644,0.9239541959237496
8320260604010005,久留米競輪,5R,12:48,6-8,6,8,545.5,0.0035253057605362024,0.9230542923724985
6320260603020003,防府競輪,3R,12:06,3-4,3,4,70.8,0.02708994579792652,0.9179681624931977
8320260604010011,久留米競輪,11R,15:44,3-9,3,9,115.8,0.01653180110077252,0.9143825674694579
1220260602030008,青森競輪,8R,18:50,4-5,4,5,34.6,0.05522997534084821,0.9109571467933482
8320260604010012,久留米競輪,12R,16:21,3-8,3,8,133.4,0.014284632696617025,0.9055700017287112
6320260603020001,防府競輪,1R,11:11,2-4,2,4,36.6,0.051923747163447706,0.9004091461821861
8320260604010004,久留米競輪,4R,12:20,6-8,6,8,401.6,0.004716130150593346,0.8939978684782877
2120260604010001,弥彦競輪,1R,15:51,1-5,1,5,53.8,0.03513802755731281,0.890425882583429
1220260602030007,青森競輪,7R,18:26,2-6,2,6,28.6,0.06608766355626382,0.8901071777091454
8320260604010006,久留米競輪,6R,13:16,1-6,1,6,253.4,0.007453447554532276,0.8887036103184789
1220260602030010,青森競輪,10R,19:38,2-6,2,6,131.2,0.014324107862426045,0.8793229515502969
4320260604010005,岐阜競輪,5R,09:53,3-4,3,4,35.7,0.052320987841287706,0.8678592659339712
8320260604010008,久留米競輪,8R,14:12,6-7,6,7,74.1,0.025057189022520004,0.856737706568732
1220260602030011,青森競輪,11R,20:04,4-7,4,7,22.7,0.08146743133182276,0.8493106912323765
3520260603020001,平塚競輪,1R,20:49,5-6,5,6,49.9,0.037013054237987786,0.8469514064755905
8320260604010005,久留米競輪,5R,12:48,2-6,2,6,242.4,0.007618982789034253,0.846841428061903
1220260602030003,青森競輪,3R,16:50,2-3,2,3,48.1,0.03833600899684722,0.8439620327483515
3520260603020007,平塚競輪,7R,23:21,1-5,1,5,21.7,0.08483055946872675,0.8408231404713704
8320260604010005,久留米競輪,5R,12:48,3-9,3,9,70.3,0.026086689442280542,0.833894267792322
2120260604010004,弥彦競輪,4R,17:02,4-6,4,6,103.1,0.017747338304875508,0.8297505792326647
2220260603020005,前橋競輪,5R,22:18,2-7,2,7,33.0,0.055444810618457484,0.829678750409097
1220260602030009,青森競輪,9R,19:14,1-3,1,3,33.8,0.05391596817429646,0.8223597242912202
6320260603020003,防府競輪,3R,12:06,4-5,4,5,62.4,0.029160940561291305,0.8196426910245773
8320260604010012,久留米競輪,12R,16:21,1-4,1,4,40.5,0.044925689288386986,0.819490416179673
8320260604010009,久留米競輪,9R,14:42,4-9,4,9,31.5,0.05756156165923974,0.8131891922660519
8320260604010004,久留米競輪,4R,12:20,3-4,3,4,58.6,0.030863515809584196,0.8086020264416338
4520260603020004,豊橋競輪,4R,22:09,1-7,1,7,26.2,0.06898550988384611,0.8074203589567679
8320260604010003,久留米競輪,3R,11:52,7-8,7,8,64.4,0.0279131524487995,0.7976070177026879
2120260604010001,弥彦競輪,1R,15:51,2-7,2,7,43.0,0.04178018247515051,0.7965478464314719
2120260604010006,弥彦競輪,6R,17:50,5-6,5,6,28.8,0.06201622960271974,0.7860674125583287
8320260604010011,久留米競輪,11R,15:44,2-5,2,5,36.0,0.0493636673923121,0.7770920261232357
2120260604010005,弥彦競輪,5R,17:26,5-6,5,6,111.6,0.01591814435832587,0.7764649103891672
6320260603020008,防府競輪,8R,14:27,6-7,6,7,54.6,0.0325161547789448,0.7753820509303864
8320260604010010,久留米競輪,10R,15:12,5-9,5,9,34.9,0.05084253565878641,0.7744044944916455
8320260604010004,久留米競輪,4R,12:20,2-3,2,3,58.1,0.03053978389092741,0.7743614440628825
8320260604010012,久留米競輪,12R,16:21,6-7,6,7,104.2,0.017021425088559444,0.773632494227894
2220260603020001,前橋競輪,1R,20:41,3-6,3,6,51.0,0.034757995552789564,0.7726577731922677
1220260602030010,青森競輪,10R,19:38,3-6,3,6,87.5,0.0201810305912713,0.7658401767362386
6320260603020003,防府競輪,3R,12:06,3-5,3,5,157.0,0.011244609461245999,0.7654036854156219
8320260604010003,久留米競輪,3R,11:52,6-9,6,9,59.1,0.029863330444707833,0.764922829282233
2120260604010006,弥彦競輪,6R,17:50,3-5,3,5,25.2,0.06979579171937104,0.7588539513281503
8320260604010008,久留米競輪,8R,14:12,5-9,5,9,77.0,0.022821388580266742,0.7572469206805392
8320260604010011,久留米競輪,11R,15:44,3-8,3,8,216.0,0.008130921301130465,0.7562790010441804
8320260604010007,久留米競輪,7R,13:44,1-9,1,9,36.3,0.047944350039648004,0.7403799064392225
1220260602030001,青森競輪,1R,16:06,2-4,2,4,62.8,0.027654645211648954,0.7367117192915542
2120260604010004,弥彦競輪,4R,17:02,3-4,3,4,35.0,0.04955478364107896,0.7344174274377635
4320260604010005,岐阜競輪,5R,09:53,6-7,6,7,58.5,0.029610143292799086,0.7321933826287466
8320260604010005,久留米競輪,5R,12:48,4-5,4,5,106.9,0.016190977930585763,0.7308155407796182
1220260602030001,青森競輪,1R,16:06,3-5,3,5,25.0,0.06922997974826633,0.7307494937066583
2120260604010008,弥彦競輪,8R,18:38,4-6,4,6,31.0,0.05576140397691386,0.7286035232843298
2120260604010005,弥彦競輪,5R,17:26,3-5,3,5,93.0,0.018568024841872553,0.7268263102941475
4320260604010007,岐阜競輪,7R,10:35,3-5,3,5,42.0,0.0410631409073649,0.724651918109326
6320260603020002,防府競輪,2R,11:38,2-7,2,7,42.1,0.04081459188191283,0.7182943182285302
1220260602030004,青森競輪,4R,17:14,4-7,4,7,52.0,0.033040251247399066,0.7180930648647514
8320260604010008,久留米競輪,8R,14:12,2-5,2,5,26.2,0.06548672863348956,0.7157522901974265
2120260604010007,弥彦競輪,7R,18:14,4-6,4,6,71.6,0.02396128696135056,0.7156281464326999
2120260604010009,弥彦競輪,9R,19:02,1-4,1,4,82.5,0.020788355039010317,0.7150392907183512
8320260604010004,久留米競輪,4R,12:20,2-6,2,6,135.3,0.012657212406857238,0.7125208386477844
2120260604010008,弥彦競輪,8R,18:38,1-6,1,6,27.1,0.06291264465001851,0.7049326700155019
3520260603020007,平塚競輪,7R,23:21,2-7,2,7,32.6,0.05219759131855889,0.7016414769850199
3520260603020003,平塚競輪,3R,21:37,2-5,2,5,18.7,0.09076876790358511,0.6973759597970415
2120260604010005,弥彦競輪,5R,17:26,2-3,2,3,55.8,0.030384755764420145,0.6954693716546441
1220260602030007,青森競輪,7R,18:26,2-5,2,5,21.4,0.07921389866661109,0.6951774314654773
1220260602030008,青森競輪,8R,18:50,3-5,3,5,30.2,0.05601980096186247,0.6917979890482466
1220260602030002,青森競輪,2R,16:28,1-2,1,2,60.8,0.027823233240423156,0.6916525810177279
2120260604010007,弥彦競輪,7R,18:14,4-5,4,5,47.7,0.03538844862706654,0.688028999511074
8320260604010011,久留米競輪,11R,15:44,2-9,2,9,57.3,0.029425018273151075,0.6860535470515565
1220260602030009,青森競輪,9R,19:14,4-7,4,7,47.4,0.03556982278642756,0.6860096000766664
2120260604010002,弥彦競輪,2R,16:14,3-7,3,7,17.5,0.09630133952703404,0.6852734417230957
2120260604010008,弥彦競輪,8R,18:38,2-6,2,6,108.7,0.015488224786683977,0.6835700343125484
2120260604010002,弥彦競輪,2R,16:14,3-5,3,5,27.5,0.061066007081453544,0.6793151947399725
8320260604010010,久留米競輪,10R,15:12,1-9,1,9,78.5,0.021387576821730946,0.6789247805058791
4320260604010003,岐阜競輪,3R,09:11,3-4,3,4,34.3,0.048752143522556295,0.6721985228236809
4520260603020004,豊橋競輪,4R,22:09,2-4,2,4,52.5,0.03180738021531229,0.6698874613038954
8320260604010011,久留米競輪,11R,15:44,1-3,1,3,73.9,0.022587501246797412,0.6692163421383288
3520260603020001,平塚競輪,1R,20:49,1-5,1,5,27.7,0.06021833198512522,0.6680477959879685
1220260602030012,青森競輪,12R,20:30,5-7,5,7,19.9,0.08346456094353294,0.6609447627763054
1220260602030006,青森競輪,6R,18:02,1-3,1,3,22.5,0.07358594282144239,0.6556837134824538
4320260604010005,岐阜競輪,5R,09:53,2-3,2,3,73.1,0.022639700298207985,0.6549620917990036
6320260603020004,防府競輪,4R,12:34,2-3,2,3,24.7,0.06694345051678909,0.6535032277646904
8320260604010002,久留米競輪,2R,11:24,1-5,1,5,64.5,0.025599020108288094,0.651136796984582
1220260602030011,青森競輪,11R,20:04,4-6,4,6,55.9,0.029517188275358642,0.650010824592548
4320260604010006,岐阜競輪,6R,10:14,4-6,4,6,67.3,0.02449429911410153,0.648466330379033
2120260604010004,弥彦競輪,4R,17:02,2-5,2,5,19.8,0.08318673509620941,0.6470973549049464
8320260604010012,久留米競輪,12R,16:21,3-7,3,7,87.1,0.01883289474337411,0.640345132147885
1220260602030012,青森競輪,12R,20:30,1-6,1,6,57.6,0.028414979123217117,0.6367027974973061
8320260604010005,久留米競輪,5R,12:48,3-4,3,4,138.1,0.011821330594837805,0.6325257551471009
1220260602030003,青森競輪,3R,16:50,1-3,1,3,27.0,0.060417795005937705,0.6312804651603181
8320260604010005,久留米競輪,5R,12:48,4-6,4,6,330.6,0.0049333220988672525,0.6309562858855138
4320260604010001,岐阜競輪,1R,08:30,3-5,3,5,29.5,0.05526557329602784,0.6303344122328212
8320260604010009,久留米競輪,9R,14:42,1-7,1,7,29.1,0.05598136524177523,0.6290577285356593
4320260604010006,岐阜競輪,6R,10:14,4-7,4,7,19.3,0.08438021764060516,0.6285382004636797
4320260604010004,岐阜競輪,4R,09:32,5-7,5,7,22.2,0.07331467650168931,0.6275858183375027
8320260604010012,久留米競輪,12R,16:21,1-6,1,6,50.8,0.032004807156432336,0.6258442035467626
2120260604010008,弥彦競輪,8R,18:38,2-4,2,4,31.0,0.052422240397508785,0.6250894523227724
4320260604010003,岐阜競輪,3R,09:11,4-5,4,5,22.2,0.07314210106701177,0.6237546436876613
4320260604010006,岐阜競輪,6R,10:14,3-4,3,4,15.0,0.10823007966037045,0.6234511949055568
2120260604010011,弥彦競輪,11R,19:51,3-4,3,4,25.2,0.06430191864560098,0.6204083498691446
2120260604010001,弥彦競輪,1R,15:51,2-3,2,3,27.7,0.058453985941254984,0.6191754105727629
2220260603020005,前橋競輪,5R,22:18,3-5,3,5,33.0,0.04883481427049459,0.6115488709263215
1220260602030005,青森競輪,5R,17:38,3-5,3,5,61.8,0.025935189508021664,0.6027947115957388
8320260604010001,久留米競輪,1R,10:58,3-4,3,4,65.9,0.02427437779672674,0.5996814968042923
1220260602030003,青森競輪,3R,16:50,2-7,2,7,61.7,0.025779966647364268,0.5906239421423753
1220260602030002,青森競輪,2R,16:28,2-4,2,4,99.9,0.015915044541322115,0.5899129496780795
2120260604010005,弥彦競輪,5R,17:26,1-2,1,2,37.2,0.042714997883260955,0.5889979212573075
8320260604010012,久留米競輪,12R,16:21,8-9,8,9,107.1,0.014739238777196417,0.5785724730377362
8320260604010011,久留米競輪,11R,15:44,4-7,4,7,36.4,0.04331817213218593,0.5767814656115677
8320260604010010,久留米競輪,10R,15:12,1-3,1,3,95.7,0.016444783922475236,0.5737658213808801
1220260602030005,青森競輪,5R,17:38,1-5,1,5,30.9,0.050885911087851954,0.5723746526146254
4520260603020002,豊橋競輪,2R,21:21,3-6,3,6,33.0,0.04759349191262368,0.5705852331165815
4520260603020003,豊橋競輪,3R,21:45,1-2,1,2,13.1,0.11964451415563998,0.5673431354388836
1220260602030006,青森競輪,6R,18:02,6-7,6,7,90.0,0.017364710349060362,0.5628239314154326
6320260603020008,防府競輪,8R,14:27,4-6,4,6,103.3,0.01511674356951721,0.5615596107311278
8320260604010004,久留米競輪,4R,12:20,5-8,5,8,87.4,0.017827630918910542,0.5581349423127815
4520260603020007,豊橋競輪,7R,23:30,2-3,2,3,36.0,0.04314432393153646,0.5531956615353124
6320260603020005,防府競輪,5R,13:02,3-7,3,7,23.1,0.06709858459978492,0.5499773042550318
8320260604010012,久留米競輪,12R,16:21,3-9,3,9,117.5,0.013115010940944433,0.5410137855609709
4520260603020006,豊橋競輪,6R,23:03,1-5,1,5,34.5,0.044650292019746664,0.5404350746812598
1220260602030010,青森競輪,10R,19:38,1-6,1,6,65.6,0.0234601244837613,0.5389841661347412
4520260603020002,豊橋競輪,2R,21:21,2-7,2,7,33.0,0.04662678474592926,0.5386838966156655
8320260604010003,久留米競輪,3R,11:52,1-9,1,9,26.7,0.057556547853147136,0.5367598276790284
8320260604010005,久留米競輪,5R,12:48,2-5,2,5,64.9,0.023629962949802998,0.5335845954422147
6320260603020005,防府競輪,5R,13:02,1-3,1,3,20.9,0.07321115465053726,0.5301131321962287
8320260604010005,久留米競輪,5R,12:48,3-7,3,7,38.6,0.03949035811599806,0.5243278232775253
1220260602030012,青森競輪,12R,20:30,6-7,6,7,55.5,0.027435082229413363,0.5226470637324416
2220260603020001,前橋競輪,1R,20:41,3-5,3,5,51.0,0.02983553465344252,0.5216122673255685
6320260603020004,防府競輪,4R,12:34,4-7,4,7,28.3,0.05372135161289057,0.5203142506448033
2220260603020007,前橋競輪,7R,23:12,2-5,2,5,29.2,0.0520469080260389,0.5197697143603359
4520260603020004,豊橋競輪,4R,22:09,6-7,6,7,52.5,0.02890542547389381,0.5175348373794251
8320260604010009,久留米競輪,9R,14:42,6-8,6,8,481.5,0.003145151395332431,0.5143903968525656
4320260604010004,岐阜競輪,4R,09:32,4-5,4,5,27.5,0.05495232015213485,0.5111888041837085
8320260604010010,久留米競輪,10R,15:12,2-9,2,9,35.6,0.04242908396130416,0.5104753890224283
8320260604010009,久留米競輪,9R,14:42,1-3,1,3,37.9,0.039854121254130896,0.5104711955315608
1220260602030001,青森競輪,1R,16:06,2-6,2,6,77.5,0.019374526583777977,0.5015258102427933
8320260604010012,久留米競輪,12R,16:21,4-6,4,6,151.6,0.009854133329956178,0.4938866128213566
3520260603020006,平塚競輪,6R,22:54,4-6,4,6,31.5,0.04732505653818662,0.49073928095287855
3520260603020005,平塚競輪,5R,22:27,2-7,2,7,39.7,0.03754896369950776,0.49069385887045835
2120260604010010,弥彦競輪,10R,19:26,1-5,1,5,23.3,0.06391024061983312,0.48910860644211174
8320260604010007,久留米競輪,7R,13:44,5-9,5,9,23.4,0.06340794673941182,0.4837459537022364
2120260604010011,弥彦競輪,11R,19:51,2-3,2,3,54.6,0.02700729773910457,0.47459845655510957
6320260603020010,防府競輪,10R,15:28,1-4,1,4,19.7,0.07452693326748272,0.46818058536940943
3520260603020006,平塚競輪,6R,22:54,2-6,2,6,31.5,0.04649119350210852,0.4644725953164184
6320260603020008,防府競輪,8R,14:27,1-3,1,3,12.1,0.12058660405228208,0.45909790903261305
8320260604010006,久留米競輪,6R,13:16,1-2,1,2,59.8,0.02436801377795885,0.45720722392193913
1220260602030009,青森競輪,9R,19:14,5-7,5,7,39.5,0.03688893144477007,0.4571127920684177
8320260604010010,久留米競輪,10R,15:12,4-6,4,6,105.5,0.013809670610978372,0.4569202494582183
2120260604010004,弥彦競輪,4R,17:02,5-6,5,6,24.8,0.05856330213547914,0.4523698929598827
1220260602030003,青森競輪,3R,16:50,1-4,1,4,27.5,0.0527942994443789,0.45184323472041976
8320260604010009,久留米競輪,9R,14:42,8-9,8,9,121.6,0.011931586690938124,0.4508809416180757
2120260604010011,弥彦競輪,11R,19:51,4-5,4,5,18.2,0.07965731988181647,0.4497632218490597
2220260603020005,前橋競輪,5R,22:18,4-5,4,5,33.0,0.04381721006999571,0.44596793230985843
4320260604010006,岐阜競輪,6R,10:14,4-5,4,5,11.9,0.12148246554411785,0.4456413399750023
8320260604010005,久留米競輪,5R,12:48,1-3,1,3,34.8,0.04153535549741188,0.44543037130993324
1220260602030002,青森競輪,2R,16:28,1-5,1,5,31.4,0.04598736308145844,0.444003200757795
6320260603020008,防府競輪,8R,14:27,5-7,5,7,36.4,0.03957427933938339,0.4405037679535555
8320260604010012,久留米競輪,12R,16:21,3-5,3,5,48.8,0.0295088445777955,0.44003161539642033
8320260604010001,久留米競輪,1R,10:58,2-6,2,6,91.8,0.015666229471557776,0.43815986548900376
2120260604010001,弥彦競輪,1R,15:51,1-2,1,2,22.8,0.06282636167643486,0.43244104622271484
8320260604010008,久留米競輪,8R,14:12,2-3,2,3,34.7,0.04123126710431198,0.4307249685196257
8320260604010010,久留米競輪,10R,15:12,2-3,2,3,42.0,0.033926628193491945,0.4249183841266617
6320260603020001,防府競輪,1R,11:11,1-3,1,3,22.2,0.06404784892560962,0.4218622461485335
3520260603020001,平塚競輪,1R,20:49,3-4,3,4,27.7,0.05131458021872781,0.42141387205876035
8320260604010008,久留米競輪,8R,14:12,1-9,1,9,68.9,0.020600727246702734,0.41939010729781856
3520260603020005,平塚競輪,5R,22:27,5-6,5,6,39.7,0.03568037563093075,0.4165109125479509
2120260604010009,弥彦競輪,9R,19:02,1-2,1,2,35.3,0.0401202788777613,0.4162458443849739
8320260604010012,久留米競輪,12R,16:21,1-7,1,7,25.5,0.05543738900366748,0.41365341959352064
4520260603020005,豊橋競輪,5R,22:36,2-6,2,6,33.7,0.041934247406085264,0.41318413758507355
6320260603020003,防府競輪,3R,12:06,5-7,5,7,50.9,0.027724923416621965,0.41119860190605806
2220260603020007,前橋競輪,7R,23:12,3-4,3,4,29.2,0.04825599730848082,0.4090751214076398
1220260602030010,青森競輪,10R,19:38,2-3,2,3,52.5,0.026489730442155947,0.39071084821318713
4320260604010004,岐阜競輪,4R,09:32,1-4,1,4,72.9,0.019071519901765248,0.3903138008386866
8320260604010012,久留米競輪,12R,16:21,4-5,4,5,39.5,0.035197079567037326,0.39028464289797427
4320260604010003,岐阜競輪,3R,09:11,2-7,2,7,19.3,0.07197156751098857,0.38905125296207954
1220260602030001,青森競輪,1R,16:06,1-4,1,4,24.4,0.05685908021683883,0.3873615572908673
4320260604010003,岐阜競輪,3R,09:11,6-7,6,7,61.9,0.02234924982744555,0.38341856431887966
6320260603020005,防府競輪,5R,13:02,1-4,1,4,33.7,0.041049120772282524,0.3833553700259211
2120260604010010,弥彦競輪,10R,19:26,4-5,4,5,25.0,0.055151951742143206,0.37879879355358015
4520260603020005,豊橋競輪,5R,22:36,3-4,3,4,33.7,0.04091312505372027,0.3787723143103734
1220260602030005,青森競輪,5R,17:38,2-3,2,3,77.2,0.017823043528284035,0.3759389603835275
1220260602030007,青森競輪,7R,18:26,4-7,4,7,42.9,0.03202648518671209,0.37393621450994874
8320260604010010,久留米競輪,10R,15:12,3-5,3,5,32.9,0.0414551212782626,0.3638734900548395
4520260603020007,豊橋競輪,7R,23:30,1-5,1,5,18.0,0.075657680021882,0.361838240393876
4320260604010006,岐阜競輪,6R,10:14,1-7,1,7,52.8,0.02577428048715263,0.36088200972165874
1220260602030006,青森競輪,6R,18:02,1-2,1,2,20.0,0.06769825940473857,0.3539651880947714
3520260603020005,平塚競輪,5R,22:27,1-3,1,3,19.8,0.06828314200969302,0.3520062117919218
4320260604010003,岐阜競輪,3R,09:11,1-5,1,5,47.2,0.028643261345005167,0.35196193548424404
6320260603020008,防府競輪,8R,14:27,4-5,4,5,68.4,0.019741153278042364,0.35029488421809774
1220260602030010,青森競輪,10R,19:38,5-7,5,7,20.1,0.06712336361558402,0.34917960867323883
6320260603020001,防府競輪,1R,11:11,2-5,2,5,23.6,0.05715862276646741,0.34894349728863094
4320260604010007,岐阜競輪,7R,10:35,1-4,1,4,10.8,0.12456621096769771,0.3453150784511354
2120260604010008,弥彦競輪,8R,18:38,4-7,4,7,21.7,0.06199242229391154,0.34523556377788034
8320260604010007,久留米競輪,7R,13:44,4-8,4,8,161.7,0.008294626248056526,0.3412410643107402
8320260604010005,久留米競輪,5R,12:48,1-6,1,6,80.8,0.016571650672143116,0.33898937430916365
8320260604010003,久留米競輪,3R,11:52,5-6,5,6,71.7,0.018637508899641747,0.3363093881043133
2120260604010011,弥彦競輪,11R,19:51,1-4,1,4,25.2,0.052865781467181454,0.33221769297297254
2220260603020003,前橋競輪,3R,21:29,1-2,1,2,13.1,0.10150996652189102,0.32978056143677237
2220260603020005,前橋競輪,5R,22:18,2-5,2,5,16.5,0.08049214775752093,0.3281204379990954
1220260602030011,青森競輪,11R,20:04,5-6,5,6,121.1,0.010964166707625718,0.32776058829347443
1220260602030012,青森競輪,12R,20:30,2-5,2,5,13.4,0.09855719324158892,0.3206663894372914
8320260604010012,久留米競輪,12R,16:21,1-8,1,8,32.4,0.04073841708899606,0.3199247136834722
3520260603020006,平塚競輪,6R,22:54,2-3,2,3,31.5,0.041893507314314536,0.3196454804009079
8320260604010009,久留米競輪,9R,14:42,2-4,2,4,48.1,0.02731112710034367,0.31366521352653054
3520260603020007,平塚競輪,7R,23:21,2-3,2,3,16.3,0.08028647282354204,0.3086695070237353
8320260604010007,久留米競輪,7R,13:44,6-8,6,8,265.8,0.004920043177528221,0.3077474765870012
2220260603020001,前橋競輪,1R,20:41,2-5,2,5,25.5,0.05105584881500515,0.3019241447826313
4520260603020004,豊橋競輪,4R,22:09,2-3,2,3,26.2,0.04966472470141455,0.3012157871770613
1220260602030010,青森競輪,10R,19:38,6-7,6,7,52.5,0.02478002828153598,0.30095148478063893
2120260604010011,弥彦競輪,11R,19:51,1-2,1,2,65.5,0.019859565774494617,0.30080155822939747
6320260603020005,防府競輪,5R,13:02,2-4,2,4,35.7,0.03634970325289204,0.29768440612824576
2120260604010009,弥彦競輪,9R,19:02,4-6,4,6,123.7,0.010486092681316722,0.2971296646788786
1220260602030009,青森競輪,9R,19:14,4-5,4,5,59.2,0.0218986852874717,0.2964021690183247
2220260603020005,前橋競輪,5R,22:18,2-6,2,6,33.0,0.03912979570962789,0.2912832584177205
6320260603020007,防府競輪,7R,13:58,3-6,3,6,70.1,0.01841639159389068,0.29098905073173653
6320260603020002,防府競輪,2R,11:38,2-4,2,4,34.9,0.03692554613627885,0.288701560156132
1220260602030005,青森競輪,5R,17:38,5-6,5,6,30.9,0.04167521131754855,0.2877640297122501
4520260603020002,豊橋競輪,2R,21:21,2-4,2,4,33.0,0.03891838423131706,0.284306679633463
4520260603020001,豊橋競輪,1R,20:57,4-5,4,5,30.0,0.0427545275587802,0.28263582676340615
4520260603020007,豊橋競輪,7R,23:30,3-4,3,4,36.0,0.03559926672936913,0.2815736022572888
3520260603020002,平塚競輪,2R,21:13,1-5,1,5,21.0,0.06077189048821849,0.2762097002525883
2120260604010001,弥彦競輪,1R,15:51,2-6,2,6,34.4,0.03695720692004792,0.2713279180496484
3520260603020005,平塚競輪,5R,22:27,2-3,2,3,39.7,0.031993241485844495,0.2701316869880266
2220260603020001,前橋競輪,1R,20:41,1-5,1,5,17.0,0.07460702760206094,0.2683194692350359
8320260604010004,久留米競輪,4R,12:20,2-5,2,5,47.9,0.026381462903268496,0.26367207306656093
6320260603020011,防府競輪,11R,15:59,1-6,1,6,33.9,0.03727371644703539,0.2635789875544998
8320260604010011,久留米競輪,11R,15:44,5-7,5,7,16.9,0.07467147710262156,0.26194796303430423
1220260602030012,青森競輪,12R,20:30,3-7,3,7,39.8,0.03160451261908333,0.2578596022395163
1220260602030002,青森競輪,2R,16:28,3-6,3,6,17.7,0.07069004516183273,0.25121379936443944
2120260604010005,弥彦競輪,5R,17:26,3-7,3,7,23.2,0.05388792323510916,0.2501998190545325
2120260604010003,弥彦競輪,3R,16:38,2-7,2,7,29.8,0.04192997191150479,0.24951316296284287
2220260603020007,前橋競輪,7R,23:12,2-6,2,6,29.2,0.042555820977706035,0.2426299725490162
1220260602030006,青森競輪,6R,18:02,4-6,4,6,36.0,0.034516988075356164,0.24261157071282202
3520260603020001,平塚競輪,1R,20:49,1-6,1,6,22.7,0.05447961448592917,0.236687248830592
3520260603020005,平塚競輪,5R,22:27,5-7,5,7,39.7,0.0311460697026957,0.23649896719701924
8320260604010003,久留米競輪,3R,11:52,2-5,2,5,51.4,0.023971179474386362,0.23211862498345903
8320260604010001,久留米競輪,1R,10:58,4-9,4,9,73.3,0.016802100529443753,0.23159396880822714
1220260602030008,青森競輪,8R,18:50,2-4,2,4,24.2,0.05082541117099289,0.22997495033802773
6320260603020011,防府競輪,11R,15:59,1-2,1,2,32.4,0.03792746996892758,0.22885002699325363
2220260603020007,前橋競輪,7R,23:12,1-4,1,4,14.6,0.08376115989467967,0.22291293446232308
1220260602030004,青森競輪,4R,17:14,2-6,2,6,22.0,0.05551460757923014,0.2213213667430629
6320260603020001,防府競輪,1R,11:11,4-6,4,6,53.7,0.022705212543726906,0.21926991359813486
1220260602030004,青森競輪,4R,17:14,3-6,3,6,42.2,0.028846079664984765,0.21730456186235725
6320260603020003,防府競輪,3R,12:06,1-2,1,2,9.5,0.1281281278016519,0.21721721411569295
8320260604010003,久留米競輪,3R,11:52,5-9,5,9,32.0,0.03801344684334171,0.21643029898693467
1220260602030001,青森競輪,1R,16:06,4-5,4,5,17.7,0.06844124501826053,0.21141003682321124
3520260603020006,平塚競輪,6R,22:54,1-3,1,3,15.7,0.0771477153330328,0.21121913072861487
8320260604010001,久留米競輪,1R,10:58,4-5,4,5,33.0,0.03656368115862557,0.20660147823464392
6320260603020010,防府競輪,10R,15:28,3-5,3,5,30.2,0.03990757644316573,0.20520880858360502
3520260603020004,平塚競輪,4R,22:01,1-3,1,3,16.5,0.07303668265370522,0.20510526378613614
4320260604010002,岐阜競輪,2R,08:50,4-6,4,6,18.8,0.06396581511837654,0.202557324225479
8320260604010007,久留米競輪,7R,13:44,4-6,4,6,97.9,0.012263518907602852,0.2005985010543192
6320260603020001,防府競輪,1R,11:11,1-4,1,4,16.8,0.07142955572206489,0.20001653613069004
2120260604010007,弥彦競輪,7R,18:14,1-4,1,4,14.3,0.08381105959968034,0.198498152275429
2120260604010007,弥彦競輪,7R,18:14,1-6,1,6,11.9,0.10069094854071814,0.19822228763454586
8320260604010011,久留米競輪,11R,15:44,2-3,2,3,37.6,0.031812672655172285,0.19615649183447803
8320260604010012,久留米競輪,12R,16:21,5-7,5,7,25.1,0.047607305461821264,0.19494336709171378
8320260604010009,久留米競輪,9R,14:42,7-9,7,9,17.4,0.06853164011417037,0.19245053798656442
1220260602030007,青森競輪,7R,18:26,3-6,3,6,28.6,0.04167968575964451,0.1920390127258329
8320260604010004,久留米競輪,4R,12:20,1-3,1,3,13.1,0.0908293072633807,0.18986392515028716
3520260603020003,平塚競輪,3R,21:37,1-4,1,4,18.7,0.0634432049696217,0.1863879329319258
1220260602030010,青森競輪,10R,19:38,1-7,1,7,26.2,0.04523759644188466,0.18522502677737807
2120260604010006,弥彦競輪,6R,17:50,2-3,2,3,33.6,0.035253868316958356,0.18452997544980088
8320260604010001,久留米競輪,1R,10:58,3-5,3,5,25.1,0.04701442941068654,0.18006217820823212
4320260604010005,岐阜競輪,5R,09:53,2-7,2,7,16.3,0.07233747151615946,0.17910078571339927
8320260604010005,久留米競輪,5R,12:48,2-4,2,4,63.4,0.018574598732880684,0.17762955966463534
2120260604010008,弥彦競輪,8R,18:38,2-3,2,3,43.5,0.02704139514013536,0.1763006885958882
2120260604010006,弥彦競輪,6R,17:50,1-3,1,3,20.1,0.0585157914617666,0.1761674083815088
1220260602030008,青森競輪,8R,18:50,4-7,4,7,34.6,0.03395518337333665,0.17484934471744817
8320260604010002,久留米競輪,2R,11:24,1-3,1,3,26.1,0.04500930770303005,0.17474293104908445
2120260604010012,弥彦競輪,12R,20:17,5-7,5,7,34.8,0.033716790649984875,0.17334431461947353
8320260604010003,久留米競輪,3R,11:52,1-6,1,6,44.0,0.02651612286233635,0.16670940594279937
4320260604010003,岐阜競輪,3R,09:11,1-3,1,3,69.0,0.016901913416021874,0.1662320257055092
4520260603020004,豊橋競輪,4R,22:09,2-5,2,5,17.5,0.0666320542357535,0.16606094912568614
4520260603020003,豊橋競輪,3R,21:45,1-3,1,3,13.1,0.08897299807119183,0.16554627473261285
1220260602030012,青森競輪,12R,20:30,4-7,4,7,28.2,0.04125818363096964,0.16348077839334385
8320260604010002,久留米競輪,2R,11:24,4-7,4,7,58.1,0.020005471296522085,0.1623178823279332
2120260604010001,弥彦競輪,1R,15:51,2-5,2,5,55.0,0.021050383188585008,0.1577710753721755
6320260603020002,防府競輪,2R,11:38,4-5,4,5,23.7,0.04883566673981194,0.15740530173354306
8320260604010007,久留米競輪,7R,13:44,3-7,3,7,56.0,0.020651082609932307,0.15646062615620915
1220260602030008,青森競輪,8R,18:50,2-5,2,5,10.0,0.11508548188704229,0.15085481887042285
8320260604010002,久留米競輪,2R,11:24,1-9,1,9,42.7,0.026936459062936333,0.15018680198738155
6320260603020008,防府競輪,8R,14:27,2-7,2,7,36.9,0.030943423172790016,0.1418123150759516
4520260603020007,豊橋競輪,7R,23:30,2-4,2,4,18.0,0.06334975901065645,0.1402956621918161
2120260604010007,弥彦競輪,7R,18:14,2-3,2,3,20.4,0.05588001592108222,0.13995232479007735
2120260604010005,弥彦競輪,5R,17:26,2-5,2,5,55.8,0.02041913015259091,0.13938746251457257
6320260603020002,防府競輪,2R,11:38,4-7,4,7,32.4,0.03515881893402888,0.13914573346253567
2120260604010009,弥彦競輪,9R,19:02,3-7,3,7,22.5,0.050604722915484776,0.1386062655984075
8320260604010011,久留米競輪,11R,15:44,7-9,7,9,25.0,0.04548215591001793,0.1370538977504483
8320260604010005,久留米競輪,5R,12:48,7-9,7,9,16.9,0.06714081082488874,0.13467970294061948
6320260603020005,防府競輪,5R,13:02,4-5,4,5,20.6,0.05503179046794944,0.13365488363975864
4320260604010003,岐阜競輪,3R,09:11,4-7,4,7,15.9,0.07124191471005532,0.13274644388987977
2220260603020005,前橋競輪,5R,22:18,3-4,3,4,33.0,0.03429399847284319,0.1317019496038252
1220260602030011,青森競輪,11R,20:04,1-6,1,6,51.9,0.021785785079511233,0.130682245626633
2120260604010010,弥彦競輪,10R,19:26,2-5,2,5,19.1,0.05899185997803191,0.1267445255804096
4520260603020006,豊橋競輪,6R,23:03,2-3,2,3,17.2,0.06533442206759796,0.12375205956268487
4520260603020003,豊橋競輪,3R,21:45,1-7,1,7,26.2,0.042812983743867807,0.12170017408933642
2220260603020005,前橋競輪,5R,22:18,2-3,2,3,16.5,0.06771592884443026,0.11731282593309933
1220260602030005,青森競輪,5R,17:38,4-6,4,6,30.9,0.03612385503459397,0.11622712056895357
1220260602030005,青森競輪,5R,17:38,1-4,1,4,25.7,0.04333723617378622,0.11376696966630595
8320260604010012,久留米競輪,12R,16:21,5-6,5,6,42.3,0.026276940005013003,0.11151456221204992
1220260602030002,青森競輪,2R,16:28,4-7,4,7,28.2,0.03941416839746445,0.11147954880849742
8320260604010012,久留米競輪,12R,16:21,1-3,1,3,33.3,0.03330315209168477,0.10899496465310277
8320260604010012,久留米競輪,12R,16:21,2-9,2,9,53.2,0.020811300827045576,0.10716120399882478
8320260604010008,久留米競輪,8R,14:12,3-9,3,9,81.4,0.013583918092094003,0.10573093269645195
2120260604010005,弥彦競輪,5R,17:26,4-6,4,6,17.4,0.06352000957462148,0.10524816659841352
1220260602030010,青森競輪,10R,19:38,3-7,3,7,29.1,0.03785761673721265,0.10165664705288813
8320260604010008,久留米競輪,8R,14:12,1-2,1,2,18.0,0.06116851221231403,0.10103321982165259
1220260602030008,青森競輪,8R,18:50,5-7,5,7,14.2,0.077397880863313,0.09904990825904458
8320260604010010,久留米競輪,10R,15:12,2-7,2,7,21.5,0.05111308538256918,0.09893133572523727
2120260604010006,弥彦競輪,6R,17:50,1-2,1,2,11.8,0.09292047057865588,0.0964615528281394
2120260604010007,弥彦競輪,7R,18:14,3-6,3,6,47.7,0.02294532346698816,0.09449192937533524
2120260604010005,弥彦競輪,5R,17:26,4-5,4,5,20.6,0.05305200978896857,0.09287140165275254
4320260604010003,岐阜競輪,3R,09:11,1-7,1,7,33.2,0.03290831597105656,0.09255609023907785
4320260604010003,岐阜競輪,3R,09:11,3-6,3,6,119.7,0.009106520928921724,0.09005055519193039
6320260603020003,防府競輪,3R,12:06,4-6,4,6,40.9,0.026624464656816314,0.08894060446378727
4320260604010003,岐阜競輪,3R,09:11,1-6,1,6,54.4,0.020009385176716153,0.0885105536133588
3520260603020007,平塚競輪,7R,23:21,1-2,1,2,9.3,0.11703721656871333,0.08844611408903402
2220260603020007,前橋競輪,7R,23:12,1-6,1,6,29.2,0.037111396384351916,0.08365277442307595
8320260604010008,久留米競輪,8R,14:12,6-8,6,8,101.6,0.010651518391067379,0.08219426853244571
6320260603020008,防府競輪,8R,14:27,1-2,1,2,27.3,0.03961601855995508,0.0815173066867736
1220260602030004,青森競輪,4R,17:14,1-3,1,3,22.5,0.048040314623261055,0.08090707902337368
4520260603020007,豊橋競輪,7R,23:30,1-3,1,3,18.0,0.059993819744377515,0.07988875539879525
2120260604010009,弥彦競輪,9R,19:02,1-7,1,7,14.5,0.07439799743412569,0.07877096279482254
4320260604010003,岐阜競輪,3R,09:11,3-7,3,7,57.3,0.018821637570045048,0.07847983276358117
8320260604010010,久留米競輪,10R,15:12,2-8,2,8,58.4,0.01845811914054186,0.07795415780764459
3520260603020004,平塚競輪,4R,22:01,1-7,1,7,16.5,0.06530807493884795,0.07758323649099119
1220260602030005,青森競輪,5R,17:38,6-7,6,7,14.0,0.0769081903642652,0.07671466509971281
1220260602030008,青森競輪,8R,18:50,1-4,1,4,40.3,0.026699260697571517,0.07598020611213196
4320260604010005,岐阜競輪,5R,09:53,2-5,2,5,30.9,0.03475307300562339,0.07386995587376277
8320260604010006,久留米競輪,6R,13:16,1-9,1,9,38.6,0.02777791368733622,0.0722274683311781
3520260603020003,平塚競輪,3R,21:37,3-5,3,5,18.7,0.05728963525701419,0.0713161793061654
8320260604010012,久留米競輪,12R,16:21,5-9,5,9,32.6,0.03268217617616751,0.06543894334306088
8320260604010009,久留米競輪,9R,14:42,5-9,5,9,32.4,0.03284358582565364,0.06413218075117788
1220260602030005,青森競輪,5R,17:38,1-3,1,3,51.5,0.020628624164445677,0.062374144468952286
4520260603020004,豊橋競輪,4R,22:09,3-4,3,4,52.5,0.020214655729680224,0.06126942580821182
1220260602030011,青森競輪,11R,20:04,2-7,2,7,19.6,0.05402096029365999,0.05881082175573593
2120260604010006,弥彦競輪,6R,17:50,2-6,2,6,33.6,0.03145133276012411,0.05676478074017011
4520260603020005,豊橋競輪,5R,22:36,3-5,3,5,33.7,0.031222846152177273,0.05220991532837416
6320260603020001,防府競輪,1R,11:11,2-7,2,7,16.7,0.06264822055565798,0.04622528327948827
1220260602030004,青森競輪,4R,17:14,1-7,1,7,23.5,0.04436432635898709,0.04256166943619677
4520260603020001,豊橋競輪,1R,20:57,1-5,1,5,15.0,0.06948761719879887,0.04231425798198307
8320260604010008,久留米競輪,8R,14:12,1-4,1,4,52.9,0.019691157708178145,0.04166224276262387
8320260604010001,久留米競輪,1R,10:58,5-9,5,9,32.5,0.0320452463803447,0.041470507361202724
6320260603020008,防府競輪,8R,14:27,2-4,2,4,57.4,0.018134397198701503,0.040914399205466356
3520260603020005,平塚競輪,5R,22:27,3-5,3,5,39.7,0.026179668591840094,0.039332843096051784
1220260602030008,青森競輪,8R,18:50,2-3,2,3,20.1,0.051699250473348,0.03915493451429497
8320260604010006,久留米競輪,6R,13:16,2-5,2,5,30.7,0.03382921049298103,0.03855676213451753
2220260603020007,前橋競輪,7R,23:12,4-5,4,5,29.2,0.03540502072353366,0.03382660512718272
1220260602030006,青森競輪,6R,18:02,2-5,2,5,22.5,0.045930405706373245,0.0334341283933981
8320260604010007,久留米競輪,7R,13:44,3-5,3,5,22.8,0.045160714991485953,0.029664301805879756
8320260604010006,久留米競輪,6R,13:16,2-3,2,3,21.6,0.04762319110630753,0.02866092789624264
8320260604010012,久留米競輪,12R,16:21,2-3,2,3,51.6,0.019934666474174155,0.0286287900673865
1220260602030012,青森競輪,12R,20:30,2-6,2,6,31.7,0.03244868059397479,0.028623174829000675
1220260602030010,青森競輪,10R,19:38,1-2,1,2,32.8,0.03124513182598146,0.024840323892191707
1220260602030008,青森競輪,8R,18:50,6-7,6,7,30.2,0.03391136827525758,0.024123321912778772
2220260603020003,前橋競輪,3R,21:29,2-7,2,7,13.1,0.07812422165753496,0.023427303713708048
8320260604010011,久留米競輪,11R,15:44,1-2,1,2,25.7,0.03976886733668175,0.02205989055272095
1220260602030011,青森競輪,11R,20:04,2-5,2,5,66.0,0.015481001548567378,0.021746102205447038
8320260604010001,久留米競輪,1R,10:58,5-8,5,8,54.3,0.018812709124876235,0.021530105480779493
8320260604010002,久留米競輪,2R,11:24,6-7,6,7,45.3,0.022512759293912596,0.019827996014240457
8320260604010006,久留米競輪,6R,13:16,1-7,1,7,23.9,0.04258256002388615,0.017723184570878958
4520260603020005,豊橋競輪,5R,22:36,3-7,3,7,33.7,0.030188223620474068,0.01734313600997628
1220260602030004,青森競輪,4R,17:14,2-4,2,4,14.7,0.06890208338004722,0.012860625686694105
1220260602030011,青森競輪,11R,20:04,2-4,2,4,29.0,0.034834441474771764,0.010198802768381254
8320260604010004,久留米競輪,4R,12:20,2-7,2,7,52.0,0.019407132311989532,0.00917088022345558
4520260603020003,豊橋競輪,3R,21:45,2-4,2,4,13.1,0.07690220842922185,0.00741893042280628
8320260604010003,久留米競輪,3R,11:52,1-2,1,2,27.2,0.03680505165080816,0.0010974049019820686
1220260602030004,青森競輪,4R,17:14,6-7,6,7,40.5,0.02464023379593986,-0.002070531264435682
4320260604010005,岐阜競輪,5R,09:53,4-7,4,7,7.8,0.12791741700856052,-0.002244147333227975
6320260603020001,防府競輪,1R,11:11,3-7,3,7,38.9,0.02563695875086898,-0.0027223045911967114
8320260604010003,久留米競輪,3R,11:52,3-8,3,8,93.1,0.010705719971513216,-0.003297470652119605
8320260604010005,久留米競輪,5R,12:48,2-3,2,3,52.7,0.018874211618792554,-0.005329047689632382
2120260604010008,弥彦競輪,8R,18:38,1-2,1,2,16.7,0.05913481516823381,-0.012448586690495422
1220260602030008,青森競輪,8R,18:50,1-6,1,6,40.3,0.02443232603300108,-0.015377260870056642
1220260602030008,青森競輪,8R,18:50,1-3,1,3,34.6,0.02833568668496393,-0.01958524070024792
3520260603020004,平塚競輪,4R,22:01,2-4,2,4,16.5,0.059361917316720955,-0.020528364274104205
2220260603020006,前橋競輪,6R,22:45,2-7,2,7,13.5,0.07242202674662752,-0.022302638920528417
2120260604010012,弥彦競輪,12R,20:17,2-3,2,3,32.9,0.029628438256512492,-0.025224381360739012
1220260602030004,青森競輪,4R,17:14,4-5,4,5,22.5,0.043197167911451076,-0.028063721992350743
2120260604010012,弥彦競輪,12R,20:17,2-4,2,4,7.4,0.13125040069127658,-0.028747034884553213
8320260604010002,久留米競輪,2R,11:24,2-3,2,3,16.2,0.05987747046058677,-0.029984978538494356
1220260602030004,青森競輪,4R,17:14,5-6,5,6,28.9,0.033435367968122895,-0.03371786572124835
8320260604010012,久留米競輪,12R,16:21,6-8,6,8,87.4,0.010988787649889382,-0.03957995939966796
6320260603020004,防府競輪,4R,12:34,1-4,1,4,15.2,0.06305938327406807,-0.04149737423416533
1220260602030005,青森競輪,5R,17:38,2-4,2,4,23.7,0.040127811503980676,-0.04897086735565803
2220260603020007,前橋競輪,7R,23:12,2-7,2,7,14.6,0.06500642094932006,-0.05090625413992711
8320260604010005,久留米競輪,5R,12:48,4-8,4,8,117.3,0.008087302376298622,-0.05135943126017173
4520260603020003,豊橋競輪,3R,21:45,2-6,2,6,26.2,0.03608985494916786,-0.05444580033180213
8320260604010003,久留米競輪,3R,11:52,5-7,5,7,22.8,0.04143236623205701,-0.05534204990910008
1220260602030002,青森競輪,2R,16:28,2-7,2,7,19.0,0.04951609357658259,-0.059194222044930744
2120260604010007,弥彦競輪,7R,18:14,2-6,2,6,13.0,0.07225365351326524,-0.060702504327551976
2120260604010002,弥彦競輪,2R,16:14,1-4,1,4,42.0,0.022348578925088576,-0.06135968514627976
8320260604010010,久留米競輪,10R,15:12,5-7,5,7,15.2,0.06142893935815906,-0.0662801217559823
1220260602030006,青森競輪,6R,18:02,4-7,4,7,30.0,0.030949456761403888,-0.07151629715788332
1220260602030009,青森競輪,9R,19:14,3-5,3,5,23.7,0.03916132203688777,-0.07187666772575996
2120260604010009,弥彦競輪,9R,19:02,5-7,5,7,7.0,0.13229234000335366,-0.07395361997652439
1220260602030006,青森競輪,6R,18:02,2-3,2,3,36.0,0.025721832494039018,-0.0740140302145953
2120260604010009,弥彦競輪,9R,19:02,3-6,3,6,49.5,0.018675241965629526,-0.0755755227013385
3520260603020007,平塚競輪,7R,23:21,1-7,1,7,9.3,0.09937004253698827,-0.07585860440600911
3520260603020007,平塚競輪,7R,23:21,2-6,2,6,32.6,0.028283495941838675,-0.07795803229605913
1220260602030001,青森競輪,1R,16:06,3-4,3,4,36.9,0.024967398964031978,-0.07870297822722006
8320260604010004,久留米競輪,4R,12:20,3-5,3,5,15.0,0.061317800507274624,-0.08023299239088066
1220260602030009,青森競輪,9R,19:14,1-7,1,7,18.2,0.05052463313504754,-0.08045167694213473
2120260604010012,弥彦競輪,12R,20:17,3-7,3,7,39.5,0.023090601959149804,-0.08792122261358282
8320260604010009,久留米競輪,9R,14:42,3-9,3,9,18.7,0.04875368315589495,-0.08830612498476453
6320260603020004,防府競輪,4R,12:34,1-2,1,2,7.0,0.13010948600464256,-0.08923359796750208
1220260602030005,青森競輪,5R,17:38,3-6,3,6,61.8,0.014723079372003343,-0.09011369481019349
8320260604010007,久留米競輪,7R,13:44,2-9,2,9,34.1,0.026662294722318132,-0.0908157499689517
4320260604010004,岐阜競輪,4R,09:32,2-7,2,7,19.1,0.0475868024894395,-0.09109207245170547
1220260602030007,青森競輪,7R,18:26,3-5,3,5,17.1,0.05312543235473652,-0.09155510673400546
4520260603020001,豊橋競輪,1R,20:57,3-4,3,4,30.0,0.030241122568306605,-0.09276632295080178
3520260603020003,平塚競輪,3R,21:37,3-4,3,4,18.7,0.048451154721341594,-0.09396340671091219
2120260604010010,弥彦競輪,10R,19:26,1-4,1,4,32.6,0.027759919591685923,-0.0950266213110389
2120260604010010,弥彦競輪,10R,19:26,2-4,2,4,29.6,0.03047099390745505,-0.09805858033933046
2120260604010010,弥彦競輪,10R,19:26,4-7,4,7,81.5,0.0110345256892718,-0.10068615632434841
1220260602030012,青森競輪,12R,20:30,1-3,1,3,26.8,0.03345743305965769,-0.10334079400117391
2120260604010007,弥彦競輪,7R,18:14,1-3,1,3,11.0,0.0814807649467429,-0.10371158558582805
2220260603020003,前橋競輪,3R,21:29,1-4,1,4,13.1,0.0684151506254167,-0.10376152680704132
1220260602030009,青森競輪,9R,19:14,3-4,3,4,23.7,0.03776661922285375,-0.10493112441836616
4520260603020006,豊橋競輪,6R,23:03,1-4,1,4,11.5,0.07773462808573436,-0.10605177701405477
1220260602030006,青森競輪,6R,18:02,3-6,3,6,36.0,0.024831508988723033,-0.10606567640597087
4320260604010001,岐阜競輪,1R,08:30,2-5,2,5,16.6,0.05384939141756491,-0.10610010246842239
8320260604010004,久留米競輪,4R,12:20,1-9,1,9,25.3,0.03523556753332646,-0.10854014140684054
8320260604010006,久留米競輪,6R,13:16,3-9,3,9,17.8,0.050046471278116345,-0.10917281124952904
2120260604010008,弥彦競輪,8R,18:38,3-6,3,6,31.0,0.028735416717753197,-0.10920208174965085
6320260603020008,防府競輪,8R,14:27,2-5,2,5,35.3,0.025178220226107634,-0.11120882601840065
2220260603020002,前橋競輪,2R,21:05,1-2,1,2,9.7,0.09153905120275299,-0.11207120333329601
2220260603020003,前橋競輪,3R,21:29,1-5,1,5,26.2,0.03366509882129549,-0.11797441088205829
1220260602030008,青森競輪,8R,18:50,2-6,2,6,17.3,0.05098398797649257,-0.11797700800667854
6320260603020011,防府競輪,11R,15:59,5-7,5,7,12.9,0.06831368924883277,-0.11875340869005724
4320260604010003,岐阜競輪,3R,09:11,5-7,5,7,28.9,0.03047846836936647,-0.11917226412530912
1220260602030005,青森競輪,5R,17:38,3-4,3,4,38.6,0.02278364415144006,-0.12055133575441368
3520260603020007,平塚競輪,7R,23:21,5-6,5,6,65.2,0.01346277964650688,-0.12222676704775137
1220260602030011,青森競輪,11R,20:04,3-7,3,7,7.2,0.12159568514552571,-0.12451106695221481
6320260603020001,防府競輪,1R,11:11,6-7,6,7,29.5,0.02966775578286658,-0.12480120440543585
6320260603020003,防府競輪,3R,12:06,1-7,1,7,11.0,0.07934554817144317,-0.12719897011412518
6320260603020002,防府競輪,2R,11:38,1-2,1,2,10.8,0.08055273262359473,-0.13003048766517677
2220260603020003,前橋競輪,3R,21:29,3-4,3,4,26.2,0.03309452480579401,-0.13292345008819706
4520260603020002,豊橋競輪,2R,21:21,2-3,2,3,16.5,0.0524860835751684,-0.13397962100972138
1220260602030012,青森競輪,12R,20:30,1-5,1,5,9.6,0.08987647886805716,-0.13718580286665127
2220260603020006,前橋競輪,6R,22:45,2-4,2,4,13.5,0.06391059198368353,-0.13720700822027243
3520260603020005,平塚競輪,5R,22:27,1-4,1,4,9.9,0.08710876257291192,-0.13762325052817193
1220260602030002,青森競輪,2R,16:28,2-3,2,3,12.8,0.06730117805264899,-0.13854492092609294
8320260604010005,久留米競輪,5R,12:48,1-7,1,7,8.9,0.09672342843728265,-0.1391614869081843
1220260602030011,青森競輪,11R,20:04,2-3,2,3,14.5,0.059251412852573244,-0.14085451363768797
4520260603020006,豊橋競輪,6R,23:03,4-5,4,5,34.5,0.02484789242549396,-0.14274771132045838
2120260604010010,弥彦競輪,10R,19:26,5-7,5,7,36.2,0.023634948695998956,-0.1444148572048377
1220260602030004,青森競輪,4R,17:14,3-7,3,7,24.4,0.0350348600492671,-0.1451494147978829
1220260602030007,青森競輪,7R,18:26,5-7,5,7,17.1,0.04990001141578595,-0.14670980479006024
3520260603020005,平塚競輪,5R,22:27,1-5,1,5,9.9,0.08613886415762546,-0.14722524483950783
2120260604010001,弥彦競輪,1R,15:51,3-4,3,4,12.9,0.06609869047761564,-0.14732689283875822
6320260603020008,防府競輪,8R,14:27,3-7,3,7,8.7,0.09790127324287455,-0.1482589227869915
2220260603020006,前橋競輪,6R,22:45,1-2,1,2,13.5,0.06296200994282708,-0.15001286577183448
4520260603020006,豊橋競輪,6R,23:03,6-7,6,7,34.5,0.02462993847786854,-0.15026712251353536
6320260603020011,防府競輪,11R,15:59,2-7,2,7,42.2,0.020080438726968297,-0.15260548572193777
2220260603020001,前橋競輪,1R,20:41,1-3,1,3,12.7,0.06665674847831782,-0.15345929432536376
3520260603020005,平塚競輪,5R,22:27,2-6,2,6,19.8,0.042661781428797244,-0.1552967277098145
2120260604010005,弥彦競輪,5R,17:26,2-7,2,7,15.0,0.056174955281216535,-0.15737567078175196
1220260602030010,青森競輪,10R,19:38,4-5,4,5,7.5,0.11224738125138034,-0.1581446406146474
1220260602030002,青森競輪,2R,16:28,1-4,1,4,45.8,0.018348892697398263,-0.1596207144591596
1220260602030003,青森競輪,3R,16:50,2-5,2,5,11.5,0.07290192844183466,-0.16162782291890143
1220260602030011,青森競輪,11R,20:04,2-6,2,6,48.4,0.017192544928449804,-0.16788082546302951
1220260602030001,青森競輪,1R,16:06,2-7,2,7,23.9,0.034777106978929724,-0.1688271432035796
3520260603020001,平塚競輪,1R,20:49,2-4,2,4,13.1,0.06340843515654722,-0.1693494994492315
1220260602030007,青森競輪,7R,18:26,1-5,1,5,24.5,0.033835903721153235,-0.1710203588317457
3520260603020007,平塚競輪,7R,23:21,1-4,1,4,32.6,0.02540944627786515,-0.1716520513415961
1220260602030005,青森競輪,5R,17:38,1-7,1,7,9.6,0.08605764307723884,-0.17384662645850713
1220260602030012,青森競輪,12R,20:30,1-4,1,4,18.5,0.0440776203996456,-0.18456402260655647
6320260603020001,防府競輪,1R,11:11,4-7,4,7,25.3,0.03221175244469063,-0.18504266314932705
4520260603020004,豊橋競輪,4R,22:09,3-5,3,5,17.5,0.04651433829850316,-0.18599907977619468
8320260604010002,久留米競輪,2R,11:24,5-6,5,6,30.7,0.026389921084448653,-0.18982942270742642
2120260604010006,弥彦競輪,6R,17:50,4-5,4,5,7.4,0.10941379164273106,-0.19033794184379016
4520260603020004,豊橋競輪,4R,22:09,3-7,3,7,26.2,0.030901238450150442,-0.19038755260605844
8320260604010006,久留米競輪,6R,13:16,2-4,2,4,46.1,0.01755655614325951,-0.19064276179573658
2120260604010011,弥彦競輪,11R,19:51,2-5,2,5,21.8,0.03711087558629096,-0.190982912218857
1220260602030009,青森競輪,9R,19:14,2-5,2,5,11.8,0.0684563139194631,-0.19221549575033547
1220260602030010,青森競輪,10R,19:38,1-4,1,4,10.5,0.07666664100566262,-0.1950002694405425
2120260604010010,弥彦競輪,10R,19:26,2-6,2,6,23.3,0.034522860985692946,-0.19561733903335432
4320260604010003,岐阜競輪,3R,09:11,1-2,1,2,10.5,0.0763675626468221,-0.198140592208368
6320260603020010,防府競輪,10R,15:28,5-7,5,7,33.6,0.023752180670766454,-0.2019267294622471
4520260603020006,豊橋競輪,6R,23:03,3-4,3,4,17.2,0.046394810032217196,-0.20200926744586423
2220260603020004,前橋競輪,4R,21:53,1-6,1,6,8.2,0.09698235674038967,-0.20474467472880475
8320260604010001,久留米競輪,1R,10:58,1-3,1,3,14.5,0.05479250489893339,-0.20550867896546587
4520260603020007,豊橋競輪,7R,23:30,5-7,5,7,18.0,0.0440848369246166,-0.20647293535690114
8320260604010011,久留米競輪,11R,15:44,3-7,3,7,15.7,0.05048608778657208,-0.20736842175081838
3520260603020006,平塚競輪,6R,22:54,2-4,2,4,15.7,0.05031383533008209,-0.21007278531771123
6320260603020007,防府競輪,7R,13:58,3-4,3,4,35.7,0.02209227536587985,-0.21130576943808932
6320260603020003,防府競輪,3R,12:06,4-7,4,7,14.7,0.05359204275958625,-0.21219697143408223
1220260602030009,青森競輪,9R,19:14,2-6,2,6,12.4,0.06349296768683574,-0.21268720068323677
2220260603020003,前橋競輪,3R,21:29,4-5,4,5,26.2,0.029979753005111843,-0.21453047126606972
1220260602030006,青森競輪,6R,18:02,5-7,5,7,18.0,0.04328245487194141,-0.22091581230505453
2120260604010008,弥彦競輪,8R,18:38,1-3,1,3,10.3,0.07559165620577998,-0.22140594108046607
8320260604010009,久留米競輪,9R,14:42,5-8,5,8,316.4,0.002460630616037148,-0.22145647308584637
8320260604010012,久留米競輪,12R,16:21,2-6,2,6,49.3,0.015722952914053567,-0.22485842133715916
2120260604010011,弥彦競輪,11R,19:51,3-6,3,6,36.4,0.02128210509856941,-0.22533137441207352
3520260603020005,平塚競輪,5R,22:27,3-6,3,6,39.7,0.019473678534523045,-0.22689496217943506
8320260604010008,久留米競輪,8R,14:12,4-7,4,7,27.5,0.02808033797127787,-0.2277907057898585
8320260604010006,久留米競輪,6R,13:16,5-7,5,7,13.2,0.0584914094435327,-0.22791339534536847
8320260604010003,久留米競輪,3R,11:52,1-7,1,7,12.6,0.06120039488899072,-0.228875024398717
6320260603020006,防府競輪,6R,13:30,5-7,5,7,35.3,0.021783357386593497,-0.2310474842532496
3520260603020002,平塚競輪,2R,21:13,2-4,2,4,12.6,0.061024544410347895,-0.23109074042961653
2220260603020002,前橋競輪,2R,21:05,1-4,1,4,9.7,0.07900618732213133,-0.23363998297532618
2220260603020006,前橋競輪,6R,22:45,2-6,2,6,13.5,0.056664211451466565,-0.23503314540520137
1220260602030001,青森競輪,1R,16:06,5-7,5,7,9.9,0.07715106225619893,-0.23620448366363056
8320260604010010,久留米競輪,10R,15:12,3-9,3,9,41.1,0.018583817812807837,-0.23620508789359784
1220260602030006,青森競輪,6R,18:02,4-5,4,5,12.0,0.06358315607901292,-0.23700212705184498
1220260602030007,青森競輪,7R,18:26,3-7,3,7,12.2,0.062282632661986345,-0.24015188152376665
2220260603020003,前橋競輪,3R,21:29,2-4,2,4,8.7,0.08722432523543569,-0.24114837045170956
2120260604010005,弥彦競輪,5R,17:26,5-7,5,7,18.6,0.0407533254722186,-0.24198814621673403
8320260604010008,久留米競輪,8R,14:12,5-7,5,7,15.0,0.050504716334995134,-0.24242925497507295
4520260603020002,豊橋競輪,2R,21:21,1-4,1,4,16.5,0.04587912650380717,-0.2429944126871817
2120260604010012,弥彦競輪,12R,20:17,3-5,3,5,49.3,0.015345075769846811,-0.2434877645465523
1220260602030012,青森競輪,12R,20:30,2-3,2,3,20.2,0.03734627589696203,-0.245605226881367
4520260603020002,豊橋競輪,2R,21:21,2-6,2,6,11.0,0.06845994017704818,-0.24694065805247
8320260604010012,久留米競輪,12R,16:21,1-9,1,9,19.5,0.038351971432553214,-0.2521365570652123
8320260604010003,久留米競輪,3R,11:52,6-7,6,7,23.6,0.03154161313577684,-0.25561792999566657
1220260602030009,青森競輪,9R,19:14,1-4,1,4,21.5,0.03455843600526058,-0.25699362588689745
1220260602030012,青森競輪,12R,20:30,1-7,1,7,11.7,0.06350357753051004,-0.25700814289303253
1220260602030007,青森競輪,7R,18:26,1-7,1,7,17.1,0.043415996105087985,-0.25758646660299545
2120260604010009,弥彦競輪,9R,19:02,2-5,2,5,9.1,0.08145397628532358,-0.2587688158035555
8320260604010007,久留米競輪,7R,13:44,1-3,1,3,22.2,0.033353000900945354,-0.25956337999901313
6320260603020008,防府競輪,8R,14:27,3-6,3,6,9.9,0.07453660790627575,-0.26208758172787006
2220260603020003,前橋競輪,3R,21:29,1-7,1,7,13.1,0.05601743647739996,-0.2661715821460606
4320260604010006,岐阜競輪,6R,10:14,2-4,2,4,5.6,0.13091031481339194,-0.26690223704500515
3520260603020004,平塚競輪,4R,22:01,2-3,2,3,16.5,0.044421626834221614,-0.26704315723534333
4520260603020006,豊橋競輪,6R,23:03,1-2,1,2,6.9,0.10596311068684534,-0.26885453626076705
8320260604010006,久留米競輪,6R,13:16,3-5,3,5,12.0,0.06092314146717687,-0.2689223023938776
3520260603020003,平塚競輪,3R,21:37,2-4,2,4,9.3,0.07854858523489329,-0.2694981573154923
2120260604010006,弥彦競輪,6R,17:50,3-6,3,6,67.2,0.010866961923219773,-0.2697401587596312
2120260604010012,弥彦競輪,12R,20:17,4-7,4,7,6.5,0.11232303383147893,-0.2699002800953869
4520260603020007,豊橋競輪,7R,23:30,1-4,1,4,9.0,0.08096611425169331,-0.2713049717347602
8320260604010008,久留米競輪,8R,14:12,6-9,6,9,64.0,0.011289798754898085,-0.27745287968652255
6320260603020007,防府競輪,7R,13:58,3-5,3,5,27.3,0.026396694016518805,-0.27937025334903665
1220260602030002,青森競輪,2R,16:28,1-3,1,3,9.5,0.07581289416517131,-0.27977750543087254
1220260602030012,青森競輪,12R,20:30,1-2,1,2,9.6,0.07500377878344872,-0.27996372367889233
2120260604010006,弥彦競輪,6R,17:50,2-4,2,4,11.2,0.06428767139624768,-0.2799780803620261
2220260603020006,前橋競輪,6R,22:45,4-6,4,6,13.5,0.05320067927895511,-0.2817908297341061
1220260602030004,青森競輪,4R,17:14,1-5,1,5,12.7,0.056496118686255606,-0.28249929268455387
6320260603020008,防府競輪,8R,14:27,1-7,1,7,11.4,0.06286346442496452,-0.2833565055554045
2220260603020003,前橋競輪,3R,21:29,3-7,3,7,26.2,0.027288119838414282,-0.2850512602335459
6320260603020002,防府競輪,2R,11:38,5-7,5,7,13.3,0.053715787965054135,-0.28558002006478
8320260604010002,久留米競輪,2R,11:24,2-9,2,9,19.1,0.037264889465282475,-0.2882406112131046
2220260603020003,前橋競輪,3R,21:29,3-6,3,6,26.2,0.02716054256762089,-0.28839378472833266
4520260603020005,豊橋競輪,5R,22:36,3-6,3,6,33.7,0.021027985740908917,-0.29135688053136943
2120260604010007,弥彦競輪,7R,18:14,2-5,2,5,7.9,0.08933001566866013,-0.29429287621758493
8320260604010001,久留米競輪,1R,10:58,1-4,1,4,14.8,0.04767224175607328,-0.2944508220101154
1220260602030002,青森競輪,2R,16:28,3-5,3,5,7.9,0.0890938019098472,-0.29615896491220706
4520260603020005,豊橋競輪,5R,22:36,1-3,1,3,11.2,0.06256436477951167,-0.2992791144694693
2120260604010006,弥彦競輪,6R,17:50,2-5,2,5,6.5,0.10755814583119772,-0.3008720520972148
4320260604010003,岐阜競輪,3R,09:11,2-3,2,3,14.3,0.04877817537504163,-0.3024720921369046
6320260603020008,防府競輪,8R,14:27,5-6,5,6,29.4,0.02370220139611054,-0.3031552789543501
1220260602030008,青森競輪,8R,18:50,1-2,1,2,11.0,0.06320590684077959,-0.30473502475142444
6320260603020009,防府競輪,9R,14:57,3-7,3,7,16.4,0.042338957563500784,-0.30564109595858724
1220260602030008,青森競輪,8R,18:50,3-6,3,6,34.6,0.020051951252735973,-0.30620248665533534
1220260602030009,青森競輪,9R,19:14,1-2,1,2,7.9,0.0877556760926724,-0.306730158867888
1220260602030006,青森競輪,6R,18:02,3-5,3,5,13.8,0.05006185342230096,-0.3091464227722467
3520260603020003,平塚競輪,3R,21:37,1-5,1,5,9.3,0.0742848033407047,-0.30915132893144626
2120260604010002,弥彦競輪,2R,16:14,2-4,2,4,35.3,0.019480240124931707,-0.3123475235899108
2120260604010007,弥彦競輪,7R,18:14,3-4,3,4,47.7,0.014408069499841263,-0.31273508485757173
1220260602030012,青森競輪,12R,20:30,2-4,2,4,14.1,0.0487350997937688,-0.31283509290785994
3520260603020006,平塚競輪,6R,22:54,6-7,6,7,31.5,0.021742652473928557,-0.31510644707125046
2120260604010007,弥彦競輪,7R,18:14,1-2,1,2,4.2,0.16187114658500903,-0.320141184342962
2220260603020006,前橋競輪,6R,22:45,2-3,2,3,13.5,0.05027615039405077,-0.3212719696803146
8320260604010005,久留米競輪,5R,12:48,6-9,6,9,64.5,0.010521502103233575,-0.3213631143414344
2220260603020003,前橋競輪,3R,21:29,2-6,2,6,8.7,0.07795619191023213,-0.32178113038098044
1220260602030006,青森競輪,6R,18:02,2-6,2,6,30.0,0.02256776625054284,-0.32296701248371484
4520260603020002,豊橋競輪,2R,21:21,1-3,1,3,11.0,0.06153106345434537,-0.32315830200220097
2220260603020002,前橋競輪,2R,21:05,2-4,2,4,9.7,0.06967803121239347,-0.3241230972397834
2120260604010005,弥彦競輪,5R,17:26,2-4,2,4,9.6,0.06997977599331304,-0.32819415046419487
3520260603020005,平塚競輪,5R,22:27,2-4,2,4,13.2,0.050876229858080116,-0.3284337658733425
8320260604010007,久留米競輪,7R,13:44,2-3,2,3,37.4,0.017881406315910245,-0.33123540378495686
2120260604010008,弥彦競輪,8R,18:38,2-5,2,5,36.2,0.018447141749042027,-0.3322134686846786
8320260604010011,久留米競輪,11R,15:44,3-5,3,5,23.6,0.02817564157242196,-0.33505485889084174
1220260602030012,青森競輪,12R,20:30,3-6,3,6,55.5,0.011969050537568929,-0.33571769516492445
8320260604010004,久留米競輪,4R,12:20,5-9,5,9,28.2,0.023552115491070072,-0.33583034315182403
2120260604010010,弥彦競輪,10R,19:26,1-2,1,2,20.3,0.03260360001710662,-0.3381469196527356
8320260604010003,久留米競輪,3R,11:52,2-9,2,9,16.4,0.04027965828433201,-0.3394136041369551
2120260604010011,弥彦競輪,11R,19:51,2-7,2,7,10.9,0.06046366753890563,-0.34094602382592865
4320260604010004,岐阜競輪,4R,09:32,1-7,1,7,21.0,0.03137526037846486,-0.341119532052238
2220260603020007,前橋競輪,7R,23:12,3-5,3,5,29.2,0.022486327904549602,-0.3433992251871516
1220260602030007,青森競輪,7R,18:26,1-2,1,2,9.5,0.0689950954408874,-0.34454659331156967
8320260604010004,久留米競輪,4R,12:20,1-7,1,7,11.3,0.057878250894979555,-0.345975764886731
8320260604010011,久留米競輪,11R,15:44,1-9,1,9,31.3,0.020858938281703272,-0.34711523178268755
1220260602030010,青森競輪,10R,19:38,3-5,3,5,12.5,0.05217430043280763,-0.3478212445899046
2220260603020003,前橋競輪,3R,21:29,4-7,4,7,13.1,0.04950793681422338,-0.3514460277336737
1220260602030007,青森競輪,7R,18:26,3-4,3,4,19.0,0.034081662528905016,-0.3524484119508047
8320260604010006,久留米競輪,6R,13:16,5-9,5,9,17.7,0.036523969169274736,-0.3535257457038372
2220260603020003,前橋競輪,3R,21:29,2-3,2,3,13.1,0.048951610418377624,-0.35873390351925316
1220260602030002,青森競輪,2R,16:28,5-7,5,7,9.7,0.06607204387637908,-0.35910117439912304
2120260604010005,弥彦競輪,5R,17:26,1-4,1,4,7.7,0.08317113738543538,-0.3595822421321475
2220260603020001,前橋競輪,1R,20:41,3-4,3,4,17.0,0.037660721313190926,-0.3597677376757542
4320260604010002,岐阜競輪,2R,08:50,1-3,1,3,9.5,0.06737509189196221,-0.359936627026359
1220260602030003,青森競輪,3R,16:50,3-6,3,6,21.0,0.030393791473617156,-0.3617303790540397
8320260604010011,久留米競輪,11R,15:44,1-7,1,7,10.5,0.060569527779140736,-0.36401995831902223
2220260603020003,前橋競輪,3R,21:29,2-5,2,5,13.1,0.04854353163836272,-0.36407973553744843
4520260603020004,豊橋競輪,4R,22:09,1-2,1,2,6.5,0.09763739228217888,-0.36535695016583725
1220260602030005,青森競輪,5R,17:38,5-7,5,7,6.1,0.10352245133503901,-0.36851304685626207
1220260602030006,青森競輪,6R,18:02,1-7,1,7,9.4,0.06716352153192105,-0.3686628975999421
1220260602030011,青森競輪,11R,20:04,1-2,1,2,23.4,0.02691552910349459,-0.3701766189782266
4320260604010001,岐阜競輪,1R,08:30,5-7,5,7,7.1,0.08863610356146065,-0.37068366471362946
8320260604010009,久留米競輪,9R,14:42,3-7,3,7,26.3,0.023917122544578055,-0.37097967707759716
6320260603020003,防府競輪,3R,12:06,2-4,2,4,6.9,0.09109554869643202,-0.371440713994619
2220260603020002,前橋競輪,2R,21:05,1-5,1,5,9.7,0.06457282503529588,-0.37364359715763007
2120260604010004,弥彦競輪,4R,17:02,4-5,4,5,8.9,0.07031041609465008,-0.3742372967576143
8320260604010006,久留米競輪,6R,13:16,5-6,5,6,56.7,0.010983659195875928,-0.3772265235938348
1220260602030004,青森競輪,4R,17:14,4-6,4,6,23.8,0.02597408336315446,-0.38181681595692385
6320260603020010,防府競輪,10R,15:28,5-6,5,6,46.1,0.013398131874331955,-0.38234612059329687
2120260604010008,弥彦競輪,8R,18:38,1-7,1,7,9.0,0.06844184075023169,-0.3840234332479149
8320260604010002,久留米競輪,2R,11:24,1-2,1,2,19.9,0.030750128477423755,-0.38807244329926727
2120260604010012,弥彦競輪,12R,20:17,1-5,1,5,23.7,0.025492855125964962,-0.3958193335146304
2120260604010001,弥彦競輪,1R,15:51,4-7,4,7,11.8,0.05104776341502437,-0.39763639170271237
2220260603020004,前橋競輪,4R,21:53,1-3,1,3,8.2,0.07286991978097276,-0.4024666577960234
3520260603020005,平塚競輪,5R,22:27,3-7,3,7,39.7,0.015027578368377034,-0.4034051387754317
6320260603020005,防府競輪,5R,13:02,1-5,1,5,8.7,0.06857040843792753,-0.40343744659003056
3520260603020001,平塚競輪,1R,20:49,2-3,2,3,9.9,0.06005271158749309,-0.40547815528381836
4520260603020004,豊橋競輪,4R,22:09,5-6,5,6,13.1,0.04534495163645631,-0.40598113356242227
1220260602030001,青森競輪,1R,16:06,1-2,1,2,9.6,0.06167356596052449,-0.40793376677896487
6320260603020003,防府競輪,3R,12:06,2-5,2,5,11.1,0.0531670978387781,-0.4098452139895631
4520260603020005,豊橋競輪,5R,22:36,1-2,1,2,5.6,0.10538232385929955,-0.4098589863879226
1220260602030010,青森競輪,10R,19:38,2-5,2,5,12.5,0.04707286631331112,-0.41158917108361104
1220260602030009,青森競輪,9R,19:14,2-3,2,3,6.4,0.09182776921996846,-0.4123022769922018
2220260603020001,前橋競輪,1R,20:41,1-4,1,4,7.2,0.08090176888883964,-0.41750726400035454
1220260602030007,青森競輪,7R,18:26,2-4,2,4,11.4,0.05087608059077734,-0.42001268126513824
1220260602030002,青森競輪,2R,16:28,2-5,2,5,14.2,0.04071230687678064,-0.4218852423497149
2120260604010002,弥彦競輪,2R,16:14,2-6,2,6,20.8,0.027712524248948357,-0.42357949562187414
2120260604010005,弥彦競輪,5R,17:26,3-4,3,4,8.5,0.06762699076060064,-0.4251705785348946
3520260603020004,平塚競輪,4R,22:01,1-5,1,5,5.5,0.1043387700386035,-0.4261367647876807
1220260602030005,青森競輪,5R,17:38,1-6,1,6,17.1,0.033484191516700304,-0.42742032506442473
4520260603020002,豊橋競輪,2R,21:21,1-5,1,5,8.2,0.06951457152419235,-0.4299805135016227
2220260603020002,前橋競輪,2R,21:05,2-6,2,6,9.7,0.05873476122997043,-0.4302728160692869
2220260603020002,前橋競輪,2R,21:05,1-3,1,3,9.7,0.058531574605549655,-0.43224372632616836
1220260602030006,青森競輪,6R,18:02,1-4,1,4,6.2,0.09088973927825997,-0.43648361647478817
4520260603020006,豊橋競輪,6R,23:03,1-6,1,6,8.6,0.0655111881261985,-0.436603782114693
6320260603020011,防府競輪,11R,15:59,5-6,5,6,8.7,0.06469635303246801,-0.4371417286175283
1220260602030004,青森競輪,4R,17:14,1-2,1,2,6.4,0.08742030065301984,-0.44051007582067303
4520260603020002,豊橋競輪,2R,21:21,1-2,1,2,6.6,0.08475676555025306,-0.4406053473683298
2120260604010010,弥彦競輪,10R,19:26,3-5,3,5,4.7,0.11733723699256607,-0.44851498613493945
8320260604010009,久留米競輪,9R,14:42,1-5,1,5,21.0,0.026258349894922536,-0.44857465220662673
8320260604010005,久留米競輪,5R,12:48,2-9,2,9,16.2,0.034029437916609895,-0.4487231057509198
6320260603020006,防府競輪,6R,13:30,3-5,3,5,25.0,0.02201521131362385,-0.44961971715940374
2120260604010010,弥彦競輪,10R,19:26,2-3,2,3,6.5,0.0846682358218107,-0.4496564671582305
1220260602030004,青森競輪,4R,17:14,1-6,1,6,15.3,0.035869274291473414,-0.4512001033404567
4320260604010001,岐阜競輪,1R,08:30,2-3,2,3,10.6,0.0516479031750367,-0.452532226344611
8320260604010010,久留米競輪,10R,15:12,1-5,1,5,11.6,0.0471895797390509,-0.45260087502700963
6320260603020005,防府競輪,5R,13:02,5-7,5,7,8.7,0.06282270966719998,-0.4534424258953602
2120260604010009,弥彦競輪,9R,19:02,2-6,2,6,20.6,0.026492375490051616,-0.45425706490493667
3520260603020004,平塚競輪,4R,22:01,2-7,2,7,16.5,0.033030415683288517,-0.45499814122573945
4520260603020004,豊橋競輪,4R,22:09,4-5,4,5,17.5,0.031142725590386104,-0.4550023021682432
2120260604010005,弥彦競輪,5R,17:26,2-6,2,6,19.9,0.027369375124564273,-0.455349435021171
3520260603020001,平塚競輪,1R,20:49,1-3,1,3,8.3,0.06556125906600394,-0.4558415497521673
8320260604010010,久留米競輪,10R,15:12,1-2,1,2,13.9,0.03880786421229605,-0.4605706874490848
2120260604010006,弥彦競輪,6R,17:50,1-4,1,4,5.7,0.09431242239701382,-0.4624191923370212
6320260603020004,防府競輪,4R,12:34,2-4,2,4,4.7,0.11388744395383907,-0.4647290134169564
1220260602030011,青森競輪,11R,20:04,3-4,3,4,6.0,0.08882624049668672,-0.46704255701987973
4320260604010005,岐阜競輪,5R,09:53,3-7,3,7,4.8,0.11094991613395536,-0.46744040255701436
4520260603020007,豊橋競輪,7R,23:30,2-7,2,7,9.0,0.05892832465879736,-0.4696450780708238
4320260604010001,岐阜競輪,1R,08:30,3-7,3,7,6.0,0.0879328780034261,-0.4724027319794434
1220260602030007,青森競輪,7R,18:26,1-3,1,3,11.4,0.046191100650237245,-0.4734214525872954
4320260604010004,岐阜競輪,4R,09:32,1-5,1,5,7.3,0.07209875026002903,-0.47367912310178806
8320260604010001,久留米競輪,1R,10:58,1-9,1,9,14.1,0.037143340368988434,-0.4762789007972631
1220260602030008,青森競輪,8R,18:50,3-7,3,7,15.1,0.034613996174403805,-0.4773286577665026
8320260604010006,久留米競輪,6R,13:16,2-7,2,7,11.5,0.045411058743944424,-0.4777728244446391
6320260603020009,防府競輪,9R,14:57,3-6,3,6,19.6,0.026539559030971365,-0.47982464299296124
8320260604010012,久留米競輪,12R,16:21,2-8,2,8,25.3,0.020396498189164797,-0.48396859581413065
2120260604010005,弥彦競輪,5R,17:26,1-7,1,7,7.5,0.06865330336979994,-0.4851002247265005
4320260604010007,岐阜競輪,7R,10:35,1-3,1,3,5.8,0.08845496898371358,-0.4869611798944613
3520260603020003,平塚競輪,3R,21:37,2-7,2,7,18.7,0.02729584580093175,-0.4895676835225763
4320260604010002,岐阜競輪,2R,08:50,1-5,1,5,6.9,0.07385324783580076,-0.49041258993297476
3520260603020002,平塚競輪,2R,21:13,1-4,1,4,7.9,0.06426490434764247,-0.49230725565362443
2120260604010008,弥彦競輪,8R,18:38,5-7,5,7,18.1,0.027998601612068453,-0.49322531082156096
6320260603020002,防府競輪,2R,11:38,1-5,1,5,4.8,0.10535500815886156,-0.4942959608374645
2120260604010002,弥彦競輪,2R,16:14,1-2,1,2,14.7,0.034310197494362815,-0.4956400968328667
4520260603020007,豊橋競輪,7R,23:30,2-6,2,6,18.0,0.0279011927469887,-0.4977785305542034
2220260603020005,前橋競輪,5R,22:18,1-2,1,2,4.7,0.10671308289478001,-0.49844851039453386
1220260602030010,青森競輪,10R,19:38,3-4,3,4,7.9,0.06343366865124807,-0.4988740176551403
1220260602030006,青森競輪,6R,18:02,2-7,2,7,25.7,0.01944995860343611,-0.500136063891692
2220260603020003,前橋競輪,3R,21:29,1-3,1,3,13.1,0.03812549286076626,-0.500556043523962
2220260603020002,前橋競輪,2R,21:05,2-3,2,3,9.7,0.05148473035960208,-0.50059811551186
8320260604010004,久留米競輪,4R,12:20,5-7,5,7,12.8,0.038989600816291346,-0.5009331095514707
2120260604010003,弥彦競輪,3R,16:38,5-7,5,7,5.7,0.0873683354832048,-0.5020004877457327
3520260603020003,平塚競輪,3R,21:37,2-6,2,6,9.3,0.053493636699248295,-0.5025091786969909
1220260602030011,青森競輪,11R,20:04,1-3,1,3,6.6,0.07516019528720544,-0.5039427111044441
8320260604010012,久留米競輪,12R,16:21,1-5,1,5,5.7,0.0865952538796265,-0.506407052886129
4520260603020004,豊橋競輪,4R,22:09,2-7,2,7,10.5,0.046961775422393486,-0.5069013580648685
1220260602030005,青森競輪,5R,17:38,4-5,4,5,9.3,0.05291849733371043,-0.507857974796493
2220260603020005,前橋競輪,5R,22:18,3-7,3,7,16.5,0.029706983425273552,-0.5098347734829864
3520260603020005,平塚競輪,5R,22:27,4-6,4,6,13.2,0.03705384050248864,-0.5108893053671499
2120260604010007,弥彦競輪,7R,18:14,3-5,3,5,14.3,0.034122001710214664,-0.5120553755439303
4520260603020002,豊橋競輪,2R,21:21,2-5,2,5,8.2,0.05925941683663047,-0.5140727819396302
8320260604010012,久留米競輪,12R,16:21,3-6,3,6,42.9,0.01128447207425012,-0.5158961480146699
2220260603020002,前橋競輪,2R,21:05,4-6,4,6,9.7,0.04987452121605346,-0.5162171442042816
6320260603020008,防府競輪,8R,14:27,2-6,2,6,23.3,0.020747865517610757,-0.5165747334396693
2120260604010009,弥彦競輪,9R,19:02,1-5,1,5,6.0,0.08056660281691075,-0.5166003830985355
8320260604010008,久留米競輪,8R,14:12,3-7,3,7,16.0,0.03013941846036112,-0.5177693046342221
8320260604010004,久留米競輪,4R,12:20,7-9,7,9,28.0,0.017175312949437964,-0.519091237415737
8320260604010004,久留米競輪,4R,12:20,3-9,3,9,17.7,0.02706450406762699,-0.5209582780030022
1220260602030003,青森競輪,3R,16:50,3-4,3,4,13.1,0.03655332842210439,-0.5211513976704325
2120260604010001,弥彦競輪,1R,15:51,1-7,1,7,7.4,0.06457669542895372,-0.5221324538257424
2120260604010002,弥彦競輪,2R,16:14,4-7,4,7,8.9,0.05350019380150199,-0.5238482751666322
3520260603020004,平塚競輪,4R,22:01,1-2,1,2,4.1,0.11508409019314077,-0.5281552302081229
4520260603020004,豊橋競輪,4R,22:09,5-7,5,7,10.5,0.044908957638387655,-0.5284559447969297
4520260603020001,豊橋競輪,1R,20:57,2-6,2,6,7.5,0.06279389509663111,-0.5290457867752667
6320260603020007,防府競輪,7R,13:58,2-3,2,3,16.3,0.028881595272604584,-0.5292299970565453
1220260602030009,青森競輪,9R,19:14,1-5,1,5,13.1,0.03581049275011841,-0.5308825449734489
2120260604010008,弥彦競輪,8R,18:38,1-5,1,5,7.0,0.06688568983226287,-0.5318001711741599
2220260603020002,前橋競輪,2R,21:05,4-5,4,5,9.7,0.048192882504990806,-0.5325290397015892
4320260604010003,岐阜競輪,3R,09:11,2-4,2,4,3.5,0.1329319627407482,-0.5347381304073813
8320260604010003,久留米競輪,3R,11:52,2-7,2,7,10.7,0.04337899665612431,-0.5358447357794699
1220260602030010,青森競輪,10R,19:38,1-3,1,3,13.1,0.03530713315149487,-0.5374765557154172
1220260602030005,青森競輪,5R,17:38,4-7,4,7,5.4,0.08555554118287531,-0.5380000776124734
8320260604010008,久留米競輪,8R,14:12,3-5,3,5,17.2,0.02653278390314949,-0.5436361168658288
1220260602030006,青森競輪,6R,18:02,3-4,3,4,12.0,0.0379181122860163,-0.5449826525678044
2120260604010007,弥彦競輪,7R,18:14,1-5,1,5,3.8,0.11944469895593621,-0.5461101439674425
8320260604010006,久留米競輪,6R,13:16,7-9,7,9,9.7,0.04669340076876948,-0.5470740125429361
8320260604010003,久留米競輪,3R,11:52,1-5,1,5,12.8,0.03534912392864062,-0.5475312137134001
4320260604010004,岐阜競輪,4R,09:32,1-2,1,2,9.7,0.0466278229276915,-0.5477101176013925
2220260603020006,前橋競輪,6R,22:45,1-7,1,7,6.7,0.06742090011642446,-0.548279969219956
1220260602030011,青森競輪,11R,20:04,1-4,1,4,10.2,0.04416981021641117,-0.5494679357926061
3520260603020002,平塚競輪,2R,21:13,1-3,1,3,7.0,0.06433351349706373,-0.5496654055205539
2220260603020007,前橋競輪,7R,23:12,1-5,1,5,9.7,0.04638644363875069,-0.5500514967041183
2120260604010009,弥彦競輪,9R,19:02,3-5,3,5,8.2,0.05481189851894671,-0.550542432144637
3520260603020003,平塚競輪,3R,21:37,5-7,5,7,18.7,0.023902848196268082,-0.5530167387297868
8320260604010005,久留米競輪,5R,12:48,3-5,3,5,26.4,0.016912213653853363,-0.5535175595382713
4520260603020001,豊橋競輪,1R,20:57,1-4,1,4,7.5,0.059497451782368566,-0.5537691116322357
3520260603020004,平塚競輪,4R,22:01,2-6,2,6,16.5,0.02699656426764805,-0.5545566895838072
3520260603020003,平塚競輪,3R,21:37,1-3,1,3,9.3,0.04789389715218795,-0.554586756484652
1220260602030009,青森競輪,9R,19:14,2-7,2,7,5.2,0.08563290548553146,-0.5547088914752364
8320260604010002,久留米競輪,2R,11:24,6-9,6,9,16.2,0.027472087306631907,-0.5549521856325632
1220260602030006,青森競輪,6R,18:02,2-4,2,4,12.8,0.034693018648522714,-0.5559293612989092
3520260603020004,平塚競輪,4R,22:01,4-7,4,7,16.5,0.026902956755963298,-0.5561012135266056
8320260604010001,久留米競輪,1R,10:58,4-7,4,7,23.7,0.018680584551533878,-0.5572701461286471
3520260603020001,平塚競輪,1R,20:49,1-4,1,4,6.4,0.06885798960639145,-0.5593088665190947
4520260603020005,豊橋競輪,5R,22:36,4-5,4,5,11.2,0.039228409870970184,-0.560641809445134
2120260604010009,弥彦競輪,9R,19:02,3-4,3,4,30.9,0.014180849176668599,-0.5618117604409403
4520260603020002,豊橋競輪,2R,21:21,5-6,5,6,8.2,0.0533829756493856,-0.5622595996750381
2120260604010009,弥彦競輪,9R,19:02,2-7,2,7,5.8,0.07543041503565413,-0.562503592793206
3520260603020006,平塚競輪,6R,22:54,1-2,1,2,3.9,0.11193019807887324,-0.5634722274923945
1220260602030010,青森競輪,10R,19:38,2-7,2,7,13.1,0.03323898812057788,-0.5645692556204298
1220260602030009,青森競輪,9R,19:14,3-7,3,7,8.1,0.053669637014470334,-0.5652759401827903
6320260603020002,防府競輪,2R,11:38,3-7,3,7,13.0,0.03332847131704324,-0.5667298728784379
6320260603020002,防府競輪,2R,11:38,1-7,1,7,5.5,0.07872870110308225,-0.5669921439330476
4520260603020002,豊橋競輪,2R,21:21,3-5,3,5,11.0,0.039226673555416876,-0.5685065908904143
4520260603020004,豊橋競輪,4R,22:09,4-7,4,7,26.2,0.01644712866008366,-0.5690852291058082
4520260603020005,豊橋競輪,5R,22:36,2-3,2,3,6.7,0.06430844589118966,-0.5691334125290293
2220260603020003,前橋競輪,3R,21:29,3-5,3,5,26.2,0.016444794367986418,-0.5691463875587559
8320260604010012,久留米競輪,12R,16:21,1-2,1,2,7.5,0.05711617663922962,-0.5716286752057779
1220260602030007,青森競輪,7R,18:26,2-3,2,3,4.5,0.09510438277216962,-0.5720302775252367
8320260604010005,久留米競輪,5R,12:48,1-2,1,2,8.4,0.05073633515849806,-0.5738147846686162
2220260603020002,前橋競輪,2R,21:05,3-4,3,4,9.7,0.043845333754649114,-0.5747002625799036
4520260603020003,豊橋競輪,3R,21:45,1-5,1,5,6.5,0.06536526708637698,-0.5751257639385496
1220260602030009,青森競輪,9R,19:14,2-4,2,4,6.4,0.06588646831126688,-0.5783266028078919
2120260604010010,弥彦競輪,10R,19:26,1-3,1,3,4.5,0.09285435153323637,-0.5821554181004363
4520260603020001,豊橋競輪,1R,20:57,2-4,2,4,7.5,0.055613891554776876,-0.5828958133391735
8320260604010012,久留米競輪,12R,16:21,2-5,2,5,8.7,0.047491305858857774,-0.5868256390279374
1220260602030007,青森競輪,7R,18:26,1-4,1,4,19.0,0.02167895546475374,-0.5880998461696789
1220260602030005,青森競輪,5R,17:38,2-7,2,7,5.0,0.08235952107552719,-0.588202394622364
2220260603020007,前橋競輪,7R,23:12,2-3,2,3,5.8,0.07057766027731524,-0.5906495703915716
6320260603020002,防府競輪,2R,11:38,2-5,2,5,7.3,0.05561213489957933,-0.5940314152330709
2220260603020006,前橋競輪,6R,22:45,6-7,6,7,6.7,0.06058584098752317,-0.5940748653835948
1220260602030008,青森競輪,8R,18:50,1-5,1,5,5.9,0.06849355292681517,-0.5958880377317906
1220260602030004,青森競輪,4R,17:14,2-5,2,5,5.1,0.07902877328642852,-0.5969532562392146
2120260604010001,弥彦競輪,1R,15:51,1-3,1,3,5.0,0.08048602410868139,-0.5975698794565931
3520260603020004,平塚競輪,4R,22:01,1-4,1,4,4.1,0.09727530571979581,-0.6011712465488372
8320260604010007,久留米競輪,7R,13:44,3-9,3,9,15.5,0.02559400389317008,-0.6032929396558637
4320260604010003,岐阜競輪,3R,09:11,2-5,2,5,5.4,0.07345795395142055,-0.603327048662329
2220260603020006,前橋競輪,6R,22:45,1-4,1,4,6.7,0.05917417774092872,-0.6035330091357776
2120260604010010,弥彦競輪,10R,19:26,3-7,3,7,11.6,0.03417398601699109,-0.6035817622029034
8320260604010007,久留米競輪,7R,13:44,1-2,1,2,11.4,0.03471886551487506,-0.6042049331304242
1220260602030008,青森競輪,8R,18:50,1-7,1,7,9.3,0.04231543152350903,-0.6064664868313661
1220260602030003,青森競輪,3R,16:50,4-5,4,5,5.9,0.06622346037758044,-0.6092815837722754
2120260604010006,弥彦競輪,6R,17:50,3-4,3,4,11.2,0.034570498485374475,-0.6128104169638059
8320260604010012,久留米競輪,12R,16:21,2-7,2,7,12.6,0.03068569868317593,-0.6133601965919833
6320260603020009,防府競輪,9R,14:57,1-3,1,3,12.9,0.029939498562346862,-0.6137804685457255
1220260602030001,青森競輪,1R,16:06,1-7,1,7,5.9,0.06510829655541159,-0.6158610503230716
3520260603020006,平塚競輪,6R,22:54,5-7,5,7,31.5,0.012078458592919013,-0.6195285543230511
2120260604010006,弥彦競輪,6R,17:50,1-5,1,5,2.6,0.14614430437284737,-0.6200248086305968
4520260603020001,豊橋競輪,1R,20:57,1-2,1,2,4.2,0.09039302267795835,-0.620349304752575
1220260602030008,青森競輪,8R,18:50,3-4,3,4,17.3,0.02187842330328526,-0.621503276853165
2120260604010012,弥彦競輪,12R,20:17,3-4,3,4,7.6,0.04978371224690143,-0.6216437869235492
1220260602030005,青森競輪,5R,17:38,3-7,3,7,7.3,0.050949544188240395,-0.6280683274258452
3520260603020003,平塚競輪,3R,21:37,1-2,1,2,4.6,0.0806738443293056,-0.6289003160851943
6320260603020001,防府競輪,1R,11:11,1-2,1,2,3.3,0.11229171142410985,-0.6294373523004375
2220260603020006,前橋競輪,6R,22:45,2-5,2,5,13.5,0.02740338620683475,-0.630054286207731
2120260604010010,弥彦競輪,10R,19:26,1-7,1,7,32.6,0.011327643356329178,-0.6307188265836687
4520260603020001,豊橋競輪,1R,20:57,1-3,1,3,7.5,0.04913299978441557,-0.6315025016168831
2220260603020007,前橋競輪,7R,23:12,1-3,1,3,5.8,0.06313256692865404,-0.6338311118138066
4520260603020002,豊橋競輪,2R,21:21,4-6,4,6,11.0,0.03320548938948126,-0.6347396167157062
6320260603020003,防府競輪,3R,12:06,1-4,1,4,4.3,0.08485752637276966,-0.6351126365970905
4520260603020003,豊橋競輪,3R,21:45,3-5,3,5,8.7,0.04192468974613049,-0.6352551992086648
2120260604010011,弥彦競輪,11R,19:51,1-7,1,7,7.6,0.0474925484388916,-0.6390566318644239
6320260603020006,防府競輪,6R,13:30,1-5,1,5,16.3,0.02207949291557429,-0.6401042654761391
2120260604010010,弥彦競輪,10R,19:26,3-4,3,4,4.5,0.07955206999144551,-0.6420156850384953
2120260604010009,弥彦競輪,9R,19:02,1-3,1,3,13.0,0.0274324531340255,-0.6433781092576685
2220260603020004,前橋競輪,4R,21:53,2-6,2,6,8.2,0.0433744628709306,-0.6443294044583692
2120260604010009,弥彦競輪,9R,19:02,4-5,4,5,7.5,0.04730537315633258,-0.6452097013275057
6320260603020008,防府競輪,8R,14:27,3-4,3,4,5.2,0.06820995561289803,-0.6453082308129303
2120260604010005,弥彦競輪,5R,17:26,4-7,4,7,3.4,0.10429837941016114,-0.6453855100054522
1220260602030006,青森競輪,6R,18:02,1-5,1,5,3.2,0.11052672881900324,-0.6463144677791897
4520260603020007,豊橋競輪,7R,23:30,1-7,1,7,4.5,0.07730408078436708,-0.6521316364703481
6320260603020009,防府競輪,9R,14:57,3-4,3,4,11.1,0.0309361277070192,-0.6566089824520869
6320260603020008,防府競輪,8R,14:27,2-3,2,3,5.6,0.061230352218158146,-0.6571100275783144
8320260604010006,久留米競輪,6R,13:16,1-5,1,5,11.3,0.03033316631193307,-0.6572352206751563
3520260603020007,平塚競輪,7R,23:21,1-6,1,6,5.4,0.06316535428288417,-0.6589070868724255
8320260604010007,久留米競輪,7R,13:44,2-5,2,5,7.2,0.047297375352434695,-0.6594588974624702
8320260604010008,久留米競輪,8R,14:12,7-9,7,9,12.8,0.02655403625397633,-0.6601083359491029
8320260604010002,久留米競輪,2R,11:24,3-6,3,6,8.2,0.04109707726022854,-0.663003966466126
2120260604010009,弥彦競輪,9R,19:02,2-3,2,3,12.3,0.027329321371517605,-0.6638493471303335
4520260603020003,豊橋競輪,3R,21:45,4-5,4,5,8.7,0.03860995980901208,-0.664093349661595
8320260604010004,久留米競輪,4R,12:20,1-5,1,5,4.3,0.07728798214323487,-0.66766167678409
1220260602030007,青森競輪,7R,18:26,2-7,2,7,3.9,0.08508748880195356,-0.6681587936723812
3520260603020004,平塚競輪,4R,22:01,3-7,3,7,16.5,0.02001551885721136,-0.6697439388560126
2220260603020001,前橋競輪,1R,20:41,2-4,2,4,5.6,0.058939386300660784,-0.6699394367162996
2220260603020001,前橋競輪,1R,20:41,2-3,2,3,7.2,0.04577832475151489,-0.6703960617890927
2120260604010010,弥彦競輪,10R,19:26,2-7,2,7,25.0,0.012724257732279223,-0.6818935566930194
2120260604010007,弥彦競輪,7R,18:14,2-4,2,4,5.5,0.057681830940009546,-0.6827499298299475
1220260602030001,青森競輪,1R,16:06,1-5,1,5,2.8,0.11291595133583088,-0.6838353362596736
2220260603020002,前橋競輪,2R,21:05,5-6,5,6,9.7,0.03255787776957547,-0.684188585635118
2120260604010012,弥彦競輪,12R,20:17,1-4,1,4,3.7,0.08519444168482301,-0.6847805657661548
8320260604010002,久留米競輪,2R,11:24,3-9,3,9,6.1,0.051630131427473906,-0.6850561982924093
2220260603020004,前橋競輪,4R,21:53,1-2,1,2,4.1,0.07671392342593918,-0.6854729139536494
6320260603020008,防府競輪,8R,14:27,3-5,3,5,3.6,0.08724029126943822,-0.6859349514300224
1220260602030002,青森競輪,2R,16:28,1-7,1,7,5.6,0.055800028542358424,-0.6875198401627929
2220260603020006,前橋競輪,6R,22:45,1-5,1,5,13.5,0.023090054459636602,-0.6882842647949059
4320260604010004,岐阜競輪,4R,09:32,2-4,2,4,9.5,0.03257062771461375,-0.6905790367111694
1220260602030003,青森競輪,3R,16:50,3-5,3,5,4.0,0.07710957173928615,-0.6915617130428554
6320260603020010,防府競輪,10R,15:28,4-5,4,5,10.6,0.02852194136221912,-0.6976674215604773
8320260604010008,久留米競輪,8R,14:12,2-7,2,7,3.9,0.07721893967931433,-0.6988461352506741
2120260604010001,弥彦競輪,1R,15:51,1-4,1,4,4.1,0.07308276071873777,-0.7003606810531752
1220260602030012,青森競輪,12R,20:30,4-6,4,6,16.7,0.017838829417504865,-0.7020915487276688
4320260604010003,岐阜競輪,3R,09:11,1-4,1,4,3.9,0.07588068808935648,-0.7040653164515097
4320260604010003,岐阜競輪,3R,09:11,3-5,3,5,20.2,0.014629288210078271,-0.7044883781564188
6320260603020011,防府競輪,11R,15:59,2-5,2,5,5.1,0.0575242103420533,-0.7066265272555281
3520260603020003,平塚競輪,3R,21:37,2-3,2,3,4.6,0.0635938154026496,-0.7074684491478118
8320260604010003,久留米競輪,3R,11:52,2-6,2,6,15.1,0.019167031220400862,-0.7105778285719471
2120260604010005,弥彦競輪,5R,17:26,1-5,1,5,9.7,0.02979105483479411,-0.7110267681024971
8320260604010010,久留米競輪,10R,15:12,1-7,1,7,11.1,0.025617044000355485,-0.7156508115960541
2220260603020004,前橋競輪,4R,21:53,1-4,1,4,2.7,0.1043524819527046,-0.7182482987276975
4520260603020001,豊橋競輪,1R,20:57,5-6,5,6,6.0,0.046844424508106025,-0.7189334529513638
4520260603020002,豊橋競輪,2R,21:21,4-5,4,5,11.0,0.025139373813299167,-0.7234668880537092
3520260603020002,平塚競輪,2R,21:13,2-3,2,3,4.5,0.061023715413900434,-0.7253932806374481
2120260604010012,弥彦競輪,12R,20:17,4-5,4,5,3.7,0.07290782725149908,-0.7302410391694534
1220260602030002,青森競輪,2R,16:28,3-7,3,7,2.6,0.10160586333071242,-0.7358247553401477
8320260604010002,久留米競輪,2R,11:24,2-5,2,5,7.3,0.03555476619839899,-0.7404502067516874
8320260604010005,久留米競輪,5R,12:48,2-7,2,7,5.3,0.04894244270237545,-0.74060505367741
1220260602030008,青森競輪,8R,18:50,2-7,2,7,3.6,0.07179954022213081,-0.7415216552003291
2120260604010012,弥彦競輪,12R,20:17,1-3,1,3,14.8,0.017459759641635576,-0.7415955573037935
8320260604010008,久留米競輪,8R,14:12,2-9,2,9,7.4,0.03490670756342623,-0.7416903640306458
3520260603020003,平塚競輪,3R,21:37,3-6,3,6,9.3,0.02775048366614026,-0.7419205019048956
1220260602030001,青森競輪,1R,16:06,2-5,2,5,3.5,0.07362104598490053,-0.7423263390528481
2120260604010002,弥彦競輪,2R,16:14,2-7,2,7,3.7,0.06943518107676397,-0.7430898300159733
8320260604010006,久留米競輪,6R,13:16,3-7,3,7,3.1,0.08192190088086718,-0.7460421072693117
6320260603020005,防府競輪,5R,13:02,1-7,1,7,5.3,0.047548156689373906,-0.7479947695463183
4520260603020003,豊橋競輪,3R,21:45,2-5,2,5,4.3,0.05845531194494667,-0.7486421586367293
8320260604010012,久留米競輪,12R,16:21,5-8,5,8,7.4,0.033679618042078946,-0.7507708264886158
4320260604010002,岐阜競輪,2R,08:50,1-6,1,6,2.6,0.09507041176947913,-0.7528169293993543
3520260603020003,平塚競輪,3R,21:37,3-7,3,7,18.7,0.013122186749956917,-0.7546151077758056
2120260604010008,弥彦競輪,8R,18:38,2-7,2,7,10.3,0.023611245558069337,-0.7568041707518858
8320260604010007,久留米競輪,7R,13:44,2-7,2,7,11.3,0.021356346510328326,-0.75867328443329
2120260604010008,弥彦競輪,8R,18:38,1-4,1,4,2.1,0.11486809209497564,-0.7587770066005511
1220260602030011,青森競輪,11R,20:04,1-7,1,7,3.4,0.0685224354818989,-0.7670237193615437
8320260604010001,久留米競輪,1R,10:58,3-9,3,9,11.4,0.020001806787740765,-0.7719794026197553
1220260602030012,青森競輪,12R,20:30,3-4,3,4,10.4,0.021448680366734772,-0.7769337241859584
6320260603020002,防府競輪,2R,11:38,1-4,1,4,2.9,0.076575346915567,-0.7779314939448557
2220260603020006,前橋競輪,6R,22:45,4-7,4,7,3.3,0.06649378013806853,-0.7805705255443739
2220260603020007,前橋競輪,7R,23:12,1-2,1,2,1.9,0.11525609983317153,-0.7810134103169741
1220260602030003,青森競輪,3R,16:50,1-5,1,5,2.0,0.10815826780690814,-0.7836834643861837
3520260603020004,平塚競輪,4R,22:01,5-7,5,7,8.2,0.026083843195342116,-0.7861124857981947
4520260603020002,豊橋競輪,2R,21:21,5-7,5,7,6.6,0.031323992889996335,-0.7932616469260242
4520260603020001,豊橋競輪,1R,20:57,2-3,2,3,4.2,0.047040984186811005,-0.8024278664153938
6320260603020010,防府競輪,10R,15:28,1-5,1,5,2.9,0.06785504301945032,-0.803220375243594
1220260602030011,青森競輪,11R,20:04,1-5,1,5,10.0,0.01960912089768721,-0.803908791023128
1220260602030012,青森競輪,12R,20:30,2-7,2,7,2.8,0.0698235683022389,-0.8044940087537311
3520260603020007,平塚競輪,7R,23:21,1-3,1,3,1.5,0.12819917542413942,-0.8077012368637908
2120260604010001,弥彦競輪,1R,15:51,3-7,3,7,3.1,0.061292038382453624,-0.8099946810143938
2220260603020004,前橋競輪,4R,21:53,1-5,1,5,8.2,0.02310712559139834,-0.8105215701505336
6320260603020006,防府競輪,6R,13:30,5-6,5,6,6.0,0.031568123545715504,-0.8105912587257069
6320260603020003,防府競輪,3R,12:06,2-7,2,7,2.2,0.085131095343424,-0.8127115902444672
4520260603020004,豊橋競輪,4R,22:09,1-5,1,5,2.1,0.08811105671160968,-0.8149667809056197
2220260603020003,前橋競輪,3R,21:29,4-6,4,6,3.7,0.04929595595176709,-0.8176049629784617
8320260604010002,久留米競輪,2R,11:24,2-6,2,6,5.7,0.03198941344829164,-0.8176603433447376
4520260603020003,豊橋競輪,3R,21:45,4-6,4,6,8.7,0.020692083100541207,-0.8199788770252915
6320260603020007,防府競輪,7R,13:58,1-3,1,3,4.2,0.04277522755260128,-0.8203440442790746
4520260603020007,豊橋競輪,7R,23:30,1-2,1,2,1.8,0.09968403746865784,-0.8205687325564159
4320260604010005,岐阜競輪,5R,09:53,5-7,5,7,1.3,0.13624749538865033,-0.8228782559947545
8320260604010004,久留米競輪,4R,12:20,2-9,2,9,15.1,0.011696669464134085,-0.8233802910915753
1220260602030010,青森競輪,10R,19:38,1-5,1,5,2.8,0.0625890255423394,-0.8247507284814497
2220260603020001,前橋競輪,1R,20:41,1-2,1,2,1.8,0.09490839246771576,-0.8291648935581116
2120260604010011,弥彦競輪,11R,19:51,4-7,4,7,1.4,0.1196096885144641,-0.8325464360797503
6320260603020011,防府競輪,11R,15:59,1-5,1,5,1.3,0.12791960387818743,-0.8337045149583563
8320260604010006,久留米競輪,6R,13:16,2-9,2,9,6.0,0.027664870053911425,-0.8340107796765315
6320260603020009,防府競輪,9R,14:57,2-3,2,3,2.4,0.0684647605209348,-0.8356845747497565
8320260604010005,久留米競輪,5R,12:48,1-9,1,9,2.3,0.06955560847756626,-0.8400221005015976
6320260603020006,防府競輪,6R,13:30,2-5,2,5,3.8,0.04168720276479755,-0.8415886294937693
8320260604010012,久留米競輪,12R,16:21,2-4,2,4,7.9,0.01928478914697926,-0.8476501657388639
4320260604010002,岐阜競輪,2R,08:50,1-4,1,4,1.7,0.08945308394649923,-0.8479297572909513
1220260602030004,青森競輪,4R,17:14,1-4,1,4,3.2,0.04679256788078676,-0.8502637827814823
3520260603020005,平塚競輪,5R,22:27,1-2,1,2,1.5,0.09966255924278183,-0.8505061611358272
6320260603020005,防府競輪,5R,13:02,3-5,3,5,1.6,0.09309003693453198,-0.8510559409047488
6320260603020004,防府競輪,4R,12:34,2-7,2,7,1.3,0.11328972423802813,-0.8527233584905634
4520260603020003,豊橋競輪,3R,21:45,5-7,5,7,8.7,0.016784393891298356,-0.8539757731457043
2220260603020002,前橋競輪,2R,21:05,3-5,3,5,4.8,0.02991743828016019,-0.8563962962552311
4320260604010006,岐阜競輪,6R,10:14,1-4,1,4,1.1,0.12927425353991762,-0.8577983211060907
4320260604010004,岐阜競輪,4R,09:32,2-5,2,5,1.5,0.09451665596907664,-0.858225016046385
8320260604010007,久留米競輪,7R,13:44,1-5,1,5,1.7,0.08303166355290412,-0.858846171960063
2120260604010002,弥彦競輪,2R,16:14,1-7,1,7,1.8,0.07809160919814795,-0.8594351034433336
4520260603020003,豊橋競輪,3R,21:45,5-6,5,6,8.7,0.016037259239027126,-0.860475844620464
3520260603020006,平塚競輪,6R,22:54,1-4,1,4,1.3,0.10579537829618793,-0.8624660082149557
8320260604010008,久留米競輪,8R,14:12,1-7,1,7,3.0,0.04566110370096672,-0.8630166888970998
3520260603020004,平塚競輪,4R,22:01,6-7,6,7,16.5,0.008278326921833131,-0.8634076057897533
6320260603020001,防府競輪,1R,11:11,1-7,1,7,1.6,0.08462786182670079,-0.8645954210772787
4320260604010007,岐阜競輪,7R,10:35,1-5,1,5,1.0,0.13401167858789884,-0.8659883214121011
2120260604010003,弥彦競輪,3R,16:38,2-5,2,5,1.0,0.12810784459721303,-0.871892155402787
8320260604010001,久留米競輪,1R,10:58,1-5,1,5,1.4,0.08826897032214502,-0.876423441548997
4320260604010001,岐阜競輪,1R,08:30,2-7,2,7,1.4,0.08736182753987613,-0.8776934414441734
3520260603020002,平塚競輪,2R,21:13,1-2,1,2,1.5,0.08084440481825841,-0.8787333927726124
8320260604010010,久留米競輪,10R,15:12,2-5,2,5,1.4,0.08572214639544928,-0.8799889950463711
3520260603020001,平塚競輪,1R,20:49,1-2,1,2,1.5,0.07928396399939255,-0.8810740540009112
8320260604010004,久留米競輪,4R,12:20,3-7,3,7,2.6,0.04497897550293717,-0.8830546636923634
8320260604010003,久留米競輪,3R,11:52,7-9,7,9,1.7,0.06794847209534811,-0.8844875974379082
8320260604010011,久留米競輪,11R,15:44,2-7,2,7,1.3,0.08577112499909596,-0.8884975375011752
8320260604010002,久留米競輪,2R,11:24,1-6,1,6,4.5,0.024563369490559987,-0.88946483729248
8320260604010009,久留米競輪,9R,14:42,1-9,1,9,1.1,0.09986025655732206,-0.8901537177869457
2120260604010004,弥彦競輪,4R,17:02,3-5,3,5,1.0,0.1071643918738766,-0.8928356081261234
4520260603020005,豊橋競輪,5R,22:36,2-5,2,5,1.6,0.062217867419949224,-0.9004514121280812
4520260603020006,豊橋競輪,6R,23:03,1-3,1,3,1.3,0.07514617110967599,-0.9023099775574213
2220260603020004,前橋競輪,4R,21:53,2-3,2,3,4.1,0.02371384225135364,-0.90277324676945
2220260603020005,前橋競輪,5R,22:18,1-4,1,4,1.3,0.060123690642125915,-0.9218392021652363
6320260603020006,防府競輪,6R,13:30,4-5,4,5,1.5,0.05119689669338053,-0.9232046549599292
6320260603020010,防府競輪,10R,15:28,2-5,2,5,1.5,0.047836430819091426,-0.9282453537713629
6320260603020009,防府競輪,9R,14:57,3-5,3,5,2.1,0.0323262161413589,-0.9321149461031463
6320260603020007,防府競輪,7R,13:58,3-7,3,7,1.2,0.05247773205822708,-0.9370267215301276
